ISO-10303-21;
HEADER;
FILE_DESCRIPTION(('FreeCAD Model'),'2;1');
FILE_NAME('Open CASCADE Shape Model','2026-10-01T05:51:38',('FreeCAD'),(
    'FreeCAD'),'Open CASCADE STEP processor 7.9','FreeCAD','Unknown');
FILE_SCHEMA(('AUTOMOTIVE_DESIGN { 1 0 10303 214 1 1 1 1 }'));
ENDSEC;
DATA;
#1 = APPLICATION_PROTOCOL_DEFINITION('international standard',
  'automotive_design',2000,#2);
#2 = APPLICATION_CONTEXT(
  'core data for automotive mechanical design processes');
#3 = SHAPE_DEFINITION_REPRESENTATION(#4,#10);
#4 = PRODUCT_DEFINITION_SHAPE('','',#5);
#5 = PRODUCT_DEFINITION('design','',#6,#9);
#6 = PRODUCT_DEFINITION_FORMATION('','',#7);
#7 = PRODUCT('Open CASCADE STEP translator 7.9 2',
  'Open CASCADE STEP translator 7.9 2','',(#8));
#8 = PRODUCT_CONTEXT('',#2,'mechanical');
#9 = PRODUCT_DEFINITION_CONTEXT('part definition',#2,'design');
#10 = ADVANCED_BREP_SHAPE_REPRESENTATION('',(#11,#15),#17634);
#11 = AXIS2_PLACEMENT_3D('',#12,#13,#14);
#12 = CARTESIAN_POINT('',(0.,0.,0.));
#13 = DIRECTION('',(0.,0.,1.));
#14 = DIRECTION('',(1.,0.,-0.));
#15 = MANIFOLD_SOLID_BREP('',#16);
#16 = CLOSED_SHELL('',(#17,#89,#120,#3084,#3174,#3212,#3224,#3248,#3297,
    #3328,#3353,#3377,#3402,#3426,#3450,#3475,#3500,#3517,#3542,#3573,
    #3597,#3621,#3645,#3669,#3686,#3717,#3741,#3765,#3789,#3813,#3830,
    #3861,#3885,#3909,#3933,#3957,#3974,#3999,#4030,#4054,#4078,#4102,
    #4126,#4143,#4174,#4198,#4222,#4246,#4270,#4287,#4318,#4342,#4366,
    #4390,#4414,#4431,#4462,#4486,#4510,#4534,#4558,#4575,#4606,#4630,
    #4654,#4678,#4702,#4719,#4750,#4774,#4798,#4822,#4846,#4863,#4894,
    #4918,#4942,#4966,#4990,#5007,#5038,#5062,#5086,#5110,#5134,#5151,
    #5182,#5206,#5230,#5254,#5278,#5295,#5326,#5350,#5374,#5398,#5422,
    #5439,#5470,#5494,#5518,#5542,#5566,#5583,#5614,#5638,#5662,#5686,
    #5710,#5727,#5758,#5782,#5806,#5830,#5854,#5871,#5902,#5926,#5950,
    #5974,#5998,#6015,#6046,#6070,#6094,#6111,#6142,#6166,#6190,#6214,
    #6238,#6255,#6286,#6310,#6334,#6358,#6382,#6399,#6430,#6454,#6478,
    #6502,#6526,#6543,#6574,#6598,#6622,#6646,#6670,#6687,#6718,#6742,
    #6766,#6790,#6814,#6831,#6856,#6887,#6911,#6935,#6959,#6983,#7000,
    #7031,#7055,#7079,#7103,#7127,#7144,#7175,#7199,#7223,#7247,#7271,
    #7288,#7319,#7343,#7367,#7391,#7415,#7432,#7463,#7487,#7511,#7535,
    #7559,#7576,#7607,#7631,#7655,#7679,#7703,#7720,#7751,#7775,#7799,
    #7823,#7847,#7864,#7895,#7919,#7943,#7967,#7991,#8008,#8039,#8063,
    #8087,#8111,#8135,#8152,#8183,#8207,#8231,#8255,#8279,#8296,#8327,
    #8351,#8375,#8399,#8423,#8440,#8471,#8495,#8519,#8543,#8567,#8584,
    #8615,#8639,#8663,#8687,#8711,#8728,#8759,#8783,#8807,#8831,#8855,
    #8872,#8903,#8927,#8951,#8975,#8999,#9016,#9047,#9071,#9095,#9119,
    #9143,#9160,#9191,#9215,#9239,#9263,#9287,#9304,#9335,#9359,#9383,
    #9407,#9431,#9448,#9479,#9503,#9527,#9551,#9575,#9592,#9623,#9647,
    #9671,#9695,#9719,#9736,#9767,#9791,#9815,#9839,#9863,#9880,#9911,
    #9935,#9959,#9983,#10007,#10024,#10055,#10079,#10103,#10127,#10151,
    #10168,#10199,#10223,#10247,#10271,#10295,#10312,#10343,#10367,
    #10391,#10415,#10439,#10456,#10487,#10511,#10535,#10559,#10583,
    #10600,#10631,#10655,#10679,#10703,#10727,#10744,#10775,#10799,
    #10823,#10847,#10871,#10888,#10919,#10943,#10967,#10991,#11015,
    #11032,#11063,#11087,#11111,#11135,#11159,#11176,#11207,#11231,
    #11255,#11279,#11303,#11320,#11351,#11375,#11399,#11423,#11447,
    #11464,#11495,#11519,#11543,#11567,#11591,#11608,#11633,#11664,
    #11688,#11712,#11729,#11753,#11800,#11824,#11848,#11872,#11912,
    #11936,#12024,#12041,#12092,#12111,#12123,#12174,#12678,#12713,
    #12753,#12861,#12894,#12934,#12958,#12991,#13031,#13055,#13088,
    #13119,#13159,#13183,#13216,#13295,#13353,#13432,#13465,#13496,
    #13586,#13936,#13953,#13970,#13987,#13999,#14011,#14023,#14045,
    #14062,#14079,#14091,#14103,#14115,#14287,#14304,#14321,#14345,
    #14369,#14386,#14417,#14434,#14456,#14489,#14513,#14539,#14551,
    #14568,#14599,#14616,#14633,#14709,#14733,#14757,#14788,#14812,
    #14836,#14867,#14891,#14915,#14932,#14963,#14987,#15011,#15131,
    #15155,#15179,#15203,#15235,#15259,#15297,#15321,#15400,#15423,
    #15445,#15463,#15487,#15525,#15549,#15574,#15605,#15629,#15653,
    #15670,#15725,#15749,#15797,#15852,#15876,#15924,#15970,#16016,
    #16069,#16086,#16103,#16120,#16132,#16149,#16166,#16183,#16200,
    #16212,#16224,#16236,#16256,#16274,#16291,#16308,#16325,#16338,
    #16361,#16374,#16386,#16404,#16416,#16428,#16440,#16457,#16576,
    #16593,#16605,#16622,#16741,#16758,#16770,#16801,#16825,#16849,
    #16866,#16897,#16921,#16945,#16962,#16993,#17017,#17041,#17058,
    #17089,#17113,#17137,#17154,#17185,#17209,#17233,#17250,#17281,
    #17305,#17329,#17346,#17377,#17401,#17425,#17442,#17473,#17497,
    #17521,#17538,#17550,#17562,#17574,#17586,#17598,#17610,#17622));
#17 = ADVANCED_FACE('',(#18),#84,.F.);
#18 = FACE_BOUND('',#19,.F.);
#19 = EDGE_LOOP('',(#20,#30,#38,#46,#54,#62,#70,#78));
#20 = ORIENTED_EDGE('',*,*,#21,.F.);
#21 = EDGE_CURVE('',#22,#24,#26,.T.);
#22 = VERTEX_POINT('',#23);
#23 = CARTESIAN_POINT('',(0.,0.,138.));
#24 = VERTEX_POINT('',#25);
#25 = CARTESIAN_POINT('',(0.,0.,215.));
#26 = LINE('',#27,#28);
#27 = CARTESIAN_POINT('',(0.,0.,138.));
#28 = VECTOR('',#29,1.);
#29 = DIRECTION('',(0.,0.,1.));
#30 = ORIENTED_EDGE('',*,*,#31,.T.);
#31 = EDGE_CURVE('',#22,#32,#34,.T.);
#32 = VERTEX_POINT('',#33);
#33 = CARTESIAN_POINT('',(0.,94.5,138.));
#34 = LINE('',#35,#36);
#35 = CARTESIAN_POINT('',(0.,0.,138.));
#36 = VECTOR('',#37,1.);
#37 = DIRECTION('',(-0.,1.,0.));
#38 = ORIENTED_EDGE('',*,*,#39,.T.);
#39 = EDGE_CURVE('',#32,#40,#42,.T.);
#40 = VERTEX_POINT('',#41);
#41 = CARTESIAN_POINT('',(0.,94.5,142.));
#42 = LINE('',#43,#44);
#43 = CARTESIAN_POINT('',(0.,94.5,138.));
#44 = VECTOR('',#45,1.);
#45 = DIRECTION('',(0.,0.,1.));
#46 = ORIENTED_EDGE('',*,*,#47,.T.);
#47 = EDGE_CURVE('',#40,#48,#50,.T.);
#48 = VERTEX_POINT('',#49);
#49 = CARTESIAN_POINT('',(0.,105.5,142.));
#50 = LINE('',#51,#52);
#51 = CARTESIAN_POINT('',(0.,94.5,142.));
#52 = VECTOR('',#53,1.);
#53 = DIRECTION('',(0.,1.,0.));
#54 = ORIENTED_EDGE('',*,*,#55,.F.);
#55 = EDGE_CURVE('',#56,#48,#58,.T.);
#56 = VERTEX_POINT('',#57);
#57 = CARTESIAN_POINT('',(0.,105.5,138.));
#58 = LINE('',#59,#60);
#59 = CARTESIAN_POINT('',(0.,105.5,138.));
#60 = VECTOR('',#61,1.);
#61 = DIRECTION('',(0.,0.,1.));
#62 = ORIENTED_EDGE('',*,*,#63,.T.);
#63 = EDGE_CURVE('',#56,#64,#66,.T.);
#64 = VERTEX_POINT('',#65);
#65 = CARTESIAN_POINT('',(0.,151.5,138.));
#66 = LINE('',#67,#68);
#67 = CARTESIAN_POINT('',(0.,0.,138.));
#68 = VECTOR('',#69,1.);
#69 = DIRECTION('',(-0.,1.,0.));
#70 = ORIENTED_EDGE('',*,*,#71,.T.);
#71 = EDGE_CURVE('',#64,#72,#74,.T.);
#72 = VERTEX_POINT('',#73);
#73 = CARTESIAN_POINT('',(0.,151.5,215.));
#74 = LINE('',#75,#76);
#75 = CARTESIAN_POINT('',(0.,151.5,138.));
#76 = VECTOR('',#77,1.);
#77 = DIRECTION('',(0.,0.,1.));
#78 = ORIENTED_EDGE('',*,*,#79,.F.);
#79 = EDGE_CURVE('',#24,#72,#80,.T.);
#80 = LINE('',#81,#82);
#81 = CARTESIAN_POINT('',(0.,0.,215.));
#82 = VECTOR('',#83,1.);
#83 = DIRECTION('',(-0.,1.,0.));
#84 = PLANE('',#85);
#85 = AXIS2_PLACEMENT_3D('',#86,#87,#88);
#86 = CARTESIAN_POINT('',(0.,0.,138.));
#87 = DIRECTION('',(1.,0.,-0.));
#88 = DIRECTION('',(0.,0.,1.));
#89 = ADVANCED_FACE('',(#90),#115,.F.);
#90 = FACE_BOUND('',#91,.F.);
#91 = EDGE_LOOP('',(#92,#100,#101,#109));
#92 = ORIENTED_EDGE('',*,*,#93,.F.);
#93 = EDGE_CURVE('',#22,#94,#96,.T.);
#94 = VERTEX_POINT('',#95);
#95 = CARTESIAN_POINT('',(186.,0.,138.));
#96 = LINE('',#97,#98);
#97 = CARTESIAN_POINT('',(0.,0.,138.));
#98 = VECTOR('',#99,1.);
#99 = DIRECTION('',(1.,0.,-0.));
#100 = ORIENTED_EDGE('',*,*,#21,.T.);
#101 = ORIENTED_EDGE('',*,*,#102,.T.);
#102 = EDGE_CURVE('',#24,#103,#105,.T.);
#103 = VERTEX_POINT('',#104);
#104 = CARTESIAN_POINT('',(186.,0.,215.));
#105 = LINE('',#106,#107);
#106 = CARTESIAN_POINT('',(0.,0.,215.));
#107 = VECTOR('',#108,1.);
#108 = DIRECTION('',(1.,0.,-0.));
#109 = ORIENTED_EDGE('',*,*,#110,.F.);
#110 = EDGE_CURVE('',#94,#103,#111,.T.);
#111 = LINE('',#112,#113);
#112 = CARTESIAN_POINT('',(186.,0.,138.));
#113 = VECTOR('',#114,1.);
#114 = DIRECTION('',(0.,0.,1.));
#115 = PLANE('',#116);
#116 = AXIS2_PLACEMENT_3D('',#117,#118,#119);
#117 = CARTESIAN_POINT('',(0.,0.,138.));
#118 = DIRECTION('',(-0.,1.,0.));
#119 = DIRECTION('',(0.,0.,1.));
#120 = ADVANCED_FACE('',(#121,#139,#217,#228,#278,#328,#378,#389,#439,
    #489,#539,#589,#639,#689,#739,#789,#839,#889,#939,#989,#1039,#1089,
    #1123,#1173,#1223,#1273,#1323,#1373,#1384,#1434,#1484,#1534,#1584,
    #1634,#1684,#1734,#1784,#1834,#1884,#1934,#1984,#2034,#2084,#2134,
    #2184,#2234,#2284,#2334,#2384,#2434,#2484,#2534,#2584,#2634,#2684,
    #2734,#2784,#2834,#2884,#2934,#2984,#3034,#3045),#3079,.T.);
#121 = FACE_BOUND('',#122,.T.);
#122 = EDGE_LOOP('',(#123,#124,#125,#133));
#123 = ORIENTED_EDGE('',*,*,#79,.F.);
#124 = ORIENTED_EDGE('',*,*,#102,.T.);
#125 = ORIENTED_EDGE('',*,*,#126,.T.);
#126 = EDGE_CURVE('',#103,#127,#129,.T.);
#127 = VERTEX_POINT('',#128);
#128 = CARTESIAN_POINT('',(186.,151.5,215.));
#129 = LINE('',#130,#131);
#130 = CARTESIAN_POINT('',(186.,0.,215.));
#131 = VECTOR('',#132,1.);
#132 = DIRECTION('',(-0.,1.,0.));
#133 = ORIENTED_EDGE('',*,*,#134,.F.);
#134 = EDGE_CURVE('',#72,#127,#135,.T.);
#135 = LINE('',#136,#137);
#136 = CARTESIAN_POINT('',(0.,151.5,215.));
#137 = VECTOR('',#138,1.);
#138 = DIRECTION('',(1.,0.,-0.));
#139 = FACE_BOUND('',#140,.T.);
#140 = EDGE_LOOP('',(#141,#151,#160,#169,#177,#186,#194,#203,#211));
#141 = ORIENTED_EDGE('',*,*,#142,.F.);
#142 = EDGE_CURVE('',#143,#145,#147,.T.);
#143 = VERTEX_POINT('',#144);
#144 = CARTESIAN_POINT('',(81.75,11.4,215.));
#145 = VERTEX_POINT('',#146);
#146 = CARTESIAN_POINT('',(81.75,41.5,215.));
#147 = LINE('',#148,#149);
#148 = CARTESIAN_POINT('',(81.75,4.75,215.));
#149 = VECTOR('',#150,1.);
#150 = DIRECTION('',(-0.,1.,0.));
#151 = ORIENTED_EDGE('',*,*,#152,.F.);
#152 = EDGE_CURVE('',#153,#143,#155,.T.);
#153 = VERTEX_POINT('',#154);
#154 = CARTESIAN_POINT('',(83.65,9.5,215.));
#155 = CIRCLE('',#156,1.9);
#156 = AXIS2_PLACEMENT_3D('',#157,#158,#159);
#157 = CARTESIAN_POINT('',(81.75,9.5,215.));
#158 = DIRECTION('',(0.,0.,1.));
#159 = DIRECTION('',(1.,0.,-0.));
#160 = ORIENTED_EDGE('',*,*,#161,.F.);
#161 = EDGE_CURVE('',#162,#153,#164,.T.);
#162 = VERTEX_POINT('',#163);
#163 = CARTESIAN_POINT('',(79.85,9.5,215.));
#164 = CIRCLE('',#165,1.9);
#165 = AXIS2_PLACEMENT_3D('',#166,#167,#168);
#166 = CARTESIAN_POINT('',(81.75,9.5,215.));
#167 = DIRECTION('',(0.,0.,1.));
#168 = DIRECTION('',(1.,0.,-0.));
#169 = ORIENTED_EDGE('',*,*,#170,.T.);
#170 = EDGE_CURVE('',#162,#171,#173,.T.);
#171 = VERTEX_POINT('',#172);
#172 = CARTESIAN_POINT('',(11.65,9.5,215.));
#173 = LINE('',#174,#175);
#174 = CARTESIAN_POINT('',(4.875,9.5,215.));
#175 = VECTOR('',#176,1.);
#176 = DIRECTION('',(-1.,-0.,0.));
#177 = ORIENTED_EDGE('',*,*,#178,.F.);
#178 = EDGE_CURVE('',#179,#171,#181,.T.);
#179 = VERTEX_POINT('',#180);
#180 = CARTESIAN_POINT('',(9.75,11.4,215.));
#181 = CIRCLE('',#182,1.9);
#182 = AXIS2_PLACEMENT_3D('',#183,#184,#185);
#183 = CARTESIAN_POINT('',(9.75,9.5,215.));
#184 = DIRECTION('',(0.,0.,1.));
#185 = DIRECTION('',(1.,0.,-0.));
#186 = ORIENTED_EDGE('',*,*,#187,.T.);
#187 = EDGE_CURVE('',#179,#188,#190,.T.);
#188 = VERTEX_POINT('',#189);
#189 = CARTESIAN_POINT('',(9.75,37.6,215.));
#190 = LINE('',#191,#192);
#191 = CARTESIAN_POINT('',(9.75,4.75,215.));
#192 = VECTOR('',#193,1.);
#193 = DIRECTION('',(-0.,1.,0.));
#194 = ORIENTED_EDGE('',*,*,#195,.F.);
#195 = EDGE_CURVE('',#196,#188,#198,.T.);
#196 = VERTEX_POINT('',#197);
#197 = CARTESIAN_POINT('',(9.75,41.4,215.));
#198 = CIRCLE('',#199,1.9);
#199 = AXIS2_PLACEMENT_3D('',#200,#201,#202);
#200 = CARTESIAN_POINT('',(9.75,39.5,215.));
#201 = DIRECTION('',(0.,0.,1.));
#202 = DIRECTION('',(1.,0.,-0.));
#203 = ORIENTED_EDGE('',*,*,#204,.T.);
#204 = EDGE_CURVE('',#196,#205,#207,.T.);
#205 = VERTEX_POINT('',#206);
#206 = CARTESIAN_POINT('',(9.75,41.5,215.));
#207 = LINE('',#208,#209);
#208 = CARTESIAN_POINT('',(9.75,4.75,215.));
#209 = VECTOR('',#210,1.);
#210 = DIRECTION('',(-0.,1.,0.));
#211 = ORIENTED_EDGE('',*,*,#212,.F.);
#212 = EDGE_CURVE('',#145,#205,#213,.T.);
#213 = LINE('',#214,#215);
#214 = CARTESIAN_POINT('',(4.875,41.5,215.));
#215 = VECTOR('',#216,1.);
#216 = DIRECTION('',(-1.,-0.,0.));
#217 = FACE_BOUND('',#218,.T.);
#218 = EDGE_LOOP('',(#219));
#219 = ORIENTED_EDGE('',*,*,#220,.F.);
#220 = EDGE_CURVE('',#221,#221,#223,.T.);
#221 = VERTEX_POINT('',#222);
#222 = CARTESIAN_POINT('',(53.85,59.75,215.));
#223 = CIRCLE('',#224,2.1);
#224 = AXIS2_PLACEMENT_3D('',#225,#226,#227);
#225 = CARTESIAN_POINT('',(51.75,59.75,215.));
#226 = DIRECTION('',(0.,0.,1.));
#227 = DIRECTION('',(1.,0.,-0.));
#228 = FACE_BOUND('',#229,.T.);
#229 = EDGE_LOOP('',(#230,#240,#248,#256,#264,#272));
#230 = ORIENTED_EDGE('',*,*,#231,.T.);
#231 = EDGE_CURVE('',#232,#234,#236,.T.);
#232 = VERTEX_POINT('',#233);
#233 = CARTESIAN_POINT('',(78.723720558371,70.742413778651,215.));
#234 = VERTEX_POINT('',#235);
#235 = CARTESIAN_POINT('',(83.473720558371,73.484827557301,215.));
#236 = LINE('',#237,#238);
#237 = CARTESIAN_POINT('',(36.261143484647,46.226633474651,215.));
#238 = VECTOR('',#239,1.);
#239 = DIRECTION('',(0.866025403784,0.5,-0.));
#240 = ORIENTED_EDGE('',*,*,#241,.T.);
#241 = EDGE_CURVE('',#234,#242,#244,.T.);
#242 = VERTEX_POINT('',#243);
#243 = CARTESIAN_POINT('',(88.223720558371,70.742413778651,215.));
#244 = LINE('',#245,#246);
#245 = CARTESIAN_POINT('',(70.456007213317,81.000607861302,215.));
#246 = VECTOR('',#247,1.);
#247 = DIRECTION('',(0.866025403784,-0.5,0.));
#248 = ORIENTED_EDGE('',*,*,#249,.T.);
#249 = EDGE_CURVE('',#242,#250,#252,.T.);
#250 = VERTEX_POINT('',#251);
#251 = CARTESIAN_POINT('',(88.223720558371,65.257586221349,215.));
#252 = LINE('',#253,#254);
#253 = CARTESIAN_POINT('',(88.223720558371,32.628793110675,215.));
#254 = VECTOR('',#255,1.);
#255 = DIRECTION('',(0.,-1.,0.));
#256 = ORIENTED_EDGE('',*,*,#257,.T.);
#257 = EDGE_CURVE('',#250,#258,#260,.T.);
#258 = VERTEX_POINT('',#259);
#259 = CARTESIAN_POINT('',(83.473720558371,62.515172442699,215.));
#260 = LINE('',#261,#262);
#261 = CARTESIAN_POINT('',(38.636143484646,36.628185249373,215.));
#262 = VECTOR('',#263,1.);
#263 = DIRECTION('',(-0.866025403784,-0.5,0.));
#264 = ORIENTED_EDGE('',*,*,#265,.T.);
#265 = EDGE_CURVE('',#258,#266,#268,.T.);
#266 = VERTEX_POINT('',#267);
#267 = CARTESIAN_POINT('',(78.723720558371,65.257586221349,215.));
#268 = LINE('',#269,#270);
#269 = CARTESIAN_POINT('',(63.331007213317,74.144573414675,215.));
#270 = VECTOR('',#271,1.);
#271 = DIRECTION('',(-0.866025403784,0.5,0.));
#272 = ORIENTED_EDGE('',*,*,#273,.T.);
#273 = EDGE_CURVE('',#266,#232,#274,.T.);
#274 = LINE('',#275,#276);
#275 = CARTESIAN_POINT('',(78.723720558371,35.371206889325,215.));
#276 = VECTOR('',#277,1.);
#277 = DIRECTION('',(-0.,1.,0.));
#278 = FACE_BOUND('',#279,.T.);
#279 = EDGE_LOOP('',(#280,#290,#298,#306,#314,#322));
#280 = ORIENTED_EDGE('',*,*,#281,.T.);
#281 = EDGE_CURVE('',#282,#284,#286,.T.);
#282 = VERTEX_POINT('',#283);
#283 = CARTESIAN_POINT('',(88.25,70.742413778651,215.));
#284 = VERTEX_POINT('',#285);
#285 = CARTESIAN_POINT('',(93.,73.484827557301,215.));
#286 = LINE('',#287,#288);
#287 = CARTESIAN_POINT('',(42.215068135665,44.164133474651,215.));
#288 = VECTOR('',#289,1.);
#289 = DIRECTION('',(0.866025403784,0.5,-0.));
#290 = ORIENTED_EDGE('',*,*,#291,.T.);
#291 = EDGE_CURVE('',#284,#292,#294,.T.);
#292 = VERTEX_POINT('',#293);
#293 = CARTESIAN_POINT('',(97.75,70.742413778651,215.));
#294 = LINE('',#295,#296);
#295 = CARTESIAN_POINT('',(76.409931864335,83.063107861302,215.));
#296 = VECTOR('',#297,1.);
#297 = DIRECTION('',(0.866025403784,-0.5,0.));
#298 = ORIENTED_EDGE('',*,*,#299,.T.);
#299 = EDGE_CURVE('',#292,#300,#302,.T.);
#300 = VERTEX_POINT('',#301);
#301 = CARTESIAN_POINT('',(97.75,65.257586221349,215.));
#302 = LINE('',#303,#304);
#303 = CARTESIAN_POINT('',(97.75,32.628793110675,215.));
#304 = VECTOR('',#305,1.);
#305 = DIRECTION('',(0.,-1.,0.));
#306 = ORIENTED_EDGE('',*,*,#307,.T.);
#307 = EDGE_CURVE('',#300,#308,#310,.T.);
#308 = VERTEX_POINT('',#309);
#309 = CARTESIAN_POINT('',(93.,62.515172442699,215.));
#310 = LINE('',#311,#312);
#311 = CARTESIAN_POINT('',(44.590068135665,34.565685249373,215.));
#312 = VECTOR('',#313,1.);
#313 = DIRECTION('',(-0.866025403784,-0.5,0.));
#314 = ORIENTED_EDGE('',*,*,#315,.T.);
#315 = EDGE_CURVE('',#308,#316,#318,.T.);
#316 = VERTEX_POINT('',#317);
#317 = CARTESIAN_POINT('',(88.25,65.257586221349,215.));
#318 = LINE('',#319,#320);
#319 = CARTESIAN_POINT('',(69.284931864335,76.207073414675,215.));
#320 = VECTOR('',#321,1.);
#321 = DIRECTION('',(-0.866025403784,0.5,0.));
#322 = ORIENTED_EDGE('',*,*,#323,.T.);
#323 = EDGE_CURVE('',#316,#282,#324,.T.);
#324 = LINE('',#325,#326);
#325 = CARTESIAN_POINT('',(88.25,35.371206889325,215.));
#326 = VECTOR('',#327,1.);
#327 = DIRECTION('',(-0.,1.,0.));
#328 = FACE_BOUND('',#329,.T.);
#329 = EDGE_LOOP('',(#330,#340,#348,#356,#364,#372));
#330 = ORIENTED_EDGE('',*,*,#331,.T.);
#331 = EDGE_CURVE('',#332,#334,#336,.T.);
#332 = VERTEX_POINT('',#333);
#333 = CARTESIAN_POINT('',(97.776279441629,70.742413778651,215.));
#334 = VERTEX_POINT('',#335);
#335 = CARTESIAN_POINT('',(102.52627944162,73.484827557301,215.));
#336 = LINE('',#337,#338);
#337 = CARTESIAN_POINT('',(48.168992786683,42.101633474651,215.));
#338 = VECTOR('',#339,1.);
#339 = DIRECTION('',(0.866025403784,0.5,-0.));
#340 = ORIENTED_EDGE('',*,*,#341,.T.);
#341 = EDGE_CURVE('',#334,#342,#344,.T.);
#342 = VERTEX_POINT('',#343);
#343 = CARTESIAN_POINT('',(107.27627944162,70.742413778651,215.));
#344 = LINE('',#345,#346);
#345 = CARTESIAN_POINT('',(82.363856515353,85.125607861302,215.));
#346 = VECTOR('',#347,1.);
#347 = DIRECTION('',(0.866025403784,-0.5,0.));
#348 = ORIENTED_EDGE('',*,*,#349,.T.);
#349 = EDGE_CURVE('',#342,#350,#352,.T.);
#350 = VERTEX_POINT('',#351);
#351 = CARTESIAN_POINT('',(107.27627944162,65.257586221349,215.));
#352 = LINE('',#353,#354);
#353 = CARTESIAN_POINT('',(107.27627944162,32.628793110675,215.));
#354 = VECTOR('',#355,1.);
#355 = DIRECTION('',(0.,-1.,0.));
#356 = ORIENTED_EDGE('',*,*,#357,.T.);
#357 = EDGE_CURVE('',#350,#358,#360,.T.);
#358 = VERTEX_POINT('',#359);
#359 = CARTESIAN_POINT('',(102.52627944162,62.515172442699,215.));
#360 = LINE('',#361,#362);
#361 = CARTESIAN_POINT('',(50.543992786683,32.503185249373,215.));
#362 = VECTOR('',#363,1.);
#363 = DIRECTION('',(-0.866025403784,-0.5,0.));
#364 = ORIENTED_EDGE('',*,*,#365,.T.);
#365 = EDGE_CURVE('',#358,#366,#368,.T.);
#366 = VERTEX_POINT('',#367);
#367 = CARTESIAN_POINT('',(97.776279441629,65.257586221349,215.));
#368 = LINE('',#369,#370);
#369 = CARTESIAN_POINT('',(75.238856515353,78.269573414675,215.));
#370 = VECTOR('',#371,1.);
#371 = DIRECTION('',(-0.866025403784,0.5,0.));
#372 = ORIENTED_EDGE('',*,*,#373,.T.);
#373 = EDGE_CURVE('',#366,#332,#374,.T.);
#374 = LINE('',#375,#376);
#375 = CARTESIAN_POINT('',(97.776279441629,35.371206889325,215.));
#376 = VECTOR('',#377,1.);
#377 = DIRECTION('',(-0.,1.,0.));
#378 = FACE_BOUND('',#379,.T.);
#379 = EDGE_LOOP('',(#380));
#380 = ORIENTED_EDGE('',*,*,#381,.F.);
#381 = EDGE_CURVE('',#382,#382,#384,.T.);
#382 = VERTEX_POINT('',#383);
#383 = CARTESIAN_POINT('',(136.35,59.75,215.));
#384 = CIRCLE('',#385,2.1);
#385 = AXIS2_PLACEMENT_3D('',#386,#387,#388);
#386 = CARTESIAN_POINT('',(134.25,59.75,215.));
#387 = DIRECTION('',(0.,0.,1.));
#388 = DIRECTION('',(1.,0.,-0.));
#389 = FACE_BOUND('',#390,.T.);
#390 = EDGE_LOOP('',(#391,#401,#409,#417,#425,#433));
#391 = ORIENTED_EDGE('',*,*,#392,.T.);
#392 = EDGE_CURVE('',#393,#395,#397,.T.);
#393 = VERTEX_POINT('',#394);
#394 = CARTESIAN_POINT('',(59.671161675114,87.242413778651,215.));
#395 = VERTEX_POINT('',#396);
#396 = CARTESIAN_POINT('',(64.421161675114,89.984827557301,215.));
#397 = LINE('',#398,#399);
#398 = CARTESIAN_POINT('',(20.780939392,64.789133474651,215.));
#399 = VECTOR('',#400,1.);
#400 = DIRECTION('',(0.866025403784,0.5,-0.));
#401 = ORIENTED_EDGE('',*,*,#402,.T.);
#402 = EDGE_CURVE('',#395,#403,#405,.T.);
#403 = VERTEX_POINT('',#404);
#404 = CARTESIAN_POINT('',(69.171161675114,87.242413778651,215.));
#405 = LINE('',#406,#407);
#406 = CARTESIAN_POINT('',(62.120512701892,91.313107861302,215.));
#407 = VECTOR('',#408,1.);
#408 = DIRECTION('',(0.866025403784,-0.5,0.));
#409 = ORIENTED_EDGE('',*,*,#410,.T.);
#410 = EDGE_CURVE('',#403,#411,#413,.T.);
#411 = VERTEX_POINT('',#412);
#412 = CARTESIAN_POINT('',(69.171161675114,81.757586221349,215.));
#413 = LINE('',#414,#415);
#414 = CARTESIAN_POINT('',(69.171161675114,40.878793110675,215.));
#415 = VECTOR('',#416,1.);
#416 = DIRECTION('',(0.,-1.,0.));
#417 = ORIENTED_EDGE('',*,*,#418,.T.);
#418 = EDGE_CURVE('',#411,#419,#421,.T.);
#419 = VERTEX_POINT('',#420);
#420 = CARTESIAN_POINT('',(64.421161675114,79.015172442699,215.));
#421 = LINE('',#422,#423);
#422 = CARTESIAN_POINT('',(23.155939392,55.190685249373,215.));
#423 = VECTOR('',#424,1.);
#424 = DIRECTION('',(-0.866025403784,-0.5,0.));
#425 = ORIENTED_EDGE('',*,*,#426,.T.);
#426 = EDGE_CURVE('',#419,#427,#429,.T.);
#427 = VERTEX_POINT('',#428);
#428 = CARTESIAN_POINT('',(59.671161675114,81.757586221349,215.));
#429 = LINE('',#430,#431);
#430 = CARTESIAN_POINT('',(54.995512701892,84.457073414675,215.));
#431 = VECTOR('',#432,1.);
#432 = DIRECTION('',(-0.866025403784,0.5,0.));
#433 = ORIENTED_EDGE('',*,*,#434,.T.);
#434 = EDGE_CURVE('',#427,#393,#435,.T.);
#435 = LINE('',#436,#437);
#436 = CARTESIAN_POINT('',(59.671161675114,43.621206889325,215.));
#437 = VECTOR('',#438,1.);
#438 = DIRECTION('',(-0.,1.,0.));
#439 = FACE_BOUND('',#440,.T.);
#440 = EDGE_LOOP('',(#441,#451,#459,#467,#475,#483));
#441 = ORIENTED_EDGE('',*,*,#442,.T.);
#442 = EDGE_CURVE('',#443,#445,#447,.T.);
#443 = VERTEX_POINT('',#444);
#444 = CARTESIAN_POINT('',(54.908021954299,95.492413778651,215.));
#445 = VERTEX_POINT('',#446);
#446 = CARTESIAN_POINT('',(59.658021954299,98.234827557301,215.));
#447 = LINE('',#448,#449);
#448 = CARTESIAN_POINT('',(16.017799671185,73.039133474651,215.));
#449 = VECTOR('',#450,1.);
#450 = DIRECTION('',(0.866025403784,0.5,-0.));
#451 = ORIENTED_EDGE('',*,*,#452,.T.);
#452 = EDGE_CURVE('',#445,#453,#455,.T.);
#453 = VERTEX_POINT('',#454);
#454 = CARTESIAN_POINT('',(64.408021954299,95.492413778651,215.));
#455 = LINE('',#456,#457);
#456 = CARTESIAN_POINT('',(60.929727771689,97.500607861302,215.));
#457 = VECTOR('',#458,1.);
#458 = DIRECTION('',(0.866025403784,-0.5,0.));
#459 = ORIENTED_EDGE('',*,*,#460,.T.);
#460 = EDGE_CURVE('',#453,#461,#463,.T.);
#461 = VERTEX_POINT('',#462);
#462 = CARTESIAN_POINT('',(64.408021954299,90.007586221349,215.));
#463 = LINE('',#464,#465);
#464 = CARTESIAN_POINT('',(64.408021954299,45.003793110675,215.));
#465 = VECTOR('',#466,1.);
#466 = DIRECTION('',(0.,-1.,0.));
#467 = ORIENTED_EDGE('',*,*,#468,.T.);
#468 = EDGE_CURVE('',#461,#469,#471,.T.);
#469 = VERTEX_POINT('',#470);
#470 = CARTESIAN_POINT('',(59.658021954299,87.265172442699,215.));
#471 = LINE('',#472,#473);
#472 = CARTESIAN_POINT('',(18.392799671185,63.440685249373,215.));
#473 = VECTOR('',#474,1.);
#474 = DIRECTION('',(-0.866025403784,-0.5,0.));
#475 = ORIENTED_EDGE('',*,*,#476,.T.);
#476 = EDGE_CURVE('',#469,#477,#479,.T.);
#477 = VERTEX_POINT('',#478);
#478 = CARTESIAN_POINT('',(54.908021954299,90.007586221349,215.));
#479 = LINE('',#480,#481);
#480 = CARTESIAN_POINT('',(53.804727771689,90.644573414675,215.));
#481 = VECTOR('',#482,1.);
#482 = DIRECTION('',(-0.866025403784,0.5,0.));
#483 = ORIENTED_EDGE('',*,*,#484,.T.);
#484 = EDGE_CURVE('',#477,#443,#485,.T.);
#485 = LINE('',#486,#487);
#486 = CARTESIAN_POINT('',(54.908021954299,47.746206889325,215.));
#487 = VECTOR('',#488,1.);
#488 = DIRECTION('',(-0.,1.,0.));
#489 = FACE_BOUND('',#490,.T.);
#490 = EDGE_LOOP('',(#491,#501,#509,#517,#525,#533));
#491 = ORIENTED_EDGE('',*,*,#492,.T.);
#492 = EDGE_CURVE('',#493,#495,#497,.T.);
#493 = VERTEX_POINT('',#494);
#494 = CARTESIAN_POINT('',(64.434301395928,78.992413778651,215.));
#495 = VERTEX_POINT('',#496);
#496 = CARTESIAN_POINT('',(69.184301395928,81.734827557301,215.));
#497 = LINE('',#498,#499);
#498 = CARTESIAN_POINT('',(25.544079112814,56.539133474651,215.));
#499 = VECTOR('',#500,1.);
#500 = DIRECTION('',(0.866025403784,0.5,-0.));
#501 = ORIENTED_EDGE('',*,*,#502,.T.);
#502 = EDGE_CURVE('',#495,#503,#505,.T.);
#503 = VERTEX_POINT('',#504);
#504 = CARTESIAN_POINT('',(73.934301395928,78.992413778651,215.));
#505 = LINE('',#506,#507);
#506 = CARTESIAN_POINT('',(63.311297632096,85.125607861302,215.));
#507 = VECTOR('',#508,1.);
#508 = DIRECTION('',(0.866025403784,-0.5,0.));
#509 = ORIENTED_EDGE('',*,*,#510,.T.);
#510 = EDGE_CURVE('',#503,#511,#513,.T.);
#511 = VERTEX_POINT('',#512);
#512 = CARTESIAN_POINT('',(73.934301395928,73.507586221349,215.));
#513 = LINE('',#514,#515);
#514 = CARTESIAN_POINT('',(73.934301395928,36.753793110675,215.));
#515 = VECTOR('',#516,1.);
#516 = DIRECTION('',(0.,-1.,0.));
#517 = ORIENTED_EDGE('',*,*,#518,.T.);
#518 = EDGE_CURVE('',#511,#519,#521,.T.);
#519 = VERTEX_POINT('',#520);
#520 = CARTESIAN_POINT('',(69.184301395928,70.765172442699,215.));
#521 = LINE('',#522,#523);
#522 = CARTESIAN_POINT('',(27.919079112814,46.940685249373,215.));
#523 = VECTOR('',#524,1.);
#524 = DIRECTION('',(-0.866025403784,-0.5,0.));
#525 = ORIENTED_EDGE('',*,*,#526,.T.);
#526 = EDGE_CURVE('',#519,#527,#529,.T.);
#527 = VERTEX_POINT('',#528);
#528 = CARTESIAN_POINT('',(64.434301395928,73.507586221349,215.));
#529 = LINE('',#530,#531);
#530 = CARTESIAN_POINT('',(56.186297632096,78.269573414675,215.));
#531 = VECTOR('',#532,1.);
#532 = DIRECTION('',(-0.866025403784,0.5,0.));
#533 = ORIENTED_EDGE('',*,*,#534,.T.);
#534 = EDGE_CURVE('',#527,#493,#535,.T.);
#535 = LINE('',#536,#537);
#536 = CARTESIAN_POINT('',(64.434301395928,39.496206889325,215.));
#537 = VECTOR('',#538,1.);
#538 = DIRECTION('',(-0.,1.,0.));
#539 = FACE_BOUND('',#540,.T.);
#540 = EDGE_LOOP('',(#541,#551,#559,#567,#575,#583));
#541 = ORIENTED_EDGE('',*,*,#542,.T.);
#542 = EDGE_CURVE('',#543,#545,#547,.T.);
#543 = VERTEX_POINT('',#544);
#544 = CARTESIAN_POINT('',(69.197441116742,87.242413778651,215.));
#545 = VERTEX_POINT('',#546);
#546 = CARTESIAN_POINT('',(73.947441116742,89.984827557301,215.));
#547 = LINE('',#548,#549);
#548 = CARTESIAN_POINT('',(26.734864043018,62.726633474651,215.));
#549 = VECTOR('',#550,1.);
#550 = DIRECTION('',(0.866025403784,0.5,-0.));
#551 = ORIENTED_EDGE('',*,*,#552,.T.);
#552 = EDGE_CURVE('',#545,#553,#555,.T.);
#553 = VERTEX_POINT('',#554);
#554 = CARTESIAN_POINT('',(78.697441116742,87.242413778651,215.));
#555 = LINE('',#556,#557);
#556 = CARTESIAN_POINT('',(68.07443735291,93.375607861302,215.));
#557 = VECTOR('',#558,1.);
#558 = DIRECTION('',(0.866025403784,-0.5,0.));
#559 = ORIENTED_EDGE('',*,*,#560,.T.);
#560 = EDGE_CURVE('',#553,#561,#563,.T.);
#561 = VERTEX_POINT('',#562);
#562 = CARTESIAN_POINT('',(78.697441116742,81.757586221349,215.));
#563 = LINE('',#564,#565);
#564 = CARTESIAN_POINT('',(78.697441116742,40.878793110675,215.));
#565 = VECTOR('',#566,1.);
#566 = DIRECTION('',(0.,-1.,0.));
#567 = ORIENTED_EDGE('',*,*,#568,.T.);
#568 = EDGE_CURVE('',#561,#569,#571,.T.);
#569 = VERTEX_POINT('',#570);
#570 = CARTESIAN_POINT('',(73.947441116742,79.015172442699,215.));
#571 = LINE('',#572,#573);
#572 = CARTESIAN_POINT('',(29.109864043018,53.128185249373,215.));
#573 = VECTOR('',#574,1.);
#574 = DIRECTION('',(-0.866025403784,-0.5,0.));
#575 = ORIENTED_EDGE('',*,*,#576,.T.);
#576 = EDGE_CURVE('',#569,#577,#579,.T.);
#577 = VERTEX_POINT('',#578);
#578 = CARTESIAN_POINT('',(69.197441116742,81.757586221349,215.));
#579 = LINE('',#580,#581);
#580 = CARTESIAN_POINT('',(60.94943735291,86.519573414675,215.));
#581 = VECTOR('',#582,1.);
#582 = DIRECTION('',(-0.866025403784,0.5,0.));
#583 = ORIENTED_EDGE('',*,*,#584,.T.);
#584 = EDGE_CURVE('',#577,#543,#585,.T.);
#585 = LINE('',#586,#587);
#586 = CARTESIAN_POINT('',(69.197441116742,43.621206889325,215.));
#587 = VECTOR('',#588,1.);
#588 = DIRECTION('',(-0.,1.,0.));
#589 = FACE_BOUND('',#590,.T.);
#590 = EDGE_LOOP('',(#591,#601,#609,#617,#625,#633));
#591 = ORIENTED_EDGE('',*,*,#592,.T.);
#592 = EDGE_CURVE('',#593,#595,#597,.T.);
#593 = VERTEX_POINT('',#594);
#594 = CARTESIAN_POINT('',(73.960580837557,78.992413778651,215.));
#595 = VERTEX_POINT('',#596);
#596 = CARTESIAN_POINT('',(78.710580837557,81.734827557301,215.));
#597 = LINE('',#598,#599);
#598 = CARTESIAN_POINT('',(31.498003763832,54.476633474651,215.));
#599 = VECTOR('',#600,1.);
#600 = DIRECTION('',(0.866025403784,0.5,-0.));
#601 = ORIENTED_EDGE('',*,*,#602,.T.);
#602 = EDGE_CURVE('',#595,#603,#605,.T.);
#603 = VERTEX_POINT('',#604);
#604 = CARTESIAN_POINT('',(83.460580837557,78.992413778651,215.));
#605 = LINE('',#606,#607);
#606 = CARTESIAN_POINT('',(69.265222283114,87.188107861302,215.));
#607 = VECTOR('',#608,1.);
#608 = DIRECTION('',(0.866025403784,-0.5,0.));
#609 = ORIENTED_EDGE('',*,*,#610,.T.);
#610 = EDGE_CURVE('',#603,#611,#613,.T.);
#611 = VERTEX_POINT('',#612);
#612 = CARTESIAN_POINT('',(83.460580837557,73.507586221349,215.));
#613 = LINE('',#614,#615);
#614 = CARTESIAN_POINT('',(83.460580837557,36.753793110675,215.));
#615 = VECTOR('',#616,1.);
#616 = DIRECTION('',(0.,-1.,0.));
#617 = ORIENTED_EDGE('',*,*,#618,.T.);
#618 = EDGE_CURVE('',#611,#619,#621,.T.);
#619 = VERTEX_POINT('',#620);
#620 = CARTESIAN_POINT('',(78.710580837557,70.765172442699,215.));
#621 = LINE('',#622,#623);
#622 = CARTESIAN_POINT('',(33.873003763832,44.878185249373,215.));
#623 = VECTOR('',#624,1.);
#624 = DIRECTION('',(-0.866025403784,-0.5,0.));
#625 = ORIENTED_EDGE('',*,*,#626,.T.);
#626 = EDGE_CURVE('',#619,#627,#629,.T.);
#627 = VERTEX_POINT('',#628);
#628 = CARTESIAN_POINT('',(73.960580837557,73.507586221349,215.));
#629 = LINE('',#630,#631);
#630 = CARTESIAN_POINT('',(62.140222283114,80.332073414675,215.));
#631 = VECTOR('',#632,1.);
#632 = DIRECTION('',(-0.866025403784,0.5,0.));
#633 = ORIENTED_EDGE('',*,*,#634,.T.);
#634 = EDGE_CURVE('',#627,#593,#635,.T.);
#635 = LINE('',#636,#637);
#636 = CARTESIAN_POINT('',(73.960580837557,39.496206889325,215.));
#637 = VECTOR('',#638,1.);
#638 = DIRECTION('',(-0.,1.,0.));
#639 = FACE_BOUND('',#640,.T.);
#640 = EDGE_LOOP('',(#641,#651,#659,#667,#675,#683));
#641 = ORIENTED_EDGE('',*,*,#642,.T.);
#642 = EDGE_CURVE('',#643,#645,#647,.T.);
#643 = VERTEX_POINT('',#644);
#644 = CARTESIAN_POINT('',(78.723720558371,87.242413778651,215.));
#645 = VERTEX_POINT('',#646);
#646 = CARTESIAN_POINT('',(83.473720558371,89.984827557301,215.));
#647 = LINE('',#648,#649);
#648 = CARTESIAN_POINT('',(32.688788694036,60.664133474651,215.));
#649 = VECTOR('',#650,1.);
#650 = DIRECTION('',(0.866025403784,0.5,-0.));
#651 = ORIENTED_EDGE('',*,*,#652,.T.);
#652 = EDGE_CURVE('',#645,#653,#655,.T.);
#653 = VERTEX_POINT('',#654);
#654 = CARTESIAN_POINT('',(88.223720558371,87.242413778651,215.));
#655 = LINE('',#656,#657);
#656 = CARTESIAN_POINT('',(74.028362003928,95.438107861302,215.));
#657 = VECTOR('',#658,1.);
#658 = DIRECTION('',(0.866025403784,-0.5,0.));
#659 = ORIENTED_EDGE('',*,*,#660,.T.);
#660 = EDGE_CURVE('',#653,#661,#663,.T.);
#661 = VERTEX_POINT('',#662);
#662 = CARTESIAN_POINT('',(88.223720558371,81.757586221349,215.));
#663 = LINE('',#664,#665);
#664 = CARTESIAN_POINT('',(88.223720558371,40.878793110675,215.));
#665 = VECTOR('',#666,1.);
#666 = DIRECTION('',(0.,-1.,0.));
#667 = ORIENTED_EDGE('',*,*,#668,.T.);
#668 = EDGE_CURVE('',#661,#669,#671,.T.);
#669 = VERTEX_POINT('',#670);
#670 = CARTESIAN_POINT('',(83.473720558371,79.015172442699,215.));
#671 = LINE('',#672,#673);
#672 = CARTESIAN_POINT('',(35.063788694036,51.065685249373,215.));
#673 = VECTOR('',#674,1.);
#674 = DIRECTION('',(-0.866025403784,-0.5,0.));
#675 = ORIENTED_EDGE('',*,*,#676,.T.);
#676 = EDGE_CURVE('',#669,#677,#679,.T.);
#677 = VERTEX_POINT('',#678);
#678 = CARTESIAN_POINT('',(78.723720558371,81.757586221349,215.));
#679 = LINE('',#680,#681);
#680 = CARTESIAN_POINT('',(66.903362003928,88.582073414675,215.));
#681 = VECTOR('',#682,1.);
#682 = DIRECTION('',(-0.866025403784,0.5,0.));
#683 = ORIENTED_EDGE('',*,*,#684,.T.);
#684 = EDGE_CURVE('',#677,#643,#685,.T.);
#685 = LINE('',#686,#687);
#686 = CARTESIAN_POINT('',(78.723720558371,43.621206889325,215.));
#687 = VECTOR('',#688,1.);
#688 = DIRECTION('',(-0.,1.,0.));
#689 = FACE_BOUND('',#690,.T.);
#690 = EDGE_LOOP('',(#691,#701,#709,#717,#725,#733));
#691 = ORIENTED_EDGE('',*,*,#692,.T.);
#692 = EDGE_CURVE('',#693,#695,#697,.T.);
#693 = VERTEX_POINT('',#694);
#694 = CARTESIAN_POINT('',(64.434301395928,95.492413778651,215.));
#695 = VERTEX_POINT('',#696);
#696 = CARTESIAN_POINT('',(69.184301395928,98.234827557301,215.));
#697 = LINE('',#698,#699);
#698 = CARTESIAN_POINT('',(21.971724322203,70.976633474651,215.));
#699 = VECTOR('',#700,1.);
#700 = DIRECTION('',(0.866025403784,0.5,-0.));
#701 = ORIENTED_EDGE('',*,*,#702,.T.);
#702 = EDGE_CURVE('',#695,#703,#705,.T.);
#703 = VERTEX_POINT('',#704);
#704 = CARTESIAN_POINT('',(73.934301395928,95.492413778651,215.));
#705 = LINE('',#706,#707);
#706 = CARTESIAN_POINT('',(66.883652422707,99.563107861302,215.));
#707 = VECTOR('',#708,1.);
#708 = DIRECTION('',(0.866025403784,-0.5,0.));
#709 = ORIENTED_EDGE('',*,*,#710,.T.);
#710 = EDGE_CURVE('',#703,#711,#713,.T.);
#711 = VERTEX_POINT('',#712);
#712 = CARTESIAN_POINT('',(73.934301395928,90.007586221349,215.));
#713 = LINE('',#714,#715);
#714 = CARTESIAN_POINT('',(73.934301395928,45.003793110675,215.));
#715 = VECTOR('',#716,1.);
#716 = DIRECTION('',(0.,-1.,0.));
#717 = ORIENTED_EDGE('',*,*,#718,.T.);
#718 = EDGE_CURVE('',#711,#719,#721,.T.);
#719 = VERTEX_POINT('',#720);
#720 = CARTESIAN_POINT('',(69.184301395928,87.265172442699,215.));
#721 = LINE('',#722,#723);
#722 = CARTESIAN_POINT('',(24.346724322203,61.378185249373,215.));
#723 = VECTOR('',#724,1.);
#724 = DIRECTION('',(-0.866025403784,-0.5,0.));
#725 = ORIENTED_EDGE('',*,*,#726,.T.);
#726 = EDGE_CURVE('',#719,#727,#729,.T.);
#727 = VERTEX_POINT('',#728);
#728 = CARTESIAN_POINT('',(64.434301395928,90.007586221349,215.));
#729 = LINE('',#730,#731);
#730 = CARTESIAN_POINT('',(59.758652422707,92.707073414675,215.));
#731 = VECTOR('',#732,1.);
#732 = DIRECTION('',(-0.866025403784,0.5,0.));
#733 = ORIENTED_EDGE('',*,*,#734,.T.);
#734 = EDGE_CURVE('',#727,#693,#735,.T.);
#735 = LINE('',#736,#737);
#736 = CARTESIAN_POINT('',(64.434301395928,47.746206889325,215.));
#737 = VECTOR('',#738,1.);
#738 = DIRECTION('',(-0.,1.,0.));
#739 = FACE_BOUND('',#740,.T.);
#740 = EDGE_LOOP('',(#741,#751,#759,#767,#775,#783));
#741 = ORIENTED_EDGE('',*,*,#742,.T.);
#742 = EDGE_CURVE('',#743,#745,#747,.T.);
#743 = VERTEX_POINT('',#744);
#744 = CARTESIAN_POINT('',(73.960580837557,95.492413778651,215.));
#745 = VERTEX_POINT('',#746);
#746 = CARTESIAN_POINT('',(78.710580837557,98.234827557301,215.));
#747 = LINE('',#748,#749);
#748 = CARTESIAN_POINT('',(27.925648973221,68.914133474651,215.));
#749 = VECTOR('',#750,1.);
#750 = DIRECTION('',(0.866025403784,0.5,-0.));
#751 = ORIENTED_EDGE('',*,*,#752,.T.);
#752 = EDGE_CURVE('',#745,#753,#755,.T.);
#753 = VERTEX_POINT('',#754);
#754 = CARTESIAN_POINT('',(83.460580837557,95.492413778651,215.));
#755 = LINE('',#756,#757);
#756 = CARTESIAN_POINT('',(72.837577073725,101.6256078613,215.));
#757 = VECTOR('',#758,1.);
#758 = DIRECTION('',(0.866025403784,-0.5,0.));
#759 = ORIENTED_EDGE('',*,*,#760,.T.);
#760 = EDGE_CURVE('',#753,#761,#763,.T.);
#761 = VERTEX_POINT('',#762);
#762 = CARTESIAN_POINT('',(83.460580837557,90.007586221349,215.));
#763 = LINE('',#764,#765);
#764 = CARTESIAN_POINT('',(83.460580837557,45.003793110675,215.));
#765 = VECTOR('',#766,1.);
#766 = DIRECTION('',(0.,-1.,0.));
#767 = ORIENTED_EDGE('',*,*,#768,.T.);
#768 = EDGE_CURVE('',#761,#769,#771,.T.);
#769 = VERTEX_POINT('',#770);
#770 = CARTESIAN_POINT('',(78.710580837557,87.265172442699,215.));
#771 = LINE('',#772,#773);
#772 = CARTESIAN_POINT('',(30.300648973221,59.315685249373,215.));
#773 = VECTOR('',#774,1.);
#774 = DIRECTION('',(-0.866025403784,-0.5,0.));
#775 = ORIENTED_EDGE('',*,*,#776,.T.);
#776 = EDGE_CURVE('',#769,#777,#779,.T.);
#777 = VERTEX_POINT('',#778);
#778 = CARTESIAN_POINT('',(73.960580837557,90.007586221349,215.));
#779 = LINE('',#780,#781);
#780 = CARTESIAN_POINT('',(65.712577073725,94.769573414675,215.));
#781 = VECTOR('',#782,1.);
#782 = DIRECTION('',(-0.866025403784,0.5,0.));
#783 = ORIENTED_EDGE('',*,*,#784,.T.);
#784 = EDGE_CURVE('',#777,#743,#785,.T.);
#785 = LINE('',#786,#787);
#786 = CARTESIAN_POINT('',(73.960580837557,47.746206889325,215.));
#787 = VECTOR('',#788,1.);
#788 = DIRECTION('',(-0.,1.,0.));
#789 = FACE_BOUND('',#790,.T.);
#790 = EDGE_LOOP('',(#791,#801,#809,#817,#825,#833));
#791 = ORIENTED_EDGE('',*,*,#792,.T.);
#792 = EDGE_CURVE('',#793,#795,#797,.T.);
#793 = VERTEX_POINT('',#794);
#794 = CARTESIAN_POINT('',(59.671161675114,103.74241377865,215.));
#795 = VERTEX_POINT('',#796);
#796 = CARTESIAN_POINT('',(64.421161675114,106.4848275573,215.));
#797 = LINE('',#798,#799);
#798 = CARTESIAN_POINT('',(17.208584601389,79.226633474651,215.));
#799 = VECTOR('',#800,1.);
#800 = DIRECTION('',(0.866025403784,0.5,-0.));
#801 = ORIENTED_EDGE('',*,*,#802,.T.);
#802 = EDGE_CURVE('',#795,#803,#805,.T.);
#803 = VERTEX_POINT('',#804);
#804 = CARTESIAN_POINT('',(69.171161675114,103.74241377865,215.));
#805 = LINE('',#806,#807);
#806 = CARTESIAN_POINT('',(65.692867492503,105.7506078613,215.));
#807 = VECTOR('',#808,1.);
#808 = DIRECTION('',(0.866025403784,-0.5,0.));
#809 = ORIENTED_EDGE('',*,*,#810,.T.);
#810 = EDGE_CURVE('',#803,#811,#813,.T.);
#811 = VERTEX_POINT('',#812);
#812 = CARTESIAN_POINT('',(69.171161675114,98.257586221349,215.));
#813 = LINE('',#814,#815);
#814 = CARTESIAN_POINT('',(69.171161675114,49.128793110675,215.));
#815 = VECTOR('',#816,1.);
#816 = DIRECTION('',(0.,-1.,0.));
#817 = ORIENTED_EDGE('',*,*,#818,.T.);
#818 = EDGE_CURVE('',#811,#819,#821,.T.);
#819 = VERTEX_POINT('',#820);
#820 = CARTESIAN_POINT('',(64.421161675114,95.515172442699,215.));
#821 = LINE('',#822,#823);
#822 = CARTESIAN_POINT('',(19.583584601389,69.628185249373,215.));
#823 = VECTOR('',#824,1.);
#824 = DIRECTION('',(-0.866025403784,-0.5,0.));
#825 = ORIENTED_EDGE('',*,*,#826,.T.);
#826 = EDGE_CURVE('',#819,#827,#829,.T.);
#827 = VERTEX_POINT('',#828);
#828 = CARTESIAN_POINT('',(59.671161675114,98.257586221349,215.));
#829 = LINE('',#830,#831);
#830 = CARTESIAN_POINT('',(58.567867492503,98.894573414675,215.));
#831 = VECTOR('',#832,1.);
#832 = DIRECTION('',(-0.866025403784,0.5,0.));
#833 = ORIENTED_EDGE('',*,*,#834,.T.);
#834 = EDGE_CURVE('',#827,#793,#835,.T.);
#835 = LINE('',#836,#837);
#836 = CARTESIAN_POINT('',(59.671161675114,51.871206889325,215.));
#837 = VECTOR('',#838,1.);
#838 = DIRECTION('',(-0.,1.,0.));
#839 = FACE_BOUND('',#840,.T.);
#840 = EDGE_LOOP('',(#841,#851,#859,#867,#875,#883));
#841 = ORIENTED_EDGE('',*,*,#842,.T.);
#842 = EDGE_CURVE('',#843,#845,#847,.T.);
#843 = VERTEX_POINT('',#844);
#844 = CARTESIAN_POINT('',(54.908021954299,111.99241377865,215.));
#845 = VERTEX_POINT('',#846);
#846 = CARTESIAN_POINT('',(59.658021954299,114.7348275573,215.));
#847 = LINE('',#848,#849);
#848 = CARTESIAN_POINT('',(12.445444880574,87.476633474651,215.));
#849 = VECTOR('',#850,1.);
#850 = DIRECTION('',(0.866025403784,0.5,-0.));
#851 = ORIENTED_EDGE('',*,*,#852,.T.);
#852 = EDGE_CURVE('',#845,#853,#855,.T.);
#853 = VERTEX_POINT('',#854);
#854 = CARTESIAN_POINT('',(64.408021954299,111.99241377865,215.));
#855 = LINE('',#856,#857);
#856 = CARTESIAN_POINT('',(64.502082562299,111.9381078613,215.));
#857 = VECTOR('',#858,1.);
#858 = DIRECTION('',(0.866025403784,-0.5,0.));
#859 = ORIENTED_EDGE('',*,*,#860,.T.);
#860 = EDGE_CURVE('',#853,#861,#863,.T.);
#861 = VERTEX_POINT('',#862);
#862 = CARTESIAN_POINT('',(64.408021954299,106.50758622134,215.));
#863 = LINE('',#864,#865);
#864 = CARTESIAN_POINT('',(64.408021954299,53.253793110675,215.));
#865 = VECTOR('',#866,1.);
#866 = DIRECTION('',(0.,-1.,0.));
#867 = ORIENTED_EDGE('',*,*,#868,.T.);
#868 = EDGE_CURVE('',#861,#869,#871,.T.);
#869 = VERTEX_POINT('',#870);
#870 = CARTESIAN_POINT('',(59.658021954299,103.76517244269,215.));
#871 = LINE('',#872,#873);
#872 = CARTESIAN_POINT('',(14.820444880574,77.878185249373,215.));
#873 = VECTOR('',#874,1.);
#874 = DIRECTION('',(-0.866025403784,-0.5,0.));
#875 = ORIENTED_EDGE('',*,*,#876,.T.);
#876 = EDGE_CURVE('',#869,#877,#879,.T.);
#877 = VERTEX_POINT('',#878);
#878 = CARTESIAN_POINT('',(54.908021954299,106.50758622134,215.));
#879 = LINE('',#880,#881);
#880 = CARTESIAN_POINT('',(57.377082562299,105.08207341467,215.));
#881 = VECTOR('',#882,1.);
#882 = DIRECTION('',(-0.866025403784,0.5,0.));
#883 = ORIENTED_EDGE('',*,*,#884,.T.);
#884 = EDGE_CURVE('',#877,#843,#885,.T.);
#885 = LINE('',#886,#887);
#886 = CARTESIAN_POINT('',(54.908021954299,55.996206889325,215.));
#887 = VECTOR('',#888,1.);
#888 = DIRECTION('',(-0.,1.,0.));
#889 = FACE_BOUND('',#890,.T.);
#890 = EDGE_LOOP('',(#891,#901,#909,#917,#925,#933));
#891 = ORIENTED_EDGE('',*,*,#892,.T.);
#892 = EDGE_CURVE('',#893,#895,#897,.T.);
#893 = VERTEX_POINT('',#894);
#894 = CARTESIAN_POINT('',(69.197441116742,103.74241377865,215.));
#895 = VERTEX_POINT('',#896);
#896 = CARTESIAN_POINT('',(73.947441116742,106.4848275573,215.));
#897 = LINE('',#898,#899);
#898 = CARTESIAN_POINT('',(23.162509252407,77.164133474651,215.));
#899 = VECTOR('',#900,1.);
#900 = DIRECTION('',(0.866025403784,0.5,-0.));
#901 = ORIENTED_EDGE('',*,*,#902,.T.);
#902 = EDGE_CURVE('',#895,#903,#905,.T.);
#903 = VERTEX_POINT('',#904);
#904 = CARTESIAN_POINT('',(78.697441116742,103.74241377865,215.));
#905 = LINE('',#906,#907);
#906 = CARTESIAN_POINT('',(71.646792143521,107.8131078613,215.));
#907 = VECTOR('',#908,1.);
#908 = DIRECTION('',(0.866025403784,-0.5,0.));
#909 = ORIENTED_EDGE('',*,*,#910,.T.);
#910 = EDGE_CURVE('',#903,#911,#913,.T.);
#911 = VERTEX_POINT('',#912);
#912 = CARTESIAN_POINT('',(78.697441116742,98.257586221349,215.));
#913 = LINE('',#914,#915);
#914 = CARTESIAN_POINT('',(78.697441116742,49.128793110675,215.));
#915 = VECTOR('',#916,1.);
#916 = DIRECTION('',(0.,-1.,0.));
#917 = ORIENTED_EDGE('',*,*,#918,.T.);
#918 = EDGE_CURVE('',#911,#919,#921,.T.);
#919 = VERTEX_POINT('',#920);
#920 = CARTESIAN_POINT('',(73.947441116742,95.515172442699,215.));
#921 = LINE('',#922,#923);
#922 = CARTESIAN_POINT('',(25.537509252407,67.565685249373,215.));
#923 = VECTOR('',#924,1.);
#924 = DIRECTION('',(-0.866025403784,-0.5,0.));
#925 = ORIENTED_EDGE('',*,*,#926,.T.);
#926 = EDGE_CURVE('',#919,#927,#929,.T.);
#927 = VERTEX_POINT('',#928);
#928 = CARTESIAN_POINT('',(69.197441116742,98.257586221349,215.));
#929 = LINE('',#930,#931);
#930 = CARTESIAN_POINT('',(64.521792143521,100.95707341467,215.));
#931 = VECTOR('',#932,1.);
#932 = DIRECTION('',(-0.866025403784,0.5,0.));
#933 = ORIENTED_EDGE('',*,*,#934,.T.);
#934 = EDGE_CURVE('',#927,#893,#935,.T.);
#935 = LINE('',#936,#937);
#936 = CARTESIAN_POINT('',(69.197441116742,51.871206889325,215.));
#937 = VECTOR('',#938,1.);
#938 = DIRECTION('',(-0.,1.,0.));
#939 = FACE_BOUND('',#940,.T.);
#940 = EDGE_LOOP('',(#941,#951,#959,#967,#975,#983));
#941 = ORIENTED_EDGE('',*,*,#942,.T.);
#942 = EDGE_CURVE('',#943,#945,#947,.T.);
#943 = VERTEX_POINT('',#944);
#944 = CARTESIAN_POINT('',(78.723720558371,103.74241377865,215.));
#945 = VERTEX_POINT('',#946);
#946 = CARTESIAN_POINT('',(83.473720558371,106.4848275573,215.));
#947 = LINE('',#948,#949);
#948 = CARTESIAN_POINT('',(29.116433903425,75.101633474651,215.));
#949 = VECTOR('',#950,1.);
#950 = DIRECTION('',(0.866025403784,0.5,-0.));
#951 = ORIENTED_EDGE('',*,*,#952,.T.);
#952 = EDGE_CURVE('',#945,#953,#955,.T.);
#953 = VERTEX_POINT('',#954);
#954 = CARTESIAN_POINT('',(88.223720558371,103.74241377865,215.));
#955 = LINE('',#956,#957);
#956 = CARTESIAN_POINT('',(77.600716794539,109.8756078613,215.));
#957 = VECTOR('',#958,1.);
#958 = DIRECTION('',(0.866025403784,-0.5,0.));
#959 = ORIENTED_EDGE('',*,*,#960,.T.);
#960 = EDGE_CURVE('',#953,#961,#963,.T.);
#961 = VERTEX_POINT('',#962);
#962 = CARTESIAN_POINT('',(88.223720558371,98.257586221349,215.));
#963 = LINE('',#964,#965);
#964 = CARTESIAN_POINT('',(88.223720558371,49.128793110675,215.));
#965 = VECTOR('',#966,1.);
#966 = DIRECTION('',(0.,-1.,0.));
#967 = ORIENTED_EDGE('',*,*,#968,.T.);
#968 = EDGE_CURVE('',#961,#969,#971,.T.);
#969 = VERTEX_POINT('',#970);
#970 = CARTESIAN_POINT('',(83.473720558371,95.515172442699,215.));
#971 = LINE('',#972,#973);
#972 = CARTESIAN_POINT('',(31.491433903425,65.503185249373,215.));
#973 = VECTOR('',#974,1.);
#974 = DIRECTION('',(-0.866025403784,-0.5,0.));
#975 = ORIENTED_EDGE('',*,*,#976,.T.);
#976 = EDGE_CURVE('',#969,#977,#979,.T.);
#977 = VERTEX_POINT('',#978);
#978 = CARTESIAN_POINT('',(78.723720558371,98.257586221349,215.));
#979 = LINE('',#980,#981);
#980 = CARTESIAN_POINT('',(70.475716794539,103.01957341467,215.));
#981 = VECTOR('',#982,1.);
#982 = DIRECTION('',(-0.866025403784,0.5,0.));
#983 = ORIENTED_EDGE('',*,*,#984,.T.);
#984 = EDGE_CURVE('',#977,#943,#985,.T.);
#985 = LINE('',#986,#987);
#986 = CARTESIAN_POINT('',(78.723720558371,51.871206889325,215.));
#987 = VECTOR('',#988,1.);
#988 = DIRECTION('',(-0.,1.,0.));
#989 = FACE_BOUND('',#990,.T.);
#990 = EDGE_LOOP('',(#991,#1001,#1009,#1017,#1025,#1033));
#991 = ORIENTED_EDGE('',*,*,#992,.T.);
#992 = EDGE_CURVE('',#993,#995,#997,.T.);
#993 = VERTEX_POINT('',#994);
#994 = CARTESIAN_POINT('',(64.434301395928,111.99241377865,215.));
#995 = VERTEX_POINT('',#996);
#996 = CARTESIAN_POINT('',(69.184301395928,114.7348275573,215.));
#997 = LINE('',#998,#999);
#998 = CARTESIAN_POINT('',(18.399369531592,85.414133474651,215.));
#999 = VECTOR('',#1000,1.);
#1000 = DIRECTION('',(0.866025403784,0.5,-0.));
#1001 = ORIENTED_EDGE('',*,*,#1002,.T.);
#1002 = EDGE_CURVE('',#995,#1003,#1005,.T.);
#1003 = VERTEX_POINT('',#1004);
#1004 = CARTESIAN_POINT('',(73.934301395928,111.99241377865,215.));
#1005 = LINE('',#1006,#1007);
#1006 = CARTESIAN_POINT('',(70.456007213317,114.0006078613,215.));
#1007 = VECTOR('',#1008,1.);
#1008 = DIRECTION('',(0.866025403784,-0.5,0.));
#1009 = ORIENTED_EDGE('',*,*,#1010,.T.);
#1010 = EDGE_CURVE('',#1003,#1011,#1013,.T.);
#1011 = VERTEX_POINT('',#1012);
#1012 = CARTESIAN_POINT('',(73.934301395928,106.50758622134,215.));
#1013 = LINE('',#1014,#1015);
#1014 = CARTESIAN_POINT('',(73.934301395928,53.253793110675,215.));
#1015 = VECTOR('',#1016,1.);
#1016 = DIRECTION('',(0.,-1.,0.));
#1017 = ORIENTED_EDGE('',*,*,#1018,.T.);
#1018 = EDGE_CURVE('',#1011,#1019,#1021,.T.);
#1019 = VERTEX_POINT('',#1020);
#1020 = CARTESIAN_POINT('',(69.184301395928,103.76517244269,215.));
#1021 = LINE('',#1022,#1023);
#1022 = CARTESIAN_POINT('',(20.774369531592,75.815685249373,215.));
#1023 = VECTOR('',#1024,1.);
#1024 = DIRECTION('',(-0.866025403784,-0.5,0.));
#1025 = ORIENTED_EDGE('',*,*,#1026,.T.);
#1026 = EDGE_CURVE('',#1019,#1027,#1029,.T.);
#1027 = VERTEX_POINT('',#1028);
#1028 = CARTESIAN_POINT('',(64.434301395928,106.50758622134,215.));
#1029 = LINE('',#1030,#1031);
#1030 = CARTESIAN_POINT('',(63.331007213317,107.14457341467,215.));
#1031 = VECTOR('',#1032,1.);
#1032 = DIRECTION('',(-0.866025403784,0.5,0.));
#1033 = ORIENTED_EDGE('',*,*,#1034,.T.);
#1034 = EDGE_CURVE('',#1027,#993,#1035,.T.);
#1035 = LINE('',#1036,#1037);
#1036 = CARTESIAN_POINT('',(64.434301395928,55.996206889325,215.));
#1037 = VECTOR('',#1038,1.);
#1038 = DIRECTION('',(-0.,1.,0.));
#1039 = FACE_BOUND('',#1040,.T.);
#1040 = EDGE_LOOP('',(#1041,#1051,#1059,#1067,#1075,#1083));
#1041 = ORIENTED_EDGE('',*,*,#1042,.T.);
#1042 = EDGE_CURVE('',#1043,#1045,#1047,.T.);
#1043 = VERTEX_POINT('',#1044);
#1044 = CARTESIAN_POINT('',(73.960580837557,111.99241377865,215.));
#1045 = VERTEX_POINT('',#1046);
#1046 = CARTESIAN_POINT('',(78.710580837557,114.7348275573,215.));
#1047 = LINE('',#1048,#1049);
#1048 = CARTESIAN_POINT('',(24.35329418261,83.351633474651,215.));
#1049 = VECTOR('',#1050,1.);
#1050 = DIRECTION('',(0.866025403784,0.5,-0.));
#1051 = ORIENTED_EDGE('',*,*,#1052,.T.);
#1052 = EDGE_CURVE('',#1045,#1053,#1055,.T.);
#1053 = VERTEX_POINT('',#1054);
#1054 = CARTESIAN_POINT('',(83.460580837557,111.99241377865,215.));
#1055 = LINE('',#1056,#1057);
#1056 = CARTESIAN_POINT('',(76.409931864335,116.0631078613,215.));
#1057 = VECTOR('',#1058,1.);
#1058 = DIRECTION('',(0.866025403784,-0.5,0.));
#1059 = ORIENTED_EDGE('',*,*,#1060,.T.);
#1060 = EDGE_CURVE('',#1053,#1061,#1063,.T.);
#1061 = VERTEX_POINT('',#1062);
#1062 = CARTESIAN_POINT('',(83.460580837557,106.50758622134,215.));
#1063 = LINE('',#1064,#1065);
#1064 = CARTESIAN_POINT('',(83.460580837557,53.253793110675,215.));
#1065 = VECTOR('',#1066,1.);
#1066 = DIRECTION('',(0.,-1.,0.));
#1067 = ORIENTED_EDGE('',*,*,#1068,.T.);
#1068 = EDGE_CURVE('',#1061,#1069,#1071,.T.);
#1069 = VERTEX_POINT('',#1070);
#1070 = CARTESIAN_POINT('',(78.710580837557,103.76517244269,215.));
#1071 = LINE('',#1072,#1073);
#1072 = CARTESIAN_POINT('',(26.72829418261,73.753185249373,215.));
#1073 = VECTOR('',#1074,1.);
#1074 = DIRECTION('',(-0.866025403784,-0.5,0.));
#1075 = ORIENTED_EDGE('',*,*,#1076,.T.);
#1076 = EDGE_CURVE('',#1069,#1077,#1079,.T.);
#1077 = VERTEX_POINT('',#1078);
#1078 = CARTESIAN_POINT('',(73.960580837557,106.50758622134,215.));
#1079 = LINE('',#1080,#1081);
#1080 = CARTESIAN_POINT('',(69.284931864335,109.20707341467,215.));
#1081 = VECTOR('',#1082,1.);
#1082 = DIRECTION('',(-0.866025403784,0.5,0.));
#1083 = ORIENTED_EDGE('',*,*,#1084,.T.);
#1084 = EDGE_CURVE('',#1077,#1043,#1085,.T.);
#1085 = LINE('',#1086,#1087);
#1086 = CARTESIAN_POINT('',(73.960580837557,55.996206889325,215.));
#1087 = VECTOR('',#1088,1.);
#1088 = DIRECTION('',(-0.,1.,0.));
#1089 = FACE_BOUND('',#1090,.T.);
#1090 = EDGE_LOOP('',(#1091,#1101,#1109,#1117));
#1091 = ORIENTED_EDGE('',*,*,#1092,.T.);
#1092 = EDGE_CURVE('',#1093,#1095,#1097,.T.);
#1093 = VERTEX_POINT('',#1094);
#1094 = CARTESIAN_POINT('',(44.,126.,215.));
#1095 = VERTEX_POINT('',#1096);
#1096 = CARTESIAN_POINT('',(26.,126.,215.));
#1097 = LINE('',#1098,#1099);
#1098 = CARTESIAN_POINT('',(13.,126.,215.));
#1099 = VECTOR('',#1100,1.);
#1100 = DIRECTION('',(-1.,-0.,0.));
#1101 = ORIENTED_EDGE('',*,*,#1102,.T.);
#1102 = EDGE_CURVE('',#1095,#1103,#1105,.T.);
#1103 = VERTEX_POINT('',#1104);
#1104 = CARTESIAN_POINT('',(26.,140.,215.));
#1105 = LINE('',#1106,#1107);
#1106 = CARTESIAN_POINT('',(26.,63.,215.));
#1107 = VECTOR('',#1108,1.);
#1108 = DIRECTION('',(-0.,1.,0.));
#1109 = ORIENTED_EDGE('',*,*,#1110,.F.);
#1110 = EDGE_CURVE('',#1111,#1103,#1113,.T.);
#1111 = VERTEX_POINT('',#1112);
#1112 = CARTESIAN_POINT('',(44.,140.,215.));
#1113 = LINE('',#1114,#1115);
#1114 = CARTESIAN_POINT('',(13.,140.,215.));
#1115 = VECTOR('',#1116,1.);
#1116 = DIRECTION('',(-1.,-0.,0.));
#1117 = ORIENTED_EDGE('',*,*,#1118,.F.);
#1118 = EDGE_CURVE('',#1093,#1111,#1119,.T.);
#1119 = LINE('',#1120,#1121);
#1120 = CARTESIAN_POINT('',(44.,63.,215.));
#1121 = VECTOR('',#1122,1.);
#1122 = DIRECTION('',(-0.,1.,0.));
#1123 = FACE_BOUND('',#1124,.T.);
#1124 = EDGE_LOOP('',(#1125,#1135,#1143,#1151,#1159,#1167));
#1125 = ORIENTED_EDGE('',*,*,#1126,.T.);
#1126 = EDGE_CURVE('',#1127,#1129,#1131,.T.);
#1127 = VERTEX_POINT('',#1128);
#1128 = CARTESIAN_POINT('',(59.671161675114,120.24241377865,215.));
#1129 = VERTEX_POINT('',#1130);
#1130 = CARTESIAN_POINT('',(64.421161675114,122.9848275573,215.));
#1131 = LINE('',#1132,#1133);
#1132 = CARTESIAN_POINT('',(13.636229810778,93.664133474651,215.));
#1133 = VECTOR('',#1134,1.);
#1134 = DIRECTION('',(0.866025403784,0.5,-0.));
#1135 = ORIENTED_EDGE('',*,*,#1136,.T.);
#1136 = EDGE_CURVE('',#1129,#1137,#1139,.T.);
#1137 = VERTEX_POINT('',#1138);
#1138 = CARTESIAN_POINT('',(69.171161675114,120.24241377865,215.));
#1139 = LINE('',#1140,#1141);
#1140 = CARTESIAN_POINT('',(69.265222283114,120.1881078613,215.));
#1141 = VECTOR('',#1142,1.);
#1142 = DIRECTION('',(0.866025403784,-0.5,0.));
#1143 = ORIENTED_EDGE('',*,*,#1144,.T.);
#1144 = EDGE_CURVE('',#1137,#1145,#1147,.T.);
#1145 = VERTEX_POINT('',#1146);
#1146 = CARTESIAN_POINT('',(69.171161675114,114.75758622134,215.));
#1147 = LINE('',#1148,#1149);
#1148 = CARTESIAN_POINT('',(69.171161675114,57.378793110675,215.));
#1149 = VECTOR('',#1150,1.);
#1150 = DIRECTION('',(0.,-1.,0.));
#1151 = ORIENTED_EDGE('',*,*,#1152,.T.);
#1152 = EDGE_CURVE('',#1145,#1153,#1155,.T.);
#1153 = VERTEX_POINT('',#1154);
#1154 = CARTESIAN_POINT('',(64.421161675114,112.01517244269,215.));
#1155 = LINE('',#1156,#1157);
#1156 = CARTESIAN_POINT('',(16.011229810778,84.065685249373,215.));
#1157 = VECTOR('',#1158,1.);
#1158 = DIRECTION('',(-0.866025403784,-0.5,0.));
#1159 = ORIENTED_EDGE('',*,*,#1160,.T.);
#1160 = EDGE_CURVE('',#1153,#1161,#1163,.T.);
#1161 = VERTEX_POINT('',#1162);
#1162 = CARTESIAN_POINT('',(59.671161675114,114.75758622134,215.));
#1163 = LINE('',#1164,#1165);
#1164 = CARTESIAN_POINT('',(62.140222283114,113.33207341467,215.));
#1165 = VECTOR('',#1166,1.);
#1166 = DIRECTION('',(-0.866025403784,0.5,0.));
#1167 = ORIENTED_EDGE('',*,*,#1168,.T.);
#1168 = EDGE_CURVE('',#1161,#1127,#1169,.T.);
#1169 = LINE('',#1170,#1171);
#1170 = CARTESIAN_POINT('',(59.671161675114,60.121206889325,215.));
#1171 = VECTOR('',#1172,1.);
#1172 = DIRECTION('',(-0.,1.,0.));
#1173 = FACE_BOUND('',#1174,.T.);
#1174 = EDGE_LOOP('',(#1175,#1185,#1193,#1201,#1209,#1217));
#1175 = ORIENTED_EDGE('',*,*,#1176,.T.);
#1176 = EDGE_CURVE('',#1177,#1179,#1181,.T.);
#1177 = VERTEX_POINT('',#1178);
#1178 = CARTESIAN_POINT('',(69.197441116742,120.24241377865,215.));
#1179 = VERTEX_POINT('',#1180);
#1180 = CARTESIAN_POINT('',(73.947441116742,122.9848275573,215.));
#1181 = LINE('',#1182,#1183);
#1182 = CARTESIAN_POINT('',(19.590154461796,91.601633474651,215.));
#1183 = VECTOR('',#1184,1.);
#1184 = DIRECTION('',(0.866025403784,0.5,-0.));
#1185 = ORIENTED_EDGE('',*,*,#1186,.T.);
#1186 = EDGE_CURVE('',#1179,#1187,#1189,.T.);
#1187 = VERTEX_POINT('',#1188);
#1188 = CARTESIAN_POINT('',(78.697441116742,120.24241377865,215.));
#1189 = LINE('',#1190,#1191);
#1190 = CARTESIAN_POINT('',(75.219146934132,122.2506078613,215.));
#1191 = VECTOR('',#1192,1.);
#1192 = DIRECTION('',(0.866025403784,-0.5,0.));
#1193 = ORIENTED_EDGE('',*,*,#1194,.T.);
#1194 = EDGE_CURVE('',#1187,#1195,#1197,.T.);
#1195 = VERTEX_POINT('',#1196);
#1196 = CARTESIAN_POINT('',(78.697441116742,114.75758622134,215.));
#1197 = LINE('',#1198,#1199);
#1198 = CARTESIAN_POINT('',(78.697441116742,57.378793110675,215.));
#1199 = VECTOR('',#1200,1.);
#1200 = DIRECTION('',(0.,-1.,0.));
#1201 = ORIENTED_EDGE('',*,*,#1202,.T.);
#1202 = EDGE_CURVE('',#1195,#1203,#1205,.T.);
#1203 = VERTEX_POINT('',#1204);
#1204 = CARTESIAN_POINT('',(73.947441116742,112.01517244269,215.));
#1205 = LINE('',#1206,#1207);
#1206 = CARTESIAN_POINT('',(21.965154461796,82.003185249373,215.));
#1207 = VECTOR('',#1208,1.);
#1208 = DIRECTION('',(-0.866025403784,-0.5,0.));
#1209 = ORIENTED_EDGE('',*,*,#1210,.T.);
#1210 = EDGE_CURVE('',#1203,#1211,#1213,.T.);
#1211 = VERTEX_POINT('',#1212);
#1212 = CARTESIAN_POINT('',(69.197441116742,114.75758622134,215.));
#1213 = LINE('',#1214,#1215);
#1214 = CARTESIAN_POINT('',(68.094146934132,115.39457341467,215.));
#1215 = VECTOR('',#1216,1.);
#1216 = DIRECTION('',(-0.866025403784,0.5,0.));
#1217 = ORIENTED_EDGE('',*,*,#1218,.T.);
#1218 = EDGE_CURVE('',#1211,#1177,#1219,.T.);
#1219 = LINE('',#1220,#1221);
#1220 = CARTESIAN_POINT('',(69.197441116742,60.121206889325,215.));
#1221 = VECTOR('',#1222,1.);
#1222 = DIRECTION('',(-0.,1.,0.));
#1223 = FACE_BOUND('',#1224,.T.);
#1224 = EDGE_LOOP('',(#1225,#1235,#1243,#1251,#1259,#1267));
#1225 = ORIENTED_EDGE('',*,*,#1226,.T.);
#1226 = EDGE_CURVE('',#1227,#1229,#1231,.T.);
#1227 = VERTEX_POINT('',#1228);
#1228 = CARTESIAN_POINT('',(78.723720558371,120.24241377865,215.));
#1229 = VERTEX_POINT('',#1230);
#1230 = CARTESIAN_POINT('',(83.473720558371,122.9848275573,215.));
#1231 = LINE('',#1232,#1233);
#1232 = CARTESIAN_POINT('',(25.544079112814,89.539133474651,215.));
#1233 = VECTOR('',#1234,1.);
#1234 = DIRECTION('',(0.866025403784,0.5,-0.));
#1235 = ORIENTED_EDGE('',*,*,#1236,.T.);
#1236 = EDGE_CURVE('',#1229,#1237,#1239,.T.);
#1237 = VERTEX_POINT('',#1238);
#1238 = CARTESIAN_POINT('',(88.223720558371,120.24241377865,215.));
#1239 = LINE('',#1240,#1241);
#1240 = CARTESIAN_POINT('',(81.17307158515,124.3131078613,215.));
#1241 = VECTOR('',#1242,1.);
#1242 = DIRECTION('',(0.866025403784,-0.5,0.));
#1243 = ORIENTED_EDGE('',*,*,#1244,.T.);
#1244 = EDGE_CURVE('',#1237,#1245,#1247,.T.);
#1245 = VERTEX_POINT('',#1246);
#1246 = CARTESIAN_POINT('',(88.223720558371,114.75758622134,215.));
#1247 = LINE('',#1248,#1249);
#1248 = CARTESIAN_POINT('',(88.223720558371,57.378793110675,215.));
#1249 = VECTOR('',#1250,1.);
#1250 = DIRECTION('',(0.,-1.,0.));
#1251 = ORIENTED_EDGE('',*,*,#1252,.T.);
#1252 = EDGE_CURVE('',#1245,#1253,#1255,.T.);
#1253 = VERTEX_POINT('',#1254);
#1254 = CARTESIAN_POINT('',(83.473720558371,112.01517244269,215.));
#1255 = LINE('',#1256,#1257);
#1256 = CARTESIAN_POINT('',(27.919079112814,79.940685249373,215.));
#1257 = VECTOR('',#1258,1.);
#1258 = DIRECTION('',(-0.866025403784,-0.5,0.));
#1259 = ORIENTED_EDGE('',*,*,#1260,.T.);
#1260 = EDGE_CURVE('',#1253,#1261,#1263,.T.);
#1261 = VERTEX_POINT('',#1262);
#1262 = CARTESIAN_POINT('',(78.723720558371,114.75758622134,215.));
#1263 = LINE('',#1264,#1265);
#1264 = CARTESIAN_POINT('',(74.04807158515,117.45707341467,215.));
#1265 = VECTOR('',#1266,1.);
#1266 = DIRECTION('',(-0.866025403784,0.5,0.));
#1267 = ORIENTED_EDGE('',*,*,#1268,.T.);
#1268 = EDGE_CURVE('',#1261,#1227,#1269,.T.);
#1269 = LINE('',#1270,#1271);
#1270 = CARTESIAN_POINT('',(78.723720558371,60.121206889325,215.));
#1271 = VECTOR('',#1272,1.);
#1272 = DIRECTION('',(-0.,1.,0.));
#1273 = FACE_BOUND('',#1274,.T.);
#1274 = EDGE_LOOP('',(#1275,#1285,#1293,#1301,#1309,#1317));
#1275 = ORIENTED_EDGE('',*,*,#1276,.T.);
#1276 = EDGE_CURVE('',#1277,#1279,#1281,.T.);
#1277 = VERTEX_POINT('',#1278);
#1278 = CARTESIAN_POINT('',(64.434301395928,128.49241377865,215.));
#1279 = VERTEX_POINT('',#1280);
#1280 = CARTESIAN_POINT('',(69.184301395928,131.2348275573,215.));
#1281 = LINE('',#1282,#1283);
#1282 = CARTESIAN_POINT('',(14.827014740982,99.85163347465,215.));
#1283 = VECTOR('',#1284,1.);
#1284 = DIRECTION('',(0.866025403784,0.5,-0.));
#1285 = ORIENTED_EDGE('',*,*,#1286,.T.);
#1286 = EDGE_CURVE('',#1279,#1287,#1289,.T.);
#1287 = VERTEX_POINT('',#1288);
#1288 = CARTESIAN_POINT('',(73.934301395928,128.49241377865,215.));
#1289 = LINE('',#1290,#1291);
#1290 = CARTESIAN_POINT('',(74.028362003928,128.4381078613,215.));
#1291 = VECTOR('',#1292,1.);
#1292 = DIRECTION('',(0.866025403784,-0.5,0.));
#1293 = ORIENTED_EDGE('',*,*,#1294,.T.);
#1294 = EDGE_CURVE('',#1287,#1295,#1297,.T.);
#1295 = VERTEX_POINT('',#1296);
#1296 = CARTESIAN_POINT('',(73.934301395928,123.00758622134,215.));
#1297 = LINE('',#1298,#1299);
#1298 = CARTESIAN_POINT('',(73.934301395928,61.503793110675,215.));
#1299 = VECTOR('',#1300,1.);
#1300 = DIRECTION('',(0.,-1.,0.));
#1301 = ORIENTED_EDGE('',*,*,#1302,.T.);
#1302 = EDGE_CURVE('',#1295,#1303,#1305,.T.);
#1303 = VERTEX_POINT('',#1304);
#1304 = CARTESIAN_POINT('',(69.184301395928,120.26517244269,215.));
#1305 = LINE('',#1306,#1307);
#1306 = CARTESIAN_POINT('',(17.202014740982,90.253185249373,215.));
#1307 = VECTOR('',#1308,1.);
#1308 = DIRECTION('',(-0.866025403784,-0.5,0.));
#1309 = ORIENTED_EDGE('',*,*,#1310,.T.);
#1310 = EDGE_CURVE('',#1303,#1311,#1313,.T.);
#1311 = VERTEX_POINT('',#1312);
#1312 = CARTESIAN_POINT('',(64.434301395928,123.00758622134,215.));
#1313 = LINE('',#1314,#1315);
#1314 = CARTESIAN_POINT('',(66.903362003928,121.58207341467,215.));
#1315 = VECTOR('',#1316,1.);
#1316 = DIRECTION('',(-0.866025403784,0.5,0.));
#1317 = ORIENTED_EDGE('',*,*,#1318,.T.);
#1318 = EDGE_CURVE('',#1311,#1277,#1319,.T.);
#1319 = LINE('',#1320,#1321);
#1320 = CARTESIAN_POINT('',(64.434301395928,64.246206889325,215.));
#1321 = VECTOR('',#1322,1.);
#1322 = DIRECTION('',(-0.,1.,0.));
#1323 = FACE_BOUND('',#1324,.T.);
#1324 = EDGE_LOOP('',(#1325,#1335,#1343,#1351,#1359,#1367));
#1325 = ORIENTED_EDGE('',*,*,#1326,.T.);
#1326 = EDGE_CURVE('',#1327,#1329,#1331,.T.);
#1327 = VERTEX_POINT('',#1328);
#1328 = CARTESIAN_POINT('',(73.960580837557,128.49241377865,215.));
#1329 = VERTEX_POINT('',#1330);
#1330 = CARTESIAN_POINT('',(78.710580837557,131.2348275573,215.));
#1331 = LINE('',#1332,#1333);
#1332 = CARTESIAN_POINT('',(20.780939392,97.78913347465,215.));
#1333 = VECTOR('',#1334,1.);
#1334 = DIRECTION('',(0.866025403784,0.5,-0.));
#1335 = ORIENTED_EDGE('',*,*,#1336,.T.);
#1336 = EDGE_CURVE('',#1329,#1337,#1339,.T.);
#1337 = VERTEX_POINT('',#1338);
#1338 = CARTESIAN_POINT('',(83.460580837557,128.49241377865,215.));
#1339 = LINE('',#1340,#1341);
#1340 = CARTESIAN_POINT('',(79.982286654946,130.5006078613,215.));
#1341 = VECTOR('',#1342,1.);
#1342 = DIRECTION('',(0.866025403784,-0.5,0.));
#1343 = ORIENTED_EDGE('',*,*,#1344,.T.);
#1344 = EDGE_CURVE('',#1337,#1345,#1347,.T.);
#1345 = VERTEX_POINT('',#1346);
#1346 = CARTESIAN_POINT('',(83.460580837557,123.00758622134,215.));
#1347 = LINE('',#1348,#1349);
#1348 = CARTESIAN_POINT('',(83.460580837557,61.503793110675,215.));
#1349 = VECTOR('',#1350,1.);
#1350 = DIRECTION('',(0.,-1.,0.));
#1351 = ORIENTED_EDGE('',*,*,#1352,.T.);
#1352 = EDGE_CURVE('',#1345,#1353,#1355,.T.);
#1353 = VERTEX_POINT('',#1354);
#1354 = CARTESIAN_POINT('',(78.710580837557,120.26517244269,215.));
#1355 = LINE('',#1356,#1357);
#1356 = CARTESIAN_POINT('',(23.155939392,88.190685249373,215.));
#1357 = VECTOR('',#1358,1.);
#1358 = DIRECTION('',(-0.866025403784,-0.5,0.));
#1359 = ORIENTED_EDGE('',*,*,#1360,.T.);
#1360 = EDGE_CURVE('',#1353,#1361,#1363,.T.);
#1361 = VERTEX_POINT('',#1362);
#1362 = CARTESIAN_POINT('',(73.960580837557,123.00758622134,215.));
#1363 = LINE('',#1364,#1365);
#1364 = CARTESIAN_POINT('',(72.857286654946,123.64457341467,215.));
#1365 = VECTOR('',#1366,1.);
#1366 = DIRECTION('',(-0.866025403784,0.5,0.));
#1367 = ORIENTED_EDGE('',*,*,#1368,.T.);
#1368 = EDGE_CURVE('',#1361,#1327,#1369,.T.);
#1369 = LINE('',#1370,#1371);
#1370 = CARTESIAN_POINT('',(73.960580837557,64.246206889325,215.));
#1371 = VECTOR('',#1372,1.);
#1372 = DIRECTION('',(-0.,1.,0.));
#1373 = FACE_BOUND('',#1374,.T.);
#1374 = EDGE_LOOP('',(#1375));
#1375 = ORIENTED_EDGE('',*,*,#1376,.F.);
#1376 = EDGE_CURVE('',#1377,#1377,#1379,.T.);
#1377 = VERTEX_POINT('',#1378);
#1378 = CARTESIAN_POINT('',(53.85,142.25,215.));
#1379 = CIRCLE('',#1380,2.1);
#1380 = AXIS2_PLACEMENT_3D('',#1381,#1382,#1383);
#1381 = CARTESIAN_POINT('',(51.75,142.25,215.));
#1382 = DIRECTION('',(0.,0.,1.));
#1383 = DIRECTION('',(1.,0.,-0.));
#1384 = FACE_BOUND('',#1385,.T.);
#1385 = EDGE_LOOP('',(#1386,#1396,#1404,#1412,#1420,#1428));
#1386 = ORIENTED_EDGE('',*,*,#1387,.T.);
#1387 = EDGE_CURVE('',#1388,#1390,#1392,.T.);
#1388 = VERTEX_POINT('',#1389);
#1389 = CARTESIAN_POINT('',(78.723720558371,136.74241377865,215.));
#1390 = VERTEX_POINT('',#1391);
#1391 = CARTESIAN_POINT('',(83.473720558371,139.4848275573,215.));
#1392 = LINE('',#1393,#1394);
#1393 = CARTESIAN_POINT('',(21.971724322203,103.97663347465,215.));
#1394 = VECTOR('',#1395,1.);
#1395 = DIRECTION('',(0.866025403784,0.5,-0.));
#1396 = ORIENTED_EDGE('',*,*,#1397,.T.);
#1397 = EDGE_CURVE('',#1390,#1398,#1400,.T.);
#1398 = VERTEX_POINT('',#1399);
#1399 = CARTESIAN_POINT('',(88.223720558371,136.74241377865,215.));
#1400 = LINE('',#1401,#1402);
#1401 = CARTESIAN_POINT('',(84.745426375761,138.7506078613,215.));
#1402 = VECTOR('',#1403,1.);
#1403 = DIRECTION('',(0.866025403784,-0.5,0.));
#1404 = ORIENTED_EDGE('',*,*,#1405,.T.);
#1405 = EDGE_CURVE('',#1398,#1406,#1408,.T.);
#1406 = VERTEX_POINT('',#1407);
#1407 = CARTESIAN_POINT('',(88.223720558371,131.25758622134,215.));
#1408 = LINE('',#1409,#1410);
#1409 = CARTESIAN_POINT('',(88.223720558371,65.628793110675,215.));
#1410 = VECTOR('',#1411,1.);
#1411 = DIRECTION('',(0.,-1.,0.));
#1412 = ORIENTED_EDGE('',*,*,#1413,.T.);
#1413 = EDGE_CURVE('',#1406,#1414,#1416,.T.);
#1414 = VERTEX_POINT('',#1415);
#1415 = CARTESIAN_POINT('',(83.473720558371,128.51517244269,215.));
#1416 = LINE('',#1417,#1418);
#1417 = CARTESIAN_POINT('',(24.346724322203,94.378185249373,215.));
#1418 = VECTOR('',#1419,1.);
#1419 = DIRECTION('',(-0.866025403784,-0.5,0.));
#1420 = ORIENTED_EDGE('',*,*,#1421,.T.);
#1421 = EDGE_CURVE('',#1414,#1422,#1424,.T.);
#1422 = VERTEX_POINT('',#1423);
#1423 = CARTESIAN_POINT('',(78.723720558371,131.25758622134,215.));
#1424 = LINE('',#1425,#1426);
#1425 = CARTESIAN_POINT('',(77.620426375761,131.89457341467,215.));
#1426 = VECTOR('',#1427,1.);
#1427 = DIRECTION('',(-0.866025403784,0.5,0.));
#1428 = ORIENTED_EDGE('',*,*,#1429,.T.);
#1429 = EDGE_CURVE('',#1422,#1388,#1430,.T.);
#1430 = LINE('',#1431,#1432);
#1431 = CARTESIAN_POINT('',(78.723720558371,68.371206889325,215.));
#1432 = VECTOR('',#1433,1.);
#1433 = DIRECTION('',(-0.,1.,0.));
#1434 = FACE_BOUND('',#1435,.T.);
#1435 = EDGE_LOOP('',(#1436,#1446,#1454,#1462,#1470,#1478));
#1436 = ORIENTED_EDGE('',*,*,#1437,.T.);
#1437 = EDGE_CURVE('',#1438,#1440,#1442,.T.);
#1438 = VERTEX_POINT('',#1439);
#1439 = CARTESIAN_POINT('',(83.486860279186,78.992413778651,215.));
#1440 = VERTEX_POINT('',#1441);
#1441 = CARTESIAN_POINT('',(88.236860279186,81.734827557301,215.));
#1442 = LINE('',#1443,#1444);
#1443 = CARTESIAN_POINT('',(37.45192841485,52.414133474651,215.));
#1444 = VECTOR('',#1445,1.);
#1445 = DIRECTION('',(0.866025403784,0.5,-0.));
#1446 = ORIENTED_EDGE('',*,*,#1447,.T.);
#1447 = EDGE_CURVE('',#1440,#1448,#1450,.T.);
#1448 = VERTEX_POINT('',#1449);
#1449 = CARTESIAN_POINT('',(92.986860279186,78.992413778651,215.));
#1450 = LINE('',#1451,#1452);
#1451 = CARTESIAN_POINT('',(75.219146934132,89.250607861302,215.));
#1452 = VECTOR('',#1453,1.);
#1453 = DIRECTION('',(0.866025403784,-0.5,0.));
#1454 = ORIENTED_EDGE('',*,*,#1455,.T.);
#1455 = EDGE_CURVE('',#1448,#1456,#1458,.T.);
#1456 = VERTEX_POINT('',#1457);
#1457 = CARTESIAN_POINT('',(92.986860279186,73.507586221349,215.));
#1458 = LINE('',#1459,#1460);
#1459 = CARTESIAN_POINT('',(92.986860279186,36.753793110675,215.));
#1460 = VECTOR('',#1461,1.);
#1461 = DIRECTION('',(0.,-1.,0.));
#1462 = ORIENTED_EDGE('',*,*,#1463,.T.);
#1463 = EDGE_CURVE('',#1456,#1464,#1466,.T.);
#1464 = VERTEX_POINT('',#1465);
#1465 = CARTESIAN_POINT('',(88.236860279186,70.765172442699,215.));
#1466 = LINE('',#1467,#1468);
#1467 = CARTESIAN_POINT('',(39.82692841485,42.815685249373,215.));
#1468 = VECTOR('',#1469,1.);
#1469 = DIRECTION('',(-0.866025403784,-0.5,0.));
#1470 = ORIENTED_EDGE('',*,*,#1471,.T.);
#1471 = EDGE_CURVE('',#1464,#1472,#1474,.T.);
#1472 = VERTEX_POINT('',#1473);
#1473 = CARTESIAN_POINT('',(83.486860279186,73.507586221349,215.));
#1474 = LINE('',#1475,#1476);
#1475 = CARTESIAN_POINT('',(68.094146934132,82.394573414675,215.));
#1476 = VECTOR('',#1477,1.);
#1477 = DIRECTION('',(-0.866025403784,0.5,0.));
#1478 = ORIENTED_EDGE('',*,*,#1479,.T.);
#1479 = EDGE_CURVE('',#1472,#1438,#1480,.T.);
#1480 = LINE('',#1481,#1482);
#1481 = CARTESIAN_POINT('',(83.486860279186,39.496206889325,215.));
#1482 = VECTOR('',#1483,1.);
#1483 = DIRECTION('',(-0.,1.,0.));
#1484 = FACE_BOUND('',#1485,.T.);
#1485 = EDGE_LOOP('',(#1486,#1496,#1504,#1512,#1520,#1528));
#1486 = ORIENTED_EDGE('',*,*,#1487,.T.);
#1487 = EDGE_CURVE('',#1488,#1490,#1492,.T.);
#1488 = VERTEX_POINT('',#1489);
#1489 = CARTESIAN_POINT('',(88.25,87.242413778651,215.));
#1490 = VERTEX_POINT('',#1491);
#1491 = CARTESIAN_POINT('',(93.,89.984827557301,215.));
#1492 = LINE('',#1493,#1494);
#1493 = CARTESIAN_POINT('',(38.642713345054,58.601633474651,215.));
#1494 = VECTOR('',#1495,1.);
#1495 = DIRECTION('',(0.866025403784,0.5,-0.));
#1496 = ORIENTED_EDGE('',*,*,#1497,.T.);
#1497 = EDGE_CURVE('',#1490,#1498,#1500,.T.);
#1498 = VERTEX_POINT('',#1499);
#1499 = CARTESIAN_POINT('',(97.75,87.242413778651,215.));
#1500 = LINE('',#1501,#1502);
#1501 = CARTESIAN_POINT('',(79.982286654946,97.500607861302,215.));
#1502 = VECTOR('',#1503,1.);
#1503 = DIRECTION('',(0.866025403784,-0.5,0.));
#1504 = ORIENTED_EDGE('',*,*,#1505,.T.);
#1505 = EDGE_CURVE('',#1498,#1506,#1508,.T.);
#1506 = VERTEX_POINT('',#1507);
#1507 = CARTESIAN_POINT('',(97.75,81.757586221349,215.));
#1508 = LINE('',#1509,#1510);
#1509 = CARTESIAN_POINT('',(97.75,40.878793110675,215.));
#1510 = VECTOR('',#1511,1.);
#1511 = DIRECTION('',(0.,-1.,0.));
#1512 = ORIENTED_EDGE('',*,*,#1513,.T.);
#1513 = EDGE_CURVE('',#1506,#1514,#1516,.T.);
#1514 = VERTEX_POINT('',#1515);
#1515 = CARTESIAN_POINT('',(93.,79.015172442699,215.));
#1516 = LINE('',#1517,#1518);
#1517 = CARTESIAN_POINT('',(41.017713345054,49.003185249373,215.));
#1518 = VECTOR('',#1519,1.);
#1519 = DIRECTION('',(-0.866025403784,-0.5,0.));
#1520 = ORIENTED_EDGE('',*,*,#1521,.T.);
#1521 = EDGE_CURVE('',#1514,#1522,#1524,.T.);
#1522 = VERTEX_POINT('',#1523);
#1523 = CARTESIAN_POINT('',(88.25,81.757586221349,215.));
#1524 = LINE('',#1525,#1526);
#1525 = CARTESIAN_POINT('',(72.857286654946,90.644573414675,215.));
#1526 = VECTOR('',#1527,1.);
#1527 = DIRECTION('',(-0.866025403784,0.5,0.));
#1528 = ORIENTED_EDGE('',*,*,#1529,.T.);
#1529 = EDGE_CURVE('',#1522,#1488,#1530,.T.);
#1530 = LINE('',#1531,#1532);
#1531 = CARTESIAN_POINT('',(88.25,43.621206889325,215.));
#1532 = VECTOR('',#1533,1.);
#1533 = DIRECTION('',(-0.,1.,0.));
#1534 = FACE_BOUND('',#1535,.T.);
#1535 = EDGE_LOOP('',(#1536,#1546,#1554,#1562,#1570,#1578));
#1536 = ORIENTED_EDGE('',*,*,#1537,.T.);
#1537 = EDGE_CURVE('',#1538,#1540,#1542,.T.);
#1538 = VERTEX_POINT('',#1539);
#1539 = CARTESIAN_POINT('',(93.013139720814,78.992413778651,215.));
#1540 = VERTEX_POINT('',#1541);
#1541 = CARTESIAN_POINT('',(97.763139720814,81.734827557301,215.));
#1542 = LINE('',#1543,#1544);
#1543 = CARTESIAN_POINT('',(43.405853065868,50.351633474651,215.));
#1544 = VECTOR('',#1545,1.);
#1545 = DIRECTION('',(0.866025403784,0.5,-0.));
#1546 = ORIENTED_EDGE('',*,*,#1547,.T.);
#1547 = EDGE_CURVE('',#1540,#1548,#1550,.T.);
#1548 = VERTEX_POINT('',#1549);
#1549 = CARTESIAN_POINT('',(102.51313972081,78.992413778651,215.));
#1550 = LINE('',#1551,#1552);
#1551 = CARTESIAN_POINT('',(81.17307158515,91.313107861302,215.));
#1552 = VECTOR('',#1553,1.);
#1553 = DIRECTION('',(0.866025403784,-0.5,0.));
#1554 = ORIENTED_EDGE('',*,*,#1555,.T.);
#1555 = EDGE_CURVE('',#1548,#1556,#1558,.T.);
#1556 = VERTEX_POINT('',#1557);
#1557 = CARTESIAN_POINT('',(102.51313972081,73.507586221349,215.));
#1558 = LINE('',#1559,#1560);
#1559 = CARTESIAN_POINT('',(102.51313972081,36.753793110675,215.));
#1560 = VECTOR('',#1561,1.);
#1561 = DIRECTION('',(0.,-1.,0.));
#1562 = ORIENTED_EDGE('',*,*,#1563,.T.);
#1563 = EDGE_CURVE('',#1556,#1564,#1566,.T.);
#1564 = VERTEX_POINT('',#1565);
#1565 = CARTESIAN_POINT('',(97.763139720814,70.765172442699,215.));
#1566 = LINE('',#1567,#1568);
#1567 = CARTESIAN_POINT('',(45.780853065868,40.753185249373,215.));
#1568 = VECTOR('',#1569,1.);
#1569 = DIRECTION('',(-0.866025403784,-0.5,0.));
#1570 = ORIENTED_EDGE('',*,*,#1571,.T.);
#1571 = EDGE_CURVE('',#1564,#1572,#1574,.T.);
#1572 = VERTEX_POINT('',#1573);
#1573 = CARTESIAN_POINT('',(93.013139720814,73.507586221349,215.));
#1574 = LINE('',#1575,#1576);
#1575 = CARTESIAN_POINT('',(74.04807158515,84.457073414675,215.));
#1576 = VECTOR('',#1577,1.);
#1577 = DIRECTION('',(-0.866025403784,0.5,0.));
#1578 = ORIENTED_EDGE('',*,*,#1579,.T.);
#1579 = EDGE_CURVE('',#1572,#1538,#1580,.T.);
#1580 = LINE('',#1581,#1582);
#1581 = CARTESIAN_POINT('',(93.013139720814,39.496206889325,215.));
#1582 = VECTOR('',#1583,1.);
#1583 = DIRECTION('',(-0.,1.,0.));
#1584 = FACE_BOUND('',#1585,.T.);
#1585 = EDGE_LOOP('',(#1586,#1596,#1604,#1612,#1620,#1628));
#1586 = ORIENTED_EDGE('',*,*,#1587,.T.);
#1587 = EDGE_CURVE('',#1588,#1590,#1592,.T.);
#1588 = VERTEX_POINT('',#1589);
#1589 = CARTESIAN_POINT('',(97.776279441629,87.242413778651,215.));
#1590 = VERTEX_POINT('',#1591);
#1591 = CARTESIAN_POINT('',(102.52627944162,89.984827557301,215.));
#1592 = LINE('',#1593,#1594);
#1593 = CARTESIAN_POINT('',(44.596637996072,56.539133474651,215.));
#1594 = VECTOR('',#1595,1.);
#1595 = DIRECTION('',(0.866025403784,0.5,-0.));
#1596 = ORIENTED_EDGE('',*,*,#1597,.T.);
#1597 = EDGE_CURVE('',#1590,#1598,#1600,.T.);
#1598 = VERTEX_POINT('',#1599);
#1599 = CARTESIAN_POINT('',(107.27627944162,87.242413778651,215.));
#1600 = LINE('',#1601,#1602);
#1601 = CARTESIAN_POINT('',(85.936211305964,99.563107861302,215.));
#1602 = VECTOR('',#1603,1.);
#1603 = DIRECTION('',(0.866025403784,-0.5,0.));
#1604 = ORIENTED_EDGE('',*,*,#1605,.T.);
#1605 = EDGE_CURVE('',#1598,#1606,#1608,.T.);
#1606 = VERTEX_POINT('',#1607);
#1607 = CARTESIAN_POINT('',(107.27627944162,81.757586221349,215.));
#1608 = LINE('',#1609,#1610);
#1609 = CARTESIAN_POINT('',(107.27627944162,40.878793110675,215.));
#1610 = VECTOR('',#1611,1.);
#1611 = DIRECTION('',(0.,-1.,0.));
#1612 = ORIENTED_EDGE('',*,*,#1613,.T.);
#1613 = EDGE_CURVE('',#1606,#1614,#1616,.T.);
#1614 = VERTEX_POINT('',#1615);
#1615 = CARTESIAN_POINT('',(102.52627944162,79.015172442699,215.));
#1616 = LINE('',#1617,#1618);
#1617 = CARTESIAN_POINT('',(46.971637996072,46.940685249373,215.));
#1618 = VECTOR('',#1619,1.);
#1619 = DIRECTION('',(-0.866025403784,-0.5,0.));
#1620 = ORIENTED_EDGE('',*,*,#1621,.T.);
#1621 = EDGE_CURVE('',#1614,#1622,#1624,.T.);
#1622 = VERTEX_POINT('',#1623);
#1623 = CARTESIAN_POINT('',(97.776279441629,81.757586221349,215.));
#1624 = LINE('',#1625,#1626);
#1625 = CARTESIAN_POINT('',(78.811211305964,92.707073414675,215.));
#1626 = VECTOR('',#1627,1.);
#1627 = DIRECTION('',(-0.866025403784,0.5,0.));
#1628 = ORIENTED_EDGE('',*,*,#1629,.T.);
#1629 = EDGE_CURVE('',#1622,#1588,#1630,.T.);
#1630 = LINE('',#1631,#1632);
#1631 = CARTESIAN_POINT('',(97.776279441629,43.621206889325,215.));
#1632 = VECTOR('',#1633,1.);
#1633 = DIRECTION('',(-0.,1.,0.));
#1634 = FACE_BOUND('',#1635,.T.);
#1635 = EDGE_LOOP('',(#1636,#1646,#1654,#1662,#1670,#1678));
#1636 = ORIENTED_EDGE('',*,*,#1637,.T.);
#1637 = EDGE_CURVE('',#1638,#1640,#1642,.T.);
#1638 = VERTEX_POINT('',#1639);
#1639 = CARTESIAN_POINT('',(83.486860279186,95.492413778651,215.));
#1640 = VERTEX_POINT('',#1641);
#1641 = CARTESIAN_POINT('',(88.236860279186,98.234827557301,215.));
#1642 = LINE('',#1643,#1644);
#1643 = CARTESIAN_POINT('',(33.879573624239,66.851633474651,215.));
#1644 = VECTOR('',#1645,1.);
#1645 = DIRECTION('',(0.866025403784,0.5,-0.));
#1646 = ORIENTED_EDGE('',*,*,#1647,.T.);
#1647 = EDGE_CURVE('',#1640,#1648,#1650,.T.);
#1648 = VERTEX_POINT('',#1649);
#1649 = CARTESIAN_POINT('',(92.986860279186,95.492413778651,215.));
#1650 = LINE('',#1651,#1652);
#1651 = CARTESIAN_POINT('',(78.791501724743,103.6881078613,215.));
#1652 = VECTOR('',#1653,1.);
#1653 = DIRECTION('',(0.866025403784,-0.5,0.));
#1654 = ORIENTED_EDGE('',*,*,#1655,.T.);
#1655 = EDGE_CURVE('',#1648,#1656,#1658,.T.);
#1656 = VERTEX_POINT('',#1657);
#1657 = CARTESIAN_POINT('',(92.986860279186,90.007586221349,215.));
#1658 = LINE('',#1659,#1660);
#1659 = CARTESIAN_POINT('',(92.986860279186,45.003793110675,215.));
#1660 = VECTOR('',#1661,1.);
#1661 = DIRECTION('',(0.,-1.,0.));
#1662 = ORIENTED_EDGE('',*,*,#1663,.T.);
#1663 = EDGE_CURVE('',#1656,#1664,#1666,.T.);
#1664 = VERTEX_POINT('',#1665);
#1665 = CARTESIAN_POINT('',(88.236860279186,87.265172442699,215.));
#1666 = LINE('',#1667,#1668);
#1667 = CARTESIAN_POINT('',(36.254573624239,57.253185249373,215.));
#1668 = VECTOR('',#1669,1.);
#1669 = DIRECTION('',(-0.866025403784,-0.5,0.));
#1670 = ORIENTED_EDGE('',*,*,#1671,.T.);
#1671 = EDGE_CURVE('',#1664,#1672,#1674,.T.);
#1672 = VERTEX_POINT('',#1673);
#1673 = CARTESIAN_POINT('',(83.486860279186,90.007586221349,215.));
#1674 = LINE('',#1675,#1676);
#1675 = CARTESIAN_POINT('',(71.666501724743,96.832073414675,215.));
#1676 = VECTOR('',#1677,1.);
#1677 = DIRECTION('',(-0.866025403784,0.5,0.));
#1678 = ORIENTED_EDGE('',*,*,#1679,.T.);
#1679 = EDGE_CURVE('',#1672,#1638,#1680,.T.);
#1680 = LINE('',#1681,#1682);
#1681 = CARTESIAN_POINT('',(83.486860279186,47.746206889325,215.));
#1682 = VECTOR('',#1683,1.);
#1683 = DIRECTION('',(-0.,1.,0.));
#1684 = FACE_BOUND('',#1685,.T.);
#1685 = EDGE_LOOP('',(#1686,#1696,#1704,#1712,#1720,#1728));
#1686 = ORIENTED_EDGE('',*,*,#1687,.T.);
#1687 = EDGE_CURVE('',#1688,#1690,#1692,.T.);
#1688 = VERTEX_POINT('',#1689);
#1689 = CARTESIAN_POINT('',(93.013139720814,95.492413778651,215.));
#1690 = VERTEX_POINT('',#1691);
#1691 = CARTESIAN_POINT('',(97.763139720814,98.234827557301,215.));
#1692 = LINE('',#1693,#1694);
#1693 = CARTESIAN_POINT('',(39.833498275257,64.789133474651,215.));
#1694 = VECTOR('',#1695,1.);
#1695 = DIRECTION('',(0.866025403784,0.5,-0.));
#1696 = ORIENTED_EDGE('',*,*,#1697,.T.);
#1697 = EDGE_CURVE('',#1690,#1698,#1700,.T.);
#1698 = VERTEX_POINT('',#1699);
#1699 = CARTESIAN_POINT('',(102.51313972081,95.492413778651,215.));
#1700 = LINE('',#1701,#1702);
#1701 = CARTESIAN_POINT('',(84.745426375761,105.7506078613,215.));
#1702 = VECTOR('',#1703,1.);
#1703 = DIRECTION('',(0.866025403784,-0.5,0.));
#1704 = ORIENTED_EDGE('',*,*,#1705,.T.);
#1705 = EDGE_CURVE('',#1698,#1706,#1708,.T.);
#1706 = VERTEX_POINT('',#1707);
#1707 = CARTESIAN_POINT('',(102.51313972081,90.007586221349,215.));
#1708 = LINE('',#1709,#1710);
#1709 = CARTESIAN_POINT('',(102.51313972081,45.003793110675,215.));
#1710 = VECTOR('',#1711,1.);
#1711 = DIRECTION('',(0.,-1.,0.));
#1712 = ORIENTED_EDGE('',*,*,#1713,.T.);
#1713 = EDGE_CURVE('',#1706,#1714,#1716,.T.);
#1714 = VERTEX_POINT('',#1715);
#1715 = CARTESIAN_POINT('',(97.763139720814,87.265172442699,215.));
#1716 = LINE('',#1717,#1718);
#1717 = CARTESIAN_POINT('',(42.208498275257,55.190685249373,215.));
#1718 = VECTOR('',#1719,1.);
#1719 = DIRECTION('',(-0.866025403784,-0.5,0.));
#1720 = ORIENTED_EDGE('',*,*,#1721,.T.);
#1721 = EDGE_CURVE('',#1714,#1722,#1724,.T.);
#1722 = VERTEX_POINT('',#1723);
#1723 = CARTESIAN_POINT('',(93.013139720814,90.007586221349,215.));
#1724 = LINE('',#1725,#1726);
#1725 = CARTESIAN_POINT('',(77.620426375761,98.894573414675,215.));
#1726 = VECTOR('',#1727,1.);
#1727 = DIRECTION('',(-0.866025403784,0.5,0.));
#1728 = ORIENTED_EDGE('',*,*,#1729,.T.);
#1729 = EDGE_CURVE('',#1722,#1688,#1730,.T.);
#1730 = LINE('',#1731,#1732);
#1731 = CARTESIAN_POINT('',(93.013139720814,47.746206889325,215.));
#1732 = VECTOR('',#1733,1.);
#1733 = DIRECTION('',(-0.,1.,0.));
#1734 = FACE_BOUND('',#1735,.T.);
#1735 = EDGE_LOOP('',(#1736,#1746,#1754,#1762,#1770,#1778));
#1736 = ORIENTED_EDGE('',*,*,#1737,.T.);
#1737 = EDGE_CURVE('',#1738,#1740,#1742,.T.);
#1738 = VERTEX_POINT('',#1739);
#1739 = CARTESIAN_POINT('',(102.53941916244,78.992413778651,215.));
#1740 = VERTEX_POINT('',#1741);
#1741 = CARTESIAN_POINT('',(107.28941916244,81.734827557301,215.));
#1742 = LINE('',#1743,#1744);
#1743 = CARTESIAN_POINT('',(49.359777716886,48.289133474651,215.));
#1744 = VECTOR('',#1745,1.);
#1745 = DIRECTION('',(0.866025403784,0.5,-0.));
#1746 = ORIENTED_EDGE('',*,*,#1747,.T.);
#1747 = EDGE_CURVE('',#1740,#1748,#1750,.T.);
#1748 = VERTEX_POINT('',#1749);
#1749 = CARTESIAN_POINT('',(112.03941916244,78.992413778651,215.));
#1750 = LINE('',#1751,#1752);
#1751 = CARTESIAN_POINT('',(87.126996236168,93.375607861302,215.));
#1752 = VECTOR('',#1753,1.);
#1753 = DIRECTION('',(0.866025403784,-0.5,0.));
#1754 = ORIENTED_EDGE('',*,*,#1755,.T.);
#1755 = EDGE_CURVE('',#1748,#1756,#1758,.T.);
#1756 = VERTEX_POINT('',#1757);
#1757 = CARTESIAN_POINT('',(112.03941916244,73.507586221349,215.));
#1758 = LINE('',#1759,#1760);
#1759 = CARTESIAN_POINT('',(112.03941916244,36.753793110675,215.));
#1760 = VECTOR('',#1761,1.);
#1761 = DIRECTION('',(0.,-1.,0.));
#1762 = ORIENTED_EDGE('',*,*,#1763,.T.);
#1763 = EDGE_CURVE('',#1756,#1764,#1766,.T.);
#1764 = VERTEX_POINT('',#1765);
#1765 = CARTESIAN_POINT('',(107.28941916244,70.765172442699,215.));
#1766 = LINE('',#1767,#1768);
#1767 = CARTESIAN_POINT('',(51.734777716886,38.690685249373,215.));
#1768 = VECTOR('',#1769,1.);
#1769 = DIRECTION('',(-0.866025403784,-0.5,0.));
#1770 = ORIENTED_EDGE('',*,*,#1771,.T.);
#1771 = EDGE_CURVE('',#1764,#1772,#1774,.T.);
#1772 = VERTEX_POINT('',#1773);
#1773 = CARTESIAN_POINT('',(102.53941916244,73.507586221349,215.));
#1774 = LINE('',#1775,#1776);
#1775 = CARTESIAN_POINT('',(80.001996236168,86.519573414675,215.));
#1776 = VECTOR('',#1777,1.);
#1777 = DIRECTION('',(-0.866025403784,0.5,0.));
#1778 = ORIENTED_EDGE('',*,*,#1779,.T.);
#1779 = EDGE_CURVE('',#1772,#1738,#1780,.T.);
#1780 = LINE('',#1781,#1782);
#1781 = CARTESIAN_POINT('',(102.53941916244,39.496206889325,215.));
#1782 = VECTOR('',#1783,1.);
#1783 = DIRECTION('',(-0.,1.,0.));
#1784 = FACE_BOUND('',#1785,.T.);
#1785 = EDGE_LOOP('',(#1786,#1796,#1804,#1812,#1820,#1828));
#1786 = ORIENTED_EDGE('',*,*,#1787,.T.);
#1787 = EDGE_CURVE('',#1788,#1790,#1792,.T.);
#1788 = VERTEX_POINT('',#1789);
#1789 = CARTESIAN_POINT('',(107.30255888325,87.242413778651,215.));
#1790 = VERTEX_POINT('',#1791);
#1791 = CARTESIAN_POINT('',(112.05255888325,89.984827557301,215.));
#1792 = LINE('',#1793,#1794);
#1793 = CARTESIAN_POINT('',(50.55056264709,54.476633474651,215.));
#1794 = VECTOR('',#1795,1.);
#1795 = DIRECTION('',(0.866025403784,0.5,-0.));
#1796 = ORIENTED_EDGE('',*,*,#1797,.T.);
#1797 = EDGE_CURVE('',#1790,#1798,#1800,.T.);
#1798 = VERTEX_POINT('',#1799);
#1799 = CARTESIAN_POINT('',(116.80255888325,87.242413778651,215.));
#1800 = LINE('',#1801,#1802);
#1801 = CARTESIAN_POINT('',(91.890135956982,101.6256078613,215.));
#1802 = VECTOR('',#1803,1.);
#1803 = DIRECTION('',(0.866025403784,-0.5,0.));
#1804 = ORIENTED_EDGE('',*,*,#1805,.T.);
#1805 = EDGE_CURVE('',#1798,#1806,#1808,.T.);
#1806 = VERTEX_POINT('',#1807);
#1807 = CARTESIAN_POINT('',(116.80255888325,81.757586221349,215.));
#1808 = LINE('',#1809,#1810);
#1809 = CARTESIAN_POINT('',(116.80255888325,40.878793110675,215.));
#1810 = VECTOR('',#1811,1.);
#1811 = DIRECTION('',(0.,-1.,0.));
#1812 = ORIENTED_EDGE('',*,*,#1813,.T.);
#1813 = EDGE_CURVE('',#1806,#1814,#1816,.T.);
#1814 = VERTEX_POINT('',#1815);
#1815 = CARTESIAN_POINT('',(112.05255888325,79.015172442699,215.));
#1816 = LINE('',#1817,#1818);
#1817 = CARTESIAN_POINT('',(52.92556264709,44.878185249373,215.));
#1818 = VECTOR('',#1819,1.);
#1819 = DIRECTION('',(-0.866025403784,-0.5,0.));
#1820 = ORIENTED_EDGE('',*,*,#1821,.T.);
#1821 = EDGE_CURVE('',#1814,#1822,#1824,.T.);
#1822 = VERTEX_POINT('',#1823);
#1823 = CARTESIAN_POINT('',(107.30255888325,81.757586221349,215.));
#1824 = LINE('',#1825,#1826);
#1825 = CARTESIAN_POINT('',(84.765135956982,94.769573414675,215.));
#1826 = VECTOR('',#1827,1.);
#1827 = DIRECTION('',(-0.866025403784,0.5,0.));
#1828 = ORIENTED_EDGE('',*,*,#1829,.T.);
#1829 = EDGE_CURVE('',#1822,#1788,#1830,.T.);
#1830 = LINE('',#1831,#1832);
#1831 = CARTESIAN_POINT('',(107.30255888325,43.621206889325,215.));
#1832 = VECTOR('',#1833,1.);
#1833 = DIRECTION('',(-0.,1.,0.));
#1834 = FACE_BOUND('',#1835,.T.);
#1835 = EDGE_LOOP('',(#1836,#1846,#1854,#1862,#1870,#1878));
#1836 = ORIENTED_EDGE('',*,*,#1837,.T.);
#1837 = EDGE_CURVE('',#1838,#1840,#1842,.T.);
#1838 = VERTEX_POINT('',#1839);
#1839 = CARTESIAN_POINT('',(112.06569860407,78.992413778651,215.));
#1840 = VERTEX_POINT('',#1841);
#1841 = CARTESIAN_POINT('',(116.81569860407,81.734827557301,215.));
#1842 = LINE('',#1843,#1844);
#1843 = CARTESIAN_POINT('',(55.313702367904,46.226633474651,215.));
#1844 = VECTOR('',#1845,1.);
#1845 = DIRECTION('',(0.866025403784,0.5,-0.));
#1846 = ORIENTED_EDGE('',*,*,#1847,.T.);
#1847 = EDGE_CURVE('',#1840,#1848,#1850,.T.);
#1848 = VERTEX_POINT('',#1849);
#1849 = CARTESIAN_POINT('',(121.56569860407,78.992413778651,215.));
#1850 = LINE('',#1851,#1852);
#1851 = CARTESIAN_POINT('',(93.080920887186,95.438107861302,215.));
#1852 = VECTOR('',#1853,1.);
#1853 = DIRECTION('',(0.866025403784,-0.5,0.));
#1854 = ORIENTED_EDGE('',*,*,#1855,.T.);
#1855 = EDGE_CURVE('',#1848,#1856,#1858,.T.);
#1856 = VERTEX_POINT('',#1857);
#1857 = CARTESIAN_POINT('',(121.56569860407,73.507586221349,215.));
#1858 = LINE('',#1859,#1860);
#1859 = CARTESIAN_POINT('',(121.56569860407,36.753793110675,215.));
#1860 = VECTOR('',#1861,1.);
#1861 = DIRECTION('',(0.,-1.,0.));
#1862 = ORIENTED_EDGE('',*,*,#1863,.T.);
#1863 = EDGE_CURVE('',#1856,#1864,#1866,.T.);
#1864 = VERTEX_POINT('',#1865);
#1865 = CARTESIAN_POINT('',(116.81569860407,70.765172442699,215.));
#1866 = LINE('',#1867,#1868);
#1867 = CARTESIAN_POINT('',(57.688702367904,36.628185249373,215.));
#1868 = VECTOR('',#1869,1.);
#1869 = DIRECTION('',(-0.866025403784,-0.5,0.));
#1870 = ORIENTED_EDGE('',*,*,#1871,.T.);
#1871 = EDGE_CURVE('',#1864,#1872,#1874,.T.);
#1872 = VERTEX_POINT('',#1873);
#1873 = CARTESIAN_POINT('',(112.06569860407,73.507586221349,215.));
#1874 = LINE('',#1875,#1876);
#1875 = CARTESIAN_POINT('',(85.955920887186,88.582073414675,215.));
#1876 = VECTOR('',#1877,1.);
#1877 = DIRECTION('',(-0.866025403784,0.5,0.));
#1878 = ORIENTED_EDGE('',*,*,#1879,.T.);
#1879 = EDGE_CURVE('',#1872,#1838,#1880,.T.);
#1880 = LINE('',#1881,#1882);
#1881 = CARTESIAN_POINT('',(112.06569860407,39.496206889325,215.));
#1882 = VECTOR('',#1883,1.);
#1883 = DIRECTION('',(-0.,1.,0.));
#1884 = FACE_BOUND('',#1885,.T.);
#1885 = EDGE_LOOP('',(#1886,#1896,#1904,#1912,#1920,#1928));
#1886 = ORIENTED_EDGE('',*,*,#1887,.T.);
#1887 = EDGE_CURVE('',#1888,#1890,#1892,.T.);
#1888 = VERTEX_POINT('',#1889);
#1889 = CARTESIAN_POINT('',(116.82883832488,87.242413778651,215.));
#1890 = VERTEX_POINT('',#1891);
#1891 = CARTESIAN_POINT('',(121.57883832488,89.984827557301,215.));
#1892 = LINE('',#1893,#1894);
#1893 = CARTESIAN_POINT('',(56.504487298108,52.414133474651,215.));
#1894 = VECTOR('',#1895,1.);
#1895 = DIRECTION('',(0.866025403784,0.5,-0.));
#1896 = ORIENTED_EDGE('',*,*,#1897,.T.);
#1897 = EDGE_CURVE('',#1890,#1898,#1900,.T.);
#1898 = VERTEX_POINT('',#1899);
#1899 = CARTESIAN_POINT('',(126.32883832488,87.242413778651,215.));
#1900 = LINE('',#1901,#1902);
#1901 = CARTESIAN_POINT('',(97.844060608,103.6881078613,215.));
#1902 = VECTOR('',#1903,1.);
#1903 = DIRECTION('',(0.866025403784,-0.5,0.));
#1904 = ORIENTED_EDGE('',*,*,#1905,.T.);
#1905 = EDGE_CURVE('',#1898,#1906,#1908,.T.);
#1906 = VERTEX_POINT('',#1907);
#1907 = CARTESIAN_POINT('',(126.32883832488,81.757586221349,215.));
#1908 = LINE('',#1909,#1910);
#1909 = CARTESIAN_POINT('',(126.32883832488,40.878793110675,215.));
#1910 = VECTOR('',#1911,1.);
#1911 = DIRECTION('',(0.,-1.,0.));
#1912 = ORIENTED_EDGE('',*,*,#1913,.T.);
#1913 = EDGE_CURVE('',#1906,#1914,#1916,.T.);
#1914 = VERTEX_POINT('',#1915);
#1915 = CARTESIAN_POINT('',(121.57883832488,79.015172442699,215.));
#1916 = LINE('',#1917,#1918);
#1917 = CARTESIAN_POINT('',(58.879487298108,42.815685249373,215.));
#1918 = VECTOR('',#1919,1.);
#1919 = DIRECTION('',(-0.866025403784,-0.5,0.));
#1920 = ORIENTED_EDGE('',*,*,#1921,.T.);
#1921 = EDGE_CURVE('',#1914,#1922,#1924,.T.);
#1922 = VERTEX_POINT('',#1923);
#1923 = CARTESIAN_POINT('',(116.82883832488,81.757586221349,215.));
#1924 = LINE('',#1925,#1926);
#1925 = CARTESIAN_POINT('',(90.719060608,96.832073414675,215.));
#1926 = VECTOR('',#1927,1.);
#1927 = DIRECTION('',(-0.866025403784,0.5,0.));
#1928 = ORIENTED_EDGE('',*,*,#1929,.T.);
#1929 = EDGE_CURVE('',#1922,#1888,#1930,.T.);
#1930 = LINE('',#1931,#1932);
#1931 = CARTESIAN_POINT('',(116.82883832488,43.621206889325,215.));
#1932 = VECTOR('',#1933,1.);
#1933 = DIRECTION('',(-0.,1.,0.));
#1934 = FACE_BOUND('',#1935,.T.);
#1935 = EDGE_LOOP('',(#1936,#1946,#1954,#1962,#1970,#1978));
#1936 = ORIENTED_EDGE('',*,*,#1937,.T.);
#1937 = EDGE_CURVE('',#1938,#1940,#1942,.T.);
#1938 = VERTEX_POINT('',#1939);
#1939 = CARTESIAN_POINT('',(102.53941916244,95.492413778651,215.));
#1940 = VERTEX_POINT('',#1941);
#1941 = CARTESIAN_POINT('',(107.28941916244,98.234827557301,215.));
#1942 = LINE('',#1943,#1944);
#1943 = CARTESIAN_POINT('',(45.787422926275,62.726633474651,215.));
#1944 = VECTOR('',#1945,1.);
#1945 = DIRECTION('',(0.866025403784,0.5,-0.));
#1946 = ORIENTED_EDGE('',*,*,#1947,.T.);
#1947 = EDGE_CURVE('',#1940,#1948,#1950,.T.);
#1948 = VERTEX_POINT('',#1949);
#1949 = CARTESIAN_POINT('',(112.03941916244,95.492413778651,215.));
#1950 = LINE('',#1951,#1952);
#1951 = CARTESIAN_POINT('',(90.699351026779,107.8131078613,215.));
#1952 = VECTOR('',#1953,1.);
#1953 = DIRECTION('',(0.866025403784,-0.5,0.));
#1954 = ORIENTED_EDGE('',*,*,#1955,.T.);
#1955 = EDGE_CURVE('',#1948,#1956,#1958,.T.);
#1956 = VERTEX_POINT('',#1957);
#1957 = CARTESIAN_POINT('',(112.03941916244,90.007586221349,215.));
#1958 = LINE('',#1959,#1960);
#1959 = CARTESIAN_POINT('',(112.03941916244,45.003793110675,215.));
#1960 = VECTOR('',#1961,1.);
#1961 = DIRECTION('',(0.,-1.,0.));
#1962 = ORIENTED_EDGE('',*,*,#1963,.T.);
#1963 = EDGE_CURVE('',#1956,#1964,#1966,.T.);
#1964 = VERTEX_POINT('',#1965);
#1965 = CARTESIAN_POINT('',(107.28941916244,87.265172442699,215.));
#1966 = LINE('',#1967,#1968);
#1967 = CARTESIAN_POINT('',(48.162422926275,53.128185249373,215.));
#1968 = VECTOR('',#1969,1.);
#1969 = DIRECTION('',(-0.866025403784,-0.5,0.));
#1970 = ORIENTED_EDGE('',*,*,#1971,.T.);
#1971 = EDGE_CURVE('',#1964,#1972,#1974,.T.);
#1972 = VERTEX_POINT('',#1973);
#1973 = CARTESIAN_POINT('',(102.53941916244,90.007586221349,215.));
#1974 = LINE('',#1975,#1976);
#1975 = CARTESIAN_POINT('',(83.574351026779,100.95707341467,215.));
#1976 = VECTOR('',#1977,1.);
#1977 = DIRECTION('',(-0.866025403784,0.5,0.));
#1978 = ORIENTED_EDGE('',*,*,#1979,.T.);
#1979 = EDGE_CURVE('',#1972,#1938,#1980,.T.);
#1980 = LINE('',#1981,#1982);
#1981 = CARTESIAN_POINT('',(102.53941916244,47.746206889325,215.));
#1982 = VECTOR('',#1983,1.);
#1983 = DIRECTION('',(-0.,1.,0.));
#1984 = FACE_BOUND('',#1985,.T.);
#1985 = EDGE_LOOP('',(#1986,#1996,#2004,#2012,#2020,#2028));
#1986 = ORIENTED_EDGE('',*,*,#1987,.T.);
#1987 = EDGE_CURVE('',#1988,#1990,#1992,.T.);
#1988 = VERTEX_POINT('',#1989);
#1989 = CARTESIAN_POINT('',(112.06569860407,95.492413778651,215.));
#1990 = VERTEX_POINT('',#1991);
#1991 = CARTESIAN_POINT('',(116.81569860407,98.234827557301,215.));
#1992 = LINE('',#1993,#1994);
#1993 = CARTESIAN_POINT('',(51.741347577293,60.664133474651,215.));
#1994 = VECTOR('',#1995,1.);
#1995 = DIRECTION('',(0.866025403784,0.5,-0.));
#1996 = ORIENTED_EDGE('',*,*,#1997,.T.);
#1997 = EDGE_CURVE('',#1990,#1998,#2000,.T.);
#1998 = VERTEX_POINT('',#1999);
#1999 = CARTESIAN_POINT('',(121.56569860407,95.492413778651,215.));
#2000 = LINE('',#2001,#2002);
#2001 = CARTESIAN_POINT('',(96.653275677797,109.8756078613,215.));
#2002 = VECTOR('',#2003,1.);
#2003 = DIRECTION('',(0.866025403784,-0.5,0.));
#2004 = ORIENTED_EDGE('',*,*,#2005,.T.);
#2005 = EDGE_CURVE('',#1998,#2006,#2008,.T.);
#2006 = VERTEX_POINT('',#2007);
#2007 = CARTESIAN_POINT('',(121.56569860407,90.007586221349,215.));
#2008 = LINE('',#2009,#2010);
#2009 = CARTESIAN_POINT('',(121.56569860407,45.003793110675,215.));
#2010 = VECTOR('',#2011,1.);
#2011 = DIRECTION('',(0.,-1.,0.));
#2012 = ORIENTED_EDGE('',*,*,#2013,.T.);
#2013 = EDGE_CURVE('',#2006,#2014,#2016,.T.);
#2014 = VERTEX_POINT('',#2015);
#2015 = CARTESIAN_POINT('',(116.81569860407,87.265172442699,215.));
#2016 = LINE('',#2017,#2018);
#2017 = CARTESIAN_POINT('',(54.116347577293,51.065685249373,215.));
#2018 = VECTOR('',#2019,1.);
#2019 = DIRECTION('',(-0.866025403784,-0.5,0.));
#2020 = ORIENTED_EDGE('',*,*,#2021,.T.);
#2021 = EDGE_CURVE('',#2014,#2022,#2024,.T.);
#2022 = VERTEX_POINT('',#2023);
#2023 = CARTESIAN_POINT('',(112.06569860407,90.007586221349,215.));
#2024 = LINE('',#2025,#2026);
#2025 = CARTESIAN_POINT('',(89.528275677797,103.01957341467,215.));
#2026 = VECTOR('',#2027,1.);
#2027 = DIRECTION('',(-0.866025403784,0.5,0.));
#2028 = ORIENTED_EDGE('',*,*,#2029,.T.);
#2029 = EDGE_CURVE('',#2022,#1988,#2030,.T.);
#2030 = LINE('',#2031,#2032);
#2031 = CARTESIAN_POINT('',(112.06569860407,47.746206889325,215.));
#2032 = VECTOR('',#2033,1.);
#2033 = DIRECTION('',(-0.,1.,0.));
#2034 = FACE_BOUND('',#2035,.T.);
#2035 = EDGE_LOOP('',(#2036,#2046,#2054,#2062,#2070,#2078));
#2036 = ORIENTED_EDGE('',*,*,#2037,.T.);
#2037 = EDGE_CURVE('',#2038,#2040,#2042,.T.);
#2038 = VERTEX_POINT('',#2039);
#2039 = CARTESIAN_POINT('',(88.25,103.74241377865,215.));
#2040 = VERTEX_POINT('',#2041);
#2041 = CARTESIAN_POINT('',(93.,106.4848275573,215.));
#2042 = LINE('',#2043,#2044);
#2043 = CARTESIAN_POINT('',(35.070358554443,73.039133474651,215.));
#2044 = VECTOR('',#2045,1.);
#2045 = DIRECTION('',(0.866025403784,0.5,-0.));
#2046 = ORIENTED_EDGE('',*,*,#2047,.T.);
#2047 = EDGE_CURVE('',#2040,#2048,#2050,.T.);
#2048 = VERTEX_POINT('',#2049);
#2049 = CARTESIAN_POINT('',(97.75,103.74241377865,215.));
#2050 = LINE('',#2051,#2052);
#2051 = CARTESIAN_POINT('',(83.554641445557,111.9381078613,215.));
#2052 = VECTOR('',#2053,1.);
#2053 = DIRECTION('',(0.866025403784,-0.5,0.));
#2054 = ORIENTED_EDGE('',*,*,#2055,.T.);
#2055 = EDGE_CURVE('',#2048,#2056,#2058,.T.);
#2056 = VERTEX_POINT('',#2057);
#2057 = CARTESIAN_POINT('',(97.75,98.257586221349,215.));
#2058 = LINE('',#2059,#2060);
#2059 = CARTESIAN_POINT('',(97.75,49.128793110675,215.));
#2060 = VECTOR('',#2061,1.);
#2061 = DIRECTION('',(0.,-1.,0.));
#2062 = ORIENTED_EDGE('',*,*,#2063,.T.);
#2063 = EDGE_CURVE('',#2056,#2064,#2066,.T.);
#2064 = VERTEX_POINT('',#2065);
#2065 = CARTESIAN_POINT('',(93.,95.515172442699,215.));
#2066 = LINE('',#2067,#2068);
#2067 = CARTESIAN_POINT('',(37.445358554443,63.440685249373,215.));
#2068 = VECTOR('',#2069,1.);
#2069 = DIRECTION('',(-0.866025403784,-0.5,0.));
#2070 = ORIENTED_EDGE('',*,*,#2071,.T.);
#2071 = EDGE_CURVE('',#2064,#2072,#2074,.T.);
#2072 = VERTEX_POINT('',#2073);
#2073 = CARTESIAN_POINT('',(88.25,98.257586221349,215.));
#2074 = LINE('',#2075,#2076);
#2075 = CARTESIAN_POINT('',(76.429641445557,105.08207341467,215.));
#2076 = VECTOR('',#2077,1.);
#2077 = DIRECTION('',(-0.866025403784,0.5,0.));
#2078 = ORIENTED_EDGE('',*,*,#2079,.T.);
#2079 = EDGE_CURVE('',#2072,#2038,#2080,.T.);
#2080 = LINE('',#2081,#2082);
#2081 = CARTESIAN_POINT('',(88.25,51.871206889325,215.));
#2082 = VECTOR('',#2083,1.);
#2083 = DIRECTION('',(-0.,1.,0.));
#2084 = FACE_BOUND('',#2085,.T.);
#2085 = EDGE_LOOP('',(#2086,#2096,#2104,#2112,#2120,#2128));
#2086 = ORIENTED_EDGE('',*,*,#2087,.T.);
#2087 = EDGE_CURVE('',#2088,#2090,#2092,.T.);
#2088 = VERTEX_POINT('',#2089);
#2089 = CARTESIAN_POINT('',(97.776279441629,103.74241377865,215.));
#2090 = VERTEX_POINT('',#2091);
#2091 = CARTESIAN_POINT('',(102.52627944162,106.4848275573,215.));
#2092 = LINE('',#2093,#2094);
#2093 = CARTESIAN_POINT('',(41.024283205461,70.976633474651,215.));
#2094 = VECTOR('',#2095,1.);
#2095 = DIRECTION('',(0.866025403784,0.5,-0.));
#2096 = ORIENTED_EDGE('',*,*,#2097,.T.);
#2097 = EDGE_CURVE('',#2090,#2098,#2100,.T.);
#2098 = VERTEX_POINT('',#2099);
#2099 = CARTESIAN_POINT('',(107.27627944162,103.74241377865,215.));
#2100 = LINE('',#2101,#2102);
#2101 = CARTESIAN_POINT('',(89.508566096575,114.0006078613,215.));
#2102 = VECTOR('',#2103,1.);
#2103 = DIRECTION('',(0.866025403784,-0.5,0.));
#2104 = ORIENTED_EDGE('',*,*,#2105,.T.);
#2105 = EDGE_CURVE('',#2098,#2106,#2108,.T.);
#2106 = VERTEX_POINT('',#2107);
#2107 = CARTESIAN_POINT('',(107.27627944162,98.257586221349,215.));
#2108 = LINE('',#2109,#2110);
#2109 = CARTESIAN_POINT('',(107.27627944162,49.128793110675,215.));
#2110 = VECTOR('',#2111,1.);
#2111 = DIRECTION('',(0.,-1.,0.));
#2112 = ORIENTED_EDGE('',*,*,#2113,.T.);
#2113 = EDGE_CURVE('',#2106,#2114,#2116,.T.);
#2114 = VERTEX_POINT('',#2115);
#2115 = CARTESIAN_POINT('',(102.52627944162,95.515172442699,215.));
#2116 = LINE('',#2117,#2118);
#2117 = CARTESIAN_POINT('',(43.399283205461,61.378185249373,215.));
#2118 = VECTOR('',#2119,1.);
#2119 = DIRECTION('',(-0.866025403784,-0.5,0.));
#2120 = ORIENTED_EDGE('',*,*,#2121,.T.);
#2121 = EDGE_CURVE('',#2114,#2122,#2124,.T.);
#2122 = VERTEX_POINT('',#2123);
#2123 = CARTESIAN_POINT('',(97.776279441629,98.257586221349,215.));
#2124 = LINE('',#2125,#2126);
#2125 = CARTESIAN_POINT('',(82.383566096575,107.14457341467,215.));
#2126 = VECTOR('',#2127,1.);
#2127 = DIRECTION('',(-0.866025403784,0.5,0.));
#2128 = ORIENTED_EDGE('',*,*,#2129,.T.);
#2129 = EDGE_CURVE('',#2122,#2088,#2130,.T.);
#2130 = LINE('',#2131,#2132);
#2131 = CARTESIAN_POINT('',(97.776279441629,51.871206889325,215.));
#2132 = VECTOR('',#2133,1.);
#2133 = DIRECTION('',(-0.,1.,0.));
#2134 = FACE_BOUND('',#2135,.T.);
#2135 = EDGE_LOOP('',(#2136,#2146,#2154,#2162,#2170,#2178));
#2136 = ORIENTED_EDGE('',*,*,#2137,.T.);
#2137 = EDGE_CURVE('',#2138,#2140,#2142,.T.);
#2138 = VERTEX_POINT('',#2139);
#2139 = CARTESIAN_POINT('',(83.486860279186,111.99241377865,215.));
#2140 = VERTEX_POINT('',#2141);
#2141 = CARTESIAN_POINT('',(88.236860279186,114.7348275573,215.));
#2142 = LINE('',#2143,#2144);
#2143 = CARTESIAN_POINT('',(30.307218833628,81.289133474651,215.));
#2144 = VECTOR('',#2145,1.);
#2145 = DIRECTION('',(0.866025403784,0.5,-0.));
#2146 = ORIENTED_EDGE('',*,*,#2147,.T.);
#2147 = EDGE_CURVE('',#2140,#2148,#2150,.T.);
#2148 = VERTEX_POINT('',#2149);
#2149 = CARTESIAN_POINT('',(92.986860279186,111.99241377865,215.));
#2150 = LINE('',#2151,#2152);
#2151 = CARTESIAN_POINT('',(82.363856515353,118.1256078613,215.));
#2152 = VECTOR('',#2153,1.);
#2153 = DIRECTION('',(0.866025403784,-0.5,0.));
#2154 = ORIENTED_EDGE('',*,*,#2155,.T.);
#2155 = EDGE_CURVE('',#2148,#2156,#2158,.T.);
#2156 = VERTEX_POINT('',#2157);
#2157 = CARTESIAN_POINT('',(92.986860279186,106.50758622134,215.));
#2158 = LINE('',#2159,#2160);
#2159 = CARTESIAN_POINT('',(92.986860279186,53.253793110675,215.));
#2160 = VECTOR('',#2161,1.);
#2161 = DIRECTION('',(0.,-1.,0.));
#2162 = ORIENTED_EDGE('',*,*,#2163,.T.);
#2163 = EDGE_CURVE('',#2156,#2164,#2166,.T.);
#2164 = VERTEX_POINT('',#2165);
#2165 = CARTESIAN_POINT('',(88.236860279186,103.76517244269,215.));
#2166 = LINE('',#2167,#2168);
#2167 = CARTESIAN_POINT('',(32.682218833628,71.690685249373,215.));
#2168 = VECTOR('',#2169,1.);
#2169 = DIRECTION('',(-0.866025403784,-0.5,0.));
#2170 = ORIENTED_EDGE('',*,*,#2171,.T.);
#2171 = EDGE_CURVE('',#2164,#2172,#2174,.T.);
#2172 = VERTEX_POINT('',#2173);
#2173 = CARTESIAN_POINT('',(83.486860279186,106.50758622134,215.));
#2174 = LINE('',#2175,#2176);
#2175 = CARTESIAN_POINT('',(75.238856515353,111.26957341467,215.));
#2176 = VECTOR('',#2177,1.);
#2177 = DIRECTION('',(-0.866025403784,0.5,0.));
#2178 = ORIENTED_EDGE('',*,*,#2179,.T.);
#2179 = EDGE_CURVE('',#2172,#2138,#2180,.T.);
#2180 = LINE('',#2181,#2182);
#2181 = CARTESIAN_POINT('',(83.486860279186,55.996206889325,215.));
#2182 = VECTOR('',#2183,1.);
#2183 = DIRECTION('',(-0.,1.,0.));
#2184 = FACE_BOUND('',#2185,.T.);
#2185 = EDGE_LOOP('',(#2186,#2196,#2204,#2212,#2220,#2228));
#2186 = ORIENTED_EDGE('',*,*,#2187,.T.);
#2187 = EDGE_CURVE('',#2188,#2190,#2192,.T.);
#2188 = VERTEX_POINT('',#2189);
#2189 = CARTESIAN_POINT('',(93.013139720814,111.99241377865,215.));
#2190 = VERTEX_POINT('',#2191);
#2191 = CARTESIAN_POINT('',(97.763139720814,114.7348275573,215.));
#2192 = LINE('',#2193,#2194);
#2193 = CARTESIAN_POINT('',(36.261143484647,79.226633474651,215.));
#2194 = VECTOR('',#2195,1.);
#2195 = DIRECTION('',(0.866025403784,0.5,-0.));
#2196 = ORIENTED_EDGE('',*,*,#2197,.T.);
#2197 = EDGE_CURVE('',#2190,#2198,#2200,.T.);
#2198 = VERTEX_POINT('',#2199);
#2199 = CARTESIAN_POINT('',(102.51313972081,111.99241377865,215.));
#2200 = LINE('',#2201,#2202);
#2201 = CARTESIAN_POINT('',(88.317781166371,120.1881078613,215.));
#2202 = VECTOR('',#2203,1.);
#2203 = DIRECTION('',(0.866025403784,-0.5,0.));
#2204 = ORIENTED_EDGE('',*,*,#2205,.T.);
#2205 = EDGE_CURVE('',#2198,#2206,#2208,.T.);
#2206 = VERTEX_POINT('',#2207);
#2207 = CARTESIAN_POINT('',(102.51313972081,106.50758622134,215.));
#2208 = LINE('',#2209,#2210);
#2209 = CARTESIAN_POINT('',(102.51313972081,53.253793110675,215.));
#2210 = VECTOR('',#2211,1.);
#2211 = DIRECTION('',(0.,-1.,0.));
#2212 = ORIENTED_EDGE('',*,*,#2213,.T.);
#2213 = EDGE_CURVE('',#2206,#2214,#2216,.T.);
#2214 = VERTEX_POINT('',#2215);
#2215 = CARTESIAN_POINT('',(97.763139720814,103.76517244269,215.));
#2216 = LINE('',#2217,#2218);
#2217 = CARTESIAN_POINT('',(38.636143484647,69.628185249373,215.));
#2218 = VECTOR('',#2219,1.);
#2219 = DIRECTION('',(-0.866025403784,-0.5,0.));
#2220 = ORIENTED_EDGE('',*,*,#2221,.T.);
#2221 = EDGE_CURVE('',#2214,#2222,#2224,.T.);
#2222 = VERTEX_POINT('',#2223);
#2223 = CARTESIAN_POINT('',(93.013139720814,106.50758622134,215.));
#2224 = LINE('',#2225,#2226);
#2225 = CARTESIAN_POINT('',(81.192781166371,113.33207341467,215.));
#2226 = VECTOR('',#2227,1.);
#2227 = DIRECTION('',(-0.866025403784,0.5,0.));
#2228 = ORIENTED_EDGE('',*,*,#2229,.T.);
#2229 = EDGE_CURVE('',#2222,#2188,#2230,.T.);
#2230 = LINE('',#2231,#2232);
#2231 = CARTESIAN_POINT('',(93.013139720814,55.996206889325,215.));
#2232 = VECTOR('',#2233,1.);
#2233 = DIRECTION('',(-0.,1.,0.));
#2234 = FACE_BOUND('',#2235,.T.);
#2235 = EDGE_LOOP('',(#2236,#2246,#2254,#2262,#2270,#2278));
#2236 = ORIENTED_EDGE('',*,*,#2237,.T.);
#2237 = EDGE_CURVE('',#2238,#2240,#2242,.T.);
#2238 = VERTEX_POINT('',#2239);
#2239 = CARTESIAN_POINT('',(107.30255888325,103.74241377865,215.));
#2240 = VERTEX_POINT('',#2241);
#2241 = CARTESIAN_POINT('',(112.05255888325,106.4848275573,215.));
#2242 = LINE('',#2243,#2244);
#2243 = CARTESIAN_POINT('',(46.978207856479,68.914133474651,215.));
#2244 = VECTOR('',#2245,1.);
#2245 = DIRECTION('',(0.866025403784,0.5,-0.));
#2246 = ORIENTED_EDGE('',*,*,#2247,.T.);
#2247 = EDGE_CURVE('',#2240,#2248,#2250,.T.);
#2248 = VERTEX_POINT('',#2249);
#2249 = CARTESIAN_POINT('',(116.80255888325,103.74241377865,215.));
#2250 = LINE('',#2251,#2252);
#2251 = CARTESIAN_POINT('',(95.462490747593,116.0631078613,215.));
#2252 = VECTOR('',#2253,1.);
#2253 = DIRECTION('',(0.866025403784,-0.5,0.));
#2254 = ORIENTED_EDGE('',*,*,#2255,.T.);
#2255 = EDGE_CURVE('',#2248,#2256,#2258,.T.);
#2256 = VERTEX_POINT('',#2257);
#2257 = CARTESIAN_POINT('',(116.80255888325,98.257586221349,215.));
#2258 = LINE('',#2259,#2260);
#2259 = CARTESIAN_POINT('',(116.80255888325,49.128793110675,215.));
#2260 = VECTOR('',#2261,1.);
#2261 = DIRECTION('',(0.,-1.,0.));
#2262 = ORIENTED_EDGE('',*,*,#2263,.T.);
#2263 = EDGE_CURVE('',#2256,#2264,#2266,.T.);
#2264 = VERTEX_POINT('',#2265);
#2265 = CARTESIAN_POINT('',(112.05255888325,95.515172442699,215.));
#2266 = LINE('',#2267,#2268);
#2267 = CARTESIAN_POINT('',(49.353207856479,59.315685249373,215.));
#2268 = VECTOR('',#2269,1.);
#2269 = DIRECTION('',(-0.866025403784,-0.5,0.));
#2270 = ORIENTED_EDGE('',*,*,#2271,.T.);
#2271 = EDGE_CURVE('',#2264,#2272,#2274,.T.);
#2272 = VERTEX_POINT('',#2273);
#2273 = CARTESIAN_POINT('',(107.30255888325,98.257586221349,215.));
#2274 = LINE('',#2275,#2276);
#2275 = CARTESIAN_POINT('',(88.337490747593,109.20707341467,215.));
#2276 = VECTOR('',#2277,1.);
#2277 = DIRECTION('',(-0.866025403784,0.5,0.));
#2278 = ORIENTED_EDGE('',*,*,#2279,.T.);
#2279 = EDGE_CURVE('',#2272,#2238,#2280,.T.);
#2280 = LINE('',#2281,#2282);
#2281 = CARTESIAN_POINT('',(107.30255888325,51.871206889325,215.));
#2282 = VECTOR('',#2283,1.);
#2283 = DIRECTION('',(-0.,1.,0.));
#2284 = FACE_BOUND('',#2285,.T.);
#2285 = EDGE_LOOP('',(#2286,#2296,#2304,#2312,#2320,#2328));
#2286 = ORIENTED_EDGE('',*,*,#2287,.T.);
#2287 = EDGE_CURVE('',#2288,#2290,#2292,.T.);
#2288 = VERTEX_POINT('',#2289);
#2289 = CARTESIAN_POINT('',(116.82883832488,103.74241377865,215.));
#2290 = VERTEX_POINT('',#2291);
#2291 = CARTESIAN_POINT('',(121.57883832488,106.4848275573,215.));
#2292 = LINE('',#2293,#2294);
#2293 = CARTESIAN_POINT('',(52.932132507497,66.851633474651,215.));
#2294 = VECTOR('',#2295,1.);
#2295 = DIRECTION('',(0.866025403784,0.5,-0.));
#2296 = ORIENTED_EDGE('',*,*,#2297,.T.);
#2297 = EDGE_CURVE('',#2290,#2298,#2300,.T.);
#2298 = VERTEX_POINT('',#2299);
#2299 = CARTESIAN_POINT('',(126.32883832488,103.74241377865,215.));
#2300 = LINE('',#2301,#2302);
#2301 = CARTESIAN_POINT('',(101.41641539861,118.1256078613,215.));
#2302 = VECTOR('',#2303,1.);
#2303 = DIRECTION('',(0.866025403784,-0.5,0.));
#2304 = ORIENTED_EDGE('',*,*,#2305,.T.);
#2305 = EDGE_CURVE('',#2298,#2306,#2308,.T.);
#2306 = VERTEX_POINT('',#2307);
#2307 = CARTESIAN_POINT('',(126.32883832488,98.257586221349,215.));
#2308 = LINE('',#2309,#2310);
#2309 = CARTESIAN_POINT('',(126.32883832488,49.128793110675,215.));
#2310 = VECTOR('',#2311,1.);
#2311 = DIRECTION('',(0.,-1.,0.));
#2312 = ORIENTED_EDGE('',*,*,#2313,.T.);
#2313 = EDGE_CURVE('',#2306,#2314,#2316,.T.);
#2314 = VERTEX_POINT('',#2315);
#2315 = CARTESIAN_POINT('',(121.57883832488,95.515172442699,215.));
#2316 = LINE('',#2317,#2318);
#2317 = CARTESIAN_POINT('',(55.307132507497,57.253185249373,215.));
#2318 = VECTOR('',#2319,1.);
#2319 = DIRECTION('',(-0.866025403784,-0.5,0.));
#2320 = ORIENTED_EDGE('',*,*,#2321,.T.);
#2321 = EDGE_CURVE('',#2314,#2322,#2324,.T.);
#2322 = VERTEX_POINT('',#2323);
#2323 = CARTESIAN_POINT('',(116.82883832488,98.257586221349,215.));
#2324 = LINE('',#2325,#2326);
#2325 = CARTESIAN_POINT('',(94.291415398611,111.26957341467,215.));
#2326 = VECTOR('',#2327,1.);
#2327 = DIRECTION('',(-0.866025403784,0.5,0.));
#2328 = ORIENTED_EDGE('',*,*,#2329,.T.);
#2329 = EDGE_CURVE('',#2322,#2288,#2330,.T.);
#2330 = LINE('',#2331,#2332);
#2331 = CARTESIAN_POINT('',(116.82883832488,51.871206889325,215.));
#2332 = VECTOR('',#2333,1.);
#2333 = DIRECTION('',(-0.,1.,0.));
#2334 = FACE_BOUND('',#2335,.T.);
#2335 = EDGE_LOOP('',(#2336,#2346,#2354,#2362,#2370,#2378));
#2336 = ORIENTED_EDGE('',*,*,#2337,.T.);
#2337 = EDGE_CURVE('',#2338,#2340,#2342,.T.);
#2338 = VERTEX_POINT('',#2339);
#2339 = CARTESIAN_POINT('',(102.53941916244,111.99241377865,215.));
#2340 = VERTEX_POINT('',#2341);
#2341 = CARTESIAN_POINT('',(107.28941916244,114.7348275573,215.));
#2342 = LINE('',#2343,#2344);
#2343 = CARTESIAN_POINT('',(42.215068135665,77.164133474651,215.));
#2344 = VECTOR('',#2345,1.);
#2345 = DIRECTION('',(0.866025403784,0.5,-0.));
#2346 = ORIENTED_EDGE('',*,*,#2347,.T.);
#2347 = EDGE_CURVE('',#2340,#2348,#2350,.T.);
#2348 = VERTEX_POINT('',#2349);
#2349 = CARTESIAN_POINT('',(112.03941916244,111.99241377865,215.));
#2350 = LINE('',#2351,#2352);
#2351 = CARTESIAN_POINT('',(94.271705817389,122.2506078613,215.));
#2352 = VECTOR('',#2353,1.);
#2353 = DIRECTION('',(0.866025403784,-0.5,0.));
#2354 = ORIENTED_EDGE('',*,*,#2355,.T.);
#2355 = EDGE_CURVE('',#2348,#2356,#2358,.T.);
#2356 = VERTEX_POINT('',#2357);
#2357 = CARTESIAN_POINT('',(112.03941916244,106.50758622134,215.));
#2358 = LINE('',#2359,#2360);
#2359 = CARTESIAN_POINT('',(112.03941916244,53.253793110675,215.));
#2360 = VECTOR('',#2361,1.);
#2361 = DIRECTION('',(0.,-1.,0.));
#2362 = ORIENTED_EDGE('',*,*,#2363,.T.);
#2363 = EDGE_CURVE('',#2356,#2364,#2366,.T.);
#2364 = VERTEX_POINT('',#2365);
#2365 = CARTESIAN_POINT('',(107.28941916244,103.76517244269,215.));
#2366 = LINE('',#2367,#2368);
#2367 = CARTESIAN_POINT('',(44.590068135665,67.565685249373,215.));
#2368 = VECTOR('',#2369,1.);
#2369 = DIRECTION('',(-0.866025403784,-0.5,0.));
#2370 = ORIENTED_EDGE('',*,*,#2371,.T.);
#2371 = EDGE_CURVE('',#2364,#2372,#2374,.T.);
#2372 = VERTEX_POINT('',#2373);
#2373 = CARTESIAN_POINT('',(102.53941916244,106.50758622134,215.));
#2374 = LINE('',#2375,#2376);
#2375 = CARTESIAN_POINT('',(87.146705817389,115.39457341467,215.));
#2376 = VECTOR('',#2377,1.);
#2377 = DIRECTION('',(-0.866025403784,0.5,0.));
#2378 = ORIENTED_EDGE('',*,*,#2379,.T.);
#2379 = EDGE_CURVE('',#2372,#2338,#2380,.T.);
#2380 = LINE('',#2381,#2382);
#2381 = CARTESIAN_POINT('',(102.53941916244,55.996206889325,215.));
#2382 = VECTOR('',#2383,1.);
#2383 = DIRECTION('',(-0.,1.,0.));
#2384 = FACE_BOUND('',#2385,.T.);
#2385 = EDGE_LOOP('',(#2386,#2396,#2404,#2412,#2420,#2428));
#2386 = ORIENTED_EDGE('',*,*,#2387,.T.);
#2387 = EDGE_CURVE('',#2388,#2390,#2392,.T.);
#2388 = VERTEX_POINT('',#2389);
#2389 = CARTESIAN_POINT('',(112.06569860407,111.99241377865,215.));
#2390 = VERTEX_POINT('',#2391);
#2391 = CARTESIAN_POINT('',(116.81569860407,114.7348275573,215.));
#2392 = LINE('',#2393,#2394);
#2393 = CARTESIAN_POINT('',(48.168992786683,75.101633474651,215.));
#2394 = VECTOR('',#2395,1.);
#2395 = DIRECTION('',(0.866025403784,0.5,-0.));
#2396 = ORIENTED_EDGE('',*,*,#2397,.T.);
#2397 = EDGE_CURVE('',#2390,#2398,#2400,.T.);
#2398 = VERTEX_POINT('',#2399);
#2399 = CARTESIAN_POINT('',(121.56569860407,111.99241377865,215.));
#2400 = LINE('',#2401,#2402);
#2401 = CARTESIAN_POINT('',(100.2256304684,124.3131078613,215.));
#2402 = VECTOR('',#2403,1.);
#2403 = DIRECTION('',(0.866025403784,-0.5,0.));
#2404 = ORIENTED_EDGE('',*,*,#2405,.T.);
#2405 = EDGE_CURVE('',#2398,#2406,#2408,.T.);
#2406 = VERTEX_POINT('',#2407);
#2407 = CARTESIAN_POINT('',(121.56569860407,106.50758622134,215.));
#2408 = LINE('',#2409,#2410);
#2409 = CARTESIAN_POINT('',(121.56569860407,53.253793110675,215.));
#2410 = VECTOR('',#2411,1.);
#2411 = DIRECTION('',(0.,-1.,0.));
#2412 = ORIENTED_EDGE('',*,*,#2413,.T.);
#2413 = EDGE_CURVE('',#2406,#2414,#2416,.T.);
#2414 = VERTEX_POINT('',#2415);
#2415 = CARTESIAN_POINT('',(116.81569860407,103.76517244269,215.));
#2416 = LINE('',#2417,#2418);
#2417 = CARTESIAN_POINT('',(50.543992786683,65.503185249373,215.));
#2418 = VECTOR('',#2419,1.);
#2419 = DIRECTION('',(-0.866025403784,-0.5,0.));
#2420 = ORIENTED_EDGE('',*,*,#2421,.T.);
#2421 = EDGE_CURVE('',#2414,#2422,#2424,.T.);
#2422 = VERTEX_POINT('',#2423);
#2423 = CARTESIAN_POINT('',(112.06569860407,106.50758622134,215.));
#2424 = LINE('',#2425,#2426);
#2425 = CARTESIAN_POINT('',(93.100630468407,117.45707341467,215.));
#2426 = VECTOR('',#2427,1.);
#2427 = DIRECTION('',(-0.866025403784,0.5,0.));
#2428 = ORIENTED_EDGE('',*,*,#2429,.T.);
#2429 = EDGE_CURVE('',#2422,#2388,#2430,.T.);
#2430 = LINE('',#2431,#2432);
#2431 = CARTESIAN_POINT('',(112.06569860407,55.996206889325,215.));
#2432 = VECTOR('',#2433,1.);
#2433 = DIRECTION('',(-0.,1.,0.));
#2434 = FACE_BOUND('',#2435,.T.);
#2435 = EDGE_LOOP('',(#2436,#2446,#2454,#2462,#2470,#2478));
#2436 = ORIENTED_EDGE('',*,*,#2437,.T.);
#2437 = EDGE_CURVE('',#2438,#2440,#2442,.T.);
#2438 = VERTEX_POINT('',#2439);
#2439 = CARTESIAN_POINT('',(121.5919780457,95.492413778651,215.));
#2440 = VERTEX_POINT('',#2441);
#2441 = CARTESIAN_POINT('',(126.3419780457,98.234827557301,215.));
#2442 = LINE('',#2443,#2444);
#2443 = CARTESIAN_POINT('',(57.695272228311,58.601633474651,215.));
#2444 = VECTOR('',#2445,1.);
#2445 = DIRECTION('',(0.866025403784,0.5,-0.));
#2446 = ORIENTED_EDGE('',*,*,#2447,.T.);
#2447 = EDGE_CURVE('',#2440,#2448,#2450,.T.);
#2448 = VERTEX_POINT('',#2449);
#2449 = CARTESIAN_POINT('',(131.0919780457,95.492413778651,215.));
#2450 = LINE('',#2451,#2452);
#2451 = CARTESIAN_POINT('',(102.60720032881,111.9381078613,215.));
#2452 = VECTOR('',#2453,1.);
#2453 = DIRECTION('',(0.866025403784,-0.5,0.));
#2454 = ORIENTED_EDGE('',*,*,#2455,.T.);
#2455 = EDGE_CURVE('',#2448,#2456,#2458,.T.);
#2456 = VERTEX_POINT('',#2457);
#2457 = CARTESIAN_POINT('',(131.0919780457,90.007586221349,215.));
#2458 = LINE('',#2459,#2460);
#2459 = CARTESIAN_POINT('',(131.0919780457,45.003793110674,215.));
#2460 = VECTOR('',#2461,1.);
#2461 = DIRECTION('',(-5.181878396991E-15,-1.,0.));
#2462 = ORIENTED_EDGE('',*,*,#2463,.T.);
#2463 = EDGE_CURVE('',#2456,#2464,#2466,.T.);
#2464 = VERTEX_POINT('',#2465);
#2465 = CARTESIAN_POINT('',(126.3419780457,87.265172442699,215.));
#2466 = LINE('',#2467,#2468);
#2467 = CARTESIAN_POINT('',(60.070272228311,49.003185249373,215.));
#2468 = VECTOR('',#2469,1.);
#2469 = DIRECTION('',(-0.866025403784,-0.5,0.));
#2470 = ORIENTED_EDGE('',*,*,#2471,.T.);
#2471 = EDGE_CURVE('',#2464,#2472,#2474,.T.);
#2472 = VERTEX_POINT('',#2473);
#2473 = CARTESIAN_POINT('',(121.5919780457,90.007586221349,215.));
#2474 = LINE('',#2475,#2476);
#2475 = CARTESIAN_POINT('',(95.482200328815,105.08207341467,215.));
#2476 = VECTOR('',#2477,1.);
#2477 = DIRECTION('',(-0.866025403784,0.5,0.));
#2478 = ORIENTED_EDGE('',*,*,#2479,.T.);
#2479 = EDGE_CURVE('',#2472,#2438,#2480,.T.);
#2480 = LINE('',#2481,#2482);
#2481 = CARTESIAN_POINT('',(121.5919780457,47.746206889325,215.));
#2482 = VECTOR('',#2483,1.);
#2483 = DIRECTION('',(-0.,1.,0.));
#2484 = FACE_BOUND('',#2485,.T.);
#2485 = EDGE_LOOP('',(#2486,#2496,#2504,#2512,#2520,#2528));
#2486 = ORIENTED_EDGE('',*,*,#2487,.T.);
#2487 = EDGE_CURVE('',#2488,#2490,#2492,.T.);
#2488 = VERTEX_POINT('',#2489);
#2489 = CARTESIAN_POINT('',(121.5919780457,111.99241377865,215.));
#2490 = VERTEX_POINT('',#2491);
#2491 = CARTESIAN_POINT('',(126.3419780457,114.7348275573,215.));
#2492 = LINE('',#2493,#2494);
#2493 = CARTESIAN_POINT('',(54.122917437701,73.039133474651,215.));
#2494 = VECTOR('',#2495,1.);
#2495 = DIRECTION('',(0.866025403784,0.5,-0.));
#2496 = ORIENTED_EDGE('',*,*,#2497,.T.);
#2497 = EDGE_CURVE('',#2490,#2498,#2500,.T.);
#2498 = VERTEX_POINT('',#2499);
#2499 = CARTESIAN_POINT('',(131.0919780457,111.99241377865,215.));
#2500 = LINE('',#2501,#2502);
#2501 = CARTESIAN_POINT('',(106.17955511942,126.3756078613,215.));
#2502 = VECTOR('',#2503,1.);
#2503 = DIRECTION('',(0.866025403784,-0.5,0.));
#2504 = ORIENTED_EDGE('',*,*,#2505,.T.);
#2505 = EDGE_CURVE('',#2498,#2506,#2508,.T.);
#2506 = VERTEX_POINT('',#2507);
#2507 = CARTESIAN_POINT('',(131.0919780457,106.50758622134,215.));
#2508 = LINE('',#2509,#2510);
#2509 = CARTESIAN_POINT('',(131.0919780457,53.253793110674,215.));
#2510 = VECTOR('',#2511,1.);
#2511 = DIRECTION('',(-5.181878396991E-15,-1.,0.));
#2512 = ORIENTED_EDGE('',*,*,#2513,.T.);
#2513 = EDGE_CURVE('',#2506,#2514,#2516,.T.);
#2514 = VERTEX_POINT('',#2515);
#2515 = CARTESIAN_POINT('',(126.3419780457,103.76517244269,215.));
#2516 = LINE('',#2517,#2518);
#2517 = CARTESIAN_POINT('',(56.497917437701,63.440685249373,215.));
#2518 = VECTOR('',#2519,1.);
#2519 = DIRECTION('',(-0.866025403784,-0.5,0.));
#2520 = ORIENTED_EDGE('',*,*,#2521,.T.);
#2521 = EDGE_CURVE('',#2514,#2522,#2524,.T.);
#2522 = VERTEX_POINT('',#2523);
#2523 = CARTESIAN_POINT('',(121.5919780457,106.50758622134,215.));
#2524 = LINE('',#2525,#2526);
#2525 = CARTESIAN_POINT('',(99.054555119425,119.51957341467,215.));
#2526 = VECTOR('',#2527,1.);
#2527 = DIRECTION('',(-0.866025403784,0.5,0.));
#2528 = ORIENTED_EDGE('',*,*,#2529,.T.);
#2529 = EDGE_CURVE('',#2522,#2488,#2530,.T.);
#2530 = LINE('',#2531,#2532);
#2531 = CARTESIAN_POINT('',(121.5919780457,55.996206889325,215.));
#2532 = VECTOR('',#2533,1.);
#2533 = DIRECTION('',(-0.,1.,0.));
#2534 = FACE_BOUND('',#2535,.T.);
#2535 = EDGE_LOOP('',(#2536,#2546,#2554,#2562,#2570,#2578));
#2536 = ORIENTED_EDGE('',*,*,#2537,.T.);
#2537 = EDGE_CURVE('',#2538,#2540,#2542,.T.);
#2538 = VERTEX_POINT('',#2539);
#2539 = CARTESIAN_POINT('',(88.25,120.24241377865,215.));
#2540 = VERTEX_POINT('',#2541);
#2541 = CARTESIAN_POINT('',(93.,122.9848275573,215.));
#2542 = LINE('',#2543,#2544);
#2543 = CARTESIAN_POINT('',(31.498003763832,87.476633474651,215.));
#2544 = VECTOR('',#2545,1.);
#2545 = DIRECTION('',(0.866025403784,0.5,-0.));
#2546 = ORIENTED_EDGE('',*,*,#2547,.T.);
#2547 = EDGE_CURVE('',#2540,#2548,#2550,.T.);
#2548 = VERTEX_POINT('',#2549);
#2549 = CARTESIAN_POINT('',(97.75,120.24241377865,215.));
#2550 = LINE('',#2551,#2552);
#2551 = CARTESIAN_POINT('',(87.126996236168,126.3756078613,215.));
#2552 = VECTOR('',#2553,1.);
#2553 = DIRECTION('',(0.866025403784,-0.5,0.));
#2554 = ORIENTED_EDGE('',*,*,#2555,.T.);
#2555 = EDGE_CURVE('',#2548,#2556,#2558,.T.);
#2556 = VERTEX_POINT('',#2557);
#2557 = CARTESIAN_POINT('',(97.75,114.75758622134,215.));
#2558 = LINE('',#2559,#2560);
#2559 = CARTESIAN_POINT('',(97.75,57.378793110675,215.));
#2560 = VECTOR('',#2561,1.);
#2561 = DIRECTION('',(0.,-1.,0.));
#2562 = ORIENTED_EDGE('',*,*,#2563,.T.);
#2563 = EDGE_CURVE('',#2556,#2564,#2566,.T.);
#2564 = VERTEX_POINT('',#2565);
#2565 = CARTESIAN_POINT('',(93.,112.01517244269,215.));
#2566 = LINE('',#2567,#2568);
#2567 = CARTESIAN_POINT('',(33.873003763832,77.878185249373,215.));
#2568 = VECTOR('',#2569,1.);
#2569 = DIRECTION('',(-0.866025403784,-0.5,0.));
#2570 = ORIENTED_EDGE('',*,*,#2571,.T.);
#2571 = EDGE_CURVE('',#2564,#2572,#2574,.T.);
#2572 = VERTEX_POINT('',#2573);
#2573 = CARTESIAN_POINT('',(88.25,114.75758622134,215.));
#2574 = LINE('',#2575,#2576);
#2575 = CARTESIAN_POINT('',(80.001996236168,119.51957341467,215.));
#2576 = VECTOR('',#2577,1.);
#2577 = DIRECTION('',(-0.866025403784,0.5,0.));
#2578 = ORIENTED_EDGE('',*,*,#2579,.T.);
#2579 = EDGE_CURVE('',#2572,#2538,#2580,.T.);
#2580 = LINE('',#2581,#2582);
#2581 = CARTESIAN_POINT('',(88.25,60.121206889325,215.));
#2582 = VECTOR('',#2583,1.);
#2583 = DIRECTION('',(-0.,1.,0.));
#2584 = FACE_BOUND('',#2585,.T.);
#2585 = EDGE_LOOP('',(#2586,#2596,#2604,#2612,#2620,#2628));
#2586 = ORIENTED_EDGE('',*,*,#2587,.T.);
#2587 = EDGE_CURVE('',#2588,#2590,#2592,.T.);
#2588 = VERTEX_POINT('',#2589);
#2589 = CARTESIAN_POINT('',(97.776279441629,120.24241377865,215.));
#2590 = VERTEX_POINT('',#2591);
#2591 = CARTESIAN_POINT('',(102.52627944162,122.9848275573,215.));
#2592 = LINE('',#2593,#2594);
#2593 = CARTESIAN_POINT('',(37.45192841485,85.414133474651,215.));
#2594 = VECTOR('',#2595,1.);
#2595 = DIRECTION('',(0.866025403784,0.5,-0.));
#2596 = ORIENTED_EDGE('',*,*,#2597,.T.);
#2597 = EDGE_CURVE('',#2590,#2598,#2600,.T.);
#2598 = VERTEX_POINT('',#2599);
#2599 = CARTESIAN_POINT('',(107.27627944162,120.24241377865,215.));
#2600 = LINE('',#2601,#2602);
#2601 = CARTESIAN_POINT('',(93.080920887186,128.4381078613,215.));
#2602 = VECTOR('',#2603,1.);
#2603 = DIRECTION('',(0.866025403784,-0.5,0.));
#2604 = ORIENTED_EDGE('',*,*,#2605,.T.);
#2605 = EDGE_CURVE('',#2598,#2606,#2608,.T.);
#2606 = VERTEX_POINT('',#2607);
#2607 = CARTESIAN_POINT('',(107.27627944162,114.75758622134,215.));
#2608 = LINE('',#2609,#2610);
#2609 = CARTESIAN_POINT('',(107.27627944162,57.378793110675,215.));
#2610 = VECTOR('',#2611,1.);
#2611 = DIRECTION('',(0.,-1.,0.));
#2612 = ORIENTED_EDGE('',*,*,#2613,.T.);
#2613 = EDGE_CURVE('',#2606,#2614,#2616,.T.);
#2614 = VERTEX_POINT('',#2615);
#2615 = CARTESIAN_POINT('',(102.52627944162,112.01517244269,215.));
#2616 = LINE('',#2617,#2618);
#2617 = CARTESIAN_POINT('',(39.82692841485,75.815685249373,215.));
#2618 = VECTOR('',#2619,1.);
#2619 = DIRECTION('',(-0.866025403784,-0.5,0.));
#2620 = ORIENTED_EDGE('',*,*,#2621,.T.);
#2621 = EDGE_CURVE('',#2614,#2622,#2624,.T.);
#2622 = VERTEX_POINT('',#2623);
#2623 = CARTESIAN_POINT('',(97.776279441629,114.75758622134,215.));
#2624 = LINE('',#2625,#2626);
#2625 = CARTESIAN_POINT('',(85.955920887186,121.58207341467,215.));
#2626 = VECTOR('',#2627,1.);
#2627 = DIRECTION('',(-0.866025403784,0.5,0.));
#2628 = ORIENTED_EDGE('',*,*,#2629,.T.);
#2629 = EDGE_CURVE('',#2622,#2588,#2630,.T.);
#2630 = LINE('',#2631,#2632);
#2631 = CARTESIAN_POINT('',(97.776279441629,60.121206889325,215.));
#2632 = VECTOR('',#2633,1.);
#2633 = DIRECTION('',(-0.,1.,0.));
#2634 = FACE_BOUND('',#2635,.T.);
#2635 = EDGE_LOOP('',(#2636,#2646,#2654,#2662,#2670,#2678));
#2636 = ORIENTED_EDGE('',*,*,#2637,.T.);
#2637 = EDGE_CURVE('',#2638,#2640,#2642,.T.);
#2638 = VERTEX_POINT('',#2639);
#2639 = CARTESIAN_POINT('',(83.486860279186,128.49241377865,215.));
#2640 = VERTEX_POINT('',#2641);
#2641 = CARTESIAN_POINT('',(88.236860279186,131.2348275573,215.));
#2642 = LINE('',#2643,#2644);
#2643 = CARTESIAN_POINT('',(26.734864043018,95.72663347465,215.));
#2644 = VECTOR('',#2645,1.);
#2645 = DIRECTION('',(0.866025403784,0.5,-0.));
#2646 = ORIENTED_EDGE('',*,*,#2647,.T.);
#2647 = EDGE_CURVE('',#2640,#2648,#2650,.T.);
#2648 = VERTEX_POINT('',#2649);
#2649 = CARTESIAN_POINT('',(92.986860279186,128.49241377865,215.));
#2650 = LINE('',#2651,#2652);
#2651 = CARTESIAN_POINT('',(85.936211305964,132.5631078613,215.));
#2652 = VECTOR('',#2653,1.);
#2653 = DIRECTION('',(0.866025403784,-0.5,0.));
#2654 = ORIENTED_EDGE('',*,*,#2655,.T.);
#2655 = EDGE_CURVE('',#2648,#2656,#2658,.T.);
#2656 = VERTEX_POINT('',#2657);
#2657 = CARTESIAN_POINT('',(92.986860279186,123.00758622134,215.));
#2658 = LINE('',#2659,#2660);
#2659 = CARTESIAN_POINT('',(92.986860279186,61.503793110675,215.));
#2660 = VECTOR('',#2661,1.);
#2661 = DIRECTION('',(0.,-1.,0.));
#2662 = ORIENTED_EDGE('',*,*,#2663,.T.);
#2663 = EDGE_CURVE('',#2656,#2664,#2666,.T.);
#2664 = VERTEX_POINT('',#2665);
#2665 = CARTESIAN_POINT('',(88.236860279186,120.26517244269,215.));
#2666 = LINE('',#2667,#2668);
#2667 = CARTESIAN_POINT('',(29.109864043018,86.128185249373,215.));
#2668 = VECTOR('',#2669,1.);
#2669 = DIRECTION('',(-0.866025403784,-0.5,0.));
#2670 = ORIENTED_EDGE('',*,*,#2671,.T.);
#2671 = EDGE_CURVE('',#2664,#2672,#2674,.T.);
#2672 = VERTEX_POINT('',#2673);
#2673 = CARTESIAN_POINT('',(83.486860279186,123.00758622134,215.));
#2674 = LINE('',#2675,#2676);
#2675 = CARTESIAN_POINT('',(78.811211305964,125.70707341467,215.));
#2676 = VECTOR('',#2677,1.);
#2677 = DIRECTION('',(-0.866025403784,0.5,0.));
#2678 = ORIENTED_EDGE('',*,*,#2679,.T.);
#2679 = EDGE_CURVE('',#2672,#2638,#2680,.T.);
#2680 = LINE('',#2681,#2682);
#2681 = CARTESIAN_POINT('',(83.486860279186,64.246206889325,215.));
#2682 = VECTOR('',#2683,1.);
#2683 = DIRECTION('',(-0.,1.,0.));
#2684 = FACE_BOUND('',#2685,.T.);
#2685 = EDGE_LOOP('',(#2686,#2696,#2704,#2712,#2720,#2728));
#2686 = ORIENTED_EDGE('',*,*,#2687,.T.);
#2687 = EDGE_CURVE('',#2688,#2690,#2692,.T.);
#2688 = VERTEX_POINT('',#2689);
#2689 = CARTESIAN_POINT('',(93.013139720814,128.49241377865,215.));
#2690 = VERTEX_POINT('',#2691);
#2691 = CARTESIAN_POINT('',(97.763139720814,131.2348275573,215.));
#2692 = LINE('',#2693,#2694);
#2693 = CARTESIAN_POINT('',(32.688788694036,93.66413347465,215.));
#2694 = VECTOR('',#2695,1.);
#2695 = DIRECTION('',(0.866025403784,0.5,-0.));
#2696 = ORIENTED_EDGE('',*,*,#2697,.T.);
#2697 = EDGE_CURVE('',#2690,#2698,#2700,.T.);
#2698 = VERTEX_POINT('',#2699);
#2699 = CARTESIAN_POINT('',(102.51313972081,128.49241377865,215.));
#2700 = LINE('',#2701,#2702);
#2701 = CARTESIAN_POINT('',(91.890135956982,134.6256078613,215.));
#2702 = VECTOR('',#2703,1.);
#2703 = DIRECTION('',(0.866025403784,-0.5,0.));
#2704 = ORIENTED_EDGE('',*,*,#2705,.T.);
#2705 = EDGE_CURVE('',#2698,#2706,#2708,.T.);
#2706 = VERTEX_POINT('',#2707);
#2707 = CARTESIAN_POINT('',(102.51313972081,123.00758622134,215.));
#2708 = LINE('',#2709,#2710);
#2709 = CARTESIAN_POINT('',(102.51313972081,61.503793110675,215.));
#2710 = VECTOR('',#2711,1.);
#2711 = DIRECTION('',(0.,-1.,0.));
#2712 = ORIENTED_EDGE('',*,*,#2713,.T.);
#2713 = EDGE_CURVE('',#2706,#2714,#2716,.T.);
#2714 = VERTEX_POINT('',#2715);
#2715 = CARTESIAN_POINT('',(97.763139720814,120.26517244269,215.));
#2716 = LINE('',#2717,#2718);
#2717 = CARTESIAN_POINT('',(35.063788694036,84.065685249373,215.));
#2718 = VECTOR('',#2719,1.);
#2719 = DIRECTION('',(-0.866025403784,-0.5,0.));
#2720 = ORIENTED_EDGE('',*,*,#2721,.T.);
#2721 = EDGE_CURVE('',#2714,#2722,#2724,.T.);
#2722 = VERTEX_POINT('',#2723);
#2723 = CARTESIAN_POINT('',(93.013139720814,123.00758622134,215.));
#2724 = LINE('',#2725,#2726);
#2725 = CARTESIAN_POINT('',(84.765135956982,127.76957341467,215.));
#2726 = VECTOR('',#2727,1.);
#2727 = DIRECTION('',(-0.866025403784,0.5,0.));
#2728 = ORIENTED_EDGE('',*,*,#2729,.T.);
#2729 = EDGE_CURVE('',#2722,#2688,#2730,.T.);
#2730 = LINE('',#2731,#2732);
#2731 = CARTESIAN_POINT('',(93.013139720814,64.246206889325,215.));
#2732 = VECTOR('',#2733,1.);
#2733 = DIRECTION('',(-0.,1.,0.));
#2734 = FACE_BOUND('',#2735,.T.);
#2735 = EDGE_LOOP('',(#2736,#2746,#2754,#2762,#2770,#2778));
#2736 = ORIENTED_EDGE('',*,*,#2737,.T.);
#2737 = EDGE_CURVE('',#2738,#2740,#2742,.T.);
#2738 = VERTEX_POINT('',#2739);
#2739 = CARTESIAN_POINT('',(107.30255888325,120.24241377865,215.));
#2740 = VERTEX_POINT('',#2741);
#2741 = CARTESIAN_POINT('',(112.05255888325,122.9848275573,215.));
#2742 = LINE('',#2743,#2744);
#2743 = CARTESIAN_POINT('',(43.405853065868,83.351633474651,215.));
#2744 = VECTOR('',#2745,1.);
#2745 = DIRECTION('',(0.866025403784,0.5,-0.));
#2746 = ORIENTED_EDGE('',*,*,#2747,.T.);
#2747 = EDGE_CURVE('',#2740,#2748,#2750,.T.);
#2748 = VERTEX_POINT('',#2749);
#2749 = CARTESIAN_POINT('',(116.80255888325,120.24241377865,215.));
#2750 = LINE('',#2751,#2752);
#2751 = CARTESIAN_POINT('',(99.034845538204,130.5006078613,215.));
#2752 = VECTOR('',#2753,1.);
#2753 = DIRECTION('',(0.866025403784,-0.5,0.));
#2754 = ORIENTED_EDGE('',*,*,#2755,.T.);
#2755 = EDGE_CURVE('',#2748,#2756,#2758,.T.);
#2756 = VERTEX_POINT('',#2757);
#2757 = CARTESIAN_POINT('',(116.80255888325,114.75758622134,215.));
#2758 = LINE('',#2759,#2760);
#2759 = CARTESIAN_POINT('',(116.80255888325,57.378793110675,215.));
#2760 = VECTOR('',#2761,1.);
#2761 = DIRECTION('',(0.,-1.,0.));
#2762 = ORIENTED_EDGE('',*,*,#2763,.T.);
#2763 = EDGE_CURVE('',#2756,#2764,#2766,.T.);
#2764 = VERTEX_POINT('',#2765);
#2765 = CARTESIAN_POINT('',(112.05255888325,112.01517244269,215.));
#2766 = LINE('',#2767,#2768);
#2767 = CARTESIAN_POINT('',(45.780853065868,73.753185249373,215.));
#2768 = VECTOR('',#2769,1.);
#2769 = DIRECTION('',(-0.866025403784,-0.5,0.));
#2770 = ORIENTED_EDGE('',*,*,#2771,.T.);
#2771 = EDGE_CURVE('',#2764,#2772,#2774,.T.);
#2772 = VERTEX_POINT('',#2773);
#2773 = CARTESIAN_POINT('',(107.30255888325,114.75758622134,215.));
#2774 = LINE('',#2775,#2776);
#2775 = CARTESIAN_POINT('',(91.909845538204,123.64457341467,215.));
#2776 = VECTOR('',#2777,1.);
#2777 = DIRECTION('',(-0.866025403784,0.5,0.));
#2778 = ORIENTED_EDGE('',*,*,#2779,.T.);
#2779 = EDGE_CURVE('',#2772,#2738,#2780,.T.);
#2780 = LINE('',#2781,#2782);
#2781 = CARTESIAN_POINT('',(107.30255888325,60.121206889325,215.));
#2782 = VECTOR('',#2783,1.);
#2783 = DIRECTION('',(-0.,1.,0.));
#2784 = FACE_BOUND('',#2785,.T.);
#2785 = EDGE_LOOP('',(#2786,#2796,#2804,#2812,#2820,#2828));
#2786 = ORIENTED_EDGE('',*,*,#2787,.T.);
#2787 = EDGE_CURVE('',#2788,#2790,#2792,.T.);
#2788 = VERTEX_POINT('',#2789);
#2789 = CARTESIAN_POINT('',(116.82883832488,120.24241377865,215.));
#2790 = VERTEX_POINT('',#2791);
#2791 = CARTESIAN_POINT('',(121.57883832488,122.9848275573,215.));
#2792 = LINE('',#2793,#2794);
#2793 = CARTESIAN_POINT('',(49.359777716886,81.289133474651,215.));
#2794 = VECTOR('',#2795,1.);
#2795 = DIRECTION('',(0.866025403784,0.5,-0.));
#2796 = ORIENTED_EDGE('',*,*,#2797,.T.);
#2797 = EDGE_CURVE('',#2790,#2798,#2800,.T.);
#2798 = VERTEX_POINT('',#2799);
#2799 = CARTESIAN_POINT('',(126.32883832488,120.24241377865,215.));
#2800 = LINE('',#2801,#2802);
#2801 = CARTESIAN_POINT('',(104.98877018922,132.5631078613,215.));
#2802 = VECTOR('',#2803,1.);
#2803 = DIRECTION('',(0.866025403784,-0.5,0.));
#2804 = ORIENTED_EDGE('',*,*,#2805,.T.);
#2805 = EDGE_CURVE('',#2798,#2806,#2808,.T.);
#2806 = VERTEX_POINT('',#2807);
#2807 = CARTESIAN_POINT('',(126.32883832488,114.75758622134,215.));
#2808 = LINE('',#2809,#2810);
#2809 = CARTESIAN_POINT('',(126.32883832488,57.378793110675,215.));
#2810 = VECTOR('',#2811,1.);
#2811 = DIRECTION('',(0.,-1.,0.));
#2812 = ORIENTED_EDGE('',*,*,#2813,.T.);
#2813 = EDGE_CURVE('',#2806,#2814,#2816,.T.);
#2814 = VERTEX_POINT('',#2815);
#2815 = CARTESIAN_POINT('',(121.57883832488,112.01517244269,215.));
#2816 = LINE('',#2817,#2818);
#2817 = CARTESIAN_POINT('',(51.734777716886,71.690685249373,215.));
#2818 = VECTOR('',#2819,1.);
#2819 = DIRECTION('',(-0.866025403784,-0.5,0.));
#2820 = ORIENTED_EDGE('',*,*,#2821,.T.);
#2821 = EDGE_CURVE('',#2814,#2822,#2824,.T.);
#2822 = VERTEX_POINT('',#2823);
#2823 = CARTESIAN_POINT('',(116.82883832488,114.75758622134,215.));
#2824 = LINE('',#2825,#2826);
#2825 = CARTESIAN_POINT('',(97.863770189222,125.70707341467,215.));
#2826 = VECTOR('',#2827,1.);
#2827 = DIRECTION('',(-0.866025403784,0.5,0.));
#2828 = ORIENTED_EDGE('',*,*,#2829,.T.);
#2829 = EDGE_CURVE('',#2822,#2788,#2830,.T.);
#2830 = LINE('',#2831,#2832);
#2831 = CARTESIAN_POINT('',(116.82883832488,60.121206889325,215.));
#2832 = VECTOR('',#2833,1.);
#2833 = DIRECTION('',(-0.,1.,0.));
#2834 = FACE_BOUND('',#2835,.T.);
#2835 = EDGE_LOOP('',(#2836,#2846,#2854,#2862,#2870,#2878));
#2836 = ORIENTED_EDGE('',*,*,#2837,.T.);
#2837 = EDGE_CURVE('',#2838,#2840,#2842,.T.);
#2838 = VERTEX_POINT('',#2839);
#2839 = CARTESIAN_POINT('',(102.53941916244,128.49241377865,215.));
#2840 = VERTEX_POINT('',#2841);
#2841 = CARTESIAN_POINT('',(107.28941916244,131.2348275573,215.));
#2842 = LINE('',#2843,#2844);
#2843 = CARTESIAN_POINT('',(38.642713345054,91.60163347465,215.));
#2844 = VECTOR('',#2845,1.);
#2845 = DIRECTION('',(0.866025403784,0.5,-0.));
#2846 = ORIENTED_EDGE('',*,*,#2847,.T.);
#2847 = EDGE_CURVE('',#2840,#2848,#2850,.T.);
#2848 = VERTEX_POINT('',#2849);
#2849 = CARTESIAN_POINT('',(112.03941916244,128.49241377865,215.));
#2850 = LINE('',#2851,#2852);
#2851 = CARTESIAN_POINT('',(97.844060608,136.6881078613,215.));
#2852 = VECTOR('',#2853,1.);
#2853 = DIRECTION('',(0.866025403784,-0.5,0.));
#2854 = ORIENTED_EDGE('',*,*,#2855,.T.);
#2855 = EDGE_CURVE('',#2848,#2856,#2858,.T.);
#2856 = VERTEX_POINT('',#2857);
#2857 = CARTESIAN_POINT('',(112.03941916244,123.00758622134,215.));
#2858 = LINE('',#2859,#2860);
#2859 = CARTESIAN_POINT('',(112.03941916244,61.503793110675,215.));
#2860 = VECTOR('',#2861,1.);
#2861 = DIRECTION('',(0.,-1.,0.));
#2862 = ORIENTED_EDGE('',*,*,#2863,.T.);
#2863 = EDGE_CURVE('',#2856,#2864,#2866,.T.);
#2864 = VERTEX_POINT('',#2865);
#2865 = CARTESIAN_POINT('',(107.28941916244,120.26517244269,215.));
#2866 = LINE('',#2867,#2868);
#2867 = CARTESIAN_POINT('',(41.017713345054,82.003185249373,215.));
#2868 = VECTOR('',#2869,1.);
#2869 = DIRECTION('',(-0.866025403784,-0.5,0.));
#2870 = ORIENTED_EDGE('',*,*,#2871,.T.);
#2871 = EDGE_CURVE('',#2864,#2872,#2874,.T.);
#2872 = VERTEX_POINT('',#2873);
#2873 = CARTESIAN_POINT('',(102.53941916244,123.00758622134,215.));
#2874 = LINE('',#2875,#2876);
#2875 = CARTESIAN_POINT('',(90.719060608,129.83207341467,215.));
#2876 = VECTOR('',#2877,1.);
#2877 = DIRECTION('',(-0.866025403784,0.5,0.));
#2878 = ORIENTED_EDGE('',*,*,#2879,.T.);
#2879 = EDGE_CURVE('',#2872,#2838,#2880,.T.);
#2880 = LINE('',#2881,#2882);
#2881 = CARTESIAN_POINT('',(102.53941916244,64.246206889325,215.));
#2882 = VECTOR('',#2883,1.);
#2883 = DIRECTION('',(-0.,1.,0.));
#2884 = FACE_BOUND('',#2885,.T.);
#2885 = EDGE_LOOP('',(#2886,#2896,#2904,#2912,#2920,#2928));
#2886 = ORIENTED_EDGE('',*,*,#2887,.T.);
#2887 = EDGE_CURVE('',#2888,#2890,#2892,.T.);
#2888 = VERTEX_POINT('',#2889);
#2889 = CARTESIAN_POINT('',(112.06569860407,128.49241377865,215.));
#2890 = VERTEX_POINT('',#2891);
#2891 = CARTESIAN_POINT('',(116.81569860407,131.2348275573,215.));
#2892 = LINE('',#2893,#2894);
#2893 = CARTESIAN_POINT('',(44.596637996072,89.53913347465,215.));
#2894 = VECTOR('',#2895,1.);
#2895 = DIRECTION('',(0.866025403784,0.5,-0.));
#2896 = ORIENTED_EDGE('',*,*,#2897,.T.);
#2897 = EDGE_CURVE('',#2890,#2898,#2900,.T.);
#2898 = VERTEX_POINT('',#2899);
#2899 = CARTESIAN_POINT('',(121.56569860407,128.49241377865,215.));
#2900 = LINE('',#2901,#2902);
#2901 = CARTESIAN_POINT('',(103.79798525901,138.7506078613,215.));
#2902 = VECTOR('',#2903,1.);
#2903 = DIRECTION('',(0.866025403784,-0.5,0.));
#2904 = ORIENTED_EDGE('',*,*,#2905,.T.);
#2905 = EDGE_CURVE('',#2898,#2906,#2908,.T.);
#2906 = VERTEX_POINT('',#2907);
#2907 = CARTESIAN_POINT('',(121.56569860407,123.00758622134,215.));
#2908 = LINE('',#2909,#2910);
#2909 = CARTESIAN_POINT('',(121.56569860407,61.503793110675,215.));
#2910 = VECTOR('',#2911,1.);
#2911 = DIRECTION('',(0.,-1.,0.));
#2912 = ORIENTED_EDGE('',*,*,#2913,.T.);
#2913 = EDGE_CURVE('',#2906,#2914,#2916,.T.);
#2914 = VERTEX_POINT('',#2915);
#2915 = CARTESIAN_POINT('',(116.81569860407,120.26517244269,215.));
#2916 = LINE('',#2917,#2918);
#2917 = CARTESIAN_POINT('',(46.971637996072,79.940685249373,215.));
#2918 = VECTOR('',#2919,1.);
#2919 = DIRECTION('',(-0.866025403784,-0.5,0.));
#2920 = ORIENTED_EDGE('',*,*,#2921,.T.);
#2921 = EDGE_CURVE('',#2914,#2922,#2924,.T.);
#2922 = VERTEX_POINT('',#2923);
#2923 = CARTESIAN_POINT('',(112.06569860407,123.00758622134,215.));
#2924 = LINE('',#2925,#2926);
#2925 = CARTESIAN_POINT('',(96.672985259018,131.89457341467,215.));
#2926 = VECTOR('',#2927,1.);
#2927 = DIRECTION('',(-0.866025403784,0.5,0.));
#2928 = ORIENTED_EDGE('',*,*,#2929,.T.);
#2929 = EDGE_CURVE('',#2922,#2888,#2930,.T.);
#2930 = LINE('',#2931,#2932);
#2931 = CARTESIAN_POINT('',(112.06569860407,64.246206889325,215.));
#2932 = VECTOR('',#2933,1.);
#2933 = DIRECTION('',(-0.,1.,0.));
#2934 = FACE_BOUND('',#2935,.T.);
#2935 = EDGE_LOOP('',(#2936,#2946,#2954,#2962,#2970,#2978));
#2936 = ORIENTED_EDGE('',*,*,#2937,.T.);
#2937 = EDGE_CURVE('',#2938,#2940,#2942,.T.);
#2938 = VERTEX_POINT('',#2939);
#2939 = CARTESIAN_POINT('',(88.25,136.74241377865,215.));
#2940 = VERTEX_POINT('',#2941);
#2941 = CARTESIAN_POINT('',(93.,139.4848275573,215.));
#2942 = LINE('',#2943,#2944);
#2943 = CARTESIAN_POINT('',(27.925648973221,101.91413347465,215.));
#2944 = VECTOR('',#2945,1.);
#2945 = DIRECTION('',(0.866025403784,0.5,-0.));
#2946 = ORIENTED_EDGE('',*,*,#2947,.T.);
#2947 = EDGE_CURVE('',#2940,#2948,#2950,.T.);
#2948 = VERTEX_POINT('',#2949);
#2949 = CARTESIAN_POINT('',(97.75,136.74241377865,215.));
#2950 = LINE('',#2951,#2952);
#2951 = CARTESIAN_POINT('',(90.699351026779,140.8131078613,215.));
#2952 = VECTOR('',#2953,1.);
#2953 = DIRECTION('',(0.866025403784,-0.5,0.));
#2954 = ORIENTED_EDGE('',*,*,#2955,.T.);
#2955 = EDGE_CURVE('',#2948,#2956,#2958,.T.);
#2956 = VERTEX_POINT('',#2957);
#2957 = CARTESIAN_POINT('',(97.75,131.25758622134,215.));
#2958 = LINE('',#2959,#2960);
#2959 = CARTESIAN_POINT('',(97.75,65.628793110675,215.));
#2960 = VECTOR('',#2961,1.);
#2961 = DIRECTION('',(0.,-1.,0.));
#2962 = ORIENTED_EDGE('',*,*,#2963,.T.);
#2963 = EDGE_CURVE('',#2956,#2964,#2966,.T.);
#2964 = VERTEX_POINT('',#2965);
#2965 = CARTESIAN_POINT('',(93.,128.51517244269,215.));
#2966 = LINE('',#2967,#2968);
#2967 = CARTESIAN_POINT('',(30.300648973221,92.315685249373,215.));
#2968 = VECTOR('',#2969,1.);
#2969 = DIRECTION('',(-0.866025403784,-0.5,0.));
#2970 = ORIENTED_EDGE('',*,*,#2971,.T.);
#2971 = EDGE_CURVE('',#2964,#2972,#2974,.T.);
#2972 = VERTEX_POINT('',#2973);
#2973 = CARTESIAN_POINT('',(88.25,131.25758622134,215.));
#2974 = LINE('',#2975,#2976);
#2975 = CARTESIAN_POINT('',(83.574351026779,133.95707341467,215.));
#2976 = VECTOR('',#2977,1.);
#2977 = DIRECTION('',(-0.866025403784,0.5,0.));
#2978 = ORIENTED_EDGE('',*,*,#2979,.T.);
#2979 = EDGE_CURVE('',#2972,#2938,#2980,.T.);
#2980 = LINE('',#2981,#2982);
#2981 = CARTESIAN_POINT('',(88.25,68.371206889325,215.));
#2982 = VECTOR('',#2983,1.);
#2983 = DIRECTION('',(-0.,1.,0.));
#2984 = FACE_BOUND('',#2985,.T.);
#2985 = EDGE_LOOP('',(#2986,#2996,#3004,#3012,#3020,#3028));
#2986 = ORIENTED_EDGE('',*,*,#2987,.T.);
#2987 = EDGE_CURVE('',#2988,#2990,#2992,.T.);
#2988 = VERTEX_POINT('',#2989);
#2989 = CARTESIAN_POINT('',(97.776279441629,136.74241377865,215.));
#2990 = VERTEX_POINT('',#2991);
#2991 = CARTESIAN_POINT('',(102.52627944162,139.4848275573,215.));
#2992 = LINE('',#2993,#2994);
#2993 = CARTESIAN_POINT('',(33.879573624239,99.85163347465,215.));
#2994 = VECTOR('',#2995,1.);
#2995 = DIRECTION('',(0.866025403784,0.5,-0.));
#2996 = ORIENTED_EDGE('',*,*,#2997,.T.);
#2997 = EDGE_CURVE('',#2990,#2998,#3000,.T.);
#2998 = VERTEX_POINT('',#2999);
#2999 = CARTESIAN_POINT('',(107.27627944162,136.74241377865,215.));
#3000 = LINE('',#3001,#3002);
#3001 = CARTESIAN_POINT('',(96.653275677797,142.8756078613,215.));
#3002 = VECTOR('',#3003,1.);
#3003 = DIRECTION('',(0.866025403784,-0.5,0.));
#3004 = ORIENTED_EDGE('',*,*,#3005,.T.);
#3005 = EDGE_CURVE('',#2998,#3006,#3008,.T.);
#3006 = VERTEX_POINT('',#3007);
#3007 = CARTESIAN_POINT('',(107.27627944162,131.25758622134,215.));
#3008 = LINE('',#3009,#3010);
#3009 = CARTESIAN_POINT('',(107.27627944162,65.628793110675,215.));
#3010 = VECTOR('',#3011,1.);
#3011 = DIRECTION('',(0.,-1.,0.));
#3012 = ORIENTED_EDGE('',*,*,#3013,.T.);
#3013 = EDGE_CURVE('',#3006,#3014,#3016,.T.);
#3014 = VERTEX_POINT('',#3015);
#3015 = CARTESIAN_POINT('',(102.52627944162,128.51517244269,215.));
#3016 = LINE('',#3017,#3018);
#3017 = CARTESIAN_POINT('',(36.254573624239,90.253185249373,215.));
#3018 = VECTOR('',#3019,1.);
#3019 = DIRECTION('',(-0.866025403784,-0.5,0.));
#3020 = ORIENTED_EDGE('',*,*,#3021,.T.);
#3021 = EDGE_CURVE('',#3014,#3022,#3024,.T.);
#3022 = VERTEX_POINT('',#3023);
#3023 = CARTESIAN_POINT('',(97.776279441629,131.25758622134,215.));
#3024 = LINE('',#3025,#3026);
#3025 = CARTESIAN_POINT('',(89.528275677797,136.01957341467,215.));
#3026 = VECTOR('',#3027,1.);
#3027 = DIRECTION('',(-0.866025403784,0.5,0.));
#3028 = ORIENTED_EDGE('',*,*,#3029,.T.);
#3029 = EDGE_CURVE('',#3022,#2988,#3030,.T.);
#3030 = LINE('',#3031,#3032);
#3031 = CARTESIAN_POINT('',(97.776279441629,68.371206889325,215.));
#3032 = VECTOR('',#3033,1.);
#3033 = DIRECTION('',(-0.,1.,0.));
#3034 = FACE_BOUND('',#3035,.T.);
#3035 = EDGE_LOOP('',(#3036));
#3036 = ORIENTED_EDGE('',*,*,#3037,.F.);
#3037 = EDGE_CURVE('',#3038,#3038,#3040,.T.);
#3038 = VERTEX_POINT('',#3039);
#3039 = CARTESIAN_POINT('',(136.35,142.25,215.));
#3040 = CIRCLE('',#3041,2.1);
#3041 = AXIS2_PLACEMENT_3D('',#3042,#3043,#3044);
#3042 = CARTESIAN_POINT('',(134.25,142.25,215.));
#3043 = DIRECTION('',(0.,0.,1.));
#3044 = DIRECTION('',(1.,0.,-0.));
#3045 = FACE_BOUND('',#3046,.T.);
#3046 = EDGE_LOOP('',(#3047,#3057,#3065,#3073));
#3047 = ORIENTED_EDGE('',*,*,#3048,.T.);
#3048 = EDGE_CURVE('',#3049,#3051,#3053,.T.);
#3049 = VERTEX_POINT('',#3050);
#3050 = CARTESIAN_POINT('',(160.,126.,215.));
#3051 = VERTEX_POINT('',#3052);
#3052 = CARTESIAN_POINT('',(142.,126.,215.));
#3053 = LINE('',#3054,#3055);
#3054 = CARTESIAN_POINT('',(71.,126.,215.));
#3055 = VECTOR('',#3056,1.);
#3056 = DIRECTION('',(-1.,-0.,0.));
#3057 = ORIENTED_EDGE('',*,*,#3058,.T.);
#3058 = EDGE_CURVE('',#3051,#3059,#3061,.T.);
#3059 = VERTEX_POINT('',#3060);
#3060 = CARTESIAN_POINT('',(142.,140.,215.));
#3061 = LINE('',#3062,#3063);
#3062 = CARTESIAN_POINT('',(142.,63.,215.));
#3063 = VECTOR('',#3064,1.);
#3064 = DIRECTION('',(-0.,1.,0.));
#3065 = ORIENTED_EDGE('',*,*,#3066,.F.);
#3066 = EDGE_CURVE('',#3067,#3059,#3069,.T.);
#3067 = VERTEX_POINT('',#3068);
#3068 = CARTESIAN_POINT('',(160.,140.,215.));
#3069 = LINE('',#3070,#3071);
#3070 = CARTESIAN_POINT('',(71.,140.,215.));
#3071 = VECTOR('',#3072,1.);
#3072 = DIRECTION('',(-1.,-0.,0.));
#3073 = ORIENTED_EDGE('',*,*,#3074,.F.);
#3074 = EDGE_CURVE('',#3049,#3067,#3075,.T.);
#3075 = LINE('',#3076,#3077);
#3076 = CARTESIAN_POINT('',(160.,63.,215.));
#3077 = VECTOR('',#3078,1.);
#3078 = DIRECTION('',(-0.,1.,0.));
#3079 = PLANE('',#3080);
#3080 = AXIS2_PLACEMENT_3D('',#3081,#3082,#3083);
#3081 = CARTESIAN_POINT('',(0.,0.,215.));
#3082 = DIRECTION('',(0.,0.,1.));
#3083 = DIRECTION('',(1.,0.,-0.));
#3084 = ADVANCED_FACE('',(#3085,#3103),#3169,.T.);
#3085 = FACE_BOUND('',#3086,.T.);
#3086 = EDGE_LOOP('',(#3087,#3095,#3096,#3097));
#3087 = ORIENTED_EDGE('',*,*,#3088,.F.);
#3088 = EDGE_CURVE('',#64,#3089,#3091,.T.);
#3089 = VERTEX_POINT('',#3090);
#3090 = CARTESIAN_POINT('',(186.,151.5,138.));
#3091 = LINE('',#3092,#3093);
#3092 = CARTESIAN_POINT('',(0.,151.5,138.));
#3093 = VECTOR('',#3094,1.);
#3094 = DIRECTION('',(1.,0.,-0.));
#3095 = ORIENTED_EDGE('',*,*,#71,.T.);
#3096 = ORIENTED_EDGE('',*,*,#134,.T.);
#3097 = ORIENTED_EDGE('',*,*,#3098,.F.);
#3098 = EDGE_CURVE('',#3089,#127,#3099,.T.);
#3099 = LINE('',#3100,#3101);
#3100 = CARTESIAN_POINT('',(186.,151.5,138.));
#3101 = VECTOR('',#3102,1.);
#3102 = DIRECTION('',(0.,0.,1.));
#3103 = FACE_BOUND('',#3104,.T.);
#3104 = EDGE_LOOP('',(#3105,#3115,#3123,#3131,#3139,#3147,#3155,#3163));
#3105 = ORIENTED_EDGE('',*,*,#3106,.F.);
#3106 = EDGE_CURVE('',#3107,#3109,#3111,.T.);
#3107 = VERTEX_POINT('',#3108);
#3108 = CARTESIAN_POINT('',(21.1,151.5,209.5));
#3109 = VERTEX_POINT('',#3110);
#3110 = CARTESIAN_POINT('',(85.,151.5,209.5));
#3111 = LINE('',#3112,#3113);
#3112 = CARTESIAN_POINT('',(10.55,151.5,209.5));
#3113 = VECTOR('',#3114,1.);
#3114 = DIRECTION('',(1.,0.,-0.));
#3115 = ORIENTED_EDGE('',*,*,#3116,.T.);
#3116 = EDGE_CURVE('',#3107,#3117,#3119,.T.);
#3117 = VERTEX_POINT('',#3118);
#3118 = CARTESIAN_POINT('',(21.1,151.5,165.));
#3119 = LINE('',#3120,#3121);
#3120 = CARTESIAN_POINT('',(21.1,151.5,151.5));
#3121 = VECTOR('',#3122,1.);
#3122 = DIRECTION('',(-0.,0.,-1.));
#3123 = ORIENTED_EDGE('',*,*,#3124,.T.);
#3124 = EDGE_CURVE('',#3117,#3125,#3127,.T.);
#3125 = VERTEX_POINT('',#3126);
#3126 = CARTESIAN_POINT('',(164.9,151.5,165.));
#3127 = LINE('',#3128,#3129);
#3128 = CARTESIAN_POINT('',(10.55,151.5,165.));
#3129 = VECTOR('',#3130,1.);
#3130 = DIRECTION('',(1.,0.,-0.));
#3131 = ORIENTED_EDGE('',*,*,#3132,.F.);
#3132 = EDGE_CURVE('',#3133,#3125,#3135,.T.);
#3133 = VERTEX_POINT('',#3134);
#3134 = CARTESIAN_POINT('',(164.9,151.5,209.5));
#3135 = LINE('',#3136,#3137);
#3136 = CARTESIAN_POINT('',(164.9,151.5,151.5));
#3137 = VECTOR('',#3138,1.);
#3138 = DIRECTION('',(-0.,0.,-1.));
#3139 = ORIENTED_EDGE('',*,*,#3140,.F.);
#3140 = EDGE_CURVE('',#3141,#3133,#3143,.T.);
#3141 = VERTEX_POINT('',#3142);
#3142 = CARTESIAN_POINT('',(101.,151.5,209.5));
#3143 = LINE('',#3144,#3145);
#3144 = CARTESIAN_POINT('',(10.55,151.5,209.5));
#3145 = VECTOR('',#3146,1.);
#3146 = DIRECTION('',(1.,0.,-0.));
#3147 = ORIENTED_EDGE('',*,*,#3148,.F.);
#3148 = EDGE_CURVE('',#3149,#3141,#3151,.T.);
#3149 = VERTEX_POINT('',#3150);
#3150 = CARTESIAN_POINT('',(101.,151.5,212.));
#3151 = LINE('',#3152,#3153);
#3152 = CARTESIAN_POINT('',(101.,151.5,173.25));
#3153 = VECTOR('',#3154,1.);
#3154 = DIRECTION('',(-0.,0.,-1.));
#3155 = ORIENTED_EDGE('',*,*,#3156,.F.);
#3156 = EDGE_CURVE('',#3157,#3149,#3159,.T.);
#3157 = VERTEX_POINT('',#3158);
#3158 = CARTESIAN_POINT('',(85.,151.5,212.));
#3159 = LINE('',#3160,#3161);
#3160 = CARTESIAN_POINT('',(42.5,151.5,212.));
#3161 = VECTOR('',#3162,1.);
#3162 = DIRECTION('',(1.,0.,-0.));
#3163 = ORIENTED_EDGE('',*,*,#3164,.T.);
#3164 = EDGE_CURVE('',#3157,#3109,#3165,.T.);
#3165 = LINE('',#3166,#3167);
#3166 = CARTESIAN_POINT('',(85.,151.5,173.25));
#3167 = VECTOR('',#3168,1.);
#3168 = DIRECTION('',(-0.,0.,-1.));
#3169 = PLANE('',#3170);
#3170 = AXIS2_PLACEMENT_3D('',#3171,#3172,#3173);
#3171 = CARTESIAN_POINT('',(0.,151.5,138.));
#3172 = DIRECTION('',(-0.,1.,0.));
#3173 = DIRECTION('',(0.,0.,1.));
#3174 = ADVANCED_FACE('',(#3175),#3207,.F.);
#3175 = FACE_BOUND('',#3176,.F.);
#3176 = EDGE_LOOP('',(#3177,#3185,#3193,#3199,#3200,#3206));
#3177 = ORIENTED_EDGE('',*,*,#3178,.F.);
#3178 = EDGE_CURVE('',#3179,#22,#3181,.T.);
#3179 = VERTEX_POINT('',#3180);
#3180 = CARTESIAN_POINT('',(0.,0.,133.5));
#3181 = LINE('',#3182,#3183);
#3182 = CARTESIAN_POINT('',(0.,0.,133.5));
#3183 = VECTOR('',#3184,1.);
#3184 = DIRECTION('',(0.,0.,1.));
#3185 = ORIENTED_EDGE('',*,*,#3186,.T.);
#3186 = EDGE_CURVE('',#3179,#3187,#3189,.T.);
#3187 = VERTEX_POINT('',#3188);
#3188 = CARTESIAN_POINT('',(0.,151.5,133.5));
#3189 = LINE('',#3190,#3191);
#3190 = CARTESIAN_POINT('',(0.,0.,133.5));
#3191 = VECTOR('',#3192,1.);
#3192 = DIRECTION('',(-0.,1.,0.));
#3193 = ORIENTED_EDGE('',*,*,#3194,.T.);
#3194 = EDGE_CURVE('',#3187,#64,#3195,.T.);
#3195 = LINE('',#3196,#3197);
#3196 = CARTESIAN_POINT('',(0.,151.5,133.5));
#3197 = VECTOR('',#3198,1.);
#3198 = DIRECTION('',(0.,0.,1.));
#3199 = ORIENTED_EDGE('',*,*,#63,.F.);
#3200 = ORIENTED_EDGE('',*,*,#3201,.F.);
#3201 = EDGE_CURVE('',#32,#56,#3202,.T.);
#3202 = LINE('',#3203,#3204);
#3203 = CARTESIAN_POINT('',(0.,0.,138.));
#3204 = VECTOR('',#3205,1.);
#3205 = DIRECTION('',(-0.,1.,0.));
#3206 = ORIENTED_EDGE('',*,*,#31,.F.);
#3207 = PLANE('',#3208);
#3208 = AXIS2_PLACEMENT_3D('',#3209,#3210,#3211);
#3209 = CARTESIAN_POINT('',(0.,0.,133.5));
#3210 = DIRECTION('',(1.,0.,-0.));
#3211 = DIRECTION('',(0.,0.,1.));
#3212 = ADVANCED_FACE('',(#3213),#3219,.F.);
#3213 = FACE_BOUND('',#3214,.F.);
#3214 = EDGE_LOOP('',(#3215,#3216,#3217,#3218));
#3215 = ORIENTED_EDGE('',*,*,#39,.F.);
#3216 = ORIENTED_EDGE('',*,*,#3201,.T.);
#3217 = ORIENTED_EDGE('',*,*,#55,.T.);
#3218 = ORIENTED_EDGE('',*,*,#47,.F.);
#3219 = PLANE('',#3220);
#3220 = AXIS2_PLACEMENT_3D('',#3221,#3222,#3223);
#3221 = CARTESIAN_POINT('',(0.,0.,138.));
#3222 = DIRECTION('',(1.,0.,-0.));
#3223 = DIRECTION('',(0.,0.,1.));
#3224 = ADVANCED_FACE('',(#3225),#3243,.F.);
#3225 = FACE_BOUND('',#3226,.F.);
#3226 = EDGE_LOOP('',(#3227,#3235,#3236,#3237));
#3227 = ORIENTED_EDGE('',*,*,#3228,.F.);
#3228 = EDGE_CURVE('',#3179,#3229,#3231,.T.);
#3229 = VERTEX_POINT('',#3230);
#3230 = CARTESIAN_POINT('',(186.,0.,133.5));
#3231 = LINE('',#3232,#3233);
#3232 = CARTESIAN_POINT('',(0.,0.,133.5));
#3233 = VECTOR('',#3234,1.);
#3234 = DIRECTION('',(1.,0.,-0.));
#3235 = ORIENTED_EDGE('',*,*,#3178,.T.);
#3236 = ORIENTED_EDGE('',*,*,#93,.T.);
#3237 = ORIENTED_EDGE('',*,*,#3238,.F.);
#3238 = EDGE_CURVE('',#3229,#94,#3239,.T.);
#3239 = LINE('',#3240,#3241);
#3240 = CARTESIAN_POINT('',(186.,0.,133.5));
#3241 = VECTOR('',#3242,1.);
#3242 = DIRECTION('',(0.,0.,1.));
#3243 = PLANE('',#3244);
#3244 = AXIS2_PLACEMENT_3D('',#3245,#3246,#3247);
#3245 = CARTESIAN_POINT('',(0.,0.,133.5));
#3246 = DIRECTION('',(-0.,1.,0.));
#3247 = DIRECTION('',(0.,0.,1.));
#3248 = ADVANCED_FACE('',(#3249),#3292,.T.);
#3249 = FACE_BOUND('',#3250,.T.);
#3250 = EDGE_LOOP('',(#3251,#3252,#3260,#3268,#3276,#3284,#3290,#3291));
#3251 = ORIENTED_EDGE('',*,*,#110,.F.);
#3252 = ORIENTED_EDGE('',*,*,#3253,.T.);
#3253 = EDGE_CURVE('',#94,#3254,#3256,.T.);
#3254 = VERTEX_POINT('',#3255);
#3255 = CARTESIAN_POINT('',(186.,94.5,138.));
#3256 = LINE('',#3257,#3258);
#3257 = CARTESIAN_POINT('',(186.,0.,138.));
#3258 = VECTOR('',#3259,1.);
#3259 = DIRECTION('',(-0.,1.,0.));
#3260 = ORIENTED_EDGE('',*,*,#3261,.T.);
#3261 = EDGE_CURVE('',#3254,#3262,#3264,.T.);
#3262 = VERTEX_POINT('',#3263);
#3263 = CARTESIAN_POINT('',(186.,94.5,142.));
#3264 = LINE('',#3265,#3266);
#3265 = CARTESIAN_POINT('',(186.,94.5,138.));
#3266 = VECTOR('',#3267,1.);
#3267 = DIRECTION('',(0.,0.,1.));
#3268 = ORIENTED_EDGE('',*,*,#3269,.T.);
#3269 = EDGE_CURVE('',#3262,#3270,#3272,.T.);
#3270 = VERTEX_POINT('',#3271);
#3271 = CARTESIAN_POINT('',(186.,105.5,142.));
#3272 = LINE('',#3273,#3274);
#3273 = CARTESIAN_POINT('',(186.,94.5,142.));
#3274 = VECTOR('',#3275,1.);
#3275 = DIRECTION('',(0.,1.,0.));
#3276 = ORIENTED_EDGE('',*,*,#3277,.F.);
#3277 = EDGE_CURVE('',#3278,#3270,#3280,.T.);
#3278 = VERTEX_POINT('',#3279);
#3279 = CARTESIAN_POINT('',(186.,105.5,138.));
#3280 = LINE('',#3281,#3282);
#3281 = CARTESIAN_POINT('',(186.,105.5,138.));
#3282 = VECTOR('',#3283,1.);
#3283 = DIRECTION('',(0.,0.,1.));
#3284 = ORIENTED_EDGE('',*,*,#3285,.T.);
#3285 = EDGE_CURVE('',#3278,#3089,#3286,.T.);
#3286 = LINE('',#3287,#3288);
#3287 = CARTESIAN_POINT('',(186.,0.,138.));
#3288 = VECTOR('',#3289,1.);
#3289 = DIRECTION('',(-0.,1.,0.));
#3290 = ORIENTED_EDGE('',*,*,#3098,.T.);
#3291 = ORIENTED_EDGE('',*,*,#126,.F.);
#3292 = PLANE('',#3293);
#3293 = AXIS2_PLACEMENT_3D('',#3294,#3295,#3296);
#3294 = CARTESIAN_POINT('',(186.,0.,138.));
#3295 = DIRECTION('',(1.,0.,-0.));
#3296 = DIRECTION('',(0.,0.,1.));
#3297 = ADVANCED_FACE('',(#3298),#3323,.F.);
#3298 = FACE_BOUND('',#3299,.F.);
#3299 = EDGE_LOOP('',(#3300,#3308,#3316,#3322));
#3300 = ORIENTED_EDGE('',*,*,#3301,.F.);
#3301 = EDGE_CURVE('',#3302,#143,#3304,.T.);
#3302 = VERTEX_POINT('',#3303);
#3303 = CARTESIAN_POINT('',(81.75,11.4,209.1));
#3304 = LINE('',#3305,#3306);
#3305 = CARTESIAN_POINT('',(81.75,11.4,208.));
#3306 = VECTOR('',#3307,1.);
#3307 = DIRECTION('',(0.,0.,1.));
#3308 = ORIENTED_EDGE('',*,*,#3309,.T.);
#3309 = EDGE_CURVE('',#3302,#3310,#3312,.T.);
#3310 = VERTEX_POINT('',#3311);
#3311 = CARTESIAN_POINT('',(81.75,41.5,209.1));
#3312 = LINE('',#3313,#3314);
#3313 = CARTESIAN_POINT('',(81.75,6.5,209.1));
#3314 = VECTOR('',#3315,1.);
#3315 = DIRECTION('',(-0.,1.,0.));
#3316 = ORIENTED_EDGE('',*,*,#3317,.T.);
#3317 = EDGE_CURVE('',#3310,#145,#3318,.T.);
#3318 = LINE('',#3319,#3320);
#3319 = CARTESIAN_POINT('',(81.75,41.5,208.));
#3320 = VECTOR('',#3321,1.);
#3321 = DIRECTION('',(0.,0.,1.));
#3322 = ORIENTED_EDGE('',*,*,#142,.F.);
#3323 = PLANE('',#3324);
#3324 = AXIS2_PLACEMENT_3D('',#3325,#3326,#3327);
#3325 = CARTESIAN_POINT('',(81.75,9.5,208.));
#3326 = DIRECTION('',(1.,0.,-0.));
#3327 = DIRECTION('',(0.,0.,1.));
#3328 = ADVANCED_FACE('',(#3329),#3348,.F.);
#3329 = FACE_BOUND('',#3330,.F.);
#3330 = EDGE_LOOP('',(#3331,#3332,#3340,#3347));
#3331 = ORIENTED_EDGE('',*,*,#152,.F.);
#3332 = ORIENTED_EDGE('',*,*,#3333,.F.);
#3333 = EDGE_CURVE('',#3334,#153,#3336,.T.);
#3334 = VERTEX_POINT('',#3335);
#3335 = CARTESIAN_POINT('',(83.65,9.5,209.1));
#3336 = LINE('',#3337,#3338);
#3337 = CARTESIAN_POINT('',(83.65,9.5,208.));
#3338 = VECTOR('',#3339,1.);
#3339 = DIRECTION('',(0.,0.,1.));
#3340 = ORIENTED_EDGE('',*,*,#3341,.T.);
#3341 = EDGE_CURVE('',#3334,#3302,#3342,.T.);
#3342 = CIRCLE('',#3343,1.9);
#3343 = AXIS2_PLACEMENT_3D('',#3344,#3345,#3346);
#3344 = CARTESIAN_POINT('',(81.75,9.5,209.1));
#3345 = DIRECTION('',(0.,0.,1.));
#3346 = DIRECTION('',(1.,0.,-0.));
#3347 = ORIENTED_EDGE('',*,*,#3301,.T.);
#3348 = CYLINDRICAL_SURFACE('',#3349,1.9);
#3349 = AXIS2_PLACEMENT_3D('',#3350,#3351,#3352);
#3350 = CARTESIAN_POINT('',(81.75,9.5,208.));
#3351 = DIRECTION('',(0.,0.,1.));
#3352 = DIRECTION('',(1.,0.,-0.));
#3353 = ADVANCED_FACE('',(#3354),#3372,.F.);
#3354 = FACE_BOUND('',#3355,.F.);
#3355 = EDGE_LOOP('',(#3356,#3357,#3365,#3371));
#3356 = ORIENTED_EDGE('',*,*,#3317,.F.);
#3357 = ORIENTED_EDGE('',*,*,#3358,.T.);
#3358 = EDGE_CURVE('',#3310,#3359,#3361,.T.);
#3359 = VERTEX_POINT('',#3360);
#3360 = CARTESIAN_POINT('',(9.75,41.5,209.1));
#3361 = LINE('',#3362,#3363);
#3362 = CARTESIAN_POINT('',(6.375,41.5,209.1));
#3363 = VECTOR('',#3364,1.);
#3364 = DIRECTION('',(-1.,-0.,0.));
#3365 = ORIENTED_EDGE('',*,*,#3366,.T.);
#3366 = EDGE_CURVE('',#3359,#205,#3367,.T.);
#3367 = LINE('',#3368,#3369);
#3368 = CARTESIAN_POINT('',(9.75,41.5,208.));
#3369 = VECTOR('',#3370,1.);
#3370 = DIRECTION('',(0.,0.,1.));
#3371 = ORIENTED_EDGE('',*,*,#212,.F.);
#3372 = PLANE('',#3373);
#3373 = AXIS2_PLACEMENT_3D('',#3374,#3375,#3376);
#3374 = CARTESIAN_POINT('',(9.75,41.5,208.));
#3375 = DIRECTION('',(-0.,1.,0.));
#3376 = DIRECTION('',(0.,0.,1.));
#3377 = ADVANCED_FACE('',(#3378),#3397,.F.);
#3378 = FACE_BOUND('',#3379,.F.);
#3379 = EDGE_LOOP('',(#3380,#3381,#3382,#3390));
#3380 = ORIENTED_EDGE('',*,*,#3333,.T.);
#3381 = ORIENTED_EDGE('',*,*,#161,.F.);
#3382 = ORIENTED_EDGE('',*,*,#3383,.F.);
#3383 = EDGE_CURVE('',#3384,#162,#3386,.T.);
#3384 = VERTEX_POINT('',#3385);
#3385 = CARTESIAN_POINT('',(79.85,9.5,209.1));
#3386 = LINE('',#3387,#3388);
#3387 = CARTESIAN_POINT('',(79.85,9.5,208.));
#3388 = VECTOR('',#3389,1.);
#3389 = DIRECTION('',(0.,0.,1.));
#3390 = ORIENTED_EDGE('',*,*,#3391,.T.);
#3391 = EDGE_CURVE('',#3384,#3334,#3392,.T.);
#3392 = CIRCLE('',#3393,1.9);
#3393 = AXIS2_PLACEMENT_3D('',#3394,#3395,#3396);
#3394 = CARTESIAN_POINT('',(81.75,9.5,209.1));
#3395 = DIRECTION('',(0.,0.,1.));
#3396 = DIRECTION('',(1.,0.,-0.));
#3397 = CYLINDRICAL_SURFACE('',#3398,1.9);
#3398 = AXIS2_PLACEMENT_3D('',#3399,#3400,#3401);
#3399 = CARTESIAN_POINT('',(81.75,9.5,208.));
#3400 = DIRECTION('',(0.,0.,1.));
#3401 = DIRECTION('',(1.,0.,-0.));
#3402 = ADVANCED_FACE('',(#3403),#3421,.T.);
#3403 = FACE_BOUND('',#3404,.T.);
#3404 = EDGE_LOOP('',(#3405,#3413,#3419,#3420));
#3405 = ORIENTED_EDGE('',*,*,#3406,.F.);
#3406 = EDGE_CURVE('',#3407,#196,#3409,.T.);
#3407 = VERTEX_POINT('',#3408);
#3408 = CARTESIAN_POINT('',(9.75,41.4,209.1));
#3409 = LINE('',#3410,#3411);
#3410 = CARTESIAN_POINT('',(9.75,41.4,208.));
#3411 = VECTOR('',#3412,1.);
#3412 = DIRECTION('',(0.,0.,1.));
#3413 = ORIENTED_EDGE('',*,*,#3414,.T.);
#3414 = EDGE_CURVE('',#3407,#3359,#3415,.T.);
#3415 = LINE('',#3416,#3417);
#3416 = CARTESIAN_POINT('',(9.75,6.5,209.1));
#3417 = VECTOR('',#3418,1.);
#3418 = DIRECTION('',(-0.,1.,0.));
#3419 = ORIENTED_EDGE('',*,*,#3366,.T.);
#3420 = ORIENTED_EDGE('',*,*,#204,.F.);
#3421 = PLANE('',#3422);
#3422 = AXIS2_PLACEMENT_3D('',#3423,#3424,#3425);
#3423 = CARTESIAN_POINT('',(9.75,9.5,208.));
#3424 = DIRECTION('',(1.,0.,-0.));
#3425 = DIRECTION('',(0.,0.,1.));
#3426 = ADVANCED_FACE('',(#3427),#3445,.T.);
#3427 = FACE_BOUND('',#3428,.T.);
#3428 = EDGE_LOOP('',(#3429,#3430,#3438,#3444));
#3429 = ORIENTED_EDGE('',*,*,#3383,.F.);
#3430 = ORIENTED_EDGE('',*,*,#3431,.T.);
#3431 = EDGE_CURVE('',#3384,#3432,#3434,.T.);
#3432 = VERTEX_POINT('',#3433);
#3433 = CARTESIAN_POINT('',(11.65,9.5,209.1));
#3434 = LINE('',#3435,#3436);
#3435 = CARTESIAN_POINT('',(6.375,9.5,209.1));
#3436 = VECTOR('',#3437,1.);
#3437 = DIRECTION('',(-1.,-0.,0.));
#3438 = ORIENTED_EDGE('',*,*,#3439,.T.);
#3439 = EDGE_CURVE('',#3432,#171,#3440,.T.);
#3440 = LINE('',#3441,#3442);
#3441 = CARTESIAN_POINT('',(11.65,9.5,208.));
#3442 = VECTOR('',#3443,1.);
#3443 = DIRECTION('',(0.,0.,1.));
#3444 = ORIENTED_EDGE('',*,*,#170,.F.);
#3445 = PLANE('',#3446);
#3446 = AXIS2_PLACEMENT_3D('',#3447,#3448,#3449);
#3447 = CARTESIAN_POINT('',(9.75,9.5,208.));
#3448 = DIRECTION('',(-0.,1.,0.));
#3449 = DIRECTION('',(0.,0.,1.));
#3450 = ADVANCED_FACE('',(#3451),#3470,.F.);
#3451 = FACE_BOUND('',#3452,.F.);
#3452 = EDGE_LOOP('',(#3453,#3454,#3455,#3464));
#3453 = ORIENTED_EDGE('',*,*,#195,.F.);
#3454 = ORIENTED_EDGE('',*,*,#3406,.F.);
#3455 = ORIENTED_EDGE('',*,*,#3456,.T.);
#3456 = EDGE_CURVE('',#3407,#3457,#3459,.T.);
#3457 = VERTEX_POINT('',#3458);
#3458 = CARTESIAN_POINT('',(9.75,37.6,209.1));
#3459 = CIRCLE('',#3460,1.9);
#3460 = AXIS2_PLACEMENT_3D('',#3461,#3462,#3463);
#3461 = CARTESIAN_POINT('',(9.75,39.5,209.1));
#3462 = DIRECTION('',(0.,0.,1.));
#3463 = DIRECTION('',(1.,0.,-0.));
#3464 = ORIENTED_EDGE('',*,*,#3465,.T.);
#3465 = EDGE_CURVE('',#3457,#188,#3466,.T.);
#3466 = LINE('',#3467,#3468);
#3467 = CARTESIAN_POINT('',(9.75,37.6,208.));
#3468 = VECTOR('',#3469,1.);
#3469 = DIRECTION('',(0.,0.,1.));
#3470 = CYLINDRICAL_SURFACE('',#3471,1.9);
#3471 = AXIS2_PLACEMENT_3D('',#3472,#3473,#3474);
#3472 = CARTESIAN_POINT('',(9.75,39.5,208.));
#3473 = DIRECTION('',(0.,0.,1.));
#3474 = DIRECTION('',(1.,0.,-0.));
#3475 = ADVANCED_FACE('',(#3476),#3495,.F.);
#3476 = FACE_BOUND('',#3477,.F.);
#3477 = EDGE_LOOP('',(#3478,#3479,#3480,#3488));
#3478 = ORIENTED_EDGE('',*,*,#3439,.T.);
#3479 = ORIENTED_EDGE('',*,*,#178,.F.);
#3480 = ORIENTED_EDGE('',*,*,#3481,.F.);
#3481 = EDGE_CURVE('',#3482,#179,#3484,.T.);
#3482 = VERTEX_POINT('',#3483);
#3483 = CARTESIAN_POINT('',(9.75,11.4,209.1));
#3484 = LINE('',#3485,#3486);
#3485 = CARTESIAN_POINT('',(9.75,11.4,208.));
#3486 = VECTOR('',#3487,1.);
#3487 = DIRECTION('',(0.,0.,1.));
#3488 = ORIENTED_EDGE('',*,*,#3489,.T.);
#3489 = EDGE_CURVE('',#3482,#3432,#3490,.T.);
#3490 = CIRCLE('',#3491,1.9);
#3491 = AXIS2_PLACEMENT_3D('',#3492,#3493,#3494);
#3492 = CARTESIAN_POINT('',(9.75,9.5,209.1));
#3493 = DIRECTION('',(0.,0.,1.));
#3494 = DIRECTION('',(1.,0.,-0.));
#3495 = CYLINDRICAL_SURFACE('',#3496,1.9);
#3496 = AXIS2_PLACEMENT_3D('',#3497,#3498,#3499);
#3497 = CARTESIAN_POINT('',(9.75,9.5,208.));
#3498 = DIRECTION('',(0.,0.,1.));
#3499 = DIRECTION('',(1.,0.,-0.));
#3500 = ADVANCED_FACE('',(#3501),#3512,.T.);
#3501 = FACE_BOUND('',#3502,.T.);
#3502 = EDGE_LOOP('',(#3503,#3504,#3510,#3511));
#3503 = ORIENTED_EDGE('',*,*,#3481,.F.);
#3504 = ORIENTED_EDGE('',*,*,#3505,.T.);
#3505 = EDGE_CURVE('',#3482,#3457,#3506,.T.);
#3506 = LINE('',#3507,#3508);
#3507 = CARTESIAN_POINT('',(9.75,6.5,209.1));
#3508 = VECTOR('',#3509,1.);
#3509 = DIRECTION('',(-0.,1.,0.));
#3510 = ORIENTED_EDGE('',*,*,#3465,.T.);
#3511 = ORIENTED_EDGE('',*,*,#187,.F.);
#3512 = PLANE('',#3513);
#3513 = AXIS2_PLACEMENT_3D('',#3514,#3515,#3516);
#3514 = CARTESIAN_POINT('',(9.75,9.5,208.));
#3515 = DIRECTION('',(1.,0.,-0.));
#3516 = DIRECTION('',(0.,0.,1.));
#3517 = ADVANCED_FACE('',(#3518),#3537,.F.);
#3518 = FACE_BOUND('',#3519,.F.);
#3519 = EDGE_LOOP('',(#3520,#3521,#3529,#3536));
#3520 = ORIENTED_EDGE('',*,*,#220,.F.);
#3521 = ORIENTED_EDGE('',*,*,#3522,.F.);
#3522 = EDGE_CURVE('',#3523,#221,#3525,.T.);
#3523 = VERTEX_POINT('',#3524);
#3524 = CARTESIAN_POINT('',(53.85,59.75,212.));
#3525 = LINE('',#3526,#3527);
#3526 = CARTESIAN_POINT('',(53.85,59.75,208.));
#3527 = VECTOR('',#3528,1.);
#3528 = DIRECTION('',(0.,0.,1.));
#3529 = ORIENTED_EDGE('',*,*,#3530,.T.);
#3530 = EDGE_CURVE('',#3523,#3523,#3531,.T.);
#3531 = CIRCLE('',#3532,2.1);
#3532 = AXIS2_PLACEMENT_3D('',#3533,#3534,#3535);
#3533 = CARTESIAN_POINT('',(51.75,59.75,212.));
#3534 = DIRECTION('',(0.,0.,1.));
#3535 = DIRECTION('',(1.,0.,-0.));
#3536 = ORIENTED_EDGE('',*,*,#3522,.T.);
#3537 = CYLINDRICAL_SURFACE('',#3538,2.1);
#3538 = AXIS2_PLACEMENT_3D('',#3539,#3540,#3541);
#3539 = CARTESIAN_POINT('',(51.75,59.75,208.));
#3540 = DIRECTION('',(0.,0.,1.));
#3541 = DIRECTION('',(1.,0.,-0.));
#3542 = ADVANCED_FACE('',(#3543),#3568,.T.);
#3543 = FACE_BOUND('',#3544,.T.);
#3544 = EDGE_LOOP('',(#3545,#3555,#3561,#3562));
#3545 = ORIENTED_EDGE('',*,*,#3546,.T.);
#3546 = EDGE_CURVE('',#3547,#3549,#3551,.T.);
#3547 = VERTEX_POINT('',#3548);
#3548 = CARTESIAN_POINT('',(78.723720558371,70.742413778651,212.));
#3549 = VERTEX_POINT('',#3550);
#3550 = CARTESIAN_POINT('',(83.473720558371,73.484827557301,212.));
#3551 = LINE('',#3552,#3553);
#3552 = CARTESIAN_POINT('',(55.452486435736,57.306760493573,212.));
#3553 = VECTOR('',#3554,1.);
#3554 = DIRECTION('',(0.866025403784,0.5,-0.));
#3555 = ORIENTED_EDGE('',*,*,#3556,.T.);
#3556 = EDGE_CURVE('',#3549,#234,#3557,.T.);
#3557 = LINE('',#3558,#3559);
#3558 = CARTESIAN_POINT('',(83.473720558371,73.484827557301,208.));
#3559 = VECTOR('',#3560,1.);
#3560 = DIRECTION('',(0.,0.,1.));
#3561 = ORIENTED_EDGE('',*,*,#231,.F.);
#3562 = ORIENTED_EDGE('',*,*,#3563,.F.);
#3563 = EDGE_CURVE('',#3547,#232,#3564,.T.);
#3564 = LINE('',#3565,#3566);
#3565 = CARTESIAN_POINT('',(78.723720558371,70.742413778651,208.));
#3566 = VECTOR('',#3567,1.);
#3567 = DIRECTION('',(0.,0.,1.));
#3568 = PLANE('',#3569);
#3569 = AXIS2_PLACEMENT_3D('',#3570,#3571,#3572);
#3570 = CARTESIAN_POINT('',(83.473720558371,73.484827557301,208.));
#3571 = DIRECTION('',(0.5,-0.866025403784,0.));
#3572 = DIRECTION('',(-0.866025403784,-0.5,0.));
#3573 = ADVANCED_FACE('',(#3574),#3592,.T.);
#3574 = FACE_BOUND('',#3575,.T.);
#3575 = EDGE_LOOP('',(#3576,#3584,#3585,#3586));
#3576 = ORIENTED_EDGE('',*,*,#3577,.T.);
#3577 = EDGE_CURVE('',#3578,#3547,#3580,.T.);
#3578 = VERTEX_POINT('',#3579);
#3579 = CARTESIAN_POINT('',(78.723720558371,65.257586221349,212.));
#3580 = LINE('',#3581,#3582);
#3581 = CARTESIAN_POINT('',(78.723720558371,62.371206889325,212.));
#3582 = VECTOR('',#3583,1.);
#3583 = DIRECTION('',(-0.,1.,0.));
#3584 = ORIENTED_EDGE('',*,*,#3563,.T.);
#3585 = ORIENTED_EDGE('',*,*,#273,.F.);
#3586 = ORIENTED_EDGE('',*,*,#3587,.F.);
#3587 = EDGE_CURVE('',#3578,#266,#3588,.T.);
#3588 = LINE('',#3589,#3590);
#3589 = CARTESIAN_POINT('',(78.723720558371,65.257586221349,208.));
#3590 = VECTOR('',#3591,1.);
#3591 = DIRECTION('',(0.,0.,1.));
#3592 = PLANE('',#3593);
#3593 = AXIS2_PLACEMENT_3D('',#3594,#3595,#3596);
#3594 = CARTESIAN_POINT('',(78.723720558371,70.742413778651,208.));
#3595 = DIRECTION('',(1.,0.,-0.));
#3596 = DIRECTION('',(0.,-1.,0.));
#3597 = ADVANCED_FACE('',(#3598),#3616,.T.);
#3598 = FACE_BOUND('',#3599,.T.);
#3599 = EDGE_LOOP('',(#3600,#3608,#3614,#3615));
#3600 = ORIENTED_EDGE('',*,*,#3601,.T.);
#3601 = EDGE_CURVE('',#3549,#3602,#3604,.T.);
#3602 = VERTEX_POINT('',#3603);
#3603 = CARTESIAN_POINT('',(88.223720558371,70.742413778651,212.));
#3604 = LINE('',#3605,#3606);
#3605 = CARTESIAN_POINT('',(66.264664262227,83.420480842379,212.));
#3606 = VECTOR('',#3607,1.);
#3607 = DIRECTION('',(0.866025403784,-0.5,0.));
#3608 = ORIENTED_EDGE('',*,*,#3609,.T.);
#3609 = EDGE_CURVE('',#3602,#242,#3610,.T.);
#3610 = LINE('',#3611,#3612);
#3611 = CARTESIAN_POINT('',(88.223720558371,70.742413778651,208.));
#3612 = VECTOR('',#3613,1.);
#3613 = DIRECTION('',(0.,0.,1.));
#3614 = ORIENTED_EDGE('',*,*,#241,.F.);
#3615 = ORIENTED_EDGE('',*,*,#3556,.F.);
#3616 = PLANE('',#3617);
#3617 = AXIS2_PLACEMENT_3D('',#3618,#3619,#3620);
#3618 = CARTESIAN_POINT('',(88.223720558371,70.742413778651,208.));
#3619 = DIRECTION('',(-0.5,-0.866025403784,0.));
#3620 = DIRECTION('',(-0.866025403784,0.5,0.));
#3621 = ADVANCED_FACE('',(#3622),#3640,.T.);
#3622 = FACE_BOUND('',#3623,.T.);
#3623 = EDGE_LOOP('',(#3624,#3632,#3633,#3634));
#3624 = ORIENTED_EDGE('',*,*,#3625,.T.);
#3625 = EDGE_CURVE('',#3626,#3578,#3628,.T.);
#3626 = VERTEX_POINT('',#3627);
#3627 = CARTESIAN_POINT('',(83.473720558371,62.515172442699,212.));
#3628 = LINE('',#3629,#3630);
#3629 = CARTESIAN_POINT('',(59.139664262227,76.564446395753,212.));
#3630 = VECTOR('',#3631,1.);
#3631 = DIRECTION('',(-0.866025403784,0.5,0.));
#3632 = ORIENTED_EDGE('',*,*,#3587,.T.);
#3633 = ORIENTED_EDGE('',*,*,#265,.F.);
#3634 = ORIENTED_EDGE('',*,*,#3635,.F.);
#3635 = EDGE_CURVE('',#3626,#258,#3636,.T.);
#3636 = LINE('',#3637,#3638);
#3637 = CARTESIAN_POINT('',(83.473720558371,62.515172442699,208.));
#3638 = VECTOR('',#3639,1.);
#3639 = DIRECTION('',(0.,0.,1.));
#3640 = PLANE('',#3641);
#3641 = AXIS2_PLACEMENT_3D('',#3642,#3643,#3644);
#3642 = CARTESIAN_POINT('',(78.723720558371,65.257586221349,208.));
#3643 = DIRECTION('',(0.5,0.866025403784,-0.));
#3644 = DIRECTION('',(0.866025403784,-0.5,0.));
#3645 = ADVANCED_FACE('',(#3646),#3664,.T.);
#3646 = FACE_BOUND('',#3647,.T.);
#3647 = EDGE_LOOP('',(#3648,#3656,#3662,#3663));
#3648 = ORIENTED_EDGE('',*,*,#3649,.T.);
#3649 = EDGE_CURVE('',#3602,#3650,#3652,.T.);
#3650 = VERTEX_POINT('',#3651);
#3651 = CARTESIAN_POINT('',(88.223720558371,65.257586221349,212.));
#3652 = LINE('',#3653,#3654);
#3653 = CARTESIAN_POINT('',(88.223720558371,59.628793110675,212.));
#3654 = VECTOR('',#3655,1.);
#3655 = DIRECTION('',(0.,-1.,0.));
#3656 = ORIENTED_EDGE('',*,*,#3657,.T.);
#3657 = EDGE_CURVE('',#3650,#250,#3658,.T.);
#3658 = LINE('',#3659,#3660);
#3659 = CARTESIAN_POINT('',(88.223720558371,65.257586221349,208.));
#3660 = VECTOR('',#3661,1.);
#3661 = DIRECTION('',(0.,0.,1.));
#3662 = ORIENTED_EDGE('',*,*,#249,.F.);
#3663 = ORIENTED_EDGE('',*,*,#3609,.F.);
#3664 = PLANE('',#3665);
#3665 = AXIS2_PLACEMENT_3D('',#3666,#3667,#3668);
#3666 = CARTESIAN_POINT('',(88.223720558371,65.257586221349,208.));
#3667 = DIRECTION('',(-1.,0.,0.));
#3668 = DIRECTION('',(0.,1.,0.));
#3669 = ADVANCED_FACE('',(#3670),#3681,.T.);
#3670 = FACE_BOUND('',#3671,.T.);
#3671 = EDGE_LOOP('',(#3672,#3678,#3679,#3680));
#3672 = ORIENTED_EDGE('',*,*,#3673,.T.);
#3673 = EDGE_CURVE('',#3650,#3626,#3674,.T.);
#3674 = LINE('',#3675,#3676);
#3675 = CARTESIAN_POINT('',(57.827486435736,47.708312268295,212.));
#3676 = VECTOR('',#3677,1.);
#3677 = DIRECTION('',(-0.866025403784,-0.5,0.));
#3678 = ORIENTED_EDGE('',*,*,#3635,.T.);
#3679 = ORIENTED_EDGE('',*,*,#257,.F.);
#3680 = ORIENTED_EDGE('',*,*,#3657,.F.);
#3681 = PLANE('',#3682);
#3682 = AXIS2_PLACEMENT_3D('',#3683,#3684,#3685);
#3683 = CARTESIAN_POINT('',(83.473720558371,62.515172442699,208.));
#3684 = DIRECTION('',(-0.5,0.866025403784,0.));
#3685 = DIRECTION('',(0.866025403784,0.5,0.));
#3686 = ADVANCED_FACE('',(#3687),#3712,.T.);
#3687 = FACE_BOUND('',#3688,.T.);
#3688 = EDGE_LOOP('',(#3689,#3699,#3705,#3706));
#3689 = ORIENTED_EDGE('',*,*,#3690,.T.);
#3690 = EDGE_CURVE('',#3691,#3693,#3695,.T.);
#3691 = VERTEX_POINT('',#3692);
#3692 = CARTESIAN_POINT('',(88.25,70.742413778651,212.));
#3693 = VERTEX_POINT('',#3694);
#3694 = CARTESIAN_POINT('',(93.,73.484827557301,212.));
#3695 = LINE('',#3696,#3697);
#3696 = CARTESIAN_POINT('',(61.406411086754,55.244260493573,212.));
#3697 = VECTOR('',#3698,1.);
#3698 = DIRECTION('',(0.866025403784,0.5,-0.));
#3699 = ORIENTED_EDGE('',*,*,#3700,.T.);
#3700 = EDGE_CURVE('',#3693,#284,#3701,.T.);
#3701 = LINE('',#3702,#3703);
#3702 = CARTESIAN_POINT('',(93.,73.484827557301,208.));
#3703 = VECTOR('',#3704,1.);
#3704 = DIRECTION('',(0.,0.,1.));
#3705 = ORIENTED_EDGE('',*,*,#281,.F.);
#3706 = ORIENTED_EDGE('',*,*,#3707,.F.);
#3707 = EDGE_CURVE('',#3691,#282,#3708,.T.);
#3708 = LINE('',#3709,#3710);
#3709 = CARTESIAN_POINT('',(88.25,70.742413778651,208.));
#3710 = VECTOR('',#3711,1.);
#3711 = DIRECTION('',(0.,0.,1.));
#3712 = PLANE('',#3713);
#3713 = AXIS2_PLACEMENT_3D('',#3714,#3715,#3716);
#3714 = CARTESIAN_POINT('',(93.,73.484827557301,208.));
#3715 = DIRECTION('',(0.5,-0.866025403784,0.));
#3716 = DIRECTION('',(-0.866025403784,-0.5,0.));
#3717 = ADVANCED_FACE('',(#3718),#3736,.T.);
#3718 = FACE_BOUND('',#3719,.T.);
#3719 = EDGE_LOOP('',(#3720,#3728,#3729,#3730));
#3720 = ORIENTED_EDGE('',*,*,#3721,.T.);
#3721 = EDGE_CURVE('',#3722,#3691,#3724,.T.);
#3722 = VERTEX_POINT('',#3723);
#3723 = CARTESIAN_POINT('',(88.25,65.257586221349,212.));
#3724 = LINE('',#3725,#3726);
#3725 = CARTESIAN_POINT('',(88.25,62.371206889325,212.));
#3726 = VECTOR('',#3727,1.);
#3727 = DIRECTION('',(-0.,1.,0.));
#3728 = ORIENTED_EDGE('',*,*,#3707,.T.);
#3729 = ORIENTED_EDGE('',*,*,#323,.F.);
#3730 = ORIENTED_EDGE('',*,*,#3731,.F.);
#3731 = EDGE_CURVE('',#3722,#316,#3732,.T.);
#3732 = LINE('',#3733,#3734);
#3733 = CARTESIAN_POINT('',(88.25,65.257586221349,208.));
#3734 = VECTOR('',#3735,1.);
#3735 = DIRECTION('',(0.,0.,1.));
#3736 = PLANE('',#3737);
#3737 = AXIS2_PLACEMENT_3D('',#3738,#3739,#3740);
#3738 = CARTESIAN_POINT('',(88.25,70.742413778651,208.));
#3739 = DIRECTION('',(1.,0.,-0.));
#3740 = DIRECTION('',(0.,-1.,0.));
#3741 = ADVANCED_FACE('',(#3742),#3760,.T.);
#3742 = FACE_BOUND('',#3743,.T.);
#3743 = EDGE_LOOP('',(#3744,#3752,#3758,#3759));
#3744 = ORIENTED_EDGE('',*,*,#3745,.T.);
#3745 = EDGE_CURVE('',#3693,#3746,#3748,.T.);
#3746 = VERTEX_POINT('',#3747);
#3747 = CARTESIAN_POINT('',(97.75,70.742413778651,212.));
#3748 = LINE('',#3749,#3750);
#3749 = CARTESIAN_POINT('',(72.218588913245,85.482980842379,212.));
#3750 = VECTOR('',#3751,1.);
#3751 = DIRECTION('',(0.866025403784,-0.5,0.));
#3752 = ORIENTED_EDGE('',*,*,#3753,.T.);
#3753 = EDGE_CURVE('',#3746,#292,#3754,.T.);
#3754 = LINE('',#3755,#3756);
#3755 = CARTESIAN_POINT('',(97.75,70.742413778651,208.));
#3756 = VECTOR('',#3757,1.);
#3757 = DIRECTION('',(0.,0.,1.));
#3758 = ORIENTED_EDGE('',*,*,#291,.F.);
#3759 = ORIENTED_EDGE('',*,*,#3700,.F.);
#3760 = PLANE('',#3761);
#3761 = AXIS2_PLACEMENT_3D('',#3762,#3763,#3764);
#3762 = CARTESIAN_POINT('',(97.75,70.742413778651,208.));
#3763 = DIRECTION('',(-0.5,-0.866025403784,0.));
#3764 = DIRECTION('',(-0.866025403784,0.5,0.));
#3765 = ADVANCED_FACE('',(#3766),#3784,.T.);
#3766 = FACE_BOUND('',#3767,.T.);
#3767 = EDGE_LOOP('',(#3768,#3776,#3777,#3778));
#3768 = ORIENTED_EDGE('',*,*,#3769,.T.);
#3769 = EDGE_CURVE('',#3770,#3722,#3772,.T.);
#3770 = VERTEX_POINT('',#3771);
#3771 = CARTESIAN_POINT('',(93.,62.515172442699,212.));
#3772 = LINE('',#3773,#3774);
#3773 = CARTESIAN_POINT('',(65.093588913245,78.626946395753,212.));
#3774 = VECTOR('',#3775,1.);
#3775 = DIRECTION('',(-0.866025403784,0.5,0.));
#3776 = ORIENTED_EDGE('',*,*,#3731,.T.);
#3777 = ORIENTED_EDGE('',*,*,#315,.F.);
#3778 = ORIENTED_EDGE('',*,*,#3779,.F.);
#3779 = EDGE_CURVE('',#3770,#308,#3780,.T.);
#3780 = LINE('',#3781,#3782);
#3781 = CARTESIAN_POINT('',(93.,62.515172442699,208.));
#3782 = VECTOR('',#3783,1.);
#3783 = DIRECTION('',(0.,0.,1.));
#3784 = PLANE('',#3785);
#3785 = AXIS2_PLACEMENT_3D('',#3786,#3787,#3788);
#3786 = CARTESIAN_POINT('',(88.25,65.257586221349,208.));
#3787 = DIRECTION('',(0.5,0.866025403784,-0.));
#3788 = DIRECTION('',(0.866025403784,-0.5,0.));
#3789 = ADVANCED_FACE('',(#3790),#3808,.T.);
#3790 = FACE_BOUND('',#3791,.T.);
#3791 = EDGE_LOOP('',(#3792,#3800,#3806,#3807));
#3792 = ORIENTED_EDGE('',*,*,#3793,.T.);
#3793 = EDGE_CURVE('',#3746,#3794,#3796,.T.);
#3794 = VERTEX_POINT('',#3795);
#3795 = CARTESIAN_POINT('',(97.75,65.257586221349,212.));
#3796 = LINE('',#3797,#3798);
#3797 = CARTESIAN_POINT('',(97.75,59.628793110675,212.));
#3798 = VECTOR('',#3799,1.);
#3799 = DIRECTION('',(0.,-1.,0.));
#3800 = ORIENTED_EDGE('',*,*,#3801,.T.);
#3801 = EDGE_CURVE('',#3794,#300,#3802,.T.);
#3802 = LINE('',#3803,#3804);
#3803 = CARTESIAN_POINT('',(97.75,65.257586221349,208.));
#3804 = VECTOR('',#3805,1.);
#3805 = DIRECTION('',(0.,0.,1.));
#3806 = ORIENTED_EDGE('',*,*,#299,.F.);
#3807 = ORIENTED_EDGE('',*,*,#3753,.F.);
#3808 = PLANE('',#3809);
#3809 = AXIS2_PLACEMENT_3D('',#3810,#3811,#3812);
#3810 = CARTESIAN_POINT('',(97.75,65.257586221349,208.));
#3811 = DIRECTION('',(-1.,0.,0.));
#3812 = DIRECTION('',(0.,1.,0.));
#3813 = ADVANCED_FACE('',(#3814),#3825,.T.);
#3814 = FACE_BOUND('',#3815,.T.);
#3815 = EDGE_LOOP('',(#3816,#3822,#3823,#3824));
#3816 = ORIENTED_EDGE('',*,*,#3817,.T.);
#3817 = EDGE_CURVE('',#3794,#3770,#3818,.T.);
#3818 = LINE('',#3819,#3820);
#3819 = CARTESIAN_POINT('',(63.781411086754,45.645812268295,212.));
#3820 = VECTOR('',#3821,1.);
#3821 = DIRECTION('',(-0.866025403784,-0.5,0.));
#3822 = ORIENTED_EDGE('',*,*,#3779,.T.);
#3823 = ORIENTED_EDGE('',*,*,#307,.F.);
#3824 = ORIENTED_EDGE('',*,*,#3801,.F.);
#3825 = PLANE('',#3826);
#3826 = AXIS2_PLACEMENT_3D('',#3827,#3828,#3829);
#3827 = CARTESIAN_POINT('',(93.,62.515172442699,208.));
#3828 = DIRECTION('',(-0.5,0.866025403784,0.));
#3829 = DIRECTION('',(0.866025403784,0.5,0.));
#3830 = ADVANCED_FACE('',(#3831),#3856,.T.);
#3831 = FACE_BOUND('',#3832,.T.);
#3832 = EDGE_LOOP('',(#3833,#3843,#3849,#3850));
#3833 = ORIENTED_EDGE('',*,*,#3834,.T.);
#3834 = EDGE_CURVE('',#3835,#3837,#3839,.T.);
#3835 = VERTEX_POINT('',#3836);
#3836 = CARTESIAN_POINT('',(97.776279441629,70.742413778651,212.));
#3837 = VERTEX_POINT('',#3838);
#3838 = CARTESIAN_POINT('',(102.52627944162,73.484827557301,212.));
#3839 = LINE('',#3840,#3841);
#3840 = CARTESIAN_POINT('',(67.360335737772,53.181760493573,212.));
#3841 = VECTOR('',#3842,1.);
#3842 = DIRECTION('',(0.866025403784,0.5,-0.));
#3843 = ORIENTED_EDGE('',*,*,#3844,.T.);
#3844 = EDGE_CURVE('',#3837,#334,#3845,.T.);
#3845 = LINE('',#3846,#3847);
#3846 = CARTESIAN_POINT('',(102.52627944162,73.484827557301,208.));
#3847 = VECTOR('',#3848,1.);
#3848 = DIRECTION('',(0.,0.,1.));
#3849 = ORIENTED_EDGE('',*,*,#331,.F.);
#3850 = ORIENTED_EDGE('',*,*,#3851,.F.);
#3851 = EDGE_CURVE('',#3835,#332,#3852,.T.);
#3852 = LINE('',#3853,#3854);
#3853 = CARTESIAN_POINT('',(97.776279441629,70.742413778651,208.));
#3854 = VECTOR('',#3855,1.);
#3855 = DIRECTION('',(0.,0.,1.));
#3856 = PLANE('',#3857);
#3857 = AXIS2_PLACEMENT_3D('',#3858,#3859,#3860);
#3858 = CARTESIAN_POINT('',(102.52627944162,73.484827557301,208.));
#3859 = DIRECTION('',(0.5,-0.866025403784,0.));
#3860 = DIRECTION('',(-0.866025403784,-0.5,0.));
#3861 = ADVANCED_FACE('',(#3862),#3880,.T.);
#3862 = FACE_BOUND('',#3863,.T.);
#3863 = EDGE_LOOP('',(#3864,#3872,#3873,#3874));
#3864 = ORIENTED_EDGE('',*,*,#3865,.T.);
#3865 = EDGE_CURVE('',#3866,#3835,#3868,.T.);
#3866 = VERTEX_POINT('',#3867);
#3867 = CARTESIAN_POINT('',(97.776279441629,65.257586221349,212.));
#3868 = LINE('',#3869,#3870);
#3869 = CARTESIAN_POINT('',(97.776279441629,62.371206889325,212.));
#3870 = VECTOR('',#3871,1.);
#3871 = DIRECTION('',(-0.,1.,0.));
#3872 = ORIENTED_EDGE('',*,*,#3851,.T.);
#3873 = ORIENTED_EDGE('',*,*,#373,.F.);
#3874 = ORIENTED_EDGE('',*,*,#3875,.F.);
#3875 = EDGE_CURVE('',#3866,#366,#3876,.T.);
#3876 = LINE('',#3877,#3878);
#3877 = CARTESIAN_POINT('',(97.776279441629,65.257586221349,208.));
#3878 = VECTOR('',#3879,1.);
#3879 = DIRECTION('',(0.,0.,1.));
#3880 = PLANE('',#3881);
#3881 = AXIS2_PLACEMENT_3D('',#3882,#3883,#3884);
#3882 = CARTESIAN_POINT('',(97.776279441629,70.742413778651,208.));
#3883 = DIRECTION('',(1.,0.,-0.));
#3884 = DIRECTION('',(0.,-1.,0.));
#3885 = ADVANCED_FACE('',(#3886),#3904,.T.);
#3886 = FACE_BOUND('',#3887,.T.);
#3887 = EDGE_LOOP('',(#3888,#3896,#3902,#3903));
#3888 = ORIENTED_EDGE('',*,*,#3889,.T.);
#3889 = EDGE_CURVE('',#3837,#3890,#3892,.T.);
#3890 = VERTEX_POINT('',#3891);
#3891 = CARTESIAN_POINT('',(107.27627944162,70.742413778651,212.));
#3892 = LINE('',#3893,#3894);
#3893 = CARTESIAN_POINT('',(78.172513564264,87.545480842379,212.));
#3894 = VECTOR('',#3895,1.);
#3895 = DIRECTION('',(0.866025403784,-0.5,0.));
#3896 = ORIENTED_EDGE('',*,*,#3897,.T.);
#3897 = EDGE_CURVE('',#3890,#342,#3898,.T.);
#3898 = LINE('',#3899,#3900);
#3899 = CARTESIAN_POINT('',(107.27627944162,70.742413778651,208.));
#3900 = VECTOR('',#3901,1.);
#3901 = DIRECTION('',(0.,0.,1.));
#3902 = ORIENTED_EDGE('',*,*,#341,.F.);
#3903 = ORIENTED_EDGE('',*,*,#3844,.F.);
#3904 = PLANE('',#3905);
#3905 = AXIS2_PLACEMENT_3D('',#3906,#3907,#3908);
#3906 = CARTESIAN_POINT('',(107.27627944162,70.742413778651,208.));
#3907 = DIRECTION('',(-0.5,-0.866025403784,0.));
#3908 = DIRECTION('',(-0.866025403784,0.5,0.));
#3909 = ADVANCED_FACE('',(#3910),#3928,.T.);
#3910 = FACE_BOUND('',#3911,.T.);
#3911 = EDGE_LOOP('',(#3912,#3920,#3921,#3922));
#3912 = ORIENTED_EDGE('',*,*,#3913,.T.);
#3913 = EDGE_CURVE('',#3914,#3866,#3916,.T.);
#3914 = VERTEX_POINT('',#3915);
#3915 = CARTESIAN_POINT('',(102.52627944162,62.515172442699,212.));
#3916 = LINE('',#3917,#3918);
#3917 = CARTESIAN_POINT('',(71.047513564264,80.689446395753,212.));
#3918 = VECTOR('',#3919,1.);
#3919 = DIRECTION('',(-0.866025403784,0.5,0.));
#3920 = ORIENTED_EDGE('',*,*,#3875,.T.);
#3921 = ORIENTED_EDGE('',*,*,#365,.F.);
#3922 = ORIENTED_EDGE('',*,*,#3923,.F.);
#3923 = EDGE_CURVE('',#3914,#358,#3924,.T.);
#3924 = LINE('',#3925,#3926);
#3925 = CARTESIAN_POINT('',(102.52627944162,62.515172442699,208.));
#3926 = VECTOR('',#3927,1.);
#3927 = DIRECTION('',(0.,0.,1.));
#3928 = PLANE('',#3929);
#3929 = AXIS2_PLACEMENT_3D('',#3930,#3931,#3932);
#3930 = CARTESIAN_POINT('',(97.776279441629,65.257586221349,208.));
#3931 = DIRECTION('',(0.5,0.866025403784,-0.));
#3932 = DIRECTION('',(0.866025403784,-0.5,0.));
#3933 = ADVANCED_FACE('',(#3934),#3952,.T.);
#3934 = FACE_BOUND('',#3935,.T.);
#3935 = EDGE_LOOP('',(#3936,#3944,#3950,#3951));
#3936 = ORIENTED_EDGE('',*,*,#3937,.T.);
#3937 = EDGE_CURVE('',#3890,#3938,#3940,.T.);
#3938 = VERTEX_POINT('',#3939);
#3939 = CARTESIAN_POINT('',(107.27627944162,65.257586221349,212.));
#3940 = LINE('',#3941,#3942);
#3941 = CARTESIAN_POINT('',(107.27627944162,59.628793110675,212.));
#3942 = VECTOR('',#3943,1.);
#3943 = DIRECTION('',(0.,-1.,0.));
#3944 = ORIENTED_EDGE('',*,*,#3945,.T.);
#3945 = EDGE_CURVE('',#3938,#350,#3946,.T.);
#3946 = LINE('',#3947,#3948);
#3947 = CARTESIAN_POINT('',(107.27627944162,65.257586221349,208.));
#3948 = VECTOR('',#3949,1.);
#3949 = DIRECTION('',(0.,0.,1.));
#3950 = ORIENTED_EDGE('',*,*,#349,.F.);
#3951 = ORIENTED_EDGE('',*,*,#3897,.F.);
#3952 = PLANE('',#3953);
#3953 = AXIS2_PLACEMENT_3D('',#3954,#3955,#3956);
#3954 = CARTESIAN_POINT('',(107.27627944162,65.257586221349,208.));
#3955 = DIRECTION('',(-1.,0.,0.));
#3956 = DIRECTION('',(0.,1.,0.));
#3957 = ADVANCED_FACE('',(#3958),#3969,.T.);
#3958 = FACE_BOUND('',#3959,.T.);
#3959 = EDGE_LOOP('',(#3960,#3966,#3967,#3968));
#3960 = ORIENTED_EDGE('',*,*,#3961,.T.);
#3961 = EDGE_CURVE('',#3938,#3914,#3962,.T.);
#3962 = LINE('',#3963,#3964);
#3963 = CARTESIAN_POINT('',(69.735335737772,43.583312268295,212.));
#3964 = VECTOR('',#3965,1.);
#3965 = DIRECTION('',(-0.866025403784,-0.5,0.));
#3966 = ORIENTED_EDGE('',*,*,#3923,.T.);
#3967 = ORIENTED_EDGE('',*,*,#357,.F.);
#3968 = ORIENTED_EDGE('',*,*,#3945,.F.);
#3969 = PLANE('',#3970);
#3970 = AXIS2_PLACEMENT_3D('',#3971,#3972,#3973);
#3971 = CARTESIAN_POINT('',(102.52627944162,62.515172442699,208.));
#3972 = DIRECTION('',(-0.5,0.866025403784,0.));
#3973 = DIRECTION('',(0.866025403784,0.5,0.));
#3974 = ADVANCED_FACE('',(#3975),#3994,.F.);
#3975 = FACE_BOUND('',#3976,.F.);
#3976 = EDGE_LOOP('',(#3977,#3978,#3986,#3993));
#3977 = ORIENTED_EDGE('',*,*,#381,.F.);
#3978 = ORIENTED_EDGE('',*,*,#3979,.F.);
#3979 = EDGE_CURVE('',#3980,#382,#3982,.T.);
#3980 = VERTEX_POINT('',#3981);
#3981 = CARTESIAN_POINT('',(136.35,59.75,212.));
#3982 = LINE('',#3983,#3984);
#3983 = CARTESIAN_POINT('',(136.35,59.75,208.));
#3984 = VECTOR('',#3985,1.);
#3985 = DIRECTION('',(0.,0.,1.));
#3986 = ORIENTED_EDGE('',*,*,#3987,.T.);
#3987 = EDGE_CURVE('',#3980,#3980,#3988,.T.);
#3988 = CIRCLE('',#3989,2.1);
#3989 = AXIS2_PLACEMENT_3D('',#3990,#3991,#3992);
#3990 = CARTESIAN_POINT('',(134.25,59.75,212.));
#3991 = DIRECTION('',(0.,0.,1.));
#3992 = DIRECTION('',(1.,0.,-0.));
#3993 = ORIENTED_EDGE('',*,*,#3979,.T.);
#3994 = CYLINDRICAL_SURFACE('',#3995,2.1);
#3995 = AXIS2_PLACEMENT_3D('',#3996,#3997,#3998);
#3996 = CARTESIAN_POINT('',(134.25,59.75,208.));
#3997 = DIRECTION('',(0.,0.,1.));
#3998 = DIRECTION('',(1.,0.,-0.));
#3999 = ADVANCED_FACE('',(#4000),#4025,.T.);
#4000 = FACE_BOUND('',#4001,.T.);
#4001 = EDGE_LOOP('',(#4002,#4012,#4018,#4019));
#4002 = ORIENTED_EDGE('',*,*,#4003,.T.);
#4003 = EDGE_CURVE('',#4004,#4006,#4008,.T.);
#4004 = VERTEX_POINT('',#4005);
#4005 = CARTESIAN_POINT('',(59.671161675114,87.242413778651,212.));
#4006 = VERTEX_POINT('',#4007);
#4007 = CARTESIAN_POINT('',(64.421161675114,89.984827557301,212.));
#4008 = LINE('',#4009,#4010);
#4009 = CARTESIAN_POINT('',(39.97228234309,75.869260493573,212.));
#4010 = VECTOR('',#4011,1.);
#4011 = DIRECTION('',(0.866025403784,0.5,-0.));
#4012 = ORIENTED_EDGE('',*,*,#4013,.T.);
#4013 = EDGE_CURVE('',#4006,#395,#4014,.T.);
#4014 = LINE('',#4015,#4016);
#4015 = CARTESIAN_POINT('',(64.421161675114,89.984827557301,208.));
#4016 = VECTOR('',#4017,1.);
#4017 = DIRECTION('',(0.,0.,1.));
#4018 = ORIENTED_EDGE('',*,*,#392,.F.);
#4019 = ORIENTED_EDGE('',*,*,#4020,.F.);
#4020 = EDGE_CURVE('',#4004,#393,#4021,.T.);
#4021 = LINE('',#4022,#4023);
#4022 = CARTESIAN_POINT('',(59.671161675114,87.242413778651,208.));
#4023 = VECTOR('',#4024,1.);
#4024 = DIRECTION('',(0.,0.,1.));
#4025 = PLANE('',#4026);
#4026 = AXIS2_PLACEMENT_3D('',#4027,#4028,#4029);
#4027 = CARTESIAN_POINT('',(64.421161675114,89.984827557301,208.));
#4028 = DIRECTION('',(0.5,-0.866025403784,0.));
#4029 = DIRECTION('',(-0.866025403784,-0.5,0.));
#4030 = ADVANCED_FACE('',(#4031),#4049,.T.);
#4031 = FACE_BOUND('',#4032,.T.);
#4032 = EDGE_LOOP('',(#4033,#4041,#4042,#4043));
#4033 = ORIENTED_EDGE('',*,*,#4034,.T.);
#4034 = EDGE_CURVE('',#4035,#4004,#4037,.T.);
#4035 = VERTEX_POINT('',#4036);
#4036 = CARTESIAN_POINT('',(59.671161675114,81.757586221349,212.));
#4037 = LINE('',#4038,#4039);
#4038 = CARTESIAN_POINT('',(59.671161675114,70.621206889325,212.));
#4039 = VECTOR('',#4040,1.);
#4040 = DIRECTION('',(-0.,1.,0.));
#4041 = ORIENTED_EDGE('',*,*,#4020,.T.);
#4042 = ORIENTED_EDGE('',*,*,#434,.F.);
#4043 = ORIENTED_EDGE('',*,*,#4044,.F.);
#4044 = EDGE_CURVE('',#4035,#427,#4045,.T.);
#4045 = LINE('',#4046,#4047);
#4046 = CARTESIAN_POINT('',(59.671161675114,81.757586221349,208.));
#4047 = VECTOR('',#4048,1.);
#4048 = DIRECTION('',(0.,0.,1.));
#4049 = PLANE('',#4050);
#4050 = AXIS2_PLACEMENT_3D('',#4051,#4052,#4053);
#4051 = CARTESIAN_POINT('',(59.671161675114,87.242413778651,208.));
#4052 = DIRECTION('',(1.,0.,-0.));
#4053 = DIRECTION('',(0.,-1.,0.));
#4054 = ADVANCED_FACE('',(#4055),#4073,.T.);
#4055 = FACE_BOUND('',#4056,.T.);
#4056 = EDGE_LOOP('',(#4057,#4065,#4071,#4072));
#4057 = ORIENTED_EDGE('',*,*,#4058,.T.);
#4058 = EDGE_CURVE('',#4006,#4059,#4061,.T.);
#4059 = VERTEX_POINT('',#4060);
#4060 = CARTESIAN_POINT('',(69.171161675114,87.242413778651,212.));
#4061 = LINE('',#4062,#4063);
#4062 = CARTESIAN_POINT('',(57.929169750802,93.732980842379,212.));
#4063 = VECTOR('',#4064,1.);
#4064 = DIRECTION('',(0.866025403784,-0.5,0.));
#4065 = ORIENTED_EDGE('',*,*,#4066,.T.);
#4066 = EDGE_CURVE('',#4059,#403,#4067,.T.);
#4067 = LINE('',#4068,#4069);
#4068 = CARTESIAN_POINT('',(69.171161675114,87.242413778651,208.));
#4069 = VECTOR('',#4070,1.);
#4070 = DIRECTION('',(0.,0.,1.));
#4071 = ORIENTED_EDGE('',*,*,#402,.F.);
#4072 = ORIENTED_EDGE('',*,*,#4013,.F.);
#4073 = PLANE('',#4074);
#4074 = AXIS2_PLACEMENT_3D('',#4075,#4076,#4077);
#4075 = CARTESIAN_POINT('',(69.171161675114,87.242413778651,208.));
#4076 = DIRECTION('',(-0.5,-0.866025403784,0.));
#4077 = DIRECTION('',(-0.866025403784,0.5,0.));
#4078 = ADVANCED_FACE('',(#4079),#4097,.T.);
#4079 = FACE_BOUND('',#4080,.T.);
#4080 = EDGE_LOOP('',(#4081,#4089,#4090,#4091));
#4081 = ORIENTED_EDGE('',*,*,#4082,.T.);
#4082 = EDGE_CURVE('',#4083,#4035,#4085,.T.);
#4083 = VERTEX_POINT('',#4084);
#4084 = CARTESIAN_POINT('',(64.421161675114,79.015172442699,212.));
#4085 = LINE('',#4086,#4087);
#4086 = CARTESIAN_POINT('',(50.804169750802,86.876946395753,212.));
#4087 = VECTOR('',#4088,1.);
#4088 = DIRECTION('',(-0.866025403784,0.5,0.));
#4089 = ORIENTED_EDGE('',*,*,#4044,.T.);
#4090 = ORIENTED_EDGE('',*,*,#426,.F.);
#4091 = ORIENTED_EDGE('',*,*,#4092,.F.);
#4092 = EDGE_CURVE('',#4083,#419,#4093,.T.);
#4093 = LINE('',#4094,#4095);
#4094 = CARTESIAN_POINT('',(64.421161675114,79.015172442699,208.));
#4095 = VECTOR('',#4096,1.);
#4096 = DIRECTION('',(0.,0.,1.));
#4097 = PLANE('',#4098);
#4098 = AXIS2_PLACEMENT_3D('',#4099,#4100,#4101);
#4099 = CARTESIAN_POINT('',(59.671161675114,81.757586221349,208.));
#4100 = DIRECTION('',(0.5,0.866025403784,-0.));
#4101 = DIRECTION('',(0.866025403784,-0.5,0.));
#4102 = ADVANCED_FACE('',(#4103),#4121,.T.);
#4103 = FACE_BOUND('',#4104,.T.);
#4104 = EDGE_LOOP('',(#4105,#4113,#4119,#4120));
#4105 = ORIENTED_EDGE('',*,*,#4106,.T.);
#4106 = EDGE_CURVE('',#4059,#4107,#4109,.T.);
#4107 = VERTEX_POINT('',#4108);
#4108 = CARTESIAN_POINT('',(69.171161675114,81.757586221349,212.));
#4109 = LINE('',#4110,#4111);
#4110 = CARTESIAN_POINT('',(69.171161675114,67.878793110675,212.));
#4111 = VECTOR('',#4112,1.);
#4112 = DIRECTION('',(0.,-1.,0.));
#4113 = ORIENTED_EDGE('',*,*,#4114,.T.);
#4114 = EDGE_CURVE('',#4107,#411,#4115,.T.);
#4115 = LINE('',#4116,#4117);
#4116 = CARTESIAN_POINT('',(69.171161675114,81.757586221349,208.));
#4117 = VECTOR('',#4118,1.);
#4118 = DIRECTION('',(0.,0.,1.));
#4119 = ORIENTED_EDGE('',*,*,#410,.F.);
#4120 = ORIENTED_EDGE('',*,*,#4066,.F.);
#4121 = PLANE('',#4122);
#4122 = AXIS2_PLACEMENT_3D('',#4123,#4124,#4125);
#4123 = CARTESIAN_POINT('',(69.171161675114,81.757586221349,208.));
#4124 = DIRECTION('',(-1.,0.,0.));
#4125 = DIRECTION('',(0.,1.,0.));
#4126 = ADVANCED_FACE('',(#4127),#4138,.T.);
#4127 = FACE_BOUND('',#4128,.T.);
#4128 = EDGE_LOOP('',(#4129,#4135,#4136,#4137));
#4129 = ORIENTED_EDGE('',*,*,#4130,.T.);
#4130 = EDGE_CURVE('',#4107,#4083,#4131,.T.);
#4131 = LINE('',#4132,#4133);
#4132 = CARTESIAN_POINT('',(42.34728234309,66.270812268295,212.));
#4133 = VECTOR('',#4134,1.);
#4134 = DIRECTION('',(-0.866025403784,-0.5,0.));
#4135 = ORIENTED_EDGE('',*,*,#4092,.T.);
#4136 = ORIENTED_EDGE('',*,*,#418,.F.);
#4137 = ORIENTED_EDGE('',*,*,#4114,.F.);
#4138 = PLANE('',#4139);
#4139 = AXIS2_PLACEMENT_3D('',#4140,#4141,#4142);
#4140 = CARTESIAN_POINT('',(64.421161675114,79.015172442699,208.));
#4141 = DIRECTION('',(-0.5,0.866025403784,0.));
#4142 = DIRECTION('',(0.866025403784,0.5,0.));
#4143 = ADVANCED_FACE('',(#4144),#4169,.T.);
#4144 = FACE_BOUND('',#4145,.T.);
#4145 = EDGE_LOOP('',(#4146,#4156,#4162,#4163));
#4146 = ORIENTED_EDGE('',*,*,#4147,.T.);
#4147 = EDGE_CURVE('',#4148,#4150,#4152,.T.);
#4148 = VERTEX_POINT('',#4149);
#4149 = CARTESIAN_POINT('',(54.908021954299,95.492413778651,212.));
#4150 = VERTEX_POINT('',#4151);
#4151 = CARTESIAN_POINT('',(59.658021954299,98.234827557301,212.));
#4152 = LINE('',#4153,#4154);
#4153 = CARTESIAN_POINT('',(35.209142622275,84.119260493573,212.));
#4154 = VECTOR('',#4155,1.);
#4155 = DIRECTION('',(0.866025403784,0.5,-0.));
#4156 = ORIENTED_EDGE('',*,*,#4157,.T.);
#4157 = EDGE_CURVE('',#4150,#445,#4158,.T.);
#4158 = LINE('',#4159,#4160);
#4159 = CARTESIAN_POINT('',(59.658021954299,98.234827557301,208.));
#4160 = VECTOR('',#4161,1.);
#4161 = DIRECTION('',(0.,0.,1.));
#4162 = ORIENTED_EDGE('',*,*,#442,.F.);
#4163 = ORIENTED_EDGE('',*,*,#4164,.F.);
#4164 = EDGE_CURVE('',#4148,#443,#4165,.T.);
#4165 = LINE('',#4166,#4167);
#4166 = CARTESIAN_POINT('',(54.908021954299,95.492413778651,208.));
#4167 = VECTOR('',#4168,1.);
#4168 = DIRECTION('',(0.,0.,1.));
#4169 = PLANE('',#4170);
#4170 = AXIS2_PLACEMENT_3D('',#4171,#4172,#4173);
#4171 = CARTESIAN_POINT('',(59.658021954299,98.234827557301,208.));
#4172 = DIRECTION('',(0.5,-0.866025403784,0.));
#4173 = DIRECTION('',(-0.866025403784,-0.5,0.));
#4174 = ADVANCED_FACE('',(#4175),#4193,.T.);
#4175 = FACE_BOUND('',#4176,.T.);
#4176 = EDGE_LOOP('',(#4177,#4185,#4186,#4187));
#4177 = ORIENTED_EDGE('',*,*,#4178,.T.);
#4178 = EDGE_CURVE('',#4179,#4148,#4181,.T.);
#4179 = VERTEX_POINT('',#4180);
#4180 = CARTESIAN_POINT('',(54.908021954299,90.007586221349,212.));
#4181 = LINE('',#4182,#4183);
#4182 = CARTESIAN_POINT('',(54.908021954299,74.746206889325,212.));
#4183 = VECTOR('',#4184,1.);
#4184 = DIRECTION('',(-0.,1.,0.));
#4185 = ORIENTED_EDGE('',*,*,#4164,.T.);
#4186 = ORIENTED_EDGE('',*,*,#484,.F.);
#4187 = ORIENTED_EDGE('',*,*,#4188,.F.);
#4188 = EDGE_CURVE('',#4179,#477,#4189,.T.);
#4189 = LINE('',#4190,#4191);
#4190 = CARTESIAN_POINT('',(54.908021954299,90.007586221349,208.));
#4191 = VECTOR('',#4192,1.);
#4192 = DIRECTION('',(0.,0.,1.));
#4193 = PLANE('',#4194);
#4194 = AXIS2_PLACEMENT_3D('',#4195,#4196,#4197);
#4195 = CARTESIAN_POINT('',(54.908021954299,95.492413778651,208.));
#4196 = DIRECTION('',(1.,0.,-0.));
#4197 = DIRECTION('',(0.,-1.,0.));
#4198 = ADVANCED_FACE('',(#4199),#4217,.T.);
#4199 = FACE_BOUND('',#4200,.T.);
#4200 = EDGE_LOOP('',(#4201,#4209,#4215,#4216));
#4201 = ORIENTED_EDGE('',*,*,#4202,.T.);
#4202 = EDGE_CURVE('',#4150,#4203,#4205,.T.);
#4203 = VERTEX_POINT('',#4204);
#4204 = CARTESIAN_POINT('',(64.408021954299,95.492413778651,212.));
#4205 = LINE('',#4206,#4207);
#4206 = CARTESIAN_POINT('',(56.738384820599,99.920480842379,212.));
#4207 = VECTOR('',#4208,1.);
#4208 = DIRECTION('',(0.866025403784,-0.5,0.));
#4209 = ORIENTED_EDGE('',*,*,#4210,.T.);
#4210 = EDGE_CURVE('',#4203,#453,#4211,.T.);
#4211 = LINE('',#4212,#4213);
#4212 = CARTESIAN_POINT('',(64.408021954299,95.492413778651,208.));
#4213 = VECTOR('',#4214,1.);
#4214 = DIRECTION('',(0.,0.,1.));
#4215 = ORIENTED_EDGE('',*,*,#452,.F.);
#4216 = ORIENTED_EDGE('',*,*,#4157,.F.);
#4217 = PLANE('',#4218);
#4218 = AXIS2_PLACEMENT_3D('',#4219,#4220,#4221);
#4219 = CARTESIAN_POINT('',(64.408021954299,95.492413778651,208.));
#4220 = DIRECTION('',(-0.5,-0.866025403784,0.));
#4221 = DIRECTION('',(-0.866025403784,0.5,0.));
#4222 = ADVANCED_FACE('',(#4223),#4241,.T.);
#4223 = FACE_BOUND('',#4224,.T.);
#4224 = EDGE_LOOP('',(#4225,#4233,#4234,#4235));
#4225 = ORIENTED_EDGE('',*,*,#4226,.T.);
#4226 = EDGE_CURVE('',#4227,#4179,#4229,.T.);
#4227 = VERTEX_POINT('',#4228);
#4228 = CARTESIAN_POINT('',(59.658021954299,87.265172442699,212.));
#4229 = LINE('',#4230,#4231);
#4230 = CARTESIAN_POINT('',(49.613384820599,93.064446395753,212.));
#4231 = VECTOR('',#4232,1.);
#4232 = DIRECTION('',(-0.866025403784,0.5,0.));
#4233 = ORIENTED_EDGE('',*,*,#4188,.T.);
#4234 = ORIENTED_EDGE('',*,*,#476,.F.);
#4235 = ORIENTED_EDGE('',*,*,#4236,.F.);
#4236 = EDGE_CURVE('',#4227,#469,#4237,.T.);
#4237 = LINE('',#4238,#4239);
#4238 = CARTESIAN_POINT('',(59.658021954299,87.265172442699,208.));
#4239 = VECTOR('',#4240,1.);
#4240 = DIRECTION('',(0.,0.,1.));
#4241 = PLANE('',#4242);
#4242 = AXIS2_PLACEMENT_3D('',#4243,#4244,#4245);
#4243 = CARTESIAN_POINT('',(54.908021954299,90.007586221349,208.));
#4244 = DIRECTION('',(0.5,0.866025403784,-0.));
#4245 = DIRECTION('',(0.866025403784,-0.5,0.));
#4246 = ADVANCED_FACE('',(#4247),#4265,.T.);
#4247 = FACE_BOUND('',#4248,.T.);
#4248 = EDGE_LOOP('',(#4249,#4257,#4263,#4264));
#4249 = ORIENTED_EDGE('',*,*,#4250,.T.);
#4250 = EDGE_CURVE('',#4203,#4251,#4253,.T.);
#4251 = VERTEX_POINT('',#4252);
#4252 = CARTESIAN_POINT('',(64.408021954299,90.007586221349,212.));
#4253 = LINE('',#4254,#4255);
#4254 = CARTESIAN_POINT('',(64.408021954299,72.003793110675,212.));
#4255 = VECTOR('',#4256,1.);
#4256 = DIRECTION('',(0.,-1.,0.));
#4257 = ORIENTED_EDGE('',*,*,#4258,.T.);
#4258 = EDGE_CURVE('',#4251,#461,#4259,.T.);
#4259 = LINE('',#4260,#4261);
#4260 = CARTESIAN_POINT('',(64.408021954299,90.007586221349,208.));
#4261 = VECTOR('',#4262,1.);
#4262 = DIRECTION('',(0.,0.,1.));
#4263 = ORIENTED_EDGE('',*,*,#460,.F.);
#4264 = ORIENTED_EDGE('',*,*,#4210,.F.);
#4265 = PLANE('',#4266);
#4266 = AXIS2_PLACEMENT_3D('',#4267,#4268,#4269);
#4267 = CARTESIAN_POINT('',(64.408021954299,90.007586221349,208.));
#4268 = DIRECTION('',(-1.,0.,0.));
#4269 = DIRECTION('',(0.,1.,0.));
#4270 = ADVANCED_FACE('',(#4271),#4282,.T.);
#4271 = FACE_BOUND('',#4272,.T.);
#4272 = EDGE_LOOP('',(#4273,#4279,#4280,#4281));
#4273 = ORIENTED_EDGE('',*,*,#4274,.T.);
#4274 = EDGE_CURVE('',#4251,#4227,#4275,.T.);
#4275 = LINE('',#4276,#4277);
#4276 = CARTESIAN_POINT('',(37.584142622275,74.520812268295,212.));
#4277 = VECTOR('',#4278,1.);
#4278 = DIRECTION('',(-0.866025403784,-0.5,0.));
#4279 = ORIENTED_EDGE('',*,*,#4236,.T.);
#4280 = ORIENTED_EDGE('',*,*,#468,.F.);
#4281 = ORIENTED_EDGE('',*,*,#4258,.F.);
#4282 = PLANE('',#4283);
#4283 = AXIS2_PLACEMENT_3D('',#4284,#4285,#4286);
#4284 = CARTESIAN_POINT('',(59.658021954299,87.265172442699,208.));
#4285 = DIRECTION('',(-0.5,0.866025403784,0.));
#4286 = DIRECTION('',(0.866025403784,0.5,0.));
#4287 = ADVANCED_FACE('',(#4288),#4313,.T.);
#4288 = FACE_BOUND('',#4289,.T.);
#4289 = EDGE_LOOP('',(#4290,#4300,#4306,#4307));
#4290 = ORIENTED_EDGE('',*,*,#4291,.T.);
#4291 = EDGE_CURVE('',#4292,#4294,#4296,.T.);
#4292 = VERTEX_POINT('',#4293);
#4293 = CARTESIAN_POINT('',(64.434301395928,78.992413778651,212.));
#4294 = VERTEX_POINT('',#4295);
#4295 = CARTESIAN_POINT('',(69.184301395928,81.734827557301,212.));
#4296 = LINE('',#4297,#4298);
#4297 = CARTESIAN_POINT('',(44.735422063904,67.619260493573,212.));
#4298 = VECTOR('',#4299,1.);
#4299 = DIRECTION('',(0.866025403784,0.5,-0.));
#4300 = ORIENTED_EDGE('',*,*,#4301,.T.);
#4301 = EDGE_CURVE('',#4294,#495,#4302,.T.);
#4302 = LINE('',#4303,#4304);
#4303 = CARTESIAN_POINT('',(69.184301395928,81.734827557301,208.));
#4304 = VECTOR('',#4305,1.);
#4305 = DIRECTION('',(0.,0.,1.));
#4306 = ORIENTED_EDGE('',*,*,#492,.F.);
#4307 = ORIENTED_EDGE('',*,*,#4308,.F.);
#4308 = EDGE_CURVE('',#4292,#493,#4309,.T.);
#4309 = LINE('',#4310,#4311);
#4310 = CARTESIAN_POINT('',(64.434301395928,78.992413778651,208.));
#4311 = VECTOR('',#4312,1.);
#4312 = DIRECTION('',(0.,0.,1.));
#4313 = PLANE('',#4314);
#4314 = AXIS2_PLACEMENT_3D('',#4315,#4316,#4317);
#4315 = CARTESIAN_POINT('',(69.184301395928,81.734827557301,208.));
#4316 = DIRECTION('',(0.5,-0.866025403784,0.));
#4317 = DIRECTION('',(-0.866025403784,-0.5,0.));
#4318 = ADVANCED_FACE('',(#4319),#4337,.T.);
#4319 = FACE_BOUND('',#4320,.T.);
#4320 = EDGE_LOOP('',(#4321,#4329,#4330,#4331));
#4321 = ORIENTED_EDGE('',*,*,#4322,.T.);
#4322 = EDGE_CURVE('',#4323,#4292,#4325,.T.);
#4323 = VERTEX_POINT('',#4324);
#4324 = CARTESIAN_POINT('',(64.434301395928,73.507586221349,212.));
#4325 = LINE('',#4326,#4327);
#4326 = CARTESIAN_POINT('',(64.434301395928,66.496206889325,212.));
#4327 = VECTOR('',#4328,1.);
#4328 = DIRECTION('',(-0.,1.,0.));
#4329 = ORIENTED_EDGE('',*,*,#4308,.T.);
#4330 = ORIENTED_EDGE('',*,*,#534,.F.);
#4331 = ORIENTED_EDGE('',*,*,#4332,.F.);
#4332 = EDGE_CURVE('',#4323,#527,#4333,.T.);
#4333 = LINE('',#4334,#4335);
#4334 = CARTESIAN_POINT('',(64.434301395928,73.507586221349,208.));
#4335 = VECTOR('',#4336,1.);
#4336 = DIRECTION('',(0.,0.,1.));
#4337 = PLANE('',#4338);
#4338 = AXIS2_PLACEMENT_3D('',#4339,#4340,#4341);
#4339 = CARTESIAN_POINT('',(64.434301395928,78.992413778651,208.));
#4340 = DIRECTION('',(1.,0.,-0.));
#4341 = DIRECTION('',(0.,-1.,0.));
#4342 = ADVANCED_FACE('',(#4343),#4361,.T.);
#4343 = FACE_BOUND('',#4344,.T.);
#4344 = EDGE_LOOP('',(#4345,#4353,#4359,#4360));
#4345 = ORIENTED_EDGE('',*,*,#4346,.T.);
#4346 = EDGE_CURVE('',#4294,#4347,#4349,.T.);
#4347 = VERTEX_POINT('',#4348);
#4348 = CARTESIAN_POINT('',(73.934301395928,78.992413778651,212.));
#4349 = LINE('',#4350,#4351);
#4350 = CARTESIAN_POINT('',(59.119954681006,87.545480842379,212.));
#4351 = VECTOR('',#4352,1.);
#4352 = DIRECTION('',(0.866025403784,-0.5,0.));
#4353 = ORIENTED_EDGE('',*,*,#4354,.T.);
#4354 = EDGE_CURVE('',#4347,#503,#4355,.T.);
#4355 = LINE('',#4356,#4357);
#4356 = CARTESIAN_POINT('',(73.934301395928,78.992413778651,208.));
#4357 = VECTOR('',#4358,1.);
#4358 = DIRECTION('',(0.,0.,1.));
#4359 = ORIENTED_EDGE('',*,*,#502,.F.);
#4360 = ORIENTED_EDGE('',*,*,#4301,.F.);
#4361 = PLANE('',#4362);
#4362 = AXIS2_PLACEMENT_3D('',#4363,#4364,#4365);
#4363 = CARTESIAN_POINT('',(73.934301395928,78.992413778651,208.));
#4364 = DIRECTION('',(-0.5,-0.866025403784,0.));
#4365 = DIRECTION('',(-0.866025403784,0.5,0.));
#4366 = ADVANCED_FACE('',(#4367),#4385,.T.);
#4367 = FACE_BOUND('',#4368,.T.);
#4368 = EDGE_LOOP('',(#4369,#4377,#4378,#4379));
#4369 = ORIENTED_EDGE('',*,*,#4370,.T.);
#4370 = EDGE_CURVE('',#4371,#4323,#4373,.T.);
#4371 = VERTEX_POINT('',#4372);
#4372 = CARTESIAN_POINT('',(69.184301395928,70.765172442699,212.));
#4373 = LINE('',#4374,#4375);
#4374 = CARTESIAN_POINT('',(51.994954681006,80.689446395753,212.));
#4375 = VECTOR('',#4376,1.);
#4376 = DIRECTION('',(-0.866025403784,0.5,0.));
#4377 = ORIENTED_EDGE('',*,*,#4332,.T.);
#4378 = ORIENTED_EDGE('',*,*,#526,.F.);
#4379 = ORIENTED_EDGE('',*,*,#4380,.F.);
#4380 = EDGE_CURVE('',#4371,#519,#4381,.T.);
#4381 = LINE('',#4382,#4383);
#4382 = CARTESIAN_POINT('',(69.184301395928,70.765172442699,208.));
#4383 = VECTOR('',#4384,1.);
#4384 = DIRECTION('',(0.,0.,1.));
#4385 = PLANE('',#4386);
#4386 = AXIS2_PLACEMENT_3D('',#4387,#4388,#4389);
#4387 = CARTESIAN_POINT('',(64.434301395928,73.507586221349,208.));
#4388 = DIRECTION('',(0.5,0.866025403784,-0.));
#4389 = DIRECTION('',(0.866025403784,-0.5,0.));
#4390 = ADVANCED_FACE('',(#4391),#4409,.T.);
#4391 = FACE_BOUND('',#4392,.T.);
#4392 = EDGE_LOOP('',(#4393,#4401,#4407,#4408));
#4393 = ORIENTED_EDGE('',*,*,#4394,.T.);
#4394 = EDGE_CURVE('',#4347,#4395,#4397,.T.);
#4395 = VERTEX_POINT('',#4396);
#4396 = CARTESIAN_POINT('',(73.934301395928,73.507586221349,212.));
#4397 = LINE('',#4398,#4399);
#4398 = CARTESIAN_POINT('',(73.934301395928,63.753793110675,212.));
#4399 = VECTOR('',#4400,1.);
#4400 = DIRECTION('',(0.,-1.,0.));
#4401 = ORIENTED_EDGE('',*,*,#4402,.T.);
#4402 = EDGE_CURVE('',#4395,#511,#4403,.T.);
#4403 = LINE('',#4404,#4405);
#4404 = CARTESIAN_POINT('',(73.934301395928,73.507586221349,208.));
#4405 = VECTOR('',#4406,1.);
#4406 = DIRECTION('',(0.,0.,1.));
#4407 = ORIENTED_EDGE('',*,*,#510,.F.);
#4408 = ORIENTED_EDGE('',*,*,#4354,.F.);
#4409 = PLANE('',#4410);
#4410 = AXIS2_PLACEMENT_3D('',#4411,#4412,#4413);
#4411 = CARTESIAN_POINT('',(73.934301395928,73.507586221349,208.));
#4412 = DIRECTION('',(-1.,0.,0.));
#4413 = DIRECTION('',(0.,1.,0.));
#4414 = ADVANCED_FACE('',(#4415),#4426,.T.);
#4415 = FACE_BOUND('',#4416,.T.);
#4416 = EDGE_LOOP('',(#4417,#4423,#4424,#4425));
#4417 = ORIENTED_EDGE('',*,*,#4418,.T.);
#4418 = EDGE_CURVE('',#4395,#4371,#4419,.T.);
#4419 = LINE('',#4420,#4421);
#4420 = CARTESIAN_POINT('',(47.110422063904,58.020812268295,212.));
#4421 = VECTOR('',#4422,1.);
#4422 = DIRECTION('',(-0.866025403784,-0.5,0.));
#4423 = ORIENTED_EDGE('',*,*,#4380,.T.);
#4424 = ORIENTED_EDGE('',*,*,#518,.F.);
#4425 = ORIENTED_EDGE('',*,*,#4402,.F.);
#4426 = PLANE('',#4427);
#4427 = AXIS2_PLACEMENT_3D('',#4428,#4429,#4430);
#4428 = CARTESIAN_POINT('',(69.184301395928,70.765172442699,208.));
#4429 = DIRECTION('',(-0.5,0.866025403784,0.));
#4430 = DIRECTION('',(0.866025403784,0.5,0.));
#4431 = ADVANCED_FACE('',(#4432),#4457,.T.);
#4432 = FACE_BOUND('',#4433,.T.);
#4433 = EDGE_LOOP('',(#4434,#4444,#4450,#4451));
#4434 = ORIENTED_EDGE('',*,*,#4435,.T.);
#4435 = EDGE_CURVE('',#4436,#4438,#4440,.T.);
#4436 = VERTEX_POINT('',#4437);
#4437 = CARTESIAN_POINT('',(69.197441116742,87.242413778651,212.));
#4438 = VERTEX_POINT('',#4439);
#4439 = CARTESIAN_POINT('',(73.947441116742,89.984827557301,212.));
#4440 = LINE('',#4441,#4442);
#4441 = CARTESIAN_POINT('',(45.926206994108,73.806760493573,212.));
#4442 = VECTOR('',#4443,1.);
#4443 = DIRECTION('',(0.866025403784,0.5,-0.));
#4444 = ORIENTED_EDGE('',*,*,#4445,.T.);
#4445 = EDGE_CURVE('',#4438,#545,#4446,.T.);
#4446 = LINE('',#4447,#4448);
#4447 = CARTESIAN_POINT('',(73.947441116742,89.984827557301,208.));
#4448 = VECTOR('',#4449,1.);
#4449 = DIRECTION('',(0.,0.,1.));
#4450 = ORIENTED_EDGE('',*,*,#542,.F.);
#4451 = ORIENTED_EDGE('',*,*,#4452,.F.);
#4452 = EDGE_CURVE('',#4436,#543,#4453,.T.);
#4453 = LINE('',#4454,#4455);
#4454 = CARTESIAN_POINT('',(69.197441116742,87.242413778651,208.));
#4455 = VECTOR('',#4456,1.);
#4456 = DIRECTION('',(0.,0.,1.));
#4457 = PLANE('',#4458);
#4458 = AXIS2_PLACEMENT_3D('',#4459,#4460,#4461);
#4459 = CARTESIAN_POINT('',(73.947441116742,89.984827557301,208.));
#4460 = DIRECTION('',(0.5,-0.866025403784,0.));
#4461 = DIRECTION('',(-0.866025403784,-0.5,0.));
#4462 = ADVANCED_FACE('',(#4463),#4481,.T.);
#4463 = FACE_BOUND('',#4464,.T.);
#4464 = EDGE_LOOP('',(#4465,#4473,#4474,#4475));
#4465 = ORIENTED_EDGE('',*,*,#4466,.T.);
#4466 = EDGE_CURVE('',#4467,#4436,#4469,.T.);
#4467 = VERTEX_POINT('',#4468);
#4468 = CARTESIAN_POINT('',(69.197441116742,81.757586221349,212.));
#4469 = LINE('',#4470,#4471);
#4470 = CARTESIAN_POINT('',(69.197441116742,70.621206889325,212.));
#4471 = VECTOR('',#4472,1.);
#4472 = DIRECTION('',(-0.,1.,0.));
#4473 = ORIENTED_EDGE('',*,*,#4452,.T.);
#4474 = ORIENTED_EDGE('',*,*,#584,.F.);
#4475 = ORIENTED_EDGE('',*,*,#4476,.F.);
#4476 = EDGE_CURVE('',#4467,#577,#4477,.T.);
#4477 = LINE('',#4478,#4479);
#4478 = CARTESIAN_POINT('',(69.197441116742,81.757586221349,208.));
#4479 = VECTOR('',#4480,1.);
#4480 = DIRECTION('',(0.,0.,1.));
#4481 = PLANE('',#4482);
#4482 = AXIS2_PLACEMENT_3D('',#4483,#4484,#4485);
#4483 = CARTESIAN_POINT('',(69.197441116742,87.242413778651,208.));
#4484 = DIRECTION('',(1.,0.,-0.));
#4485 = DIRECTION('',(0.,-1.,0.));
#4486 = ADVANCED_FACE('',(#4487),#4505,.T.);
#4487 = FACE_BOUND('',#4488,.T.);
#4488 = EDGE_LOOP('',(#4489,#4497,#4503,#4504));
#4489 = ORIENTED_EDGE('',*,*,#4490,.T.);
#4490 = EDGE_CURVE('',#4438,#4491,#4493,.T.);
#4491 = VERTEX_POINT('',#4492);
#4492 = CARTESIAN_POINT('',(78.697441116742,87.242413778651,212.));
#4493 = LINE('',#4494,#4495);
#4494 = CARTESIAN_POINT('',(63.88309440182,95.795480842379,212.));
#4495 = VECTOR('',#4496,1.);
#4496 = DIRECTION('',(0.866025403784,-0.5,0.));
#4497 = ORIENTED_EDGE('',*,*,#4498,.T.);
#4498 = EDGE_CURVE('',#4491,#553,#4499,.T.);
#4499 = LINE('',#4500,#4501);
#4500 = CARTESIAN_POINT('',(78.697441116742,87.242413778651,208.));
#4501 = VECTOR('',#4502,1.);
#4502 = DIRECTION('',(0.,0.,1.));
#4503 = ORIENTED_EDGE('',*,*,#552,.F.);
#4504 = ORIENTED_EDGE('',*,*,#4445,.F.);
#4505 = PLANE('',#4506);
#4506 = AXIS2_PLACEMENT_3D('',#4507,#4508,#4509);
#4507 = CARTESIAN_POINT('',(78.697441116742,87.242413778651,208.));
#4508 = DIRECTION('',(-0.5,-0.866025403784,0.));
#4509 = DIRECTION('',(-0.866025403784,0.5,0.));
#4510 = ADVANCED_FACE('',(#4511),#4529,.T.);
#4511 = FACE_BOUND('',#4512,.T.);
#4512 = EDGE_LOOP('',(#4513,#4521,#4522,#4523));
#4513 = ORIENTED_EDGE('',*,*,#4514,.T.);
#4514 = EDGE_CURVE('',#4515,#4467,#4517,.T.);
#4515 = VERTEX_POINT('',#4516);
#4516 = CARTESIAN_POINT('',(73.947441116742,79.015172442699,212.));
#4517 = LINE('',#4518,#4519);
#4518 = CARTESIAN_POINT('',(56.75809440182,88.939446395753,212.));
#4519 = VECTOR('',#4520,1.);
#4520 = DIRECTION('',(-0.866025403784,0.5,0.));
#4521 = ORIENTED_EDGE('',*,*,#4476,.T.);
#4522 = ORIENTED_EDGE('',*,*,#576,.F.);
#4523 = ORIENTED_EDGE('',*,*,#4524,.F.);
#4524 = EDGE_CURVE('',#4515,#569,#4525,.T.);
#4525 = LINE('',#4526,#4527);
#4526 = CARTESIAN_POINT('',(73.947441116742,79.015172442699,208.));
#4527 = VECTOR('',#4528,1.);
#4528 = DIRECTION('',(0.,0.,1.));
#4529 = PLANE('',#4530);
#4530 = AXIS2_PLACEMENT_3D('',#4531,#4532,#4533);
#4531 = CARTESIAN_POINT('',(69.197441116742,81.757586221349,208.));
#4532 = DIRECTION('',(0.5,0.866025403784,-0.));
#4533 = DIRECTION('',(0.866025403784,-0.5,0.));
#4534 = ADVANCED_FACE('',(#4535),#4553,.T.);
#4535 = FACE_BOUND('',#4536,.T.);
#4536 = EDGE_LOOP('',(#4537,#4545,#4551,#4552));
#4537 = ORIENTED_EDGE('',*,*,#4538,.T.);
#4538 = EDGE_CURVE('',#4491,#4539,#4541,.T.);
#4539 = VERTEX_POINT('',#4540);
#4540 = CARTESIAN_POINT('',(78.697441116742,81.757586221349,212.));
#4541 = LINE('',#4542,#4543);
#4542 = CARTESIAN_POINT('',(78.697441116742,67.878793110675,212.));
#4543 = VECTOR('',#4544,1.);
#4544 = DIRECTION('',(0.,-1.,0.));
#4545 = ORIENTED_EDGE('',*,*,#4546,.T.);
#4546 = EDGE_CURVE('',#4539,#561,#4547,.T.);
#4547 = LINE('',#4548,#4549);
#4548 = CARTESIAN_POINT('',(78.697441116742,81.757586221349,208.));
#4549 = VECTOR('',#4550,1.);
#4550 = DIRECTION('',(0.,0.,1.));
#4551 = ORIENTED_EDGE('',*,*,#560,.F.);
#4552 = ORIENTED_EDGE('',*,*,#4498,.F.);
#4553 = PLANE('',#4554);
#4554 = AXIS2_PLACEMENT_3D('',#4555,#4556,#4557);
#4555 = CARTESIAN_POINT('',(78.697441116742,81.757586221349,208.));
#4556 = DIRECTION('',(-1.,0.,0.));
#4557 = DIRECTION('',(0.,1.,0.));
#4558 = ADVANCED_FACE('',(#4559),#4570,.T.);
#4559 = FACE_BOUND('',#4560,.T.);
#4560 = EDGE_LOOP('',(#4561,#4567,#4568,#4569));
#4561 = ORIENTED_EDGE('',*,*,#4562,.T.);
#4562 = EDGE_CURVE('',#4539,#4515,#4563,.T.);
#4563 = LINE('',#4564,#4565);
#4564 = CARTESIAN_POINT('',(48.301206994108,64.208312268295,212.));
#4565 = VECTOR('',#4566,1.);
#4566 = DIRECTION('',(-0.866025403784,-0.5,0.));
#4567 = ORIENTED_EDGE('',*,*,#4524,.T.);
#4568 = ORIENTED_EDGE('',*,*,#568,.F.);
#4569 = ORIENTED_EDGE('',*,*,#4546,.F.);
#4570 = PLANE('',#4571);
#4571 = AXIS2_PLACEMENT_3D('',#4572,#4573,#4574);
#4572 = CARTESIAN_POINT('',(73.947441116742,79.015172442699,208.));
#4573 = DIRECTION('',(-0.5,0.866025403784,0.));
#4574 = DIRECTION('',(0.866025403784,0.5,0.));
#4575 = ADVANCED_FACE('',(#4576),#4601,.T.);
#4576 = FACE_BOUND('',#4577,.T.);
#4577 = EDGE_LOOP('',(#4578,#4588,#4594,#4595));
#4578 = ORIENTED_EDGE('',*,*,#4579,.T.);
#4579 = EDGE_CURVE('',#4580,#4582,#4584,.T.);
#4580 = VERTEX_POINT('',#4581);
#4581 = CARTESIAN_POINT('',(73.960580837557,78.992413778651,212.));
#4582 = VERTEX_POINT('',#4583);
#4583 = CARTESIAN_POINT('',(78.710580837557,81.734827557301,212.));
#4584 = LINE('',#4585,#4586);
#4585 = CARTESIAN_POINT('',(50.689346714922,65.556760493573,212.));
#4586 = VECTOR('',#4587,1.);
#4587 = DIRECTION('',(0.866025403784,0.5,-0.));
#4588 = ORIENTED_EDGE('',*,*,#4589,.T.);
#4589 = EDGE_CURVE('',#4582,#595,#4590,.T.);
#4590 = LINE('',#4591,#4592);
#4591 = CARTESIAN_POINT('',(78.710580837557,81.734827557301,208.));
#4592 = VECTOR('',#4593,1.);
#4593 = DIRECTION('',(0.,0.,1.));
#4594 = ORIENTED_EDGE('',*,*,#592,.F.);
#4595 = ORIENTED_EDGE('',*,*,#4596,.F.);
#4596 = EDGE_CURVE('',#4580,#593,#4597,.T.);
#4597 = LINE('',#4598,#4599);
#4598 = CARTESIAN_POINT('',(73.960580837557,78.992413778651,208.));
#4599 = VECTOR('',#4600,1.);
#4600 = DIRECTION('',(0.,0.,1.));
#4601 = PLANE('',#4602);
#4602 = AXIS2_PLACEMENT_3D('',#4603,#4604,#4605);
#4603 = CARTESIAN_POINT('',(78.710580837557,81.734827557301,208.));
#4604 = DIRECTION('',(0.5,-0.866025403784,0.));
#4605 = DIRECTION('',(-0.866025403784,-0.5,0.));
#4606 = ADVANCED_FACE('',(#4607),#4625,.T.);
#4607 = FACE_BOUND('',#4608,.T.);
#4608 = EDGE_LOOP('',(#4609,#4617,#4618,#4619));
#4609 = ORIENTED_EDGE('',*,*,#4610,.T.);
#4610 = EDGE_CURVE('',#4611,#4580,#4613,.T.);
#4611 = VERTEX_POINT('',#4612);
#4612 = CARTESIAN_POINT('',(73.960580837557,73.507586221349,212.));
#4613 = LINE('',#4614,#4615);
#4614 = CARTESIAN_POINT('',(73.960580837557,66.496206889325,212.));
#4615 = VECTOR('',#4616,1.);
#4616 = DIRECTION('',(-0.,1.,0.));
#4617 = ORIENTED_EDGE('',*,*,#4596,.T.);
#4618 = ORIENTED_EDGE('',*,*,#634,.F.);
#4619 = ORIENTED_EDGE('',*,*,#4620,.F.);
#4620 = EDGE_CURVE('',#4611,#627,#4621,.T.);
#4621 = LINE('',#4622,#4623);
#4622 = CARTESIAN_POINT('',(73.960580837557,73.507586221349,208.));
#4623 = VECTOR('',#4624,1.);
#4624 = DIRECTION('',(0.,0.,1.));
#4625 = PLANE('',#4626);
#4626 = AXIS2_PLACEMENT_3D('',#4627,#4628,#4629);
#4627 = CARTESIAN_POINT('',(73.960580837557,78.992413778651,208.));
#4628 = DIRECTION('',(1.,0.,-0.));
#4629 = DIRECTION('',(0.,-1.,0.));
#4630 = ADVANCED_FACE('',(#4631),#4649,.T.);
#4631 = FACE_BOUND('',#4632,.T.);
#4632 = EDGE_LOOP('',(#4633,#4641,#4647,#4648));
#4633 = ORIENTED_EDGE('',*,*,#4634,.T.);
#4634 = EDGE_CURVE('',#4582,#4635,#4637,.T.);
#4635 = VERTEX_POINT('',#4636);
#4636 = CARTESIAN_POINT('',(83.460580837557,78.992413778651,212.));
#4637 = LINE('',#4638,#4639);
#4638 = CARTESIAN_POINT('',(65.073879332024,89.607980842379,212.));
#4639 = VECTOR('',#4640,1.);
#4640 = DIRECTION('',(0.866025403784,-0.5,0.));
#4641 = ORIENTED_EDGE('',*,*,#4642,.T.);
#4642 = EDGE_CURVE('',#4635,#603,#4643,.T.);
#4643 = LINE('',#4644,#4645);
#4644 = CARTESIAN_POINT('',(83.460580837557,78.992413778651,208.));
#4645 = VECTOR('',#4646,1.);
#4646 = DIRECTION('',(0.,0.,1.));
#4647 = ORIENTED_EDGE('',*,*,#602,.F.);
#4648 = ORIENTED_EDGE('',*,*,#4589,.F.);
#4649 = PLANE('',#4650);
#4650 = AXIS2_PLACEMENT_3D('',#4651,#4652,#4653);
#4651 = CARTESIAN_POINT('',(83.460580837557,78.992413778651,208.));
#4652 = DIRECTION('',(-0.5,-0.866025403784,0.));
#4653 = DIRECTION('',(-0.866025403784,0.5,0.));
#4654 = ADVANCED_FACE('',(#4655),#4673,.T.);
#4655 = FACE_BOUND('',#4656,.T.);
#4656 = EDGE_LOOP('',(#4657,#4665,#4666,#4667));
#4657 = ORIENTED_EDGE('',*,*,#4658,.T.);
#4658 = EDGE_CURVE('',#4659,#4611,#4661,.T.);
#4659 = VERTEX_POINT('',#4660);
#4660 = CARTESIAN_POINT('',(78.710580837557,70.765172442699,212.));
#4661 = LINE('',#4662,#4663);
#4662 = CARTESIAN_POINT('',(57.948879332024,82.751946395753,212.));
#4663 = VECTOR('',#4664,1.);
#4664 = DIRECTION('',(-0.866025403784,0.5,0.));
#4665 = ORIENTED_EDGE('',*,*,#4620,.T.);
#4666 = ORIENTED_EDGE('',*,*,#626,.F.);
#4667 = ORIENTED_EDGE('',*,*,#4668,.F.);
#4668 = EDGE_CURVE('',#4659,#619,#4669,.T.);
#4669 = LINE('',#4670,#4671);
#4670 = CARTESIAN_POINT('',(78.710580837557,70.765172442699,208.));
#4671 = VECTOR('',#4672,1.);
#4672 = DIRECTION('',(0.,0.,1.));
#4673 = PLANE('',#4674);
#4674 = AXIS2_PLACEMENT_3D('',#4675,#4676,#4677);
#4675 = CARTESIAN_POINT('',(73.960580837557,73.507586221349,208.));
#4676 = DIRECTION('',(0.5,0.866025403784,-0.));
#4677 = DIRECTION('',(0.866025403784,-0.5,0.));
#4678 = ADVANCED_FACE('',(#4679),#4697,.T.);
#4679 = FACE_BOUND('',#4680,.T.);
#4680 = EDGE_LOOP('',(#4681,#4689,#4695,#4696));
#4681 = ORIENTED_EDGE('',*,*,#4682,.T.);
#4682 = EDGE_CURVE('',#4635,#4683,#4685,.T.);
#4683 = VERTEX_POINT('',#4684);
#4684 = CARTESIAN_POINT('',(83.460580837557,73.507586221349,212.));
#4685 = LINE('',#4686,#4687);
#4686 = CARTESIAN_POINT('',(83.460580837557,63.753793110675,212.));
#4687 = VECTOR('',#4688,1.);
#4688 = DIRECTION('',(0.,-1.,0.));
#4689 = ORIENTED_EDGE('',*,*,#4690,.T.);
#4690 = EDGE_CURVE('',#4683,#611,#4691,.T.);
#4691 = LINE('',#4692,#4693);
#4692 = CARTESIAN_POINT('',(83.460580837557,73.507586221349,208.));
#4693 = VECTOR('',#4694,1.);
#4694 = DIRECTION('',(0.,0.,1.));
#4695 = ORIENTED_EDGE('',*,*,#610,.F.);
#4696 = ORIENTED_EDGE('',*,*,#4642,.F.);
#4697 = PLANE('',#4698);
#4698 = AXIS2_PLACEMENT_3D('',#4699,#4700,#4701);
#4699 = CARTESIAN_POINT('',(83.460580837557,73.507586221349,208.));
#4700 = DIRECTION('',(-1.,0.,0.));
#4701 = DIRECTION('',(0.,1.,0.));
#4702 = ADVANCED_FACE('',(#4703),#4714,.T.);
#4703 = FACE_BOUND('',#4704,.T.);
#4704 = EDGE_LOOP('',(#4705,#4711,#4712,#4713));
#4705 = ORIENTED_EDGE('',*,*,#4706,.T.);
#4706 = EDGE_CURVE('',#4683,#4659,#4707,.T.);
#4707 = LINE('',#4708,#4709);
#4708 = CARTESIAN_POINT('',(53.064346714922,55.958312268295,212.));
#4709 = VECTOR('',#4710,1.);
#4710 = DIRECTION('',(-0.866025403784,-0.5,0.));
#4711 = ORIENTED_EDGE('',*,*,#4668,.T.);
#4712 = ORIENTED_EDGE('',*,*,#618,.F.);
#4713 = ORIENTED_EDGE('',*,*,#4690,.F.);
#4714 = PLANE('',#4715);
#4715 = AXIS2_PLACEMENT_3D('',#4716,#4717,#4718);
#4716 = CARTESIAN_POINT('',(78.710580837557,70.765172442699,208.));
#4717 = DIRECTION('',(-0.5,0.866025403784,0.));
#4718 = DIRECTION('',(0.866025403784,0.5,0.));
#4719 = ADVANCED_FACE('',(#4720),#4745,.T.);
#4720 = FACE_BOUND('',#4721,.T.);
#4721 = EDGE_LOOP('',(#4722,#4732,#4738,#4739));
#4722 = ORIENTED_EDGE('',*,*,#4723,.T.);
#4723 = EDGE_CURVE('',#4724,#4726,#4728,.T.);
#4724 = VERTEX_POINT('',#4725);
#4725 = CARTESIAN_POINT('',(78.723720558371,87.242413778651,212.));
#4726 = VERTEX_POINT('',#4727);
#4727 = CARTESIAN_POINT('',(83.473720558371,89.984827557301,212.));
#4728 = LINE('',#4729,#4730);
#4729 = CARTESIAN_POINT('',(51.880131645126,71.744260493573,212.));
#4730 = VECTOR('',#4731,1.);
#4731 = DIRECTION('',(0.866025403784,0.5,-0.));
#4732 = ORIENTED_EDGE('',*,*,#4733,.T.);
#4733 = EDGE_CURVE('',#4726,#645,#4734,.T.);
#4734 = LINE('',#4735,#4736);
#4735 = CARTESIAN_POINT('',(83.473720558371,89.984827557301,208.));
#4736 = VECTOR('',#4737,1.);
#4737 = DIRECTION('',(0.,0.,1.));
#4738 = ORIENTED_EDGE('',*,*,#642,.F.);
#4739 = ORIENTED_EDGE('',*,*,#4740,.F.);
#4740 = EDGE_CURVE('',#4724,#643,#4741,.T.);
#4741 = LINE('',#4742,#4743);
#4742 = CARTESIAN_POINT('',(78.723720558371,87.242413778651,208.));
#4743 = VECTOR('',#4744,1.);
#4744 = DIRECTION('',(0.,0.,1.));
#4745 = PLANE('',#4746);
#4746 = AXIS2_PLACEMENT_3D('',#4747,#4748,#4749);
#4747 = CARTESIAN_POINT('',(83.473720558371,89.984827557301,208.));
#4748 = DIRECTION('',(0.5,-0.866025403784,0.));
#4749 = DIRECTION('',(-0.866025403784,-0.5,0.));
#4750 = ADVANCED_FACE('',(#4751),#4769,.T.);
#4751 = FACE_BOUND('',#4752,.T.);
#4752 = EDGE_LOOP('',(#4753,#4761,#4762,#4763));
#4753 = ORIENTED_EDGE('',*,*,#4754,.T.);
#4754 = EDGE_CURVE('',#4755,#4724,#4757,.T.);
#4755 = VERTEX_POINT('',#4756);
#4756 = CARTESIAN_POINT('',(78.723720558371,81.757586221349,212.));
#4757 = LINE('',#4758,#4759);
#4758 = CARTESIAN_POINT('',(78.723720558371,70.621206889325,212.));
#4759 = VECTOR('',#4760,1.);
#4760 = DIRECTION('',(-0.,1.,0.));
#4761 = ORIENTED_EDGE('',*,*,#4740,.T.);
#4762 = ORIENTED_EDGE('',*,*,#684,.F.);
#4763 = ORIENTED_EDGE('',*,*,#4764,.F.);
#4764 = EDGE_CURVE('',#4755,#677,#4765,.T.);
#4765 = LINE('',#4766,#4767);
#4766 = CARTESIAN_POINT('',(78.723720558371,81.757586221349,208.));
#4767 = VECTOR('',#4768,1.);
#4768 = DIRECTION('',(0.,0.,1.));
#4769 = PLANE('',#4770);
#4770 = AXIS2_PLACEMENT_3D('',#4771,#4772,#4773);
#4771 = CARTESIAN_POINT('',(78.723720558371,87.242413778651,208.));
#4772 = DIRECTION('',(1.,0.,-0.));
#4773 = DIRECTION('',(0.,-1.,0.));
#4774 = ADVANCED_FACE('',(#4775),#4793,.T.);
#4775 = FACE_BOUND('',#4776,.T.);
#4776 = EDGE_LOOP('',(#4777,#4785,#4791,#4792));
#4777 = ORIENTED_EDGE('',*,*,#4778,.T.);
#4778 = EDGE_CURVE('',#4726,#4779,#4781,.T.);
#4779 = VERTEX_POINT('',#4780);
#4780 = CARTESIAN_POINT('',(88.223720558371,87.242413778651,212.));
#4781 = LINE('',#4782,#4783);
#4782 = CARTESIAN_POINT('',(69.837019052838,97.857980842379,212.));
#4783 = VECTOR('',#4784,1.);
#4784 = DIRECTION('',(0.866025403784,-0.5,0.));
#4785 = ORIENTED_EDGE('',*,*,#4786,.T.);
#4786 = EDGE_CURVE('',#4779,#653,#4787,.T.);
#4787 = LINE('',#4788,#4789);
#4788 = CARTESIAN_POINT('',(88.223720558371,87.242413778651,208.));
#4789 = VECTOR('',#4790,1.);
#4790 = DIRECTION('',(0.,0.,1.));
#4791 = ORIENTED_EDGE('',*,*,#652,.F.);
#4792 = ORIENTED_EDGE('',*,*,#4733,.F.);
#4793 = PLANE('',#4794);
#4794 = AXIS2_PLACEMENT_3D('',#4795,#4796,#4797);
#4795 = CARTESIAN_POINT('',(88.223720558371,87.242413778651,208.));
#4796 = DIRECTION('',(-0.5,-0.866025403784,0.));
#4797 = DIRECTION('',(-0.866025403784,0.5,0.));
#4798 = ADVANCED_FACE('',(#4799),#4817,.T.);
#4799 = FACE_BOUND('',#4800,.T.);
#4800 = EDGE_LOOP('',(#4801,#4809,#4810,#4811));
#4801 = ORIENTED_EDGE('',*,*,#4802,.T.);
#4802 = EDGE_CURVE('',#4803,#4755,#4805,.T.);
#4803 = VERTEX_POINT('',#4804);
#4804 = CARTESIAN_POINT('',(83.473720558371,79.015172442699,212.));
#4805 = LINE('',#4806,#4807);
#4806 = CARTESIAN_POINT('',(62.712019052838,91.001946395753,212.));
#4807 = VECTOR('',#4808,1.);
#4808 = DIRECTION('',(-0.866025403784,0.5,0.));
#4809 = ORIENTED_EDGE('',*,*,#4764,.T.);
#4810 = ORIENTED_EDGE('',*,*,#676,.F.);
#4811 = ORIENTED_EDGE('',*,*,#4812,.F.);
#4812 = EDGE_CURVE('',#4803,#669,#4813,.T.);
#4813 = LINE('',#4814,#4815);
#4814 = CARTESIAN_POINT('',(83.473720558371,79.015172442699,208.));
#4815 = VECTOR('',#4816,1.);
#4816 = DIRECTION('',(0.,0.,1.));
#4817 = PLANE('',#4818);
#4818 = AXIS2_PLACEMENT_3D('',#4819,#4820,#4821);
#4819 = CARTESIAN_POINT('',(78.723720558371,81.757586221349,208.));
#4820 = DIRECTION('',(0.5,0.866025403784,-0.));
#4821 = DIRECTION('',(0.866025403784,-0.5,0.));
#4822 = ADVANCED_FACE('',(#4823),#4841,.T.);
#4823 = FACE_BOUND('',#4824,.T.);
#4824 = EDGE_LOOP('',(#4825,#4833,#4839,#4840));
#4825 = ORIENTED_EDGE('',*,*,#4826,.T.);
#4826 = EDGE_CURVE('',#4779,#4827,#4829,.T.);
#4827 = VERTEX_POINT('',#4828);
#4828 = CARTESIAN_POINT('',(88.223720558371,81.757586221349,212.));
#4829 = LINE('',#4830,#4831);
#4830 = CARTESIAN_POINT('',(88.223720558371,67.878793110675,212.));
#4831 = VECTOR('',#4832,1.);
#4832 = DIRECTION('',(0.,-1.,0.));
#4833 = ORIENTED_EDGE('',*,*,#4834,.T.);
#4834 = EDGE_CURVE('',#4827,#661,#4835,.T.);
#4835 = LINE('',#4836,#4837);
#4836 = CARTESIAN_POINT('',(88.223720558371,81.757586221349,208.));
#4837 = VECTOR('',#4838,1.);
#4838 = DIRECTION('',(0.,0.,1.));
#4839 = ORIENTED_EDGE('',*,*,#660,.F.);
#4840 = ORIENTED_EDGE('',*,*,#4786,.F.);
#4841 = PLANE('',#4842);
#4842 = AXIS2_PLACEMENT_3D('',#4843,#4844,#4845);
#4843 = CARTESIAN_POINT('',(88.223720558371,81.757586221349,208.));
#4844 = DIRECTION('',(-1.,0.,0.));
#4845 = DIRECTION('',(0.,1.,0.));
#4846 = ADVANCED_FACE('',(#4847),#4858,.T.);
#4847 = FACE_BOUND('',#4848,.T.);
#4848 = EDGE_LOOP('',(#4849,#4855,#4856,#4857));
#4849 = ORIENTED_EDGE('',*,*,#4850,.T.);
#4850 = EDGE_CURVE('',#4827,#4803,#4851,.T.);
#4851 = LINE('',#4852,#4853);
#4852 = CARTESIAN_POINT('',(54.255131645126,62.145812268295,212.));
#4853 = VECTOR('',#4854,1.);
#4854 = DIRECTION('',(-0.866025403784,-0.5,0.));
#4855 = ORIENTED_EDGE('',*,*,#4812,.T.);
#4856 = ORIENTED_EDGE('',*,*,#668,.F.);
#4857 = ORIENTED_EDGE('',*,*,#4834,.F.);
#4858 = PLANE('',#4859);
#4859 = AXIS2_PLACEMENT_3D('',#4860,#4861,#4862);
#4860 = CARTESIAN_POINT('',(83.473720558371,79.015172442699,208.));
#4861 = DIRECTION('',(-0.5,0.866025403784,0.));
#4862 = DIRECTION('',(0.866025403784,0.5,0.));
#4863 = ADVANCED_FACE('',(#4864),#4889,.T.);
#4864 = FACE_BOUND('',#4865,.T.);
#4865 = EDGE_LOOP('',(#4866,#4876,#4882,#4883));
#4866 = ORIENTED_EDGE('',*,*,#4867,.T.);
#4867 = EDGE_CURVE('',#4868,#4870,#4872,.T.);
#4868 = VERTEX_POINT('',#4869);
#4869 = CARTESIAN_POINT('',(64.434301395928,95.492413778651,212.));
#4870 = VERTEX_POINT('',#4871);
#4871 = CARTESIAN_POINT('',(69.184301395928,98.234827557301,212.));
#4872 = LINE('',#4873,#4874);
#4873 = CARTESIAN_POINT('',(41.163067273293,82.056760493573,212.));
#4874 = VECTOR('',#4875,1.);
#4875 = DIRECTION('',(0.866025403784,0.5,-0.));
#4876 = ORIENTED_EDGE('',*,*,#4877,.T.);
#4877 = EDGE_CURVE('',#4870,#695,#4878,.T.);
#4878 = LINE('',#4879,#4880);
#4879 = CARTESIAN_POINT('',(69.184301395928,98.234827557301,208.));
#4880 = VECTOR('',#4881,1.);
#4881 = DIRECTION('',(0.,0.,1.));
#4882 = ORIENTED_EDGE('',*,*,#692,.F.);
#4883 = ORIENTED_EDGE('',*,*,#4884,.F.);
#4884 = EDGE_CURVE('',#4868,#693,#4885,.T.);
#4885 = LINE('',#4886,#4887);
#4886 = CARTESIAN_POINT('',(64.434301395928,95.492413778651,208.));
#4887 = VECTOR('',#4888,1.);
#4888 = DIRECTION('',(0.,0.,1.));
#4889 = PLANE('',#4890);
#4890 = AXIS2_PLACEMENT_3D('',#4891,#4892,#4893);
#4891 = CARTESIAN_POINT('',(69.184301395928,98.234827557301,208.));
#4892 = DIRECTION('',(0.5,-0.866025403784,0.));
#4893 = DIRECTION('',(-0.866025403784,-0.5,0.));
#4894 = ADVANCED_FACE('',(#4895),#4913,.T.);
#4895 = FACE_BOUND('',#4896,.T.);
#4896 = EDGE_LOOP('',(#4897,#4905,#4906,#4907));
#4897 = ORIENTED_EDGE('',*,*,#4898,.T.);
#4898 = EDGE_CURVE('',#4899,#4868,#4901,.T.);
#4899 = VERTEX_POINT('',#4900);
#4900 = CARTESIAN_POINT('',(64.434301395928,90.007586221349,212.));
#4901 = LINE('',#4902,#4903);
#4902 = CARTESIAN_POINT('',(64.434301395928,74.746206889325,212.));
#4903 = VECTOR('',#4904,1.);
#4904 = DIRECTION('',(-0.,1.,0.));
#4905 = ORIENTED_EDGE('',*,*,#4884,.T.);
#4906 = ORIENTED_EDGE('',*,*,#734,.F.);
#4907 = ORIENTED_EDGE('',*,*,#4908,.F.);
#4908 = EDGE_CURVE('',#4899,#727,#4909,.T.);
#4909 = LINE('',#4910,#4911);
#4910 = CARTESIAN_POINT('',(64.434301395928,90.007586221349,208.));
#4911 = VECTOR('',#4912,1.);
#4912 = DIRECTION('',(0.,0.,1.));
#4913 = PLANE('',#4914);
#4914 = AXIS2_PLACEMENT_3D('',#4915,#4916,#4917);
#4915 = CARTESIAN_POINT('',(64.434301395928,95.492413778651,208.));
#4916 = DIRECTION('',(1.,0.,-0.));
#4917 = DIRECTION('',(0.,-1.,0.));
#4918 = ADVANCED_FACE('',(#4919),#4937,.T.);
#4919 = FACE_BOUND('',#4920,.T.);
#4920 = EDGE_LOOP('',(#4921,#4929,#4935,#4936));
#4921 = ORIENTED_EDGE('',*,*,#4922,.T.);
#4922 = EDGE_CURVE('',#4870,#4923,#4925,.T.);
#4923 = VERTEX_POINT('',#4924);
#4924 = CARTESIAN_POINT('',(73.934301395928,95.492413778651,212.));
#4925 = LINE('',#4926,#4927);
#4926 = CARTESIAN_POINT('',(62.692309471617,101.98298084237,212.));
#4927 = VECTOR('',#4928,1.);
#4928 = DIRECTION('',(0.866025403784,-0.5,0.));
#4929 = ORIENTED_EDGE('',*,*,#4930,.T.);
#4930 = EDGE_CURVE('',#4923,#703,#4931,.T.);
#4931 = LINE('',#4932,#4933);
#4932 = CARTESIAN_POINT('',(73.934301395928,95.492413778651,208.));
#4933 = VECTOR('',#4934,1.);
#4934 = DIRECTION('',(0.,0.,1.));
#4935 = ORIENTED_EDGE('',*,*,#702,.F.);
#4936 = ORIENTED_EDGE('',*,*,#4877,.F.);
#4937 = PLANE('',#4938);
#4938 = AXIS2_PLACEMENT_3D('',#4939,#4940,#4941);
#4939 = CARTESIAN_POINT('',(73.934301395928,95.492413778651,208.));
#4940 = DIRECTION('',(-0.5,-0.866025403784,0.));
#4941 = DIRECTION('',(-0.866025403784,0.5,0.));
#4942 = ADVANCED_FACE('',(#4943),#4961,.T.);
#4943 = FACE_BOUND('',#4944,.T.);
#4944 = EDGE_LOOP('',(#4945,#4953,#4954,#4955));
#4945 = ORIENTED_EDGE('',*,*,#4946,.T.);
#4946 = EDGE_CURVE('',#4947,#4899,#4949,.T.);
#4947 = VERTEX_POINT('',#4948);
#4948 = CARTESIAN_POINT('',(69.184301395928,87.265172442699,212.));
#4949 = LINE('',#4950,#4951);
#4950 = CARTESIAN_POINT('',(55.567309471617,95.126946395753,212.));
#4951 = VECTOR('',#4952,1.);
#4952 = DIRECTION('',(-0.866025403784,0.5,0.));
#4953 = ORIENTED_EDGE('',*,*,#4908,.T.);
#4954 = ORIENTED_EDGE('',*,*,#726,.F.);
#4955 = ORIENTED_EDGE('',*,*,#4956,.F.);
#4956 = EDGE_CURVE('',#4947,#719,#4957,.T.);
#4957 = LINE('',#4958,#4959);
#4958 = CARTESIAN_POINT('',(69.184301395928,87.265172442699,208.));
#4959 = VECTOR('',#4960,1.);
#4960 = DIRECTION('',(0.,0.,1.));
#4961 = PLANE('',#4962);
#4962 = AXIS2_PLACEMENT_3D('',#4963,#4964,#4965);
#4963 = CARTESIAN_POINT('',(64.434301395928,90.007586221349,208.));
#4964 = DIRECTION('',(0.5,0.866025403784,-0.));
#4965 = DIRECTION('',(0.866025403784,-0.5,0.));
#4966 = ADVANCED_FACE('',(#4967),#4985,.T.);
#4967 = FACE_BOUND('',#4968,.T.);
#4968 = EDGE_LOOP('',(#4969,#4977,#4983,#4984));
#4969 = ORIENTED_EDGE('',*,*,#4970,.T.);
#4970 = EDGE_CURVE('',#4923,#4971,#4973,.T.);
#4971 = VERTEX_POINT('',#4972);
#4972 = CARTESIAN_POINT('',(73.934301395928,90.007586221349,212.));
#4973 = LINE('',#4974,#4975);
#4974 = CARTESIAN_POINT('',(73.934301395928,72.003793110675,212.));
#4975 = VECTOR('',#4976,1.);
#4976 = DIRECTION('',(0.,-1.,0.));
#4977 = ORIENTED_EDGE('',*,*,#4978,.T.);
#4978 = EDGE_CURVE('',#4971,#711,#4979,.T.);
#4979 = LINE('',#4980,#4981);
#4980 = CARTESIAN_POINT('',(73.934301395928,90.007586221349,208.));
#4981 = VECTOR('',#4982,1.);
#4982 = DIRECTION('',(0.,0.,1.));
#4983 = ORIENTED_EDGE('',*,*,#710,.F.);
#4984 = ORIENTED_EDGE('',*,*,#4930,.F.);
#4985 = PLANE('',#4986);
#4986 = AXIS2_PLACEMENT_3D('',#4987,#4988,#4989);
#4987 = CARTESIAN_POINT('',(73.934301395928,90.007586221349,208.));
#4988 = DIRECTION('',(-1.,0.,0.));
#4989 = DIRECTION('',(0.,1.,0.));
#4990 = ADVANCED_FACE('',(#4991),#5002,.T.);
#4991 = FACE_BOUND('',#4992,.T.);
#4992 = EDGE_LOOP('',(#4993,#4999,#5000,#5001));
#4993 = ORIENTED_EDGE('',*,*,#4994,.T.);
#4994 = EDGE_CURVE('',#4971,#4947,#4995,.T.);
#4995 = LINE('',#4996,#4997);
#4996 = CARTESIAN_POINT('',(43.538067273293,72.458312268295,212.));
#4997 = VECTOR('',#4998,1.);
#4998 = DIRECTION('',(-0.866025403784,-0.5,0.));
#4999 = ORIENTED_EDGE('',*,*,#4956,.T.);
#5000 = ORIENTED_EDGE('',*,*,#718,.F.);
#5001 = ORIENTED_EDGE('',*,*,#4978,.F.);
#5002 = PLANE('',#5003);
#5003 = AXIS2_PLACEMENT_3D('',#5004,#5005,#5006);
#5004 = CARTESIAN_POINT('',(69.184301395928,87.265172442699,208.));
#5005 = DIRECTION('',(-0.5,0.866025403784,0.));
#5006 = DIRECTION('',(0.866025403784,0.5,0.));
#5007 = ADVANCED_FACE('',(#5008),#5033,.T.);
#5008 = FACE_BOUND('',#5009,.T.);
#5009 = EDGE_LOOP('',(#5010,#5020,#5026,#5027));
#5010 = ORIENTED_EDGE('',*,*,#5011,.T.);
#5011 = EDGE_CURVE('',#5012,#5014,#5016,.T.);
#5012 = VERTEX_POINT('',#5013);
#5013 = CARTESIAN_POINT('',(73.960580837557,95.492413778651,212.));
#5014 = VERTEX_POINT('',#5015);
#5015 = CARTESIAN_POINT('',(78.710580837557,98.234827557301,212.));
#5016 = LINE('',#5017,#5018);
#5017 = CARTESIAN_POINT('',(47.116991924311,79.994260493573,212.));
#5018 = VECTOR('',#5019,1.);
#5019 = DIRECTION('',(0.866025403784,0.5,-0.));
#5020 = ORIENTED_EDGE('',*,*,#5021,.T.);
#5021 = EDGE_CURVE('',#5014,#745,#5022,.T.);
#5022 = LINE('',#5023,#5024);
#5023 = CARTESIAN_POINT('',(78.710580837557,98.234827557301,208.));
#5024 = VECTOR('',#5025,1.);
#5025 = DIRECTION('',(0.,0.,1.));
#5026 = ORIENTED_EDGE('',*,*,#742,.F.);
#5027 = ORIENTED_EDGE('',*,*,#5028,.F.);
#5028 = EDGE_CURVE('',#5012,#743,#5029,.T.);
#5029 = LINE('',#5030,#5031);
#5030 = CARTESIAN_POINT('',(73.960580837557,95.492413778651,208.));
#5031 = VECTOR('',#5032,1.);
#5032 = DIRECTION('',(0.,0.,1.));
#5033 = PLANE('',#5034);
#5034 = AXIS2_PLACEMENT_3D('',#5035,#5036,#5037);
#5035 = CARTESIAN_POINT('',(78.710580837557,98.234827557301,208.));
#5036 = DIRECTION('',(0.5,-0.866025403784,0.));
#5037 = DIRECTION('',(-0.866025403784,-0.5,0.));
#5038 = ADVANCED_FACE('',(#5039),#5057,.T.);
#5039 = FACE_BOUND('',#5040,.T.);
#5040 = EDGE_LOOP('',(#5041,#5049,#5050,#5051));
#5041 = ORIENTED_EDGE('',*,*,#5042,.T.);
#5042 = EDGE_CURVE('',#5043,#5012,#5045,.T.);
#5043 = VERTEX_POINT('',#5044);
#5044 = CARTESIAN_POINT('',(73.960580837557,90.007586221349,212.));
#5045 = LINE('',#5046,#5047);
#5046 = CARTESIAN_POINT('',(73.960580837557,74.746206889325,212.));
#5047 = VECTOR('',#5048,1.);
#5048 = DIRECTION('',(-0.,1.,0.));
#5049 = ORIENTED_EDGE('',*,*,#5028,.T.);
#5050 = ORIENTED_EDGE('',*,*,#784,.F.);
#5051 = ORIENTED_EDGE('',*,*,#5052,.F.);
#5052 = EDGE_CURVE('',#5043,#777,#5053,.T.);
#5053 = LINE('',#5054,#5055);
#5054 = CARTESIAN_POINT('',(73.960580837557,90.007586221349,208.));
#5055 = VECTOR('',#5056,1.);
#5056 = DIRECTION('',(0.,0.,1.));
#5057 = PLANE('',#5058);
#5058 = AXIS2_PLACEMENT_3D('',#5059,#5060,#5061);
#5059 = CARTESIAN_POINT('',(73.960580837557,95.492413778651,208.));
#5060 = DIRECTION('',(1.,0.,-0.));
#5061 = DIRECTION('',(0.,-1.,0.));
#5062 = ADVANCED_FACE('',(#5063),#5081,.T.);
#5063 = FACE_BOUND('',#5064,.T.);
#5064 = EDGE_LOOP('',(#5065,#5073,#5079,#5080));
#5065 = ORIENTED_EDGE('',*,*,#5066,.T.);
#5066 = EDGE_CURVE('',#5014,#5067,#5069,.T.);
#5067 = VERTEX_POINT('',#5068);
#5068 = CARTESIAN_POINT('',(83.460580837557,95.492413778651,212.));
#5069 = LINE('',#5070,#5071);
#5070 = CARTESIAN_POINT('',(68.646234122635,104.04548084237,212.));
#5071 = VECTOR('',#5072,1.);
#5072 = DIRECTION('',(0.866025403784,-0.5,0.));
#5073 = ORIENTED_EDGE('',*,*,#5074,.T.);
#5074 = EDGE_CURVE('',#5067,#753,#5075,.T.);
#5075 = LINE('',#5076,#5077);
#5076 = CARTESIAN_POINT('',(83.460580837557,95.492413778651,208.));
#5077 = VECTOR('',#5078,1.);
#5078 = DIRECTION('',(0.,0.,1.));
#5079 = ORIENTED_EDGE('',*,*,#752,.F.);
#5080 = ORIENTED_EDGE('',*,*,#5021,.F.);
#5081 = PLANE('',#5082);
#5082 = AXIS2_PLACEMENT_3D('',#5083,#5084,#5085);
#5083 = CARTESIAN_POINT('',(83.460580837557,95.492413778651,208.));
#5084 = DIRECTION('',(-0.5,-0.866025403784,0.));
#5085 = DIRECTION('',(-0.866025403784,0.5,0.));
#5086 = ADVANCED_FACE('',(#5087),#5105,.T.);
#5087 = FACE_BOUND('',#5088,.T.);
#5088 = EDGE_LOOP('',(#5089,#5097,#5098,#5099));
#5089 = ORIENTED_EDGE('',*,*,#5090,.T.);
#5090 = EDGE_CURVE('',#5091,#5043,#5093,.T.);
#5091 = VERTEX_POINT('',#5092);
#5092 = CARTESIAN_POINT('',(78.710580837557,87.265172442699,212.));
#5093 = LINE('',#5094,#5095);
#5094 = CARTESIAN_POINT('',(61.521234122635,97.189446395753,212.));
#5095 = VECTOR('',#5096,1.);
#5096 = DIRECTION('',(-0.866025403784,0.5,0.));
#5097 = ORIENTED_EDGE('',*,*,#5052,.T.);
#5098 = ORIENTED_EDGE('',*,*,#776,.F.);
#5099 = ORIENTED_EDGE('',*,*,#5100,.F.);
#5100 = EDGE_CURVE('',#5091,#769,#5101,.T.);
#5101 = LINE('',#5102,#5103);
#5102 = CARTESIAN_POINT('',(78.710580837557,87.265172442699,208.));
#5103 = VECTOR('',#5104,1.);
#5104 = DIRECTION('',(0.,0.,1.));
#5105 = PLANE('',#5106);
#5106 = AXIS2_PLACEMENT_3D('',#5107,#5108,#5109);
#5107 = CARTESIAN_POINT('',(73.960580837557,90.007586221349,208.));
#5108 = DIRECTION('',(0.5,0.866025403784,-0.));
#5109 = DIRECTION('',(0.866025403784,-0.5,0.));
#5110 = ADVANCED_FACE('',(#5111),#5129,.T.);
#5111 = FACE_BOUND('',#5112,.T.);
#5112 = EDGE_LOOP('',(#5113,#5121,#5127,#5128));
#5113 = ORIENTED_EDGE('',*,*,#5114,.T.);
#5114 = EDGE_CURVE('',#5067,#5115,#5117,.T.);
#5115 = VERTEX_POINT('',#5116);
#5116 = CARTESIAN_POINT('',(83.460580837557,90.007586221349,212.));
#5117 = LINE('',#5118,#5119);
#5118 = CARTESIAN_POINT('',(83.460580837557,72.003793110675,212.));
#5119 = VECTOR('',#5120,1.);
#5120 = DIRECTION('',(0.,-1.,0.));
#5121 = ORIENTED_EDGE('',*,*,#5122,.T.);
#5122 = EDGE_CURVE('',#5115,#761,#5123,.T.);
#5123 = LINE('',#5124,#5125);
#5124 = CARTESIAN_POINT('',(83.460580837557,90.007586221349,208.));
#5125 = VECTOR('',#5126,1.);
#5126 = DIRECTION('',(0.,0.,1.));
#5127 = ORIENTED_EDGE('',*,*,#760,.F.);
#5128 = ORIENTED_EDGE('',*,*,#5074,.F.);
#5129 = PLANE('',#5130);
#5130 = AXIS2_PLACEMENT_3D('',#5131,#5132,#5133);
#5131 = CARTESIAN_POINT('',(83.460580837557,90.007586221349,208.));
#5132 = DIRECTION('',(-1.,0.,0.));
#5133 = DIRECTION('',(0.,1.,0.));
#5134 = ADVANCED_FACE('',(#5135),#5146,.T.);
#5135 = FACE_BOUND('',#5136,.T.);
#5136 = EDGE_LOOP('',(#5137,#5143,#5144,#5145));
#5137 = ORIENTED_EDGE('',*,*,#5138,.T.);
#5138 = EDGE_CURVE('',#5115,#5091,#5139,.T.);
#5139 = LINE('',#5140,#5141);
#5140 = CARTESIAN_POINT('',(49.491991924311,70.395812268295,212.));
#5141 = VECTOR('',#5142,1.);
#5142 = DIRECTION('',(-0.866025403784,-0.5,0.));
#5143 = ORIENTED_EDGE('',*,*,#5100,.T.);
#5144 = ORIENTED_EDGE('',*,*,#768,.F.);
#5145 = ORIENTED_EDGE('',*,*,#5122,.F.);
#5146 = PLANE('',#5147);
#5147 = AXIS2_PLACEMENT_3D('',#5148,#5149,#5150);
#5148 = CARTESIAN_POINT('',(78.710580837557,87.265172442699,208.));
#5149 = DIRECTION('',(-0.5,0.866025403784,0.));
#5150 = DIRECTION('',(0.866025403784,0.5,0.));
#5151 = ADVANCED_FACE('',(#5152),#5177,.T.);
#5152 = FACE_BOUND('',#5153,.T.);
#5153 = EDGE_LOOP('',(#5154,#5164,#5170,#5171));
#5154 = ORIENTED_EDGE('',*,*,#5155,.T.);
#5155 = EDGE_CURVE('',#5156,#5158,#5160,.T.);
#5156 = VERTEX_POINT('',#5157);
#5157 = CARTESIAN_POINT('',(59.671161675114,103.74241377865,212.));
#5158 = VERTEX_POINT('',#5159);
#5159 = CARTESIAN_POINT('',(64.421161675114,106.4848275573,212.));
#5160 = LINE('',#5161,#5162);
#5161 = CARTESIAN_POINT('',(36.399927552479,90.306760493573,212.));
#5162 = VECTOR('',#5163,1.);
#5163 = DIRECTION('',(0.866025403784,0.5,-0.));
#5164 = ORIENTED_EDGE('',*,*,#5165,.T.);
#5165 = EDGE_CURVE('',#5158,#795,#5166,.T.);
#5166 = LINE('',#5167,#5168);
#5167 = CARTESIAN_POINT('',(64.421161675114,106.4848275573,208.));
#5168 = VECTOR('',#5169,1.);
#5169 = DIRECTION('',(0.,0.,1.));
#5170 = ORIENTED_EDGE('',*,*,#792,.F.);
#5171 = ORIENTED_EDGE('',*,*,#5172,.F.);
#5172 = EDGE_CURVE('',#5156,#793,#5173,.T.);
#5173 = LINE('',#5174,#5175);
#5174 = CARTESIAN_POINT('',(59.671161675114,103.74241377865,208.));
#5175 = VECTOR('',#5176,1.);
#5176 = DIRECTION('',(0.,0.,1.));
#5177 = PLANE('',#5178);
#5178 = AXIS2_PLACEMENT_3D('',#5179,#5180,#5181);
#5179 = CARTESIAN_POINT('',(64.421161675114,106.4848275573,208.));
#5180 = DIRECTION('',(0.5,-0.866025403784,0.));
#5181 = DIRECTION('',(-0.866025403784,-0.5,0.));
#5182 = ADVANCED_FACE('',(#5183),#5201,.T.);
#5183 = FACE_BOUND('',#5184,.T.);
#5184 = EDGE_LOOP('',(#5185,#5193,#5194,#5195));
#5185 = ORIENTED_EDGE('',*,*,#5186,.T.);
#5186 = EDGE_CURVE('',#5187,#5156,#5189,.T.);
#5187 = VERTEX_POINT('',#5188);
#5188 = CARTESIAN_POINT('',(59.671161675114,98.257586221349,212.));
#5189 = LINE('',#5190,#5191);
#5190 = CARTESIAN_POINT('',(59.671161675114,78.871206889325,212.));
#5191 = VECTOR('',#5192,1.);
#5192 = DIRECTION('',(-0.,1.,0.));
#5193 = ORIENTED_EDGE('',*,*,#5172,.T.);
#5194 = ORIENTED_EDGE('',*,*,#834,.F.);
#5195 = ORIENTED_EDGE('',*,*,#5196,.F.);
#5196 = EDGE_CURVE('',#5187,#827,#5197,.T.);
#5197 = LINE('',#5198,#5199);
#5198 = CARTESIAN_POINT('',(59.671161675114,98.257586221349,208.));
#5199 = VECTOR('',#5200,1.);
#5200 = DIRECTION('',(0.,0.,1.));
#5201 = PLANE('',#5202);
#5202 = AXIS2_PLACEMENT_3D('',#5203,#5204,#5205);
#5203 = CARTESIAN_POINT('',(59.671161675114,103.74241377865,208.));
#5204 = DIRECTION('',(1.,0.,-0.));
#5205 = DIRECTION('',(0.,-1.,0.));
#5206 = ADVANCED_FACE('',(#5207),#5225,.T.);
#5207 = FACE_BOUND('',#5208,.T.);
#5208 = EDGE_LOOP('',(#5209,#5217,#5223,#5224));
#5209 = ORIENTED_EDGE('',*,*,#5210,.T.);
#5210 = EDGE_CURVE('',#5158,#5211,#5213,.T.);
#5211 = VERTEX_POINT('',#5212);
#5212 = CARTESIAN_POINT('',(69.171161675114,103.74241377865,212.));
#5213 = LINE('',#5214,#5215);
#5214 = CARTESIAN_POINT('',(61.501524541413,108.17048084237,212.));
#5215 = VECTOR('',#5216,1.);
#5216 = DIRECTION('',(0.866025403784,-0.5,0.));
#5217 = ORIENTED_EDGE('',*,*,#5218,.T.);
#5218 = EDGE_CURVE('',#5211,#803,#5219,.T.);
#5219 = LINE('',#5220,#5221);
#5220 = CARTESIAN_POINT('',(69.171161675114,103.74241377865,208.));
#5221 = VECTOR('',#5222,1.);
#5222 = DIRECTION('',(0.,0.,1.));
#5223 = ORIENTED_EDGE('',*,*,#802,.F.);
#5224 = ORIENTED_EDGE('',*,*,#5165,.F.);
#5225 = PLANE('',#5226);
#5226 = AXIS2_PLACEMENT_3D('',#5227,#5228,#5229);
#5227 = CARTESIAN_POINT('',(69.171161675114,103.74241377865,208.));
#5228 = DIRECTION('',(-0.5,-0.866025403784,0.));
#5229 = DIRECTION('',(-0.866025403784,0.5,0.));
#5230 = ADVANCED_FACE('',(#5231),#5249,.T.);
#5231 = FACE_BOUND('',#5232,.T.);
#5232 = EDGE_LOOP('',(#5233,#5241,#5242,#5243));
#5233 = ORIENTED_EDGE('',*,*,#5234,.T.);
#5234 = EDGE_CURVE('',#5235,#5187,#5237,.T.);
#5235 = VERTEX_POINT('',#5236);
#5236 = CARTESIAN_POINT('',(64.421161675114,95.515172442699,212.));
#5237 = LINE('',#5238,#5239);
#5238 = CARTESIAN_POINT('',(54.376524541413,101.31444639575,212.));
#5239 = VECTOR('',#5240,1.);
#5240 = DIRECTION('',(-0.866025403784,0.5,0.));
#5241 = ORIENTED_EDGE('',*,*,#5196,.T.);
#5242 = ORIENTED_EDGE('',*,*,#826,.F.);
#5243 = ORIENTED_EDGE('',*,*,#5244,.F.);
#5244 = EDGE_CURVE('',#5235,#819,#5245,.T.);
#5245 = LINE('',#5246,#5247);
#5246 = CARTESIAN_POINT('',(64.421161675114,95.515172442699,208.));
#5247 = VECTOR('',#5248,1.);
#5248 = DIRECTION('',(0.,0.,1.));
#5249 = PLANE('',#5250);
#5250 = AXIS2_PLACEMENT_3D('',#5251,#5252,#5253);
#5251 = CARTESIAN_POINT('',(59.671161675114,98.257586221349,208.));
#5252 = DIRECTION('',(0.5,0.866025403784,-0.));
#5253 = DIRECTION('',(0.866025403784,-0.5,0.));
#5254 = ADVANCED_FACE('',(#5255),#5273,.T.);
#5255 = FACE_BOUND('',#5256,.T.);
#5256 = EDGE_LOOP('',(#5257,#5265,#5271,#5272));
#5257 = ORIENTED_EDGE('',*,*,#5258,.T.);
#5258 = EDGE_CURVE('',#5211,#5259,#5261,.T.);
#5259 = VERTEX_POINT('',#5260);
#5260 = CARTESIAN_POINT('',(69.171161675114,98.257586221349,212.));
#5261 = LINE('',#5262,#5263);
#5262 = CARTESIAN_POINT('',(69.171161675114,76.128793110675,212.));
#5263 = VECTOR('',#5264,1.);
#5264 = DIRECTION('',(0.,-1.,0.));
#5265 = ORIENTED_EDGE('',*,*,#5266,.T.);
#5266 = EDGE_CURVE('',#5259,#811,#5267,.T.);
#5267 = LINE('',#5268,#5269);
#5268 = CARTESIAN_POINT('',(69.171161675114,98.257586221349,208.));
#5269 = VECTOR('',#5270,1.);
#5270 = DIRECTION('',(0.,0.,1.));
#5271 = ORIENTED_EDGE('',*,*,#810,.F.);
#5272 = ORIENTED_EDGE('',*,*,#5218,.F.);
#5273 = PLANE('',#5274);
#5274 = AXIS2_PLACEMENT_3D('',#5275,#5276,#5277);
#5275 = CARTESIAN_POINT('',(69.171161675114,98.257586221349,208.));
#5276 = DIRECTION('',(-1.,0.,0.));
#5277 = DIRECTION('',(0.,1.,0.));
#5278 = ADVANCED_FACE('',(#5279),#5290,.T.);
#5279 = FACE_BOUND('',#5280,.T.);
#5280 = EDGE_LOOP('',(#5281,#5287,#5288,#5289));
#5281 = ORIENTED_EDGE('',*,*,#5282,.T.);
#5282 = EDGE_CURVE('',#5259,#5235,#5283,.T.);
#5283 = LINE('',#5284,#5285);
#5284 = CARTESIAN_POINT('',(38.774927552479,80.708312268295,212.));
#5285 = VECTOR('',#5286,1.);
#5286 = DIRECTION('',(-0.866025403784,-0.5,0.));
#5287 = ORIENTED_EDGE('',*,*,#5244,.T.);
#5288 = ORIENTED_EDGE('',*,*,#818,.F.);
#5289 = ORIENTED_EDGE('',*,*,#5266,.F.);
#5290 = PLANE('',#5291);
#5291 = AXIS2_PLACEMENT_3D('',#5292,#5293,#5294);
#5292 = CARTESIAN_POINT('',(64.421161675114,95.515172442699,208.));
#5293 = DIRECTION('',(-0.5,0.866025403784,0.));
#5294 = DIRECTION('',(0.866025403784,0.5,0.));
#5295 = ADVANCED_FACE('',(#5296),#5321,.T.);
#5296 = FACE_BOUND('',#5297,.T.);
#5297 = EDGE_LOOP('',(#5298,#5308,#5314,#5315));
#5298 = ORIENTED_EDGE('',*,*,#5299,.T.);
#5299 = EDGE_CURVE('',#5300,#5302,#5304,.T.);
#5300 = VERTEX_POINT('',#5301);
#5301 = CARTESIAN_POINT('',(54.908021954299,111.99241377865,212.));
#5302 = VERTEX_POINT('',#5303);
#5303 = CARTESIAN_POINT('',(59.658021954299,114.7348275573,212.));
#5304 = LINE('',#5305,#5306);
#5305 = CARTESIAN_POINT('',(31.636787831664,98.556760493573,212.));
#5306 = VECTOR('',#5307,1.);
#5307 = DIRECTION('',(0.866025403784,0.5,-0.));
#5308 = ORIENTED_EDGE('',*,*,#5309,.T.);
#5309 = EDGE_CURVE('',#5302,#845,#5310,.T.);
#5310 = LINE('',#5311,#5312);
#5311 = CARTESIAN_POINT('',(59.658021954299,114.7348275573,208.));
#5312 = VECTOR('',#5313,1.);
#5313 = DIRECTION('',(0.,0.,1.));
#5314 = ORIENTED_EDGE('',*,*,#842,.F.);
#5315 = ORIENTED_EDGE('',*,*,#5316,.F.);
#5316 = EDGE_CURVE('',#5300,#843,#5317,.T.);
#5317 = LINE('',#5318,#5319);
#5318 = CARTESIAN_POINT('',(54.908021954299,111.99241377865,208.));
#5319 = VECTOR('',#5320,1.);
#5320 = DIRECTION('',(0.,0.,1.));
#5321 = PLANE('',#5322);
#5322 = AXIS2_PLACEMENT_3D('',#5323,#5324,#5325);
#5323 = CARTESIAN_POINT('',(59.658021954299,114.7348275573,208.));
#5324 = DIRECTION('',(0.5,-0.866025403784,0.));
#5325 = DIRECTION('',(-0.866025403784,-0.5,0.));
#5326 = ADVANCED_FACE('',(#5327),#5345,.T.);
#5327 = FACE_BOUND('',#5328,.T.);
#5328 = EDGE_LOOP('',(#5329,#5337,#5338,#5339));
#5329 = ORIENTED_EDGE('',*,*,#5330,.T.);
#5330 = EDGE_CURVE('',#5331,#5300,#5333,.T.);
#5331 = VERTEX_POINT('',#5332);
#5332 = CARTESIAN_POINT('',(54.908021954299,106.50758622134,212.));
#5333 = LINE('',#5334,#5335);
#5334 = CARTESIAN_POINT('',(54.908021954299,82.996206889325,212.));
#5335 = VECTOR('',#5336,1.);
#5336 = DIRECTION('',(-0.,1.,0.));
#5337 = ORIENTED_EDGE('',*,*,#5316,.T.);
#5338 = ORIENTED_EDGE('',*,*,#884,.F.);
#5339 = ORIENTED_EDGE('',*,*,#5340,.F.);
#5340 = EDGE_CURVE('',#5331,#877,#5341,.T.);
#5341 = LINE('',#5342,#5343);
#5342 = CARTESIAN_POINT('',(54.908021954299,106.50758622134,208.));
#5343 = VECTOR('',#5344,1.);
#5344 = DIRECTION('',(0.,0.,1.));
#5345 = PLANE('',#5346);
#5346 = AXIS2_PLACEMENT_3D('',#5347,#5348,#5349);
#5347 = CARTESIAN_POINT('',(54.908021954299,111.99241377865,208.));
#5348 = DIRECTION('',(1.,0.,-0.));
#5349 = DIRECTION('',(0.,-1.,0.));
#5350 = ADVANCED_FACE('',(#5351),#5369,.T.);
#5351 = FACE_BOUND('',#5352,.T.);
#5352 = EDGE_LOOP('',(#5353,#5361,#5367,#5368));
#5353 = ORIENTED_EDGE('',*,*,#5354,.T.);
#5354 = EDGE_CURVE('',#5302,#5355,#5357,.T.);
#5355 = VERTEX_POINT('',#5356);
#5356 = CARTESIAN_POINT('',(64.408021954299,111.99241377865,212.));
#5357 = LINE('',#5358,#5359);
#5358 = CARTESIAN_POINT('',(60.310739611209,114.35798084237,212.));
#5359 = VECTOR('',#5360,1.);
#5360 = DIRECTION('',(0.866025403784,-0.5,0.));
#5361 = ORIENTED_EDGE('',*,*,#5362,.T.);
#5362 = EDGE_CURVE('',#5355,#853,#5363,.T.);
#5363 = LINE('',#5364,#5365);
#5364 = CARTESIAN_POINT('',(64.408021954299,111.99241377865,208.));
#5365 = VECTOR('',#5366,1.);
#5366 = DIRECTION('',(0.,0.,1.));
#5367 = ORIENTED_EDGE('',*,*,#852,.F.);
#5368 = ORIENTED_EDGE('',*,*,#5309,.F.);
#5369 = PLANE('',#5370);
#5370 = AXIS2_PLACEMENT_3D('',#5371,#5372,#5373);
#5371 = CARTESIAN_POINT('',(64.408021954299,111.99241377865,208.));
#5372 = DIRECTION('',(-0.5,-0.866025403784,0.));
#5373 = DIRECTION('',(-0.866025403784,0.5,0.));
#5374 = ADVANCED_FACE('',(#5375),#5393,.T.);
#5375 = FACE_BOUND('',#5376,.T.);
#5376 = EDGE_LOOP('',(#5377,#5385,#5386,#5387));
#5377 = ORIENTED_EDGE('',*,*,#5378,.T.);
#5378 = EDGE_CURVE('',#5379,#5331,#5381,.T.);
#5379 = VERTEX_POINT('',#5380);
#5380 = CARTESIAN_POINT('',(59.658021954299,103.76517244269,212.));
#5381 = LINE('',#5382,#5383);
#5382 = CARTESIAN_POINT('',(53.185739611209,107.50194639575,212.));
#5383 = VECTOR('',#5384,1.);
#5384 = DIRECTION('',(-0.866025403784,0.5,0.));
#5385 = ORIENTED_EDGE('',*,*,#5340,.T.);
#5386 = ORIENTED_EDGE('',*,*,#876,.F.);
#5387 = ORIENTED_EDGE('',*,*,#5388,.F.);
#5388 = EDGE_CURVE('',#5379,#869,#5389,.T.);
#5389 = LINE('',#5390,#5391);
#5390 = CARTESIAN_POINT('',(59.658021954299,103.76517244269,208.));
#5391 = VECTOR('',#5392,1.);
#5392 = DIRECTION('',(0.,0.,1.));
#5393 = PLANE('',#5394);
#5394 = AXIS2_PLACEMENT_3D('',#5395,#5396,#5397);
#5395 = CARTESIAN_POINT('',(54.908021954299,106.50758622134,208.));
#5396 = DIRECTION('',(0.5,0.866025403784,-0.));
#5397 = DIRECTION('',(0.866025403784,-0.5,0.));
#5398 = ADVANCED_FACE('',(#5399),#5417,.T.);
#5399 = FACE_BOUND('',#5400,.T.);
#5400 = EDGE_LOOP('',(#5401,#5409,#5415,#5416));
#5401 = ORIENTED_EDGE('',*,*,#5402,.T.);
#5402 = EDGE_CURVE('',#5355,#5403,#5405,.T.);
#5403 = VERTEX_POINT('',#5404);
#5404 = CARTESIAN_POINT('',(64.408021954299,106.50758622134,212.));
#5405 = LINE('',#5406,#5407);
#5406 = CARTESIAN_POINT('',(64.408021954299,80.253793110675,212.));
#5407 = VECTOR('',#5408,1.);
#5408 = DIRECTION('',(0.,-1.,0.));
#5409 = ORIENTED_EDGE('',*,*,#5410,.T.);
#5410 = EDGE_CURVE('',#5403,#861,#5411,.T.);
#5411 = LINE('',#5412,#5413);
#5412 = CARTESIAN_POINT('',(64.408021954299,106.50758622134,208.));
#5413 = VECTOR('',#5414,1.);
#5414 = DIRECTION('',(0.,0.,1.));
#5415 = ORIENTED_EDGE('',*,*,#860,.F.);
#5416 = ORIENTED_EDGE('',*,*,#5362,.F.);
#5417 = PLANE('',#5418);
#5418 = AXIS2_PLACEMENT_3D('',#5419,#5420,#5421);
#5419 = CARTESIAN_POINT('',(64.408021954299,106.50758622134,208.));
#5420 = DIRECTION('',(-1.,0.,0.));
#5421 = DIRECTION('',(0.,1.,0.));
#5422 = ADVANCED_FACE('',(#5423),#5434,.T.);
#5423 = FACE_BOUND('',#5424,.T.);
#5424 = EDGE_LOOP('',(#5425,#5431,#5432,#5433));
#5425 = ORIENTED_EDGE('',*,*,#5426,.T.);
#5426 = EDGE_CURVE('',#5403,#5379,#5427,.T.);
#5427 = LINE('',#5428,#5429);
#5428 = CARTESIAN_POINT('',(34.011787831664,88.958312268295,212.));
#5429 = VECTOR('',#5430,1.);
#5430 = DIRECTION('',(-0.866025403784,-0.5,0.));
#5431 = ORIENTED_EDGE('',*,*,#5388,.T.);
#5432 = ORIENTED_EDGE('',*,*,#868,.F.);
#5433 = ORIENTED_EDGE('',*,*,#5410,.F.);
#5434 = PLANE('',#5435);
#5435 = AXIS2_PLACEMENT_3D('',#5436,#5437,#5438);
#5436 = CARTESIAN_POINT('',(59.658021954299,103.76517244269,208.));
#5437 = DIRECTION('',(-0.5,0.866025403784,0.));
#5438 = DIRECTION('',(0.866025403784,0.5,0.));
#5439 = ADVANCED_FACE('',(#5440),#5465,.T.);
#5440 = FACE_BOUND('',#5441,.T.);
#5441 = EDGE_LOOP('',(#5442,#5452,#5458,#5459));
#5442 = ORIENTED_EDGE('',*,*,#5443,.T.);
#5443 = EDGE_CURVE('',#5444,#5446,#5448,.T.);
#5444 = VERTEX_POINT('',#5445);
#5445 = CARTESIAN_POINT('',(69.197441116742,103.74241377865,212.));
#5446 = VERTEX_POINT('',#5447);
#5447 = CARTESIAN_POINT('',(73.947441116742,106.4848275573,212.));
#5448 = LINE('',#5449,#5450);
#5449 = CARTESIAN_POINT('',(42.353852203497,88.244260493573,212.));
#5450 = VECTOR('',#5451,1.);
#5451 = DIRECTION('',(0.866025403784,0.5,-0.));
#5452 = ORIENTED_EDGE('',*,*,#5453,.T.);
#5453 = EDGE_CURVE('',#5446,#895,#5454,.T.);
#5454 = LINE('',#5455,#5456);
#5455 = CARTESIAN_POINT('',(73.947441116742,106.4848275573,208.));
#5456 = VECTOR('',#5457,1.);
#5457 = DIRECTION('',(0.,0.,1.));
#5458 = ORIENTED_EDGE('',*,*,#892,.F.);
#5459 = ORIENTED_EDGE('',*,*,#5460,.F.);
#5460 = EDGE_CURVE('',#5444,#893,#5461,.T.);
#5461 = LINE('',#5462,#5463);
#5462 = CARTESIAN_POINT('',(69.197441116742,103.74241377865,208.));
#5463 = VECTOR('',#5464,1.);
#5464 = DIRECTION('',(0.,0.,1.));
#5465 = PLANE('',#5466);
#5466 = AXIS2_PLACEMENT_3D('',#5467,#5468,#5469);
#5467 = CARTESIAN_POINT('',(73.947441116742,106.4848275573,208.));
#5468 = DIRECTION('',(0.5,-0.866025403784,0.));
#5469 = DIRECTION('',(-0.866025403784,-0.5,0.));
#5470 = ADVANCED_FACE('',(#5471),#5489,.T.);
#5471 = FACE_BOUND('',#5472,.T.);
#5472 = EDGE_LOOP('',(#5473,#5481,#5482,#5483));
#5473 = ORIENTED_EDGE('',*,*,#5474,.T.);
#5474 = EDGE_CURVE('',#5475,#5444,#5477,.T.);
#5475 = VERTEX_POINT('',#5476);
#5476 = CARTESIAN_POINT('',(69.197441116742,98.257586221349,212.));
#5477 = LINE('',#5478,#5479);
#5478 = CARTESIAN_POINT('',(69.197441116742,78.871206889325,212.));
#5479 = VECTOR('',#5480,1.);
#5480 = DIRECTION('',(-0.,1.,0.));
#5481 = ORIENTED_EDGE('',*,*,#5460,.T.);
#5482 = ORIENTED_EDGE('',*,*,#934,.F.);
#5483 = ORIENTED_EDGE('',*,*,#5484,.F.);
#5484 = EDGE_CURVE('',#5475,#927,#5485,.T.);
#5485 = LINE('',#5486,#5487);
#5486 = CARTESIAN_POINT('',(69.197441116742,98.257586221349,208.));
#5487 = VECTOR('',#5488,1.);
#5488 = DIRECTION('',(0.,0.,1.));
#5489 = PLANE('',#5490);
#5490 = AXIS2_PLACEMENT_3D('',#5491,#5492,#5493);
#5491 = CARTESIAN_POINT('',(69.197441116742,103.74241377865,208.));
#5492 = DIRECTION('',(1.,0.,-0.));
#5493 = DIRECTION('',(0.,-1.,0.));
#5494 = ADVANCED_FACE('',(#5495),#5513,.T.);
#5495 = FACE_BOUND('',#5496,.T.);
#5496 = EDGE_LOOP('',(#5497,#5505,#5511,#5512));
#5497 = ORIENTED_EDGE('',*,*,#5498,.T.);
#5498 = EDGE_CURVE('',#5446,#5499,#5501,.T.);
#5499 = VERTEX_POINT('',#5500);
#5500 = CARTESIAN_POINT('',(78.697441116742,103.74241377865,212.));
#5501 = LINE('',#5502,#5503);
#5502 = CARTESIAN_POINT('',(67.455449192431,110.23298084237,212.));
#5503 = VECTOR('',#5504,1.);
#5504 = DIRECTION('',(0.866025403784,-0.5,0.));
#5505 = ORIENTED_EDGE('',*,*,#5506,.T.);
#5506 = EDGE_CURVE('',#5499,#903,#5507,.T.);
#5507 = LINE('',#5508,#5509);
#5508 = CARTESIAN_POINT('',(78.697441116742,103.74241377865,208.));
#5509 = VECTOR('',#5510,1.);
#5510 = DIRECTION('',(0.,0.,1.));
#5511 = ORIENTED_EDGE('',*,*,#902,.F.);
#5512 = ORIENTED_EDGE('',*,*,#5453,.F.);
#5513 = PLANE('',#5514);
#5514 = AXIS2_PLACEMENT_3D('',#5515,#5516,#5517);
#5515 = CARTESIAN_POINT('',(78.697441116742,103.74241377865,208.));
#5516 = DIRECTION('',(-0.5,-0.866025403784,0.));
#5517 = DIRECTION('',(-0.866025403784,0.5,0.));
#5518 = ADVANCED_FACE('',(#5519),#5537,.T.);
#5519 = FACE_BOUND('',#5520,.T.);
#5520 = EDGE_LOOP('',(#5521,#5529,#5530,#5531));
#5521 = ORIENTED_EDGE('',*,*,#5522,.T.);
#5522 = EDGE_CURVE('',#5523,#5475,#5525,.T.);
#5523 = VERTEX_POINT('',#5524);
#5524 = CARTESIAN_POINT('',(73.947441116742,95.515172442699,212.));
#5525 = LINE('',#5526,#5527);
#5526 = CARTESIAN_POINT('',(60.330449192431,103.37694639575,212.));
#5527 = VECTOR('',#5528,1.);
#5528 = DIRECTION('',(-0.866025403784,0.5,0.));
#5529 = ORIENTED_EDGE('',*,*,#5484,.T.);
#5530 = ORIENTED_EDGE('',*,*,#926,.F.);
#5531 = ORIENTED_EDGE('',*,*,#5532,.F.);
#5532 = EDGE_CURVE('',#5523,#919,#5533,.T.);
#5533 = LINE('',#5534,#5535);
#5534 = CARTESIAN_POINT('',(73.947441116742,95.515172442699,208.));
#5535 = VECTOR('',#5536,1.);
#5536 = DIRECTION('',(0.,0.,1.));
#5537 = PLANE('',#5538);
#5538 = AXIS2_PLACEMENT_3D('',#5539,#5540,#5541);
#5539 = CARTESIAN_POINT('',(69.197441116742,98.257586221349,208.));
#5540 = DIRECTION('',(0.5,0.866025403784,-0.));
#5541 = DIRECTION('',(0.866025403784,-0.5,0.));
#5542 = ADVANCED_FACE('',(#5543),#5561,.T.);
#5543 = FACE_BOUND('',#5544,.T.);
#5544 = EDGE_LOOP('',(#5545,#5553,#5559,#5560));
#5545 = ORIENTED_EDGE('',*,*,#5546,.T.);
#5546 = EDGE_CURVE('',#5499,#5547,#5549,.T.);
#5547 = VERTEX_POINT('',#5548);
#5548 = CARTESIAN_POINT('',(78.697441116742,98.257586221349,212.));
#5549 = LINE('',#5550,#5551);
#5550 = CARTESIAN_POINT('',(78.697441116742,76.128793110675,212.));
#5551 = VECTOR('',#5552,1.);
#5552 = DIRECTION('',(0.,-1.,0.));
#5553 = ORIENTED_EDGE('',*,*,#5554,.T.);
#5554 = EDGE_CURVE('',#5547,#911,#5555,.T.);
#5555 = LINE('',#5556,#5557);
#5556 = CARTESIAN_POINT('',(78.697441116742,98.257586221349,208.));
#5557 = VECTOR('',#5558,1.);
#5558 = DIRECTION('',(0.,0.,1.));
#5559 = ORIENTED_EDGE('',*,*,#910,.F.);
#5560 = ORIENTED_EDGE('',*,*,#5506,.F.);
#5561 = PLANE('',#5562);
#5562 = AXIS2_PLACEMENT_3D('',#5563,#5564,#5565);
#5563 = CARTESIAN_POINT('',(78.697441116742,98.257586221349,208.));
#5564 = DIRECTION('',(-1.,0.,0.));
#5565 = DIRECTION('',(0.,1.,0.));
#5566 = ADVANCED_FACE('',(#5567),#5578,.T.);
#5567 = FACE_BOUND('',#5568,.T.);
#5568 = EDGE_LOOP('',(#5569,#5575,#5576,#5577));
#5569 = ORIENTED_EDGE('',*,*,#5570,.T.);
#5570 = EDGE_CURVE('',#5547,#5523,#5571,.T.);
#5571 = LINE('',#5572,#5573);
#5572 = CARTESIAN_POINT('',(44.728852203497,78.645812268295,212.));
#5573 = VECTOR('',#5574,1.);
#5574 = DIRECTION('',(-0.866025403784,-0.5,0.));
#5575 = ORIENTED_EDGE('',*,*,#5532,.T.);
#5576 = ORIENTED_EDGE('',*,*,#918,.F.);
#5577 = ORIENTED_EDGE('',*,*,#5554,.F.);
#5578 = PLANE('',#5579);
#5579 = AXIS2_PLACEMENT_3D('',#5580,#5581,#5582);
#5580 = CARTESIAN_POINT('',(73.947441116742,95.515172442699,208.));
#5581 = DIRECTION('',(-0.5,0.866025403784,0.));
#5582 = DIRECTION('',(0.866025403784,0.5,0.));
#5583 = ADVANCED_FACE('',(#5584),#5609,.T.);
#5584 = FACE_BOUND('',#5585,.T.);
#5585 = EDGE_LOOP('',(#5586,#5596,#5602,#5603));
#5586 = ORIENTED_EDGE('',*,*,#5587,.T.);
#5587 = EDGE_CURVE('',#5588,#5590,#5592,.T.);
#5588 = VERTEX_POINT('',#5589);
#5589 = CARTESIAN_POINT('',(78.723720558371,103.74241377865,212.));
#5590 = VERTEX_POINT('',#5591);
#5591 = CARTESIAN_POINT('',(83.473720558371,106.4848275573,212.));
#5592 = LINE('',#5593,#5594);
#5593 = CARTESIAN_POINT('',(48.307776854515,86.181760493573,212.));
#5594 = VECTOR('',#5595,1.);
#5595 = DIRECTION('',(0.866025403784,0.5,-0.));
#5596 = ORIENTED_EDGE('',*,*,#5597,.T.);
#5597 = EDGE_CURVE('',#5590,#945,#5598,.T.);
#5598 = LINE('',#5599,#5600);
#5599 = CARTESIAN_POINT('',(83.473720558371,106.4848275573,208.));
#5600 = VECTOR('',#5601,1.);
#5601 = DIRECTION('',(0.,0.,1.));
#5602 = ORIENTED_EDGE('',*,*,#942,.F.);
#5603 = ORIENTED_EDGE('',*,*,#5604,.F.);
#5604 = EDGE_CURVE('',#5588,#943,#5605,.T.);
#5605 = LINE('',#5606,#5607);
#5606 = CARTESIAN_POINT('',(78.723720558371,103.74241377865,208.));
#5607 = VECTOR('',#5608,1.);
#5608 = DIRECTION('',(0.,0.,1.));
#5609 = PLANE('',#5610);
#5610 = AXIS2_PLACEMENT_3D('',#5611,#5612,#5613);
#5611 = CARTESIAN_POINT('',(83.473720558371,106.4848275573,208.));
#5612 = DIRECTION('',(0.5,-0.866025403784,0.));
#5613 = DIRECTION('',(-0.866025403784,-0.5,0.));
#5614 = ADVANCED_FACE('',(#5615),#5633,.T.);
#5615 = FACE_BOUND('',#5616,.T.);
#5616 = EDGE_LOOP('',(#5617,#5625,#5626,#5627));
#5617 = ORIENTED_EDGE('',*,*,#5618,.T.);
#5618 = EDGE_CURVE('',#5619,#5588,#5621,.T.);
#5619 = VERTEX_POINT('',#5620);
#5620 = CARTESIAN_POINT('',(78.723720558371,98.257586221349,212.));
#5621 = LINE('',#5622,#5623);
#5622 = CARTESIAN_POINT('',(78.723720558371,78.871206889325,212.));
#5623 = VECTOR('',#5624,1.);
#5624 = DIRECTION('',(-0.,1.,0.));
#5625 = ORIENTED_EDGE('',*,*,#5604,.T.);
#5626 = ORIENTED_EDGE('',*,*,#984,.F.);
#5627 = ORIENTED_EDGE('',*,*,#5628,.F.);
#5628 = EDGE_CURVE('',#5619,#977,#5629,.T.);
#5629 = LINE('',#5630,#5631);
#5630 = CARTESIAN_POINT('',(78.723720558371,98.257586221349,208.));
#5631 = VECTOR('',#5632,1.);
#5632 = DIRECTION('',(0.,0.,1.));
#5633 = PLANE('',#5634);
#5634 = AXIS2_PLACEMENT_3D('',#5635,#5636,#5637);
#5635 = CARTESIAN_POINT('',(78.723720558371,103.74241377865,208.));
#5636 = DIRECTION('',(1.,0.,-0.));
#5637 = DIRECTION('',(0.,-1.,0.));
#5638 = ADVANCED_FACE('',(#5639),#5657,.T.);
#5639 = FACE_BOUND('',#5640,.T.);
#5640 = EDGE_LOOP('',(#5641,#5649,#5655,#5656));
#5641 = ORIENTED_EDGE('',*,*,#5642,.T.);
#5642 = EDGE_CURVE('',#5590,#5643,#5645,.T.);
#5643 = VERTEX_POINT('',#5644);
#5644 = CARTESIAN_POINT('',(88.223720558371,103.74241377865,212.));
#5645 = LINE('',#5646,#5647);
#5646 = CARTESIAN_POINT('',(73.409373843449,112.29548084237,212.));
#5647 = VECTOR('',#5648,1.);
#5648 = DIRECTION('',(0.866025403784,-0.5,0.));
#5649 = ORIENTED_EDGE('',*,*,#5650,.T.);
#5650 = EDGE_CURVE('',#5643,#953,#5651,.T.);
#5651 = LINE('',#5652,#5653);
#5652 = CARTESIAN_POINT('',(88.223720558371,103.74241377865,208.));
#5653 = VECTOR('',#5654,1.);
#5654 = DIRECTION('',(0.,0.,1.));
#5655 = ORIENTED_EDGE('',*,*,#952,.F.);
#5656 = ORIENTED_EDGE('',*,*,#5597,.F.);
#5657 = PLANE('',#5658);
#5658 = AXIS2_PLACEMENT_3D('',#5659,#5660,#5661);
#5659 = CARTESIAN_POINT('',(88.223720558371,103.74241377865,208.));
#5660 = DIRECTION('',(-0.5,-0.866025403784,0.));
#5661 = DIRECTION('',(-0.866025403784,0.5,0.));
#5662 = ADVANCED_FACE('',(#5663),#5681,.T.);
#5663 = FACE_BOUND('',#5664,.T.);
#5664 = EDGE_LOOP('',(#5665,#5673,#5674,#5675));
#5665 = ORIENTED_EDGE('',*,*,#5666,.T.);
#5666 = EDGE_CURVE('',#5667,#5619,#5669,.T.);
#5667 = VERTEX_POINT('',#5668);
#5668 = CARTESIAN_POINT('',(83.473720558371,95.515172442699,212.));
#5669 = LINE('',#5670,#5671);
#5670 = CARTESIAN_POINT('',(66.284373843449,105.43944639575,212.));
#5671 = VECTOR('',#5672,1.);
#5672 = DIRECTION('',(-0.866025403784,0.5,0.));
#5673 = ORIENTED_EDGE('',*,*,#5628,.T.);
#5674 = ORIENTED_EDGE('',*,*,#976,.F.);
#5675 = ORIENTED_EDGE('',*,*,#5676,.F.);
#5676 = EDGE_CURVE('',#5667,#969,#5677,.T.);
#5677 = LINE('',#5678,#5679);
#5678 = CARTESIAN_POINT('',(83.473720558371,95.515172442699,208.));
#5679 = VECTOR('',#5680,1.);
#5680 = DIRECTION('',(0.,0.,1.));
#5681 = PLANE('',#5682);
#5682 = AXIS2_PLACEMENT_3D('',#5683,#5684,#5685);
#5683 = CARTESIAN_POINT('',(78.723720558371,98.257586221349,208.));
#5684 = DIRECTION('',(0.5,0.866025403784,-0.));
#5685 = DIRECTION('',(0.866025403784,-0.5,0.));
#5686 = ADVANCED_FACE('',(#5687),#5705,.T.);
#5687 = FACE_BOUND('',#5688,.T.);
#5688 = EDGE_LOOP('',(#5689,#5697,#5703,#5704));
#5689 = ORIENTED_EDGE('',*,*,#5690,.T.);
#5690 = EDGE_CURVE('',#5643,#5691,#5693,.T.);
#5691 = VERTEX_POINT('',#5692);
#5692 = CARTESIAN_POINT('',(88.223720558371,98.257586221349,212.));
#5693 = LINE('',#5694,#5695);
#5694 = CARTESIAN_POINT('',(88.223720558371,76.128793110675,212.));
#5695 = VECTOR('',#5696,1.);
#5696 = DIRECTION('',(0.,-1.,0.));
#5697 = ORIENTED_EDGE('',*,*,#5698,.T.);
#5698 = EDGE_CURVE('',#5691,#961,#5699,.T.);
#5699 = LINE('',#5700,#5701);
#5700 = CARTESIAN_POINT('',(88.223720558371,98.257586221349,208.));
#5701 = VECTOR('',#5702,1.);
#5702 = DIRECTION('',(0.,0.,1.));
#5703 = ORIENTED_EDGE('',*,*,#960,.F.);
#5704 = ORIENTED_EDGE('',*,*,#5650,.F.);
#5705 = PLANE('',#5706);
#5706 = AXIS2_PLACEMENT_3D('',#5707,#5708,#5709);
#5707 = CARTESIAN_POINT('',(88.223720558371,98.257586221349,208.));
#5708 = DIRECTION('',(-1.,0.,0.));
#5709 = DIRECTION('',(0.,1.,0.));
#5710 = ADVANCED_FACE('',(#5711),#5722,.T.);
#5711 = FACE_BOUND('',#5712,.T.);
#5712 = EDGE_LOOP('',(#5713,#5719,#5720,#5721));
#5713 = ORIENTED_EDGE('',*,*,#5714,.T.);
#5714 = EDGE_CURVE('',#5691,#5667,#5715,.T.);
#5715 = LINE('',#5716,#5717);
#5716 = CARTESIAN_POINT('',(50.682776854515,76.583312268295,212.));
#5717 = VECTOR('',#5718,1.);
#5718 = DIRECTION('',(-0.866025403784,-0.5,0.));
#5719 = ORIENTED_EDGE('',*,*,#5676,.T.);
#5720 = ORIENTED_EDGE('',*,*,#968,.F.);
#5721 = ORIENTED_EDGE('',*,*,#5698,.F.);
#5722 = PLANE('',#5723);
#5723 = AXIS2_PLACEMENT_3D('',#5724,#5725,#5726);
#5724 = CARTESIAN_POINT('',(83.473720558371,95.515172442699,208.));
#5725 = DIRECTION('',(-0.5,0.866025403784,0.));
#5726 = DIRECTION('',(0.866025403784,0.5,0.));
#5727 = ADVANCED_FACE('',(#5728),#5753,.T.);
#5728 = FACE_BOUND('',#5729,.T.);
#5729 = EDGE_LOOP('',(#5730,#5740,#5746,#5747));
#5730 = ORIENTED_EDGE('',*,*,#5731,.T.);
#5731 = EDGE_CURVE('',#5732,#5734,#5736,.T.);
#5732 = VERTEX_POINT('',#5733);
#5733 = CARTESIAN_POINT('',(64.434301395928,111.99241377865,212.));
#5734 = VERTEX_POINT('',#5735);
#5735 = CARTESIAN_POINT('',(69.184301395928,114.7348275573,212.));
#5736 = LINE('',#5737,#5738);
#5737 = CARTESIAN_POINT('',(37.590712482682,96.494260493573,212.));
#5738 = VECTOR('',#5739,1.);
#5739 = DIRECTION('',(0.866025403784,0.5,-0.));
#5740 = ORIENTED_EDGE('',*,*,#5741,.T.);
#5741 = EDGE_CURVE('',#5734,#995,#5742,.T.);
#5742 = LINE('',#5743,#5744);
#5743 = CARTESIAN_POINT('',(69.184301395928,114.7348275573,208.));
#5744 = VECTOR('',#5745,1.);
#5745 = DIRECTION('',(0.,0.,1.));
#5746 = ORIENTED_EDGE('',*,*,#992,.F.);
#5747 = ORIENTED_EDGE('',*,*,#5748,.F.);
#5748 = EDGE_CURVE('',#5732,#993,#5749,.T.);
#5749 = LINE('',#5750,#5751);
#5750 = CARTESIAN_POINT('',(64.434301395928,111.99241377865,208.));
#5751 = VECTOR('',#5752,1.);
#5752 = DIRECTION('',(0.,0.,1.));
#5753 = PLANE('',#5754);
#5754 = AXIS2_PLACEMENT_3D('',#5755,#5756,#5757);
#5755 = CARTESIAN_POINT('',(69.184301395928,114.7348275573,208.));
#5756 = DIRECTION('',(0.5,-0.866025403784,0.));
#5757 = DIRECTION('',(-0.866025403784,-0.5,0.));
#5758 = ADVANCED_FACE('',(#5759),#5777,.T.);
#5759 = FACE_BOUND('',#5760,.T.);
#5760 = EDGE_LOOP('',(#5761,#5769,#5770,#5771));
#5761 = ORIENTED_EDGE('',*,*,#5762,.T.);
#5762 = EDGE_CURVE('',#5763,#5732,#5765,.T.);
#5763 = VERTEX_POINT('',#5764);
#5764 = CARTESIAN_POINT('',(64.434301395928,106.50758622134,212.));
#5765 = LINE('',#5766,#5767);
#5766 = CARTESIAN_POINT('',(64.434301395928,82.996206889325,212.));
#5767 = VECTOR('',#5768,1.);
#5768 = DIRECTION('',(-0.,1.,0.));
#5769 = ORIENTED_EDGE('',*,*,#5748,.T.);
#5770 = ORIENTED_EDGE('',*,*,#1034,.F.);
#5771 = ORIENTED_EDGE('',*,*,#5772,.F.);
#5772 = EDGE_CURVE('',#5763,#1027,#5773,.T.);
#5773 = LINE('',#5774,#5775);
#5774 = CARTESIAN_POINT('',(64.434301395928,106.50758622134,208.));
#5775 = VECTOR('',#5776,1.);
#5776 = DIRECTION('',(0.,0.,1.));
#5777 = PLANE('',#5778);
#5778 = AXIS2_PLACEMENT_3D('',#5779,#5780,#5781);
#5779 = CARTESIAN_POINT('',(64.434301395928,111.99241377865,208.));
#5780 = DIRECTION('',(1.,0.,-0.));
#5781 = DIRECTION('',(0.,-1.,0.));
#5782 = ADVANCED_FACE('',(#5783),#5801,.T.);
#5783 = FACE_BOUND('',#5784,.T.);
#5784 = EDGE_LOOP('',(#5785,#5793,#5799,#5800));
#5785 = ORIENTED_EDGE('',*,*,#5786,.T.);
#5786 = EDGE_CURVE('',#5734,#5787,#5789,.T.);
#5787 = VERTEX_POINT('',#5788);
#5788 = CARTESIAN_POINT('',(73.934301395928,111.99241377865,212.));
#5789 = LINE('',#5790,#5791);
#5790 = CARTESIAN_POINT('',(66.264664262227,116.42048084237,212.));
#5791 = VECTOR('',#5792,1.);
#5792 = DIRECTION('',(0.866025403784,-0.5,0.));
#5793 = ORIENTED_EDGE('',*,*,#5794,.T.);
#5794 = EDGE_CURVE('',#5787,#1003,#5795,.T.);
#5795 = LINE('',#5796,#5797);
#5796 = CARTESIAN_POINT('',(73.934301395928,111.99241377865,208.));
#5797 = VECTOR('',#5798,1.);
#5798 = DIRECTION('',(0.,0.,1.));
#5799 = ORIENTED_EDGE('',*,*,#1002,.F.);
#5800 = ORIENTED_EDGE('',*,*,#5741,.F.);
#5801 = PLANE('',#5802);
#5802 = AXIS2_PLACEMENT_3D('',#5803,#5804,#5805);
#5803 = CARTESIAN_POINT('',(73.934301395928,111.99241377865,208.));
#5804 = DIRECTION('',(-0.5,-0.866025403784,0.));
#5805 = DIRECTION('',(-0.866025403784,0.5,0.));
#5806 = ADVANCED_FACE('',(#5807),#5825,.T.);
#5807 = FACE_BOUND('',#5808,.T.);
#5808 = EDGE_LOOP('',(#5809,#5817,#5818,#5819));
#5809 = ORIENTED_EDGE('',*,*,#5810,.T.);
#5810 = EDGE_CURVE('',#5811,#5763,#5813,.T.);
#5811 = VERTEX_POINT('',#5812);
#5812 = CARTESIAN_POINT('',(69.184301395928,103.76517244269,212.));
#5813 = LINE('',#5814,#5815);
#5814 = CARTESIAN_POINT('',(59.139664262227,109.56444639575,212.));
#5815 = VECTOR('',#5816,1.);
#5816 = DIRECTION('',(-0.866025403784,0.5,0.));
#5817 = ORIENTED_EDGE('',*,*,#5772,.T.);
#5818 = ORIENTED_EDGE('',*,*,#1026,.F.);
#5819 = ORIENTED_EDGE('',*,*,#5820,.F.);
#5820 = EDGE_CURVE('',#5811,#1019,#5821,.T.);
#5821 = LINE('',#5822,#5823);
#5822 = CARTESIAN_POINT('',(69.184301395928,103.76517244269,208.));
#5823 = VECTOR('',#5824,1.);
#5824 = DIRECTION('',(0.,0.,1.));
#5825 = PLANE('',#5826);
#5826 = AXIS2_PLACEMENT_3D('',#5827,#5828,#5829);
#5827 = CARTESIAN_POINT('',(64.434301395928,106.50758622134,208.));
#5828 = DIRECTION('',(0.5,0.866025403784,-0.));
#5829 = DIRECTION('',(0.866025403784,-0.5,0.));
#5830 = ADVANCED_FACE('',(#5831),#5849,.T.);
#5831 = FACE_BOUND('',#5832,.T.);
#5832 = EDGE_LOOP('',(#5833,#5841,#5847,#5848));
#5833 = ORIENTED_EDGE('',*,*,#5834,.T.);
#5834 = EDGE_CURVE('',#5787,#5835,#5837,.T.);
#5835 = VERTEX_POINT('',#5836);
#5836 = CARTESIAN_POINT('',(73.934301395928,106.50758622134,212.));
#5837 = LINE('',#5838,#5839);
#5838 = CARTESIAN_POINT('',(73.934301395928,80.253793110675,212.));
#5839 = VECTOR('',#5840,1.);
#5840 = DIRECTION('',(0.,-1.,0.));
#5841 = ORIENTED_EDGE('',*,*,#5842,.T.);
#5842 = EDGE_CURVE('',#5835,#1011,#5843,.T.);
#5843 = LINE('',#5844,#5845);
#5844 = CARTESIAN_POINT('',(73.934301395928,106.50758622134,208.));
#5845 = VECTOR('',#5846,1.);
#5846 = DIRECTION('',(0.,0.,1.));
#5847 = ORIENTED_EDGE('',*,*,#1010,.F.);
#5848 = ORIENTED_EDGE('',*,*,#5794,.F.);
#5849 = PLANE('',#5850);
#5850 = AXIS2_PLACEMENT_3D('',#5851,#5852,#5853);
#5851 = CARTESIAN_POINT('',(73.934301395928,106.50758622134,208.));
#5852 = DIRECTION('',(-1.,0.,0.));
#5853 = DIRECTION('',(0.,1.,0.));
#5854 = ADVANCED_FACE('',(#5855),#5866,.T.);
#5855 = FACE_BOUND('',#5856,.T.);
#5856 = EDGE_LOOP('',(#5857,#5863,#5864,#5865));
#5857 = ORIENTED_EDGE('',*,*,#5858,.T.);
#5858 = EDGE_CURVE('',#5835,#5811,#5859,.T.);
#5859 = LINE('',#5860,#5861);
#5860 = CARTESIAN_POINT('',(39.965712482682,86.895812268295,212.));
#5861 = VECTOR('',#5862,1.);
#5862 = DIRECTION('',(-0.866025403784,-0.5,0.));
#5863 = ORIENTED_EDGE('',*,*,#5820,.T.);
#5864 = ORIENTED_EDGE('',*,*,#1018,.F.);
#5865 = ORIENTED_EDGE('',*,*,#5842,.F.);
#5866 = PLANE('',#5867);
#5867 = AXIS2_PLACEMENT_3D('',#5868,#5869,#5870);
#5868 = CARTESIAN_POINT('',(69.184301395928,103.76517244269,208.));
#5869 = DIRECTION('',(-0.5,0.866025403784,0.));
#5870 = DIRECTION('',(0.866025403784,0.5,0.));
#5871 = ADVANCED_FACE('',(#5872),#5897,.T.);
#5872 = FACE_BOUND('',#5873,.T.);
#5873 = EDGE_LOOP('',(#5874,#5884,#5890,#5891));
#5874 = ORIENTED_EDGE('',*,*,#5875,.T.);
#5875 = EDGE_CURVE('',#5876,#5878,#5880,.T.);
#5876 = VERTEX_POINT('',#5877);
#5877 = CARTESIAN_POINT('',(73.960580837557,111.99241377865,212.));
#5878 = VERTEX_POINT('',#5879);
#5879 = CARTESIAN_POINT('',(78.710580837557,114.7348275573,212.));
#5880 = LINE('',#5881,#5882);
#5881 = CARTESIAN_POINT('',(43.5446371337,94.431760493573,212.));
#5882 = VECTOR('',#5883,1.);
#5883 = DIRECTION('',(0.866025403784,0.5,-0.));
#5884 = ORIENTED_EDGE('',*,*,#5885,.T.);
#5885 = EDGE_CURVE('',#5878,#1045,#5886,.T.);
#5886 = LINE('',#5887,#5888);
#5887 = CARTESIAN_POINT('',(78.710580837557,114.7348275573,208.));
#5888 = VECTOR('',#5889,1.);
#5889 = DIRECTION('',(0.,0.,1.));
#5890 = ORIENTED_EDGE('',*,*,#1042,.F.);
#5891 = ORIENTED_EDGE('',*,*,#5892,.F.);
#5892 = EDGE_CURVE('',#5876,#1043,#5893,.T.);
#5893 = LINE('',#5894,#5895);
#5894 = CARTESIAN_POINT('',(73.960580837557,111.99241377865,208.));
#5895 = VECTOR('',#5896,1.);
#5896 = DIRECTION('',(0.,0.,1.));
#5897 = PLANE('',#5898);
#5898 = AXIS2_PLACEMENT_3D('',#5899,#5900,#5901);
#5899 = CARTESIAN_POINT('',(78.710580837557,114.7348275573,208.));
#5900 = DIRECTION('',(0.5,-0.866025403784,0.));
#5901 = DIRECTION('',(-0.866025403784,-0.5,0.));
#5902 = ADVANCED_FACE('',(#5903),#5921,.T.);
#5903 = FACE_BOUND('',#5904,.T.);
#5904 = EDGE_LOOP('',(#5905,#5913,#5914,#5915));
#5905 = ORIENTED_EDGE('',*,*,#5906,.T.);
#5906 = EDGE_CURVE('',#5907,#5876,#5909,.T.);
#5907 = VERTEX_POINT('',#5908);
#5908 = CARTESIAN_POINT('',(73.960580837557,106.50758622134,212.));
#5909 = LINE('',#5910,#5911);
#5910 = CARTESIAN_POINT('',(73.960580837557,82.996206889325,212.));
#5911 = VECTOR('',#5912,1.);
#5912 = DIRECTION('',(-0.,1.,0.));
#5913 = ORIENTED_EDGE('',*,*,#5892,.T.);
#5914 = ORIENTED_EDGE('',*,*,#1084,.F.);
#5915 = ORIENTED_EDGE('',*,*,#5916,.F.);
#5916 = EDGE_CURVE('',#5907,#1077,#5917,.T.);
#5917 = LINE('',#5918,#5919);
#5918 = CARTESIAN_POINT('',(73.960580837557,106.50758622134,208.));
#5919 = VECTOR('',#5920,1.);
#5920 = DIRECTION('',(0.,0.,1.));
#5921 = PLANE('',#5922);
#5922 = AXIS2_PLACEMENT_3D('',#5923,#5924,#5925);
#5923 = CARTESIAN_POINT('',(73.960580837557,111.99241377865,208.));
#5924 = DIRECTION('',(1.,0.,-0.));
#5925 = DIRECTION('',(0.,-1.,0.));
#5926 = ADVANCED_FACE('',(#5927),#5945,.T.);
#5927 = FACE_BOUND('',#5928,.T.);
#5928 = EDGE_LOOP('',(#5929,#5937,#5943,#5944));
#5929 = ORIENTED_EDGE('',*,*,#5930,.T.);
#5930 = EDGE_CURVE('',#5878,#5931,#5933,.T.);
#5931 = VERTEX_POINT('',#5932);
#5932 = CARTESIAN_POINT('',(83.460580837557,111.99241377865,212.));
#5933 = LINE('',#5934,#5935);
#5934 = CARTESIAN_POINT('',(72.218588913245,118.48298084237,212.));
#5935 = VECTOR('',#5936,1.);
#5936 = DIRECTION('',(0.866025403784,-0.5,0.));
#5937 = ORIENTED_EDGE('',*,*,#5938,.T.);
#5938 = EDGE_CURVE('',#5931,#1053,#5939,.T.);
#5939 = LINE('',#5940,#5941);
#5940 = CARTESIAN_POINT('',(83.460580837557,111.99241377865,208.));
#5941 = VECTOR('',#5942,1.);
#5942 = DIRECTION('',(0.,0.,1.));
#5943 = ORIENTED_EDGE('',*,*,#1052,.F.);
#5944 = ORIENTED_EDGE('',*,*,#5885,.F.);
#5945 = PLANE('',#5946);
#5946 = AXIS2_PLACEMENT_3D('',#5947,#5948,#5949);
#5947 = CARTESIAN_POINT('',(83.460580837557,111.99241377865,208.));
#5948 = DIRECTION('',(-0.5,-0.866025403784,0.));
#5949 = DIRECTION('',(-0.866025403784,0.5,0.));
#5950 = ADVANCED_FACE('',(#5951),#5969,.T.);
#5951 = FACE_BOUND('',#5952,.T.);
#5952 = EDGE_LOOP('',(#5953,#5961,#5962,#5963));
#5953 = ORIENTED_EDGE('',*,*,#5954,.T.);
#5954 = EDGE_CURVE('',#5955,#5907,#5957,.T.);
#5955 = VERTEX_POINT('',#5956);
#5956 = CARTESIAN_POINT('',(78.710580837557,103.76517244269,212.));
#5957 = LINE('',#5958,#5959);
#5958 = CARTESIAN_POINT('',(65.093588913245,111.62694639575,212.));
#5959 = VECTOR('',#5960,1.);
#5960 = DIRECTION('',(-0.866025403784,0.5,0.));
#5961 = ORIENTED_EDGE('',*,*,#5916,.T.);
#5962 = ORIENTED_EDGE('',*,*,#1076,.F.);
#5963 = ORIENTED_EDGE('',*,*,#5964,.F.);
#5964 = EDGE_CURVE('',#5955,#1069,#5965,.T.);
#5965 = LINE('',#5966,#5967);
#5966 = CARTESIAN_POINT('',(78.710580837557,103.76517244269,208.));
#5967 = VECTOR('',#5968,1.);
#5968 = DIRECTION('',(0.,0.,1.));
#5969 = PLANE('',#5970);
#5970 = AXIS2_PLACEMENT_3D('',#5971,#5972,#5973);
#5971 = CARTESIAN_POINT('',(73.960580837557,106.50758622134,208.));
#5972 = DIRECTION('',(0.5,0.866025403784,-0.));
#5973 = DIRECTION('',(0.866025403784,-0.5,0.));
#5974 = ADVANCED_FACE('',(#5975),#5993,.T.);
#5975 = FACE_BOUND('',#5976,.T.);
#5976 = EDGE_LOOP('',(#5977,#5985,#5991,#5992));
#5977 = ORIENTED_EDGE('',*,*,#5978,.T.);
#5978 = EDGE_CURVE('',#5931,#5979,#5981,.T.);
#5979 = VERTEX_POINT('',#5980);
#5980 = CARTESIAN_POINT('',(83.460580837557,106.50758622134,212.));
#5981 = LINE('',#5982,#5983);
#5982 = CARTESIAN_POINT('',(83.460580837557,80.253793110675,212.));
#5983 = VECTOR('',#5984,1.);
#5984 = DIRECTION('',(0.,-1.,0.));
#5985 = ORIENTED_EDGE('',*,*,#5986,.T.);
#5986 = EDGE_CURVE('',#5979,#1061,#5987,.T.);
#5987 = LINE('',#5988,#5989);
#5988 = CARTESIAN_POINT('',(83.460580837557,106.50758622134,208.));
#5989 = VECTOR('',#5990,1.);
#5990 = DIRECTION('',(0.,0.,1.));
#5991 = ORIENTED_EDGE('',*,*,#1060,.F.);
#5992 = ORIENTED_EDGE('',*,*,#5938,.F.);
#5993 = PLANE('',#5994);
#5994 = AXIS2_PLACEMENT_3D('',#5995,#5996,#5997);
#5995 = CARTESIAN_POINT('',(83.460580837557,106.50758622134,208.));
#5996 = DIRECTION('',(-1.,0.,0.));
#5997 = DIRECTION('',(0.,1.,0.));
#5998 = ADVANCED_FACE('',(#5999),#6010,.T.);
#5999 = FACE_BOUND('',#6000,.T.);
#6000 = EDGE_LOOP('',(#6001,#6007,#6008,#6009));
#6001 = ORIENTED_EDGE('',*,*,#6002,.T.);
#6002 = EDGE_CURVE('',#5979,#5955,#6003,.T.);
#6003 = LINE('',#6004,#6005);
#6004 = CARTESIAN_POINT('',(45.9196371337,84.833312268295,212.));
#6005 = VECTOR('',#6006,1.);
#6006 = DIRECTION('',(-0.866025403784,-0.5,0.));
#6007 = ORIENTED_EDGE('',*,*,#5964,.T.);
#6008 = ORIENTED_EDGE('',*,*,#1068,.F.);
#6009 = ORIENTED_EDGE('',*,*,#5986,.F.);
#6010 = PLANE('',#6011);
#6011 = AXIS2_PLACEMENT_3D('',#6012,#6013,#6014);
#6012 = CARTESIAN_POINT('',(78.710580837557,103.76517244269,208.));
#6013 = DIRECTION('',(-0.5,0.866025403784,0.));
#6014 = DIRECTION('',(0.866025403784,0.5,0.));
#6015 = ADVANCED_FACE('',(#6016),#6041,.T.);
#6016 = FACE_BOUND('',#6017,.T.);
#6017 = EDGE_LOOP('',(#6018,#6026,#6034,#6040));
#6018 = ORIENTED_EDGE('',*,*,#6019,.F.);
#6019 = EDGE_CURVE('',#6020,#1093,#6022,.T.);
#6020 = VERTEX_POINT('',#6021);
#6021 = CARTESIAN_POINT('',(44.,126.,212.));
#6022 = LINE('',#6023,#6024);
#6023 = CARTESIAN_POINT('',(44.,126.,208.));
#6024 = VECTOR('',#6025,1.);
#6025 = DIRECTION('',(0.,0.,1.));
#6026 = ORIENTED_EDGE('',*,*,#6027,.T.);
#6027 = EDGE_CURVE('',#6020,#6028,#6030,.T.);
#6028 = VERTEX_POINT('',#6029);
#6029 = CARTESIAN_POINT('',(26.,126.,212.));
#6030 = LINE('',#6031,#6032);
#6031 = CARTESIAN_POINT('',(23.,126.,212.));
#6032 = VECTOR('',#6033,1.);
#6033 = DIRECTION('',(-1.,-0.,0.));
#6034 = ORIENTED_EDGE('',*,*,#6035,.T.);
#6035 = EDGE_CURVE('',#6028,#1095,#6036,.T.);
#6036 = LINE('',#6037,#6038);
#6037 = CARTESIAN_POINT('',(26.,126.,208.));
#6038 = VECTOR('',#6039,1.);
#6039 = DIRECTION('',(0.,0.,1.));
#6040 = ORIENTED_EDGE('',*,*,#1092,.F.);
#6041 = PLANE('',#6042);
#6042 = AXIS2_PLACEMENT_3D('',#6043,#6044,#6045);
#6043 = CARTESIAN_POINT('',(26.,126.,208.));
#6044 = DIRECTION('',(-0.,1.,0.));
#6045 = DIRECTION('',(0.,0.,1.));
#6046 = ADVANCED_FACE('',(#6047),#6065,.F.);
#6047 = FACE_BOUND('',#6048,.F.);
#6048 = EDGE_LOOP('',(#6049,#6050,#6058,#6064));
#6049 = ORIENTED_EDGE('',*,*,#6019,.F.);
#6050 = ORIENTED_EDGE('',*,*,#6051,.T.);
#6051 = EDGE_CURVE('',#6020,#6052,#6054,.T.);
#6052 = VERTEX_POINT('',#6053);
#6053 = CARTESIAN_POINT('',(44.,140.,212.));
#6054 = LINE('',#6055,#6056);
#6055 = CARTESIAN_POINT('',(44.,90.,212.));
#6056 = VECTOR('',#6057,1.);
#6057 = DIRECTION('',(-0.,1.,0.));
#6058 = ORIENTED_EDGE('',*,*,#6059,.T.);
#6059 = EDGE_CURVE('',#6052,#1111,#6060,.T.);
#6060 = LINE('',#6061,#6062);
#6061 = CARTESIAN_POINT('',(44.,140.,208.));
#6062 = VECTOR('',#6063,1.);
#6063 = DIRECTION('',(0.,0.,1.));
#6064 = ORIENTED_EDGE('',*,*,#1118,.F.);
#6065 = PLANE('',#6066);
#6066 = AXIS2_PLACEMENT_3D('',#6067,#6068,#6069);
#6067 = CARTESIAN_POINT('',(44.,126.,208.));
#6068 = DIRECTION('',(1.,0.,-0.));
#6069 = DIRECTION('',(0.,0.,1.));
#6070 = ADVANCED_FACE('',(#6071),#6089,.T.);
#6071 = FACE_BOUND('',#6072,.T.);
#6072 = EDGE_LOOP('',(#6073,#6074,#6082,#6088));
#6073 = ORIENTED_EDGE('',*,*,#6035,.F.);
#6074 = ORIENTED_EDGE('',*,*,#6075,.T.);
#6075 = EDGE_CURVE('',#6028,#6076,#6078,.T.);
#6076 = VERTEX_POINT('',#6077);
#6077 = CARTESIAN_POINT('',(26.,140.,212.));
#6078 = LINE('',#6079,#6080);
#6079 = CARTESIAN_POINT('',(26.,90.,212.));
#6080 = VECTOR('',#6081,1.);
#6081 = DIRECTION('',(-0.,1.,0.));
#6082 = ORIENTED_EDGE('',*,*,#6083,.T.);
#6083 = EDGE_CURVE('',#6076,#1103,#6084,.T.);
#6084 = LINE('',#6085,#6086);
#6085 = CARTESIAN_POINT('',(26.,140.,208.));
#6086 = VECTOR('',#6087,1.);
#6087 = DIRECTION('',(0.,0.,1.));
#6088 = ORIENTED_EDGE('',*,*,#1102,.F.);
#6089 = PLANE('',#6090);
#6090 = AXIS2_PLACEMENT_3D('',#6091,#6092,#6093);
#6091 = CARTESIAN_POINT('',(26.,126.,208.));
#6092 = DIRECTION('',(1.,0.,-0.));
#6093 = DIRECTION('',(0.,0.,1.));
#6094 = ADVANCED_FACE('',(#6095),#6106,.F.);
#6095 = FACE_BOUND('',#6096,.F.);
#6096 = EDGE_LOOP('',(#6097,#6098,#6104,#6105));
#6097 = ORIENTED_EDGE('',*,*,#6059,.F.);
#6098 = ORIENTED_EDGE('',*,*,#6099,.T.);
#6099 = EDGE_CURVE('',#6052,#6076,#6100,.T.);
#6100 = LINE('',#6101,#6102);
#6101 = CARTESIAN_POINT('',(23.,140.,212.));
#6102 = VECTOR('',#6103,1.);
#6103 = DIRECTION('',(-1.,-0.,0.));
#6104 = ORIENTED_EDGE('',*,*,#6083,.T.);
#6105 = ORIENTED_EDGE('',*,*,#1110,.F.);
#6106 = PLANE('',#6107);
#6107 = AXIS2_PLACEMENT_3D('',#6108,#6109,#6110);
#6108 = CARTESIAN_POINT('',(26.,140.,208.));
#6109 = DIRECTION('',(-0.,1.,0.));
#6110 = DIRECTION('',(0.,0.,1.));
#6111 = ADVANCED_FACE('',(#6112),#6137,.T.);
#6112 = FACE_BOUND('',#6113,.T.);
#6113 = EDGE_LOOP('',(#6114,#6124,#6130,#6131));
#6114 = ORIENTED_EDGE('',*,*,#6115,.T.);
#6115 = EDGE_CURVE('',#6116,#6118,#6120,.T.);
#6116 = VERTEX_POINT('',#6117);
#6117 = CARTESIAN_POINT('',(59.671161675114,120.24241377865,212.));
#6118 = VERTEX_POINT('',#6119);
#6119 = CARTESIAN_POINT('',(64.421161675114,122.9848275573,212.));
#6120 = LINE('',#6121,#6122);
#6121 = CARTESIAN_POINT('',(32.827572761868,104.74426049357,212.));
#6122 = VECTOR('',#6123,1.);
#6123 = DIRECTION('',(0.866025403784,0.5,-0.));
#6124 = ORIENTED_EDGE('',*,*,#6125,.T.);
#6125 = EDGE_CURVE('',#6118,#1129,#6126,.T.);
#6126 = LINE('',#6127,#6128);
#6127 = CARTESIAN_POINT('',(64.421161675114,122.9848275573,208.));
#6128 = VECTOR('',#6129,1.);
#6129 = DIRECTION('',(0.,0.,1.));
#6130 = ORIENTED_EDGE('',*,*,#1126,.F.);
#6131 = ORIENTED_EDGE('',*,*,#6132,.F.);
#6132 = EDGE_CURVE('',#6116,#1127,#6133,.T.);
#6133 = LINE('',#6134,#6135);
#6134 = CARTESIAN_POINT('',(59.671161675114,120.24241377865,208.));
#6135 = VECTOR('',#6136,1.);
#6136 = DIRECTION('',(0.,0.,1.));
#6137 = PLANE('',#6138);
#6138 = AXIS2_PLACEMENT_3D('',#6139,#6140,#6141);
#6139 = CARTESIAN_POINT('',(64.421161675114,122.9848275573,208.));
#6140 = DIRECTION('',(0.5,-0.866025403784,0.));
#6141 = DIRECTION('',(-0.866025403784,-0.5,0.));
#6142 = ADVANCED_FACE('',(#6143),#6161,.T.);
#6143 = FACE_BOUND('',#6144,.T.);
#6144 = EDGE_LOOP('',(#6145,#6153,#6154,#6155));
#6145 = ORIENTED_EDGE('',*,*,#6146,.T.);
#6146 = EDGE_CURVE('',#6147,#6116,#6149,.T.);
#6147 = VERTEX_POINT('',#6148);
#6148 = CARTESIAN_POINT('',(59.671161675114,114.75758622134,212.));
#6149 = LINE('',#6150,#6151);
#6150 = CARTESIAN_POINT('',(59.671161675114,87.121206889325,212.));
#6151 = VECTOR('',#6152,1.);
#6152 = DIRECTION('',(-0.,1.,0.));
#6153 = ORIENTED_EDGE('',*,*,#6132,.T.);
#6154 = ORIENTED_EDGE('',*,*,#1168,.F.);
#6155 = ORIENTED_EDGE('',*,*,#6156,.F.);
#6156 = EDGE_CURVE('',#6147,#1161,#6157,.T.);
#6157 = LINE('',#6158,#6159);
#6158 = CARTESIAN_POINT('',(59.671161675114,114.75758622134,208.));
#6159 = VECTOR('',#6160,1.);
#6160 = DIRECTION('',(0.,0.,1.));
#6161 = PLANE('',#6162);
#6162 = AXIS2_PLACEMENT_3D('',#6163,#6164,#6165);
#6163 = CARTESIAN_POINT('',(59.671161675114,120.24241377865,208.));
#6164 = DIRECTION('',(1.,0.,-0.));
#6165 = DIRECTION('',(0.,-1.,0.));
#6166 = ADVANCED_FACE('',(#6167),#6185,.T.);
#6167 = FACE_BOUND('',#6168,.T.);
#6168 = EDGE_LOOP('',(#6169,#6177,#6183,#6184));
#6169 = ORIENTED_EDGE('',*,*,#6170,.T.);
#6170 = EDGE_CURVE('',#6118,#6171,#6173,.T.);
#6171 = VERTEX_POINT('',#6172);
#6172 = CARTESIAN_POINT('',(69.171161675114,120.24241377865,212.));
#6173 = LINE('',#6174,#6175);
#6174 = CARTESIAN_POINT('',(65.073879332024,122.60798084237,212.));
#6175 = VECTOR('',#6176,1.);
#6176 = DIRECTION('',(0.866025403784,-0.5,0.));
#6177 = ORIENTED_EDGE('',*,*,#6178,.T.);
#6178 = EDGE_CURVE('',#6171,#1137,#6179,.T.);
#6179 = LINE('',#6180,#6181);
#6180 = CARTESIAN_POINT('',(69.171161675114,120.24241377865,208.));
#6181 = VECTOR('',#6182,1.);
#6182 = DIRECTION('',(0.,0.,1.));
#6183 = ORIENTED_EDGE('',*,*,#1136,.F.);
#6184 = ORIENTED_EDGE('',*,*,#6125,.F.);
#6185 = PLANE('',#6186);
#6186 = AXIS2_PLACEMENT_3D('',#6187,#6188,#6189);
#6187 = CARTESIAN_POINT('',(69.171161675114,120.24241377865,208.));
#6188 = DIRECTION('',(-0.5,-0.866025403784,0.));
#6189 = DIRECTION('',(-0.866025403784,0.5,0.));
#6190 = ADVANCED_FACE('',(#6191),#6209,.T.);
#6191 = FACE_BOUND('',#6192,.T.);
#6192 = EDGE_LOOP('',(#6193,#6201,#6202,#6203));
#6193 = ORIENTED_EDGE('',*,*,#6194,.T.);
#6194 = EDGE_CURVE('',#6195,#6147,#6197,.T.);
#6195 = VERTEX_POINT('',#6196);
#6196 = CARTESIAN_POINT('',(64.421161675114,112.01517244269,212.));
#6197 = LINE('',#6198,#6199);
#6198 = CARTESIAN_POINT('',(57.948879332024,115.75194639575,212.));
#6199 = VECTOR('',#6200,1.);
#6200 = DIRECTION('',(-0.866025403784,0.5,0.));
#6201 = ORIENTED_EDGE('',*,*,#6156,.T.);
#6202 = ORIENTED_EDGE('',*,*,#1160,.F.);
#6203 = ORIENTED_EDGE('',*,*,#6204,.F.);
#6204 = EDGE_CURVE('',#6195,#1153,#6205,.T.);
#6205 = LINE('',#6206,#6207);
#6206 = CARTESIAN_POINT('',(64.421161675114,112.01517244269,208.));
#6207 = VECTOR('',#6208,1.);
#6208 = DIRECTION('',(0.,0.,1.));
#6209 = PLANE('',#6210);
#6210 = AXIS2_PLACEMENT_3D('',#6211,#6212,#6213);
#6211 = CARTESIAN_POINT('',(59.671161675114,114.75758622134,208.));
#6212 = DIRECTION('',(0.5,0.866025403784,-0.));
#6213 = DIRECTION('',(0.866025403784,-0.5,0.));
#6214 = ADVANCED_FACE('',(#6215),#6233,.T.);
#6215 = FACE_BOUND('',#6216,.T.);
#6216 = EDGE_LOOP('',(#6217,#6225,#6231,#6232));
#6217 = ORIENTED_EDGE('',*,*,#6218,.T.);
#6218 = EDGE_CURVE('',#6171,#6219,#6221,.T.);
#6219 = VERTEX_POINT('',#6220);
#6220 = CARTESIAN_POINT('',(69.171161675114,114.75758622134,212.));
#6221 = LINE('',#6222,#6223);
#6222 = CARTESIAN_POINT('',(69.171161675114,84.378793110675,212.));
#6223 = VECTOR('',#6224,1.);
#6224 = DIRECTION('',(0.,-1.,0.));
#6225 = ORIENTED_EDGE('',*,*,#6226,.T.);
#6226 = EDGE_CURVE('',#6219,#1145,#6227,.T.);
#6227 = LINE('',#6228,#6229);
#6228 = CARTESIAN_POINT('',(69.171161675114,114.75758622134,208.));
#6229 = VECTOR('',#6230,1.);
#6230 = DIRECTION('',(0.,0.,1.));
#6231 = ORIENTED_EDGE('',*,*,#1144,.F.);
#6232 = ORIENTED_EDGE('',*,*,#6178,.F.);
#6233 = PLANE('',#6234);
#6234 = AXIS2_PLACEMENT_3D('',#6235,#6236,#6237);
#6235 = CARTESIAN_POINT('',(69.171161675114,114.75758622134,208.));
#6236 = DIRECTION('',(-1.,0.,0.));
#6237 = DIRECTION('',(0.,1.,0.));
#6238 = ADVANCED_FACE('',(#6239),#6250,.T.);
#6239 = FACE_BOUND('',#6240,.T.);
#6240 = EDGE_LOOP('',(#6241,#6247,#6248,#6249));
#6241 = ORIENTED_EDGE('',*,*,#6242,.T.);
#6242 = EDGE_CURVE('',#6219,#6195,#6243,.T.);
#6243 = LINE('',#6244,#6245);
#6244 = CARTESIAN_POINT('',(35.202572761868,95.145812268295,212.));
#6245 = VECTOR('',#6246,1.);
#6246 = DIRECTION('',(-0.866025403784,-0.5,0.));
#6247 = ORIENTED_EDGE('',*,*,#6204,.T.);
#6248 = ORIENTED_EDGE('',*,*,#1152,.F.);
#6249 = ORIENTED_EDGE('',*,*,#6226,.F.);
#6250 = PLANE('',#6251);
#6251 = AXIS2_PLACEMENT_3D('',#6252,#6253,#6254);
#6252 = CARTESIAN_POINT('',(64.421161675114,112.01517244269,208.));
#6253 = DIRECTION('',(-0.5,0.866025403784,0.));
#6254 = DIRECTION('',(0.866025403784,0.5,0.));
#6255 = ADVANCED_FACE('',(#6256),#6281,.T.);
#6256 = FACE_BOUND('',#6257,.T.);
#6257 = EDGE_LOOP('',(#6258,#6268,#6274,#6275));
#6258 = ORIENTED_EDGE('',*,*,#6259,.T.);
#6259 = EDGE_CURVE('',#6260,#6262,#6264,.T.);
#6260 = VERTEX_POINT('',#6261);
#6261 = CARTESIAN_POINT('',(69.197441116742,120.24241377865,212.));
#6262 = VERTEX_POINT('',#6263);
#6263 = CARTESIAN_POINT('',(73.947441116742,122.9848275573,212.));
#6264 = LINE('',#6265,#6266);
#6265 = CARTESIAN_POINT('',(38.781497412886,102.68176049357,212.));
#6266 = VECTOR('',#6267,1.);
#6267 = DIRECTION('',(0.866025403784,0.5,-0.));
#6268 = ORIENTED_EDGE('',*,*,#6269,.T.);
#6269 = EDGE_CURVE('',#6262,#1179,#6270,.T.);
#6270 = LINE('',#6271,#6272);
#6271 = CARTESIAN_POINT('',(73.947441116742,122.9848275573,208.));
#6272 = VECTOR('',#6273,1.);
#6273 = DIRECTION('',(0.,0.,1.));
#6274 = ORIENTED_EDGE('',*,*,#1176,.F.);
#6275 = ORIENTED_EDGE('',*,*,#6276,.F.);
#6276 = EDGE_CURVE('',#6260,#1177,#6277,.T.);
#6277 = LINE('',#6278,#6279);
#6278 = CARTESIAN_POINT('',(69.197441116742,120.24241377865,208.));
#6279 = VECTOR('',#6280,1.);
#6280 = DIRECTION('',(0.,0.,1.));
#6281 = PLANE('',#6282);
#6282 = AXIS2_PLACEMENT_3D('',#6283,#6284,#6285);
#6283 = CARTESIAN_POINT('',(73.947441116742,122.9848275573,208.));
#6284 = DIRECTION('',(0.5,-0.866025403784,0.));
#6285 = DIRECTION('',(-0.866025403784,-0.5,0.));
#6286 = ADVANCED_FACE('',(#6287),#6305,.T.);
#6287 = FACE_BOUND('',#6288,.T.);
#6288 = EDGE_LOOP('',(#6289,#6297,#6298,#6299));
#6289 = ORIENTED_EDGE('',*,*,#6290,.T.);
#6290 = EDGE_CURVE('',#6291,#6260,#6293,.T.);
#6291 = VERTEX_POINT('',#6292);
#6292 = CARTESIAN_POINT('',(69.197441116742,114.75758622134,212.));
#6293 = LINE('',#6294,#6295);
#6294 = CARTESIAN_POINT('',(69.197441116742,87.121206889325,212.));
#6295 = VECTOR('',#6296,1.);
#6296 = DIRECTION('',(-0.,1.,0.));
#6297 = ORIENTED_EDGE('',*,*,#6276,.T.);
#6298 = ORIENTED_EDGE('',*,*,#1218,.F.);
#6299 = ORIENTED_EDGE('',*,*,#6300,.F.);
#6300 = EDGE_CURVE('',#6291,#1211,#6301,.T.);
#6301 = LINE('',#6302,#6303);
#6302 = CARTESIAN_POINT('',(69.197441116742,114.75758622134,208.));
#6303 = VECTOR('',#6304,1.);
#6304 = DIRECTION('',(0.,0.,1.));
#6305 = PLANE('',#6306);
#6306 = AXIS2_PLACEMENT_3D('',#6307,#6308,#6309);
#6307 = CARTESIAN_POINT('',(69.197441116742,120.24241377865,208.));
#6308 = DIRECTION('',(1.,0.,-0.));
#6309 = DIRECTION('',(0.,-1.,0.));
#6310 = ADVANCED_FACE('',(#6311),#6329,.T.);
#6311 = FACE_BOUND('',#6312,.T.);
#6312 = EDGE_LOOP('',(#6313,#6321,#6327,#6328));
#6313 = ORIENTED_EDGE('',*,*,#6314,.T.);
#6314 = EDGE_CURVE('',#6262,#6315,#6317,.T.);
#6315 = VERTEX_POINT('',#6316);
#6316 = CARTESIAN_POINT('',(78.697441116742,120.24241377865,212.));
#6317 = LINE('',#6318,#6319);
#6318 = CARTESIAN_POINT('',(71.027803983042,124.67048084237,212.));
#6319 = VECTOR('',#6320,1.);
#6320 = DIRECTION('',(0.866025403784,-0.5,0.));
#6321 = ORIENTED_EDGE('',*,*,#6322,.T.);
#6322 = EDGE_CURVE('',#6315,#1187,#6323,.T.);
#6323 = LINE('',#6324,#6325);
#6324 = CARTESIAN_POINT('',(78.697441116742,120.24241377865,208.));
#6325 = VECTOR('',#6326,1.);
#6326 = DIRECTION('',(0.,0.,1.));
#6327 = ORIENTED_EDGE('',*,*,#1186,.F.);
#6328 = ORIENTED_EDGE('',*,*,#6269,.F.);
#6329 = PLANE('',#6330);
#6330 = AXIS2_PLACEMENT_3D('',#6331,#6332,#6333);
#6331 = CARTESIAN_POINT('',(78.697441116742,120.24241377865,208.));
#6332 = DIRECTION('',(-0.5,-0.866025403784,0.));
#6333 = DIRECTION('',(-0.866025403784,0.5,0.));
#6334 = ADVANCED_FACE('',(#6335),#6353,.T.);
#6335 = FACE_BOUND('',#6336,.T.);
#6336 = EDGE_LOOP('',(#6337,#6345,#6346,#6347));
#6337 = ORIENTED_EDGE('',*,*,#6338,.T.);
#6338 = EDGE_CURVE('',#6339,#6291,#6341,.T.);
#6339 = VERTEX_POINT('',#6340);
#6340 = CARTESIAN_POINT('',(73.947441116742,112.01517244269,212.));
#6341 = LINE('',#6342,#6343);
#6342 = CARTESIAN_POINT('',(63.902803983042,117.81444639575,212.));
#6343 = VECTOR('',#6344,1.);
#6344 = DIRECTION('',(-0.866025403784,0.5,0.));
#6345 = ORIENTED_EDGE('',*,*,#6300,.T.);
#6346 = ORIENTED_EDGE('',*,*,#1210,.F.);
#6347 = ORIENTED_EDGE('',*,*,#6348,.F.);
#6348 = EDGE_CURVE('',#6339,#1203,#6349,.T.);
#6349 = LINE('',#6350,#6351);
#6350 = CARTESIAN_POINT('',(73.947441116742,112.01517244269,208.));
#6351 = VECTOR('',#6352,1.);
#6352 = DIRECTION('',(0.,0.,1.));
#6353 = PLANE('',#6354);
#6354 = AXIS2_PLACEMENT_3D('',#6355,#6356,#6357);
#6355 = CARTESIAN_POINT('',(69.197441116742,114.75758622134,208.));
#6356 = DIRECTION('',(0.5,0.866025403784,-0.));
#6357 = DIRECTION('',(0.866025403784,-0.5,0.));
#6358 = ADVANCED_FACE('',(#6359),#6377,.T.);
#6359 = FACE_BOUND('',#6360,.T.);
#6360 = EDGE_LOOP('',(#6361,#6369,#6375,#6376));
#6361 = ORIENTED_EDGE('',*,*,#6362,.T.);
#6362 = EDGE_CURVE('',#6315,#6363,#6365,.T.);
#6363 = VERTEX_POINT('',#6364);
#6364 = CARTESIAN_POINT('',(78.697441116742,114.75758622134,212.));
#6365 = LINE('',#6366,#6367);
#6366 = CARTESIAN_POINT('',(78.697441116742,84.378793110675,212.));
#6367 = VECTOR('',#6368,1.);
#6368 = DIRECTION('',(0.,-1.,0.));
#6369 = ORIENTED_EDGE('',*,*,#6370,.T.);
#6370 = EDGE_CURVE('',#6363,#1195,#6371,.T.);
#6371 = LINE('',#6372,#6373);
#6372 = CARTESIAN_POINT('',(78.697441116742,114.75758622134,208.));
#6373 = VECTOR('',#6374,1.);
#6374 = DIRECTION('',(0.,0.,1.));
#6375 = ORIENTED_EDGE('',*,*,#1194,.F.);
#6376 = ORIENTED_EDGE('',*,*,#6322,.F.);
#6377 = PLANE('',#6378);
#6378 = AXIS2_PLACEMENT_3D('',#6379,#6380,#6381);
#6379 = CARTESIAN_POINT('',(78.697441116742,114.75758622134,208.));
#6380 = DIRECTION('',(-1.,0.,0.));
#6381 = DIRECTION('',(0.,1.,0.));
#6382 = ADVANCED_FACE('',(#6383),#6394,.T.);
#6383 = FACE_BOUND('',#6384,.T.);
#6384 = EDGE_LOOP('',(#6385,#6391,#6392,#6393));
#6385 = ORIENTED_EDGE('',*,*,#6386,.T.);
#6386 = EDGE_CURVE('',#6363,#6339,#6387,.T.);
#6387 = LINE('',#6388,#6389);
#6388 = CARTESIAN_POINT('',(41.156497412886,93.083312268295,212.));
#6389 = VECTOR('',#6390,1.);
#6390 = DIRECTION('',(-0.866025403784,-0.5,0.));
#6391 = ORIENTED_EDGE('',*,*,#6348,.T.);
#6392 = ORIENTED_EDGE('',*,*,#1202,.F.);
#6393 = ORIENTED_EDGE('',*,*,#6370,.F.);
#6394 = PLANE('',#6395);
#6395 = AXIS2_PLACEMENT_3D('',#6396,#6397,#6398);
#6396 = CARTESIAN_POINT('',(73.947441116742,112.01517244269,208.));
#6397 = DIRECTION('',(-0.5,0.866025403784,0.));
#6398 = DIRECTION('',(0.866025403784,0.5,0.));
#6399 = ADVANCED_FACE('',(#6400),#6425,.T.);
#6400 = FACE_BOUND('',#6401,.T.);
#6401 = EDGE_LOOP('',(#6402,#6412,#6418,#6419));
#6402 = ORIENTED_EDGE('',*,*,#6403,.T.);
#6403 = EDGE_CURVE('',#6404,#6406,#6408,.T.);
#6404 = VERTEX_POINT('',#6405);
#6405 = CARTESIAN_POINT('',(78.723720558371,120.24241377865,212.));
#6406 = VERTEX_POINT('',#6407);
#6407 = CARTESIAN_POINT('',(83.473720558371,122.9848275573,212.));
#6408 = LINE('',#6409,#6410);
#6409 = CARTESIAN_POINT('',(44.735422063904,100.61926049357,212.));
#6410 = VECTOR('',#6411,1.);
#6411 = DIRECTION('',(0.866025403784,0.5,-0.));
#6412 = ORIENTED_EDGE('',*,*,#6413,.T.);
#6413 = EDGE_CURVE('',#6406,#1229,#6414,.T.);
#6414 = LINE('',#6415,#6416);
#6415 = CARTESIAN_POINT('',(83.473720558371,122.9848275573,208.));
#6416 = VECTOR('',#6417,1.);
#6417 = DIRECTION('',(0.,0.,1.));
#6418 = ORIENTED_EDGE('',*,*,#1226,.F.);
#6419 = ORIENTED_EDGE('',*,*,#6420,.F.);
#6420 = EDGE_CURVE('',#6404,#1227,#6421,.T.);
#6421 = LINE('',#6422,#6423);
#6422 = CARTESIAN_POINT('',(78.723720558371,120.24241377865,208.));
#6423 = VECTOR('',#6424,1.);
#6424 = DIRECTION('',(0.,0.,1.));
#6425 = PLANE('',#6426);
#6426 = AXIS2_PLACEMENT_3D('',#6427,#6428,#6429);
#6427 = CARTESIAN_POINT('',(83.473720558371,122.9848275573,208.));
#6428 = DIRECTION('',(0.5,-0.866025403784,0.));
#6429 = DIRECTION('',(-0.866025403784,-0.5,0.));
#6430 = ADVANCED_FACE('',(#6431),#6449,.T.);
#6431 = FACE_BOUND('',#6432,.T.);
#6432 = EDGE_LOOP('',(#6433,#6441,#6442,#6443));
#6433 = ORIENTED_EDGE('',*,*,#6434,.T.);
#6434 = EDGE_CURVE('',#6435,#6404,#6437,.T.);
#6435 = VERTEX_POINT('',#6436);
#6436 = CARTESIAN_POINT('',(78.723720558371,114.75758622134,212.));
#6437 = LINE('',#6438,#6439);
#6438 = CARTESIAN_POINT('',(78.723720558371,87.121206889325,212.));
#6439 = VECTOR('',#6440,1.);
#6440 = DIRECTION('',(-0.,1.,0.));
#6441 = ORIENTED_EDGE('',*,*,#6420,.T.);
#6442 = ORIENTED_EDGE('',*,*,#1268,.F.);
#6443 = ORIENTED_EDGE('',*,*,#6444,.F.);
#6444 = EDGE_CURVE('',#6435,#1261,#6445,.T.);
#6445 = LINE('',#6446,#6447);
#6446 = CARTESIAN_POINT('',(78.723720558371,114.75758622134,208.));
#6447 = VECTOR('',#6448,1.);
#6448 = DIRECTION('',(0.,0.,1.));
#6449 = PLANE('',#6450);
#6450 = AXIS2_PLACEMENT_3D('',#6451,#6452,#6453);
#6451 = CARTESIAN_POINT('',(78.723720558371,120.24241377865,208.));
#6452 = DIRECTION('',(1.,0.,-0.));
#6453 = DIRECTION('',(0.,-1.,0.));
#6454 = ADVANCED_FACE('',(#6455),#6473,.T.);
#6455 = FACE_BOUND('',#6456,.T.);
#6456 = EDGE_LOOP('',(#6457,#6465,#6471,#6472));
#6457 = ORIENTED_EDGE('',*,*,#6458,.T.);
#6458 = EDGE_CURVE('',#6406,#6459,#6461,.T.);
#6459 = VERTEX_POINT('',#6460);
#6460 = CARTESIAN_POINT('',(88.223720558371,120.24241377865,212.));
#6461 = LINE('',#6462,#6463);
#6462 = CARTESIAN_POINT('',(76.98172863406,126.73298084237,212.));
#6463 = VECTOR('',#6464,1.);
#6464 = DIRECTION('',(0.866025403784,-0.5,0.));
#6465 = ORIENTED_EDGE('',*,*,#6466,.T.);
#6466 = EDGE_CURVE('',#6459,#1237,#6467,.T.);
#6467 = LINE('',#6468,#6469);
#6468 = CARTESIAN_POINT('',(88.223720558371,120.24241377865,208.));
#6469 = VECTOR('',#6470,1.);
#6470 = DIRECTION('',(0.,0.,1.));
#6471 = ORIENTED_EDGE('',*,*,#1236,.F.);
#6472 = ORIENTED_EDGE('',*,*,#6413,.F.);
#6473 = PLANE('',#6474);
#6474 = AXIS2_PLACEMENT_3D('',#6475,#6476,#6477);
#6475 = CARTESIAN_POINT('',(88.223720558371,120.24241377865,208.));
#6476 = DIRECTION('',(-0.5,-0.866025403784,0.));
#6477 = DIRECTION('',(-0.866025403784,0.5,0.));
#6478 = ADVANCED_FACE('',(#6479),#6497,.T.);
#6479 = FACE_BOUND('',#6480,.T.);
#6480 = EDGE_LOOP('',(#6481,#6489,#6490,#6491));
#6481 = ORIENTED_EDGE('',*,*,#6482,.T.);
#6482 = EDGE_CURVE('',#6483,#6435,#6485,.T.);
#6483 = VERTEX_POINT('',#6484);
#6484 = CARTESIAN_POINT('',(83.473720558371,112.01517244269,212.));
#6485 = LINE('',#6486,#6487);
#6486 = CARTESIAN_POINT('',(69.85672863406,119.87694639575,212.));
#6487 = VECTOR('',#6488,1.);
#6488 = DIRECTION('',(-0.866025403784,0.5,0.));
#6489 = ORIENTED_EDGE('',*,*,#6444,.T.);
#6490 = ORIENTED_EDGE('',*,*,#1260,.F.);
#6491 = ORIENTED_EDGE('',*,*,#6492,.F.);
#6492 = EDGE_CURVE('',#6483,#1253,#6493,.T.);
#6493 = LINE('',#6494,#6495);
#6494 = CARTESIAN_POINT('',(83.473720558371,112.01517244269,208.));
#6495 = VECTOR('',#6496,1.);
#6496 = DIRECTION('',(0.,0.,1.));
#6497 = PLANE('',#6498);
#6498 = AXIS2_PLACEMENT_3D('',#6499,#6500,#6501);
#6499 = CARTESIAN_POINT('',(78.723720558371,114.75758622134,208.));
#6500 = DIRECTION('',(0.5,0.866025403784,-0.));
#6501 = DIRECTION('',(0.866025403784,-0.5,0.));
#6502 = ADVANCED_FACE('',(#6503),#6521,.T.);
#6503 = FACE_BOUND('',#6504,.T.);
#6504 = EDGE_LOOP('',(#6505,#6513,#6519,#6520));
#6505 = ORIENTED_EDGE('',*,*,#6506,.T.);
#6506 = EDGE_CURVE('',#6459,#6507,#6509,.T.);
#6507 = VERTEX_POINT('',#6508);
#6508 = CARTESIAN_POINT('',(88.223720558371,114.75758622134,212.));
#6509 = LINE('',#6510,#6511);
#6510 = CARTESIAN_POINT('',(88.223720558371,84.378793110675,212.));
#6511 = VECTOR('',#6512,1.);
#6512 = DIRECTION('',(0.,-1.,0.));
#6513 = ORIENTED_EDGE('',*,*,#6514,.T.);
#6514 = EDGE_CURVE('',#6507,#1245,#6515,.T.);
#6515 = LINE('',#6516,#6517);
#6516 = CARTESIAN_POINT('',(88.223720558371,114.75758622134,208.));
#6517 = VECTOR('',#6518,1.);
#6518 = DIRECTION('',(0.,0.,1.));
#6519 = ORIENTED_EDGE('',*,*,#1244,.F.);
#6520 = ORIENTED_EDGE('',*,*,#6466,.F.);
#6521 = PLANE('',#6522);
#6522 = AXIS2_PLACEMENT_3D('',#6523,#6524,#6525);
#6523 = CARTESIAN_POINT('',(88.223720558371,114.75758622134,208.));
#6524 = DIRECTION('',(-1.,0.,0.));
#6525 = DIRECTION('',(0.,1.,0.));
#6526 = ADVANCED_FACE('',(#6527),#6538,.T.);
#6527 = FACE_BOUND('',#6528,.T.);
#6528 = EDGE_LOOP('',(#6529,#6535,#6536,#6537));
#6529 = ORIENTED_EDGE('',*,*,#6530,.T.);
#6530 = EDGE_CURVE('',#6507,#6483,#6531,.T.);
#6531 = LINE('',#6532,#6533);
#6532 = CARTESIAN_POINT('',(47.110422063904,91.020812268295,212.));
#6533 = VECTOR('',#6534,1.);
#6534 = DIRECTION('',(-0.866025403784,-0.5,0.));
#6535 = ORIENTED_EDGE('',*,*,#6492,.T.);
#6536 = ORIENTED_EDGE('',*,*,#1252,.F.);
#6537 = ORIENTED_EDGE('',*,*,#6514,.F.);
#6538 = PLANE('',#6539);
#6539 = AXIS2_PLACEMENT_3D('',#6540,#6541,#6542);
#6540 = CARTESIAN_POINT('',(83.473720558371,112.01517244269,208.));
#6541 = DIRECTION('',(-0.5,0.866025403784,0.));
#6542 = DIRECTION('',(0.866025403784,0.5,0.));
#6543 = ADVANCED_FACE('',(#6544),#6569,.T.);
#6544 = FACE_BOUND('',#6545,.T.);
#6545 = EDGE_LOOP('',(#6546,#6556,#6562,#6563));
#6546 = ORIENTED_EDGE('',*,*,#6547,.T.);
#6547 = EDGE_CURVE('',#6548,#6550,#6552,.T.);
#6548 = VERTEX_POINT('',#6549);
#6549 = CARTESIAN_POINT('',(64.434301395928,128.49241377865,212.));
#6550 = VERTEX_POINT('',#6551);
#6551 = CARTESIAN_POINT('',(69.184301395928,131.2348275573,212.));
#6552 = LINE('',#6553,#6554);
#6553 = CARTESIAN_POINT('',(34.018357692072,110.93176049357,212.));
#6554 = VECTOR('',#6555,1.);
#6555 = DIRECTION('',(0.866025403784,0.5,-0.));
#6556 = ORIENTED_EDGE('',*,*,#6557,.T.);
#6557 = EDGE_CURVE('',#6550,#1279,#6558,.T.);
#6558 = LINE('',#6559,#6560);
#6559 = CARTESIAN_POINT('',(69.184301395928,131.2348275573,208.));
#6560 = VECTOR('',#6561,1.);
#6561 = DIRECTION('',(0.,0.,1.));
#6562 = ORIENTED_EDGE('',*,*,#1276,.F.);
#6563 = ORIENTED_EDGE('',*,*,#6564,.F.);
#6564 = EDGE_CURVE('',#6548,#1277,#6565,.T.);
#6565 = LINE('',#6566,#6567);
#6566 = CARTESIAN_POINT('',(64.434301395928,128.49241377865,208.));
#6567 = VECTOR('',#6568,1.);
#6568 = DIRECTION('',(0.,0.,1.));
#6569 = PLANE('',#6570);
#6570 = AXIS2_PLACEMENT_3D('',#6571,#6572,#6573);
#6571 = CARTESIAN_POINT('',(69.184301395928,131.2348275573,208.));
#6572 = DIRECTION('',(0.5,-0.866025403784,0.));
#6573 = DIRECTION('',(-0.866025403784,-0.5,0.));
#6574 = ADVANCED_FACE('',(#6575),#6593,.T.);
#6575 = FACE_BOUND('',#6576,.T.);
#6576 = EDGE_LOOP('',(#6577,#6585,#6586,#6587));
#6577 = ORIENTED_EDGE('',*,*,#6578,.T.);
#6578 = EDGE_CURVE('',#6579,#6548,#6581,.T.);
#6579 = VERTEX_POINT('',#6580);
#6580 = CARTESIAN_POINT('',(64.434301395928,123.00758622134,212.));
#6581 = LINE('',#6582,#6583);
#6582 = CARTESIAN_POINT('',(64.434301395928,91.246206889325,212.));
#6583 = VECTOR('',#6584,1.);
#6584 = DIRECTION('',(-0.,1.,0.));
#6585 = ORIENTED_EDGE('',*,*,#6564,.T.);
#6586 = ORIENTED_EDGE('',*,*,#1318,.F.);
#6587 = ORIENTED_EDGE('',*,*,#6588,.F.);
#6588 = EDGE_CURVE('',#6579,#1311,#6589,.T.);
#6589 = LINE('',#6590,#6591);
#6590 = CARTESIAN_POINT('',(64.434301395928,123.00758622134,208.));
#6591 = VECTOR('',#6592,1.);
#6592 = DIRECTION('',(0.,0.,1.));
#6593 = PLANE('',#6594);
#6594 = AXIS2_PLACEMENT_3D('',#6595,#6596,#6597);
#6595 = CARTESIAN_POINT('',(64.434301395928,128.49241377865,208.));
#6596 = DIRECTION('',(1.,0.,-0.));
#6597 = DIRECTION('',(0.,-1.,0.));
#6598 = ADVANCED_FACE('',(#6599),#6617,.T.);
#6599 = FACE_BOUND('',#6600,.T.);
#6600 = EDGE_LOOP('',(#6601,#6609,#6615,#6616));
#6601 = ORIENTED_EDGE('',*,*,#6602,.T.);
#6602 = EDGE_CURVE('',#6550,#6603,#6605,.T.);
#6603 = VERTEX_POINT('',#6604);
#6604 = CARTESIAN_POINT('',(73.934301395928,128.49241377865,212.));
#6605 = LINE('',#6606,#6607);
#6606 = CARTESIAN_POINT('',(69.837019052838,130.85798084237,212.));
#6607 = VECTOR('',#6608,1.);
#6608 = DIRECTION('',(0.866025403784,-0.5,0.));
#6609 = ORIENTED_EDGE('',*,*,#6610,.T.);
#6610 = EDGE_CURVE('',#6603,#1287,#6611,.T.);
#6611 = LINE('',#6612,#6613);
#6612 = CARTESIAN_POINT('',(73.934301395928,128.49241377865,208.));
#6613 = VECTOR('',#6614,1.);
#6614 = DIRECTION('',(0.,0.,1.));
#6615 = ORIENTED_EDGE('',*,*,#1286,.F.);
#6616 = ORIENTED_EDGE('',*,*,#6557,.F.);
#6617 = PLANE('',#6618);
#6618 = AXIS2_PLACEMENT_3D('',#6619,#6620,#6621);
#6619 = CARTESIAN_POINT('',(73.934301395928,128.49241377865,208.));
#6620 = DIRECTION('',(-0.5,-0.866025403784,0.));
#6621 = DIRECTION('',(-0.866025403784,0.5,0.));
#6622 = ADVANCED_FACE('',(#6623),#6641,.T.);
#6623 = FACE_BOUND('',#6624,.T.);
#6624 = EDGE_LOOP('',(#6625,#6633,#6634,#6635));
#6625 = ORIENTED_EDGE('',*,*,#6626,.T.);
#6626 = EDGE_CURVE('',#6627,#6579,#6629,.T.);
#6627 = VERTEX_POINT('',#6628);
#6628 = CARTESIAN_POINT('',(69.184301395928,120.26517244269,212.));
#6629 = LINE('',#6630,#6631);
#6630 = CARTESIAN_POINT('',(62.712019052838,124.00194639575,212.));
#6631 = VECTOR('',#6632,1.);
#6632 = DIRECTION('',(-0.866025403784,0.5,0.));
#6633 = ORIENTED_EDGE('',*,*,#6588,.T.);
#6634 = ORIENTED_EDGE('',*,*,#1310,.F.);
#6635 = ORIENTED_EDGE('',*,*,#6636,.F.);
#6636 = EDGE_CURVE('',#6627,#1303,#6637,.T.);
#6637 = LINE('',#6638,#6639);
#6638 = CARTESIAN_POINT('',(69.184301395928,120.26517244269,208.));
#6639 = VECTOR('',#6640,1.);
#6640 = DIRECTION('',(0.,0.,1.));
#6641 = PLANE('',#6642);
#6642 = AXIS2_PLACEMENT_3D('',#6643,#6644,#6645);
#6643 = CARTESIAN_POINT('',(64.434301395928,123.00758622134,208.));
#6644 = DIRECTION('',(0.5,0.866025403784,-0.));
#6645 = DIRECTION('',(0.866025403784,-0.5,0.));
#6646 = ADVANCED_FACE('',(#6647),#6665,.T.);
#6647 = FACE_BOUND('',#6648,.T.);
#6648 = EDGE_LOOP('',(#6649,#6657,#6663,#6664));
#6649 = ORIENTED_EDGE('',*,*,#6650,.T.);
#6650 = EDGE_CURVE('',#6603,#6651,#6653,.T.);
#6651 = VERTEX_POINT('',#6652);
#6652 = CARTESIAN_POINT('',(73.934301395928,123.00758622134,212.));
#6653 = LINE('',#6654,#6655);
#6654 = CARTESIAN_POINT('',(73.934301395928,88.503793110675,212.));
#6655 = VECTOR('',#6656,1.);
#6656 = DIRECTION('',(0.,-1.,0.));
#6657 = ORIENTED_EDGE('',*,*,#6658,.T.);
#6658 = EDGE_CURVE('',#6651,#1295,#6659,.T.);
#6659 = LINE('',#6660,#6661);
#6660 = CARTESIAN_POINT('',(73.934301395928,123.00758622134,208.));
#6661 = VECTOR('',#6662,1.);
#6662 = DIRECTION('',(0.,0.,1.));
#6663 = ORIENTED_EDGE('',*,*,#1294,.F.);
#6664 = ORIENTED_EDGE('',*,*,#6610,.F.);
#6665 = PLANE('',#6666);
#6666 = AXIS2_PLACEMENT_3D('',#6667,#6668,#6669);
#6667 = CARTESIAN_POINT('',(73.934301395928,123.00758622134,208.));
#6668 = DIRECTION('',(-1.,0.,0.));
#6669 = DIRECTION('',(0.,1.,0.));
#6670 = ADVANCED_FACE('',(#6671),#6682,.T.);
#6671 = FACE_BOUND('',#6672,.T.);
#6672 = EDGE_LOOP('',(#6673,#6679,#6680,#6681));
#6673 = ORIENTED_EDGE('',*,*,#6674,.T.);
#6674 = EDGE_CURVE('',#6651,#6627,#6675,.T.);
#6675 = LINE('',#6676,#6677);
#6676 = CARTESIAN_POINT('',(36.393357692072,101.33331226829,212.));
#6677 = VECTOR('',#6678,1.);
#6678 = DIRECTION('',(-0.866025403784,-0.5,0.));
#6679 = ORIENTED_EDGE('',*,*,#6636,.T.);
#6680 = ORIENTED_EDGE('',*,*,#1302,.F.);
#6681 = ORIENTED_EDGE('',*,*,#6658,.F.);
#6682 = PLANE('',#6683);
#6683 = AXIS2_PLACEMENT_3D('',#6684,#6685,#6686);
#6684 = CARTESIAN_POINT('',(69.184301395928,120.26517244269,208.));
#6685 = DIRECTION('',(-0.5,0.866025403784,0.));
#6686 = DIRECTION('',(0.866025403784,0.5,0.));
#6687 = ADVANCED_FACE('',(#6688),#6713,.T.);
#6688 = FACE_BOUND('',#6689,.T.);
#6689 = EDGE_LOOP('',(#6690,#6700,#6706,#6707));
#6690 = ORIENTED_EDGE('',*,*,#6691,.T.);
#6691 = EDGE_CURVE('',#6692,#6694,#6696,.T.);
#6692 = VERTEX_POINT('',#6693);
#6693 = CARTESIAN_POINT('',(73.960580837557,128.49241377865,212.));
#6694 = VERTEX_POINT('',#6695);
#6695 = CARTESIAN_POINT('',(78.710580837557,131.2348275573,212.));
#6696 = LINE('',#6697,#6698);
#6697 = CARTESIAN_POINT('',(39.97228234309,108.86926049357,212.));
#6698 = VECTOR('',#6699,1.);
#6699 = DIRECTION('',(0.866025403784,0.5,-0.));
#6700 = ORIENTED_EDGE('',*,*,#6701,.T.);
#6701 = EDGE_CURVE('',#6694,#1329,#6702,.T.);
#6702 = LINE('',#6703,#6704);
#6703 = CARTESIAN_POINT('',(78.710580837557,131.2348275573,208.));
#6704 = VECTOR('',#6705,1.);
#6705 = DIRECTION('',(0.,0.,1.));
#6706 = ORIENTED_EDGE('',*,*,#1326,.F.);
#6707 = ORIENTED_EDGE('',*,*,#6708,.F.);
#6708 = EDGE_CURVE('',#6692,#1327,#6709,.T.);
#6709 = LINE('',#6710,#6711);
#6710 = CARTESIAN_POINT('',(73.960580837557,128.49241377865,208.));
#6711 = VECTOR('',#6712,1.);
#6712 = DIRECTION('',(0.,0.,1.));
#6713 = PLANE('',#6714);
#6714 = AXIS2_PLACEMENT_3D('',#6715,#6716,#6717);
#6715 = CARTESIAN_POINT('',(78.710580837557,131.2348275573,208.));
#6716 = DIRECTION('',(0.5,-0.866025403784,0.));
#6717 = DIRECTION('',(-0.866025403784,-0.5,0.));
#6718 = ADVANCED_FACE('',(#6719),#6737,.T.);
#6719 = FACE_BOUND('',#6720,.T.);
#6720 = EDGE_LOOP('',(#6721,#6729,#6730,#6731));
#6721 = ORIENTED_EDGE('',*,*,#6722,.T.);
#6722 = EDGE_CURVE('',#6723,#6692,#6725,.T.);
#6723 = VERTEX_POINT('',#6724);
#6724 = CARTESIAN_POINT('',(73.960580837557,123.00758622134,212.));
#6725 = LINE('',#6726,#6727);
#6726 = CARTESIAN_POINT('',(73.960580837557,91.246206889325,212.));
#6727 = VECTOR('',#6728,1.);
#6728 = DIRECTION('',(-0.,1.,0.));
#6729 = ORIENTED_EDGE('',*,*,#6708,.T.);
#6730 = ORIENTED_EDGE('',*,*,#1368,.F.);
#6731 = ORIENTED_EDGE('',*,*,#6732,.F.);
#6732 = EDGE_CURVE('',#6723,#1361,#6733,.T.);
#6733 = LINE('',#6734,#6735);
#6734 = CARTESIAN_POINT('',(73.960580837557,123.00758622134,208.));
#6735 = VECTOR('',#6736,1.);
#6736 = DIRECTION('',(0.,0.,1.));
#6737 = PLANE('',#6738);
#6738 = AXIS2_PLACEMENT_3D('',#6739,#6740,#6741);
#6739 = CARTESIAN_POINT('',(73.960580837557,128.49241377865,208.));
#6740 = DIRECTION('',(1.,0.,-0.));
#6741 = DIRECTION('',(0.,-1.,0.));
#6742 = ADVANCED_FACE('',(#6743),#6761,.T.);
#6743 = FACE_BOUND('',#6744,.T.);
#6744 = EDGE_LOOP('',(#6745,#6753,#6759,#6760));
#6745 = ORIENTED_EDGE('',*,*,#6746,.T.);
#6746 = EDGE_CURVE('',#6694,#6747,#6749,.T.);
#6747 = VERTEX_POINT('',#6748);
#6748 = CARTESIAN_POINT('',(83.460580837557,128.49241377865,212.));
#6749 = LINE('',#6750,#6751);
#6750 = CARTESIAN_POINT('',(75.790943703856,132.92048084237,212.));
#6751 = VECTOR('',#6752,1.);
#6752 = DIRECTION('',(0.866025403784,-0.5,0.));
#6753 = ORIENTED_EDGE('',*,*,#6754,.T.);
#6754 = EDGE_CURVE('',#6747,#1337,#6755,.T.);
#6755 = LINE('',#6756,#6757);
#6756 = CARTESIAN_POINT('',(83.460580837557,128.49241377865,208.));
#6757 = VECTOR('',#6758,1.);
#6758 = DIRECTION('',(0.,0.,1.));
#6759 = ORIENTED_EDGE('',*,*,#1336,.F.);
#6760 = ORIENTED_EDGE('',*,*,#6701,.F.);
#6761 = PLANE('',#6762);
#6762 = AXIS2_PLACEMENT_3D('',#6763,#6764,#6765);
#6763 = CARTESIAN_POINT('',(83.460580837557,128.49241377865,208.));
#6764 = DIRECTION('',(-0.5,-0.866025403784,0.));
#6765 = DIRECTION('',(-0.866025403784,0.5,0.));
#6766 = ADVANCED_FACE('',(#6767),#6785,.T.);
#6767 = FACE_BOUND('',#6768,.T.);
#6768 = EDGE_LOOP('',(#6769,#6777,#6778,#6779));
#6769 = ORIENTED_EDGE('',*,*,#6770,.T.);
#6770 = EDGE_CURVE('',#6771,#6723,#6773,.T.);
#6771 = VERTEX_POINT('',#6772);
#6772 = CARTESIAN_POINT('',(78.710580837557,120.26517244269,212.));
#6773 = LINE('',#6774,#6775);
#6774 = CARTESIAN_POINT('',(68.665943703856,126.06444639575,212.));
#6775 = VECTOR('',#6776,1.);
#6776 = DIRECTION('',(-0.866025403784,0.5,0.));
#6777 = ORIENTED_EDGE('',*,*,#6732,.T.);
#6778 = ORIENTED_EDGE('',*,*,#1360,.F.);
#6779 = ORIENTED_EDGE('',*,*,#6780,.F.);
#6780 = EDGE_CURVE('',#6771,#1353,#6781,.T.);
#6781 = LINE('',#6782,#6783);
#6782 = CARTESIAN_POINT('',(78.710580837557,120.26517244269,208.));
#6783 = VECTOR('',#6784,1.);
#6784 = DIRECTION('',(0.,0.,1.));
#6785 = PLANE('',#6786);
#6786 = AXIS2_PLACEMENT_3D('',#6787,#6788,#6789);
#6787 = CARTESIAN_POINT('',(73.960580837557,123.00758622134,208.));
#6788 = DIRECTION('',(0.5,0.866025403784,-0.));
#6789 = DIRECTION('',(0.866025403784,-0.5,0.));
#6790 = ADVANCED_FACE('',(#6791),#6809,.T.);
#6791 = FACE_BOUND('',#6792,.T.);
#6792 = EDGE_LOOP('',(#6793,#6801,#6807,#6808));
#6793 = ORIENTED_EDGE('',*,*,#6794,.T.);
#6794 = EDGE_CURVE('',#6747,#6795,#6797,.T.);
#6795 = VERTEX_POINT('',#6796);
#6796 = CARTESIAN_POINT('',(83.460580837557,123.00758622134,212.));
#6797 = LINE('',#6798,#6799);
#6798 = CARTESIAN_POINT('',(83.460580837557,88.503793110675,212.));
#6799 = VECTOR('',#6800,1.);
#6800 = DIRECTION('',(0.,-1.,0.));
#6801 = ORIENTED_EDGE('',*,*,#6802,.T.);
#6802 = EDGE_CURVE('',#6795,#1345,#6803,.T.);
#6803 = LINE('',#6804,#6805);
#6804 = CARTESIAN_POINT('',(83.460580837557,123.00758622134,208.));
#6805 = VECTOR('',#6806,1.);
#6806 = DIRECTION('',(0.,0.,1.));
#6807 = ORIENTED_EDGE('',*,*,#1344,.F.);
#6808 = ORIENTED_EDGE('',*,*,#6754,.F.);
#6809 = PLANE('',#6810);
#6810 = AXIS2_PLACEMENT_3D('',#6811,#6812,#6813);
#6811 = CARTESIAN_POINT('',(83.460580837557,123.00758622134,208.));
#6812 = DIRECTION('',(-1.,0.,0.));
#6813 = DIRECTION('',(0.,1.,0.));
#6814 = ADVANCED_FACE('',(#6815),#6826,.T.);
#6815 = FACE_BOUND('',#6816,.T.);
#6816 = EDGE_LOOP('',(#6817,#6823,#6824,#6825));
#6817 = ORIENTED_EDGE('',*,*,#6818,.T.);
#6818 = EDGE_CURVE('',#6795,#6771,#6819,.T.);
#6819 = LINE('',#6820,#6821);
#6820 = CARTESIAN_POINT('',(42.34728234309,99.270812268295,212.));
#6821 = VECTOR('',#6822,1.);
#6822 = DIRECTION('',(-0.866025403784,-0.5,0.));
#6823 = ORIENTED_EDGE('',*,*,#6780,.T.);
#6824 = ORIENTED_EDGE('',*,*,#1352,.F.);
#6825 = ORIENTED_EDGE('',*,*,#6802,.F.);
#6826 = PLANE('',#6827);
#6827 = AXIS2_PLACEMENT_3D('',#6828,#6829,#6830);
#6828 = CARTESIAN_POINT('',(78.710580837557,120.26517244269,208.));
#6829 = DIRECTION('',(-0.5,0.866025403784,0.));
#6830 = DIRECTION('',(0.866025403784,0.5,0.));
#6831 = ADVANCED_FACE('',(#6832),#6851,.F.);
#6832 = FACE_BOUND('',#6833,.F.);
#6833 = EDGE_LOOP('',(#6834,#6835,#6843,#6850));
#6834 = ORIENTED_EDGE('',*,*,#1376,.F.);
#6835 = ORIENTED_EDGE('',*,*,#6836,.F.);
#6836 = EDGE_CURVE('',#6837,#1377,#6839,.T.);
#6837 = VERTEX_POINT('',#6838);
#6838 = CARTESIAN_POINT('',(53.85,142.25,212.));
#6839 = LINE('',#6840,#6841);
#6840 = CARTESIAN_POINT('',(53.85,142.25,208.));
#6841 = VECTOR('',#6842,1.);
#6842 = DIRECTION('',(0.,0.,1.));
#6843 = ORIENTED_EDGE('',*,*,#6844,.T.);
#6844 = EDGE_CURVE('',#6837,#6837,#6845,.T.);
#6845 = CIRCLE('',#6846,2.1);
#6846 = AXIS2_PLACEMENT_3D('',#6847,#6848,#6849);
#6847 = CARTESIAN_POINT('',(51.75,142.25,212.));
#6848 = DIRECTION('',(0.,0.,1.));
#6849 = DIRECTION('',(1.,0.,-0.));
#6850 = ORIENTED_EDGE('',*,*,#6836,.T.);
#6851 = CYLINDRICAL_SURFACE('',#6852,2.1);
#6852 = AXIS2_PLACEMENT_3D('',#6853,#6854,#6855);
#6853 = CARTESIAN_POINT('',(51.75,142.25,208.));
#6854 = DIRECTION('',(0.,0.,1.));
#6855 = DIRECTION('',(1.,0.,-0.));
#6856 = ADVANCED_FACE('',(#6857),#6882,.T.);
#6857 = FACE_BOUND('',#6858,.T.);
#6858 = EDGE_LOOP('',(#6859,#6869,#6875,#6876));
#6859 = ORIENTED_EDGE('',*,*,#6860,.T.);
#6860 = EDGE_CURVE('',#6861,#6863,#6865,.T.);
#6861 = VERTEX_POINT('',#6862);
#6862 = CARTESIAN_POINT('',(78.723720558371,136.74241377865,212.));
#6863 = VERTEX_POINT('',#6864);
#6864 = CARTESIAN_POINT('',(83.473720558371,139.4848275573,212.));
#6865 = LINE('',#6866,#6867);
#6866 = CARTESIAN_POINT('',(41.163067273293,115.05676049357,212.));
#6867 = VECTOR('',#6868,1.);
#6868 = DIRECTION('',(0.866025403784,0.5,-0.));
#6869 = ORIENTED_EDGE('',*,*,#6870,.T.);
#6870 = EDGE_CURVE('',#6863,#1390,#6871,.T.);
#6871 = LINE('',#6872,#6873);
#6872 = CARTESIAN_POINT('',(83.473720558371,139.4848275573,208.));
#6873 = VECTOR('',#6874,1.);
#6874 = DIRECTION('',(0.,0.,1.));
#6875 = ORIENTED_EDGE('',*,*,#1387,.F.);
#6876 = ORIENTED_EDGE('',*,*,#6877,.F.);
#6877 = EDGE_CURVE('',#6861,#1388,#6878,.T.);
#6878 = LINE('',#6879,#6880);
#6879 = CARTESIAN_POINT('',(78.723720558371,136.74241377865,208.));
#6880 = VECTOR('',#6881,1.);
#6881 = DIRECTION('',(0.,0.,1.));
#6882 = PLANE('',#6883);
#6883 = AXIS2_PLACEMENT_3D('',#6884,#6885,#6886);
#6884 = CARTESIAN_POINT('',(83.473720558371,139.4848275573,208.));
#6885 = DIRECTION('',(0.5,-0.866025403784,0.));
#6886 = DIRECTION('',(-0.866025403784,-0.5,0.));
#6887 = ADVANCED_FACE('',(#6888),#6906,.T.);
#6888 = FACE_BOUND('',#6889,.T.);
#6889 = EDGE_LOOP('',(#6890,#6898,#6899,#6900));
#6890 = ORIENTED_EDGE('',*,*,#6891,.T.);
#6891 = EDGE_CURVE('',#6892,#6861,#6894,.T.);
#6892 = VERTEX_POINT('',#6893);
#6893 = CARTESIAN_POINT('',(78.723720558371,131.25758622134,212.));
#6894 = LINE('',#6895,#6896);
#6895 = CARTESIAN_POINT('',(78.723720558371,95.371206889325,212.));
#6896 = VECTOR('',#6897,1.);
#6897 = DIRECTION('',(-0.,1.,0.));
#6898 = ORIENTED_EDGE('',*,*,#6877,.T.);
#6899 = ORIENTED_EDGE('',*,*,#1429,.F.);
#6900 = ORIENTED_EDGE('',*,*,#6901,.F.);
#6901 = EDGE_CURVE('',#6892,#1422,#6902,.T.);
#6902 = LINE('',#6903,#6904);
#6903 = CARTESIAN_POINT('',(78.723720558371,131.25758622134,208.));
#6904 = VECTOR('',#6905,1.);
#6905 = DIRECTION('',(0.,0.,1.));
#6906 = PLANE('',#6907);
#6907 = AXIS2_PLACEMENT_3D('',#6908,#6909,#6910);
#6908 = CARTESIAN_POINT('',(78.723720558371,136.74241377865,208.));
#6909 = DIRECTION('',(1.,0.,-0.));
#6910 = DIRECTION('',(0.,-1.,0.));
#6911 = ADVANCED_FACE('',(#6912),#6930,.T.);
#6912 = FACE_BOUND('',#6913,.T.);
#6913 = EDGE_LOOP('',(#6914,#6922,#6928,#6929));
#6914 = ORIENTED_EDGE('',*,*,#6915,.T.);
#6915 = EDGE_CURVE('',#6863,#6916,#6918,.T.);
#6916 = VERTEX_POINT('',#6917);
#6917 = CARTESIAN_POINT('',(88.223720558371,136.74241377865,212.));
#6918 = LINE('',#6919,#6920);
#6919 = CARTESIAN_POINT('',(80.554083424671,141.17048084237,212.));
#6920 = VECTOR('',#6921,1.);
#6921 = DIRECTION('',(0.866025403784,-0.5,0.));
#6922 = ORIENTED_EDGE('',*,*,#6923,.T.);
#6923 = EDGE_CURVE('',#6916,#1398,#6924,.T.);
#6924 = LINE('',#6925,#6926);
#6925 = CARTESIAN_POINT('',(88.223720558371,136.74241377865,208.));
#6926 = VECTOR('',#6927,1.);
#6927 = DIRECTION('',(0.,0.,1.));
#6928 = ORIENTED_EDGE('',*,*,#1397,.F.);
#6929 = ORIENTED_EDGE('',*,*,#6870,.F.);
#6930 = PLANE('',#6931);
#6931 = AXIS2_PLACEMENT_3D('',#6932,#6933,#6934);
#6932 = CARTESIAN_POINT('',(88.223720558371,136.74241377865,208.));
#6933 = DIRECTION('',(-0.5,-0.866025403784,0.));
#6934 = DIRECTION('',(-0.866025403784,0.5,0.));
#6935 = ADVANCED_FACE('',(#6936),#6954,.T.);
#6936 = FACE_BOUND('',#6937,.T.);
#6937 = EDGE_LOOP('',(#6938,#6946,#6947,#6948));
#6938 = ORIENTED_EDGE('',*,*,#6939,.T.);
#6939 = EDGE_CURVE('',#6940,#6892,#6942,.T.);
#6940 = VERTEX_POINT('',#6941);
#6941 = CARTESIAN_POINT('',(83.473720558371,128.51517244269,212.));
#6942 = LINE('',#6943,#6944);
#6943 = CARTESIAN_POINT('',(73.429083424671,134.31444639575,212.));
#6944 = VECTOR('',#6945,1.);
#6945 = DIRECTION('',(-0.866025403784,0.5,0.));
#6946 = ORIENTED_EDGE('',*,*,#6901,.T.);
#6947 = ORIENTED_EDGE('',*,*,#1421,.F.);
#6948 = ORIENTED_EDGE('',*,*,#6949,.F.);
#6949 = EDGE_CURVE('',#6940,#1414,#6950,.T.);
#6950 = LINE('',#6951,#6952);
#6951 = CARTESIAN_POINT('',(83.473720558371,128.51517244269,208.));
#6952 = VECTOR('',#6953,1.);
#6953 = DIRECTION('',(0.,0.,1.));
#6954 = PLANE('',#6955);
#6955 = AXIS2_PLACEMENT_3D('',#6956,#6957,#6958);
#6956 = CARTESIAN_POINT('',(78.723720558371,131.25758622134,208.));
#6957 = DIRECTION('',(0.5,0.866025403784,-0.));
#6958 = DIRECTION('',(0.866025403784,-0.5,0.));
#6959 = ADVANCED_FACE('',(#6960),#6978,.T.);
#6960 = FACE_BOUND('',#6961,.T.);
#6961 = EDGE_LOOP('',(#6962,#6970,#6976,#6977));
#6962 = ORIENTED_EDGE('',*,*,#6963,.T.);
#6963 = EDGE_CURVE('',#6916,#6964,#6966,.T.);
#6964 = VERTEX_POINT('',#6965);
#6965 = CARTESIAN_POINT('',(88.223720558371,131.25758622134,212.));
#6966 = LINE('',#6967,#6968);
#6967 = CARTESIAN_POINT('',(88.223720558371,92.628793110675,212.));
#6968 = VECTOR('',#6969,1.);
#6969 = DIRECTION('',(0.,-1.,0.));
#6970 = ORIENTED_EDGE('',*,*,#6971,.T.);
#6971 = EDGE_CURVE('',#6964,#1406,#6972,.T.);
#6972 = LINE('',#6973,#6974);
#6973 = CARTESIAN_POINT('',(88.223720558371,131.25758622134,208.));
#6974 = VECTOR('',#6975,1.);
#6975 = DIRECTION('',(0.,0.,1.));
#6976 = ORIENTED_EDGE('',*,*,#1405,.F.);
#6977 = ORIENTED_EDGE('',*,*,#6923,.F.);
#6978 = PLANE('',#6979);
#6979 = AXIS2_PLACEMENT_3D('',#6980,#6981,#6982);
#6980 = CARTESIAN_POINT('',(88.223720558371,131.25758622134,208.));
#6981 = DIRECTION('',(-1.,0.,0.));
#6982 = DIRECTION('',(0.,1.,0.));
#6983 = ADVANCED_FACE('',(#6984),#6995,.T.);
#6984 = FACE_BOUND('',#6985,.T.);
#6985 = EDGE_LOOP('',(#6986,#6992,#6993,#6994));
#6986 = ORIENTED_EDGE('',*,*,#6987,.T.);
#6987 = EDGE_CURVE('',#6964,#6940,#6988,.T.);
#6988 = LINE('',#6989,#6990);
#6989 = CARTESIAN_POINT('',(43.538067273293,105.45831226829,212.));
#6990 = VECTOR('',#6991,1.);
#6991 = DIRECTION('',(-0.866025403784,-0.5,0.));
#6992 = ORIENTED_EDGE('',*,*,#6949,.T.);
#6993 = ORIENTED_EDGE('',*,*,#1413,.F.);
#6994 = ORIENTED_EDGE('',*,*,#6971,.F.);
#6995 = PLANE('',#6996);
#6996 = AXIS2_PLACEMENT_3D('',#6997,#6998,#6999);
#6997 = CARTESIAN_POINT('',(83.473720558371,128.51517244269,208.));
#6998 = DIRECTION('',(-0.5,0.866025403784,0.));
#6999 = DIRECTION('',(0.866025403784,0.5,0.));
#7000 = ADVANCED_FACE('',(#7001),#7026,.T.);
#7001 = FACE_BOUND('',#7002,.T.);
#7002 = EDGE_LOOP('',(#7003,#7013,#7019,#7020));
#7003 = ORIENTED_EDGE('',*,*,#7004,.T.);
#7004 = EDGE_CURVE('',#7005,#7007,#7009,.T.);
#7005 = VERTEX_POINT('',#7006);
#7006 = CARTESIAN_POINT('',(83.486860279186,78.992413778651,212.));
#7007 = VERTEX_POINT('',#7008);
#7008 = CARTESIAN_POINT('',(88.236860279186,81.734827557301,212.));
#7009 = LINE('',#7010,#7011);
#7010 = CARTESIAN_POINT('',(56.64327136594,63.494260493573,212.));
#7011 = VECTOR('',#7012,1.);
#7012 = DIRECTION('',(0.866025403784,0.5,-0.));
#7013 = ORIENTED_EDGE('',*,*,#7014,.T.);
#7014 = EDGE_CURVE('',#7007,#1440,#7015,.T.);
#7015 = LINE('',#7016,#7017);
#7016 = CARTESIAN_POINT('',(88.236860279186,81.734827557301,208.));
#7017 = VECTOR('',#7018,1.);
#7018 = DIRECTION('',(0.,0.,1.));
#7019 = ORIENTED_EDGE('',*,*,#1437,.F.);
#7020 = ORIENTED_EDGE('',*,*,#7021,.F.);
#7021 = EDGE_CURVE('',#7005,#1438,#7022,.T.);
#7022 = LINE('',#7023,#7024);
#7023 = CARTESIAN_POINT('',(83.486860279186,78.992413778651,208.));
#7024 = VECTOR('',#7025,1.);
#7025 = DIRECTION('',(0.,0.,1.));
#7026 = PLANE('',#7027);
#7027 = AXIS2_PLACEMENT_3D('',#7028,#7029,#7030);
#7028 = CARTESIAN_POINT('',(88.236860279186,81.734827557301,208.));
#7029 = DIRECTION('',(0.5,-0.866025403784,0.));
#7030 = DIRECTION('',(-0.866025403784,-0.5,0.));
#7031 = ADVANCED_FACE('',(#7032),#7050,.T.);
#7032 = FACE_BOUND('',#7033,.T.);
#7033 = EDGE_LOOP('',(#7034,#7042,#7043,#7044));
#7034 = ORIENTED_EDGE('',*,*,#7035,.T.);
#7035 = EDGE_CURVE('',#7036,#7005,#7038,.T.);
#7036 = VERTEX_POINT('',#7037);
#7037 = CARTESIAN_POINT('',(83.486860279186,73.507586221349,212.));
#7038 = LINE('',#7039,#7040);
#7039 = CARTESIAN_POINT('',(83.486860279186,66.496206889325,212.));
#7040 = VECTOR('',#7041,1.);
#7041 = DIRECTION('',(-0.,1.,0.));
#7042 = ORIENTED_EDGE('',*,*,#7021,.T.);
#7043 = ORIENTED_EDGE('',*,*,#1479,.F.);
#7044 = ORIENTED_EDGE('',*,*,#7045,.F.);
#7045 = EDGE_CURVE('',#7036,#1472,#7046,.T.);
#7046 = LINE('',#7047,#7048);
#7047 = CARTESIAN_POINT('',(83.486860279186,73.507586221349,208.));
#7048 = VECTOR('',#7049,1.);
#7049 = DIRECTION('',(0.,0.,1.));
#7050 = PLANE('',#7051);
#7051 = AXIS2_PLACEMENT_3D('',#7052,#7053,#7054);
#7052 = CARTESIAN_POINT('',(83.486860279186,78.992413778651,208.));
#7053 = DIRECTION('',(1.,0.,-0.));
#7054 = DIRECTION('',(0.,-1.,0.));
#7055 = ADVANCED_FACE('',(#7056),#7074,.T.);
#7056 = FACE_BOUND('',#7057,.T.);
#7057 = EDGE_LOOP('',(#7058,#7066,#7072,#7073));
#7058 = ORIENTED_EDGE('',*,*,#7059,.T.);
#7059 = EDGE_CURVE('',#7007,#7060,#7062,.T.);
#7060 = VERTEX_POINT('',#7061);
#7061 = CARTESIAN_POINT('',(92.986860279186,78.992413778651,212.));
#7062 = LINE('',#7063,#7064);
#7063 = CARTESIAN_POINT('',(71.027803983042,91.670480842379,212.));
#7064 = VECTOR('',#7065,1.);
#7065 = DIRECTION('',(0.866025403784,-0.5,0.));
#7066 = ORIENTED_EDGE('',*,*,#7067,.T.);
#7067 = EDGE_CURVE('',#7060,#1448,#7068,.T.);
#7068 = LINE('',#7069,#7070);
#7069 = CARTESIAN_POINT('',(92.986860279186,78.992413778651,208.));
#7070 = VECTOR('',#7071,1.);
#7071 = DIRECTION('',(0.,0.,1.));
#7072 = ORIENTED_EDGE('',*,*,#1447,.F.);
#7073 = ORIENTED_EDGE('',*,*,#7014,.F.);
#7074 = PLANE('',#7075);
#7075 = AXIS2_PLACEMENT_3D('',#7076,#7077,#7078);
#7076 = CARTESIAN_POINT('',(92.986860279186,78.992413778651,208.));
#7077 = DIRECTION('',(-0.5,-0.866025403784,0.));
#7078 = DIRECTION('',(-0.866025403784,0.5,0.));
#7079 = ADVANCED_FACE('',(#7080),#7098,.T.);
#7080 = FACE_BOUND('',#7081,.T.);
#7081 = EDGE_LOOP('',(#7082,#7090,#7091,#7092));
#7082 = ORIENTED_EDGE('',*,*,#7083,.T.);
#7083 = EDGE_CURVE('',#7084,#7036,#7086,.T.);
#7084 = VERTEX_POINT('',#7085);
#7085 = CARTESIAN_POINT('',(88.236860279186,70.765172442699,212.));
#7086 = LINE('',#7087,#7088);
#7087 = CARTESIAN_POINT('',(63.902803983042,84.814446395753,212.));
#7088 = VECTOR('',#7089,1.);
#7089 = DIRECTION('',(-0.866025403784,0.5,0.));
#7090 = ORIENTED_EDGE('',*,*,#7045,.T.);
#7091 = ORIENTED_EDGE('',*,*,#1471,.F.);
#7092 = ORIENTED_EDGE('',*,*,#7093,.F.);
#7093 = EDGE_CURVE('',#7084,#1464,#7094,.T.);
#7094 = LINE('',#7095,#7096);
#7095 = CARTESIAN_POINT('',(88.236860279186,70.765172442699,208.));
#7096 = VECTOR('',#7097,1.);
#7097 = DIRECTION('',(0.,0.,1.));
#7098 = PLANE('',#7099);
#7099 = AXIS2_PLACEMENT_3D('',#7100,#7101,#7102);
#7100 = CARTESIAN_POINT('',(83.486860279186,73.507586221349,208.));
#7101 = DIRECTION('',(0.5,0.866025403784,-0.));
#7102 = DIRECTION('',(0.866025403784,-0.5,0.));
#7103 = ADVANCED_FACE('',(#7104),#7122,.T.);
#7104 = FACE_BOUND('',#7105,.T.);
#7105 = EDGE_LOOP('',(#7106,#7114,#7120,#7121));
#7106 = ORIENTED_EDGE('',*,*,#7107,.T.);
#7107 = EDGE_CURVE('',#7060,#7108,#7110,.T.);
#7108 = VERTEX_POINT('',#7109);
#7109 = CARTESIAN_POINT('',(92.986860279186,73.507586221349,212.));
#7110 = LINE('',#7111,#7112);
#7111 = CARTESIAN_POINT('',(92.986860279186,63.753793110675,212.));
#7112 = VECTOR('',#7113,1.);
#7113 = DIRECTION('',(0.,-1.,0.));
#7114 = ORIENTED_EDGE('',*,*,#7115,.T.);
#7115 = EDGE_CURVE('',#7108,#1456,#7116,.T.);
#7116 = LINE('',#7117,#7118);
#7117 = CARTESIAN_POINT('',(92.986860279186,73.507586221349,208.));
#7118 = VECTOR('',#7119,1.);
#7119 = DIRECTION('',(0.,0.,1.));
#7120 = ORIENTED_EDGE('',*,*,#1455,.F.);
#7121 = ORIENTED_EDGE('',*,*,#7067,.F.);
#7122 = PLANE('',#7123);
#7123 = AXIS2_PLACEMENT_3D('',#7124,#7125,#7126);
#7124 = CARTESIAN_POINT('',(92.986860279186,73.507586221349,208.));
#7125 = DIRECTION('',(-1.,0.,0.));
#7126 = DIRECTION('',(0.,1.,0.));
#7127 = ADVANCED_FACE('',(#7128),#7139,.T.);
#7128 = FACE_BOUND('',#7129,.T.);
#7129 = EDGE_LOOP('',(#7130,#7136,#7137,#7138));
#7130 = ORIENTED_EDGE('',*,*,#7131,.T.);
#7131 = EDGE_CURVE('',#7108,#7084,#7132,.T.);
#7132 = LINE('',#7133,#7134);
#7133 = CARTESIAN_POINT('',(59.01827136594,53.895812268295,212.));
#7134 = VECTOR('',#7135,1.);
#7135 = DIRECTION('',(-0.866025403784,-0.5,0.));
#7136 = ORIENTED_EDGE('',*,*,#7093,.T.);
#7137 = ORIENTED_EDGE('',*,*,#1463,.F.);
#7138 = ORIENTED_EDGE('',*,*,#7115,.F.);
#7139 = PLANE('',#7140);
#7140 = AXIS2_PLACEMENT_3D('',#7141,#7142,#7143);
#7141 = CARTESIAN_POINT('',(88.236860279186,70.765172442699,208.));
#7142 = DIRECTION('',(-0.5,0.866025403784,0.));
#7143 = DIRECTION('',(0.866025403784,0.5,0.));
#7144 = ADVANCED_FACE('',(#7145),#7170,.T.);
#7145 = FACE_BOUND('',#7146,.T.);
#7146 = EDGE_LOOP('',(#7147,#7157,#7163,#7164));
#7147 = ORIENTED_EDGE('',*,*,#7148,.T.);
#7148 = EDGE_CURVE('',#7149,#7151,#7153,.T.);
#7149 = VERTEX_POINT('',#7150);
#7150 = CARTESIAN_POINT('',(88.25,87.242413778651,212.));
#7151 = VERTEX_POINT('',#7152);
#7152 = CARTESIAN_POINT('',(93.,89.984827557301,212.));
#7153 = LINE('',#7154,#7155);
#7154 = CARTESIAN_POINT('',(57.834056296144,69.681760493573,212.));
#7155 = VECTOR('',#7156,1.);
#7156 = DIRECTION('',(0.866025403784,0.5,-0.));
#7157 = ORIENTED_EDGE('',*,*,#7158,.T.);
#7158 = EDGE_CURVE('',#7151,#1490,#7159,.T.);
#7159 = LINE('',#7160,#7161);
#7160 = CARTESIAN_POINT('',(93.,89.984827557301,208.));
#7161 = VECTOR('',#7162,1.);
#7162 = DIRECTION('',(0.,0.,1.));
#7163 = ORIENTED_EDGE('',*,*,#1487,.F.);
#7164 = ORIENTED_EDGE('',*,*,#7165,.F.);
#7165 = EDGE_CURVE('',#7149,#1488,#7166,.T.);
#7166 = LINE('',#7167,#7168);
#7167 = CARTESIAN_POINT('',(88.25,87.242413778651,208.));
#7168 = VECTOR('',#7169,1.);
#7169 = DIRECTION('',(0.,0.,1.));
#7170 = PLANE('',#7171);
#7171 = AXIS2_PLACEMENT_3D('',#7172,#7173,#7174);
#7172 = CARTESIAN_POINT('',(93.,89.984827557301,208.));
#7173 = DIRECTION('',(0.5,-0.866025403784,0.));
#7174 = DIRECTION('',(-0.866025403784,-0.5,0.));
#7175 = ADVANCED_FACE('',(#7176),#7194,.T.);
#7176 = FACE_BOUND('',#7177,.T.);
#7177 = EDGE_LOOP('',(#7178,#7186,#7187,#7188));
#7178 = ORIENTED_EDGE('',*,*,#7179,.T.);
#7179 = EDGE_CURVE('',#7180,#7149,#7182,.T.);
#7180 = VERTEX_POINT('',#7181);
#7181 = CARTESIAN_POINT('',(88.25,81.757586221349,212.));
#7182 = LINE('',#7183,#7184);
#7183 = CARTESIAN_POINT('',(88.25,70.621206889325,212.));
#7184 = VECTOR('',#7185,1.);
#7185 = DIRECTION('',(-0.,1.,0.));
#7186 = ORIENTED_EDGE('',*,*,#7165,.T.);
#7187 = ORIENTED_EDGE('',*,*,#1529,.F.);
#7188 = ORIENTED_EDGE('',*,*,#7189,.F.);
#7189 = EDGE_CURVE('',#7180,#1522,#7190,.T.);
#7190 = LINE('',#7191,#7192);
#7191 = CARTESIAN_POINT('',(88.25,81.757586221349,208.));
#7192 = VECTOR('',#7193,1.);
#7193 = DIRECTION('',(0.,0.,1.));
#7194 = PLANE('',#7195);
#7195 = AXIS2_PLACEMENT_3D('',#7196,#7197,#7198);
#7196 = CARTESIAN_POINT('',(88.25,87.242413778651,208.));
#7197 = DIRECTION('',(1.,0.,-0.));
#7198 = DIRECTION('',(0.,-1.,0.));
#7199 = ADVANCED_FACE('',(#7200),#7218,.T.);
#7200 = FACE_BOUND('',#7201,.T.);
#7201 = EDGE_LOOP('',(#7202,#7210,#7216,#7217));
#7202 = ORIENTED_EDGE('',*,*,#7203,.T.);
#7203 = EDGE_CURVE('',#7151,#7204,#7206,.T.);
#7204 = VERTEX_POINT('',#7205);
#7205 = CARTESIAN_POINT('',(97.75,87.242413778651,212.));
#7206 = LINE('',#7207,#7208);
#7207 = CARTESIAN_POINT('',(75.790943703856,99.920480842379,212.));
#7208 = VECTOR('',#7209,1.);
#7209 = DIRECTION('',(0.866025403784,-0.5,0.));
#7210 = ORIENTED_EDGE('',*,*,#7211,.T.);
#7211 = EDGE_CURVE('',#7204,#1498,#7212,.T.);
#7212 = LINE('',#7213,#7214);
#7213 = CARTESIAN_POINT('',(97.75,87.242413778651,208.));
#7214 = VECTOR('',#7215,1.);
#7215 = DIRECTION('',(0.,0.,1.));
#7216 = ORIENTED_EDGE('',*,*,#1497,.F.);
#7217 = ORIENTED_EDGE('',*,*,#7158,.F.);
#7218 = PLANE('',#7219);
#7219 = AXIS2_PLACEMENT_3D('',#7220,#7221,#7222);
#7220 = CARTESIAN_POINT('',(97.75,87.242413778651,208.));
#7221 = DIRECTION('',(-0.5,-0.866025403784,0.));
#7222 = DIRECTION('',(-0.866025403784,0.5,0.));
#7223 = ADVANCED_FACE('',(#7224),#7242,.T.);
#7224 = FACE_BOUND('',#7225,.T.);
#7225 = EDGE_LOOP('',(#7226,#7234,#7235,#7236));
#7226 = ORIENTED_EDGE('',*,*,#7227,.T.);
#7227 = EDGE_CURVE('',#7228,#7180,#7230,.T.);
#7228 = VERTEX_POINT('',#7229);
#7229 = CARTESIAN_POINT('',(93.,79.015172442699,212.));
#7230 = LINE('',#7231,#7232);
#7231 = CARTESIAN_POINT('',(68.665943703856,93.064446395753,212.));
#7232 = VECTOR('',#7233,1.);
#7233 = DIRECTION('',(-0.866025403784,0.5,0.));
#7234 = ORIENTED_EDGE('',*,*,#7189,.T.);
#7235 = ORIENTED_EDGE('',*,*,#1521,.F.);
#7236 = ORIENTED_EDGE('',*,*,#7237,.F.);
#7237 = EDGE_CURVE('',#7228,#1514,#7238,.T.);
#7238 = LINE('',#7239,#7240);
#7239 = CARTESIAN_POINT('',(93.,79.015172442699,208.));
#7240 = VECTOR('',#7241,1.);
#7241 = DIRECTION('',(0.,0.,1.));
#7242 = PLANE('',#7243);
#7243 = AXIS2_PLACEMENT_3D('',#7244,#7245,#7246);
#7244 = CARTESIAN_POINT('',(88.25,81.757586221349,208.));
#7245 = DIRECTION('',(0.5,0.866025403784,-0.));
#7246 = DIRECTION('',(0.866025403784,-0.5,0.));
#7247 = ADVANCED_FACE('',(#7248),#7266,.T.);
#7248 = FACE_BOUND('',#7249,.T.);
#7249 = EDGE_LOOP('',(#7250,#7258,#7264,#7265));
#7250 = ORIENTED_EDGE('',*,*,#7251,.T.);
#7251 = EDGE_CURVE('',#7204,#7252,#7254,.T.);
#7252 = VERTEX_POINT('',#7253);
#7253 = CARTESIAN_POINT('',(97.75,81.757586221349,212.));
#7254 = LINE('',#7255,#7256);
#7255 = CARTESIAN_POINT('',(97.75,67.878793110675,212.));
#7256 = VECTOR('',#7257,1.);
#7257 = DIRECTION('',(0.,-1.,0.));
#7258 = ORIENTED_EDGE('',*,*,#7259,.T.);
#7259 = EDGE_CURVE('',#7252,#1506,#7260,.T.);
#7260 = LINE('',#7261,#7262);
#7261 = CARTESIAN_POINT('',(97.75,81.757586221349,208.));
#7262 = VECTOR('',#7263,1.);
#7263 = DIRECTION('',(0.,0.,1.));
#7264 = ORIENTED_EDGE('',*,*,#1505,.F.);
#7265 = ORIENTED_EDGE('',*,*,#7211,.F.);
#7266 = PLANE('',#7267);
#7267 = AXIS2_PLACEMENT_3D('',#7268,#7269,#7270);
#7268 = CARTESIAN_POINT('',(97.75,81.757586221349,208.));
#7269 = DIRECTION('',(-1.,0.,0.));
#7270 = DIRECTION('',(0.,1.,0.));
#7271 = ADVANCED_FACE('',(#7272),#7283,.T.);
#7272 = FACE_BOUND('',#7273,.T.);
#7273 = EDGE_LOOP('',(#7274,#7280,#7281,#7282));
#7274 = ORIENTED_EDGE('',*,*,#7275,.T.);
#7275 = EDGE_CURVE('',#7252,#7228,#7276,.T.);
#7276 = LINE('',#7277,#7278);
#7277 = CARTESIAN_POINT('',(60.209056296144,60.083312268295,212.));
#7278 = VECTOR('',#7279,1.);
#7279 = DIRECTION('',(-0.866025403784,-0.5,0.));
#7280 = ORIENTED_EDGE('',*,*,#7237,.T.);
#7281 = ORIENTED_EDGE('',*,*,#1513,.F.);
#7282 = ORIENTED_EDGE('',*,*,#7259,.F.);
#7283 = PLANE('',#7284);
#7284 = AXIS2_PLACEMENT_3D('',#7285,#7286,#7287);
#7285 = CARTESIAN_POINT('',(93.,79.015172442699,208.));
#7286 = DIRECTION('',(-0.5,0.866025403784,0.));
#7287 = DIRECTION('',(0.866025403784,0.5,0.));
#7288 = ADVANCED_FACE('',(#7289),#7314,.T.);
#7289 = FACE_BOUND('',#7290,.T.);
#7290 = EDGE_LOOP('',(#7291,#7301,#7307,#7308));
#7291 = ORIENTED_EDGE('',*,*,#7292,.T.);
#7292 = EDGE_CURVE('',#7293,#7295,#7297,.T.);
#7293 = VERTEX_POINT('',#7294);
#7294 = CARTESIAN_POINT('',(93.013139720814,78.992413778651,212.));
#7295 = VERTEX_POINT('',#7296);
#7296 = CARTESIAN_POINT('',(97.763139720814,81.734827557301,212.));
#7297 = LINE('',#7298,#7299);
#7298 = CARTESIAN_POINT('',(62.597196016958,61.431760493573,212.));
#7299 = VECTOR('',#7300,1.);
#7300 = DIRECTION('',(0.866025403784,0.5,-0.));
#7301 = ORIENTED_EDGE('',*,*,#7302,.T.);
#7302 = EDGE_CURVE('',#7295,#1540,#7303,.T.);
#7303 = LINE('',#7304,#7305);
#7304 = CARTESIAN_POINT('',(97.763139720814,81.734827557301,208.));
#7305 = VECTOR('',#7306,1.);
#7306 = DIRECTION('',(0.,0.,1.));
#7307 = ORIENTED_EDGE('',*,*,#1537,.F.);
#7308 = ORIENTED_EDGE('',*,*,#7309,.F.);
#7309 = EDGE_CURVE('',#7293,#1538,#7310,.T.);
#7310 = LINE('',#7311,#7312);
#7311 = CARTESIAN_POINT('',(93.013139720814,78.992413778651,208.));
#7312 = VECTOR('',#7313,1.);
#7313 = DIRECTION('',(0.,0.,1.));
#7314 = PLANE('',#7315);
#7315 = AXIS2_PLACEMENT_3D('',#7316,#7317,#7318);
#7316 = CARTESIAN_POINT('',(97.763139720814,81.734827557301,208.));
#7317 = DIRECTION('',(0.5,-0.866025403784,0.));
#7318 = DIRECTION('',(-0.866025403784,-0.5,0.));
#7319 = ADVANCED_FACE('',(#7320),#7338,.T.);
#7320 = FACE_BOUND('',#7321,.T.);
#7321 = EDGE_LOOP('',(#7322,#7330,#7331,#7332));
#7322 = ORIENTED_EDGE('',*,*,#7323,.T.);
#7323 = EDGE_CURVE('',#7324,#7293,#7326,.T.);
#7324 = VERTEX_POINT('',#7325);
#7325 = CARTESIAN_POINT('',(93.013139720814,73.507586221349,212.));
#7326 = LINE('',#7327,#7328);
#7327 = CARTESIAN_POINT('',(93.013139720814,66.496206889325,212.));
#7328 = VECTOR('',#7329,1.);
#7329 = DIRECTION('',(-0.,1.,0.));
#7330 = ORIENTED_EDGE('',*,*,#7309,.T.);
#7331 = ORIENTED_EDGE('',*,*,#1579,.F.);
#7332 = ORIENTED_EDGE('',*,*,#7333,.F.);
#7333 = EDGE_CURVE('',#7324,#1572,#7334,.T.);
#7334 = LINE('',#7335,#7336);
#7335 = CARTESIAN_POINT('',(93.013139720814,73.507586221349,208.));
#7336 = VECTOR('',#7337,1.);
#7337 = DIRECTION('',(0.,0.,1.));
#7338 = PLANE('',#7339);
#7339 = AXIS2_PLACEMENT_3D('',#7340,#7341,#7342);
#7340 = CARTESIAN_POINT('',(93.013139720814,78.992413778651,208.));
#7341 = DIRECTION('',(1.,0.,-0.));
#7342 = DIRECTION('',(0.,-1.,0.));
#7343 = ADVANCED_FACE('',(#7344),#7362,.T.);
#7344 = FACE_BOUND('',#7345,.T.);
#7345 = EDGE_LOOP('',(#7346,#7354,#7360,#7361));
#7346 = ORIENTED_EDGE('',*,*,#7347,.T.);
#7347 = EDGE_CURVE('',#7295,#7348,#7350,.T.);
#7348 = VERTEX_POINT('',#7349);
#7349 = CARTESIAN_POINT('',(102.51313972081,78.992413778651,212.));
#7350 = LINE('',#7351,#7352);
#7351 = CARTESIAN_POINT('',(76.98172863406,93.732980842379,212.));
#7352 = VECTOR('',#7353,1.);
#7353 = DIRECTION('',(0.866025403784,-0.5,0.));
#7354 = ORIENTED_EDGE('',*,*,#7355,.T.);
#7355 = EDGE_CURVE('',#7348,#1548,#7356,.T.);
#7356 = LINE('',#7357,#7358);
#7357 = CARTESIAN_POINT('',(102.51313972081,78.992413778651,208.));
#7358 = VECTOR('',#7359,1.);
#7359 = DIRECTION('',(0.,0.,1.));
#7360 = ORIENTED_EDGE('',*,*,#1547,.F.);
#7361 = ORIENTED_EDGE('',*,*,#7302,.F.);
#7362 = PLANE('',#7363);
#7363 = AXIS2_PLACEMENT_3D('',#7364,#7365,#7366);
#7364 = CARTESIAN_POINT('',(102.51313972081,78.992413778651,208.));
#7365 = DIRECTION('',(-0.5,-0.866025403784,0.));
#7366 = DIRECTION('',(-0.866025403784,0.5,0.));
#7367 = ADVANCED_FACE('',(#7368),#7386,.T.);
#7368 = FACE_BOUND('',#7369,.T.);
#7369 = EDGE_LOOP('',(#7370,#7378,#7379,#7380));
#7370 = ORIENTED_EDGE('',*,*,#7371,.T.);
#7371 = EDGE_CURVE('',#7372,#7324,#7374,.T.);
#7372 = VERTEX_POINT('',#7373);
#7373 = CARTESIAN_POINT('',(97.763139720814,70.765172442699,212.));
#7374 = LINE('',#7375,#7376);
#7375 = CARTESIAN_POINT('',(69.85672863406,86.876946395753,212.));
#7376 = VECTOR('',#7377,1.);
#7377 = DIRECTION('',(-0.866025403784,0.5,0.));
#7378 = ORIENTED_EDGE('',*,*,#7333,.T.);
#7379 = ORIENTED_EDGE('',*,*,#1571,.F.);
#7380 = ORIENTED_EDGE('',*,*,#7381,.F.);
#7381 = EDGE_CURVE('',#7372,#1564,#7382,.T.);
#7382 = LINE('',#7383,#7384);
#7383 = CARTESIAN_POINT('',(97.763139720814,70.765172442699,208.));
#7384 = VECTOR('',#7385,1.);
#7385 = DIRECTION('',(0.,0.,1.));
#7386 = PLANE('',#7387);
#7387 = AXIS2_PLACEMENT_3D('',#7388,#7389,#7390);
#7388 = CARTESIAN_POINT('',(93.013139720814,73.507586221349,208.));
#7389 = DIRECTION('',(0.5,0.866025403784,-0.));
#7390 = DIRECTION('',(0.866025403784,-0.5,0.));
#7391 = ADVANCED_FACE('',(#7392),#7410,.T.);
#7392 = FACE_BOUND('',#7393,.T.);
#7393 = EDGE_LOOP('',(#7394,#7402,#7408,#7409));
#7394 = ORIENTED_EDGE('',*,*,#7395,.T.);
#7395 = EDGE_CURVE('',#7348,#7396,#7398,.T.);
#7396 = VERTEX_POINT('',#7397);
#7397 = CARTESIAN_POINT('',(102.51313972081,73.507586221349,212.));
#7398 = LINE('',#7399,#7400);
#7399 = CARTESIAN_POINT('',(102.51313972081,63.753793110675,212.));
#7400 = VECTOR('',#7401,1.);
#7401 = DIRECTION('',(0.,-1.,0.));
#7402 = ORIENTED_EDGE('',*,*,#7403,.T.);
#7403 = EDGE_CURVE('',#7396,#1556,#7404,.T.);
#7404 = LINE('',#7405,#7406);
#7405 = CARTESIAN_POINT('',(102.51313972081,73.507586221349,208.));
#7406 = VECTOR('',#7407,1.);
#7407 = DIRECTION('',(0.,0.,1.));
#7408 = ORIENTED_EDGE('',*,*,#1555,.F.);
#7409 = ORIENTED_EDGE('',*,*,#7355,.F.);
#7410 = PLANE('',#7411);
#7411 = AXIS2_PLACEMENT_3D('',#7412,#7413,#7414);
#7412 = CARTESIAN_POINT('',(102.51313972081,73.507586221349,208.));
#7413 = DIRECTION('',(-1.,0.,0.));
#7414 = DIRECTION('',(0.,1.,0.));
#7415 = ADVANCED_FACE('',(#7416),#7427,.T.);
#7416 = FACE_BOUND('',#7417,.T.);
#7417 = EDGE_LOOP('',(#7418,#7424,#7425,#7426));
#7418 = ORIENTED_EDGE('',*,*,#7419,.T.);
#7419 = EDGE_CURVE('',#7396,#7372,#7420,.T.);
#7420 = LINE('',#7421,#7422);
#7421 = CARTESIAN_POINT('',(64.972196016958,51.833312268295,212.));
#7422 = VECTOR('',#7423,1.);
#7423 = DIRECTION('',(-0.866025403784,-0.5,0.));
#7424 = ORIENTED_EDGE('',*,*,#7381,.T.);
#7425 = ORIENTED_EDGE('',*,*,#1563,.F.);
#7426 = ORIENTED_EDGE('',*,*,#7403,.F.);
#7427 = PLANE('',#7428);
#7428 = AXIS2_PLACEMENT_3D('',#7429,#7430,#7431);
#7429 = CARTESIAN_POINT('',(97.763139720814,70.765172442699,208.));
#7430 = DIRECTION('',(-0.5,0.866025403784,0.));
#7431 = DIRECTION('',(0.866025403784,0.5,0.));
#7432 = ADVANCED_FACE('',(#7433),#7458,.T.);
#7433 = FACE_BOUND('',#7434,.T.);
#7434 = EDGE_LOOP('',(#7435,#7445,#7451,#7452));
#7435 = ORIENTED_EDGE('',*,*,#7436,.T.);
#7436 = EDGE_CURVE('',#7437,#7439,#7441,.T.);
#7437 = VERTEX_POINT('',#7438);
#7438 = CARTESIAN_POINT('',(97.776279441629,87.242413778651,212.));
#7439 = VERTEX_POINT('',#7440);
#7440 = CARTESIAN_POINT('',(102.52627944162,89.984827557301,212.));
#7441 = LINE('',#7442,#7443);
#7442 = CARTESIAN_POINT('',(63.787980947162,67.619260493573,212.));
#7443 = VECTOR('',#7444,1.);
#7444 = DIRECTION('',(0.866025403784,0.5,-0.));
#7445 = ORIENTED_EDGE('',*,*,#7446,.T.);
#7446 = EDGE_CURVE('',#7439,#1590,#7447,.T.);
#7447 = LINE('',#7448,#7449);
#7448 = CARTESIAN_POINT('',(102.52627944162,89.984827557301,208.));
#7449 = VECTOR('',#7450,1.);
#7450 = DIRECTION('',(0.,0.,1.));
#7451 = ORIENTED_EDGE('',*,*,#1587,.F.);
#7452 = ORIENTED_EDGE('',*,*,#7453,.F.);
#7453 = EDGE_CURVE('',#7437,#1588,#7454,.T.);
#7454 = LINE('',#7455,#7456);
#7455 = CARTESIAN_POINT('',(97.776279441629,87.242413778651,208.));
#7456 = VECTOR('',#7457,1.);
#7457 = DIRECTION('',(0.,0.,1.));
#7458 = PLANE('',#7459);
#7459 = AXIS2_PLACEMENT_3D('',#7460,#7461,#7462);
#7460 = CARTESIAN_POINT('',(102.52627944162,89.984827557301,208.));
#7461 = DIRECTION('',(0.5,-0.866025403784,0.));
#7462 = DIRECTION('',(-0.866025403784,-0.5,0.));
#7463 = ADVANCED_FACE('',(#7464),#7482,.T.);
#7464 = FACE_BOUND('',#7465,.T.);
#7465 = EDGE_LOOP('',(#7466,#7474,#7475,#7476));
#7466 = ORIENTED_EDGE('',*,*,#7467,.T.);
#7467 = EDGE_CURVE('',#7468,#7437,#7470,.T.);
#7468 = VERTEX_POINT('',#7469);
#7469 = CARTESIAN_POINT('',(97.776279441629,81.757586221349,212.));
#7470 = LINE('',#7471,#7472);
#7471 = CARTESIAN_POINT('',(97.776279441629,70.621206889325,212.));
#7472 = VECTOR('',#7473,1.);
#7473 = DIRECTION('',(-0.,1.,0.));
#7474 = ORIENTED_EDGE('',*,*,#7453,.T.);
#7475 = ORIENTED_EDGE('',*,*,#1629,.F.);
#7476 = ORIENTED_EDGE('',*,*,#7477,.F.);
#7477 = EDGE_CURVE('',#7468,#1622,#7478,.T.);
#7478 = LINE('',#7479,#7480);
#7479 = CARTESIAN_POINT('',(97.776279441629,81.757586221349,208.));
#7480 = VECTOR('',#7481,1.);
#7481 = DIRECTION('',(0.,0.,1.));
#7482 = PLANE('',#7483);
#7483 = AXIS2_PLACEMENT_3D('',#7484,#7485,#7486);
#7484 = CARTESIAN_POINT('',(97.776279441629,87.242413778651,208.));
#7485 = DIRECTION('',(1.,0.,-0.));
#7486 = DIRECTION('',(0.,-1.,0.));
#7487 = ADVANCED_FACE('',(#7488),#7506,.T.);
#7488 = FACE_BOUND('',#7489,.T.);
#7489 = EDGE_LOOP('',(#7490,#7498,#7504,#7505));
#7490 = ORIENTED_EDGE('',*,*,#7491,.T.);
#7491 = EDGE_CURVE('',#7439,#7492,#7494,.T.);
#7492 = VERTEX_POINT('',#7493);
#7493 = CARTESIAN_POINT('',(107.27627944162,87.242413778651,212.));
#7494 = LINE('',#7495,#7496);
#7495 = CARTESIAN_POINT('',(81.744868354874,101.98298084237,212.));
#7496 = VECTOR('',#7497,1.);
#7497 = DIRECTION('',(0.866025403784,-0.5,0.));
#7498 = ORIENTED_EDGE('',*,*,#7499,.T.);
#7499 = EDGE_CURVE('',#7492,#1598,#7500,.T.);
#7500 = LINE('',#7501,#7502);
#7501 = CARTESIAN_POINT('',(107.27627944162,87.242413778651,208.));
#7502 = VECTOR('',#7503,1.);
#7503 = DIRECTION('',(0.,0.,1.));
#7504 = ORIENTED_EDGE('',*,*,#1597,.F.);
#7505 = ORIENTED_EDGE('',*,*,#7446,.F.);
#7506 = PLANE('',#7507);
#7507 = AXIS2_PLACEMENT_3D('',#7508,#7509,#7510);
#7508 = CARTESIAN_POINT('',(107.27627944162,87.242413778651,208.));
#7509 = DIRECTION('',(-0.5,-0.866025403784,0.));
#7510 = DIRECTION('',(-0.866025403784,0.5,0.));
#7511 = ADVANCED_FACE('',(#7512),#7530,.T.);
#7512 = FACE_BOUND('',#7513,.T.);
#7513 = EDGE_LOOP('',(#7514,#7522,#7523,#7524));
#7514 = ORIENTED_EDGE('',*,*,#7515,.T.);
#7515 = EDGE_CURVE('',#7516,#7468,#7518,.T.);
#7516 = VERTEX_POINT('',#7517);
#7517 = CARTESIAN_POINT('',(102.52627944162,79.015172442699,212.));
#7518 = LINE('',#7519,#7520);
#7519 = CARTESIAN_POINT('',(74.619868354874,95.126946395753,212.));
#7520 = VECTOR('',#7521,1.);
#7521 = DIRECTION('',(-0.866025403784,0.5,0.));
#7522 = ORIENTED_EDGE('',*,*,#7477,.T.);
#7523 = ORIENTED_EDGE('',*,*,#1621,.F.);
#7524 = ORIENTED_EDGE('',*,*,#7525,.F.);
#7525 = EDGE_CURVE('',#7516,#1614,#7526,.T.);
#7526 = LINE('',#7527,#7528);
#7527 = CARTESIAN_POINT('',(102.52627944162,79.015172442699,208.));
#7528 = VECTOR('',#7529,1.);
#7529 = DIRECTION('',(0.,0.,1.));
#7530 = PLANE('',#7531);
#7531 = AXIS2_PLACEMENT_3D('',#7532,#7533,#7534);
#7532 = CARTESIAN_POINT('',(97.776279441629,81.757586221349,208.));
#7533 = DIRECTION('',(0.5,0.866025403784,-0.));
#7534 = DIRECTION('',(0.866025403784,-0.5,0.));
#7535 = ADVANCED_FACE('',(#7536),#7554,.T.);
#7536 = FACE_BOUND('',#7537,.T.);
#7537 = EDGE_LOOP('',(#7538,#7546,#7552,#7553));
#7538 = ORIENTED_EDGE('',*,*,#7539,.T.);
#7539 = EDGE_CURVE('',#7492,#7540,#7542,.T.);
#7540 = VERTEX_POINT('',#7541);
#7541 = CARTESIAN_POINT('',(107.27627944162,81.757586221349,212.));
#7542 = LINE('',#7543,#7544);
#7543 = CARTESIAN_POINT('',(107.27627944162,67.878793110675,212.));
#7544 = VECTOR('',#7545,1.);
#7545 = DIRECTION('',(0.,-1.,0.));
#7546 = ORIENTED_EDGE('',*,*,#7547,.T.);
#7547 = EDGE_CURVE('',#7540,#1606,#7548,.T.);
#7548 = LINE('',#7549,#7550);
#7549 = CARTESIAN_POINT('',(107.27627944162,81.757586221349,208.));
#7550 = VECTOR('',#7551,1.);
#7551 = DIRECTION('',(0.,0.,1.));
#7552 = ORIENTED_EDGE('',*,*,#1605,.F.);
#7553 = ORIENTED_EDGE('',*,*,#7499,.F.);
#7554 = PLANE('',#7555);
#7555 = AXIS2_PLACEMENT_3D('',#7556,#7557,#7558);
#7556 = CARTESIAN_POINT('',(107.27627944162,81.757586221349,208.));
#7557 = DIRECTION('',(-1.,0.,0.));
#7558 = DIRECTION('',(0.,1.,0.));
#7559 = ADVANCED_FACE('',(#7560),#7571,.T.);
#7560 = FACE_BOUND('',#7561,.T.);
#7561 = EDGE_LOOP('',(#7562,#7568,#7569,#7570));
#7562 = ORIENTED_EDGE('',*,*,#7563,.T.);
#7563 = EDGE_CURVE('',#7540,#7516,#7564,.T.);
#7564 = LINE('',#7565,#7566);
#7565 = CARTESIAN_POINT('',(66.162980947162,58.020812268295,212.));
#7566 = VECTOR('',#7567,1.);
#7567 = DIRECTION('',(-0.866025403784,-0.5,0.));
#7568 = ORIENTED_EDGE('',*,*,#7525,.T.);
#7569 = ORIENTED_EDGE('',*,*,#1613,.F.);
#7570 = ORIENTED_EDGE('',*,*,#7547,.F.);
#7571 = PLANE('',#7572);
#7572 = AXIS2_PLACEMENT_3D('',#7573,#7574,#7575);
#7573 = CARTESIAN_POINT('',(102.52627944162,79.015172442699,208.));
#7574 = DIRECTION('',(-0.5,0.866025403784,0.));
#7575 = DIRECTION('',(0.866025403784,0.5,0.));
#7576 = ADVANCED_FACE('',(#7577),#7602,.T.);
#7577 = FACE_BOUND('',#7578,.T.);
#7578 = EDGE_LOOP('',(#7579,#7589,#7595,#7596));
#7579 = ORIENTED_EDGE('',*,*,#7580,.T.);
#7580 = EDGE_CURVE('',#7581,#7583,#7585,.T.);
#7581 = VERTEX_POINT('',#7582);
#7582 = CARTESIAN_POINT('',(83.486860279186,95.492413778651,212.));
#7583 = VERTEX_POINT('',#7584);
#7584 = CARTESIAN_POINT('',(88.236860279186,98.234827557301,212.));
#7585 = LINE('',#7586,#7587);
#7586 = CARTESIAN_POINT('',(53.070916575329,77.931760493573,212.));
#7587 = VECTOR('',#7588,1.);
#7588 = DIRECTION('',(0.866025403784,0.5,-0.));
#7589 = ORIENTED_EDGE('',*,*,#7590,.T.);
#7590 = EDGE_CURVE('',#7583,#1640,#7591,.T.);
#7591 = LINE('',#7592,#7593);
#7592 = CARTESIAN_POINT('',(88.236860279186,98.234827557301,208.));
#7593 = VECTOR('',#7594,1.);
#7594 = DIRECTION('',(0.,0.,1.));
#7595 = ORIENTED_EDGE('',*,*,#1637,.F.);
#7596 = ORIENTED_EDGE('',*,*,#7597,.F.);
#7597 = EDGE_CURVE('',#7581,#1638,#7598,.T.);
#7598 = LINE('',#7599,#7600);
#7599 = CARTESIAN_POINT('',(83.486860279186,95.492413778651,208.));
#7600 = VECTOR('',#7601,1.);
#7601 = DIRECTION('',(0.,0.,1.));
#7602 = PLANE('',#7603);
#7603 = AXIS2_PLACEMENT_3D('',#7604,#7605,#7606);
#7604 = CARTESIAN_POINT('',(88.236860279186,98.234827557301,208.));
#7605 = DIRECTION('',(0.5,-0.866025403784,0.));
#7606 = DIRECTION('',(-0.866025403784,-0.5,0.));
#7607 = ADVANCED_FACE('',(#7608),#7626,.T.);
#7608 = FACE_BOUND('',#7609,.T.);
#7609 = EDGE_LOOP('',(#7610,#7618,#7619,#7620));
#7610 = ORIENTED_EDGE('',*,*,#7611,.T.);
#7611 = EDGE_CURVE('',#7612,#7581,#7614,.T.);
#7612 = VERTEX_POINT('',#7613);
#7613 = CARTESIAN_POINT('',(83.486860279186,90.007586221349,212.));
#7614 = LINE('',#7615,#7616);
#7615 = CARTESIAN_POINT('',(83.486860279186,74.746206889325,212.));
#7616 = VECTOR('',#7617,1.);
#7617 = DIRECTION('',(-0.,1.,0.));
#7618 = ORIENTED_EDGE('',*,*,#7597,.T.);
#7619 = ORIENTED_EDGE('',*,*,#1679,.F.);
#7620 = ORIENTED_EDGE('',*,*,#7621,.F.);
#7621 = EDGE_CURVE('',#7612,#1672,#7622,.T.);
#7622 = LINE('',#7623,#7624);
#7623 = CARTESIAN_POINT('',(83.486860279186,90.007586221349,208.));
#7624 = VECTOR('',#7625,1.);
#7625 = DIRECTION('',(0.,0.,1.));
#7626 = PLANE('',#7627);
#7627 = AXIS2_PLACEMENT_3D('',#7628,#7629,#7630);
#7628 = CARTESIAN_POINT('',(83.486860279186,95.492413778651,208.));
#7629 = DIRECTION('',(1.,0.,-0.));
#7630 = DIRECTION('',(0.,-1.,0.));
#7631 = ADVANCED_FACE('',(#7632),#7650,.T.);
#7632 = FACE_BOUND('',#7633,.T.);
#7633 = EDGE_LOOP('',(#7634,#7642,#7648,#7649));
#7634 = ORIENTED_EDGE('',*,*,#7635,.T.);
#7635 = EDGE_CURVE('',#7583,#7636,#7638,.T.);
#7636 = VERTEX_POINT('',#7637);
#7637 = CARTESIAN_POINT('',(92.986860279186,95.492413778651,212.));
#7638 = LINE('',#7639,#7640);
#7639 = CARTESIAN_POINT('',(74.600158773653,106.10798084237,212.));
#7640 = VECTOR('',#7641,1.);
#7641 = DIRECTION('',(0.866025403784,-0.5,0.));
#7642 = ORIENTED_EDGE('',*,*,#7643,.T.);
#7643 = EDGE_CURVE('',#7636,#1648,#7644,.T.);
#7644 = LINE('',#7645,#7646);
#7645 = CARTESIAN_POINT('',(92.986860279186,95.492413778651,208.));
#7646 = VECTOR('',#7647,1.);
#7647 = DIRECTION('',(0.,0.,1.));
#7648 = ORIENTED_EDGE('',*,*,#1647,.F.);
#7649 = ORIENTED_EDGE('',*,*,#7590,.F.);
#7650 = PLANE('',#7651);
#7651 = AXIS2_PLACEMENT_3D('',#7652,#7653,#7654);
#7652 = CARTESIAN_POINT('',(92.986860279186,95.492413778651,208.));
#7653 = DIRECTION('',(-0.5,-0.866025403784,0.));
#7654 = DIRECTION('',(-0.866025403784,0.5,0.));
#7655 = ADVANCED_FACE('',(#7656),#7674,.T.);
#7656 = FACE_BOUND('',#7657,.T.);
#7657 = EDGE_LOOP('',(#7658,#7666,#7667,#7668));
#7658 = ORIENTED_EDGE('',*,*,#7659,.T.);
#7659 = EDGE_CURVE('',#7660,#7612,#7662,.T.);
#7660 = VERTEX_POINT('',#7661);
#7661 = CARTESIAN_POINT('',(88.236860279186,87.265172442699,212.));
#7662 = LINE('',#7663,#7664);
#7663 = CARTESIAN_POINT('',(67.475158773653,99.251946395753,212.));
#7664 = VECTOR('',#7665,1.);
#7665 = DIRECTION('',(-0.866025403784,0.5,0.));
#7666 = ORIENTED_EDGE('',*,*,#7621,.T.);
#7667 = ORIENTED_EDGE('',*,*,#1671,.F.);
#7668 = ORIENTED_EDGE('',*,*,#7669,.F.);
#7669 = EDGE_CURVE('',#7660,#1664,#7670,.T.);
#7670 = LINE('',#7671,#7672);
#7671 = CARTESIAN_POINT('',(88.236860279186,87.265172442699,208.));
#7672 = VECTOR('',#7673,1.);
#7673 = DIRECTION('',(0.,0.,1.));
#7674 = PLANE('',#7675);
#7675 = AXIS2_PLACEMENT_3D('',#7676,#7677,#7678);
#7676 = CARTESIAN_POINT('',(83.486860279186,90.007586221349,208.));
#7677 = DIRECTION('',(0.5,0.866025403784,-0.));
#7678 = DIRECTION('',(0.866025403784,-0.5,0.));
#7679 = ADVANCED_FACE('',(#7680),#7698,.T.);
#7680 = FACE_BOUND('',#7681,.T.);
#7681 = EDGE_LOOP('',(#7682,#7690,#7696,#7697));
#7682 = ORIENTED_EDGE('',*,*,#7683,.T.);
#7683 = EDGE_CURVE('',#7636,#7684,#7686,.T.);
#7684 = VERTEX_POINT('',#7685);
#7685 = CARTESIAN_POINT('',(92.986860279186,90.007586221349,212.));
#7686 = LINE('',#7687,#7688);
#7687 = CARTESIAN_POINT('',(92.986860279186,72.003793110675,212.));
#7688 = VECTOR('',#7689,1.);
#7689 = DIRECTION('',(0.,-1.,0.));
#7690 = ORIENTED_EDGE('',*,*,#7691,.T.);
#7691 = EDGE_CURVE('',#7684,#1656,#7692,.T.);
#7692 = LINE('',#7693,#7694);
#7693 = CARTESIAN_POINT('',(92.986860279186,90.007586221349,208.));
#7694 = VECTOR('',#7695,1.);
#7695 = DIRECTION('',(0.,0.,1.));
#7696 = ORIENTED_EDGE('',*,*,#1655,.F.);
#7697 = ORIENTED_EDGE('',*,*,#7643,.F.);
#7698 = PLANE('',#7699);
#7699 = AXIS2_PLACEMENT_3D('',#7700,#7701,#7702);
#7700 = CARTESIAN_POINT('',(92.986860279186,90.007586221349,208.));
#7701 = DIRECTION('',(-1.,0.,0.));
#7702 = DIRECTION('',(0.,1.,0.));
#7703 = ADVANCED_FACE('',(#7704),#7715,.T.);
#7704 = FACE_BOUND('',#7705,.T.);
#7705 = EDGE_LOOP('',(#7706,#7712,#7713,#7714));
#7706 = ORIENTED_EDGE('',*,*,#7707,.T.);
#7707 = EDGE_CURVE('',#7684,#7660,#7708,.T.);
#7708 = LINE('',#7709,#7710);
#7709 = CARTESIAN_POINT('',(55.445916575329,68.333312268295,212.));
#7710 = VECTOR('',#7711,1.);
#7711 = DIRECTION('',(-0.866025403784,-0.5,0.));
#7712 = ORIENTED_EDGE('',*,*,#7669,.T.);
#7713 = ORIENTED_EDGE('',*,*,#1663,.F.);
#7714 = ORIENTED_EDGE('',*,*,#7691,.F.);
#7715 = PLANE('',#7716);
#7716 = AXIS2_PLACEMENT_3D('',#7717,#7718,#7719);
#7717 = CARTESIAN_POINT('',(88.236860279186,87.265172442699,208.));
#7718 = DIRECTION('',(-0.5,0.866025403784,0.));
#7719 = DIRECTION('',(0.866025403784,0.5,0.));
#7720 = ADVANCED_FACE('',(#7721),#7746,.T.);
#7721 = FACE_BOUND('',#7722,.T.);
#7722 = EDGE_LOOP('',(#7723,#7733,#7739,#7740));
#7723 = ORIENTED_EDGE('',*,*,#7724,.T.);
#7724 = EDGE_CURVE('',#7725,#7727,#7729,.T.);
#7725 = VERTEX_POINT('',#7726);
#7726 = CARTESIAN_POINT('',(93.013139720814,95.492413778651,212.));
#7727 = VERTEX_POINT('',#7728);
#7728 = CARTESIAN_POINT('',(97.763139720814,98.234827557301,212.));
#7729 = LINE('',#7730,#7731);
#7730 = CARTESIAN_POINT('',(59.024841226347,75.869260493573,212.));
#7731 = VECTOR('',#7732,1.);
#7732 = DIRECTION('',(0.866025403784,0.5,-0.));
#7733 = ORIENTED_EDGE('',*,*,#7734,.T.);
#7734 = EDGE_CURVE('',#7727,#1690,#7735,.T.);
#7735 = LINE('',#7736,#7737);
#7736 = CARTESIAN_POINT('',(97.763139720814,98.234827557301,208.));
#7737 = VECTOR('',#7738,1.);
#7738 = DIRECTION('',(0.,0.,1.));
#7739 = ORIENTED_EDGE('',*,*,#1687,.F.);
#7740 = ORIENTED_EDGE('',*,*,#7741,.F.);
#7741 = EDGE_CURVE('',#7725,#1688,#7742,.T.);
#7742 = LINE('',#7743,#7744);
#7743 = CARTESIAN_POINT('',(93.013139720814,95.492413778651,208.));
#7744 = VECTOR('',#7745,1.);
#7745 = DIRECTION('',(0.,0.,1.));
#7746 = PLANE('',#7747);
#7747 = AXIS2_PLACEMENT_3D('',#7748,#7749,#7750);
#7748 = CARTESIAN_POINT('',(97.763139720814,98.234827557301,208.));
#7749 = DIRECTION('',(0.5,-0.866025403784,0.));
#7750 = DIRECTION('',(-0.866025403784,-0.5,0.));
#7751 = ADVANCED_FACE('',(#7752),#7770,.T.);
#7752 = FACE_BOUND('',#7753,.T.);
#7753 = EDGE_LOOP('',(#7754,#7762,#7763,#7764));
#7754 = ORIENTED_EDGE('',*,*,#7755,.T.);
#7755 = EDGE_CURVE('',#7756,#7725,#7758,.T.);
#7756 = VERTEX_POINT('',#7757);
#7757 = CARTESIAN_POINT('',(93.013139720814,90.007586221349,212.));
#7758 = LINE('',#7759,#7760);
#7759 = CARTESIAN_POINT('',(93.013139720814,74.746206889325,212.));
#7760 = VECTOR('',#7761,1.);
#7761 = DIRECTION('',(-0.,1.,0.));
#7762 = ORIENTED_EDGE('',*,*,#7741,.T.);
#7763 = ORIENTED_EDGE('',*,*,#1729,.F.);
#7764 = ORIENTED_EDGE('',*,*,#7765,.F.);
#7765 = EDGE_CURVE('',#7756,#1722,#7766,.T.);
#7766 = LINE('',#7767,#7768);
#7767 = CARTESIAN_POINT('',(93.013139720814,90.007586221349,208.));
#7768 = VECTOR('',#7769,1.);
#7769 = DIRECTION('',(0.,0.,1.));
#7770 = PLANE('',#7771);
#7771 = AXIS2_PLACEMENT_3D('',#7772,#7773,#7774);
#7772 = CARTESIAN_POINT('',(93.013139720814,95.492413778651,208.));
#7773 = DIRECTION('',(1.,0.,-0.));
#7774 = DIRECTION('',(0.,-1.,0.));
#7775 = ADVANCED_FACE('',(#7776),#7794,.T.);
#7776 = FACE_BOUND('',#7777,.T.);
#7777 = EDGE_LOOP('',(#7778,#7786,#7792,#7793));
#7778 = ORIENTED_EDGE('',*,*,#7779,.T.);
#7779 = EDGE_CURVE('',#7727,#7780,#7782,.T.);
#7780 = VERTEX_POINT('',#7781);
#7781 = CARTESIAN_POINT('',(102.51313972081,95.492413778651,212.));
#7782 = LINE('',#7783,#7784);
#7783 = CARTESIAN_POINT('',(80.554083424671,108.17048084237,212.));
#7784 = VECTOR('',#7785,1.);
#7785 = DIRECTION('',(0.866025403784,-0.5,0.));
#7786 = ORIENTED_EDGE('',*,*,#7787,.T.);
#7787 = EDGE_CURVE('',#7780,#1698,#7788,.T.);
#7788 = LINE('',#7789,#7790);
#7789 = CARTESIAN_POINT('',(102.51313972081,95.492413778651,208.));
#7790 = VECTOR('',#7791,1.);
#7791 = DIRECTION('',(0.,0.,1.));
#7792 = ORIENTED_EDGE('',*,*,#1697,.F.);
#7793 = ORIENTED_EDGE('',*,*,#7734,.F.);
#7794 = PLANE('',#7795);
#7795 = AXIS2_PLACEMENT_3D('',#7796,#7797,#7798);
#7796 = CARTESIAN_POINT('',(102.51313972081,95.492413778651,208.));
#7797 = DIRECTION('',(-0.5,-0.866025403784,0.));
#7798 = DIRECTION('',(-0.866025403784,0.5,0.));
#7799 = ADVANCED_FACE('',(#7800),#7818,.T.);
#7800 = FACE_BOUND('',#7801,.T.);
#7801 = EDGE_LOOP('',(#7802,#7810,#7811,#7812));
#7802 = ORIENTED_EDGE('',*,*,#7803,.T.);
#7803 = EDGE_CURVE('',#7804,#7756,#7806,.T.);
#7804 = VERTEX_POINT('',#7805);
#7805 = CARTESIAN_POINT('',(97.763139720814,87.265172442699,212.));
#7806 = LINE('',#7807,#7808);
#7807 = CARTESIAN_POINT('',(73.429083424671,101.31444639575,212.));
#7808 = VECTOR('',#7809,1.);
#7809 = DIRECTION('',(-0.866025403784,0.5,0.));
#7810 = ORIENTED_EDGE('',*,*,#7765,.T.);
#7811 = ORIENTED_EDGE('',*,*,#1721,.F.);
#7812 = ORIENTED_EDGE('',*,*,#7813,.F.);
#7813 = EDGE_CURVE('',#7804,#1714,#7814,.T.);
#7814 = LINE('',#7815,#7816);
#7815 = CARTESIAN_POINT('',(97.763139720814,87.265172442699,208.));
#7816 = VECTOR('',#7817,1.);
#7817 = DIRECTION('',(0.,0.,1.));
#7818 = PLANE('',#7819);
#7819 = AXIS2_PLACEMENT_3D('',#7820,#7821,#7822);
#7820 = CARTESIAN_POINT('',(93.013139720814,90.007586221349,208.));
#7821 = DIRECTION('',(0.5,0.866025403784,-0.));
#7822 = DIRECTION('',(0.866025403784,-0.5,0.));
#7823 = ADVANCED_FACE('',(#7824),#7842,.T.);
#7824 = FACE_BOUND('',#7825,.T.);
#7825 = EDGE_LOOP('',(#7826,#7834,#7840,#7841));
#7826 = ORIENTED_EDGE('',*,*,#7827,.T.);
#7827 = EDGE_CURVE('',#7780,#7828,#7830,.T.);
#7828 = VERTEX_POINT('',#7829);
#7829 = CARTESIAN_POINT('',(102.51313972081,90.007586221349,212.));
#7830 = LINE('',#7831,#7832);
#7831 = CARTESIAN_POINT('',(102.51313972081,72.003793110675,212.));
#7832 = VECTOR('',#7833,1.);
#7833 = DIRECTION('',(0.,-1.,0.));
#7834 = ORIENTED_EDGE('',*,*,#7835,.T.);
#7835 = EDGE_CURVE('',#7828,#1706,#7836,.T.);
#7836 = LINE('',#7837,#7838);
#7837 = CARTESIAN_POINT('',(102.51313972081,90.007586221349,208.));
#7838 = VECTOR('',#7839,1.);
#7839 = DIRECTION('',(0.,0.,1.));
#7840 = ORIENTED_EDGE('',*,*,#1705,.F.);
#7841 = ORIENTED_EDGE('',*,*,#7787,.F.);
#7842 = PLANE('',#7843);
#7843 = AXIS2_PLACEMENT_3D('',#7844,#7845,#7846);
#7844 = CARTESIAN_POINT('',(102.51313972081,90.007586221349,208.));
#7845 = DIRECTION('',(-1.,0.,0.));
#7846 = DIRECTION('',(0.,1.,0.));
#7847 = ADVANCED_FACE('',(#7848),#7859,.T.);
#7848 = FACE_BOUND('',#7849,.T.);
#7849 = EDGE_LOOP('',(#7850,#7856,#7857,#7858));
#7850 = ORIENTED_EDGE('',*,*,#7851,.T.);
#7851 = EDGE_CURVE('',#7828,#7804,#7852,.T.);
#7852 = LINE('',#7853,#7854);
#7853 = CARTESIAN_POINT('',(61.399841226347,66.270812268295,212.));
#7854 = VECTOR('',#7855,1.);
#7855 = DIRECTION('',(-0.866025403784,-0.5,0.));
#7856 = ORIENTED_EDGE('',*,*,#7813,.T.);
#7857 = ORIENTED_EDGE('',*,*,#1713,.F.);
#7858 = ORIENTED_EDGE('',*,*,#7835,.F.);
#7859 = PLANE('',#7860);
#7860 = AXIS2_PLACEMENT_3D('',#7861,#7862,#7863);
#7861 = CARTESIAN_POINT('',(97.763139720814,87.265172442699,208.));
#7862 = DIRECTION('',(-0.5,0.866025403784,0.));
#7863 = DIRECTION('',(0.866025403784,0.5,0.));
#7864 = ADVANCED_FACE('',(#7865),#7890,.T.);
#7865 = FACE_BOUND('',#7866,.T.);
#7866 = EDGE_LOOP('',(#7867,#7877,#7883,#7884));
#7867 = ORIENTED_EDGE('',*,*,#7868,.T.);
#7868 = EDGE_CURVE('',#7869,#7871,#7873,.T.);
#7869 = VERTEX_POINT('',#7870);
#7870 = CARTESIAN_POINT('',(102.53941916244,78.992413778651,212.));
#7871 = VERTEX_POINT('',#7872);
#7872 = CARTESIAN_POINT('',(107.28941916244,81.734827557301,212.));
#7873 = LINE('',#7874,#7875);
#7874 = CARTESIAN_POINT('',(68.551120667976,59.369260493573,212.));
#7875 = VECTOR('',#7876,1.);
#7876 = DIRECTION('',(0.866025403784,0.5,-0.));
#7877 = ORIENTED_EDGE('',*,*,#7878,.T.);
#7878 = EDGE_CURVE('',#7871,#1740,#7879,.T.);
#7879 = LINE('',#7880,#7881);
#7880 = CARTESIAN_POINT('',(107.28941916244,81.734827557301,208.));
#7881 = VECTOR('',#7882,1.);
#7882 = DIRECTION('',(0.,0.,1.));
#7883 = ORIENTED_EDGE('',*,*,#1737,.F.);
#7884 = ORIENTED_EDGE('',*,*,#7885,.F.);
#7885 = EDGE_CURVE('',#7869,#1738,#7886,.T.);
#7886 = LINE('',#7887,#7888);
#7887 = CARTESIAN_POINT('',(102.53941916244,78.992413778651,208.));
#7888 = VECTOR('',#7889,1.);
#7889 = DIRECTION('',(0.,0.,1.));
#7890 = PLANE('',#7891);
#7891 = AXIS2_PLACEMENT_3D('',#7892,#7893,#7894);
#7892 = CARTESIAN_POINT('',(107.28941916244,81.734827557301,208.));
#7893 = DIRECTION('',(0.5,-0.866025403784,0.));
#7894 = DIRECTION('',(-0.866025403784,-0.5,0.));
#7895 = ADVANCED_FACE('',(#7896),#7914,.T.);
#7896 = FACE_BOUND('',#7897,.T.);
#7897 = EDGE_LOOP('',(#7898,#7906,#7907,#7908));
#7898 = ORIENTED_EDGE('',*,*,#7899,.T.);
#7899 = EDGE_CURVE('',#7900,#7869,#7902,.T.);
#7900 = VERTEX_POINT('',#7901);
#7901 = CARTESIAN_POINT('',(102.53941916244,73.507586221349,212.));
#7902 = LINE('',#7903,#7904);
#7903 = CARTESIAN_POINT('',(102.53941916244,66.496206889325,212.));
#7904 = VECTOR('',#7905,1.);
#7905 = DIRECTION('',(-0.,1.,0.));
#7906 = ORIENTED_EDGE('',*,*,#7885,.T.);
#7907 = ORIENTED_EDGE('',*,*,#1779,.F.);
#7908 = ORIENTED_EDGE('',*,*,#7909,.F.);
#7909 = EDGE_CURVE('',#7900,#1772,#7910,.T.);
#7910 = LINE('',#7911,#7912);
#7911 = CARTESIAN_POINT('',(102.53941916244,73.507586221349,208.));
#7912 = VECTOR('',#7913,1.);
#7913 = DIRECTION('',(0.,0.,1.));
#7914 = PLANE('',#7915);
#7915 = AXIS2_PLACEMENT_3D('',#7916,#7917,#7918);
#7916 = CARTESIAN_POINT('',(102.53941916244,78.992413778651,208.));
#7917 = DIRECTION('',(1.,0.,-0.));
#7918 = DIRECTION('',(0.,-1.,0.));
#7919 = ADVANCED_FACE('',(#7920),#7938,.T.);
#7920 = FACE_BOUND('',#7921,.T.);
#7921 = EDGE_LOOP('',(#7922,#7930,#7936,#7937));
#7922 = ORIENTED_EDGE('',*,*,#7923,.T.);
#7923 = EDGE_CURVE('',#7871,#7924,#7926,.T.);
#7924 = VERTEX_POINT('',#7925);
#7925 = CARTESIAN_POINT('',(112.03941916244,78.992413778651,212.));
#7926 = LINE('',#7927,#7928);
#7927 = CARTESIAN_POINT('',(82.935653285078,95.795480842379,212.));
#7928 = VECTOR('',#7929,1.);
#7929 = DIRECTION('',(0.866025403784,-0.5,0.));
#7930 = ORIENTED_EDGE('',*,*,#7931,.T.);
#7931 = EDGE_CURVE('',#7924,#1748,#7932,.T.);
#7932 = LINE('',#7933,#7934);
#7933 = CARTESIAN_POINT('',(112.03941916244,78.992413778651,208.));
#7934 = VECTOR('',#7935,1.);
#7935 = DIRECTION('',(0.,0.,1.));
#7936 = ORIENTED_EDGE('',*,*,#1747,.F.);
#7937 = ORIENTED_EDGE('',*,*,#7878,.F.);
#7938 = PLANE('',#7939);
#7939 = AXIS2_PLACEMENT_3D('',#7940,#7941,#7942);
#7940 = CARTESIAN_POINT('',(112.03941916244,78.992413778651,208.));
#7941 = DIRECTION('',(-0.5,-0.866025403784,0.));
#7942 = DIRECTION('',(-0.866025403784,0.5,0.));
#7943 = ADVANCED_FACE('',(#7944),#7962,.T.);
#7944 = FACE_BOUND('',#7945,.T.);
#7945 = EDGE_LOOP('',(#7946,#7954,#7955,#7956));
#7946 = ORIENTED_EDGE('',*,*,#7947,.T.);
#7947 = EDGE_CURVE('',#7948,#7900,#7950,.T.);
#7948 = VERTEX_POINT('',#7949);
#7949 = CARTESIAN_POINT('',(107.28941916244,70.765172442699,212.));
#7950 = LINE('',#7951,#7952);
#7951 = CARTESIAN_POINT('',(75.810653285078,88.939446395753,212.));
#7952 = VECTOR('',#7953,1.);
#7953 = DIRECTION('',(-0.866025403784,0.5,0.));
#7954 = ORIENTED_EDGE('',*,*,#7909,.T.);
#7955 = ORIENTED_EDGE('',*,*,#1771,.F.);
#7956 = ORIENTED_EDGE('',*,*,#7957,.F.);
#7957 = EDGE_CURVE('',#7948,#1764,#7958,.T.);
#7958 = LINE('',#7959,#7960);
#7959 = CARTESIAN_POINT('',(107.28941916244,70.765172442699,208.));
#7960 = VECTOR('',#7961,1.);
#7961 = DIRECTION('',(0.,0.,1.));
#7962 = PLANE('',#7963);
#7963 = AXIS2_PLACEMENT_3D('',#7964,#7965,#7966);
#7964 = CARTESIAN_POINT('',(102.53941916244,73.507586221349,208.));
#7965 = DIRECTION('',(0.5,0.866025403784,-0.));
#7966 = DIRECTION('',(0.866025403784,-0.5,0.));
#7967 = ADVANCED_FACE('',(#7968),#7986,.T.);
#7968 = FACE_BOUND('',#7969,.T.);
#7969 = EDGE_LOOP('',(#7970,#7978,#7984,#7985));
#7970 = ORIENTED_EDGE('',*,*,#7971,.T.);
#7971 = EDGE_CURVE('',#7924,#7972,#7974,.T.);
#7972 = VERTEX_POINT('',#7973);
#7973 = CARTESIAN_POINT('',(112.03941916244,73.507586221349,212.));
#7974 = LINE('',#7975,#7976);
#7975 = CARTESIAN_POINT('',(112.03941916244,63.753793110675,212.));
#7976 = VECTOR('',#7977,1.);
#7977 = DIRECTION('',(0.,-1.,0.));
#7978 = ORIENTED_EDGE('',*,*,#7979,.T.);
#7979 = EDGE_CURVE('',#7972,#1756,#7980,.T.);
#7980 = LINE('',#7981,#7982);
#7981 = CARTESIAN_POINT('',(112.03941916244,73.507586221349,208.));
#7982 = VECTOR('',#7983,1.);
#7983 = DIRECTION('',(0.,0.,1.));
#7984 = ORIENTED_EDGE('',*,*,#1755,.F.);
#7985 = ORIENTED_EDGE('',*,*,#7931,.F.);
#7986 = PLANE('',#7987);
#7987 = AXIS2_PLACEMENT_3D('',#7988,#7989,#7990);
#7988 = CARTESIAN_POINT('',(112.03941916244,73.507586221349,208.));
#7989 = DIRECTION('',(-1.,0.,0.));
#7990 = DIRECTION('',(0.,1.,0.));
#7991 = ADVANCED_FACE('',(#7992),#8003,.T.);
#7992 = FACE_BOUND('',#7993,.T.);
#7993 = EDGE_LOOP('',(#7994,#8000,#8001,#8002));
#7994 = ORIENTED_EDGE('',*,*,#7995,.T.);
#7995 = EDGE_CURVE('',#7972,#7948,#7996,.T.);
#7996 = LINE('',#7997,#7998);
#7997 = CARTESIAN_POINT('',(70.926120667976,49.770812268295,212.));
#7998 = VECTOR('',#7999,1.);
#7999 = DIRECTION('',(-0.866025403784,-0.5,0.));
#8000 = ORIENTED_EDGE('',*,*,#7957,.T.);
#8001 = ORIENTED_EDGE('',*,*,#1763,.F.);
#8002 = ORIENTED_EDGE('',*,*,#7979,.F.);
#8003 = PLANE('',#8004);
#8004 = AXIS2_PLACEMENT_3D('',#8005,#8006,#8007);
#8005 = CARTESIAN_POINT('',(107.28941916244,70.765172442699,208.));
#8006 = DIRECTION('',(-0.5,0.866025403784,0.));
#8007 = DIRECTION('',(0.866025403784,0.5,0.));
#8008 = ADVANCED_FACE('',(#8009),#8034,.T.);
#8009 = FACE_BOUND('',#8010,.T.);
#8010 = EDGE_LOOP('',(#8011,#8021,#8027,#8028));
#8011 = ORIENTED_EDGE('',*,*,#8012,.T.);
#8012 = EDGE_CURVE('',#8013,#8015,#8017,.T.);
#8013 = VERTEX_POINT('',#8014);
#8014 = CARTESIAN_POINT('',(107.30255888325,87.242413778651,212.));
#8015 = VERTEX_POINT('',#8016);
#8016 = CARTESIAN_POINT('',(112.05255888325,89.984827557301,212.));
#8017 = LINE('',#8018,#8019);
#8018 = CARTESIAN_POINT('',(69.74190559818,65.556760493573,212.));
#8019 = VECTOR('',#8020,1.);
#8020 = DIRECTION('',(0.866025403784,0.5,-0.));
#8021 = ORIENTED_EDGE('',*,*,#8022,.T.);
#8022 = EDGE_CURVE('',#8015,#1790,#8023,.T.);
#8023 = LINE('',#8024,#8025);
#8024 = CARTESIAN_POINT('',(112.05255888325,89.984827557301,208.));
#8025 = VECTOR('',#8026,1.);
#8026 = DIRECTION('',(0.,0.,1.));
#8027 = ORIENTED_EDGE('',*,*,#1787,.F.);
#8028 = ORIENTED_EDGE('',*,*,#8029,.F.);
#8029 = EDGE_CURVE('',#8013,#1788,#8030,.T.);
#8030 = LINE('',#8031,#8032);
#8031 = CARTESIAN_POINT('',(107.30255888325,87.242413778651,208.));
#8032 = VECTOR('',#8033,1.);
#8033 = DIRECTION('',(0.,0.,1.));
#8034 = PLANE('',#8035);
#8035 = AXIS2_PLACEMENT_3D('',#8036,#8037,#8038);
#8036 = CARTESIAN_POINT('',(112.05255888325,89.984827557301,208.));
#8037 = DIRECTION('',(0.5,-0.866025403784,0.));
#8038 = DIRECTION('',(-0.866025403784,-0.5,0.));
#8039 = ADVANCED_FACE('',(#8040),#8058,.T.);
#8040 = FACE_BOUND('',#8041,.T.);
#8041 = EDGE_LOOP('',(#8042,#8050,#8051,#8052));
#8042 = ORIENTED_EDGE('',*,*,#8043,.T.);
#8043 = EDGE_CURVE('',#8044,#8013,#8046,.T.);
#8044 = VERTEX_POINT('',#8045);
#8045 = CARTESIAN_POINT('',(107.30255888325,81.757586221349,212.));
#8046 = LINE('',#8047,#8048);
#8047 = CARTESIAN_POINT('',(107.30255888325,70.621206889325,212.));
#8048 = VECTOR('',#8049,1.);
#8049 = DIRECTION('',(-0.,1.,0.));
#8050 = ORIENTED_EDGE('',*,*,#8029,.T.);
#8051 = ORIENTED_EDGE('',*,*,#1829,.F.);
#8052 = ORIENTED_EDGE('',*,*,#8053,.F.);
#8053 = EDGE_CURVE('',#8044,#1822,#8054,.T.);
#8054 = LINE('',#8055,#8056);
#8055 = CARTESIAN_POINT('',(107.30255888325,81.757586221349,208.));
#8056 = VECTOR('',#8057,1.);
#8057 = DIRECTION('',(0.,0.,1.));
#8058 = PLANE('',#8059);
#8059 = AXIS2_PLACEMENT_3D('',#8060,#8061,#8062);
#8060 = CARTESIAN_POINT('',(107.30255888325,87.242413778651,208.));
#8061 = DIRECTION('',(1.,0.,-0.));
#8062 = DIRECTION('',(0.,-1.,0.));
#8063 = ADVANCED_FACE('',(#8064),#8082,.T.);
#8064 = FACE_BOUND('',#8065,.T.);
#8065 = EDGE_LOOP('',(#8066,#8074,#8080,#8081));
#8066 = ORIENTED_EDGE('',*,*,#8067,.T.);
#8067 = EDGE_CURVE('',#8015,#8068,#8070,.T.);
#8068 = VERTEX_POINT('',#8069);
#8069 = CARTESIAN_POINT('',(116.80255888325,87.242413778651,212.));
#8070 = LINE('',#8071,#8072);
#8071 = CARTESIAN_POINT('',(87.698793005892,104.04548084237,212.));
#8072 = VECTOR('',#8073,1.);
#8073 = DIRECTION('',(0.866025403784,-0.5,0.));
#8074 = ORIENTED_EDGE('',*,*,#8075,.T.);
#8075 = EDGE_CURVE('',#8068,#1798,#8076,.T.);
#8076 = LINE('',#8077,#8078);
#8077 = CARTESIAN_POINT('',(116.80255888325,87.242413778651,208.));
#8078 = VECTOR('',#8079,1.);
#8079 = DIRECTION('',(0.,0.,1.));
#8080 = ORIENTED_EDGE('',*,*,#1797,.F.);
#8081 = ORIENTED_EDGE('',*,*,#8022,.F.);
#8082 = PLANE('',#8083);
#8083 = AXIS2_PLACEMENT_3D('',#8084,#8085,#8086);
#8084 = CARTESIAN_POINT('',(116.80255888325,87.242413778651,208.));
#8085 = DIRECTION('',(-0.5,-0.866025403784,0.));
#8086 = DIRECTION('',(-0.866025403784,0.5,0.));
#8087 = ADVANCED_FACE('',(#8088),#8106,.T.);
#8088 = FACE_BOUND('',#8089,.T.);
#8089 = EDGE_LOOP('',(#8090,#8098,#8099,#8100));
#8090 = ORIENTED_EDGE('',*,*,#8091,.T.);
#8091 = EDGE_CURVE('',#8092,#8044,#8094,.T.);
#8092 = VERTEX_POINT('',#8093);
#8093 = CARTESIAN_POINT('',(112.05255888325,79.015172442699,212.));
#8094 = LINE('',#8095,#8096);
#8095 = CARTESIAN_POINT('',(80.573793005892,97.189446395753,212.));
#8096 = VECTOR('',#8097,1.);
#8097 = DIRECTION('',(-0.866025403784,0.5,0.));
#8098 = ORIENTED_EDGE('',*,*,#8053,.T.);
#8099 = ORIENTED_EDGE('',*,*,#1821,.F.);
#8100 = ORIENTED_EDGE('',*,*,#8101,.F.);
#8101 = EDGE_CURVE('',#8092,#1814,#8102,.T.);
#8102 = LINE('',#8103,#8104);
#8103 = CARTESIAN_POINT('',(112.05255888325,79.015172442699,208.));
#8104 = VECTOR('',#8105,1.);
#8105 = DIRECTION('',(0.,0.,1.));
#8106 = PLANE('',#8107);
#8107 = AXIS2_PLACEMENT_3D('',#8108,#8109,#8110);
#8108 = CARTESIAN_POINT('',(107.30255888325,81.757586221349,208.));
#8109 = DIRECTION('',(0.5,0.866025403784,-0.));
#8110 = DIRECTION('',(0.866025403784,-0.5,0.));
#8111 = ADVANCED_FACE('',(#8112),#8130,.T.);
#8112 = FACE_BOUND('',#8113,.T.);
#8113 = EDGE_LOOP('',(#8114,#8122,#8128,#8129));
#8114 = ORIENTED_EDGE('',*,*,#8115,.T.);
#8115 = EDGE_CURVE('',#8068,#8116,#8118,.T.);
#8116 = VERTEX_POINT('',#8117);
#8117 = CARTESIAN_POINT('',(116.80255888325,81.757586221349,212.));
#8118 = LINE('',#8119,#8120);
#8119 = CARTESIAN_POINT('',(116.80255888325,67.878793110675,212.));
#8120 = VECTOR('',#8121,1.);
#8121 = DIRECTION('',(0.,-1.,0.));
#8122 = ORIENTED_EDGE('',*,*,#8123,.T.);
#8123 = EDGE_CURVE('',#8116,#1806,#8124,.T.);
#8124 = LINE('',#8125,#8126);
#8125 = CARTESIAN_POINT('',(116.80255888325,81.757586221349,208.));
#8126 = VECTOR('',#8127,1.);
#8127 = DIRECTION('',(0.,0.,1.));
#8128 = ORIENTED_EDGE('',*,*,#1805,.F.);
#8129 = ORIENTED_EDGE('',*,*,#8075,.F.);
#8130 = PLANE('',#8131);
#8131 = AXIS2_PLACEMENT_3D('',#8132,#8133,#8134);
#8132 = CARTESIAN_POINT('',(116.80255888325,81.757586221349,208.));
#8133 = DIRECTION('',(-1.,0.,0.));
#8134 = DIRECTION('',(0.,1.,0.));
#8135 = ADVANCED_FACE('',(#8136),#8147,.T.);
#8136 = FACE_BOUND('',#8137,.T.);
#8137 = EDGE_LOOP('',(#8138,#8144,#8145,#8146));
#8138 = ORIENTED_EDGE('',*,*,#8139,.T.);
#8139 = EDGE_CURVE('',#8116,#8092,#8140,.T.);
#8140 = LINE('',#8141,#8142);
#8141 = CARTESIAN_POINT('',(72.11690559818,55.958312268295,212.));
#8142 = VECTOR('',#8143,1.);
#8143 = DIRECTION('',(-0.866025403784,-0.5,0.));
#8144 = ORIENTED_EDGE('',*,*,#8101,.T.);
#8145 = ORIENTED_EDGE('',*,*,#1813,.F.);
#8146 = ORIENTED_EDGE('',*,*,#8123,.F.);
#8147 = PLANE('',#8148);
#8148 = AXIS2_PLACEMENT_3D('',#8149,#8150,#8151);
#8149 = CARTESIAN_POINT('',(112.05255888325,79.015172442699,208.));
#8150 = DIRECTION('',(-0.5,0.866025403784,0.));
#8151 = DIRECTION('',(0.866025403784,0.5,0.));
#8152 = ADVANCED_FACE('',(#8153),#8178,.T.);
#8153 = FACE_BOUND('',#8154,.T.);
#8154 = EDGE_LOOP('',(#8155,#8165,#8171,#8172));
#8155 = ORIENTED_EDGE('',*,*,#8156,.T.);
#8156 = EDGE_CURVE('',#8157,#8159,#8161,.T.);
#8157 = VERTEX_POINT('',#8158);
#8158 = CARTESIAN_POINT('',(112.06569860407,78.992413778651,212.));
#8159 = VERTEX_POINT('',#8160);
#8160 = CARTESIAN_POINT('',(116.81569860407,81.734827557301,212.));
#8161 = LINE('',#8162,#8163);
#8162 = CARTESIAN_POINT('',(74.505045318994,57.306760493573,212.));
#8163 = VECTOR('',#8164,1.);
#8164 = DIRECTION('',(0.866025403784,0.5,-0.));
#8165 = ORIENTED_EDGE('',*,*,#8166,.T.);
#8166 = EDGE_CURVE('',#8159,#1840,#8167,.T.);
#8167 = LINE('',#8168,#8169);
#8168 = CARTESIAN_POINT('',(116.81569860407,81.734827557301,208.));
#8169 = VECTOR('',#8170,1.);
#8170 = DIRECTION('',(0.,0.,1.));
#8171 = ORIENTED_EDGE('',*,*,#1837,.F.);
#8172 = ORIENTED_EDGE('',*,*,#8173,.F.);
#8173 = EDGE_CURVE('',#8157,#1838,#8174,.T.);
#8174 = LINE('',#8175,#8176);
#8175 = CARTESIAN_POINT('',(112.06569860407,78.992413778651,208.));
#8176 = VECTOR('',#8177,1.);
#8177 = DIRECTION('',(0.,0.,1.));
#8178 = PLANE('',#8179);
#8179 = AXIS2_PLACEMENT_3D('',#8180,#8181,#8182);
#8180 = CARTESIAN_POINT('',(116.81569860407,81.734827557301,208.));
#8181 = DIRECTION('',(0.5,-0.866025403784,0.));
#8182 = DIRECTION('',(-0.866025403784,-0.5,0.));
#8183 = ADVANCED_FACE('',(#8184),#8202,.T.);
#8184 = FACE_BOUND('',#8185,.T.);
#8185 = EDGE_LOOP('',(#8186,#8194,#8195,#8196));
#8186 = ORIENTED_EDGE('',*,*,#8187,.T.);
#8187 = EDGE_CURVE('',#8188,#8157,#8190,.T.);
#8188 = VERTEX_POINT('',#8189);
#8189 = CARTESIAN_POINT('',(112.06569860407,73.507586221349,212.));
#8190 = LINE('',#8191,#8192);
#8191 = CARTESIAN_POINT('',(112.06569860407,66.496206889325,212.));
#8192 = VECTOR('',#8193,1.);
#8193 = DIRECTION('',(-0.,1.,0.));
#8194 = ORIENTED_EDGE('',*,*,#8173,.T.);
#8195 = ORIENTED_EDGE('',*,*,#1879,.F.);
#8196 = ORIENTED_EDGE('',*,*,#8197,.F.);
#8197 = EDGE_CURVE('',#8188,#1872,#8198,.T.);
#8198 = LINE('',#8199,#8200);
#8199 = CARTESIAN_POINT('',(112.06569860407,73.507586221349,208.));
#8200 = VECTOR('',#8201,1.);
#8201 = DIRECTION('',(0.,0.,1.));
#8202 = PLANE('',#8203);
#8203 = AXIS2_PLACEMENT_3D('',#8204,#8205,#8206);
#8204 = CARTESIAN_POINT('',(112.06569860407,78.992413778651,208.));
#8205 = DIRECTION('',(1.,0.,-0.));
#8206 = DIRECTION('',(0.,-1.,0.));
#8207 = ADVANCED_FACE('',(#8208),#8226,.T.);
#8208 = FACE_BOUND('',#8209,.T.);
#8209 = EDGE_LOOP('',(#8210,#8218,#8224,#8225));
#8210 = ORIENTED_EDGE('',*,*,#8211,.T.);
#8211 = EDGE_CURVE('',#8159,#8212,#8214,.T.);
#8212 = VERTEX_POINT('',#8213);
#8213 = CARTESIAN_POINT('',(121.56569860407,78.992413778651,212.));
#8214 = LINE('',#8215,#8216);
#8215 = CARTESIAN_POINT('',(88.889577936096,97.857980842379,212.));
#8216 = VECTOR('',#8217,1.);
#8217 = DIRECTION('',(0.866025403784,-0.5,0.));
#8218 = ORIENTED_EDGE('',*,*,#8219,.T.);
#8219 = EDGE_CURVE('',#8212,#1848,#8220,.T.);
#8220 = LINE('',#8221,#8222);
#8221 = CARTESIAN_POINT('',(121.56569860407,78.992413778651,208.));
#8222 = VECTOR('',#8223,1.);
#8223 = DIRECTION('',(0.,0.,1.));
#8224 = ORIENTED_EDGE('',*,*,#1847,.F.);
#8225 = ORIENTED_EDGE('',*,*,#8166,.F.);
#8226 = PLANE('',#8227);
#8227 = AXIS2_PLACEMENT_3D('',#8228,#8229,#8230);
#8228 = CARTESIAN_POINT('',(121.56569860407,78.992413778651,208.));
#8229 = DIRECTION('',(-0.5,-0.866025403784,0.));
#8230 = DIRECTION('',(-0.866025403784,0.5,0.));
#8231 = ADVANCED_FACE('',(#8232),#8250,.T.);
#8232 = FACE_BOUND('',#8233,.T.);
#8233 = EDGE_LOOP('',(#8234,#8242,#8243,#8244));
#8234 = ORIENTED_EDGE('',*,*,#8235,.T.);
#8235 = EDGE_CURVE('',#8236,#8188,#8238,.T.);
#8236 = VERTEX_POINT('',#8237);
#8237 = CARTESIAN_POINT('',(116.81569860407,70.765172442699,212.));
#8238 = LINE('',#8239,#8240);
#8239 = CARTESIAN_POINT('',(81.764577936096,91.001946395753,212.));
#8240 = VECTOR('',#8241,1.);
#8241 = DIRECTION('',(-0.866025403784,0.5,0.));
#8242 = ORIENTED_EDGE('',*,*,#8197,.T.);
#8243 = ORIENTED_EDGE('',*,*,#1871,.F.);
#8244 = ORIENTED_EDGE('',*,*,#8245,.F.);
#8245 = EDGE_CURVE('',#8236,#1864,#8246,.T.);
#8246 = LINE('',#8247,#8248);
#8247 = CARTESIAN_POINT('',(116.81569860407,70.765172442699,208.));
#8248 = VECTOR('',#8249,1.);
#8249 = DIRECTION('',(0.,0.,1.));
#8250 = PLANE('',#8251);
#8251 = AXIS2_PLACEMENT_3D('',#8252,#8253,#8254);
#8252 = CARTESIAN_POINT('',(112.06569860407,73.507586221349,208.));
#8253 = DIRECTION('',(0.5,0.866025403784,-0.));
#8254 = DIRECTION('',(0.866025403784,-0.5,0.));
#8255 = ADVANCED_FACE('',(#8256),#8274,.T.);
#8256 = FACE_BOUND('',#8257,.T.);
#8257 = EDGE_LOOP('',(#8258,#8266,#8272,#8273));
#8258 = ORIENTED_EDGE('',*,*,#8259,.T.);
#8259 = EDGE_CURVE('',#8212,#8260,#8262,.T.);
#8260 = VERTEX_POINT('',#8261);
#8261 = CARTESIAN_POINT('',(121.56569860407,73.507586221349,212.));
#8262 = LINE('',#8263,#8264);
#8263 = CARTESIAN_POINT('',(121.56569860407,63.753793110675,212.));
#8264 = VECTOR('',#8265,1.);
#8265 = DIRECTION('',(0.,-1.,0.));
#8266 = ORIENTED_EDGE('',*,*,#8267,.T.);
#8267 = EDGE_CURVE('',#8260,#1856,#8268,.T.);
#8268 = LINE('',#8269,#8270);
#8269 = CARTESIAN_POINT('',(121.56569860407,73.507586221349,208.));
#8270 = VECTOR('',#8271,1.);
#8271 = DIRECTION('',(0.,0.,1.));
#8272 = ORIENTED_EDGE('',*,*,#1855,.F.);
#8273 = ORIENTED_EDGE('',*,*,#8219,.F.);
#8274 = PLANE('',#8275);
#8275 = AXIS2_PLACEMENT_3D('',#8276,#8277,#8278);
#8276 = CARTESIAN_POINT('',(121.56569860407,73.507586221349,208.));
#8277 = DIRECTION('',(-1.,0.,0.));
#8278 = DIRECTION('',(0.,1.,0.));
#8279 = ADVANCED_FACE('',(#8280),#8291,.T.);
#8280 = FACE_BOUND('',#8281,.T.);
#8281 = EDGE_LOOP('',(#8282,#8288,#8289,#8290));
#8282 = ORIENTED_EDGE('',*,*,#8283,.T.);
#8283 = EDGE_CURVE('',#8260,#8236,#8284,.T.);
#8284 = LINE('',#8285,#8286);
#8285 = CARTESIAN_POINT('',(76.880045318994,47.708312268295,212.));
#8286 = VECTOR('',#8287,1.);
#8287 = DIRECTION('',(-0.866025403784,-0.5,0.));
#8288 = ORIENTED_EDGE('',*,*,#8245,.T.);
#8289 = ORIENTED_EDGE('',*,*,#1863,.F.);
#8290 = ORIENTED_EDGE('',*,*,#8267,.F.);
#8291 = PLANE('',#8292);
#8292 = AXIS2_PLACEMENT_3D('',#8293,#8294,#8295);
#8293 = CARTESIAN_POINT('',(116.81569860407,70.765172442699,208.));
#8294 = DIRECTION('',(-0.5,0.866025403784,0.));
#8295 = DIRECTION('',(0.866025403784,0.5,0.));
#8296 = ADVANCED_FACE('',(#8297),#8322,.T.);
#8297 = FACE_BOUND('',#8298,.T.);
#8298 = EDGE_LOOP('',(#8299,#8309,#8315,#8316));
#8299 = ORIENTED_EDGE('',*,*,#8300,.T.);
#8300 = EDGE_CURVE('',#8301,#8303,#8305,.T.);
#8301 = VERTEX_POINT('',#8302);
#8302 = CARTESIAN_POINT('',(116.82883832488,87.242413778651,212.));
#8303 = VERTEX_POINT('',#8304);
#8304 = CARTESIAN_POINT('',(121.57883832488,89.984827557301,212.));
#8305 = LINE('',#8306,#8307);
#8306 = CARTESIAN_POINT('',(75.695830249198,63.494260493573,212.));
#8307 = VECTOR('',#8308,1.);
#8308 = DIRECTION('',(0.866025403784,0.5,-0.));
#8309 = ORIENTED_EDGE('',*,*,#8310,.T.);
#8310 = EDGE_CURVE('',#8303,#1890,#8311,.T.);
#8311 = LINE('',#8312,#8313);
#8312 = CARTESIAN_POINT('',(121.57883832488,89.984827557301,208.));
#8313 = VECTOR('',#8314,1.);
#8314 = DIRECTION('',(0.,0.,1.));
#8315 = ORIENTED_EDGE('',*,*,#1887,.F.);
#8316 = ORIENTED_EDGE('',*,*,#8317,.F.);
#8317 = EDGE_CURVE('',#8301,#1888,#8318,.T.);
#8318 = LINE('',#8319,#8320);
#8319 = CARTESIAN_POINT('',(116.82883832488,87.242413778651,208.));
#8320 = VECTOR('',#8321,1.);
#8321 = DIRECTION('',(0.,0.,1.));
#8322 = PLANE('',#8323);
#8323 = AXIS2_PLACEMENT_3D('',#8324,#8325,#8326);
#8324 = CARTESIAN_POINT('',(121.57883832488,89.984827557301,208.));
#8325 = DIRECTION('',(0.5,-0.866025403784,0.));
#8326 = DIRECTION('',(-0.866025403784,-0.5,0.));
#8327 = ADVANCED_FACE('',(#8328),#8346,.T.);
#8328 = FACE_BOUND('',#8329,.T.);
#8329 = EDGE_LOOP('',(#8330,#8338,#8339,#8340));
#8330 = ORIENTED_EDGE('',*,*,#8331,.T.);
#8331 = EDGE_CURVE('',#8332,#8301,#8334,.T.);
#8332 = VERTEX_POINT('',#8333);
#8333 = CARTESIAN_POINT('',(116.82883832488,81.757586221349,212.));
#8334 = LINE('',#8335,#8336);
#8335 = CARTESIAN_POINT('',(116.82883832488,70.621206889325,212.));
#8336 = VECTOR('',#8337,1.);
#8337 = DIRECTION('',(-0.,1.,0.));
#8338 = ORIENTED_EDGE('',*,*,#8317,.T.);
#8339 = ORIENTED_EDGE('',*,*,#1929,.F.);
#8340 = ORIENTED_EDGE('',*,*,#8341,.F.);
#8341 = EDGE_CURVE('',#8332,#1922,#8342,.T.);
#8342 = LINE('',#8343,#8344);
#8343 = CARTESIAN_POINT('',(116.82883832488,81.757586221349,208.));
#8344 = VECTOR('',#8345,1.);
#8345 = DIRECTION('',(0.,0.,1.));
#8346 = PLANE('',#8347);
#8347 = AXIS2_PLACEMENT_3D('',#8348,#8349,#8350);
#8348 = CARTESIAN_POINT('',(116.82883832488,87.242413778651,208.));
#8349 = DIRECTION('',(1.,0.,-0.));
#8350 = DIRECTION('',(0.,-1.,0.));
#8351 = ADVANCED_FACE('',(#8352),#8370,.T.);
#8352 = FACE_BOUND('',#8353,.T.);
#8353 = EDGE_LOOP('',(#8354,#8362,#8368,#8369));
#8354 = ORIENTED_EDGE('',*,*,#8355,.T.);
#8355 = EDGE_CURVE('',#8303,#8356,#8358,.T.);
#8356 = VERTEX_POINT('',#8357);
#8357 = CARTESIAN_POINT('',(126.32883832488,87.242413778651,212.));
#8358 = LINE('',#8359,#8360);
#8359 = CARTESIAN_POINT('',(93.65271765691,106.10798084237,212.));
#8360 = VECTOR('',#8361,1.);
#8361 = DIRECTION('',(0.866025403784,-0.5,0.));
#8362 = ORIENTED_EDGE('',*,*,#8363,.T.);
#8363 = EDGE_CURVE('',#8356,#1898,#8364,.T.);
#8364 = LINE('',#8365,#8366);
#8365 = CARTESIAN_POINT('',(126.32883832488,87.242413778651,208.));
#8366 = VECTOR('',#8367,1.);
#8367 = DIRECTION('',(0.,0.,1.));
#8368 = ORIENTED_EDGE('',*,*,#1897,.F.);
#8369 = ORIENTED_EDGE('',*,*,#8310,.F.);
#8370 = PLANE('',#8371);
#8371 = AXIS2_PLACEMENT_3D('',#8372,#8373,#8374);
#8372 = CARTESIAN_POINT('',(126.32883832488,87.242413778651,208.));
#8373 = DIRECTION('',(-0.5,-0.866025403784,0.));
#8374 = DIRECTION('',(-0.866025403784,0.5,0.));
#8375 = ADVANCED_FACE('',(#8376),#8394,.T.);
#8376 = FACE_BOUND('',#8377,.T.);
#8377 = EDGE_LOOP('',(#8378,#8386,#8387,#8388));
#8378 = ORIENTED_EDGE('',*,*,#8379,.T.);
#8379 = EDGE_CURVE('',#8380,#8332,#8382,.T.);
#8380 = VERTEX_POINT('',#8381);
#8381 = CARTESIAN_POINT('',(121.57883832488,79.015172442699,212.));
#8382 = LINE('',#8383,#8384);
#8383 = CARTESIAN_POINT('',(86.52771765691,99.251946395753,212.));
#8384 = VECTOR('',#8385,1.);
#8385 = DIRECTION('',(-0.866025403784,0.5,0.));
#8386 = ORIENTED_EDGE('',*,*,#8341,.T.);
#8387 = ORIENTED_EDGE('',*,*,#1921,.F.);
#8388 = ORIENTED_EDGE('',*,*,#8389,.F.);
#8389 = EDGE_CURVE('',#8380,#1914,#8390,.T.);
#8390 = LINE('',#8391,#8392);
#8391 = CARTESIAN_POINT('',(121.57883832488,79.015172442699,208.));
#8392 = VECTOR('',#8393,1.);
#8393 = DIRECTION('',(0.,0.,1.));
#8394 = PLANE('',#8395);
#8395 = AXIS2_PLACEMENT_3D('',#8396,#8397,#8398);
#8396 = CARTESIAN_POINT('',(116.82883832488,81.757586221349,208.));
#8397 = DIRECTION('',(0.5,0.866025403784,-0.));
#8398 = DIRECTION('',(0.866025403784,-0.5,0.));
#8399 = ADVANCED_FACE('',(#8400),#8418,.T.);
#8400 = FACE_BOUND('',#8401,.T.);
#8401 = EDGE_LOOP('',(#8402,#8410,#8416,#8417));
#8402 = ORIENTED_EDGE('',*,*,#8403,.T.);
#8403 = EDGE_CURVE('',#8356,#8404,#8406,.T.);
#8404 = VERTEX_POINT('',#8405);
#8405 = CARTESIAN_POINT('',(126.32883832488,81.757586221349,212.));
#8406 = LINE('',#8407,#8408);
#8407 = CARTESIAN_POINT('',(126.32883832488,67.878793110675,212.));
#8408 = VECTOR('',#8409,1.);
#8409 = DIRECTION('',(0.,-1.,0.));
#8410 = ORIENTED_EDGE('',*,*,#8411,.T.);
#8411 = EDGE_CURVE('',#8404,#1906,#8412,.T.);
#8412 = LINE('',#8413,#8414);
#8413 = CARTESIAN_POINT('',(126.32883832488,81.757586221349,208.));
#8414 = VECTOR('',#8415,1.);
#8415 = DIRECTION('',(0.,0.,1.));
#8416 = ORIENTED_EDGE('',*,*,#1905,.F.);
#8417 = ORIENTED_EDGE('',*,*,#8363,.F.);
#8418 = PLANE('',#8419);
#8419 = AXIS2_PLACEMENT_3D('',#8420,#8421,#8422);
#8420 = CARTESIAN_POINT('',(126.32883832488,81.757586221349,208.));
#8421 = DIRECTION('',(-1.,0.,0.));
#8422 = DIRECTION('',(0.,1.,0.));
#8423 = ADVANCED_FACE('',(#8424),#8435,.T.);
#8424 = FACE_BOUND('',#8425,.T.);
#8425 = EDGE_LOOP('',(#8426,#8432,#8433,#8434));
#8426 = ORIENTED_EDGE('',*,*,#8427,.T.);
#8427 = EDGE_CURVE('',#8404,#8380,#8428,.T.);
#8428 = LINE('',#8429,#8430);
#8429 = CARTESIAN_POINT('',(78.070830249198,53.895812268295,212.));
#8430 = VECTOR('',#8431,1.);
#8431 = DIRECTION('',(-0.866025403784,-0.5,0.));
#8432 = ORIENTED_EDGE('',*,*,#8389,.T.);
#8433 = ORIENTED_EDGE('',*,*,#1913,.F.);
#8434 = ORIENTED_EDGE('',*,*,#8411,.F.);
#8435 = PLANE('',#8436);
#8436 = AXIS2_PLACEMENT_3D('',#8437,#8438,#8439);
#8437 = CARTESIAN_POINT('',(121.57883832488,79.015172442699,208.));
#8438 = DIRECTION('',(-0.5,0.866025403784,0.));
#8439 = DIRECTION('',(0.866025403784,0.5,0.));
#8440 = ADVANCED_FACE('',(#8441),#8466,.T.);
#8441 = FACE_BOUND('',#8442,.T.);
#8442 = EDGE_LOOP('',(#8443,#8453,#8459,#8460));
#8443 = ORIENTED_EDGE('',*,*,#8444,.T.);
#8444 = EDGE_CURVE('',#8445,#8447,#8449,.T.);
#8445 = VERTEX_POINT('',#8446);
#8446 = CARTESIAN_POINT('',(102.53941916244,95.492413778651,212.));
#8447 = VERTEX_POINT('',#8448);
#8448 = CARTESIAN_POINT('',(107.28941916244,98.234827557301,212.));
#8449 = LINE('',#8450,#8451);
#8450 = CARTESIAN_POINT('',(64.978765877365,73.806760493573,212.));
#8451 = VECTOR('',#8452,1.);
#8452 = DIRECTION('',(0.866025403784,0.5,-0.));
#8453 = ORIENTED_EDGE('',*,*,#8454,.T.);
#8454 = EDGE_CURVE('',#8447,#1940,#8455,.T.);
#8455 = LINE('',#8456,#8457);
#8456 = CARTESIAN_POINT('',(107.28941916244,98.234827557301,208.));
#8457 = VECTOR('',#8458,1.);
#8458 = DIRECTION('',(0.,0.,1.));
#8459 = ORIENTED_EDGE('',*,*,#1937,.F.);
#8460 = ORIENTED_EDGE('',*,*,#8461,.F.);
#8461 = EDGE_CURVE('',#8445,#1938,#8462,.T.);
#8462 = LINE('',#8463,#8464);
#8463 = CARTESIAN_POINT('',(102.53941916244,95.492413778651,208.));
#8464 = VECTOR('',#8465,1.);
#8465 = DIRECTION('',(0.,0.,1.));
#8466 = PLANE('',#8467);
#8467 = AXIS2_PLACEMENT_3D('',#8468,#8469,#8470);
#8468 = CARTESIAN_POINT('',(107.28941916244,98.234827557301,208.));
#8469 = DIRECTION('',(0.5,-0.866025403784,0.));
#8470 = DIRECTION('',(-0.866025403784,-0.5,0.));
#8471 = ADVANCED_FACE('',(#8472),#8490,.T.);
#8472 = FACE_BOUND('',#8473,.T.);
#8473 = EDGE_LOOP('',(#8474,#8482,#8483,#8484));
#8474 = ORIENTED_EDGE('',*,*,#8475,.T.);
#8475 = EDGE_CURVE('',#8476,#8445,#8478,.T.);
#8476 = VERTEX_POINT('',#8477);
#8477 = CARTESIAN_POINT('',(102.53941916244,90.007586221349,212.));
#8478 = LINE('',#8479,#8480);
#8479 = CARTESIAN_POINT('',(102.53941916244,74.746206889325,212.));
#8480 = VECTOR('',#8481,1.);
#8481 = DIRECTION('',(-0.,1.,0.));
#8482 = ORIENTED_EDGE('',*,*,#8461,.T.);
#8483 = ORIENTED_EDGE('',*,*,#1979,.F.);
#8484 = ORIENTED_EDGE('',*,*,#8485,.F.);
#8485 = EDGE_CURVE('',#8476,#1972,#8486,.T.);
#8486 = LINE('',#8487,#8488);
#8487 = CARTESIAN_POINT('',(102.53941916244,90.007586221349,208.));
#8488 = VECTOR('',#8489,1.);
#8489 = DIRECTION('',(0.,0.,1.));
#8490 = PLANE('',#8491);
#8491 = AXIS2_PLACEMENT_3D('',#8492,#8493,#8494);
#8492 = CARTESIAN_POINT('',(102.53941916244,95.492413778651,208.));
#8493 = DIRECTION('',(1.,0.,-0.));
#8494 = DIRECTION('',(0.,-1.,0.));
#8495 = ADVANCED_FACE('',(#8496),#8514,.T.);
#8496 = FACE_BOUND('',#8497,.T.);
#8497 = EDGE_LOOP('',(#8498,#8506,#8512,#8513));
#8498 = ORIENTED_EDGE('',*,*,#8499,.T.);
#8499 = EDGE_CURVE('',#8447,#8500,#8502,.T.);
#8500 = VERTEX_POINT('',#8501);
#8501 = CARTESIAN_POINT('',(112.03941916244,95.492413778651,212.));
#8502 = LINE('',#8503,#8504);
#8503 = CARTESIAN_POINT('',(86.508008075689,110.23298084237,212.));
#8504 = VECTOR('',#8505,1.);
#8505 = DIRECTION('',(0.866025403784,-0.5,0.));
#8506 = ORIENTED_EDGE('',*,*,#8507,.T.);
#8507 = EDGE_CURVE('',#8500,#1948,#8508,.T.);
#8508 = LINE('',#8509,#8510);
#8509 = CARTESIAN_POINT('',(112.03941916244,95.492413778651,208.));
#8510 = VECTOR('',#8511,1.);
#8511 = DIRECTION('',(0.,0.,1.));
#8512 = ORIENTED_EDGE('',*,*,#1947,.F.);
#8513 = ORIENTED_EDGE('',*,*,#8454,.F.);
#8514 = PLANE('',#8515);
#8515 = AXIS2_PLACEMENT_3D('',#8516,#8517,#8518);
#8516 = CARTESIAN_POINT('',(112.03941916244,95.492413778651,208.));
#8517 = DIRECTION('',(-0.5,-0.866025403784,0.));
#8518 = DIRECTION('',(-0.866025403784,0.5,0.));
#8519 = ADVANCED_FACE('',(#8520),#8538,.T.);
#8520 = FACE_BOUND('',#8521,.T.);
#8521 = EDGE_LOOP('',(#8522,#8530,#8531,#8532));
#8522 = ORIENTED_EDGE('',*,*,#8523,.T.);
#8523 = EDGE_CURVE('',#8524,#8476,#8526,.T.);
#8524 = VERTEX_POINT('',#8525);
#8525 = CARTESIAN_POINT('',(107.28941916244,87.265172442699,212.));
#8526 = LINE('',#8527,#8528);
#8527 = CARTESIAN_POINT('',(79.383008075689,103.37694639575,212.));
#8528 = VECTOR('',#8529,1.);
#8529 = DIRECTION('',(-0.866025403784,0.5,0.));
#8530 = ORIENTED_EDGE('',*,*,#8485,.T.);
#8531 = ORIENTED_EDGE('',*,*,#1971,.F.);
#8532 = ORIENTED_EDGE('',*,*,#8533,.F.);
#8533 = EDGE_CURVE('',#8524,#1964,#8534,.T.);
#8534 = LINE('',#8535,#8536);
#8535 = CARTESIAN_POINT('',(107.28941916244,87.265172442699,208.));
#8536 = VECTOR('',#8537,1.);
#8537 = DIRECTION('',(0.,0.,1.));
#8538 = PLANE('',#8539);
#8539 = AXIS2_PLACEMENT_3D('',#8540,#8541,#8542);
#8540 = CARTESIAN_POINT('',(102.53941916244,90.007586221349,208.));
#8541 = DIRECTION('',(0.5,0.866025403784,-0.));
#8542 = DIRECTION('',(0.866025403784,-0.5,0.));
#8543 = ADVANCED_FACE('',(#8544),#8562,.T.);
#8544 = FACE_BOUND('',#8545,.T.);
#8545 = EDGE_LOOP('',(#8546,#8554,#8560,#8561));
#8546 = ORIENTED_EDGE('',*,*,#8547,.T.);
#8547 = EDGE_CURVE('',#8500,#8548,#8550,.T.);
#8548 = VERTEX_POINT('',#8549);
#8549 = CARTESIAN_POINT('',(112.03941916244,90.007586221349,212.));
#8550 = LINE('',#8551,#8552);
#8551 = CARTESIAN_POINT('',(112.03941916244,72.003793110675,212.));
#8552 = VECTOR('',#8553,1.);
#8553 = DIRECTION('',(0.,-1.,0.));
#8554 = ORIENTED_EDGE('',*,*,#8555,.T.);
#8555 = EDGE_CURVE('',#8548,#1956,#8556,.T.);
#8556 = LINE('',#8557,#8558);
#8557 = CARTESIAN_POINT('',(112.03941916244,90.007586221349,208.));
#8558 = VECTOR('',#8559,1.);
#8559 = DIRECTION('',(0.,0.,1.));
#8560 = ORIENTED_EDGE('',*,*,#1955,.F.);
#8561 = ORIENTED_EDGE('',*,*,#8507,.F.);
#8562 = PLANE('',#8563);
#8563 = AXIS2_PLACEMENT_3D('',#8564,#8565,#8566);
#8564 = CARTESIAN_POINT('',(112.03941916244,90.007586221349,208.));
#8565 = DIRECTION('',(-1.,0.,0.));
#8566 = DIRECTION('',(0.,1.,0.));
#8567 = ADVANCED_FACE('',(#8568),#8579,.T.);
#8568 = FACE_BOUND('',#8569,.T.);
#8569 = EDGE_LOOP('',(#8570,#8576,#8577,#8578));
#8570 = ORIENTED_EDGE('',*,*,#8571,.T.);
#8571 = EDGE_CURVE('',#8548,#8524,#8572,.T.);
#8572 = LINE('',#8573,#8574);
#8573 = CARTESIAN_POINT('',(67.353765877365,64.208312268295,212.));
#8574 = VECTOR('',#8575,1.);
#8575 = DIRECTION('',(-0.866025403784,-0.5,0.));
#8576 = ORIENTED_EDGE('',*,*,#8533,.T.);
#8577 = ORIENTED_EDGE('',*,*,#1963,.F.);
#8578 = ORIENTED_EDGE('',*,*,#8555,.F.);
#8579 = PLANE('',#8580);
#8580 = AXIS2_PLACEMENT_3D('',#8581,#8582,#8583);
#8581 = CARTESIAN_POINT('',(107.28941916244,87.265172442699,208.));
#8582 = DIRECTION('',(-0.5,0.866025403784,0.));
#8583 = DIRECTION('',(0.866025403784,0.5,0.));
#8584 = ADVANCED_FACE('',(#8585),#8610,.T.);
#8585 = FACE_BOUND('',#8586,.T.);
#8586 = EDGE_LOOP('',(#8587,#8597,#8603,#8604));
#8587 = ORIENTED_EDGE('',*,*,#8588,.T.);
#8588 = EDGE_CURVE('',#8589,#8591,#8593,.T.);
#8589 = VERTEX_POINT('',#8590);
#8590 = CARTESIAN_POINT('',(112.06569860407,95.492413778651,212.));
#8591 = VERTEX_POINT('',#8592);
#8592 = CARTESIAN_POINT('',(116.81569860407,98.234827557301,212.));
#8593 = LINE('',#8594,#8595);
#8594 = CARTESIAN_POINT('',(70.932690528383,71.744260493573,212.));
#8595 = VECTOR('',#8596,1.);
#8596 = DIRECTION('',(0.866025403784,0.5,-0.));
#8597 = ORIENTED_EDGE('',*,*,#8598,.T.);
#8598 = EDGE_CURVE('',#8591,#1990,#8599,.T.);
#8599 = LINE('',#8600,#8601);
#8600 = CARTESIAN_POINT('',(116.81569860407,98.234827557301,208.));
#8601 = VECTOR('',#8602,1.);
#8602 = DIRECTION('',(0.,0.,1.));
#8603 = ORIENTED_EDGE('',*,*,#1987,.F.);
#8604 = ORIENTED_EDGE('',*,*,#8605,.F.);
#8605 = EDGE_CURVE('',#8589,#1988,#8606,.T.);
#8606 = LINE('',#8607,#8608);
#8607 = CARTESIAN_POINT('',(112.06569860407,95.492413778651,208.));
#8608 = VECTOR('',#8609,1.);
#8609 = DIRECTION('',(0.,0.,1.));
#8610 = PLANE('',#8611);
#8611 = AXIS2_PLACEMENT_3D('',#8612,#8613,#8614);
#8612 = CARTESIAN_POINT('',(116.81569860407,98.234827557301,208.));
#8613 = DIRECTION('',(0.5,-0.866025403784,0.));
#8614 = DIRECTION('',(-0.866025403784,-0.5,0.));
#8615 = ADVANCED_FACE('',(#8616),#8634,.T.);
#8616 = FACE_BOUND('',#8617,.T.);
#8617 = EDGE_LOOP('',(#8618,#8626,#8627,#8628));
#8618 = ORIENTED_EDGE('',*,*,#8619,.T.);
#8619 = EDGE_CURVE('',#8620,#8589,#8622,.T.);
#8620 = VERTEX_POINT('',#8621);
#8621 = CARTESIAN_POINT('',(112.06569860407,90.007586221349,212.));
#8622 = LINE('',#8623,#8624);
#8623 = CARTESIAN_POINT('',(112.06569860407,74.746206889325,212.));
#8624 = VECTOR('',#8625,1.);
#8625 = DIRECTION('',(-0.,1.,0.));
#8626 = ORIENTED_EDGE('',*,*,#8605,.T.);
#8627 = ORIENTED_EDGE('',*,*,#2029,.F.);
#8628 = ORIENTED_EDGE('',*,*,#8629,.F.);
#8629 = EDGE_CURVE('',#8620,#2022,#8630,.T.);
#8630 = LINE('',#8631,#8632);
#8631 = CARTESIAN_POINT('',(112.06569860407,90.007586221349,208.));
#8632 = VECTOR('',#8633,1.);
#8633 = DIRECTION('',(0.,0.,1.));
#8634 = PLANE('',#8635);
#8635 = AXIS2_PLACEMENT_3D('',#8636,#8637,#8638);
#8636 = CARTESIAN_POINT('',(112.06569860407,95.492413778651,208.));
#8637 = DIRECTION('',(1.,0.,-0.));
#8638 = DIRECTION('',(0.,-1.,0.));
#8639 = ADVANCED_FACE('',(#8640),#8658,.T.);
#8640 = FACE_BOUND('',#8641,.T.);
#8641 = EDGE_LOOP('',(#8642,#8650,#8656,#8657));
#8642 = ORIENTED_EDGE('',*,*,#8643,.T.);
#8643 = EDGE_CURVE('',#8591,#8644,#8646,.T.);
#8644 = VERTEX_POINT('',#8645);
#8645 = CARTESIAN_POINT('',(121.56569860407,95.492413778651,212.));
#8646 = LINE('',#8647,#8648);
#8647 = CARTESIAN_POINT('',(92.461932726707,112.29548084237,212.));
#8648 = VECTOR('',#8649,1.);
#8649 = DIRECTION('',(0.866025403784,-0.5,0.));
#8650 = ORIENTED_EDGE('',*,*,#8651,.T.);
#8651 = EDGE_CURVE('',#8644,#1998,#8652,.T.);
#8652 = LINE('',#8653,#8654);
#8653 = CARTESIAN_POINT('',(121.56569860407,95.492413778651,208.));
#8654 = VECTOR('',#8655,1.);
#8655 = DIRECTION('',(0.,0.,1.));
#8656 = ORIENTED_EDGE('',*,*,#1997,.F.);
#8657 = ORIENTED_EDGE('',*,*,#8598,.F.);
#8658 = PLANE('',#8659);
#8659 = AXIS2_PLACEMENT_3D('',#8660,#8661,#8662);
#8660 = CARTESIAN_POINT('',(121.56569860407,95.492413778651,208.));
#8661 = DIRECTION('',(-0.5,-0.866025403784,0.));
#8662 = DIRECTION('',(-0.866025403784,0.5,0.));
#8663 = ADVANCED_FACE('',(#8664),#8682,.T.);
#8664 = FACE_BOUND('',#8665,.T.);
#8665 = EDGE_LOOP('',(#8666,#8674,#8675,#8676));
#8666 = ORIENTED_EDGE('',*,*,#8667,.T.);
#8667 = EDGE_CURVE('',#8668,#8620,#8670,.T.);
#8668 = VERTEX_POINT('',#8669);
#8669 = CARTESIAN_POINT('',(116.81569860407,87.265172442699,212.));
#8670 = LINE('',#8671,#8672);
#8671 = CARTESIAN_POINT('',(85.336932726707,105.43944639575,212.));
#8672 = VECTOR('',#8673,1.);
#8673 = DIRECTION('',(-0.866025403784,0.5,0.));
#8674 = ORIENTED_EDGE('',*,*,#8629,.T.);
#8675 = ORIENTED_EDGE('',*,*,#2021,.F.);
#8676 = ORIENTED_EDGE('',*,*,#8677,.F.);
#8677 = EDGE_CURVE('',#8668,#2014,#8678,.T.);
#8678 = LINE('',#8679,#8680);
#8679 = CARTESIAN_POINT('',(116.81569860407,87.265172442699,208.));
#8680 = VECTOR('',#8681,1.);
#8681 = DIRECTION('',(0.,0.,1.));
#8682 = PLANE('',#8683);
#8683 = AXIS2_PLACEMENT_3D('',#8684,#8685,#8686);
#8684 = CARTESIAN_POINT('',(112.06569860407,90.007586221349,208.));
#8685 = DIRECTION('',(0.5,0.866025403784,-0.));
#8686 = DIRECTION('',(0.866025403784,-0.5,0.));
#8687 = ADVANCED_FACE('',(#8688),#8706,.T.);
#8688 = FACE_BOUND('',#8689,.T.);
#8689 = EDGE_LOOP('',(#8690,#8698,#8704,#8705));
#8690 = ORIENTED_EDGE('',*,*,#8691,.T.);
#8691 = EDGE_CURVE('',#8644,#8692,#8694,.T.);
#8692 = VERTEX_POINT('',#8693);
#8693 = CARTESIAN_POINT('',(121.56569860407,90.007586221349,212.));
#8694 = LINE('',#8695,#8696);
#8695 = CARTESIAN_POINT('',(121.56569860407,72.003793110675,212.));
#8696 = VECTOR('',#8697,1.);
#8697 = DIRECTION('',(0.,-1.,0.));
#8698 = ORIENTED_EDGE('',*,*,#8699,.T.);
#8699 = EDGE_CURVE('',#8692,#2006,#8700,.T.);
#8700 = LINE('',#8701,#8702);
#8701 = CARTESIAN_POINT('',(121.56569860407,90.007586221349,208.));
#8702 = VECTOR('',#8703,1.);
#8703 = DIRECTION('',(0.,0.,1.));
#8704 = ORIENTED_EDGE('',*,*,#2005,.F.);
#8705 = ORIENTED_EDGE('',*,*,#8651,.F.);
#8706 = PLANE('',#8707);
#8707 = AXIS2_PLACEMENT_3D('',#8708,#8709,#8710);
#8708 = CARTESIAN_POINT('',(121.56569860407,90.007586221349,208.));
#8709 = DIRECTION('',(-1.,0.,0.));
#8710 = DIRECTION('',(0.,1.,0.));
#8711 = ADVANCED_FACE('',(#8712),#8723,.T.);
#8712 = FACE_BOUND('',#8713,.T.);
#8713 = EDGE_LOOP('',(#8714,#8720,#8721,#8722));
#8714 = ORIENTED_EDGE('',*,*,#8715,.T.);
#8715 = EDGE_CURVE('',#8692,#8668,#8716,.T.);
#8716 = LINE('',#8717,#8718);
#8717 = CARTESIAN_POINT('',(73.307690528383,62.145812268295,212.));
#8718 = VECTOR('',#8719,1.);
#8719 = DIRECTION('',(-0.866025403784,-0.5,0.));
#8720 = ORIENTED_EDGE('',*,*,#8677,.T.);
#8721 = ORIENTED_EDGE('',*,*,#2013,.F.);
#8722 = ORIENTED_EDGE('',*,*,#8699,.F.);
#8723 = PLANE('',#8724);
#8724 = AXIS2_PLACEMENT_3D('',#8725,#8726,#8727);
#8725 = CARTESIAN_POINT('',(116.81569860407,87.265172442699,208.));
#8726 = DIRECTION('',(-0.5,0.866025403784,0.));
#8727 = DIRECTION('',(0.866025403784,0.5,0.));
#8728 = ADVANCED_FACE('',(#8729),#8754,.T.);
#8729 = FACE_BOUND('',#8730,.T.);
#8730 = EDGE_LOOP('',(#8731,#8741,#8747,#8748));
#8731 = ORIENTED_EDGE('',*,*,#8732,.T.);
#8732 = EDGE_CURVE('',#8733,#8735,#8737,.T.);
#8733 = VERTEX_POINT('',#8734);
#8734 = CARTESIAN_POINT('',(88.25,103.74241377865,212.));
#8735 = VERTEX_POINT('',#8736);
#8736 = CARTESIAN_POINT('',(93.,106.4848275573,212.));
#8737 = LINE('',#8738,#8739);
#8738 = CARTESIAN_POINT('',(54.261701505533,84.119260493573,212.));
#8739 = VECTOR('',#8740,1.);
#8740 = DIRECTION('',(0.866025403784,0.5,-0.));
#8741 = ORIENTED_EDGE('',*,*,#8742,.T.);
#8742 = EDGE_CURVE('',#8735,#2040,#8743,.T.);
#8743 = LINE('',#8744,#8745);
#8744 = CARTESIAN_POINT('',(93.,106.4848275573,208.));
#8745 = VECTOR('',#8746,1.);
#8746 = DIRECTION('',(0.,0.,1.));
#8747 = ORIENTED_EDGE('',*,*,#2037,.F.);
#8748 = ORIENTED_EDGE('',*,*,#8749,.F.);
#8749 = EDGE_CURVE('',#8733,#2038,#8750,.T.);
#8750 = LINE('',#8751,#8752);
#8751 = CARTESIAN_POINT('',(88.25,103.74241377865,208.));
#8752 = VECTOR('',#8753,1.);
#8753 = DIRECTION('',(0.,0.,1.));
#8754 = PLANE('',#8755);
#8755 = AXIS2_PLACEMENT_3D('',#8756,#8757,#8758);
#8756 = CARTESIAN_POINT('',(93.,106.4848275573,208.));
#8757 = DIRECTION('',(0.5,-0.866025403784,0.));
#8758 = DIRECTION('',(-0.866025403784,-0.5,0.));
#8759 = ADVANCED_FACE('',(#8760),#8778,.T.);
#8760 = FACE_BOUND('',#8761,.T.);
#8761 = EDGE_LOOP('',(#8762,#8770,#8771,#8772));
#8762 = ORIENTED_EDGE('',*,*,#8763,.T.);
#8763 = EDGE_CURVE('',#8764,#8733,#8766,.T.);
#8764 = VERTEX_POINT('',#8765);
#8765 = CARTESIAN_POINT('',(88.25,98.257586221349,212.));
#8766 = LINE('',#8767,#8768);
#8767 = CARTESIAN_POINT('',(88.25,78.871206889325,212.));
#8768 = VECTOR('',#8769,1.);
#8769 = DIRECTION('',(-0.,1.,0.));
#8770 = ORIENTED_EDGE('',*,*,#8749,.T.);
#8771 = ORIENTED_EDGE('',*,*,#2079,.F.);
#8772 = ORIENTED_EDGE('',*,*,#8773,.F.);
#8773 = EDGE_CURVE('',#8764,#2072,#8774,.T.);
#8774 = LINE('',#8775,#8776);
#8775 = CARTESIAN_POINT('',(88.25,98.257586221349,208.));
#8776 = VECTOR('',#8777,1.);
#8777 = DIRECTION('',(0.,0.,1.));
#8778 = PLANE('',#8779);
#8779 = AXIS2_PLACEMENT_3D('',#8780,#8781,#8782);
#8780 = CARTESIAN_POINT('',(88.25,103.74241377865,208.));
#8781 = DIRECTION('',(1.,0.,-0.));
#8782 = DIRECTION('',(0.,-1.,0.));
#8783 = ADVANCED_FACE('',(#8784),#8802,.T.);
#8784 = FACE_BOUND('',#8785,.T.);
#8785 = EDGE_LOOP('',(#8786,#8794,#8800,#8801));
#8786 = ORIENTED_EDGE('',*,*,#8787,.T.);
#8787 = EDGE_CURVE('',#8735,#8788,#8790,.T.);
#8788 = VERTEX_POINT('',#8789);
#8789 = CARTESIAN_POINT('',(97.75,103.74241377865,212.));
#8790 = LINE('',#8791,#8792);
#8791 = CARTESIAN_POINT('',(79.363298494467,114.35798084237,212.));
#8792 = VECTOR('',#8793,1.);
#8793 = DIRECTION('',(0.866025403784,-0.5,0.));
#8794 = ORIENTED_EDGE('',*,*,#8795,.T.);
#8795 = EDGE_CURVE('',#8788,#2048,#8796,.T.);
#8796 = LINE('',#8797,#8798);
#8797 = CARTESIAN_POINT('',(97.75,103.74241377865,208.));
#8798 = VECTOR('',#8799,1.);
#8799 = DIRECTION('',(0.,0.,1.));
#8800 = ORIENTED_EDGE('',*,*,#2047,.F.);
#8801 = ORIENTED_EDGE('',*,*,#8742,.F.);
#8802 = PLANE('',#8803);
#8803 = AXIS2_PLACEMENT_3D('',#8804,#8805,#8806);
#8804 = CARTESIAN_POINT('',(97.75,103.74241377865,208.));
#8805 = DIRECTION('',(-0.5,-0.866025403784,0.));
#8806 = DIRECTION('',(-0.866025403784,0.5,0.));
#8807 = ADVANCED_FACE('',(#8808),#8826,.T.);
#8808 = FACE_BOUND('',#8809,.T.);
#8809 = EDGE_LOOP('',(#8810,#8818,#8819,#8820));
#8810 = ORIENTED_EDGE('',*,*,#8811,.T.);
#8811 = EDGE_CURVE('',#8812,#8764,#8814,.T.);
#8812 = VERTEX_POINT('',#8813);
#8813 = CARTESIAN_POINT('',(93.,95.515172442699,212.));
#8814 = LINE('',#8815,#8816);
#8815 = CARTESIAN_POINT('',(72.238298494467,107.50194639575,212.));
#8816 = VECTOR('',#8817,1.);
#8817 = DIRECTION('',(-0.866025403784,0.5,0.));
#8818 = ORIENTED_EDGE('',*,*,#8773,.T.);
#8819 = ORIENTED_EDGE('',*,*,#2071,.F.);
#8820 = ORIENTED_EDGE('',*,*,#8821,.F.);
#8821 = EDGE_CURVE('',#8812,#2064,#8822,.T.);
#8822 = LINE('',#8823,#8824);
#8823 = CARTESIAN_POINT('',(93.,95.515172442699,208.));
#8824 = VECTOR('',#8825,1.);
#8825 = DIRECTION('',(0.,0.,1.));
#8826 = PLANE('',#8827);
#8827 = AXIS2_PLACEMENT_3D('',#8828,#8829,#8830);
#8828 = CARTESIAN_POINT('',(88.25,98.257586221349,208.));
#8829 = DIRECTION('',(0.5,0.866025403784,-0.));
#8830 = DIRECTION('',(0.866025403784,-0.5,0.));
#8831 = ADVANCED_FACE('',(#8832),#8850,.T.);
#8832 = FACE_BOUND('',#8833,.T.);
#8833 = EDGE_LOOP('',(#8834,#8842,#8848,#8849));
#8834 = ORIENTED_EDGE('',*,*,#8835,.T.);
#8835 = EDGE_CURVE('',#8788,#8836,#8838,.T.);
#8836 = VERTEX_POINT('',#8837);
#8837 = CARTESIAN_POINT('',(97.75,98.257586221349,212.));
#8838 = LINE('',#8839,#8840);
#8839 = CARTESIAN_POINT('',(97.75,76.128793110675,212.));
#8840 = VECTOR('',#8841,1.);
#8841 = DIRECTION('',(0.,-1.,0.));
#8842 = ORIENTED_EDGE('',*,*,#8843,.T.);
#8843 = EDGE_CURVE('',#8836,#2056,#8844,.T.);
#8844 = LINE('',#8845,#8846);
#8845 = CARTESIAN_POINT('',(97.75,98.257586221349,208.));
#8846 = VECTOR('',#8847,1.);
#8847 = DIRECTION('',(0.,0.,1.));
#8848 = ORIENTED_EDGE('',*,*,#2055,.F.);
#8849 = ORIENTED_EDGE('',*,*,#8795,.F.);
#8850 = PLANE('',#8851);
#8851 = AXIS2_PLACEMENT_3D('',#8852,#8853,#8854);
#8852 = CARTESIAN_POINT('',(97.75,98.257586221349,208.));
#8853 = DIRECTION('',(-1.,0.,0.));
#8854 = DIRECTION('',(0.,1.,0.));
#8855 = ADVANCED_FACE('',(#8856),#8867,.T.);
#8856 = FACE_BOUND('',#8857,.T.);
#8857 = EDGE_LOOP('',(#8858,#8864,#8865,#8866));
#8858 = ORIENTED_EDGE('',*,*,#8859,.T.);
#8859 = EDGE_CURVE('',#8836,#8812,#8860,.T.);
#8860 = LINE('',#8861,#8862);
#8861 = CARTESIAN_POINT('',(56.636701505533,74.520812268295,212.));
#8862 = VECTOR('',#8863,1.);
#8863 = DIRECTION('',(-0.866025403784,-0.5,0.));
#8864 = ORIENTED_EDGE('',*,*,#8821,.T.);
#8865 = ORIENTED_EDGE('',*,*,#2063,.F.);
#8866 = ORIENTED_EDGE('',*,*,#8843,.F.);
#8867 = PLANE('',#8868);
#8868 = AXIS2_PLACEMENT_3D('',#8869,#8870,#8871);
#8869 = CARTESIAN_POINT('',(93.,95.515172442699,208.));
#8870 = DIRECTION('',(-0.5,0.866025403784,0.));
#8871 = DIRECTION('',(0.866025403784,0.5,0.));
#8872 = ADVANCED_FACE('',(#8873),#8898,.T.);
#8873 = FACE_BOUND('',#8874,.T.);
#8874 = EDGE_LOOP('',(#8875,#8885,#8891,#8892));
#8875 = ORIENTED_EDGE('',*,*,#8876,.T.);
#8876 = EDGE_CURVE('',#8877,#8879,#8881,.T.);
#8877 = VERTEX_POINT('',#8878);
#8878 = CARTESIAN_POINT('',(97.776279441629,103.74241377865,212.));
#8879 = VERTEX_POINT('',#8880);
#8880 = CARTESIAN_POINT('',(102.52627944162,106.4848275573,212.));
#8881 = LINE('',#8882,#8883);
#8882 = CARTESIAN_POINT('',(60.215626156551,82.056760493573,212.));
#8883 = VECTOR('',#8884,1.);
#8884 = DIRECTION('',(0.866025403784,0.5,-0.));
#8885 = ORIENTED_EDGE('',*,*,#8886,.T.);
#8886 = EDGE_CURVE('',#8879,#2090,#8887,.T.);
#8887 = LINE('',#8888,#8889);
#8888 = CARTESIAN_POINT('',(102.52627944162,106.4848275573,208.));
#8889 = VECTOR('',#8890,1.);
#8890 = DIRECTION('',(0.,0.,1.));
#8891 = ORIENTED_EDGE('',*,*,#2087,.F.);
#8892 = ORIENTED_EDGE('',*,*,#8893,.F.);
#8893 = EDGE_CURVE('',#8877,#2088,#8894,.T.);
#8894 = LINE('',#8895,#8896);
#8895 = CARTESIAN_POINT('',(97.776279441629,103.74241377865,208.));
#8896 = VECTOR('',#8897,1.);
#8897 = DIRECTION('',(0.,0.,1.));
#8898 = PLANE('',#8899);
#8899 = AXIS2_PLACEMENT_3D('',#8900,#8901,#8902);
#8900 = CARTESIAN_POINT('',(102.52627944162,106.4848275573,208.));
#8901 = DIRECTION('',(0.5,-0.866025403784,0.));
#8902 = DIRECTION('',(-0.866025403784,-0.5,0.));
#8903 = ADVANCED_FACE('',(#8904),#8922,.T.);
#8904 = FACE_BOUND('',#8905,.T.);
#8905 = EDGE_LOOP('',(#8906,#8914,#8915,#8916));
#8906 = ORIENTED_EDGE('',*,*,#8907,.T.);
#8907 = EDGE_CURVE('',#8908,#8877,#8910,.T.);
#8908 = VERTEX_POINT('',#8909);
#8909 = CARTESIAN_POINT('',(97.776279441629,98.257586221349,212.));
#8910 = LINE('',#8911,#8912);
#8911 = CARTESIAN_POINT('',(97.776279441629,78.871206889325,212.));
#8912 = VECTOR('',#8913,1.);
#8913 = DIRECTION('',(-0.,1.,0.));
#8914 = ORIENTED_EDGE('',*,*,#8893,.T.);
#8915 = ORIENTED_EDGE('',*,*,#2129,.F.);
#8916 = ORIENTED_EDGE('',*,*,#8917,.F.);
#8917 = EDGE_CURVE('',#8908,#2122,#8918,.T.);
#8918 = LINE('',#8919,#8920);
#8919 = CARTESIAN_POINT('',(97.776279441629,98.257586221349,208.));
#8920 = VECTOR('',#8921,1.);
#8921 = DIRECTION('',(0.,0.,1.));
#8922 = PLANE('',#8923);
#8923 = AXIS2_PLACEMENT_3D('',#8924,#8925,#8926);
#8924 = CARTESIAN_POINT('',(97.776279441629,103.74241377865,208.));
#8925 = DIRECTION('',(1.,0.,-0.));
#8926 = DIRECTION('',(0.,-1.,0.));
#8927 = ADVANCED_FACE('',(#8928),#8946,.T.);
#8928 = FACE_BOUND('',#8929,.T.);
#8929 = EDGE_LOOP('',(#8930,#8938,#8944,#8945));
#8930 = ORIENTED_EDGE('',*,*,#8931,.T.);
#8931 = EDGE_CURVE('',#8879,#8932,#8934,.T.);
#8932 = VERTEX_POINT('',#8933);
#8933 = CARTESIAN_POINT('',(107.27627944162,103.74241377865,212.));
#8934 = LINE('',#8935,#8936);
#8935 = CARTESIAN_POINT('',(85.317223145485,116.42048084237,212.));
#8936 = VECTOR('',#8937,1.);
#8937 = DIRECTION('',(0.866025403784,-0.5,0.));
#8938 = ORIENTED_EDGE('',*,*,#8939,.T.);
#8939 = EDGE_CURVE('',#8932,#2098,#8940,.T.);
#8940 = LINE('',#8941,#8942);
#8941 = CARTESIAN_POINT('',(107.27627944162,103.74241377865,208.));
#8942 = VECTOR('',#8943,1.);
#8943 = DIRECTION('',(0.,0.,1.));
#8944 = ORIENTED_EDGE('',*,*,#2097,.F.);
#8945 = ORIENTED_EDGE('',*,*,#8886,.F.);
#8946 = PLANE('',#8947);
#8947 = AXIS2_PLACEMENT_3D('',#8948,#8949,#8950);
#8948 = CARTESIAN_POINT('',(107.27627944162,103.74241377865,208.));
#8949 = DIRECTION('',(-0.5,-0.866025403784,0.));
#8950 = DIRECTION('',(-0.866025403784,0.5,0.));
#8951 = ADVANCED_FACE('',(#8952),#8970,.T.);
#8952 = FACE_BOUND('',#8953,.T.);
#8953 = EDGE_LOOP('',(#8954,#8962,#8963,#8964));
#8954 = ORIENTED_EDGE('',*,*,#8955,.T.);
#8955 = EDGE_CURVE('',#8956,#8908,#8958,.T.);
#8956 = VERTEX_POINT('',#8957);
#8957 = CARTESIAN_POINT('',(102.52627944162,95.515172442699,212.));
#8958 = LINE('',#8959,#8960);
#8959 = CARTESIAN_POINT('',(78.192223145485,109.56444639575,212.));
#8960 = VECTOR('',#8961,1.);
#8961 = DIRECTION('',(-0.866025403784,0.5,0.));
#8962 = ORIENTED_EDGE('',*,*,#8917,.T.);
#8963 = ORIENTED_EDGE('',*,*,#2121,.F.);
#8964 = ORIENTED_EDGE('',*,*,#8965,.F.);
#8965 = EDGE_CURVE('',#8956,#2114,#8966,.T.);
#8966 = LINE('',#8967,#8968);
#8967 = CARTESIAN_POINT('',(102.52627944162,95.515172442699,208.));
#8968 = VECTOR('',#8969,1.);
#8969 = DIRECTION('',(0.,0.,1.));
#8970 = PLANE('',#8971);
#8971 = AXIS2_PLACEMENT_3D('',#8972,#8973,#8974);
#8972 = CARTESIAN_POINT('',(97.776279441629,98.257586221349,208.));
#8973 = DIRECTION('',(0.5,0.866025403784,-0.));
#8974 = DIRECTION('',(0.866025403784,-0.5,0.));
#8975 = ADVANCED_FACE('',(#8976),#8994,.T.);
#8976 = FACE_BOUND('',#8977,.T.);
#8977 = EDGE_LOOP('',(#8978,#8986,#8992,#8993));
#8978 = ORIENTED_EDGE('',*,*,#8979,.T.);
#8979 = EDGE_CURVE('',#8932,#8980,#8982,.T.);
#8980 = VERTEX_POINT('',#8981);
#8981 = CARTESIAN_POINT('',(107.27627944162,98.257586221349,212.));
#8982 = LINE('',#8983,#8984);
#8983 = CARTESIAN_POINT('',(107.27627944162,76.128793110675,212.));
#8984 = VECTOR('',#8985,1.);
#8985 = DIRECTION('',(0.,-1.,0.));
#8986 = ORIENTED_EDGE('',*,*,#8987,.T.);
#8987 = EDGE_CURVE('',#8980,#2106,#8988,.T.);
#8988 = LINE('',#8989,#8990);
#8989 = CARTESIAN_POINT('',(107.27627944162,98.257586221349,208.));
#8990 = VECTOR('',#8991,1.);
#8991 = DIRECTION('',(0.,0.,1.));
#8992 = ORIENTED_EDGE('',*,*,#2105,.F.);
#8993 = ORIENTED_EDGE('',*,*,#8939,.F.);
#8994 = PLANE('',#8995);
#8995 = AXIS2_PLACEMENT_3D('',#8996,#8997,#8998);
#8996 = CARTESIAN_POINT('',(107.27627944162,98.257586221349,208.));
#8997 = DIRECTION('',(-1.,0.,0.));
#8998 = DIRECTION('',(0.,1.,0.));
#8999 = ADVANCED_FACE('',(#9000),#9011,.T.);
#9000 = FACE_BOUND('',#9001,.T.);
#9001 = EDGE_LOOP('',(#9002,#9008,#9009,#9010));
#9002 = ORIENTED_EDGE('',*,*,#9003,.T.);
#9003 = EDGE_CURVE('',#8980,#8956,#9004,.T.);
#9004 = LINE('',#9005,#9006);
#9005 = CARTESIAN_POINT('',(62.590626156551,72.458312268295,212.));
#9006 = VECTOR('',#9007,1.);
#9007 = DIRECTION('',(-0.866025403784,-0.5,0.));
#9008 = ORIENTED_EDGE('',*,*,#8965,.T.);
#9009 = ORIENTED_EDGE('',*,*,#2113,.F.);
#9010 = ORIENTED_EDGE('',*,*,#8987,.F.);
#9011 = PLANE('',#9012);
#9012 = AXIS2_PLACEMENT_3D('',#9013,#9014,#9015);
#9013 = CARTESIAN_POINT('',(102.52627944162,95.515172442699,208.));
#9014 = DIRECTION('',(-0.5,0.866025403784,0.));
#9015 = DIRECTION('',(0.866025403784,0.5,0.));
#9016 = ADVANCED_FACE('',(#9017),#9042,.T.);
#9017 = FACE_BOUND('',#9018,.T.);
#9018 = EDGE_LOOP('',(#9019,#9029,#9035,#9036));
#9019 = ORIENTED_EDGE('',*,*,#9020,.T.);
#9020 = EDGE_CURVE('',#9021,#9023,#9025,.T.);
#9021 = VERTEX_POINT('',#9022);
#9022 = CARTESIAN_POINT('',(83.486860279186,111.99241377865,212.));
#9023 = VERTEX_POINT('',#9024);
#9024 = CARTESIAN_POINT('',(88.236860279186,114.7348275573,212.));
#9025 = LINE('',#9026,#9027);
#9026 = CARTESIAN_POINT('',(49.498561784718,92.369260493573,212.));
#9027 = VECTOR('',#9028,1.);
#9028 = DIRECTION('',(0.866025403784,0.5,-0.));
#9029 = ORIENTED_EDGE('',*,*,#9030,.T.);
#9030 = EDGE_CURVE('',#9023,#2140,#9031,.T.);
#9031 = LINE('',#9032,#9033);
#9032 = CARTESIAN_POINT('',(88.236860279186,114.7348275573,208.));
#9033 = VECTOR('',#9034,1.);
#9034 = DIRECTION('',(0.,0.,1.));
#9035 = ORIENTED_EDGE('',*,*,#2137,.F.);
#9036 = ORIENTED_EDGE('',*,*,#9037,.F.);
#9037 = EDGE_CURVE('',#9021,#2138,#9038,.T.);
#9038 = LINE('',#9039,#9040);
#9039 = CARTESIAN_POINT('',(83.486860279186,111.99241377865,208.));
#9040 = VECTOR('',#9041,1.);
#9041 = DIRECTION('',(0.,0.,1.));
#9042 = PLANE('',#9043);
#9043 = AXIS2_PLACEMENT_3D('',#9044,#9045,#9046);
#9044 = CARTESIAN_POINT('',(88.236860279186,114.7348275573,208.));
#9045 = DIRECTION('',(0.5,-0.866025403784,0.));
#9046 = DIRECTION('',(-0.866025403784,-0.5,0.));
#9047 = ADVANCED_FACE('',(#9048),#9066,.T.);
#9048 = FACE_BOUND('',#9049,.T.);
#9049 = EDGE_LOOP('',(#9050,#9058,#9059,#9060));
#9050 = ORIENTED_EDGE('',*,*,#9051,.T.);
#9051 = EDGE_CURVE('',#9052,#9021,#9054,.T.);
#9052 = VERTEX_POINT('',#9053);
#9053 = CARTESIAN_POINT('',(83.486860279186,106.50758622134,212.));
#9054 = LINE('',#9055,#9056);
#9055 = CARTESIAN_POINT('',(83.486860279186,82.996206889325,212.));
#9056 = VECTOR('',#9057,1.);
#9057 = DIRECTION('',(-0.,1.,0.));
#9058 = ORIENTED_EDGE('',*,*,#9037,.T.);
#9059 = ORIENTED_EDGE('',*,*,#2179,.F.);
#9060 = ORIENTED_EDGE('',*,*,#9061,.F.);
#9061 = EDGE_CURVE('',#9052,#2172,#9062,.T.);
#9062 = LINE('',#9063,#9064);
#9063 = CARTESIAN_POINT('',(83.486860279186,106.50758622134,208.));
#9064 = VECTOR('',#9065,1.);
#9065 = DIRECTION('',(0.,0.,1.));
#9066 = PLANE('',#9067);
#9067 = AXIS2_PLACEMENT_3D('',#9068,#9069,#9070);
#9068 = CARTESIAN_POINT('',(83.486860279186,111.99241377865,208.));
#9069 = DIRECTION('',(1.,0.,-0.));
#9070 = DIRECTION('',(0.,-1.,0.));
#9071 = ADVANCED_FACE('',(#9072),#9090,.T.);
#9072 = FACE_BOUND('',#9073,.T.);
#9073 = EDGE_LOOP('',(#9074,#9082,#9088,#9089));
#9074 = ORIENTED_EDGE('',*,*,#9075,.T.);
#9075 = EDGE_CURVE('',#9023,#9076,#9078,.T.);
#9076 = VERTEX_POINT('',#9077);
#9077 = CARTESIAN_POINT('',(92.986860279186,111.99241377865,212.));
#9078 = LINE('',#9079,#9080);
#9079 = CARTESIAN_POINT('',(78.172513564263,120.54548084237,212.));
#9080 = VECTOR('',#9081,1.);
#9081 = DIRECTION('',(0.866025403784,-0.5,0.));
#9082 = ORIENTED_EDGE('',*,*,#9083,.T.);
#9083 = EDGE_CURVE('',#9076,#2148,#9084,.T.);
#9084 = LINE('',#9085,#9086);
#9085 = CARTESIAN_POINT('',(92.986860279186,111.99241377865,208.));
#9086 = VECTOR('',#9087,1.);
#9087 = DIRECTION('',(0.,0.,1.));
#9088 = ORIENTED_EDGE('',*,*,#2147,.F.);
#9089 = ORIENTED_EDGE('',*,*,#9030,.F.);
#9090 = PLANE('',#9091);
#9091 = AXIS2_PLACEMENT_3D('',#9092,#9093,#9094);
#9092 = CARTESIAN_POINT('',(92.986860279186,111.99241377865,208.));
#9093 = DIRECTION('',(-0.5,-0.866025403784,0.));
#9094 = DIRECTION('',(-0.866025403784,0.5,0.));
#9095 = ADVANCED_FACE('',(#9096),#9114,.T.);
#9096 = FACE_BOUND('',#9097,.T.);
#9097 = EDGE_LOOP('',(#9098,#9106,#9107,#9108));
#9098 = ORIENTED_EDGE('',*,*,#9099,.T.);
#9099 = EDGE_CURVE('',#9100,#9052,#9102,.T.);
#9100 = VERTEX_POINT('',#9101);
#9101 = CARTESIAN_POINT('',(88.236860279186,103.76517244269,212.));
#9102 = LINE('',#9103,#9104);
#9103 = CARTESIAN_POINT('',(71.047513564263,113.68944639575,212.));
#9104 = VECTOR('',#9105,1.);
#9105 = DIRECTION('',(-0.866025403784,0.5,0.));
#9106 = ORIENTED_EDGE('',*,*,#9061,.T.);
#9107 = ORIENTED_EDGE('',*,*,#2171,.F.);
#9108 = ORIENTED_EDGE('',*,*,#9109,.F.);
#9109 = EDGE_CURVE('',#9100,#2164,#9110,.T.);
#9110 = LINE('',#9111,#9112);
#9111 = CARTESIAN_POINT('',(88.236860279186,103.76517244269,208.));
#9112 = VECTOR('',#9113,1.);
#9113 = DIRECTION('',(0.,0.,1.));
#9114 = PLANE('',#9115);
#9115 = AXIS2_PLACEMENT_3D('',#9116,#9117,#9118);
#9116 = CARTESIAN_POINT('',(83.486860279186,106.50758622134,208.));
#9117 = DIRECTION('',(0.5,0.866025403784,-0.));
#9118 = DIRECTION('',(0.866025403784,-0.5,0.));
#9119 = ADVANCED_FACE('',(#9120),#9138,.T.);
#9120 = FACE_BOUND('',#9121,.T.);
#9121 = EDGE_LOOP('',(#9122,#9130,#9136,#9137));
#9122 = ORIENTED_EDGE('',*,*,#9123,.T.);
#9123 = EDGE_CURVE('',#9076,#9124,#9126,.T.);
#9124 = VERTEX_POINT('',#9125);
#9125 = CARTESIAN_POINT('',(92.986860279186,106.50758622134,212.));
#9126 = LINE('',#9127,#9128);
#9127 = CARTESIAN_POINT('',(92.986860279186,80.253793110675,212.));
#9128 = VECTOR('',#9129,1.);
#9129 = DIRECTION('',(0.,-1.,0.));
#9130 = ORIENTED_EDGE('',*,*,#9131,.T.);
#9131 = EDGE_CURVE('',#9124,#2156,#9132,.T.);
#9132 = LINE('',#9133,#9134);
#9133 = CARTESIAN_POINT('',(92.986860279186,106.50758622134,208.));
#9134 = VECTOR('',#9135,1.);
#9135 = DIRECTION('',(0.,0.,1.));
#9136 = ORIENTED_EDGE('',*,*,#2155,.F.);
#9137 = ORIENTED_EDGE('',*,*,#9083,.F.);
#9138 = PLANE('',#9139);
#9139 = AXIS2_PLACEMENT_3D('',#9140,#9141,#9142);
#9140 = CARTESIAN_POINT('',(92.986860279186,106.50758622134,208.));
#9141 = DIRECTION('',(-1.,0.,0.));
#9142 = DIRECTION('',(0.,1.,0.));
#9143 = ADVANCED_FACE('',(#9144),#9155,.T.);
#9144 = FACE_BOUND('',#9145,.T.);
#9145 = EDGE_LOOP('',(#9146,#9152,#9153,#9154));
#9146 = ORIENTED_EDGE('',*,*,#9147,.T.);
#9147 = EDGE_CURVE('',#9124,#9100,#9148,.T.);
#9148 = LINE('',#9149,#9150);
#9149 = CARTESIAN_POINT('',(51.873561784718,82.770812268295,212.));
#9150 = VECTOR('',#9151,1.);
#9151 = DIRECTION('',(-0.866025403784,-0.5,0.));
#9152 = ORIENTED_EDGE('',*,*,#9109,.T.);
#9153 = ORIENTED_EDGE('',*,*,#2163,.F.);
#9154 = ORIENTED_EDGE('',*,*,#9131,.F.);
#9155 = PLANE('',#9156);
#9156 = AXIS2_PLACEMENT_3D('',#9157,#9158,#9159);
#9157 = CARTESIAN_POINT('',(88.236860279186,103.76517244269,208.));
#9158 = DIRECTION('',(-0.5,0.866025403784,0.));
#9159 = DIRECTION('',(0.866025403784,0.5,0.));
#9160 = ADVANCED_FACE('',(#9161),#9186,.T.);
#9161 = FACE_BOUND('',#9162,.T.);
#9162 = EDGE_LOOP('',(#9163,#9173,#9179,#9180));
#9163 = ORIENTED_EDGE('',*,*,#9164,.T.);
#9164 = EDGE_CURVE('',#9165,#9167,#9169,.T.);
#9165 = VERTEX_POINT('',#9166);
#9166 = CARTESIAN_POINT('',(93.013139720814,111.99241377865,212.));
#9167 = VERTEX_POINT('',#9168);
#9168 = CARTESIAN_POINT('',(97.763139720814,114.7348275573,212.));
#9169 = LINE('',#9170,#9171);
#9170 = CARTESIAN_POINT('',(55.452486435736,90.306760493573,212.));
#9171 = VECTOR('',#9172,1.);
#9172 = DIRECTION('',(0.866025403784,0.5,-0.));
#9173 = ORIENTED_EDGE('',*,*,#9174,.T.);
#9174 = EDGE_CURVE('',#9167,#2190,#9175,.T.);
#9175 = LINE('',#9176,#9177);
#9176 = CARTESIAN_POINT('',(97.763139720814,114.7348275573,208.));
#9177 = VECTOR('',#9178,1.);
#9178 = DIRECTION('',(0.,0.,1.));
#9179 = ORIENTED_EDGE('',*,*,#2187,.F.);
#9180 = ORIENTED_EDGE('',*,*,#9181,.F.);
#9181 = EDGE_CURVE('',#9165,#2188,#9182,.T.);
#9182 = LINE('',#9183,#9184);
#9183 = CARTESIAN_POINT('',(93.013139720814,111.99241377865,208.));
#9184 = VECTOR('',#9185,1.);
#9185 = DIRECTION('',(0.,0.,1.));
#9186 = PLANE('',#9187);
#9187 = AXIS2_PLACEMENT_3D('',#9188,#9189,#9190);
#9188 = CARTESIAN_POINT('',(97.763139720814,114.7348275573,208.));
#9189 = DIRECTION('',(0.5,-0.866025403784,0.));
#9190 = DIRECTION('',(-0.866025403784,-0.5,0.));
#9191 = ADVANCED_FACE('',(#9192),#9210,.T.);
#9192 = FACE_BOUND('',#9193,.T.);
#9193 = EDGE_LOOP('',(#9194,#9202,#9203,#9204));
#9194 = ORIENTED_EDGE('',*,*,#9195,.T.);
#9195 = EDGE_CURVE('',#9196,#9165,#9198,.T.);
#9196 = VERTEX_POINT('',#9197);
#9197 = CARTESIAN_POINT('',(93.013139720814,106.50758622134,212.));
#9198 = LINE('',#9199,#9200);
#9199 = CARTESIAN_POINT('',(93.013139720814,82.996206889325,212.));
#9200 = VECTOR('',#9201,1.);
#9201 = DIRECTION('',(-0.,1.,0.));
#9202 = ORIENTED_EDGE('',*,*,#9181,.T.);
#9203 = ORIENTED_EDGE('',*,*,#2229,.F.);
#9204 = ORIENTED_EDGE('',*,*,#9205,.F.);
#9205 = EDGE_CURVE('',#9196,#2222,#9206,.T.);
#9206 = LINE('',#9207,#9208);
#9207 = CARTESIAN_POINT('',(93.013139720814,106.50758622134,208.));
#9208 = VECTOR('',#9209,1.);
#9209 = DIRECTION('',(0.,0.,1.));
#9210 = PLANE('',#9211);
#9211 = AXIS2_PLACEMENT_3D('',#9212,#9213,#9214);
#9212 = CARTESIAN_POINT('',(93.013139720814,111.99241377865,208.));
#9213 = DIRECTION('',(1.,0.,-0.));
#9214 = DIRECTION('',(0.,-1.,0.));
#9215 = ADVANCED_FACE('',(#9216),#9234,.T.);
#9216 = FACE_BOUND('',#9217,.T.);
#9217 = EDGE_LOOP('',(#9218,#9226,#9232,#9233));
#9218 = ORIENTED_EDGE('',*,*,#9219,.T.);
#9219 = EDGE_CURVE('',#9167,#9220,#9222,.T.);
#9220 = VERTEX_POINT('',#9221);
#9221 = CARTESIAN_POINT('',(102.51313972081,111.99241377865,212.));
#9222 = LINE('',#9223,#9224);
#9223 = CARTESIAN_POINT('',(84.126438215282,122.60798084237,212.));
#9224 = VECTOR('',#9225,1.);
#9225 = DIRECTION('',(0.866025403784,-0.5,0.));
#9226 = ORIENTED_EDGE('',*,*,#9227,.T.);
#9227 = EDGE_CURVE('',#9220,#2198,#9228,.T.);
#9228 = LINE('',#9229,#9230);
#9229 = CARTESIAN_POINT('',(102.51313972081,111.99241377865,208.));
#9230 = VECTOR('',#9231,1.);
#9231 = DIRECTION('',(0.,0.,1.));
#9232 = ORIENTED_EDGE('',*,*,#2197,.F.);
#9233 = ORIENTED_EDGE('',*,*,#9174,.F.);
#9234 = PLANE('',#9235);
#9235 = AXIS2_PLACEMENT_3D('',#9236,#9237,#9238);
#9236 = CARTESIAN_POINT('',(102.51313972081,111.99241377865,208.));
#9237 = DIRECTION('',(-0.5,-0.866025403784,0.));
#9238 = DIRECTION('',(-0.866025403784,0.5,0.));
#9239 = ADVANCED_FACE('',(#9240),#9258,.T.);
#9240 = FACE_BOUND('',#9241,.T.);
#9241 = EDGE_LOOP('',(#9242,#9250,#9251,#9252));
#9242 = ORIENTED_EDGE('',*,*,#9243,.T.);
#9243 = EDGE_CURVE('',#9244,#9196,#9246,.T.);
#9244 = VERTEX_POINT('',#9245);
#9245 = CARTESIAN_POINT('',(97.763139720814,103.76517244269,212.));
#9246 = LINE('',#9247,#9248);
#9247 = CARTESIAN_POINT('',(77.001438215282,115.75194639575,212.));
#9248 = VECTOR('',#9249,1.);
#9249 = DIRECTION('',(-0.866025403784,0.5,0.));
#9250 = ORIENTED_EDGE('',*,*,#9205,.T.);
#9251 = ORIENTED_EDGE('',*,*,#2221,.F.);
#9252 = ORIENTED_EDGE('',*,*,#9253,.F.);
#9253 = EDGE_CURVE('',#9244,#2214,#9254,.T.);
#9254 = LINE('',#9255,#9256);
#9255 = CARTESIAN_POINT('',(97.763139720814,103.76517244269,208.));
#9256 = VECTOR('',#9257,1.);
#9257 = DIRECTION('',(0.,0.,1.));
#9258 = PLANE('',#9259);
#9259 = AXIS2_PLACEMENT_3D('',#9260,#9261,#9262);
#9260 = CARTESIAN_POINT('',(93.013139720814,106.50758622134,208.));
#9261 = DIRECTION('',(0.5,0.866025403784,-0.));
#9262 = DIRECTION('',(0.866025403784,-0.5,0.));
#9263 = ADVANCED_FACE('',(#9264),#9282,.T.);
#9264 = FACE_BOUND('',#9265,.T.);
#9265 = EDGE_LOOP('',(#9266,#9274,#9280,#9281));
#9266 = ORIENTED_EDGE('',*,*,#9267,.T.);
#9267 = EDGE_CURVE('',#9220,#9268,#9270,.T.);
#9268 = VERTEX_POINT('',#9269);
#9269 = CARTESIAN_POINT('',(102.51313972081,106.50758622134,212.));
#9270 = LINE('',#9271,#9272);
#9271 = CARTESIAN_POINT('',(102.51313972081,80.253793110675,212.));
#9272 = VECTOR('',#9273,1.);
#9273 = DIRECTION('',(0.,-1.,0.));
#9274 = ORIENTED_EDGE('',*,*,#9275,.T.);
#9275 = EDGE_CURVE('',#9268,#2206,#9276,.T.);
#9276 = LINE('',#9277,#9278);
#9277 = CARTESIAN_POINT('',(102.51313972081,106.50758622134,208.));
#9278 = VECTOR('',#9279,1.);
#9279 = DIRECTION('',(0.,0.,1.));
#9280 = ORIENTED_EDGE('',*,*,#2205,.F.);
#9281 = ORIENTED_EDGE('',*,*,#9227,.F.);
#9282 = PLANE('',#9283);
#9283 = AXIS2_PLACEMENT_3D('',#9284,#9285,#9286);
#9284 = CARTESIAN_POINT('',(102.51313972081,106.50758622134,208.));
#9285 = DIRECTION('',(-1.,0.,0.));
#9286 = DIRECTION('',(0.,1.,0.));
#9287 = ADVANCED_FACE('',(#9288),#9299,.T.);
#9288 = FACE_BOUND('',#9289,.T.);
#9289 = EDGE_LOOP('',(#9290,#9296,#9297,#9298));
#9290 = ORIENTED_EDGE('',*,*,#9291,.T.);
#9291 = EDGE_CURVE('',#9268,#9244,#9292,.T.);
#9292 = LINE('',#9293,#9294);
#9293 = CARTESIAN_POINT('',(57.827486435736,80.708312268295,212.));
#9294 = VECTOR('',#9295,1.);
#9295 = DIRECTION('',(-0.866025403784,-0.5,0.));
#9296 = ORIENTED_EDGE('',*,*,#9253,.T.);
#9297 = ORIENTED_EDGE('',*,*,#2213,.F.);
#9298 = ORIENTED_EDGE('',*,*,#9275,.F.);
#9299 = PLANE('',#9300);
#9300 = AXIS2_PLACEMENT_3D('',#9301,#9302,#9303);
#9301 = CARTESIAN_POINT('',(97.763139720814,103.76517244269,208.));
#9302 = DIRECTION('',(-0.5,0.866025403784,0.));
#9303 = DIRECTION('',(0.866025403784,0.5,0.));
#9304 = ADVANCED_FACE('',(#9305),#9330,.T.);
#9305 = FACE_BOUND('',#9306,.T.);
#9306 = EDGE_LOOP('',(#9307,#9317,#9323,#9324));
#9307 = ORIENTED_EDGE('',*,*,#9308,.T.);
#9308 = EDGE_CURVE('',#9309,#9311,#9313,.T.);
#9309 = VERTEX_POINT('',#9310);
#9310 = CARTESIAN_POINT('',(107.30255888325,103.74241377865,212.));
#9311 = VERTEX_POINT('',#9312);
#9312 = CARTESIAN_POINT('',(112.05255888325,106.4848275573,212.));
#9313 = LINE('',#9314,#9315);
#9314 = CARTESIAN_POINT('',(66.169550807569,79.994260493573,212.));
#9315 = VECTOR('',#9316,1.);
#9316 = DIRECTION('',(0.866025403784,0.5,-0.));
#9317 = ORIENTED_EDGE('',*,*,#9318,.T.);
#9318 = EDGE_CURVE('',#9311,#2240,#9319,.T.);
#9319 = LINE('',#9320,#9321);
#9320 = CARTESIAN_POINT('',(112.05255888325,106.4848275573,208.));
#9321 = VECTOR('',#9322,1.);
#9322 = DIRECTION('',(0.,0.,1.));
#9323 = ORIENTED_EDGE('',*,*,#2237,.F.);
#9324 = ORIENTED_EDGE('',*,*,#9325,.F.);
#9325 = EDGE_CURVE('',#9309,#2238,#9326,.T.);
#9326 = LINE('',#9327,#9328);
#9327 = CARTESIAN_POINT('',(107.30255888325,103.74241377865,208.));
#9328 = VECTOR('',#9329,1.);
#9329 = DIRECTION('',(0.,0.,1.));
#9330 = PLANE('',#9331);
#9331 = AXIS2_PLACEMENT_3D('',#9332,#9333,#9334);
#9332 = CARTESIAN_POINT('',(112.05255888325,106.4848275573,208.));
#9333 = DIRECTION('',(0.5,-0.866025403784,0.));
#9334 = DIRECTION('',(-0.866025403784,-0.5,0.));
#9335 = ADVANCED_FACE('',(#9336),#9354,.T.);
#9336 = FACE_BOUND('',#9337,.T.);
#9337 = EDGE_LOOP('',(#9338,#9346,#9347,#9348));
#9338 = ORIENTED_EDGE('',*,*,#9339,.T.);
#9339 = EDGE_CURVE('',#9340,#9309,#9342,.T.);
#9340 = VERTEX_POINT('',#9341);
#9341 = CARTESIAN_POINT('',(107.30255888325,98.257586221349,212.));
#9342 = LINE('',#9343,#9344);
#9343 = CARTESIAN_POINT('',(107.30255888325,78.871206889325,212.));
#9344 = VECTOR('',#9345,1.);
#9345 = DIRECTION('',(-0.,1.,0.));
#9346 = ORIENTED_EDGE('',*,*,#9325,.T.);
#9347 = ORIENTED_EDGE('',*,*,#2279,.F.);
#9348 = ORIENTED_EDGE('',*,*,#9349,.F.);
#9349 = EDGE_CURVE('',#9340,#2272,#9350,.T.);
#9350 = LINE('',#9351,#9352);
#9351 = CARTESIAN_POINT('',(107.30255888325,98.257586221349,208.));
#9352 = VECTOR('',#9353,1.);
#9353 = DIRECTION('',(0.,0.,1.));
#9354 = PLANE('',#9355);
#9355 = AXIS2_PLACEMENT_3D('',#9356,#9357,#9358);
#9356 = CARTESIAN_POINT('',(107.30255888325,103.74241377865,208.));
#9357 = DIRECTION('',(1.,0.,-0.));
#9358 = DIRECTION('',(0.,-1.,0.));
#9359 = ADVANCED_FACE('',(#9360),#9378,.T.);
#9360 = FACE_BOUND('',#9361,.T.);
#9361 = EDGE_LOOP('',(#9362,#9370,#9376,#9377));
#9362 = ORIENTED_EDGE('',*,*,#9363,.T.);
#9363 = EDGE_CURVE('',#9311,#9364,#9366,.T.);
#9364 = VERTEX_POINT('',#9365);
#9365 = CARTESIAN_POINT('',(116.80255888325,103.74241377865,212.));
#9366 = LINE('',#9367,#9368);
#9367 = CARTESIAN_POINT('',(91.271147796503,118.48298084237,212.));
#9368 = VECTOR('',#9369,1.);
#9369 = DIRECTION('',(0.866025403784,-0.5,0.));
#9370 = ORIENTED_EDGE('',*,*,#9371,.T.);
#9371 = EDGE_CURVE('',#9364,#2248,#9372,.T.);
#9372 = LINE('',#9373,#9374);
#9373 = CARTESIAN_POINT('',(116.80255888325,103.74241377865,208.));
#9374 = VECTOR('',#9375,1.);
#9375 = DIRECTION('',(0.,0.,1.));
#9376 = ORIENTED_EDGE('',*,*,#2247,.F.);
#9377 = ORIENTED_EDGE('',*,*,#9318,.F.);
#9378 = PLANE('',#9379);
#9379 = AXIS2_PLACEMENT_3D('',#9380,#9381,#9382);
#9380 = CARTESIAN_POINT('',(116.80255888325,103.74241377865,208.));
#9381 = DIRECTION('',(-0.5,-0.866025403784,0.));
#9382 = DIRECTION('',(-0.866025403784,0.5,0.));
#9383 = ADVANCED_FACE('',(#9384),#9402,.T.);
#9384 = FACE_BOUND('',#9385,.T.);
#9385 = EDGE_LOOP('',(#9386,#9394,#9395,#9396));
#9386 = ORIENTED_EDGE('',*,*,#9387,.T.);
#9387 = EDGE_CURVE('',#9388,#9340,#9390,.T.);
#9388 = VERTEX_POINT('',#9389);
#9389 = CARTESIAN_POINT('',(112.05255888325,95.515172442699,212.));
#9390 = LINE('',#9391,#9392);
#9391 = CARTESIAN_POINT('',(84.146147796503,111.62694639575,212.));
#9392 = VECTOR('',#9393,1.);
#9393 = DIRECTION('',(-0.866025403784,0.5,0.));
#9394 = ORIENTED_EDGE('',*,*,#9349,.T.);
#9395 = ORIENTED_EDGE('',*,*,#2271,.F.);
#9396 = ORIENTED_EDGE('',*,*,#9397,.F.);
#9397 = EDGE_CURVE('',#9388,#2264,#9398,.T.);
#9398 = LINE('',#9399,#9400);
#9399 = CARTESIAN_POINT('',(112.05255888325,95.515172442699,208.));
#9400 = VECTOR('',#9401,1.);
#9401 = DIRECTION('',(0.,0.,1.));
#9402 = PLANE('',#9403);
#9403 = AXIS2_PLACEMENT_3D('',#9404,#9405,#9406);
#9404 = CARTESIAN_POINT('',(107.30255888325,98.257586221349,208.));
#9405 = DIRECTION('',(0.5,0.866025403784,-0.));
#9406 = DIRECTION('',(0.866025403784,-0.5,0.));
#9407 = ADVANCED_FACE('',(#9408),#9426,.T.);
#9408 = FACE_BOUND('',#9409,.T.);
#9409 = EDGE_LOOP('',(#9410,#9418,#9424,#9425));
#9410 = ORIENTED_EDGE('',*,*,#9411,.T.);
#9411 = EDGE_CURVE('',#9364,#9412,#9414,.T.);
#9412 = VERTEX_POINT('',#9413);
#9413 = CARTESIAN_POINT('',(116.80255888325,98.257586221349,212.));
#9414 = LINE('',#9415,#9416);
#9415 = CARTESIAN_POINT('',(116.80255888325,76.128793110675,212.));
#9416 = VECTOR('',#9417,1.);
#9417 = DIRECTION('',(0.,-1.,0.));
#9418 = ORIENTED_EDGE('',*,*,#9419,.T.);
#9419 = EDGE_CURVE('',#9412,#2256,#9420,.T.);
#9420 = LINE('',#9421,#9422);
#9421 = CARTESIAN_POINT('',(116.80255888325,98.257586221349,208.));
#9422 = VECTOR('',#9423,1.);
#9423 = DIRECTION('',(0.,0.,1.));
#9424 = ORIENTED_EDGE('',*,*,#2255,.F.);
#9425 = ORIENTED_EDGE('',*,*,#9371,.F.);
#9426 = PLANE('',#9427);
#9427 = AXIS2_PLACEMENT_3D('',#9428,#9429,#9430);
#9428 = CARTESIAN_POINT('',(116.80255888325,98.257586221349,208.));
#9429 = DIRECTION('',(-1.,0.,0.));
#9430 = DIRECTION('',(0.,1.,0.));
#9431 = ADVANCED_FACE('',(#9432),#9443,.T.);
#9432 = FACE_BOUND('',#9433,.T.);
#9433 = EDGE_LOOP('',(#9434,#9440,#9441,#9442));
#9434 = ORIENTED_EDGE('',*,*,#9435,.T.);
#9435 = EDGE_CURVE('',#9412,#9388,#9436,.T.);
#9436 = LINE('',#9437,#9438);
#9437 = CARTESIAN_POINT('',(68.544550807569,70.395812268295,212.));
#9438 = VECTOR('',#9439,1.);
#9439 = DIRECTION('',(-0.866025403784,-0.5,0.));
#9440 = ORIENTED_EDGE('',*,*,#9397,.T.);
#9441 = ORIENTED_EDGE('',*,*,#2263,.F.);
#9442 = ORIENTED_EDGE('',*,*,#9419,.F.);
#9443 = PLANE('',#9444);
#9444 = AXIS2_PLACEMENT_3D('',#9445,#9446,#9447);
#9445 = CARTESIAN_POINT('',(112.05255888325,95.515172442699,208.));
#9446 = DIRECTION('',(-0.5,0.866025403784,0.));
#9447 = DIRECTION('',(0.866025403784,0.5,0.));
#9448 = ADVANCED_FACE('',(#9449),#9474,.T.);
#9449 = FACE_BOUND('',#9450,.T.);
#9450 = EDGE_LOOP('',(#9451,#9461,#9467,#9468));
#9451 = ORIENTED_EDGE('',*,*,#9452,.T.);
#9452 = EDGE_CURVE('',#9453,#9455,#9457,.T.);
#9453 = VERTEX_POINT('',#9454);
#9454 = CARTESIAN_POINT('',(116.82883832488,103.74241377865,212.));
#9455 = VERTEX_POINT('',#9456);
#9456 = CARTESIAN_POINT('',(121.57883832488,106.4848275573,212.));
#9457 = LINE('',#9458,#9459);
#9458 = CARTESIAN_POINT('',(72.123475458587,77.931760493573,212.));
#9459 = VECTOR('',#9460,1.);
#9460 = DIRECTION('',(0.866025403784,0.5,-0.));
#9461 = ORIENTED_EDGE('',*,*,#9462,.T.);
#9462 = EDGE_CURVE('',#9455,#2290,#9463,.T.);
#9463 = LINE('',#9464,#9465);
#9464 = CARTESIAN_POINT('',(121.57883832488,106.4848275573,208.));
#9465 = VECTOR('',#9466,1.);
#9466 = DIRECTION('',(0.,0.,1.));
#9467 = ORIENTED_EDGE('',*,*,#2287,.F.);
#9468 = ORIENTED_EDGE('',*,*,#9469,.F.);
#9469 = EDGE_CURVE('',#9453,#2288,#9470,.T.);
#9470 = LINE('',#9471,#9472);
#9471 = CARTESIAN_POINT('',(116.82883832488,103.74241377865,208.));
#9472 = VECTOR('',#9473,1.);
#9473 = DIRECTION('',(0.,0.,1.));
#9474 = PLANE('',#9475);
#9475 = AXIS2_PLACEMENT_3D('',#9476,#9477,#9478);
#9476 = CARTESIAN_POINT('',(121.57883832488,106.4848275573,208.));
#9477 = DIRECTION('',(0.5,-0.866025403784,0.));
#9478 = DIRECTION('',(-0.866025403784,-0.5,0.));
#9479 = ADVANCED_FACE('',(#9480),#9498,.T.);
#9480 = FACE_BOUND('',#9481,.T.);
#9481 = EDGE_LOOP('',(#9482,#9490,#9491,#9492));
#9482 = ORIENTED_EDGE('',*,*,#9483,.T.);
#9483 = EDGE_CURVE('',#9484,#9453,#9486,.T.);
#9484 = VERTEX_POINT('',#9485);
#9485 = CARTESIAN_POINT('',(116.82883832488,98.257586221349,212.));
#9486 = LINE('',#9487,#9488);
#9487 = CARTESIAN_POINT('',(116.82883832488,78.871206889325,212.));
#9488 = VECTOR('',#9489,1.);
#9489 = DIRECTION('',(-0.,1.,0.));
#9490 = ORIENTED_EDGE('',*,*,#9469,.T.);
#9491 = ORIENTED_EDGE('',*,*,#2329,.F.);
#9492 = ORIENTED_EDGE('',*,*,#9493,.F.);
#9493 = EDGE_CURVE('',#9484,#2322,#9494,.T.);
#9494 = LINE('',#9495,#9496);
#9495 = CARTESIAN_POINT('',(116.82883832488,98.257586221349,208.));
#9496 = VECTOR('',#9497,1.);
#9497 = DIRECTION('',(0.,0.,1.));
#9498 = PLANE('',#9499);
#9499 = AXIS2_PLACEMENT_3D('',#9500,#9501,#9502);
#9500 = CARTESIAN_POINT('',(116.82883832488,103.74241377865,208.));
#9501 = DIRECTION('',(1.,0.,-0.));
#9502 = DIRECTION('',(0.,-1.,0.));
#9503 = ADVANCED_FACE('',(#9504),#9522,.T.);
#9504 = FACE_BOUND('',#9505,.T.);
#9505 = EDGE_LOOP('',(#9506,#9514,#9520,#9521));
#9506 = ORIENTED_EDGE('',*,*,#9507,.T.);
#9507 = EDGE_CURVE('',#9455,#9508,#9510,.T.);
#9508 = VERTEX_POINT('',#9509);
#9509 = CARTESIAN_POINT('',(126.32883832488,103.74241377865,212.));
#9510 = LINE('',#9511,#9512);
#9511 = CARTESIAN_POINT('',(97.225072447521,120.54548084237,212.));
#9512 = VECTOR('',#9513,1.);
#9513 = DIRECTION('',(0.866025403784,-0.5,0.));
#9514 = ORIENTED_EDGE('',*,*,#9515,.T.);
#9515 = EDGE_CURVE('',#9508,#2298,#9516,.T.);
#9516 = LINE('',#9517,#9518);
#9517 = CARTESIAN_POINT('',(126.32883832488,103.74241377865,208.));
#9518 = VECTOR('',#9519,1.);
#9519 = DIRECTION('',(0.,0.,1.));
#9520 = ORIENTED_EDGE('',*,*,#2297,.F.);
#9521 = ORIENTED_EDGE('',*,*,#9462,.F.);
#9522 = PLANE('',#9523);
#9523 = AXIS2_PLACEMENT_3D('',#9524,#9525,#9526);
#9524 = CARTESIAN_POINT('',(126.32883832488,103.74241377865,208.));
#9525 = DIRECTION('',(-0.5,-0.866025403784,0.));
#9526 = DIRECTION('',(-0.866025403784,0.5,0.));
#9527 = ADVANCED_FACE('',(#9528),#9546,.T.);
#9528 = FACE_BOUND('',#9529,.T.);
#9529 = EDGE_LOOP('',(#9530,#9538,#9539,#9540));
#9530 = ORIENTED_EDGE('',*,*,#9531,.T.);
#9531 = EDGE_CURVE('',#9532,#9484,#9534,.T.);
#9532 = VERTEX_POINT('',#9533);
#9533 = CARTESIAN_POINT('',(121.57883832488,95.515172442699,212.));
#9534 = LINE('',#9535,#9536);
#9535 = CARTESIAN_POINT('',(90.100072447521,113.68944639575,212.));
#9536 = VECTOR('',#9537,1.);
#9537 = DIRECTION('',(-0.866025403784,0.5,0.));
#9538 = ORIENTED_EDGE('',*,*,#9493,.T.);
#9539 = ORIENTED_EDGE('',*,*,#2321,.F.);
#9540 = ORIENTED_EDGE('',*,*,#9541,.F.);
#9541 = EDGE_CURVE('',#9532,#2314,#9542,.T.);
#9542 = LINE('',#9543,#9544);
#9543 = CARTESIAN_POINT('',(121.57883832488,95.515172442699,208.));
#9544 = VECTOR('',#9545,1.);
#9545 = DIRECTION('',(0.,0.,1.));
#9546 = PLANE('',#9547);
#9547 = AXIS2_PLACEMENT_3D('',#9548,#9549,#9550);
#9548 = CARTESIAN_POINT('',(116.82883832488,98.257586221349,208.));
#9549 = DIRECTION('',(0.5,0.866025403784,-0.));
#9550 = DIRECTION('',(0.866025403784,-0.5,0.));
#9551 = ADVANCED_FACE('',(#9552),#9570,.T.);
#9552 = FACE_BOUND('',#9553,.T.);
#9553 = EDGE_LOOP('',(#9554,#9562,#9568,#9569));
#9554 = ORIENTED_EDGE('',*,*,#9555,.T.);
#9555 = EDGE_CURVE('',#9508,#9556,#9558,.T.);
#9556 = VERTEX_POINT('',#9557);
#9557 = CARTESIAN_POINT('',(126.32883832488,98.257586221349,212.));
#9558 = LINE('',#9559,#9560);
#9559 = CARTESIAN_POINT('',(126.32883832488,76.128793110675,212.));
#9560 = VECTOR('',#9561,1.);
#9561 = DIRECTION('',(0.,-1.,0.));
#9562 = ORIENTED_EDGE('',*,*,#9563,.T.);
#9563 = EDGE_CURVE('',#9556,#2306,#9564,.T.);
#9564 = LINE('',#9565,#9566);
#9565 = CARTESIAN_POINT('',(126.32883832488,98.257586221349,208.));
#9566 = VECTOR('',#9567,1.);
#9567 = DIRECTION('',(0.,0.,1.));
#9568 = ORIENTED_EDGE('',*,*,#2305,.F.);
#9569 = ORIENTED_EDGE('',*,*,#9515,.F.);
#9570 = PLANE('',#9571);
#9571 = AXIS2_PLACEMENT_3D('',#9572,#9573,#9574);
#9572 = CARTESIAN_POINT('',(126.32883832488,98.257586221349,208.));
#9573 = DIRECTION('',(-1.,0.,0.));
#9574 = DIRECTION('',(0.,1.,0.));
#9575 = ADVANCED_FACE('',(#9576),#9587,.T.);
#9576 = FACE_BOUND('',#9577,.T.);
#9577 = EDGE_LOOP('',(#9578,#9584,#9585,#9586));
#9578 = ORIENTED_EDGE('',*,*,#9579,.T.);
#9579 = EDGE_CURVE('',#9556,#9532,#9580,.T.);
#9580 = LINE('',#9581,#9582);
#9581 = CARTESIAN_POINT('',(74.498475458587,68.333312268295,212.));
#9582 = VECTOR('',#9583,1.);
#9583 = DIRECTION('',(-0.866025403784,-0.5,0.));
#9584 = ORIENTED_EDGE('',*,*,#9541,.T.);
#9585 = ORIENTED_EDGE('',*,*,#2313,.F.);
#9586 = ORIENTED_EDGE('',*,*,#9563,.F.);
#9587 = PLANE('',#9588);
#9588 = AXIS2_PLACEMENT_3D('',#9589,#9590,#9591);
#9589 = CARTESIAN_POINT('',(121.57883832488,95.515172442699,208.));
#9590 = DIRECTION('',(-0.5,0.866025403784,0.));
#9591 = DIRECTION('',(0.866025403784,0.5,0.));
#9592 = ADVANCED_FACE('',(#9593),#9618,.T.);
#9593 = FACE_BOUND('',#9594,.T.);
#9594 = EDGE_LOOP('',(#9595,#9605,#9611,#9612));
#9595 = ORIENTED_EDGE('',*,*,#9596,.T.);
#9596 = EDGE_CURVE('',#9597,#9599,#9601,.T.);
#9597 = VERTEX_POINT('',#9598);
#9598 = CARTESIAN_POINT('',(102.53941916244,111.99241377865,212.));
#9599 = VERTEX_POINT('',#9600);
#9600 = CARTESIAN_POINT('',(107.28941916244,114.7348275573,212.));
#9601 = LINE('',#9602,#9603);
#9602 = CARTESIAN_POINT('',(61.406411086754,88.244260493573,212.));
#9603 = VECTOR('',#9604,1.);
#9604 = DIRECTION('',(0.866025403784,0.5,-0.));
#9605 = ORIENTED_EDGE('',*,*,#9606,.T.);
#9606 = EDGE_CURVE('',#9599,#2340,#9607,.T.);
#9607 = LINE('',#9608,#9609);
#9608 = CARTESIAN_POINT('',(107.28941916244,114.7348275573,208.));
#9609 = VECTOR('',#9610,1.);
#9610 = DIRECTION('',(0.,0.,1.));
#9611 = ORIENTED_EDGE('',*,*,#2337,.F.);
#9612 = ORIENTED_EDGE('',*,*,#9613,.F.);
#9613 = EDGE_CURVE('',#9597,#2338,#9614,.T.);
#9614 = LINE('',#9615,#9616);
#9615 = CARTESIAN_POINT('',(102.53941916244,111.99241377865,208.));
#9616 = VECTOR('',#9617,1.);
#9617 = DIRECTION('',(0.,0.,1.));
#9618 = PLANE('',#9619);
#9619 = AXIS2_PLACEMENT_3D('',#9620,#9621,#9622);
#9620 = CARTESIAN_POINT('',(107.28941916244,114.7348275573,208.));
#9621 = DIRECTION('',(0.5,-0.866025403784,0.));
#9622 = DIRECTION('',(-0.866025403784,-0.5,0.));
#9623 = ADVANCED_FACE('',(#9624),#9642,.T.);
#9624 = FACE_BOUND('',#9625,.T.);
#9625 = EDGE_LOOP('',(#9626,#9634,#9635,#9636));
#9626 = ORIENTED_EDGE('',*,*,#9627,.T.);
#9627 = EDGE_CURVE('',#9628,#9597,#9630,.T.);
#9628 = VERTEX_POINT('',#9629);
#9629 = CARTESIAN_POINT('',(102.53941916244,106.50758622134,212.));
#9630 = LINE('',#9631,#9632);
#9631 = CARTESIAN_POINT('',(102.53941916244,82.996206889325,212.));
#9632 = VECTOR('',#9633,1.);
#9633 = DIRECTION('',(-0.,1.,0.));
#9634 = ORIENTED_EDGE('',*,*,#9613,.T.);
#9635 = ORIENTED_EDGE('',*,*,#2379,.F.);
#9636 = ORIENTED_EDGE('',*,*,#9637,.F.);
#9637 = EDGE_CURVE('',#9628,#2372,#9638,.T.);
#9638 = LINE('',#9639,#9640);
#9639 = CARTESIAN_POINT('',(102.53941916244,106.50758622134,208.));
#9640 = VECTOR('',#9641,1.);
#9641 = DIRECTION('',(0.,0.,1.));
#9642 = PLANE('',#9643);
#9643 = AXIS2_PLACEMENT_3D('',#9644,#9645,#9646);
#9644 = CARTESIAN_POINT('',(102.53941916244,111.99241377865,208.));
#9645 = DIRECTION('',(1.,0.,-0.));
#9646 = DIRECTION('',(0.,-1.,0.));
#9647 = ADVANCED_FACE('',(#9648),#9666,.T.);
#9648 = FACE_BOUND('',#9649,.T.);
#9649 = EDGE_LOOP('',(#9650,#9658,#9664,#9665));
#9650 = ORIENTED_EDGE('',*,*,#9651,.T.);
#9651 = EDGE_CURVE('',#9599,#9652,#9654,.T.);
#9652 = VERTEX_POINT('',#9653);
#9653 = CARTESIAN_POINT('',(112.03941916244,111.99241377865,212.));
#9654 = LINE('',#9655,#9656);
#9655 = CARTESIAN_POINT('',(90.0803628663,124.67048084237,212.));
#9656 = VECTOR('',#9657,1.);
#9657 = DIRECTION('',(0.866025403784,-0.5,0.));
#9658 = ORIENTED_EDGE('',*,*,#9659,.T.);
#9659 = EDGE_CURVE('',#9652,#2348,#9660,.T.);
#9660 = LINE('',#9661,#9662);
#9661 = CARTESIAN_POINT('',(112.03941916244,111.99241377865,208.));
#9662 = VECTOR('',#9663,1.);
#9663 = DIRECTION('',(0.,0.,1.));
#9664 = ORIENTED_EDGE('',*,*,#2347,.F.);
#9665 = ORIENTED_EDGE('',*,*,#9606,.F.);
#9666 = PLANE('',#9667);
#9667 = AXIS2_PLACEMENT_3D('',#9668,#9669,#9670);
#9668 = CARTESIAN_POINT('',(112.03941916244,111.99241377865,208.));
#9669 = DIRECTION('',(-0.5,-0.866025403784,0.));
#9670 = DIRECTION('',(-0.866025403784,0.5,0.));
#9671 = ADVANCED_FACE('',(#9672),#9690,.T.);
#9672 = FACE_BOUND('',#9673,.T.);
#9673 = EDGE_LOOP('',(#9674,#9682,#9683,#9684));
#9674 = ORIENTED_EDGE('',*,*,#9675,.T.);
#9675 = EDGE_CURVE('',#9676,#9628,#9678,.T.);
#9676 = VERTEX_POINT('',#9677);
#9677 = CARTESIAN_POINT('',(107.28941916244,103.76517244269,212.));
#9678 = LINE('',#9679,#9680);
#9679 = CARTESIAN_POINT('',(82.9553628663,117.81444639575,212.));
#9680 = VECTOR('',#9681,1.);
#9681 = DIRECTION('',(-0.866025403784,0.5,0.));
#9682 = ORIENTED_EDGE('',*,*,#9637,.T.);
#9683 = ORIENTED_EDGE('',*,*,#2371,.F.);
#9684 = ORIENTED_EDGE('',*,*,#9685,.F.);
#9685 = EDGE_CURVE('',#9676,#2364,#9686,.T.);
#9686 = LINE('',#9687,#9688);
#9687 = CARTESIAN_POINT('',(107.28941916244,103.76517244269,208.));
#9688 = VECTOR('',#9689,1.);
#9689 = DIRECTION('',(0.,0.,1.));
#9690 = PLANE('',#9691);
#9691 = AXIS2_PLACEMENT_3D('',#9692,#9693,#9694);
#9692 = CARTESIAN_POINT('',(102.53941916244,106.50758622134,208.));
#9693 = DIRECTION('',(0.5,0.866025403784,-0.));
#9694 = DIRECTION('',(0.866025403784,-0.5,0.));
#9695 = ADVANCED_FACE('',(#9696),#9714,.T.);
#9696 = FACE_BOUND('',#9697,.T.);
#9697 = EDGE_LOOP('',(#9698,#9706,#9712,#9713));
#9698 = ORIENTED_EDGE('',*,*,#9699,.T.);
#9699 = EDGE_CURVE('',#9652,#9700,#9702,.T.);
#9700 = VERTEX_POINT('',#9701);
#9701 = CARTESIAN_POINT('',(112.03941916244,106.50758622134,212.));
#9702 = LINE('',#9703,#9704);
#9703 = CARTESIAN_POINT('',(112.03941916244,80.253793110675,212.));
#9704 = VECTOR('',#9705,1.);
#9705 = DIRECTION('',(0.,-1.,0.));
#9706 = ORIENTED_EDGE('',*,*,#9707,.T.);
#9707 = EDGE_CURVE('',#9700,#2356,#9708,.T.);
#9708 = LINE('',#9709,#9710);
#9709 = CARTESIAN_POINT('',(112.03941916244,106.50758622134,208.));
#9710 = VECTOR('',#9711,1.);
#9711 = DIRECTION('',(0.,0.,1.));
#9712 = ORIENTED_EDGE('',*,*,#2355,.F.);
#9713 = ORIENTED_EDGE('',*,*,#9659,.F.);
#9714 = PLANE('',#9715);
#9715 = AXIS2_PLACEMENT_3D('',#9716,#9717,#9718);
#9716 = CARTESIAN_POINT('',(112.03941916244,106.50758622134,208.));
#9717 = DIRECTION('',(-1.,0.,0.));
#9718 = DIRECTION('',(0.,1.,0.));
#9719 = ADVANCED_FACE('',(#9720),#9731,.T.);
#9720 = FACE_BOUND('',#9721,.T.);
#9721 = EDGE_LOOP('',(#9722,#9728,#9729,#9730));
#9722 = ORIENTED_EDGE('',*,*,#9723,.T.);
#9723 = EDGE_CURVE('',#9700,#9676,#9724,.T.);
#9724 = LINE('',#9725,#9726);
#9725 = CARTESIAN_POINT('',(63.781411086754,78.645812268295,212.));
#9726 = VECTOR('',#9727,1.);
#9727 = DIRECTION('',(-0.866025403784,-0.5,0.));
#9728 = ORIENTED_EDGE('',*,*,#9685,.T.);
#9729 = ORIENTED_EDGE('',*,*,#2363,.F.);
#9730 = ORIENTED_EDGE('',*,*,#9707,.F.);
#9731 = PLANE('',#9732);
#9732 = AXIS2_PLACEMENT_3D('',#9733,#9734,#9735);
#9733 = CARTESIAN_POINT('',(107.28941916244,103.76517244269,208.));
#9734 = DIRECTION('',(-0.5,0.866025403784,0.));
#9735 = DIRECTION('',(0.866025403784,0.5,0.));
#9736 = ADVANCED_FACE('',(#9737),#9762,.T.);
#9737 = FACE_BOUND('',#9738,.T.);
#9738 = EDGE_LOOP('',(#9739,#9749,#9755,#9756));
#9739 = ORIENTED_EDGE('',*,*,#9740,.T.);
#9740 = EDGE_CURVE('',#9741,#9743,#9745,.T.);
#9741 = VERTEX_POINT('',#9742);
#9742 = CARTESIAN_POINT('',(112.06569860407,111.99241377865,212.));
#9743 = VERTEX_POINT('',#9744);
#9744 = CARTESIAN_POINT('',(116.81569860407,114.7348275573,212.));
#9745 = LINE('',#9746,#9747);
#9746 = CARTESIAN_POINT('',(67.360335737772,86.181760493573,212.));
#9747 = VECTOR('',#9748,1.);
#9748 = DIRECTION('',(0.866025403784,0.5,-0.));
#9749 = ORIENTED_EDGE('',*,*,#9750,.T.);
#9750 = EDGE_CURVE('',#9743,#2390,#9751,.T.);
#9751 = LINE('',#9752,#9753);
#9752 = CARTESIAN_POINT('',(116.81569860407,114.7348275573,208.));
#9753 = VECTOR('',#9754,1.);
#9754 = DIRECTION('',(0.,0.,1.));
#9755 = ORIENTED_EDGE('',*,*,#2387,.F.);
#9756 = ORIENTED_EDGE('',*,*,#9757,.F.);
#9757 = EDGE_CURVE('',#9741,#2388,#9758,.T.);
#9758 = LINE('',#9759,#9760);
#9759 = CARTESIAN_POINT('',(112.06569860407,111.99241377865,208.));
#9760 = VECTOR('',#9761,1.);
#9761 = DIRECTION('',(0.,0.,1.));
#9762 = PLANE('',#9763);
#9763 = AXIS2_PLACEMENT_3D('',#9764,#9765,#9766);
#9764 = CARTESIAN_POINT('',(116.81569860407,114.7348275573,208.));
#9765 = DIRECTION('',(0.5,-0.866025403784,0.));
#9766 = DIRECTION('',(-0.866025403784,-0.5,0.));
#9767 = ADVANCED_FACE('',(#9768),#9786,.T.);
#9768 = FACE_BOUND('',#9769,.T.);
#9769 = EDGE_LOOP('',(#9770,#9778,#9779,#9780));
#9770 = ORIENTED_EDGE('',*,*,#9771,.T.);
#9771 = EDGE_CURVE('',#9772,#9741,#9774,.T.);
#9772 = VERTEX_POINT('',#9773);
#9773 = CARTESIAN_POINT('',(112.06569860407,106.50758622134,212.));
#9774 = LINE('',#9775,#9776);
#9775 = CARTESIAN_POINT('',(112.06569860407,82.996206889325,212.));
#9776 = VECTOR('',#9777,1.);
#9777 = DIRECTION('',(-0.,1.,0.));
#9778 = ORIENTED_EDGE('',*,*,#9757,.T.);
#9779 = ORIENTED_EDGE('',*,*,#2429,.F.);
#9780 = ORIENTED_EDGE('',*,*,#9781,.F.);
#9781 = EDGE_CURVE('',#9772,#2422,#9782,.T.);
#9782 = LINE('',#9783,#9784);
#9783 = CARTESIAN_POINT('',(112.06569860407,106.50758622134,208.));
#9784 = VECTOR('',#9785,1.);
#9785 = DIRECTION('',(0.,0.,1.));
#9786 = PLANE('',#9787);
#9787 = AXIS2_PLACEMENT_3D('',#9788,#9789,#9790);
#9788 = CARTESIAN_POINT('',(112.06569860407,111.99241377865,208.));
#9789 = DIRECTION('',(1.,0.,-0.));
#9790 = DIRECTION('',(0.,-1.,0.));
#9791 = ADVANCED_FACE('',(#9792),#9810,.T.);
#9792 = FACE_BOUND('',#9793,.T.);
#9793 = EDGE_LOOP('',(#9794,#9802,#9808,#9809));
#9794 = ORIENTED_EDGE('',*,*,#9795,.T.);
#9795 = EDGE_CURVE('',#9743,#9796,#9798,.T.);
#9796 = VERTEX_POINT('',#9797);
#9797 = CARTESIAN_POINT('',(121.56569860407,111.99241377865,212.));
#9798 = LINE('',#9799,#9800);
#9799 = CARTESIAN_POINT('',(96.034287517318,126.73298084237,212.));
#9800 = VECTOR('',#9801,1.);
#9801 = DIRECTION('',(0.866025403784,-0.5,0.));
#9802 = ORIENTED_EDGE('',*,*,#9803,.T.);
#9803 = EDGE_CURVE('',#9796,#2398,#9804,.T.);
#9804 = LINE('',#9805,#9806);
#9805 = CARTESIAN_POINT('',(121.56569860407,111.99241377865,208.));
#9806 = VECTOR('',#9807,1.);
#9807 = DIRECTION('',(0.,0.,1.));
#9808 = ORIENTED_EDGE('',*,*,#2397,.F.);
#9809 = ORIENTED_EDGE('',*,*,#9750,.F.);
#9810 = PLANE('',#9811);
#9811 = AXIS2_PLACEMENT_3D('',#9812,#9813,#9814);
#9812 = CARTESIAN_POINT('',(121.56569860407,111.99241377865,208.));
#9813 = DIRECTION('',(-0.5,-0.866025403784,0.));
#9814 = DIRECTION('',(-0.866025403784,0.5,0.));
#9815 = ADVANCED_FACE('',(#9816),#9834,.T.);
#9816 = FACE_BOUND('',#9817,.T.);
#9817 = EDGE_LOOP('',(#9818,#9826,#9827,#9828));
#9818 = ORIENTED_EDGE('',*,*,#9819,.T.);
#9819 = EDGE_CURVE('',#9820,#9772,#9822,.T.);
#9820 = VERTEX_POINT('',#9821);
#9821 = CARTESIAN_POINT('',(116.81569860407,103.76517244269,212.));
#9822 = LINE('',#9823,#9824);
#9823 = CARTESIAN_POINT('',(88.909287517318,119.87694639575,212.));
#9824 = VECTOR('',#9825,1.);
#9825 = DIRECTION('',(-0.866025403784,0.5,0.));
#9826 = ORIENTED_EDGE('',*,*,#9781,.T.);
#9827 = ORIENTED_EDGE('',*,*,#2421,.F.);
#9828 = ORIENTED_EDGE('',*,*,#9829,.F.);
#9829 = EDGE_CURVE('',#9820,#2414,#9830,.T.);
#9830 = LINE('',#9831,#9832);
#9831 = CARTESIAN_POINT('',(116.81569860407,103.76517244269,208.));
#9832 = VECTOR('',#9833,1.);
#9833 = DIRECTION('',(0.,0.,1.));
#9834 = PLANE('',#9835);
#9835 = AXIS2_PLACEMENT_3D('',#9836,#9837,#9838);
#9836 = CARTESIAN_POINT('',(112.06569860407,106.50758622134,208.));
#9837 = DIRECTION('',(0.5,0.866025403784,-0.));
#9838 = DIRECTION('',(0.866025403784,-0.5,0.));
#9839 = ADVANCED_FACE('',(#9840),#9858,.T.);
#9840 = FACE_BOUND('',#9841,.T.);
#9841 = EDGE_LOOP('',(#9842,#9850,#9856,#9857));
#9842 = ORIENTED_EDGE('',*,*,#9843,.T.);
#9843 = EDGE_CURVE('',#9796,#9844,#9846,.T.);
#9844 = VERTEX_POINT('',#9845);
#9845 = CARTESIAN_POINT('',(121.56569860407,106.50758622134,212.));
#9846 = LINE('',#9847,#9848);
#9847 = CARTESIAN_POINT('',(121.56569860407,80.253793110675,212.));
#9848 = VECTOR('',#9849,1.);
#9849 = DIRECTION('',(0.,-1.,0.));
#9850 = ORIENTED_EDGE('',*,*,#9851,.T.);
#9851 = EDGE_CURVE('',#9844,#2406,#9852,.T.);
#9852 = LINE('',#9853,#9854);
#9853 = CARTESIAN_POINT('',(121.56569860407,106.50758622134,208.));
#9854 = VECTOR('',#9855,1.);
#9855 = DIRECTION('',(0.,0.,1.));
#9856 = ORIENTED_EDGE('',*,*,#2405,.F.);
#9857 = ORIENTED_EDGE('',*,*,#9803,.F.);
#9858 = PLANE('',#9859);
#9859 = AXIS2_PLACEMENT_3D('',#9860,#9861,#9862);
#9860 = CARTESIAN_POINT('',(121.56569860407,106.50758622134,208.));
#9861 = DIRECTION('',(-1.,0.,0.));
#9862 = DIRECTION('',(0.,1.,0.));
#9863 = ADVANCED_FACE('',(#9864),#9875,.T.);
#9864 = FACE_BOUND('',#9865,.T.);
#9865 = EDGE_LOOP('',(#9866,#9872,#9873,#9874));
#9866 = ORIENTED_EDGE('',*,*,#9867,.T.);
#9867 = EDGE_CURVE('',#9844,#9820,#9868,.T.);
#9868 = LINE('',#9869,#9870);
#9869 = CARTESIAN_POINT('',(69.735335737772,76.583312268295,212.));
#9870 = VECTOR('',#9871,1.);
#9871 = DIRECTION('',(-0.866025403784,-0.5,0.));
#9872 = ORIENTED_EDGE('',*,*,#9829,.T.);
#9873 = ORIENTED_EDGE('',*,*,#2413,.F.);
#9874 = ORIENTED_EDGE('',*,*,#9851,.F.);
#9875 = PLANE('',#9876);
#9876 = AXIS2_PLACEMENT_3D('',#9877,#9878,#9879);
#9877 = CARTESIAN_POINT('',(116.81569860407,103.76517244269,208.));
#9878 = DIRECTION('',(-0.5,0.866025403784,0.));
#9879 = DIRECTION('',(0.866025403784,0.5,0.));
#9880 = ADVANCED_FACE('',(#9881),#9906,.T.);
#9881 = FACE_BOUND('',#9882,.T.);
#9882 = EDGE_LOOP('',(#9883,#9893,#9899,#9900));
#9883 = ORIENTED_EDGE('',*,*,#9884,.T.);
#9884 = EDGE_CURVE('',#9885,#9887,#9889,.T.);
#9885 = VERTEX_POINT('',#9886);
#9886 = CARTESIAN_POINT('',(121.5919780457,95.492413778651,212.));
#9887 = VERTEX_POINT('',#9888);
#9888 = CARTESIAN_POINT('',(126.3419780457,98.234827557301,212.));
#9889 = LINE('',#9890,#9891);
#9890 = CARTESIAN_POINT('',(76.886615179401,69.681760493573,212.));
#9891 = VECTOR('',#9892,1.);
#9892 = DIRECTION('',(0.866025403784,0.5,-0.));
#9893 = ORIENTED_EDGE('',*,*,#9894,.T.);
#9894 = EDGE_CURVE('',#9887,#2440,#9895,.T.);
#9895 = LINE('',#9896,#9897);
#9896 = CARTESIAN_POINT('',(126.3419780457,98.234827557301,208.));
#9897 = VECTOR('',#9898,1.);
#9898 = DIRECTION('',(0.,0.,1.));
#9899 = ORIENTED_EDGE('',*,*,#2437,.F.);
#9900 = ORIENTED_EDGE('',*,*,#9901,.F.);
#9901 = EDGE_CURVE('',#9885,#2438,#9902,.T.);
#9902 = LINE('',#9903,#9904);
#9903 = CARTESIAN_POINT('',(121.5919780457,95.492413778651,208.));
#9904 = VECTOR('',#9905,1.);
#9905 = DIRECTION('',(0.,0.,1.));
#9906 = PLANE('',#9907);
#9907 = AXIS2_PLACEMENT_3D('',#9908,#9909,#9910);
#9908 = CARTESIAN_POINT('',(126.3419780457,98.234827557301,208.));
#9909 = DIRECTION('',(0.5,-0.866025403784,0.));
#9910 = DIRECTION('',(-0.866025403784,-0.5,0.));
#9911 = ADVANCED_FACE('',(#9912),#9930,.T.);
#9912 = FACE_BOUND('',#9913,.T.);
#9913 = EDGE_LOOP('',(#9914,#9922,#9923,#9924));
#9914 = ORIENTED_EDGE('',*,*,#9915,.T.);
#9915 = EDGE_CURVE('',#9916,#9885,#9918,.T.);
#9916 = VERTEX_POINT('',#9917);
#9917 = CARTESIAN_POINT('',(121.5919780457,90.007586221349,212.));
#9918 = LINE('',#9919,#9920);
#9919 = CARTESIAN_POINT('',(121.5919780457,74.746206889325,212.));
#9920 = VECTOR('',#9921,1.);
#9921 = DIRECTION('',(-0.,1.,0.));
#9922 = ORIENTED_EDGE('',*,*,#9901,.T.);
#9923 = ORIENTED_EDGE('',*,*,#2479,.F.);
#9924 = ORIENTED_EDGE('',*,*,#9925,.F.);
#9925 = EDGE_CURVE('',#9916,#2472,#9926,.T.);
#9926 = LINE('',#9927,#9928);
#9927 = CARTESIAN_POINT('',(121.5919780457,90.007586221349,208.));
#9928 = VECTOR('',#9929,1.);
#9929 = DIRECTION('',(0.,0.,1.));
#9930 = PLANE('',#9931);
#9931 = AXIS2_PLACEMENT_3D('',#9932,#9933,#9934);
#9932 = CARTESIAN_POINT('',(121.5919780457,95.492413778651,208.));
#9933 = DIRECTION('',(1.,0.,-0.));
#9934 = DIRECTION('',(0.,-1.,0.));
#9935 = ADVANCED_FACE('',(#9936),#9954,.T.);
#9936 = FACE_BOUND('',#9937,.T.);
#9937 = EDGE_LOOP('',(#9938,#9946,#9952,#9953));
#9938 = ORIENTED_EDGE('',*,*,#9939,.T.);
#9939 = EDGE_CURVE('',#9887,#9940,#9942,.T.);
#9940 = VERTEX_POINT('',#9941);
#9941 = CARTESIAN_POINT('',(131.0919780457,95.492413778651,212.));
#9942 = LINE('',#9943,#9944);
#9943 = CARTESIAN_POINT('',(98.415857377725,114.35798084237,212.));
#9944 = VECTOR('',#9945,1.);
#9945 = DIRECTION('',(0.866025403784,-0.5,0.));
#9946 = ORIENTED_EDGE('',*,*,#9947,.T.);
#9947 = EDGE_CURVE('',#9940,#2448,#9948,.T.);
#9948 = LINE('',#9949,#9950);
#9949 = CARTESIAN_POINT('',(131.0919780457,95.492413778651,208.));
#9950 = VECTOR('',#9951,1.);
#9951 = DIRECTION('',(0.,0.,1.));
#9952 = ORIENTED_EDGE('',*,*,#2447,.F.);
#9953 = ORIENTED_EDGE('',*,*,#9894,.F.);
#9954 = PLANE('',#9955);
#9955 = AXIS2_PLACEMENT_3D('',#9956,#9957,#9958);
#9956 = CARTESIAN_POINT('',(131.0919780457,95.492413778651,208.));
#9957 = DIRECTION('',(-0.5,-0.866025403784,0.));
#9958 = DIRECTION('',(-0.866025403784,0.5,0.));
#9959 = ADVANCED_FACE('',(#9960),#9978,.T.);
#9960 = FACE_BOUND('',#9961,.T.);
#9961 = EDGE_LOOP('',(#9962,#9970,#9971,#9972));
#9962 = ORIENTED_EDGE('',*,*,#9963,.T.);
#9963 = EDGE_CURVE('',#9964,#9916,#9966,.T.);
#9964 = VERTEX_POINT('',#9965);
#9965 = CARTESIAN_POINT('',(126.3419780457,87.265172442699,212.));
#9966 = LINE('',#9967,#9968);
#9967 = CARTESIAN_POINT('',(91.290857377725,107.50194639575,212.));
#9968 = VECTOR('',#9969,1.);
#9969 = DIRECTION('',(-0.866025403784,0.5,0.));
#9970 = ORIENTED_EDGE('',*,*,#9925,.T.);
#9971 = ORIENTED_EDGE('',*,*,#2471,.F.);
#9972 = ORIENTED_EDGE('',*,*,#9973,.F.);
#9973 = EDGE_CURVE('',#9964,#2464,#9974,.T.);
#9974 = LINE('',#9975,#9976);
#9975 = CARTESIAN_POINT('',(126.3419780457,87.265172442699,208.));
#9976 = VECTOR('',#9977,1.);
#9977 = DIRECTION('',(0.,0.,1.));
#9978 = PLANE('',#9979);
#9979 = AXIS2_PLACEMENT_3D('',#9980,#9981,#9982);
#9980 = CARTESIAN_POINT('',(121.5919780457,90.007586221349,208.));
#9981 = DIRECTION('',(0.5,0.866025403784,-0.));
#9982 = DIRECTION('',(0.866025403784,-0.5,0.));
#9983 = ADVANCED_FACE('',(#9984),#10002,.T.);
#9984 = FACE_BOUND('',#9985,.T.);
#9985 = EDGE_LOOP('',(#9986,#9994,#10000,#10001));
#9986 = ORIENTED_EDGE('',*,*,#9987,.T.);
#9987 = EDGE_CURVE('',#9940,#9988,#9990,.T.);
#9988 = VERTEX_POINT('',#9989);
#9989 = CARTESIAN_POINT('',(131.0919780457,90.007586221349,212.));
#9990 = LINE('',#9991,#9992);
#9991 = CARTESIAN_POINT('',(131.0919780457,72.003793110674,212.));
#9992 = VECTOR('',#9993,1.);
#9993 = DIRECTION('',(-5.181878396991E-15,-1.,0.));
#9994 = ORIENTED_EDGE('',*,*,#9995,.T.);
#9995 = EDGE_CURVE('',#9988,#2456,#9996,.T.);
#9996 = LINE('',#9997,#9998);
#9997 = CARTESIAN_POINT('',(131.0919780457,90.007586221349,208.));
#9998 = VECTOR('',#9999,1.);
#9999 = DIRECTION('',(0.,0.,1.));
#10000 = ORIENTED_EDGE('',*,*,#2455,.F.);
#10001 = ORIENTED_EDGE('',*,*,#9947,.F.);
#10002 = PLANE('',#10003);
#10003 = AXIS2_PLACEMENT_3D('',#10004,#10005,#10006);
#10004 = CARTESIAN_POINT('',(131.0919780457,90.007586221349,208.));
#10005 = DIRECTION('',(-1.,5.181878396991E-15,0.));
#10006 = DIRECTION('',(5.181878396991E-15,1.,0.));
#10007 = ADVANCED_FACE('',(#10008),#10019,.T.);
#10008 = FACE_BOUND('',#10009,.T.);
#10009 = EDGE_LOOP('',(#10010,#10016,#10017,#10018));
#10010 = ORIENTED_EDGE('',*,*,#10011,.T.);
#10011 = EDGE_CURVE('',#9988,#9964,#10012,.T.);
#10012 = LINE('',#10013,#10014);
#10013 = CARTESIAN_POINT('',(79.261615179401,60.083312268295,212.));
#10014 = VECTOR('',#10015,1.);
#10015 = DIRECTION('',(-0.866025403784,-0.5,0.));
#10016 = ORIENTED_EDGE('',*,*,#9973,.T.);
#10017 = ORIENTED_EDGE('',*,*,#2463,.F.);
#10018 = ORIENTED_EDGE('',*,*,#9995,.F.);
#10019 = PLANE('',#10020);
#10020 = AXIS2_PLACEMENT_3D('',#10021,#10022,#10023);
#10021 = CARTESIAN_POINT('',(126.3419780457,87.265172442699,208.));
#10022 = DIRECTION('',(-0.5,0.866025403784,0.));
#10023 = DIRECTION('',(0.866025403784,0.5,0.));
#10024 = ADVANCED_FACE('',(#10025),#10050,.T.);
#10025 = FACE_BOUND('',#10026,.T.);
#10026 = EDGE_LOOP('',(#10027,#10037,#10043,#10044));
#10027 = ORIENTED_EDGE('',*,*,#10028,.T.);
#10028 = EDGE_CURVE('',#10029,#10031,#10033,.T.);
#10029 = VERTEX_POINT('',#10030);
#10030 = CARTESIAN_POINT('',(121.5919780457,111.99241377865,212.));
#10031 = VERTEX_POINT('',#10032);
#10032 = CARTESIAN_POINT('',(126.3419780457,114.7348275573,212.));
#10033 = LINE('',#10034,#10035);
#10034 = CARTESIAN_POINT('',(73.31426038879,84.119260493573,212.));
#10035 = VECTOR('',#10036,1.);
#10036 = DIRECTION('',(0.866025403784,0.5,-0.));
#10037 = ORIENTED_EDGE('',*,*,#10038,.T.);
#10038 = EDGE_CURVE('',#10031,#2490,#10039,.T.);
#10039 = LINE('',#10040,#10041);
#10040 = CARTESIAN_POINT('',(126.3419780457,114.7348275573,208.));
#10041 = VECTOR('',#10042,1.);
#10042 = DIRECTION('',(0.,0.,1.));
#10043 = ORIENTED_EDGE('',*,*,#2487,.F.);
#10044 = ORIENTED_EDGE('',*,*,#10045,.F.);
#10045 = EDGE_CURVE('',#10029,#2488,#10046,.T.);
#10046 = LINE('',#10047,#10048);
#10047 = CARTESIAN_POINT('',(121.5919780457,111.99241377865,208.));
#10048 = VECTOR('',#10049,1.);
#10049 = DIRECTION('',(0.,0.,1.));
#10050 = PLANE('',#10051);
#10051 = AXIS2_PLACEMENT_3D('',#10052,#10053,#10054);
#10052 = CARTESIAN_POINT('',(126.3419780457,114.7348275573,208.));
#10053 = DIRECTION('',(0.5,-0.866025403784,0.));
#10054 = DIRECTION('',(-0.866025403784,-0.5,0.));
#10055 = ADVANCED_FACE('',(#10056),#10074,.T.);
#10056 = FACE_BOUND('',#10057,.T.);
#10057 = EDGE_LOOP('',(#10058,#10066,#10067,#10068));
#10058 = ORIENTED_EDGE('',*,*,#10059,.T.);
#10059 = EDGE_CURVE('',#10060,#10029,#10062,.T.);
#10060 = VERTEX_POINT('',#10061);
#10061 = CARTESIAN_POINT('',(121.5919780457,106.50758622134,212.));
#10062 = LINE('',#10063,#10064);
#10063 = CARTESIAN_POINT('',(121.5919780457,82.996206889325,212.));
#10064 = VECTOR('',#10065,1.);
#10065 = DIRECTION('',(-0.,1.,0.));
#10066 = ORIENTED_EDGE('',*,*,#10045,.T.);
#10067 = ORIENTED_EDGE('',*,*,#2529,.F.);
#10068 = ORIENTED_EDGE('',*,*,#10069,.F.);
#10069 = EDGE_CURVE('',#10060,#2522,#10070,.T.);
#10070 = LINE('',#10071,#10072);
#10071 = CARTESIAN_POINT('',(121.5919780457,106.50758622134,208.));
#10072 = VECTOR('',#10073,1.);
#10073 = DIRECTION('',(0.,0.,1.));
#10074 = PLANE('',#10075);
#10075 = AXIS2_PLACEMENT_3D('',#10076,#10077,#10078);
#10076 = CARTESIAN_POINT('',(121.5919780457,111.99241377865,208.));
#10077 = DIRECTION('',(1.,0.,-0.));
#10078 = DIRECTION('',(0.,-1.,0.));
#10079 = ADVANCED_FACE('',(#10080),#10098,.T.);
#10080 = FACE_BOUND('',#10081,.T.);
#10081 = EDGE_LOOP('',(#10082,#10090,#10096,#10097));
#10082 = ORIENTED_EDGE('',*,*,#10083,.T.);
#10083 = EDGE_CURVE('',#10031,#10084,#10086,.T.);
#10084 = VERTEX_POINT('',#10085);
#10085 = CARTESIAN_POINT('',(131.0919780457,111.99241377865,212.));
#10086 = LINE('',#10087,#10088);
#10087 = CARTESIAN_POINT('',(101.98821216833,128.79548084237,212.));
#10088 = VECTOR('',#10089,1.);
#10089 = DIRECTION('',(0.866025403784,-0.5,0.));
#10090 = ORIENTED_EDGE('',*,*,#10091,.T.);
#10091 = EDGE_CURVE('',#10084,#2498,#10092,.T.);
#10092 = LINE('',#10093,#10094);
#10093 = CARTESIAN_POINT('',(131.0919780457,111.99241377865,208.));
#10094 = VECTOR('',#10095,1.);
#10095 = DIRECTION('',(0.,0.,1.));
#10096 = ORIENTED_EDGE('',*,*,#2497,.F.);
#10097 = ORIENTED_EDGE('',*,*,#10038,.F.);
#10098 = PLANE('',#10099);
#10099 = AXIS2_PLACEMENT_3D('',#10100,#10101,#10102);
#10100 = CARTESIAN_POINT('',(131.0919780457,111.99241377865,208.));
#10101 = DIRECTION('',(-0.5,-0.866025403784,0.));
#10102 = DIRECTION('',(-0.866025403784,0.5,0.));
#10103 = ADVANCED_FACE('',(#10104),#10122,.T.);
#10104 = FACE_BOUND('',#10105,.T.);
#10105 = EDGE_LOOP('',(#10106,#10114,#10115,#10116));
#10106 = ORIENTED_EDGE('',*,*,#10107,.T.);
#10107 = EDGE_CURVE('',#10108,#10060,#10110,.T.);
#10108 = VERTEX_POINT('',#10109);
#10109 = CARTESIAN_POINT('',(126.3419780457,103.76517244269,212.));
#10110 = LINE('',#10111,#10112);
#10111 = CARTESIAN_POINT('',(94.863212168336,121.93944639575,212.));
#10112 = VECTOR('',#10113,1.);
#10113 = DIRECTION('',(-0.866025403784,0.5,0.));
#10114 = ORIENTED_EDGE('',*,*,#10069,.T.);
#10115 = ORIENTED_EDGE('',*,*,#2521,.F.);
#10116 = ORIENTED_EDGE('',*,*,#10117,.F.);
#10117 = EDGE_CURVE('',#10108,#2514,#10118,.T.);
#10118 = LINE('',#10119,#10120);
#10119 = CARTESIAN_POINT('',(126.3419780457,103.76517244269,208.));
#10120 = VECTOR('',#10121,1.);
#10121 = DIRECTION('',(0.,0.,1.));
#10122 = PLANE('',#10123);
#10123 = AXIS2_PLACEMENT_3D('',#10124,#10125,#10126);
#10124 = CARTESIAN_POINT('',(121.5919780457,106.50758622134,208.));
#10125 = DIRECTION('',(0.5,0.866025403784,-0.));
#10126 = DIRECTION('',(0.866025403784,-0.5,0.));
#10127 = ADVANCED_FACE('',(#10128),#10146,.T.);
#10128 = FACE_BOUND('',#10129,.T.);
#10129 = EDGE_LOOP('',(#10130,#10138,#10144,#10145));
#10130 = ORIENTED_EDGE('',*,*,#10131,.T.);
#10131 = EDGE_CURVE('',#10084,#10132,#10134,.T.);
#10132 = VERTEX_POINT('',#10133);
#10133 = CARTESIAN_POINT('',(131.0919780457,106.50758622134,212.));
#10134 = LINE('',#10135,#10136);
#10135 = CARTESIAN_POINT('',(131.0919780457,80.253793110674,212.));
#10136 = VECTOR('',#10137,1.);
#10137 = DIRECTION('',(-5.181878396991E-15,-1.,0.));
#10138 = ORIENTED_EDGE('',*,*,#10139,.T.);
#10139 = EDGE_CURVE('',#10132,#2506,#10140,.T.);
#10140 = LINE('',#10141,#10142);
#10141 = CARTESIAN_POINT('',(131.0919780457,106.50758622134,208.));
#10142 = VECTOR('',#10143,1.);
#10143 = DIRECTION('',(0.,0.,1.));
#10144 = ORIENTED_EDGE('',*,*,#2505,.F.);
#10145 = ORIENTED_EDGE('',*,*,#10091,.F.);
#10146 = PLANE('',#10147);
#10147 = AXIS2_PLACEMENT_3D('',#10148,#10149,#10150);
#10148 = CARTESIAN_POINT('',(131.0919780457,106.50758622134,208.));
#10149 = DIRECTION('',(-1.,5.181878396991E-15,0.));
#10150 = DIRECTION('',(5.181878396991E-15,1.,0.));
#10151 = ADVANCED_FACE('',(#10152),#10163,.T.);
#10152 = FACE_BOUND('',#10153,.T.);
#10153 = EDGE_LOOP('',(#10154,#10160,#10161,#10162));
#10154 = ORIENTED_EDGE('',*,*,#10155,.T.);
#10155 = EDGE_CURVE('',#10132,#10108,#10156,.T.);
#10156 = LINE('',#10157,#10158);
#10157 = CARTESIAN_POINT('',(75.689260388791,74.520812268295,212.));
#10158 = VECTOR('',#10159,1.);
#10159 = DIRECTION('',(-0.866025403784,-0.5,0.));
#10160 = ORIENTED_EDGE('',*,*,#10117,.T.);
#10161 = ORIENTED_EDGE('',*,*,#2513,.F.);
#10162 = ORIENTED_EDGE('',*,*,#10139,.F.);
#10163 = PLANE('',#10164);
#10164 = AXIS2_PLACEMENT_3D('',#10165,#10166,#10167);
#10165 = CARTESIAN_POINT('',(126.3419780457,103.76517244269,208.));
#10166 = DIRECTION('',(-0.5,0.866025403784,0.));
#10167 = DIRECTION('',(0.866025403784,0.5,0.));
#10168 = ADVANCED_FACE('',(#10169),#10194,.T.);
#10169 = FACE_BOUND('',#10170,.T.);
#10170 = EDGE_LOOP('',(#10171,#10181,#10187,#10188));
#10171 = ORIENTED_EDGE('',*,*,#10172,.T.);
#10172 = EDGE_CURVE('',#10173,#10175,#10177,.T.);
#10173 = VERTEX_POINT('',#10174);
#10174 = CARTESIAN_POINT('',(88.25,120.24241377865,212.));
#10175 = VERTEX_POINT('',#10176);
#10176 = CARTESIAN_POINT('',(93.,122.9848275573,212.));
#10177 = LINE('',#10178,#10179);
#10178 = CARTESIAN_POINT('',(50.689346714922,98.556760493573,212.));
#10179 = VECTOR('',#10180,1.);
#10180 = DIRECTION('',(0.866025403784,0.5,-0.));
#10181 = ORIENTED_EDGE('',*,*,#10182,.T.);
#10182 = EDGE_CURVE('',#10175,#2540,#10183,.T.);
#10183 = LINE('',#10184,#10185);
#10184 = CARTESIAN_POINT('',(93.,122.9848275573,208.));
#10185 = VECTOR('',#10186,1.);
#10186 = DIRECTION('',(0.,0.,1.));
#10187 = ORIENTED_EDGE('',*,*,#2537,.F.);
#10188 = ORIENTED_EDGE('',*,*,#10189,.F.);
#10189 = EDGE_CURVE('',#10173,#2538,#10190,.T.);
#10190 = LINE('',#10191,#10192);
#10191 = CARTESIAN_POINT('',(88.25,120.24241377865,208.));
#10192 = VECTOR('',#10193,1.);
#10193 = DIRECTION('',(0.,0.,1.));
#10194 = PLANE('',#10195);
#10195 = AXIS2_PLACEMENT_3D('',#10196,#10197,#10198);
#10196 = CARTESIAN_POINT('',(93.,122.9848275573,208.));
#10197 = DIRECTION('',(0.5,-0.866025403784,0.));
#10198 = DIRECTION('',(-0.866025403784,-0.5,0.));
#10199 = ADVANCED_FACE('',(#10200),#10218,.T.);
#10200 = FACE_BOUND('',#10201,.T.);
#10201 = EDGE_LOOP('',(#10202,#10210,#10211,#10212));
#10202 = ORIENTED_EDGE('',*,*,#10203,.T.);
#10203 = EDGE_CURVE('',#10204,#10173,#10206,.T.);
#10204 = VERTEX_POINT('',#10205);
#10205 = CARTESIAN_POINT('',(88.25,114.75758622134,212.));
#10206 = LINE('',#10207,#10208);
#10207 = CARTESIAN_POINT('',(88.25,87.121206889325,212.));
#10208 = VECTOR('',#10209,1.);
#10209 = DIRECTION('',(-0.,1.,0.));
#10210 = ORIENTED_EDGE('',*,*,#10189,.T.);
#10211 = ORIENTED_EDGE('',*,*,#2579,.F.);
#10212 = ORIENTED_EDGE('',*,*,#10213,.F.);
#10213 = EDGE_CURVE('',#10204,#2572,#10214,.T.);
#10214 = LINE('',#10215,#10216);
#10215 = CARTESIAN_POINT('',(88.25,114.75758622134,208.));
#10216 = VECTOR('',#10217,1.);
#10217 = DIRECTION('',(0.,0.,1.));
#10218 = PLANE('',#10219);
#10219 = AXIS2_PLACEMENT_3D('',#10220,#10221,#10222);
#10220 = CARTESIAN_POINT('',(88.25,120.24241377865,208.));
#10221 = DIRECTION('',(1.,0.,-0.));
#10222 = DIRECTION('',(0.,-1.,0.));
#10223 = ADVANCED_FACE('',(#10224),#10242,.T.);
#10224 = FACE_BOUND('',#10225,.T.);
#10225 = EDGE_LOOP('',(#10226,#10234,#10240,#10241));
#10226 = ORIENTED_EDGE('',*,*,#10227,.T.);
#10227 = EDGE_CURVE('',#10175,#10228,#10230,.T.);
#10228 = VERTEX_POINT('',#10229);
#10229 = CARTESIAN_POINT('',(97.75,120.24241377865,212.));
#10230 = LINE('',#10231,#10232);
#10231 = CARTESIAN_POINT('',(82.935653285078,128.79548084237,212.));
#10232 = VECTOR('',#10233,1.);
#10233 = DIRECTION('',(0.866025403784,-0.5,0.));
#10234 = ORIENTED_EDGE('',*,*,#10235,.T.);
#10235 = EDGE_CURVE('',#10228,#2548,#10236,.T.);
#10236 = LINE('',#10237,#10238);
#10237 = CARTESIAN_POINT('',(97.75,120.24241377865,208.));
#10238 = VECTOR('',#10239,1.);
#10239 = DIRECTION('',(0.,0.,1.));
#10240 = ORIENTED_EDGE('',*,*,#2547,.F.);
#10241 = ORIENTED_EDGE('',*,*,#10182,.F.);
#10242 = PLANE('',#10243);
#10243 = AXIS2_PLACEMENT_3D('',#10244,#10245,#10246);
#10244 = CARTESIAN_POINT('',(97.75,120.24241377865,208.));
#10245 = DIRECTION('',(-0.5,-0.866025403784,0.));
#10246 = DIRECTION('',(-0.866025403784,0.5,0.));
#10247 = ADVANCED_FACE('',(#10248),#10266,.T.);
#10248 = FACE_BOUND('',#10249,.T.);
#10249 = EDGE_LOOP('',(#10250,#10258,#10259,#10260));
#10250 = ORIENTED_EDGE('',*,*,#10251,.T.);
#10251 = EDGE_CURVE('',#10252,#10204,#10254,.T.);
#10252 = VERTEX_POINT('',#10253);
#10253 = CARTESIAN_POINT('',(93.,112.01517244269,212.));
#10254 = LINE('',#10255,#10256);
#10255 = CARTESIAN_POINT('',(75.810653285078,121.93944639575,212.));
#10256 = VECTOR('',#10257,1.);
#10257 = DIRECTION('',(-0.866025403784,0.5,0.));
#10258 = ORIENTED_EDGE('',*,*,#10213,.T.);
#10259 = ORIENTED_EDGE('',*,*,#2571,.F.);
#10260 = ORIENTED_EDGE('',*,*,#10261,.F.);
#10261 = EDGE_CURVE('',#10252,#2564,#10262,.T.);
#10262 = LINE('',#10263,#10264);
#10263 = CARTESIAN_POINT('',(93.,112.01517244269,208.));
#10264 = VECTOR('',#10265,1.);
#10265 = DIRECTION('',(0.,0.,1.));
#10266 = PLANE('',#10267);
#10267 = AXIS2_PLACEMENT_3D('',#10268,#10269,#10270);
#10268 = CARTESIAN_POINT('',(88.25,114.75758622134,208.));
#10269 = DIRECTION('',(0.5,0.866025403784,-0.));
#10270 = DIRECTION('',(0.866025403784,-0.5,0.));
#10271 = ADVANCED_FACE('',(#10272),#10290,.T.);
#10272 = FACE_BOUND('',#10273,.T.);
#10273 = EDGE_LOOP('',(#10274,#10282,#10288,#10289));
#10274 = ORIENTED_EDGE('',*,*,#10275,.T.);
#10275 = EDGE_CURVE('',#10228,#10276,#10278,.T.);
#10276 = VERTEX_POINT('',#10277);
#10277 = CARTESIAN_POINT('',(97.75,114.75758622134,212.));
#10278 = LINE('',#10279,#10280);
#10279 = CARTESIAN_POINT('',(97.75,84.378793110675,212.));
#10280 = VECTOR('',#10281,1.);
#10281 = DIRECTION('',(0.,-1.,0.));
#10282 = ORIENTED_EDGE('',*,*,#10283,.T.);
#10283 = EDGE_CURVE('',#10276,#2556,#10284,.T.);
#10284 = LINE('',#10285,#10286);
#10285 = CARTESIAN_POINT('',(97.75,114.75758622134,208.));
#10286 = VECTOR('',#10287,1.);
#10287 = DIRECTION('',(0.,0.,1.));
#10288 = ORIENTED_EDGE('',*,*,#2555,.F.);
#10289 = ORIENTED_EDGE('',*,*,#10235,.F.);
#10290 = PLANE('',#10291);
#10291 = AXIS2_PLACEMENT_3D('',#10292,#10293,#10294);
#10292 = CARTESIAN_POINT('',(97.75,114.75758622134,208.));
#10293 = DIRECTION('',(-1.,0.,0.));
#10294 = DIRECTION('',(0.,1.,0.));
#10295 = ADVANCED_FACE('',(#10296),#10307,.T.);
#10296 = FACE_BOUND('',#10297,.T.);
#10297 = EDGE_LOOP('',(#10298,#10304,#10305,#10306));
#10298 = ORIENTED_EDGE('',*,*,#10299,.T.);
#10299 = EDGE_CURVE('',#10276,#10252,#10300,.T.);
#10300 = LINE('',#10301,#10302);
#10301 = CARTESIAN_POINT('',(53.064346714922,88.958312268295,212.));
#10302 = VECTOR('',#10303,1.);
#10303 = DIRECTION('',(-0.866025403784,-0.5,0.));
#10304 = ORIENTED_EDGE('',*,*,#10261,.T.);
#10305 = ORIENTED_EDGE('',*,*,#2563,.F.);
#10306 = ORIENTED_EDGE('',*,*,#10283,.F.);
#10307 = PLANE('',#10308);
#10308 = AXIS2_PLACEMENT_3D('',#10309,#10310,#10311);
#10309 = CARTESIAN_POINT('',(93.,112.01517244269,208.));
#10310 = DIRECTION('',(-0.5,0.866025403784,0.));
#10311 = DIRECTION('',(0.866025403784,0.5,0.));
#10312 = ADVANCED_FACE('',(#10313),#10338,.T.);
#10313 = FACE_BOUND('',#10314,.T.);
#10314 = EDGE_LOOP('',(#10315,#10325,#10331,#10332));
#10315 = ORIENTED_EDGE('',*,*,#10316,.T.);
#10316 = EDGE_CURVE('',#10317,#10319,#10321,.T.);
#10317 = VERTEX_POINT('',#10318);
#10318 = CARTESIAN_POINT('',(97.776279441629,120.24241377865,212.));
#10319 = VERTEX_POINT('',#10320);
#10320 = CARTESIAN_POINT('',(102.52627944162,122.9848275573,212.));
#10321 = LINE('',#10322,#10323);
#10322 = CARTESIAN_POINT('',(56.64327136594,96.494260493573,212.));
#10323 = VECTOR('',#10324,1.);
#10324 = DIRECTION('',(0.866025403784,0.5,-0.));
#10325 = ORIENTED_EDGE('',*,*,#10326,.T.);
#10326 = EDGE_CURVE('',#10319,#2590,#10327,.T.);
#10327 = LINE('',#10328,#10329);
#10328 = CARTESIAN_POINT('',(102.52627944162,122.9848275573,208.));
#10329 = VECTOR('',#10330,1.);
#10330 = DIRECTION('',(0.,0.,1.));
#10331 = ORIENTED_EDGE('',*,*,#2587,.F.);
#10332 = ORIENTED_EDGE('',*,*,#10333,.F.);
#10333 = EDGE_CURVE('',#10317,#2588,#10334,.T.);
#10334 = LINE('',#10335,#10336);
#10335 = CARTESIAN_POINT('',(97.776279441629,120.24241377865,208.));
#10336 = VECTOR('',#10337,1.);
#10337 = DIRECTION('',(0.,0.,1.));
#10338 = PLANE('',#10339);
#10339 = AXIS2_PLACEMENT_3D('',#10340,#10341,#10342);
#10340 = CARTESIAN_POINT('',(102.52627944162,122.9848275573,208.));
#10341 = DIRECTION('',(0.5,-0.866025403784,0.));
#10342 = DIRECTION('',(-0.866025403784,-0.5,0.));
#10343 = ADVANCED_FACE('',(#10344),#10362,.T.);
#10344 = FACE_BOUND('',#10345,.T.);
#10345 = EDGE_LOOP('',(#10346,#10354,#10355,#10356));
#10346 = ORIENTED_EDGE('',*,*,#10347,.T.);
#10347 = EDGE_CURVE('',#10348,#10317,#10350,.T.);
#10348 = VERTEX_POINT('',#10349);
#10349 = CARTESIAN_POINT('',(97.776279441629,114.75758622134,212.));
#10350 = LINE('',#10351,#10352);
#10351 = CARTESIAN_POINT('',(97.776279441629,87.121206889325,212.));
#10352 = VECTOR('',#10353,1.);
#10353 = DIRECTION('',(-0.,1.,0.));
#10354 = ORIENTED_EDGE('',*,*,#10333,.T.);
#10355 = ORIENTED_EDGE('',*,*,#2629,.F.);
#10356 = ORIENTED_EDGE('',*,*,#10357,.F.);
#10357 = EDGE_CURVE('',#10348,#2622,#10358,.T.);
#10358 = LINE('',#10359,#10360);
#10359 = CARTESIAN_POINT('',(97.776279441629,114.75758622134,208.));
#10360 = VECTOR('',#10361,1.);
#10361 = DIRECTION('',(0.,0.,1.));
#10362 = PLANE('',#10363);
#10363 = AXIS2_PLACEMENT_3D('',#10364,#10365,#10366);
#10364 = CARTESIAN_POINT('',(97.776279441629,120.24241377865,208.));
#10365 = DIRECTION('',(1.,0.,-0.));
#10366 = DIRECTION('',(0.,-1.,0.));
#10367 = ADVANCED_FACE('',(#10368),#10386,.T.);
#10368 = FACE_BOUND('',#10369,.T.);
#10369 = EDGE_LOOP('',(#10370,#10378,#10384,#10385));
#10370 = ORIENTED_EDGE('',*,*,#10371,.T.);
#10371 = EDGE_CURVE('',#10319,#10372,#10374,.T.);
#10372 = VERTEX_POINT('',#10373);
#10373 = CARTESIAN_POINT('',(107.27627944162,120.24241377865,212.));
#10374 = LINE('',#10375,#10376);
#10375 = CARTESIAN_POINT('',(88.889577936096,130.85798084237,212.));
#10376 = VECTOR('',#10377,1.);
#10377 = DIRECTION('',(0.866025403784,-0.5,0.));
#10378 = ORIENTED_EDGE('',*,*,#10379,.T.);
#10379 = EDGE_CURVE('',#10372,#2598,#10380,.T.);
#10380 = LINE('',#10381,#10382);
#10381 = CARTESIAN_POINT('',(107.27627944162,120.24241377865,208.));
#10382 = VECTOR('',#10383,1.);
#10383 = DIRECTION('',(0.,0.,1.));
#10384 = ORIENTED_EDGE('',*,*,#2597,.F.);
#10385 = ORIENTED_EDGE('',*,*,#10326,.F.);
#10386 = PLANE('',#10387);
#10387 = AXIS2_PLACEMENT_3D('',#10388,#10389,#10390);
#10388 = CARTESIAN_POINT('',(107.27627944162,120.24241377865,208.));
#10389 = DIRECTION('',(-0.5,-0.866025403784,0.));
#10390 = DIRECTION('',(-0.866025403784,0.5,0.));
#10391 = ADVANCED_FACE('',(#10392),#10410,.T.);
#10392 = FACE_BOUND('',#10393,.T.);
#10393 = EDGE_LOOP('',(#10394,#10402,#10403,#10404));
#10394 = ORIENTED_EDGE('',*,*,#10395,.T.);
#10395 = EDGE_CURVE('',#10396,#10348,#10398,.T.);
#10396 = VERTEX_POINT('',#10397);
#10397 = CARTESIAN_POINT('',(102.52627944162,112.01517244269,212.));
#10398 = LINE('',#10399,#10400);
#10399 = CARTESIAN_POINT('',(81.764577936096,124.00194639575,212.));
#10400 = VECTOR('',#10401,1.);
#10401 = DIRECTION('',(-0.866025403784,0.5,0.));
#10402 = ORIENTED_EDGE('',*,*,#10357,.T.);
#10403 = ORIENTED_EDGE('',*,*,#2621,.F.);
#10404 = ORIENTED_EDGE('',*,*,#10405,.F.);
#10405 = EDGE_CURVE('',#10396,#2614,#10406,.T.);
#10406 = LINE('',#10407,#10408);
#10407 = CARTESIAN_POINT('',(102.52627944162,112.01517244269,208.));
#10408 = VECTOR('',#10409,1.);
#10409 = DIRECTION('',(0.,0.,1.));
#10410 = PLANE('',#10411);
#10411 = AXIS2_PLACEMENT_3D('',#10412,#10413,#10414);
#10412 = CARTESIAN_POINT('',(97.776279441629,114.75758622134,208.));
#10413 = DIRECTION('',(0.5,0.866025403784,-0.));
#10414 = DIRECTION('',(0.866025403784,-0.5,0.));
#10415 = ADVANCED_FACE('',(#10416),#10434,.T.);
#10416 = FACE_BOUND('',#10417,.T.);
#10417 = EDGE_LOOP('',(#10418,#10426,#10432,#10433));
#10418 = ORIENTED_EDGE('',*,*,#10419,.T.);
#10419 = EDGE_CURVE('',#10372,#10420,#10422,.T.);
#10420 = VERTEX_POINT('',#10421);
#10421 = CARTESIAN_POINT('',(107.27627944162,114.75758622134,212.));
#10422 = LINE('',#10423,#10424);
#10423 = CARTESIAN_POINT('',(107.27627944162,84.378793110675,212.));
#10424 = VECTOR('',#10425,1.);
#10425 = DIRECTION('',(0.,-1.,0.));
#10426 = ORIENTED_EDGE('',*,*,#10427,.T.);
#10427 = EDGE_CURVE('',#10420,#2606,#10428,.T.);
#10428 = LINE('',#10429,#10430);
#10429 = CARTESIAN_POINT('',(107.27627944162,114.75758622134,208.));
#10430 = VECTOR('',#10431,1.);
#10431 = DIRECTION('',(0.,0.,1.));
#10432 = ORIENTED_EDGE('',*,*,#2605,.F.);
#10433 = ORIENTED_EDGE('',*,*,#10379,.F.);
#10434 = PLANE('',#10435);
#10435 = AXIS2_PLACEMENT_3D('',#10436,#10437,#10438);
#10436 = CARTESIAN_POINT('',(107.27627944162,114.75758622134,208.));
#10437 = DIRECTION('',(-1.,0.,0.));
#10438 = DIRECTION('',(0.,1.,0.));
#10439 = ADVANCED_FACE('',(#10440),#10451,.T.);
#10440 = FACE_BOUND('',#10441,.T.);
#10441 = EDGE_LOOP('',(#10442,#10448,#10449,#10450));
#10442 = ORIENTED_EDGE('',*,*,#10443,.T.);
#10443 = EDGE_CURVE('',#10420,#10396,#10444,.T.);
#10444 = LINE('',#10445,#10446);
#10445 = CARTESIAN_POINT('',(59.01827136594,86.895812268295,212.));
#10446 = VECTOR('',#10447,1.);
#10447 = DIRECTION('',(-0.866025403784,-0.5,0.));
#10448 = ORIENTED_EDGE('',*,*,#10405,.T.);
#10449 = ORIENTED_EDGE('',*,*,#2613,.F.);
#10450 = ORIENTED_EDGE('',*,*,#10427,.F.);
#10451 = PLANE('',#10452);
#10452 = AXIS2_PLACEMENT_3D('',#10453,#10454,#10455);
#10453 = CARTESIAN_POINT('',(102.52627944162,112.01517244269,208.));
#10454 = DIRECTION('',(-0.5,0.866025403784,0.));
#10455 = DIRECTION('',(0.866025403784,0.5,0.));
#10456 = ADVANCED_FACE('',(#10457),#10482,.T.);
#10457 = FACE_BOUND('',#10458,.T.);
#10458 = EDGE_LOOP('',(#10459,#10469,#10475,#10476));
#10459 = ORIENTED_EDGE('',*,*,#10460,.T.);
#10460 = EDGE_CURVE('',#10461,#10463,#10465,.T.);
#10461 = VERTEX_POINT('',#10462);
#10462 = CARTESIAN_POINT('',(83.486860279186,128.49241377865,212.));
#10463 = VERTEX_POINT('',#10464);
#10464 = CARTESIAN_POINT('',(88.236860279186,131.2348275573,212.));
#10465 = LINE('',#10466,#10467);
#10466 = CARTESIAN_POINT('',(45.926206994108,106.80676049357,212.));
#10467 = VECTOR('',#10468,1.);
#10468 = DIRECTION('',(0.866025403784,0.5,-0.));
#10469 = ORIENTED_EDGE('',*,*,#10470,.T.);
#10470 = EDGE_CURVE('',#10463,#2640,#10471,.T.);
#10471 = LINE('',#10472,#10473);
#10472 = CARTESIAN_POINT('',(88.236860279186,131.2348275573,208.));
#10473 = VECTOR('',#10474,1.);
#10474 = DIRECTION('',(0.,0.,1.));
#10475 = ORIENTED_EDGE('',*,*,#2637,.F.);
#10476 = ORIENTED_EDGE('',*,*,#10477,.F.);
#10477 = EDGE_CURVE('',#10461,#2638,#10478,.T.);
#10478 = LINE('',#10479,#10480);
#10479 = CARTESIAN_POINT('',(83.486860279186,128.49241377865,208.));
#10480 = VECTOR('',#10481,1.);
#10481 = DIRECTION('',(0.,0.,1.));
#10482 = PLANE('',#10483);
#10483 = AXIS2_PLACEMENT_3D('',#10484,#10485,#10486);
#10484 = CARTESIAN_POINT('',(88.236860279186,131.2348275573,208.));
#10485 = DIRECTION('',(0.5,-0.866025403784,0.));
#10486 = DIRECTION('',(-0.866025403784,-0.5,0.));
#10487 = ADVANCED_FACE('',(#10488),#10506,.T.);
#10488 = FACE_BOUND('',#10489,.T.);
#10489 = EDGE_LOOP('',(#10490,#10498,#10499,#10500));
#10490 = ORIENTED_EDGE('',*,*,#10491,.T.);
#10491 = EDGE_CURVE('',#10492,#10461,#10494,.T.);
#10492 = VERTEX_POINT('',#10493);
#10493 = CARTESIAN_POINT('',(83.486860279186,123.00758622134,212.));
#10494 = LINE('',#10495,#10496);
#10495 = CARTESIAN_POINT('',(83.486860279186,91.246206889325,212.));
#10496 = VECTOR('',#10497,1.);
#10497 = DIRECTION('',(-0.,1.,0.));
#10498 = ORIENTED_EDGE('',*,*,#10477,.T.);
#10499 = ORIENTED_EDGE('',*,*,#2679,.F.);
#10500 = ORIENTED_EDGE('',*,*,#10501,.F.);
#10501 = EDGE_CURVE('',#10492,#2672,#10502,.T.);
#10502 = LINE('',#10503,#10504);
#10503 = CARTESIAN_POINT('',(83.486860279186,123.00758622134,208.));
#10504 = VECTOR('',#10505,1.);
#10505 = DIRECTION('',(0.,0.,1.));
#10506 = PLANE('',#10507);
#10507 = AXIS2_PLACEMENT_3D('',#10508,#10509,#10510);
#10508 = CARTESIAN_POINT('',(83.486860279186,128.49241377865,208.));
#10509 = DIRECTION('',(1.,0.,-0.));
#10510 = DIRECTION('',(0.,-1.,0.));
#10511 = ADVANCED_FACE('',(#10512),#10530,.T.);
#10512 = FACE_BOUND('',#10513,.T.);
#10513 = EDGE_LOOP('',(#10514,#10522,#10528,#10529));
#10514 = ORIENTED_EDGE('',*,*,#10515,.T.);
#10515 = EDGE_CURVE('',#10463,#10516,#10518,.T.);
#10516 = VERTEX_POINT('',#10517);
#10517 = CARTESIAN_POINT('',(92.986860279186,128.49241377865,212.));
#10518 = LINE('',#10519,#10520);
#10519 = CARTESIAN_POINT('',(81.744868354874,134.98298084237,212.));
#10520 = VECTOR('',#10521,1.);
#10521 = DIRECTION('',(0.866025403784,-0.5,0.));
#10522 = ORIENTED_EDGE('',*,*,#10523,.T.);
#10523 = EDGE_CURVE('',#10516,#2648,#10524,.T.);
#10524 = LINE('',#10525,#10526);
#10525 = CARTESIAN_POINT('',(92.986860279186,128.49241377865,208.));
#10526 = VECTOR('',#10527,1.);
#10527 = DIRECTION('',(0.,0.,1.));
#10528 = ORIENTED_EDGE('',*,*,#2647,.F.);
#10529 = ORIENTED_EDGE('',*,*,#10470,.F.);
#10530 = PLANE('',#10531);
#10531 = AXIS2_PLACEMENT_3D('',#10532,#10533,#10534);
#10532 = CARTESIAN_POINT('',(92.986860279186,128.49241377865,208.));
#10533 = DIRECTION('',(-0.5,-0.866025403784,0.));
#10534 = DIRECTION('',(-0.866025403784,0.5,0.));
#10535 = ADVANCED_FACE('',(#10536),#10554,.T.);
#10536 = FACE_BOUND('',#10537,.T.);
#10537 = EDGE_LOOP('',(#10538,#10546,#10547,#10548));
#10538 = ORIENTED_EDGE('',*,*,#10539,.T.);
#10539 = EDGE_CURVE('',#10540,#10492,#10542,.T.);
#10540 = VERTEX_POINT('',#10541);
#10541 = CARTESIAN_POINT('',(88.236860279186,120.26517244269,212.));
#10542 = LINE('',#10543,#10544);
#10543 = CARTESIAN_POINT('',(74.619868354874,128.12694639575,212.));
#10544 = VECTOR('',#10545,1.);
#10545 = DIRECTION('',(-0.866025403784,0.5,0.));
#10546 = ORIENTED_EDGE('',*,*,#10501,.T.);
#10547 = ORIENTED_EDGE('',*,*,#2671,.F.);
#10548 = ORIENTED_EDGE('',*,*,#10549,.F.);
#10549 = EDGE_CURVE('',#10540,#2664,#10550,.T.);
#10550 = LINE('',#10551,#10552);
#10551 = CARTESIAN_POINT('',(88.236860279186,120.26517244269,208.));
#10552 = VECTOR('',#10553,1.);
#10553 = DIRECTION('',(0.,0.,1.));
#10554 = PLANE('',#10555);
#10555 = AXIS2_PLACEMENT_3D('',#10556,#10557,#10558);
#10556 = CARTESIAN_POINT('',(83.486860279186,123.00758622134,208.));
#10557 = DIRECTION('',(0.5,0.866025403784,-0.));
#10558 = DIRECTION('',(0.866025403784,-0.5,0.));
#10559 = ADVANCED_FACE('',(#10560),#10578,.T.);
#10560 = FACE_BOUND('',#10561,.T.);
#10561 = EDGE_LOOP('',(#10562,#10570,#10576,#10577));
#10562 = ORIENTED_EDGE('',*,*,#10563,.T.);
#10563 = EDGE_CURVE('',#10516,#10564,#10566,.T.);
#10564 = VERTEX_POINT('',#10565);
#10565 = CARTESIAN_POINT('',(92.986860279186,123.00758622134,212.));
#10566 = LINE('',#10567,#10568);
#10567 = CARTESIAN_POINT('',(92.986860279186,88.503793110675,212.));
#10568 = VECTOR('',#10569,1.);
#10569 = DIRECTION('',(0.,-1.,0.));
#10570 = ORIENTED_EDGE('',*,*,#10571,.T.);
#10571 = EDGE_CURVE('',#10564,#2656,#10572,.T.);
#10572 = LINE('',#10573,#10574);
#10573 = CARTESIAN_POINT('',(92.986860279186,123.00758622134,208.));
#10574 = VECTOR('',#10575,1.);
#10575 = DIRECTION('',(0.,0.,1.));
#10576 = ORIENTED_EDGE('',*,*,#2655,.F.);
#10577 = ORIENTED_EDGE('',*,*,#10523,.F.);
#10578 = PLANE('',#10579);
#10579 = AXIS2_PLACEMENT_3D('',#10580,#10581,#10582);
#10580 = CARTESIAN_POINT('',(92.986860279186,123.00758622134,208.));
#10581 = DIRECTION('',(-1.,0.,0.));
#10582 = DIRECTION('',(0.,1.,0.));
#10583 = ADVANCED_FACE('',(#10584),#10595,.T.);
#10584 = FACE_BOUND('',#10585,.T.);
#10585 = EDGE_LOOP('',(#10586,#10592,#10593,#10594));
#10586 = ORIENTED_EDGE('',*,*,#10587,.T.);
#10587 = EDGE_CURVE('',#10564,#10540,#10588,.T.);
#10588 = LINE('',#10589,#10590);
#10589 = CARTESIAN_POINT('',(48.301206994108,97.208312268295,212.));
#10590 = VECTOR('',#10591,1.);
#10591 = DIRECTION('',(-0.866025403784,-0.5,0.));
#10592 = ORIENTED_EDGE('',*,*,#10549,.T.);
#10593 = ORIENTED_EDGE('',*,*,#2663,.F.);
#10594 = ORIENTED_EDGE('',*,*,#10571,.F.);
#10595 = PLANE('',#10596);
#10596 = AXIS2_PLACEMENT_3D('',#10597,#10598,#10599);
#10597 = CARTESIAN_POINT('',(88.236860279186,120.26517244269,208.));
#10598 = DIRECTION('',(-0.5,0.866025403784,0.));
#10599 = DIRECTION('',(0.866025403784,0.5,0.));
#10600 = ADVANCED_FACE('',(#10601),#10626,.T.);
#10601 = FACE_BOUND('',#10602,.T.);
#10602 = EDGE_LOOP('',(#10603,#10613,#10619,#10620));
#10603 = ORIENTED_EDGE('',*,*,#10604,.T.);
#10604 = EDGE_CURVE('',#10605,#10607,#10609,.T.);
#10605 = VERTEX_POINT('',#10606);
#10606 = CARTESIAN_POINT('',(93.013139720814,128.49241377865,212.));
#10607 = VERTEX_POINT('',#10608);
#10608 = CARTESIAN_POINT('',(97.763139720814,131.2348275573,212.));
#10609 = LINE('',#10610,#10611);
#10610 = CARTESIAN_POINT('',(51.880131645126,104.74426049357,212.));
#10611 = VECTOR('',#10612,1.);
#10612 = DIRECTION('',(0.866025403784,0.5,-0.));
#10613 = ORIENTED_EDGE('',*,*,#10614,.T.);
#10614 = EDGE_CURVE('',#10607,#2690,#10615,.T.);
#10615 = LINE('',#10616,#10617);
#10616 = CARTESIAN_POINT('',(97.763139720814,131.2348275573,208.));
#10617 = VECTOR('',#10618,1.);
#10618 = DIRECTION('',(0.,0.,1.));
#10619 = ORIENTED_EDGE('',*,*,#2687,.F.);
#10620 = ORIENTED_EDGE('',*,*,#10621,.F.);
#10621 = EDGE_CURVE('',#10605,#2688,#10622,.T.);
#10622 = LINE('',#10623,#10624);
#10623 = CARTESIAN_POINT('',(93.013139720814,128.49241377865,208.));
#10624 = VECTOR('',#10625,1.);
#10625 = DIRECTION('',(0.,0.,1.));
#10626 = PLANE('',#10627);
#10627 = AXIS2_PLACEMENT_3D('',#10628,#10629,#10630);
#10628 = CARTESIAN_POINT('',(97.763139720814,131.2348275573,208.));
#10629 = DIRECTION('',(0.5,-0.866025403784,0.));
#10630 = DIRECTION('',(-0.866025403784,-0.5,0.));
#10631 = ADVANCED_FACE('',(#10632),#10650,.T.);
#10632 = FACE_BOUND('',#10633,.T.);
#10633 = EDGE_LOOP('',(#10634,#10642,#10643,#10644));
#10634 = ORIENTED_EDGE('',*,*,#10635,.T.);
#10635 = EDGE_CURVE('',#10636,#10605,#10638,.T.);
#10636 = VERTEX_POINT('',#10637);
#10637 = CARTESIAN_POINT('',(93.013139720814,123.00758622134,212.));
#10638 = LINE('',#10639,#10640);
#10639 = CARTESIAN_POINT('',(93.013139720814,91.246206889325,212.));
#10640 = VECTOR('',#10641,1.);
#10641 = DIRECTION('',(-0.,1.,0.));
#10642 = ORIENTED_EDGE('',*,*,#10621,.T.);
#10643 = ORIENTED_EDGE('',*,*,#2729,.F.);
#10644 = ORIENTED_EDGE('',*,*,#10645,.F.);
#10645 = EDGE_CURVE('',#10636,#2722,#10646,.T.);
#10646 = LINE('',#10647,#10648);
#10647 = CARTESIAN_POINT('',(93.013139720814,123.00758622134,208.));
#10648 = VECTOR('',#10649,1.);
#10649 = DIRECTION('',(0.,0.,1.));
#10650 = PLANE('',#10651);
#10651 = AXIS2_PLACEMENT_3D('',#10652,#10653,#10654);
#10652 = CARTESIAN_POINT('',(93.013139720814,128.49241377865,208.));
#10653 = DIRECTION('',(1.,0.,-0.));
#10654 = DIRECTION('',(0.,-1.,0.));
#10655 = ADVANCED_FACE('',(#10656),#10674,.T.);
#10656 = FACE_BOUND('',#10657,.T.);
#10657 = EDGE_LOOP('',(#10658,#10666,#10672,#10673));
#10658 = ORIENTED_EDGE('',*,*,#10659,.T.);
#10659 = EDGE_CURVE('',#10607,#10660,#10662,.T.);
#10660 = VERTEX_POINT('',#10661);
#10661 = CARTESIAN_POINT('',(102.51313972081,128.49241377865,212.));
#10662 = LINE('',#10663,#10664);
#10663 = CARTESIAN_POINT('',(87.698793005892,137.04548084237,212.));
#10664 = VECTOR('',#10665,1.);
#10665 = DIRECTION('',(0.866025403784,-0.5,0.));
#10666 = ORIENTED_EDGE('',*,*,#10667,.T.);
#10667 = EDGE_CURVE('',#10660,#2698,#10668,.T.);
#10668 = LINE('',#10669,#10670);
#10669 = CARTESIAN_POINT('',(102.51313972081,128.49241377865,208.));
#10670 = VECTOR('',#10671,1.);
#10671 = DIRECTION('',(0.,0.,1.));
#10672 = ORIENTED_EDGE('',*,*,#2697,.F.);
#10673 = ORIENTED_EDGE('',*,*,#10614,.F.);
#10674 = PLANE('',#10675);
#10675 = AXIS2_PLACEMENT_3D('',#10676,#10677,#10678);
#10676 = CARTESIAN_POINT('',(102.51313972081,128.49241377865,208.));
#10677 = DIRECTION('',(-0.5,-0.866025403784,0.));
#10678 = DIRECTION('',(-0.866025403784,0.5,0.));
#10679 = ADVANCED_FACE('',(#10680),#10698,.T.);
#10680 = FACE_BOUND('',#10681,.T.);
#10681 = EDGE_LOOP('',(#10682,#10690,#10691,#10692));
#10682 = ORIENTED_EDGE('',*,*,#10683,.T.);
#10683 = EDGE_CURVE('',#10684,#10636,#10686,.T.);
#10684 = VERTEX_POINT('',#10685);
#10685 = CARTESIAN_POINT('',(97.763139720814,120.26517244269,212.));
#10686 = LINE('',#10687,#10688);
#10687 = CARTESIAN_POINT('',(80.573793005892,130.18944639575,212.));
#10688 = VECTOR('',#10689,1.);
#10689 = DIRECTION('',(-0.866025403784,0.5,0.));
#10690 = ORIENTED_EDGE('',*,*,#10645,.T.);
#10691 = ORIENTED_EDGE('',*,*,#2721,.F.);
#10692 = ORIENTED_EDGE('',*,*,#10693,.F.);
#10693 = EDGE_CURVE('',#10684,#2714,#10694,.T.);
#10694 = LINE('',#10695,#10696);
#10695 = CARTESIAN_POINT('',(97.763139720814,120.26517244269,208.));
#10696 = VECTOR('',#10697,1.);
#10697 = DIRECTION('',(0.,0.,1.));
#10698 = PLANE('',#10699);
#10699 = AXIS2_PLACEMENT_3D('',#10700,#10701,#10702);
#10700 = CARTESIAN_POINT('',(93.013139720814,123.00758622134,208.));
#10701 = DIRECTION('',(0.5,0.866025403784,-0.));
#10702 = DIRECTION('',(0.866025403784,-0.5,0.));
#10703 = ADVANCED_FACE('',(#10704),#10722,.T.);
#10704 = FACE_BOUND('',#10705,.T.);
#10705 = EDGE_LOOP('',(#10706,#10714,#10720,#10721));
#10706 = ORIENTED_EDGE('',*,*,#10707,.T.);
#10707 = EDGE_CURVE('',#10660,#10708,#10710,.T.);
#10708 = VERTEX_POINT('',#10709);
#10709 = CARTESIAN_POINT('',(102.51313972081,123.00758622134,212.));
#10710 = LINE('',#10711,#10712);
#10711 = CARTESIAN_POINT('',(102.51313972081,88.503793110675,212.));
#10712 = VECTOR('',#10713,1.);
#10713 = DIRECTION('',(0.,-1.,0.));
#10714 = ORIENTED_EDGE('',*,*,#10715,.T.);
#10715 = EDGE_CURVE('',#10708,#2706,#10716,.T.);
#10716 = LINE('',#10717,#10718);
#10717 = CARTESIAN_POINT('',(102.51313972081,123.00758622134,208.));
#10718 = VECTOR('',#10719,1.);
#10719 = DIRECTION('',(0.,0.,1.));
#10720 = ORIENTED_EDGE('',*,*,#2705,.F.);
#10721 = ORIENTED_EDGE('',*,*,#10667,.F.);
#10722 = PLANE('',#10723);
#10723 = AXIS2_PLACEMENT_3D('',#10724,#10725,#10726);
#10724 = CARTESIAN_POINT('',(102.51313972081,123.00758622134,208.));
#10725 = DIRECTION('',(-1.,0.,0.));
#10726 = DIRECTION('',(0.,1.,0.));
#10727 = ADVANCED_FACE('',(#10728),#10739,.T.);
#10728 = FACE_BOUND('',#10729,.T.);
#10729 = EDGE_LOOP('',(#10730,#10736,#10737,#10738));
#10730 = ORIENTED_EDGE('',*,*,#10731,.T.);
#10731 = EDGE_CURVE('',#10708,#10684,#10732,.T.);
#10732 = LINE('',#10733,#10734);
#10733 = CARTESIAN_POINT('',(54.255131645126,95.145812268295,212.));
#10734 = VECTOR('',#10735,1.);
#10735 = DIRECTION('',(-0.866025403784,-0.5,0.));
#10736 = ORIENTED_EDGE('',*,*,#10693,.T.);
#10737 = ORIENTED_EDGE('',*,*,#2713,.F.);
#10738 = ORIENTED_EDGE('',*,*,#10715,.F.);
#10739 = PLANE('',#10740);
#10740 = AXIS2_PLACEMENT_3D('',#10741,#10742,#10743);
#10741 = CARTESIAN_POINT('',(97.763139720814,120.26517244269,208.));
#10742 = DIRECTION('',(-0.5,0.866025403784,0.));
#10743 = DIRECTION('',(0.866025403784,0.5,0.));
#10744 = ADVANCED_FACE('',(#10745),#10770,.T.);
#10745 = FACE_BOUND('',#10746,.T.);
#10746 = EDGE_LOOP('',(#10747,#10757,#10763,#10764));
#10747 = ORIENTED_EDGE('',*,*,#10748,.T.);
#10748 = EDGE_CURVE('',#10749,#10751,#10753,.T.);
#10749 = VERTEX_POINT('',#10750);
#10750 = CARTESIAN_POINT('',(107.30255888325,120.24241377865,212.));
#10751 = VERTEX_POINT('',#10752);
#10752 = CARTESIAN_POINT('',(112.05255888325,122.9848275573,212.));
#10753 = LINE('',#10754,#10755);
#10754 = CARTESIAN_POINT('',(62.597196016958,94.431760493573,212.));
#10755 = VECTOR('',#10756,1.);
#10756 = DIRECTION('',(0.866025403784,0.5,-0.));
#10757 = ORIENTED_EDGE('',*,*,#10758,.T.);
#10758 = EDGE_CURVE('',#10751,#2740,#10759,.T.);
#10759 = LINE('',#10760,#10761);
#10760 = CARTESIAN_POINT('',(112.05255888325,122.9848275573,208.));
#10761 = VECTOR('',#10762,1.);
#10762 = DIRECTION('',(0.,0.,1.));
#10763 = ORIENTED_EDGE('',*,*,#2737,.F.);
#10764 = ORIENTED_EDGE('',*,*,#10765,.F.);
#10765 = EDGE_CURVE('',#10749,#2738,#10766,.T.);
#10766 = LINE('',#10767,#10768);
#10767 = CARTESIAN_POINT('',(107.30255888325,120.24241377865,208.));
#10768 = VECTOR('',#10769,1.);
#10769 = DIRECTION('',(0.,0.,1.));
#10770 = PLANE('',#10771);
#10771 = AXIS2_PLACEMENT_3D('',#10772,#10773,#10774);
#10772 = CARTESIAN_POINT('',(112.05255888325,122.9848275573,208.));
#10773 = DIRECTION('',(0.5,-0.866025403784,0.));
#10774 = DIRECTION('',(-0.866025403784,-0.5,0.));
#10775 = ADVANCED_FACE('',(#10776),#10794,.T.);
#10776 = FACE_BOUND('',#10777,.T.);
#10777 = EDGE_LOOP('',(#10778,#10786,#10787,#10788));
#10778 = ORIENTED_EDGE('',*,*,#10779,.T.);
#10779 = EDGE_CURVE('',#10780,#10749,#10782,.T.);
#10780 = VERTEX_POINT('',#10781);
#10781 = CARTESIAN_POINT('',(107.30255888325,114.75758622134,212.));
#10782 = LINE('',#10783,#10784);
#10783 = CARTESIAN_POINT('',(107.30255888325,87.121206889325,212.));
#10784 = VECTOR('',#10785,1.);
#10785 = DIRECTION('',(-0.,1.,0.));
#10786 = ORIENTED_EDGE('',*,*,#10765,.T.);
#10787 = ORIENTED_EDGE('',*,*,#2779,.F.);
#10788 = ORIENTED_EDGE('',*,*,#10789,.F.);
#10789 = EDGE_CURVE('',#10780,#2772,#10790,.T.);
#10790 = LINE('',#10791,#10792);
#10791 = CARTESIAN_POINT('',(107.30255888325,114.75758622134,208.));
#10792 = VECTOR('',#10793,1.);
#10793 = DIRECTION('',(0.,0.,1.));
#10794 = PLANE('',#10795);
#10795 = AXIS2_PLACEMENT_3D('',#10796,#10797,#10798);
#10796 = CARTESIAN_POINT('',(107.30255888325,120.24241377865,208.));
#10797 = DIRECTION('',(1.,0.,-0.));
#10798 = DIRECTION('',(0.,-1.,0.));
#10799 = ADVANCED_FACE('',(#10800),#10818,.T.);
#10800 = FACE_BOUND('',#10801,.T.);
#10801 = EDGE_LOOP('',(#10802,#10810,#10816,#10817));
#10802 = ORIENTED_EDGE('',*,*,#10803,.T.);
#10803 = EDGE_CURVE('',#10751,#10804,#10806,.T.);
#10804 = VERTEX_POINT('',#10805);
#10805 = CARTESIAN_POINT('',(116.80255888325,120.24241377865,212.));
#10806 = LINE('',#10807,#10808);
#10807 = CARTESIAN_POINT('',(94.843502587114,132.92048084237,212.));
#10808 = VECTOR('',#10809,1.);
#10809 = DIRECTION('',(0.866025403784,-0.5,0.));
#10810 = ORIENTED_EDGE('',*,*,#10811,.T.);
#10811 = EDGE_CURVE('',#10804,#2748,#10812,.T.);
#10812 = LINE('',#10813,#10814);
#10813 = CARTESIAN_POINT('',(116.80255888325,120.24241377865,208.));
#10814 = VECTOR('',#10815,1.);
#10815 = DIRECTION('',(0.,0.,1.));
#10816 = ORIENTED_EDGE('',*,*,#2747,.F.);
#10817 = ORIENTED_EDGE('',*,*,#10758,.F.);
#10818 = PLANE('',#10819);
#10819 = AXIS2_PLACEMENT_3D('',#10820,#10821,#10822);
#10820 = CARTESIAN_POINT('',(116.80255888325,120.24241377865,208.));
#10821 = DIRECTION('',(-0.5,-0.866025403784,0.));
#10822 = DIRECTION('',(-0.866025403784,0.5,0.));
#10823 = ADVANCED_FACE('',(#10824),#10842,.T.);
#10824 = FACE_BOUND('',#10825,.T.);
#10825 = EDGE_LOOP('',(#10826,#10834,#10835,#10836));
#10826 = ORIENTED_EDGE('',*,*,#10827,.T.);
#10827 = EDGE_CURVE('',#10828,#10780,#10830,.T.);
#10828 = VERTEX_POINT('',#10829);
#10829 = CARTESIAN_POINT('',(112.05255888325,112.01517244269,212.));
#10830 = LINE('',#10831,#10832);
#10831 = CARTESIAN_POINT('',(87.718502587114,126.06444639575,212.));
#10832 = VECTOR('',#10833,1.);
#10833 = DIRECTION('',(-0.866025403784,0.5,0.));
#10834 = ORIENTED_EDGE('',*,*,#10789,.T.);
#10835 = ORIENTED_EDGE('',*,*,#2771,.F.);
#10836 = ORIENTED_EDGE('',*,*,#10837,.F.);
#10837 = EDGE_CURVE('',#10828,#2764,#10838,.T.);
#10838 = LINE('',#10839,#10840);
#10839 = CARTESIAN_POINT('',(112.05255888325,112.01517244269,208.));
#10840 = VECTOR('',#10841,1.);
#10841 = DIRECTION('',(0.,0.,1.));
#10842 = PLANE('',#10843);
#10843 = AXIS2_PLACEMENT_3D('',#10844,#10845,#10846);
#10844 = CARTESIAN_POINT('',(107.30255888325,114.75758622134,208.));
#10845 = DIRECTION('',(0.5,0.866025403784,-0.));
#10846 = DIRECTION('',(0.866025403784,-0.5,0.));
#10847 = ADVANCED_FACE('',(#10848),#10866,.T.);
#10848 = FACE_BOUND('',#10849,.T.);
#10849 = EDGE_LOOP('',(#10850,#10858,#10864,#10865));
#10850 = ORIENTED_EDGE('',*,*,#10851,.T.);
#10851 = EDGE_CURVE('',#10804,#10852,#10854,.T.);
#10852 = VERTEX_POINT('',#10853);
#10853 = CARTESIAN_POINT('',(116.80255888325,114.75758622134,212.));
#10854 = LINE('',#10855,#10856);
#10855 = CARTESIAN_POINT('',(116.80255888325,84.378793110675,212.));
#10856 = VECTOR('',#10857,1.);
#10857 = DIRECTION('',(0.,-1.,0.));
#10858 = ORIENTED_EDGE('',*,*,#10859,.T.);
#10859 = EDGE_CURVE('',#10852,#2756,#10860,.T.);
#10860 = LINE('',#10861,#10862);
#10861 = CARTESIAN_POINT('',(116.80255888325,114.75758622134,208.));
#10862 = VECTOR('',#10863,1.);
#10863 = DIRECTION('',(0.,0.,1.));
#10864 = ORIENTED_EDGE('',*,*,#2755,.F.);
#10865 = ORIENTED_EDGE('',*,*,#10811,.F.);
#10866 = PLANE('',#10867);
#10867 = AXIS2_PLACEMENT_3D('',#10868,#10869,#10870);
#10868 = CARTESIAN_POINT('',(116.80255888325,114.75758622134,208.));
#10869 = DIRECTION('',(-1.,0.,0.));
#10870 = DIRECTION('',(0.,1.,0.));
#10871 = ADVANCED_FACE('',(#10872),#10883,.T.);
#10872 = FACE_BOUND('',#10873,.T.);
#10873 = EDGE_LOOP('',(#10874,#10880,#10881,#10882));
#10874 = ORIENTED_EDGE('',*,*,#10875,.T.);
#10875 = EDGE_CURVE('',#10852,#10828,#10876,.T.);
#10876 = LINE('',#10877,#10878);
#10877 = CARTESIAN_POINT('',(64.972196016958,84.833312268295,212.));
#10878 = VECTOR('',#10879,1.);
#10879 = DIRECTION('',(-0.866025403784,-0.5,0.));
#10880 = ORIENTED_EDGE('',*,*,#10837,.T.);
#10881 = ORIENTED_EDGE('',*,*,#2763,.F.);
#10882 = ORIENTED_EDGE('',*,*,#10859,.F.);
#10883 = PLANE('',#10884);
#10884 = AXIS2_PLACEMENT_3D('',#10885,#10886,#10887);
#10885 = CARTESIAN_POINT('',(112.05255888325,112.01517244269,208.));
#10886 = DIRECTION('',(-0.5,0.866025403784,0.));
#10887 = DIRECTION('',(0.866025403784,0.5,0.));
#10888 = ADVANCED_FACE('',(#10889),#10914,.T.);
#10889 = FACE_BOUND('',#10890,.T.);
#10890 = EDGE_LOOP('',(#10891,#10901,#10907,#10908));
#10891 = ORIENTED_EDGE('',*,*,#10892,.T.);
#10892 = EDGE_CURVE('',#10893,#10895,#10897,.T.);
#10893 = VERTEX_POINT('',#10894);
#10894 = CARTESIAN_POINT('',(116.82883832488,120.24241377865,212.));
#10895 = VERTEX_POINT('',#10896);
#10896 = CARTESIAN_POINT('',(121.57883832488,122.9848275573,212.));
#10897 = LINE('',#10898,#10899);
#10898 = CARTESIAN_POINT('',(68.551120667976,92.369260493573,212.));
#10899 = VECTOR('',#10900,1.);
#10900 = DIRECTION('',(0.866025403784,0.5,-0.));
#10901 = ORIENTED_EDGE('',*,*,#10902,.T.);
#10902 = EDGE_CURVE('',#10895,#2790,#10903,.T.);
#10903 = LINE('',#10904,#10905);
#10904 = CARTESIAN_POINT('',(121.57883832488,122.9848275573,208.));
#10905 = VECTOR('',#10906,1.);
#10906 = DIRECTION('',(0.,0.,1.));
#10907 = ORIENTED_EDGE('',*,*,#2787,.F.);
#10908 = ORIENTED_EDGE('',*,*,#10909,.F.);
#10909 = EDGE_CURVE('',#10893,#2788,#10910,.T.);
#10910 = LINE('',#10911,#10912);
#10911 = CARTESIAN_POINT('',(116.82883832488,120.24241377865,208.));
#10912 = VECTOR('',#10913,1.);
#10913 = DIRECTION('',(0.,0.,1.));
#10914 = PLANE('',#10915);
#10915 = AXIS2_PLACEMENT_3D('',#10916,#10917,#10918);
#10916 = CARTESIAN_POINT('',(121.57883832488,122.9848275573,208.));
#10917 = DIRECTION('',(0.5,-0.866025403784,0.));
#10918 = DIRECTION('',(-0.866025403784,-0.5,0.));
#10919 = ADVANCED_FACE('',(#10920),#10938,.T.);
#10920 = FACE_BOUND('',#10921,.T.);
#10921 = EDGE_LOOP('',(#10922,#10930,#10931,#10932));
#10922 = ORIENTED_EDGE('',*,*,#10923,.T.);
#10923 = EDGE_CURVE('',#10924,#10893,#10926,.T.);
#10924 = VERTEX_POINT('',#10925);
#10925 = CARTESIAN_POINT('',(116.82883832488,114.75758622134,212.));
#10926 = LINE('',#10927,#10928);
#10927 = CARTESIAN_POINT('',(116.82883832488,87.121206889325,212.));
#10928 = VECTOR('',#10929,1.);
#10929 = DIRECTION('',(-0.,1.,0.));
#10930 = ORIENTED_EDGE('',*,*,#10909,.T.);
#10931 = ORIENTED_EDGE('',*,*,#2829,.F.);
#10932 = ORIENTED_EDGE('',*,*,#10933,.F.);
#10933 = EDGE_CURVE('',#10924,#2822,#10934,.T.);
#10934 = LINE('',#10935,#10936);
#10935 = CARTESIAN_POINT('',(116.82883832488,114.75758622134,208.));
#10936 = VECTOR('',#10937,1.);
#10937 = DIRECTION('',(0.,0.,1.));
#10938 = PLANE('',#10939);
#10939 = AXIS2_PLACEMENT_3D('',#10940,#10941,#10942);
#10940 = CARTESIAN_POINT('',(116.82883832488,120.24241377865,208.));
#10941 = DIRECTION('',(1.,0.,-0.));
#10942 = DIRECTION('',(0.,-1.,0.));
#10943 = ADVANCED_FACE('',(#10944),#10962,.T.);
#10944 = FACE_BOUND('',#10945,.T.);
#10945 = EDGE_LOOP('',(#10946,#10954,#10960,#10961));
#10946 = ORIENTED_EDGE('',*,*,#10947,.T.);
#10947 = EDGE_CURVE('',#10895,#10948,#10950,.T.);
#10948 = VERTEX_POINT('',#10949);
#10949 = CARTESIAN_POINT('',(126.32883832488,120.24241377865,212.));
#10950 = LINE('',#10951,#10952);
#10951 = CARTESIAN_POINT('',(100.79742723813,134.98298084237,212.));
#10952 = VECTOR('',#10953,1.);
#10953 = DIRECTION('',(0.866025403784,-0.5,0.));
#10954 = ORIENTED_EDGE('',*,*,#10955,.T.);
#10955 = EDGE_CURVE('',#10948,#2798,#10956,.T.);
#10956 = LINE('',#10957,#10958);
#10957 = CARTESIAN_POINT('',(126.32883832488,120.24241377865,208.));
#10958 = VECTOR('',#10959,1.);
#10959 = DIRECTION('',(0.,0.,1.));
#10960 = ORIENTED_EDGE('',*,*,#2797,.F.);
#10961 = ORIENTED_EDGE('',*,*,#10902,.F.);
#10962 = PLANE('',#10963);
#10963 = AXIS2_PLACEMENT_3D('',#10964,#10965,#10966);
#10964 = CARTESIAN_POINT('',(126.32883832488,120.24241377865,208.));
#10965 = DIRECTION('',(-0.5,-0.866025403784,0.));
#10966 = DIRECTION('',(-0.866025403784,0.5,0.));
#10967 = ADVANCED_FACE('',(#10968),#10986,.T.);
#10968 = FACE_BOUND('',#10969,.T.);
#10969 = EDGE_LOOP('',(#10970,#10978,#10979,#10980));
#10970 = ORIENTED_EDGE('',*,*,#10971,.T.);
#10971 = EDGE_CURVE('',#10972,#10924,#10974,.T.);
#10972 = VERTEX_POINT('',#10973);
#10973 = CARTESIAN_POINT('',(121.57883832488,112.01517244269,212.));
#10974 = LINE('',#10975,#10976);
#10975 = CARTESIAN_POINT('',(93.672427238132,128.12694639575,212.));
#10976 = VECTOR('',#10977,1.);
#10977 = DIRECTION('',(-0.866025403784,0.5,0.));
#10978 = ORIENTED_EDGE('',*,*,#10933,.T.);
#10979 = ORIENTED_EDGE('',*,*,#2821,.F.);
#10980 = ORIENTED_EDGE('',*,*,#10981,.F.);
#10981 = EDGE_CURVE('',#10972,#2814,#10982,.T.);
#10982 = LINE('',#10983,#10984);
#10983 = CARTESIAN_POINT('',(121.57883832488,112.01517244269,208.));
#10984 = VECTOR('',#10985,1.);
#10985 = DIRECTION('',(0.,0.,1.));
#10986 = PLANE('',#10987);
#10987 = AXIS2_PLACEMENT_3D('',#10988,#10989,#10990);
#10988 = CARTESIAN_POINT('',(116.82883832488,114.75758622134,208.));
#10989 = DIRECTION('',(0.5,0.866025403784,-0.));
#10990 = DIRECTION('',(0.866025403784,-0.5,0.));
#10991 = ADVANCED_FACE('',(#10992),#11010,.T.);
#10992 = FACE_BOUND('',#10993,.T.);
#10993 = EDGE_LOOP('',(#10994,#11002,#11008,#11009));
#10994 = ORIENTED_EDGE('',*,*,#10995,.T.);
#10995 = EDGE_CURVE('',#10948,#10996,#10998,.T.);
#10996 = VERTEX_POINT('',#10997);
#10997 = CARTESIAN_POINT('',(126.32883832488,114.75758622134,212.));
#10998 = LINE('',#10999,#11000);
#10999 = CARTESIAN_POINT('',(126.32883832488,84.378793110675,212.));
#11000 = VECTOR('',#11001,1.);
#11001 = DIRECTION('',(0.,-1.,0.));
#11002 = ORIENTED_EDGE('',*,*,#11003,.T.);
#11003 = EDGE_CURVE('',#10996,#2806,#11004,.T.);
#11004 = LINE('',#11005,#11006);
#11005 = CARTESIAN_POINT('',(126.32883832488,114.75758622134,208.));
#11006 = VECTOR('',#11007,1.);
#11007 = DIRECTION('',(0.,0.,1.));
#11008 = ORIENTED_EDGE('',*,*,#2805,.F.);
#11009 = ORIENTED_EDGE('',*,*,#10955,.F.);
#11010 = PLANE('',#11011);
#11011 = AXIS2_PLACEMENT_3D('',#11012,#11013,#11014);
#11012 = CARTESIAN_POINT('',(126.32883832488,114.75758622134,208.));
#11013 = DIRECTION('',(-1.,0.,0.));
#11014 = DIRECTION('',(0.,1.,0.));
#11015 = ADVANCED_FACE('',(#11016),#11027,.T.);
#11016 = FACE_BOUND('',#11017,.T.);
#11017 = EDGE_LOOP('',(#11018,#11024,#11025,#11026));
#11018 = ORIENTED_EDGE('',*,*,#11019,.T.);
#11019 = EDGE_CURVE('',#10996,#10972,#11020,.T.);
#11020 = LINE('',#11021,#11022);
#11021 = CARTESIAN_POINT('',(70.926120667976,82.770812268295,212.));
#11022 = VECTOR('',#11023,1.);
#11023 = DIRECTION('',(-0.866025403784,-0.5,0.));
#11024 = ORIENTED_EDGE('',*,*,#10981,.T.);
#11025 = ORIENTED_EDGE('',*,*,#2813,.F.);
#11026 = ORIENTED_EDGE('',*,*,#11003,.F.);
#11027 = PLANE('',#11028);
#11028 = AXIS2_PLACEMENT_3D('',#11029,#11030,#11031);
#11029 = CARTESIAN_POINT('',(121.57883832488,112.01517244269,208.));
#11030 = DIRECTION('',(-0.5,0.866025403784,0.));
#11031 = DIRECTION('',(0.866025403784,0.5,0.));
#11032 = ADVANCED_FACE('',(#11033),#11058,.T.);
#11033 = FACE_BOUND('',#11034,.T.);
#11034 = EDGE_LOOP('',(#11035,#11045,#11051,#11052));
#11035 = ORIENTED_EDGE('',*,*,#11036,.T.);
#11036 = EDGE_CURVE('',#11037,#11039,#11041,.T.);
#11037 = VERTEX_POINT('',#11038);
#11038 = CARTESIAN_POINT('',(102.53941916244,128.49241377865,212.));
#11039 = VERTEX_POINT('',#11040);
#11040 = CARTESIAN_POINT('',(107.28941916244,131.2348275573,212.));
#11041 = LINE('',#11042,#11043);
#11042 = CARTESIAN_POINT('',(57.834056296144,102.68176049357,212.));
#11043 = VECTOR('',#11044,1.);
#11044 = DIRECTION('',(0.866025403784,0.5,-0.));
#11045 = ORIENTED_EDGE('',*,*,#11046,.T.);
#11046 = EDGE_CURVE('',#11039,#2840,#11047,.T.);
#11047 = LINE('',#11048,#11049);
#11048 = CARTESIAN_POINT('',(107.28941916244,131.2348275573,208.));
#11049 = VECTOR('',#11050,1.);
#11050 = DIRECTION('',(0.,0.,1.));
#11051 = ORIENTED_EDGE('',*,*,#2837,.F.);
#11052 = ORIENTED_EDGE('',*,*,#11053,.F.);
#11053 = EDGE_CURVE('',#11037,#2838,#11054,.T.);
#11054 = LINE('',#11055,#11056);
#11055 = CARTESIAN_POINT('',(102.53941916244,128.49241377865,208.));
#11056 = VECTOR('',#11057,1.);
#11057 = DIRECTION('',(0.,0.,1.));
#11058 = PLANE('',#11059);
#11059 = AXIS2_PLACEMENT_3D('',#11060,#11061,#11062);
#11060 = CARTESIAN_POINT('',(107.28941916244,131.2348275573,208.));
#11061 = DIRECTION('',(0.5,-0.866025403784,0.));
#11062 = DIRECTION('',(-0.866025403784,-0.5,0.));
#11063 = ADVANCED_FACE('',(#11064),#11082,.T.);
#11064 = FACE_BOUND('',#11065,.T.);
#11065 = EDGE_LOOP('',(#11066,#11074,#11075,#11076));
#11066 = ORIENTED_EDGE('',*,*,#11067,.T.);
#11067 = EDGE_CURVE('',#11068,#11037,#11070,.T.);
#11068 = VERTEX_POINT('',#11069);
#11069 = CARTESIAN_POINT('',(102.53941916244,123.00758622134,212.));
#11070 = LINE('',#11071,#11072);
#11071 = CARTESIAN_POINT('',(102.53941916244,91.246206889325,212.));
#11072 = VECTOR('',#11073,1.);
#11073 = DIRECTION('',(-0.,1.,0.));
#11074 = ORIENTED_EDGE('',*,*,#11053,.T.);
#11075 = ORIENTED_EDGE('',*,*,#2879,.F.);
#11076 = ORIENTED_EDGE('',*,*,#11077,.F.);
#11077 = EDGE_CURVE('',#11068,#2872,#11078,.T.);
#11078 = LINE('',#11079,#11080);
#11079 = CARTESIAN_POINT('',(102.53941916244,123.00758622134,208.));
#11080 = VECTOR('',#11081,1.);
#11081 = DIRECTION('',(0.,0.,1.));
#11082 = PLANE('',#11083);
#11083 = AXIS2_PLACEMENT_3D('',#11084,#11085,#11086);
#11084 = CARTESIAN_POINT('',(102.53941916244,128.49241377865,208.));
#11085 = DIRECTION('',(1.,0.,-0.));
#11086 = DIRECTION('',(0.,-1.,0.));
#11087 = ADVANCED_FACE('',(#11088),#11106,.T.);
#11088 = FACE_BOUND('',#11089,.T.);
#11089 = EDGE_LOOP('',(#11090,#11098,#11104,#11105));
#11090 = ORIENTED_EDGE('',*,*,#11091,.T.);
#11091 = EDGE_CURVE('',#11039,#11092,#11094,.T.);
#11092 = VERTEX_POINT('',#11093);
#11093 = CARTESIAN_POINT('',(112.03941916244,128.49241377865,212.));
#11094 = LINE('',#11095,#11096);
#11095 = CARTESIAN_POINT('',(93.65271765691,139.10798084237,212.));
#11096 = VECTOR('',#11097,1.);
#11097 = DIRECTION('',(0.866025403784,-0.5,0.));
#11098 = ORIENTED_EDGE('',*,*,#11099,.T.);
#11099 = EDGE_CURVE('',#11092,#2848,#11100,.T.);
#11100 = LINE('',#11101,#11102);
#11101 = CARTESIAN_POINT('',(112.03941916244,128.49241377865,208.));
#11102 = VECTOR('',#11103,1.);
#11103 = DIRECTION('',(0.,0.,1.));
#11104 = ORIENTED_EDGE('',*,*,#2847,.F.);
#11105 = ORIENTED_EDGE('',*,*,#11046,.F.);
#11106 = PLANE('',#11107);
#11107 = AXIS2_PLACEMENT_3D('',#11108,#11109,#11110);
#11108 = CARTESIAN_POINT('',(112.03941916244,128.49241377865,208.));
#11109 = DIRECTION('',(-0.5,-0.866025403784,0.));
#11110 = DIRECTION('',(-0.866025403784,0.5,0.));
#11111 = ADVANCED_FACE('',(#11112),#11130,.T.);
#11112 = FACE_BOUND('',#11113,.T.);
#11113 = EDGE_LOOP('',(#11114,#11122,#11123,#11124));
#11114 = ORIENTED_EDGE('',*,*,#11115,.T.);
#11115 = EDGE_CURVE('',#11116,#11068,#11118,.T.);
#11116 = VERTEX_POINT('',#11117);
#11117 = CARTESIAN_POINT('',(107.28941916244,120.26517244269,212.));
#11118 = LINE('',#11119,#11120);
#11119 = CARTESIAN_POINT('',(86.52771765691,132.25194639575,212.));
#11120 = VECTOR('',#11121,1.);
#11121 = DIRECTION('',(-0.866025403784,0.5,0.));
#11122 = ORIENTED_EDGE('',*,*,#11077,.T.);
#11123 = ORIENTED_EDGE('',*,*,#2871,.F.);
#11124 = ORIENTED_EDGE('',*,*,#11125,.F.);
#11125 = EDGE_CURVE('',#11116,#2864,#11126,.T.);
#11126 = LINE('',#11127,#11128);
#11127 = CARTESIAN_POINT('',(107.28941916244,120.26517244269,208.));
#11128 = VECTOR('',#11129,1.);
#11129 = DIRECTION('',(0.,0.,1.));
#11130 = PLANE('',#11131);
#11131 = AXIS2_PLACEMENT_3D('',#11132,#11133,#11134);
#11132 = CARTESIAN_POINT('',(102.53941916244,123.00758622134,208.));
#11133 = DIRECTION('',(0.5,0.866025403784,-0.));
#11134 = DIRECTION('',(0.866025403784,-0.5,0.));
#11135 = ADVANCED_FACE('',(#11136),#11154,.T.);
#11136 = FACE_BOUND('',#11137,.T.);
#11137 = EDGE_LOOP('',(#11138,#11146,#11152,#11153));
#11138 = ORIENTED_EDGE('',*,*,#11139,.T.);
#11139 = EDGE_CURVE('',#11092,#11140,#11142,.T.);
#11140 = VERTEX_POINT('',#11141);
#11141 = CARTESIAN_POINT('',(112.03941916244,123.00758622134,212.));
#11142 = LINE('',#11143,#11144);
#11143 = CARTESIAN_POINT('',(112.03941916244,88.503793110675,212.));
#11144 = VECTOR('',#11145,1.);
#11145 = DIRECTION('',(0.,-1.,0.));
#11146 = ORIENTED_EDGE('',*,*,#11147,.T.);
#11147 = EDGE_CURVE('',#11140,#2856,#11148,.T.);
#11148 = LINE('',#11149,#11150);
#11149 = CARTESIAN_POINT('',(112.03941916244,123.00758622134,208.));
#11150 = VECTOR('',#11151,1.);
#11151 = DIRECTION('',(0.,0.,1.));
#11152 = ORIENTED_EDGE('',*,*,#2855,.F.);
#11153 = ORIENTED_EDGE('',*,*,#11099,.F.);
#11154 = PLANE('',#11155);
#11155 = AXIS2_PLACEMENT_3D('',#11156,#11157,#11158);
#11156 = CARTESIAN_POINT('',(112.03941916244,123.00758622134,208.));
#11157 = DIRECTION('',(-1.,0.,0.));
#11158 = DIRECTION('',(0.,1.,0.));
#11159 = ADVANCED_FACE('',(#11160),#11171,.T.);
#11160 = FACE_BOUND('',#11161,.T.);
#11161 = EDGE_LOOP('',(#11162,#11168,#11169,#11170));
#11162 = ORIENTED_EDGE('',*,*,#11163,.T.);
#11163 = EDGE_CURVE('',#11140,#11116,#11164,.T.);
#11164 = LINE('',#11165,#11166);
#11165 = CARTESIAN_POINT('',(60.209056296144,93.083312268295,212.));
#11166 = VECTOR('',#11167,1.);
#11167 = DIRECTION('',(-0.866025403784,-0.5,0.));
#11168 = ORIENTED_EDGE('',*,*,#11125,.T.);
#11169 = ORIENTED_EDGE('',*,*,#2863,.F.);
#11170 = ORIENTED_EDGE('',*,*,#11147,.F.);
#11171 = PLANE('',#11172);
#11172 = AXIS2_PLACEMENT_3D('',#11173,#11174,#11175);
#11173 = CARTESIAN_POINT('',(107.28941916244,120.26517244269,208.));
#11174 = DIRECTION('',(-0.5,0.866025403784,0.));
#11175 = DIRECTION('',(0.866025403784,0.5,0.));
#11176 = ADVANCED_FACE('',(#11177),#11202,.T.);
#11177 = FACE_BOUND('',#11178,.T.);
#11178 = EDGE_LOOP('',(#11179,#11189,#11195,#11196));
#11179 = ORIENTED_EDGE('',*,*,#11180,.T.);
#11180 = EDGE_CURVE('',#11181,#11183,#11185,.T.);
#11181 = VERTEX_POINT('',#11182);
#11182 = CARTESIAN_POINT('',(112.06569860407,128.49241377865,212.));
#11183 = VERTEX_POINT('',#11184);
#11184 = CARTESIAN_POINT('',(116.81569860407,131.2348275573,212.));
#11185 = LINE('',#11186,#11187);
#11186 = CARTESIAN_POINT('',(63.787980947162,100.61926049357,212.));
#11187 = VECTOR('',#11188,1.);
#11188 = DIRECTION('',(0.866025403784,0.5,-0.));
#11189 = ORIENTED_EDGE('',*,*,#11190,.T.);
#11190 = EDGE_CURVE('',#11183,#2890,#11191,.T.);
#11191 = LINE('',#11192,#11193);
#11192 = CARTESIAN_POINT('',(116.81569860407,131.2348275573,208.));
#11193 = VECTOR('',#11194,1.);
#11194 = DIRECTION('',(0.,0.,1.));
#11195 = ORIENTED_EDGE('',*,*,#2887,.F.);
#11196 = ORIENTED_EDGE('',*,*,#11197,.F.);
#11197 = EDGE_CURVE('',#11181,#2888,#11198,.T.);
#11198 = LINE('',#11199,#11200);
#11199 = CARTESIAN_POINT('',(112.06569860407,128.49241377865,208.));
#11200 = VECTOR('',#11201,1.);
#11201 = DIRECTION('',(0.,0.,1.));
#11202 = PLANE('',#11203);
#11203 = AXIS2_PLACEMENT_3D('',#11204,#11205,#11206);
#11204 = CARTESIAN_POINT('',(116.81569860407,131.2348275573,208.));
#11205 = DIRECTION('',(0.5,-0.866025403784,0.));
#11206 = DIRECTION('',(-0.866025403784,-0.5,0.));
#11207 = ADVANCED_FACE('',(#11208),#11226,.T.);
#11208 = FACE_BOUND('',#11209,.T.);
#11209 = EDGE_LOOP('',(#11210,#11218,#11219,#11220));
#11210 = ORIENTED_EDGE('',*,*,#11211,.T.);
#11211 = EDGE_CURVE('',#11212,#11181,#11214,.T.);
#11212 = VERTEX_POINT('',#11213);
#11213 = CARTESIAN_POINT('',(112.06569860407,123.00758622134,212.));
#11214 = LINE('',#11215,#11216);
#11215 = CARTESIAN_POINT('',(112.06569860407,91.246206889325,212.));
#11216 = VECTOR('',#11217,1.);
#11217 = DIRECTION('',(-0.,1.,0.));
#11218 = ORIENTED_EDGE('',*,*,#11197,.T.);
#11219 = ORIENTED_EDGE('',*,*,#2929,.F.);
#11220 = ORIENTED_EDGE('',*,*,#11221,.F.);
#11221 = EDGE_CURVE('',#11212,#2922,#11222,.T.);
#11222 = LINE('',#11223,#11224);
#11223 = CARTESIAN_POINT('',(112.06569860407,123.00758622134,208.));
#11224 = VECTOR('',#11225,1.);
#11225 = DIRECTION('',(0.,0.,1.));
#11226 = PLANE('',#11227);
#11227 = AXIS2_PLACEMENT_3D('',#11228,#11229,#11230);
#11228 = CARTESIAN_POINT('',(112.06569860407,128.49241377865,208.));
#11229 = DIRECTION('',(1.,0.,-0.));
#11230 = DIRECTION('',(0.,-1.,0.));
#11231 = ADVANCED_FACE('',(#11232),#11250,.T.);
#11232 = FACE_BOUND('',#11233,.T.);
#11233 = EDGE_LOOP('',(#11234,#11242,#11248,#11249));
#11234 = ORIENTED_EDGE('',*,*,#11235,.T.);
#11235 = EDGE_CURVE('',#11183,#11236,#11238,.T.);
#11236 = VERTEX_POINT('',#11237);
#11237 = CARTESIAN_POINT('',(121.56569860407,128.49241377865,212.));
#11238 = LINE('',#11239,#11240);
#11239 = CARTESIAN_POINT('',(99.606642307928,141.17048084237,212.));
#11240 = VECTOR('',#11241,1.);
#11241 = DIRECTION('',(0.866025403784,-0.5,0.));
#11242 = ORIENTED_EDGE('',*,*,#11243,.T.);
#11243 = EDGE_CURVE('',#11236,#2898,#11244,.T.);
#11244 = LINE('',#11245,#11246);
#11245 = CARTESIAN_POINT('',(121.56569860407,128.49241377865,208.));
#11246 = VECTOR('',#11247,1.);
#11247 = DIRECTION('',(0.,0.,1.));
#11248 = ORIENTED_EDGE('',*,*,#2897,.F.);
#11249 = ORIENTED_EDGE('',*,*,#11190,.F.);
#11250 = PLANE('',#11251);
#11251 = AXIS2_PLACEMENT_3D('',#11252,#11253,#11254);
#11252 = CARTESIAN_POINT('',(121.56569860407,128.49241377865,208.));
#11253 = DIRECTION('',(-0.5,-0.866025403784,0.));
#11254 = DIRECTION('',(-0.866025403784,0.5,0.));
#11255 = ADVANCED_FACE('',(#11256),#11274,.T.);
#11256 = FACE_BOUND('',#11257,.T.);
#11257 = EDGE_LOOP('',(#11258,#11266,#11267,#11268));
#11258 = ORIENTED_EDGE('',*,*,#11259,.T.);
#11259 = EDGE_CURVE('',#11260,#11212,#11262,.T.);
#11260 = VERTEX_POINT('',#11261);
#11261 = CARTESIAN_POINT('',(116.81569860407,120.26517244269,212.));
#11262 = LINE('',#11263,#11264);
#11263 = CARTESIAN_POINT('',(92.481642307928,134.31444639575,212.));
#11264 = VECTOR('',#11265,1.);
#11265 = DIRECTION('',(-0.866025403784,0.5,0.));
#11266 = ORIENTED_EDGE('',*,*,#11221,.T.);
#11267 = ORIENTED_EDGE('',*,*,#2921,.F.);
#11268 = ORIENTED_EDGE('',*,*,#11269,.F.);
#11269 = EDGE_CURVE('',#11260,#2914,#11270,.T.);
#11270 = LINE('',#11271,#11272);
#11271 = CARTESIAN_POINT('',(116.81569860407,120.26517244269,208.));
#11272 = VECTOR('',#11273,1.);
#11273 = DIRECTION('',(0.,0.,1.));
#11274 = PLANE('',#11275);
#11275 = AXIS2_PLACEMENT_3D('',#11276,#11277,#11278);
#11276 = CARTESIAN_POINT('',(112.06569860407,123.00758622134,208.));
#11277 = DIRECTION('',(0.5,0.866025403784,-0.));
#11278 = DIRECTION('',(0.866025403784,-0.5,0.));
#11279 = ADVANCED_FACE('',(#11280),#11298,.T.);
#11280 = FACE_BOUND('',#11281,.T.);
#11281 = EDGE_LOOP('',(#11282,#11290,#11296,#11297));
#11282 = ORIENTED_EDGE('',*,*,#11283,.T.);
#11283 = EDGE_CURVE('',#11236,#11284,#11286,.T.);
#11284 = VERTEX_POINT('',#11285);
#11285 = CARTESIAN_POINT('',(121.56569860407,123.00758622134,212.));
#11286 = LINE('',#11287,#11288);
#11287 = CARTESIAN_POINT('',(121.56569860407,88.503793110675,212.));
#11288 = VECTOR('',#11289,1.);
#11289 = DIRECTION('',(0.,-1.,0.));
#11290 = ORIENTED_EDGE('',*,*,#11291,.T.);
#11291 = EDGE_CURVE('',#11284,#2906,#11292,.T.);
#11292 = LINE('',#11293,#11294);
#11293 = CARTESIAN_POINT('',(121.56569860407,123.00758622134,208.));
#11294 = VECTOR('',#11295,1.);
#11295 = DIRECTION('',(0.,0.,1.));
#11296 = ORIENTED_EDGE('',*,*,#2905,.F.);
#11297 = ORIENTED_EDGE('',*,*,#11243,.F.);
#11298 = PLANE('',#11299);
#11299 = AXIS2_PLACEMENT_3D('',#11300,#11301,#11302);
#11300 = CARTESIAN_POINT('',(121.56569860407,123.00758622134,208.));
#11301 = DIRECTION('',(-1.,0.,0.));
#11302 = DIRECTION('',(0.,1.,0.));
#11303 = ADVANCED_FACE('',(#11304),#11315,.T.);
#11304 = FACE_BOUND('',#11305,.T.);
#11305 = EDGE_LOOP('',(#11306,#11312,#11313,#11314));
#11306 = ORIENTED_EDGE('',*,*,#11307,.T.);
#11307 = EDGE_CURVE('',#11284,#11260,#11308,.T.);
#11308 = LINE('',#11309,#11310);
#11309 = CARTESIAN_POINT('',(66.162980947162,91.020812268295,212.));
#11310 = VECTOR('',#11311,1.);
#11311 = DIRECTION('',(-0.866025403784,-0.5,0.));
#11312 = ORIENTED_EDGE('',*,*,#11269,.T.);
#11313 = ORIENTED_EDGE('',*,*,#2913,.F.);
#11314 = ORIENTED_EDGE('',*,*,#11291,.F.);
#11315 = PLANE('',#11316);
#11316 = AXIS2_PLACEMENT_3D('',#11317,#11318,#11319);
#11317 = CARTESIAN_POINT('',(116.81569860407,120.26517244269,208.));
#11318 = DIRECTION('',(-0.5,0.866025403784,0.));
#11319 = DIRECTION('',(0.866025403784,0.5,0.));
#11320 = ADVANCED_FACE('',(#11321),#11346,.T.);
#11321 = FACE_BOUND('',#11322,.T.);
#11322 = EDGE_LOOP('',(#11323,#11333,#11339,#11340));
#11323 = ORIENTED_EDGE('',*,*,#11324,.T.);
#11324 = EDGE_CURVE('',#11325,#11327,#11329,.T.);
#11325 = VERTEX_POINT('',#11326);
#11326 = CARTESIAN_POINT('',(88.25,136.74241377865,212.));
#11327 = VERTEX_POINT('',#11328);
#11328 = CARTESIAN_POINT('',(93.,139.4848275573,212.));
#11329 = LINE('',#11330,#11331);
#11330 = CARTESIAN_POINT('',(47.116991924311,112.99426049357,212.));
#11331 = VECTOR('',#11332,1.);
#11332 = DIRECTION('',(0.866025403784,0.5,-0.));
#11333 = ORIENTED_EDGE('',*,*,#11334,.T.);
#11334 = EDGE_CURVE('',#11327,#2940,#11335,.T.);
#11335 = LINE('',#11336,#11337);
#11336 = CARTESIAN_POINT('',(93.,139.4848275573,208.));
#11337 = VECTOR('',#11338,1.);
#11338 = DIRECTION('',(0.,0.,1.));
#11339 = ORIENTED_EDGE('',*,*,#2937,.F.);
#11340 = ORIENTED_EDGE('',*,*,#11341,.F.);
#11341 = EDGE_CURVE('',#11325,#2938,#11342,.T.);
#11342 = LINE('',#11343,#11344);
#11343 = CARTESIAN_POINT('',(88.25,136.74241377865,208.));
#11344 = VECTOR('',#11345,1.);
#11345 = DIRECTION('',(0.,0.,1.));
#11346 = PLANE('',#11347);
#11347 = AXIS2_PLACEMENT_3D('',#11348,#11349,#11350);
#11348 = CARTESIAN_POINT('',(93.,139.4848275573,208.));
#11349 = DIRECTION('',(0.5,-0.866025403784,0.));
#11350 = DIRECTION('',(-0.866025403784,-0.5,0.));
#11351 = ADVANCED_FACE('',(#11352),#11370,.T.);
#11352 = FACE_BOUND('',#11353,.T.);
#11353 = EDGE_LOOP('',(#11354,#11362,#11363,#11364));
#11354 = ORIENTED_EDGE('',*,*,#11355,.T.);
#11355 = EDGE_CURVE('',#11356,#11325,#11358,.T.);
#11356 = VERTEX_POINT('',#11357);
#11357 = CARTESIAN_POINT('',(88.25,131.25758622134,212.));
#11358 = LINE('',#11359,#11360);
#11359 = CARTESIAN_POINT('',(88.25,95.371206889325,212.));
#11360 = VECTOR('',#11361,1.);
#11361 = DIRECTION('',(-0.,1.,0.));
#11362 = ORIENTED_EDGE('',*,*,#11341,.T.);
#11363 = ORIENTED_EDGE('',*,*,#2979,.F.);
#11364 = ORIENTED_EDGE('',*,*,#11365,.F.);
#11365 = EDGE_CURVE('',#11356,#2972,#11366,.T.);
#11366 = LINE('',#11367,#11368);
#11367 = CARTESIAN_POINT('',(88.25,131.25758622134,208.));
#11368 = VECTOR('',#11369,1.);
#11369 = DIRECTION('',(0.,0.,1.));
#11370 = PLANE('',#11371);
#11371 = AXIS2_PLACEMENT_3D('',#11372,#11373,#11374);
#11372 = CARTESIAN_POINT('',(88.25,136.74241377865,208.));
#11373 = DIRECTION('',(1.,0.,-0.));
#11374 = DIRECTION('',(0.,-1.,0.));
#11375 = ADVANCED_FACE('',(#11376),#11394,.T.);
#11376 = FACE_BOUND('',#11377,.T.);
#11377 = EDGE_LOOP('',(#11378,#11386,#11392,#11393));
#11378 = ORIENTED_EDGE('',*,*,#11379,.T.);
#11379 = EDGE_CURVE('',#11327,#11380,#11382,.T.);
#11380 = VERTEX_POINT('',#11381);
#11381 = CARTESIAN_POINT('',(97.75,136.74241377865,212.));
#11382 = LINE('',#11383,#11384);
#11383 = CARTESIAN_POINT('',(86.508008075689,143.23298084237,212.));
#11384 = VECTOR('',#11385,1.);
#11385 = DIRECTION('',(0.866025403784,-0.5,0.));
#11386 = ORIENTED_EDGE('',*,*,#11387,.T.);
#11387 = EDGE_CURVE('',#11380,#2948,#11388,.T.);
#11388 = LINE('',#11389,#11390);
#11389 = CARTESIAN_POINT('',(97.75,136.74241377865,208.));
#11390 = VECTOR('',#11391,1.);
#11391 = DIRECTION('',(0.,0.,1.));
#11392 = ORIENTED_EDGE('',*,*,#2947,.F.);
#11393 = ORIENTED_EDGE('',*,*,#11334,.F.);
#11394 = PLANE('',#11395);
#11395 = AXIS2_PLACEMENT_3D('',#11396,#11397,#11398);
#11396 = CARTESIAN_POINT('',(97.75,136.74241377865,208.));
#11397 = DIRECTION('',(-0.5,-0.866025403784,0.));
#11398 = DIRECTION('',(-0.866025403784,0.5,0.));
#11399 = ADVANCED_FACE('',(#11400),#11418,.T.);
#11400 = FACE_BOUND('',#11401,.T.);
#11401 = EDGE_LOOP('',(#11402,#11410,#11411,#11412));
#11402 = ORIENTED_EDGE('',*,*,#11403,.T.);
#11403 = EDGE_CURVE('',#11404,#11356,#11406,.T.);
#11404 = VERTEX_POINT('',#11405);
#11405 = CARTESIAN_POINT('',(93.,128.51517244269,212.));
#11406 = LINE('',#11407,#11408);
#11407 = CARTESIAN_POINT('',(79.383008075689,136.37694639575,212.));
#11408 = VECTOR('',#11409,1.);
#11409 = DIRECTION('',(-0.866025403784,0.5,0.));
#11410 = ORIENTED_EDGE('',*,*,#11365,.T.);
#11411 = ORIENTED_EDGE('',*,*,#2971,.F.);
#11412 = ORIENTED_EDGE('',*,*,#11413,.F.);
#11413 = EDGE_CURVE('',#11404,#2964,#11414,.T.);
#11414 = LINE('',#11415,#11416);
#11415 = CARTESIAN_POINT('',(93.,128.51517244269,208.));
#11416 = VECTOR('',#11417,1.);
#11417 = DIRECTION('',(0.,0.,1.));
#11418 = PLANE('',#11419);
#11419 = AXIS2_PLACEMENT_3D('',#11420,#11421,#11422);
#11420 = CARTESIAN_POINT('',(88.25,131.25758622134,208.));
#11421 = DIRECTION('',(0.5,0.866025403784,-0.));
#11422 = DIRECTION('',(0.866025403784,-0.5,0.));
#11423 = ADVANCED_FACE('',(#11424),#11442,.T.);
#11424 = FACE_BOUND('',#11425,.T.);
#11425 = EDGE_LOOP('',(#11426,#11434,#11440,#11441));
#11426 = ORIENTED_EDGE('',*,*,#11427,.T.);
#11427 = EDGE_CURVE('',#11380,#11428,#11430,.T.);
#11428 = VERTEX_POINT('',#11429);
#11429 = CARTESIAN_POINT('',(97.75,131.25758622134,212.));
#11430 = LINE('',#11431,#11432);
#11431 = CARTESIAN_POINT('',(97.75,92.628793110675,212.));
#11432 = VECTOR('',#11433,1.);
#11433 = DIRECTION('',(0.,-1.,0.));
#11434 = ORIENTED_EDGE('',*,*,#11435,.T.);
#11435 = EDGE_CURVE('',#11428,#2956,#11436,.T.);
#11436 = LINE('',#11437,#11438);
#11437 = CARTESIAN_POINT('',(97.75,131.25758622134,208.));
#11438 = VECTOR('',#11439,1.);
#11439 = DIRECTION('',(0.,0.,1.));
#11440 = ORIENTED_EDGE('',*,*,#2955,.F.);
#11441 = ORIENTED_EDGE('',*,*,#11387,.F.);
#11442 = PLANE('',#11443);
#11443 = AXIS2_PLACEMENT_3D('',#11444,#11445,#11446);
#11444 = CARTESIAN_POINT('',(97.75,131.25758622134,208.));
#11445 = DIRECTION('',(-1.,0.,0.));
#11446 = DIRECTION('',(0.,1.,0.));
#11447 = ADVANCED_FACE('',(#11448),#11459,.T.);
#11448 = FACE_BOUND('',#11449,.T.);
#11449 = EDGE_LOOP('',(#11450,#11456,#11457,#11458));
#11450 = ORIENTED_EDGE('',*,*,#11451,.T.);
#11451 = EDGE_CURVE('',#11428,#11404,#11452,.T.);
#11452 = LINE('',#11453,#11454);
#11453 = CARTESIAN_POINT('',(49.491991924311,103.39581226829,212.));
#11454 = VECTOR('',#11455,1.);
#11455 = DIRECTION('',(-0.866025403784,-0.5,0.));
#11456 = ORIENTED_EDGE('',*,*,#11413,.T.);
#11457 = ORIENTED_EDGE('',*,*,#2963,.F.);
#11458 = ORIENTED_EDGE('',*,*,#11435,.F.);
#11459 = PLANE('',#11460);
#11460 = AXIS2_PLACEMENT_3D('',#11461,#11462,#11463);
#11461 = CARTESIAN_POINT('',(93.,128.51517244269,208.));
#11462 = DIRECTION('',(-0.5,0.866025403784,0.));
#11463 = DIRECTION('',(0.866025403784,0.5,0.));
#11464 = ADVANCED_FACE('',(#11465),#11490,.T.);
#11465 = FACE_BOUND('',#11466,.T.);
#11466 = EDGE_LOOP('',(#11467,#11477,#11483,#11484));
#11467 = ORIENTED_EDGE('',*,*,#11468,.T.);
#11468 = EDGE_CURVE('',#11469,#11471,#11473,.T.);
#11469 = VERTEX_POINT('',#11470);
#11470 = CARTESIAN_POINT('',(97.776279441629,136.74241377865,212.));
#11471 = VERTEX_POINT('',#11472);
#11472 = CARTESIAN_POINT('',(102.52627944162,139.4848275573,212.));
#11473 = LINE('',#11474,#11475);
#11474 = CARTESIAN_POINT('',(53.070916575329,110.93176049357,212.));
#11475 = VECTOR('',#11476,1.);
#11476 = DIRECTION('',(0.866025403784,0.5,-0.));
#11477 = ORIENTED_EDGE('',*,*,#11478,.T.);
#11478 = EDGE_CURVE('',#11471,#2990,#11479,.T.);
#11479 = LINE('',#11480,#11481);
#11480 = CARTESIAN_POINT('',(102.52627944162,139.4848275573,208.));
#11481 = VECTOR('',#11482,1.);
#11482 = DIRECTION('',(0.,0.,1.));
#11483 = ORIENTED_EDGE('',*,*,#2987,.F.);
#11484 = ORIENTED_EDGE('',*,*,#11485,.F.);
#11485 = EDGE_CURVE('',#11469,#2988,#11486,.T.);
#11486 = LINE('',#11487,#11488);
#11487 = CARTESIAN_POINT('',(97.776279441629,136.74241377865,208.));
#11488 = VECTOR('',#11489,1.);
#11489 = DIRECTION('',(0.,0.,1.));
#11490 = PLANE('',#11491);
#11491 = AXIS2_PLACEMENT_3D('',#11492,#11493,#11494);
#11492 = CARTESIAN_POINT('',(102.52627944162,139.4848275573,208.));
#11493 = DIRECTION('',(0.5,-0.866025403784,0.));
#11494 = DIRECTION('',(-0.866025403784,-0.5,0.));
#11495 = ADVANCED_FACE('',(#11496),#11514,.T.);
#11496 = FACE_BOUND('',#11497,.T.);
#11497 = EDGE_LOOP('',(#11498,#11506,#11507,#11508));
#11498 = ORIENTED_EDGE('',*,*,#11499,.T.);
#11499 = EDGE_CURVE('',#11500,#11469,#11502,.T.);
#11500 = VERTEX_POINT('',#11501);
#11501 = CARTESIAN_POINT('',(97.776279441629,131.25758622134,212.));
#11502 = LINE('',#11503,#11504);
#11503 = CARTESIAN_POINT('',(97.776279441629,95.371206889325,212.));
#11504 = VECTOR('',#11505,1.);
#11505 = DIRECTION('',(-0.,1.,0.));
#11506 = ORIENTED_EDGE('',*,*,#11485,.T.);
#11507 = ORIENTED_EDGE('',*,*,#3029,.F.);
#11508 = ORIENTED_EDGE('',*,*,#11509,.F.);
#11509 = EDGE_CURVE('',#11500,#3022,#11510,.T.);
#11510 = LINE('',#11511,#11512);
#11511 = CARTESIAN_POINT('',(97.776279441629,131.25758622134,208.));
#11512 = VECTOR('',#11513,1.);
#11513 = DIRECTION('',(0.,0.,1.));
#11514 = PLANE('',#11515);
#11515 = AXIS2_PLACEMENT_3D('',#11516,#11517,#11518);
#11516 = CARTESIAN_POINT('',(97.776279441629,136.74241377865,208.));
#11517 = DIRECTION('',(1.,0.,-0.));
#11518 = DIRECTION('',(0.,-1.,0.));
#11519 = ADVANCED_FACE('',(#11520),#11538,.T.);
#11520 = FACE_BOUND('',#11521,.T.);
#11521 = EDGE_LOOP('',(#11522,#11530,#11536,#11537));
#11522 = ORIENTED_EDGE('',*,*,#11523,.T.);
#11523 = EDGE_CURVE('',#11471,#11524,#11526,.T.);
#11524 = VERTEX_POINT('',#11525);
#11525 = CARTESIAN_POINT('',(107.27627944162,136.74241377865,212.));
#11526 = LINE('',#11527,#11528);
#11527 = CARTESIAN_POINT('',(92.461932726707,145.29548084237,212.));
#11528 = VECTOR('',#11529,1.);
#11529 = DIRECTION('',(0.866025403784,-0.5,0.));
#11530 = ORIENTED_EDGE('',*,*,#11531,.T.);
#11531 = EDGE_CURVE('',#11524,#2998,#11532,.T.);
#11532 = LINE('',#11533,#11534);
#11533 = CARTESIAN_POINT('',(107.27627944162,136.74241377865,208.));
#11534 = VECTOR('',#11535,1.);
#11535 = DIRECTION('',(0.,0.,1.));
#11536 = ORIENTED_EDGE('',*,*,#2997,.F.);
#11537 = ORIENTED_EDGE('',*,*,#11478,.F.);
#11538 = PLANE('',#11539);
#11539 = AXIS2_PLACEMENT_3D('',#11540,#11541,#11542);
#11540 = CARTESIAN_POINT('',(107.27627944162,136.74241377865,208.));
#11541 = DIRECTION('',(-0.5,-0.866025403784,0.));
#11542 = DIRECTION('',(-0.866025403784,0.5,0.));
#11543 = ADVANCED_FACE('',(#11544),#11562,.T.);
#11544 = FACE_BOUND('',#11545,.T.);
#11545 = EDGE_LOOP('',(#11546,#11554,#11555,#11556));
#11546 = ORIENTED_EDGE('',*,*,#11547,.T.);
#11547 = EDGE_CURVE('',#11548,#11500,#11550,.T.);
#11548 = VERTEX_POINT('',#11549);
#11549 = CARTESIAN_POINT('',(102.52627944162,128.51517244269,212.));
#11550 = LINE('',#11551,#11552);
#11551 = CARTESIAN_POINT('',(85.336932726707,138.43944639575,212.));
#11552 = VECTOR('',#11553,1.);
#11553 = DIRECTION('',(-0.866025403784,0.5,0.));
#11554 = ORIENTED_EDGE('',*,*,#11509,.T.);
#11555 = ORIENTED_EDGE('',*,*,#3021,.F.);
#11556 = ORIENTED_EDGE('',*,*,#11557,.F.);
#11557 = EDGE_CURVE('',#11548,#3014,#11558,.T.);
#11558 = LINE('',#11559,#11560);
#11559 = CARTESIAN_POINT('',(102.52627944162,128.51517244269,208.));
#11560 = VECTOR('',#11561,1.);
#11561 = DIRECTION('',(0.,0.,1.));
#11562 = PLANE('',#11563);
#11563 = AXIS2_PLACEMENT_3D('',#11564,#11565,#11566);
#11564 = CARTESIAN_POINT('',(97.776279441629,131.25758622134,208.));
#11565 = DIRECTION('',(0.5,0.866025403784,-0.));
#11566 = DIRECTION('',(0.866025403784,-0.5,0.));
#11567 = ADVANCED_FACE('',(#11568),#11586,.T.);
#11568 = FACE_BOUND('',#11569,.T.);
#11569 = EDGE_LOOP('',(#11570,#11578,#11584,#11585));
#11570 = ORIENTED_EDGE('',*,*,#11571,.T.);
#11571 = EDGE_CURVE('',#11524,#11572,#11574,.T.);
#11572 = VERTEX_POINT('',#11573);
#11573 = CARTESIAN_POINT('',(107.27627944162,131.25758622134,212.));
#11574 = LINE('',#11575,#11576);
#11575 = CARTESIAN_POINT('',(107.27627944162,92.628793110675,212.));
#11576 = VECTOR('',#11577,1.);
#11577 = DIRECTION('',(0.,-1.,0.));
#11578 = ORIENTED_EDGE('',*,*,#11579,.T.);
#11579 = EDGE_CURVE('',#11572,#3006,#11580,.T.);
#11580 = LINE('',#11581,#11582);
#11581 = CARTESIAN_POINT('',(107.27627944162,131.25758622134,208.));
#11582 = VECTOR('',#11583,1.);
#11583 = DIRECTION('',(0.,0.,1.));
#11584 = ORIENTED_EDGE('',*,*,#3005,.F.);
#11585 = ORIENTED_EDGE('',*,*,#11531,.F.);
#11586 = PLANE('',#11587);
#11587 = AXIS2_PLACEMENT_3D('',#11588,#11589,#11590);
#11588 = CARTESIAN_POINT('',(107.27627944162,131.25758622134,208.));
#11589 = DIRECTION('',(-1.,0.,0.));
#11590 = DIRECTION('',(0.,1.,0.));
#11591 = ADVANCED_FACE('',(#11592),#11603,.T.);
#11592 = FACE_BOUND('',#11593,.T.);
#11593 = EDGE_LOOP('',(#11594,#11600,#11601,#11602));
#11594 = ORIENTED_EDGE('',*,*,#11595,.T.);
#11595 = EDGE_CURVE('',#11572,#11548,#11596,.T.);
#11596 = LINE('',#11597,#11598);
#11597 = CARTESIAN_POINT('',(55.445916575329,101.33331226829,212.));
#11598 = VECTOR('',#11599,1.);
#11599 = DIRECTION('',(-0.866025403784,-0.5,0.));
#11600 = ORIENTED_EDGE('',*,*,#11557,.T.);
#11601 = ORIENTED_EDGE('',*,*,#3013,.F.);
#11602 = ORIENTED_EDGE('',*,*,#11579,.F.);
#11603 = PLANE('',#11604);
#11604 = AXIS2_PLACEMENT_3D('',#11605,#11606,#11607);
#11605 = CARTESIAN_POINT('',(102.52627944162,128.51517244269,208.));
#11606 = DIRECTION('',(-0.5,0.866025403784,0.));
#11607 = DIRECTION('',(0.866025403784,0.5,0.));
#11608 = ADVANCED_FACE('',(#11609),#11628,.F.);
#11609 = FACE_BOUND('',#11610,.F.);
#11610 = EDGE_LOOP('',(#11611,#11612,#11620,#11627));
#11611 = ORIENTED_EDGE('',*,*,#3037,.F.);
#11612 = ORIENTED_EDGE('',*,*,#11613,.F.);
#11613 = EDGE_CURVE('',#11614,#3038,#11616,.T.);
#11614 = VERTEX_POINT('',#11615);
#11615 = CARTESIAN_POINT('',(136.35,142.25,212.));
#11616 = LINE('',#11617,#11618);
#11617 = CARTESIAN_POINT('',(136.35,142.25,208.));
#11618 = VECTOR('',#11619,1.);
#11619 = DIRECTION('',(0.,0.,1.));
#11620 = ORIENTED_EDGE('',*,*,#11621,.T.);
#11621 = EDGE_CURVE('',#11614,#11614,#11622,.T.);
#11622 = CIRCLE('',#11623,2.1);
#11623 = AXIS2_PLACEMENT_3D('',#11624,#11625,#11626);
#11624 = CARTESIAN_POINT('',(134.25,142.25,212.));
#11625 = DIRECTION('',(0.,0.,1.));
#11626 = DIRECTION('',(1.,0.,-0.));
#11627 = ORIENTED_EDGE('',*,*,#11613,.T.);
#11628 = CYLINDRICAL_SURFACE('',#11629,2.1);
#11629 = AXIS2_PLACEMENT_3D('',#11630,#11631,#11632);
#11630 = CARTESIAN_POINT('',(134.25,142.25,208.));
#11631 = DIRECTION('',(0.,0.,1.));
#11632 = DIRECTION('',(1.,0.,-0.));
#11633 = ADVANCED_FACE('',(#11634),#11659,.T.);
#11634 = FACE_BOUND('',#11635,.T.);
#11635 = EDGE_LOOP('',(#11636,#11644,#11652,#11658));
#11636 = ORIENTED_EDGE('',*,*,#11637,.F.);
#11637 = EDGE_CURVE('',#11638,#3049,#11640,.T.);
#11638 = VERTEX_POINT('',#11639);
#11639 = CARTESIAN_POINT('',(160.,126.,212.));
#11640 = LINE('',#11641,#11642);
#11641 = CARTESIAN_POINT('',(160.,126.,208.));
#11642 = VECTOR('',#11643,1.);
#11643 = DIRECTION('',(0.,0.,1.));
#11644 = ORIENTED_EDGE('',*,*,#11645,.T.);
#11645 = EDGE_CURVE('',#11638,#11646,#11648,.T.);
#11646 = VERTEX_POINT('',#11647);
#11647 = CARTESIAN_POINT('',(142.,126.,212.));
#11648 = LINE('',#11649,#11650);
#11649 = CARTESIAN_POINT('',(81.,126.,212.));
#11650 = VECTOR('',#11651,1.);
#11651 = DIRECTION('',(-1.,-0.,0.));
#11652 = ORIENTED_EDGE('',*,*,#11653,.T.);
#11653 = EDGE_CURVE('',#11646,#3051,#11654,.T.);
#11654 = LINE('',#11655,#11656);
#11655 = CARTESIAN_POINT('',(142.,126.,208.));
#11656 = VECTOR('',#11657,1.);
#11657 = DIRECTION('',(0.,0.,1.));
#11658 = ORIENTED_EDGE('',*,*,#3048,.F.);
#11659 = PLANE('',#11660);
#11660 = AXIS2_PLACEMENT_3D('',#11661,#11662,#11663);
#11661 = CARTESIAN_POINT('',(142.,126.,208.));
#11662 = DIRECTION('',(-0.,1.,0.));
#11663 = DIRECTION('',(0.,0.,1.));
#11664 = ADVANCED_FACE('',(#11665),#11683,.F.);
#11665 = FACE_BOUND('',#11666,.F.);
#11666 = EDGE_LOOP('',(#11667,#11668,#11676,#11682));
#11667 = ORIENTED_EDGE('',*,*,#11637,.F.);
#11668 = ORIENTED_EDGE('',*,*,#11669,.T.);
#11669 = EDGE_CURVE('',#11638,#11670,#11672,.T.);
#11670 = VERTEX_POINT('',#11671);
#11671 = CARTESIAN_POINT('',(160.,140.,212.));
#11672 = LINE('',#11673,#11674);
#11673 = CARTESIAN_POINT('',(160.,90.,212.));
#11674 = VECTOR('',#11675,1.);
#11675 = DIRECTION('',(-0.,1.,0.));
#11676 = ORIENTED_EDGE('',*,*,#11677,.T.);
#11677 = EDGE_CURVE('',#11670,#3067,#11678,.T.);
#11678 = LINE('',#11679,#11680);
#11679 = CARTESIAN_POINT('',(160.,140.,208.));
#11680 = VECTOR('',#11681,1.);
#11681 = DIRECTION('',(0.,0.,1.));
#11682 = ORIENTED_EDGE('',*,*,#3074,.F.);
#11683 = PLANE('',#11684);
#11684 = AXIS2_PLACEMENT_3D('',#11685,#11686,#11687);
#11685 = CARTESIAN_POINT('',(160.,126.,208.));
#11686 = DIRECTION('',(1.,0.,-0.));
#11687 = DIRECTION('',(0.,0.,1.));
#11688 = ADVANCED_FACE('',(#11689),#11707,.F.);
#11689 = FACE_BOUND('',#11690,.F.);
#11690 = EDGE_LOOP('',(#11691,#11692,#11700,#11706));
#11691 = ORIENTED_EDGE('',*,*,#11677,.F.);
#11692 = ORIENTED_EDGE('',*,*,#11693,.T.);
#11693 = EDGE_CURVE('',#11670,#11694,#11696,.T.);
#11694 = VERTEX_POINT('',#11695);
#11695 = CARTESIAN_POINT('',(142.,140.,212.));
#11696 = LINE('',#11697,#11698);
#11697 = CARTESIAN_POINT('',(81.,140.,212.));
#11698 = VECTOR('',#11699,1.);
#11699 = DIRECTION('',(-1.,-0.,0.));
#11700 = ORIENTED_EDGE('',*,*,#11701,.T.);
#11701 = EDGE_CURVE('',#11694,#3059,#11702,.T.);
#11702 = LINE('',#11703,#11704);
#11703 = CARTESIAN_POINT('',(142.,140.,208.));
#11704 = VECTOR('',#11705,1.);
#11705 = DIRECTION('',(0.,0.,1.));
#11706 = ORIENTED_EDGE('',*,*,#3066,.F.);
#11707 = PLANE('',#11708);
#11708 = AXIS2_PLACEMENT_3D('',#11709,#11710,#11711);
#11709 = CARTESIAN_POINT('',(142.,140.,208.));
#11710 = DIRECTION('',(-0.,1.,0.));
#11711 = DIRECTION('',(0.,0.,1.));
#11712 = ADVANCED_FACE('',(#11713),#11724,.T.);
#11713 = FACE_BOUND('',#11714,.T.);
#11714 = EDGE_LOOP('',(#11715,#11716,#11722,#11723));
#11715 = ORIENTED_EDGE('',*,*,#11653,.F.);
#11716 = ORIENTED_EDGE('',*,*,#11717,.T.);
#11717 = EDGE_CURVE('',#11646,#11694,#11718,.T.);
#11718 = LINE('',#11719,#11720);
#11719 = CARTESIAN_POINT('',(142.,90.,212.));
#11720 = VECTOR('',#11721,1.);
#11721 = DIRECTION('',(-0.,1.,0.));
#11722 = ORIENTED_EDGE('',*,*,#11701,.T.);
#11723 = ORIENTED_EDGE('',*,*,#3058,.F.);
#11724 = PLANE('',#11725);
#11725 = AXIS2_PLACEMENT_3D('',#11726,#11727,#11728);
#11726 = CARTESIAN_POINT('',(142.,126.,208.));
#11727 = DIRECTION('',(1.,0.,-0.));
#11728 = DIRECTION('',(0.,0.,1.));
#11729 = ADVANCED_FACE('',(#11730),#11748,.T.);
#11730 = FACE_BOUND('',#11731,.T.);
#11731 = EDGE_LOOP('',(#11732,#11740,#11741,#11742));
#11732 = ORIENTED_EDGE('',*,*,#11733,.F.);
#11733 = EDGE_CURVE('',#3187,#11734,#11736,.T.);
#11734 = VERTEX_POINT('',#11735);
#11735 = CARTESIAN_POINT('',(186.,151.5,133.5));
#11736 = LINE('',#11737,#11738);
#11737 = CARTESIAN_POINT('',(0.,151.5,133.5));
#11738 = VECTOR('',#11739,1.);
#11739 = DIRECTION('',(1.,0.,-0.));
#11740 = ORIENTED_EDGE('',*,*,#3194,.T.);
#11741 = ORIENTED_EDGE('',*,*,#3088,.T.);
#11742 = ORIENTED_EDGE('',*,*,#11743,.F.);
#11743 = EDGE_CURVE('',#11734,#3089,#11744,.T.);
#11744 = LINE('',#11745,#11746);
#11745 = CARTESIAN_POINT('',(186.,151.5,133.5));
#11746 = VECTOR('',#11747,1.);
#11747 = DIRECTION('',(0.,0.,1.));
#11748 = PLANE('',#11749);
#11749 = AXIS2_PLACEMENT_3D('',#11750,#11751,#11752);
#11750 = CARTESIAN_POINT('',(0.,151.5,133.5));
#11751 = DIRECTION('',(-0.,1.,0.));
#11752 = DIRECTION('',(0.,0.,1.));
#11753 = ADVANCED_FACE('',(#11754),#11795,.F.);
#11754 = FACE_BOUND('',#11755,.F.);
#11755 = EDGE_LOOP('',(#11756,#11764,#11772,#11780,#11788,#11794));
#11756 = ORIENTED_EDGE('',*,*,#11757,.F.);
#11757 = EDGE_CURVE('',#11758,#3107,#11760,.T.);
#11758 = VERTEX_POINT('',#11759);
#11759 = CARTESIAN_POINT('',(21.1,149.7,209.5));
#11760 = LINE('',#11761,#11762);
#11761 = CARTESIAN_POINT('',(21.1,149.7,209.5));
#11762 = VECTOR('',#11763,1.);
#11763 = DIRECTION('',(-0.,1.,0.));
#11764 = ORIENTED_EDGE('',*,*,#11765,.T.);
#11765 = EDGE_CURVE('',#11758,#11766,#11768,.T.);
#11766 = VERTEX_POINT('',#11767);
#11767 = CARTESIAN_POINT('',(85.5,149.7,209.5));
#11768 = LINE('',#11769,#11770);
#11769 = CARTESIAN_POINT('',(21.1,149.7,209.5));
#11770 = VECTOR('',#11771,1.);
#11771 = DIRECTION('',(1.,0.,-0.));
#11772 = ORIENTED_EDGE('',*,*,#11773,.T.);
#11773 = EDGE_CURVE('',#11766,#11774,#11776,.T.);
#11774 = VERTEX_POINT('',#11775);
#11775 = CARTESIAN_POINT('',(85.5,150.5,209.5));
#11776 = LINE('',#11777,#11778);
#11777 = CARTESIAN_POINT('',(85.5,149.1,209.5));
#11778 = VECTOR('',#11779,1.);
#11779 = DIRECTION('',(-0.,1.,0.));
#11780 = ORIENTED_EDGE('',*,*,#11781,.T.);
#11781 = EDGE_CURVE('',#11774,#11782,#11784,.T.);
#11782 = VERTEX_POINT('',#11783);
#11783 = CARTESIAN_POINT('',(85.,150.5,209.5));
#11784 = LINE('',#11785,#11786);
#11785 = CARTESIAN_POINT('',(53.05,150.5,209.5));
#11786 = VECTOR('',#11787,1.);
#11787 = DIRECTION('',(-1.,-0.,0.));
#11788 = ORIENTED_EDGE('',*,*,#11789,.T.);
#11789 = EDGE_CURVE('',#11782,#3109,#11790,.T.);
#11790 = LINE('',#11791,#11792);
#11791 = CARTESIAN_POINT('',(85.,150.1,209.5));
#11792 = VECTOR('',#11793,1.);
#11793 = DIRECTION('',(-0.,1.,0.));
#11794 = ORIENTED_EDGE('',*,*,#3106,.F.);
#11795 = PLANE('',#11796);
#11796 = AXIS2_PLACEMENT_3D('',#11797,#11798,#11799);
#11797 = CARTESIAN_POINT('',(21.1,149.7,209.5));
#11798 = DIRECTION('',(0.,0.,1.));
#11799 = DIRECTION('',(1.,0.,-0.));
#11800 = ADVANCED_FACE('',(#11801),#11819,.T.);
#11801 = FACE_BOUND('',#11802,.T.);
#11802 = EDGE_LOOP('',(#11803,#11811,#11812,#11813));
#11803 = ORIENTED_EDGE('',*,*,#11804,.F.);
#11804 = EDGE_CURVE('',#11782,#11805,#11807,.T.);
#11805 = VERTEX_POINT('',#11806);
#11806 = CARTESIAN_POINT('',(85.,150.5,212.));
#11807 = LINE('',#11808,#11809);
#11808 = CARTESIAN_POINT('',(85.,150.5,208.5));
#11809 = VECTOR('',#11810,1.);
#11810 = DIRECTION('',(0.,0.,1.));
#11811 = ORIENTED_EDGE('',*,*,#11789,.T.);
#11812 = ORIENTED_EDGE('',*,*,#3164,.F.);
#11813 = ORIENTED_EDGE('',*,*,#11814,.F.);
#11814 = EDGE_CURVE('',#11805,#3157,#11815,.T.);
#11815 = LINE('',#11816,#11817);
#11816 = CARTESIAN_POINT('',(85.,150.5,212.));
#11817 = VECTOR('',#11818,1.);
#11818 = DIRECTION('',(-0.,1.,0.));
#11819 = PLANE('',#11820);
#11820 = AXIS2_PLACEMENT_3D('',#11821,#11822,#11823);
#11821 = CARTESIAN_POINT('',(85.,150.5,208.5));
#11822 = DIRECTION('',(1.,0.,-0.));
#11823 = DIRECTION('',(0.,0.,1.));
#11824 = ADVANCED_FACE('',(#11825),#11843,.F.);
#11825 = FACE_BOUND('',#11826,.F.);
#11826 = EDGE_LOOP('',(#11827,#11828,#11836,#11842));
#11827 = ORIENTED_EDGE('',*,*,#11814,.F.);
#11828 = ORIENTED_EDGE('',*,*,#11829,.T.);
#11829 = EDGE_CURVE('',#11805,#11830,#11832,.T.);
#11830 = VERTEX_POINT('',#11831);
#11831 = CARTESIAN_POINT('',(101.,150.5,212.));
#11832 = LINE('',#11833,#11834);
#11833 = CARTESIAN_POINT('',(85.,150.5,212.));
#11834 = VECTOR('',#11835,1.);
#11835 = DIRECTION('',(1.,0.,-0.));
#11836 = ORIENTED_EDGE('',*,*,#11837,.T.);
#11837 = EDGE_CURVE('',#11830,#3149,#11838,.T.);
#11838 = LINE('',#11839,#11840);
#11839 = CARTESIAN_POINT('',(101.,150.5,212.));
#11840 = VECTOR('',#11841,1.);
#11841 = DIRECTION('',(-0.,1.,0.));
#11842 = ORIENTED_EDGE('',*,*,#3156,.F.);
#11843 = PLANE('',#11844);
#11844 = AXIS2_PLACEMENT_3D('',#11845,#11846,#11847);
#11845 = CARTESIAN_POINT('',(85.,150.5,212.));
#11846 = DIRECTION('',(0.,0.,1.));
#11847 = DIRECTION('',(1.,0.,-0.));
#11848 = ADVANCED_FACE('',(#11849),#11867,.F.);
#11849 = FACE_BOUND('',#11850,.F.);
#11850 = EDGE_LOOP('',(#11851,#11859,#11865,#11866));
#11851 = ORIENTED_EDGE('',*,*,#11852,.F.);
#11852 = EDGE_CURVE('',#11853,#11830,#11855,.T.);
#11853 = VERTEX_POINT('',#11854);
#11854 = CARTESIAN_POINT('',(101.,150.5,209.5));
#11855 = LINE('',#11856,#11857);
#11856 = CARTESIAN_POINT('',(101.,150.5,208.5));
#11857 = VECTOR('',#11858,1.);
#11858 = DIRECTION('',(0.,0.,1.));
#11859 = ORIENTED_EDGE('',*,*,#11860,.T.);
#11860 = EDGE_CURVE('',#11853,#3141,#11861,.T.);
#11861 = LINE('',#11862,#11863);
#11862 = CARTESIAN_POINT('',(101.,150.1,209.5));
#11863 = VECTOR('',#11864,1.);
#11864 = DIRECTION('',(-0.,1.,0.));
#11865 = ORIENTED_EDGE('',*,*,#3148,.F.);
#11866 = ORIENTED_EDGE('',*,*,#11837,.F.);
#11867 = PLANE('',#11868);
#11868 = AXIS2_PLACEMENT_3D('',#11869,#11870,#11871);
#11869 = CARTESIAN_POINT('',(101.,150.5,208.5));
#11870 = DIRECTION('',(1.,0.,-0.));
#11871 = DIRECTION('',(0.,0.,1.));
#11872 = ADVANCED_FACE('',(#11873),#11907,.F.);
#11873 = FACE_BOUND('',#11874,.F.);
#11874 = EDGE_LOOP('',(#11875,#11885,#11893,#11899,#11900,#11901));
#11875 = ORIENTED_EDGE('',*,*,#11876,.F.);
#11876 = EDGE_CURVE('',#11877,#11879,#11881,.T.);
#11877 = VERTEX_POINT('',#11878);
#11878 = CARTESIAN_POINT('',(100.5,149.7,209.5));
#11879 = VERTEX_POINT('',#11880);
#11880 = CARTESIAN_POINT('',(100.5,150.5,209.5));
#11881 = LINE('',#11882,#11883);
#11882 = CARTESIAN_POINT('',(100.5,149.1,209.5));
#11883 = VECTOR('',#11884,1.);
#11884 = DIRECTION('',(-0.,1.,0.));
#11885 = ORIENTED_EDGE('',*,*,#11886,.T.);
#11886 = EDGE_CURVE('',#11877,#11887,#11889,.T.);
#11887 = VERTEX_POINT('',#11888);
#11888 = CARTESIAN_POINT('',(164.9,149.7,209.5));
#11889 = LINE('',#11890,#11891);
#11890 = CARTESIAN_POINT('',(21.1,149.7,209.5));
#11891 = VECTOR('',#11892,1.);
#11892 = DIRECTION('',(1.,0.,-0.));
#11893 = ORIENTED_EDGE('',*,*,#11894,.T.);
#11894 = EDGE_CURVE('',#11887,#3133,#11895,.T.);
#11895 = LINE('',#11896,#11897);
#11896 = CARTESIAN_POINT('',(164.9,149.7,209.5));
#11897 = VECTOR('',#11898,1.);
#11898 = DIRECTION('',(-0.,1.,0.));
#11899 = ORIENTED_EDGE('',*,*,#3140,.F.);
#11900 = ORIENTED_EDGE('',*,*,#11860,.F.);
#11901 = ORIENTED_EDGE('',*,*,#11902,.T.);
#11902 = EDGE_CURVE('',#11853,#11879,#11903,.T.);
#11903 = LINE('',#11904,#11905);
#11904 = CARTESIAN_POINT('',(53.05,150.5,209.5));
#11905 = VECTOR('',#11906,1.);
#11906 = DIRECTION('',(-1.,-0.,0.));
#11907 = PLANE('',#11908);
#11908 = AXIS2_PLACEMENT_3D('',#11909,#11910,#11911);
#11909 = CARTESIAN_POINT('',(21.1,149.7,209.5));
#11910 = DIRECTION('',(0.,0.,1.));
#11911 = DIRECTION('',(1.,0.,-0.));
#11912 = ADVANCED_FACE('',(#11913),#11931,.F.);
#11913 = FACE_BOUND('',#11914,.F.);
#11914 = EDGE_LOOP('',(#11915,#11916,#11924,#11930));
#11915 = ORIENTED_EDGE('',*,*,#11894,.F.);
#11916 = ORIENTED_EDGE('',*,*,#11917,.F.);
#11917 = EDGE_CURVE('',#11918,#11887,#11920,.T.);
#11918 = VERTEX_POINT('',#11919);
#11919 = CARTESIAN_POINT('',(164.9,149.7,165.));
#11920 = LINE('',#11921,#11922);
#11921 = CARTESIAN_POINT('',(164.9,149.7,165.));
#11922 = VECTOR('',#11923,1.);
#11923 = DIRECTION('',(0.,0.,1.));
#11924 = ORIENTED_EDGE('',*,*,#11925,.T.);
#11925 = EDGE_CURVE('',#11918,#3125,#11926,.T.);
#11926 = LINE('',#11927,#11928);
#11927 = CARTESIAN_POINT('',(164.9,149.7,165.));
#11928 = VECTOR('',#11929,1.);
#11929 = DIRECTION('',(-0.,1.,0.));
#11930 = ORIENTED_EDGE('',*,*,#3132,.F.);
#11931 = PLANE('',#11932);
#11932 = AXIS2_PLACEMENT_3D('',#11933,#11934,#11935);
#11933 = CARTESIAN_POINT('',(164.9,149.7,165.));
#11934 = DIRECTION('',(1.,0.,-0.));
#11935 = DIRECTION('',(0.,0.,1.));
#11936 = ADVANCED_FACE('',(#11937),#12019,.T.);
#11937 = FACE_BOUND('',#11938,.T.);
#11938 = EDGE_LOOP('',(#11939,#11947,#11955,#11963,#11971,#11979,#11987,
    #11995,#12003,#12011,#12017,#12018));
#11939 = ORIENTED_EDGE('',*,*,#11940,.F.);
#11940 = EDGE_CURVE('',#11941,#3117,#11943,.T.);
#11941 = VERTEX_POINT('',#11942);
#11942 = CARTESIAN_POINT('',(21.1,149.7,165.));
#11943 = LINE('',#11944,#11945);
#11944 = CARTESIAN_POINT('',(21.1,149.7,165.));
#11945 = VECTOR('',#11946,1.);
#11946 = DIRECTION('',(-0.,1.,0.));
#11947 = ORIENTED_EDGE('',*,*,#11948,.T.);
#11948 = EDGE_CURVE('',#11941,#11949,#11951,.T.);
#11949 = VERTEX_POINT('',#11950);
#11950 = CARTESIAN_POINT('',(42.5,149.7,165.));
#11951 = LINE('',#11952,#11953);
#11952 = CARTESIAN_POINT('',(21.1,149.7,165.));
#11953 = VECTOR('',#11954,1.);
#11954 = DIRECTION('',(1.,0.,-0.));
#11955 = ORIENTED_EDGE('',*,*,#11956,.T.);
#11956 = EDGE_CURVE('',#11949,#11957,#11959,.T.);
#11957 = VERTEX_POINT('',#11958);
#11958 = CARTESIAN_POINT('',(42.5,149.8,165.));
#11959 = LINE('',#11960,#11961);
#11960 = CARTESIAN_POINT('',(42.5,148.85,165.));
#11961 = VECTOR('',#11962,1.);
#11962 = DIRECTION('',(-0.,1.,0.));
#11963 = ORIENTED_EDGE('',*,*,#11964,.F.);
#11964 = EDGE_CURVE('',#11965,#11957,#11967,.T.);
#11965 = VERTEX_POINT('',#11966);
#11966 = CARTESIAN_POINT('',(61.5,149.8,165.));
#11967 = LINE('',#11968,#11969);
#11968 = CARTESIAN_POINT('',(31.8,149.8,165.));
#11969 = VECTOR('',#11970,1.);
#11970 = DIRECTION('',(-1.,-0.,0.));
#11971 = ORIENTED_EDGE('',*,*,#11972,.F.);
#11972 = EDGE_CURVE('',#11973,#11965,#11975,.T.);
#11973 = VERTEX_POINT('',#11974);
#11974 = CARTESIAN_POINT('',(61.5,149.7,165.));
#11975 = LINE('',#11976,#11977);
#11976 = CARTESIAN_POINT('',(61.5,148.85,165.));
#11977 = VECTOR('',#11978,1.);
#11978 = DIRECTION('',(-0.,1.,0.));
#11979 = ORIENTED_EDGE('',*,*,#11980,.T.);
#11980 = EDGE_CURVE('',#11973,#11981,#11983,.T.);
#11981 = VERTEX_POINT('',#11982);
#11982 = CARTESIAN_POINT('',(124.5,149.7,165.));
#11983 = LINE('',#11984,#11985);
#11984 = CARTESIAN_POINT('',(21.1,149.7,165.));
#11985 = VECTOR('',#11986,1.);
#11986 = DIRECTION('',(1.,0.,-0.));
#11987 = ORIENTED_EDGE('',*,*,#11988,.T.);
#11988 = EDGE_CURVE('',#11981,#11989,#11991,.T.);
#11989 = VERTEX_POINT('',#11990);
#11990 = CARTESIAN_POINT('',(124.5,149.8,165.));
#11991 = LINE('',#11992,#11993);
#11992 = CARTESIAN_POINT('',(124.5,148.85,165.));
#11993 = VECTOR('',#11994,1.);
#11994 = DIRECTION('',(-0.,1.,0.));
#11995 = ORIENTED_EDGE('',*,*,#11996,.F.);
#11996 = EDGE_CURVE('',#11997,#11989,#11999,.T.);
#11997 = VERTEX_POINT('',#11998);
#11998 = CARTESIAN_POINT('',(143.5,149.8,165.));
#11999 = LINE('',#12000,#12001);
#12000 = CARTESIAN_POINT('',(72.8,149.8,165.));
#12001 = VECTOR('',#12002,1.);
#12002 = DIRECTION('',(-1.,-0.,0.));
#12003 = ORIENTED_EDGE('',*,*,#12004,.F.);
#12004 = EDGE_CURVE('',#12005,#11997,#12007,.T.);
#12005 = VERTEX_POINT('',#12006);
#12006 = CARTESIAN_POINT('',(143.5,149.7,165.));
#12007 = LINE('',#12008,#12009);
#12008 = CARTESIAN_POINT('',(143.5,148.85,165.));
#12009 = VECTOR('',#12010,1.);
#12010 = DIRECTION('',(-0.,1.,0.));
#12011 = ORIENTED_EDGE('',*,*,#12012,.T.);
#12012 = EDGE_CURVE('',#12005,#11918,#12013,.T.);
#12013 = LINE('',#12014,#12015);
#12014 = CARTESIAN_POINT('',(21.1,149.7,165.));
#12015 = VECTOR('',#12016,1.);
#12016 = DIRECTION('',(1.,0.,-0.));
#12017 = ORIENTED_EDGE('',*,*,#11925,.T.);
#12018 = ORIENTED_EDGE('',*,*,#3124,.F.);
#12019 = PLANE('',#12020);
#12020 = AXIS2_PLACEMENT_3D('',#12021,#12022,#12023);
#12021 = CARTESIAN_POINT('',(21.1,149.7,165.));
#12022 = DIRECTION('',(0.,0.,1.));
#12023 = DIRECTION('',(1.,0.,-0.));
#12024 = ADVANCED_FACE('',(#12025),#12036,.T.);
#12025 = FACE_BOUND('',#12026,.T.);
#12026 = EDGE_LOOP('',(#12027,#12028,#12034,#12035));
#12027 = ORIENTED_EDGE('',*,*,#11757,.F.);
#12028 = ORIENTED_EDGE('',*,*,#12029,.F.);
#12029 = EDGE_CURVE('',#11941,#11758,#12030,.T.);
#12030 = LINE('',#12031,#12032);
#12031 = CARTESIAN_POINT('',(21.1,149.7,165.));
#12032 = VECTOR('',#12033,1.);
#12033 = DIRECTION('',(0.,0.,1.));
#12034 = ORIENTED_EDGE('',*,*,#11940,.T.);
#12035 = ORIENTED_EDGE('',*,*,#3116,.F.);
#12036 = PLANE('',#12037);
#12037 = AXIS2_PLACEMENT_3D('',#12038,#12039,#12040);
#12038 = CARTESIAN_POINT('',(21.1,149.7,165.));
#12039 = DIRECTION('',(1.,0.,-0.));
#12040 = DIRECTION('',(0.,0.,1.));
#12041 = ADVANCED_FACE('',(#12042,#12053),#12087,.F.);
#12042 = FACE_BOUND('',#12043,.F.);
#12043 = EDGE_LOOP('',(#12044,#12045,#12046,#12052));
#12044 = ORIENTED_EDGE('',*,*,#3186,.F.);
#12045 = ORIENTED_EDGE('',*,*,#3228,.T.);
#12046 = ORIENTED_EDGE('',*,*,#12047,.T.);
#12047 = EDGE_CURVE('',#3229,#11734,#12048,.T.);
#12048 = LINE('',#12049,#12050);
#12049 = CARTESIAN_POINT('',(186.,0.,133.5));
#12050 = VECTOR('',#12051,1.);
#12051 = DIRECTION('',(-0.,1.,0.));
#12052 = ORIENTED_EDGE('',*,*,#11733,.F.);
#12053 = FACE_BOUND('',#12054,.F.);
#12054 = EDGE_LOOP('',(#12055,#12065,#12073,#12081));
#12055 = ORIENTED_EDGE('',*,*,#12056,.T.);
#12056 = EDGE_CURVE('',#12057,#12059,#12061,.T.);
#12057 = VERTEX_POINT('',#12058);
#12058 = CARTESIAN_POINT('',(183.9,2.1,133.5));
#12059 = VERTEX_POINT('',#12060);
#12060 = CARTESIAN_POINT('',(2.1,2.1,133.5));
#12061 = LINE('',#12062,#12063);
#12062 = CARTESIAN_POINT('',(1.05,2.1,133.5));
#12063 = VECTOR('',#12064,1.);
#12064 = DIRECTION('',(-1.,-0.,0.));
#12065 = ORIENTED_EDGE('',*,*,#12066,.T.);
#12066 = EDGE_CURVE('',#12059,#12067,#12069,.T.);
#12067 = VERTEX_POINT('',#12068);
#12068 = CARTESIAN_POINT('',(2.1,149.4,133.5));
#12069 = LINE('',#12070,#12071);
#12070 = CARTESIAN_POINT('',(2.1,1.05,133.5));
#12071 = VECTOR('',#12072,1.);
#12072 = DIRECTION('',(-0.,1.,0.));
#12073 = ORIENTED_EDGE('',*,*,#12074,.F.);
#12074 = EDGE_CURVE('',#12075,#12067,#12077,.T.);
#12075 = VERTEX_POINT('',#12076);
#12076 = CARTESIAN_POINT('',(183.9,149.4,133.5));
#12077 = LINE('',#12078,#12079);
#12078 = CARTESIAN_POINT('',(1.05,149.4,133.5));
#12079 = VECTOR('',#12080,1.);
#12080 = DIRECTION('',(-1.,-0.,0.));
#12081 = ORIENTED_EDGE('',*,*,#12082,.F.);
#12082 = EDGE_CURVE('',#12057,#12075,#12083,.T.);
#12083 = LINE('',#12084,#12085);
#12084 = CARTESIAN_POINT('',(183.9,1.05,133.5));
#12085 = VECTOR('',#12086,1.);
#12086 = DIRECTION('',(-0.,1.,0.));
#12087 = PLANE('',#12088);
#12088 = AXIS2_PLACEMENT_3D('',#12089,#12090,#12091);
#12089 = CARTESIAN_POINT('',(0.,0.,133.5));
#12090 = DIRECTION('',(0.,0.,1.));
#12091 = DIRECTION('',(1.,0.,-0.));
#12092 = ADVANCED_FACE('',(#12093),#12106,.T.);
#12093 = FACE_BOUND('',#12094,.T.);
#12094 = EDGE_LOOP('',(#12095,#12096,#12097,#12098,#12099,#12105));
#12095 = ORIENTED_EDGE('',*,*,#3238,.F.);
#12096 = ORIENTED_EDGE('',*,*,#12047,.T.);
#12097 = ORIENTED_EDGE('',*,*,#11743,.T.);
#12098 = ORIENTED_EDGE('',*,*,#3285,.F.);
#12099 = ORIENTED_EDGE('',*,*,#12100,.F.);
#12100 = EDGE_CURVE('',#3254,#3278,#12101,.T.);
#12101 = LINE('',#12102,#12103);
#12102 = CARTESIAN_POINT('',(186.,0.,138.));
#12103 = VECTOR('',#12104,1.);
#12104 = DIRECTION('',(-0.,1.,0.));
#12105 = ORIENTED_EDGE('',*,*,#3253,.F.);
#12106 = PLANE('',#12107);
#12107 = AXIS2_PLACEMENT_3D('',#12108,#12109,#12110);
#12108 = CARTESIAN_POINT('',(186.,0.,133.5));
#12109 = DIRECTION('',(1.,0.,-0.));
#12110 = DIRECTION('',(0.,0.,1.));
#12111 = ADVANCED_FACE('',(#12112),#12118,.T.);
#12112 = FACE_BOUND('',#12113,.T.);
#12113 = EDGE_LOOP('',(#12114,#12115,#12116,#12117));
#12114 = ORIENTED_EDGE('',*,*,#3261,.F.);
#12115 = ORIENTED_EDGE('',*,*,#12100,.T.);
#12116 = ORIENTED_EDGE('',*,*,#3277,.T.);
#12117 = ORIENTED_EDGE('',*,*,#3269,.F.);
#12118 = PLANE('',#12119);
#12119 = AXIS2_PLACEMENT_3D('',#12120,#12121,#12122);
#12120 = CARTESIAN_POINT('',(186.,0.,138.));
#12121 = DIRECTION('',(1.,0.,-0.));
#12122 = DIRECTION('',(0.,0.,1.));
#12123 = ADVANCED_FACE('',(#12124,#12158),#12169,.F.);
#12124 = FACE_BOUND('',#12125,.F.);
#12125 = EDGE_LOOP('',(#12126,#12136,#12144,#12152));
#12126 = ORIENTED_EDGE('',*,*,#12127,.F.);
#12127 = EDGE_CURVE('',#12128,#12130,#12132,.T.);
#12128 = VERTEX_POINT('',#12129);
#12129 = CARTESIAN_POINT('',(3.,3.5,209.1));
#12130 = VERTEX_POINT('',#12131);
#12131 = CARTESIAN_POINT('',(3.,48.5,209.1));
#12132 = LINE('',#12133,#12134);
#12133 = CARTESIAN_POINT('',(3.,3.5,209.1));
#12134 = VECTOR('',#12135,1.);
#12135 = DIRECTION('',(-0.,1.,0.));
#12136 = ORIENTED_EDGE('',*,*,#12137,.T.);
#12137 = EDGE_CURVE('',#12128,#12138,#12140,.T.);
#12138 = VERTEX_POINT('',#12139);
#12139 = CARTESIAN_POINT('',(183.,3.5,209.1));
#12140 = LINE('',#12141,#12142);
#12141 = CARTESIAN_POINT('',(3.,3.5,209.1));
#12142 = VECTOR('',#12143,1.);
#12143 = DIRECTION('',(1.,0.,-0.));
#12144 = ORIENTED_EDGE('',*,*,#12145,.T.);
#12145 = EDGE_CURVE('',#12138,#12146,#12148,.T.);
#12146 = VERTEX_POINT('',#12147);
#12147 = CARTESIAN_POINT('',(183.,48.5,209.1));
#12148 = LINE('',#12149,#12150);
#12149 = CARTESIAN_POINT('',(183.,3.5,209.1));
#12150 = VECTOR('',#12151,1.);
#12151 = DIRECTION('',(-0.,1.,0.));
#12152 = ORIENTED_EDGE('',*,*,#12153,.F.);
#12153 = EDGE_CURVE('',#12130,#12146,#12154,.T.);
#12154 = LINE('',#12155,#12156);
#12155 = CARTESIAN_POINT('',(3.,48.5,209.1));
#12156 = VECTOR('',#12157,1.);
#12157 = DIRECTION('',(1.,0.,-0.));
#12158 = FACE_BOUND('',#12159,.F.);
#12159 = EDGE_LOOP('',(#12160,#12161,#12162,#12163,#12164,#12165,#12166,
    #12167,#12168));
#12160 = ORIENTED_EDGE('',*,*,#3309,.F.);
#12161 = ORIENTED_EDGE('',*,*,#3341,.F.);
#12162 = ORIENTED_EDGE('',*,*,#3391,.F.);
#12163 = ORIENTED_EDGE('',*,*,#3431,.T.);
#12164 = ORIENTED_EDGE('',*,*,#3489,.F.);
#12165 = ORIENTED_EDGE('',*,*,#3505,.T.);
#12166 = ORIENTED_EDGE('',*,*,#3456,.F.);
#12167 = ORIENTED_EDGE('',*,*,#3414,.T.);
#12168 = ORIENTED_EDGE('',*,*,#3358,.F.);
#12169 = PLANE('',#12170);
#12170 = AXIS2_PLACEMENT_3D('',#12171,#12172,#12173);
#12171 = CARTESIAN_POINT('',(3.,3.5,209.1));
#12172 = DIRECTION('',(0.,0.,1.));
#12173 = DIRECTION('',(1.,0.,-0.));
#12174 = ADVANCED_FACE('',(#12175,#12209,#12212,#12220,#12228,#12236,
    #12244,#12252,#12260,#12268,#12276,#12284,#12292,#12300,#12308,
    #12316,#12324,#12332,#12340,#12343,#12351,#12359,#12367,#12375,
    #12383,#12391,#12399,#12407,#12415,#12423,#12431,#12439,#12447,
    #12455,#12463,#12471,#12479,#12487,#12493,#12496,#12504,#12512,
    #12520,#12528,#12536,#12544,#12552,#12560,#12568,#12576,#12584,
    #12592,#12600,#12608,#12616,#12624,#12632,#12640,#12648,#12656,
    #12664,#12670),#12673,.F.);
#12175 = FACE_BOUND('',#12176,.F.);
#12176 = EDGE_LOOP('',(#12177,#12187,#12195,#12203));
#12177 = ORIENTED_EDGE('',*,*,#12178,.F.);
#12178 = EDGE_CURVE('',#12179,#12181,#12183,.T.);
#12179 = VERTEX_POINT('',#12180);
#12180 = CARTESIAN_POINT('',(20.,54.,212.));
#12181 = VERTEX_POINT('',#12182);
#12182 = CARTESIAN_POINT('',(20.,148.,212.));
#12183 = LINE('',#12184,#12185);
#12184 = CARTESIAN_POINT('',(20.,54.,212.));
#12185 = VECTOR('',#12186,1.);
#12186 = DIRECTION('',(-0.,1.,0.));
#12187 = ORIENTED_EDGE('',*,*,#12188,.T.);
#12188 = EDGE_CURVE('',#12179,#12189,#12191,.T.);
#12189 = VERTEX_POINT('',#12190);
#12190 = CARTESIAN_POINT('',(166.,54.,212.));
#12191 = LINE('',#12192,#12193);
#12192 = CARTESIAN_POINT('',(20.,54.,212.));
#12193 = VECTOR('',#12194,1.);
#12194 = DIRECTION('',(1.,0.,-0.));
#12195 = ORIENTED_EDGE('',*,*,#12196,.T.);
#12196 = EDGE_CURVE('',#12189,#12197,#12199,.T.);
#12197 = VERTEX_POINT('',#12198);
#12198 = CARTESIAN_POINT('',(166.,148.,212.));
#12199 = LINE('',#12200,#12201);
#12200 = CARTESIAN_POINT('',(166.,54.,212.));
#12201 = VECTOR('',#12202,1.);
#12202 = DIRECTION('',(-0.,1.,0.));
#12203 = ORIENTED_EDGE('',*,*,#12204,.F.);
#12204 = EDGE_CURVE('',#12181,#12197,#12205,.T.);
#12205 = LINE('',#12206,#12207);
#12206 = CARTESIAN_POINT('',(20.,148.,212.));
#12207 = VECTOR('',#12208,1.);
#12208 = DIRECTION('',(1.,0.,-0.));
#12209 = FACE_BOUND('',#12210,.F.);
#12210 = EDGE_LOOP('',(#12211));
#12211 = ORIENTED_EDGE('',*,*,#3530,.F.);
#12212 = FACE_BOUND('',#12213,.F.);
#12213 = EDGE_LOOP('',(#12214,#12215,#12216,#12217,#12218,#12219));
#12214 = ORIENTED_EDGE('',*,*,#3546,.T.);
#12215 = ORIENTED_EDGE('',*,*,#3601,.T.);
#12216 = ORIENTED_EDGE('',*,*,#3649,.T.);
#12217 = ORIENTED_EDGE('',*,*,#3673,.T.);
#12218 = ORIENTED_EDGE('',*,*,#3625,.T.);
#12219 = ORIENTED_EDGE('',*,*,#3577,.T.);
#12220 = FACE_BOUND('',#12221,.F.);
#12221 = EDGE_LOOP('',(#12222,#12223,#12224,#12225,#12226,#12227));
#12222 = ORIENTED_EDGE('',*,*,#4291,.T.);
#12223 = ORIENTED_EDGE('',*,*,#4346,.T.);
#12224 = ORIENTED_EDGE('',*,*,#4394,.T.);
#12225 = ORIENTED_EDGE('',*,*,#4418,.T.);
#12226 = ORIENTED_EDGE('',*,*,#4370,.T.);
#12227 = ORIENTED_EDGE('',*,*,#4322,.T.);
#12228 = FACE_BOUND('',#12229,.F.);
#12229 = EDGE_LOOP('',(#12230,#12231,#12232,#12233,#12234,#12235));
#12230 = ORIENTED_EDGE('',*,*,#4579,.T.);
#12231 = ORIENTED_EDGE('',*,*,#4634,.T.);
#12232 = ORIENTED_EDGE('',*,*,#4682,.T.);
#12233 = ORIENTED_EDGE('',*,*,#4706,.T.);
#12234 = ORIENTED_EDGE('',*,*,#4658,.T.);
#12235 = ORIENTED_EDGE('',*,*,#4610,.T.);
#12236 = FACE_BOUND('',#12237,.F.);
#12237 = EDGE_LOOP('',(#12238,#12239,#12240,#12241,#12242,#12243));
#12238 = ORIENTED_EDGE('',*,*,#7004,.T.);
#12239 = ORIENTED_EDGE('',*,*,#7059,.T.);
#12240 = ORIENTED_EDGE('',*,*,#7107,.T.);
#12241 = ORIENTED_EDGE('',*,*,#7131,.T.);
#12242 = ORIENTED_EDGE('',*,*,#7083,.T.);
#12243 = ORIENTED_EDGE('',*,*,#7035,.T.);
#12244 = FACE_BOUND('',#12245,.F.);
#12245 = EDGE_LOOP('',(#12246,#12247,#12248,#12249,#12250,#12251));
#12246 = ORIENTED_EDGE('',*,*,#4003,.T.);
#12247 = ORIENTED_EDGE('',*,*,#4058,.T.);
#12248 = ORIENTED_EDGE('',*,*,#4106,.T.);
#12249 = ORIENTED_EDGE('',*,*,#4130,.T.);
#12250 = ORIENTED_EDGE('',*,*,#4082,.T.);
#12251 = ORIENTED_EDGE('',*,*,#4034,.T.);
#12252 = FACE_BOUND('',#12253,.F.);
#12253 = EDGE_LOOP('',(#12254,#12255,#12256,#12257,#12258,#12259));
#12254 = ORIENTED_EDGE('',*,*,#4435,.T.);
#12255 = ORIENTED_EDGE('',*,*,#4490,.T.);
#12256 = ORIENTED_EDGE('',*,*,#4538,.T.);
#12257 = ORIENTED_EDGE('',*,*,#4562,.T.);
#12258 = ORIENTED_EDGE('',*,*,#4514,.T.);
#12259 = ORIENTED_EDGE('',*,*,#4466,.T.);
#12260 = FACE_BOUND('',#12261,.F.);
#12261 = EDGE_LOOP('',(#12262,#12263,#12264,#12265,#12266,#12267));
#12262 = ORIENTED_EDGE('',*,*,#4723,.T.);
#12263 = ORIENTED_EDGE('',*,*,#4778,.T.);
#12264 = ORIENTED_EDGE('',*,*,#4826,.T.);
#12265 = ORIENTED_EDGE('',*,*,#4850,.T.);
#12266 = ORIENTED_EDGE('',*,*,#4802,.T.);
#12267 = ORIENTED_EDGE('',*,*,#4754,.T.);
#12268 = FACE_BOUND('',#12269,.F.);
#12269 = EDGE_LOOP('',(#12270,#12271,#12272,#12273,#12274,#12275));
#12270 = ORIENTED_EDGE('',*,*,#4147,.T.);
#12271 = ORIENTED_EDGE('',*,*,#4202,.T.);
#12272 = ORIENTED_EDGE('',*,*,#4250,.T.);
#12273 = ORIENTED_EDGE('',*,*,#4274,.T.);
#12274 = ORIENTED_EDGE('',*,*,#4226,.T.);
#12275 = ORIENTED_EDGE('',*,*,#4178,.T.);
#12276 = FACE_BOUND('',#12277,.F.);
#12277 = EDGE_LOOP('',(#12278,#12279,#12280,#12281,#12282,#12283));
#12278 = ORIENTED_EDGE('',*,*,#4867,.T.);
#12279 = ORIENTED_EDGE('',*,*,#4922,.T.);
#12280 = ORIENTED_EDGE('',*,*,#4970,.T.);
#12281 = ORIENTED_EDGE('',*,*,#4994,.T.);
#12282 = ORIENTED_EDGE('',*,*,#4946,.T.);
#12283 = ORIENTED_EDGE('',*,*,#4898,.T.);
#12284 = FACE_BOUND('',#12285,.F.);
#12285 = EDGE_LOOP('',(#12286,#12287,#12288,#12289,#12290,#12291));
#12286 = ORIENTED_EDGE('',*,*,#5011,.T.);
#12287 = ORIENTED_EDGE('',*,*,#5066,.T.);
#12288 = ORIENTED_EDGE('',*,*,#5114,.T.);
#12289 = ORIENTED_EDGE('',*,*,#5138,.T.);
#12290 = ORIENTED_EDGE('',*,*,#5090,.T.);
#12291 = ORIENTED_EDGE('',*,*,#5042,.T.);
#12292 = FACE_BOUND('',#12293,.F.);
#12293 = EDGE_LOOP('',(#12294,#12295,#12296,#12297,#12298,#12299));
#12294 = ORIENTED_EDGE('',*,*,#7580,.T.);
#12295 = ORIENTED_EDGE('',*,*,#7635,.T.);
#12296 = ORIENTED_EDGE('',*,*,#7683,.T.);
#12297 = ORIENTED_EDGE('',*,*,#7707,.T.);
#12298 = ORIENTED_EDGE('',*,*,#7659,.T.);
#12299 = ORIENTED_EDGE('',*,*,#7611,.T.);
#12300 = FACE_BOUND('',#12301,.F.);
#12301 = EDGE_LOOP('',(#12302,#12303,#12304,#12305,#12306,#12307));
#12302 = ORIENTED_EDGE('',*,*,#3690,.T.);
#12303 = ORIENTED_EDGE('',*,*,#3745,.T.);
#12304 = ORIENTED_EDGE('',*,*,#3793,.T.);
#12305 = ORIENTED_EDGE('',*,*,#3817,.T.);
#12306 = ORIENTED_EDGE('',*,*,#3769,.T.);
#12307 = ORIENTED_EDGE('',*,*,#3721,.T.);
#12308 = FACE_BOUND('',#12309,.F.);
#12309 = EDGE_LOOP('',(#12310,#12311,#12312,#12313,#12314,#12315));
#12310 = ORIENTED_EDGE('',*,*,#3834,.T.);
#12311 = ORIENTED_EDGE('',*,*,#3889,.T.);
#12312 = ORIENTED_EDGE('',*,*,#3937,.T.);
#12313 = ORIENTED_EDGE('',*,*,#3961,.T.);
#12314 = ORIENTED_EDGE('',*,*,#3913,.T.);
#12315 = ORIENTED_EDGE('',*,*,#3865,.T.);
#12316 = FACE_BOUND('',#12317,.F.);
#12317 = EDGE_LOOP('',(#12318,#12319,#12320,#12321,#12322,#12323));
#12318 = ORIENTED_EDGE('',*,*,#7292,.T.);
#12319 = ORIENTED_EDGE('',*,*,#7347,.T.);
#12320 = ORIENTED_EDGE('',*,*,#7395,.T.);
#12321 = ORIENTED_EDGE('',*,*,#7419,.T.);
#12322 = ORIENTED_EDGE('',*,*,#7371,.T.);
#12323 = ORIENTED_EDGE('',*,*,#7323,.T.);
#12324 = FACE_BOUND('',#12325,.F.);
#12325 = EDGE_LOOP('',(#12326,#12327,#12328,#12329,#12330,#12331));
#12326 = ORIENTED_EDGE('',*,*,#7868,.T.);
#12327 = ORIENTED_EDGE('',*,*,#7923,.T.);
#12328 = ORIENTED_EDGE('',*,*,#7971,.T.);
#12329 = ORIENTED_EDGE('',*,*,#7995,.T.);
#12330 = ORIENTED_EDGE('',*,*,#7947,.T.);
#12331 = ORIENTED_EDGE('',*,*,#7899,.T.);
#12332 = FACE_BOUND('',#12333,.F.);
#12333 = EDGE_LOOP('',(#12334,#12335,#12336,#12337,#12338,#12339));
#12334 = ORIENTED_EDGE('',*,*,#8156,.T.);
#12335 = ORIENTED_EDGE('',*,*,#8211,.T.);
#12336 = ORIENTED_EDGE('',*,*,#8259,.T.);
#12337 = ORIENTED_EDGE('',*,*,#8283,.T.);
#12338 = ORIENTED_EDGE('',*,*,#8235,.T.);
#12339 = ORIENTED_EDGE('',*,*,#8187,.T.);
#12340 = FACE_BOUND('',#12341,.F.);
#12341 = EDGE_LOOP('',(#12342));
#12342 = ORIENTED_EDGE('',*,*,#3987,.F.);
#12343 = FACE_BOUND('',#12344,.F.);
#12344 = EDGE_LOOP('',(#12345,#12346,#12347,#12348,#12349,#12350));
#12345 = ORIENTED_EDGE('',*,*,#7148,.T.);
#12346 = ORIENTED_EDGE('',*,*,#7203,.T.);
#12347 = ORIENTED_EDGE('',*,*,#7251,.T.);
#12348 = ORIENTED_EDGE('',*,*,#7275,.T.);
#12349 = ORIENTED_EDGE('',*,*,#7227,.T.);
#12350 = ORIENTED_EDGE('',*,*,#7179,.T.);
#12351 = FACE_BOUND('',#12352,.F.);
#12352 = EDGE_LOOP('',(#12353,#12354,#12355,#12356,#12357,#12358));
#12353 = ORIENTED_EDGE('',*,*,#7436,.T.);
#12354 = ORIENTED_EDGE('',*,*,#7491,.T.);
#12355 = ORIENTED_EDGE('',*,*,#7539,.T.);
#12356 = ORIENTED_EDGE('',*,*,#7563,.T.);
#12357 = ORIENTED_EDGE('',*,*,#7515,.T.);
#12358 = ORIENTED_EDGE('',*,*,#7467,.T.);
#12359 = FACE_BOUND('',#12360,.F.);
#12360 = EDGE_LOOP('',(#12361,#12362,#12363,#12364,#12365,#12366));
#12361 = ORIENTED_EDGE('',*,*,#8012,.T.);
#12362 = ORIENTED_EDGE('',*,*,#8067,.T.);
#12363 = ORIENTED_EDGE('',*,*,#8115,.T.);
#12364 = ORIENTED_EDGE('',*,*,#8139,.T.);
#12365 = ORIENTED_EDGE('',*,*,#8091,.T.);
#12366 = ORIENTED_EDGE('',*,*,#8043,.T.);
#12367 = FACE_BOUND('',#12368,.F.);
#12368 = EDGE_LOOP('',(#12369,#12370,#12371,#12372,#12373,#12374));
#12369 = ORIENTED_EDGE('',*,*,#8300,.T.);
#12370 = ORIENTED_EDGE('',*,*,#8355,.T.);
#12371 = ORIENTED_EDGE('',*,*,#8403,.T.);
#12372 = ORIENTED_EDGE('',*,*,#8427,.T.);
#12373 = ORIENTED_EDGE('',*,*,#8379,.T.);
#12374 = ORIENTED_EDGE('',*,*,#8331,.T.);
#12375 = FACE_BOUND('',#12376,.F.);
#12376 = EDGE_LOOP('',(#12377,#12378,#12379,#12380,#12381,#12382));
#12377 = ORIENTED_EDGE('',*,*,#7724,.T.);
#12378 = ORIENTED_EDGE('',*,*,#7779,.T.);
#12379 = ORIENTED_EDGE('',*,*,#7827,.T.);
#12380 = ORIENTED_EDGE('',*,*,#7851,.T.);
#12381 = ORIENTED_EDGE('',*,*,#7803,.T.);
#12382 = ORIENTED_EDGE('',*,*,#7755,.T.);
#12383 = FACE_BOUND('',#12384,.F.);
#12384 = EDGE_LOOP('',(#12385,#12386,#12387,#12388,#12389,#12390));
#12385 = ORIENTED_EDGE('',*,*,#8444,.T.);
#12386 = ORIENTED_EDGE('',*,*,#8499,.T.);
#12387 = ORIENTED_EDGE('',*,*,#8547,.T.);
#12388 = ORIENTED_EDGE('',*,*,#8571,.T.);
#12389 = ORIENTED_EDGE('',*,*,#8523,.T.);
#12390 = ORIENTED_EDGE('',*,*,#8475,.T.);
#12391 = FACE_BOUND('',#12392,.F.);
#12392 = EDGE_LOOP('',(#12393,#12394,#12395,#12396,#12397,#12398));
#12393 = ORIENTED_EDGE('',*,*,#8588,.T.);
#12394 = ORIENTED_EDGE('',*,*,#8643,.T.);
#12395 = ORIENTED_EDGE('',*,*,#8691,.T.);
#12396 = ORIENTED_EDGE('',*,*,#8715,.T.);
#12397 = ORIENTED_EDGE('',*,*,#8667,.T.);
#12398 = ORIENTED_EDGE('',*,*,#8619,.T.);
#12399 = FACE_BOUND('',#12400,.F.);
#12400 = EDGE_LOOP('',(#12401,#12402,#12403,#12404,#12405,#12406));
#12401 = ORIENTED_EDGE('',*,*,#9884,.T.);
#12402 = ORIENTED_EDGE('',*,*,#9939,.T.);
#12403 = ORIENTED_EDGE('',*,*,#9987,.T.);
#12404 = ORIENTED_EDGE('',*,*,#10011,.T.);
#12405 = ORIENTED_EDGE('',*,*,#9963,.T.);
#12406 = ORIENTED_EDGE('',*,*,#9915,.T.);
#12407 = FACE_BOUND('',#12408,.F.);
#12408 = EDGE_LOOP('',(#12409,#12410,#12411,#12412,#12413,#12414));
#12409 = ORIENTED_EDGE('',*,*,#5155,.T.);
#12410 = ORIENTED_EDGE('',*,*,#5210,.T.);
#12411 = ORIENTED_EDGE('',*,*,#5258,.T.);
#12412 = ORIENTED_EDGE('',*,*,#5282,.T.);
#12413 = ORIENTED_EDGE('',*,*,#5234,.T.);
#12414 = ORIENTED_EDGE('',*,*,#5186,.T.);
#12415 = FACE_BOUND('',#12416,.F.);
#12416 = EDGE_LOOP('',(#12417,#12418,#12419,#12420,#12421,#12422));
#12417 = ORIENTED_EDGE('',*,*,#5443,.T.);
#12418 = ORIENTED_EDGE('',*,*,#5498,.T.);
#12419 = ORIENTED_EDGE('',*,*,#5546,.T.);
#12420 = ORIENTED_EDGE('',*,*,#5570,.T.);
#12421 = ORIENTED_EDGE('',*,*,#5522,.T.);
#12422 = ORIENTED_EDGE('',*,*,#5474,.T.);
#12423 = FACE_BOUND('',#12424,.F.);
#12424 = EDGE_LOOP('',(#12425,#12426,#12427,#12428,#12429,#12430));
#12425 = ORIENTED_EDGE('',*,*,#5299,.T.);
#12426 = ORIENTED_EDGE('',*,*,#5354,.T.);
#12427 = ORIENTED_EDGE('',*,*,#5402,.T.);
#12428 = ORIENTED_EDGE('',*,*,#5426,.T.);
#12429 = ORIENTED_EDGE('',*,*,#5378,.T.);
#12430 = ORIENTED_EDGE('',*,*,#5330,.T.);
#12431 = FACE_BOUND('',#12432,.F.);
#12432 = EDGE_LOOP('',(#12433,#12434,#12435,#12436,#12437,#12438));
#12433 = ORIENTED_EDGE('',*,*,#5731,.T.);
#12434 = ORIENTED_EDGE('',*,*,#5786,.T.);
#12435 = ORIENTED_EDGE('',*,*,#5834,.T.);
#12436 = ORIENTED_EDGE('',*,*,#5858,.T.);
#12437 = ORIENTED_EDGE('',*,*,#5810,.T.);
#12438 = ORIENTED_EDGE('',*,*,#5762,.T.);
#12439 = FACE_BOUND('',#12440,.F.);
#12440 = EDGE_LOOP('',(#12441,#12442,#12443,#12444,#12445,#12446));
#12441 = ORIENTED_EDGE('',*,*,#5587,.T.);
#12442 = ORIENTED_EDGE('',*,*,#5642,.T.);
#12443 = ORIENTED_EDGE('',*,*,#5690,.T.);
#12444 = ORIENTED_EDGE('',*,*,#5714,.T.);
#12445 = ORIENTED_EDGE('',*,*,#5666,.T.);
#12446 = ORIENTED_EDGE('',*,*,#5618,.T.);
#12447 = FACE_BOUND('',#12448,.F.);
#12448 = EDGE_LOOP('',(#12449,#12450,#12451,#12452,#12453,#12454));
#12449 = ORIENTED_EDGE('',*,*,#5875,.T.);
#12450 = ORIENTED_EDGE('',*,*,#5930,.T.);
#12451 = ORIENTED_EDGE('',*,*,#5978,.T.);
#12452 = ORIENTED_EDGE('',*,*,#6002,.T.);
#12453 = ORIENTED_EDGE('',*,*,#5954,.T.);
#12454 = ORIENTED_EDGE('',*,*,#5906,.T.);
#12455 = FACE_BOUND('',#12456,.F.);
#12456 = EDGE_LOOP('',(#12457,#12458,#12459,#12460,#12461,#12462));
#12457 = ORIENTED_EDGE('',*,*,#9020,.T.);
#12458 = ORIENTED_EDGE('',*,*,#9075,.T.);
#12459 = ORIENTED_EDGE('',*,*,#9123,.T.);
#12460 = ORIENTED_EDGE('',*,*,#9147,.T.);
#12461 = ORIENTED_EDGE('',*,*,#9099,.T.);
#12462 = ORIENTED_EDGE('',*,*,#9051,.T.);
#12463 = FACE_BOUND('',#12464,.F.);
#12464 = EDGE_LOOP('',(#12465,#12466,#12467,#12468,#12469,#12470));
#12465 = ORIENTED_EDGE('',*,*,#6115,.T.);
#12466 = ORIENTED_EDGE('',*,*,#6170,.T.);
#12467 = ORIENTED_EDGE('',*,*,#6218,.T.);
#12468 = ORIENTED_EDGE('',*,*,#6242,.T.);
#12469 = ORIENTED_EDGE('',*,*,#6194,.T.);
#12470 = ORIENTED_EDGE('',*,*,#6146,.T.);
#12471 = FACE_BOUND('',#12472,.F.);
#12472 = EDGE_LOOP('',(#12473,#12474,#12475,#12476,#12477,#12478));
#12473 = ORIENTED_EDGE('',*,*,#6259,.T.);
#12474 = ORIENTED_EDGE('',*,*,#6314,.T.);
#12475 = ORIENTED_EDGE('',*,*,#6362,.T.);
#12476 = ORIENTED_EDGE('',*,*,#6386,.T.);
#12477 = ORIENTED_EDGE('',*,*,#6338,.T.);
#12478 = ORIENTED_EDGE('',*,*,#6290,.T.);
#12479 = FACE_BOUND('',#12480,.F.);
#12480 = EDGE_LOOP('',(#12481,#12482,#12483,#12484,#12485,#12486));
#12481 = ORIENTED_EDGE('',*,*,#6403,.T.);
#12482 = ORIENTED_EDGE('',*,*,#6458,.T.);
#12483 = ORIENTED_EDGE('',*,*,#6506,.T.);
#12484 = ORIENTED_EDGE('',*,*,#6530,.T.);
#12485 = ORIENTED_EDGE('',*,*,#6482,.T.);
#12486 = ORIENTED_EDGE('',*,*,#6434,.T.);
#12487 = FACE_BOUND('',#12488,.F.);
#12488 = EDGE_LOOP('',(#12489,#12490,#12491,#12492));
#12489 = ORIENTED_EDGE('',*,*,#6027,.T.);
#12490 = ORIENTED_EDGE('',*,*,#6075,.T.);
#12491 = ORIENTED_EDGE('',*,*,#6099,.F.);
#12492 = ORIENTED_EDGE('',*,*,#6051,.F.);
#12493 = FACE_BOUND('',#12494,.F.);
#12494 = EDGE_LOOP('',(#12495));
#12495 = ORIENTED_EDGE('',*,*,#6844,.F.);
#12496 = FACE_BOUND('',#12497,.F.);
#12497 = EDGE_LOOP('',(#12498,#12499,#12500,#12501,#12502,#12503));
#12498 = ORIENTED_EDGE('',*,*,#6547,.T.);
#12499 = ORIENTED_EDGE('',*,*,#6602,.T.);
#12500 = ORIENTED_EDGE('',*,*,#6650,.T.);
#12501 = ORIENTED_EDGE('',*,*,#6674,.T.);
#12502 = ORIENTED_EDGE('',*,*,#6626,.T.);
#12503 = ORIENTED_EDGE('',*,*,#6578,.T.);
#12504 = FACE_BOUND('',#12505,.F.);
#12505 = EDGE_LOOP('',(#12506,#12507,#12508,#12509,#12510,#12511));
#12506 = ORIENTED_EDGE('',*,*,#6691,.T.);
#12507 = ORIENTED_EDGE('',*,*,#6746,.T.);
#12508 = ORIENTED_EDGE('',*,*,#6794,.T.);
#12509 = ORIENTED_EDGE('',*,*,#6818,.T.);
#12510 = ORIENTED_EDGE('',*,*,#6770,.T.);
#12511 = ORIENTED_EDGE('',*,*,#6722,.T.);
#12512 = FACE_BOUND('',#12513,.F.);
#12513 = EDGE_LOOP('',(#12514,#12515,#12516,#12517,#12518,#12519));
#12514 = ORIENTED_EDGE('',*,*,#10460,.T.);
#12515 = ORIENTED_EDGE('',*,*,#10515,.T.);
#12516 = ORIENTED_EDGE('',*,*,#10563,.T.);
#12517 = ORIENTED_EDGE('',*,*,#10587,.T.);
#12518 = ORIENTED_EDGE('',*,*,#10539,.T.);
#12519 = ORIENTED_EDGE('',*,*,#10491,.T.);
#12520 = FACE_BOUND('',#12521,.F.);
#12521 = EDGE_LOOP('',(#12522,#12523,#12524,#12525,#12526,#12527));
#12522 = ORIENTED_EDGE('',*,*,#6860,.T.);
#12523 = ORIENTED_EDGE('',*,*,#6915,.T.);
#12524 = ORIENTED_EDGE('',*,*,#6963,.T.);
#12525 = ORIENTED_EDGE('',*,*,#6987,.T.);
#12526 = ORIENTED_EDGE('',*,*,#6939,.T.);
#12527 = ORIENTED_EDGE('',*,*,#6891,.T.);
#12528 = FACE_BOUND('',#12529,.F.);
#12529 = EDGE_LOOP('',(#12530,#12531,#12532,#12533,#12534,#12535));
#12530 = ORIENTED_EDGE('',*,*,#8732,.T.);
#12531 = ORIENTED_EDGE('',*,*,#8787,.T.);
#12532 = ORIENTED_EDGE('',*,*,#8835,.T.);
#12533 = ORIENTED_EDGE('',*,*,#8859,.T.);
#12534 = ORIENTED_EDGE('',*,*,#8811,.T.);
#12535 = ORIENTED_EDGE('',*,*,#8763,.T.);
#12536 = FACE_BOUND('',#12537,.F.);
#12537 = EDGE_LOOP('',(#12538,#12539,#12540,#12541,#12542,#12543));
#12538 = ORIENTED_EDGE('',*,*,#8876,.T.);
#12539 = ORIENTED_EDGE('',*,*,#8931,.T.);
#12540 = ORIENTED_EDGE('',*,*,#8979,.T.);
#12541 = ORIENTED_EDGE('',*,*,#9003,.T.);
#12542 = ORIENTED_EDGE('',*,*,#8955,.T.);
#12543 = ORIENTED_EDGE('',*,*,#8907,.T.);
#12544 = FACE_BOUND('',#12545,.F.);
#12545 = EDGE_LOOP('',(#12546,#12547,#12548,#12549,#12550,#12551));
#12546 = ORIENTED_EDGE('',*,*,#9164,.T.);
#12547 = ORIENTED_EDGE('',*,*,#9219,.T.);
#12548 = ORIENTED_EDGE('',*,*,#9267,.T.);
#12549 = ORIENTED_EDGE('',*,*,#9291,.T.);
#12550 = ORIENTED_EDGE('',*,*,#9243,.T.);
#12551 = ORIENTED_EDGE('',*,*,#9195,.T.);
#12552 = FACE_BOUND('',#12553,.F.);
#12553 = EDGE_LOOP('',(#12554,#12555,#12556,#12557,#12558,#12559));
#12554 = ORIENTED_EDGE('',*,*,#9596,.T.);
#12555 = ORIENTED_EDGE('',*,*,#9651,.T.);
#12556 = ORIENTED_EDGE('',*,*,#9699,.T.);
#12557 = ORIENTED_EDGE('',*,*,#9723,.T.);
#12558 = ORIENTED_EDGE('',*,*,#9675,.T.);
#12559 = ORIENTED_EDGE('',*,*,#9627,.T.);
#12560 = FACE_BOUND('',#12561,.F.);
#12561 = EDGE_LOOP('',(#12562,#12563,#12564,#12565,#12566,#12567));
#12562 = ORIENTED_EDGE('',*,*,#9308,.T.);
#12563 = ORIENTED_EDGE('',*,*,#9363,.T.);
#12564 = ORIENTED_EDGE('',*,*,#9411,.T.);
#12565 = ORIENTED_EDGE('',*,*,#9435,.T.);
#12566 = ORIENTED_EDGE('',*,*,#9387,.T.);
#12567 = ORIENTED_EDGE('',*,*,#9339,.T.);
#12568 = FACE_BOUND('',#12569,.F.);
#12569 = EDGE_LOOP('',(#12570,#12571,#12572,#12573,#12574,#12575));
#12570 = ORIENTED_EDGE('',*,*,#9452,.T.);
#12571 = ORIENTED_EDGE('',*,*,#9507,.T.);
#12572 = ORIENTED_EDGE('',*,*,#9555,.T.);
#12573 = ORIENTED_EDGE('',*,*,#9579,.T.);
#12574 = ORIENTED_EDGE('',*,*,#9531,.T.);
#12575 = ORIENTED_EDGE('',*,*,#9483,.T.);
#12576 = FACE_BOUND('',#12577,.F.);
#12577 = EDGE_LOOP('',(#12578,#12579,#12580,#12581,#12582,#12583));
#12578 = ORIENTED_EDGE('',*,*,#9740,.T.);
#12579 = ORIENTED_EDGE('',*,*,#9795,.T.);
#12580 = ORIENTED_EDGE('',*,*,#9843,.T.);
#12581 = ORIENTED_EDGE('',*,*,#9867,.T.);
#12582 = ORIENTED_EDGE('',*,*,#9819,.T.);
#12583 = ORIENTED_EDGE('',*,*,#9771,.T.);
#12584 = FACE_BOUND('',#12585,.F.);
#12585 = EDGE_LOOP('',(#12586,#12587,#12588,#12589,#12590,#12591));
#12586 = ORIENTED_EDGE('',*,*,#10028,.T.);
#12587 = ORIENTED_EDGE('',*,*,#10083,.T.);
#12588 = ORIENTED_EDGE('',*,*,#10131,.T.);
#12589 = ORIENTED_EDGE('',*,*,#10155,.T.);
#12590 = ORIENTED_EDGE('',*,*,#10107,.T.);
#12591 = ORIENTED_EDGE('',*,*,#10059,.T.);
#12592 = FACE_BOUND('',#12593,.F.);
#12593 = EDGE_LOOP('',(#12594,#12595,#12596,#12597,#12598,#12599));
#12594 = ORIENTED_EDGE('',*,*,#10172,.T.);
#12595 = ORIENTED_EDGE('',*,*,#10227,.T.);
#12596 = ORIENTED_EDGE('',*,*,#10275,.T.);
#12597 = ORIENTED_EDGE('',*,*,#10299,.T.);
#12598 = ORIENTED_EDGE('',*,*,#10251,.T.);
#12599 = ORIENTED_EDGE('',*,*,#10203,.T.);
#12600 = FACE_BOUND('',#12601,.F.);
#12601 = EDGE_LOOP('',(#12602,#12603,#12604,#12605,#12606,#12607));
#12602 = ORIENTED_EDGE('',*,*,#10316,.T.);
#12603 = ORIENTED_EDGE('',*,*,#10371,.T.);
#12604 = ORIENTED_EDGE('',*,*,#10419,.T.);
#12605 = ORIENTED_EDGE('',*,*,#10443,.T.);
#12606 = ORIENTED_EDGE('',*,*,#10395,.T.);
#12607 = ORIENTED_EDGE('',*,*,#10347,.T.);
#12608 = FACE_BOUND('',#12609,.F.);
#12609 = EDGE_LOOP('',(#12610,#12611,#12612,#12613,#12614,#12615));
#12610 = ORIENTED_EDGE('',*,*,#10748,.T.);
#12611 = ORIENTED_EDGE('',*,*,#10803,.T.);
#12612 = ORIENTED_EDGE('',*,*,#10851,.T.);
#12613 = ORIENTED_EDGE('',*,*,#10875,.T.);
#12614 = ORIENTED_EDGE('',*,*,#10827,.T.);
#12615 = ORIENTED_EDGE('',*,*,#10779,.T.);
#12616 = FACE_BOUND('',#12617,.F.);
#12617 = EDGE_LOOP('',(#12618,#12619,#12620,#12621,#12622,#12623));
#12618 = ORIENTED_EDGE('',*,*,#10892,.T.);
#12619 = ORIENTED_EDGE('',*,*,#10947,.T.);
#12620 = ORIENTED_EDGE('',*,*,#10995,.T.);
#12621 = ORIENTED_EDGE('',*,*,#11019,.T.);
#12622 = ORIENTED_EDGE('',*,*,#10971,.T.);
#12623 = ORIENTED_EDGE('',*,*,#10923,.T.);
#12624 = FACE_BOUND('',#12625,.F.);
#12625 = EDGE_LOOP('',(#12626,#12627,#12628,#12629,#12630,#12631));
#12626 = ORIENTED_EDGE('',*,*,#10604,.T.);
#12627 = ORIENTED_EDGE('',*,*,#10659,.T.);
#12628 = ORIENTED_EDGE('',*,*,#10707,.T.);
#12629 = ORIENTED_EDGE('',*,*,#10731,.T.);
#12630 = ORIENTED_EDGE('',*,*,#10683,.T.);
#12631 = ORIENTED_EDGE('',*,*,#10635,.T.);
#12632 = FACE_BOUND('',#12633,.F.);
#12633 = EDGE_LOOP('',(#12634,#12635,#12636,#12637,#12638,#12639));
#12634 = ORIENTED_EDGE('',*,*,#11036,.T.);
#12635 = ORIENTED_EDGE('',*,*,#11091,.T.);
#12636 = ORIENTED_EDGE('',*,*,#11139,.T.);
#12637 = ORIENTED_EDGE('',*,*,#11163,.T.);
#12638 = ORIENTED_EDGE('',*,*,#11115,.T.);
#12639 = ORIENTED_EDGE('',*,*,#11067,.T.);
#12640 = FACE_BOUND('',#12641,.F.);
#12641 = EDGE_LOOP('',(#12642,#12643,#12644,#12645,#12646,#12647));
#12642 = ORIENTED_EDGE('',*,*,#11180,.T.);
#12643 = ORIENTED_EDGE('',*,*,#11235,.T.);
#12644 = ORIENTED_EDGE('',*,*,#11283,.T.);
#12645 = ORIENTED_EDGE('',*,*,#11307,.T.);
#12646 = ORIENTED_EDGE('',*,*,#11259,.T.);
#12647 = ORIENTED_EDGE('',*,*,#11211,.T.);
#12648 = FACE_BOUND('',#12649,.F.);
#12649 = EDGE_LOOP('',(#12650,#12651,#12652,#12653,#12654,#12655));
#12650 = ORIENTED_EDGE('',*,*,#11324,.T.);
#12651 = ORIENTED_EDGE('',*,*,#11379,.T.);
#12652 = ORIENTED_EDGE('',*,*,#11427,.T.);
#12653 = ORIENTED_EDGE('',*,*,#11451,.T.);
#12654 = ORIENTED_EDGE('',*,*,#11403,.T.);
#12655 = ORIENTED_EDGE('',*,*,#11355,.T.);
#12656 = FACE_BOUND('',#12657,.F.);
#12657 = EDGE_LOOP('',(#12658,#12659,#12660,#12661,#12662,#12663));
#12658 = ORIENTED_EDGE('',*,*,#11468,.T.);
#12659 = ORIENTED_EDGE('',*,*,#11523,.T.);
#12660 = ORIENTED_EDGE('',*,*,#11571,.T.);
#12661 = ORIENTED_EDGE('',*,*,#11595,.T.);
#12662 = ORIENTED_EDGE('',*,*,#11547,.T.);
#12663 = ORIENTED_EDGE('',*,*,#11499,.T.);
#12664 = FACE_BOUND('',#12665,.F.);
#12665 = EDGE_LOOP('',(#12666,#12667,#12668,#12669));
#12666 = ORIENTED_EDGE('',*,*,#11645,.T.);
#12667 = ORIENTED_EDGE('',*,*,#11717,.T.);
#12668 = ORIENTED_EDGE('',*,*,#11693,.F.);
#12669 = ORIENTED_EDGE('',*,*,#11669,.F.);
#12670 = FACE_BOUND('',#12671,.F.);
#12671 = EDGE_LOOP('',(#12672));
#12672 = ORIENTED_EDGE('',*,*,#11621,.F.);
#12673 = PLANE('',#12674);
#12674 = AXIS2_PLACEMENT_3D('',#12675,#12676,#12677);
#12675 = CARTESIAN_POINT('',(20.,54.,212.));
#12676 = DIRECTION('',(0.,0.,1.));
#12677 = DIRECTION('',(1.,0.,-0.));
#12678 = ADVANCED_FACE('',(#12679),#12708,.T.);
#12679 = FACE_BOUND('',#12680,.T.);
#12680 = EDGE_LOOP('',(#12681,#12682,#12683,#12691,#12699,#12705,#12706,
    #12707));
#12681 = ORIENTED_EDGE('',*,*,#11852,.F.);
#12682 = ORIENTED_EDGE('',*,*,#11902,.T.);
#12683 = ORIENTED_EDGE('',*,*,#12684,.T.);
#12684 = EDGE_CURVE('',#11879,#12685,#12687,.T.);
#12685 = VERTEX_POINT('',#12686);
#12686 = CARTESIAN_POINT('',(100.5,150.5,211.5));
#12687 = LINE('',#12688,#12689);
#12688 = CARTESIAN_POINT('',(100.5,150.5,208.75));
#12689 = VECTOR('',#12690,1.);
#12690 = DIRECTION('',(0.,0.,1.));
#12691 = ORIENTED_EDGE('',*,*,#12692,.T.);
#12692 = EDGE_CURVE('',#12685,#12693,#12695,.T.);
#12693 = VERTEX_POINT('',#12694);
#12694 = CARTESIAN_POINT('',(85.5,150.5,211.5));
#12695 = LINE('',#12696,#12697);
#12696 = CARTESIAN_POINT('',(85.25,150.5,211.5));
#12697 = VECTOR('',#12698,1.);
#12698 = DIRECTION('',(-1.,-0.,0.));
#12699 = ORIENTED_EDGE('',*,*,#12700,.F.);
#12700 = EDGE_CURVE('',#11774,#12693,#12701,.T.);
#12701 = LINE('',#12702,#12703);
#12702 = CARTESIAN_POINT('',(85.5,150.5,208.75));
#12703 = VECTOR('',#12704,1.);
#12704 = DIRECTION('',(0.,0.,1.));
#12705 = ORIENTED_EDGE('',*,*,#11781,.T.);
#12706 = ORIENTED_EDGE('',*,*,#11804,.T.);
#12707 = ORIENTED_EDGE('',*,*,#11829,.T.);
#12708 = PLANE('',#12709);
#12709 = AXIS2_PLACEMENT_3D('',#12710,#12711,#12712);
#12710 = CARTESIAN_POINT('',(85.,150.5,208.5));
#12711 = DIRECTION('',(-0.,1.,0.));
#12712 = DIRECTION('',(0.,0.,1.));
#12713 = ADVANCED_FACE('',(#12714),#12748,.T.);
#12714 = FACE_BOUND('',#12715,.T.);
#12715 = EDGE_LOOP('',(#12716,#12724,#12732,#12740,#12746,#12747));
#12716 = ORIENTED_EDGE('',*,*,#12717,.F.);
#12717 = EDGE_CURVE('',#12718,#12693,#12720,.T.);
#12718 = VERTEX_POINT('',#12719);
#12719 = CARTESIAN_POINT('',(85.5,148.5,211.5));
#12720 = LINE('',#12721,#12722);
#12721 = CARTESIAN_POINT('',(85.5,148.5,211.5));
#12722 = VECTOR('',#12723,1.);
#12723 = DIRECTION('',(-0.,1.,0.));
#12724 = ORIENTED_EDGE('',*,*,#12725,.F.);
#12725 = EDGE_CURVE('',#12726,#12718,#12728,.T.);
#12726 = VERTEX_POINT('',#12727);
#12727 = CARTESIAN_POINT('',(85.5,148.5,209.));
#12728 = LINE('',#12729,#12730);
#12729 = CARTESIAN_POINT('',(85.5,148.5,209.));
#12730 = VECTOR('',#12731,1.);
#12731 = DIRECTION('',(0.,0.,1.));
#12732 = ORIENTED_EDGE('',*,*,#12733,.T.);
#12733 = EDGE_CURVE('',#12726,#12734,#12736,.T.);
#12734 = VERTEX_POINT('',#12735);
#12735 = CARTESIAN_POINT('',(85.5,149.7,209.));
#12736 = LINE('',#12737,#12738);
#12737 = CARTESIAN_POINT('',(85.5,148.5,209.));
#12738 = VECTOR('',#12739,1.);
#12739 = DIRECTION('',(-0.,1.,0.));
#12740 = ORIENTED_EDGE('',*,*,#12741,.F.);
#12741 = EDGE_CURVE('',#11766,#12734,#12742,.T.);
#12742 = LINE('',#12743,#12744);
#12743 = CARTESIAN_POINT('',(85.5,149.7,187.));
#12744 = VECTOR('',#12745,1.);
#12745 = DIRECTION('',(-0.,0.,-1.));
#12746 = ORIENTED_EDGE('',*,*,#11773,.T.);
#12747 = ORIENTED_EDGE('',*,*,#12700,.T.);
#12748 = PLANE('',#12749);
#12749 = AXIS2_PLACEMENT_3D('',#12750,#12751,#12752);
#12750 = CARTESIAN_POINT('',(85.5,148.5,209.));
#12751 = DIRECTION('',(1.,0.,-0.));
#12752 = DIRECTION('',(0.,0.,1.));
#12753 = ADVANCED_FACE('',(#12754,#12822),#12856,.T.);
#12754 = FACE_BOUND('',#12755,.T.);
#12755 = EDGE_LOOP('',(#12756,#12757,#12758,#12759,#12760,#12768,#12774,
    #12775,#12776,#12777,#12785,#12793,#12799,#12800,#12808,#12816));
#12756 = ORIENTED_EDGE('',*,*,#11948,.F.);
#12757 = ORIENTED_EDGE('',*,*,#12029,.T.);
#12758 = ORIENTED_EDGE('',*,*,#11765,.T.);
#12759 = ORIENTED_EDGE('',*,*,#12741,.T.);
#12760 = ORIENTED_EDGE('',*,*,#12761,.T.);
#12761 = EDGE_CURVE('',#12734,#12762,#12764,.T.);
#12762 = VERTEX_POINT('',#12763);
#12763 = CARTESIAN_POINT('',(100.5,149.7,209.));
#12764 = LINE('',#12765,#12766);
#12765 = CARTESIAN_POINT('',(53.3,149.7,209.));
#12766 = VECTOR('',#12767,1.);
#12767 = DIRECTION('',(1.,0.,-0.));
#12768 = ORIENTED_EDGE('',*,*,#12769,.F.);
#12769 = EDGE_CURVE('',#11877,#12762,#12770,.T.);
#12770 = LINE('',#12771,#12772);
#12771 = CARTESIAN_POINT('',(100.5,149.7,187.));
#12772 = VECTOR('',#12773,1.);
#12773 = DIRECTION('',(-0.,0.,-1.));
#12774 = ORIENTED_EDGE('',*,*,#11886,.T.);
#12775 = ORIENTED_EDGE('',*,*,#11917,.F.);
#12776 = ORIENTED_EDGE('',*,*,#12012,.F.);
#12777 = ORIENTED_EDGE('',*,*,#12778,.F.);
#12778 = EDGE_CURVE('',#12779,#12005,#12781,.T.);
#12779 = VERTEX_POINT('',#12780);
#12780 = CARTESIAN_POINT('',(143.5,149.7,165.7));
#12781 = LINE('',#12782,#12783);
#12782 = CARTESIAN_POINT('',(143.5,149.7,163.25));
#12783 = VECTOR('',#12784,1.);
#12784 = DIRECTION('',(-0.,0.,-1.));
#12785 = ORIENTED_EDGE('',*,*,#12786,.F.);
#12786 = EDGE_CURVE('',#12787,#12779,#12789,.T.);
#12787 = VERTEX_POINT('',#12788);
#12788 = CARTESIAN_POINT('',(124.5,149.7,165.7));
#12789 = LINE('',#12790,#12791);
#12790 = CARTESIAN_POINT('',(72.8,149.7,165.7));
#12791 = VECTOR('',#12792,1.);
#12792 = DIRECTION('',(1.,0.,-0.));
#12793 = ORIENTED_EDGE('',*,*,#12794,.T.);
#12794 = EDGE_CURVE('',#12787,#11981,#12795,.T.);
#12795 = LINE('',#12796,#12797);
#12796 = CARTESIAN_POINT('',(124.5,149.7,163.25));
#12797 = VECTOR('',#12798,1.);
#12798 = DIRECTION('',(-0.,0.,-1.));
#12799 = ORIENTED_EDGE('',*,*,#11980,.F.);
#12800 = ORIENTED_EDGE('',*,*,#12801,.F.);
#12801 = EDGE_CURVE('',#12802,#11973,#12804,.T.);
#12802 = VERTEX_POINT('',#12803);
#12803 = CARTESIAN_POINT('',(61.5,149.7,165.7));
#12804 = LINE('',#12805,#12806);
#12805 = CARTESIAN_POINT('',(61.5,149.7,163.25));
#12806 = VECTOR('',#12807,1.);
#12807 = DIRECTION('',(-0.,0.,-1.));
#12808 = ORIENTED_EDGE('',*,*,#12809,.F.);
#12809 = EDGE_CURVE('',#12810,#12802,#12812,.T.);
#12810 = VERTEX_POINT('',#12811);
#12811 = CARTESIAN_POINT('',(42.5,149.7,165.7));
#12812 = LINE('',#12813,#12814);
#12813 = CARTESIAN_POINT('',(31.8,149.7,165.7));
#12814 = VECTOR('',#12815,1.);
#12815 = DIRECTION('',(1.,0.,-0.));
#12816 = ORIENTED_EDGE('',*,*,#12817,.T.);
#12817 = EDGE_CURVE('',#12810,#11949,#12818,.T.);
#12818 = LINE('',#12819,#12820);
#12819 = CARTESIAN_POINT('',(42.5,149.7,163.25));
#12820 = VECTOR('',#12821,1.);
#12821 = DIRECTION('',(-0.,0.,-1.));
#12822 = FACE_BOUND('',#12823,.T.);
#12823 = EDGE_LOOP('',(#12824,#12834,#12842,#12850));
#12824 = ORIENTED_EDGE('',*,*,#12825,.T.);
#12825 = EDGE_CURVE('',#12826,#12828,#12830,.T.);
#12826 = VERTEX_POINT('',#12827);
#12827 = CARTESIAN_POINT('',(160.9,149.7,168.));
#12828 = VERTEX_POINT('',#12829);
#12829 = CARTESIAN_POINT('',(160.9,149.7,208.5));
#12830 = LINE('',#12831,#12832);
#12831 = CARTESIAN_POINT('',(160.9,149.7,166.5));
#12832 = VECTOR('',#12833,1.);
#12833 = DIRECTION('',(0.,0.,1.));
#12834 = ORIENTED_EDGE('',*,*,#12835,.T.);
#12835 = EDGE_CURVE('',#12828,#12836,#12838,.T.);
#12836 = VERTEX_POINT('',#12837);
#12837 = CARTESIAN_POINT('',(25.1,149.7,208.5));
#12838 = LINE('',#12839,#12840);
#12839 = CARTESIAN_POINT('',(23.1,149.7,208.5));
#12840 = VECTOR('',#12841,1.);
#12841 = DIRECTION('',(-1.,-0.,0.));
#12842 = ORIENTED_EDGE('',*,*,#12843,.F.);
#12843 = EDGE_CURVE('',#12844,#12836,#12846,.T.);
#12844 = VERTEX_POINT('',#12845);
#12845 = CARTESIAN_POINT('',(25.1,149.7,168.));
#12846 = LINE('',#12847,#12848);
#12847 = CARTESIAN_POINT('',(25.1,149.7,166.5));
#12848 = VECTOR('',#12849,1.);
#12849 = DIRECTION('',(0.,0.,1.));
#12850 = ORIENTED_EDGE('',*,*,#12851,.F.);
#12851 = EDGE_CURVE('',#12826,#12844,#12852,.T.);
#12852 = LINE('',#12853,#12854);
#12853 = CARTESIAN_POINT('',(23.1,149.7,168.));
#12854 = VECTOR('',#12855,1.);
#12855 = DIRECTION('',(-1.,-0.,0.));
#12856 = PLANE('',#12857);
#12857 = AXIS2_PLACEMENT_3D('',#12858,#12859,#12860);
#12858 = CARTESIAN_POINT('',(21.1,149.7,165.));
#12859 = DIRECTION('',(-0.,1.,0.));
#12860 = DIRECTION('',(0.,0.,1.));
#12861 = ADVANCED_FACE('',(#12862),#12889,.F.);
#12862 = FACE_BOUND('',#12863,.F.);
#12863 = EDGE_LOOP('',(#12864,#12872,#12880,#12886,#12887,#12888));
#12864 = ORIENTED_EDGE('',*,*,#12865,.F.);
#12865 = EDGE_CURVE('',#12866,#12685,#12868,.T.);
#12866 = VERTEX_POINT('',#12867);
#12867 = CARTESIAN_POINT('',(100.5,148.5,211.5));
#12868 = LINE('',#12869,#12870);
#12869 = CARTESIAN_POINT('',(100.5,148.5,211.5));
#12870 = VECTOR('',#12871,1.);
#12871 = DIRECTION('',(-0.,1.,0.));
#12872 = ORIENTED_EDGE('',*,*,#12873,.F.);
#12873 = EDGE_CURVE('',#12874,#12866,#12876,.T.);
#12874 = VERTEX_POINT('',#12875);
#12875 = CARTESIAN_POINT('',(100.5,148.5,209.));
#12876 = LINE('',#12877,#12878);
#12877 = CARTESIAN_POINT('',(100.5,148.5,209.));
#12878 = VECTOR('',#12879,1.);
#12879 = DIRECTION('',(0.,0.,1.));
#12880 = ORIENTED_EDGE('',*,*,#12881,.T.);
#12881 = EDGE_CURVE('',#12874,#12762,#12882,.T.);
#12882 = LINE('',#12883,#12884);
#12883 = CARTESIAN_POINT('',(100.5,148.5,209.));
#12884 = VECTOR('',#12885,1.);
#12885 = DIRECTION('',(-0.,1.,0.));
#12886 = ORIENTED_EDGE('',*,*,#12769,.F.);
#12887 = ORIENTED_EDGE('',*,*,#11876,.T.);
#12888 = ORIENTED_EDGE('',*,*,#12684,.T.);
#12889 = PLANE('',#12890);
#12890 = AXIS2_PLACEMENT_3D('',#12891,#12892,#12893);
#12891 = CARTESIAN_POINT('',(100.5,148.5,209.));
#12892 = DIRECTION('',(1.,0.,-0.));
#12893 = DIRECTION('',(0.,0.,1.));
#12894 = ADVANCED_FACE('',(#12895),#12929,.F.);
#12895 = FACE_BOUND('',#12896,.F.);
#12896 = EDGE_LOOP('',(#12897,#12907,#12915,#12921,#12922,#12923));
#12897 = ORIENTED_EDGE('',*,*,#12898,.F.);
#12898 = EDGE_CURVE('',#12899,#12901,#12903,.T.);
#12899 = VERTEX_POINT('',#12900);
#12900 = CARTESIAN_POINT('',(143.5,148.,161.5));
#12901 = VERTEX_POINT('',#12902);
#12902 = CARTESIAN_POINT('',(143.5,148.,165.7));
#12903 = LINE('',#12904,#12905);
#12904 = CARTESIAN_POINT('',(143.5,148.,161.5));
#12905 = VECTOR('',#12906,1.);
#12906 = DIRECTION('',(0.,0.,1.));
#12907 = ORIENTED_EDGE('',*,*,#12908,.T.);
#12908 = EDGE_CURVE('',#12899,#12909,#12911,.T.);
#12909 = VERTEX_POINT('',#12910);
#12910 = CARTESIAN_POINT('',(143.5,149.8,161.5));
#12911 = LINE('',#12912,#12913);
#12912 = CARTESIAN_POINT('',(143.5,148.,161.5));
#12913 = VECTOR('',#12914,1.);
#12914 = DIRECTION('',(-0.,1.,0.));
#12915 = ORIENTED_EDGE('',*,*,#12916,.T.);
#12916 = EDGE_CURVE('',#12909,#11997,#12917,.T.);
#12917 = LINE('',#12918,#12919);
#12918 = CARTESIAN_POINT('',(143.5,149.8,161.5));
#12919 = VECTOR('',#12920,1.);
#12920 = DIRECTION('',(0.,0.,1.));
#12921 = ORIENTED_EDGE('',*,*,#12004,.F.);
#12922 = ORIENTED_EDGE('',*,*,#12778,.F.);
#12923 = ORIENTED_EDGE('',*,*,#12924,.F.);
#12924 = EDGE_CURVE('',#12901,#12779,#12925,.T.);
#12925 = LINE('',#12926,#12927);
#12926 = CARTESIAN_POINT('',(143.5,148.,165.7));
#12927 = VECTOR('',#12928,1.);
#12928 = DIRECTION('',(-0.,1.,0.));
#12929 = PLANE('',#12930);
#12930 = AXIS2_PLACEMENT_3D('',#12931,#12932,#12933);
#12931 = CARTESIAN_POINT('',(143.5,148.,161.5));
#12932 = DIRECTION('',(1.,0.,-0.));
#12933 = DIRECTION('',(0.,0.,1.));
#12934 = ADVANCED_FACE('',(#12935),#12953,.F.);
#12935 = FACE_BOUND('',#12936,.F.);
#12936 = EDGE_LOOP('',(#12937,#12938,#12946,#12952));
#12937 = ORIENTED_EDGE('',*,*,#12916,.F.);
#12938 = ORIENTED_EDGE('',*,*,#12939,.F.);
#12939 = EDGE_CURVE('',#12940,#12909,#12942,.T.);
#12940 = VERTEX_POINT('',#12941);
#12941 = CARTESIAN_POINT('',(124.5,149.8,161.5));
#12942 = LINE('',#12943,#12944);
#12943 = CARTESIAN_POINT('',(124.5,149.8,161.5));
#12944 = VECTOR('',#12945,1.);
#12945 = DIRECTION('',(1.,0.,-0.));
#12946 = ORIENTED_EDGE('',*,*,#12947,.T.);
#12947 = EDGE_CURVE('',#12940,#11989,#12948,.T.);
#12948 = LINE('',#12949,#12950);
#12949 = CARTESIAN_POINT('',(124.5,149.8,161.5));
#12950 = VECTOR('',#12951,1.);
#12951 = DIRECTION('',(0.,0.,1.));
#12952 = ORIENTED_EDGE('',*,*,#11996,.F.);
#12953 = PLANE('',#12954);
#12954 = AXIS2_PLACEMENT_3D('',#12955,#12956,#12957);
#12955 = CARTESIAN_POINT('',(124.5,149.8,161.5));
#12956 = DIRECTION('',(-0.,1.,0.));
#12957 = DIRECTION('',(0.,0.,1.));
#12958 = ADVANCED_FACE('',(#12959),#12986,.T.);
#12959 = FACE_BOUND('',#12960,.T.);
#12960 = EDGE_LOOP('',(#12961,#12971,#12977,#12978,#12979,#12980));
#12961 = ORIENTED_EDGE('',*,*,#12962,.F.);
#12962 = EDGE_CURVE('',#12963,#12965,#12967,.T.);
#12963 = VERTEX_POINT('',#12964);
#12964 = CARTESIAN_POINT('',(124.5,148.,161.5));
#12965 = VERTEX_POINT('',#12966);
#12966 = CARTESIAN_POINT('',(124.5,148.,165.7));
#12967 = LINE('',#12968,#12969);
#12968 = CARTESIAN_POINT('',(124.5,148.,161.5));
#12969 = VECTOR('',#12970,1.);
#12970 = DIRECTION('',(0.,0.,1.));
#12971 = ORIENTED_EDGE('',*,*,#12972,.T.);
#12972 = EDGE_CURVE('',#12963,#12940,#12973,.T.);
#12973 = LINE('',#12974,#12975);
#12974 = CARTESIAN_POINT('',(124.5,148.,161.5));
#12975 = VECTOR('',#12976,1.);
#12976 = DIRECTION('',(-0.,1.,0.));
#12977 = ORIENTED_EDGE('',*,*,#12947,.T.);
#12978 = ORIENTED_EDGE('',*,*,#11988,.F.);
#12979 = ORIENTED_EDGE('',*,*,#12794,.F.);
#12980 = ORIENTED_EDGE('',*,*,#12981,.F.);
#12981 = EDGE_CURVE('',#12965,#12787,#12982,.T.);
#12982 = LINE('',#12983,#12984);
#12983 = CARTESIAN_POINT('',(124.5,148.,165.7));
#12984 = VECTOR('',#12985,1.);
#12985 = DIRECTION('',(-0.,1.,0.));
#12986 = PLANE('',#12987);
#12987 = AXIS2_PLACEMENT_3D('',#12988,#12989,#12990);
#12988 = CARTESIAN_POINT('',(124.5,148.,161.5));
#12989 = DIRECTION('',(1.,0.,-0.));
#12990 = DIRECTION('',(0.,0.,1.));
#12991 = ADVANCED_FACE('',(#12992),#13026,.F.);
#12992 = FACE_BOUND('',#12993,.F.);
#12993 = EDGE_LOOP('',(#12994,#13004,#13012,#13018,#13019,#13020));
#12994 = ORIENTED_EDGE('',*,*,#12995,.F.);
#12995 = EDGE_CURVE('',#12996,#12998,#13000,.T.);
#12996 = VERTEX_POINT('',#12997);
#12997 = CARTESIAN_POINT('',(61.5,148.,161.5));
#12998 = VERTEX_POINT('',#12999);
#12999 = CARTESIAN_POINT('',(61.5,148.,165.7));
#13000 = LINE('',#13001,#13002);
#13001 = CARTESIAN_POINT('',(61.5,148.,161.5));
#13002 = VECTOR('',#13003,1.);
#13003 = DIRECTION('',(0.,0.,1.));
#13004 = ORIENTED_EDGE('',*,*,#13005,.T.);
#13005 = EDGE_CURVE('',#12996,#13006,#13008,.T.);
#13006 = VERTEX_POINT('',#13007);
#13007 = CARTESIAN_POINT('',(61.5,149.8,161.5));
#13008 = LINE('',#13009,#13010);
#13009 = CARTESIAN_POINT('',(61.5,148.,161.5));
#13010 = VECTOR('',#13011,1.);
#13011 = DIRECTION('',(-0.,1.,0.));
#13012 = ORIENTED_EDGE('',*,*,#13013,.T.);
#13013 = EDGE_CURVE('',#13006,#11965,#13014,.T.);
#13014 = LINE('',#13015,#13016);
#13015 = CARTESIAN_POINT('',(61.5,149.8,161.5));
#13016 = VECTOR('',#13017,1.);
#13017 = DIRECTION('',(0.,0.,1.));
#13018 = ORIENTED_EDGE('',*,*,#11972,.F.);
#13019 = ORIENTED_EDGE('',*,*,#12801,.F.);
#13020 = ORIENTED_EDGE('',*,*,#13021,.F.);
#13021 = EDGE_CURVE('',#12998,#12802,#13022,.T.);
#13022 = LINE('',#13023,#13024);
#13023 = CARTESIAN_POINT('',(61.5,148.,165.7));
#13024 = VECTOR('',#13025,1.);
#13025 = DIRECTION('',(-0.,1.,0.));
#13026 = PLANE('',#13027);
#13027 = AXIS2_PLACEMENT_3D('',#13028,#13029,#13030);
#13028 = CARTESIAN_POINT('',(61.5,148.,161.5));
#13029 = DIRECTION('',(1.,0.,-0.));
#13030 = DIRECTION('',(0.,0.,1.));
#13031 = ADVANCED_FACE('',(#13032),#13050,.F.);
#13032 = FACE_BOUND('',#13033,.F.);
#13033 = EDGE_LOOP('',(#13034,#13035,#13043,#13049));
#13034 = ORIENTED_EDGE('',*,*,#13013,.F.);
#13035 = ORIENTED_EDGE('',*,*,#13036,.F.);
#13036 = EDGE_CURVE('',#13037,#13006,#13039,.T.);
#13037 = VERTEX_POINT('',#13038);
#13038 = CARTESIAN_POINT('',(42.5,149.8,161.5));
#13039 = LINE('',#13040,#13041);
#13040 = CARTESIAN_POINT('',(42.5,149.8,161.5));
#13041 = VECTOR('',#13042,1.);
#13042 = DIRECTION('',(1.,0.,-0.));
#13043 = ORIENTED_EDGE('',*,*,#13044,.T.);
#13044 = EDGE_CURVE('',#13037,#11957,#13045,.T.);
#13045 = LINE('',#13046,#13047);
#13046 = CARTESIAN_POINT('',(42.5,149.8,161.5));
#13047 = VECTOR('',#13048,1.);
#13048 = DIRECTION('',(0.,0.,1.));
#13049 = ORIENTED_EDGE('',*,*,#11964,.F.);
#13050 = PLANE('',#13051);
#13051 = AXIS2_PLACEMENT_3D('',#13052,#13053,#13054);
#13052 = CARTESIAN_POINT('',(42.5,149.8,161.5));
#13053 = DIRECTION('',(-0.,1.,0.));
#13054 = DIRECTION('',(0.,0.,1.));
#13055 = ADVANCED_FACE('',(#13056),#13083,.T.);
#13056 = FACE_BOUND('',#13057,.T.);
#13057 = EDGE_LOOP('',(#13058,#13068,#13074,#13075,#13076,#13077));
#13058 = ORIENTED_EDGE('',*,*,#13059,.F.);
#13059 = EDGE_CURVE('',#13060,#13062,#13064,.T.);
#13060 = VERTEX_POINT('',#13061);
#13061 = CARTESIAN_POINT('',(42.5,148.,161.5));
#13062 = VERTEX_POINT('',#13063);
#13063 = CARTESIAN_POINT('',(42.5,148.,165.7));
#13064 = LINE('',#13065,#13066);
#13065 = CARTESIAN_POINT('',(42.5,148.,161.5));
#13066 = VECTOR('',#13067,1.);
#13067 = DIRECTION('',(0.,0.,1.));
#13068 = ORIENTED_EDGE('',*,*,#13069,.T.);
#13069 = EDGE_CURVE('',#13060,#13037,#13070,.T.);
#13070 = LINE('',#13071,#13072);
#13071 = CARTESIAN_POINT('',(42.5,148.,161.5));
#13072 = VECTOR('',#13073,1.);
#13073 = DIRECTION('',(-0.,1.,0.));
#13074 = ORIENTED_EDGE('',*,*,#13044,.T.);
#13075 = ORIENTED_EDGE('',*,*,#11956,.F.);
#13076 = ORIENTED_EDGE('',*,*,#12817,.F.);
#13077 = ORIENTED_EDGE('',*,*,#13078,.F.);
#13078 = EDGE_CURVE('',#13062,#12810,#13079,.T.);
#13079 = LINE('',#13080,#13081);
#13080 = CARTESIAN_POINT('',(42.5,148.,165.7));
#13081 = VECTOR('',#13082,1.);
#13082 = DIRECTION('',(-0.,1.,0.));
#13083 = PLANE('',#13084);
#13084 = AXIS2_PLACEMENT_3D('',#13085,#13086,#13087);
#13085 = CARTESIAN_POINT('',(42.5,148.,161.5));
#13086 = DIRECTION('',(1.,0.,-0.));
#13087 = DIRECTION('',(0.,0.,1.));
#13088 = ADVANCED_FACE('',(#13089),#13114,.T.);
#13089 = FACE_BOUND('',#13090,.T.);
#13090 = EDGE_LOOP('',(#13091,#13099,#13100,#13108));
#13091 = ORIENTED_EDGE('',*,*,#13092,.F.);
#13092 = EDGE_CURVE('',#12057,#13093,#13095,.T.);
#13093 = VERTEX_POINT('',#13094);
#13094 = CARTESIAN_POINT('',(183.9,2.1,138.));
#13095 = LINE('',#13096,#13097);
#13096 = CARTESIAN_POINT('',(183.9,2.1,132.5));
#13097 = VECTOR('',#13098,1.);
#13098 = DIRECTION('',(0.,0.,1.));
#13099 = ORIENTED_EDGE('',*,*,#12056,.T.);
#13100 = ORIENTED_EDGE('',*,*,#13101,.T.);
#13101 = EDGE_CURVE('',#12059,#13102,#13104,.T.);
#13102 = VERTEX_POINT('',#13103);
#13103 = CARTESIAN_POINT('',(2.1,2.1,138.));
#13104 = LINE('',#13105,#13106);
#13105 = CARTESIAN_POINT('',(2.1,2.1,132.5));
#13106 = VECTOR('',#13107,1.);
#13107 = DIRECTION('',(0.,0.,1.));
#13108 = ORIENTED_EDGE('',*,*,#13109,.F.);
#13109 = EDGE_CURVE('',#13093,#13102,#13110,.T.);
#13110 = LINE('',#13111,#13112);
#13111 = CARTESIAN_POINT('',(1.05,2.1,138.));
#13112 = VECTOR('',#13113,1.);
#13113 = DIRECTION('',(-1.,-0.,0.));
#13114 = PLANE('',#13115);
#13115 = AXIS2_PLACEMENT_3D('',#13116,#13117,#13118);
#13116 = CARTESIAN_POINT('',(2.1,2.1,132.5));
#13117 = DIRECTION('',(-0.,1.,0.));
#13118 = DIRECTION('',(0.,0.,1.));
#13119 = ADVANCED_FACE('',(#13120),#13154,.F.);
#13120 = FACE_BOUND('',#13121,.F.);
#13121 = EDGE_LOOP('',(#13122,#13123,#13124,#13132,#13140,#13148));
#13122 = ORIENTED_EDGE('',*,*,#13092,.F.);
#13123 = ORIENTED_EDGE('',*,*,#12082,.T.);
#13124 = ORIENTED_EDGE('',*,*,#13125,.T.);
#13125 = EDGE_CURVE('',#12075,#13126,#13128,.T.);
#13126 = VERTEX_POINT('',#13127);
#13127 = CARTESIAN_POINT('',(183.9,149.4,138.));
#13128 = LINE('',#13129,#13130);
#13129 = CARTESIAN_POINT('',(183.9,149.4,132.5));
#13130 = VECTOR('',#13131,1.);
#13131 = DIRECTION('',(0.,0.,1.));
#13132 = ORIENTED_EDGE('',*,*,#13133,.F.);
#13133 = EDGE_CURVE('',#13134,#13126,#13136,.T.);
#13134 = VERTEX_POINT('',#13135);
#13135 = CARTESIAN_POINT('',(183.9,105.5,138.));
#13136 = LINE('',#13137,#13138);
#13137 = CARTESIAN_POINT('',(183.9,1.05,138.));
#13138 = VECTOR('',#13139,1.);
#13139 = DIRECTION('',(-0.,1.,0.));
#13140 = ORIENTED_EDGE('',*,*,#13141,.F.);
#13141 = EDGE_CURVE('',#13142,#13134,#13144,.T.);
#13142 = VERTEX_POINT('',#13143);
#13143 = CARTESIAN_POINT('',(183.9,94.5,138.));
#13144 = LINE('',#13145,#13146);
#13145 = CARTESIAN_POINT('',(183.9,1.05,138.));
#13146 = VECTOR('',#13147,1.);
#13147 = DIRECTION('',(-0.,1.,0.));
#13148 = ORIENTED_EDGE('',*,*,#13149,.F.);
#13149 = EDGE_CURVE('',#13093,#13142,#13150,.T.);
#13150 = LINE('',#13151,#13152);
#13151 = CARTESIAN_POINT('',(183.9,1.05,138.));
#13152 = VECTOR('',#13153,1.);
#13153 = DIRECTION('',(-0.,1.,0.));
#13154 = PLANE('',#13155);
#13155 = AXIS2_PLACEMENT_3D('',#13156,#13157,#13158);
#13156 = CARTESIAN_POINT('',(183.9,2.1,132.5));
#13157 = DIRECTION('',(1.,0.,-0.));
#13158 = DIRECTION('',(0.,0.,1.));
#13159 = ADVANCED_FACE('',(#13160),#13178,.F.);
#13160 = FACE_BOUND('',#13161,.F.);
#13161 = EDGE_LOOP('',(#13162,#13163,#13164,#13172));
#13162 = ORIENTED_EDGE('',*,*,#13125,.F.);
#13163 = ORIENTED_EDGE('',*,*,#12074,.T.);
#13164 = ORIENTED_EDGE('',*,*,#13165,.T.);
#13165 = EDGE_CURVE('',#12067,#13166,#13168,.T.);
#13166 = VERTEX_POINT('',#13167);
#13167 = CARTESIAN_POINT('',(2.1,149.4,138.));
#13168 = LINE('',#13169,#13170);
#13169 = CARTESIAN_POINT('',(2.1,149.4,132.5));
#13170 = VECTOR('',#13171,1.);
#13171 = DIRECTION('',(0.,0.,1.));
#13172 = ORIENTED_EDGE('',*,*,#13173,.F.);
#13173 = EDGE_CURVE('',#13126,#13166,#13174,.T.);
#13174 = LINE('',#13175,#13176);
#13175 = CARTESIAN_POINT('',(1.05,149.4,138.));
#13176 = VECTOR('',#13177,1.);
#13177 = DIRECTION('',(-1.,-0.,0.));
#13178 = PLANE('',#13179);
#13179 = AXIS2_PLACEMENT_3D('',#13180,#13181,#13182);
#13180 = CARTESIAN_POINT('',(2.1,149.4,132.5));
#13181 = DIRECTION('',(-0.,1.,0.));
#13182 = DIRECTION('',(0.,0.,1.));
#13183 = ADVANCED_FACE('',(#13184),#13211,.T.);
#13184 = FACE_BOUND('',#13185,.T.);
#13185 = EDGE_LOOP('',(#13186,#13187,#13188,#13189,#13197,#13205));
#13186 = ORIENTED_EDGE('',*,*,#13101,.F.);
#13187 = ORIENTED_EDGE('',*,*,#12066,.T.);
#13188 = ORIENTED_EDGE('',*,*,#13165,.T.);
#13189 = ORIENTED_EDGE('',*,*,#13190,.F.);
#13190 = EDGE_CURVE('',#13191,#13166,#13193,.T.);
#13191 = VERTEX_POINT('',#13192);
#13192 = CARTESIAN_POINT('',(2.1,105.5,138.));
#13193 = LINE('',#13194,#13195);
#13194 = CARTESIAN_POINT('',(2.1,1.05,138.));
#13195 = VECTOR('',#13196,1.);
#13196 = DIRECTION('',(-0.,1.,0.));
#13197 = ORIENTED_EDGE('',*,*,#13198,.F.);
#13198 = EDGE_CURVE('',#13199,#13191,#13201,.T.);
#13199 = VERTEX_POINT('',#13200);
#13200 = CARTESIAN_POINT('',(2.1,94.5,138.));
#13201 = LINE('',#13202,#13203);
#13202 = CARTESIAN_POINT('',(2.1,1.05,138.));
#13203 = VECTOR('',#13204,1.);
#13204 = DIRECTION('',(-0.,1.,0.));
#13205 = ORIENTED_EDGE('',*,*,#13206,.F.);
#13206 = EDGE_CURVE('',#13102,#13199,#13207,.T.);
#13207 = LINE('',#13208,#13209);
#13208 = CARTESIAN_POINT('',(2.1,1.05,138.));
#13209 = VECTOR('',#13210,1.);
#13210 = DIRECTION('',(-0.,1.,0.));
#13211 = PLANE('',#13212);
#13212 = AXIS2_PLACEMENT_3D('',#13213,#13214,#13215);
#13213 = CARTESIAN_POINT('',(2.1,2.1,132.5));
#13214 = DIRECTION('',(1.,0.,-0.));
#13215 = DIRECTION('',(0.,0.,1.));
#13216 = ADVANCED_FACE('',(#13217),#13290,.T.);
#13217 = FACE_BOUND('',#13218,.T.);
#13218 = EDGE_LOOP('',(#13219,#13229,#13237,#13245,#13253,#13259,#13260,
    #13268,#13276,#13284));
#13219 = ORIENTED_EDGE('',*,*,#13220,.F.);
#13220 = EDGE_CURVE('',#13221,#13223,#13225,.T.);
#13221 = VERTEX_POINT('',#13222);
#13222 = CARTESIAN_POINT('',(3.,3.5,146.));
#13223 = VERTEX_POINT('',#13224);
#13224 = CARTESIAN_POINT('',(3.,3.5,185.));
#13225 = LINE('',#13226,#13227);
#13226 = CARTESIAN_POINT('',(3.,3.5,137.));
#13227 = VECTOR('',#13228,1.);
#13228 = DIRECTION('',(0.,0.,1.));
#13229 = ORIENTED_EDGE('',*,*,#13230,.T.);
#13230 = EDGE_CURVE('',#13221,#13231,#13233,.T.);
#13231 = VERTEX_POINT('',#13232);
#13232 = CARTESIAN_POINT('',(3.,14.5,146.));
#13233 = LINE('',#13234,#13235);
#13234 = CARTESIAN_POINT('',(3.,3.5,146.));
#13235 = VECTOR('',#13236,1.);
#13236 = DIRECTION('',(-0.,1.,0.));
#13237 = ORIENTED_EDGE('',*,*,#13238,.F.);
#13238 = EDGE_CURVE('',#13239,#13231,#13241,.T.);
#13239 = VERTEX_POINT('',#13240);
#13240 = CARTESIAN_POINT('',(3.,14.5,138.));
#13241 = LINE('',#13242,#13243);
#13242 = CARTESIAN_POINT('',(3.,14.5,138.));
#13243 = VECTOR('',#13244,1.);
#13244 = DIRECTION('',(0.,0.,1.));
#13245 = ORIENTED_EDGE('',*,*,#13246,.T.);
#13246 = EDGE_CURVE('',#13239,#13247,#13249,.T.);
#13247 = VERTEX_POINT('',#13248);
#13248 = CARTESIAN_POINT('',(3.,48.5,138.));
#13249 = LINE('',#13250,#13251);
#13250 = CARTESIAN_POINT('',(3.,1.75,138.));
#13251 = VECTOR('',#13252,1.);
#13252 = DIRECTION('',(-0.,1.,0.));
#13253 = ORIENTED_EDGE('',*,*,#13254,.T.);
#13254 = EDGE_CURVE('',#13247,#12130,#13255,.T.);
#13255 = LINE('',#13256,#13257);
#13256 = CARTESIAN_POINT('',(3.,48.5,137.));
#13257 = VECTOR('',#13258,1.);
#13258 = DIRECTION('',(0.,0.,1.));
#13259 = ORIENTED_EDGE('',*,*,#12127,.F.);
#13260 = ORIENTED_EDGE('',*,*,#13261,.F.);
#13261 = EDGE_CURVE('',#13262,#12128,#13264,.T.);
#13262 = VERTEX_POINT('',#13263);
#13263 = CARTESIAN_POINT('',(3.,3.5,200.));
#13264 = LINE('',#13265,#13266);
#13265 = CARTESIAN_POINT('',(3.,3.5,137.));
#13266 = VECTOR('',#13267,1.);
#13267 = DIRECTION('',(0.,0.,1.));
#13268 = ORIENTED_EDGE('',*,*,#13269,.T.);
#13269 = EDGE_CURVE('',#13262,#13270,#13272,.T.);
#13270 = VERTEX_POINT('',#13271);
#13271 = CARTESIAN_POINT('',(3.,5.5,200.));
#13272 = LINE('',#13273,#13274);
#13273 = CARTESIAN_POINT('',(3.,3.5,200.));
#13274 = VECTOR('',#13275,1.);
#13275 = DIRECTION('',(-0.,1.,0.));
#13276 = ORIENTED_EDGE('',*,*,#13277,.F.);
#13277 = EDGE_CURVE('',#13278,#13270,#13280,.T.);
#13278 = VERTEX_POINT('',#13279);
#13279 = CARTESIAN_POINT('',(3.,5.5,185.));
#13280 = LINE('',#13281,#13282);
#13281 = CARTESIAN_POINT('',(3.,5.5,185.));
#13282 = VECTOR('',#13283,1.);
#13283 = DIRECTION('',(0.,0.,1.));
#13284 = ORIENTED_EDGE('',*,*,#13285,.F.);
#13285 = EDGE_CURVE('',#13223,#13278,#13286,.T.);
#13286 = LINE('',#13287,#13288);
#13287 = CARTESIAN_POINT('',(3.,3.5,185.));
#13288 = VECTOR('',#13289,1.);
#13289 = DIRECTION('',(-0.,1.,0.));
#13290 = PLANE('',#13291);
#13291 = AXIS2_PLACEMENT_3D('',#13292,#13293,#13294);
#13292 = CARTESIAN_POINT('',(3.,3.5,137.));
#13293 = DIRECTION('',(1.,0.,-0.));
#13294 = DIRECTION('',(0.,0.,1.));
#13295 = ADVANCED_FACE('',(#13296,#13314),#13348,.F.);
#13296 = FACE_BOUND('',#13297,.F.);
#13297 = EDGE_LOOP('',(#13298,#13306,#13312,#13313));
#13298 = ORIENTED_EDGE('',*,*,#13299,.F.);
#13299 = EDGE_CURVE('',#13300,#12146,#13302,.T.);
#13300 = VERTEX_POINT('',#13301);
#13301 = CARTESIAN_POINT('',(183.,48.5,138.));
#13302 = LINE('',#13303,#13304);
#13303 = CARTESIAN_POINT('',(183.,48.5,137.));
#13304 = VECTOR('',#13305,1.);
#13305 = DIRECTION('',(0.,0.,1.));
#13306 = ORIENTED_EDGE('',*,*,#13307,.T.);
#13307 = EDGE_CURVE('',#13300,#13247,#13308,.T.);
#13308 = LINE('',#13309,#13310);
#13309 = CARTESIAN_POINT('',(1.5,48.5,138.));
#13310 = VECTOR('',#13311,1.);
#13311 = DIRECTION('',(-1.,-0.,0.));
#13312 = ORIENTED_EDGE('',*,*,#13254,.T.);
#13313 = ORIENTED_EDGE('',*,*,#12153,.T.);
#13314 = FACE_BOUND('',#13315,.F.);
#13315 = EDGE_LOOP('',(#13316,#13326,#13334,#13342));
#13316 = ORIENTED_EDGE('',*,*,#13317,.F.);
#13317 = EDGE_CURVE('',#13318,#13320,#13322,.T.);
#13318 = VERTEX_POINT('',#13319);
#13319 = CARTESIAN_POINT('',(134.,48.5,166.));
#13320 = VERTEX_POINT('',#13321);
#13321 = CARTESIAN_POINT('',(164.,48.5,166.));
#13322 = LINE('',#13323,#13324);
#13323 = CARTESIAN_POINT('',(68.5,48.5,166.));
#13324 = VECTOR('',#13325,1.);
#13325 = DIRECTION('',(1.,0.,-0.));
#13326 = ORIENTED_EDGE('',*,*,#13327,.T.);
#13327 = EDGE_CURVE('',#13318,#13328,#13330,.T.);
#13328 = VERTEX_POINT('',#13329);
#13329 = CARTESIAN_POINT('',(134.,48.5,140.));
#13330 = LINE('',#13331,#13332);
#13331 = CARTESIAN_POINT('',(134.,48.5,138.5));
#13332 = VECTOR('',#13333,1.);
#13333 = DIRECTION('',(-0.,0.,-1.));
#13334 = ORIENTED_EDGE('',*,*,#13335,.T.);
#13335 = EDGE_CURVE('',#13328,#13336,#13338,.T.);
#13336 = VERTEX_POINT('',#13337);
#13337 = CARTESIAN_POINT('',(164.,48.5,140.));
#13338 = LINE('',#13339,#13340);
#13339 = CARTESIAN_POINT('',(68.5,48.5,140.));
#13340 = VECTOR('',#13341,1.);
#13341 = DIRECTION('',(1.,0.,-0.));
#13342 = ORIENTED_EDGE('',*,*,#13343,.F.);
#13343 = EDGE_CURVE('',#13320,#13336,#13344,.T.);
#13344 = LINE('',#13345,#13346);
#13345 = CARTESIAN_POINT('',(164.,48.5,138.5));
#13346 = VECTOR('',#13347,1.);
#13347 = DIRECTION('',(-0.,0.,-1.));
#13348 = PLANE('',#13349);
#13349 = AXIS2_PLACEMENT_3D('',#13350,#13351,#13352);
#13350 = CARTESIAN_POINT('',(3.,48.5,137.));
#13351 = DIRECTION('',(-0.,1.,0.));
#13352 = DIRECTION('',(0.,0.,1.));
#13353 = ADVANCED_FACE('',(#13354),#13427,.T.);
#13354 = FACE_BOUND('',#13355,.T.);
#13355 = EDGE_LOOP('',(#13356,#13364,#13372,#13380,#13388,#13396,#13402,
    #13403,#13411,#13419,#13425,#13426));
#13356 = ORIENTED_EDGE('',*,*,#13357,.F.);
#13357 = EDGE_CURVE('',#13358,#12138,#13360,.T.);
#13358 = VERTEX_POINT('',#13359);
#13359 = CARTESIAN_POINT('',(183.,3.5,146.));
#13360 = LINE('',#13361,#13362);
#13361 = CARTESIAN_POINT('',(183.,3.5,137.));
#13362 = VECTOR('',#13363,1.);
#13363 = DIRECTION('',(0.,0.,1.));
#13364 = ORIENTED_EDGE('',*,*,#13365,.F.);
#13365 = EDGE_CURVE('',#13366,#13358,#13368,.T.);
#13366 = VERTEX_POINT('',#13367);
#13367 = CARTESIAN_POINT('',(170.,3.5,146.));
#13368 = LINE('',#13369,#13370);
#13369 = CARTESIAN_POINT('',(170.,3.5,146.));
#13370 = VECTOR('',#13371,1.);
#13371 = DIRECTION('',(1.,0.,-0.));
#13372 = ORIENTED_EDGE('',*,*,#13373,.F.);
#13373 = EDGE_CURVE('',#13374,#13366,#13376,.T.);
#13374 = VERTEX_POINT('',#13375);
#13375 = CARTESIAN_POINT('',(170.,3.5,138.));
#13376 = LINE('',#13377,#13378);
#13377 = CARTESIAN_POINT('',(170.,3.5,138.));
#13378 = VECTOR('',#13379,1.);
#13379 = DIRECTION('',(0.,0.,1.));
#13380 = ORIENTED_EDGE('',*,*,#13381,.T.);
#13381 = EDGE_CURVE('',#13374,#13382,#13384,.T.);
#13382 = VERTEX_POINT('',#13383);
#13383 = CARTESIAN_POINT('',(16.,3.5,138.));
#13384 = LINE('',#13385,#13386);
#13385 = CARTESIAN_POINT('',(1.5,3.5,138.));
#13386 = VECTOR('',#13387,1.);
#13387 = DIRECTION('',(-1.,-0.,0.));
#13388 = ORIENTED_EDGE('',*,*,#13389,.T.);
#13389 = EDGE_CURVE('',#13382,#13390,#13392,.T.);
#13390 = VERTEX_POINT('',#13391);
#13391 = CARTESIAN_POINT('',(16.,3.5,146.));
#13392 = LINE('',#13393,#13394);
#13393 = CARTESIAN_POINT('',(16.,3.5,138.));
#13394 = VECTOR('',#13395,1.);
#13395 = DIRECTION('',(0.,0.,1.));
#13396 = ORIENTED_EDGE('',*,*,#13397,.F.);
#13397 = EDGE_CURVE('',#13221,#13390,#13398,.T.);
#13398 = LINE('',#13399,#13400);
#13399 = CARTESIAN_POINT('',(3.,3.5,146.));
#13400 = VECTOR('',#13401,1.);
#13401 = DIRECTION('',(1.,0.,-0.));
#13402 = ORIENTED_EDGE('',*,*,#13220,.T.);
#13403 = ORIENTED_EDGE('',*,*,#13404,.T.);
#13404 = EDGE_CURVE('',#13223,#13405,#13407,.T.);
#13405 = VERTEX_POINT('',#13406);
#13406 = CARTESIAN_POINT('',(88.5,3.5,185.));
#13407 = LINE('',#13408,#13409);
#13408 = CARTESIAN_POINT('',(3.,3.5,185.));
#13409 = VECTOR('',#13410,1.);
#13410 = DIRECTION('',(1.,0.,-0.));
#13411 = ORIENTED_EDGE('',*,*,#13412,.T.);
#13412 = EDGE_CURVE('',#13405,#13413,#13415,.T.);
#13413 = VERTEX_POINT('',#13414);
#13414 = CARTESIAN_POINT('',(88.5,3.5,200.));
#13415 = LINE('',#13416,#13417);
#13416 = CARTESIAN_POINT('',(88.5,3.5,185.));
#13417 = VECTOR('',#13418,1.);
#13418 = DIRECTION('',(0.,0.,1.));
#13419 = ORIENTED_EDGE('',*,*,#13420,.F.);
#13420 = EDGE_CURVE('',#13262,#13413,#13421,.T.);
#13421 = LINE('',#13422,#13423);
#13422 = CARTESIAN_POINT('',(3.,3.5,200.));
#13423 = VECTOR('',#13424,1.);
#13424 = DIRECTION('',(1.,0.,-0.));
#13425 = ORIENTED_EDGE('',*,*,#13261,.T.);
#13426 = ORIENTED_EDGE('',*,*,#12137,.T.);
#13427 = PLANE('',#13428);
#13428 = AXIS2_PLACEMENT_3D('',#13429,#13430,#13431);
#13429 = CARTESIAN_POINT('',(3.,3.5,137.));
#13430 = DIRECTION('',(-0.,1.,0.));
#13431 = DIRECTION('',(0.,0.,1.));
#13432 = ADVANCED_FACE('',(#13433),#13460,.F.);
#13433 = FACE_BOUND('',#13434,.F.);
#13434 = EDGE_LOOP('',(#13435,#13436,#13444,#13452,#13458,#13459));
#13435 = ORIENTED_EDGE('',*,*,#13357,.F.);
#13436 = ORIENTED_EDGE('',*,*,#13437,.T.);
#13437 = EDGE_CURVE('',#13358,#13438,#13440,.T.);
#13438 = VERTEX_POINT('',#13439);
#13439 = CARTESIAN_POINT('',(183.,14.5,146.));
#13440 = LINE('',#13441,#13442);
#13441 = CARTESIAN_POINT('',(183.,3.5,146.));
#13442 = VECTOR('',#13443,1.);
#13443 = DIRECTION('',(-0.,1.,0.));
#13444 = ORIENTED_EDGE('',*,*,#13445,.F.);
#13445 = EDGE_CURVE('',#13446,#13438,#13448,.T.);
#13446 = VERTEX_POINT('',#13447);
#13447 = CARTESIAN_POINT('',(183.,14.5,138.));
#13448 = LINE('',#13449,#13450);
#13449 = CARTESIAN_POINT('',(183.,14.5,138.));
#13450 = VECTOR('',#13451,1.);
#13451 = DIRECTION('',(0.,0.,1.));
#13452 = ORIENTED_EDGE('',*,*,#13453,.T.);
#13453 = EDGE_CURVE('',#13446,#13300,#13454,.T.);
#13454 = LINE('',#13455,#13456);
#13455 = CARTESIAN_POINT('',(183.,1.75,138.));
#13456 = VECTOR('',#13457,1.);
#13457 = DIRECTION('',(-0.,1.,0.));
#13458 = ORIENTED_EDGE('',*,*,#13299,.T.);
#13459 = ORIENTED_EDGE('',*,*,#12145,.F.);
#13460 = PLANE('',#13461);
#13461 = AXIS2_PLACEMENT_3D('',#13462,#13463,#13464);
#13462 = CARTESIAN_POINT('',(183.,3.5,137.));
#13463 = DIRECTION('',(1.,0.,-0.));
#13464 = DIRECTION('',(0.,0.,1.));
#13465 = ADVANCED_FACE('',(#13466),#13491,.T.);
#13466 = FACE_BOUND('',#13467,.T.);
#13467 = EDGE_LOOP('',(#13468,#13476,#13484,#13490));
#13468 = ORIENTED_EDGE('',*,*,#13469,.F.);
#13469 = EDGE_CURVE('',#13470,#12179,#13472,.T.);
#13470 = VERTEX_POINT('',#13471);
#13471 = CARTESIAN_POINT('',(20.,54.,141.));
#13472 = LINE('',#13473,#13474);
#13473 = CARTESIAN_POINT('',(20.,54.,137.));
#13474 = VECTOR('',#13475,1.);
#13475 = DIRECTION('',(0.,0.,1.));
#13476 = ORIENTED_EDGE('',*,*,#13477,.T.);
#13477 = EDGE_CURVE('',#13470,#13478,#13480,.T.);
#13478 = VERTEX_POINT('',#13479);
#13479 = CARTESIAN_POINT('',(20.,148.,141.));
#13480 = LINE('',#13481,#13482);
#13481 = CARTESIAN_POINT('',(20.,54.,141.));
#13482 = VECTOR('',#13483,1.);
#13483 = DIRECTION('',(-0.,1.,0.));
#13484 = ORIENTED_EDGE('',*,*,#13485,.T.);
#13485 = EDGE_CURVE('',#13478,#12181,#13486,.T.);
#13486 = LINE('',#13487,#13488);
#13487 = CARTESIAN_POINT('',(20.,148.,137.));
#13488 = VECTOR('',#13489,1.);
#13489 = DIRECTION('',(0.,0.,1.));
#13490 = ORIENTED_EDGE('',*,*,#12178,.F.);
#13491 = PLANE('',#13492);
#13492 = AXIS2_PLACEMENT_3D('',#13493,#13494,#13495);
#13493 = CARTESIAN_POINT('',(20.,54.,137.));
#13494 = DIRECTION('',(1.,0.,-0.));
#13495 = DIRECTION('',(0.,0.,1.));
#13496 = ADVANCED_FACE('',(#13497,#13515,#13531,#13547),#13581,.F.);
#13497 = FACE_BOUND('',#13498,.F.);
#13498 = EDGE_LOOP('',(#13499,#13507,#13513,#13514));
#13499 = ORIENTED_EDGE('',*,*,#13500,.F.);
#13500 = EDGE_CURVE('',#13501,#12197,#13503,.T.);
#13501 = VERTEX_POINT('',#13502);
#13502 = CARTESIAN_POINT('',(166.,148.,141.));
#13503 = LINE('',#13504,#13505);
#13504 = CARTESIAN_POINT('',(166.,148.,137.));
#13505 = VECTOR('',#13506,1.);
#13506 = DIRECTION('',(0.,0.,1.));
#13507 = ORIENTED_EDGE('',*,*,#13508,.F.);
#13508 = EDGE_CURVE('',#13478,#13501,#13509,.T.);
#13509 = LINE('',#13510,#13511);
#13510 = CARTESIAN_POINT('',(20.,148.,141.));
#13511 = VECTOR('',#13512,1.);
#13512 = DIRECTION('',(1.,0.,-0.));
#13513 = ORIENTED_EDGE('',*,*,#13485,.T.);
#13514 = ORIENTED_EDGE('',*,*,#12204,.T.);
#13515 = FACE_BOUND('',#13516,.F.);
#13516 = EDGE_LOOP('',(#13517,#13518,#13524,#13525));
#13517 = ORIENTED_EDGE('',*,*,#13059,.F.);
#13518 = ORIENTED_EDGE('',*,*,#13519,.T.);
#13519 = EDGE_CURVE('',#13060,#12996,#13520,.T.);
#13520 = LINE('',#13521,#13522);
#13521 = CARTESIAN_POINT('',(42.5,148.,161.5));
#13522 = VECTOR('',#13523,1.);
#13523 = DIRECTION('',(1.,0.,-0.));
#13524 = ORIENTED_EDGE('',*,*,#12995,.T.);
#13525 = ORIENTED_EDGE('',*,*,#13526,.F.);
#13526 = EDGE_CURVE('',#13062,#12998,#13527,.T.);
#13527 = LINE('',#13528,#13529);
#13528 = CARTESIAN_POINT('',(42.5,148.,165.7));
#13529 = VECTOR('',#13530,1.);
#13530 = DIRECTION('',(1.,0.,-0.));
#13531 = FACE_BOUND('',#13532,.F.);
#13532 = EDGE_LOOP('',(#13533,#13534,#13540,#13541));
#13533 = ORIENTED_EDGE('',*,*,#12962,.F.);
#13534 = ORIENTED_EDGE('',*,*,#13535,.T.);
#13535 = EDGE_CURVE('',#12963,#12899,#13536,.T.);
#13536 = LINE('',#13537,#13538);
#13537 = CARTESIAN_POINT('',(124.5,148.,161.5));
#13538 = VECTOR('',#13539,1.);
#13539 = DIRECTION('',(1.,0.,-0.));
#13540 = ORIENTED_EDGE('',*,*,#12898,.T.);
#13541 = ORIENTED_EDGE('',*,*,#13542,.F.);
#13542 = EDGE_CURVE('',#12965,#12901,#13543,.T.);
#13543 = LINE('',#13544,#13545);
#13544 = CARTESIAN_POINT('',(124.5,148.,165.7));
#13545 = VECTOR('',#13546,1.);
#13546 = DIRECTION('',(1.,0.,-0.));
#13547 = FACE_BOUND('',#13548,.F.);
#13548 = EDGE_LOOP('',(#13549,#13559,#13567,#13575));
#13549 = ORIENTED_EDGE('',*,*,#13550,.F.);
#13550 = EDGE_CURVE('',#13551,#13553,#13555,.T.);
#13551 = VERTEX_POINT('',#13552);
#13552 = CARTESIAN_POINT('',(25.1,148.,208.5));
#13553 = VERTEX_POINT('',#13554);
#13554 = CARTESIAN_POINT('',(160.9,148.,208.5));
#13555 = LINE('',#13556,#13557);
#13556 = CARTESIAN_POINT('',(22.55,148.,208.5));
#13557 = VECTOR('',#13558,1.);
#13558 = DIRECTION('',(1.,0.,-0.));
#13559 = ORIENTED_EDGE('',*,*,#13560,.T.);
#13560 = EDGE_CURVE('',#13551,#13561,#13563,.T.);
#13561 = VERTEX_POINT('',#13562);
#13562 = CARTESIAN_POINT('',(25.1,148.,168.));
#13563 = LINE('',#13564,#13565);
#13564 = CARTESIAN_POINT('',(25.1,148.,152.5));
#13565 = VECTOR('',#13566,1.);
#13566 = DIRECTION('',(-0.,0.,-1.));
#13567 = ORIENTED_EDGE('',*,*,#13568,.T.);
#13568 = EDGE_CURVE('',#13561,#13569,#13571,.T.);
#13569 = VERTEX_POINT('',#13570);
#13570 = CARTESIAN_POINT('',(160.9,148.,168.));
#13571 = LINE('',#13572,#13573);
#13572 = CARTESIAN_POINT('',(22.55,148.,168.));
#13573 = VECTOR('',#13574,1.);
#13574 = DIRECTION('',(1.,0.,-0.));
#13575 = ORIENTED_EDGE('',*,*,#13576,.F.);
#13576 = EDGE_CURVE('',#13553,#13569,#13577,.T.);
#13577 = LINE('',#13578,#13579);
#13578 = CARTESIAN_POINT('',(160.9,148.,152.5));
#13579 = VECTOR('',#13580,1.);
#13580 = DIRECTION('',(-0.,0.,-1.));
#13581 = PLANE('',#13582);
#13582 = AXIS2_PLACEMENT_3D('',#13583,#13584,#13585);
#13583 = CARTESIAN_POINT('',(20.,148.,137.));
#13584 = DIRECTION('',(-0.,1.,0.));
#13585 = DIRECTION('',(0.,0.,1.));
#13586 = ADVANCED_FACE('',(#13587,#13701,#13735,#13897),#13931,.T.);
#13587 = FACE_BOUND('',#13588,.T.);
#13588 = EDGE_LOOP('',(#13589,#13597,#13605,#13613,#13621,#13629,#13637,
    #13645,#13653,#13661,#13669,#13677,#13685,#13693,#13699,#13700));
#13589 = ORIENTED_EDGE('',*,*,#13590,.F.);
#13590 = EDGE_CURVE('',#13591,#12189,#13593,.T.);
#13591 = VERTEX_POINT('',#13592);
#13592 = CARTESIAN_POINT('',(166.,54.,141.));
#13593 = LINE('',#13594,#13595);
#13594 = CARTESIAN_POINT('',(166.,54.,137.));
#13595 = VECTOR('',#13596,1.);
#13596 = DIRECTION('',(0.,0.,1.));
#13597 = ORIENTED_EDGE('',*,*,#13598,.F.);
#13598 = EDGE_CURVE('',#13599,#13591,#13601,.T.);
#13599 = VERTEX_POINT('',#13600);
#13600 = CARTESIAN_POINT('',(164.,54.,141.));
#13601 = LINE('',#13602,#13603);
#13602 = CARTESIAN_POINT('',(20.,54.,141.));
#13603 = VECTOR('',#13604,1.);
#13604 = DIRECTION('',(1.,0.,-0.));
#13605 = ORIENTED_EDGE('',*,*,#13606,.F.);
#13606 = EDGE_CURVE('',#13607,#13599,#13609,.T.);
#13607 = VERTEX_POINT('',#13608);
#13608 = CARTESIAN_POINT('',(164.,54.,166.));
#13609 = LINE('',#13610,#13611);
#13610 = CARTESIAN_POINT('',(164.,54.,138.5));
#13611 = VECTOR('',#13612,1.);
#13612 = DIRECTION('',(-0.,0.,-1.));
#13613 = ORIENTED_EDGE('',*,*,#13614,.F.);
#13614 = EDGE_CURVE('',#13615,#13607,#13617,.T.);
#13615 = VERTEX_POINT('',#13616);
#13616 = CARTESIAN_POINT('',(134.,54.,166.));
#13617 = LINE('',#13618,#13619);
#13618 = CARTESIAN_POINT('',(77.,54.,166.));
#13619 = VECTOR('',#13620,1.);
#13620 = DIRECTION('',(1.,0.,-0.));
#13621 = ORIENTED_EDGE('',*,*,#13622,.T.);
#13622 = EDGE_CURVE('',#13615,#13623,#13625,.T.);
#13623 = VERTEX_POINT('',#13624);
#13624 = CARTESIAN_POINT('',(134.,54.,141.));
#13625 = LINE('',#13626,#13627);
#13626 = CARTESIAN_POINT('',(134.,54.,138.5));
#13627 = VECTOR('',#13628,1.);
#13628 = DIRECTION('',(-0.,0.,-1.));
#13629 = ORIENTED_EDGE('',*,*,#13630,.F.);
#13630 = EDGE_CURVE('',#13631,#13623,#13633,.T.);
#13631 = VERTEX_POINT('',#13632);
#13632 = CARTESIAN_POINT('',(132.5,54.,141.));
#13633 = LINE('',#13634,#13635);
#13634 = CARTESIAN_POINT('',(20.,54.,141.));
#13635 = VECTOR('',#13636,1.);
#13636 = DIRECTION('',(1.,0.,-0.));
#13637 = ORIENTED_EDGE('',*,*,#13638,.F.);
#13638 = EDGE_CURVE('',#13639,#13631,#13641,.T.);
#13639 = VERTEX_POINT('',#13640);
#13640 = CARTESIAN_POINT('',(132.5,54.,138.));
#13641 = LINE('',#13642,#13643);
#13642 = CARTESIAN_POINT('',(132.5,54.,137.));
#13643 = VECTOR('',#13644,1.);
#13644 = DIRECTION('',(0.,0.,1.));
#13645 = ORIENTED_EDGE('',*,*,#13646,.T.);
#13646 = EDGE_CURVE('',#13639,#13647,#13649,.T.);
#13647 = VERTEX_POINT('',#13648);
#13648 = CARTESIAN_POINT('',(98.5,54.,138.));
#13649 = LINE('',#13650,#13651);
#13650 = CARTESIAN_POINT('',(10.,54.,138.));
#13651 = VECTOR('',#13652,1.);
#13652 = DIRECTION('',(-1.,-0.,0.));
#13653 = ORIENTED_EDGE('',*,*,#13654,.T.);
#13654 = EDGE_CURVE('',#13647,#13655,#13657,.T.);
#13655 = VERTEX_POINT('',#13656);
#13656 = CARTESIAN_POINT('',(98.5,54.,141.));
#13657 = LINE('',#13658,#13659);
#13658 = CARTESIAN_POINT('',(98.5,54.,137.));
#13659 = VECTOR('',#13660,1.);
#13660 = DIRECTION('',(0.,0.,1.));
#13661 = ORIENTED_EDGE('',*,*,#13662,.F.);
#13662 = EDGE_CURVE('',#13663,#13655,#13665,.T.);
#13663 = VERTEX_POINT('',#13664);
#13664 = CARTESIAN_POINT('',(87.,54.,141.));
#13665 = LINE('',#13666,#13667);
#13666 = CARTESIAN_POINT('',(20.,54.,141.));
#13667 = VECTOR('',#13668,1.);
#13668 = DIRECTION('',(1.,0.,-0.));
#13669 = ORIENTED_EDGE('',*,*,#13670,.F.);
#13670 = EDGE_CURVE('',#13671,#13663,#13673,.T.);
#13671 = VERTEX_POINT('',#13672);
#13672 = CARTESIAN_POINT('',(87.,54.,138.));
#13673 = LINE('',#13674,#13675);
#13674 = CARTESIAN_POINT('',(87.,54.,137.));
#13675 = VECTOR('',#13676,1.);
#13676 = DIRECTION('',(0.,0.,1.));
#13677 = ORIENTED_EDGE('',*,*,#13678,.T.);
#13678 = EDGE_CURVE('',#13671,#13679,#13681,.T.);
#13679 = VERTEX_POINT('',#13680);
#13680 = CARTESIAN_POINT('',(53.,54.,138.));
#13681 = LINE('',#13682,#13683);
#13682 = CARTESIAN_POINT('',(10.,54.,138.));
#13683 = VECTOR('',#13684,1.);
#13684 = DIRECTION('',(-1.,-0.,0.));
#13685 = ORIENTED_EDGE('',*,*,#13686,.T.);
#13686 = EDGE_CURVE('',#13679,#13687,#13689,.T.);
#13687 = VERTEX_POINT('',#13688);
#13688 = CARTESIAN_POINT('',(53.,54.,141.));
#13689 = LINE('',#13690,#13691);
#13690 = CARTESIAN_POINT('',(53.,54.,137.));
#13691 = VECTOR('',#13692,1.);
#13692 = DIRECTION('',(0.,0.,1.));
#13693 = ORIENTED_EDGE('',*,*,#13694,.F.);
#13694 = EDGE_CURVE('',#13470,#13687,#13695,.T.);
#13695 = LINE('',#13696,#13697);
#13696 = CARTESIAN_POINT('',(20.,54.,141.));
#13697 = VECTOR('',#13698,1.);
#13698 = DIRECTION('',(1.,0.,-0.));
#13699 = ORIENTED_EDGE('',*,*,#13469,.T.);
#13700 = ORIENTED_EDGE('',*,*,#12188,.T.);
#13701 = FACE_BOUND('',#13702,.T.);
#13702 = EDGE_LOOP('',(#13703,#13713,#13721,#13729));
#13703 = ORIENTED_EDGE('',*,*,#13704,.F.);
#13704 = EDGE_CURVE('',#13705,#13707,#13709,.T.);
#13705 = VERTEX_POINT('',#13706);
#13706 = CARTESIAN_POINT('',(55.,54.,142.));
#13707 = VERTEX_POINT('',#13708);
#13708 = CARTESIAN_POINT('',(55.,54.,166.));
#13709 = LINE('',#13710,#13711);
#13710 = CARTESIAN_POINT('',(55.,54.,142.));
#13711 = VECTOR('',#13712,1.);
#13712 = DIRECTION('',(0.,0.,1.));
#13713 = ORIENTED_EDGE('',*,*,#13714,.T.);
#13714 = EDGE_CURVE('',#13705,#13715,#13717,.T.);
#13715 = VERTEX_POINT('',#13716);
#13716 = CARTESIAN_POINT('',(85.,54.,142.));
#13717 = LINE('',#13718,#13719);
#13718 = CARTESIAN_POINT('',(55.,54.,142.));
#13719 = VECTOR('',#13720,1.);
#13720 = DIRECTION('',(1.,0.,-0.));
#13721 = ORIENTED_EDGE('',*,*,#13722,.T.);
#13722 = EDGE_CURVE('',#13715,#13723,#13725,.T.);
#13723 = VERTEX_POINT('',#13724);
#13724 = CARTESIAN_POINT('',(85.,54.,166.));
#13725 = LINE('',#13726,#13727);
#13726 = CARTESIAN_POINT('',(85.,54.,142.));
#13727 = VECTOR('',#13728,1.);
#13728 = DIRECTION('',(0.,0.,1.));
#13729 = ORIENTED_EDGE('',*,*,#13730,.F.);
#13730 = EDGE_CURVE('',#13707,#13723,#13731,.T.);
#13731 = LINE('',#13732,#13733);
#13732 = CARTESIAN_POINT('',(55.,54.,166.));
#13733 = VECTOR('',#13734,1.);
#13734 = DIRECTION('',(1.,0.,-0.));
#13735 = FACE_BOUND('',#13736,.T.);
#13736 = EDGE_LOOP('',(#13737,#13747,#13755,#13763,#13771,#13779,#13787,
    #13795,#13803,#13811,#13819,#13827,#13835,#13843,#13851,#13859,
    #13867,#13875,#13883,#13891));
#13737 = ORIENTED_EDGE('',*,*,#13738,.F.);
#13738 = EDGE_CURVE('',#13739,#13741,#13743,.T.);
#13739 = VERTEX_POINT('',#13740);
#13740 = CARTESIAN_POINT('',(46.6,54.,196.));
#13741 = VERTEX_POINT('',#13742);
#13742 = CARTESIAN_POINT('',(46.6,54.,209.1));
#13743 = LINE('',#13744,#13745);
#13744 = CARTESIAN_POINT('',(46.6,54.,184.6));
#13745 = VECTOR('',#13746,1.);
#13746 = DIRECTION('',(0.,0.,1.));
#13747 = ORIENTED_EDGE('',*,*,#13748,.F.);
#13748 = EDGE_CURVE('',#13749,#13739,#13751,.T.);
#13749 = VERTEX_POINT('',#13750);
#13750 = CARTESIAN_POINT('',(43.8,54.,196.));
#13751 = LINE('',#13752,#13753);
#13752 = CARTESIAN_POINT('',(43.8,54.,196.));
#13753 = VECTOR('',#13754,1.);
#13754 = DIRECTION('',(1.,0.,-0.));
#13755 = ORIENTED_EDGE('',*,*,#13756,.F.);
#13756 = EDGE_CURVE('',#13757,#13749,#13759,.T.);
#13757 = VERTEX_POINT('',#13758);
#13758 = CARTESIAN_POINT('',(43.8,54.,184.6));
#13759 = LINE('',#13760,#13761);
#13760 = CARTESIAN_POINT('',(43.8,54.,184.6));
#13761 = VECTOR('',#13762,1.);
#13762 = DIRECTION('',(0.,0.,1.));
#13763 = ORIENTED_EDGE('',*,*,#13764,.T.);
#13764 = EDGE_CURVE('',#13757,#13765,#13767,.T.);
#13765 = VERTEX_POINT('',#13766);
#13766 = CARTESIAN_POINT('',(45.2,54.,184.6));
#13767 = LINE('',#13768,#13769);
#13768 = CARTESIAN_POINT('',(43.8,54.,184.6));
#13769 = VECTOR('',#13770,1.);
#13770 = DIRECTION('',(1.,0.,-0.));
#13771 = ORIENTED_EDGE('',*,*,#13772,.F.);
#13772 = EDGE_CURVE('',#13773,#13765,#13775,.T.);
#13773 = VERTEX_POINT('',#13774);
#13774 = CARTESIAN_POINT('',(45.2,54.,182.2));
#13775 = LINE('',#13776,#13777);
#13776 = CARTESIAN_POINT('',(45.2,54.,182.2));
#13777 = VECTOR('',#13778,1.);
#13778 = DIRECTION('',(0.,0.,1.));
#13779 = ORIENTED_EDGE('',*,*,#13780,.T.);
#13780 = EDGE_CURVE('',#13773,#13781,#13783,.T.);
#13781 = VERTEX_POINT('',#13782);
#13782 = CARTESIAN_POINT('',(47.,54.,182.2));
#13783 = LINE('',#13784,#13785);
#13784 = CARTESIAN_POINT('',(45.2,54.,182.2));
#13785 = VECTOR('',#13786,1.);
#13786 = DIRECTION('',(1.,0.,-0.));
#13787 = ORIENTED_EDGE('',*,*,#13788,.T.);
#13788 = EDGE_CURVE('',#13781,#13789,#13791,.T.);
#13789 = VERTEX_POINT('',#13790);
#13790 = CARTESIAN_POINT('',(47.,54.,184.6));
#13791 = LINE('',#13792,#13793);
#13792 = CARTESIAN_POINT('',(47.,54.,182.));
#13793 = VECTOR('',#13794,1.);
#13794 = DIRECTION('',(0.,0.,1.));
#13795 = ORIENTED_EDGE('',*,*,#13796,.T.);
#13796 = EDGE_CURVE('',#13789,#13797,#13799,.T.);
#13797 = VERTEX_POINT('',#13798);
#13798 = CARTESIAN_POINT('',(53.5,54.,184.6));
#13799 = LINE('',#13800,#13801);
#13800 = CARTESIAN_POINT('',(46.6,54.,184.6));
#13801 = VECTOR('',#13802,1.);
#13802 = DIRECTION('',(1.,0.,-0.));
#13803 = ORIENTED_EDGE('',*,*,#13804,.F.);
#13804 = EDGE_CURVE('',#13805,#13797,#13807,.T.);
#13805 = VERTEX_POINT('',#13806);
#13806 = CARTESIAN_POINT('',(53.5,54.,182.2));
#13807 = LINE('',#13808,#13809);
#13808 = CARTESIAN_POINT('',(53.5,54.,182.));
#13809 = VECTOR('',#13810,1.);
#13810 = DIRECTION('',(0.,0.,1.));
#13811 = ORIENTED_EDGE('',*,*,#13812,.T.);
#13812 = EDGE_CURVE('',#13805,#13813,#13815,.T.);
#13813 = VERTEX_POINT('',#13814);
#13814 = CARTESIAN_POINT('',(140.8,54.,182.2));
#13815 = LINE('',#13816,#13817);
#13816 = CARTESIAN_POINT('',(45.2,54.,182.2));
#13817 = VECTOR('',#13818,1.);
#13818 = DIRECTION('',(1.,0.,-0.));
#13819 = ORIENTED_EDGE('',*,*,#13820,.T.);
#13820 = EDGE_CURVE('',#13813,#13821,#13823,.T.);
#13821 = VERTEX_POINT('',#13822);
#13822 = CARTESIAN_POINT('',(140.8,54.,184.6));
#13823 = LINE('',#13824,#13825);
#13824 = CARTESIAN_POINT('',(140.8,54.,182.2));
#13825 = VECTOR('',#13826,1.);
#13826 = DIRECTION('',(0.,0.,1.));
#13827 = ORIENTED_EDGE('',*,*,#13828,.T.);
#13828 = EDGE_CURVE('',#13821,#13829,#13831,.T.);
#13829 = VERTEX_POINT('',#13830);
#13830 = CARTESIAN_POINT('',(142.2,54.,184.6));
#13831 = LINE('',#13832,#13833);
#13832 = CARTESIAN_POINT('',(139.4,54.,184.6));
#13833 = VECTOR('',#13834,1.);
#13834 = DIRECTION('',(1.,0.,-0.));
#13835 = ORIENTED_EDGE('',*,*,#13836,.T.);
#13836 = EDGE_CURVE('',#13829,#13837,#13839,.T.);
#13837 = VERTEX_POINT('',#13838);
#13838 = CARTESIAN_POINT('',(142.2,54.,196.));
#13839 = LINE('',#13840,#13841);
#13840 = CARTESIAN_POINT('',(142.2,54.,184.6));
#13841 = VECTOR('',#13842,1.);
#13842 = DIRECTION('',(0.,0.,1.));
#13843 = ORIENTED_EDGE('',*,*,#13844,.F.);
#13844 = EDGE_CURVE('',#13845,#13837,#13847,.T.);
#13845 = VERTEX_POINT('',#13846);
#13846 = CARTESIAN_POINT('',(139.4,54.,196.));
#13847 = LINE('',#13848,#13849);
#13848 = CARTESIAN_POINT('',(139.4,54.,196.));
#13849 = VECTOR('',#13850,1.);
#13850 = DIRECTION('',(1.,0.,-0.));
#13851 = ORIENTED_EDGE('',*,*,#13852,.T.);
#13852 = EDGE_CURVE('',#13845,#13853,#13855,.T.);
#13853 = VERTEX_POINT('',#13854);
#13854 = CARTESIAN_POINT('',(139.4,54.,209.1));
#13855 = LINE('',#13856,#13857);
#13856 = CARTESIAN_POINT('',(139.4,54.,184.6));
#13857 = VECTOR('',#13858,1.);
#13858 = DIRECTION('',(0.,0.,1.));
#13859 = ORIENTED_EDGE('',*,*,#13860,.F.);
#13860 = EDGE_CURVE('',#13861,#13853,#13863,.T.);
#13861 = VERTEX_POINT('',#13862);
#13862 = CARTESIAN_POINT('',(124.,54.,209.1));
#13863 = LINE('',#13864,#13865);
#13864 = CARTESIAN_POINT('',(124.,54.,209.1));
#13865 = VECTOR('',#13866,1.);
#13866 = DIRECTION('',(1.,0.,-0.));
#13867 = ORIENTED_EDGE('',*,*,#13868,.F.);
#13868 = EDGE_CURVE('',#13869,#13861,#13871,.T.);
#13869 = VERTEX_POINT('',#13870);
#13870 = CARTESIAN_POINT('',(124.,54.,184.6));
#13871 = LINE('',#13872,#13873);
#13872 = CARTESIAN_POINT('',(124.,54.,184.6));
#13873 = VECTOR('',#13874,1.);
#13874 = DIRECTION('',(0.,0.,1.));
#13875 = ORIENTED_EDGE('',*,*,#13876,.F.);
#13876 = EDGE_CURVE('',#13877,#13869,#13879,.T.);
#13877 = VERTEX_POINT('',#13878);
#13878 = CARTESIAN_POINT('',(62.,54.,184.6));
#13879 = LINE('',#13880,#13881);
#13880 = CARTESIAN_POINT('',(45.2,54.,184.6));
#13881 = VECTOR('',#13882,1.);
#13882 = DIRECTION('',(1.,0.,-0.));
#13883 = ORIENTED_EDGE('',*,*,#13884,.T.);
#13884 = EDGE_CURVE('',#13877,#13885,#13887,.T.);
#13885 = VERTEX_POINT('',#13886);
#13886 = CARTESIAN_POINT('',(62.,54.,209.1));
#13887 = LINE('',#13888,#13889);
#13888 = CARTESIAN_POINT('',(62.,54.,184.6));
#13889 = VECTOR('',#13890,1.);
#13890 = DIRECTION('',(0.,0.,1.));
#13891 = ORIENTED_EDGE('',*,*,#13892,.F.);
#13892 = EDGE_CURVE('',#13741,#13885,#13893,.T.);
#13893 = LINE('',#13894,#13895);
#13894 = CARTESIAN_POINT('',(46.6,54.,209.1));
#13895 = VECTOR('',#13896,1.);
#13896 = DIRECTION('',(1.,0.,-0.));
#13897 = FACE_BOUND('',#13898,.T.);
#13898 = EDGE_LOOP('',(#13899,#13909,#13917,#13925));
#13899 = ORIENTED_EDGE('',*,*,#13900,.F.);
#13900 = EDGE_CURVE('',#13901,#13903,#13905,.T.);
#13901 = VERTEX_POINT('',#13902);
#13902 = CARTESIAN_POINT('',(100.5,54.,142.));
#13903 = VERTEX_POINT('',#13904);
#13904 = CARTESIAN_POINT('',(100.5,54.,166.));
#13905 = LINE('',#13906,#13907);
#13906 = CARTESIAN_POINT('',(100.5,54.,142.));
#13907 = VECTOR('',#13908,1.);
#13908 = DIRECTION('',(0.,0.,1.));
#13909 = ORIENTED_EDGE('',*,*,#13910,.T.);
#13910 = EDGE_CURVE('',#13901,#13911,#13913,.T.);
#13911 = VERTEX_POINT('',#13912);
#13912 = CARTESIAN_POINT('',(130.5,54.,142.));
#13913 = LINE('',#13914,#13915);
#13914 = CARTESIAN_POINT('',(100.5,54.,142.));
#13915 = VECTOR('',#13916,1.);
#13916 = DIRECTION('',(1.,0.,-0.));
#13917 = ORIENTED_EDGE('',*,*,#13918,.T.);
#13918 = EDGE_CURVE('',#13911,#13919,#13921,.T.);
#13919 = VERTEX_POINT('',#13920);
#13920 = CARTESIAN_POINT('',(130.5,54.,166.));
#13921 = LINE('',#13922,#13923);
#13922 = CARTESIAN_POINT('',(130.5,54.,142.));
#13923 = VECTOR('',#13924,1.);
#13924 = DIRECTION('',(0.,0.,1.));
#13925 = ORIENTED_EDGE('',*,*,#13926,.F.);
#13926 = EDGE_CURVE('',#13903,#13919,#13927,.T.);
#13927 = LINE('',#13928,#13929);
#13928 = CARTESIAN_POINT('',(100.5,54.,166.));
#13929 = VECTOR('',#13930,1.);
#13930 = DIRECTION('',(1.,0.,-0.));
#13931 = PLANE('',#13932);
#13932 = AXIS2_PLACEMENT_3D('',#13933,#13934,#13935);
#13933 = CARTESIAN_POINT('',(20.,54.,137.));
#13934 = DIRECTION('',(-0.,1.,0.));
#13935 = DIRECTION('',(0.,0.,1.));
#13936 = ADVANCED_FACE('',(#13937),#13948,.F.);
#13937 = FACE_BOUND('',#13938,.F.);
#13938 = EDGE_LOOP('',(#13939,#13940,#13946,#13947));
#13939 = ORIENTED_EDGE('',*,*,#13590,.F.);
#13940 = ORIENTED_EDGE('',*,*,#13941,.T.);
#13941 = EDGE_CURVE('',#13591,#13501,#13942,.T.);
#13942 = LINE('',#13943,#13944);
#13943 = CARTESIAN_POINT('',(166.,54.,141.));
#13944 = VECTOR('',#13945,1.);
#13945 = DIRECTION('',(-0.,1.,0.));
#13946 = ORIENTED_EDGE('',*,*,#13500,.T.);
#13947 = ORIENTED_EDGE('',*,*,#12196,.F.);
#13948 = PLANE('',#13949);
#13949 = AXIS2_PLACEMENT_3D('',#13950,#13951,#13952);
#13950 = CARTESIAN_POINT('',(166.,54.,137.));
#13951 = DIRECTION('',(1.,0.,-0.));
#13952 = DIRECTION('',(0.,0.,1.));
#13953 = ADVANCED_FACE('',(#13954),#13965,.F.);
#13954 = FACE_BOUND('',#13955,.F.);
#13955 = EDGE_LOOP('',(#13956,#13957,#13963,#13964));
#13956 = ORIENTED_EDGE('',*,*,#12717,.F.);
#13957 = ORIENTED_EDGE('',*,*,#13958,.T.);
#13958 = EDGE_CURVE('',#12718,#12866,#13959,.T.);
#13959 = LINE('',#13960,#13961);
#13960 = CARTESIAN_POINT('',(85.5,148.5,211.5));
#13961 = VECTOR('',#13962,1.);
#13962 = DIRECTION('',(1.,0.,-0.));
#13963 = ORIENTED_EDGE('',*,*,#12865,.T.);
#13964 = ORIENTED_EDGE('',*,*,#12692,.T.);
#13965 = PLANE('',#13966);
#13966 = AXIS2_PLACEMENT_3D('',#13967,#13968,#13969);
#13967 = CARTESIAN_POINT('',(85.5,148.5,211.5));
#13968 = DIRECTION('',(0.,0.,1.));
#13969 = DIRECTION('',(1.,0.,-0.));
#13970 = ADVANCED_FACE('',(#13971),#13982,.T.);
#13971 = FACE_BOUND('',#13972,.T.);
#13972 = EDGE_LOOP('',(#13973,#13974,#13980,#13981));
#13973 = ORIENTED_EDGE('',*,*,#12733,.F.);
#13974 = ORIENTED_EDGE('',*,*,#13975,.T.);
#13975 = EDGE_CURVE('',#12726,#12874,#13976,.T.);
#13976 = LINE('',#13977,#13978);
#13977 = CARTESIAN_POINT('',(85.5,148.5,209.));
#13978 = VECTOR('',#13979,1.);
#13979 = DIRECTION('',(1.,0.,-0.));
#13980 = ORIENTED_EDGE('',*,*,#12881,.T.);
#13981 = ORIENTED_EDGE('',*,*,#12761,.F.);
#13982 = PLANE('',#13983);
#13983 = AXIS2_PLACEMENT_3D('',#13984,#13985,#13986);
#13984 = CARTESIAN_POINT('',(85.5,148.5,209.));
#13985 = DIRECTION('',(0.,0.,1.));
#13986 = DIRECTION('',(1.,0.,-0.));
#13987 = ADVANCED_FACE('',(#13988),#13994,.T.);
#13988 = FACE_BOUND('',#13989,.T.);
#13989 = EDGE_LOOP('',(#13990,#13991,#13992,#13993));
#13990 = ORIENTED_EDGE('',*,*,#13975,.F.);
#13991 = ORIENTED_EDGE('',*,*,#12725,.T.);
#13992 = ORIENTED_EDGE('',*,*,#13958,.T.);
#13993 = ORIENTED_EDGE('',*,*,#12873,.F.);
#13994 = PLANE('',#13995);
#13995 = AXIS2_PLACEMENT_3D('',#13996,#13997,#13998);
#13996 = CARTESIAN_POINT('',(85.5,148.5,209.));
#13997 = DIRECTION('',(-0.,1.,0.));
#13998 = DIRECTION('',(0.,0.,1.));
#13999 = ADVANCED_FACE('',(#14000),#14006,.F.);
#14000 = FACE_BOUND('',#14001,.F.);
#14001 = EDGE_LOOP('',(#14002,#14003,#14004,#14005));
#14002 = ORIENTED_EDGE('',*,*,#13078,.F.);
#14003 = ORIENTED_EDGE('',*,*,#13526,.T.);
#14004 = ORIENTED_EDGE('',*,*,#13021,.T.);
#14005 = ORIENTED_EDGE('',*,*,#12809,.F.);
#14006 = PLANE('',#14007);
#14007 = AXIS2_PLACEMENT_3D('',#14008,#14009,#14010);
#14008 = CARTESIAN_POINT('',(42.5,148.,165.7));
#14009 = DIRECTION('',(0.,0.,1.));
#14010 = DIRECTION('',(1.,0.,-0.));
#14011 = ADVANCED_FACE('',(#14012),#14018,.F.);
#14012 = FACE_BOUND('',#14013,.F.);
#14013 = EDGE_LOOP('',(#14014,#14015,#14016,#14017));
#14014 = ORIENTED_EDGE('',*,*,#12981,.F.);
#14015 = ORIENTED_EDGE('',*,*,#13542,.T.);
#14016 = ORIENTED_EDGE('',*,*,#12924,.T.);
#14017 = ORIENTED_EDGE('',*,*,#12786,.F.);
#14018 = PLANE('',#14019);
#14019 = AXIS2_PLACEMENT_3D('',#14020,#14021,#14022);
#14020 = CARTESIAN_POINT('',(124.5,148.,165.7));
#14021 = DIRECTION('',(0.,0.,1.));
#14022 = DIRECTION('',(1.,0.,-0.));
#14023 = ADVANCED_FACE('',(#14024),#14040,.F.);
#14024 = FACE_BOUND('',#14025,.F.);
#14025 = EDGE_LOOP('',(#14026,#14032,#14033,#14039));
#14026 = ORIENTED_EDGE('',*,*,#14027,.F.);
#14027 = EDGE_CURVE('',#13553,#12828,#14028,.T.);
#14028 = LINE('',#14029,#14030);
#14029 = CARTESIAN_POINT('',(160.9,147.,208.5));
#14030 = VECTOR('',#14031,1.);
#14031 = DIRECTION('',(-0.,1.,0.));
#14032 = ORIENTED_EDGE('',*,*,#13576,.T.);
#14033 = ORIENTED_EDGE('',*,*,#14034,.T.);
#14034 = EDGE_CURVE('',#13569,#12826,#14035,.T.);
#14035 = LINE('',#14036,#14037);
#14036 = CARTESIAN_POINT('',(160.9,147.,168.));
#14037 = VECTOR('',#14038,1.);
#14038 = DIRECTION('',(-0.,1.,0.));
#14039 = ORIENTED_EDGE('',*,*,#12825,.T.);
#14040 = PLANE('',#14041);
#14041 = AXIS2_PLACEMENT_3D('',#14042,#14043,#14044);
#14042 = CARTESIAN_POINT('',(160.9,147.,168.));
#14043 = DIRECTION('',(1.,0.,-0.));
#14044 = DIRECTION('',(0.,0.,1.));
#14045 = ADVANCED_FACE('',(#14046),#14057,.T.);
#14046 = FACE_BOUND('',#14047,.T.);
#14047 = EDGE_LOOP('',(#14048,#14054,#14055,#14056));
#14048 = ORIENTED_EDGE('',*,*,#14049,.F.);
#14049 = EDGE_CURVE('',#13561,#12844,#14050,.T.);
#14050 = LINE('',#14051,#14052);
#14051 = CARTESIAN_POINT('',(25.1,147.,168.));
#14052 = VECTOR('',#14053,1.);
#14053 = DIRECTION('',(-0.,1.,0.));
#14054 = ORIENTED_EDGE('',*,*,#13568,.T.);
#14055 = ORIENTED_EDGE('',*,*,#14034,.T.);
#14056 = ORIENTED_EDGE('',*,*,#12851,.T.);
#14057 = PLANE('',#14058);
#14058 = AXIS2_PLACEMENT_3D('',#14059,#14060,#14061);
#14059 = CARTESIAN_POINT('',(25.1,147.,168.));
#14060 = DIRECTION('',(0.,0.,1.));
#14061 = DIRECTION('',(1.,0.,-0.));
#14062 = ADVANCED_FACE('',(#14063),#14074,.F.);
#14063 = FACE_BOUND('',#14064,.F.);
#14064 = EDGE_LOOP('',(#14065,#14071,#14072,#14073));
#14065 = ORIENTED_EDGE('',*,*,#14066,.F.);
#14066 = EDGE_CURVE('',#13551,#12836,#14067,.T.);
#14067 = LINE('',#14068,#14069);
#14068 = CARTESIAN_POINT('',(25.1,147.,208.5));
#14069 = VECTOR('',#14070,1.);
#14070 = DIRECTION('',(-0.,1.,0.));
#14071 = ORIENTED_EDGE('',*,*,#13550,.T.);
#14072 = ORIENTED_EDGE('',*,*,#14027,.T.);
#14073 = ORIENTED_EDGE('',*,*,#12835,.T.);
#14074 = PLANE('',#14075);
#14075 = AXIS2_PLACEMENT_3D('',#14076,#14077,#14078);
#14076 = CARTESIAN_POINT('',(25.1,147.,208.5));
#14077 = DIRECTION('',(0.,0.,1.));
#14078 = DIRECTION('',(1.,0.,-0.));
#14079 = ADVANCED_FACE('',(#14080),#14086,.T.);
#14080 = FACE_BOUND('',#14081,.T.);
#14081 = EDGE_LOOP('',(#14082,#14083,#14084,#14085));
#14082 = ORIENTED_EDGE('',*,*,#14066,.F.);
#14083 = ORIENTED_EDGE('',*,*,#13560,.T.);
#14084 = ORIENTED_EDGE('',*,*,#14049,.T.);
#14085 = ORIENTED_EDGE('',*,*,#12843,.T.);
#14086 = PLANE('',#14087);
#14087 = AXIS2_PLACEMENT_3D('',#14088,#14089,#14090);
#14088 = CARTESIAN_POINT('',(25.1,147.,168.));
#14089 = DIRECTION('',(1.,0.,-0.));
#14090 = DIRECTION('',(0.,0.,1.));
#14091 = ADVANCED_FACE('',(#14092),#14098,.T.);
#14092 = FACE_BOUND('',#14093,.T.);
#14093 = EDGE_LOOP('',(#14094,#14095,#14096,#14097));
#14094 = ORIENTED_EDGE('',*,*,#12972,.F.);
#14095 = ORIENTED_EDGE('',*,*,#13535,.T.);
#14096 = ORIENTED_EDGE('',*,*,#12908,.T.);
#14097 = ORIENTED_EDGE('',*,*,#12939,.F.);
#14098 = PLANE('',#14099);
#14099 = AXIS2_PLACEMENT_3D('',#14100,#14101,#14102);
#14100 = CARTESIAN_POINT('',(124.5,148.,161.5));
#14101 = DIRECTION('',(0.,0.,1.));
#14102 = DIRECTION('',(1.,0.,-0.));
#14103 = ADVANCED_FACE('',(#14104),#14110,.T.);
#14104 = FACE_BOUND('',#14105,.T.);
#14105 = EDGE_LOOP('',(#14106,#14107,#14108,#14109));
#14106 = ORIENTED_EDGE('',*,*,#13069,.F.);
#14107 = ORIENTED_EDGE('',*,*,#13519,.T.);
#14108 = ORIENTED_EDGE('',*,*,#13005,.T.);
#14109 = ORIENTED_EDGE('',*,*,#13036,.F.);
#14110 = PLANE('',#14111);
#14111 = AXIS2_PLACEMENT_3D('',#14112,#14113,#14114);
#14112 = CARTESIAN_POINT('',(42.5,148.,161.5));
#14113 = DIRECTION('',(0.,0.,1.));
#14114 = DIRECTION('',(1.,0.,-0.));
#14115 = ADVANCED_FACE('',(#14116,#14200,#14234),#14282,.F.);
#14116 = FACE_BOUND('',#14117,.F.);
#14117 = EDGE_LOOP('',(#14118,#14119,#14120,#14128,#14136,#14144,#14152,
    #14158,#14159,#14160,#14161,#14169,#14177,#14185,#14193,#14199));
#14118 = ORIENTED_EDGE('',*,*,#13109,.F.);
#14119 = ORIENTED_EDGE('',*,*,#13149,.T.);
#14120 = ORIENTED_EDGE('',*,*,#14121,.F.);
#14121 = EDGE_CURVE('',#14122,#13142,#14124,.T.);
#14122 = VERTEX_POINT('',#14123);
#14123 = CARTESIAN_POINT('',(182.7,94.5,138.));
#14124 = LINE('',#14125,#14126);
#14125 = CARTESIAN_POINT('',(182.7,94.5,138.));
#14126 = VECTOR('',#14127,1.);
#14127 = DIRECTION('',(1.,0.,0.));
#14128 = ORIENTED_EDGE('',*,*,#14129,.F.);
#14129 = EDGE_CURVE('',#14130,#14122,#14132,.T.);
#14130 = VERTEX_POINT('',#14131);
#14131 = CARTESIAN_POINT('',(180.3,94.5,138.));
#14132 = LINE('',#14133,#14134);
#14133 = CARTESIAN_POINT('',(91.298381490812,94.5,138.));
#14134 = VECTOR('',#14135,1.);
#14135 = DIRECTION('',(1.,0.,0.));
#14136 = ORIENTED_EDGE('',*,*,#14137,.T.);
#14137 = EDGE_CURVE('',#14130,#14138,#14140,.T.);
#14138 = VERTEX_POINT('',#14139);
#14139 = CARTESIAN_POINT('',(180.3,105.5,138.));
#14140 = LINE('',#14141,#14142);
#14141 = CARTESIAN_POINT('',(180.3,94.5,138.));
#14142 = VECTOR('',#14143,1.);
#14143 = DIRECTION('',(0.,1.,0.));
#14144 = ORIENTED_EDGE('',*,*,#14145,.T.);
#14145 = EDGE_CURVE('',#14138,#14146,#14148,.T.);
#14146 = VERTEX_POINT('',#14147);
#14147 = CARTESIAN_POINT('',(182.7,105.5,138.));
#14148 = LINE('',#14149,#14150);
#14149 = CARTESIAN_POINT('',(91.298381490812,105.5,138.));
#14150 = VECTOR('',#14151,1.);
#14151 = DIRECTION('',(1.,0.,0.));
#14152 = ORIENTED_EDGE('',*,*,#14153,.T.);
#14153 = EDGE_CURVE('',#14146,#13134,#14154,.T.);
#14154 = LINE('',#14155,#14156);
#14155 = CARTESIAN_POINT('',(182.7,105.5,138.));
#14156 = VECTOR('',#14157,1.);
#14157 = DIRECTION('',(1.,0.,0.));
#14158 = ORIENTED_EDGE('',*,*,#13133,.T.);
#14159 = ORIENTED_EDGE('',*,*,#13173,.T.);
#14160 = ORIENTED_EDGE('',*,*,#13190,.F.);
#14161 = ORIENTED_EDGE('',*,*,#14162,.F.);
#14162 = EDGE_CURVE('',#14163,#13191,#14165,.T.);
#14163 = VERTEX_POINT('',#14164);
#14164 = CARTESIAN_POINT('',(3.3,105.5,138.));
#14165 = LINE('',#14166,#14167);
#14166 = CARTESIAN_POINT('',(3.3,105.5,138.));
#14167 = VECTOR('',#14168,1.);
#14168 = DIRECTION('',(-1.,0.,0.));
#14169 = ORIENTED_EDGE('',*,*,#14170,.F.);
#14170 = EDGE_CURVE('',#14171,#14163,#14173,.T.);
#14171 = VERTEX_POINT('',#14172);
#14172 = CARTESIAN_POINT('',(5.7,105.5,138.));
#14173 = LINE('',#14174,#14175);
#14174 = CARTESIAN_POINT('',(1.701618509188,105.5,138.));
#14175 = VECTOR('',#14176,1.);
#14176 = DIRECTION('',(-1.,0.,0.));
#14177 = ORIENTED_EDGE('',*,*,#14178,.F.);
#14178 = EDGE_CURVE('',#14179,#14171,#14181,.T.);
#14179 = VERTEX_POINT('',#14180);
#14180 = CARTESIAN_POINT('',(5.7,94.5,138.));
#14181 = LINE('',#14182,#14183);
#14182 = CARTESIAN_POINT('',(5.7,94.5,138.));
#14183 = VECTOR('',#14184,1.);
#14184 = DIRECTION('',(0.,1.,0.));
#14185 = ORIENTED_EDGE('',*,*,#14186,.T.);
#14186 = EDGE_CURVE('',#14179,#14187,#14189,.T.);
#14187 = VERTEX_POINT('',#14188);
#14188 = CARTESIAN_POINT('',(3.3,94.5,138.));
#14189 = LINE('',#14190,#14191);
#14190 = CARTESIAN_POINT('',(1.701618509188,94.5,138.));
#14191 = VECTOR('',#14192,1.);
#14192 = DIRECTION('',(-1.,0.,0.));
#14193 = ORIENTED_EDGE('',*,*,#14194,.T.);
#14194 = EDGE_CURVE('',#14187,#13199,#14195,.T.);
#14195 = LINE('',#14196,#14197);
#14196 = CARTESIAN_POINT('',(3.3,94.5,138.));
#14197 = VECTOR('',#14198,1.);
#14198 = DIRECTION('',(-1.,0.,0.));
#14199 = ORIENTED_EDGE('',*,*,#13206,.F.);
#14200 = FACE_BOUND('',#14201,.F.);
#14201 = EDGE_LOOP('',(#14202,#14210,#14211,#14219,#14225,#14226,#14227,
    #14228));
#14202 = ORIENTED_EDGE('',*,*,#14203,.T.);
#14203 = EDGE_CURVE('',#14204,#13374,#14206,.T.);
#14204 = VERTEX_POINT('',#14205);
#14205 = CARTESIAN_POINT('',(183.,3.5,138.));
#14206 = LINE('',#14207,#14208);
#14207 = CARTESIAN_POINT('',(1.5,3.5,138.));
#14208 = VECTOR('',#14209,1.);
#14209 = DIRECTION('',(-1.,-0.,0.));
#14210 = ORIENTED_EDGE('',*,*,#13381,.T.);
#14211 = ORIENTED_EDGE('',*,*,#14212,.T.);
#14212 = EDGE_CURVE('',#13382,#14213,#14215,.T.);
#14213 = VERTEX_POINT('',#14214);
#14214 = CARTESIAN_POINT('',(3.,3.5,138.));
#14215 = LINE('',#14216,#14217);
#14216 = CARTESIAN_POINT('',(1.5,3.5,138.));
#14217 = VECTOR('',#14218,1.);
#14218 = DIRECTION('',(-1.,-0.,0.));
#14219 = ORIENTED_EDGE('',*,*,#14220,.T.);
#14220 = EDGE_CURVE('',#14213,#13239,#14221,.T.);
#14221 = LINE('',#14222,#14223);
#14222 = CARTESIAN_POINT('',(3.,1.75,138.));
#14223 = VECTOR('',#14224,1.);
#14224 = DIRECTION('',(-0.,1.,0.));
#14225 = ORIENTED_EDGE('',*,*,#13246,.T.);
#14226 = ORIENTED_EDGE('',*,*,#13307,.F.);
#14227 = ORIENTED_EDGE('',*,*,#13453,.F.);
#14228 = ORIENTED_EDGE('',*,*,#14229,.F.);
#14229 = EDGE_CURVE('',#14204,#13446,#14230,.T.);
#14230 = LINE('',#14231,#14232);
#14231 = CARTESIAN_POINT('',(183.,1.75,138.));
#14232 = VECTOR('',#14233,1.);
#14233 = DIRECTION('',(-0.,1.,0.));
#14234 = FACE_BOUND('',#14235,.F.);
#14235 = EDGE_LOOP('',(#14236,#14244,#14245,#14251,#14252,#14260,#14268,
    #14276));
#14236 = ORIENTED_EDGE('',*,*,#14237,.T.);
#14237 = EDGE_CURVE('',#14238,#13639,#14240,.T.);
#14238 = VERTEX_POINT('',#14239);
#14239 = CARTESIAN_POINT('',(166.,54.,138.));
#14240 = LINE('',#14241,#14242);
#14241 = CARTESIAN_POINT('',(10.,54.,138.));
#14242 = VECTOR('',#14243,1.);
#14243 = DIRECTION('',(-1.,-0.,0.));
#14244 = ORIENTED_EDGE('',*,*,#13646,.T.);
#14245 = ORIENTED_EDGE('',*,*,#14246,.T.);
#14246 = EDGE_CURVE('',#13647,#13671,#14247,.T.);
#14247 = LINE('',#14248,#14249);
#14248 = CARTESIAN_POINT('',(10.,54.,138.));
#14249 = VECTOR('',#14250,1.);
#14250 = DIRECTION('',(-1.,-0.,0.));
#14251 = ORIENTED_EDGE('',*,*,#13678,.T.);
#14252 = ORIENTED_EDGE('',*,*,#14253,.T.);
#14253 = EDGE_CURVE('',#13679,#14254,#14256,.T.);
#14254 = VERTEX_POINT('',#14255);
#14255 = CARTESIAN_POINT('',(20.,54.,138.));
#14256 = LINE('',#14257,#14258);
#14257 = CARTESIAN_POINT('',(10.,54.,138.));
#14258 = VECTOR('',#14259,1.);
#14259 = DIRECTION('',(-1.,-0.,0.));
#14260 = ORIENTED_EDGE('',*,*,#14261,.T.);
#14261 = EDGE_CURVE('',#14254,#14262,#14264,.T.);
#14262 = VERTEX_POINT('',#14263);
#14263 = CARTESIAN_POINT('',(20.,148.,138.));
#14264 = LINE('',#14265,#14266);
#14265 = CARTESIAN_POINT('',(20.,27.,138.));
#14266 = VECTOR('',#14267,1.);
#14267 = DIRECTION('',(-0.,1.,0.));
#14268 = ORIENTED_EDGE('',*,*,#14269,.F.);
#14269 = EDGE_CURVE('',#14270,#14262,#14272,.T.);
#14270 = VERTEX_POINT('',#14271);
#14271 = CARTESIAN_POINT('',(166.,148.,138.));
#14272 = LINE('',#14273,#14274);
#14273 = CARTESIAN_POINT('',(10.,148.,138.));
#14274 = VECTOR('',#14275,1.);
#14275 = DIRECTION('',(-1.,-0.,0.));
#14276 = ORIENTED_EDGE('',*,*,#14277,.F.);
#14277 = EDGE_CURVE('',#14238,#14270,#14278,.T.);
#14278 = LINE('',#14279,#14280);
#14279 = CARTESIAN_POINT('',(166.,27.,138.));
#14280 = VECTOR('',#14281,1.);
#14281 = DIRECTION('',(-0.,1.,0.));
#14282 = PLANE('',#14283);
#14283 = AXIS2_PLACEMENT_3D('',#14284,#14285,#14286);
#14284 = CARTESIAN_POINT('',(0.,0.,138.));
#14285 = DIRECTION('',(0.,0.,1.));
#14286 = DIRECTION('',(1.,0.,-0.));
#14287 = ADVANCED_FACE('',(#14288),#14299,.F.);
#14288 = FACE_BOUND('',#14289,.F.);
#14289 = EDGE_LOOP('',(#14290,#14291,#14292,#14293));
#14290 = ORIENTED_EDGE('',*,*,#14121,.T.);
#14291 = ORIENTED_EDGE('',*,*,#13141,.T.);
#14292 = ORIENTED_EDGE('',*,*,#14153,.F.);
#14293 = ORIENTED_EDGE('',*,*,#14294,.F.);
#14294 = EDGE_CURVE('',#14122,#14146,#14295,.T.);
#14295 = LINE('',#14296,#14297);
#14296 = CARTESIAN_POINT('',(182.7,94.5,138.));
#14297 = VECTOR('',#14298,1.);
#14298 = DIRECTION('',(0.,1.,0.));
#14299 = PLANE('',#14300);
#14300 = AXIS2_PLACEMENT_3D('',#14301,#14302,#14303);
#14301 = CARTESIAN_POINT('',(0.,0.,138.));
#14302 = DIRECTION('',(0.,0.,1.));
#14303 = DIRECTION('',(1.,0.,-0.));
#14304 = ADVANCED_FACE('',(#14305),#14316,.F.);
#14305 = FACE_BOUND('',#14306,.F.);
#14306 = EDGE_LOOP('',(#14307,#14308,#14309,#14315));
#14307 = ORIENTED_EDGE('',*,*,#13198,.F.);
#14308 = ORIENTED_EDGE('',*,*,#14194,.F.);
#14309 = ORIENTED_EDGE('',*,*,#14310,.T.);
#14310 = EDGE_CURVE('',#14187,#14163,#14311,.T.);
#14311 = LINE('',#14312,#14313);
#14312 = CARTESIAN_POINT('',(3.3,94.5,138.));
#14313 = VECTOR('',#14314,1.);
#14314 = DIRECTION('',(0.,1.,0.));
#14315 = ORIENTED_EDGE('',*,*,#14162,.T.);
#14316 = PLANE('',#14317);
#14317 = AXIS2_PLACEMENT_3D('',#14318,#14319,#14320);
#14318 = CARTESIAN_POINT('',(0.,0.,138.));
#14319 = DIRECTION('',(0.,0.,1.));
#14320 = DIRECTION('',(1.,0.,-0.));
#14321 = ADVANCED_FACE('',(#14322),#14340,.F.);
#14322 = FACE_BOUND('',#14323,.F.);
#14323 = EDGE_LOOP('',(#14324,#14325,#14326,#14334));
#14324 = ORIENTED_EDGE('',*,*,#13285,.F.);
#14325 = ORIENTED_EDGE('',*,*,#13404,.T.);
#14326 = ORIENTED_EDGE('',*,*,#14327,.T.);
#14327 = EDGE_CURVE('',#13405,#14328,#14330,.T.);
#14328 = VERTEX_POINT('',#14329);
#14329 = CARTESIAN_POINT('',(88.5,5.5,185.));
#14330 = LINE('',#14331,#14332);
#14331 = CARTESIAN_POINT('',(88.5,3.5,185.));
#14332 = VECTOR('',#14333,1.);
#14333 = DIRECTION('',(-0.,1.,0.));
#14334 = ORIENTED_EDGE('',*,*,#14335,.F.);
#14335 = EDGE_CURVE('',#13278,#14328,#14336,.T.);
#14336 = LINE('',#14337,#14338);
#14337 = CARTESIAN_POINT('',(3.,5.5,185.));
#14338 = VECTOR('',#14339,1.);
#14339 = DIRECTION('',(1.,0.,-0.));
#14340 = PLANE('',#14341);
#14341 = AXIS2_PLACEMENT_3D('',#14342,#14343,#14344);
#14342 = CARTESIAN_POINT('',(3.,3.5,185.));
#14343 = DIRECTION('',(0.,0.,1.));
#14344 = DIRECTION('',(1.,0.,-0.));
#14345 = ADVANCED_FACE('',(#14346),#14364,.T.);
#14346 = FACE_BOUND('',#14347,.T.);
#14347 = EDGE_LOOP('',(#14348,#14349,#14350,#14358));
#14348 = ORIENTED_EDGE('',*,*,#14335,.F.);
#14349 = ORIENTED_EDGE('',*,*,#13277,.T.);
#14350 = ORIENTED_EDGE('',*,*,#14351,.T.);
#14351 = EDGE_CURVE('',#13270,#14352,#14354,.T.);
#14352 = VERTEX_POINT('',#14353);
#14353 = CARTESIAN_POINT('',(88.5,5.5,200.));
#14354 = LINE('',#14355,#14356);
#14355 = CARTESIAN_POINT('',(3.,5.5,200.));
#14356 = VECTOR('',#14357,1.);
#14357 = DIRECTION('',(1.,0.,-0.));
#14358 = ORIENTED_EDGE('',*,*,#14359,.F.);
#14359 = EDGE_CURVE('',#14328,#14352,#14360,.T.);
#14360 = LINE('',#14361,#14362);
#14361 = CARTESIAN_POINT('',(88.5,5.5,185.));
#14362 = VECTOR('',#14363,1.);
#14363 = DIRECTION('',(0.,0.,1.));
#14364 = PLANE('',#14365);
#14365 = AXIS2_PLACEMENT_3D('',#14366,#14367,#14368);
#14366 = CARTESIAN_POINT('',(3.,5.5,185.));
#14367 = DIRECTION('',(-0.,1.,0.));
#14368 = DIRECTION('',(0.,0.,1.));
#14369 = ADVANCED_FACE('',(#14370),#14381,.T.);
#14370 = FACE_BOUND('',#14371,.T.);
#14371 = EDGE_LOOP('',(#14372,#14373,#14374,#14380));
#14372 = ORIENTED_EDGE('',*,*,#13269,.F.);
#14373 = ORIENTED_EDGE('',*,*,#13420,.T.);
#14374 = ORIENTED_EDGE('',*,*,#14375,.T.);
#14375 = EDGE_CURVE('',#13413,#14352,#14376,.T.);
#14376 = LINE('',#14377,#14378);
#14377 = CARTESIAN_POINT('',(88.5,3.5,200.));
#14378 = VECTOR('',#14379,1.);
#14379 = DIRECTION('',(-0.,1.,0.));
#14380 = ORIENTED_EDGE('',*,*,#14351,.F.);
#14381 = PLANE('',#14382);
#14382 = AXIS2_PLACEMENT_3D('',#14383,#14384,#14385);
#14383 = CARTESIAN_POINT('',(3.,3.5,200.));
#14384 = DIRECTION('',(0.,0.,1.));
#14385 = DIRECTION('',(1.,0.,-0.));
#14386 = ADVANCED_FACE('',(#14387),#14412,.T.);
#14387 = FACE_BOUND('',#14388,.T.);
#14388 = EDGE_LOOP('',(#14389,#14397,#14398,#14406));
#14389 = ORIENTED_EDGE('',*,*,#14390,.F.);
#14390 = EDGE_CURVE('',#13239,#14391,#14393,.T.);
#14391 = VERTEX_POINT('',#14392);
#14392 = CARTESIAN_POINT('',(16.,14.5,138.));
#14393 = LINE('',#14394,#14395);
#14394 = CARTESIAN_POINT('',(3.,14.5,138.));
#14395 = VECTOR('',#14396,1.);
#14396 = DIRECTION('',(1.,0.,-0.));
#14397 = ORIENTED_EDGE('',*,*,#13238,.T.);
#14398 = ORIENTED_EDGE('',*,*,#14399,.T.);
#14399 = EDGE_CURVE('',#13231,#14400,#14402,.T.);
#14400 = VERTEX_POINT('',#14401);
#14401 = CARTESIAN_POINT('',(16.,14.5,146.));
#14402 = LINE('',#14403,#14404);
#14403 = CARTESIAN_POINT('',(3.,14.5,146.));
#14404 = VECTOR('',#14405,1.);
#14405 = DIRECTION('',(1.,0.,-0.));
#14406 = ORIENTED_EDGE('',*,*,#14407,.F.);
#14407 = EDGE_CURVE('',#14391,#14400,#14408,.T.);
#14408 = LINE('',#14409,#14410);
#14409 = CARTESIAN_POINT('',(16.,14.5,138.));
#14410 = VECTOR('',#14411,1.);
#14411 = DIRECTION('',(0.,0.,1.));
#14412 = PLANE('',#14413);
#14413 = AXIS2_PLACEMENT_3D('',#14414,#14415,#14416);
#14414 = CARTESIAN_POINT('',(3.,14.5,138.));
#14415 = DIRECTION('',(-0.,1.,0.));
#14416 = DIRECTION('',(0.,0.,1.));
#14417 = ADVANCED_FACE('',(#14418),#14429,.T.);
#14418 = FACE_BOUND('',#14419,.T.);
#14419 = EDGE_LOOP('',(#14420,#14421,#14422,#14428));
#14420 = ORIENTED_EDGE('',*,*,#13230,.F.);
#14421 = ORIENTED_EDGE('',*,*,#13397,.T.);
#14422 = ORIENTED_EDGE('',*,*,#14423,.T.);
#14423 = EDGE_CURVE('',#13390,#14400,#14424,.T.);
#14424 = LINE('',#14425,#14426);
#14425 = CARTESIAN_POINT('',(16.,3.5,146.));
#14426 = VECTOR('',#14427,1.);
#14427 = DIRECTION('',(-0.,1.,0.));
#14428 = ORIENTED_EDGE('',*,*,#14399,.F.);
#14429 = PLANE('',#14430);
#14430 = AXIS2_PLACEMENT_3D('',#14431,#14432,#14433);
#14431 = CARTESIAN_POINT('',(3.,3.5,146.));
#14432 = DIRECTION('',(0.,0.,1.));
#14433 = DIRECTION('',(1.,0.,-0.));
#14434 = ADVANCED_FACE('',(#14435),#14451,.F.);
#14435 = FACE_BOUND('',#14436,.F.);
#14436 = EDGE_LOOP('',(#14437,#14443,#14444,#14450));
#14437 = ORIENTED_EDGE('',*,*,#14438,.F.);
#14438 = EDGE_CURVE('',#13318,#13615,#14439,.T.);
#14439 = LINE('',#14440,#14441);
#14440 = CARTESIAN_POINT('',(134.,46.5,166.));
#14441 = VECTOR('',#14442,1.);
#14442 = DIRECTION('',(-0.,1.,0.));
#14443 = ORIENTED_EDGE('',*,*,#13317,.T.);
#14444 = ORIENTED_EDGE('',*,*,#14445,.T.);
#14445 = EDGE_CURVE('',#13320,#13607,#14446,.T.);
#14446 = LINE('',#14447,#14448);
#14447 = CARTESIAN_POINT('',(164.,46.5,166.));
#14448 = VECTOR('',#14449,1.);
#14449 = DIRECTION('',(-0.,1.,0.));
#14450 = ORIENTED_EDGE('',*,*,#13614,.F.);
#14451 = PLANE('',#14452);
#14452 = AXIS2_PLACEMENT_3D('',#14453,#14454,#14455);
#14453 = CARTESIAN_POINT('',(134.,46.5,166.));
#14454 = DIRECTION('',(0.,0.,1.));
#14455 = DIRECTION('',(1.,0.,-0.));
#14456 = ADVANCED_FACE('',(#14457),#14484,.F.);
#14457 = FACE_BOUND('',#14458,.F.);
#14458 = EDGE_LOOP('',(#14459,#14460,#14461,#14469,#14477,#14483));
#14459 = ORIENTED_EDGE('',*,*,#14445,.F.);
#14460 = ORIENTED_EDGE('',*,*,#13343,.T.);
#14461 = ORIENTED_EDGE('',*,*,#14462,.T.);
#14462 = EDGE_CURVE('',#13336,#14463,#14465,.T.);
#14463 = VERTEX_POINT('',#14464);
#14464 = CARTESIAN_POINT('',(164.,56.,140.));
#14465 = LINE('',#14466,#14467);
#14466 = CARTESIAN_POINT('',(164.,46.5,140.));
#14467 = VECTOR('',#14468,1.);
#14468 = DIRECTION('',(-0.,1.,0.));
#14469 = ORIENTED_EDGE('',*,*,#14470,.T.);
#14470 = EDGE_CURVE('',#14463,#14471,#14473,.T.);
#14471 = VERTEX_POINT('',#14472);
#14472 = CARTESIAN_POINT('',(164.,56.,141.));
#14473 = LINE('',#14474,#14475);
#14474 = CARTESIAN_POINT('',(164.,56.,140.));
#14475 = VECTOR('',#14476,1.);
#14476 = DIRECTION('',(0.,0.,1.));
#14477 = ORIENTED_EDGE('',*,*,#14478,.F.);
#14478 = EDGE_CURVE('',#13599,#14471,#14479,.T.);
#14479 = LINE('',#14480,#14481);
#14480 = CARTESIAN_POINT('',(164.,50.25,141.));
#14481 = VECTOR('',#14482,1.);
#14482 = DIRECTION('',(-0.,1.,0.));
#14483 = ORIENTED_EDGE('',*,*,#13606,.F.);
#14484 = PLANE('',#14485);
#14485 = AXIS2_PLACEMENT_3D('',#14486,#14487,#14488);
#14486 = CARTESIAN_POINT('',(164.,46.5,140.));
#14487 = DIRECTION('',(1.,0.,-0.));
#14488 = DIRECTION('',(0.,0.,1.));
#14489 = ADVANCED_FACE('',(#14490),#14508,.T.);
#14490 = FACE_BOUND('',#14491,.T.);
#14491 = EDGE_LOOP('',(#14492,#14500,#14501,#14502));
#14492 = ORIENTED_EDGE('',*,*,#14493,.F.);
#14493 = EDGE_CURVE('',#13328,#14494,#14496,.T.);
#14494 = VERTEX_POINT('',#14495);
#14495 = CARTESIAN_POINT('',(134.,56.,140.));
#14496 = LINE('',#14497,#14498);
#14497 = CARTESIAN_POINT('',(134.,46.5,140.));
#14498 = VECTOR('',#14499,1.);
#14499 = DIRECTION('',(-0.,1.,0.));
#14500 = ORIENTED_EDGE('',*,*,#13335,.T.);
#14501 = ORIENTED_EDGE('',*,*,#14462,.T.);
#14502 = ORIENTED_EDGE('',*,*,#14503,.F.);
#14503 = EDGE_CURVE('',#14494,#14463,#14504,.T.);
#14504 = LINE('',#14505,#14506);
#14505 = CARTESIAN_POINT('',(134.,56.,140.));
#14506 = VECTOR('',#14507,1.);
#14507 = DIRECTION('',(1.,0.,-0.));
#14508 = PLANE('',#14509);
#14509 = AXIS2_PLACEMENT_3D('',#14510,#14511,#14512);
#14510 = CARTESIAN_POINT('',(134.,46.5,140.));
#14511 = DIRECTION('',(0.,0.,1.));
#14512 = DIRECTION('',(1.,0.,-0.));
#14513 = ADVANCED_FACE('',(#14514),#14534,.T.);
#14514 = FACE_BOUND('',#14515,.T.);
#14515 = EDGE_LOOP('',(#14516,#14517,#14518,#14519,#14527,#14533));
#14516 = ORIENTED_EDGE('',*,*,#14438,.F.);
#14517 = ORIENTED_EDGE('',*,*,#13327,.T.);
#14518 = ORIENTED_EDGE('',*,*,#14493,.T.);
#14519 = ORIENTED_EDGE('',*,*,#14520,.T.);
#14520 = EDGE_CURVE('',#14494,#14521,#14523,.T.);
#14521 = VERTEX_POINT('',#14522);
#14522 = CARTESIAN_POINT('',(134.,56.,141.));
#14523 = LINE('',#14524,#14525);
#14524 = CARTESIAN_POINT('',(134.,56.,140.));
#14525 = VECTOR('',#14526,1.);
#14526 = DIRECTION('',(0.,0.,1.));
#14527 = ORIENTED_EDGE('',*,*,#14528,.F.);
#14528 = EDGE_CURVE('',#13623,#14521,#14529,.T.);
#14529 = LINE('',#14530,#14531);
#14530 = CARTESIAN_POINT('',(134.,50.25,141.));
#14531 = VECTOR('',#14532,1.);
#14532 = DIRECTION('',(-0.,1.,0.));
#14533 = ORIENTED_EDGE('',*,*,#13622,.F.);
#14534 = PLANE('',#14535);
#14535 = AXIS2_PLACEMENT_3D('',#14536,#14537,#14538);
#14536 = CARTESIAN_POINT('',(134.,46.5,140.));
#14537 = DIRECTION('',(1.,0.,-0.));
#14538 = DIRECTION('',(0.,0.,1.));
#14539 = ADVANCED_FACE('',(#14540),#14546,.T.);
#14540 = FACE_BOUND('',#14541,.T.);
#14541 = EDGE_LOOP('',(#14542,#14543,#14544,#14545));
#14542 = ORIENTED_EDGE('',*,*,#13412,.F.);
#14543 = ORIENTED_EDGE('',*,*,#14327,.T.);
#14544 = ORIENTED_EDGE('',*,*,#14359,.T.);
#14545 = ORIENTED_EDGE('',*,*,#14375,.F.);
#14546 = PLANE('',#14547);
#14547 = AXIS2_PLACEMENT_3D('',#14548,#14549,#14550);
#14548 = CARTESIAN_POINT('',(88.5,3.5,185.));
#14549 = DIRECTION('',(1.,0.,-0.));
#14550 = DIRECTION('',(0.,0.,1.));
#14551 = ADVANCED_FACE('',(#14552),#14563,.T.);
#14552 = FACE_BOUND('',#14553,.T.);
#14553 = EDGE_LOOP('',(#14554,#14555,#14561,#14562));
#14554 = ORIENTED_EDGE('',*,*,#13389,.F.);
#14555 = ORIENTED_EDGE('',*,*,#14556,.T.);
#14556 = EDGE_CURVE('',#13382,#14391,#14557,.T.);
#14557 = LINE('',#14558,#14559);
#14558 = CARTESIAN_POINT('',(16.,3.5,138.));
#14559 = VECTOR('',#14560,1.);
#14560 = DIRECTION('',(-0.,1.,0.));
#14561 = ORIENTED_EDGE('',*,*,#14407,.T.);
#14562 = ORIENTED_EDGE('',*,*,#14423,.F.);
#14563 = PLANE('',#14564);
#14564 = AXIS2_PLACEMENT_3D('',#14565,#14566,#14567);
#14565 = CARTESIAN_POINT('',(16.,3.5,138.));
#14566 = DIRECTION('',(1.,0.,-0.));
#14567 = DIRECTION('',(0.,0.,1.));
#14568 = ADVANCED_FACE('',(#14569),#14594,.F.);
#14569 = FACE_BOUND('',#14570,.F.);
#14570 = EDGE_LOOP('',(#14571,#14572,#14580,#14588));
#14571 = ORIENTED_EDGE('',*,*,#13373,.F.);
#14572 = ORIENTED_EDGE('',*,*,#14573,.T.);
#14573 = EDGE_CURVE('',#13374,#14574,#14576,.T.);
#14574 = VERTEX_POINT('',#14575);
#14575 = CARTESIAN_POINT('',(170.,14.5,138.));
#14576 = LINE('',#14577,#14578);
#14577 = CARTESIAN_POINT('',(170.,3.5,138.));
#14578 = VECTOR('',#14579,1.);
#14579 = DIRECTION('',(-0.,1.,0.));
#14580 = ORIENTED_EDGE('',*,*,#14581,.T.);
#14581 = EDGE_CURVE('',#14574,#14582,#14584,.T.);
#14582 = VERTEX_POINT('',#14583);
#14583 = CARTESIAN_POINT('',(170.,14.5,146.));
#14584 = LINE('',#14585,#14586);
#14585 = CARTESIAN_POINT('',(170.,14.5,138.));
#14586 = VECTOR('',#14587,1.);
#14587 = DIRECTION('',(0.,0.,1.));
#14588 = ORIENTED_EDGE('',*,*,#14589,.F.);
#14589 = EDGE_CURVE('',#13366,#14582,#14590,.T.);
#14590 = LINE('',#14591,#14592);
#14591 = CARTESIAN_POINT('',(170.,3.5,146.));
#14592 = VECTOR('',#14593,1.);
#14593 = DIRECTION('',(-0.,1.,0.));
#14594 = PLANE('',#14595);
#14595 = AXIS2_PLACEMENT_3D('',#14596,#14597,#14598);
#14596 = CARTESIAN_POINT('',(170.,3.5,138.));
#14597 = DIRECTION('',(1.,0.,-0.));
#14598 = DIRECTION('',(0.,0.,1.));
#14599 = ADVANCED_FACE('',(#14600),#14611,.T.);
#14600 = FACE_BOUND('',#14601,.T.);
#14601 = EDGE_LOOP('',(#14602,#14603,#14604,#14605));
#14602 = ORIENTED_EDGE('',*,*,#14589,.F.);
#14603 = ORIENTED_EDGE('',*,*,#13365,.T.);
#14604 = ORIENTED_EDGE('',*,*,#13437,.T.);
#14605 = ORIENTED_EDGE('',*,*,#14606,.F.);
#14606 = EDGE_CURVE('',#14582,#13438,#14607,.T.);
#14607 = LINE('',#14608,#14609);
#14608 = CARTESIAN_POINT('',(170.,14.5,146.));
#14609 = VECTOR('',#14610,1.);
#14610 = DIRECTION('',(1.,0.,-0.));
#14611 = PLANE('',#14612);
#14612 = AXIS2_PLACEMENT_3D('',#14613,#14614,#14615);
#14613 = CARTESIAN_POINT('',(170.,3.5,146.));
#14614 = DIRECTION('',(0.,0.,1.));
#14615 = DIRECTION('',(1.,0.,-0.));
#14616 = ADVANCED_FACE('',(#14617),#14628,.T.);
#14617 = FACE_BOUND('',#14618,.T.);
#14618 = EDGE_LOOP('',(#14619,#14625,#14626,#14627));
#14619 = ORIENTED_EDGE('',*,*,#14620,.F.);
#14620 = EDGE_CURVE('',#14574,#13446,#14621,.T.);
#14621 = LINE('',#14622,#14623);
#14622 = CARTESIAN_POINT('',(170.,14.5,138.));
#14623 = VECTOR('',#14624,1.);
#14624 = DIRECTION('',(1.,0.,-0.));
#14625 = ORIENTED_EDGE('',*,*,#14581,.T.);
#14626 = ORIENTED_EDGE('',*,*,#14606,.T.);
#14627 = ORIENTED_EDGE('',*,*,#13445,.F.);
#14628 = PLANE('',#14629);
#14629 = AXIS2_PLACEMENT_3D('',#14630,#14631,#14632);
#14630 = CARTESIAN_POINT('',(170.,14.5,138.));
#14631 = DIRECTION('',(-0.,1.,0.));
#14632 = DIRECTION('',(0.,0.,1.));
#14633 = ADVANCED_FACE('',(#14634),#14704,.T.);
#14634 = FACE_BOUND('',#14635,.T.);
#14635 = EDGE_LOOP('',(#14636,#14637,#14638,#14639,#14640,#14641,#14649,
    #14657,#14665,#14673,#14681,#14689,#14695,#14696,#14697,#14703));
#14636 = ORIENTED_EDGE('',*,*,#13598,.T.);
#14637 = ORIENTED_EDGE('',*,*,#13941,.T.);
#14638 = ORIENTED_EDGE('',*,*,#13508,.F.);
#14639 = ORIENTED_EDGE('',*,*,#13477,.F.);
#14640 = ORIENTED_EDGE('',*,*,#13694,.T.);
#14641 = ORIENTED_EDGE('',*,*,#14642,.T.);
#14642 = EDGE_CURVE('',#13687,#14643,#14645,.T.);
#14643 = VERTEX_POINT('',#14644);
#14644 = CARTESIAN_POINT('',(53.,62.,141.));
#14645 = LINE('',#14646,#14647);
#14646 = CARTESIAN_POINT('',(53.,54.,141.));
#14647 = VECTOR('',#14648,1.);
#14648 = DIRECTION('',(-0.,1.,0.));
#14649 = ORIENTED_EDGE('',*,*,#14650,.T.);
#14650 = EDGE_CURVE('',#14643,#14651,#14653,.T.);
#14651 = VERTEX_POINT('',#14652);
#14652 = CARTESIAN_POINT('',(30.,62.,141.));
#14653 = LINE('',#14654,#14655);
#14654 = CARTESIAN_POINT('',(25.,62.,141.));
#14655 = VECTOR('',#14656,1.);
#14656 = DIRECTION('',(-1.,-0.,0.));
#14657 = ORIENTED_EDGE('',*,*,#14658,.T.);
#14658 = EDGE_CURVE('',#14651,#14659,#14661,.T.);
#14659 = VERTEX_POINT('',#14660);
#14660 = CARTESIAN_POINT('',(30.,140.,141.));
#14661 = LINE('',#14662,#14663);
#14662 = CARTESIAN_POINT('',(30.,58.,141.));
#14663 = VECTOR('',#14664,1.);
#14664 = DIRECTION('',(-0.,1.,0.));
#14665 = ORIENTED_EDGE('',*,*,#14666,.F.);
#14666 = EDGE_CURVE('',#14667,#14659,#14669,.T.);
#14667 = VERTEX_POINT('',#14668);
#14668 = CARTESIAN_POINT('',(156.,140.,141.));
#14669 = LINE('',#14670,#14671);
#14670 = CARTESIAN_POINT('',(25.,140.,141.));
#14671 = VECTOR('',#14672,1.);
#14672 = DIRECTION('',(-1.,-0.,0.));
#14673 = ORIENTED_EDGE('',*,*,#14674,.F.);
#14674 = EDGE_CURVE('',#14675,#14667,#14677,.T.);
#14675 = VERTEX_POINT('',#14676);
#14676 = CARTESIAN_POINT('',(156.,62.,141.));
#14677 = LINE('',#14678,#14679);
#14678 = CARTESIAN_POINT('',(156.,58.,141.));
#14679 = VECTOR('',#14680,1.);
#14680 = DIRECTION('',(-0.,1.,0.));
#14681 = ORIENTED_EDGE('',*,*,#14682,.T.);
#14682 = EDGE_CURVE('',#14675,#14683,#14685,.T.);
#14683 = VERTEX_POINT('',#14684);
#14684 = CARTESIAN_POINT('',(132.5,62.,141.));
#14685 = LINE('',#14686,#14687);
#14686 = CARTESIAN_POINT('',(25.,62.,141.));
#14687 = VECTOR('',#14688,1.);
#14688 = DIRECTION('',(-1.,-0.,0.));
#14689 = ORIENTED_EDGE('',*,*,#14690,.F.);
#14690 = EDGE_CURVE('',#13631,#14683,#14691,.T.);
#14691 = LINE('',#14692,#14693);
#14692 = CARTESIAN_POINT('',(132.5,54.,141.));
#14693 = VECTOR('',#14694,1.);
#14694 = DIRECTION('',(-0.,1.,0.));
#14695 = ORIENTED_EDGE('',*,*,#13630,.T.);
#14696 = ORIENTED_EDGE('',*,*,#14528,.T.);
#14697 = ORIENTED_EDGE('',*,*,#14698,.F.);
#14698 = EDGE_CURVE('',#14471,#14521,#14699,.T.);
#14699 = LINE('',#14700,#14701);
#14700 = CARTESIAN_POINT('',(77.,56.,141.));
#14701 = VECTOR('',#14702,1.);
#14702 = DIRECTION('',(-1.,-0.,0.));
#14703 = ORIENTED_EDGE('',*,*,#14478,.F.);
#14704 = PLANE('',#14705);
#14705 = AXIS2_PLACEMENT_3D('',#14706,#14707,#14708);
#14706 = CARTESIAN_POINT('',(20.,54.,141.));
#14707 = DIRECTION('',(0.,0.,1.));
#14708 = DIRECTION('',(1.,0.,-0.));
#14709 = ADVANCED_FACE('',(#14710),#14728,.T.);
#14710 = FACE_BOUND('',#14711,.T.);
#14711 = EDGE_LOOP('',(#14712,#14713,#14721,#14727));
#14712 = ORIENTED_EDGE('',*,*,#13686,.F.);
#14713 = ORIENTED_EDGE('',*,*,#14714,.T.);
#14714 = EDGE_CURVE('',#13679,#14715,#14717,.T.);
#14715 = VERTEX_POINT('',#14716);
#14716 = CARTESIAN_POINT('',(53.,62.,138.));
#14717 = LINE('',#14718,#14719);
#14718 = CARTESIAN_POINT('',(53.,54.,138.));
#14719 = VECTOR('',#14720,1.);
#14720 = DIRECTION('',(-0.,1.,0.));
#14721 = ORIENTED_EDGE('',*,*,#14722,.T.);
#14722 = EDGE_CURVE('',#14715,#14643,#14723,.T.);
#14723 = LINE('',#14724,#14725);
#14724 = CARTESIAN_POINT('',(53.,62.,137.));
#14725 = VECTOR('',#14726,1.);
#14726 = DIRECTION('',(0.,0.,1.));
#14727 = ORIENTED_EDGE('',*,*,#14642,.F.);
#14728 = PLANE('',#14729);
#14729 = AXIS2_PLACEMENT_3D('',#14730,#14731,#14732);
#14730 = CARTESIAN_POINT('',(53.,54.,137.));
#14731 = DIRECTION('',(1.,0.,-0.));
#14732 = DIRECTION('',(0.,0.,1.));
#14733 = ADVANCED_FACE('',(#14734),#14752,.F.);
#14734 = FACE_BOUND('',#14735,.F.);
#14735 = EDGE_LOOP('',(#14736,#14737,#14745,#14751));
#14736 = ORIENTED_EDGE('',*,*,#13638,.F.);
#14737 = ORIENTED_EDGE('',*,*,#14738,.T.);
#14738 = EDGE_CURVE('',#13639,#14739,#14741,.T.);
#14739 = VERTEX_POINT('',#14740);
#14740 = CARTESIAN_POINT('',(132.5,62.,138.));
#14741 = LINE('',#14742,#14743);
#14742 = CARTESIAN_POINT('',(132.5,54.,138.));
#14743 = VECTOR('',#14744,1.);
#14744 = DIRECTION('',(-0.,1.,0.));
#14745 = ORIENTED_EDGE('',*,*,#14746,.T.);
#14746 = EDGE_CURVE('',#14739,#14683,#14747,.T.);
#14747 = LINE('',#14748,#14749);
#14748 = CARTESIAN_POINT('',(132.5,62.,137.));
#14749 = VECTOR('',#14750,1.);
#14750 = DIRECTION('',(0.,0.,1.));
#14751 = ORIENTED_EDGE('',*,*,#14690,.F.);
#14752 = PLANE('',#14753);
#14753 = AXIS2_PLACEMENT_3D('',#14754,#14755,#14756);
#14754 = CARTESIAN_POINT('',(132.5,54.,137.));
#14755 = DIRECTION('',(1.,0.,-0.));
#14756 = DIRECTION('',(0.,0.,1.));
#14757 = ADVANCED_FACE('',(#14758),#14783,.F.);
#14758 = FACE_BOUND('',#14759,.F.);
#14759 = EDGE_LOOP('',(#14760,#14761,#14769,#14777));
#14760 = ORIENTED_EDGE('',*,*,#13670,.F.);
#14761 = ORIENTED_EDGE('',*,*,#14762,.T.);
#14762 = EDGE_CURVE('',#13671,#14763,#14765,.T.);
#14763 = VERTEX_POINT('',#14764);
#14764 = CARTESIAN_POINT('',(87.,62.,138.));
#14765 = LINE('',#14766,#14767);
#14766 = CARTESIAN_POINT('',(87.,54.,138.));
#14767 = VECTOR('',#14768,1.);
#14768 = DIRECTION('',(-0.,1.,0.));
#14769 = ORIENTED_EDGE('',*,*,#14770,.T.);
#14770 = EDGE_CURVE('',#14763,#14771,#14773,.T.);
#14771 = VERTEX_POINT('',#14772);
#14772 = CARTESIAN_POINT('',(87.,62.,141.));
#14773 = LINE('',#14774,#14775);
#14774 = CARTESIAN_POINT('',(87.,62.,137.));
#14775 = VECTOR('',#14776,1.);
#14776 = DIRECTION('',(0.,0.,1.));
#14777 = ORIENTED_EDGE('',*,*,#14778,.F.);
#14778 = EDGE_CURVE('',#13663,#14771,#14779,.T.);
#14779 = LINE('',#14780,#14781);
#14780 = CARTESIAN_POINT('',(87.,54.,141.));
#14781 = VECTOR('',#14782,1.);
#14782 = DIRECTION('',(-0.,1.,0.));
#14783 = PLANE('',#14784);
#14784 = AXIS2_PLACEMENT_3D('',#14785,#14786,#14787);
#14785 = CARTESIAN_POINT('',(87.,54.,137.));
#14786 = DIRECTION('',(1.,0.,-0.));
#14787 = DIRECTION('',(0.,0.,1.));
#14788 = ADVANCED_FACE('',(#14789),#14807,.T.);
#14789 = FACE_BOUND('',#14790,.T.);
#14790 = EDGE_LOOP('',(#14791,#14792,#14800,#14806));
#14791 = ORIENTED_EDGE('',*,*,#13662,.T.);
#14792 = ORIENTED_EDGE('',*,*,#14793,.T.);
#14793 = EDGE_CURVE('',#13655,#14794,#14796,.T.);
#14794 = VERTEX_POINT('',#14795);
#14795 = CARTESIAN_POINT('',(98.5,62.,141.));
#14796 = LINE('',#14797,#14798);
#14797 = CARTESIAN_POINT('',(98.5,54.,141.));
#14798 = VECTOR('',#14799,1.);
#14799 = DIRECTION('',(-0.,1.,0.));
#14800 = ORIENTED_EDGE('',*,*,#14801,.T.);
#14801 = EDGE_CURVE('',#14794,#14771,#14802,.T.);
#14802 = LINE('',#14803,#14804);
#14803 = CARTESIAN_POINT('',(25.,62.,141.));
#14804 = VECTOR('',#14805,1.);
#14805 = DIRECTION('',(-1.,-0.,0.));
#14806 = ORIENTED_EDGE('',*,*,#14778,.F.);
#14807 = PLANE('',#14808);
#14808 = AXIS2_PLACEMENT_3D('',#14809,#14810,#14811);
#14809 = CARTESIAN_POINT('',(20.,54.,141.));
#14810 = DIRECTION('',(0.,0.,1.));
#14811 = DIRECTION('',(1.,0.,-0.));
#14812 = ADVANCED_FACE('',(#14813),#14831,.T.);
#14813 = FACE_BOUND('',#14814,.T.);
#14814 = EDGE_LOOP('',(#14815,#14816,#14824,#14830));
#14815 = ORIENTED_EDGE('',*,*,#13654,.F.);
#14816 = ORIENTED_EDGE('',*,*,#14817,.T.);
#14817 = EDGE_CURVE('',#13647,#14818,#14820,.T.);
#14818 = VERTEX_POINT('',#14819);
#14819 = CARTESIAN_POINT('',(98.5,62.,138.));
#14820 = LINE('',#14821,#14822);
#14821 = CARTESIAN_POINT('',(98.5,54.,138.));
#14822 = VECTOR('',#14823,1.);
#14823 = DIRECTION('',(-0.,1.,0.));
#14824 = ORIENTED_EDGE('',*,*,#14825,.T.);
#14825 = EDGE_CURVE('',#14818,#14794,#14826,.T.);
#14826 = LINE('',#14827,#14828);
#14827 = CARTESIAN_POINT('',(98.5,62.,137.));
#14828 = VECTOR('',#14829,1.);
#14829 = DIRECTION('',(0.,0.,1.));
#14830 = ORIENTED_EDGE('',*,*,#14793,.F.);
#14831 = PLANE('',#14832);
#14832 = AXIS2_PLACEMENT_3D('',#14833,#14834,#14835);
#14833 = CARTESIAN_POINT('',(98.5,54.,137.));
#14834 = DIRECTION('',(1.,0.,-0.));
#14835 = DIRECTION('',(0.,0.,1.));
#14836 = ADVANCED_FACE('',(#14837),#14862,.F.);
#14837 = FACE_BOUND('',#14838,.F.);
#14838 = EDGE_LOOP('',(#14839,#14840,#14848,#14856));
#14839 = ORIENTED_EDGE('',*,*,#13704,.F.);
#14840 = ORIENTED_EDGE('',*,*,#14841,.T.);
#14841 = EDGE_CURVE('',#13705,#14842,#14844,.T.);
#14842 = VERTEX_POINT('',#14843);
#14843 = CARTESIAN_POINT('',(55.,55.5,142.));
#14844 = LINE('',#14845,#14846);
#14845 = CARTESIAN_POINT('',(55.,54.,142.));
#14846 = VECTOR('',#14847,1.);
#14847 = DIRECTION('',(-0.,1.,0.));
#14848 = ORIENTED_EDGE('',*,*,#14849,.T.);
#14849 = EDGE_CURVE('',#14842,#14850,#14852,.T.);
#14850 = VERTEX_POINT('',#14851);
#14851 = CARTESIAN_POINT('',(55.,55.5,166.));
#14852 = LINE('',#14853,#14854);
#14853 = CARTESIAN_POINT('',(55.,55.5,142.));
#14854 = VECTOR('',#14855,1.);
#14855 = DIRECTION('',(0.,0.,1.));
#14856 = ORIENTED_EDGE('',*,*,#14857,.F.);
#14857 = EDGE_CURVE('',#13707,#14850,#14858,.T.);
#14858 = LINE('',#14859,#14860);
#14859 = CARTESIAN_POINT('',(55.,54.,166.));
#14860 = VECTOR('',#14861,1.);
#14861 = DIRECTION('',(-0.,1.,0.));
#14862 = PLANE('',#14863);
#14863 = AXIS2_PLACEMENT_3D('',#14864,#14865,#14866);
#14864 = CARTESIAN_POINT('',(55.,54.,142.));
#14865 = DIRECTION('',(1.,0.,-0.));
#14866 = DIRECTION('',(0.,0.,1.));
#14867 = ADVANCED_FACE('',(#14868),#14886,.F.);
#14868 = FACE_BOUND('',#14869,.F.);
#14869 = EDGE_LOOP('',(#14870,#14871,#14872,#14880));
#14870 = ORIENTED_EDGE('',*,*,#14841,.F.);
#14871 = ORIENTED_EDGE('',*,*,#13714,.T.);
#14872 = ORIENTED_EDGE('',*,*,#14873,.T.);
#14873 = EDGE_CURVE('',#13715,#14874,#14876,.T.);
#14874 = VERTEX_POINT('',#14875);
#14875 = CARTESIAN_POINT('',(85.,55.5,142.));
#14876 = LINE('',#14877,#14878);
#14877 = CARTESIAN_POINT('',(85.,54.,142.));
#14878 = VECTOR('',#14879,1.);
#14879 = DIRECTION('',(-0.,1.,0.));
#14880 = ORIENTED_EDGE('',*,*,#14881,.F.);
#14881 = EDGE_CURVE('',#14842,#14874,#14882,.T.);
#14882 = LINE('',#14883,#14884);
#14883 = CARTESIAN_POINT('',(55.,55.5,142.));
#14884 = VECTOR('',#14885,1.);
#14885 = DIRECTION('',(1.,0.,-0.));
#14886 = PLANE('',#14887);
#14887 = AXIS2_PLACEMENT_3D('',#14888,#14889,#14890);
#14888 = CARTESIAN_POINT('',(55.,54.,142.));
#14889 = DIRECTION('',(0.,0.,1.));
#14890 = DIRECTION('',(1.,0.,-0.));
#14891 = ADVANCED_FACE('',(#14892),#14910,.T.);
#14892 = FACE_BOUND('',#14893,.T.);
#14893 = EDGE_LOOP('',(#14894,#14895,#14896,#14904));
#14894 = ORIENTED_EDGE('',*,*,#14857,.F.);
#14895 = ORIENTED_EDGE('',*,*,#13730,.T.);
#14896 = ORIENTED_EDGE('',*,*,#14897,.T.);
#14897 = EDGE_CURVE('',#13723,#14898,#14900,.T.);
#14898 = VERTEX_POINT('',#14899);
#14899 = CARTESIAN_POINT('',(85.,55.5,166.));
#14900 = LINE('',#14901,#14902);
#14901 = CARTESIAN_POINT('',(85.,54.,166.));
#14902 = VECTOR('',#14903,1.);
#14903 = DIRECTION('',(-0.,1.,0.));
#14904 = ORIENTED_EDGE('',*,*,#14905,.F.);
#14905 = EDGE_CURVE('',#14850,#14898,#14906,.T.);
#14906 = LINE('',#14907,#14908);
#14907 = CARTESIAN_POINT('',(55.,55.5,166.));
#14908 = VECTOR('',#14909,1.);
#14909 = DIRECTION('',(1.,0.,-0.));
#14910 = PLANE('',#14911);
#14911 = AXIS2_PLACEMENT_3D('',#14912,#14913,#14914);
#14912 = CARTESIAN_POINT('',(55.,54.,166.));
#14913 = DIRECTION('',(0.,0.,1.));
#14914 = DIRECTION('',(1.,0.,-0.));
#14915 = ADVANCED_FACE('',(#14916),#14927,.T.);
#14916 = FACE_BOUND('',#14917,.T.);
#14917 = EDGE_LOOP('',(#14918,#14919,#14920,#14926));
#14918 = ORIENTED_EDGE('',*,*,#13722,.F.);
#14919 = ORIENTED_EDGE('',*,*,#14873,.T.);
#14920 = ORIENTED_EDGE('',*,*,#14921,.T.);
#14921 = EDGE_CURVE('',#14874,#14898,#14922,.T.);
#14922 = LINE('',#14923,#14924);
#14923 = CARTESIAN_POINT('',(85.,55.5,142.));
#14924 = VECTOR('',#14925,1.);
#14925 = DIRECTION('',(0.,0.,1.));
#14926 = ORIENTED_EDGE('',*,*,#14897,.F.);
#14927 = PLANE('',#14928);
#14928 = AXIS2_PLACEMENT_3D('',#14929,#14930,#14931);
#14929 = CARTESIAN_POINT('',(85.,54.,142.));
#14930 = DIRECTION('',(1.,0.,-0.));
#14931 = DIRECTION('',(0.,0.,1.));
#14932 = ADVANCED_FACE('',(#14933),#14958,.F.);
#14933 = FACE_BOUND('',#14934,.F.);
#14934 = EDGE_LOOP('',(#14935,#14936,#14944,#14952));
#14935 = ORIENTED_EDGE('',*,*,#13738,.F.);
#14936 = ORIENTED_EDGE('',*,*,#14937,.T.);
#14937 = EDGE_CURVE('',#13739,#14938,#14940,.T.);
#14938 = VERTEX_POINT('',#14939);
#14939 = CARTESIAN_POINT('',(46.6,55.,196.));
#14940 = LINE('',#14941,#14942);
#14941 = CARTESIAN_POINT('',(46.6,54.,196.));
#14942 = VECTOR('',#14943,1.);
#14943 = DIRECTION('',(-0.,1.,0.));
#14944 = ORIENTED_EDGE('',*,*,#14945,.T.);
#14945 = EDGE_CURVE('',#14938,#14946,#14948,.T.);
#14946 = VERTEX_POINT('',#14947);
#14947 = CARTESIAN_POINT('',(46.6,55.,209.1));
#14948 = LINE('',#14949,#14950);
#14949 = CARTESIAN_POINT('',(46.6,55.,184.6));
#14950 = VECTOR('',#14951,1.);
#14951 = DIRECTION('',(0.,0.,1.));
#14952 = ORIENTED_EDGE('',*,*,#14953,.F.);
#14953 = EDGE_CURVE('',#13741,#14946,#14954,.T.);
#14954 = LINE('',#14955,#14956);
#14955 = CARTESIAN_POINT('',(46.6,54.,209.1));
#14956 = VECTOR('',#14957,1.);
#14957 = DIRECTION('',(-0.,1.,0.));
#14958 = PLANE('',#14959);
#14959 = AXIS2_PLACEMENT_3D('',#14960,#14961,#14962);
#14960 = CARTESIAN_POINT('',(46.6,54.,184.6));
#14961 = DIRECTION('',(1.,0.,-0.));
#14962 = DIRECTION('',(0.,0.,1.));
#14963 = ADVANCED_FACE('',(#14964),#14982,.T.);
#14964 = FACE_BOUND('',#14965,.T.);
#14965 = EDGE_LOOP('',(#14966,#14967,#14968,#14976));
#14966 = ORIENTED_EDGE('',*,*,#14953,.F.);
#14967 = ORIENTED_EDGE('',*,*,#13892,.T.);
#14968 = ORIENTED_EDGE('',*,*,#14969,.T.);
#14969 = EDGE_CURVE('',#13885,#14970,#14972,.T.);
#14970 = VERTEX_POINT('',#14971);
#14971 = CARTESIAN_POINT('',(62.,55.,209.1));
#14972 = LINE('',#14973,#14974);
#14973 = CARTESIAN_POINT('',(62.,54.,209.1));
#14974 = VECTOR('',#14975,1.);
#14975 = DIRECTION('',(-0.,1.,0.));
#14976 = ORIENTED_EDGE('',*,*,#14977,.F.);
#14977 = EDGE_CURVE('',#14946,#14970,#14978,.T.);
#14978 = LINE('',#14979,#14980);
#14979 = CARTESIAN_POINT('',(46.6,55.,209.1));
#14980 = VECTOR('',#14981,1.);
#14981 = DIRECTION('',(1.,0.,-0.));
#14982 = PLANE('',#14983);
#14983 = AXIS2_PLACEMENT_3D('',#14984,#14985,#14986);
#14984 = CARTESIAN_POINT('',(46.6,54.,209.1));
#14985 = DIRECTION('',(0.,0.,1.));
#14986 = DIRECTION('',(1.,0.,-0.));
#14987 = ADVANCED_FACE('',(#14988),#15006,.T.);
#14988 = FACE_BOUND('',#14989,.T.);
#14989 = EDGE_LOOP('',(#14990,#14991,#14999,#15005));
#14990 = ORIENTED_EDGE('',*,*,#13884,.F.);
#14991 = ORIENTED_EDGE('',*,*,#14992,.T.);
#14992 = EDGE_CURVE('',#13877,#14993,#14995,.T.);
#14993 = VERTEX_POINT('',#14994);
#14994 = CARTESIAN_POINT('',(62.,55.,184.6));
#14995 = LINE('',#14996,#14997);
#14996 = CARTESIAN_POINT('',(62.,54.,184.6));
#14997 = VECTOR('',#14998,1.);
#14998 = DIRECTION('',(-0.,1.,0.));
#14999 = ORIENTED_EDGE('',*,*,#15000,.T.);
#15000 = EDGE_CURVE('',#14993,#14970,#15001,.T.);
#15001 = LINE('',#15002,#15003);
#15002 = CARTESIAN_POINT('',(62.,55.,184.6));
#15003 = VECTOR('',#15004,1.);
#15004 = DIRECTION('',(0.,0.,1.));
#15005 = ORIENTED_EDGE('',*,*,#14969,.F.);
#15006 = PLANE('',#15007);
#15007 = AXIS2_PLACEMENT_3D('',#15008,#15009,#15010);
#15008 = CARTESIAN_POINT('',(62.,54.,184.6));
#15009 = DIRECTION('',(1.,0.,-0.));
#15010 = DIRECTION('',(0.,0.,1.));
#15011 = ADVANCED_FACE('',(#15012),#15126,.T.);
#15012 = FACE_BOUND('',#15013,.T.);
#15013 = EDGE_LOOP('',(#15014,#15024,#15032,#15040,#15048,#15056,#15064,
    #15070,#15071,#15072,#15080,#15088,#15096,#15104,#15112,#15120));
#15014 = ORIENTED_EDGE('',*,*,#15015,.F.);
#15015 = EDGE_CURVE('',#15016,#15018,#15020,.T.);
#15016 = VERTEX_POINT('',#15017);
#15017 = CARTESIAN_POINT('',(46.6,63.,184.6));
#15018 = VERTEX_POINT('',#15019);
#15019 = CARTESIAN_POINT('',(65.,63.,184.6));
#15020 = LINE('',#15021,#15022);
#15021 = CARTESIAN_POINT('',(45.2,63.,184.6));
#15022 = VECTOR('',#15023,1.);
#15023 = DIRECTION('',(1.,0.,-0.));
#15024 = ORIENTED_EDGE('',*,*,#15025,.F.);
#15025 = EDGE_CURVE('',#15026,#15016,#15028,.T.);
#15026 = VERTEX_POINT('',#15027);
#15027 = CARTESIAN_POINT('',(46.6,55.,184.6));
#15028 = LINE('',#15029,#15030);
#15029 = CARTESIAN_POINT('',(46.6,54.,184.6));
#15030 = VECTOR('',#15031,1.);
#15031 = DIRECTION('',(-0.,1.,0.));
#15032 = ORIENTED_EDGE('',*,*,#15033,.T.);
#15033 = EDGE_CURVE('',#15026,#15034,#15036,.T.);
#15034 = VERTEX_POINT('',#15035);
#15035 = CARTESIAN_POINT('',(47.,55.,184.6));
#15036 = LINE('',#15037,#15038);
#15037 = CARTESIAN_POINT('',(46.6,55.,184.6));
#15038 = VECTOR('',#15039,1.);
#15039 = DIRECTION('',(1.,0.,-0.));
#15040 = ORIENTED_EDGE('',*,*,#15041,.T.);
#15041 = EDGE_CURVE('',#15034,#15042,#15044,.T.);
#15042 = VERTEX_POINT('',#15043);
#15043 = CARTESIAN_POINT('',(47.,58.,184.6));
#15044 = LINE('',#15045,#15046);
#15045 = CARTESIAN_POINT('',(47.,54.,184.6));
#15046 = VECTOR('',#15047,1.);
#15047 = DIRECTION('',(-0.,1.,0.));
#15048 = ORIENTED_EDGE('',*,*,#15049,.F.);
#15049 = EDGE_CURVE('',#15050,#15042,#15052,.T.);
#15050 = VERTEX_POINT('',#15051);
#15051 = CARTESIAN_POINT('',(53.5,58.,184.6));
#15052 = LINE('',#15053,#15054);
#15053 = CARTESIAN_POINT('',(46.1,58.,184.6));
#15054 = VECTOR('',#15055,1.);
#15055 = DIRECTION('',(-1.,-0.,0.));
#15056 = ORIENTED_EDGE('',*,*,#15057,.F.);
#15057 = EDGE_CURVE('',#15058,#15050,#15060,.T.);
#15058 = VERTEX_POINT('',#15059);
#15059 = CARTESIAN_POINT('',(53.5,55.,184.6));
#15060 = LINE('',#15061,#15062);
#15061 = CARTESIAN_POINT('',(53.5,54.,184.6));
#15062 = VECTOR('',#15063,1.);
#15063 = DIRECTION('',(-0.,1.,0.));
#15064 = ORIENTED_EDGE('',*,*,#15065,.T.);
#15065 = EDGE_CURVE('',#15058,#14993,#15066,.T.);
#15066 = LINE('',#15067,#15068);
#15067 = CARTESIAN_POINT('',(46.6,55.,184.6));
#15068 = VECTOR('',#15069,1.);
#15069 = DIRECTION('',(1.,0.,-0.));
#15070 = ORIENTED_EDGE('',*,*,#14992,.F.);
#15071 = ORIENTED_EDGE('',*,*,#13876,.T.);
#15072 = ORIENTED_EDGE('',*,*,#15073,.T.);
#15073 = EDGE_CURVE('',#13869,#15074,#15076,.T.);
#15074 = VERTEX_POINT('',#15075);
#15075 = CARTESIAN_POINT('',(124.,55.,184.6));
#15076 = LINE('',#15077,#15078);
#15077 = CARTESIAN_POINT('',(124.,54.,184.6));
#15078 = VECTOR('',#15079,1.);
#15079 = DIRECTION('',(-0.,1.,0.));
#15080 = ORIENTED_EDGE('',*,*,#15081,.T.);
#15081 = EDGE_CURVE('',#15074,#15082,#15084,.T.);
#15082 = VERTEX_POINT('',#15083);
#15083 = CARTESIAN_POINT('',(139.4,55.,184.6));
#15084 = LINE('',#15085,#15086);
#15085 = CARTESIAN_POINT('',(124.,55.,184.6));
#15086 = VECTOR('',#15087,1.);
#15087 = DIRECTION('',(1.,0.,-0.));
#15088 = ORIENTED_EDGE('',*,*,#15089,.T.);
#15089 = EDGE_CURVE('',#15082,#15090,#15092,.T.);
#15090 = VERTEX_POINT('',#15091);
#15091 = CARTESIAN_POINT('',(139.4,63.,184.6));
#15092 = LINE('',#15093,#15094);
#15093 = CARTESIAN_POINT('',(139.4,54.,184.6));
#15094 = VECTOR('',#15095,1.);
#15095 = DIRECTION('',(-0.,1.,0.));
#15096 = ORIENTED_EDGE('',*,*,#15097,.F.);
#15097 = EDGE_CURVE('',#15098,#15090,#15100,.T.);
#15098 = VERTEX_POINT('',#15099);
#15099 = CARTESIAN_POINT('',(121.,63.,184.6));
#15100 = LINE('',#15101,#15102);
#15101 = CARTESIAN_POINT('',(45.2,63.,184.6));
#15102 = VECTOR('',#15103,1.);
#15103 = DIRECTION('',(1.,0.,-0.));
#15104 = ORIENTED_EDGE('',*,*,#15105,.F.);
#15105 = EDGE_CURVE('',#15106,#15098,#15108,.T.);
#15106 = VERTEX_POINT('',#15107);
#15107 = CARTESIAN_POINT('',(121.,57.5,184.6));
#15108 = LINE('',#15109,#15110);
#15109 = CARTESIAN_POINT('',(121.,55.75,184.6));
#15110 = VECTOR('',#15111,1.);
#15111 = DIRECTION('',(-0.,1.,0.));
#15112 = ORIENTED_EDGE('',*,*,#15113,.T.);
#15113 = EDGE_CURVE('',#15106,#15114,#15116,.T.);
#15114 = VERTEX_POINT('',#15115);
#15115 = CARTESIAN_POINT('',(65.,57.5,184.6));
#15116 = LINE('',#15117,#15118);
#15117 = CARTESIAN_POINT('',(55.1,57.5,184.6));
#15118 = VECTOR('',#15119,1.);
#15119 = DIRECTION('',(-1.,-0.,0.));
#15120 = ORIENTED_EDGE('',*,*,#15121,.T.);
#15121 = EDGE_CURVE('',#15114,#15018,#15122,.T.);
#15122 = LINE('',#15123,#15124);
#15123 = CARTESIAN_POINT('',(65.,55.75,184.6));
#15124 = VECTOR('',#15125,1.);
#15125 = DIRECTION('',(-0.,1.,0.));
#15126 = PLANE('',#15127);
#15127 = AXIS2_PLACEMENT_3D('',#15128,#15129,#15130);
#15128 = CARTESIAN_POINT('',(45.2,54.,184.6));
#15129 = DIRECTION('',(0.,0.,1.));
#15130 = DIRECTION('',(1.,0.,-0.));
#15131 = ADVANCED_FACE('',(#15132),#15150,.F.);
#15132 = FACE_BOUND('',#15133,.F.);
#15133 = EDGE_LOOP('',(#15134,#15135,#15136,#15144));
#15134 = ORIENTED_EDGE('',*,*,#13868,.F.);
#15135 = ORIENTED_EDGE('',*,*,#15073,.T.);
#15136 = ORIENTED_EDGE('',*,*,#15137,.T.);
#15137 = EDGE_CURVE('',#15074,#15138,#15140,.T.);
#15138 = VERTEX_POINT('',#15139);
#15139 = CARTESIAN_POINT('',(124.,55.,209.1));
#15140 = LINE('',#15141,#15142);
#15141 = CARTESIAN_POINT('',(124.,55.,184.6));
#15142 = VECTOR('',#15143,1.);
#15143 = DIRECTION('',(0.,0.,1.));
#15144 = ORIENTED_EDGE('',*,*,#15145,.F.);
#15145 = EDGE_CURVE('',#13861,#15138,#15146,.T.);
#15146 = LINE('',#15147,#15148);
#15147 = CARTESIAN_POINT('',(124.,54.,209.1));
#15148 = VECTOR('',#15149,1.);
#15149 = DIRECTION('',(-0.,1.,0.));
#15150 = PLANE('',#15151);
#15151 = AXIS2_PLACEMENT_3D('',#15152,#15153,#15154);
#15152 = CARTESIAN_POINT('',(124.,54.,184.6));
#15153 = DIRECTION('',(1.,0.,-0.));
#15154 = DIRECTION('',(0.,0.,1.));
#15155 = ADVANCED_FACE('',(#15156),#15174,.T.);
#15156 = FACE_BOUND('',#15157,.T.);
#15157 = EDGE_LOOP('',(#15158,#15159,#15160,#15168));
#15158 = ORIENTED_EDGE('',*,*,#15145,.F.);
#15159 = ORIENTED_EDGE('',*,*,#13860,.T.);
#15160 = ORIENTED_EDGE('',*,*,#15161,.T.);
#15161 = EDGE_CURVE('',#13853,#15162,#15164,.T.);
#15162 = VERTEX_POINT('',#15163);
#15163 = CARTESIAN_POINT('',(139.4,55.,209.1));
#15164 = LINE('',#15165,#15166);
#15165 = CARTESIAN_POINT('',(139.4,54.,209.1));
#15166 = VECTOR('',#15167,1.);
#15167 = DIRECTION('',(-0.,1.,0.));
#15168 = ORIENTED_EDGE('',*,*,#15169,.F.);
#15169 = EDGE_CURVE('',#15138,#15162,#15170,.T.);
#15170 = LINE('',#15171,#15172);
#15171 = CARTESIAN_POINT('',(124.,55.,209.1));
#15172 = VECTOR('',#15173,1.);
#15173 = DIRECTION('',(1.,0.,-0.));
#15174 = PLANE('',#15175);
#15175 = AXIS2_PLACEMENT_3D('',#15176,#15177,#15178);
#15176 = CARTESIAN_POINT('',(124.,54.,209.1));
#15177 = DIRECTION('',(0.,0.,1.));
#15178 = DIRECTION('',(1.,0.,-0.));
#15179 = ADVANCED_FACE('',(#15180),#15198,.T.);
#15180 = FACE_BOUND('',#15181,.T.);
#15181 = EDGE_LOOP('',(#15182,#15183,#15191,#15197));
#15182 = ORIENTED_EDGE('',*,*,#13852,.F.);
#15183 = ORIENTED_EDGE('',*,*,#15184,.T.);
#15184 = EDGE_CURVE('',#13845,#15185,#15187,.T.);
#15185 = VERTEX_POINT('',#15186);
#15186 = CARTESIAN_POINT('',(139.4,55.,196.));
#15187 = LINE('',#15188,#15189);
#15188 = CARTESIAN_POINT('',(139.4,54.,196.));
#15189 = VECTOR('',#15190,1.);
#15190 = DIRECTION('',(-0.,1.,0.));
#15191 = ORIENTED_EDGE('',*,*,#15192,.T.);
#15192 = EDGE_CURVE('',#15185,#15162,#15193,.T.);
#15193 = LINE('',#15194,#15195);
#15194 = CARTESIAN_POINT('',(139.4,55.,184.6));
#15195 = VECTOR('',#15196,1.);
#15196 = DIRECTION('',(0.,0.,1.));
#15197 = ORIENTED_EDGE('',*,*,#15161,.F.);
#15198 = PLANE('',#15199);
#15199 = AXIS2_PLACEMENT_3D('',#15200,#15201,#15202);
#15200 = CARTESIAN_POINT('',(139.4,54.,184.6));
#15201 = DIRECTION('',(1.,0.,-0.));
#15202 = DIRECTION('',(0.,0.,1.));
#15203 = ADVANCED_FACE('',(#15204),#15230,.T.);
#15204 = FACE_BOUND('',#15205,.T.);
#15205 = EDGE_LOOP('',(#15206,#15207,#15208,#15216,#15224));
#15206 = ORIENTED_EDGE('',*,*,#15184,.F.);
#15207 = ORIENTED_EDGE('',*,*,#13844,.T.);
#15208 = ORIENTED_EDGE('',*,*,#15209,.T.);
#15209 = EDGE_CURVE('',#13837,#15210,#15212,.T.);
#15210 = VERTEX_POINT('',#15211);
#15211 = CARTESIAN_POINT('',(142.2,64.5,196.));
#15212 = LINE('',#15213,#15214);
#15213 = CARTESIAN_POINT('',(142.2,54.,196.));
#15214 = VECTOR('',#15215,1.);
#15215 = DIRECTION('',(-0.,1.,0.));
#15216 = ORIENTED_EDGE('',*,*,#15217,.F.);
#15217 = EDGE_CURVE('',#15218,#15210,#15220,.T.);
#15218 = VERTEX_POINT('',#15219);
#15219 = CARTESIAN_POINT('',(139.4,64.5,196.));
#15220 = LINE('',#15221,#15222);
#15221 = CARTESIAN_POINT('',(139.4,64.5,196.));
#15222 = VECTOR('',#15223,1.);
#15223 = DIRECTION('',(1.,0.,-0.));
#15224 = ORIENTED_EDGE('',*,*,#15225,.F.);
#15225 = EDGE_CURVE('',#15185,#15218,#15226,.T.);
#15226 = LINE('',#15227,#15228);
#15227 = CARTESIAN_POINT('',(139.4,54.,196.));
#15228 = VECTOR('',#15229,1.);
#15229 = DIRECTION('',(-0.,1.,0.));
#15230 = PLANE('',#15231);
#15231 = AXIS2_PLACEMENT_3D('',#15232,#15233,#15234);
#15232 = CARTESIAN_POINT('',(139.4,54.,196.));
#15233 = DIRECTION('',(0.,0.,1.));
#15234 = DIRECTION('',(1.,0.,-0.));
#15235 = ADVANCED_FACE('',(#15236),#15254,.T.);
#15236 = FACE_BOUND('',#15237,.T.);
#15237 = EDGE_LOOP('',(#15238,#15239,#15247,#15253));
#15238 = ORIENTED_EDGE('',*,*,#13836,.F.);
#15239 = ORIENTED_EDGE('',*,*,#15240,.T.);
#15240 = EDGE_CURVE('',#13829,#15241,#15243,.T.);
#15241 = VERTEX_POINT('',#15242);
#15242 = CARTESIAN_POINT('',(142.2,64.5,184.6));
#15243 = LINE('',#15244,#15245);
#15244 = CARTESIAN_POINT('',(142.2,54.,184.6));
#15245 = VECTOR('',#15246,1.);
#15246 = DIRECTION('',(-0.,1.,0.));
#15247 = ORIENTED_EDGE('',*,*,#15248,.T.);
#15248 = EDGE_CURVE('',#15241,#15210,#15249,.T.);
#15249 = LINE('',#15250,#15251);
#15250 = CARTESIAN_POINT('',(142.2,64.5,184.6));
#15251 = VECTOR('',#15252,1.);
#15252 = DIRECTION('',(0.,0.,1.));
#15253 = ORIENTED_EDGE('',*,*,#15209,.F.);
#15254 = PLANE('',#15255);
#15255 = AXIS2_PLACEMENT_3D('',#15256,#15257,#15258);
#15256 = CARTESIAN_POINT('',(142.2,54.,184.6));
#15257 = DIRECTION('',(1.,0.,-0.));
#15258 = DIRECTION('',(0.,0.,1.));
#15259 = ADVANCED_FACE('',(#15260),#15292,.F.);
#15260 = FACE_BOUND('',#15261,.F.);
#15261 = EDGE_LOOP('',(#15262,#15270,#15271,#15272,#15280,#15286));
#15262 = ORIENTED_EDGE('',*,*,#15263,.F.);
#15263 = EDGE_CURVE('',#13821,#15264,#15266,.T.);
#15264 = VERTEX_POINT('',#15265);
#15265 = CARTESIAN_POINT('',(140.8,63.,184.6));
#15266 = LINE('',#15267,#15268);
#15267 = CARTESIAN_POINT('',(140.8,54.,184.6));
#15268 = VECTOR('',#15269,1.);
#15269 = DIRECTION('',(-0.,1.,0.));
#15270 = ORIENTED_EDGE('',*,*,#13828,.T.);
#15271 = ORIENTED_EDGE('',*,*,#15240,.T.);
#15272 = ORIENTED_EDGE('',*,*,#15273,.F.);
#15273 = EDGE_CURVE('',#15274,#15241,#15276,.T.);
#15274 = VERTEX_POINT('',#15275);
#15275 = CARTESIAN_POINT('',(139.4,64.5,184.6));
#15276 = LINE('',#15277,#15278);
#15277 = CARTESIAN_POINT('',(139.4,64.5,184.6));
#15278 = VECTOR('',#15279,1.);
#15279 = DIRECTION('',(1.,0.,-0.));
#15280 = ORIENTED_EDGE('',*,*,#15281,.F.);
#15281 = EDGE_CURVE('',#15090,#15274,#15282,.T.);
#15282 = LINE('',#15283,#15284);
#15283 = CARTESIAN_POINT('',(139.4,54.,184.6));
#15284 = VECTOR('',#15285,1.);
#15285 = DIRECTION('',(-0.,1.,0.));
#15286 = ORIENTED_EDGE('',*,*,#15287,.T.);
#15287 = EDGE_CURVE('',#15090,#15264,#15288,.T.);
#15288 = LINE('',#15289,#15290);
#15289 = CARTESIAN_POINT('',(45.2,63.,184.6));
#15290 = VECTOR('',#15291,1.);
#15291 = DIRECTION('',(1.,0.,-0.));
#15292 = PLANE('',#15293);
#15293 = AXIS2_PLACEMENT_3D('',#15294,#15295,#15296);
#15294 = CARTESIAN_POINT('',(139.4,54.,184.6));
#15295 = DIRECTION('',(0.,0.,1.));
#15296 = DIRECTION('',(1.,0.,-0.));
#15297 = ADVANCED_FACE('',(#15298),#15316,.T.);
#15298 = FACE_BOUND('',#15299,.T.);
#15299 = EDGE_LOOP('',(#15300,#15301,#15309,#15315));
#15300 = ORIENTED_EDGE('',*,*,#13820,.F.);
#15301 = ORIENTED_EDGE('',*,*,#15302,.T.);
#15302 = EDGE_CURVE('',#13813,#15303,#15305,.T.);
#15303 = VERTEX_POINT('',#15304);
#15304 = CARTESIAN_POINT('',(140.8,63.,182.2));
#15305 = LINE('',#15306,#15307);
#15306 = CARTESIAN_POINT('',(140.8,54.,182.2));
#15307 = VECTOR('',#15308,1.);
#15308 = DIRECTION('',(-0.,1.,0.));
#15309 = ORIENTED_EDGE('',*,*,#15310,.T.);
#15310 = EDGE_CURVE('',#15303,#15264,#15311,.T.);
#15311 = LINE('',#15312,#15313);
#15312 = CARTESIAN_POINT('',(140.8,63.,182.2));
#15313 = VECTOR('',#15314,1.);
#15314 = DIRECTION('',(0.,0.,1.));
#15315 = ORIENTED_EDGE('',*,*,#15263,.F.);
#15316 = PLANE('',#15317);
#15317 = AXIS2_PLACEMENT_3D('',#15318,#15319,#15320);
#15318 = CARTESIAN_POINT('',(140.8,54.,182.2));
#15319 = DIRECTION('',(1.,0.,-0.));
#15320 = DIRECTION('',(0.,0.,1.));
#15321 = ADVANCED_FACE('',(#15322),#15395,.F.);
#15322 = FACE_BOUND('',#15323,.F.);
#15323 = EDGE_LOOP('',(#15324,#15334,#15340,#15341,#15349,#15357,#15363,
    #15364,#15365,#15373,#15381,#15389));
#15324 = ORIENTED_EDGE('',*,*,#15325,.F.);
#15325 = EDGE_CURVE('',#15326,#15328,#15330,.T.);
#15326 = VERTEX_POINT('',#15327);
#15327 = CARTESIAN_POINT('',(45.2,63.,182.2));
#15328 = VERTEX_POINT('',#15329);
#15329 = CARTESIAN_POINT('',(65.,63.,182.2));
#15330 = LINE('',#15331,#15332);
#15331 = CARTESIAN_POINT('',(45.2,63.,182.2));
#15332 = VECTOR('',#15333,1.);
#15333 = DIRECTION('',(1.,0.,-0.));
#15334 = ORIENTED_EDGE('',*,*,#15335,.F.);
#15335 = EDGE_CURVE('',#13773,#15326,#15336,.T.);
#15336 = LINE('',#15337,#15338);
#15337 = CARTESIAN_POINT('',(45.2,54.,182.2));
#15338 = VECTOR('',#15339,1.);
#15339 = DIRECTION('',(-0.,1.,0.));
#15340 = ORIENTED_EDGE('',*,*,#13780,.T.);
#15341 = ORIENTED_EDGE('',*,*,#15342,.T.);
#15342 = EDGE_CURVE('',#13781,#15343,#15345,.T.);
#15343 = VERTEX_POINT('',#15344);
#15344 = CARTESIAN_POINT('',(47.,58.,182.2));
#15345 = LINE('',#15346,#15347);
#15346 = CARTESIAN_POINT('',(47.,54.,182.2));
#15347 = VECTOR('',#15348,1.);
#15348 = DIRECTION('',(-0.,1.,0.));
#15349 = ORIENTED_EDGE('',*,*,#15350,.F.);
#15350 = EDGE_CURVE('',#15351,#15343,#15353,.T.);
#15351 = VERTEX_POINT('',#15352);
#15352 = CARTESIAN_POINT('',(53.5,58.,182.2));
#15353 = LINE('',#15354,#15355);
#15354 = CARTESIAN_POINT('',(46.1,58.,182.2));
#15355 = VECTOR('',#15356,1.);
#15356 = DIRECTION('',(-1.,-0.,0.));
#15357 = ORIENTED_EDGE('',*,*,#15358,.F.);
#15358 = EDGE_CURVE('',#13805,#15351,#15359,.T.);
#15359 = LINE('',#15360,#15361);
#15360 = CARTESIAN_POINT('',(53.5,54.,182.2));
#15361 = VECTOR('',#15362,1.);
#15362 = DIRECTION('',(-0.,1.,0.));
#15363 = ORIENTED_EDGE('',*,*,#13812,.T.);
#15364 = ORIENTED_EDGE('',*,*,#15302,.T.);
#15365 = ORIENTED_EDGE('',*,*,#15366,.F.);
#15366 = EDGE_CURVE('',#15367,#15303,#15369,.T.);
#15367 = VERTEX_POINT('',#15368);
#15368 = CARTESIAN_POINT('',(121.,63.,182.2));
#15369 = LINE('',#15370,#15371);
#15370 = CARTESIAN_POINT('',(45.2,63.,182.2));
#15371 = VECTOR('',#15372,1.);
#15372 = DIRECTION('',(1.,0.,-0.));
#15373 = ORIENTED_EDGE('',*,*,#15374,.F.);
#15374 = EDGE_CURVE('',#15375,#15367,#15377,.T.);
#15375 = VERTEX_POINT('',#15376);
#15376 = CARTESIAN_POINT('',(121.,57.5,182.2));
#15377 = LINE('',#15378,#15379);
#15378 = CARTESIAN_POINT('',(121.,55.75,182.2));
#15379 = VECTOR('',#15380,1.);
#15380 = DIRECTION('',(-0.,1.,0.));
#15381 = ORIENTED_EDGE('',*,*,#15382,.T.);
#15382 = EDGE_CURVE('',#15375,#15383,#15385,.T.);
#15383 = VERTEX_POINT('',#15384);
#15384 = CARTESIAN_POINT('',(65.,57.5,182.2));
#15385 = LINE('',#15386,#15387);
#15386 = CARTESIAN_POINT('',(55.1,57.5,182.2));
#15387 = VECTOR('',#15388,1.);
#15388 = DIRECTION('',(-1.,-0.,0.));
#15389 = ORIENTED_EDGE('',*,*,#15390,.T.);
#15390 = EDGE_CURVE('',#15383,#15328,#15391,.T.);
#15391 = LINE('',#15392,#15393);
#15392 = CARTESIAN_POINT('',(65.,55.75,182.2));
#15393 = VECTOR('',#15394,1.);
#15394 = DIRECTION('',(-0.,1.,0.));
#15395 = PLANE('',#15396);
#15396 = AXIS2_PLACEMENT_3D('',#15397,#15398,#15399);
#15397 = CARTESIAN_POINT('',(45.2,54.,182.2));
#15398 = DIRECTION('',(0.,0.,1.));
#15399 = DIRECTION('',(1.,0.,-0.));
#15400 = ADVANCED_FACE('',(#15401),#15418,.F.);
#15401 = FACE_BOUND('',#15402,.F.);
#15402 = EDGE_LOOP('',(#15403,#15404,#15405,#15411,#15412));
#15403 = ORIENTED_EDGE('',*,*,#13804,.F.);
#15404 = ORIENTED_EDGE('',*,*,#15358,.T.);
#15405 = ORIENTED_EDGE('',*,*,#15406,.T.);
#15406 = EDGE_CURVE('',#15351,#15050,#15407,.T.);
#15407 = LINE('',#15408,#15409);
#15408 = CARTESIAN_POINT('',(53.5,58.,182.));
#15409 = VECTOR('',#15410,1.);
#15410 = DIRECTION('',(0.,0.,1.));
#15411 = ORIENTED_EDGE('',*,*,#15057,.F.);
#15412 = ORIENTED_EDGE('',*,*,#15413,.F.);
#15413 = EDGE_CURVE('',#13797,#15058,#15414,.T.);
#15414 = LINE('',#15415,#15416);
#15415 = CARTESIAN_POINT('',(53.5,54.,184.6));
#15416 = VECTOR('',#15417,1.);
#15417 = DIRECTION('',(-0.,1.,0.));
#15418 = PLANE('',#15419);
#15419 = AXIS2_PLACEMENT_3D('',#15420,#15421,#15422);
#15420 = CARTESIAN_POINT('',(53.5,54.,182.));
#15421 = DIRECTION('',(1.,0.,-0.));
#15422 = DIRECTION('',(0.,0.,1.));
#15423 = ADVANCED_FACE('',(#15424),#15440,.F.);
#15424 = FACE_BOUND('',#15425,.F.);
#15425 = EDGE_LOOP('',(#15426,#15432,#15433,#15434));
#15426 = ORIENTED_EDGE('',*,*,#15427,.F.);
#15427 = EDGE_CURVE('',#13789,#15034,#15428,.T.);
#15428 = LINE('',#15429,#15430);
#15429 = CARTESIAN_POINT('',(47.,54.,184.6));
#15430 = VECTOR('',#15431,1.);
#15431 = DIRECTION('',(-0.,1.,0.));
#15432 = ORIENTED_EDGE('',*,*,#13796,.T.);
#15433 = ORIENTED_EDGE('',*,*,#15413,.T.);
#15434 = ORIENTED_EDGE('',*,*,#15435,.F.);
#15435 = EDGE_CURVE('',#15034,#15058,#15436,.T.);
#15436 = LINE('',#15437,#15438);
#15437 = CARTESIAN_POINT('',(46.6,55.,184.6));
#15438 = VECTOR('',#15439,1.);
#15439 = DIRECTION('',(1.,0.,-0.));
#15440 = PLANE('',#15441);
#15441 = AXIS2_PLACEMENT_3D('',#15442,#15443,#15444);
#15442 = CARTESIAN_POINT('',(46.6,54.,184.6));
#15443 = DIRECTION('',(0.,0.,1.));
#15444 = DIRECTION('',(1.,0.,-0.));
#15445 = ADVANCED_FACE('',(#15446),#15458,.T.);
#15446 = FACE_BOUND('',#15447,.T.);
#15447 = EDGE_LOOP('',(#15448,#15449,#15450,#15456,#15457));
#15448 = ORIENTED_EDGE('',*,*,#13788,.F.);
#15449 = ORIENTED_EDGE('',*,*,#15342,.T.);
#15450 = ORIENTED_EDGE('',*,*,#15451,.T.);
#15451 = EDGE_CURVE('',#15343,#15042,#15452,.T.);
#15452 = LINE('',#15453,#15454);
#15453 = CARTESIAN_POINT('',(47.,58.,182.));
#15454 = VECTOR('',#15455,1.);
#15455 = DIRECTION('',(0.,0.,1.));
#15456 = ORIENTED_EDGE('',*,*,#15041,.F.);
#15457 = ORIENTED_EDGE('',*,*,#15427,.F.);
#15458 = PLANE('',#15459);
#15459 = AXIS2_PLACEMENT_3D('',#15460,#15461,#15462);
#15460 = CARTESIAN_POINT('',(47.,54.,182.));
#15461 = DIRECTION('',(1.,0.,-0.));
#15462 = DIRECTION('',(0.,0.,1.));
#15463 = ADVANCED_FACE('',(#15464),#15482,.F.);
#15464 = FACE_BOUND('',#15465,.F.);
#15465 = EDGE_LOOP('',(#15466,#15467,#15468,#15476));
#15466 = ORIENTED_EDGE('',*,*,#13772,.F.);
#15467 = ORIENTED_EDGE('',*,*,#15335,.T.);
#15468 = ORIENTED_EDGE('',*,*,#15469,.T.);
#15469 = EDGE_CURVE('',#15326,#15470,#15472,.T.);
#15470 = VERTEX_POINT('',#15471);
#15471 = CARTESIAN_POINT('',(45.2,63.,184.6));
#15472 = LINE('',#15473,#15474);
#15473 = CARTESIAN_POINT('',(45.2,63.,182.2));
#15474 = VECTOR('',#15475,1.);
#15475 = DIRECTION('',(0.,0.,1.));
#15476 = ORIENTED_EDGE('',*,*,#15477,.F.);
#15477 = EDGE_CURVE('',#13765,#15470,#15478,.T.);
#15478 = LINE('',#15479,#15480);
#15479 = CARTESIAN_POINT('',(45.2,54.,184.6));
#15480 = VECTOR('',#15481,1.);
#15481 = DIRECTION('',(-0.,1.,0.));
#15482 = PLANE('',#15483);
#15483 = AXIS2_PLACEMENT_3D('',#15484,#15485,#15486);
#15484 = CARTESIAN_POINT('',(45.2,54.,182.2));
#15485 = DIRECTION('',(1.,0.,-0.));
#15486 = DIRECTION('',(0.,0.,1.));
#15487 = ADVANCED_FACE('',(#15488),#15520,.F.);
#15488 = FACE_BOUND('',#15489,.F.);
#15489 = EDGE_LOOP('',(#15490,#15498,#15499,#15500,#15506,#15514));
#15490 = ORIENTED_EDGE('',*,*,#15491,.F.);
#15491 = EDGE_CURVE('',#13757,#15492,#15494,.T.);
#15492 = VERTEX_POINT('',#15493);
#15493 = CARTESIAN_POINT('',(43.8,64.5,184.6));
#15494 = LINE('',#15495,#15496);
#15495 = CARTESIAN_POINT('',(43.8,54.,184.6));
#15496 = VECTOR('',#15497,1.);
#15497 = DIRECTION('',(-0.,1.,0.));
#15498 = ORIENTED_EDGE('',*,*,#13764,.T.);
#15499 = ORIENTED_EDGE('',*,*,#15477,.T.);
#15500 = ORIENTED_EDGE('',*,*,#15501,.T.);
#15501 = EDGE_CURVE('',#15470,#15016,#15502,.T.);
#15502 = LINE('',#15503,#15504);
#15503 = CARTESIAN_POINT('',(45.2,63.,184.6));
#15504 = VECTOR('',#15505,1.);
#15505 = DIRECTION('',(1.,0.,-0.));
#15506 = ORIENTED_EDGE('',*,*,#15507,.T.);
#15507 = EDGE_CURVE('',#15016,#15508,#15510,.T.);
#15508 = VERTEX_POINT('',#15509);
#15509 = CARTESIAN_POINT('',(46.6,64.5,184.6));
#15510 = LINE('',#15511,#15512);
#15511 = CARTESIAN_POINT('',(46.6,54.,184.6));
#15512 = VECTOR('',#15513,1.);
#15513 = DIRECTION('',(-0.,1.,0.));
#15514 = ORIENTED_EDGE('',*,*,#15515,.F.);
#15515 = EDGE_CURVE('',#15492,#15508,#15516,.T.);
#15516 = LINE('',#15517,#15518);
#15517 = CARTESIAN_POINT('',(43.8,64.5,184.6));
#15518 = VECTOR('',#15519,1.);
#15519 = DIRECTION('',(1.,0.,-0.));
#15520 = PLANE('',#15521);
#15521 = AXIS2_PLACEMENT_3D('',#15522,#15523,#15524);
#15522 = CARTESIAN_POINT('',(43.8,54.,184.6));
#15523 = DIRECTION('',(0.,0.,1.));
#15524 = DIRECTION('',(1.,0.,-0.));
#15525 = ADVANCED_FACE('',(#15526),#15544,.F.);
#15526 = FACE_BOUND('',#15527,.F.);
#15527 = EDGE_LOOP('',(#15528,#15529,#15530,#15538));
#15528 = ORIENTED_EDGE('',*,*,#13756,.F.);
#15529 = ORIENTED_EDGE('',*,*,#15491,.T.);
#15530 = ORIENTED_EDGE('',*,*,#15531,.T.);
#15531 = EDGE_CURVE('',#15492,#15532,#15534,.T.);
#15532 = VERTEX_POINT('',#15533);
#15533 = CARTESIAN_POINT('',(43.8,64.5,196.));
#15534 = LINE('',#15535,#15536);
#15535 = CARTESIAN_POINT('',(43.8,64.5,184.6));
#15536 = VECTOR('',#15537,1.);
#15537 = DIRECTION('',(0.,0.,1.));
#15538 = ORIENTED_EDGE('',*,*,#15539,.F.);
#15539 = EDGE_CURVE('',#13749,#15532,#15540,.T.);
#15540 = LINE('',#15541,#15542);
#15541 = CARTESIAN_POINT('',(43.8,54.,196.));
#15542 = VECTOR('',#15543,1.);
#15543 = DIRECTION('',(-0.,1.,0.));
#15544 = PLANE('',#15545);
#15545 = AXIS2_PLACEMENT_3D('',#15546,#15547,#15548);
#15546 = CARTESIAN_POINT('',(43.8,54.,184.6));
#15547 = DIRECTION('',(1.,0.,-0.));
#15548 = DIRECTION('',(0.,0.,1.));
#15549 = ADVANCED_FACE('',(#15550),#15569,.T.);
#15550 = FACE_BOUND('',#15551,.T.);
#15551 = EDGE_LOOP('',(#15552,#15553,#15554,#15555,#15563));
#15552 = ORIENTED_EDGE('',*,*,#15539,.F.);
#15553 = ORIENTED_EDGE('',*,*,#13748,.T.);
#15554 = ORIENTED_EDGE('',*,*,#14937,.T.);
#15555 = ORIENTED_EDGE('',*,*,#15556,.T.);
#15556 = EDGE_CURVE('',#14938,#15557,#15559,.T.);
#15557 = VERTEX_POINT('',#15558);
#15558 = CARTESIAN_POINT('',(46.6,64.5,196.));
#15559 = LINE('',#15560,#15561);
#15560 = CARTESIAN_POINT('',(46.6,54.,196.));
#15561 = VECTOR('',#15562,1.);
#15562 = DIRECTION('',(-0.,1.,0.));
#15563 = ORIENTED_EDGE('',*,*,#15564,.F.);
#15564 = EDGE_CURVE('',#15532,#15557,#15565,.T.);
#15565 = LINE('',#15566,#15567);
#15566 = CARTESIAN_POINT('',(43.8,64.5,196.));
#15567 = VECTOR('',#15568,1.);
#15568 = DIRECTION('',(1.,0.,-0.));
#15569 = PLANE('',#15570);
#15570 = AXIS2_PLACEMENT_3D('',#15571,#15572,#15573);
#15571 = CARTESIAN_POINT('',(43.8,54.,196.));
#15572 = DIRECTION('',(0.,0.,1.));
#15573 = DIRECTION('',(1.,0.,-0.));
#15574 = ADVANCED_FACE('',(#15575),#15600,.F.);
#15575 = FACE_BOUND('',#15576,.F.);
#15576 = EDGE_LOOP('',(#15577,#15578,#15586,#15594));
#15577 = ORIENTED_EDGE('',*,*,#13900,.F.);
#15578 = ORIENTED_EDGE('',*,*,#15579,.T.);
#15579 = EDGE_CURVE('',#13901,#15580,#15582,.T.);
#15580 = VERTEX_POINT('',#15581);
#15581 = CARTESIAN_POINT('',(100.5,55.5,142.));
#15582 = LINE('',#15583,#15584);
#15583 = CARTESIAN_POINT('',(100.5,54.,142.));
#15584 = VECTOR('',#15585,1.);
#15585 = DIRECTION('',(-0.,1.,0.));
#15586 = ORIENTED_EDGE('',*,*,#15587,.T.);
#15587 = EDGE_CURVE('',#15580,#15588,#15590,.T.);
#15588 = VERTEX_POINT('',#15589);
#15589 = CARTESIAN_POINT('',(100.5,55.5,166.));
#15590 = LINE('',#15591,#15592);
#15591 = CARTESIAN_POINT('',(100.5,55.5,142.));
#15592 = VECTOR('',#15593,1.);
#15593 = DIRECTION('',(0.,0.,1.));
#15594 = ORIENTED_EDGE('',*,*,#15595,.F.);
#15595 = EDGE_CURVE('',#13903,#15588,#15596,.T.);
#15596 = LINE('',#15597,#15598);
#15597 = CARTESIAN_POINT('',(100.5,54.,166.));
#15598 = VECTOR('',#15599,1.);
#15599 = DIRECTION('',(-0.,1.,0.));
#15600 = PLANE('',#15601);
#15601 = AXIS2_PLACEMENT_3D('',#15602,#15603,#15604);
#15602 = CARTESIAN_POINT('',(100.5,54.,142.));
#15603 = DIRECTION('',(1.,0.,-0.));
#15604 = DIRECTION('',(0.,0.,1.));
#15605 = ADVANCED_FACE('',(#15606),#15624,.F.);
#15606 = FACE_BOUND('',#15607,.F.);
#15607 = EDGE_LOOP('',(#15608,#15609,#15610,#15618));
#15608 = ORIENTED_EDGE('',*,*,#15579,.F.);
#15609 = ORIENTED_EDGE('',*,*,#13910,.T.);
#15610 = ORIENTED_EDGE('',*,*,#15611,.T.);
#15611 = EDGE_CURVE('',#13911,#15612,#15614,.T.);
#15612 = VERTEX_POINT('',#15613);
#15613 = CARTESIAN_POINT('',(130.5,55.5,142.));
#15614 = LINE('',#15615,#15616);
#15615 = CARTESIAN_POINT('',(130.5,54.,142.));
#15616 = VECTOR('',#15617,1.);
#15617 = DIRECTION('',(-0.,1.,0.));
#15618 = ORIENTED_EDGE('',*,*,#15619,.F.);
#15619 = EDGE_CURVE('',#15580,#15612,#15620,.T.);
#15620 = LINE('',#15621,#15622);
#15621 = CARTESIAN_POINT('',(100.5,55.5,142.));
#15622 = VECTOR('',#15623,1.);
#15623 = DIRECTION('',(1.,0.,-0.));
#15624 = PLANE('',#15625);
#15625 = AXIS2_PLACEMENT_3D('',#15626,#15627,#15628);
#15626 = CARTESIAN_POINT('',(100.5,54.,142.));
#15627 = DIRECTION('',(0.,0.,1.));
#15628 = DIRECTION('',(1.,0.,-0.));
#15629 = ADVANCED_FACE('',(#15630),#15648,.T.);
#15630 = FACE_BOUND('',#15631,.T.);
#15631 = EDGE_LOOP('',(#15632,#15633,#15634,#15642));
#15632 = ORIENTED_EDGE('',*,*,#15595,.F.);
#15633 = ORIENTED_EDGE('',*,*,#13926,.T.);
#15634 = ORIENTED_EDGE('',*,*,#15635,.T.);
#15635 = EDGE_CURVE('',#13919,#15636,#15638,.T.);
#15636 = VERTEX_POINT('',#15637);
#15637 = CARTESIAN_POINT('',(130.5,55.5,166.));
#15638 = LINE('',#15639,#15640);
#15639 = CARTESIAN_POINT('',(130.5,54.,166.));
#15640 = VECTOR('',#15641,1.);
#15641 = DIRECTION('',(-0.,1.,0.));
#15642 = ORIENTED_EDGE('',*,*,#15643,.F.);
#15643 = EDGE_CURVE('',#15588,#15636,#15644,.T.);
#15644 = LINE('',#15645,#15646);
#15645 = CARTESIAN_POINT('',(100.5,55.5,166.));
#15646 = VECTOR('',#15647,1.);
#15647 = DIRECTION('',(1.,0.,-0.));
#15648 = PLANE('',#15649);
#15649 = AXIS2_PLACEMENT_3D('',#15650,#15651,#15652);
#15650 = CARTESIAN_POINT('',(100.5,54.,166.));
#15651 = DIRECTION('',(0.,0.,1.));
#15652 = DIRECTION('',(1.,0.,-0.));
#15653 = ADVANCED_FACE('',(#15654),#15665,.T.);
#15654 = FACE_BOUND('',#15655,.T.);
#15655 = EDGE_LOOP('',(#15656,#15657,#15658,#15664));
#15656 = ORIENTED_EDGE('',*,*,#13918,.F.);
#15657 = ORIENTED_EDGE('',*,*,#15611,.T.);
#15658 = ORIENTED_EDGE('',*,*,#15659,.T.);
#15659 = EDGE_CURVE('',#15612,#15636,#15660,.T.);
#15660 = LINE('',#15661,#15662);
#15661 = CARTESIAN_POINT('',(130.5,55.5,142.));
#15662 = VECTOR('',#15663,1.);
#15663 = DIRECTION('',(0.,0.,1.));
#15664 = ORIENTED_EDGE('',*,*,#15635,.F.);
#15665 = PLANE('',#15666);
#15666 = AXIS2_PLACEMENT_3D('',#15667,#15668,#15669);
#15667 = CARTESIAN_POINT('',(130.5,54.,142.));
#15668 = DIRECTION('',(1.,0.,-0.));
#15669 = DIRECTION('',(0.,0.,1.));
#15670 = ADVANCED_FACE('',(#15671),#15720,.F.);
#15671 = FACE_BOUND('',#15672,.F.);
#15672 = EDGE_LOOP('',(#15673,#15674,#15682,#15690,#15698,#15706,#15714)
  );
#15673 = ORIENTED_EDGE('',*,*,#14186,.F.);
#15674 = ORIENTED_EDGE('',*,*,#15675,.T.);
#15675 = EDGE_CURVE('',#14179,#15676,#15678,.T.);
#15676 = VERTEX_POINT('',#15677);
#15677 = CARTESIAN_POINT('',(5.1,94.5,115.));
#15678 = LINE('',#15679,#15680);
#15679 = CARTESIAN_POINT('',(5.7,94.5,138.));
#15680 = VECTOR('',#15681,1.);
#15681 = DIRECTION('',(-2.607808458056E-02,0.,-0.999659908921));
#15682 = ORIENTED_EDGE('',*,*,#15683,.T.);
#15683 = EDGE_CURVE('',#15676,#15684,#15686,.T.);
#15684 = VERTEX_POINT('',#15685);
#15685 = CARTESIAN_POINT('',(3.3,94.5,115.));
#15686 = LINE('',#15687,#15688);
#15687 = CARTESIAN_POINT('',(5.1,94.5,115.));
#15688 = VECTOR('',#15689,1.);
#15689 = DIRECTION('',(-1.,0.,0.));
#15690 = ORIENTED_EDGE('',*,*,#15691,.T.);
#15691 = EDGE_CURVE('',#15684,#15692,#15694,.T.);
#15692 = VERTEX_POINT('',#15693);
#15693 = CARTESIAN_POINT('',(0.4,94.5,121.));
#15694 = LINE('',#15695,#15696);
#15695 = CARTESIAN_POINT('',(3.3,94.5,115.));
#15696 = VECTOR('',#15697,1.);
#15697 = DIRECTION('',(-0.43516866054,0.,0.900348952842));
#15698 = ORIENTED_EDGE('',*,*,#15699,.T.);
#15699 = EDGE_CURVE('',#15692,#15700,#15702,.T.);
#15700 = VERTEX_POINT('',#15701);
#15701 = CARTESIAN_POINT('',(0.4,94.5,127.));
#15702 = LINE('',#15703,#15704);
#15703 = CARTESIAN_POINT('',(0.4,94.5,121.));
#15704 = VECTOR('',#15705,1.);
#15705 = DIRECTION('',(0.,0.,1.));
#15706 = ORIENTED_EDGE('',*,*,#15707,.T.);
#15707 = EDGE_CURVE('',#15700,#15708,#15710,.T.);
#15708 = VERTEX_POINT('',#15709);
#15709 = CARTESIAN_POINT('',(3.3,94.5,127.));
#15710 = LINE('',#15711,#15712);
#15711 = CARTESIAN_POINT('',(0.4,94.5,127.));
#15712 = VECTOR('',#15713,1.);
#15713 = DIRECTION('',(1.,0.,0.));
#15714 = ORIENTED_EDGE('',*,*,#15715,.T.);
#15715 = EDGE_CURVE('',#15708,#14187,#15716,.T.);
#15716 = LINE('',#15717,#15718);
#15717 = CARTESIAN_POINT('',(3.3,94.5,127.));
#15718 = VECTOR('',#15719,1.);
#15719 = DIRECTION('',(0.,0.,1.));
#15720 = PLANE('',#15721);
#15721 = AXIS2_PLACEMENT_3D('',#15722,#15723,#15724);
#15722 = CARTESIAN_POINT('',(3.403237018377,94.5,129.56273882517));
#15723 = DIRECTION('',(0.,1.,0.));
#15724 = DIRECTION('',(0.,-0.,1.));
#15725 = ADVANCED_FACE('',(#15726),#15744,.F.);
#15726 = FACE_BOUND('',#15727,.F.);
#15727 = EDGE_LOOP('',(#15728,#15729,#15737,#15743));
#15728 = ORIENTED_EDGE('',*,*,#14178,.T.);
#15729 = ORIENTED_EDGE('',*,*,#15730,.T.);
#15730 = EDGE_CURVE('',#14171,#15731,#15733,.T.);
#15731 = VERTEX_POINT('',#15732);
#15732 = CARTESIAN_POINT('',(5.1,105.5,115.));
#15733 = LINE('',#15734,#15735);
#15734 = CARTESIAN_POINT('',(5.7,105.5,138.));
#15735 = VECTOR('',#15736,1.);
#15736 = DIRECTION('',(-2.607808458056E-02,0.,-0.999659908921));
#15737 = ORIENTED_EDGE('',*,*,#15738,.F.);
#15738 = EDGE_CURVE('',#15676,#15731,#15739,.T.);
#15739 = LINE('',#15740,#15741);
#15740 = CARTESIAN_POINT('',(5.1,94.5,115.));
#15741 = VECTOR('',#15742,1.);
#15742 = DIRECTION('',(0.,1.,0.));
#15743 = ORIENTED_EDGE('',*,*,#15675,.F.);
#15744 = PLANE('',#15745);
#15745 = AXIS2_PLACEMENT_3D('',#15746,#15747,#15748);
#15746 = CARTESIAN_POINT('',(5.7,94.5,138.));
#15747 = DIRECTION('',(-0.999659908921,0.,2.607808458056E-02));
#15748 = DIRECTION('',(-2.607808458056E-02,0.,-0.999659908921));
#15749 = ADVANCED_FACE('',(#15750),#15792,.T.);
#15750 = FACE_BOUND('',#15751,.T.);
#15751 = EDGE_LOOP('',(#15752,#15753,#15754,#15762,#15770,#15778,#15786)
  );
#15752 = ORIENTED_EDGE('',*,*,#14170,.F.);
#15753 = ORIENTED_EDGE('',*,*,#15730,.T.);
#15754 = ORIENTED_EDGE('',*,*,#15755,.T.);
#15755 = EDGE_CURVE('',#15731,#15756,#15758,.T.);
#15756 = VERTEX_POINT('',#15757);
#15757 = CARTESIAN_POINT('',(3.3,105.5,115.));
#15758 = LINE('',#15759,#15760);
#15759 = CARTESIAN_POINT('',(5.1,105.5,115.));
#15760 = VECTOR('',#15761,1.);
#15761 = DIRECTION('',(-1.,0.,0.));
#15762 = ORIENTED_EDGE('',*,*,#15763,.T.);
#15763 = EDGE_CURVE('',#15756,#15764,#15766,.T.);
#15764 = VERTEX_POINT('',#15765);
#15765 = CARTESIAN_POINT('',(0.4,105.5,121.));
#15766 = LINE('',#15767,#15768);
#15767 = CARTESIAN_POINT('',(3.3,105.5,115.));
#15768 = VECTOR('',#15769,1.);
#15769 = DIRECTION('',(-0.43516866054,0.,0.900348952842));
#15770 = ORIENTED_EDGE('',*,*,#15771,.T.);
#15771 = EDGE_CURVE('',#15764,#15772,#15774,.T.);
#15772 = VERTEX_POINT('',#15773);
#15773 = CARTESIAN_POINT('',(0.4,105.5,127.));
#15774 = LINE('',#15775,#15776);
#15775 = CARTESIAN_POINT('',(0.4,105.5,121.));
#15776 = VECTOR('',#15777,1.);
#15777 = DIRECTION('',(0.,0.,1.));
#15778 = ORIENTED_EDGE('',*,*,#15779,.T.);
#15779 = EDGE_CURVE('',#15772,#15780,#15782,.T.);
#15780 = VERTEX_POINT('',#15781);
#15781 = CARTESIAN_POINT('',(3.3,105.5,127.));
#15782 = LINE('',#15783,#15784);
#15783 = CARTESIAN_POINT('',(0.4,105.5,127.));
#15784 = VECTOR('',#15785,1.);
#15785 = DIRECTION('',(1.,0.,0.));
#15786 = ORIENTED_EDGE('',*,*,#15787,.T.);
#15787 = EDGE_CURVE('',#15780,#14163,#15788,.T.);
#15788 = LINE('',#15789,#15790);
#15789 = CARTESIAN_POINT('',(3.3,105.5,127.));
#15790 = VECTOR('',#15791,1.);
#15791 = DIRECTION('',(0.,0.,1.));
#15792 = PLANE('',#15793);
#15793 = AXIS2_PLACEMENT_3D('',#15794,#15795,#15796);
#15794 = CARTESIAN_POINT('',(3.403237018377,105.5,129.56273882517));
#15795 = DIRECTION('',(0.,1.,0.));
#15796 = DIRECTION('',(0.,-0.,1.));
#15797 = ADVANCED_FACE('',(#15798),#15847,.F.);
#15798 = FACE_BOUND('',#15799,.F.);
#15799 = EDGE_LOOP('',(#15800,#15801,#15809,#15817,#15825,#15833,#15841)
  );
#15800 = ORIENTED_EDGE('',*,*,#14145,.F.);
#15801 = ORIENTED_EDGE('',*,*,#15802,.T.);
#15802 = EDGE_CURVE('',#14138,#15803,#15805,.T.);
#15803 = VERTEX_POINT('',#15804);
#15804 = CARTESIAN_POINT('',(180.9,105.5,115.));
#15805 = LINE('',#15806,#15807);
#15806 = CARTESIAN_POINT('',(180.3,105.5,138.));
#15807 = VECTOR('',#15808,1.);
#15808 = DIRECTION('',(2.607808458056E-02,0.,-0.999659908921));
#15809 = ORIENTED_EDGE('',*,*,#15810,.T.);
#15810 = EDGE_CURVE('',#15803,#15811,#15813,.T.);
#15811 = VERTEX_POINT('',#15812);
#15812 = CARTESIAN_POINT('',(182.7,105.5,115.));
#15813 = LINE('',#15814,#15815);
#15814 = CARTESIAN_POINT('',(180.9,105.5,115.));
#15815 = VECTOR('',#15816,1.);
#15816 = DIRECTION('',(1.,0.,0.));
#15817 = ORIENTED_EDGE('',*,*,#15818,.T.);
#15818 = EDGE_CURVE('',#15811,#15819,#15821,.T.);
#15819 = VERTEX_POINT('',#15820);
#15820 = CARTESIAN_POINT('',(185.6,105.5,121.));
#15821 = LINE('',#15822,#15823);
#15822 = CARTESIAN_POINT('',(182.7,105.5,115.));
#15823 = VECTOR('',#15824,1.);
#15824 = DIRECTION('',(0.43516866054,0.,0.900348952842));
#15825 = ORIENTED_EDGE('',*,*,#15826,.T.);
#15826 = EDGE_CURVE('',#15819,#15827,#15829,.T.);
#15827 = VERTEX_POINT('',#15828);
#15828 = CARTESIAN_POINT('',(185.6,105.5,127.));
#15829 = LINE('',#15830,#15831);
#15830 = CARTESIAN_POINT('',(185.6,105.5,121.));
#15831 = VECTOR('',#15832,1.);
#15832 = DIRECTION('',(0.,0.,1.));
#15833 = ORIENTED_EDGE('',*,*,#15834,.T.);
#15834 = EDGE_CURVE('',#15827,#15835,#15837,.T.);
#15835 = VERTEX_POINT('',#15836);
#15836 = CARTESIAN_POINT('',(182.7,105.5,127.));
#15837 = LINE('',#15838,#15839);
#15838 = CARTESIAN_POINT('',(185.6,105.5,127.));
#15839 = VECTOR('',#15840,1.);
#15840 = DIRECTION('',(-1.,0.,0.));
#15841 = ORIENTED_EDGE('',*,*,#15842,.T.);
#15842 = EDGE_CURVE('',#15835,#14146,#15843,.T.);
#15843 = LINE('',#15844,#15845);
#15844 = CARTESIAN_POINT('',(182.7,105.5,127.));
#15845 = VECTOR('',#15846,1.);
#15846 = DIRECTION('',(0.,0.,1.));
#15847 = PLANE('',#15848);
#15848 = AXIS2_PLACEMENT_3D('',#15849,#15850,#15851);
#15849 = CARTESIAN_POINT('',(182.59676298162,105.5,129.56273882517));
#15850 = DIRECTION('',(-0.,-1.,-0.));
#15851 = DIRECTION('',(0.,0.,-1.));
#15852 = ADVANCED_FACE('',(#15853),#15871,.T.);
#15853 = FACE_BOUND('',#15854,.T.);
#15854 = EDGE_LOOP('',(#15855,#15856,#15857,#15865));
#15855 = ORIENTED_EDGE('',*,*,#14137,.T.);
#15856 = ORIENTED_EDGE('',*,*,#15802,.T.);
#15857 = ORIENTED_EDGE('',*,*,#15858,.F.);
#15858 = EDGE_CURVE('',#15859,#15803,#15861,.T.);
#15859 = VERTEX_POINT('',#15860);
#15860 = CARTESIAN_POINT('',(180.9,94.5,115.));
#15861 = LINE('',#15862,#15863);
#15862 = CARTESIAN_POINT('',(180.9,94.5,115.));
#15863 = VECTOR('',#15864,1.);
#15864 = DIRECTION('',(0.,1.,0.));
#15865 = ORIENTED_EDGE('',*,*,#15866,.F.);
#15866 = EDGE_CURVE('',#14130,#15859,#15867,.T.);
#15867 = LINE('',#15868,#15869);
#15868 = CARTESIAN_POINT('',(180.3,94.5,138.));
#15869 = VECTOR('',#15870,1.);
#15870 = DIRECTION('',(2.607808458056E-02,0.,-0.999659908921));
#15871 = PLANE('',#15872);
#15872 = AXIS2_PLACEMENT_3D('',#15873,#15874,#15875);
#15873 = CARTESIAN_POINT('',(180.3,94.5,138.));
#15874 = DIRECTION('',(-0.999659908921,0.,-2.607808458056E-02));
#15875 = DIRECTION('',(2.607808458056E-02,0.,-0.999659908921));
#15876 = ADVANCED_FACE('',(#15877),#15919,.T.);
#15877 = FACE_BOUND('',#15878,.T.);
#15878 = EDGE_LOOP('',(#15879,#15880,#15881,#15889,#15897,#15905,#15913)
  );
#15879 = ORIENTED_EDGE('',*,*,#14129,.F.);
#15880 = ORIENTED_EDGE('',*,*,#15866,.T.);
#15881 = ORIENTED_EDGE('',*,*,#15882,.T.);
#15882 = EDGE_CURVE('',#15859,#15883,#15885,.T.);
#15883 = VERTEX_POINT('',#15884);
#15884 = CARTESIAN_POINT('',(182.7,94.5,115.));
#15885 = LINE('',#15886,#15887);
#15886 = CARTESIAN_POINT('',(180.9,94.5,115.));
#15887 = VECTOR('',#15888,1.);
#15888 = DIRECTION('',(1.,0.,0.));
#15889 = ORIENTED_EDGE('',*,*,#15890,.T.);
#15890 = EDGE_CURVE('',#15883,#15891,#15893,.T.);
#15891 = VERTEX_POINT('',#15892);
#15892 = CARTESIAN_POINT('',(185.6,94.5,121.));
#15893 = LINE('',#15894,#15895);
#15894 = CARTESIAN_POINT('',(182.7,94.5,115.));
#15895 = VECTOR('',#15896,1.);
#15896 = DIRECTION('',(0.43516866054,0.,0.900348952842));
#15897 = ORIENTED_EDGE('',*,*,#15898,.T.);
#15898 = EDGE_CURVE('',#15891,#15899,#15901,.T.);
#15899 = VERTEX_POINT('',#15900);
#15900 = CARTESIAN_POINT('',(185.6,94.5,127.));
#15901 = LINE('',#15902,#15903);
#15902 = CARTESIAN_POINT('',(185.6,94.5,121.));
#15903 = VECTOR('',#15904,1.);
#15904 = DIRECTION('',(0.,0.,1.));
#15905 = ORIENTED_EDGE('',*,*,#15906,.T.);
#15906 = EDGE_CURVE('',#15899,#15907,#15909,.T.);
#15907 = VERTEX_POINT('',#15908);
#15908 = CARTESIAN_POINT('',(182.7,94.5,127.));
#15909 = LINE('',#15910,#15911);
#15910 = CARTESIAN_POINT('',(185.6,94.5,127.));
#15911 = VECTOR('',#15912,1.);
#15912 = DIRECTION('',(-1.,0.,0.));
#15913 = ORIENTED_EDGE('',*,*,#15914,.T.);
#15914 = EDGE_CURVE('',#15907,#14122,#15915,.T.);
#15915 = LINE('',#15916,#15917);
#15916 = CARTESIAN_POINT('',(182.7,94.5,127.));
#15917 = VECTOR('',#15918,1.);
#15918 = DIRECTION('',(0.,0.,1.));
#15919 = PLANE('',#15920);
#15920 = AXIS2_PLACEMENT_3D('',#15921,#15922,#15923);
#15921 = CARTESIAN_POINT('',(182.59676298162,94.5,129.56273882517));
#15922 = DIRECTION('',(-0.,-1.,-0.));
#15923 = DIRECTION('',(0.,0.,-1.));
#15924 = ADVANCED_FACE('',(#15925,#15931),#15965,.F.);
#15925 = FACE_BOUND('',#15926,.F.);
#15926 = EDGE_LOOP('',(#15927,#15928,#15929,#15930));
#15927 = ORIENTED_EDGE('',*,*,#14573,.F.);
#15928 = ORIENTED_EDGE('',*,*,#14203,.F.);
#15929 = ORIENTED_EDGE('',*,*,#14229,.T.);
#15930 = ORIENTED_EDGE('',*,*,#14620,.F.);
#15931 = FACE_BOUND('',#15932,.F.);
#15932 = EDGE_LOOP('',(#15933,#15943,#15951,#15959));
#15933 = ORIENTED_EDGE('',*,*,#15934,.F.);
#15934 = EDGE_CURVE('',#15935,#15937,#15939,.T.);
#15935 = VERTEX_POINT('',#15936);
#15936 = CARTESIAN_POINT('',(172.2,5.1,138.));
#15937 = VERTEX_POINT('',#15938);
#15938 = CARTESIAN_POINT('',(181.4,5.1,138.));
#15939 = LINE('',#15940,#15941);
#15940 = CARTESIAN_POINT('',(172.2,5.1,138.));
#15941 = VECTOR('',#15942,1.);
#15942 = DIRECTION('',(1.,0.,-0.));
#15943 = ORIENTED_EDGE('',*,*,#15944,.T.);
#15944 = EDGE_CURVE('',#15935,#15945,#15947,.T.);
#15945 = VERTEX_POINT('',#15946);
#15946 = CARTESIAN_POINT('',(172.2,12.9,138.));
#15947 = LINE('',#15948,#15949);
#15948 = CARTESIAN_POINT('',(172.2,5.1,138.));
#15949 = VECTOR('',#15950,1.);
#15950 = DIRECTION('',(-0.,1.,0.));
#15951 = ORIENTED_EDGE('',*,*,#15952,.T.);
#15952 = EDGE_CURVE('',#15945,#15953,#15955,.T.);
#15953 = VERTEX_POINT('',#15954);
#15954 = CARTESIAN_POINT('',(181.4,12.9,138.));
#15955 = LINE('',#15956,#15957);
#15956 = CARTESIAN_POINT('',(172.2,12.9,138.));
#15957 = VECTOR('',#15958,1.);
#15958 = DIRECTION('',(1.,0.,-0.));
#15959 = ORIENTED_EDGE('',*,*,#15960,.F.);
#15960 = EDGE_CURVE('',#15937,#15953,#15961,.T.);
#15961 = LINE('',#15962,#15963);
#15962 = CARTESIAN_POINT('',(181.4,5.1,138.));
#15963 = VECTOR('',#15964,1.);
#15964 = DIRECTION('',(-0.,1.,0.));
#15965 = PLANE('',#15966);
#15966 = AXIS2_PLACEMENT_3D('',#15967,#15968,#15969);
#15967 = CARTESIAN_POINT('',(170.,3.5,138.));
#15968 = DIRECTION('',(0.,0.,1.));
#15969 = DIRECTION('',(1.,0.,-0.));
#15970 = ADVANCED_FACE('',(#15971,#15977),#16011,.F.);
#15971 = FACE_BOUND('',#15972,.F.);
#15972 = EDGE_LOOP('',(#15973,#15974,#15975,#15976));
#15973 = ORIENTED_EDGE('',*,*,#14220,.F.);
#15974 = ORIENTED_EDGE('',*,*,#14212,.F.);
#15975 = ORIENTED_EDGE('',*,*,#14556,.T.);
#15976 = ORIENTED_EDGE('',*,*,#14390,.F.);
#15977 = FACE_BOUND('',#15978,.F.);
#15978 = EDGE_LOOP('',(#15979,#15989,#15997,#16005));
#15979 = ORIENTED_EDGE('',*,*,#15980,.F.);
#15980 = EDGE_CURVE('',#15981,#15983,#15985,.T.);
#15981 = VERTEX_POINT('',#15982);
#15982 = CARTESIAN_POINT('',(4.6,5.1,138.));
#15983 = VERTEX_POINT('',#15984);
#15984 = CARTESIAN_POINT('',(13.8,5.1,138.));
#15985 = LINE('',#15986,#15987);
#15986 = CARTESIAN_POINT('',(4.6,5.1,138.));
#15987 = VECTOR('',#15988,1.);
#15988 = DIRECTION('',(1.,0.,-0.));
#15989 = ORIENTED_EDGE('',*,*,#15990,.T.);
#15990 = EDGE_CURVE('',#15981,#15991,#15993,.T.);
#15991 = VERTEX_POINT('',#15992);
#15992 = CARTESIAN_POINT('',(4.6,12.9,138.));
#15993 = LINE('',#15994,#15995);
#15994 = CARTESIAN_POINT('',(4.6,5.1,138.));
#15995 = VECTOR('',#15996,1.);
#15996 = DIRECTION('',(-0.,1.,0.));
#15997 = ORIENTED_EDGE('',*,*,#15998,.T.);
#15998 = EDGE_CURVE('',#15991,#15999,#16001,.T.);
#15999 = VERTEX_POINT('',#16000);
#16000 = CARTESIAN_POINT('',(13.8,12.9,138.));
#16001 = LINE('',#16002,#16003);
#16002 = CARTESIAN_POINT('',(4.6,12.9,138.));
#16003 = VECTOR('',#16004,1.);
#16004 = DIRECTION('',(1.,0.,-0.));
#16005 = ORIENTED_EDGE('',*,*,#16006,.F.);
#16006 = EDGE_CURVE('',#15983,#15999,#16007,.T.);
#16007 = LINE('',#16008,#16009);
#16008 = CARTESIAN_POINT('',(13.8,5.1,138.));
#16009 = VECTOR('',#16010,1.);
#16010 = DIRECTION('',(-0.,1.,0.));
#16011 = PLANE('',#16012);
#16012 = AXIS2_PLACEMENT_3D('',#16013,#16014,#16015);
#16013 = CARTESIAN_POINT('',(3.,3.5,138.));
#16014 = DIRECTION('',(0.,0.,1.));
#16015 = DIRECTION('',(1.,0.,-0.));
#16016 = ADVANCED_FACE('',(#16017),#16064,.F.);
#16017 = FACE_BOUND('',#16018,.F.);
#16018 = EDGE_LOOP('',(#16019,#16020,#16021,#16022,#16023,#16024,#16032,
    #16040,#16048,#16056,#16062,#16063));
#16019 = ORIENTED_EDGE('',*,*,#14277,.T.);
#16020 = ORIENTED_EDGE('',*,*,#14269,.T.);
#16021 = ORIENTED_EDGE('',*,*,#14261,.F.);
#16022 = ORIENTED_EDGE('',*,*,#14253,.F.);
#16023 = ORIENTED_EDGE('',*,*,#14714,.T.);
#16024 = ORIENTED_EDGE('',*,*,#16025,.T.);
#16025 = EDGE_CURVE('',#14715,#16026,#16028,.T.);
#16026 = VERTEX_POINT('',#16027);
#16027 = CARTESIAN_POINT('',(30.,62.,138.));
#16028 = LINE('',#16029,#16030);
#16029 = CARTESIAN_POINT('',(25.,62.,138.));
#16030 = VECTOR('',#16031,1.);
#16031 = DIRECTION('',(-1.,-0.,0.));
#16032 = ORIENTED_EDGE('',*,*,#16033,.T.);
#16033 = EDGE_CURVE('',#16026,#16034,#16036,.T.);
#16034 = VERTEX_POINT('',#16035);
#16035 = CARTESIAN_POINT('',(30.,140.,138.));
#16036 = LINE('',#16037,#16038);
#16037 = CARTESIAN_POINT('',(30.,58.,138.));
#16038 = VECTOR('',#16039,1.);
#16039 = DIRECTION('',(-0.,1.,0.));
#16040 = ORIENTED_EDGE('',*,*,#16041,.F.);
#16041 = EDGE_CURVE('',#16042,#16034,#16044,.T.);
#16042 = VERTEX_POINT('',#16043);
#16043 = CARTESIAN_POINT('',(156.,140.,138.));
#16044 = LINE('',#16045,#16046);
#16045 = CARTESIAN_POINT('',(25.,140.,138.));
#16046 = VECTOR('',#16047,1.);
#16047 = DIRECTION('',(-1.,-0.,0.));
#16048 = ORIENTED_EDGE('',*,*,#16049,.F.);
#16049 = EDGE_CURVE('',#16050,#16042,#16052,.T.);
#16050 = VERTEX_POINT('',#16051);
#16051 = CARTESIAN_POINT('',(156.,62.,138.));
#16052 = LINE('',#16053,#16054);
#16053 = CARTESIAN_POINT('',(156.,58.,138.));
#16054 = VECTOR('',#16055,1.);
#16055 = DIRECTION('',(-0.,1.,0.));
#16056 = ORIENTED_EDGE('',*,*,#16057,.T.);
#16057 = EDGE_CURVE('',#16050,#14739,#16058,.T.);
#16058 = LINE('',#16059,#16060);
#16059 = CARTESIAN_POINT('',(25.,62.,138.));
#16060 = VECTOR('',#16061,1.);
#16061 = DIRECTION('',(-1.,-0.,0.));
#16062 = ORIENTED_EDGE('',*,*,#14738,.F.);
#16063 = ORIENTED_EDGE('',*,*,#14237,.F.);
#16064 = PLANE('',#16065);
#16065 = AXIS2_PLACEMENT_3D('',#16066,#16067,#16068);
#16066 = CARTESIAN_POINT('',(20.,54.,138.));
#16067 = DIRECTION('',(0.,0.,1.));
#16068 = DIRECTION('',(1.,0.,-0.));
#16069 = ADVANCED_FACE('',(#16070),#16081,.F.);
#16070 = FACE_BOUND('',#16071,.F.);
#16071 = EDGE_LOOP('',(#16072,#16073,#16074,#16080));
#16072 = ORIENTED_EDGE('',*,*,#14246,.F.);
#16073 = ORIENTED_EDGE('',*,*,#14817,.T.);
#16074 = ORIENTED_EDGE('',*,*,#16075,.T.);
#16075 = EDGE_CURVE('',#14818,#14763,#16076,.T.);
#16076 = LINE('',#16077,#16078);
#16077 = CARTESIAN_POINT('',(25.,62.,138.));
#16078 = VECTOR('',#16079,1.);
#16079 = DIRECTION('',(-1.,-0.,0.));
#16080 = ORIENTED_EDGE('',*,*,#14762,.F.);
#16081 = PLANE('',#16082);
#16082 = AXIS2_PLACEMENT_3D('',#16083,#16084,#16085);
#16083 = CARTESIAN_POINT('',(20.,54.,138.));
#16084 = DIRECTION('',(0.,0.,1.));
#16085 = DIRECTION('',(1.,0.,-0.));
#16086 = ADVANCED_FACE('',(#16087),#16098,.T.);
#16087 = FACE_BOUND('',#16088,.T.);
#16088 = EDGE_LOOP('',(#16089,#16095,#16096,#16097));
#16089 = ORIENTED_EDGE('',*,*,#16090,.T.);
#16090 = EDGE_CURVE('',#15907,#15835,#16091,.T.);
#16091 = LINE('',#16092,#16093);
#16092 = CARTESIAN_POINT('',(182.7,94.5,127.));
#16093 = VECTOR('',#16094,1.);
#16094 = DIRECTION('',(0.,1.,0.));
#16095 = ORIENTED_EDGE('',*,*,#15842,.T.);
#16096 = ORIENTED_EDGE('',*,*,#14294,.F.);
#16097 = ORIENTED_EDGE('',*,*,#15914,.F.);
#16098 = PLANE('',#16099);
#16099 = AXIS2_PLACEMENT_3D('',#16100,#16101,#16102);
#16100 = CARTESIAN_POINT('',(182.7,94.5,127.));
#16101 = DIRECTION('',(1.,0.,0.));
#16102 = DIRECTION('',(0.,0.,1.));
#16103 = ADVANCED_FACE('',(#16104),#16115,.F.);
#16104 = FACE_BOUND('',#16105,.F.);
#16105 = EDGE_LOOP('',(#16106,#16112,#16113,#16114));
#16106 = ORIENTED_EDGE('',*,*,#16107,.T.);
#16107 = EDGE_CURVE('',#15708,#15780,#16108,.T.);
#16108 = LINE('',#16109,#16110);
#16109 = CARTESIAN_POINT('',(3.3,94.5,127.));
#16110 = VECTOR('',#16111,1.);
#16111 = DIRECTION('',(0.,1.,0.));
#16112 = ORIENTED_EDGE('',*,*,#15787,.T.);
#16113 = ORIENTED_EDGE('',*,*,#14310,.F.);
#16114 = ORIENTED_EDGE('',*,*,#15715,.F.);
#16115 = PLANE('',#16116);
#16116 = AXIS2_PLACEMENT_3D('',#16117,#16118,#16119);
#16117 = CARTESIAN_POINT('',(3.3,94.5,127.));
#16118 = DIRECTION('',(1.,0.,0.));
#16119 = DIRECTION('',(0.,0.,1.));
#16120 = ADVANCED_FACE('',(#16121),#16127,.F.);
#16121 = FACE_BOUND('',#16122,.F.);
#16122 = EDGE_LOOP('',(#16123,#16124,#16125,#16126));
#16123 = ORIENTED_EDGE('',*,*,#14470,.F.);
#16124 = ORIENTED_EDGE('',*,*,#14503,.F.);
#16125 = ORIENTED_EDGE('',*,*,#14520,.T.);
#16126 = ORIENTED_EDGE('',*,*,#14698,.F.);
#16127 = PLANE('',#16128);
#16128 = AXIS2_PLACEMENT_3D('',#16129,#16130,#16131);
#16129 = CARTESIAN_POINT('',(134.,56.,140.));
#16130 = DIRECTION('',(-0.,1.,0.));
#16131 = DIRECTION('',(0.,0.,1.));
#16132 = ADVANCED_FACE('',(#16133),#16144,.T.);
#16133 = FACE_BOUND('',#16134,.T.);
#16134 = EDGE_LOOP('',(#16135,#16141,#16142,#16143));
#16135 = ORIENTED_EDGE('',*,*,#16136,.F.);
#16136 = EDGE_CURVE('',#16050,#14675,#16137,.T.);
#16137 = LINE('',#16138,#16139);
#16138 = CARTESIAN_POINT('',(156.,62.,137.));
#16139 = VECTOR('',#16140,1.);
#16140 = DIRECTION('',(0.,0.,1.));
#16141 = ORIENTED_EDGE('',*,*,#16057,.T.);
#16142 = ORIENTED_EDGE('',*,*,#14746,.T.);
#16143 = ORIENTED_EDGE('',*,*,#14682,.F.);
#16144 = PLANE('',#16145);
#16145 = AXIS2_PLACEMENT_3D('',#16146,#16147,#16148);
#16146 = CARTESIAN_POINT('',(30.,62.,137.));
#16147 = DIRECTION('',(-0.,1.,0.));
#16148 = DIRECTION('',(0.,0.,1.));
#16149 = ADVANCED_FACE('',(#16150),#16161,.F.);
#16150 = FACE_BOUND('',#16151,.F.);
#16151 = EDGE_LOOP('',(#16152,#16153,#16154,#16160));
#16152 = ORIENTED_EDGE('',*,*,#16136,.F.);
#16153 = ORIENTED_EDGE('',*,*,#16049,.T.);
#16154 = ORIENTED_EDGE('',*,*,#16155,.T.);
#16155 = EDGE_CURVE('',#16042,#14667,#16156,.T.);
#16156 = LINE('',#16157,#16158);
#16157 = CARTESIAN_POINT('',(156.,140.,137.));
#16158 = VECTOR('',#16159,1.);
#16159 = DIRECTION('',(0.,0.,1.));
#16160 = ORIENTED_EDGE('',*,*,#14674,.F.);
#16161 = PLANE('',#16162);
#16162 = AXIS2_PLACEMENT_3D('',#16163,#16164,#16165);
#16163 = CARTESIAN_POINT('',(156.,62.,137.));
#16164 = DIRECTION('',(1.,0.,-0.));
#16165 = DIRECTION('',(0.,0.,1.));
#16166 = ADVANCED_FACE('',(#16167),#16178,.F.);
#16167 = FACE_BOUND('',#16168,.F.);
#16168 = EDGE_LOOP('',(#16169,#16170,#16171,#16177));
#16169 = ORIENTED_EDGE('',*,*,#16155,.F.);
#16170 = ORIENTED_EDGE('',*,*,#16041,.T.);
#16171 = ORIENTED_EDGE('',*,*,#16172,.T.);
#16172 = EDGE_CURVE('',#16034,#14659,#16173,.T.);
#16173 = LINE('',#16174,#16175);
#16174 = CARTESIAN_POINT('',(30.,140.,137.));
#16175 = VECTOR('',#16176,1.);
#16176 = DIRECTION('',(0.,0.,1.));
#16177 = ORIENTED_EDGE('',*,*,#14666,.F.);
#16178 = PLANE('',#16179);
#16179 = AXIS2_PLACEMENT_3D('',#16180,#16181,#16182);
#16180 = CARTESIAN_POINT('',(30.,140.,137.));
#16181 = DIRECTION('',(-0.,1.,0.));
#16182 = DIRECTION('',(0.,0.,1.));
#16183 = ADVANCED_FACE('',(#16184),#16195,.T.);
#16184 = FACE_BOUND('',#16185,.T.);
#16185 = EDGE_LOOP('',(#16186,#16192,#16193,#16194));
#16186 = ORIENTED_EDGE('',*,*,#16187,.F.);
#16187 = EDGE_CURVE('',#16026,#14651,#16188,.T.);
#16188 = LINE('',#16189,#16190);
#16189 = CARTESIAN_POINT('',(30.,62.,137.));
#16190 = VECTOR('',#16191,1.);
#16191 = DIRECTION('',(0.,0.,1.));
#16192 = ORIENTED_EDGE('',*,*,#16033,.T.);
#16193 = ORIENTED_EDGE('',*,*,#16172,.T.);
#16194 = ORIENTED_EDGE('',*,*,#14658,.F.);
#16195 = PLANE('',#16196);
#16196 = AXIS2_PLACEMENT_3D('',#16197,#16198,#16199);
#16197 = CARTESIAN_POINT('',(30.,62.,137.));
#16198 = DIRECTION('',(1.,0.,-0.));
#16199 = DIRECTION('',(0.,0.,1.));
#16200 = ADVANCED_FACE('',(#16201),#16207,.T.);
#16201 = FACE_BOUND('',#16202,.T.);
#16202 = EDGE_LOOP('',(#16203,#16204,#16205,#16206));
#16203 = ORIENTED_EDGE('',*,*,#14722,.F.);
#16204 = ORIENTED_EDGE('',*,*,#16025,.T.);
#16205 = ORIENTED_EDGE('',*,*,#16187,.T.);
#16206 = ORIENTED_EDGE('',*,*,#14650,.F.);
#16207 = PLANE('',#16208);
#16208 = AXIS2_PLACEMENT_3D('',#16209,#16210,#16211);
#16209 = CARTESIAN_POINT('',(30.,62.,137.));
#16210 = DIRECTION('',(-0.,1.,0.));
#16211 = DIRECTION('',(0.,0.,1.));
#16212 = ADVANCED_FACE('',(#16213),#16219,.T.);
#16213 = FACE_BOUND('',#16214,.T.);
#16214 = EDGE_LOOP('',(#16215,#16216,#16217,#16218));
#16215 = ORIENTED_EDGE('',*,*,#14825,.F.);
#16216 = ORIENTED_EDGE('',*,*,#16075,.T.);
#16217 = ORIENTED_EDGE('',*,*,#14770,.T.);
#16218 = ORIENTED_EDGE('',*,*,#14801,.F.);
#16219 = PLANE('',#16220);
#16220 = AXIS2_PLACEMENT_3D('',#16221,#16222,#16223);
#16221 = CARTESIAN_POINT('',(30.,62.,137.));
#16222 = DIRECTION('',(-0.,1.,0.));
#16223 = DIRECTION('',(0.,0.,1.));
#16224 = ADVANCED_FACE('',(#16225),#16231,.T.);
#16225 = FACE_BOUND('',#16226,.T.);
#16226 = EDGE_LOOP('',(#16227,#16228,#16229,#16230));
#16227 = ORIENTED_EDGE('',*,*,#14881,.F.);
#16228 = ORIENTED_EDGE('',*,*,#14849,.T.);
#16229 = ORIENTED_EDGE('',*,*,#14905,.T.);
#16230 = ORIENTED_EDGE('',*,*,#14921,.F.);
#16231 = PLANE('',#16232);
#16232 = AXIS2_PLACEMENT_3D('',#16233,#16234,#16235);
#16233 = CARTESIAN_POINT('',(55.,55.5,142.));
#16234 = DIRECTION('',(-0.,1.,0.));
#16235 = DIRECTION('',(0.,0.,1.));
#16236 = ADVANCED_FACE('',(#16237),#16251,.T.);
#16237 = FACE_BOUND('',#16238,.T.);
#16238 = EDGE_LOOP('',(#16239,#16240,#16246,#16247,#16248,#16249,#16250)
  );
#16239 = ORIENTED_EDGE('',*,*,#15033,.F.);
#16240 = ORIENTED_EDGE('',*,*,#16241,.T.);
#16241 = EDGE_CURVE('',#15026,#14938,#16242,.T.);
#16242 = LINE('',#16243,#16244);
#16243 = CARTESIAN_POINT('',(46.6,55.,184.6));
#16244 = VECTOR('',#16245,1.);
#16245 = DIRECTION('',(0.,0.,1.));
#16246 = ORIENTED_EDGE('',*,*,#14945,.T.);
#16247 = ORIENTED_EDGE('',*,*,#14977,.T.);
#16248 = ORIENTED_EDGE('',*,*,#15000,.F.);
#16249 = ORIENTED_EDGE('',*,*,#15065,.F.);
#16250 = ORIENTED_EDGE('',*,*,#15435,.F.);
#16251 = PLANE('',#16252);
#16252 = AXIS2_PLACEMENT_3D('',#16253,#16254,#16255);
#16253 = CARTESIAN_POINT('',(46.6,55.,184.6));
#16254 = DIRECTION('',(-0.,1.,0.));
#16255 = DIRECTION('',(0.,0.,1.));
#16256 = ADVANCED_FACE('',(#16257),#16269,.T.);
#16257 = FACE_BOUND('',#16258,.T.);
#16258 = EDGE_LOOP('',(#16259,#16260,#16261,#16262,#16263));
#16259 = ORIENTED_EDGE('',*,*,#15325,.F.);
#16260 = ORIENTED_EDGE('',*,*,#15469,.T.);
#16261 = ORIENTED_EDGE('',*,*,#15501,.T.);
#16262 = ORIENTED_EDGE('',*,*,#15015,.T.);
#16263 = ORIENTED_EDGE('',*,*,#16264,.T.);
#16264 = EDGE_CURVE('',#15018,#15328,#16265,.T.);
#16265 = LINE('',#16266,#16267);
#16266 = CARTESIAN_POINT('',(65.,63.,182.1));
#16267 = VECTOR('',#16268,1.);
#16268 = DIRECTION('',(-0.,0.,-1.));
#16269 = PLANE('',#16270);
#16270 = AXIS2_PLACEMENT_3D('',#16271,#16272,#16273);
#16271 = CARTESIAN_POINT('',(45.2,63.,182.2));
#16272 = DIRECTION('',(-0.,1.,0.));
#16273 = DIRECTION('',(0.,0.,1.));
#16274 = ADVANCED_FACE('',(#16275),#16286,.T.);
#16275 = FACE_BOUND('',#16276,.T.);
#16276 = EDGE_LOOP('',(#16277,#16283,#16284,#16285));
#16277 = ORIENTED_EDGE('',*,*,#16278,.F.);
#16278 = EDGE_CURVE('',#15383,#15114,#16279,.T.);
#16279 = LINE('',#16280,#16281);
#16280 = CARTESIAN_POINT('',(65.,57.5,182.));
#16281 = VECTOR('',#16282,1.);
#16282 = DIRECTION('',(0.,0.,1.));
#16283 = ORIENTED_EDGE('',*,*,#15390,.T.);
#16284 = ORIENTED_EDGE('',*,*,#16264,.F.);
#16285 = ORIENTED_EDGE('',*,*,#15121,.F.);
#16286 = PLANE('',#16287);
#16287 = AXIS2_PLACEMENT_3D('',#16288,#16289,#16290);
#16288 = CARTESIAN_POINT('',(65.,57.5,182.));
#16289 = DIRECTION('',(1.,0.,-0.));
#16290 = DIRECTION('',(0.,0.,1.));
#16291 = ADVANCED_FACE('',(#16292),#16303,.T.);
#16292 = FACE_BOUND('',#16293,.T.);
#16293 = EDGE_LOOP('',(#16294,#16300,#16301,#16302));
#16294 = ORIENTED_EDGE('',*,*,#16295,.F.);
#16295 = EDGE_CURVE('',#15375,#15106,#16296,.T.);
#16296 = LINE('',#16297,#16298);
#16297 = CARTESIAN_POINT('',(121.,57.5,182.));
#16298 = VECTOR('',#16299,1.);
#16299 = DIRECTION('',(0.,0.,1.));
#16300 = ORIENTED_EDGE('',*,*,#15382,.T.);
#16301 = ORIENTED_EDGE('',*,*,#16278,.T.);
#16302 = ORIENTED_EDGE('',*,*,#15113,.F.);
#16303 = PLANE('',#16304);
#16304 = AXIS2_PLACEMENT_3D('',#16305,#16306,#16307);
#16305 = CARTESIAN_POINT('',(65.,57.5,182.));
#16306 = DIRECTION('',(-0.,1.,0.));
#16307 = DIRECTION('',(0.,0.,1.));
#16308 = ADVANCED_FACE('',(#16309),#16320,.F.);
#16309 = FACE_BOUND('',#16310,.F.);
#16310 = EDGE_LOOP('',(#16311,#16312,#16313,#16319));
#16311 = ORIENTED_EDGE('',*,*,#16295,.F.);
#16312 = ORIENTED_EDGE('',*,*,#15374,.T.);
#16313 = ORIENTED_EDGE('',*,*,#16314,.F.);
#16314 = EDGE_CURVE('',#15098,#15367,#16315,.T.);
#16315 = LINE('',#16316,#16317);
#16316 = CARTESIAN_POINT('',(121.,63.,182.1));
#16317 = VECTOR('',#16318,1.);
#16318 = DIRECTION('',(-0.,0.,-1.));
#16319 = ORIENTED_EDGE('',*,*,#15105,.F.);
#16320 = PLANE('',#16321);
#16321 = AXIS2_PLACEMENT_3D('',#16322,#16323,#16324);
#16322 = CARTESIAN_POINT('',(121.,57.5,182.));
#16323 = DIRECTION('',(1.,0.,-0.));
#16324 = DIRECTION('',(0.,0.,1.));
#16325 = ADVANCED_FACE('',(#16326),#16333,.T.);
#16326 = FACE_BOUND('',#16327,.T.);
#16327 = EDGE_LOOP('',(#16328,#16329,#16330,#16331,#16332));
#16328 = ORIENTED_EDGE('',*,*,#15366,.F.);
#16329 = ORIENTED_EDGE('',*,*,#16314,.F.);
#16330 = ORIENTED_EDGE('',*,*,#15097,.T.);
#16331 = ORIENTED_EDGE('',*,*,#15287,.T.);
#16332 = ORIENTED_EDGE('',*,*,#15310,.F.);
#16333 = PLANE('',#16334);
#16334 = AXIS2_PLACEMENT_3D('',#16335,#16336,#16337);
#16335 = CARTESIAN_POINT('',(45.2,63.,182.2));
#16336 = DIRECTION('',(-0.,1.,0.));
#16337 = DIRECTION('',(0.,0.,1.));
#16338 = ADVANCED_FACE('',(#16339),#16356,.F.);
#16339 = FACE_BOUND('',#16340,.F.);
#16340 = EDGE_LOOP('',(#16341,#16347,#16348,#16349,#16355));
#16341 = ORIENTED_EDGE('',*,*,#16342,.F.);
#16342 = EDGE_CURVE('',#15082,#15185,#16343,.T.);
#16343 = LINE('',#16344,#16345);
#16344 = CARTESIAN_POINT('',(139.4,55.,184.6));
#16345 = VECTOR('',#16346,1.);
#16346 = DIRECTION('',(0.,0.,1.));
#16347 = ORIENTED_EDGE('',*,*,#15089,.T.);
#16348 = ORIENTED_EDGE('',*,*,#15281,.T.);
#16349 = ORIENTED_EDGE('',*,*,#16350,.T.);
#16350 = EDGE_CURVE('',#15274,#15218,#16351,.T.);
#16351 = LINE('',#16352,#16353);
#16352 = CARTESIAN_POINT('',(139.4,64.5,184.6));
#16353 = VECTOR('',#16354,1.);
#16354 = DIRECTION('',(0.,0.,1.));
#16355 = ORIENTED_EDGE('',*,*,#15225,.F.);
#16356 = PLANE('',#16357);
#16357 = AXIS2_PLACEMENT_3D('',#16358,#16359,#16360);
#16358 = CARTESIAN_POINT('',(139.4,54.,184.6));
#16359 = DIRECTION('',(1.,0.,-0.));
#16360 = DIRECTION('',(0.,0.,1.));
#16361 = ADVANCED_FACE('',(#16362),#16369,.T.);
#16362 = FACE_BOUND('',#16363,.T.);
#16363 = EDGE_LOOP('',(#16364,#16365,#16366,#16367,#16368));
#16364 = ORIENTED_EDGE('',*,*,#15081,.F.);
#16365 = ORIENTED_EDGE('',*,*,#15137,.T.);
#16366 = ORIENTED_EDGE('',*,*,#15169,.T.);
#16367 = ORIENTED_EDGE('',*,*,#15192,.F.);
#16368 = ORIENTED_EDGE('',*,*,#16342,.F.);
#16369 = PLANE('',#16370);
#16370 = AXIS2_PLACEMENT_3D('',#16371,#16372,#16373);
#16371 = CARTESIAN_POINT('',(124.,55.,184.6));
#16372 = DIRECTION('',(-0.,1.,0.));
#16373 = DIRECTION('',(0.,0.,1.));
#16374 = ADVANCED_FACE('',(#16375),#16381,.F.);
#16375 = FACE_BOUND('',#16376,.F.);
#16376 = EDGE_LOOP('',(#16377,#16378,#16379,#16380));
#16377 = ORIENTED_EDGE('',*,*,#15406,.F.);
#16378 = ORIENTED_EDGE('',*,*,#15350,.T.);
#16379 = ORIENTED_EDGE('',*,*,#15451,.T.);
#16380 = ORIENTED_EDGE('',*,*,#15049,.F.);
#16381 = PLANE('',#16382);
#16382 = AXIS2_PLACEMENT_3D('',#16383,#16384,#16385);
#16383 = CARTESIAN_POINT('',(47.,58.,182.));
#16384 = DIRECTION('',(-0.,1.,0.));
#16385 = DIRECTION('',(0.,0.,1.));
#16386 = ADVANCED_FACE('',(#16387),#16399,.T.);
#16387 = FACE_BOUND('',#16388,.T.);
#16388 = EDGE_LOOP('',(#16389,#16390,#16391,#16392,#16398));
#16389 = ORIENTED_EDGE('',*,*,#16241,.F.);
#16390 = ORIENTED_EDGE('',*,*,#15025,.T.);
#16391 = ORIENTED_EDGE('',*,*,#15507,.T.);
#16392 = ORIENTED_EDGE('',*,*,#16393,.T.);
#16393 = EDGE_CURVE('',#15508,#15557,#16394,.T.);
#16394 = LINE('',#16395,#16396);
#16395 = CARTESIAN_POINT('',(46.6,64.5,184.6));
#16396 = VECTOR('',#16397,1.);
#16397 = DIRECTION('',(0.,0.,1.));
#16398 = ORIENTED_EDGE('',*,*,#15556,.F.);
#16399 = PLANE('',#16400);
#16400 = AXIS2_PLACEMENT_3D('',#16401,#16402,#16403);
#16401 = CARTESIAN_POINT('',(46.6,54.,184.6));
#16402 = DIRECTION('',(1.,0.,-0.));
#16403 = DIRECTION('',(0.,0.,1.));
#16404 = ADVANCED_FACE('',(#16405),#16411,.T.);
#16405 = FACE_BOUND('',#16406,.T.);
#16406 = EDGE_LOOP('',(#16407,#16408,#16409,#16410));
#16407 = ORIENTED_EDGE('',*,*,#15273,.F.);
#16408 = ORIENTED_EDGE('',*,*,#16350,.T.);
#16409 = ORIENTED_EDGE('',*,*,#15217,.T.);
#16410 = ORIENTED_EDGE('',*,*,#15248,.F.);
#16411 = PLANE('',#16412);
#16412 = AXIS2_PLACEMENT_3D('',#16413,#16414,#16415);
#16413 = CARTESIAN_POINT('',(139.4,64.5,184.6));
#16414 = DIRECTION('',(-0.,1.,0.));
#16415 = DIRECTION('',(0.,0.,1.));
#16416 = ADVANCED_FACE('',(#16417),#16423,.T.);
#16417 = FACE_BOUND('',#16418,.T.);
#16418 = EDGE_LOOP('',(#16419,#16420,#16421,#16422));
#16419 = ORIENTED_EDGE('',*,*,#15515,.F.);
#16420 = ORIENTED_EDGE('',*,*,#15531,.T.);
#16421 = ORIENTED_EDGE('',*,*,#15564,.T.);
#16422 = ORIENTED_EDGE('',*,*,#16393,.F.);
#16423 = PLANE('',#16424);
#16424 = AXIS2_PLACEMENT_3D('',#16425,#16426,#16427);
#16425 = CARTESIAN_POINT('',(43.8,64.5,184.6));
#16426 = DIRECTION('',(-0.,1.,0.));
#16427 = DIRECTION('',(0.,0.,1.));
#16428 = ADVANCED_FACE('',(#16429),#16435,.T.);
#16429 = FACE_BOUND('',#16430,.T.);
#16430 = EDGE_LOOP('',(#16431,#16432,#16433,#16434));
#16431 = ORIENTED_EDGE('',*,*,#15619,.F.);
#16432 = ORIENTED_EDGE('',*,*,#15587,.T.);
#16433 = ORIENTED_EDGE('',*,*,#15643,.T.);
#16434 = ORIENTED_EDGE('',*,*,#15659,.F.);
#16435 = PLANE('',#16436);
#16436 = AXIS2_PLACEMENT_3D('',#16437,#16438,#16439);
#16437 = CARTESIAN_POINT('',(100.5,55.5,142.));
#16438 = DIRECTION('',(-0.,1.,0.));
#16439 = DIRECTION('',(0.,0.,1.));
#16440 = ADVANCED_FACE('',(#16441),#16452,.F.);
#16441 = FACE_BOUND('',#16442,.F.);
#16442 = EDGE_LOOP('',(#16443,#16449,#16450,#16451));
#16443 = ORIENTED_EDGE('',*,*,#16444,.T.);
#16444 = EDGE_CURVE('',#15700,#15772,#16445,.T.);
#16445 = LINE('',#16446,#16447);
#16446 = CARTESIAN_POINT('',(0.4,94.5,127.));
#16447 = VECTOR('',#16448,1.);
#16448 = DIRECTION('',(0.,1.,0.));
#16449 = ORIENTED_EDGE('',*,*,#15779,.T.);
#16450 = ORIENTED_EDGE('',*,*,#16107,.F.);
#16451 = ORIENTED_EDGE('',*,*,#15707,.F.);
#16452 = PLANE('',#16453);
#16453 = AXIS2_PLACEMENT_3D('',#16454,#16455,#16456);
#16454 = CARTESIAN_POINT('',(0.4,94.5,127.));
#16455 = DIRECTION('',(0.,0.,-1.));
#16456 = DIRECTION('',(1.,0.,0.));
#16457 = ADVANCED_FACE('',(#16458,#16469,#16503,#16537),#16571,.F.);
#16458 = FACE_BOUND('',#16459,.F.);
#16459 = EDGE_LOOP('',(#16460,#16466,#16467,#16468));
#16460 = ORIENTED_EDGE('',*,*,#16461,.T.);
#16461 = EDGE_CURVE('',#15692,#15764,#16462,.T.);
#16462 = LINE('',#16463,#16464);
#16463 = CARTESIAN_POINT('',(0.4,94.5,121.));
#16464 = VECTOR('',#16465,1.);
#16465 = DIRECTION('',(0.,1.,0.));
#16466 = ORIENTED_EDGE('',*,*,#15771,.T.);
#16467 = ORIENTED_EDGE('',*,*,#16444,.F.);
#16468 = ORIENTED_EDGE('',*,*,#15699,.F.);
#16469 = FACE_BOUND('',#16470,.F.);
#16470 = EDGE_LOOP('',(#16471,#16481,#16489,#16497));
#16471 = ORIENTED_EDGE('',*,*,#16472,.F.);
#16472 = EDGE_CURVE('',#16473,#16475,#16477,.T.);
#16473 = VERTEX_POINT('',#16474);
#16474 = CARTESIAN_POINT('',(0.4,95.5,122.1));
#16475 = VERTEX_POINT('',#16476);
#16476 = CARTESIAN_POINT('',(0.4,104.5,122.1));
#16477 = LINE('',#16478,#16479);
#16478 = CARTESIAN_POINT('',(0.4,95.5,122.1));
#16479 = VECTOR('',#16480,1.);
#16480 = DIRECTION('',(-0.,1.,0.));
#16481 = ORIENTED_EDGE('',*,*,#16482,.T.);
#16482 = EDGE_CURVE('',#16473,#16483,#16485,.T.);
#16483 = VERTEX_POINT('',#16484);
#16484 = CARTESIAN_POINT('',(0.4,95.5,122.9));
#16485 = LINE('',#16486,#16487);
#16486 = CARTESIAN_POINT('',(0.4,95.5,122.1));
#16487 = VECTOR('',#16488,1.);
#16488 = DIRECTION('',(0.,0.,1.));
#16489 = ORIENTED_EDGE('',*,*,#16490,.T.);
#16490 = EDGE_CURVE('',#16483,#16491,#16493,.T.);
#16491 = VERTEX_POINT('',#16492);
#16492 = CARTESIAN_POINT('',(0.4,104.5,122.9));
#16493 = LINE('',#16494,#16495);
#16494 = CARTESIAN_POINT('',(0.4,95.5,122.9));
#16495 = VECTOR('',#16496,1.);
#16496 = DIRECTION('',(-0.,1.,0.));
#16497 = ORIENTED_EDGE('',*,*,#16498,.F.);
#16498 = EDGE_CURVE('',#16475,#16491,#16499,.T.);
#16499 = LINE('',#16500,#16501);
#16500 = CARTESIAN_POINT('',(0.4,104.5,122.1));
#16501 = VECTOR('',#16502,1.);
#16502 = DIRECTION('',(0.,0.,1.));
#16503 = FACE_BOUND('',#16504,.F.);
#16504 = EDGE_LOOP('',(#16505,#16515,#16523,#16531));
#16505 = ORIENTED_EDGE('',*,*,#16506,.F.);
#16506 = EDGE_CURVE('',#16507,#16509,#16511,.T.);
#16507 = VERTEX_POINT('',#16508);
#16508 = CARTESIAN_POINT('',(0.4,95.5,123.6));
#16509 = VERTEX_POINT('',#16510);
#16510 = CARTESIAN_POINT('',(0.4,104.5,123.6));
#16511 = LINE('',#16512,#16513);
#16512 = CARTESIAN_POINT('',(0.4,95.5,123.6));
#16513 = VECTOR('',#16514,1.);
#16514 = DIRECTION('',(-0.,1.,0.));
#16515 = ORIENTED_EDGE('',*,*,#16516,.T.);
#16516 = EDGE_CURVE('',#16507,#16517,#16519,.T.);
#16517 = VERTEX_POINT('',#16518);
#16518 = CARTESIAN_POINT('',(0.4,95.5,124.4));
#16519 = LINE('',#16520,#16521);
#16520 = CARTESIAN_POINT('',(0.4,95.5,123.6));
#16521 = VECTOR('',#16522,1.);
#16522 = DIRECTION('',(0.,0.,1.));
#16523 = ORIENTED_EDGE('',*,*,#16524,.T.);
#16524 = EDGE_CURVE('',#16517,#16525,#16527,.T.);
#16525 = VERTEX_POINT('',#16526);
#16526 = CARTESIAN_POINT('',(0.4,104.5,124.4));
#16527 = LINE('',#16528,#16529);
#16528 = CARTESIAN_POINT('',(0.4,95.5,124.4));
#16529 = VECTOR('',#16530,1.);
#16530 = DIRECTION('',(-0.,1.,0.));
#16531 = ORIENTED_EDGE('',*,*,#16532,.F.);
#16532 = EDGE_CURVE('',#16509,#16525,#16533,.T.);
#16533 = LINE('',#16534,#16535);
#16534 = CARTESIAN_POINT('',(0.4,104.5,123.6));
#16535 = VECTOR('',#16536,1.);
#16536 = DIRECTION('',(0.,0.,1.));
#16537 = FACE_BOUND('',#16538,.F.);
#16538 = EDGE_LOOP('',(#16539,#16549,#16557,#16565));
#16539 = ORIENTED_EDGE('',*,*,#16540,.F.);
#16540 = EDGE_CURVE('',#16541,#16543,#16545,.T.);
#16541 = VERTEX_POINT('',#16542);
#16542 = CARTESIAN_POINT('',(0.4,95.5,125.1));
#16543 = VERTEX_POINT('',#16544);
#16544 = CARTESIAN_POINT('',(0.4,104.5,125.1));
#16545 = LINE('',#16546,#16547);
#16546 = CARTESIAN_POINT('',(0.4,95.5,125.1));
#16547 = VECTOR('',#16548,1.);
#16548 = DIRECTION('',(-0.,1.,0.));
#16549 = ORIENTED_EDGE('',*,*,#16550,.T.);
#16550 = EDGE_CURVE('',#16541,#16551,#16553,.T.);
#16551 = VERTEX_POINT('',#16552);
#16552 = CARTESIAN_POINT('',(0.4,95.5,125.9));
#16553 = LINE('',#16554,#16555);
#16554 = CARTESIAN_POINT('',(0.4,95.5,125.1));
#16555 = VECTOR('',#16556,1.);
#16556 = DIRECTION('',(0.,0.,1.));
#16557 = ORIENTED_EDGE('',*,*,#16558,.T.);
#16558 = EDGE_CURVE('',#16551,#16559,#16561,.T.);
#16559 = VERTEX_POINT('',#16560);
#16560 = CARTESIAN_POINT('',(0.4,104.5,125.9));
#16561 = LINE('',#16562,#16563);
#16562 = CARTESIAN_POINT('',(0.4,95.5,125.9));
#16563 = VECTOR('',#16564,1.);
#16564 = DIRECTION('',(-0.,1.,0.));
#16565 = ORIENTED_EDGE('',*,*,#16566,.F.);
#16566 = EDGE_CURVE('',#16543,#16559,#16567,.T.);
#16567 = LINE('',#16568,#16569);
#16568 = CARTESIAN_POINT('',(0.4,104.5,125.1));
#16569 = VECTOR('',#16570,1.);
#16570 = DIRECTION('',(0.,0.,1.));
#16571 = PLANE('',#16572);
#16572 = AXIS2_PLACEMENT_3D('',#16573,#16574,#16575);
#16573 = CARTESIAN_POINT('',(0.4,94.5,121.));
#16574 = DIRECTION('',(1.,0.,0.));
#16575 = DIRECTION('',(0.,0.,1.));
#16576 = ADVANCED_FACE('',(#16577),#16588,.F.);
#16577 = FACE_BOUND('',#16578,.F.);
#16578 = EDGE_LOOP('',(#16579,#16585,#16586,#16587));
#16579 = ORIENTED_EDGE('',*,*,#16580,.T.);
#16580 = EDGE_CURVE('',#15684,#15756,#16581,.T.);
#16581 = LINE('',#16582,#16583);
#16582 = CARTESIAN_POINT('',(3.3,94.5,115.));
#16583 = VECTOR('',#16584,1.);
#16584 = DIRECTION('',(0.,1.,0.));
#16585 = ORIENTED_EDGE('',*,*,#15763,.T.);
#16586 = ORIENTED_EDGE('',*,*,#16461,.F.);
#16587 = ORIENTED_EDGE('',*,*,#15691,.F.);
#16588 = PLANE('',#16589);
#16589 = AXIS2_PLACEMENT_3D('',#16590,#16591,#16592);
#16590 = CARTESIAN_POINT('',(3.3,94.5,115.));
#16591 = DIRECTION('',(0.900348952842,-0.,0.43516866054));
#16592 = DIRECTION('',(-0.43516866054,0.,0.900348952842));
#16593 = ADVANCED_FACE('',(#16594),#16600,.F.);
#16594 = FACE_BOUND('',#16595,.F.);
#16595 = EDGE_LOOP('',(#16596,#16597,#16598,#16599));
#16596 = ORIENTED_EDGE('',*,*,#15738,.T.);
#16597 = ORIENTED_EDGE('',*,*,#15755,.T.);
#16598 = ORIENTED_EDGE('',*,*,#16580,.F.);
#16599 = ORIENTED_EDGE('',*,*,#15683,.F.);
#16600 = PLANE('',#16601);
#16601 = AXIS2_PLACEMENT_3D('',#16602,#16603,#16604);
#16602 = CARTESIAN_POINT('',(5.1,94.5,115.));
#16603 = DIRECTION('',(0.,-0.,1.));
#16604 = DIRECTION('',(-1.,0.,0.));
#16605 = ADVANCED_FACE('',(#16606),#16617,.T.);
#16606 = FACE_BOUND('',#16607,.T.);
#16607 = EDGE_LOOP('',(#16608,#16614,#16615,#16616));
#16608 = ORIENTED_EDGE('',*,*,#16609,.T.);
#16609 = EDGE_CURVE('',#15899,#15827,#16610,.T.);
#16610 = LINE('',#16611,#16612);
#16611 = CARTESIAN_POINT('',(185.6,94.5,127.));
#16612 = VECTOR('',#16613,1.);
#16613 = DIRECTION('',(0.,1.,0.));
#16614 = ORIENTED_EDGE('',*,*,#15834,.T.);
#16615 = ORIENTED_EDGE('',*,*,#16090,.F.);
#16616 = ORIENTED_EDGE('',*,*,#15906,.F.);
#16617 = PLANE('',#16618);
#16618 = AXIS2_PLACEMENT_3D('',#16619,#16620,#16621);
#16619 = CARTESIAN_POINT('',(185.6,94.5,127.));
#16620 = DIRECTION('',(0.,-0.,1.));
#16621 = DIRECTION('',(-1.,0.,0.));
#16622 = ADVANCED_FACE('',(#16623,#16634,#16668,#16702),#16736,.T.);
#16623 = FACE_BOUND('',#16624,.T.);
#16624 = EDGE_LOOP('',(#16625,#16631,#16632,#16633));
#16625 = ORIENTED_EDGE('',*,*,#16626,.T.);
#16626 = EDGE_CURVE('',#15891,#15819,#16627,.T.);
#16627 = LINE('',#16628,#16629);
#16628 = CARTESIAN_POINT('',(185.6,94.5,121.));
#16629 = VECTOR('',#16630,1.);
#16630 = DIRECTION('',(0.,1.,0.));
#16631 = ORIENTED_EDGE('',*,*,#15826,.T.);
#16632 = ORIENTED_EDGE('',*,*,#16609,.F.);
#16633 = ORIENTED_EDGE('',*,*,#15898,.F.);
#16634 = FACE_BOUND('',#16635,.T.);
#16635 = EDGE_LOOP('',(#16636,#16646,#16654,#16662));
#16636 = ORIENTED_EDGE('',*,*,#16637,.F.);
#16637 = EDGE_CURVE('',#16638,#16640,#16642,.T.);
#16638 = VERTEX_POINT('',#16639);
#16639 = CARTESIAN_POINT('',(185.6,95.5,122.1));
#16640 = VERTEX_POINT('',#16641);
#16641 = CARTESIAN_POINT('',(185.6,104.5,122.1));
#16642 = LINE('',#16643,#16644);
#16643 = CARTESIAN_POINT('',(185.6,95.5,122.1));
#16644 = VECTOR('',#16645,1.);
#16645 = DIRECTION('',(-0.,1.,0.));
#16646 = ORIENTED_EDGE('',*,*,#16647,.T.);
#16647 = EDGE_CURVE('',#16638,#16648,#16650,.T.);
#16648 = VERTEX_POINT('',#16649);
#16649 = CARTESIAN_POINT('',(185.6,95.5,122.9));
#16650 = LINE('',#16651,#16652);
#16651 = CARTESIAN_POINT('',(185.6,95.5,122.1));
#16652 = VECTOR('',#16653,1.);
#16653 = DIRECTION('',(0.,0.,1.));
#16654 = ORIENTED_EDGE('',*,*,#16655,.T.);
#16655 = EDGE_CURVE('',#16648,#16656,#16658,.T.);
#16656 = VERTEX_POINT('',#16657);
#16657 = CARTESIAN_POINT('',(185.6,104.5,122.9));
#16658 = LINE('',#16659,#16660);
#16659 = CARTESIAN_POINT('',(185.6,95.5,122.9));
#16660 = VECTOR('',#16661,1.);
#16661 = DIRECTION('',(-0.,1.,0.));
#16662 = ORIENTED_EDGE('',*,*,#16663,.F.);
#16663 = EDGE_CURVE('',#16640,#16656,#16664,.T.);
#16664 = LINE('',#16665,#16666);
#16665 = CARTESIAN_POINT('',(185.6,104.5,122.1));
#16666 = VECTOR('',#16667,1.);
#16667 = DIRECTION('',(0.,0.,1.));
#16668 = FACE_BOUND('',#16669,.T.);
#16669 = EDGE_LOOP('',(#16670,#16680,#16688,#16696));
#16670 = ORIENTED_EDGE('',*,*,#16671,.F.);
#16671 = EDGE_CURVE('',#16672,#16674,#16676,.T.);
#16672 = VERTEX_POINT('',#16673);
#16673 = CARTESIAN_POINT('',(185.6,95.5,123.6));
#16674 = VERTEX_POINT('',#16675);
#16675 = CARTESIAN_POINT('',(185.6,104.5,123.6));
#16676 = LINE('',#16677,#16678);
#16677 = CARTESIAN_POINT('',(185.6,95.5,123.6));
#16678 = VECTOR('',#16679,1.);
#16679 = DIRECTION('',(-0.,1.,0.));
#16680 = ORIENTED_EDGE('',*,*,#16681,.T.);
#16681 = EDGE_CURVE('',#16672,#16682,#16684,.T.);
#16682 = VERTEX_POINT('',#16683);
#16683 = CARTESIAN_POINT('',(185.6,95.5,124.4));
#16684 = LINE('',#16685,#16686);
#16685 = CARTESIAN_POINT('',(185.6,95.5,123.6));
#16686 = VECTOR('',#16687,1.);
#16687 = DIRECTION('',(0.,0.,1.));
#16688 = ORIENTED_EDGE('',*,*,#16689,.T.);
#16689 = EDGE_CURVE('',#16682,#16690,#16692,.T.);
#16690 = VERTEX_POINT('',#16691);
#16691 = CARTESIAN_POINT('',(185.6,104.5,124.4));
#16692 = LINE('',#16693,#16694);
#16693 = CARTESIAN_POINT('',(185.6,95.5,124.4));
#16694 = VECTOR('',#16695,1.);
#16695 = DIRECTION('',(-0.,1.,0.));
#16696 = ORIENTED_EDGE('',*,*,#16697,.F.);
#16697 = EDGE_CURVE('',#16674,#16690,#16698,.T.);
#16698 = LINE('',#16699,#16700);
#16699 = CARTESIAN_POINT('',(185.6,104.5,123.6));
#16700 = VECTOR('',#16701,1.);
#16701 = DIRECTION('',(0.,0.,1.));
#16702 = FACE_BOUND('',#16703,.T.);
#16703 = EDGE_LOOP('',(#16704,#16714,#16722,#16730));
#16704 = ORIENTED_EDGE('',*,*,#16705,.F.);
#16705 = EDGE_CURVE('',#16706,#16708,#16710,.T.);
#16706 = VERTEX_POINT('',#16707);
#16707 = CARTESIAN_POINT('',(185.6,95.5,125.1));
#16708 = VERTEX_POINT('',#16709);
#16709 = CARTESIAN_POINT('',(185.6,104.5,125.1));
#16710 = LINE('',#16711,#16712);
#16711 = CARTESIAN_POINT('',(185.6,95.5,125.1));
#16712 = VECTOR('',#16713,1.);
#16713 = DIRECTION('',(-0.,1.,0.));
#16714 = ORIENTED_EDGE('',*,*,#16715,.T.);
#16715 = EDGE_CURVE('',#16706,#16716,#16718,.T.);
#16716 = VERTEX_POINT('',#16717);
#16717 = CARTESIAN_POINT('',(185.6,95.5,125.9));
#16718 = LINE('',#16719,#16720);
#16719 = CARTESIAN_POINT('',(185.6,95.5,125.1));
#16720 = VECTOR('',#16721,1.);
#16721 = DIRECTION('',(0.,0.,1.));
#16722 = ORIENTED_EDGE('',*,*,#16723,.T.);
#16723 = EDGE_CURVE('',#16716,#16724,#16726,.T.);
#16724 = VERTEX_POINT('',#16725);
#16725 = CARTESIAN_POINT('',(185.6,104.5,125.9));
#16726 = LINE('',#16727,#16728);
#16727 = CARTESIAN_POINT('',(185.6,95.5,125.9));
#16728 = VECTOR('',#16729,1.);
#16729 = DIRECTION('',(-0.,1.,0.));
#16730 = ORIENTED_EDGE('',*,*,#16731,.F.);
#16731 = EDGE_CURVE('',#16708,#16724,#16732,.T.);
#16732 = LINE('',#16733,#16734);
#16733 = CARTESIAN_POINT('',(185.6,104.5,125.1));
#16734 = VECTOR('',#16735,1.);
#16735 = DIRECTION('',(0.,0.,1.));
#16736 = PLANE('',#16737);
#16737 = AXIS2_PLACEMENT_3D('',#16738,#16739,#16740);
#16738 = CARTESIAN_POINT('',(185.6,94.5,121.));
#16739 = DIRECTION('',(1.,0.,0.));
#16740 = DIRECTION('',(0.,0.,1.));
#16741 = ADVANCED_FACE('',(#16742),#16753,.T.);
#16742 = FACE_BOUND('',#16743,.T.);
#16743 = EDGE_LOOP('',(#16744,#16750,#16751,#16752));
#16744 = ORIENTED_EDGE('',*,*,#16745,.T.);
#16745 = EDGE_CURVE('',#15883,#15811,#16746,.T.);
#16746 = LINE('',#16747,#16748);
#16747 = CARTESIAN_POINT('',(182.7,94.5,115.));
#16748 = VECTOR('',#16749,1.);
#16749 = DIRECTION('',(0.,1.,0.));
#16750 = ORIENTED_EDGE('',*,*,#15818,.T.);
#16751 = ORIENTED_EDGE('',*,*,#16626,.F.);
#16752 = ORIENTED_EDGE('',*,*,#15890,.F.);
#16753 = PLANE('',#16754);
#16754 = AXIS2_PLACEMENT_3D('',#16755,#16756,#16757);
#16755 = CARTESIAN_POINT('',(182.7,94.5,115.));
#16756 = DIRECTION('',(0.900348952842,0.,-0.43516866054));
#16757 = DIRECTION('',(0.43516866054,0.,0.900348952842));
#16758 = ADVANCED_FACE('',(#16759),#16765,.T.);
#16759 = FACE_BOUND('',#16760,.T.);
#16760 = EDGE_LOOP('',(#16761,#16762,#16763,#16764));
#16761 = ORIENTED_EDGE('',*,*,#15858,.T.);
#16762 = ORIENTED_EDGE('',*,*,#15810,.T.);
#16763 = ORIENTED_EDGE('',*,*,#16745,.F.);
#16764 = ORIENTED_EDGE('',*,*,#15882,.F.);
#16765 = PLANE('',#16766);
#16766 = AXIS2_PLACEMENT_3D('',#16767,#16768,#16769);
#16767 = CARTESIAN_POINT('',(180.9,94.5,115.));
#16768 = DIRECTION('',(0.,0.,-1.));
#16769 = DIRECTION('',(1.,0.,0.));
#16770 = ADVANCED_FACE('',(#16771),#16796,.F.);
#16771 = FACE_BOUND('',#16772,.F.);
#16772 = EDGE_LOOP('',(#16773,#16783,#16789,#16790));
#16773 = ORIENTED_EDGE('',*,*,#16774,.F.);
#16774 = EDGE_CURVE('',#16775,#16777,#16779,.T.);
#16775 = VERTEX_POINT('',#16776);
#16776 = CARTESIAN_POINT('',(172.2,5.1,130.));
#16777 = VERTEX_POINT('',#16778);
#16778 = CARTESIAN_POINT('',(181.4,5.1,130.));
#16779 = LINE('',#16780,#16781);
#16780 = CARTESIAN_POINT('',(172.2,5.1,130.));
#16781 = VECTOR('',#16782,1.);
#16782 = DIRECTION('',(1.,0.,-0.));
#16783 = ORIENTED_EDGE('',*,*,#16784,.T.);
#16784 = EDGE_CURVE('',#16775,#15935,#16785,.T.);
#16785 = LINE('',#16786,#16787);
#16786 = CARTESIAN_POINT('',(172.2,5.1,130.));
#16787 = VECTOR('',#16788,1.);
#16788 = DIRECTION('',(0.,0.,1.));
#16789 = ORIENTED_EDGE('',*,*,#15934,.T.);
#16790 = ORIENTED_EDGE('',*,*,#16791,.F.);
#16791 = EDGE_CURVE('',#16777,#15937,#16792,.T.);
#16792 = LINE('',#16793,#16794);
#16793 = CARTESIAN_POINT('',(181.4,5.1,130.));
#16794 = VECTOR('',#16795,1.);
#16795 = DIRECTION('',(0.,0.,1.));
#16796 = PLANE('',#16797);
#16797 = AXIS2_PLACEMENT_3D('',#16798,#16799,#16800);
#16798 = CARTESIAN_POINT('',(172.2,5.1,130.));
#16799 = DIRECTION('',(-0.,1.,0.));
#16800 = DIRECTION('',(0.,0.,1.));
#16801 = ADVANCED_FACE('',(#16802),#16820,.T.);
#16802 = FACE_BOUND('',#16803,.T.);
#16803 = EDGE_LOOP('',(#16804,#16805,#16813,#16819));
#16804 = ORIENTED_EDGE('',*,*,#16791,.F.);
#16805 = ORIENTED_EDGE('',*,*,#16806,.T.);
#16806 = EDGE_CURVE('',#16777,#16807,#16809,.T.);
#16807 = VERTEX_POINT('',#16808);
#16808 = CARTESIAN_POINT('',(181.4,12.9,130.));
#16809 = LINE('',#16810,#16811);
#16810 = CARTESIAN_POINT('',(181.4,5.1,130.));
#16811 = VECTOR('',#16812,1.);
#16812 = DIRECTION('',(-0.,1.,0.));
#16813 = ORIENTED_EDGE('',*,*,#16814,.T.);
#16814 = EDGE_CURVE('',#16807,#15953,#16815,.T.);
#16815 = LINE('',#16816,#16817);
#16816 = CARTESIAN_POINT('',(181.4,12.9,130.));
#16817 = VECTOR('',#16818,1.);
#16818 = DIRECTION('',(0.,0.,1.));
#16819 = ORIENTED_EDGE('',*,*,#15960,.F.);
#16820 = PLANE('',#16821);
#16821 = AXIS2_PLACEMENT_3D('',#16822,#16823,#16824);
#16822 = CARTESIAN_POINT('',(181.4,5.1,130.));
#16823 = DIRECTION('',(1.,0.,-0.));
#16824 = DIRECTION('',(0.,0.,1.));
#16825 = ADVANCED_FACE('',(#16826),#16844,.T.);
#16826 = FACE_BOUND('',#16827,.T.);
#16827 = EDGE_LOOP('',(#16828,#16836,#16842,#16843));
#16828 = ORIENTED_EDGE('',*,*,#16829,.F.);
#16829 = EDGE_CURVE('',#16830,#16807,#16832,.T.);
#16830 = VERTEX_POINT('',#16831);
#16831 = CARTESIAN_POINT('',(172.2,12.9,130.));
#16832 = LINE('',#16833,#16834);
#16833 = CARTESIAN_POINT('',(172.2,12.9,130.));
#16834 = VECTOR('',#16835,1.);
#16835 = DIRECTION('',(1.,0.,-0.));
#16836 = ORIENTED_EDGE('',*,*,#16837,.T.);
#16837 = EDGE_CURVE('',#16830,#15945,#16838,.T.);
#16838 = LINE('',#16839,#16840);
#16839 = CARTESIAN_POINT('',(172.2,12.9,130.));
#16840 = VECTOR('',#16841,1.);
#16841 = DIRECTION('',(0.,0.,1.));
#16842 = ORIENTED_EDGE('',*,*,#15952,.T.);
#16843 = ORIENTED_EDGE('',*,*,#16814,.F.);
#16844 = PLANE('',#16845);
#16845 = AXIS2_PLACEMENT_3D('',#16846,#16847,#16848);
#16846 = CARTESIAN_POINT('',(172.2,12.9,130.));
#16847 = DIRECTION('',(-0.,1.,0.));
#16848 = DIRECTION('',(0.,0.,1.));
#16849 = ADVANCED_FACE('',(#16850),#16861,.F.);
#16850 = FACE_BOUND('',#16851,.F.);
#16851 = EDGE_LOOP('',(#16852,#16853,#16859,#16860));
#16852 = ORIENTED_EDGE('',*,*,#16784,.F.);
#16853 = ORIENTED_EDGE('',*,*,#16854,.T.);
#16854 = EDGE_CURVE('',#16775,#16830,#16855,.T.);
#16855 = LINE('',#16856,#16857);
#16856 = CARTESIAN_POINT('',(172.2,5.1,130.));
#16857 = VECTOR('',#16858,1.);
#16858 = DIRECTION('',(-0.,1.,0.));
#16859 = ORIENTED_EDGE('',*,*,#16837,.T.);
#16860 = ORIENTED_EDGE('',*,*,#15944,.F.);
#16861 = PLANE('',#16862);
#16862 = AXIS2_PLACEMENT_3D('',#16863,#16864,#16865);
#16863 = CARTESIAN_POINT('',(172.2,5.1,130.));
#16864 = DIRECTION('',(1.,0.,-0.));
#16865 = DIRECTION('',(0.,0.,1.));
#16866 = ADVANCED_FACE('',(#16867),#16892,.F.);
#16867 = FACE_BOUND('',#16868,.F.);
#16868 = EDGE_LOOP('',(#16869,#16879,#16885,#16886));
#16869 = ORIENTED_EDGE('',*,*,#16870,.F.);
#16870 = EDGE_CURVE('',#16871,#16873,#16875,.T.);
#16871 = VERTEX_POINT('',#16872);
#16872 = CARTESIAN_POINT('',(4.6,5.1,130.));
#16873 = VERTEX_POINT('',#16874);
#16874 = CARTESIAN_POINT('',(13.8,5.1,130.));
#16875 = LINE('',#16876,#16877);
#16876 = CARTESIAN_POINT('',(4.6,5.1,130.));
#16877 = VECTOR('',#16878,1.);
#16878 = DIRECTION('',(1.,0.,-0.));
#16879 = ORIENTED_EDGE('',*,*,#16880,.T.);
#16880 = EDGE_CURVE('',#16871,#15981,#16881,.T.);
#16881 = LINE('',#16882,#16883);
#16882 = CARTESIAN_POINT('',(4.6,5.1,130.));
#16883 = VECTOR('',#16884,1.);
#16884 = DIRECTION('',(0.,0.,1.));
#16885 = ORIENTED_EDGE('',*,*,#15980,.T.);
#16886 = ORIENTED_EDGE('',*,*,#16887,.F.);
#16887 = EDGE_CURVE('',#16873,#15983,#16888,.T.);
#16888 = LINE('',#16889,#16890);
#16889 = CARTESIAN_POINT('',(13.8,5.1,130.));
#16890 = VECTOR('',#16891,1.);
#16891 = DIRECTION('',(0.,0.,1.));
#16892 = PLANE('',#16893);
#16893 = AXIS2_PLACEMENT_3D('',#16894,#16895,#16896);
#16894 = CARTESIAN_POINT('',(4.6,5.1,130.));
#16895 = DIRECTION('',(-0.,1.,0.));
#16896 = DIRECTION('',(0.,0.,1.));
#16897 = ADVANCED_FACE('',(#16898),#16916,.T.);
#16898 = FACE_BOUND('',#16899,.T.);
#16899 = EDGE_LOOP('',(#16900,#16901,#16909,#16915));
#16900 = ORIENTED_EDGE('',*,*,#16887,.F.);
#16901 = ORIENTED_EDGE('',*,*,#16902,.T.);
#16902 = EDGE_CURVE('',#16873,#16903,#16905,.T.);
#16903 = VERTEX_POINT('',#16904);
#16904 = CARTESIAN_POINT('',(13.8,12.9,130.));
#16905 = LINE('',#16906,#16907);
#16906 = CARTESIAN_POINT('',(13.8,5.1,130.));
#16907 = VECTOR('',#16908,1.);
#16908 = DIRECTION('',(-0.,1.,0.));
#16909 = ORIENTED_EDGE('',*,*,#16910,.T.);
#16910 = EDGE_CURVE('',#16903,#15999,#16911,.T.);
#16911 = LINE('',#16912,#16913);
#16912 = CARTESIAN_POINT('',(13.8,12.9,130.));
#16913 = VECTOR('',#16914,1.);
#16914 = DIRECTION('',(0.,0.,1.));
#16915 = ORIENTED_EDGE('',*,*,#16006,.F.);
#16916 = PLANE('',#16917);
#16917 = AXIS2_PLACEMENT_3D('',#16918,#16919,#16920);
#16918 = CARTESIAN_POINT('',(13.8,5.1,130.));
#16919 = DIRECTION('',(1.,0.,-0.));
#16920 = DIRECTION('',(0.,0.,1.));
#16921 = ADVANCED_FACE('',(#16922),#16940,.T.);
#16922 = FACE_BOUND('',#16923,.T.);
#16923 = EDGE_LOOP('',(#16924,#16932,#16938,#16939));
#16924 = ORIENTED_EDGE('',*,*,#16925,.F.);
#16925 = EDGE_CURVE('',#16926,#16903,#16928,.T.);
#16926 = VERTEX_POINT('',#16927);
#16927 = CARTESIAN_POINT('',(4.6,12.9,130.));
#16928 = LINE('',#16929,#16930);
#16929 = CARTESIAN_POINT('',(4.6,12.9,130.));
#16930 = VECTOR('',#16931,1.);
#16931 = DIRECTION('',(1.,0.,-0.));
#16932 = ORIENTED_EDGE('',*,*,#16933,.T.);
#16933 = EDGE_CURVE('',#16926,#15991,#16934,.T.);
#16934 = LINE('',#16935,#16936);
#16935 = CARTESIAN_POINT('',(4.6,12.9,130.));
#16936 = VECTOR('',#16937,1.);
#16937 = DIRECTION('',(0.,0.,1.));
#16938 = ORIENTED_EDGE('',*,*,#15998,.T.);
#16939 = ORIENTED_EDGE('',*,*,#16910,.F.);
#16940 = PLANE('',#16941);
#16941 = AXIS2_PLACEMENT_3D('',#16942,#16943,#16944);
#16942 = CARTESIAN_POINT('',(4.6,12.9,130.));
#16943 = DIRECTION('',(-0.,1.,0.));
#16944 = DIRECTION('',(0.,0.,1.));
#16945 = ADVANCED_FACE('',(#16946),#16957,.F.);
#16946 = FACE_BOUND('',#16947,.F.);
#16947 = EDGE_LOOP('',(#16948,#16949,#16955,#16956));
#16948 = ORIENTED_EDGE('',*,*,#16880,.F.);
#16949 = ORIENTED_EDGE('',*,*,#16950,.T.);
#16950 = EDGE_CURVE('',#16871,#16926,#16951,.T.);
#16951 = LINE('',#16952,#16953);
#16952 = CARTESIAN_POINT('',(4.6,5.1,130.));
#16953 = VECTOR('',#16954,1.);
#16954 = DIRECTION('',(-0.,1.,0.));
#16955 = ORIENTED_EDGE('',*,*,#16933,.T.);
#16956 = ORIENTED_EDGE('',*,*,#15990,.F.);
#16957 = PLANE('',#16958);
#16958 = AXIS2_PLACEMENT_3D('',#16959,#16960,#16961);
#16959 = CARTESIAN_POINT('',(4.6,5.1,130.));
#16960 = DIRECTION('',(1.,0.,-0.));
#16961 = DIRECTION('',(0.,0.,1.));
#16962 = ADVANCED_FACE('',(#16963),#16988,.F.);
#16963 = FACE_BOUND('',#16964,.F.);
#16964 = EDGE_LOOP('',(#16965,#16975,#16981,#16982));
#16965 = ORIENTED_EDGE('',*,*,#16966,.F.);
#16966 = EDGE_CURVE('',#16967,#16969,#16971,.T.);
#16967 = VERTEX_POINT('',#16968);
#16968 = CARTESIAN_POINT('',(0.,95.5,122.1));
#16969 = VERTEX_POINT('',#16970);
#16970 = CARTESIAN_POINT('',(0.,104.5,122.1));
#16971 = LINE('',#16972,#16973);
#16972 = CARTESIAN_POINT('',(0.,95.5,122.1));
#16973 = VECTOR('',#16974,1.);
#16974 = DIRECTION('',(-0.,1.,0.));
#16975 = ORIENTED_EDGE('',*,*,#16976,.T.);
#16976 = EDGE_CURVE('',#16967,#16473,#16977,.T.);
#16977 = LINE('',#16978,#16979);
#16978 = CARTESIAN_POINT('',(0.,95.5,122.1));
#16979 = VECTOR('',#16980,1.);
#16980 = DIRECTION('',(1.,0.,-0.));
#16981 = ORIENTED_EDGE('',*,*,#16472,.T.);
#16982 = ORIENTED_EDGE('',*,*,#16983,.F.);
#16983 = EDGE_CURVE('',#16969,#16475,#16984,.T.);
#16984 = LINE('',#16985,#16986);
#16985 = CARTESIAN_POINT('',(0.,104.5,122.1));
#16986 = VECTOR('',#16987,1.);
#16987 = DIRECTION('',(1.,0.,-0.));
#16988 = PLANE('',#16989);
#16989 = AXIS2_PLACEMENT_3D('',#16990,#16991,#16992);
#16990 = CARTESIAN_POINT('',(0.,95.5,122.1));
#16991 = DIRECTION('',(0.,0.,1.));
#16992 = DIRECTION('',(1.,0.,-0.));
#16993 = ADVANCED_FACE('',(#16994),#17012,.F.);
#16994 = FACE_BOUND('',#16995,.F.);
#16995 = EDGE_LOOP('',(#16996,#16997,#17005,#17011));
#16996 = ORIENTED_EDGE('',*,*,#16976,.F.);
#16997 = ORIENTED_EDGE('',*,*,#16998,.T.);
#16998 = EDGE_CURVE('',#16967,#16999,#17001,.T.);
#16999 = VERTEX_POINT('',#17000);
#17000 = CARTESIAN_POINT('',(0.,95.5,122.9));
#17001 = LINE('',#17002,#17003);
#17002 = CARTESIAN_POINT('',(0.,95.5,122.1));
#17003 = VECTOR('',#17004,1.);
#17004 = DIRECTION('',(0.,0.,1.));
#17005 = ORIENTED_EDGE('',*,*,#17006,.T.);
#17006 = EDGE_CURVE('',#16999,#16483,#17007,.T.);
#17007 = LINE('',#17008,#17009);
#17008 = CARTESIAN_POINT('',(0.,95.5,122.9));
#17009 = VECTOR('',#17010,1.);
#17010 = DIRECTION('',(1.,0.,-0.));
#17011 = ORIENTED_EDGE('',*,*,#16482,.F.);
#17012 = PLANE('',#17013);
#17013 = AXIS2_PLACEMENT_3D('',#17014,#17015,#17016);
#17014 = CARTESIAN_POINT('',(0.,95.5,122.1));
#17015 = DIRECTION('',(-0.,1.,0.));
#17016 = DIRECTION('',(0.,0.,1.));
#17017 = ADVANCED_FACE('',(#17018),#17036,.T.);
#17018 = FACE_BOUND('',#17019,.T.);
#17019 = EDGE_LOOP('',(#17020,#17021,#17029,#17035));
#17020 = ORIENTED_EDGE('',*,*,#16983,.F.);
#17021 = ORIENTED_EDGE('',*,*,#17022,.T.);
#17022 = EDGE_CURVE('',#16969,#17023,#17025,.T.);
#17023 = VERTEX_POINT('',#17024);
#17024 = CARTESIAN_POINT('',(0.,104.5,122.9));
#17025 = LINE('',#17026,#17027);
#17026 = CARTESIAN_POINT('',(0.,104.5,122.1));
#17027 = VECTOR('',#17028,1.);
#17028 = DIRECTION('',(0.,0.,1.));
#17029 = ORIENTED_EDGE('',*,*,#17030,.T.);
#17030 = EDGE_CURVE('',#17023,#16491,#17031,.T.);
#17031 = LINE('',#17032,#17033);
#17032 = CARTESIAN_POINT('',(0.,104.5,122.9));
#17033 = VECTOR('',#17034,1.);
#17034 = DIRECTION('',(1.,0.,-0.));
#17035 = ORIENTED_EDGE('',*,*,#16498,.F.);
#17036 = PLANE('',#17037);
#17037 = AXIS2_PLACEMENT_3D('',#17038,#17039,#17040);
#17038 = CARTESIAN_POINT('',(0.,104.5,122.1));
#17039 = DIRECTION('',(-0.,1.,0.));
#17040 = DIRECTION('',(0.,0.,1.));
#17041 = ADVANCED_FACE('',(#17042),#17053,.T.);
#17042 = FACE_BOUND('',#17043,.T.);
#17043 = EDGE_LOOP('',(#17044,#17050,#17051,#17052));
#17044 = ORIENTED_EDGE('',*,*,#17045,.F.);
#17045 = EDGE_CURVE('',#16999,#17023,#17046,.T.);
#17046 = LINE('',#17047,#17048);
#17047 = CARTESIAN_POINT('',(0.,95.5,122.9));
#17048 = VECTOR('',#17049,1.);
#17049 = DIRECTION('',(-0.,1.,0.));
#17050 = ORIENTED_EDGE('',*,*,#17006,.T.);
#17051 = ORIENTED_EDGE('',*,*,#16490,.T.);
#17052 = ORIENTED_EDGE('',*,*,#17030,.F.);
#17053 = PLANE('',#17054);
#17054 = AXIS2_PLACEMENT_3D('',#17055,#17056,#17057);
#17055 = CARTESIAN_POINT('',(0.,95.5,122.9));
#17056 = DIRECTION('',(0.,0.,1.));
#17057 = DIRECTION('',(1.,0.,-0.));
#17058 = ADVANCED_FACE('',(#17059),#17084,.F.);
#17059 = FACE_BOUND('',#17060,.F.);
#17060 = EDGE_LOOP('',(#17061,#17071,#17077,#17078));
#17061 = ORIENTED_EDGE('',*,*,#17062,.F.);
#17062 = EDGE_CURVE('',#17063,#17065,#17067,.T.);
#17063 = VERTEX_POINT('',#17064);
#17064 = CARTESIAN_POINT('',(0.,95.5,123.6));
#17065 = VERTEX_POINT('',#17066);
#17066 = CARTESIAN_POINT('',(0.,104.5,123.6));
#17067 = LINE('',#17068,#17069);
#17068 = CARTESIAN_POINT('',(0.,95.5,123.6));
#17069 = VECTOR('',#17070,1.);
#17070 = DIRECTION('',(-0.,1.,0.));
#17071 = ORIENTED_EDGE('',*,*,#17072,.T.);
#17072 = EDGE_CURVE('',#17063,#16507,#17073,.T.);
#17073 = LINE('',#17074,#17075);
#17074 = CARTESIAN_POINT('',(0.,95.5,123.6));
#17075 = VECTOR('',#17076,1.);
#17076 = DIRECTION('',(1.,0.,-0.));
#17077 = ORIENTED_EDGE('',*,*,#16506,.T.);
#17078 = ORIENTED_EDGE('',*,*,#17079,.F.);
#17079 = EDGE_CURVE('',#17065,#16509,#17080,.T.);
#17080 = LINE('',#17081,#17082);
#17081 = CARTESIAN_POINT('',(0.,104.5,123.6));
#17082 = VECTOR('',#17083,1.);
#17083 = DIRECTION('',(1.,0.,-0.));
#17084 = PLANE('',#17085);
#17085 = AXIS2_PLACEMENT_3D('',#17086,#17087,#17088);
#17086 = CARTESIAN_POINT('',(0.,95.5,123.6));
#17087 = DIRECTION('',(0.,0.,1.));
#17088 = DIRECTION('',(1.,0.,-0.));
#17089 = ADVANCED_FACE('',(#17090),#17108,.F.);
#17090 = FACE_BOUND('',#17091,.F.);
#17091 = EDGE_LOOP('',(#17092,#17093,#17101,#17107));
#17092 = ORIENTED_EDGE('',*,*,#17072,.F.);
#17093 = ORIENTED_EDGE('',*,*,#17094,.T.);
#17094 = EDGE_CURVE('',#17063,#17095,#17097,.T.);
#17095 = VERTEX_POINT('',#17096);
#17096 = CARTESIAN_POINT('',(0.,95.5,124.4));
#17097 = LINE('',#17098,#17099);
#17098 = CARTESIAN_POINT('',(0.,95.5,123.6));
#17099 = VECTOR('',#17100,1.);
#17100 = DIRECTION('',(0.,0.,1.));
#17101 = ORIENTED_EDGE('',*,*,#17102,.T.);
#17102 = EDGE_CURVE('',#17095,#16517,#17103,.T.);
#17103 = LINE('',#17104,#17105);
#17104 = CARTESIAN_POINT('',(0.,95.5,124.4));
#17105 = VECTOR('',#17106,1.);
#17106 = DIRECTION('',(1.,0.,-0.));
#17107 = ORIENTED_EDGE('',*,*,#16516,.F.);
#17108 = PLANE('',#17109);
#17109 = AXIS2_PLACEMENT_3D('',#17110,#17111,#17112);
#17110 = CARTESIAN_POINT('',(0.,95.5,123.6));
#17111 = DIRECTION('',(-0.,1.,0.));
#17112 = DIRECTION('',(0.,0.,1.));
#17113 = ADVANCED_FACE('',(#17114),#17132,.T.);
#17114 = FACE_BOUND('',#17115,.T.);
#17115 = EDGE_LOOP('',(#17116,#17117,#17125,#17131));
#17116 = ORIENTED_EDGE('',*,*,#17079,.F.);
#17117 = ORIENTED_EDGE('',*,*,#17118,.T.);
#17118 = EDGE_CURVE('',#17065,#17119,#17121,.T.);
#17119 = VERTEX_POINT('',#17120);
#17120 = CARTESIAN_POINT('',(0.,104.5,124.4));
#17121 = LINE('',#17122,#17123);
#17122 = CARTESIAN_POINT('',(0.,104.5,123.6));
#17123 = VECTOR('',#17124,1.);
#17124 = DIRECTION('',(0.,0.,1.));
#17125 = ORIENTED_EDGE('',*,*,#17126,.T.);
#17126 = EDGE_CURVE('',#17119,#16525,#17127,.T.);
#17127 = LINE('',#17128,#17129);
#17128 = CARTESIAN_POINT('',(0.,104.5,124.4));
#17129 = VECTOR('',#17130,1.);
#17130 = DIRECTION('',(1.,0.,-0.));
#17131 = ORIENTED_EDGE('',*,*,#16532,.F.);
#17132 = PLANE('',#17133);
#17133 = AXIS2_PLACEMENT_3D('',#17134,#17135,#17136);
#17134 = CARTESIAN_POINT('',(0.,104.5,123.6));
#17135 = DIRECTION('',(-0.,1.,0.));
#17136 = DIRECTION('',(0.,0.,1.));
#17137 = ADVANCED_FACE('',(#17138),#17149,.T.);
#17138 = FACE_BOUND('',#17139,.T.);
#17139 = EDGE_LOOP('',(#17140,#17146,#17147,#17148));
#17140 = ORIENTED_EDGE('',*,*,#17141,.F.);
#17141 = EDGE_CURVE('',#17095,#17119,#17142,.T.);
#17142 = LINE('',#17143,#17144);
#17143 = CARTESIAN_POINT('',(0.,95.5,124.4));
#17144 = VECTOR('',#17145,1.);
#17145 = DIRECTION('',(-0.,1.,0.));
#17146 = ORIENTED_EDGE('',*,*,#17102,.T.);
#17147 = ORIENTED_EDGE('',*,*,#16524,.T.);
#17148 = ORIENTED_EDGE('',*,*,#17126,.F.);
#17149 = PLANE('',#17150);
#17150 = AXIS2_PLACEMENT_3D('',#17151,#17152,#17153);
#17151 = CARTESIAN_POINT('',(0.,95.5,124.4));
#17152 = DIRECTION('',(0.,0.,1.));
#17153 = DIRECTION('',(1.,0.,-0.));
#17154 = ADVANCED_FACE('',(#17155),#17180,.F.);
#17155 = FACE_BOUND('',#17156,.F.);
#17156 = EDGE_LOOP('',(#17157,#17167,#17173,#17174));
#17157 = ORIENTED_EDGE('',*,*,#17158,.F.);
#17158 = EDGE_CURVE('',#17159,#17161,#17163,.T.);
#17159 = VERTEX_POINT('',#17160);
#17160 = CARTESIAN_POINT('',(0.,95.5,125.1));
#17161 = VERTEX_POINT('',#17162);
#17162 = CARTESIAN_POINT('',(0.,104.5,125.1));
#17163 = LINE('',#17164,#17165);
#17164 = CARTESIAN_POINT('',(0.,95.5,125.1));
#17165 = VECTOR('',#17166,1.);
#17166 = DIRECTION('',(-0.,1.,0.));
#17167 = ORIENTED_EDGE('',*,*,#17168,.T.);
#17168 = EDGE_CURVE('',#17159,#16541,#17169,.T.);
#17169 = LINE('',#17170,#17171);
#17170 = CARTESIAN_POINT('',(0.,95.5,125.1));
#17171 = VECTOR('',#17172,1.);
#17172 = DIRECTION('',(1.,0.,-0.));
#17173 = ORIENTED_EDGE('',*,*,#16540,.T.);
#17174 = ORIENTED_EDGE('',*,*,#17175,.F.);
#17175 = EDGE_CURVE('',#17161,#16543,#17176,.T.);
#17176 = LINE('',#17177,#17178);
#17177 = CARTESIAN_POINT('',(0.,104.5,125.1));
#17178 = VECTOR('',#17179,1.);
#17179 = DIRECTION('',(1.,0.,-0.));
#17180 = PLANE('',#17181);
#17181 = AXIS2_PLACEMENT_3D('',#17182,#17183,#17184);
#17182 = CARTESIAN_POINT('',(0.,95.5,125.1));
#17183 = DIRECTION('',(0.,0.,1.));
#17184 = DIRECTION('',(1.,0.,-0.));
#17185 = ADVANCED_FACE('',(#17186),#17204,.T.);
#17186 = FACE_BOUND('',#17187,.T.);
#17187 = EDGE_LOOP('',(#17188,#17189,#17197,#17203));
#17188 = ORIENTED_EDGE('',*,*,#17175,.F.);
#17189 = ORIENTED_EDGE('',*,*,#17190,.T.);
#17190 = EDGE_CURVE('',#17161,#17191,#17193,.T.);
#17191 = VERTEX_POINT('',#17192);
#17192 = CARTESIAN_POINT('',(0.,104.5,125.9));
#17193 = LINE('',#17194,#17195);
#17194 = CARTESIAN_POINT('',(0.,104.5,125.1));
#17195 = VECTOR('',#17196,1.);
#17196 = DIRECTION('',(0.,0.,1.));
#17197 = ORIENTED_EDGE('',*,*,#17198,.T.);
#17198 = EDGE_CURVE('',#17191,#16559,#17199,.T.);
#17199 = LINE('',#17200,#17201);
#17200 = CARTESIAN_POINT('',(0.,104.5,125.9));
#17201 = VECTOR('',#17202,1.);
#17202 = DIRECTION('',(1.,0.,-0.));
#17203 = ORIENTED_EDGE('',*,*,#16566,.F.);
#17204 = PLANE('',#17205);
#17205 = AXIS2_PLACEMENT_3D('',#17206,#17207,#17208);
#17206 = CARTESIAN_POINT('',(0.,104.5,125.1));
#17207 = DIRECTION('',(-0.,1.,0.));
#17208 = DIRECTION('',(0.,0.,1.));
#17209 = ADVANCED_FACE('',(#17210),#17228,.T.);
#17210 = FACE_BOUND('',#17211,.T.);
#17211 = EDGE_LOOP('',(#17212,#17220,#17226,#17227));
#17212 = ORIENTED_EDGE('',*,*,#17213,.F.);
#17213 = EDGE_CURVE('',#17214,#17191,#17216,.T.);
#17214 = VERTEX_POINT('',#17215);
#17215 = CARTESIAN_POINT('',(0.,95.5,125.9));
#17216 = LINE('',#17217,#17218);
#17217 = CARTESIAN_POINT('',(0.,95.5,125.9));
#17218 = VECTOR('',#17219,1.);
#17219 = DIRECTION('',(-0.,1.,0.));
#17220 = ORIENTED_EDGE('',*,*,#17221,.T.);
#17221 = EDGE_CURVE('',#17214,#16551,#17222,.T.);
#17222 = LINE('',#17223,#17224);
#17223 = CARTESIAN_POINT('',(0.,95.5,125.9));
#17224 = VECTOR('',#17225,1.);
#17225 = DIRECTION('',(1.,0.,-0.));
#17226 = ORIENTED_EDGE('',*,*,#16558,.T.);
#17227 = ORIENTED_EDGE('',*,*,#17198,.F.);
#17228 = PLANE('',#17229);
#17229 = AXIS2_PLACEMENT_3D('',#17230,#17231,#17232);
#17230 = CARTESIAN_POINT('',(0.,95.5,125.9));
#17231 = DIRECTION('',(0.,0.,1.));
#17232 = DIRECTION('',(1.,0.,-0.));
#17233 = ADVANCED_FACE('',(#17234),#17245,.F.);
#17234 = FACE_BOUND('',#17235,.F.);
#17235 = EDGE_LOOP('',(#17236,#17237,#17243,#17244));
#17236 = ORIENTED_EDGE('',*,*,#17168,.F.);
#17237 = ORIENTED_EDGE('',*,*,#17238,.T.);
#17238 = EDGE_CURVE('',#17159,#17214,#17239,.T.);
#17239 = LINE('',#17240,#17241);
#17240 = CARTESIAN_POINT('',(0.,95.5,125.1));
#17241 = VECTOR('',#17242,1.);
#17242 = DIRECTION('',(0.,0.,1.));
#17243 = ORIENTED_EDGE('',*,*,#17221,.T.);
#17244 = ORIENTED_EDGE('',*,*,#16550,.F.);
#17245 = PLANE('',#17246);
#17246 = AXIS2_PLACEMENT_3D('',#17247,#17248,#17249);
#17247 = CARTESIAN_POINT('',(0.,95.5,125.1));
#17248 = DIRECTION('',(-0.,1.,0.));
#17249 = DIRECTION('',(0.,0.,1.));
#17250 = ADVANCED_FACE('',(#17251),#17276,.F.);
#17251 = FACE_BOUND('',#17252,.F.);
#17252 = EDGE_LOOP('',(#17253,#17254,#17262,#17270));
#17253 = ORIENTED_EDGE('',*,*,#16637,.F.);
#17254 = ORIENTED_EDGE('',*,*,#17255,.T.);
#17255 = EDGE_CURVE('',#16638,#17256,#17258,.T.);
#17256 = VERTEX_POINT('',#17257);
#17257 = CARTESIAN_POINT('',(186.,95.5,122.1));
#17258 = LINE('',#17259,#17260);
#17259 = CARTESIAN_POINT('',(185.6,95.5,122.1));
#17260 = VECTOR('',#17261,1.);
#17261 = DIRECTION('',(1.,0.,-0.));
#17262 = ORIENTED_EDGE('',*,*,#17263,.T.);
#17263 = EDGE_CURVE('',#17256,#17264,#17266,.T.);
#17264 = VERTEX_POINT('',#17265);
#17265 = CARTESIAN_POINT('',(186.,104.5,122.1));
#17266 = LINE('',#17267,#17268);
#17267 = CARTESIAN_POINT('',(186.,95.5,122.1));
#17268 = VECTOR('',#17269,1.);
#17269 = DIRECTION('',(-0.,1.,0.));
#17270 = ORIENTED_EDGE('',*,*,#17271,.F.);
#17271 = EDGE_CURVE('',#16640,#17264,#17272,.T.);
#17272 = LINE('',#17273,#17274);
#17273 = CARTESIAN_POINT('',(185.6,104.5,122.1));
#17274 = VECTOR('',#17275,1.);
#17275 = DIRECTION('',(1.,0.,-0.));
#17276 = PLANE('',#17277);
#17277 = AXIS2_PLACEMENT_3D('',#17278,#17279,#17280);
#17278 = CARTESIAN_POINT('',(185.6,95.5,122.1));
#17279 = DIRECTION('',(0.,0.,1.));
#17280 = DIRECTION('',(1.,0.,-0.));
#17281 = ADVANCED_FACE('',(#17282),#17300,.F.);
#17282 = FACE_BOUND('',#17283,.F.);
#17283 = EDGE_LOOP('',(#17284,#17285,#17286,#17294));
#17284 = ORIENTED_EDGE('',*,*,#17255,.F.);
#17285 = ORIENTED_EDGE('',*,*,#16647,.T.);
#17286 = ORIENTED_EDGE('',*,*,#17287,.T.);
#17287 = EDGE_CURVE('',#16648,#17288,#17290,.T.);
#17288 = VERTEX_POINT('',#17289);
#17289 = CARTESIAN_POINT('',(186.,95.5,122.9));
#17290 = LINE('',#17291,#17292);
#17291 = CARTESIAN_POINT('',(185.6,95.5,122.9));
#17292 = VECTOR('',#17293,1.);
#17293 = DIRECTION('',(1.,0.,-0.));
#17294 = ORIENTED_EDGE('',*,*,#17295,.F.);
#17295 = EDGE_CURVE('',#17256,#17288,#17296,.T.);
#17296 = LINE('',#17297,#17298);
#17297 = CARTESIAN_POINT('',(186.,95.5,122.1));
#17298 = VECTOR('',#17299,1.);
#17299 = DIRECTION('',(0.,0.,1.));
#17300 = PLANE('',#17301);
#17301 = AXIS2_PLACEMENT_3D('',#17302,#17303,#17304);
#17302 = CARTESIAN_POINT('',(185.6,95.5,122.1));
#17303 = DIRECTION('',(-0.,1.,0.));
#17304 = DIRECTION('',(0.,0.,1.));
#17305 = ADVANCED_FACE('',(#17306),#17324,.T.);
#17306 = FACE_BOUND('',#17307,.T.);
#17307 = EDGE_LOOP('',(#17308,#17309,#17310,#17318));
#17308 = ORIENTED_EDGE('',*,*,#17271,.F.);
#17309 = ORIENTED_EDGE('',*,*,#16663,.T.);
#17310 = ORIENTED_EDGE('',*,*,#17311,.T.);
#17311 = EDGE_CURVE('',#16656,#17312,#17314,.T.);
#17312 = VERTEX_POINT('',#17313);
#17313 = CARTESIAN_POINT('',(186.,104.5,122.9));
#17314 = LINE('',#17315,#17316);
#17315 = CARTESIAN_POINT('',(185.6,104.5,122.9));
#17316 = VECTOR('',#17317,1.);
#17317 = DIRECTION('',(1.,0.,-0.));
#17318 = ORIENTED_EDGE('',*,*,#17319,.F.);
#17319 = EDGE_CURVE('',#17264,#17312,#17320,.T.);
#17320 = LINE('',#17321,#17322);
#17321 = CARTESIAN_POINT('',(186.,104.5,122.1));
#17322 = VECTOR('',#17323,1.);
#17323 = DIRECTION('',(0.,0.,1.));
#17324 = PLANE('',#17325);
#17325 = AXIS2_PLACEMENT_3D('',#17326,#17327,#17328);
#17326 = CARTESIAN_POINT('',(185.6,104.5,122.1));
#17327 = DIRECTION('',(-0.,1.,0.));
#17328 = DIRECTION('',(0.,0.,1.));
#17329 = ADVANCED_FACE('',(#17330),#17341,.T.);
#17330 = FACE_BOUND('',#17331,.T.);
#17331 = EDGE_LOOP('',(#17332,#17333,#17334,#17340));
#17332 = ORIENTED_EDGE('',*,*,#16655,.F.);
#17333 = ORIENTED_EDGE('',*,*,#17287,.T.);
#17334 = ORIENTED_EDGE('',*,*,#17335,.T.);
#17335 = EDGE_CURVE('',#17288,#17312,#17336,.T.);
#17336 = LINE('',#17337,#17338);
#17337 = CARTESIAN_POINT('',(186.,95.5,122.9));
#17338 = VECTOR('',#17339,1.);
#17339 = DIRECTION('',(-0.,1.,0.));
#17340 = ORIENTED_EDGE('',*,*,#17311,.F.);
#17341 = PLANE('',#17342);
#17342 = AXIS2_PLACEMENT_3D('',#17343,#17344,#17345);
#17343 = CARTESIAN_POINT('',(185.6,95.5,122.9));
#17344 = DIRECTION('',(0.,0.,1.));
#17345 = DIRECTION('',(1.,0.,-0.));
#17346 = ADVANCED_FACE('',(#17347),#17372,.F.);
#17347 = FACE_BOUND('',#17348,.F.);
#17348 = EDGE_LOOP('',(#17349,#17350,#17358,#17366));
#17349 = ORIENTED_EDGE('',*,*,#16671,.F.);
#17350 = ORIENTED_EDGE('',*,*,#17351,.T.);
#17351 = EDGE_CURVE('',#16672,#17352,#17354,.T.);
#17352 = VERTEX_POINT('',#17353);
#17353 = CARTESIAN_POINT('',(186.,95.5,123.6));
#17354 = LINE('',#17355,#17356);
#17355 = CARTESIAN_POINT('',(185.6,95.5,123.6));
#17356 = VECTOR('',#17357,1.);
#17357 = DIRECTION('',(1.,0.,-0.));
#17358 = ORIENTED_EDGE('',*,*,#17359,.T.);
#17359 = EDGE_CURVE('',#17352,#17360,#17362,.T.);
#17360 = VERTEX_POINT('',#17361);
#17361 = CARTESIAN_POINT('',(186.,104.5,123.6));
#17362 = LINE('',#17363,#17364);
#17363 = CARTESIAN_POINT('',(186.,95.5,123.6));
#17364 = VECTOR('',#17365,1.);
#17365 = DIRECTION('',(-0.,1.,0.));
#17366 = ORIENTED_EDGE('',*,*,#17367,.F.);
#17367 = EDGE_CURVE('',#16674,#17360,#17368,.T.);
#17368 = LINE('',#17369,#17370);
#17369 = CARTESIAN_POINT('',(185.6,104.5,123.6));
#17370 = VECTOR('',#17371,1.);
#17371 = DIRECTION('',(1.,0.,-0.));
#17372 = PLANE('',#17373);
#17373 = AXIS2_PLACEMENT_3D('',#17374,#17375,#17376);
#17374 = CARTESIAN_POINT('',(185.6,95.5,123.6));
#17375 = DIRECTION('',(0.,0.,1.));
#17376 = DIRECTION('',(1.,0.,-0.));
#17377 = ADVANCED_FACE('',(#17378),#17396,.F.);
#17378 = FACE_BOUND('',#17379,.F.);
#17379 = EDGE_LOOP('',(#17380,#17381,#17382,#17390));
#17380 = ORIENTED_EDGE('',*,*,#17351,.F.);
#17381 = ORIENTED_EDGE('',*,*,#16681,.T.);
#17382 = ORIENTED_EDGE('',*,*,#17383,.T.);
#17383 = EDGE_CURVE('',#16682,#17384,#17386,.T.);
#17384 = VERTEX_POINT('',#17385);
#17385 = CARTESIAN_POINT('',(186.,95.5,124.4));
#17386 = LINE('',#17387,#17388);
#17387 = CARTESIAN_POINT('',(185.6,95.5,124.4));
#17388 = VECTOR('',#17389,1.);
#17389 = DIRECTION('',(1.,0.,-0.));
#17390 = ORIENTED_EDGE('',*,*,#17391,.F.);
#17391 = EDGE_CURVE('',#17352,#17384,#17392,.T.);
#17392 = LINE('',#17393,#17394);
#17393 = CARTESIAN_POINT('',(186.,95.5,123.6));
#17394 = VECTOR('',#17395,1.);
#17395 = DIRECTION('',(0.,0.,1.));
#17396 = PLANE('',#17397);
#17397 = AXIS2_PLACEMENT_3D('',#17398,#17399,#17400);
#17398 = CARTESIAN_POINT('',(185.6,95.5,123.6));
#17399 = DIRECTION('',(-0.,1.,0.));
#17400 = DIRECTION('',(0.,0.,1.));
#17401 = ADVANCED_FACE('',(#17402),#17420,.T.);
#17402 = FACE_BOUND('',#17403,.T.);
#17403 = EDGE_LOOP('',(#17404,#17405,#17406,#17414));
#17404 = ORIENTED_EDGE('',*,*,#17367,.F.);
#17405 = ORIENTED_EDGE('',*,*,#16697,.T.);
#17406 = ORIENTED_EDGE('',*,*,#17407,.T.);
#17407 = EDGE_CURVE('',#16690,#17408,#17410,.T.);
#17408 = VERTEX_POINT('',#17409);
#17409 = CARTESIAN_POINT('',(186.,104.5,124.4));
#17410 = LINE('',#17411,#17412);
#17411 = CARTESIAN_POINT('',(185.6,104.5,124.4));
#17412 = VECTOR('',#17413,1.);
#17413 = DIRECTION('',(1.,0.,-0.));
#17414 = ORIENTED_EDGE('',*,*,#17415,.F.);
#17415 = EDGE_CURVE('',#17360,#17408,#17416,.T.);
#17416 = LINE('',#17417,#17418);
#17417 = CARTESIAN_POINT('',(186.,104.5,123.6));
#17418 = VECTOR('',#17419,1.);
#17419 = DIRECTION('',(0.,0.,1.));
#17420 = PLANE('',#17421);
#17421 = AXIS2_PLACEMENT_3D('',#17422,#17423,#17424);
#17422 = CARTESIAN_POINT('',(185.6,104.5,123.6));
#17423 = DIRECTION('',(-0.,1.,0.));
#17424 = DIRECTION('',(0.,0.,1.));
#17425 = ADVANCED_FACE('',(#17426),#17437,.T.);
#17426 = FACE_BOUND('',#17427,.T.);
#17427 = EDGE_LOOP('',(#17428,#17429,#17430,#17436));
#17428 = ORIENTED_EDGE('',*,*,#16689,.F.);
#17429 = ORIENTED_EDGE('',*,*,#17383,.T.);
#17430 = ORIENTED_EDGE('',*,*,#17431,.T.);
#17431 = EDGE_CURVE('',#17384,#17408,#17432,.T.);
#17432 = LINE('',#17433,#17434);
#17433 = CARTESIAN_POINT('',(186.,95.5,124.4));
#17434 = VECTOR('',#17435,1.);
#17435 = DIRECTION('',(-0.,1.,0.));
#17436 = ORIENTED_EDGE('',*,*,#17407,.F.);
#17437 = PLANE('',#17438);
#17438 = AXIS2_PLACEMENT_3D('',#17439,#17440,#17441);
#17439 = CARTESIAN_POINT('',(185.6,95.5,124.4));
#17440 = DIRECTION('',(0.,0.,1.));
#17441 = DIRECTION('',(1.,0.,-0.));
#17442 = ADVANCED_FACE('',(#17443),#17468,.F.);
#17443 = FACE_BOUND('',#17444,.F.);
#17444 = EDGE_LOOP('',(#17445,#17446,#17454,#17462));
#17445 = ORIENTED_EDGE('',*,*,#16705,.F.);
#17446 = ORIENTED_EDGE('',*,*,#17447,.T.);
#17447 = EDGE_CURVE('',#16706,#17448,#17450,.T.);
#17448 = VERTEX_POINT('',#17449);
#17449 = CARTESIAN_POINT('',(186.,95.5,125.1));
#17450 = LINE('',#17451,#17452);
#17451 = CARTESIAN_POINT('',(185.6,95.5,125.1));
#17452 = VECTOR('',#17453,1.);
#17453 = DIRECTION('',(1.,0.,-0.));
#17454 = ORIENTED_EDGE('',*,*,#17455,.T.);
#17455 = EDGE_CURVE('',#17448,#17456,#17458,.T.);
#17456 = VERTEX_POINT('',#17457);
#17457 = CARTESIAN_POINT('',(186.,104.5,125.1));
#17458 = LINE('',#17459,#17460);
#17459 = CARTESIAN_POINT('',(186.,95.5,125.1));
#17460 = VECTOR('',#17461,1.);
#17461 = DIRECTION('',(-0.,1.,0.));
#17462 = ORIENTED_EDGE('',*,*,#17463,.F.);
#17463 = EDGE_CURVE('',#16708,#17456,#17464,.T.);
#17464 = LINE('',#17465,#17466);
#17465 = CARTESIAN_POINT('',(185.6,104.5,125.1));
#17466 = VECTOR('',#17467,1.);
#17467 = DIRECTION('',(1.,0.,-0.));
#17468 = PLANE('',#17469);
#17469 = AXIS2_PLACEMENT_3D('',#17470,#17471,#17472);
#17470 = CARTESIAN_POINT('',(185.6,95.5,125.1));
#17471 = DIRECTION('',(0.,0.,1.));
#17472 = DIRECTION('',(1.,0.,-0.));
#17473 = ADVANCED_FACE('',(#17474),#17492,.T.);
#17474 = FACE_BOUND('',#17475,.T.);
#17475 = EDGE_LOOP('',(#17476,#17477,#17478,#17486));
#17476 = ORIENTED_EDGE('',*,*,#17463,.F.);
#17477 = ORIENTED_EDGE('',*,*,#16731,.T.);
#17478 = ORIENTED_EDGE('',*,*,#17479,.T.);
#17479 = EDGE_CURVE('',#16724,#17480,#17482,.T.);
#17480 = VERTEX_POINT('',#17481);
#17481 = CARTESIAN_POINT('',(186.,104.5,125.9));
#17482 = LINE('',#17483,#17484);
#17483 = CARTESIAN_POINT('',(185.6,104.5,125.9));
#17484 = VECTOR('',#17485,1.);
#17485 = DIRECTION('',(1.,0.,-0.));
#17486 = ORIENTED_EDGE('',*,*,#17487,.F.);
#17487 = EDGE_CURVE('',#17456,#17480,#17488,.T.);
#17488 = LINE('',#17489,#17490);
#17489 = CARTESIAN_POINT('',(186.,104.5,125.1));
#17490 = VECTOR('',#17491,1.);
#17491 = DIRECTION('',(0.,0.,1.));
#17492 = PLANE('',#17493);
#17493 = AXIS2_PLACEMENT_3D('',#17494,#17495,#17496);
#17494 = CARTESIAN_POINT('',(185.6,104.5,125.1));
#17495 = DIRECTION('',(-0.,1.,0.));
#17496 = DIRECTION('',(0.,0.,1.));
#17497 = ADVANCED_FACE('',(#17498),#17516,.T.);
#17498 = FACE_BOUND('',#17499,.T.);
#17499 = EDGE_LOOP('',(#17500,#17501,#17509,#17515));
#17500 = ORIENTED_EDGE('',*,*,#16723,.F.);
#17501 = ORIENTED_EDGE('',*,*,#17502,.T.);
#17502 = EDGE_CURVE('',#16716,#17503,#17505,.T.);
#17503 = VERTEX_POINT('',#17504);
#17504 = CARTESIAN_POINT('',(186.,95.5,125.9));
#17505 = LINE('',#17506,#17507);
#17506 = CARTESIAN_POINT('',(185.6,95.5,125.9));
#17507 = VECTOR('',#17508,1.);
#17508 = DIRECTION('',(1.,0.,-0.));
#17509 = ORIENTED_EDGE('',*,*,#17510,.T.);
#17510 = EDGE_CURVE('',#17503,#17480,#17511,.T.);
#17511 = LINE('',#17512,#17513);
#17512 = CARTESIAN_POINT('',(186.,95.5,125.9));
#17513 = VECTOR('',#17514,1.);
#17514 = DIRECTION('',(-0.,1.,0.));
#17515 = ORIENTED_EDGE('',*,*,#17479,.F.);
#17516 = PLANE('',#17517);
#17517 = AXIS2_PLACEMENT_3D('',#17518,#17519,#17520);
#17518 = CARTESIAN_POINT('',(185.6,95.5,125.9));
#17519 = DIRECTION('',(0.,0.,1.));
#17520 = DIRECTION('',(1.,0.,-0.));
#17521 = ADVANCED_FACE('',(#17522),#17533,.F.);
#17522 = FACE_BOUND('',#17523,.F.);
#17523 = EDGE_LOOP('',(#17524,#17525,#17526,#17527));
#17524 = ORIENTED_EDGE('',*,*,#17447,.F.);
#17525 = ORIENTED_EDGE('',*,*,#16715,.T.);
#17526 = ORIENTED_EDGE('',*,*,#17502,.T.);
#17527 = ORIENTED_EDGE('',*,*,#17528,.F.);
#17528 = EDGE_CURVE('',#17448,#17503,#17529,.T.);
#17529 = LINE('',#17530,#17531);
#17530 = CARTESIAN_POINT('',(186.,95.5,125.1));
#17531 = VECTOR('',#17532,1.);
#17532 = DIRECTION('',(0.,0.,1.));
#17533 = PLANE('',#17534);
#17534 = AXIS2_PLACEMENT_3D('',#17535,#17536,#17537);
#17535 = CARTESIAN_POINT('',(185.6,95.5,125.1));
#17536 = DIRECTION('',(-0.,1.,0.));
#17537 = DIRECTION('',(0.,0.,1.));
#17538 = ADVANCED_FACE('',(#17539),#17545,.F.);
#17539 = FACE_BOUND('',#17540,.F.);
#17540 = EDGE_LOOP('',(#17541,#17542,#17543,#17544));
#17541 = ORIENTED_EDGE('',*,*,#16854,.F.);
#17542 = ORIENTED_EDGE('',*,*,#16774,.T.);
#17543 = ORIENTED_EDGE('',*,*,#16806,.T.);
#17544 = ORIENTED_EDGE('',*,*,#16829,.F.);
#17545 = PLANE('',#17546);
#17546 = AXIS2_PLACEMENT_3D('',#17547,#17548,#17549);
#17547 = CARTESIAN_POINT('',(172.2,5.1,130.));
#17548 = DIRECTION('',(0.,0.,1.));
#17549 = DIRECTION('',(1.,0.,-0.));
#17550 = ADVANCED_FACE('',(#17551),#17557,.F.);
#17551 = FACE_BOUND('',#17552,.F.);
#17552 = EDGE_LOOP('',(#17553,#17554,#17555,#17556));
#17553 = ORIENTED_EDGE('',*,*,#16950,.F.);
#17554 = ORIENTED_EDGE('',*,*,#16870,.T.);
#17555 = ORIENTED_EDGE('',*,*,#16902,.T.);
#17556 = ORIENTED_EDGE('',*,*,#16925,.F.);
#17557 = PLANE('',#17558);
#17558 = AXIS2_PLACEMENT_3D('',#17559,#17560,#17561);
#17559 = CARTESIAN_POINT('',(4.6,5.1,130.));
#17560 = DIRECTION('',(0.,0.,1.));
#17561 = DIRECTION('',(1.,0.,-0.));
#17562 = ADVANCED_FACE('',(#17563),#17569,.F.);
#17563 = FACE_BOUND('',#17564,.F.);
#17564 = EDGE_LOOP('',(#17565,#17566,#17567,#17568));
#17565 = ORIENTED_EDGE('',*,*,#16998,.F.);
#17566 = ORIENTED_EDGE('',*,*,#16966,.T.);
#17567 = ORIENTED_EDGE('',*,*,#17022,.T.);
#17568 = ORIENTED_EDGE('',*,*,#17045,.F.);
#17569 = PLANE('',#17570);
#17570 = AXIS2_PLACEMENT_3D('',#17571,#17572,#17573);
#17571 = CARTESIAN_POINT('',(0.,95.5,122.1));
#17572 = DIRECTION('',(1.,0.,-0.));
#17573 = DIRECTION('',(0.,0.,1.));
#17574 = ADVANCED_FACE('',(#17575),#17581,.F.);
#17575 = FACE_BOUND('',#17576,.F.);
#17576 = EDGE_LOOP('',(#17577,#17578,#17579,#17580));
#17577 = ORIENTED_EDGE('',*,*,#17094,.F.);
#17578 = ORIENTED_EDGE('',*,*,#17062,.T.);
#17579 = ORIENTED_EDGE('',*,*,#17118,.T.);
#17580 = ORIENTED_EDGE('',*,*,#17141,.F.);
#17581 = PLANE('',#17582);
#17582 = AXIS2_PLACEMENT_3D('',#17583,#17584,#17585);
#17583 = CARTESIAN_POINT('',(0.,95.5,123.6));
#17584 = DIRECTION('',(1.,0.,-0.));
#17585 = DIRECTION('',(0.,0.,1.));
#17586 = ADVANCED_FACE('',(#17587),#17593,.F.);
#17587 = FACE_BOUND('',#17588,.F.);
#17588 = EDGE_LOOP('',(#17589,#17590,#17591,#17592));
#17589 = ORIENTED_EDGE('',*,*,#17238,.F.);
#17590 = ORIENTED_EDGE('',*,*,#17158,.T.);
#17591 = ORIENTED_EDGE('',*,*,#17190,.T.);
#17592 = ORIENTED_EDGE('',*,*,#17213,.F.);
#17593 = PLANE('',#17594);
#17594 = AXIS2_PLACEMENT_3D('',#17595,#17596,#17597);
#17595 = CARTESIAN_POINT('',(0.,95.5,125.1));
#17596 = DIRECTION('',(1.,0.,-0.));
#17597 = DIRECTION('',(0.,0.,1.));
#17598 = ADVANCED_FACE('',(#17599),#17605,.T.);
#17599 = FACE_BOUND('',#17600,.T.);
#17600 = EDGE_LOOP('',(#17601,#17602,#17603,#17604));
#17601 = ORIENTED_EDGE('',*,*,#17295,.F.);
#17602 = ORIENTED_EDGE('',*,*,#17263,.T.);
#17603 = ORIENTED_EDGE('',*,*,#17319,.T.);
#17604 = ORIENTED_EDGE('',*,*,#17335,.F.);
#17605 = PLANE('',#17606);
#17606 = AXIS2_PLACEMENT_3D('',#17607,#17608,#17609);
#17607 = CARTESIAN_POINT('',(186.,95.5,122.1));
#17608 = DIRECTION('',(1.,0.,-0.));
#17609 = DIRECTION('',(0.,0.,1.));
#17610 = ADVANCED_FACE('',(#17611),#17617,.T.);
#17611 = FACE_BOUND('',#17612,.T.);
#17612 = EDGE_LOOP('',(#17613,#17614,#17615,#17616));
#17613 = ORIENTED_EDGE('',*,*,#17391,.F.);
#17614 = ORIENTED_EDGE('',*,*,#17359,.T.);
#17615 = ORIENTED_EDGE('',*,*,#17415,.T.);
#17616 = ORIENTED_EDGE('',*,*,#17431,.F.);
#17617 = PLANE('',#17618);
#17618 = AXIS2_PLACEMENT_3D('',#17619,#17620,#17621);
#17619 = CARTESIAN_POINT('',(186.,95.5,123.6));
#17620 = DIRECTION('',(1.,0.,-0.));
#17621 = DIRECTION('',(0.,0.,1.));
#17622 = ADVANCED_FACE('',(#17623),#17629,.T.);
#17623 = FACE_BOUND('',#17624,.T.);
#17624 = EDGE_LOOP('',(#17625,#17626,#17627,#17628));
#17625 = ORIENTED_EDGE('',*,*,#17528,.F.);
#17626 = ORIENTED_EDGE('',*,*,#17455,.T.);
#17627 = ORIENTED_EDGE('',*,*,#17487,.T.);
#17628 = ORIENTED_EDGE('',*,*,#17510,.F.);
#17629 = PLANE('',#17630);
#17630 = AXIS2_PLACEMENT_3D('',#17631,#17632,#17633);
#17631 = CARTESIAN_POINT('',(186.,95.5,125.1));
#17632 = DIRECTION('',(1.,0.,-0.));
#17633 = DIRECTION('',(0.,0.,1.));
#17634 = ( GEOMETRIC_REPRESENTATION_CONTEXT(3) 
GLOBAL_UNCERTAINTY_ASSIGNED_CONTEXT((#17638)) 
GLOBAL_UNIT_ASSIGNED_CONTEXT((#17635,#17636,#17637)) 
REPRESENTATION_CONTEXT('Context #1',
  '3D Context with UNIT and UNCERTAINTY') );
#17635 = ( LENGTH_UNIT() NAMED_UNIT(*) SI_UNIT(.MILLI.,.METRE.) );
#17636 = ( NAMED_UNIT(*) PLANE_ANGLE_UNIT() SI_UNIT($,.RADIAN.) );
#17637 = ( NAMED_UNIT(*) SI_UNIT($,.STERADIAN.) SOLID_ANGLE_UNIT() );
#17638 = UNCERTAINTY_MEASURE_WITH_UNIT(LENGTH_MEASURE(1.E-07),#17635,
  'distance_accuracy_value','confusion accuracy');
#17639 = PRODUCT_RELATED_PRODUCT_CATEGORY('part',$,(#7));
ENDSEC;
END-ISO-10303-21;
