ISO-10303-21;
HEADER;
FILE_DESCRIPTION(('FreeCAD Model'),'2;1');
FILE_NAME('Open CASCADE Shape Model','2026-10-01T04:36:14',('FreeCAD'),(
    'FreeCAD'),'Open CASCADE STEP processor 7.9','FreeCAD','Unknown');
FILE_SCHEMA(('AUTOMOTIVE_DESIGN { 1 0 10303 214 1 1 1 1 }'));
ENDSEC;
DATA;
#1 = APPLICATION_PROTOCOL_DEFINITION('international standard',
  'automotive_design',2000,#2);
#2 = APPLICATION_CONTEXT(
  'core data for automotive mechanical design processes');
#3 = SHAPE_DEFINITION_REPRESENTATION(#4,#10);
#4 = PRODUCT_DEFINITION_SHAPE('','',#5);
#5 = PRODUCT_DEFINITION('design','',#6,#9);
#6 = PRODUCT_DEFINITION_FORMATION('','',#7);
#7 = PRODUCT('Open CASCADE STEP translator 7.9 1',
  'Open CASCADE STEP translator 7.9 1','',(#8));
#8 = PRODUCT_CONTEXT('',#2,'mechanical');
#9 = PRODUCT_DEFINITION_CONTEXT('part definition',#2,'design');
#10 = ADVANCED_BREP_SHAPE_REPRESENTATION('',(#11,#15),#14898);
#11 = AXIS2_PLACEMENT_3D('',#12,#13,#14);
#12 = CARTESIAN_POINT('',(0.,0.,0.));
#13 = DIRECTION('',(0.,0.,1.));
#14 = DIRECTION('',(1.,0.,-0.));
#15 = MANIFOLD_SOLID_BREP('',#16);
#16 = CLOSED_SHELL('',(#17,#515,#546,#570,#1460,#2929,#2969,#2986,#3017,
    #3041,#3065,#3082,#3113,#3137,#3161,#3178,#3209,#3233,#3257,#3274,
    #3305,#3329,#3353,#3370,#3401,#3425,#3449,#3466,#3497,#3521,#3545,
    #3562,#3593,#3617,#3641,#3658,#3689,#3713,#3737,#3754,#3785,#3809,
    #3833,#3850,#3881,#3905,#3929,#3946,#3977,#4001,#4025,#4042,#4073,
    #4097,#4121,#4138,#4169,#4193,#4217,#4234,#4265,#4289,#4764,#4781,
    #4812,#4836,#4860,#4877,#4908,#4932,#4956,#4973,#5004,#5028,#5052,
    #5069,#5100,#5124,#5148,#5165,#5196,#5220,#5244,#5261,#5292,#5316,
    #5340,#5357,#5388,#5412,#5436,#5453,#5484,#5508,#5532,#5549,#5580,
    #5604,#5628,#5645,#5676,#5700,#5724,#5741,#5772,#5796,#5820,#5837,
    #5868,#5892,#5916,#5933,#5964,#5988,#6012,#6029,#6060,#6084,#6108,
    #6125,#6156,#6180,#6204,#6221,#6252,#6276,#6300,#6317,#6348,#6372,
    #6396,#6413,#6444,#6468,#6492,#6509,#6540,#6564,#6588,#6605,#6636,
    #6660,#6684,#6701,#6732,#6756,#6780,#6797,#6828,#6852,#6876,#6893,
    #6924,#6948,#6972,#6989,#7020,#7044,#7068,#7085,#7116,#7140,#7164,
    #7181,#7212,#7236,#7260,#7284,#7308,#7325,#7356,#7380,#7404,#7428,
    #7452,#7469,#7500,#7524,#7548,#7572,#7596,#7613,#7644,#7668,#7692,
    #7716,#7740,#7757,#7788,#7812,#7836,#7860,#7884,#7901,#7932,#7956,
    #7980,#8004,#8028,#8045,#8076,#8100,#8124,#8148,#8172,#8189,#8220,
    #8244,#8268,#8292,#8316,#8333,#8364,#8388,#8412,#8436,#8460,#8477,
    #8508,#8532,#8556,#8580,#8604,#8621,#8652,#8676,#8700,#8724,#8748,
    #8765,#8796,#8820,#8844,#8868,#8892,#8909,#8940,#8964,#8988,#9012,
    #9036,#9053,#9084,#9108,#9132,#9156,#9180,#9197,#9228,#9252,#9276,
    #9300,#9324,#9341,#9372,#9396,#9420,#9444,#9468,#9485,#9516,#9540,
    #9564,#9588,#9612,#9629,#9660,#9684,#9708,#9732,#9756,#9773,#9804,
    #9828,#9852,#9876,#9900,#9917,#9948,#9972,#9996,#10020,#10044,#10061
    ,#10092,#10116,#10140,#10164,#10188,#10205,#10236,#10260,#10284,
    #10308,#10332,#10349,#10380,#10404,#10428,#10452,#10476,#10493,
    #10524,#10548,#10572,#10596,#10620,#10637,#10668,#10692,#10716,
    #10740,#10764,#10781,#10812,#10836,#10860,#10884,#10908,#10925,
    #10956,#10980,#11004,#11028,#11052,#11069,#11100,#11124,#11148,
    #11172,#11196,#11213,#11238,#11269,#11293,#11317,#11350,#11374,
    #11391,#11539,#11563,#11806,#11823,#11840,#11871,#11895,#11919,
    #11936,#11967,#11991,#12015,#12032,#12063,#12087,#12111,#12128,
    #12159,#12183,#12207,#12224,#12255,#12279,#12303,#12320,#12351,
    #12375,#12399,#12416,#12447,#12471,#12495,#12512,#12543,#12567,
    #12591,#12608,#12639,#12663,#12687,#12704,#12735,#12759,#12783,
    #12800,#12831,#12855,#12879,#12896,#12927,#12951,#12975,#12992,
    #13023,#13047,#13071,#13088,#13292,#13559,#13667,#13684,#13715,
    #13746,#13774,#13791,#13803,#13838,#13924,#13959,#13990,#14044,
    #14056,#14080,#14198,#14233,#14263,#14291,#14308,#14325,#14342,
    #14359,#14376,#14406,#14423,#14440,#14452,#14487,#14504,#14516,
    #14540,#14557,#14574,#14585,#14609,#14626,#14651,#14666,#14690,
    #14718,#14742,#14766,#14783,#14795,#14812,#14824,#14846,#14858,
    #14870,#14887));
#17 = ADVANCED_FACE('',(#18,#68,#102,#136,#170,#204,#238,#272,#306,#340,
    #374,#408,#442,#476),#510,.F.);
#18 = FACE_BOUND('',#19,.F.);
#19 = EDGE_LOOP('',(#20,#30,#38,#46,#54,#62));
#20 = ORIENTED_EDGE('',*,*,#21,.F.);
#21 = EDGE_CURVE('',#22,#24,#26,.T.);
#22 = VERTEX_POINT('',#23);
#23 = CARTESIAN_POINT('',(0.,2.,135.5));
#24 = VERTEX_POINT('',#25);
#25 = CARTESIAN_POINT('',(0.,149.5,135.5));
#26 = LINE('',#27,#28);
#27 = CARTESIAN_POINT('',(0.,-1.,135.5));
#28 = VECTOR('',#29,1.);
#29 = DIRECTION('',(-0.,1.,0.));
#30 = ORIENTED_EDGE('',*,*,#31,.T.);
#31 = EDGE_CURVE('',#22,#32,#34,.T.);
#32 = VERTEX_POINT('',#33);
#33 = CARTESIAN_POINT('',(0.,0.,135.5));
#34 = LINE('',#35,#36);
#35 = CARTESIAN_POINT('',(0.,0.,135.5));
#36 = VECTOR('',#37,1.);
#37 = DIRECTION('',(0.,-1.,0.));
#38 = ORIENTED_EDGE('',*,*,#39,.F.);
#39 = EDGE_CURVE('',#40,#32,#42,.T.);
#40 = VERTEX_POINT('',#41);
#41 = CARTESIAN_POINT('',(0.,0.,0.));
#42 = LINE('',#43,#44);
#43 = CARTESIAN_POINT('',(0.,0.,0.));
#44 = VECTOR('',#45,1.);
#45 = DIRECTION('',(0.,0.,1.));
#46 = ORIENTED_EDGE('',*,*,#47,.T.);
#47 = EDGE_CURVE('',#40,#48,#50,.T.);
#48 = VERTEX_POINT('',#49);
#49 = CARTESIAN_POINT('',(0.,151.5,0.));
#50 = LINE('',#51,#52);
#51 = CARTESIAN_POINT('',(0.,0.,0.));
#52 = VECTOR('',#53,1.);
#53 = DIRECTION('',(-0.,1.,0.));
#54 = ORIENTED_EDGE('',*,*,#55,.T.);
#55 = EDGE_CURVE('',#48,#56,#58,.T.);
#56 = VERTEX_POINT('',#57);
#57 = CARTESIAN_POINT('',(0.,151.5,135.5));
#58 = LINE('',#59,#60);
#59 = CARTESIAN_POINT('',(0.,151.5,0.));
#60 = VECTOR('',#61,1.);
#61 = DIRECTION('',(0.,0.,1.));
#62 = ORIENTED_EDGE('',*,*,#63,.T.);
#63 = EDGE_CURVE('',#56,#24,#64,.T.);
#64 = LINE('',#65,#66);
#65 = CARTESIAN_POINT('',(0.,74.75,135.5));
#66 = VECTOR('',#67,1.);
#67 = DIRECTION('',(0.,-1.,0.));
#68 = FACE_BOUND('',#69,.F.);
#69 = EDGE_LOOP('',(#70,#80,#88,#96));
#70 = ORIENTED_EDGE('',*,*,#71,.T.);
#71 = EDGE_CURVE('',#72,#74,#76,.T.);
#72 = VERTEX_POINT('',#73);
#73 = CARTESIAN_POINT('',(0.,113.,40.));
#74 = VERTEX_POINT('',#75);
#75 = CARTESIAN_POINT('',(0.,122.,49.));
#76 = LINE('',#77,#78);
#77 = CARTESIAN_POINT('',(2.22044604925E-16,79.25,6.25));
#78 = VECTOR('',#79,1.);
#79 = DIRECTION('',(0.,0.707106781187,0.707106781187));
#80 = ORIENTED_EDGE('',*,*,#81,.T.);
#81 = EDGE_CURVE('',#74,#82,#84,.T.);
#82 = VERTEX_POINT('',#83);
#83 = CARTESIAN_POINT('',(0.,131.,40.));
#84 = LINE('',#85,#86);
#85 = CARTESIAN_POINT('',(2.22044604925E-16,108.25,62.75));
#86 = VECTOR('',#87,1.);
#87 = DIRECTION('',(-0.,0.707106781187,-0.707106781187));
#88 = ORIENTED_EDGE('',*,*,#89,.T.);
#89 = EDGE_CURVE('',#82,#90,#92,.T.);
#90 = VERTEX_POINT('',#91);
#91 = CARTESIAN_POINT('',(0.,122.,31.));
#92 = LINE('',#93,#94);
#93 = CARTESIAN_POINT('',(2.22044604925E-16,83.75,-7.25));
#94 = VECTOR('',#95,1.);
#95 = DIRECTION('',(0.,-0.707106781187,-0.707106781187));
#96 = ORIENTED_EDGE('',*,*,#97,.T.);
#97 = EDGE_CURVE('',#90,#72,#98,.T.);
#98 = LINE('',#99,#100);
#99 = CARTESIAN_POINT('',(2.22044604925E-16,94.75,58.25));
#100 = VECTOR('',#101,1.);
#101 = DIRECTION('',(0.,-0.707106781187,0.707106781187));
#102 = FACE_BOUND('',#103,.F.);
#103 = EDGE_LOOP('',(#104,#114,#122,#130));
#104 = ORIENTED_EDGE('',*,*,#105,.T.);
#105 = EDGE_CURVE('',#106,#108,#110,.T.);
#106 = VERTEX_POINT('',#107);
#107 = CARTESIAN_POINT('',(0.,113.,62.));
#108 = VERTEX_POINT('',#109);
#109 = CARTESIAN_POINT('',(0.,122.,71.));
#110 = LINE('',#111,#112);
#111 = CARTESIAN_POINT('',(2.22044604925E-16,73.75,22.75));
#112 = VECTOR('',#113,1.);
#113 = DIRECTION('',(0.,0.707106781187,0.707106781187));
#114 = ORIENTED_EDGE('',*,*,#115,.T.);
#115 = EDGE_CURVE('',#108,#116,#118,.T.);
#116 = VERTEX_POINT('',#117);
#117 = CARTESIAN_POINT('',(0.,131.,62.));
#118 = LINE('',#119,#120);
#119 = CARTESIAN_POINT('',(2.22044604925E-16,113.75,79.25));
#120 = VECTOR('',#121,1.);
#121 = DIRECTION('',(-0.,0.707106781187,-0.707106781187));
#122 = ORIENTED_EDGE('',*,*,#123,.T.);
#123 = EDGE_CURVE('',#116,#124,#126,.T.);
#124 = VERTEX_POINT('',#125);
#125 = CARTESIAN_POINT('',(0.,122.,53.));
#126 = LINE('',#127,#128);
#127 = CARTESIAN_POINT('',(2.22044604925E-16,78.25,9.25));
#128 = VECTOR('',#129,1.);
#129 = DIRECTION('',(0.,-0.707106781187,-0.707106781187));
#130 = ORIENTED_EDGE('',*,*,#131,.T.);
#131 = EDGE_CURVE('',#124,#106,#132,.T.);
#132 = LINE('',#133,#134);
#133 = CARTESIAN_POINT('',(2.22044604925E-16,100.25,74.75));
#134 = VECTOR('',#135,1.);
#135 = DIRECTION('',(0.,-0.707106781187,0.707106781187));
#136 = FACE_BOUND('',#137,.F.);
#137 = EDGE_LOOP('',(#138,#148,#156,#164));
#138 = ORIENTED_EDGE('',*,*,#139,.T.);
#139 = EDGE_CURVE('',#140,#142,#144,.T.);
#140 = VERTEX_POINT('',#141);
#141 = CARTESIAN_POINT('',(0.,113.,84.));
#142 = VERTEX_POINT('',#143);
#143 = CARTESIAN_POINT('',(0.,122.,93.));
#144 = LINE('',#145,#146);
#145 = CARTESIAN_POINT('',(2.22044604925E-16,68.25,39.25));
#146 = VECTOR('',#147,1.);
#147 = DIRECTION('',(0.,0.707106781187,0.707106781187));
#148 = ORIENTED_EDGE('',*,*,#149,.T.);
#149 = EDGE_CURVE('',#142,#150,#152,.T.);
#150 = VERTEX_POINT('',#151);
#151 = CARTESIAN_POINT('',(0.,131.,84.));
#152 = LINE('',#153,#154);
#153 = CARTESIAN_POINT('',(2.22044604925E-16,119.25,95.75));
#154 = VECTOR('',#155,1.);
#155 = DIRECTION('',(-0.,0.707106781187,-0.707106781187));
#156 = ORIENTED_EDGE('',*,*,#157,.T.);
#157 = EDGE_CURVE('',#150,#158,#160,.T.);
#158 = VERTEX_POINT('',#159);
#159 = CARTESIAN_POINT('',(0.,122.,75.));
#160 = LINE('',#161,#162);
#161 = CARTESIAN_POINT('',(2.22044604925E-16,72.75,25.75));
#162 = VECTOR('',#163,1.);
#163 = DIRECTION('',(0.,-0.707106781187,-0.707106781187));
#164 = ORIENTED_EDGE('',*,*,#165,.T.);
#165 = EDGE_CURVE('',#158,#140,#166,.T.);
#166 = LINE('',#167,#168);
#167 = CARTESIAN_POINT('',(2.22044604925E-16,105.75,91.25));
#168 = VECTOR('',#169,1.);
#169 = DIRECTION('',(0.,-0.707106781187,0.707106781187));
#170 = FACE_BOUND('',#171,.F.);
#171 = EDGE_LOOP('',(#172,#182,#190,#198));
#172 = ORIENTED_EDGE('',*,*,#173,.T.);
#173 = EDGE_CURVE('',#174,#176,#178,.T.);
#174 = VERTEX_POINT('',#175);
#175 = CARTESIAN_POINT('',(0.,113.,106.));
#176 = VERTEX_POINT('',#177);
#177 = CARTESIAN_POINT('',(0.,122.,115.));
#178 = LINE('',#179,#180);
#179 = CARTESIAN_POINT('',(2.22044604925E-16,62.75,55.75));
#180 = VECTOR('',#181,1.);
#181 = DIRECTION('',(0.,0.707106781187,0.707106781187));
#182 = ORIENTED_EDGE('',*,*,#183,.T.);
#183 = EDGE_CURVE('',#176,#184,#186,.T.);
#184 = VERTEX_POINT('',#185);
#185 = CARTESIAN_POINT('',(0.,131.,106.));
#186 = LINE('',#187,#188);
#187 = CARTESIAN_POINT('',(2.22044604925E-16,124.75,112.25));
#188 = VECTOR('',#189,1.);
#189 = DIRECTION('',(-0.,0.707106781187,-0.707106781187));
#190 = ORIENTED_EDGE('',*,*,#191,.T.);
#191 = EDGE_CURVE('',#184,#192,#194,.T.);
#192 = VERTEX_POINT('',#193);
#193 = CARTESIAN_POINT('',(0.,122.,97.));
#194 = LINE('',#195,#196);
#195 = CARTESIAN_POINT('',(2.22044604925E-16,67.25,42.25));
#196 = VECTOR('',#197,1.);
#197 = DIRECTION('',(0.,-0.707106781187,-0.707106781187));
#198 = ORIENTED_EDGE('',*,*,#199,.T.);
#199 = EDGE_CURVE('',#192,#174,#200,.T.);
#200 = LINE('',#201,#202);
#201 = CARTESIAN_POINT('',(2.22044604925E-16,111.25,107.75));
#202 = VECTOR('',#203,1.);
#203 = DIRECTION('',(0.,-0.707106781187,0.707106781187));
#204 = FACE_BOUND('',#205,.F.);
#205 = EDGE_LOOP('',(#206,#216,#224,#232));
#206 = ORIENTED_EDGE('',*,*,#207,.T.);
#207 = EDGE_CURVE('',#208,#210,#212,.T.);
#208 = VERTEX_POINT('',#209);
#209 = CARTESIAN_POINT('',(0.,91.,29.));
#210 = VERTEX_POINT('',#211);
#211 = CARTESIAN_POINT('',(0.,100.,38.));
#212 = LINE('',#213,#214);
#213 = CARTESIAN_POINT('',(2.22044604925E-16,65.5,3.5));
#214 = VECTOR('',#215,1.);
#215 = DIRECTION('',(0.,0.707106781187,0.707106781187));
#216 = ORIENTED_EDGE('',*,*,#217,.T.);
#217 = EDGE_CURVE('',#210,#218,#220,.T.);
#218 = VERTEX_POINT('',#219);
#219 = CARTESIAN_POINT('',(0.,109.,29.));
#220 = LINE('',#221,#222);
#221 = CARTESIAN_POINT('',(2.22044604925E-16,89.,49.));
#222 = VECTOR('',#223,1.);
#223 = DIRECTION('',(-0.,0.707106781187,-0.707106781187));
#224 = ORIENTED_EDGE('',*,*,#225,.T.);
#225 = EDGE_CURVE('',#218,#226,#228,.T.);
#226 = VERTEX_POINT('',#227);
#227 = CARTESIAN_POINT('',(0.,100.,20.));
#228 = LINE('',#229,#230);
#229 = CARTESIAN_POINT('',(2.22044604925E-16,70.,-10.));
#230 = VECTOR('',#231,1.);
#231 = DIRECTION('',(0.,-0.707106781187,-0.707106781187));
#232 = ORIENTED_EDGE('',*,*,#233,.T.);
#233 = EDGE_CURVE('',#226,#208,#234,.T.);
#234 = LINE('',#235,#236);
#235 = CARTESIAN_POINT('',(2.22044604925E-16,75.5,44.5));
#236 = VECTOR('',#237,1.);
#237 = DIRECTION('',(0.,-0.707106781187,0.707106781187));
#238 = FACE_BOUND('',#239,.F.);
#239 = EDGE_LOOP('',(#240,#250,#258,#266));
#240 = ORIENTED_EDGE('',*,*,#241,.T.);
#241 = EDGE_CURVE('',#242,#244,#246,.T.);
#242 = VERTEX_POINT('',#243);
#243 = CARTESIAN_POINT('',(0.,91.,51.));
#244 = VERTEX_POINT('',#245);
#245 = CARTESIAN_POINT('',(0.,100.,60.));
#246 = LINE('',#247,#248);
#247 = CARTESIAN_POINT('',(2.22044604925E-16,60.,20.));
#248 = VECTOR('',#249,1.);
#249 = DIRECTION('',(0.,0.707106781187,0.707106781187));
#250 = ORIENTED_EDGE('',*,*,#251,.T.);
#251 = EDGE_CURVE('',#244,#252,#254,.T.);
#252 = VERTEX_POINT('',#253);
#253 = CARTESIAN_POINT('',(0.,109.,51.));
#254 = LINE('',#255,#256);
#255 = CARTESIAN_POINT('',(2.22044604925E-16,94.5,65.5));
#256 = VECTOR('',#257,1.);
#257 = DIRECTION('',(-0.,0.707106781187,-0.707106781187));
#258 = ORIENTED_EDGE('',*,*,#259,.T.);
#259 = EDGE_CURVE('',#252,#260,#262,.T.);
#260 = VERTEX_POINT('',#261);
#261 = CARTESIAN_POINT('',(0.,100.,42.));
#262 = LINE('',#263,#264);
#263 = CARTESIAN_POINT('',(2.22044604925E-16,64.5,6.5));
#264 = VECTOR('',#265,1.);
#265 = DIRECTION('',(0.,-0.707106781187,-0.707106781187));
#266 = ORIENTED_EDGE('',*,*,#267,.T.);
#267 = EDGE_CURVE('',#260,#242,#268,.T.);
#268 = LINE('',#269,#270);
#269 = CARTESIAN_POINT('',(2.22044604925E-16,81.,61.));
#270 = VECTOR('',#271,1.);
#271 = DIRECTION('',(0.,-0.707106781187,0.707106781187));
#272 = FACE_BOUND('',#273,.F.);
#273 = EDGE_LOOP('',(#274,#284,#292,#300));
#274 = ORIENTED_EDGE('',*,*,#275,.T.);
#275 = EDGE_CURVE('',#276,#278,#280,.T.);
#276 = VERTEX_POINT('',#277);
#277 = CARTESIAN_POINT('',(0.,69.,40.));
#278 = VERTEX_POINT('',#279);
#279 = CARTESIAN_POINT('',(0.,78.,49.));
#280 = LINE('',#281,#282);
#281 = CARTESIAN_POINT('',(2.22044604925E-16,46.25,17.25));
#282 = VECTOR('',#283,1.);
#283 = DIRECTION('',(0.,0.707106781187,0.707106781187));
#284 = ORIENTED_EDGE('',*,*,#285,.T.);
#285 = EDGE_CURVE('',#278,#286,#288,.T.);
#286 = VERTEX_POINT('',#287);
#287 = CARTESIAN_POINT('',(0.,87.,40.));
#288 = LINE('',#289,#290);
#289 = CARTESIAN_POINT('',(2.22044604925E-16,75.25,51.75));
#290 = VECTOR('',#291,1.);
#291 = DIRECTION('',(-0.,0.707106781187,-0.707106781187));
#292 = ORIENTED_EDGE('',*,*,#293,.T.);
#293 = EDGE_CURVE('',#286,#294,#296,.T.);
#294 = VERTEX_POINT('',#295);
#295 = CARTESIAN_POINT('',(0.,78.,31.));
#296 = LINE('',#297,#298);
#297 = CARTESIAN_POINT('',(2.22044604925E-16,50.75,3.75));
#298 = VECTOR('',#299,1.);
#299 = DIRECTION('',(0.,-0.707106781187,-0.707106781187));
#300 = ORIENTED_EDGE('',*,*,#301,.T.);
#301 = EDGE_CURVE('',#294,#276,#302,.T.);
#302 = LINE('',#303,#304);
#303 = CARTESIAN_POINT('',(2.22044604925E-16,61.75,47.25));
#304 = VECTOR('',#305,1.);
#305 = DIRECTION('',(0.,-0.707106781187,0.707106781187));
#306 = FACE_BOUND('',#307,.F.);
#307 = EDGE_LOOP('',(#308,#318,#326,#334));
#308 = ORIENTED_EDGE('',*,*,#309,.T.);
#309 = EDGE_CURVE('',#310,#312,#314,.T.);
#310 = VERTEX_POINT('',#311);
#311 = CARTESIAN_POINT('',(0.,69.,62.));
#312 = VERTEX_POINT('',#313);
#313 = CARTESIAN_POINT('',(0.,78.,71.));
#314 = LINE('',#315,#316);
#315 = CARTESIAN_POINT('',(2.22044604925E-16,40.75,33.75));
#316 = VECTOR('',#317,1.);
#317 = DIRECTION('',(0.,0.707106781187,0.707106781187));
#318 = ORIENTED_EDGE('',*,*,#319,.T.);
#319 = EDGE_CURVE('',#312,#320,#322,.T.);
#320 = VERTEX_POINT('',#321);
#321 = CARTESIAN_POINT('',(0.,87.,62.));
#322 = LINE('',#323,#324);
#323 = CARTESIAN_POINT('',(2.22044604925E-16,80.75,68.25));
#324 = VECTOR('',#325,1.);
#325 = DIRECTION('',(-0.,0.707106781187,-0.707106781187));
#326 = ORIENTED_EDGE('',*,*,#327,.T.);
#327 = EDGE_CURVE('',#320,#328,#330,.T.);
#328 = VERTEX_POINT('',#329);
#329 = CARTESIAN_POINT('',(0.,78.,53.));
#330 = LINE('',#331,#332);
#331 = CARTESIAN_POINT('',(2.22044604925E-16,45.25,20.25));
#332 = VECTOR('',#333,1.);
#333 = DIRECTION('',(0.,-0.707106781187,-0.707106781187));
#334 = ORIENTED_EDGE('',*,*,#335,.T.);
#335 = EDGE_CURVE('',#328,#310,#336,.T.);
#336 = LINE('',#337,#338);
#337 = CARTESIAN_POINT('',(2.22044604925E-16,67.25,63.75));
#338 = VECTOR('',#339,1.);
#339 = DIRECTION('',(0.,-0.707106781187,0.707106781187));
#340 = FACE_BOUND('',#341,.F.);
#341 = EDGE_LOOP('',(#342,#352,#360,#368));
#342 = ORIENTED_EDGE('',*,*,#343,.T.);
#343 = EDGE_CURVE('',#344,#346,#348,.T.);
#344 = VERTEX_POINT('',#345);
#345 = CARTESIAN_POINT('',(0.,91.,73.));
#346 = VERTEX_POINT('',#347);
#347 = CARTESIAN_POINT('',(0.,100.,82.));
#348 = LINE('',#349,#350);
#349 = CARTESIAN_POINT('',(2.22044604925E-16,54.5,36.5));
#350 = VECTOR('',#351,1.);
#351 = DIRECTION('',(0.,0.707106781187,0.707106781187));
#352 = ORIENTED_EDGE('',*,*,#353,.T.);
#353 = EDGE_CURVE('',#346,#354,#356,.T.);
#354 = VERTEX_POINT('',#355);
#355 = CARTESIAN_POINT('',(0.,109.,73.));
#356 = LINE('',#357,#358);
#357 = CARTESIAN_POINT('',(2.22044604925E-16,100.,82.));
#358 = VECTOR('',#359,1.);
#359 = DIRECTION('',(-0.,0.707106781187,-0.707106781187));
#360 = ORIENTED_EDGE('',*,*,#361,.T.);
#361 = EDGE_CURVE('',#354,#362,#364,.T.);
#362 = VERTEX_POINT('',#363);
#363 = CARTESIAN_POINT('',(0.,100.,64.));
#364 = LINE('',#365,#366);
#365 = CARTESIAN_POINT('',(2.22044604925E-16,59.,23.));
#366 = VECTOR('',#367,1.);
#367 = DIRECTION('',(0.,-0.707106781187,-0.707106781187));
#368 = ORIENTED_EDGE('',*,*,#369,.T.);
#369 = EDGE_CURVE('',#362,#344,#370,.T.);
#370 = LINE('',#371,#372);
#371 = CARTESIAN_POINT('',(2.22044604925E-16,86.5,77.5));
#372 = VECTOR('',#373,1.);
#373 = DIRECTION('',(0.,-0.707106781187,0.707106781187));
#374 = FACE_BOUND('',#375,.F.);
#375 = EDGE_LOOP('',(#376,#386,#394,#402));
#376 = ORIENTED_EDGE('',*,*,#377,.T.);
#377 = EDGE_CURVE('',#378,#380,#382,.T.);
#378 = VERTEX_POINT('',#379);
#379 = CARTESIAN_POINT('',(0.,91.,95.));
#380 = VERTEX_POINT('',#381);
#381 = CARTESIAN_POINT('',(0.,100.,104.));
#382 = LINE('',#383,#384);
#383 = CARTESIAN_POINT('',(2.22044604925E-16,49.,53.));
#384 = VECTOR('',#385,1.);
#385 = DIRECTION('',(0.,0.707106781187,0.707106781187));
#386 = ORIENTED_EDGE('',*,*,#387,.T.);
#387 = EDGE_CURVE('',#380,#388,#390,.T.);
#388 = VERTEX_POINT('',#389);
#389 = CARTESIAN_POINT('',(0.,109.,95.));
#390 = LINE('',#391,#392);
#391 = CARTESIAN_POINT('',(2.22044604925E-16,105.5,98.5));
#392 = VECTOR('',#393,1.);
#393 = DIRECTION('',(-0.,0.707106781187,-0.707106781187));
#394 = ORIENTED_EDGE('',*,*,#395,.T.);
#395 = EDGE_CURVE('',#388,#396,#398,.T.);
#396 = VERTEX_POINT('',#397);
#397 = CARTESIAN_POINT('',(0.,100.,86.));
#398 = LINE('',#399,#400);
#399 = CARTESIAN_POINT('',(2.22044604925E-16,53.5,39.5));
#400 = VECTOR('',#401,1.);
#401 = DIRECTION('',(0.,-0.707106781187,-0.707106781187));
#402 = ORIENTED_EDGE('',*,*,#403,.T.);
#403 = EDGE_CURVE('',#396,#378,#404,.T.);
#404 = LINE('',#405,#406);
#405 = CARTESIAN_POINT('',(2.22044604925E-16,92.,94.));
#406 = VECTOR('',#407,1.);
#407 = DIRECTION('',(0.,-0.707106781187,0.707106781187));
#408 = FACE_BOUND('',#409,.F.);
#409 = EDGE_LOOP('',(#410,#420,#428,#436));
#410 = ORIENTED_EDGE('',*,*,#411,.T.);
#411 = EDGE_CURVE('',#412,#414,#416,.T.);
#412 = VERTEX_POINT('',#413);
#413 = CARTESIAN_POINT('',(0.,91.,117.));
#414 = VERTEX_POINT('',#415);
#415 = CARTESIAN_POINT('',(0.,100.,126.));
#416 = LINE('',#417,#418);
#417 = CARTESIAN_POINT('',(2.22044604925E-16,43.5,69.5));
#418 = VECTOR('',#419,1.);
#419 = DIRECTION('',(0.,0.707106781187,0.707106781187));
#420 = ORIENTED_EDGE('',*,*,#421,.T.);
#421 = EDGE_CURVE('',#414,#422,#424,.T.);
#422 = VERTEX_POINT('',#423);
#423 = CARTESIAN_POINT('',(0.,109.,117.));
#424 = LINE('',#425,#426);
#425 = CARTESIAN_POINT('',(2.22044604925E-16,111.,115.));
#426 = VECTOR('',#427,1.);
#427 = DIRECTION('',(-0.,0.707106781187,-0.707106781187));
#428 = ORIENTED_EDGE('',*,*,#429,.T.);
#429 = EDGE_CURVE('',#422,#430,#432,.T.);
#430 = VERTEX_POINT('',#431);
#431 = CARTESIAN_POINT('',(0.,100.,108.));
#432 = LINE('',#433,#434);
#433 = CARTESIAN_POINT('',(2.22044604925E-16,48.,56.));
#434 = VECTOR('',#435,1.);
#435 = DIRECTION('',(0.,-0.707106781187,-0.707106781187));
#436 = ORIENTED_EDGE('',*,*,#437,.T.);
#437 = EDGE_CURVE('',#430,#412,#438,.T.);
#438 = LINE('',#439,#440);
#439 = CARTESIAN_POINT('',(2.22044604925E-16,97.5,110.5));
#440 = VECTOR('',#441,1.);
#441 = DIRECTION('',(0.,-0.707106781187,0.707106781187));
#442 = FACE_BOUND('',#443,.F.);
#443 = EDGE_LOOP('',(#444,#454,#462,#470));
#444 = ORIENTED_EDGE('',*,*,#445,.T.);
#445 = EDGE_CURVE('',#446,#448,#450,.T.);
#446 = VERTEX_POINT('',#447);
#447 = CARTESIAN_POINT('',(0.,69.,84.));
#448 = VERTEX_POINT('',#449);
#449 = CARTESIAN_POINT('',(0.,78.,93.));
#450 = LINE('',#451,#452);
#451 = CARTESIAN_POINT('',(2.22044604925E-16,35.25,50.25));
#452 = VECTOR('',#453,1.);
#453 = DIRECTION('',(0.,0.707106781187,0.707106781187));
#454 = ORIENTED_EDGE('',*,*,#455,.T.);
#455 = EDGE_CURVE('',#448,#456,#458,.T.);
#456 = VERTEX_POINT('',#457);
#457 = CARTESIAN_POINT('',(0.,87.,84.));
#458 = LINE('',#459,#460);
#459 = CARTESIAN_POINT('',(2.22044604925E-16,86.25,84.75));
#460 = VECTOR('',#461,1.);
#461 = DIRECTION('',(-0.,0.707106781187,-0.707106781187));
#462 = ORIENTED_EDGE('',*,*,#463,.T.);
#463 = EDGE_CURVE('',#456,#464,#466,.T.);
#464 = VERTEX_POINT('',#465);
#465 = CARTESIAN_POINT('',(0.,78.,75.));
#466 = LINE('',#467,#468);
#467 = CARTESIAN_POINT('',(2.22044604925E-16,39.75,36.75));
#468 = VECTOR('',#469,1.);
#469 = DIRECTION('',(0.,-0.707106781187,-0.707106781187));
#470 = ORIENTED_EDGE('',*,*,#471,.T.);
#471 = EDGE_CURVE('',#464,#446,#472,.T.);
#472 = LINE('',#473,#474);
#473 = CARTESIAN_POINT('',(2.22044604925E-16,72.75,80.25));
#474 = VECTOR('',#475,1.);
#475 = DIRECTION('',(0.,-0.707106781187,0.707106781187));
#476 = FACE_BOUND('',#477,.F.);
#477 = EDGE_LOOP('',(#478,#488,#496,#504));
#478 = ORIENTED_EDGE('',*,*,#479,.T.);
#479 = EDGE_CURVE('',#480,#482,#484,.T.);
#480 = VERTEX_POINT('',#481);
#481 = CARTESIAN_POINT('',(0.,69.,106.));
#482 = VERTEX_POINT('',#483);
#483 = CARTESIAN_POINT('',(0.,78.,115.));
#484 = LINE('',#485,#486);
#485 = CARTESIAN_POINT('',(2.22044604925E-16,29.75,66.75));
#486 = VECTOR('',#487,1.);
#487 = DIRECTION('',(0.,0.707106781187,0.707106781187));
#488 = ORIENTED_EDGE('',*,*,#489,.T.);
#489 = EDGE_CURVE('',#482,#490,#492,.T.);
#490 = VERTEX_POINT('',#491);
#491 = CARTESIAN_POINT('',(0.,87.,106.));
#492 = LINE('',#493,#494);
#493 = CARTESIAN_POINT('',(2.22044604925E-16,91.75,101.25));
#494 = VECTOR('',#495,1.);
#495 = DIRECTION('',(-0.,0.707106781187,-0.707106781187));
#496 = ORIENTED_EDGE('',*,*,#497,.T.);
#497 = EDGE_CURVE('',#490,#498,#500,.T.);
#498 = VERTEX_POINT('',#499);
#499 = CARTESIAN_POINT('',(0.,78.,97.));
#500 = LINE('',#501,#502);
#501 = CARTESIAN_POINT('',(2.22044604925E-16,34.25,53.25));
#502 = VECTOR('',#503,1.);
#503 = DIRECTION('',(0.,-0.707106781187,-0.707106781187));
#504 = ORIENTED_EDGE('',*,*,#505,.T.);
#505 = EDGE_CURVE('',#498,#480,#506,.T.);
#506 = LINE('',#507,#508);
#507 = CARTESIAN_POINT('',(2.22044604925E-16,78.25,96.75));
#508 = VECTOR('',#509,1.);
#509 = DIRECTION('',(0.,-0.707106781187,0.707106781187));
#510 = PLANE('',#511);
#511 = AXIS2_PLACEMENT_3D('',#512,#513,#514);
#512 = CARTESIAN_POINT('',(0.,0.,0.));
#513 = DIRECTION('',(1.,0.,-0.));
#514 = DIRECTION('',(0.,0.,1.));
#515 = ADVANCED_FACE('',(#516),#541,.T.);
#516 = FACE_BOUND('',#517,.T.);
#517 = EDGE_LOOP('',(#518,#519,#527,#535));
#518 = ORIENTED_EDGE('',*,*,#21,.F.);
#519 = ORIENTED_EDGE('',*,*,#520,.T.);
#520 = EDGE_CURVE('',#22,#521,#523,.T.);
#521 = VERTEX_POINT('',#522);
#522 = CARTESIAN_POINT('',(2.,2.,135.5));
#523 = LINE('',#524,#525);
#524 = CARTESIAN_POINT('',(-1.,2.,135.5));
#525 = VECTOR('',#526,1.);
#526 = DIRECTION('',(1.,0.,-0.));
#527 = ORIENTED_EDGE('',*,*,#528,.T.);
#528 = EDGE_CURVE('',#521,#529,#531,.T.);
#529 = VERTEX_POINT('',#530);
#530 = CARTESIAN_POINT('',(2.,149.5,135.5));
#531 = LINE('',#532,#533);
#532 = CARTESIAN_POINT('',(2.,-1.,135.5));
#533 = VECTOR('',#534,1.);
#534 = DIRECTION('',(-0.,1.,0.));
#535 = ORIENTED_EDGE('',*,*,#536,.F.);
#536 = EDGE_CURVE('',#24,#529,#537,.T.);
#537 = LINE('',#538,#539);
#538 = CARTESIAN_POINT('',(-1.,149.5,135.5));
#539 = VECTOR('',#540,1.);
#540 = DIRECTION('',(1.,0.,-0.));
#541 = PLANE('',#542);
#542 = AXIS2_PLACEMENT_3D('',#543,#544,#545);
#543 = CARTESIAN_POINT('',(0.,-1.,135.5));
#544 = DIRECTION('',(0.,0.,1.));
#545 = DIRECTION('',(1.,0.,-0.));
#546 = ADVANCED_FACE('',(#547),#565,.T.);
#547 = FACE_BOUND('',#548,.T.);
#548 = EDGE_LOOP('',(#549,#557,#558,#559));
#549 = ORIENTED_EDGE('',*,*,#550,.F.);
#550 = EDGE_CURVE('',#56,#551,#553,.T.);
#551 = VERTEX_POINT('',#552);
#552 = CARTESIAN_POINT('',(2.,151.5,135.5));
#553 = LINE('',#554,#555);
#554 = CARTESIAN_POINT('',(-1.,151.5,135.5));
#555 = VECTOR('',#556,1.);
#556 = DIRECTION('',(1.,0.,-0.));
#557 = ORIENTED_EDGE('',*,*,#63,.T.);
#558 = ORIENTED_EDGE('',*,*,#536,.T.);
#559 = ORIENTED_EDGE('',*,*,#560,.T.);
#560 = EDGE_CURVE('',#529,#551,#561,.T.);
#561 = LINE('',#562,#563);
#562 = CARTESIAN_POINT('',(2.,-1.,135.5));
#563 = VECTOR('',#564,1.);
#564 = DIRECTION('',(-0.,1.,0.));
#565 = PLANE('',#566);
#566 = AXIS2_PLACEMENT_3D('',#567,#568,#569);
#567 = CARTESIAN_POINT('',(-1.,149.5,135.5));
#568 = DIRECTION('',(0.,0.,1.));
#569 = DIRECTION('',(1.,0.,-0.));
#570 = ADVANCED_FACE('',(#571,#605,#639,#673,#707,#741,#775,#809,#843,
    #877,#911,#945,#979,#1013,#1047,#1081,#1115,#1149,#1183,#1217,#1251,
    #1285,#1319,#1353,#1387,#1421),#1455,.T.);
#571 = FACE_BOUND('',#572,.T.);
#572 = EDGE_LOOP('',(#573,#583,#589,#590,#591,#599));
#573 = ORIENTED_EDGE('',*,*,#574,.F.);
#574 = EDGE_CURVE('',#575,#577,#579,.T.);
#575 = VERTEX_POINT('',#576);
#576 = CARTESIAN_POINT('',(186.,151.5,0.));
#577 = VERTEX_POINT('',#578);
#578 = CARTESIAN_POINT('',(186.,151.5,135.5));
#579 = LINE('',#580,#581);
#580 = CARTESIAN_POINT('',(186.,151.5,0.));
#581 = VECTOR('',#582,1.);
#582 = DIRECTION('',(0.,0.,1.));
#583 = ORIENTED_EDGE('',*,*,#584,.F.);
#584 = EDGE_CURVE('',#48,#575,#585,.T.);
#585 = LINE('',#586,#587);
#586 = CARTESIAN_POINT('',(0.,151.5,0.));
#587 = VECTOR('',#588,1.);
#588 = DIRECTION('',(1.,0.,-0.));
#589 = ORIENTED_EDGE('',*,*,#55,.T.);
#590 = ORIENTED_EDGE('',*,*,#550,.T.);
#591 = ORIENTED_EDGE('',*,*,#592,.T.);
#592 = EDGE_CURVE('',#551,#593,#595,.T.);
#593 = VERTEX_POINT('',#594);
#594 = CARTESIAN_POINT('',(184.,151.5,135.5));
#595 = LINE('',#596,#597);
#596 = CARTESIAN_POINT('',(-1.,151.5,135.5));
#597 = VECTOR('',#598,1.);
#598 = DIRECTION('',(1.,0.,-0.));
#599 = ORIENTED_EDGE('',*,*,#600,.T.);
#600 = EDGE_CURVE('',#593,#577,#601,.T.);
#601 = LINE('',#602,#603);
#602 = CARTESIAN_POINT('',(-1.,151.5,135.5));
#603 = VECTOR('',#604,1.);
#604 = DIRECTION('',(1.,0.,-0.));
#605 = FACE_BOUND('',#606,.T.);
#606 = EDGE_LOOP('',(#607,#617,#625,#633));
#607 = ORIENTED_EDGE('',*,*,#608,.T.);
#608 = EDGE_CURVE('',#609,#611,#613,.T.);
#609 = VERTEX_POINT('',#610);
#610 = CARTESIAN_POINT('',(48.,151.5,18.5));
#611 = VERTEX_POINT('',#612);
#612 = CARTESIAN_POINT('',(57.5,151.5,28.));
#613 = LINE('',#614,#615);
#614 = CARTESIAN_POINT('',(36.125,151.5,6.625));
#615 = VECTOR('',#616,1.);
#616 = DIRECTION('',(0.707106781187,0.,0.707106781187));
#617 = ORIENTED_EDGE('',*,*,#618,.T.);
#618 = EDGE_CURVE('',#611,#619,#621,.T.);
#619 = VERTEX_POINT('',#620);
#620 = CARTESIAN_POINT('',(48.,151.5,37.5));
#621 = LINE('',#622,#623);
#622 = CARTESIAN_POINT('',(45.375,151.5,40.125));
#623 = VECTOR('',#624,1.);
#624 = DIRECTION('',(-0.707106781187,-0.,0.707106781187));
#625 = ORIENTED_EDGE('',*,*,#626,.T.);
#626 = EDGE_CURVE('',#619,#627,#629,.T.);
#627 = VERTEX_POINT('',#628);
#628 = CARTESIAN_POINT('',(38.5,151.5,28.));
#629 = LINE('',#630,#631);
#630 = CARTESIAN_POINT('',(21.875,151.5,11.375));
#631 = VECTOR('',#632,1.);
#632 = DIRECTION('',(-0.707106781187,0.,-0.707106781187));
#633 = ORIENTED_EDGE('',*,*,#634,.T.);
#634 = EDGE_CURVE('',#627,#609,#635,.T.);
#635 = LINE('',#636,#637);
#636 = CARTESIAN_POINT('',(40.625,151.5,25.875));
#637 = VECTOR('',#638,1.);
#638 = DIRECTION('',(0.707106781187,0.,-0.707106781187));
#639 = FACE_BOUND('',#640,.T.);
#640 = EDGE_LOOP('',(#641,#651,#659,#667));
#641 = ORIENTED_EDGE('',*,*,#642,.T.);
#642 = EDGE_CURVE('',#643,#645,#647,.T.);
#643 = VERTEX_POINT('',#644);
#644 = CARTESIAN_POINT('',(48.,151.5,63.5));
#645 = VERTEX_POINT('',#646);
#646 = CARTESIAN_POINT('',(57.5,151.5,73.));
#647 = LINE('',#648,#649);
#648 = CARTESIAN_POINT('',(24.875,151.5,40.375));
#649 = VECTOR('',#650,1.);
#650 = DIRECTION('',(0.707106781187,0.,0.707106781187));
#651 = ORIENTED_EDGE('',*,*,#652,.T.);
#652 = EDGE_CURVE('',#645,#653,#655,.T.);
#653 = VERTEX_POINT('',#654);
#654 = CARTESIAN_POINT('',(48.,151.5,82.5));
#655 = LINE('',#656,#657);
#656 = CARTESIAN_POINT('',(56.625,151.5,73.875));
#657 = VECTOR('',#658,1.);
#658 = DIRECTION('',(-0.707106781187,-0.,0.707106781187));
#659 = ORIENTED_EDGE('',*,*,#660,.T.);
#660 = EDGE_CURVE('',#653,#661,#663,.T.);
#661 = VERTEX_POINT('',#662);
#662 = CARTESIAN_POINT('',(38.5,151.5,73.));
#663 = LINE('',#664,#665);
#664 = CARTESIAN_POINT('',(10.625,151.5,45.125));
#665 = VECTOR('',#666,1.);
#666 = DIRECTION('',(-0.707106781187,0.,-0.707106781187));
#667 = ORIENTED_EDGE('',*,*,#668,.T.);
#668 = EDGE_CURVE('',#661,#643,#669,.T.);
#669 = LINE('',#670,#671);
#670 = CARTESIAN_POINT('',(51.875,151.5,59.625));
#671 = VECTOR('',#672,1.);
#672 = DIRECTION('',(0.707106781187,0.,-0.707106781187));
#673 = FACE_BOUND('',#674,.T.);
#674 = EDGE_LOOP('',(#675,#685,#693,#701));
#675 = ORIENTED_EDGE('',*,*,#676,.T.);
#676 = EDGE_CURVE('',#677,#679,#681,.T.);
#677 = VERTEX_POINT('',#678);
#678 = CARTESIAN_POINT('',(59.25,151.5,41.));
#679 = VERTEX_POINT('',#680);
#680 = CARTESIAN_POINT('',(68.75,151.5,50.5));
#681 = LINE('',#682,#683);
#682 = CARTESIAN_POINT('',(38.9375,151.5,20.6875));
#683 = VECTOR('',#684,1.);
#684 = DIRECTION('',(0.707106781187,0.,0.707106781187));
#685 = ORIENTED_EDGE('',*,*,#686,.T.);
#686 = EDGE_CURVE('',#679,#687,#689,.T.);
#687 = VERTEX_POINT('',#688);
#688 = CARTESIAN_POINT('',(59.25,151.5,60.));
#689 = LINE('',#690,#691);
#690 = CARTESIAN_POINT('',(59.4375,151.5,59.8125));
#691 = VECTOR('',#692,1.);
#692 = DIRECTION('',(-0.707106781187,-0.,0.707106781187));
#693 = ORIENTED_EDGE('',*,*,#694,.T.);
#694 = EDGE_CURVE('',#687,#695,#697,.T.);
#695 = VERTEX_POINT('',#696);
#696 = CARTESIAN_POINT('',(49.75,151.5,50.5));
#697 = LINE('',#698,#699);
#698 = CARTESIAN_POINT('',(24.6875,151.5,25.4375));
#699 = VECTOR('',#700,1.);
#700 = DIRECTION('',(-0.707106781187,0.,-0.707106781187));
#701 = ORIENTED_EDGE('',*,*,#702,.T.);
#702 = EDGE_CURVE('',#695,#677,#703,.T.);
#703 = LINE('',#704,#705);
#704 = CARTESIAN_POINT('',(54.6875,151.5,45.5625));
#705 = VECTOR('',#706,1.);
#706 = DIRECTION('',(0.707106781187,0.,-0.707106781187));
#707 = FACE_BOUND('',#708,.T.);
#708 = EDGE_LOOP('',(#709,#719,#727,#735));
#709 = ORIENTED_EDGE('',*,*,#710,.T.);
#710 = EDGE_CURVE('',#711,#713,#715,.T.);
#711 = VERTEX_POINT('',#712);
#712 = CARTESIAN_POINT('',(70.5,151.5,18.5));
#713 = VERTEX_POINT('',#714);
#714 = CARTESIAN_POINT('',(80.,151.5,28.));
#715 = LINE('',#716,#717);
#716 = CARTESIAN_POINT('',(53.,151.5,1.));
#717 = VECTOR('',#718,1.);
#718 = DIRECTION('',(0.707106781187,0.,0.707106781187));
#719 = ORIENTED_EDGE('',*,*,#720,.T.);
#720 = EDGE_CURVE('',#713,#721,#723,.T.);
#721 = VERTEX_POINT('',#722);
#722 = CARTESIAN_POINT('',(70.5,151.5,37.5));
#723 = LINE('',#724,#725);
#724 = CARTESIAN_POINT('',(62.25,151.5,45.75));
#725 = VECTOR('',#726,1.);
#726 = DIRECTION('',(-0.707106781187,-0.,0.707106781187));
#727 = ORIENTED_EDGE('',*,*,#728,.T.);
#728 = EDGE_CURVE('',#721,#729,#731,.T.);
#729 = VERTEX_POINT('',#730);
#730 = CARTESIAN_POINT('',(61.,151.5,28.));
#731 = LINE('',#732,#733);
#732 = CARTESIAN_POINT('',(38.75,151.5,5.75));
#733 = VECTOR('',#734,1.);
#734 = DIRECTION('',(-0.707106781187,0.,-0.707106781187));
#735 = ORIENTED_EDGE('',*,*,#736,.T.);
#736 = EDGE_CURVE('',#729,#711,#737,.T.);
#737 = LINE('',#738,#739);
#738 = CARTESIAN_POINT('',(57.5,151.5,31.5));
#739 = VECTOR('',#740,1.);
#740 = DIRECTION('',(0.707106781187,0.,-0.707106781187));
#741 = FACE_BOUND('',#742,.T.);
#742 = EDGE_LOOP('',(#743,#753,#761,#769));
#743 = ORIENTED_EDGE('',*,*,#744,.T.);
#744 = EDGE_CURVE('',#745,#747,#749,.T.);
#745 = VERTEX_POINT('',#746);
#746 = CARTESIAN_POINT('',(93.,151.5,18.5));
#747 = VERTEX_POINT('',#748);
#748 = CARTESIAN_POINT('',(102.5,151.5,28.));
#749 = LINE('',#750,#751);
#750 = CARTESIAN_POINT('',(69.875,151.5,-4.625));
#751 = VECTOR('',#752,1.);
#752 = DIRECTION('',(0.707106781187,0.,0.707106781187));
#753 = ORIENTED_EDGE('',*,*,#754,.T.);
#754 = EDGE_CURVE('',#747,#755,#757,.T.);
#755 = VERTEX_POINT('',#756);
#756 = CARTESIAN_POINT('',(93.,151.5,37.5));
#757 = LINE('',#758,#759);
#758 = CARTESIAN_POINT('',(79.125,151.5,51.375));
#759 = VECTOR('',#760,1.);
#760 = DIRECTION('',(-0.707106781187,-0.,0.707106781187));
#761 = ORIENTED_EDGE('',*,*,#762,.T.);
#762 = EDGE_CURVE('',#755,#763,#765,.T.);
#763 = VERTEX_POINT('',#764);
#764 = CARTESIAN_POINT('',(83.5,151.5,28.));
#765 = LINE('',#766,#767);
#766 = CARTESIAN_POINT('',(55.625,151.5,0.125));
#767 = VECTOR('',#768,1.);
#768 = DIRECTION('',(-0.707106781187,0.,-0.707106781187));
#769 = ORIENTED_EDGE('',*,*,#770,.T.);
#770 = EDGE_CURVE('',#763,#745,#771,.T.);
#771 = LINE('',#772,#773);
#772 = CARTESIAN_POINT('',(74.375,151.5,37.125));
#773 = VECTOR('',#774,1.);
#774 = DIRECTION('',(0.707106781187,0.,-0.707106781187));
#775 = FACE_BOUND('',#776,.T.);
#776 = EDGE_LOOP('',(#777,#787,#795,#803));
#777 = ORIENTED_EDGE('',*,*,#778,.T.);
#778 = EDGE_CURVE('',#779,#781,#783,.T.);
#779 = VERTEX_POINT('',#780);
#780 = CARTESIAN_POINT('',(81.75,151.5,41.));
#781 = VERTEX_POINT('',#782);
#782 = CARTESIAN_POINT('',(91.25,151.5,50.5));
#783 = LINE('',#784,#785);
#784 = CARTESIAN_POINT('',(55.8125,151.5,15.0625));
#785 = VECTOR('',#786,1.);
#786 = DIRECTION('',(0.707106781187,0.,0.707106781187));
#787 = ORIENTED_EDGE('',*,*,#788,.T.);
#788 = EDGE_CURVE('',#781,#789,#791,.T.);
#789 = VERTEX_POINT('',#790);
#790 = CARTESIAN_POINT('',(81.75,151.5,60.));
#791 = LINE('',#792,#793);
#792 = CARTESIAN_POINT('',(76.3125,151.5,65.4375));
#793 = VECTOR('',#794,1.);
#794 = DIRECTION('',(-0.707106781187,-0.,0.707106781187));
#795 = ORIENTED_EDGE('',*,*,#796,.T.);
#796 = EDGE_CURVE('',#789,#797,#799,.T.);
#797 = VERTEX_POINT('',#798);
#798 = CARTESIAN_POINT('',(72.25,151.5,50.5));
#799 = LINE('',#800,#801);
#800 = CARTESIAN_POINT('',(41.5625,151.5,19.8125));
#801 = VECTOR('',#802,1.);
#802 = DIRECTION('',(-0.707106781187,0.,-0.707106781187));
#803 = ORIENTED_EDGE('',*,*,#804,.T.);
#804 = EDGE_CURVE('',#797,#779,#805,.T.);
#805 = LINE('',#806,#807);
#806 = CARTESIAN_POINT('',(71.5625,151.5,51.1875));
#807 = VECTOR('',#808,1.);
#808 = DIRECTION('',(0.707106781187,0.,-0.707106781187));
#809 = FACE_BOUND('',#810,.T.);
#810 = EDGE_LOOP('',(#811,#821,#829,#837));
#811 = ORIENTED_EDGE('',*,*,#812,.T.);
#812 = EDGE_CURVE('',#813,#815,#817,.T.);
#813 = VERTEX_POINT('',#814);
#814 = CARTESIAN_POINT('',(70.5,151.5,63.5));
#815 = VERTEX_POINT('',#816);
#816 = CARTESIAN_POINT('',(80.,151.5,73.));
#817 = LINE('',#818,#819);
#818 = CARTESIAN_POINT('',(41.75,151.5,34.75));
#819 = VECTOR('',#820,1.);
#820 = DIRECTION('',(0.707106781187,0.,0.707106781187));
#821 = ORIENTED_EDGE('',*,*,#822,.T.);
#822 = EDGE_CURVE('',#815,#823,#825,.T.);
#823 = VERTEX_POINT('',#824);
#824 = CARTESIAN_POINT('',(70.5,151.5,82.5));
#825 = LINE('',#826,#827);
#826 = CARTESIAN_POINT('',(73.5,151.5,79.5));
#827 = VECTOR('',#828,1.);
#828 = DIRECTION('',(-0.707106781187,-0.,0.707106781187));
#829 = ORIENTED_EDGE('',*,*,#830,.T.);
#830 = EDGE_CURVE('',#823,#831,#833,.T.);
#831 = VERTEX_POINT('',#832);
#832 = CARTESIAN_POINT('',(61.,151.5,73.));
#833 = LINE('',#834,#835);
#834 = CARTESIAN_POINT('',(27.5,151.5,39.5));
#835 = VECTOR('',#836,1.);
#836 = DIRECTION('',(-0.707106781187,0.,-0.707106781187));
#837 = ORIENTED_EDGE('',*,*,#838,.T.);
#838 = EDGE_CURVE('',#831,#813,#839,.T.);
#839 = LINE('',#840,#841);
#840 = CARTESIAN_POINT('',(68.75,151.5,65.25));
#841 = VECTOR('',#842,1.);
#842 = DIRECTION('',(0.707106781187,0.,-0.707106781187));
#843 = FACE_BOUND('',#844,.T.);
#844 = EDGE_LOOP('',(#845,#855,#863,#871));
#845 = ORIENTED_EDGE('',*,*,#846,.T.);
#846 = EDGE_CURVE('',#847,#849,#851,.T.);
#847 = VERTEX_POINT('',#848);
#848 = CARTESIAN_POINT('',(93.,151.5,63.5));
#849 = VERTEX_POINT('',#850);
#850 = CARTESIAN_POINT('',(102.5,151.5,73.));
#851 = LINE('',#852,#853);
#852 = CARTESIAN_POINT('',(58.625,151.5,29.125));
#853 = VECTOR('',#854,1.);
#854 = DIRECTION('',(0.707106781187,0.,0.707106781187));
#855 = ORIENTED_EDGE('',*,*,#856,.T.);
#856 = EDGE_CURVE('',#849,#857,#859,.T.);
#857 = VERTEX_POINT('',#858);
#858 = CARTESIAN_POINT('',(93.,151.5,82.5));
#859 = LINE('',#860,#861);
#860 = CARTESIAN_POINT('',(90.375,151.5,85.125));
#861 = VECTOR('',#862,1.);
#862 = DIRECTION('',(-0.707106781187,-0.,0.707106781187));
#863 = ORIENTED_EDGE('',*,*,#864,.T.);
#864 = EDGE_CURVE('',#857,#865,#867,.T.);
#865 = VERTEX_POINT('',#866);
#866 = CARTESIAN_POINT('',(83.5,151.5,73.));
#867 = LINE('',#868,#869);
#868 = CARTESIAN_POINT('',(44.375,151.5,33.875));
#869 = VECTOR('',#870,1.);
#870 = DIRECTION('',(-0.707106781187,0.,-0.707106781187));
#871 = ORIENTED_EDGE('',*,*,#872,.T.);
#872 = EDGE_CURVE('',#865,#847,#873,.T.);
#873 = LINE('',#874,#875);
#874 = CARTESIAN_POINT('',(85.625,151.5,70.875));
#875 = VECTOR('',#876,1.);
#876 = DIRECTION('',(0.707106781187,0.,-0.707106781187));
#877 = FACE_BOUND('',#878,.T.);
#878 = EDGE_LOOP('',(#879,#889,#897,#905));
#879 = ORIENTED_EDGE('',*,*,#880,.T.);
#880 = EDGE_CURVE('',#881,#883,#885,.T.);
#881 = VERTEX_POINT('',#882);
#882 = CARTESIAN_POINT('',(59.25,151.5,86.));
#883 = VERTEX_POINT('',#884);
#884 = CARTESIAN_POINT('',(68.75,151.5,95.5));
#885 = LINE('',#886,#887);
#886 = CARTESIAN_POINT('',(27.6875,151.5,54.4375));
#887 = VECTOR('',#888,1.);
#888 = DIRECTION('',(0.707106781187,0.,0.707106781187));
#889 = ORIENTED_EDGE('',*,*,#890,.T.);
#890 = EDGE_CURVE('',#883,#891,#893,.T.);
#891 = VERTEX_POINT('',#892);
#892 = CARTESIAN_POINT('',(59.25,151.5,105.));
#893 = LINE('',#894,#895);
#894 = CARTESIAN_POINT('',(70.6875,151.5,93.5625));
#895 = VECTOR('',#896,1.);
#896 = DIRECTION('',(-0.707106781187,-0.,0.707106781187));
#897 = ORIENTED_EDGE('',*,*,#898,.T.);
#898 = EDGE_CURVE('',#891,#899,#901,.T.);
#899 = VERTEX_POINT('',#900);
#900 = CARTESIAN_POINT('',(49.75,151.5,95.5));
#901 = LINE('',#902,#903);
#902 = CARTESIAN_POINT('',(13.4375,151.5,59.1875));
#903 = VECTOR('',#904,1.);
#904 = DIRECTION('',(-0.707106781187,0.,-0.707106781187));
#905 = ORIENTED_EDGE('',*,*,#906,.T.);
#906 = EDGE_CURVE('',#899,#881,#907,.T.);
#907 = LINE('',#908,#909);
#908 = CARTESIAN_POINT('',(65.9375,151.5,79.3125));
#909 = VECTOR('',#910,1.);
#910 = DIRECTION('',(0.707106781187,0.,-0.707106781187));
#911 = FACE_BOUND('',#912,.T.);
#912 = EDGE_LOOP('',(#913,#923,#931,#939));
#913 = ORIENTED_EDGE('',*,*,#914,.T.);
#914 = EDGE_CURVE('',#915,#917,#919,.T.);
#915 = VERTEX_POINT('',#916);
#916 = CARTESIAN_POINT('',(48.,151.5,108.5));
#917 = VERTEX_POINT('',#918);
#918 = CARTESIAN_POINT('',(57.5,151.5,118.));
#919 = LINE('',#920,#921);
#920 = CARTESIAN_POINT('',(13.625,151.5,74.125));
#921 = VECTOR('',#922,1.);
#922 = DIRECTION('',(0.707106781187,0.,0.707106781187));
#923 = ORIENTED_EDGE('',*,*,#924,.T.);
#924 = EDGE_CURVE('',#917,#925,#927,.T.);
#925 = VERTEX_POINT('',#926);
#926 = CARTESIAN_POINT('',(48.,151.5,127.5));
#927 = LINE('',#928,#929);
#928 = CARTESIAN_POINT('',(67.875,151.5,107.625));
#929 = VECTOR('',#930,1.);
#930 = DIRECTION('',(-0.707106781187,-0.,0.707106781187));
#931 = ORIENTED_EDGE('',*,*,#932,.T.);
#932 = EDGE_CURVE('',#925,#933,#935,.T.);
#933 = VERTEX_POINT('',#934);
#934 = CARTESIAN_POINT('',(38.5,151.5,118.));
#935 = LINE('',#936,#937);
#936 = CARTESIAN_POINT('',(-0.625,151.5,78.875));
#937 = VECTOR('',#938,1.);
#938 = DIRECTION('',(-0.707106781187,0.,-0.707106781187));
#939 = ORIENTED_EDGE('',*,*,#940,.T.);
#940 = EDGE_CURVE('',#933,#915,#941,.T.);
#941 = LINE('',#942,#943);
#942 = CARTESIAN_POINT('',(63.125,151.5,93.375));
#943 = VECTOR('',#944,1.);
#944 = DIRECTION('',(0.707106781187,0.,-0.707106781187));
#945 = FACE_BOUND('',#946,.T.);
#946 = EDGE_LOOP('',(#947,#957,#965,#973));
#947 = ORIENTED_EDGE('',*,*,#948,.T.);
#948 = EDGE_CURVE('',#949,#951,#953,.T.);
#949 = VERTEX_POINT('',#950);
#950 = CARTESIAN_POINT('',(81.75,151.5,86.));
#951 = VERTEX_POINT('',#952);
#952 = CARTESIAN_POINT('',(91.25,151.5,95.5));
#953 = LINE('',#954,#955);
#954 = CARTESIAN_POINT('',(44.5625,151.5,48.8125));
#955 = VECTOR('',#956,1.);
#956 = DIRECTION('',(0.707106781187,0.,0.707106781187));
#957 = ORIENTED_EDGE('',*,*,#958,.T.);
#958 = EDGE_CURVE('',#951,#959,#961,.T.);
#959 = VERTEX_POINT('',#960);
#960 = CARTESIAN_POINT('',(81.75,151.5,105.));
#961 = LINE('',#962,#963);
#962 = CARTESIAN_POINT('',(87.5625,151.5,99.1875));
#963 = VECTOR('',#964,1.);
#964 = DIRECTION('',(-0.707106781187,-0.,0.707106781187));
#965 = ORIENTED_EDGE('',*,*,#966,.T.);
#966 = EDGE_CURVE('',#959,#967,#969,.T.);
#967 = VERTEX_POINT('',#968);
#968 = CARTESIAN_POINT('',(72.25,151.5,95.5));
#969 = LINE('',#970,#971);
#970 = CARTESIAN_POINT('',(30.3125,151.5,53.5625));
#971 = VECTOR('',#972,1.);
#972 = DIRECTION('',(-0.707106781187,0.,-0.707106781187));
#973 = ORIENTED_EDGE('',*,*,#974,.T.);
#974 = EDGE_CURVE('',#967,#949,#975,.T.);
#975 = LINE('',#976,#977);
#976 = CARTESIAN_POINT('',(82.8125,151.5,84.9375));
#977 = VECTOR('',#978,1.);
#978 = DIRECTION('',(0.707106781187,0.,-0.707106781187));
#979 = FACE_BOUND('',#980,.T.);
#980 = EDGE_LOOP('',(#981,#991,#999,#1007));
#981 = ORIENTED_EDGE('',*,*,#982,.T.);
#982 = EDGE_CURVE('',#983,#985,#987,.T.);
#983 = VERTEX_POINT('',#984);
#984 = CARTESIAN_POINT('',(70.5,151.5,108.5));
#985 = VERTEX_POINT('',#986);
#986 = CARTESIAN_POINT('',(80.,151.5,118.));
#987 = LINE('',#988,#989);
#988 = CARTESIAN_POINT('',(30.5,151.5,68.5));
#989 = VECTOR('',#990,1.);
#990 = DIRECTION('',(0.707106781187,0.,0.707106781187));
#991 = ORIENTED_EDGE('',*,*,#992,.T.);
#992 = EDGE_CURVE('',#985,#993,#995,.T.);
#993 = VERTEX_POINT('',#994);
#994 = CARTESIAN_POINT('',(70.5,151.5,127.5));
#995 = LINE('',#996,#997);
#996 = CARTESIAN_POINT('',(84.75,151.5,113.25));
#997 = VECTOR('',#998,1.);
#998 = DIRECTION('',(-0.707106781187,-0.,0.707106781187));
#999 = ORIENTED_EDGE('',*,*,#1000,.T.);
#1000 = EDGE_CURVE('',#993,#1001,#1003,.T.);
#1001 = VERTEX_POINT('',#1002);
#1002 = CARTESIAN_POINT('',(61.,151.5,118.));
#1003 = LINE('',#1004,#1005);
#1004 = CARTESIAN_POINT('',(16.25,151.5,73.25));
#1005 = VECTOR('',#1006,1.);
#1006 = DIRECTION('',(-0.707106781187,0.,-0.707106781187));
#1007 = ORIENTED_EDGE('',*,*,#1008,.T.);
#1008 = EDGE_CURVE('',#1001,#983,#1009,.T.);
#1009 = LINE('',#1010,#1011);
#1010 = CARTESIAN_POINT('',(80.,151.5,99.));
#1011 = VECTOR('',#1012,1.);
#1012 = DIRECTION('',(0.707106781187,0.,-0.707106781187));
#1013 = FACE_BOUND('',#1014,.T.);
#1014 = EDGE_LOOP('',(#1015,#1025,#1033,#1041));
#1015 = ORIENTED_EDGE('',*,*,#1016,.T.);
#1016 = EDGE_CURVE('',#1017,#1019,#1021,.T.);
#1017 = VERTEX_POINT('',#1018);
#1018 = CARTESIAN_POINT('',(93.,151.5,108.5));
#1019 = VERTEX_POINT('',#1020);
#1020 = CARTESIAN_POINT('',(102.5,151.5,118.));
#1021 = LINE('',#1022,#1023);
#1022 = CARTESIAN_POINT('',(47.375,151.5,62.875));
#1023 = VECTOR('',#1024,1.);
#1024 = DIRECTION('',(0.707106781187,0.,0.707106781187));
#1025 = ORIENTED_EDGE('',*,*,#1026,.T.);
#1026 = EDGE_CURVE('',#1019,#1027,#1029,.T.);
#1027 = VERTEX_POINT('',#1028);
#1028 = CARTESIAN_POINT('',(93.,151.5,127.5));
#1029 = LINE('',#1030,#1031);
#1030 = CARTESIAN_POINT('',(101.625,151.5,118.875));
#1031 = VECTOR('',#1032,1.);
#1032 = DIRECTION('',(-0.707106781187,-0.,0.707106781187));
#1033 = ORIENTED_EDGE('',*,*,#1034,.T.);
#1034 = EDGE_CURVE('',#1027,#1035,#1037,.T.);
#1035 = VERTEX_POINT('',#1036);
#1036 = CARTESIAN_POINT('',(83.5,151.5,118.));
#1037 = LINE('',#1038,#1039);
#1038 = CARTESIAN_POINT('',(33.125,151.5,67.625));
#1039 = VECTOR('',#1040,1.);
#1040 = DIRECTION('',(-0.707106781187,0.,-0.707106781187));
#1041 = ORIENTED_EDGE('',*,*,#1042,.T.);
#1042 = EDGE_CURVE('',#1035,#1017,#1043,.T.);
#1043 = LINE('',#1044,#1045);
#1044 = CARTESIAN_POINT('',(96.875,151.5,104.625));
#1045 = VECTOR('',#1046,1.);
#1046 = DIRECTION('',(0.707106781187,0.,-0.707106781187));
#1047 = FACE_BOUND('',#1048,.T.);
#1048 = EDGE_LOOP('',(#1049,#1059,#1067,#1075));
#1049 = ORIENTED_EDGE('',*,*,#1050,.T.);
#1050 = EDGE_CURVE('',#1051,#1053,#1055,.T.);
#1051 = VERTEX_POINT('',#1052);
#1052 = CARTESIAN_POINT('',(115.5,151.5,18.5));
#1053 = VERTEX_POINT('',#1054);
#1054 = CARTESIAN_POINT('',(125.,151.5,28.));
#1055 = LINE('',#1056,#1057);
#1056 = CARTESIAN_POINT('',(86.75,151.5,-10.25));
#1057 = VECTOR('',#1058,1.);
#1058 = DIRECTION('',(0.707106781187,0.,0.707106781187));
#1059 = ORIENTED_EDGE('',*,*,#1060,.T.);
#1060 = EDGE_CURVE('',#1053,#1061,#1063,.T.);
#1061 = VERTEX_POINT('',#1062);
#1062 = CARTESIAN_POINT('',(115.5,151.5,37.5));
#1063 = LINE('',#1064,#1065);
#1064 = CARTESIAN_POINT('',(96.,151.5,57.));
#1065 = VECTOR('',#1066,1.);
#1066 = DIRECTION('',(-0.707106781187,-0.,0.707106781187));
#1067 = ORIENTED_EDGE('',*,*,#1068,.T.);
#1068 = EDGE_CURVE('',#1061,#1069,#1071,.T.);
#1069 = VERTEX_POINT('',#1070);
#1070 = CARTESIAN_POINT('',(106.,151.5,28.));
#1071 = LINE('',#1072,#1073);
#1072 = CARTESIAN_POINT('',(72.5,151.5,-5.5));
#1073 = VECTOR('',#1074,1.);
#1074 = DIRECTION('',(-0.707106781187,0.,-0.707106781187));
#1075 = ORIENTED_EDGE('',*,*,#1076,.T.);
#1076 = EDGE_CURVE('',#1069,#1051,#1077,.T.);
#1077 = LINE('',#1078,#1079);
#1078 = CARTESIAN_POINT('',(91.25,151.5,42.75));
#1079 = VECTOR('',#1080,1.);
#1080 = DIRECTION('',(0.707106781187,0.,-0.707106781187));
#1081 = FACE_BOUND('',#1082,.T.);
#1082 = EDGE_LOOP('',(#1083,#1093,#1101,#1109));
#1083 = ORIENTED_EDGE('',*,*,#1084,.T.);
#1084 = EDGE_CURVE('',#1085,#1087,#1089,.T.);
#1085 = VERTEX_POINT('',#1086);
#1086 = CARTESIAN_POINT('',(104.25,151.5,41.));
#1087 = VERTEX_POINT('',#1088);
#1088 = CARTESIAN_POINT('',(113.75,151.5,50.5));
#1089 = LINE('',#1090,#1091);
#1090 = CARTESIAN_POINT('',(72.6875,151.5,9.4375));
#1091 = VECTOR('',#1092,1.);
#1092 = DIRECTION('',(0.707106781187,0.,0.707106781187));
#1093 = ORIENTED_EDGE('',*,*,#1094,.T.);
#1094 = EDGE_CURVE('',#1087,#1095,#1097,.T.);
#1095 = VERTEX_POINT('',#1096);
#1096 = CARTESIAN_POINT('',(104.25,151.5,60.));
#1097 = LINE('',#1098,#1099);
#1098 = CARTESIAN_POINT('',(93.1875,151.5,71.0625));
#1099 = VECTOR('',#1100,1.);
#1100 = DIRECTION('',(-0.707106781187,-0.,0.707106781187));
#1101 = ORIENTED_EDGE('',*,*,#1102,.T.);
#1102 = EDGE_CURVE('',#1095,#1103,#1105,.T.);
#1103 = VERTEX_POINT('',#1104);
#1104 = CARTESIAN_POINT('',(94.75,151.5,50.5));
#1105 = LINE('',#1106,#1107);
#1106 = CARTESIAN_POINT('',(58.4375,151.5,14.1875));
#1107 = VECTOR('',#1108,1.);
#1108 = DIRECTION('',(-0.707106781187,0.,-0.707106781187));
#1109 = ORIENTED_EDGE('',*,*,#1110,.T.);
#1110 = EDGE_CURVE('',#1103,#1085,#1111,.T.);
#1111 = LINE('',#1112,#1113);
#1112 = CARTESIAN_POINT('',(88.4375,151.5,56.8125));
#1113 = VECTOR('',#1114,1.);
#1114 = DIRECTION('',(0.707106781187,0.,-0.707106781187));
#1115 = FACE_BOUND('',#1116,.T.);
#1116 = EDGE_LOOP('',(#1117,#1127,#1135,#1143));
#1117 = ORIENTED_EDGE('',*,*,#1118,.T.);
#1118 = EDGE_CURVE('',#1119,#1121,#1123,.T.);
#1119 = VERTEX_POINT('',#1120);
#1120 = CARTESIAN_POINT('',(126.75,151.5,41.));
#1121 = VERTEX_POINT('',#1122);
#1122 = CARTESIAN_POINT('',(136.25,151.5,50.5));
#1123 = LINE('',#1124,#1125);
#1124 = CARTESIAN_POINT('',(89.5625,151.5,3.8125));
#1125 = VECTOR('',#1126,1.);
#1126 = DIRECTION('',(0.707106781187,0.,0.707106781187));
#1127 = ORIENTED_EDGE('',*,*,#1128,.T.);
#1128 = EDGE_CURVE('',#1121,#1129,#1131,.T.);
#1129 = VERTEX_POINT('',#1130);
#1130 = CARTESIAN_POINT('',(126.75,151.5,60.));
#1131 = LINE('',#1132,#1133);
#1132 = CARTESIAN_POINT('',(110.0625,151.5,76.6875));
#1133 = VECTOR('',#1134,1.);
#1134 = DIRECTION('',(-0.707106781187,-0.,0.707106781187));
#1135 = ORIENTED_EDGE('',*,*,#1136,.T.);
#1136 = EDGE_CURVE('',#1129,#1137,#1139,.T.);
#1137 = VERTEX_POINT('',#1138);
#1138 = CARTESIAN_POINT('',(117.25,151.5,50.5));
#1139 = LINE('',#1140,#1141);
#1140 = CARTESIAN_POINT('',(75.3125,151.5,8.5625));
#1141 = VECTOR('',#1142,1.);
#1142 = DIRECTION('',(-0.707106781187,0.,-0.707106781187));
#1143 = ORIENTED_EDGE('',*,*,#1144,.T.);
#1144 = EDGE_CURVE('',#1137,#1119,#1145,.T.);
#1145 = LINE('',#1146,#1147);
#1146 = CARTESIAN_POINT('',(105.3125,151.5,62.4375));
#1147 = VECTOR('',#1148,1.);
#1148 = DIRECTION('',(0.707106781187,0.,-0.707106781187));
#1149 = FACE_BOUND('',#1150,.T.);
#1150 = EDGE_LOOP('',(#1151,#1161,#1169,#1177));
#1151 = ORIENTED_EDGE('',*,*,#1152,.T.);
#1152 = EDGE_CURVE('',#1153,#1155,#1157,.T.);
#1153 = VERTEX_POINT('',#1154);
#1154 = CARTESIAN_POINT('',(115.5,151.5,63.5));
#1155 = VERTEX_POINT('',#1156);
#1156 = CARTESIAN_POINT('',(125.,151.5,73.));
#1157 = LINE('',#1158,#1159);
#1158 = CARTESIAN_POINT('',(75.5,151.5,23.5));
#1159 = VECTOR('',#1160,1.);
#1160 = DIRECTION('',(0.707106781187,0.,0.707106781187));
#1161 = ORIENTED_EDGE('',*,*,#1162,.T.);
#1162 = EDGE_CURVE('',#1155,#1163,#1165,.T.);
#1163 = VERTEX_POINT('',#1164);
#1164 = CARTESIAN_POINT('',(115.5,151.5,82.5));
#1165 = LINE('',#1166,#1167);
#1166 = CARTESIAN_POINT('',(107.25,151.5,90.75));
#1167 = VECTOR('',#1168,1.);
#1168 = DIRECTION('',(-0.707106781187,-0.,0.707106781187));
#1169 = ORIENTED_EDGE('',*,*,#1170,.T.);
#1170 = EDGE_CURVE('',#1163,#1171,#1173,.T.);
#1171 = VERTEX_POINT('',#1172);
#1172 = CARTESIAN_POINT('',(106.,151.5,73.));
#1173 = LINE('',#1174,#1175);
#1174 = CARTESIAN_POINT('',(61.25,151.5,28.25));
#1175 = VECTOR('',#1176,1.);
#1176 = DIRECTION('',(-0.707106781187,0.,-0.707106781187));
#1177 = ORIENTED_EDGE('',*,*,#1178,.T.);
#1178 = EDGE_CURVE('',#1171,#1153,#1179,.T.);
#1179 = LINE('',#1180,#1181);
#1180 = CARTESIAN_POINT('',(102.5,151.5,76.5));
#1181 = VECTOR('',#1182,1.);
#1182 = DIRECTION('',(0.707106781187,0.,-0.707106781187));
#1183 = FACE_BOUND('',#1184,.T.);
#1184 = EDGE_LOOP('',(#1185,#1195,#1203,#1211));
#1185 = ORIENTED_EDGE('',*,*,#1186,.T.);
#1186 = EDGE_CURVE('',#1187,#1189,#1191,.T.);
#1187 = VERTEX_POINT('',#1188);
#1188 = CARTESIAN_POINT('',(138.,151.5,18.5));
#1189 = VERTEX_POINT('',#1190);
#1190 = CARTESIAN_POINT('',(147.5,151.5,28.));
#1191 = LINE('',#1192,#1193);
#1192 = CARTESIAN_POINT('',(103.625,151.5,-15.875));
#1193 = VECTOR('',#1194,1.);
#1194 = DIRECTION('',(0.707106781187,0.,0.707106781187));
#1195 = ORIENTED_EDGE('',*,*,#1196,.T.);
#1196 = EDGE_CURVE('',#1189,#1197,#1199,.T.);
#1197 = VERTEX_POINT('',#1198);
#1198 = CARTESIAN_POINT('',(138.,151.5,37.5));
#1199 = LINE('',#1200,#1201);
#1200 = CARTESIAN_POINT('',(112.875,151.5,62.625));
#1201 = VECTOR('',#1202,1.);
#1202 = DIRECTION('',(-0.707106781187,-0.,0.707106781187));
#1203 = ORIENTED_EDGE('',*,*,#1204,.T.);
#1204 = EDGE_CURVE('',#1197,#1205,#1207,.T.);
#1205 = VERTEX_POINT('',#1206);
#1206 = CARTESIAN_POINT('',(128.5,151.5,28.));
#1207 = LINE('',#1208,#1209);
#1208 = CARTESIAN_POINT('',(89.375,151.5,-11.125));
#1209 = VECTOR('',#1210,1.);
#1210 = DIRECTION('',(-0.707106781187,0.,-0.707106781187));
#1211 = ORIENTED_EDGE('',*,*,#1212,.T.);
#1212 = EDGE_CURVE('',#1205,#1187,#1213,.T.);
#1213 = LINE('',#1214,#1215);
#1214 = CARTESIAN_POINT('',(108.125,151.5,48.375));
#1215 = VECTOR('',#1216,1.);
#1216 = DIRECTION('',(0.707106781187,0.,-0.707106781187));
#1217 = FACE_BOUND('',#1218,.T.);
#1218 = EDGE_LOOP('',(#1219,#1229,#1237,#1245));
#1219 = ORIENTED_EDGE('',*,*,#1220,.T.);
#1220 = EDGE_CURVE('',#1221,#1223,#1225,.T.);
#1221 = VERTEX_POINT('',#1222);
#1222 = CARTESIAN_POINT('',(138.,151.5,63.5));
#1223 = VERTEX_POINT('',#1224);
#1224 = CARTESIAN_POINT('',(147.5,151.5,73.));
#1225 = LINE('',#1226,#1227);
#1226 = CARTESIAN_POINT('',(92.375,151.5,17.875));
#1227 = VECTOR('',#1228,1.);
#1228 = DIRECTION('',(0.707106781187,0.,0.707106781187));
#1229 = ORIENTED_EDGE('',*,*,#1230,.T.);
#1230 = EDGE_CURVE('',#1223,#1231,#1233,.T.);
#1231 = VERTEX_POINT('',#1232);
#1232 = CARTESIAN_POINT('',(138.,151.5,82.5));
#1233 = LINE('',#1234,#1235);
#1234 = CARTESIAN_POINT('',(124.125,151.5,96.375));
#1235 = VECTOR('',#1236,1.);
#1236 = DIRECTION('',(-0.707106781187,-0.,0.707106781187));
#1237 = ORIENTED_EDGE('',*,*,#1238,.T.);
#1238 = EDGE_CURVE('',#1231,#1239,#1241,.T.);
#1239 = VERTEX_POINT('',#1240);
#1240 = CARTESIAN_POINT('',(128.5,151.5,73.));
#1241 = LINE('',#1242,#1243);
#1242 = CARTESIAN_POINT('',(78.125,151.5,22.625));
#1243 = VECTOR('',#1244,1.);
#1244 = DIRECTION('',(-0.707106781187,0.,-0.707106781187));
#1245 = ORIENTED_EDGE('',*,*,#1246,.T.);
#1246 = EDGE_CURVE('',#1239,#1221,#1247,.T.);
#1247 = LINE('',#1248,#1249);
#1248 = CARTESIAN_POINT('',(119.375,151.5,82.125));
#1249 = VECTOR('',#1250,1.);
#1250 = DIRECTION('',(0.707106781187,0.,-0.707106781187));
#1251 = FACE_BOUND('',#1252,.T.);
#1252 = EDGE_LOOP('',(#1253,#1263,#1271,#1279));
#1253 = ORIENTED_EDGE('',*,*,#1254,.T.);
#1254 = EDGE_CURVE('',#1255,#1257,#1259,.T.);
#1255 = VERTEX_POINT('',#1256);
#1256 = CARTESIAN_POINT('',(149.25,151.5,41.));
#1257 = VERTEX_POINT('',#1258);
#1258 = CARTESIAN_POINT('',(158.75,151.5,50.5));
#1259 = LINE('',#1260,#1261);
#1260 = CARTESIAN_POINT('',(106.4375,151.5,-1.8125));
#1261 = VECTOR('',#1262,1.);
#1262 = DIRECTION('',(0.707106781187,0.,0.707106781187));
#1263 = ORIENTED_EDGE('',*,*,#1264,.T.);
#1264 = EDGE_CURVE('',#1257,#1265,#1267,.T.);
#1265 = VERTEX_POINT('',#1266);
#1266 = CARTESIAN_POINT('',(149.25,151.5,60.));
#1267 = LINE('',#1268,#1269);
#1268 = CARTESIAN_POINT('',(126.9375,151.5,82.3125));
#1269 = VECTOR('',#1270,1.);
#1270 = DIRECTION('',(-0.707106781187,-0.,0.707106781187));
#1271 = ORIENTED_EDGE('',*,*,#1272,.T.);
#1272 = EDGE_CURVE('',#1265,#1273,#1275,.T.);
#1273 = VERTEX_POINT('',#1274);
#1274 = CARTESIAN_POINT('',(139.75,151.5,50.5));
#1275 = LINE('',#1276,#1277);
#1276 = CARTESIAN_POINT('',(92.1875,151.5,2.9375));
#1277 = VECTOR('',#1278,1.);
#1278 = DIRECTION('',(-0.707106781187,0.,-0.707106781187));
#1279 = ORIENTED_EDGE('',*,*,#1280,.T.);
#1280 = EDGE_CURVE('',#1273,#1255,#1281,.T.);
#1281 = LINE('',#1282,#1283);
#1282 = CARTESIAN_POINT('',(122.1875,151.5,68.0625));
#1283 = VECTOR('',#1284,1.);
#1284 = DIRECTION('',(0.707106781187,0.,-0.707106781187));
#1285 = FACE_BOUND('',#1286,.T.);
#1286 = EDGE_LOOP('',(#1287,#1297,#1305,#1313));
#1287 = ORIENTED_EDGE('',*,*,#1288,.T.);
#1288 = EDGE_CURVE('',#1289,#1291,#1293,.T.);
#1289 = VERTEX_POINT('',#1290);
#1290 = CARTESIAN_POINT('',(104.25,151.5,86.));
#1291 = VERTEX_POINT('',#1292);
#1292 = CARTESIAN_POINT('',(113.75,151.5,95.5));
#1293 = LINE('',#1294,#1295);
#1294 = CARTESIAN_POINT('',(61.4375,151.5,43.1875));
#1295 = VECTOR('',#1296,1.);
#1296 = DIRECTION('',(0.707106781187,0.,0.707106781187));
#1297 = ORIENTED_EDGE('',*,*,#1298,.T.);
#1298 = EDGE_CURVE('',#1291,#1299,#1301,.T.);
#1299 = VERTEX_POINT('',#1300);
#1300 = CARTESIAN_POINT('',(104.25,151.5,105.));
#1301 = LINE('',#1302,#1303);
#1302 = CARTESIAN_POINT('',(104.4375,151.5,104.8125));
#1303 = VECTOR('',#1304,1.);
#1304 = DIRECTION('',(-0.707106781187,-0.,0.707106781187));
#1305 = ORIENTED_EDGE('',*,*,#1306,.T.);
#1306 = EDGE_CURVE('',#1299,#1307,#1309,.T.);
#1307 = VERTEX_POINT('',#1308);
#1308 = CARTESIAN_POINT('',(94.75,151.5,95.5));
#1309 = LINE('',#1310,#1311);
#1310 = CARTESIAN_POINT('',(47.1875,151.5,47.9375));
#1311 = VECTOR('',#1312,1.);
#1312 = DIRECTION('',(-0.707106781187,0.,-0.707106781187));
#1313 = ORIENTED_EDGE('',*,*,#1314,.T.);
#1314 = EDGE_CURVE('',#1307,#1289,#1315,.T.);
#1315 = LINE('',#1316,#1317);
#1316 = CARTESIAN_POINT('',(99.6875,151.5,90.5625));
#1317 = VECTOR('',#1318,1.);
#1318 = DIRECTION('',(0.707106781187,0.,-0.707106781187));
#1319 = FACE_BOUND('',#1320,.T.);
#1320 = EDGE_LOOP('',(#1321,#1331,#1339,#1347));
#1321 = ORIENTED_EDGE('',*,*,#1322,.T.);
#1322 = EDGE_CURVE('',#1323,#1325,#1327,.T.);
#1323 = VERTEX_POINT('',#1324);
#1324 = CARTESIAN_POINT('',(126.75,151.5,86.));
#1325 = VERTEX_POINT('',#1326);
#1326 = CARTESIAN_POINT('',(136.25,151.5,95.5));
#1327 = LINE('',#1328,#1329);
#1328 = CARTESIAN_POINT('',(78.3125,151.5,37.5625));
#1329 = VECTOR('',#1330,1.);
#1330 = DIRECTION('',(0.707106781187,0.,0.707106781187));
#1331 = ORIENTED_EDGE('',*,*,#1332,.T.);
#1332 = EDGE_CURVE('',#1325,#1333,#1335,.T.);
#1333 = VERTEX_POINT('',#1334);
#1334 = CARTESIAN_POINT('',(126.75,151.5,105.));
#1335 = LINE('',#1336,#1337);
#1336 = CARTESIAN_POINT('',(121.3125,151.5,110.4375));
#1337 = VECTOR('',#1338,1.);
#1338 = DIRECTION('',(-0.707106781187,-0.,0.707106781187));
#1339 = ORIENTED_EDGE('',*,*,#1340,.T.);
#1340 = EDGE_CURVE('',#1333,#1341,#1343,.T.);
#1341 = VERTEX_POINT('',#1342);
#1342 = CARTESIAN_POINT('',(117.25,151.5,95.5));
#1343 = LINE('',#1344,#1345);
#1344 = CARTESIAN_POINT('',(64.0625,151.5,42.3125));
#1345 = VECTOR('',#1346,1.);
#1346 = DIRECTION('',(-0.707106781187,0.,-0.707106781187));
#1347 = ORIENTED_EDGE('',*,*,#1348,.T.);
#1348 = EDGE_CURVE('',#1341,#1323,#1349,.T.);
#1349 = LINE('',#1350,#1351);
#1350 = CARTESIAN_POINT('',(116.5625,151.5,96.1875));
#1351 = VECTOR('',#1352,1.);
#1352 = DIRECTION('',(0.707106781187,0.,-0.707106781187));
#1353 = FACE_BOUND('',#1354,.T.);
#1354 = EDGE_LOOP('',(#1355,#1365,#1373,#1381));
#1355 = ORIENTED_EDGE('',*,*,#1356,.T.);
#1356 = EDGE_CURVE('',#1357,#1359,#1361,.T.);
#1357 = VERTEX_POINT('',#1358);
#1358 = CARTESIAN_POINT('',(115.5,151.5,108.5));
#1359 = VERTEX_POINT('',#1360);
#1360 = CARTESIAN_POINT('',(125.,151.5,118.));
#1361 = LINE('',#1362,#1363);
#1362 = CARTESIAN_POINT('',(64.25,151.5,57.25));
#1363 = VECTOR('',#1364,1.);
#1364 = DIRECTION('',(0.707106781187,0.,0.707106781187));
#1365 = ORIENTED_EDGE('',*,*,#1366,.T.);
#1366 = EDGE_CURVE('',#1359,#1367,#1369,.T.);
#1367 = VERTEX_POINT('',#1368);
#1368 = CARTESIAN_POINT('',(115.5,151.5,127.5));
#1369 = LINE('',#1370,#1371);
#1370 = CARTESIAN_POINT('',(118.5,151.5,124.5));
#1371 = VECTOR('',#1372,1.);
#1372 = DIRECTION('',(-0.707106781187,-0.,0.707106781187));
#1373 = ORIENTED_EDGE('',*,*,#1374,.T.);
#1374 = EDGE_CURVE('',#1367,#1375,#1377,.T.);
#1375 = VERTEX_POINT('',#1376);
#1376 = CARTESIAN_POINT('',(106.,151.5,118.));
#1377 = LINE('',#1378,#1379);
#1378 = CARTESIAN_POINT('',(50.,151.5,62.));
#1379 = VECTOR('',#1380,1.);
#1380 = DIRECTION('',(-0.707106781187,0.,-0.707106781187));
#1381 = ORIENTED_EDGE('',*,*,#1382,.T.);
#1382 = EDGE_CURVE('',#1375,#1357,#1383,.T.);
#1383 = LINE('',#1384,#1385);
#1384 = CARTESIAN_POINT('',(113.75,151.5,110.25));
#1385 = VECTOR('',#1386,1.);
#1386 = DIRECTION('',(0.707106781187,0.,-0.707106781187));
#1387 = FACE_BOUND('',#1388,.T.);
#1388 = EDGE_LOOP('',(#1389,#1399,#1407,#1415));
#1389 = ORIENTED_EDGE('',*,*,#1390,.T.);
#1390 = EDGE_CURVE('',#1391,#1393,#1395,.T.);
#1391 = VERTEX_POINT('',#1392);
#1392 = CARTESIAN_POINT('',(149.25,151.5,86.));
#1393 = VERTEX_POINT('',#1394);
#1394 = CARTESIAN_POINT('',(158.75,151.5,95.5));
#1395 = LINE('',#1396,#1397);
#1396 = CARTESIAN_POINT('',(95.1875,151.5,31.9375));
#1397 = VECTOR('',#1398,1.);
#1398 = DIRECTION('',(0.707106781187,0.,0.707106781187));
#1399 = ORIENTED_EDGE('',*,*,#1400,.T.);
#1400 = EDGE_CURVE('',#1393,#1401,#1403,.T.);
#1401 = VERTEX_POINT('',#1402);
#1402 = CARTESIAN_POINT('',(149.25,151.5,105.));
#1403 = LINE('',#1404,#1405);
#1404 = CARTESIAN_POINT('',(138.1875,151.5,116.0625));
#1405 = VECTOR('',#1406,1.);
#1406 = DIRECTION('',(-0.707106781187,-0.,0.707106781187));
#1407 = ORIENTED_EDGE('',*,*,#1408,.T.);
#1408 = EDGE_CURVE('',#1401,#1409,#1411,.T.);
#1409 = VERTEX_POINT('',#1410);
#1410 = CARTESIAN_POINT('',(139.75,151.5,95.5));
#1411 = LINE('',#1412,#1413);
#1412 = CARTESIAN_POINT('',(80.9375,151.5,36.6875));
#1413 = VECTOR('',#1414,1.);
#1414 = DIRECTION('',(-0.707106781187,0.,-0.707106781187));
#1415 = ORIENTED_EDGE('',*,*,#1416,.T.);
#1416 = EDGE_CURVE('',#1409,#1391,#1417,.T.);
#1417 = LINE('',#1418,#1419);
#1418 = CARTESIAN_POINT('',(133.4375,151.5,101.8125));
#1419 = VECTOR('',#1420,1.);
#1420 = DIRECTION('',(0.707106781187,0.,-0.707106781187));
#1421 = FACE_BOUND('',#1422,.T.);
#1422 = EDGE_LOOP('',(#1423,#1433,#1441,#1449));
#1423 = ORIENTED_EDGE('',*,*,#1424,.T.);
#1424 = EDGE_CURVE('',#1425,#1427,#1429,.T.);
#1425 = VERTEX_POINT('',#1426);
#1426 = CARTESIAN_POINT('',(138.,151.5,108.5));
#1427 = VERTEX_POINT('',#1428);
#1428 = CARTESIAN_POINT('',(147.5,151.5,118.));
#1429 = LINE('',#1430,#1431);
#1430 = CARTESIAN_POINT('',(81.125,151.5,51.625));
#1431 = VECTOR('',#1432,1.);
#1432 = DIRECTION('',(0.707106781187,0.,0.707106781187));
#1433 = ORIENTED_EDGE('',*,*,#1434,.T.);
#1434 = EDGE_CURVE('',#1427,#1435,#1437,.T.);
#1435 = VERTEX_POINT('',#1436);
#1436 = CARTESIAN_POINT('',(138.,151.5,127.5));
#1437 = LINE('',#1438,#1439);
#1438 = CARTESIAN_POINT('',(135.375,151.5,130.125));
#1439 = VECTOR('',#1440,1.);
#1440 = DIRECTION('',(-0.707106781187,-0.,0.707106781187));
#1441 = ORIENTED_EDGE('',*,*,#1442,.T.);
#1442 = EDGE_CURVE('',#1435,#1443,#1445,.T.);
#1443 = VERTEX_POINT('',#1444);
#1444 = CARTESIAN_POINT('',(128.5,151.5,118.));
#1445 = LINE('',#1446,#1447);
#1446 = CARTESIAN_POINT('',(66.875,151.5,56.375));
#1447 = VECTOR('',#1448,1.);
#1448 = DIRECTION('',(-0.707106781187,0.,-0.707106781187));
#1449 = ORIENTED_EDGE('',*,*,#1450,.T.);
#1450 = EDGE_CURVE('',#1443,#1425,#1451,.T.);
#1451 = LINE('',#1452,#1453);
#1452 = CARTESIAN_POINT('',(130.625,151.5,115.875));
#1453 = VECTOR('',#1454,1.);
#1454 = DIRECTION('',(0.707106781187,0.,-0.707106781187));
#1455 = PLANE('',#1456);
#1456 = AXIS2_PLACEMENT_3D('',#1457,#1458,#1459);
#1457 = CARTESIAN_POINT('',(0.,151.5,0.));
#1458 = DIRECTION('',(-0.,1.,0.));
#1459 = DIRECTION('',(0.,0.,1.));
#1460 = ADVANCED_FACE('',(#1461,#1479,#1529,#1579,#1629,#1679,#1729,
    #1779,#1829,#1879,#1929,#1979,#2029,#2079,#2129,#2179,#2229,#2279,
    #2329,#2379,#2429,#2479,#2529,#2579,#2629,#2679,#2729,#2779,#2829,
    #2879,#2890),#2924,.F.);
#1461 = FACE_BOUND('',#1462,.F.);
#1462 = EDGE_LOOP('',(#1463,#1464,#1472,#1478));
#1463 = ORIENTED_EDGE('',*,*,#47,.F.);
#1464 = ORIENTED_EDGE('',*,*,#1465,.T.);
#1465 = EDGE_CURVE('',#40,#1466,#1468,.T.);
#1466 = VERTEX_POINT('',#1467);
#1467 = CARTESIAN_POINT('',(186.,0.,0.));
#1468 = LINE('',#1469,#1470);
#1469 = CARTESIAN_POINT('',(0.,0.,0.));
#1470 = VECTOR('',#1471,1.);
#1471 = DIRECTION('',(1.,0.,-0.));
#1472 = ORIENTED_EDGE('',*,*,#1473,.T.);
#1473 = EDGE_CURVE('',#1466,#575,#1474,.T.);
#1474 = LINE('',#1475,#1476);
#1475 = CARTESIAN_POINT('',(186.,0.,0.));
#1476 = VECTOR('',#1477,1.);
#1477 = DIRECTION('',(-0.,1.,0.));
#1478 = ORIENTED_EDGE('',*,*,#584,.F.);
#1479 = FACE_BOUND('',#1480,.F.);
#1480 = EDGE_LOOP('',(#1481,#1491,#1499,#1507,#1515,#1523));
#1481 = ORIENTED_EDGE('',*,*,#1482,.T.);
#1482 = EDGE_CURVE('',#1483,#1485,#1487,.T.);
#1483 = VERTEX_POINT('',#1484);
#1484 = CARTESIAN_POINT('',(19.5,19.376388374866,0.));
#1485 = VERTEX_POINT('',#1486);
#1486 = CARTESIAN_POINT('',(22.75,21.252776749733,0.));
#1487 = LINE('',#1488,#1489);
#1488 = CARTESIAN_POINT('',(9.617388858443,13.670660171992,0.));
#1489 = VECTOR('',#1490,1.);
#1490 = DIRECTION('',(0.866025403784,0.5,-0.));
#1491 = ORIENTED_EDGE('',*,*,#1492,.T.);
#1492 = EDGE_CURVE('',#1485,#1493,#1495,.T.);
#1493 = VERTEX_POINT('',#1494);
#1494 = CARTESIAN_POINT('',(26.,19.376388374866,0.));
#1495 = LINE('',#1496,#1497);
#1496 = CARTESIAN_POINT('',(20.445111141557,22.583504952607,0.));
#1497 = VECTOR('',#1498,1.);
#1498 = DIRECTION('',(0.866025403784,-0.5,0.));
#1499 = ORIENTED_EDGE('',*,*,#1500,.T.);
#1500 = EDGE_CURVE('',#1493,#1501,#1503,.T.);
#1501 = VERTEX_POINT('',#1502);
#1502 = CARTESIAN_POINT('',(26.,15.623611625134,0.));
#1503 = LINE('',#1504,#1505);
#1504 = CARTESIAN_POINT('',(26.,7.811805812567,0.));
#1505 = VECTOR('',#1506,1.);
#1506 = DIRECTION('',(0.,-1.,0.));
#1507 = ORIENTED_EDGE('',*,*,#1508,.T.);
#1508 = EDGE_CURVE('',#1501,#1509,#1511,.T.);
#1509 = VERTEX_POINT('',#1510);
#1510 = CARTESIAN_POINT('',(22.75,13.747223250267,0.));
#1511 = LINE('',#1512,#1513);
#1512 = CARTESIAN_POINT('',(11.242388858443,7.10330085996,0.));
#1513 = VECTOR('',#1514,1.);
#1514 = DIRECTION('',(-0.866025403784,-0.5,0.));
#1515 = ORIENTED_EDGE('',*,*,#1516,.T.);
#1516 = EDGE_CURVE('',#1509,#1517,#1519,.T.);
#1517 = VERTEX_POINT('',#1518);
#1518 = CARTESIAN_POINT('',(19.5,15.623611625134,0.));
#1519 = LINE('',#1520,#1521);
#1520 = CARTESIAN_POINT('',(15.570111141557,17.892534015441,0.));
#1521 = VECTOR('',#1522,1.);
#1522 = DIRECTION('',(-0.866025403784,0.5,0.));
#1523 = ORIENTED_EDGE('',*,*,#1524,.T.);
#1524 = EDGE_CURVE('',#1517,#1483,#1525,.T.);
#1525 = LINE('',#1526,#1527);
#1526 = CARTESIAN_POINT('',(19.5,9.688194187433,0.));
#1527 = VECTOR('',#1528,1.);
#1528 = DIRECTION('',(-0.,1.,0.));
#1529 = FACE_BOUND('',#1530,.F.);
#1530 = EDGE_LOOP('',(#1531,#1541,#1549,#1557,#1565,#1573));
#1531 = ORIENTED_EDGE('',*,*,#1532,.T.);
#1532 = EDGE_CURVE('',#1533,#1535,#1537,.T.);
#1533 = VERTEX_POINT('',#1534);
#1534 = CARTESIAN_POINT('',(15.5,27.376388374866,0.));
#1535 = VERTEX_POINT('',#1536);
#1536 = CARTESIAN_POINT('',(18.75,29.252776749733,0.));
#1537 = LINE('',#1538,#1539);
#1538 = CARTESIAN_POINT('',(5.385338050874,21.536685575776,0.));
#1539 = VECTOR('',#1540,1.);
#1540 = DIRECTION('',(0.866025403784,0.5,-0.));
#1541 = ORIENTED_EDGE('',*,*,#1542,.T.);
#1542 = EDGE_CURVE('',#1535,#1543,#1545,.T.);
#1543 = VERTEX_POINT('',#1544);
#1544 = CARTESIAN_POINT('',(22.,27.376388374866,0.));
#1545 = LINE('',#1546,#1547);
#1546 = CARTESIAN_POINT('',(19.677161949126,28.717479548822,0.));
#1547 = VECTOR('',#1548,1.);
#1548 = DIRECTION('',(0.866025403784,-0.5,0.));
#1549 = ORIENTED_EDGE('',*,*,#1550,.T.);
#1550 = EDGE_CURVE('',#1543,#1551,#1553,.T.);
#1551 = VERTEX_POINT('',#1552);
#1552 = CARTESIAN_POINT('',(22.,23.623611625134,0.));
#1553 = LINE('',#1554,#1555);
#1554 = CARTESIAN_POINT('',(22.,11.811805812567,0.));
#1555 = VECTOR('',#1556,1.);
#1556 = DIRECTION('',(0.,-1.,0.));
#1557 = ORIENTED_EDGE('',*,*,#1558,.T.);
#1558 = EDGE_CURVE('',#1551,#1559,#1561,.T.);
#1559 = VERTEX_POINT('',#1560);
#1560 = CARTESIAN_POINT('',(18.75,21.747223250267,0.));
#1561 = LINE('',#1562,#1563);
#1562 = CARTESIAN_POINT('',(7.010338050874,14.969326263744,0.));
#1563 = VECTOR('',#1564,1.);
#1564 = DIRECTION('',(-0.866025403784,-0.5,0.));
#1565 = ORIENTED_EDGE('',*,*,#1566,.T.);
#1566 = EDGE_CURVE('',#1559,#1567,#1569,.T.);
#1567 = VERTEX_POINT('',#1568);
#1568 = CARTESIAN_POINT('',(15.5,23.623611625134,0.));
#1569 = LINE('',#1570,#1571);
#1570 = CARTESIAN_POINT('',(14.802161949126,24.026508611657,0.));
#1571 = VECTOR('',#1572,1.);
#1572 = DIRECTION('',(-0.866025403784,0.5,0.));
#1573 = ORIENTED_EDGE('',*,*,#1574,.T.);
#1574 = EDGE_CURVE('',#1567,#1533,#1575,.T.);
#1575 = LINE('',#1576,#1577);
#1576 = CARTESIAN_POINT('',(15.5,13.688194187433,0.));
#1577 = VECTOR('',#1578,1.);
#1578 = DIRECTION('',(-0.,1.,0.));
#1579 = FACE_BOUND('',#1580,.F.);
#1580 = EDGE_LOOP('',(#1581,#1591,#1599,#1607,#1615,#1623));
#1581 = ORIENTED_EDGE('',*,*,#1582,.T.);
#1582 = EDGE_CURVE('',#1583,#1585,#1587,.T.);
#1583 = VERTEX_POINT('',#1584);
#1584 = CARTESIAN_POINT('',(28.5,19.376388374866,0.));
#1585 = VERTEX_POINT('',#1586);
#1586 = CARTESIAN_POINT('',(31.75,21.252776749733,0.));
#1587 = LINE('',#1588,#1589);
#1588 = CARTESIAN_POINT('',(15.242388858443,11.722103013477,0.));
#1589 = VECTOR('',#1590,1.);
#1590 = DIRECTION('',(0.866025403784,0.5,-0.));
#1591 = ORIENTED_EDGE('',*,*,#1592,.T.);
#1592 = EDGE_CURVE('',#1585,#1593,#1595,.T.);
#1593 = VERTEX_POINT('',#1594);
#1594 = CARTESIAN_POINT('',(35.,19.376388374866,0.));
#1595 = LINE('',#1596,#1597);
#1596 = CARTESIAN_POINT('',(26.070111141557,24.532062111122,0.));
#1597 = VECTOR('',#1598,1.);
#1598 = DIRECTION('',(0.866025403784,-0.5,0.));
#1599 = ORIENTED_EDGE('',*,*,#1600,.T.);
#1600 = EDGE_CURVE('',#1593,#1601,#1603,.T.);
#1601 = VERTEX_POINT('',#1602);
#1602 = CARTESIAN_POINT('',(35.,15.623611625134,0.));
#1603 = LINE('',#1604,#1605);
#1604 = CARTESIAN_POINT('',(35.,7.811805812567,0.));
#1605 = VECTOR('',#1606,1.);
#1606 = DIRECTION('',(0.,-1.,0.));
#1607 = ORIENTED_EDGE('',*,*,#1608,.T.);
#1608 = EDGE_CURVE('',#1601,#1609,#1611,.T.);
#1609 = VERTEX_POINT('',#1610);
#1610 = CARTESIAN_POINT('',(31.75,13.747223250267,0.));
#1611 = LINE('',#1612,#1613);
#1612 = CARTESIAN_POINT('',(16.867388858443,5.154743701445,0.));
#1613 = VECTOR('',#1614,1.);
#1614 = DIRECTION('',(-0.866025403784,-0.5,0.));
#1615 = ORIENTED_EDGE('',*,*,#1616,.T.);
#1616 = EDGE_CURVE('',#1609,#1617,#1619,.T.);
#1617 = VERTEX_POINT('',#1618);
#1618 = CARTESIAN_POINT('',(28.5,15.623611625134,0.));
#1619 = LINE('',#1620,#1621);
#1620 = CARTESIAN_POINT('',(21.195111141557,19.841091173956,0.));
#1621 = VECTOR('',#1622,1.);
#1622 = DIRECTION('',(-0.866025403784,0.5,0.));
#1623 = ORIENTED_EDGE('',*,*,#1624,.T.);
#1624 = EDGE_CURVE('',#1617,#1583,#1625,.T.);
#1625 = LINE('',#1626,#1627);
#1626 = CARTESIAN_POINT('',(28.5,9.688194187433,0.));
#1627 = VECTOR('',#1628,1.);
#1628 = DIRECTION('',(-0.,1.,0.));
#1629 = FACE_BOUND('',#1630,.F.);
#1630 = EDGE_LOOP('',(#1631,#1641,#1649,#1657,#1665,#1673));
#1631 = ORIENTED_EDGE('',*,*,#1632,.T.);
#1632 = EDGE_CURVE('',#1633,#1635,#1637,.T.);
#1633 = VERTEX_POINT('',#1634);
#1634 = CARTESIAN_POINT('',(37.5,19.376388374866,0.));
#1635 = VERTEX_POINT('',#1636);
#1636 = CARTESIAN_POINT('',(40.75,21.252776749733,0.));
#1637 = LINE('',#1638,#1639);
#1638 = CARTESIAN_POINT('',(20.867388858443,9.773545854962,0.));
#1639 = VECTOR('',#1640,1.);
#1640 = DIRECTION('',(0.866025403784,0.5,-0.));
#1641 = ORIENTED_EDGE('',*,*,#1642,.T.);
#1642 = EDGE_CURVE('',#1635,#1643,#1645,.T.);
#1643 = VERTEX_POINT('',#1644);
#1644 = CARTESIAN_POINT('',(44.,19.376388374866,0.));
#1645 = LINE('',#1646,#1647);
#1646 = CARTESIAN_POINT('',(31.695111141557,26.480619269637,0.));
#1647 = VECTOR('',#1648,1.);
#1648 = DIRECTION('',(0.866025403784,-0.5,0.));
#1649 = ORIENTED_EDGE('',*,*,#1650,.T.);
#1650 = EDGE_CURVE('',#1643,#1651,#1653,.T.);
#1651 = VERTEX_POINT('',#1652);
#1652 = CARTESIAN_POINT('',(44.,15.623611625134,0.));
#1653 = LINE('',#1654,#1655);
#1654 = CARTESIAN_POINT('',(44.,7.811805812567,0.));
#1655 = VECTOR('',#1656,1.);
#1656 = DIRECTION('',(0.,-1.,0.));
#1657 = ORIENTED_EDGE('',*,*,#1658,.T.);
#1658 = EDGE_CURVE('',#1651,#1659,#1661,.T.);
#1659 = VERTEX_POINT('',#1660);
#1660 = CARTESIAN_POINT('',(40.75,13.747223250267,0.));
#1661 = LINE('',#1662,#1663);
#1662 = CARTESIAN_POINT('',(22.492388858443,3.20618654293,0.));
#1663 = VECTOR('',#1664,1.);
#1664 = DIRECTION('',(-0.866025403784,-0.5,0.));
#1665 = ORIENTED_EDGE('',*,*,#1666,.T.);
#1666 = EDGE_CURVE('',#1659,#1667,#1669,.T.);
#1667 = VERTEX_POINT('',#1668);
#1668 = CARTESIAN_POINT('',(37.5,15.623611625134,0.));
#1669 = LINE('',#1670,#1671);
#1670 = CARTESIAN_POINT('',(26.820111141557,21.789648332471,0.));
#1671 = VECTOR('',#1672,1.);
#1672 = DIRECTION('',(-0.866025403784,0.5,0.));
#1673 = ORIENTED_EDGE('',*,*,#1674,.T.);
#1674 = EDGE_CURVE('',#1667,#1633,#1675,.T.);
#1675 = LINE('',#1676,#1677);
#1676 = CARTESIAN_POINT('',(37.5,9.688194187433,0.));
#1677 = VECTOR('',#1678,1.);
#1678 = DIRECTION('',(-0.,1.,0.));
#1679 = FACE_BOUND('',#1680,.F.);
#1680 = EDGE_LOOP('',(#1681,#1691,#1699,#1707,#1715,#1723));
#1681 = ORIENTED_EDGE('',*,*,#1682,.T.);
#1682 = EDGE_CURVE('',#1683,#1685,#1687,.T.);
#1683 = VERTEX_POINT('',#1684);
#1684 = CARTESIAN_POINT('',(24.5,27.376388374866,0.));
#1685 = VERTEX_POINT('',#1686);
#1686 = CARTESIAN_POINT('',(27.75,29.252776749733,0.));
#1687 = LINE('',#1688,#1689);
#1688 = CARTESIAN_POINT('',(11.010338050874,19.588128417261,0.));
#1689 = VECTOR('',#1690,1.);
#1690 = DIRECTION('',(0.866025403784,0.5,-0.));
#1691 = ORIENTED_EDGE('',*,*,#1692,.T.);
#1692 = EDGE_CURVE('',#1685,#1693,#1695,.T.);
#1693 = VERTEX_POINT('',#1694);
#1694 = CARTESIAN_POINT('',(31.,27.376388374866,0.));
#1695 = LINE('',#1696,#1697);
#1696 = CARTESIAN_POINT('',(25.302161949126,30.666036707337,0.));
#1697 = VECTOR('',#1698,1.);
#1698 = DIRECTION('',(0.866025403784,-0.5,0.));
#1699 = ORIENTED_EDGE('',*,*,#1700,.T.);
#1700 = EDGE_CURVE('',#1693,#1701,#1703,.T.);
#1701 = VERTEX_POINT('',#1702);
#1702 = CARTESIAN_POINT('',(31.,23.623611625134,0.));
#1703 = LINE('',#1704,#1705);
#1704 = CARTESIAN_POINT('',(31.,11.811805812567,0.));
#1705 = VECTOR('',#1706,1.);
#1706 = DIRECTION('',(0.,-1.,0.));
#1707 = ORIENTED_EDGE('',*,*,#1708,.T.);
#1708 = EDGE_CURVE('',#1701,#1709,#1711,.T.);
#1709 = VERTEX_POINT('',#1710);
#1710 = CARTESIAN_POINT('',(27.75,21.747223250267,0.));
#1711 = LINE('',#1712,#1713);
#1712 = CARTESIAN_POINT('',(12.635338050874,13.020769105229,0.));
#1713 = VECTOR('',#1714,1.);
#1714 = DIRECTION('',(-0.866025403784,-0.5,0.));
#1715 = ORIENTED_EDGE('',*,*,#1716,.T.);
#1716 = EDGE_CURVE('',#1709,#1717,#1719,.T.);
#1717 = VERTEX_POINT('',#1718);
#1718 = CARTESIAN_POINT('',(24.5,23.623611625134,0.));
#1719 = LINE('',#1720,#1721);
#1720 = CARTESIAN_POINT('',(20.427161949126,25.975065770172,0.));
#1721 = VECTOR('',#1722,1.);
#1722 = DIRECTION('',(-0.866025403784,0.5,0.));
#1723 = ORIENTED_EDGE('',*,*,#1724,.T.);
#1724 = EDGE_CURVE('',#1717,#1683,#1725,.T.);
#1725 = LINE('',#1726,#1727);
#1726 = CARTESIAN_POINT('',(24.5,13.688194187433,0.));
#1727 = VECTOR('',#1728,1.);
#1728 = DIRECTION('',(-0.,1.,0.));
#1729 = FACE_BOUND('',#1730,.F.);
#1730 = EDGE_LOOP('',(#1731,#1741,#1749,#1757,#1765,#1773));
#1731 = ORIENTED_EDGE('',*,*,#1732,.T.);
#1732 = EDGE_CURVE('',#1733,#1735,#1737,.T.);
#1733 = VERTEX_POINT('',#1734);
#1734 = CARTESIAN_POINT('',(33.5,27.376388374866,0.));
#1735 = VERTEX_POINT('',#1736);
#1736 = CARTESIAN_POINT('',(36.75,29.252776749733,0.));
#1737 = LINE('',#1738,#1739);
#1738 = CARTESIAN_POINT('',(16.635338050874,17.639571258746,0.));
#1739 = VECTOR('',#1740,1.);
#1740 = DIRECTION('',(0.866025403784,0.5,-0.));
#1741 = ORIENTED_EDGE('',*,*,#1742,.T.);
#1742 = EDGE_CURVE('',#1735,#1743,#1745,.T.);
#1743 = VERTEX_POINT('',#1744);
#1744 = CARTESIAN_POINT('',(40.,27.376388374866,0.));
#1745 = LINE('',#1746,#1747);
#1746 = CARTESIAN_POINT('',(30.927161949126,32.614593865852,0.));
#1747 = VECTOR('',#1748,1.);
#1748 = DIRECTION('',(0.866025403784,-0.5,0.));
#1749 = ORIENTED_EDGE('',*,*,#1750,.T.);
#1750 = EDGE_CURVE('',#1743,#1751,#1753,.T.);
#1751 = VERTEX_POINT('',#1752);
#1752 = CARTESIAN_POINT('',(40.,23.623611625134,0.));
#1753 = LINE('',#1754,#1755);
#1754 = CARTESIAN_POINT('',(40.,11.811805812567,0.));
#1755 = VECTOR('',#1756,1.);
#1756 = DIRECTION('',(0.,-1.,0.));
#1757 = ORIENTED_EDGE('',*,*,#1758,.T.);
#1758 = EDGE_CURVE('',#1751,#1759,#1761,.T.);
#1759 = VERTEX_POINT('',#1760);
#1760 = CARTESIAN_POINT('',(36.75,21.747223250267,0.));
#1761 = LINE('',#1762,#1763);
#1762 = CARTESIAN_POINT('',(18.260338050874,11.072211946714,0.));
#1763 = VECTOR('',#1764,1.);
#1764 = DIRECTION('',(-0.866025403784,-0.5,0.));
#1765 = ORIENTED_EDGE('',*,*,#1766,.T.);
#1766 = EDGE_CURVE('',#1759,#1767,#1769,.T.);
#1767 = VERTEX_POINT('',#1768);
#1768 = CARTESIAN_POINT('',(33.5,23.623611625134,0.));
#1769 = LINE('',#1770,#1771);
#1770 = CARTESIAN_POINT('',(26.052161949126,27.923622928687,0.));
#1771 = VECTOR('',#1772,1.);
#1772 = DIRECTION('',(-0.866025403784,0.5,0.));
#1773 = ORIENTED_EDGE('',*,*,#1774,.T.);
#1774 = EDGE_CURVE('',#1767,#1733,#1775,.T.);
#1775 = LINE('',#1776,#1777);
#1776 = CARTESIAN_POINT('',(33.5,13.688194187433,0.));
#1777 = VECTOR('',#1778,1.);
#1778 = DIRECTION('',(-0.,1.,0.));
#1779 = FACE_BOUND('',#1780,.F.);
#1780 = EDGE_LOOP('',(#1781,#1791,#1799,#1807,#1815,#1823));
#1781 = ORIENTED_EDGE('',*,*,#1782,.T.);
#1782 = EDGE_CURVE('',#1783,#1785,#1787,.T.);
#1783 = VERTEX_POINT('',#1784);
#1784 = CARTESIAN_POINT('',(42.5,27.376388374866,0.));
#1785 = VERTEX_POINT('',#1786);
#1786 = CARTESIAN_POINT('',(45.75,29.252776749733,0.));
#1787 = LINE('',#1788,#1789);
#1788 = CARTESIAN_POINT('',(22.260338050874,15.691014100231,0.));
#1789 = VECTOR('',#1790,1.);
#1790 = DIRECTION('',(0.866025403784,0.5,-0.));
#1791 = ORIENTED_EDGE('',*,*,#1792,.T.);
#1792 = EDGE_CURVE('',#1785,#1793,#1795,.T.);
#1793 = VERTEX_POINT('',#1794);
#1794 = CARTESIAN_POINT('',(49.,27.376388374866,0.));
#1795 = LINE('',#1796,#1797);
#1796 = CARTESIAN_POINT('',(36.552161949126,34.563151024367,0.));
#1797 = VECTOR('',#1798,1.);
#1798 = DIRECTION('',(0.866025403784,-0.5,0.));
#1799 = ORIENTED_EDGE('',*,*,#1800,.T.);
#1800 = EDGE_CURVE('',#1793,#1801,#1803,.T.);
#1801 = VERTEX_POINT('',#1802);
#1802 = CARTESIAN_POINT('',(49.,23.623611625134,0.));
#1803 = LINE('',#1804,#1805);
#1804 = CARTESIAN_POINT('',(49.,11.811805812567,0.));
#1805 = VECTOR('',#1806,1.);
#1806 = DIRECTION('',(0.,-1.,0.));
#1807 = ORIENTED_EDGE('',*,*,#1808,.T.);
#1808 = EDGE_CURVE('',#1801,#1809,#1811,.T.);
#1809 = VERTEX_POINT('',#1810);
#1810 = CARTESIAN_POINT('',(45.75,21.747223250267,0.));
#1811 = LINE('',#1812,#1813);
#1812 = CARTESIAN_POINT('',(23.885338050874,9.123654788199,0.));
#1813 = VECTOR('',#1814,1.);
#1814 = DIRECTION('',(-0.866025403784,-0.5,0.));
#1815 = ORIENTED_EDGE('',*,*,#1816,.T.);
#1816 = EDGE_CURVE('',#1809,#1817,#1819,.T.);
#1817 = VERTEX_POINT('',#1818);
#1818 = CARTESIAN_POINT('',(42.5,23.623611625134,0.));
#1819 = LINE('',#1820,#1821);
#1820 = CARTESIAN_POINT('',(31.677161949126,29.872180087202,0.));
#1821 = VECTOR('',#1822,1.);
#1822 = DIRECTION('',(-0.866025403784,0.5,0.));
#1823 = ORIENTED_EDGE('',*,*,#1824,.T.);
#1824 = EDGE_CURVE('',#1817,#1783,#1825,.T.);
#1825 = LINE('',#1826,#1827);
#1826 = CARTESIAN_POINT('',(42.5,13.688194187433,0.));
#1827 = VECTOR('',#1828,1.);
#1828 = DIRECTION('',(-0.,1.,0.));
#1829 = FACE_BOUND('',#1830,.F.);
#1830 = EDGE_LOOP('',(#1831,#1841,#1849,#1857,#1865,#1873));
#1831 = ORIENTED_EDGE('',*,*,#1832,.T.);
#1832 = EDGE_CURVE('',#1833,#1835,#1837,.T.);
#1833 = VERTEX_POINT('',#1834);
#1834 = CARTESIAN_POINT('',(19.5,35.376388374866,0.));
#1835 = VERTEX_POINT('',#1836);
#1836 = CARTESIAN_POINT('',(22.75,37.252776749733,0.));
#1837 = LINE('',#1838,#1839);
#1838 = CARTESIAN_POINT('',(6.153287243305,27.670660171992,0.));
#1839 = VECTOR('',#1840,1.);
#1840 = DIRECTION('',(0.866025403784,0.5,-0.));
#1841 = ORIENTED_EDGE('',*,*,#1842,.T.);
#1842 = EDGE_CURVE('',#1835,#1843,#1845,.T.);
#1843 = VERTEX_POINT('',#1844);
#1844 = CARTESIAN_POINT('',(26.,35.376388374866,0.));
#1845 = LINE('',#1846,#1847);
#1846 = CARTESIAN_POINT('',(23.909212756695,36.583504952607,0.));
#1847 = VECTOR('',#1848,1.);
#1848 = DIRECTION('',(0.866025403784,-0.5,0.));
#1849 = ORIENTED_EDGE('',*,*,#1850,.T.);
#1850 = EDGE_CURVE('',#1843,#1851,#1853,.T.);
#1851 = VERTEX_POINT('',#1852);
#1852 = CARTESIAN_POINT('',(26.,31.623611625134,0.));
#1853 = LINE('',#1854,#1855);
#1854 = CARTESIAN_POINT('',(26.,15.811805812567,0.));
#1855 = VECTOR('',#1856,1.);
#1856 = DIRECTION('',(0.,-1.,0.));
#1857 = ORIENTED_EDGE('',*,*,#1858,.T.);
#1858 = EDGE_CURVE('',#1851,#1859,#1861,.T.);
#1859 = VERTEX_POINT('',#1860);
#1860 = CARTESIAN_POINT('',(22.75,29.747223250267,0.));
#1861 = LINE('',#1862,#1863);
#1862 = CARTESIAN_POINT('',(7.778287243305,21.10330085996,0.));
#1863 = VECTOR('',#1864,1.);
#1864 = DIRECTION('',(-0.866025403784,-0.5,0.));
#1865 = ORIENTED_EDGE('',*,*,#1866,.T.);
#1866 = EDGE_CURVE('',#1859,#1867,#1869,.T.);
#1867 = VERTEX_POINT('',#1868);
#1868 = CARTESIAN_POINT('',(19.5,31.623611625134,0.));
#1869 = LINE('',#1870,#1871);
#1870 = CARTESIAN_POINT('',(19.034212756695,31.892534015441,0.));
#1871 = VECTOR('',#1872,1.);
#1872 = DIRECTION('',(-0.866025403784,0.5,0.));
#1873 = ORIENTED_EDGE('',*,*,#1874,.T.);
#1874 = EDGE_CURVE('',#1867,#1833,#1875,.T.);
#1875 = LINE('',#1876,#1877);
#1876 = CARTESIAN_POINT('',(19.5,17.688194187433,0.));
#1877 = VECTOR('',#1878,1.);
#1878 = DIRECTION('',(-0.,1.,0.));
#1879 = FACE_BOUND('',#1880,.F.);
#1880 = EDGE_LOOP('',(#1881,#1891,#1899,#1907,#1915,#1923));
#1881 = ORIENTED_EDGE('',*,*,#1882,.T.);
#1882 = EDGE_CURVE('',#1883,#1885,#1887,.T.);
#1883 = VERTEX_POINT('',#1884);
#1884 = CARTESIAN_POINT('',(15.5,43.376388374866,0.));
#1885 = VERTEX_POINT('',#1886);
#1886 = CARTESIAN_POINT('',(18.75,45.252776749733,0.));
#1887 = LINE('',#1888,#1889);
#1888 = CARTESIAN_POINT('',(1.921236435736,35.536685575776,0.));
#1889 = VECTOR('',#1890,1.);
#1890 = DIRECTION('',(0.866025403784,0.5,-0.));
#1891 = ORIENTED_EDGE('',*,*,#1892,.T.);
#1892 = EDGE_CURVE('',#1885,#1893,#1895,.T.);
#1893 = VERTEX_POINT('',#1894);
#1894 = CARTESIAN_POINT('',(22.,43.376388374866,0.));
#1895 = LINE('',#1896,#1897);
#1896 = CARTESIAN_POINT('',(23.141263564264,42.717479548822,0.));
#1897 = VECTOR('',#1898,1.);
#1898 = DIRECTION('',(0.866025403784,-0.5,0.));
#1899 = ORIENTED_EDGE('',*,*,#1900,.T.);
#1900 = EDGE_CURVE('',#1893,#1901,#1903,.T.);
#1901 = VERTEX_POINT('',#1902);
#1902 = CARTESIAN_POINT('',(22.,39.623611625134,0.));
#1903 = LINE('',#1904,#1905);
#1904 = CARTESIAN_POINT('',(22.,19.811805812567,0.));
#1905 = VECTOR('',#1906,1.);
#1906 = DIRECTION('',(0.,-1.,0.));
#1907 = ORIENTED_EDGE('',*,*,#1908,.T.);
#1908 = EDGE_CURVE('',#1901,#1909,#1911,.T.);
#1909 = VERTEX_POINT('',#1910);
#1910 = CARTESIAN_POINT('',(18.75,37.747223250267,0.));
#1911 = LINE('',#1912,#1913);
#1912 = CARTESIAN_POINT('',(3.546236435736,28.969326263744,0.));
#1913 = VECTOR('',#1914,1.);
#1914 = DIRECTION('',(-0.866025403784,-0.5,0.));
#1915 = ORIENTED_EDGE('',*,*,#1916,.T.);
#1916 = EDGE_CURVE('',#1909,#1917,#1919,.T.);
#1917 = VERTEX_POINT('',#1918);
#1918 = CARTESIAN_POINT('',(15.5,39.623611625134,0.));
#1919 = LINE('',#1920,#1921);
#1920 = CARTESIAN_POINT('',(18.266263564264,38.026508611657,0.));
#1921 = VECTOR('',#1922,1.);
#1922 = DIRECTION('',(-0.866025403784,0.5,0.));
#1923 = ORIENTED_EDGE('',*,*,#1924,.T.);
#1924 = EDGE_CURVE('',#1917,#1883,#1925,.T.);
#1925 = LINE('',#1926,#1927);
#1926 = CARTESIAN_POINT('',(15.5,21.688194187433,0.));
#1927 = VECTOR('',#1928,1.);
#1928 = DIRECTION('',(-0.,1.,0.));
#1929 = FACE_BOUND('',#1930,.F.);
#1930 = EDGE_LOOP('',(#1931,#1941,#1949,#1957,#1965,#1973));
#1931 = ORIENTED_EDGE('',*,*,#1932,.T.);
#1932 = EDGE_CURVE('',#1933,#1935,#1937,.T.);
#1933 = VERTEX_POINT('',#1934);
#1934 = CARTESIAN_POINT('',(28.5,35.376388374866,0.));
#1935 = VERTEX_POINT('',#1936);
#1936 = CARTESIAN_POINT('',(31.75,37.252776749733,0.));
#1937 = LINE('',#1938,#1939);
#1938 = CARTESIAN_POINT('',(11.778287243305,25.722103013477,0.));
#1939 = VECTOR('',#1940,1.);
#1940 = DIRECTION('',(0.866025403784,0.5,-0.));
#1941 = ORIENTED_EDGE('',*,*,#1942,.T.);
#1942 = EDGE_CURVE('',#1935,#1943,#1945,.T.);
#1943 = VERTEX_POINT('',#1944);
#1944 = CARTESIAN_POINT('',(35.,35.376388374866,0.));
#1945 = LINE('',#1946,#1947);
#1946 = CARTESIAN_POINT('',(29.534212756695,38.532062111122,0.));
#1947 = VECTOR('',#1948,1.);
#1948 = DIRECTION('',(0.866025403784,-0.5,0.));
#1949 = ORIENTED_EDGE('',*,*,#1950,.T.);
#1950 = EDGE_CURVE('',#1943,#1951,#1953,.T.);
#1951 = VERTEX_POINT('',#1952);
#1952 = CARTESIAN_POINT('',(35.,31.623611625134,0.));
#1953 = LINE('',#1954,#1955);
#1954 = CARTESIAN_POINT('',(35.,15.811805812567,0.));
#1955 = VECTOR('',#1956,1.);
#1956 = DIRECTION('',(0.,-1.,0.));
#1957 = ORIENTED_EDGE('',*,*,#1958,.T.);
#1958 = EDGE_CURVE('',#1951,#1959,#1961,.T.);
#1959 = VERTEX_POINT('',#1960);
#1960 = CARTESIAN_POINT('',(31.75,29.747223250267,0.));
#1961 = LINE('',#1962,#1963);
#1962 = CARTESIAN_POINT('',(13.403287243305,19.154743701445,0.));
#1963 = VECTOR('',#1964,1.);
#1964 = DIRECTION('',(-0.866025403784,-0.5,0.));
#1965 = ORIENTED_EDGE('',*,*,#1966,.T.);
#1966 = EDGE_CURVE('',#1959,#1967,#1969,.T.);
#1967 = VERTEX_POINT('',#1968);
#1968 = CARTESIAN_POINT('',(28.5,31.623611625134,0.));
#1969 = LINE('',#1970,#1971);
#1970 = CARTESIAN_POINT('',(24.659212756695,33.841091173956,0.));
#1971 = VECTOR('',#1972,1.);
#1972 = DIRECTION('',(-0.866025403784,0.5,0.));
#1973 = ORIENTED_EDGE('',*,*,#1974,.T.);
#1974 = EDGE_CURVE('',#1967,#1933,#1975,.T.);
#1975 = LINE('',#1976,#1977);
#1976 = CARTESIAN_POINT('',(28.5,17.688194187433,0.));
#1977 = VECTOR('',#1978,1.);
#1978 = DIRECTION('',(-0.,1.,0.));
#1979 = FACE_BOUND('',#1980,.F.);
#1980 = EDGE_LOOP('',(#1981,#1991,#1999,#2007,#2015,#2023));
#1981 = ORIENTED_EDGE('',*,*,#1982,.T.);
#1982 = EDGE_CURVE('',#1983,#1985,#1987,.T.);
#1983 = VERTEX_POINT('',#1984);
#1984 = CARTESIAN_POINT('',(37.5,35.376388374866,0.));
#1985 = VERTEX_POINT('',#1986);
#1986 = CARTESIAN_POINT('',(40.75,37.252776749733,0.));
#1987 = LINE('',#1988,#1989);
#1988 = CARTESIAN_POINT('',(17.403287243305,23.773545854962,0.));
#1989 = VECTOR('',#1990,1.);
#1990 = DIRECTION('',(0.866025403784,0.5,-0.));
#1991 = ORIENTED_EDGE('',*,*,#1992,.T.);
#1992 = EDGE_CURVE('',#1985,#1993,#1995,.T.);
#1993 = VERTEX_POINT('',#1994);
#1994 = CARTESIAN_POINT('',(44.,35.376388374866,0.));
#1995 = LINE('',#1996,#1997);
#1996 = CARTESIAN_POINT('',(35.159212756695,40.480619269637,0.));
#1997 = VECTOR('',#1998,1.);
#1998 = DIRECTION('',(0.866025403784,-0.5,0.));
#1999 = ORIENTED_EDGE('',*,*,#2000,.T.);
#2000 = EDGE_CURVE('',#1993,#2001,#2003,.T.);
#2001 = VERTEX_POINT('',#2002);
#2002 = CARTESIAN_POINT('',(44.,31.623611625134,0.));
#2003 = LINE('',#2004,#2005);
#2004 = CARTESIAN_POINT('',(44.,15.811805812567,0.));
#2005 = VECTOR('',#2006,1.);
#2006 = DIRECTION('',(0.,-1.,0.));
#2007 = ORIENTED_EDGE('',*,*,#2008,.T.);
#2008 = EDGE_CURVE('',#2001,#2009,#2011,.T.);
#2009 = VERTEX_POINT('',#2010);
#2010 = CARTESIAN_POINT('',(40.75,29.747223250267,0.));
#2011 = LINE('',#2012,#2013);
#2012 = CARTESIAN_POINT('',(19.028287243305,17.20618654293,0.));
#2013 = VECTOR('',#2014,1.);
#2014 = DIRECTION('',(-0.866025403784,-0.5,0.));
#2015 = ORIENTED_EDGE('',*,*,#2016,.T.);
#2016 = EDGE_CURVE('',#2009,#2017,#2019,.T.);
#2017 = VERTEX_POINT('',#2018);
#2018 = CARTESIAN_POINT('',(37.5,31.623611625134,0.));
#2019 = LINE('',#2020,#2021);
#2020 = CARTESIAN_POINT('',(30.284212756695,35.789648332471,0.));
#2021 = VECTOR('',#2022,1.);
#2022 = DIRECTION('',(-0.866025403784,0.5,0.));
#2023 = ORIENTED_EDGE('',*,*,#2024,.T.);
#2024 = EDGE_CURVE('',#2017,#1983,#2025,.T.);
#2025 = LINE('',#2026,#2027);
#2026 = CARTESIAN_POINT('',(37.5,17.688194187433,0.));
#2027 = VECTOR('',#2028,1.);
#2028 = DIRECTION('',(-0.,1.,0.));
#2029 = FACE_BOUND('',#2030,.F.);
#2030 = EDGE_LOOP('',(#2031,#2041,#2049,#2057,#2065,#2073));
#2031 = ORIENTED_EDGE('',*,*,#2032,.T.);
#2032 = EDGE_CURVE('',#2033,#2035,#2037,.T.);
#2033 = VERTEX_POINT('',#2034);
#2034 = CARTESIAN_POINT('',(24.5,43.376388374866,0.));
#2035 = VERTEX_POINT('',#2036);
#2036 = CARTESIAN_POINT('',(27.75,45.252776749733,0.));
#2037 = LINE('',#2038,#2039);
#2038 = CARTESIAN_POINT('',(7.546236435736,33.588128417261,0.));
#2039 = VECTOR('',#2040,1.);
#2040 = DIRECTION('',(0.866025403784,0.5,-0.));
#2041 = ORIENTED_EDGE('',*,*,#2042,.T.);
#2042 = EDGE_CURVE('',#2035,#2043,#2045,.T.);
#2043 = VERTEX_POINT('',#2044);
#2044 = CARTESIAN_POINT('',(31.,43.376388374866,0.));
#2045 = LINE('',#2046,#2047);
#2046 = CARTESIAN_POINT('',(28.766263564264,44.666036707337,0.));
#2047 = VECTOR('',#2048,1.);
#2048 = DIRECTION('',(0.866025403784,-0.5,0.));
#2049 = ORIENTED_EDGE('',*,*,#2050,.T.);
#2050 = EDGE_CURVE('',#2043,#2051,#2053,.T.);
#2051 = VERTEX_POINT('',#2052);
#2052 = CARTESIAN_POINT('',(31.,39.623611625134,0.));
#2053 = LINE('',#2054,#2055);
#2054 = CARTESIAN_POINT('',(31.,19.811805812567,0.));
#2055 = VECTOR('',#2056,1.);
#2056 = DIRECTION('',(0.,-1.,0.));
#2057 = ORIENTED_EDGE('',*,*,#2058,.T.);
#2058 = EDGE_CURVE('',#2051,#2059,#2061,.T.);
#2059 = VERTEX_POINT('',#2060);
#2060 = CARTESIAN_POINT('',(27.75,37.747223250267,0.));
#2061 = LINE('',#2062,#2063);
#2062 = CARTESIAN_POINT('',(9.171236435736,27.020769105229,0.));
#2063 = VECTOR('',#2064,1.);
#2064 = DIRECTION('',(-0.866025403784,-0.5,0.));
#2065 = ORIENTED_EDGE('',*,*,#2066,.T.);
#2066 = EDGE_CURVE('',#2059,#2067,#2069,.T.);
#2067 = VERTEX_POINT('',#2068);
#2068 = CARTESIAN_POINT('',(24.5,39.623611625134,0.));
#2069 = LINE('',#2070,#2071);
#2070 = CARTESIAN_POINT('',(23.891263564264,39.975065770172,0.));
#2071 = VECTOR('',#2072,1.);
#2072 = DIRECTION('',(-0.866025403784,0.5,0.));
#2073 = ORIENTED_EDGE('',*,*,#2074,.T.);
#2074 = EDGE_CURVE('',#2067,#2033,#2075,.T.);
#2075 = LINE('',#2076,#2077);
#2076 = CARTESIAN_POINT('',(24.5,21.688194187433,0.));
#2077 = VECTOR('',#2078,1.);
#2078 = DIRECTION('',(-0.,1.,0.));
#2079 = FACE_BOUND('',#2080,.F.);
#2080 = EDGE_LOOP('',(#2081,#2091,#2099,#2107,#2115,#2123));
#2081 = ORIENTED_EDGE('',*,*,#2082,.T.);
#2082 = EDGE_CURVE('',#2083,#2085,#2087,.T.);
#2083 = VERTEX_POINT('',#2084);
#2084 = CARTESIAN_POINT('',(33.5,43.376388374866,0.));
#2085 = VERTEX_POINT('',#2086);
#2086 = CARTESIAN_POINT('',(36.75,45.252776749733,0.));
#2087 = LINE('',#2088,#2089);
#2088 = CARTESIAN_POINT('',(13.171236435736,31.639571258746,0.));
#2089 = VECTOR('',#2090,1.);
#2090 = DIRECTION('',(0.866025403784,0.5,-0.));
#2091 = ORIENTED_EDGE('',*,*,#2092,.T.);
#2092 = EDGE_CURVE('',#2085,#2093,#2095,.T.);
#2093 = VERTEX_POINT('',#2094);
#2094 = CARTESIAN_POINT('',(40.,43.376388374866,0.));
#2095 = LINE('',#2096,#2097);
#2096 = CARTESIAN_POINT('',(34.391263564264,46.614593865852,0.));
#2097 = VECTOR('',#2098,1.);
#2098 = DIRECTION('',(0.866025403784,-0.5,0.));
#2099 = ORIENTED_EDGE('',*,*,#2100,.T.);
#2100 = EDGE_CURVE('',#2093,#2101,#2103,.T.);
#2101 = VERTEX_POINT('',#2102);
#2102 = CARTESIAN_POINT('',(40.,39.623611625134,0.));
#2103 = LINE('',#2104,#2105);
#2104 = CARTESIAN_POINT('',(40.,19.811805812567,0.));
#2105 = VECTOR('',#2106,1.);
#2106 = DIRECTION('',(0.,-1.,0.));
#2107 = ORIENTED_EDGE('',*,*,#2108,.T.);
#2108 = EDGE_CURVE('',#2101,#2109,#2111,.T.);
#2109 = VERTEX_POINT('',#2110);
#2110 = CARTESIAN_POINT('',(36.75,37.747223250267,0.));
#2111 = LINE('',#2112,#2113);
#2112 = CARTESIAN_POINT('',(14.796236435736,25.072211946714,0.));
#2113 = VECTOR('',#2114,1.);
#2114 = DIRECTION('',(-0.866025403784,-0.5,0.));
#2115 = ORIENTED_EDGE('',*,*,#2116,.T.);
#2116 = EDGE_CURVE('',#2109,#2117,#2119,.T.);
#2117 = VERTEX_POINT('',#2118);
#2118 = CARTESIAN_POINT('',(33.5,39.623611625134,0.));
#2119 = LINE('',#2120,#2121);
#2120 = CARTESIAN_POINT('',(29.516263564264,41.923622928687,0.));
#2121 = VECTOR('',#2122,1.);
#2122 = DIRECTION('',(-0.866025403784,0.5,0.));
#2123 = ORIENTED_EDGE('',*,*,#2124,.T.);
#2124 = EDGE_CURVE('',#2117,#2083,#2125,.T.);
#2125 = LINE('',#2126,#2127);
#2126 = CARTESIAN_POINT('',(33.5,21.688194187433,0.));
#2127 = VECTOR('',#2128,1.);
#2128 = DIRECTION('',(-0.,1.,0.));
#2129 = FACE_BOUND('',#2130,.F.);
#2130 = EDGE_LOOP('',(#2131,#2141,#2149,#2157,#2165,#2173));
#2131 = ORIENTED_EDGE('',*,*,#2132,.T.);
#2132 = EDGE_CURVE('',#2133,#2135,#2137,.T.);
#2133 = VERTEX_POINT('',#2134);
#2134 = CARTESIAN_POINT('',(42.5,43.376388374866,0.));
#2135 = VERTEX_POINT('',#2136);
#2136 = CARTESIAN_POINT('',(45.75,45.252776749733,0.));
#2137 = LINE('',#2138,#2139);
#2138 = CARTESIAN_POINT('',(18.796236435736,29.691014100231,0.));
#2139 = VECTOR('',#2140,1.);
#2140 = DIRECTION('',(0.866025403784,0.5,-0.));
#2141 = ORIENTED_EDGE('',*,*,#2142,.T.);
#2142 = EDGE_CURVE('',#2135,#2143,#2145,.T.);
#2143 = VERTEX_POINT('',#2144);
#2144 = CARTESIAN_POINT('',(49.,43.376388374866,0.));
#2145 = LINE('',#2146,#2147);
#2146 = CARTESIAN_POINT('',(40.016263564264,48.563151024367,0.));
#2147 = VECTOR('',#2148,1.);
#2148 = DIRECTION('',(0.866025403784,-0.5,0.));
#2149 = ORIENTED_EDGE('',*,*,#2150,.T.);
#2150 = EDGE_CURVE('',#2143,#2151,#2153,.T.);
#2151 = VERTEX_POINT('',#2152);
#2152 = CARTESIAN_POINT('',(49.,39.623611625134,0.));
#2153 = LINE('',#2154,#2155);
#2154 = CARTESIAN_POINT('',(49.,19.811805812567,0.));
#2155 = VECTOR('',#2156,1.);
#2156 = DIRECTION('',(0.,-1.,0.));
#2157 = ORIENTED_EDGE('',*,*,#2158,.T.);
#2158 = EDGE_CURVE('',#2151,#2159,#2161,.T.);
#2159 = VERTEX_POINT('',#2160);
#2160 = CARTESIAN_POINT('',(45.75,37.747223250267,0.));
#2161 = LINE('',#2162,#2163);
#2162 = CARTESIAN_POINT('',(20.421236435736,23.1236547882,0.));
#2163 = VECTOR('',#2164,1.);
#2164 = DIRECTION('',(-0.866025403784,-0.5,0.));
#2165 = ORIENTED_EDGE('',*,*,#2166,.T.);
#2166 = EDGE_CURVE('',#2159,#2167,#2169,.T.);
#2167 = VERTEX_POINT('',#2168);
#2168 = CARTESIAN_POINT('',(42.5,39.623611625134,0.));
#2169 = LINE('',#2170,#2171);
#2170 = CARTESIAN_POINT('',(35.141263564264,43.872180087202,0.));
#2171 = VECTOR('',#2172,1.);
#2172 = DIRECTION('',(-0.866025403784,0.5,0.));
#2173 = ORIENTED_EDGE('',*,*,#2174,.T.);
#2174 = EDGE_CURVE('',#2167,#2133,#2175,.T.);
#2175 = LINE('',#2176,#2177);
#2176 = CARTESIAN_POINT('',(42.5,21.688194187433,0.));
#2177 = VECTOR('',#2178,1.);
#2178 = DIRECTION('',(-0.,1.,0.));
#2179 = FACE_BOUND('',#2180,.F.);
#2180 = EDGE_LOOP('',(#2181,#2191,#2199,#2207,#2215,#2223));
#2181 = ORIENTED_EDGE('',*,*,#2182,.T.);
#2182 = EDGE_CURVE('',#2183,#2185,#2187,.T.);
#2183 = VERTEX_POINT('',#2184);
#2184 = CARTESIAN_POINT('',(46.5,19.376388374866,0.));
#2185 = VERTEX_POINT('',#2186);
#2186 = CARTESIAN_POINT('',(49.75,21.252776749733,0.));
#2187 = LINE('',#2188,#2189);
#2188 = CARTESIAN_POINT('',(26.492388858443,7.824988696447,0.));
#2189 = VECTOR('',#2190,1.);
#2190 = DIRECTION('',(0.866025403784,0.5,-0.));
#2191 = ORIENTED_EDGE('',*,*,#2192,.T.);
#2192 = EDGE_CURVE('',#2185,#2193,#2195,.T.);
#2193 = VERTEX_POINT('',#2194);
#2194 = CARTESIAN_POINT('',(53.,19.376388374866,0.));
#2195 = LINE('',#2196,#2197);
#2196 = CARTESIAN_POINT('',(37.320111141557,28.429176428152,0.));
#2197 = VECTOR('',#2198,1.);
#2198 = DIRECTION('',(0.866025403784,-0.5,0.));
#2199 = ORIENTED_EDGE('',*,*,#2200,.T.);
#2200 = EDGE_CURVE('',#2193,#2201,#2203,.T.);
#2201 = VERTEX_POINT('',#2202);
#2202 = CARTESIAN_POINT('',(53.,15.623611625134,0.));
#2203 = LINE('',#2204,#2205);
#2204 = CARTESIAN_POINT('',(53.,7.811805812567,0.));
#2205 = VECTOR('',#2206,1.);
#2206 = DIRECTION('',(0.,-1.,0.));
#2207 = ORIENTED_EDGE('',*,*,#2208,.T.);
#2208 = EDGE_CURVE('',#2201,#2209,#2211,.T.);
#2209 = VERTEX_POINT('',#2210);
#2210 = CARTESIAN_POINT('',(49.75,13.747223250267,0.));
#2211 = LINE('',#2212,#2213);
#2212 = CARTESIAN_POINT('',(28.117388858443,1.257629384415,0.));
#2213 = VECTOR('',#2214,1.);
#2214 = DIRECTION('',(-0.866025403784,-0.5,0.));
#2215 = ORIENTED_EDGE('',*,*,#2216,.T.);
#2216 = EDGE_CURVE('',#2209,#2217,#2219,.T.);
#2217 = VERTEX_POINT('',#2218);
#2218 = CARTESIAN_POINT('',(46.5,15.623611625134,0.));
#2219 = LINE('',#2220,#2221);
#2220 = CARTESIAN_POINT('',(32.445111141557,23.738205490986,0.));
#2221 = VECTOR('',#2222,1.);
#2222 = DIRECTION('',(-0.866025403784,0.5,0.));
#2223 = ORIENTED_EDGE('',*,*,#2224,.T.);
#2224 = EDGE_CURVE('',#2217,#2183,#2225,.T.);
#2225 = LINE('',#2226,#2227);
#2226 = CARTESIAN_POINT('',(46.5,9.688194187433,0.));
#2227 = VECTOR('',#2228,1.);
#2228 = DIRECTION('',(-0.,1.,0.));
#2229 = FACE_BOUND('',#2230,.F.);
#2230 = EDGE_LOOP('',(#2231,#2241,#2249,#2257,#2265,#2273));
#2231 = ORIENTED_EDGE('',*,*,#2232,.T.);
#2232 = EDGE_CURVE('',#2233,#2235,#2237,.T.);
#2233 = VERTEX_POINT('',#2234);
#2234 = CARTESIAN_POINT('',(55.5,19.376388374866,0.));
#2235 = VERTEX_POINT('',#2236);
#2236 = CARTESIAN_POINT('',(58.75,21.252776749733,0.));
#2237 = LINE('',#2238,#2239);
#2238 = CARTESIAN_POINT('',(32.117388858443,5.876431537932,0.));
#2239 = VECTOR('',#2240,1.);
#2240 = DIRECTION('',(0.866025403784,0.5,-0.));
#2241 = ORIENTED_EDGE('',*,*,#2242,.T.);
#2242 = EDGE_CURVE('',#2235,#2243,#2245,.T.);
#2243 = VERTEX_POINT('',#2244);
#2244 = CARTESIAN_POINT('',(62.,19.376388374866,0.));
#2245 = LINE('',#2246,#2247);
#2246 = CARTESIAN_POINT('',(42.945111141557,30.377733586667,0.));
#2247 = VECTOR('',#2248,1.);
#2248 = DIRECTION('',(0.866025403784,-0.5,0.));
#2249 = ORIENTED_EDGE('',*,*,#2250,.T.);
#2250 = EDGE_CURVE('',#2243,#2251,#2253,.T.);
#2251 = VERTEX_POINT('',#2252);
#2252 = CARTESIAN_POINT('',(62.,15.623611625134,0.));
#2253 = LINE('',#2254,#2255);
#2254 = CARTESIAN_POINT('',(62.,7.811805812567,0.));
#2255 = VECTOR('',#2256,1.);
#2256 = DIRECTION('',(0.,-1.,0.));
#2257 = ORIENTED_EDGE('',*,*,#2258,.T.);
#2258 = EDGE_CURVE('',#2251,#2259,#2261,.T.);
#2259 = VERTEX_POINT('',#2260);
#2260 = CARTESIAN_POINT('',(58.75,13.747223250267,0.));
#2261 = LINE('',#2262,#2263);
#2262 = CARTESIAN_POINT('',(33.742388858443,-0.6909277741,0.));
#2263 = VECTOR('',#2264,1.);
#2264 = DIRECTION('',(-0.866025403784,-0.5,0.));
#2265 = ORIENTED_EDGE('',*,*,#2266,.T.);
#2266 = EDGE_CURVE('',#2259,#2267,#2269,.T.);
#2267 = VERTEX_POINT('',#2268);
#2268 = CARTESIAN_POINT('',(55.5,15.623611625134,0.));
#2269 = LINE('',#2270,#2271);
#2270 = CARTESIAN_POINT('',(38.070111141557,25.686762649501,0.));
#2271 = VECTOR('',#2272,1.);
#2272 = DIRECTION('',(-0.866025403784,0.5,0.));
#2273 = ORIENTED_EDGE('',*,*,#2274,.T.);
#2274 = EDGE_CURVE('',#2267,#2233,#2275,.T.);
#2275 = LINE('',#2276,#2277);
#2276 = CARTESIAN_POINT('',(55.5,9.688194187433,0.));
#2277 = VECTOR('',#2278,1.);
#2278 = DIRECTION('',(-0.,1.,0.));
#2279 = FACE_BOUND('',#2280,.F.);
#2280 = EDGE_LOOP('',(#2281,#2291,#2299,#2307,#2315,#2323));
#2281 = ORIENTED_EDGE('',*,*,#2282,.T.);
#2282 = EDGE_CURVE('',#2283,#2285,#2287,.T.);
#2283 = VERTEX_POINT('',#2284);
#2284 = CARTESIAN_POINT('',(64.5,19.376388374866,0.));
#2285 = VERTEX_POINT('',#2286);
#2286 = CARTESIAN_POINT('',(67.75,21.252776749733,0.));
#2287 = LINE('',#2288,#2289);
#2288 = CARTESIAN_POINT('',(37.742388858443,3.927874379417,0.));
#2289 = VECTOR('',#2290,1.);
#2290 = DIRECTION('',(0.866025403784,0.5,-0.));
#2291 = ORIENTED_EDGE('',*,*,#2292,.T.);
#2292 = EDGE_CURVE('',#2285,#2293,#2295,.T.);
#2293 = VERTEX_POINT('',#2294);
#2294 = CARTESIAN_POINT('',(71.,19.376388374866,0.));
#2295 = LINE('',#2296,#2297);
#2296 = CARTESIAN_POINT('',(48.570111141557,32.326290745182,0.));
#2297 = VECTOR('',#2298,1.);
#2298 = DIRECTION('',(0.866025403784,-0.5,0.));
#2299 = ORIENTED_EDGE('',*,*,#2300,.T.);
#2300 = EDGE_CURVE('',#2293,#2301,#2303,.T.);
#2301 = VERTEX_POINT('',#2302);
#2302 = CARTESIAN_POINT('',(71.,15.623611625134,0.));
#2303 = LINE('',#2304,#2305);
#2304 = CARTESIAN_POINT('',(71.,7.811805812567,0.));
#2305 = VECTOR('',#2306,1.);
#2306 = DIRECTION('',(0.,-1.,0.));
#2307 = ORIENTED_EDGE('',*,*,#2308,.T.);
#2308 = EDGE_CURVE('',#2301,#2309,#2311,.T.);
#2309 = VERTEX_POINT('',#2310);
#2310 = CARTESIAN_POINT('',(67.75,13.747223250267,0.));
#2311 = LINE('',#2312,#2313);
#2312 = CARTESIAN_POINT('',(39.367388858443,-2.639484932615,0.));
#2313 = VECTOR('',#2314,1.);
#2314 = DIRECTION('',(-0.866025403784,-0.5,0.));
#2315 = ORIENTED_EDGE('',*,*,#2316,.T.);
#2316 = EDGE_CURVE('',#2309,#2317,#2319,.T.);
#2317 = VERTEX_POINT('',#2318);
#2318 = CARTESIAN_POINT('',(64.5,15.623611625134,0.));
#2319 = LINE('',#2320,#2321);
#2320 = CARTESIAN_POINT('',(43.695111141557,27.635319808016,0.));
#2321 = VECTOR('',#2322,1.);
#2322 = DIRECTION('',(-0.866025403784,0.5,0.));
#2323 = ORIENTED_EDGE('',*,*,#2324,.T.);
#2324 = EDGE_CURVE('',#2317,#2283,#2325,.T.);
#2325 = LINE('',#2326,#2327);
#2326 = CARTESIAN_POINT('',(64.5,9.688194187433,0.));
#2327 = VECTOR('',#2328,1.);
#2328 = DIRECTION('',(-0.,1.,0.));
#2329 = FACE_BOUND('',#2330,.F.);
#2330 = EDGE_LOOP('',(#2331,#2341,#2349,#2357,#2365,#2373));
#2331 = ORIENTED_EDGE('',*,*,#2332,.T.);
#2332 = EDGE_CURVE('',#2333,#2335,#2337,.T.);
#2333 = VERTEX_POINT('',#2334);
#2334 = CARTESIAN_POINT('',(51.5,27.376388374866,0.));
#2335 = VERTEX_POINT('',#2336);
#2336 = CARTESIAN_POINT('',(54.75,29.252776749733,0.));
#2337 = LINE('',#2338,#2339);
#2338 = CARTESIAN_POINT('',(27.885338050874,13.742456941716,0.));
#2339 = VECTOR('',#2340,1.);
#2340 = DIRECTION('',(0.866025403784,0.5,-0.));
#2341 = ORIENTED_EDGE('',*,*,#2342,.T.);
#2342 = EDGE_CURVE('',#2335,#2343,#2345,.T.);
#2343 = VERTEX_POINT('',#2344);
#2344 = CARTESIAN_POINT('',(58.,27.376388374866,0.));
#2345 = LINE('',#2346,#2347);
#2346 = CARTESIAN_POINT('',(42.177161949126,36.511708182882,0.));
#2347 = VECTOR('',#2348,1.);
#2348 = DIRECTION('',(0.866025403784,-0.5,0.));
#2349 = ORIENTED_EDGE('',*,*,#2350,.T.);
#2350 = EDGE_CURVE('',#2343,#2351,#2353,.T.);
#2351 = VERTEX_POINT('',#2352);
#2352 = CARTESIAN_POINT('',(58.,23.623611625134,0.));
#2353 = LINE('',#2354,#2355);
#2354 = CARTESIAN_POINT('',(58.,11.811805812567,0.));
#2355 = VECTOR('',#2356,1.);
#2356 = DIRECTION('',(0.,-1.,0.));
#2357 = ORIENTED_EDGE('',*,*,#2358,.T.);
#2358 = EDGE_CURVE('',#2351,#2359,#2361,.T.);
#2359 = VERTEX_POINT('',#2360);
#2360 = CARTESIAN_POINT('',(54.75,21.747223250267,0.));
#2361 = LINE('',#2362,#2363);
#2362 = CARTESIAN_POINT('',(29.510338050874,7.175097629684,0.));
#2363 = VECTOR('',#2364,1.);
#2364 = DIRECTION('',(-0.866025403784,-0.5,0.));
#2365 = ORIENTED_EDGE('',*,*,#2366,.T.);
#2366 = EDGE_CURVE('',#2359,#2367,#2369,.T.);
#2367 = VERTEX_POINT('',#2368);
#2368 = CARTESIAN_POINT('',(51.5,23.623611625134,0.));
#2369 = LINE('',#2370,#2371);
#2370 = CARTESIAN_POINT('',(37.302161949126,31.820737245717,0.));
#2371 = VECTOR('',#2372,1.);
#2372 = DIRECTION('',(-0.866025403784,0.5,0.));
#2373 = ORIENTED_EDGE('',*,*,#2374,.T.);
#2374 = EDGE_CURVE('',#2367,#2333,#2375,.T.);
#2375 = LINE('',#2376,#2377);
#2376 = CARTESIAN_POINT('',(51.5,13.688194187433,0.));
#2377 = VECTOR('',#2378,1.);
#2378 = DIRECTION('',(-0.,1.,0.));
#2379 = FACE_BOUND('',#2380,.F.);
#2380 = EDGE_LOOP('',(#2381,#2391,#2399,#2407,#2415,#2423));
#2381 = ORIENTED_EDGE('',*,*,#2382,.T.);
#2382 = EDGE_CURVE('',#2383,#2385,#2387,.T.);
#2383 = VERTEX_POINT('',#2384);
#2384 = CARTESIAN_POINT('',(60.5,27.376388374866,0.));
#2385 = VERTEX_POINT('',#2386);
#2386 = CARTESIAN_POINT('',(63.75,29.252776749733,0.));
#2387 = LINE('',#2388,#2389);
#2388 = CARTESIAN_POINT('',(33.510338050874,11.793899783202,0.));
#2389 = VECTOR('',#2390,1.);
#2390 = DIRECTION('',(0.866025403784,0.5,-0.));
#2391 = ORIENTED_EDGE('',*,*,#2392,.T.);
#2392 = EDGE_CURVE('',#2385,#2393,#2395,.T.);
#2393 = VERTEX_POINT('',#2394);
#2394 = CARTESIAN_POINT('',(67.,27.376388374866,0.));
#2395 = LINE('',#2396,#2397);
#2396 = CARTESIAN_POINT('',(47.802161949126,38.460265341397,0.));
#2397 = VECTOR('',#2398,1.);
#2398 = DIRECTION('',(0.866025403784,-0.5,0.));
#2399 = ORIENTED_EDGE('',*,*,#2400,.T.);
#2400 = EDGE_CURVE('',#2393,#2401,#2403,.T.);
#2401 = VERTEX_POINT('',#2402);
#2402 = CARTESIAN_POINT('',(67.,23.623611625134,0.));
#2403 = LINE('',#2404,#2405);
#2404 = CARTESIAN_POINT('',(67.,11.811805812567,0.));
#2405 = VECTOR('',#2406,1.);
#2406 = DIRECTION('',(0.,-1.,0.));
#2407 = ORIENTED_EDGE('',*,*,#2408,.T.);
#2408 = EDGE_CURVE('',#2401,#2409,#2411,.T.);
#2409 = VERTEX_POINT('',#2410);
#2410 = CARTESIAN_POINT('',(63.75,21.747223250267,0.));
#2411 = LINE('',#2412,#2413);
#2412 = CARTESIAN_POINT('',(35.135338050874,5.22654047117,0.));
#2413 = VECTOR('',#2414,1.);
#2414 = DIRECTION('',(-0.866025403784,-0.5,0.));
#2415 = ORIENTED_EDGE('',*,*,#2416,.T.);
#2416 = EDGE_CURVE('',#2409,#2417,#2419,.T.);
#2417 = VERTEX_POINT('',#2418);
#2418 = CARTESIAN_POINT('',(60.5,23.623611625134,0.));
#2419 = LINE('',#2420,#2421);
#2420 = CARTESIAN_POINT('',(42.927161949126,33.769294404232,0.));
#2421 = VECTOR('',#2422,1.);
#2422 = DIRECTION('',(-0.866025403784,0.5,0.));
#2423 = ORIENTED_EDGE('',*,*,#2424,.T.);
#2424 = EDGE_CURVE('',#2417,#2383,#2425,.T.);
#2425 = LINE('',#2426,#2427);
#2426 = CARTESIAN_POINT('',(60.5,13.688194187433,0.));
#2427 = VECTOR('',#2428,1.);
#2428 = DIRECTION('',(-0.,1.,0.));
#2429 = FACE_BOUND('',#2430,.F.);
#2430 = EDGE_LOOP('',(#2431,#2441,#2449,#2457,#2465,#2473));
#2431 = ORIENTED_EDGE('',*,*,#2432,.T.);
#2432 = EDGE_CURVE('',#2433,#2435,#2437,.T.);
#2433 = VERTEX_POINT('',#2434);
#2434 = CARTESIAN_POINT('',(73.5,19.376388374866,0.));
#2435 = VERTEX_POINT('',#2436);
#2436 = CARTESIAN_POINT('',(76.75,21.252776749733,0.));
#2437 = LINE('',#2438,#2439);
#2438 = CARTESIAN_POINT('',(43.367388858443,1.979317220902,0.));
#2439 = VECTOR('',#2440,1.);
#2440 = DIRECTION('',(0.866025403784,0.5,-0.));
#2441 = ORIENTED_EDGE('',*,*,#2442,.T.);
#2442 = EDGE_CURVE('',#2435,#2443,#2445,.T.);
#2443 = VERTEX_POINT('',#2444);
#2444 = CARTESIAN_POINT('',(80.,19.376388374866,0.));
#2445 = LINE('',#2446,#2447);
#2446 = CARTESIAN_POINT('',(54.195111141557,34.274847903697,0.));
#2447 = VECTOR('',#2448,1.);
#2448 = DIRECTION('',(0.866025403784,-0.5,0.));
#2449 = ORIENTED_EDGE('',*,*,#2450,.T.);
#2450 = EDGE_CURVE('',#2443,#2451,#2453,.T.);
#2451 = VERTEX_POINT('',#2452);
#2452 = CARTESIAN_POINT('',(80.,15.623611625134,0.));
#2453 = LINE('',#2454,#2455);
#2454 = CARTESIAN_POINT('',(80.,7.811805812567,0.));
#2455 = VECTOR('',#2456,1.);
#2456 = DIRECTION('',(0.,-1.,0.));
#2457 = ORIENTED_EDGE('',*,*,#2458,.T.);
#2458 = EDGE_CURVE('',#2451,#2459,#2461,.T.);
#2459 = VERTEX_POINT('',#2460);
#2460 = CARTESIAN_POINT('',(76.75,13.747223250267,0.));
#2461 = LINE('',#2462,#2463);
#2462 = CARTESIAN_POINT('',(44.992388858443,-4.58804209113,0.));
#2463 = VECTOR('',#2464,1.);
#2464 = DIRECTION('',(-0.866025403784,-0.5,0.));
#2465 = ORIENTED_EDGE('',*,*,#2466,.T.);
#2466 = EDGE_CURVE('',#2459,#2467,#2469,.T.);
#2467 = VERTEX_POINT('',#2468);
#2468 = CARTESIAN_POINT('',(73.5,15.623611625134,0.));
#2469 = LINE('',#2470,#2471);
#2470 = CARTESIAN_POINT('',(49.320111141557,29.583876966531,0.));
#2471 = VECTOR('',#2472,1.);
#2472 = DIRECTION('',(-0.866025403784,0.5,0.));
#2473 = ORIENTED_EDGE('',*,*,#2474,.T.);
#2474 = EDGE_CURVE('',#2467,#2433,#2475,.T.);
#2475 = LINE('',#2476,#2477);
#2476 = CARTESIAN_POINT('',(73.5,9.688194187433,0.));
#2477 = VECTOR('',#2478,1.);
#2478 = DIRECTION('',(-0.,1.,0.));
#2479 = FACE_BOUND('',#2480,.F.);
#2480 = EDGE_LOOP('',(#2481,#2491,#2499,#2507,#2515,#2523));
#2481 = ORIENTED_EDGE('',*,*,#2482,.T.);
#2482 = EDGE_CURVE('',#2483,#2485,#2487,.T.);
#2483 = VERTEX_POINT('',#2484);
#2484 = CARTESIAN_POINT('',(69.5,27.376388374866,0.));
#2485 = VERTEX_POINT('',#2486);
#2486 = CARTESIAN_POINT('',(72.75,29.252776749733,0.));
#2487 = LINE('',#2488,#2489);
#2488 = CARTESIAN_POINT('',(39.135338050874,9.845342624687,0.));
#2489 = VECTOR('',#2490,1.);
#2490 = DIRECTION('',(0.866025403784,0.5,-0.));
#2491 = ORIENTED_EDGE('',*,*,#2492,.T.);
#2492 = EDGE_CURVE('',#2485,#2493,#2495,.T.);
#2493 = VERTEX_POINT('',#2494);
#2494 = CARTESIAN_POINT('',(76.,27.376388374866,0.));
#2495 = LINE('',#2496,#2497);
#2496 = CARTESIAN_POINT('',(53.427161949126,40.408822499912,0.));
#2497 = VECTOR('',#2498,1.);
#2498 = DIRECTION('',(0.866025403784,-0.5,0.));
#2499 = ORIENTED_EDGE('',*,*,#2500,.T.);
#2500 = EDGE_CURVE('',#2493,#2501,#2503,.T.);
#2501 = VERTEX_POINT('',#2502);
#2502 = CARTESIAN_POINT('',(76.,23.623611625134,0.));
#2503 = LINE('',#2504,#2505);
#2504 = CARTESIAN_POINT('',(76.,11.811805812567,0.));
#2505 = VECTOR('',#2506,1.);
#2506 = DIRECTION('',(0.,-1.,0.));
#2507 = ORIENTED_EDGE('',*,*,#2508,.T.);
#2508 = EDGE_CURVE('',#2501,#2509,#2511,.T.);
#2509 = VERTEX_POINT('',#2510);
#2510 = CARTESIAN_POINT('',(72.75,21.747223250267,0.));
#2511 = LINE('',#2512,#2513);
#2512 = CARTESIAN_POINT('',(40.760338050874,3.277983312655,0.));
#2513 = VECTOR('',#2514,1.);
#2514 = DIRECTION('',(-0.866025403784,-0.5,0.));
#2515 = ORIENTED_EDGE('',*,*,#2516,.T.);
#2516 = EDGE_CURVE('',#2509,#2517,#2519,.T.);
#2517 = VERTEX_POINT('',#2518);
#2518 = CARTESIAN_POINT('',(69.5,23.623611625134,0.));
#2519 = LINE('',#2520,#2521);
#2520 = CARTESIAN_POINT('',(48.552161949126,35.717851562747,0.));
#2521 = VECTOR('',#2522,1.);
#2522 = DIRECTION('',(-0.866025403784,0.5,0.));
#2523 = ORIENTED_EDGE('',*,*,#2524,.T.);
#2524 = EDGE_CURVE('',#2517,#2483,#2525,.T.);
#2525 = LINE('',#2526,#2527);
#2526 = CARTESIAN_POINT('',(69.5,13.688194187433,0.));
#2527 = VECTOR('',#2528,1.);
#2528 = DIRECTION('',(-0.,1.,0.));
#2529 = FACE_BOUND('',#2530,.F.);
#2530 = EDGE_LOOP('',(#2531,#2541,#2549,#2557,#2565,#2573));
#2531 = ORIENTED_EDGE('',*,*,#2532,.T.);
#2532 = EDGE_CURVE('',#2533,#2535,#2537,.T.);
#2533 = VERTEX_POINT('',#2534);
#2534 = CARTESIAN_POINT('',(46.5,35.376388374866,0.));
#2535 = VERTEX_POINT('',#2536);
#2536 = CARTESIAN_POINT('',(49.75,37.252776749733,0.));
#2537 = LINE('',#2538,#2539);
#2538 = CARTESIAN_POINT('',(23.028287243305,21.824988696447,0.));
#2539 = VECTOR('',#2540,1.);
#2540 = DIRECTION('',(0.866025403784,0.5,-0.));
#2541 = ORIENTED_EDGE('',*,*,#2542,.T.);
#2542 = EDGE_CURVE('',#2535,#2543,#2545,.T.);
#2543 = VERTEX_POINT('',#2544);
#2544 = CARTESIAN_POINT('',(53.,35.376388374866,0.));
#2545 = LINE('',#2546,#2547);
#2546 = CARTESIAN_POINT('',(40.784212756695,42.429176428152,0.));
#2547 = VECTOR('',#2548,1.);
#2548 = DIRECTION('',(0.866025403784,-0.5,0.));
#2549 = ORIENTED_EDGE('',*,*,#2550,.T.);
#2550 = EDGE_CURVE('',#2543,#2551,#2553,.T.);
#2551 = VERTEX_POINT('',#2552);
#2552 = CARTESIAN_POINT('',(53.,31.623611625134,0.));
#2553 = LINE('',#2554,#2555);
#2554 = CARTESIAN_POINT('',(53.,15.811805812567,0.));
#2555 = VECTOR('',#2556,1.);
#2556 = DIRECTION('',(0.,-1.,0.));
#2557 = ORIENTED_EDGE('',*,*,#2558,.T.);
#2558 = EDGE_CURVE('',#2551,#2559,#2561,.T.);
#2559 = VERTEX_POINT('',#2560);
#2560 = CARTESIAN_POINT('',(49.75,29.747223250267,0.));
#2561 = LINE('',#2562,#2563);
#2562 = CARTESIAN_POINT('',(24.653287243305,15.257629384415,0.));
#2563 = VECTOR('',#2564,1.);
#2564 = DIRECTION('',(-0.866025403784,-0.5,0.));
#2565 = ORIENTED_EDGE('',*,*,#2566,.T.);
#2566 = EDGE_CURVE('',#2559,#2567,#2569,.T.);
#2567 = VERTEX_POINT('',#2568);
#2568 = CARTESIAN_POINT('',(46.5,31.623611625134,0.));
#2569 = LINE('',#2570,#2571);
#2570 = CARTESIAN_POINT('',(35.909212756695,37.738205490986,0.));
#2571 = VECTOR('',#2572,1.);
#2572 = DIRECTION('',(-0.866025403784,0.5,0.));
#2573 = ORIENTED_EDGE('',*,*,#2574,.T.);
#2574 = EDGE_CURVE('',#2567,#2533,#2575,.T.);
#2575 = LINE('',#2576,#2577);
#2576 = CARTESIAN_POINT('',(46.5,17.688194187433,0.));
#2577 = VECTOR('',#2578,1.);
#2578 = DIRECTION('',(-0.,1.,0.));
#2579 = FACE_BOUND('',#2580,.F.);
#2580 = EDGE_LOOP('',(#2581,#2591,#2599,#2607,#2615,#2623));
#2581 = ORIENTED_EDGE('',*,*,#2582,.T.);
#2582 = EDGE_CURVE('',#2583,#2585,#2587,.T.);
#2583 = VERTEX_POINT('',#2584);
#2584 = CARTESIAN_POINT('',(55.5,35.376388374866,0.));
#2585 = VERTEX_POINT('',#2586);
#2586 = CARTESIAN_POINT('',(58.75,37.252776749733,0.));
#2587 = LINE('',#2588,#2589);
#2588 = CARTESIAN_POINT('',(28.653287243305,19.876431537932,0.));
#2589 = VECTOR('',#2590,1.);
#2590 = DIRECTION('',(0.866025403784,0.5,-0.));
#2591 = ORIENTED_EDGE('',*,*,#2592,.T.);
#2592 = EDGE_CURVE('',#2585,#2593,#2595,.T.);
#2593 = VERTEX_POINT('',#2594);
#2594 = CARTESIAN_POINT('',(62.,35.376388374866,0.));
#2595 = LINE('',#2596,#2597);
#2596 = CARTESIAN_POINT('',(46.409212756695,44.377733586667,0.));
#2597 = VECTOR('',#2598,1.);
#2598 = DIRECTION('',(0.866025403784,-0.5,0.));
#2599 = ORIENTED_EDGE('',*,*,#2600,.T.);
#2600 = EDGE_CURVE('',#2593,#2601,#2603,.T.);
#2601 = VERTEX_POINT('',#2602);
#2602 = CARTESIAN_POINT('',(62.,31.623611625134,0.));
#2603 = LINE('',#2604,#2605);
#2604 = CARTESIAN_POINT('',(62.,15.811805812567,0.));
#2605 = VECTOR('',#2606,1.);
#2606 = DIRECTION('',(0.,-1.,0.));
#2607 = ORIENTED_EDGE('',*,*,#2608,.T.);
#2608 = EDGE_CURVE('',#2601,#2609,#2611,.T.);
#2609 = VERTEX_POINT('',#2610);
#2610 = CARTESIAN_POINT('',(58.75,29.747223250267,0.));
#2611 = LINE('',#2612,#2613);
#2612 = CARTESIAN_POINT('',(30.278287243305,13.3090722259,0.));
#2613 = VECTOR('',#2614,1.);
#2614 = DIRECTION('',(-0.866025403784,-0.5,0.));
#2615 = ORIENTED_EDGE('',*,*,#2616,.T.);
#2616 = EDGE_CURVE('',#2609,#2617,#2619,.T.);
#2617 = VERTEX_POINT('',#2618);
#2618 = CARTESIAN_POINT('',(55.5,31.623611625134,0.));
#2619 = LINE('',#2620,#2621);
#2620 = CARTESIAN_POINT('',(41.534212756695,39.686762649501,0.));
#2621 = VECTOR('',#2622,1.);
#2622 = DIRECTION('',(-0.866025403784,0.5,0.));
#2623 = ORIENTED_EDGE('',*,*,#2624,.T.);
#2624 = EDGE_CURVE('',#2617,#2583,#2625,.T.);
#2625 = LINE('',#2626,#2627);
#2626 = CARTESIAN_POINT('',(55.5,17.688194187433,0.));
#2627 = VECTOR('',#2628,1.);
#2628 = DIRECTION('',(-0.,1.,0.));
#2629 = FACE_BOUND('',#2630,.F.);
#2630 = EDGE_LOOP('',(#2631,#2641,#2649,#2657,#2665,#2673));
#2631 = ORIENTED_EDGE('',*,*,#2632,.T.);
#2632 = EDGE_CURVE('',#2633,#2635,#2637,.T.);
#2633 = VERTEX_POINT('',#2634);
#2634 = CARTESIAN_POINT('',(64.5,35.376388374866,0.));
#2635 = VERTEX_POINT('',#2636);
#2636 = CARTESIAN_POINT('',(67.75,37.252776749733,0.));
#2637 = LINE('',#2638,#2639);
#2638 = CARTESIAN_POINT('',(34.278287243305,17.927874379417,0.));
#2639 = VECTOR('',#2640,1.);
#2640 = DIRECTION('',(0.866025403784,0.5,-0.));
#2641 = ORIENTED_EDGE('',*,*,#2642,.T.);
#2642 = EDGE_CURVE('',#2635,#2643,#2645,.T.);
#2643 = VERTEX_POINT('',#2644);
#2644 = CARTESIAN_POINT('',(71.,35.376388374866,0.));
#2645 = LINE('',#2646,#2647);
#2646 = CARTESIAN_POINT('',(52.034212756695,46.326290745182,0.));
#2647 = VECTOR('',#2648,1.);
#2648 = DIRECTION('',(0.866025403784,-0.5,0.));
#2649 = ORIENTED_EDGE('',*,*,#2650,.T.);
#2650 = EDGE_CURVE('',#2643,#2651,#2653,.T.);
#2651 = VERTEX_POINT('',#2652);
#2652 = CARTESIAN_POINT('',(71.,31.623611625134,0.));
#2653 = LINE('',#2654,#2655);
#2654 = CARTESIAN_POINT('',(71.,15.811805812567,0.));
#2655 = VECTOR('',#2656,1.);
#2656 = DIRECTION('',(0.,-1.,0.));
#2657 = ORIENTED_EDGE('',*,*,#2658,.T.);
#2658 = EDGE_CURVE('',#2651,#2659,#2661,.T.);
#2659 = VERTEX_POINT('',#2660);
#2660 = CARTESIAN_POINT('',(67.75,29.747223250267,0.));
#2661 = LINE('',#2662,#2663);
#2662 = CARTESIAN_POINT('',(35.903287243305,11.360515067385,0.));
#2663 = VECTOR('',#2664,1.);
#2664 = DIRECTION('',(-0.866025403784,-0.5,0.));
#2665 = ORIENTED_EDGE('',*,*,#2666,.T.);
#2666 = EDGE_CURVE('',#2659,#2667,#2669,.T.);
#2667 = VERTEX_POINT('',#2668);
#2668 = CARTESIAN_POINT('',(64.5,31.623611625134,0.));
#2669 = LINE('',#2670,#2671);
#2670 = CARTESIAN_POINT('',(47.159212756695,41.635319808016,0.));
#2671 = VECTOR('',#2672,1.);
#2672 = DIRECTION('',(-0.866025403784,0.5,0.));
#2673 = ORIENTED_EDGE('',*,*,#2674,.T.);
#2674 = EDGE_CURVE('',#2667,#2633,#2675,.T.);
#2675 = LINE('',#2676,#2677);
#2676 = CARTESIAN_POINT('',(64.5,17.688194187433,0.));
#2677 = VECTOR('',#2678,1.);
#2678 = DIRECTION('',(-0.,1.,0.));
#2679 = FACE_BOUND('',#2680,.F.);
#2680 = EDGE_LOOP('',(#2681,#2691,#2699,#2707,#2715,#2723));
#2681 = ORIENTED_EDGE('',*,*,#2682,.T.);
#2682 = EDGE_CURVE('',#2683,#2685,#2687,.T.);
#2683 = VERTEX_POINT('',#2684);
#2684 = CARTESIAN_POINT('',(51.5,43.376388374866,0.));
#2685 = VERTEX_POINT('',#2686);
#2686 = CARTESIAN_POINT('',(54.75,45.252776749733,0.));
#2687 = LINE('',#2688,#2689);
#2688 = CARTESIAN_POINT('',(24.421236435736,27.742456941716,0.));
#2689 = VECTOR('',#2690,1.);
#2690 = DIRECTION('',(0.866025403784,0.5,-0.));
#2691 = ORIENTED_EDGE('',*,*,#2692,.T.);
#2692 = EDGE_CURVE('',#2685,#2693,#2695,.T.);
#2693 = VERTEX_POINT('',#2694);
#2694 = CARTESIAN_POINT('',(58.,43.376388374866,0.));
#2695 = LINE('',#2696,#2697);
#2696 = CARTESIAN_POINT('',(45.641263564264,50.511708182882,0.));
#2697 = VECTOR('',#2698,1.);
#2698 = DIRECTION('',(0.866025403784,-0.5,0.));
#2699 = ORIENTED_EDGE('',*,*,#2700,.T.);
#2700 = EDGE_CURVE('',#2693,#2701,#2703,.T.);
#2701 = VERTEX_POINT('',#2702);
#2702 = CARTESIAN_POINT('',(58.,39.623611625134,0.));
#2703 = LINE('',#2704,#2705);
#2704 = CARTESIAN_POINT('',(58.,19.811805812567,0.));
#2705 = VECTOR('',#2706,1.);
#2706 = DIRECTION('',(0.,-1.,0.));
#2707 = ORIENTED_EDGE('',*,*,#2708,.T.);
#2708 = EDGE_CURVE('',#2701,#2709,#2711,.T.);
#2709 = VERTEX_POINT('',#2710);
#2710 = CARTESIAN_POINT('',(54.75,37.747223250267,0.));
#2711 = LINE('',#2712,#2713);
#2712 = CARTESIAN_POINT('',(26.046236435736,21.175097629685,0.));
#2713 = VECTOR('',#2714,1.);
#2714 = DIRECTION('',(-0.866025403784,-0.5,0.));
#2715 = ORIENTED_EDGE('',*,*,#2716,.T.);
#2716 = EDGE_CURVE('',#2709,#2717,#2719,.T.);
#2717 = VERTEX_POINT('',#2718);
#2718 = CARTESIAN_POINT('',(51.5,39.623611625134,0.));
#2719 = LINE('',#2720,#2721);
#2720 = CARTESIAN_POINT('',(40.766263564264,45.820737245717,0.));
#2721 = VECTOR('',#2722,1.);
#2722 = DIRECTION('',(-0.866025403784,0.5,0.));
#2723 = ORIENTED_EDGE('',*,*,#2724,.T.);
#2724 = EDGE_CURVE('',#2717,#2683,#2725,.T.);
#2725 = LINE('',#2726,#2727);
#2726 = CARTESIAN_POINT('',(51.5,21.688194187433,0.));
#2727 = VECTOR('',#2728,1.);
#2728 = DIRECTION('',(-0.,1.,0.));
#2729 = FACE_BOUND('',#2730,.F.);
#2730 = EDGE_LOOP('',(#2731,#2741,#2749,#2757,#2765,#2773));
#2731 = ORIENTED_EDGE('',*,*,#2732,.T.);
#2732 = EDGE_CURVE('',#2733,#2735,#2737,.T.);
#2733 = VERTEX_POINT('',#2734);
#2734 = CARTESIAN_POINT('',(60.5,43.376388374866,0.));
#2735 = VERTEX_POINT('',#2736);
#2736 = CARTESIAN_POINT('',(63.75,45.252776749733,0.));
#2737 = LINE('',#2738,#2739);
#2738 = CARTESIAN_POINT('',(30.046236435736,25.793899783201,0.));
#2739 = VECTOR('',#2740,1.);
#2740 = DIRECTION('',(0.866025403784,0.5,-0.));
#2741 = ORIENTED_EDGE('',*,*,#2742,.T.);
#2742 = EDGE_CURVE('',#2735,#2743,#2745,.T.);
#2743 = VERTEX_POINT('',#2744);
#2744 = CARTESIAN_POINT('',(67.,43.376388374866,0.));
#2745 = LINE('',#2746,#2747);
#2746 = CARTESIAN_POINT('',(51.266263564264,52.460265341397,0.));
#2747 = VECTOR('',#2748,1.);
#2748 = DIRECTION('',(0.866025403784,-0.5,0.));
#2749 = ORIENTED_EDGE('',*,*,#2750,.T.);
#2750 = EDGE_CURVE('',#2743,#2751,#2753,.T.);
#2751 = VERTEX_POINT('',#2752);
#2752 = CARTESIAN_POINT('',(67.,39.623611625134,0.));
#2753 = LINE('',#2754,#2755);
#2754 = CARTESIAN_POINT('',(67.,19.811805812567,0.));
#2755 = VECTOR('',#2756,1.);
#2756 = DIRECTION('',(0.,-1.,0.));
#2757 = ORIENTED_EDGE('',*,*,#2758,.T.);
#2758 = EDGE_CURVE('',#2751,#2759,#2761,.T.);
#2759 = VERTEX_POINT('',#2760);
#2760 = CARTESIAN_POINT('',(63.75,37.747223250267,0.));
#2761 = LINE('',#2762,#2763);
#2762 = CARTESIAN_POINT('',(31.671236435736,19.22654047117,0.));
#2763 = VECTOR('',#2764,1.);
#2764 = DIRECTION('',(-0.866025403784,-0.5,0.));
#2765 = ORIENTED_EDGE('',*,*,#2766,.T.);
#2766 = EDGE_CURVE('',#2759,#2767,#2769,.T.);
#2767 = VERTEX_POINT('',#2768);
#2768 = CARTESIAN_POINT('',(60.5,39.623611625134,0.));
#2769 = LINE('',#2770,#2771);
#2770 = CARTESIAN_POINT('',(46.391263564264,47.769294404232,0.));
#2771 = VECTOR('',#2772,1.);
#2772 = DIRECTION('',(-0.866025403784,0.5,0.));
#2773 = ORIENTED_EDGE('',*,*,#2774,.T.);
#2774 = EDGE_CURVE('',#2767,#2733,#2775,.T.);
#2775 = LINE('',#2776,#2777);
#2776 = CARTESIAN_POINT('',(60.5,21.688194187433,0.));
#2777 = VECTOR('',#2778,1.);
#2778 = DIRECTION('',(-0.,1.,0.));
#2779 = FACE_BOUND('',#2780,.F.);
#2780 = EDGE_LOOP('',(#2781,#2791,#2799,#2807,#2815,#2823));
#2781 = ORIENTED_EDGE('',*,*,#2782,.T.);
#2782 = EDGE_CURVE('',#2783,#2785,#2787,.T.);
#2783 = VERTEX_POINT('',#2784);
#2784 = CARTESIAN_POINT('',(73.5,35.376388374866,0.));
#2785 = VERTEX_POINT('',#2786);
#2786 = CARTESIAN_POINT('',(76.75,37.252776749733,0.));
#2787 = LINE('',#2788,#2789);
#2788 = CARTESIAN_POINT('',(39.903287243305,15.979317220902,0.));
#2789 = VECTOR('',#2790,1.);
#2790 = DIRECTION('',(0.866025403784,0.5,-0.));
#2791 = ORIENTED_EDGE('',*,*,#2792,.T.);
#2792 = EDGE_CURVE('',#2785,#2793,#2795,.T.);
#2793 = VERTEX_POINT('',#2794);
#2794 = CARTESIAN_POINT('',(80.,35.376388374866,0.));
#2795 = LINE('',#2796,#2797);
#2796 = CARTESIAN_POINT('',(57.659212756695,48.274847903697,0.));
#2797 = VECTOR('',#2798,1.);
#2798 = DIRECTION('',(0.866025403784,-0.5,0.));
#2799 = ORIENTED_EDGE('',*,*,#2800,.T.);
#2800 = EDGE_CURVE('',#2793,#2801,#2803,.T.);
#2801 = VERTEX_POINT('',#2802);
#2802 = CARTESIAN_POINT('',(80.,31.623611625134,0.));
#2803 = LINE('',#2804,#2805);
#2804 = CARTESIAN_POINT('',(80.,15.811805812567,0.));
#2805 = VECTOR('',#2806,1.);
#2806 = DIRECTION('',(0.,-1.,0.));
#2807 = ORIENTED_EDGE('',*,*,#2808,.T.);
#2808 = EDGE_CURVE('',#2801,#2809,#2811,.T.);
#2809 = VERTEX_POINT('',#2810);
#2810 = CARTESIAN_POINT('',(76.75,29.747223250267,0.));
#2811 = LINE('',#2812,#2813);
#2812 = CARTESIAN_POINT('',(41.528287243305,9.41195790887,0.));
#2813 = VECTOR('',#2814,1.);
#2814 = DIRECTION('',(-0.866025403784,-0.5,0.));
#2815 = ORIENTED_EDGE('',*,*,#2816,.T.);
#2816 = EDGE_CURVE('',#2809,#2817,#2819,.T.);
#2817 = VERTEX_POINT('',#2818);
#2818 = CARTESIAN_POINT('',(73.5,31.623611625134,0.));
#2819 = LINE('',#2820,#2821);
#2820 = CARTESIAN_POINT('',(52.784212756695,43.583876966531,0.));
#2821 = VECTOR('',#2822,1.);
#2822 = DIRECTION('',(-0.866025403784,0.5,0.));
#2823 = ORIENTED_EDGE('',*,*,#2824,.T.);
#2824 = EDGE_CURVE('',#2817,#2783,#2825,.T.);
#2825 = LINE('',#2826,#2827);
#2826 = CARTESIAN_POINT('',(73.5,17.688194187433,0.));
#2827 = VECTOR('',#2828,1.);
#2828 = DIRECTION('',(-0.,1.,0.));
#2829 = FACE_BOUND('',#2830,.F.);
#2830 = EDGE_LOOP('',(#2831,#2841,#2849,#2857,#2865,#2873));
#2831 = ORIENTED_EDGE('',*,*,#2832,.T.);
#2832 = EDGE_CURVE('',#2833,#2835,#2837,.T.);
#2833 = VERTEX_POINT('',#2834);
#2834 = CARTESIAN_POINT('',(69.5,43.376388374866,0.));
#2835 = VERTEX_POINT('',#2836);
#2836 = CARTESIAN_POINT('',(72.75,45.252776749733,0.));
#2837 = LINE('',#2838,#2839);
#2838 = CARTESIAN_POINT('',(35.671236435736,23.845342624686,0.));
#2839 = VECTOR('',#2840,1.);
#2840 = DIRECTION('',(0.866025403784,0.5,-0.));
#2841 = ORIENTED_EDGE('',*,*,#2842,.T.);
#2842 = EDGE_CURVE('',#2835,#2843,#2845,.T.);
#2843 = VERTEX_POINT('',#2844);
#2844 = CARTESIAN_POINT('',(76.,43.376388374866,0.));
#2845 = LINE('',#2846,#2847);
#2846 = CARTESIAN_POINT('',(56.891263564264,54.408822499912,0.));
#2847 = VECTOR('',#2848,1.);
#2848 = DIRECTION('',(0.866025403784,-0.5,0.));
#2849 = ORIENTED_EDGE('',*,*,#2850,.T.);
#2850 = EDGE_CURVE('',#2843,#2851,#2853,.T.);
#2851 = VERTEX_POINT('',#2852);
#2852 = CARTESIAN_POINT('',(76.,39.623611625134,0.));
#2853 = LINE('',#2854,#2855);
#2854 = CARTESIAN_POINT('',(76.,19.811805812567,0.));
#2855 = VECTOR('',#2856,1.);
#2856 = DIRECTION('',(0.,-1.,0.));
#2857 = ORIENTED_EDGE('',*,*,#2858,.T.);
#2858 = EDGE_CURVE('',#2851,#2859,#2861,.T.);
#2859 = VERTEX_POINT('',#2860);
#2860 = CARTESIAN_POINT('',(72.75,37.747223250267,0.));
#2861 = LINE('',#2862,#2863);
#2862 = CARTESIAN_POINT('',(37.296236435736,17.277983312655,0.));
#2863 = VECTOR('',#2864,1.);
#2864 = DIRECTION('',(-0.866025403784,-0.5,0.));
#2865 = ORIENTED_EDGE('',*,*,#2866,.T.);
#2866 = EDGE_CURVE('',#2859,#2867,#2869,.T.);
#2867 = VERTEX_POINT('',#2868);
#2868 = CARTESIAN_POINT('',(69.5,39.623611625134,0.));
#2869 = LINE('',#2870,#2871);
#2870 = CARTESIAN_POINT('',(52.016263564264,49.717851562747,0.));
#2871 = VECTOR('',#2872,1.);
#2872 = DIRECTION('',(-0.866025403784,0.5,0.));
#2873 = ORIENTED_EDGE('',*,*,#2874,.T.);
#2874 = EDGE_CURVE('',#2867,#2833,#2875,.T.);
#2875 = LINE('',#2876,#2877);
#2876 = CARTESIAN_POINT('',(69.5,21.688194187433,0.));
#2877 = VECTOR('',#2878,1.);
#2878 = DIRECTION('',(-0.,1.,0.));
#2879 = FACE_BOUND('',#2880,.F.);
#2880 = EDGE_LOOP('',(#2881));
#2881 = ORIENTED_EDGE('',*,*,#2882,.F.);
#2882 = EDGE_CURVE('',#2883,#2883,#2885,.T.);
#2883 = VERTEX_POINT('',#2884);
#2884 = CARTESIAN_POINT('',(153.1,26.,0.));
#2885 = CIRCLE('',#2886,8.1);
#2886 = AXIS2_PLACEMENT_3D('',#2887,#2888,#2889);
#2887 = CARTESIAN_POINT('',(145.,26.,0.));
#2888 = DIRECTION('',(0.,0.,1.));
#2889 = DIRECTION('',(1.,0.,-0.));
#2890 = FACE_BOUND('',#2891,.F.);
#2891 = EDGE_LOOP('',(#2892,#2902,#2910,#2918));
#2892 = ORIENTED_EDGE('',*,*,#2893,.T.);
#2893 = EDGE_CURVE('',#2894,#2896,#2898,.T.);
#2894 = VERTEX_POINT('',#2895);
#2895 = CARTESIAN_POINT('',(183.,50.5,0.));
#2896 = VERTEX_POINT('',#2897);
#2897 = CARTESIAN_POINT('',(3.,50.5,0.));
#2898 = LINE('',#2899,#2900);
#2899 = CARTESIAN_POINT('',(1.5,50.5,0.));
#2900 = VECTOR('',#2901,1.);
#2901 = DIRECTION('',(-1.,-0.,0.));
#2902 = ORIENTED_EDGE('',*,*,#2903,.T.);
#2903 = EDGE_CURVE('',#2896,#2904,#2906,.T.);
#2904 = VERTEX_POINT('',#2905);
#2905 = CARTESIAN_POINT('',(3.,136.5,0.));
#2906 = LINE('',#2907,#2908);
#2907 = CARTESIAN_POINT('',(3.,25.25,0.));
#2908 = VECTOR('',#2909,1.);
#2909 = DIRECTION('',(-0.,1.,0.));
#2910 = ORIENTED_EDGE('',*,*,#2911,.F.);
#2911 = EDGE_CURVE('',#2912,#2904,#2914,.T.);
#2912 = VERTEX_POINT('',#2913);
#2913 = CARTESIAN_POINT('',(183.,136.5,0.));
#2914 = LINE('',#2915,#2916);
#2915 = CARTESIAN_POINT('',(1.5,136.5,0.));
#2916 = VECTOR('',#2917,1.);
#2917 = DIRECTION('',(-1.,-0.,0.));
#2918 = ORIENTED_EDGE('',*,*,#2919,.F.);
#2919 = EDGE_CURVE('',#2894,#2912,#2920,.T.);
#2920 = LINE('',#2921,#2922);
#2921 = CARTESIAN_POINT('',(183.,25.25,0.));
#2922 = VECTOR('',#2923,1.);
#2923 = DIRECTION('',(-0.,1.,0.));
#2924 = PLANE('',#2925);
#2925 = AXIS2_PLACEMENT_3D('',#2926,#2927,#2928);
#2926 = CARTESIAN_POINT('',(0.,0.,0.));
#2927 = DIRECTION('',(0.,0.,1.));
#2928 = DIRECTION('',(1.,0.,-0.));
#2929 = ADVANCED_FACE('',(#2930),#2964,.F.);
#2930 = FACE_BOUND('',#2931,.F.);
#2931 = EDGE_LOOP('',(#2932,#2940,#2941,#2942,#2950,#2958));
#2932 = ORIENTED_EDGE('',*,*,#2933,.F.);
#2933 = EDGE_CURVE('',#1466,#2934,#2936,.T.);
#2934 = VERTEX_POINT('',#2935);
#2935 = CARTESIAN_POINT('',(186.,0.,135.5));
#2936 = LINE('',#2937,#2938);
#2937 = CARTESIAN_POINT('',(186.,0.,0.));
#2938 = VECTOR('',#2939,1.);
#2939 = DIRECTION('',(0.,0.,1.));
#2940 = ORIENTED_EDGE('',*,*,#1465,.F.);
#2941 = ORIENTED_EDGE('',*,*,#39,.T.);
#2942 = ORIENTED_EDGE('',*,*,#2943,.T.);
#2943 = EDGE_CURVE('',#32,#2944,#2946,.T.);
#2944 = VERTEX_POINT('',#2945);
#2945 = CARTESIAN_POINT('',(2.,0.,135.5));
#2946 = LINE('',#2947,#2948);
#2947 = CARTESIAN_POINT('',(-1.,0.,135.5));
#2948 = VECTOR('',#2949,1.);
#2949 = DIRECTION('',(1.,0.,-0.));
#2950 = ORIENTED_EDGE('',*,*,#2951,.T.);
#2951 = EDGE_CURVE('',#2944,#2952,#2954,.T.);
#2952 = VERTEX_POINT('',#2953);
#2953 = CARTESIAN_POINT('',(184.,0.,135.5));
#2954 = LINE('',#2955,#2956);
#2955 = CARTESIAN_POINT('',(-1.,0.,135.5));
#2956 = VECTOR('',#2957,1.);
#2957 = DIRECTION('',(1.,0.,-0.));
#2958 = ORIENTED_EDGE('',*,*,#2959,.T.);
#2959 = EDGE_CURVE('',#2952,#2934,#2960,.T.);
#2960 = LINE('',#2961,#2962);
#2961 = CARTESIAN_POINT('',(-1.,0.,135.5));
#2962 = VECTOR('',#2963,1.);
#2963 = DIRECTION('',(1.,0.,-0.));
#2964 = PLANE('',#2965);
#2965 = AXIS2_PLACEMENT_3D('',#2966,#2967,#2968);
#2966 = CARTESIAN_POINT('',(0.,0.,0.));
#2967 = DIRECTION('',(-0.,1.,0.));
#2968 = DIRECTION('',(0.,0.,1.));
#2969 = ADVANCED_FACE('',(#2970),#2981,.T.);
#2970 = FACE_BOUND('',#2971,.T.);
#2971 = EDGE_LOOP('',(#2972,#2973,#2974,#2975));
#2972 = ORIENTED_EDGE('',*,*,#520,.F.);
#2973 = ORIENTED_EDGE('',*,*,#31,.T.);
#2974 = ORIENTED_EDGE('',*,*,#2943,.T.);
#2975 = ORIENTED_EDGE('',*,*,#2976,.T.);
#2976 = EDGE_CURVE('',#2944,#521,#2977,.T.);
#2977 = LINE('',#2978,#2979);
#2978 = CARTESIAN_POINT('',(2.,-1.,135.5));
#2979 = VECTOR('',#2980,1.);
#2980 = DIRECTION('',(-0.,1.,0.));
#2981 = PLANE('',#2982);
#2982 = AXIS2_PLACEMENT_3D('',#2983,#2984,#2985);
#2983 = CARTESIAN_POINT('',(-1.,0.,135.5));
#2984 = DIRECTION('',(0.,0.,1.));
#2985 = DIRECTION('',(1.,0.,-0.));
#2986 = ADVANCED_FACE('',(#2987),#3012,.T.);
#2987 = FACE_BOUND('',#2988,.T.);
#2988 = EDGE_LOOP('',(#2989,#2990,#2998,#3006));
#2989 = ORIENTED_EDGE('',*,*,#71,.T.);
#2990 = ORIENTED_EDGE('',*,*,#2991,.T.);
#2991 = EDGE_CURVE('',#74,#2992,#2994,.T.);
#2992 = VERTEX_POINT('',#2993);
#2993 = CARTESIAN_POINT('',(20.,122.,49.));
#2994 = LINE('',#2995,#2996);
#2995 = CARTESIAN_POINT('',(-2.,122.,49.));
#2996 = VECTOR('',#2997,1.);
#2997 = DIRECTION('',(1.,0.,0.));
#2998 = ORIENTED_EDGE('',*,*,#2999,.F.);
#2999 = EDGE_CURVE('',#3000,#2992,#3002,.T.);
#3000 = VERTEX_POINT('',#3001);
#3001 = CARTESIAN_POINT('',(20.,113.,40.));
#3002 = LINE('',#3003,#3004);
#3003 = CARTESIAN_POINT('',(20.,95.625,22.625));
#3004 = VECTOR('',#3005,1.);
#3005 = DIRECTION('',(0.,0.707106781187,0.707106781187));
#3006 = ORIENTED_EDGE('',*,*,#3007,.F.);
#3007 = EDGE_CURVE('',#72,#3000,#3008,.T.);
#3008 = LINE('',#3009,#3010);
#3009 = CARTESIAN_POINT('',(-2.,113.,40.));
#3010 = VECTOR('',#3011,1.);
#3011 = DIRECTION('',(1.,0.,0.));
#3012 = PLANE('',#3013);
#3013 = AXIS2_PLACEMENT_3D('',#3014,#3015,#3016);
#3014 = CARTESIAN_POINT('',(-2.,122.,49.));
#3015 = DIRECTION('',(0.,0.707106781187,-0.707106781187));
#3016 = DIRECTION('',(0.,-0.707106781187,-0.707106781187));
#3017 = ADVANCED_FACE('',(#3018),#3036,.T.);
#3018 = FACE_BOUND('',#3019,.T.);
#3019 = EDGE_LOOP('',(#3020,#3021,#3022,#3030));
#3020 = ORIENTED_EDGE('',*,*,#97,.T.);
#3021 = ORIENTED_EDGE('',*,*,#3007,.T.);
#3022 = ORIENTED_EDGE('',*,*,#3023,.F.);
#3023 = EDGE_CURVE('',#3024,#3000,#3026,.T.);
#3024 = VERTEX_POINT('',#3025);
#3025 = CARTESIAN_POINT('',(20.,122.,31.));
#3026 = LINE('',#3027,#3028);
#3027 = CARTESIAN_POINT('',(20.,105.375,47.625));
#3028 = VECTOR('',#3029,1.);
#3029 = DIRECTION('',(0.,-0.707106781187,0.707106781187));
#3030 = ORIENTED_EDGE('',*,*,#3031,.F.);
#3031 = EDGE_CURVE('',#90,#3024,#3032,.T.);
#3032 = LINE('',#3033,#3034);
#3033 = CARTESIAN_POINT('',(-2.,122.,31.));
#3034 = VECTOR('',#3035,1.);
#3035 = DIRECTION('',(1.,0.,0.));
#3036 = PLANE('',#3037);
#3037 = AXIS2_PLACEMENT_3D('',#3038,#3039,#3040);
#3038 = CARTESIAN_POINT('',(-2.,113.,40.));
#3039 = DIRECTION('',(-0.,0.707106781187,0.707106781187));
#3040 = DIRECTION('',(0.,0.707106781187,-0.707106781187));
#3041 = ADVANCED_FACE('',(#3042),#3060,.T.);
#3042 = FACE_BOUND('',#3043,.T.);
#3043 = EDGE_LOOP('',(#3044,#3045,#3053,#3059));
#3044 = ORIENTED_EDGE('',*,*,#81,.T.);
#3045 = ORIENTED_EDGE('',*,*,#3046,.T.);
#3046 = EDGE_CURVE('',#82,#3047,#3049,.T.);
#3047 = VERTEX_POINT('',#3048);
#3048 = CARTESIAN_POINT('',(20.,131.,40.));
#3049 = LINE('',#3050,#3051);
#3050 = CARTESIAN_POINT('',(-2.,131.,40.));
#3051 = VECTOR('',#3052,1.);
#3052 = DIRECTION('',(1.,0.,0.));
#3053 = ORIENTED_EDGE('',*,*,#3054,.F.);
#3054 = EDGE_CURVE('',#2992,#3047,#3055,.T.);
#3055 = LINE('',#3056,#3057);
#3056 = CARTESIAN_POINT('',(20.,118.875,52.125));
#3057 = VECTOR('',#3058,1.);
#3058 = DIRECTION('',(-0.,0.707106781187,-0.707106781187));
#3059 = ORIENTED_EDGE('',*,*,#2991,.F.);
#3060 = PLANE('',#3061);
#3061 = AXIS2_PLACEMENT_3D('',#3062,#3063,#3064);
#3062 = CARTESIAN_POINT('',(-2.,131.,40.));
#3063 = DIRECTION('',(0.,-0.707106781187,-0.707106781187));
#3064 = DIRECTION('',(0.,-0.707106781187,0.707106781187));
#3065 = ADVANCED_FACE('',(#3066),#3077,.T.);
#3066 = FACE_BOUND('',#3067,.T.);
#3067 = EDGE_LOOP('',(#3068,#3069,#3070,#3076));
#3068 = ORIENTED_EDGE('',*,*,#89,.T.);
#3069 = ORIENTED_EDGE('',*,*,#3031,.T.);
#3070 = ORIENTED_EDGE('',*,*,#3071,.F.);
#3071 = EDGE_CURVE('',#3047,#3024,#3072,.T.);
#3072 = LINE('',#3073,#3074);
#3073 = CARTESIAN_POINT('',(20.,100.125,9.125));
#3074 = VECTOR('',#3075,1.);
#3075 = DIRECTION('',(0.,-0.707106781187,-0.707106781187));
#3076 = ORIENTED_EDGE('',*,*,#3046,.F.);
#3077 = PLANE('',#3078);
#3078 = AXIS2_PLACEMENT_3D('',#3079,#3080,#3081);
#3079 = CARTESIAN_POINT('',(-2.,122.,31.));
#3080 = DIRECTION('',(0.,-0.707106781187,0.707106781187));
#3081 = DIRECTION('',(0.,0.707106781187,0.707106781187));
#3082 = ADVANCED_FACE('',(#3083),#3108,.T.);
#3083 = FACE_BOUND('',#3084,.T.);
#3084 = EDGE_LOOP('',(#3085,#3086,#3094,#3102));
#3085 = ORIENTED_EDGE('',*,*,#105,.T.);
#3086 = ORIENTED_EDGE('',*,*,#3087,.T.);
#3087 = EDGE_CURVE('',#108,#3088,#3090,.T.);
#3088 = VERTEX_POINT('',#3089);
#3089 = CARTESIAN_POINT('',(20.,122.,71.));
#3090 = LINE('',#3091,#3092);
#3091 = CARTESIAN_POINT('',(-2.,122.,71.));
#3092 = VECTOR('',#3093,1.);
#3093 = DIRECTION('',(1.,0.,0.));
#3094 = ORIENTED_EDGE('',*,*,#3095,.F.);
#3095 = EDGE_CURVE('',#3096,#3088,#3098,.T.);
#3096 = VERTEX_POINT('',#3097);
#3097 = CARTESIAN_POINT('',(20.,113.,62.));
#3098 = LINE('',#3099,#3100);
#3099 = CARTESIAN_POINT('',(20.,90.125,39.125));
#3100 = VECTOR('',#3101,1.);
#3101 = DIRECTION('',(0.,0.707106781187,0.707106781187));
#3102 = ORIENTED_EDGE('',*,*,#3103,.F.);
#3103 = EDGE_CURVE('',#106,#3096,#3104,.T.);
#3104 = LINE('',#3105,#3106);
#3105 = CARTESIAN_POINT('',(-2.,113.,62.));
#3106 = VECTOR('',#3107,1.);
#3107 = DIRECTION('',(1.,0.,0.));
#3108 = PLANE('',#3109);
#3109 = AXIS2_PLACEMENT_3D('',#3110,#3111,#3112);
#3110 = CARTESIAN_POINT('',(-2.,122.,71.));
#3111 = DIRECTION('',(0.,0.707106781187,-0.707106781187));
#3112 = DIRECTION('',(0.,-0.707106781187,-0.707106781187));
#3113 = ADVANCED_FACE('',(#3114),#3132,.T.);
#3114 = FACE_BOUND('',#3115,.T.);
#3115 = EDGE_LOOP('',(#3116,#3117,#3118,#3126));
#3116 = ORIENTED_EDGE('',*,*,#131,.T.);
#3117 = ORIENTED_EDGE('',*,*,#3103,.T.);
#3118 = ORIENTED_EDGE('',*,*,#3119,.F.);
#3119 = EDGE_CURVE('',#3120,#3096,#3122,.T.);
#3120 = VERTEX_POINT('',#3121);
#3121 = CARTESIAN_POINT('',(20.,122.,53.));
#3122 = LINE('',#3123,#3124);
#3123 = CARTESIAN_POINT('',(20.,110.875,64.125));
#3124 = VECTOR('',#3125,1.);
#3125 = DIRECTION('',(0.,-0.707106781187,0.707106781187));
#3126 = ORIENTED_EDGE('',*,*,#3127,.F.);
#3127 = EDGE_CURVE('',#124,#3120,#3128,.T.);
#3128 = LINE('',#3129,#3130);
#3129 = CARTESIAN_POINT('',(-2.,122.,53.));
#3130 = VECTOR('',#3131,1.);
#3131 = DIRECTION('',(1.,0.,0.));
#3132 = PLANE('',#3133);
#3133 = AXIS2_PLACEMENT_3D('',#3134,#3135,#3136);
#3134 = CARTESIAN_POINT('',(-2.,113.,62.));
#3135 = DIRECTION('',(-0.,0.707106781187,0.707106781187));
#3136 = DIRECTION('',(0.,0.707106781187,-0.707106781187));
#3137 = ADVANCED_FACE('',(#3138),#3156,.T.);
#3138 = FACE_BOUND('',#3139,.T.);
#3139 = EDGE_LOOP('',(#3140,#3141,#3149,#3155));
#3140 = ORIENTED_EDGE('',*,*,#115,.T.);
#3141 = ORIENTED_EDGE('',*,*,#3142,.T.);
#3142 = EDGE_CURVE('',#116,#3143,#3145,.T.);
#3143 = VERTEX_POINT('',#3144);
#3144 = CARTESIAN_POINT('',(20.,131.,62.));
#3145 = LINE('',#3146,#3147);
#3146 = CARTESIAN_POINT('',(-2.,131.,62.));
#3147 = VECTOR('',#3148,1.);
#3148 = DIRECTION('',(1.,0.,0.));
#3149 = ORIENTED_EDGE('',*,*,#3150,.F.);
#3150 = EDGE_CURVE('',#3088,#3143,#3151,.T.);
#3151 = LINE('',#3152,#3153);
#3152 = CARTESIAN_POINT('',(20.,124.375,68.625));
#3153 = VECTOR('',#3154,1.);
#3154 = DIRECTION('',(-0.,0.707106781187,-0.707106781187));
#3155 = ORIENTED_EDGE('',*,*,#3087,.F.);
#3156 = PLANE('',#3157);
#3157 = AXIS2_PLACEMENT_3D('',#3158,#3159,#3160);
#3158 = CARTESIAN_POINT('',(-2.,131.,62.));
#3159 = DIRECTION('',(0.,-0.707106781187,-0.707106781187));
#3160 = DIRECTION('',(0.,-0.707106781187,0.707106781187));
#3161 = ADVANCED_FACE('',(#3162),#3173,.T.);
#3162 = FACE_BOUND('',#3163,.T.);
#3163 = EDGE_LOOP('',(#3164,#3165,#3166,#3172));
#3164 = ORIENTED_EDGE('',*,*,#123,.T.);
#3165 = ORIENTED_EDGE('',*,*,#3127,.T.);
#3166 = ORIENTED_EDGE('',*,*,#3167,.F.);
#3167 = EDGE_CURVE('',#3143,#3120,#3168,.T.);
#3168 = LINE('',#3169,#3170);
#3169 = CARTESIAN_POINT('',(20.,94.625,25.625));
#3170 = VECTOR('',#3171,1.);
#3171 = DIRECTION('',(0.,-0.707106781187,-0.707106781187));
#3172 = ORIENTED_EDGE('',*,*,#3142,.F.);
#3173 = PLANE('',#3174);
#3174 = AXIS2_PLACEMENT_3D('',#3175,#3176,#3177);
#3175 = CARTESIAN_POINT('',(-2.,122.,53.));
#3176 = DIRECTION('',(0.,-0.707106781187,0.707106781187));
#3177 = DIRECTION('',(0.,0.707106781187,0.707106781187));
#3178 = ADVANCED_FACE('',(#3179),#3204,.T.);
#3179 = FACE_BOUND('',#3180,.T.);
#3180 = EDGE_LOOP('',(#3181,#3182,#3190,#3198));
#3181 = ORIENTED_EDGE('',*,*,#139,.T.);
#3182 = ORIENTED_EDGE('',*,*,#3183,.T.);
#3183 = EDGE_CURVE('',#142,#3184,#3186,.T.);
#3184 = VERTEX_POINT('',#3185);
#3185 = CARTESIAN_POINT('',(20.,122.,93.));
#3186 = LINE('',#3187,#3188);
#3187 = CARTESIAN_POINT('',(-2.,122.,93.));
#3188 = VECTOR('',#3189,1.);
#3189 = DIRECTION('',(1.,0.,0.));
#3190 = ORIENTED_EDGE('',*,*,#3191,.F.);
#3191 = EDGE_CURVE('',#3192,#3184,#3194,.T.);
#3192 = VERTEX_POINT('',#3193);
#3193 = CARTESIAN_POINT('',(20.,113.,84.));
#3194 = LINE('',#3195,#3196);
#3195 = CARTESIAN_POINT('',(20.,84.625,55.625));
#3196 = VECTOR('',#3197,1.);
#3197 = DIRECTION('',(0.,0.707106781187,0.707106781187));
#3198 = ORIENTED_EDGE('',*,*,#3199,.F.);
#3199 = EDGE_CURVE('',#140,#3192,#3200,.T.);
#3200 = LINE('',#3201,#3202);
#3201 = CARTESIAN_POINT('',(-2.,113.,84.));
#3202 = VECTOR('',#3203,1.);
#3203 = DIRECTION('',(1.,0.,0.));
#3204 = PLANE('',#3205);
#3205 = AXIS2_PLACEMENT_3D('',#3206,#3207,#3208);
#3206 = CARTESIAN_POINT('',(-2.,122.,93.));
#3207 = DIRECTION('',(0.,0.707106781187,-0.707106781187));
#3208 = DIRECTION('',(0.,-0.707106781187,-0.707106781187));
#3209 = ADVANCED_FACE('',(#3210),#3228,.T.);
#3210 = FACE_BOUND('',#3211,.T.);
#3211 = EDGE_LOOP('',(#3212,#3213,#3214,#3222));
#3212 = ORIENTED_EDGE('',*,*,#165,.T.);
#3213 = ORIENTED_EDGE('',*,*,#3199,.T.);
#3214 = ORIENTED_EDGE('',*,*,#3215,.F.);
#3215 = EDGE_CURVE('',#3216,#3192,#3218,.T.);
#3216 = VERTEX_POINT('',#3217);
#3217 = CARTESIAN_POINT('',(20.,122.,75.));
#3218 = LINE('',#3219,#3220);
#3219 = CARTESIAN_POINT('',(20.,116.375,80.625));
#3220 = VECTOR('',#3221,1.);
#3221 = DIRECTION('',(0.,-0.707106781187,0.707106781187));
#3222 = ORIENTED_EDGE('',*,*,#3223,.F.);
#3223 = EDGE_CURVE('',#158,#3216,#3224,.T.);
#3224 = LINE('',#3225,#3226);
#3225 = CARTESIAN_POINT('',(-2.,122.,75.));
#3226 = VECTOR('',#3227,1.);
#3227 = DIRECTION('',(1.,0.,0.));
#3228 = PLANE('',#3229);
#3229 = AXIS2_PLACEMENT_3D('',#3230,#3231,#3232);
#3230 = CARTESIAN_POINT('',(-2.,113.,84.));
#3231 = DIRECTION('',(-0.,0.707106781187,0.707106781187));
#3232 = DIRECTION('',(0.,0.707106781187,-0.707106781187));
#3233 = ADVANCED_FACE('',(#3234),#3252,.T.);
#3234 = FACE_BOUND('',#3235,.T.);
#3235 = EDGE_LOOP('',(#3236,#3237,#3245,#3251));
#3236 = ORIENTED_EDGE('',*,*,#149,.T.);
#3237 = ORIENTED_EDGE('',*,*,#3238,.T.);
#3238 = EDGE_CURVE('',#150,#3239,#3241,.T.);
#3239 = VERTEX_POINT('',#3240);
#3240 = CARTESIAN_POINT('',(20.,131.,84.));
#3241 = LINE('',#3242,#3243);
#3242 = CARTESIAN_POINT('',(-2.,131.,84.));
#3243 = VECTOR('',#3244,1.);
#3244 = DIRECTION('',(1.,0.,0.));
#3245 = ORIENTED_EDGE('',*,*,#3246,.F.);
#3246 = EDGE_CURVE('',#3184,#3239,#3247,.T.);
#3247 = LINE('',#3248,#3249);
#3248 = CARTESIAN_POINT('',(20.,129.875,85.125));
#3249 = VECTOR('',#3250,1.);
#3250 = DIRECTION('',(-0.,0.707106781187,-0.707106781187));
#3251 = ORIENTED_EDGE('',*,*,#3183,.F.);
#3252 = PLANE('',#3253);
#3253 = AXIS2_PLACEMENT_3D('',#3254,#3255,#3256);
#3254 = CARTESIAN_POINT('',(-2.,131.,84.));
#3255 = DIRECTION('',(0.,-0.707106781187,-0.707106781187));
#3256 = DIRECTION('',(0.,-0.707106781187,0.707106781187));
#3257 = ADVANCED_FACE('',(#3258),#3269,.T.);
#3258 = FACE_BOUND('',#3259,.T.);
#3259 = EDGE_LOOP('',(#3260,#3261,#3262,#3268));
#3260 = ORIENTED_EDGE('',*,*,#157,.T.);
#3261 = ORIENTED_EDGE('',*,*,#3223,.T.);
#3262 = ORIENTED_EDGE('',*,*,#3263,.F.);
#3263 = EDGE_CURVE('',#3239,#3216,#3264,.T.);
#3264 = LINE('',#3265,#3266);
#3265 = CARTESIAN_POINT('',(20.,89.125,42.125));
#3266 = VECTOR('',#3267,1.);
#3267 = DIRECTION('',(0.,-0.707106781187,-0.707106781187));
#3268 = ORIENTED_EDGE('',*,*,#3238,.F.);
#3269 = PLANE('',#3270);
#3270 = AXIS2_PLACEMENT_3D('',#3271,#3272,#3273);
#3271 = CARTESIAN_POINT('',(-2.,122.,75.));
#3272 = DIRECTION('',(0.,-0.707106781187,0.707106781187));
#3273 = DIRECTION('',(0.,0.707106781187,0.707106781187));
#3274 = ADVANCED_FACE('',(#3275),#3300,.T.);
#3275 = FACE_BOUND('',#3276,.T.);
#3276 = EDGE_LOOP('',(#3277,#3278,#3286,#3294));
#3277 = ORIENTED_EDGE('',*,*,#173,.T.);
#3278 = ORIENTED_EDGE('',*,*,#3279,.T.);
#3279 = EDGE_CURVE('',#176,#3280,#3282,.T.);
#3280 = VERTEX_POINT('',#3281);
#3281 = CARTESIAN_POINT('',(20.,122.,115.));
#3282 = LINE('',#3283,#3284);
#3283 = CARTESIAN_POINT('',(-2.,122.,115.));
#3284 = VECTOR('',#3285,1.);
#3285 = DIRECTION('',(1.,0.,0.));
#3286 = ORIENTED_EDGE('',*,*,#3287,.F.);
#3287 = EDGE_CURVE('',#3288,#3280,#3290,.T.);
#3288 = VERTEX_POINT('',#3289);
#3289 = CARTESIAN_POINT('',(20.,113.,106.));
#3290 = LINE('',#3291,#3292);
#3291 = CARTESIAN_POINT('',(20.,79.125,72.125));
#3292 = VECTOR('',#3293,1.);
#3293 = DIRECTION('',(0.,0.707106781187,0.707106781187));
#3294 = ORIENTED_EDGE('',*,*,#3295,.F.);
#3295 = EDGE_CURVE('',#174,#3288,#3296,.T.);
#3296 = LINE('',#3297,#3298);
#3297 = CARTESIAN_POINT('',(-2.,113.,106.));
#3298 = VECTOR('',#3299,1.);
#3299 = DIRECTION('',(1.,0.,0.));
#3300 = PLANE('',#3301);
#3301 = AXIS2_PLACEMENT_3D('',#3302,#3303,#3304);
#3302 = CARTESIAN_POINT('',(-2.,122.,115.));
#3303 = DIRECTION('',(0.,0.707106781187,-0.707106781187));
#3304 = DIRECTION('',(0.,-0.707106781187,-0.707106781187));
#3305 = ADVANCED_FACE('',(#3306),#3324,.T.);
#3306 = FACE_BOUND('',#3307,.T.);
#3307 = EDGE_LOOP('',(#3308,#3309,#3310,#3318));
#3308 = ORIENTED_EDGE('',*,*,#199,.T.);
#3309 = ORIENTED_EDGE('',*,*,#3295,.T.);
#3310 = ORIENTED_EDGE('',*,*,#3311,.F.);
#3311 = EDGE_CURVE('',#3312,#3288,#3314,.T.);
#3312 = VERTEX_POINT('',#3313);
#3313 = CARTESIAN_POINT('',(20.,122.,97.));
#3314 = LINE('',#3315,#3316);
#3315 = CARTESIAN_POINT('',(20.,121.875,97.125));
#3316 = VECTOR('',#3317,1.);
#3317 = DIRECTION('',(0.,-0.707106781187,0.707106781187));
#3318 = ORIENTED_EDGE('',*,*,#3319,.F.);
#3319 = EDGE_CURVE('',#192,#3312,#3320,.T.);
#3320 = LINE('',#3321,#3322);
#3321 = CARTESIAN_POINT('',(-2.,122.,97.));
#3322 = VECTOR('',#3323,1.);
#3323 = DIRECTION('',(1.,0.,0.));
#3324 = PLANE('',#3325);
#3325 = AXIS2_PLACEMENT_3D('',#3326,#3327,#3328);
#3326 = CARTESIAN_POINT('',(-2.,113.,106.));
#3327 = DIRECTION('',(-0.,0.707106781187,0.707106781187));
#3328 = DIRECTION('',(0.,0.707106781187,-0.707106781187));
#3329 = ADVANCED_FACE('',(#3330),#3348,.T.);
#3330 = FACE_BOUND('',#3331,.T.);
#3331 = EDGE_LOOP('',(#3332,#3333,#3341,#3347));
#3332 = ORIENTED_EDGE('',*,*,#183,.T.);
#3333 = ORIENTED_EDGE('',*,*,#3334,.T.);
#3334 = EDGE_CURVE('',#184,#3335,#3337,.T.);
#3335 = VERTEX_POINT('',#3336);
#3336 = CARTESIAN_POINT('',(20.,131.,106.));
#3337 = LINE('',#3338,#3339);
#3338 = CARTESIAN_POINT('',(-2.,131.,106.));
#3339 = VECTOR('',#3340,1.);
#3340 = DIRECTION('',(1.,0.,0.));
#3341 = ORIENTED_EDGE('',*,*,#3342,.F.);
#3342 = EDGE_CURVE('',#3280,#3335,#3343,.T.);
#3343 = LINE('',#3344,#3345);
#3344 = CARTESIAN_POINT('',(20.,135.375,101.625));
#3345 = VECTOR('',#3346,1.);
#3346 = DIRECTION('',(-0.,0.707106781187,-0.707106781187));
#3347 = ORIENTED_EDGE('',*,*,#3279,.F.);
#3348 = PLANE('',#3349);
#3349 = AXIS2_PLACEMENT_3D('',#3350,#3351,#3352);
#3350 = CARTESIAN_POINT('',(-2.,131.,106.));
#3351 = DIRECTION('',(0.,-0.707106781187,-0.707106781187));
#3352 = DIRECTION('',(0.,-0.707106781187,0.707106781187));
#3353 = ADVANCED_FACE('',(#3354),#3365,.T.);
#3354 = FACE_BOUND('',#3355,.T.);
#3355 = EDGE_LOOP('',(#3356,#3357,#3358,#3364));
#3356 = ORIENTED_EDGE('',*,*,#191,.T.);
#3357 = ORIENTED_EDGE('',*,*,#3319,.T.);
#3358 = ORIENTED_EDGE('',*,*,#3359,.F.);
#3359 = EDGE_CURVE('',#3335,#3312,#3360,.T.);
#3360 = LINE('',#3361,#3362);
#3361 = CARTESIAN_POINT('',(20.,83.625,58.625));
#3362 = VECTOR('',#3363,1.);
#3363 = DIRECTION('',(0.,-0.707106781187,-0.707106781187));
#3364 = ORIENTED_EDGE('',*,*,#3334,.F.);
#3365 = PLANE('',#3366);
#3366 = AXIS2_PLACEMENT_3D('',#3367,#3368,#3369);
#3367 = CARTESIAN_POINT('',(-2.,122.,97.));
#3368 = DIRECTION('',(0.,-0.707106781187,0.707106781187));
#3369 = DIRECTION('',(0.,0.707106781187,0.707106781187));
#3370 = ADVANCED_FACE('',(#3371),#3396,.T.);
#3371 = FACE_BOUND('',#3372,.T.);
#3372 = EDGE_LOOP('',(#3373,#3374,#3382,#3390));
#3373 = ORIENTED_EDGE('',*,*,#207,.T.);
#3374 = ORIENTED_EDGE('',*,*,#3375,.T.);
#3375 = EDGE_CURVE('',#210,#3376,#3378,.T.);
#3376 = VERTEX_POINT('',#3377);
#3377 = CARTESIAN_POINT('',(20.,100.,38.));
#3378 = LINE('',#3379,#3380);
#3379 = CARTESIAN_POINT('',(-2.,100.,38.));
#3380 = VECTOR('',#3381,1.);
#3381 = DIRECTION('',(1.,0.,0.));
#3382 = ORIENTED_EDGE('',*,*,#3383,.F.);
#3383 = EDGE_CURVE('',#3384,#3376,#3386,.T.);
#3384 = VERTEX_POINT('',#3385);
#3385 = CARTESIAN_POINT('',(20.,91.,29.));
#3386 = LINE('',#3387,#3388);
#3387 = CARTESIAN_POINT('',(20.,81.875,19.875));
#3388 = VECTOR('',#3389,1.);
#3389 = DIRECTION('',(0.,0.707106781187,0.707106781187));
#3390 = ORIENTED_EDGE('',*,*,#3391,.F.);
#3391 = EDGE_CURVE('',#208,#3384,#3392,.T.);
#3392 = LINE('',#3393,#3394);
#3393 = CARTESIAN_POINT('',(-2.,91.,29.));
#3394 = VECTOR('',#3395,1.);
#3395 = DIRECTION('',(1.,0.,0.));
#3396 = PLANE('',#3397);
#3397 = AXIS2_PLACEMENT_3D('',#3398,#3399,#3400);
#3398 = CARTESIAN_POINT('',(-2.,100.,38.));
#3399 = DIRECTION('',(0.,0.707106781187,-0.707106781187));
#3400 = DIRECTION('',(0.,-0.707106781187,-0.707106781187));
#3401 = ADVANCED_FACE('',(#3402),#3420,.T.);
#3402 = FACE_BOUND('',#3403,.T.);
#3403 = EDGE_LOOP('',(#3404,#3405,#3406,#3414));
#3404 = ORIENTED_EDGE('',*,*,#233,.T.);
#3405 = ORIENTED_EDGE('',*,*,#3391,.T.);
#3406 = ORIENTED_EDGE('',*,*,#3407,.F.);
#3407 = EDGE_CURVE('',#3408,#3384,#3410,.T.);
#3408 = VERTEX_POINT('',#3409);
#3409 = CARTESIAN_POINT('',(20.,100.,20.));
#3410 = LINE('',#3411,#3412);
#3411 = CARTESIAN_POINT('',(20.,86.125,33.875));
#3412 = VECTOR('',#3413,1.);
#3413 = DIRECTION('',(0.,-0.707106781187,0.707106781187));
#3414 = ORIENTED_EDGE('',*,*,#3415,.F.);
#3415 = EDGE_CURVE('',#226,#3408,#3416,.T.);
#3416 = LINE('',#3417,#3418);
#3417 = CARTESIAN_POINT('',(-2.,100.,20.));
#3418 = VECTOR('',#3419,1.);
#3419 = DIRECTION('',(1.,0.,0.));
#3420 = PLANE('',#3421);
#3421 = AXIS2_PLACEMENT_3D('',#3422,#3423,#3424);
#3422 = CARTESIAN_POINT('',(-2.,91.,29.));
#3423 = DIRECTION('',(-0.,0.707106781187,0.707106781187));
#3424 = DIRECTION('',(0.,0.707106781187,-0.707106781187));
#3425 = ADVANCED_FACE('',(#3426),#3444,.T.);
#3426 = FACE_BOUND('',#3427,.T.);
#3427 = EDGE_LOOP('',(#3428,#3429,#3437,#3443));
#3428 = ORIENTED_EDGE('',*,*,#217,.T.);
#3429 = ORIENTED_EDGE('',*,*,#3430,.T.);
#3430 = EDGE_CURVE('',#218,#3431,#3433,.T.);
#3431 = VERTEX_POINT('',#3432);
#3432 = CARTESIAN_POINT('',(20.,109.,29.));
#3433 = LINE('',#3434,#3435);
#3434 = CARTESIAN_POINT('',(-2.,109.,29.));
#3435 = VECTOR('',#3436,1.);
#3436 = DIRECTION('',(1.,0.,0.));
#3437 = ORIENTED_EDGE('',*,*,#3438,.F.);
#3438 = EDGE_CURVE('',#3376,#3431,#3439,.T.);
#3439 = LINE('',#3440,#3441);
#3440 = CARTESIAN_POINT('',(20.,99.625,38.375));
#3441 = VECTOR('',#3442,1.);
#3442 = DIRECTION('',(-0.,0.707106781187,-0.707106781187));
#3443 = ORIENTED_EDGE('',*,*,#3375,.F.);
#3444 = PLANE('',#3445);
#3445 = AXIS2_PLACEMENT_3D('',#3446,#3447,#3448);
#3446 = CARTESIAN_POINT('',(-2.,109.,29.));
#3447 = DIRECTION('',(0.,-0.707106781187,-0.707106781187));
#3448 = DIRECTION('',(0.,-0.707106781187,0.707106781187));
#3449 = ADVANCED_FACE('',(#3450),#3461,.T.);
#3450 = FACE_BOUND('',#3451,.T.);
#3451 = EDGE_LOOP('',(#3452,#3453,#3454,#3460));
#3452 = ORIENTED_EDGE('',*,*,#225,.T.);
#3453 = ORIENTED_EDGE('',*,*,#3415,.T.);
#3454 = ORIENTED_EDGE('',*,*,#3455,.F.);
#3455 = EDGE_CURVE('',#3431,#3408,#3456,.T.);
#3456 = LINE('',#3457,#3458);
#3457 = CARTESIAN_POINT('',(20.,86.375,6.375));
#3458 = VECTOR('',#3459,1.);
#3459 = DIRECTION('',(0.,-0.707106781187,-0.707106781187));
#3460 = ORIENTED_EDGE('',*,*,#3430,.F.);
#3461 = PLANE('',#3462);
#3462 = AXIS2_PLACEMENT_3D('',#3463,#3464,#3465);
#3463 = CARTESIAN_POINT('',(-2.,100.,20.));
#3464 = DIRECTION('',(0.,-0.707106781187,0.707106781187));
#3465 = DIRECTION('',(0.,0.707106781187,0.707106781187));
#3466 = ADVANCED_FACE('',(#3467),#3492,.T.);
#3467 = FACE_BOUND('',#3468,.T.);
#3468 = EDGE_LOOP('',(#3469,#3470,#3478,#3486));
#3469 = ORIENTED_EDGE('',*,*,#241,.T.);
#3470 = ORIENTED_EDGE('',*,*,#3471,.T.);
#3471 = EDGE_CURVE('',#244,#3472,#3474,.T.);
#3472 = VERTEX_POINT('',#3473);
#3473 = CARTESIAN_POINT('',(20.,100.,60.));
#3474 = LINE('',#3475,#3476);
#3475 = CARTESIAN_POINT('',(-2.,100.,60.));
#3476 = VECTOR('',#3477,1.);
#3477 = DIRECTION('',(1.,0.,0.));
#3478 = ORIENTED_EDGE('',*,*,#3479,.F.);
#3479 = EDGE_CURVE('',#3480,#3472,#3482,.T.);
#3480 = VERTEX_POINT('',#3481);
#3481 = CARTESIAN_POINT('',(20.,91.,51.));
#3482 = LINE('',#3483,#3484);
#3483 = CARTESIAN_POINT('',(20.,76.375,36.375));
#3484 = VECTOR('',#3485,1.);
#3485 = DIRECTION('',(0.,0.707106781187,0.707106781187));
#3486 = ORIENTED_EDGE('',*,*,#3487,.F.);
#3487 = EDGE_CURVE('',#242,#3480,#3488,.T.);
#3488 = LINE('',#3489,#3490);
#3489 = CARTESIAN_POINT('',(-2.,91.,51.));
#3490 = VECTOR('',#3491,1.);
#3491 = DIRECTION('',(1.,0.,0.));
#3492 = PLANE('',#3493);
#3493 = AXIS2_PLACEMENT_3D('',#3494,#3495,#3496);
#3494 = CARTESIAN_POINT('',(-2.,100.,60.));
#3495 = DIRECTION('',(0.,0.707106781187,-0.707106781187));
#3496 = DIRECTION('',(0.,-0.707106781187,-0.707106781187));
#3497 = ADVANCED_FACE('',(#3498),#3516,.T.);
#3498 = FACE_BOUND('',#3499,.T.);
#3499 = EDGE_LOOP('',(#3500,#3501,#3502,#3510));
#3500 = ORIENTED_EDGE('',*,*,#267,.T.);
#3501 = ORIENTED_EDGE('',*,*,#3487,.T.);
#3502 = ORIENTED_EDGE('',*,*,#3503,.F.);
#3503 = EDGE_CURVE('',#3504,#3480,#3506,.T.);
#3504 = VERTEX_POINT('',#3505);
#3505 = CARTESIAN_POINT('',(20.,100.,42.));
#3506 = LINE('',#3507,#3508);
#3507 = CARTESIAN_POINT('',(20.,91.625,50.375));
#3508 = VECTOR('',#3509,1.);
#3509 = DIRECTION('',(0.,-0.707106781187,0.707106781187));
#3510 = ORIENTED_EDGE('',*,*,#3511,.F.);
#3511 = EDGE_CURVE('',#260,#3504,#3512,.T.);
#3512 = LINE('',#3513,#3514);
#3513 = CARTESIAN_POINT('',(-2.,100.,42.));
#3514 = VECTOR('',#3515,1.);
#3515 = DIRECTION('',(1.,0.,0.));
#3516 = PLANE('',#3517);
#3517 = AXIS2_PLACEMENT_3D('',#3518,#3519,#3520);
#3518 = CARTESIAN_POINT('',(-2.,91.,51.));
#3519 = DIRECTION('',(-0.,0.707106781187,0.707106781187));
#3520 = DIRECTION('',(0.,0.707106781187,-0.707106781187));
#3521 = ADVANCED_FACE('',(#3522),#3540,.T.);
#3522 = FACE_BOUND('',#3523,.T.);
#3523 = EDGE_LOOP('',(#3524,#3525,#3533,#3539));
#3524 = ORIENTED_EDGE('',*,*,#251,.T.);
#3525 = ORIENTED_EDGE('',*,*,#3526,.T.);
#3526 = EDGE_CURVE('',#252,#3527,#3529,.T.);
#3527 = VERTEX_POINT('',#3528);
#3528 = CARTESIAN_POINT('',(20.,109.,51.));
#3529 = LINE('',#3530,#3531);
#3530 = CARTESIAN_POINT('',(-2.,109.,51.));
#3531 = VECTOR('',#3532,1.);
#3532 = DIRECTION('',(1.,0.,0.));
#3533 = ORIENTED_EDGE('',*,*,#3534,.F.);
#3534 = EDGE_CURVE('',#3472,#3527,#3535,.T.);
#3535 = LINE('',#3536,#3537);
#3536 = CARTESIAN_POINT('',(20.,105.125,54.875));
#3537 = VECTOR('',#3538,1.);
#3538 = DIRECTION('',(-0.,0.707106781187,-0.707106781187));
#3539 = ORIENTED_EDGE('',*,*,#3471,.F.);
#3540 = PLANE('',#3541);
#3541 = AXIS2_PLACEMENT_3D('',#3542,#3543,#3544);
#3542 = CARTESIAN_POINT('',(-2.,109.,51.));
#3543 = DIRECTION('',(0.,-0.707106781187,-0.707106781187));
#3544 = DIRECTION('',(0.,-0.707106781187,0.707106781187));
#3545 = ADVANCED_FACE('',(#3546),#3557,.T.);
#3546 = FACE_BOUND('',#3547,.T.);
#3547 = EDGE_LOOP('',(#3548,#3549,#3550,#3556));
#3548 = ORIENTED_EDGE('',*,*,#259,.T.);
#3549 = ORIENTED_EDGE('',*,*,#3511,.T.);
#3550 = ORIENTED_EDGE('',*,*,#3551,.F.);
#3551 = EDGE_CURVE('',#3527,#3504,#3552,.T.);
#3552 = LINE('',#3553,#3554);
#3553 = CARTESIAN_POINT('',(20.,80.875,22.875));
#3554 = VECTOR('',#3555,1.);
#3555 = DIRECTION('',(0.,-0.707106781187,-0.707106781187));
#3556 = ORIENTED_EDGE('',*,*,#3526,.F.);
#3557 = PLANE('',#3558);
#3558 = AXIS2_PLACEMENT_3D('',#3559,#3560,#3561);
#3559 = CARTESIAN_POINT('',(-2.,100.,42.));
#3560 = DIRECTION('',(0.,-0.707106781187,0.707106781187));
#3561 = DIRECTION('',(0.,0.707106781187,0.707106781187));
#3562 = ADVANCED_FACE('',(#3563),#3588,.T.);
#3563 = FACE_BOUND('',#3564,.T.);
#3564 = EDGE_LOOP('',(#3565,#3566,#3574,#3582));
#3565 = ORIENTED_EDGE('',*,*,#275,.T.);
#3566 = ORIENTED_EDGE('',*,*,#3567,.T.);
#3567 = EDGE_CURVE('',#278,#3568,#3570,.T.);
#3568 = VERTEX_POINT('',#3569);
#3569 = CARTESIAN_POINT('',(20.,78.,49.));
#3570 = LINE('',#3571,#3572);
#3571 = CARTESIAN_POINT('',(-2.,78.,49.));
#3572 = VECTOR('',#3573,1.);
#3573 = DIRECTION('',(1.,0.,0.));
#3574 = ORIENTED_EDGE('',*,*,#3575,.F.);
#3575 = EDGE_CURVE('',#3576,#3568,#3578,.T.);
#3576 = VERTEX_POINT('',#3577);
#3577 = CARTESIAN_POINT('',(20.,69.,40.));
#3578 = LINE('',#3579,#3580);
#3579 = CARTESIAN_POINT('',(20.,62.625,33.625));
#3580 = VECTOR('',#3581,1.);
#3581 = DIRECTION('',(0.,0.707106781187,0.707106781187));
#3582 = ORIENTED_EDGE('',*,*,#3583,.F.);
#3583 = EDGE_CURVE('',#276,#3576,#3584,.T.);
#3584 = LINE('',#3585,#3586);
#3585 = CARTESIAN_POINT('',(-2.,69.,40.));
#3586 = VECTOR('',#3587,1.);
#3587 = DIRECTION('',(1.,0.,0.));
#3588 = PLANE('',#3589);
#3589 = AXIS2_PLACEMENT_3D('',#3590,#3591,#3592);
#3590 = CARTESIAN_POINT('',(-2.,78.,49.));
#3591 = DIRECTION('',(0.,0.707106781187,-0.707106781187));
#3592 = DIRECTION('',(0.,-0.707106781187,-0.707106781187));
#3593 = ADVANCED_FACE('',(#3594),#3612,.T.);
#3594 = FACE_BOUND('',#3595,.T.);
#3595 = EDGE_LOOP('',(#3596,#3597,#3598,#3606));
#3596 = ORIENTED_EDGE('',*,*,#301,.T.);
#3597 = ORIENTED_EDGE('',*,*,#3583,.T.);
#3598 = ORIENTED_EDGE('',*,*,#3599,.F.);
#3599 = EDGE_CURVE('',#3600,#3576,#3602,.T.);
#3600 = VERTEX_POINT('',#3601);
#3601 = CARTESIAN_POINT('',(20.,78.,31.));
#3602 = LINE('',#3603,#3604);
#3603 = CARTESIAN_POINT('',(20.,72.375,36.625));
#3604 = VECTOR('',#3605,1.);
#3605 = DIRECTION('',(0.,-0.707106781187,0.707106781187));
#3606 = ORIENTED_EDGE('',*,*,#3607,.F.);
#3607 = EDGE_CURVE('',#294,#3600,#3608,.T.);
#3608 = LINE('',#3609,#3610);
#3609 = CARTESIAN_POINT('',(-2.,78.,31.));
#3610 = VECTOR('',#3611,1.);
#3611 = DIRECTION('',(1.,0.,0.));
#3612 = PLANE('',#3613);
#3613 = AXIS2_PLACEMENT_3D('',#3614,#3615,#3616);
#3614 = CARTESIAN_POINT('',(-2.,69.,40.));
#3615 = DIRECTION('',(-0.,0.707106781187,0.707106781187));
#3616 = DIRECTION('',(0.,0.707106781187,-0.707106781187));
#3617 = ADVANCED_FACE('',(#3618),#3636,.T.);
#3618 = FACE_BOUND('',#3619,.T.);
#3619 = EDGE_LOOP('',(#3620,#3621,#3629,#3635));
#3620 = ORIENTED_EDGE('',*,*,#285,.T.);
#3621 = ORIENTED_EDGE('',*,*,#3622,.T.);
#3622 = EDGE_CURVE('',#286,#3623,#3625,.T.);
#3623 = VERTEX_POINT('',#3624);
#3624 = CARTESIAN_POINT('',(20.,87.,40.));
#3625 = LINE('',#3626,#3627);
#3626 = CARTESIAN_POINT('',(-2.,87.,40.));
#3627 = VECTOR('',#3628,1.);
#3628 = DIRECTION('',(1.,0.,0.));
#3629 = ORIENTED_EDGE('',*,*,#3630,.F.);
#3630 = EDGE_CURVE('',#3568,#3623,#3631,.T.);
#3631 = LINE('',#3632,#3633);
#3632 = CARTESIAN_POINT('',(20.,85.875,41.125));
#3633 = VECTOR('',#3634,1.);
#3634 = DIRECTION('',(-0.,0.707106781187,-0.707106781187));
#3635 = ORIENTED_EDGE('',*,*,#3567,.F.);
#3636 = PLANE('',#3637);
#3637 = AXIS2_PLACEMENT_3D('',#3638,#3639,#3640);
#3638 = CARTESIAN_POINT('',(-2.,87.,40.));
#3639 = DIRECTION('',(0.,-0.707106781187,-0.707106781187));
#3640 = DIRECTION('',(0.,-0.707106781187,0.707106781187));
#3641 = ADVANCED_FACE('',(#3642),#3653,.T.);
#3642 = FACE_BOUND('',#3643,.T.);
#3643 = EDGE_LOOP('',(#3644,#3645,#3646,#3652));
#3644 = ORIENTED_EDGE('',*,*,#293,.T.);
#3645 = ORIENTED_EDGE('',*,*,#3607,.T.);
#3646 = ORIENTED_EDGE('',*,*,#3647,.F.);
#3647 = EDGE_CURVE('',#3623,#3600,#3648,.T.);
#3648 = LINE('',#3649,#3650);
#3649 = CARTESIAN_POINT('',(20.,67.125,20.125));
#3650 = VECTOR('',#3651,1.);
#3651 = DIRECTION('',(0.,-0.707106781187,-0.707106781187));
#3652 = ORIENTED_EDGE('',*,*,#3622,.F.);
#3653 = PLANE('',#3654);
#3654 = AXIS2_PLACEMENT_3D('',#3655,#3656,#3657);
#3655 = CARTESIAN_POINT('',(-2.,78.,31.));
#3656 = DIRECTION('',(0.,-0.707106781187,0.707106781187));
#3657 = DIRECTION('',(0.,0.707106781187,0.707106781187));
#3658 = ADVANCED_FACE('',(#3659),#3684,.T.);
#3659 = FACE_BOUND('',#3660,.T.);
#3660 = EDGE_LOOP('',(#3661,#3662,#3670,#3678));
#3661 = ORIENTED_EDGE('',*,*,#309,.T.);
#3662 = ORIENTED_EDGE('',*,*,#3663,.T.);
#3663 = EDGE_CURVE('',#312,#3664,#3666,.T.);
#3664 = VERTEX_POINT('',#3665);
#3665 = CARTESIAN_POINT('',(20.,78.,71.));
#3666 = LINE('',#3667,#3668);
#3667 = CARTESIAN_POINT('',(-2.,78.,71.));
#3668 = VECTOR('',#3669,1.);
#3669 = DIRECTION('',(1.,0.,0.));
#3670 = ORIENTED_EDGE('',*,*,#3671,.F.);
#3671 = EDGE_CURVE('',#3672,#3664,#3674,.T.);
#3672 = VERTEX_POINT('',#3673);
#3673 = CARTESIAN_POINT('',(20.,69.,62.));
#3674 = LINE('',#3675,#3676);
#3675 = CARTESIAN_POINT('',(20.,57.125,50.125));
#3676 = VECTOR('',#3677,1.);
#3677 = DIRECTION('',(0.,0.707106781187,0.707106781187));
#3678 = ORIENTED_EDGE('',*,*,#3679,.F.);
#3679 = EDGE_CURVE('',#310,#3672,#3680,.T.);
#3680 = LINE('',#3681,#3682);
#3681 = CARTESIAN_POINT('',(-2.,69.,62.));
#3682 = VECTOR('',#3683,1.);
#3683 = DIRECTION('',(1.,0.,0.));
#3684 = PLANE('',#3685);
#3685 = AXIS2_PLACEMENT_3D('',#3686,#3687,#3688);
#3686 = CARTESIAN_POINT('',(-2.,78.,71.));
#3687 = DIRECTION('',(0.,0.707106781187,-0.707106781187));
#3688 = DIRECTION('',(0.,-0.707106781187,-0.707106781187));
#3689 = ADVANCED_FACE('',(#3690),#3708,.T.);
#3690 = FACE_BOUND('',#3691,.T.);
#3691 = EDGE_LOOP('',(#3692,#3693,#3694,#3702));
#3692 = ORIENTED_EDGE('',*,*,#335,.T.);
#3693 = ORIENTED_EDGE('',*,*,#3679,.T.);
#3694 = ORIENTED_EDGE('',*,*,#3695,.F.);
#3695 = EDGE_CURVE('',#3696,#3672,#3698,.T.);
#3696 = VERTEX_POINT('',#3697);
#3697 = CARTESIAN_POINT('',(20.,78.,53.));
#3698 = LINE('',#3699,#3700);
#3699 = CARTESIAN_POINT('',(20.,77.875,53.125));
#3700 = VECTOR('',#3701,1.);
#3701 = DIRECTION('',(0.,-0.707106781187,0.707106781187));
#3702 = ORIENTED_EDGE('',*,*,#3703,.F.);
#3703 = EDGE_CURVE('',#328,#3696,#3704,.T.);
#3704 = LINE('',#3705,#3706);
#3705 = CARTESIAN_POINT('',(-2.,78.,53.));
#3706 = VECTOR('',#3707,1.);
#3707 = DIRECTION('',(1.,0.,0.));
#3708 = PLANE('',#3709);
#3709 = AXIS2_PLACEMENT_3D('',#3710,#3711,#3712);
#3710 = CARTESIAN_POINT('',(-2.,69.,62.));
#3711 = DIRECTION('',(-0.,0.707106781187,0.707106781187));
#3712 = DIRECTION('',(0.,0.707106781187,-0.707106781187));
#3713 = ADVANCED_FACE('',(#3714),#3732,.T.);
#3714 = FACE_BOUND('',#3715,.T.);
#3715 = EDGE_LOOP('',(#3716,#3717,#3725,#3731));
#3716 = ORIENTED_EDGE('',*,*,#319,.T.);
#3717 = ORIENTED_EDGE('',*,*,#3718,.T.);
#3718 = EDGE_CURVE('',#320,#3719,#3721,.T.);
#3719 = VERTEX_POINT('',#3720);
#3720 = CARTESIAN_POINT('',(20.,87.,62.));
#3721 = LINE('',#3722,#3723);
#3722 = CARTESIAN_POINT('',(-2.,87.,62.));
#3723 = VECTOR('',#3724,1.);
#3724 = DIRECTION('',(1.,0.,0.));
#3725 = ORIENTED_EDGE('',*,*,#3726,.F.);
#3726 = EDGE_CURVE('',#3664,#3719,#3727,.T.);
#3727 = LINE('',#3728,#3729);
#3728 = CARTESIAN_POINT('',(20.,91.375,57.625));
#3729 = VECTOR('',#3730,1.);
#3730 = DIRECTION('',(-0.,0.707106781187,-0.707106781187));
#3731 = ORIENTED_EDGE('',*,*,#3663,.F.);
#3732 = PLANE('',#3733);
#3733 = AXIS2_PLACEMENT_3D('',#3734,#3735,#3736);
#3734 = CARTESIAN_POINT('',(-2.,87.,62.));
#3735 = DIRECTION('',(0.,-0.707106781187,-0.707106781187));
#3736 = DIRECTION('',(0.,-0.707106781187,0.707106781187));
#3737 = ADVANCED_FACE('',(#3738),#3749,.T.);
#3738 = FACE_BOUND('',#3739,.T.);
#3739 = EDGE_LOOP('',(#3740,#3741,#3742,#3748));
#3740 = ORIENTED_EDGE('',*,*,#327,.T.);
#3741 = ORIENTED_EDGE('',*,*,#3703,.T.);
#3742 = ORIENTED_EDGE('',*,*,#3743,.F.);
#3743 = EDGE_CURVE('',#3719,#3696,#3744,.T.);
#3744 = LINE('',#3745,#3746);
#3745 = CARTESIAN_POINT('',(20.,61.625,36.625));
#3746 = VECTOR('',#3747,1.);
#3747 = DIRECTION('',(0.,-0.707106781187,-0.707106781187));
#3748 = ORIENTED_EDGE('',*,*,#3718,.F.);
#3749 = PLANE('',#3750);
#3750 = AXIS2_PLACEMENT_3D('',#3751,#3752,#3753);
#3751 = CARTESIAN_POINT('',(-2.,78.,53.));
#3752 = DIRECTION('',(0.,-0.707106781187,0.707106781187));
#3753 = DIRECTION('',(0.,0.707106781187,0.707106781187));
#3754 = ADVANCED_FACE('',(#3755),#3780,.T.);
#3755 = FACE_BOUND('',#3756,.T.);
#3756 = EDGE_LOOP('',(#3757,#3758,#3766,#3774));
#3757 = ORIENTED_EDGE('',*,*,#343,.T.);
#3758 = ORIENTED_EDGE('',*,*,#3759,.T.);
#3759 = EDGE_CURVE('',#346,#3760,#3762,.T.);
#3760 = VERTEX_POINT('',#3761);
#3761 = CARTESIAN_POINT('',(20.,100.,82.));
#3762 = LINE('',#3763,#3764);
#3763 = CARTESIAN_POINT('',(-2.,100.,82.));
#3764 = VECTOR('',#3765,1.);
#3765 = DIRECTION('',(1.,0.,0.));
#3766 = ORIENTED_EDGE('',*,*,#3767,.F.);
#3767 = EDGE_CURVE('',#3768,#3760,#3770,.T.);
#3768 = VERTEX_POINT('',#3769);
#3769 = CARTESIAN_POINT('',(20.,91.,73.));
#3770 = LINE('',#3771,#3772);
#3771 = CARTESIAN_POINT('',(20.,70.875,52.875));
#3772 = VECTOR('',#3773,1.);
#3773 = DIRECTION('',(0.,0.707106781187,0.707106781187));
#3774 = ORIENTED_EDGE('',*,*,#3775,.F.);
#3775 = EDGE_CURVE('',#344,#3768,#3776,.T.);
#3776 = LINE('',#3777,#3778);
#3777 = CARTESIAN_POINT('',(-2.,91.,73.));
#3778 = VECTOR('',#3779,1.);
#3779 = DIRECTION('',(1.,0.,0.));
#3780 = PLANE('',#3781);
#3781 = AXIS2_PLACEMENT_3D('',#3782,#3783,#3784);
#3782 = CARTESIAN_POINT('',(-2.,100.,82.));
#3783 = DIRECTION('',(0.,0.707106781187,-0.707106781187));
#3784 = DIRECTION('',(0.,-0.707106781187,-0.707106781187));
#3785 = ADVANCED_FACE('',(#3786),#3804,.T.);
#3786 = FACE_BOUND('',#3787,.T.);
#3787 = EDGE_LOOP('',(#3788,#3789,#3790,#3798));
#3788 = ORIENTED_EDGE('',*,*,#369,.T.);
#3789 = ORIENTED_EDGE('',*,*,#3775,.T.);
#3790 = ORIENTED_EDGE('',*,*,#3791,.F.);
#3791 = EDGE_CURVE('',#3792,#3768,#3794,.T.);
#3792 = VERTEX_POINT('',#3793);
#3793 = CARTESIAN_POINT('',(20.,100.,64.));
#3794 = LINE('',#3795,#3796);
#3795 = CARTESIAN_POINT('',(20.,97.125,66.875));
#3796 = VECTOR('',#3797,1.);
#3797 = DIRECTION('',(0.,-0.707106781187,0.707106781187));
#3798 = ORIENTED_EDGE('',*,*,#3799,.F.);
#3799 = EDGE_CURVE('',#362,#3792,#3800,.T.);
#3800 = LINE('',#3801,#3802);
#3801 = CARTESIAN_POINT('',(-2.,100.,64.));
#3802 = VECTOR('',#3803,1.);
#3803 = DIRECTION('',(1.,0.,0.));
#3804 = PLANE('',#3805);
#3805 = AXIS2_PLACEMENT_3D('',#3806,#3807,#3808);
#3806 = CARTESIAN_POINT('',(-2.,91.,73.));
#3807 = DIRECTION('',(-0.,0.707106781187,0.707106781187));
#3808 = DIRECTION('',(0.,0.707106781187,-0.707106781187));
#3809 = ADVANCED_FACE('',(#3810),#3828,.T.);
#3810 = FACE_BOUND('',#3811,.T.);
#3811 = EDGE_LOOP('',(#3812,#3813,#3821,#3827));
#3812 = ORIENTED_EDGE('',*,*,#353,.T.);
#3813 = ORIENTED_EDGE('',*,*,#3814,.T.);
#3814 = EDGE_CURVE('',#354,#3815,#3817,.T.);
#3815 = VERTEX_POINT('',#3816);
#3816 = CARTESIAN_POINT('',(20.,109.,73.));
#3817 = LINE('',#3818,#3819);
#3818 = CARTESIAN_POINT('',(-2.,109.,73.));
#3819 = VECTOR('',#3820,1.);
#3820 = DIRECTION('',(1.,0.,0.));
#3821 = ORIENTED_EDGE('',*,*,#3822,.F.);
#3822 = EDGE_CURVE('',#3760,#3815,#3823,.T.);
#3823 = LINE('',#3824,#3825);
#3824 = CARTESIAN_POINT('',(20.,110.625,71.375));
#3825 = VECTOR('',#3826,1.);
#3826 = DIRECTION('',(-0.,0.707106781187,-0.707106781187));
#3827 = ORIENTED_EDGE('',*,*,#3759,.F.);
#3828 = PLANE('',#3829);
#3829 = AXIS2_PLACEMENT_3D('',#3830,#3831,#3832);
#3830 = CARTESIAN_POINT('',(-2.,109.,73.));
#3831 = DIRECTION('',(0.,-0.707106781187,-0.707106781187));
#3832 = DIRECTION('',(0.,-0.707106781187,0.707106781187));
#3833 = ADVANCED_FACE('',(#3834),#3845,.T.);
#3834 = FACE_BOUND('',#3835,.T.);
#3835 = EDGE_LOOP('',(#3836,#3837,#3838,#3844));
#3836 = ORIENTED_EDGE('',*,*,#361,.T.);
#3837 = ORIENTED_EDGE('',*,*,#3799,.T.);
#3838 = ORIENTED_EDGE('',*,*,#3839,.F.);
#3839 = EDGE_CURVE('',#3815,#3792,#3840,.T.);
#3840 = LINE('',#3841,#3842);
#3841 = CARTESIAN_POINT('',(20.,75.375,39.375));
#3842 = VECTOR('',#3843,1.);
#3843 = DIRECTION('',(0.,-0.707106781187,-0.707106781187));
#3844 = ORIENTED_EDGE('',*,*,#3814,.F.);
#3845 = PLANE('',#3846);
#3846 = AXIS2_PLACEMENT_3D('',#3847,#3848,#3849);
#3847 = CARTESIAN_POINT('',(-2.,100.,64.));
#3848 = DIRECTION('',(0.,-0.707106781187,0.707106781187));
#3849 = DIRECTION('',(0.,0.707106781187,0.707106781187));
#3850 = ADVANCED_FACE('',(#3851),#3876,.T.);
#3851 = FACE_BOUND('',#3852,.T.);
#3852 = EDGE_LOOP('',(#3853,#3854,#3862,#3870));
#3853 = ORIENTED_EDGE('',*,*,#377,.T.);
#3854 = ORIENTED_EDGE('',*,*,#3855,.T.);
#3855 = EDGE_CURVE('',#380,#3856,#3858,.T.);
#3856 = VERTEX_POINT('',#3857);
#3857 = CARTESIAN_POINT('',(20.,100.,104.));
#3858 = LINE('',#3859,#3860);
#3859 = CARTESIAN_POINT('',(-2.,100.,104.));
#3860 = VECTOR('',#3861,1.);
#3861 = DIRECTION('',(1.,0.,0.));
#3862 = ORIENTED_EDGE('',*,*,#3863,.F.);
#3863 = EDGE_CURVE('',#3864,#3856,#3866,.T.);
#3864 = VERTEX_POINT('',#3865);
#3865 = CARTESIAN_POINT('',(20.,91.,95.));
#3866 = LINE('',#3867,#3868);
#3867 = CARTESIAN_POINT('',(20.,65.375,69.375));
#3868 = VECTOR('',#3869,1.);
#3869 = DIRECTION('',(0.,0.707106781187,0.707106781187));
#3870 = ORIENTED_EDGE('',*,*,#3871,.F.);
#3871 = EDGE_CURVE('',#378,#3864,#3872,.T.);
#3872 = LINE('',#3873,#3874);
#3873 = CARTESIAN_POINT('',(-2.,91.,95.));
#3874 = VECTOR('',#3875,1.);
#3875 = DIRECTION('',(1.,0.,0.));
#3876 = PLANE('',#3877);
#3877 = AXIS2_PLACEMENT_3D('',#3878,#3879,#3880);
#3878 = CARTESIAN_POINT('',(-2.,100.,104.));
#3879 = DIRECTION('',(0.,0.707106781187,-0.707106781187));
#3880 = DIRECTION('',(0.,-0.707106781187,-0.707106781187));
#3881 = ADVANCED_FACE('',(#3882),#3900,.T.);
#3882 = FACE_BOUND('',#3883,.T.);
#3883 = EDGE_LOOP('',(#3884,#3885,#3886,#3894));
#3884 = ORIENTED_EDGE('',*,*,#403,.T.);
#3885 = ORIENTED_EDGE('',*,*,#3871,.T.);
#3886 = ORIENTED_EDGE('',*,*,#3887,.F.);
#3887 = EDGE_CURVE('',#3888,#3864,#3890,.T.);
#3888 = VERTEX_POINT('',#3889);
#3889 = CARTESIAN_POINT('',(20.,100.,86.));
#3890 = LINE('',#3891,#3892);
#3891 = CARTESIAN_POINT('',(20.,102.625,83.375));
#3892 = VECTOR('',#3893,1.);
#3893 = DIRECTION('',(0.,-0.707106781187,0.707106781187));
#3894 = ORIENTED_EDGE('',*,*,#3895,.F.);
#3895 = EDGE_CURVE('',#396,#3888,#3896,.T.);
#3896 = LINE('',#3897,#3898);
#3897 = CARTESIAN_POINT('',(-2.,100.,86.));
#3898 = VECTOR('',#3899,1.);
#3899 = DIRECTION('',(1.,0.,0.));
#3900 = PLANE('',#3901);
#3901 = AXIS2_PLACEMENT_3D('',#3902,#3903,#3904);
#3902 = CARTESIAN_POINT('',(-2.,91.,95.));
#3903 = DIRECTION('',(-0.,0.707106781187,0.707106781187));
#3904 = DIRECTION('',(0.,0.707106781187,-0.707106781187));
#3905 = ADVANCED_FACE('',(#3906),#3924,.T.);
#3906 = FACE_BOUND('',#3907,.T.);
#3907 = EDGE_LOOP('',(#3908,#3909,#3917,#3923));
#3908 = ORIENTED_EDGE('',*,*,#387,.T.);
#3909 = ORIENTED_EDGE('',*,*,#3910,.T.);
#3910 = EDGE_CURVE('',#388,#3911,#3913,.T.);
#3911 = VERTEX_POINT('',#3912);
#3912 = CARTESIAN_POINT('',(20.,109.,95.));
#3913 = LINE('',#3914,#3915);
#3914 = CARTESIAN_POINT('',(-2.,109.,95.));
#3915 = VECTOR('',#3916,1.);
#3916 = DIRECTION('',(1.,0.,0.));
#3917 = ORIENTED_EDGE('',*,*,#3918,.F.);
#3918 = EDGE_CURVE('',#3856,#3911,#3919,.T.);
#3919 = LINE('',#3920,#3921);
#3920 = CARTESIAN_POINT('',(20.,116.125,87.875));
#3921 = VECTOR('',#3922,1.);
#3922 = DIRECTION('',(-0.,0.707106781187,-0.707106781187));
#3923 = ORIENTED_EDGE('',*,*,#3855,.F.);
#3924 = PLANE('',#3925);
#3925 = AXIS2_PLACEMENT_3D('',#3926,#3927,#3928);
#3926 = CARTESIAN_POINT('',(-2.,109.,95.));
#3927 = DIRECTION('',(0.,-0.707106781187,-0.707106781187));
#3928 = DIRECTION('',(0.,-0.707106781187,0.707106781187));
#3929 = ADVANCED_FACE('',(#3930),#3941,.T.);
#3930 = FACE_BOUND('',#3931,.T.);
#3931 = EDGE_LOOP('',(#3932,#3933,#3934,#3940));
#3932 = ORIENTED_EDGE('',*,*,#395,.T.);
#3933 = ORIENTED_EDGE('',*,*,#3895,.T.);
#3934 = ORIENTED_EDGE('',*,*,#3935,.F.);
#3935 = EDGE_CURVE('',#3911,#3888,#3936,.T.);
#3936 = LINE('',#3937,#3938);
#3937 = CARTESIAN_POINT('',(20.,69.875,55.875));
#3938 = VECTOR('',#3939,1.);
#3939 = DIRECTION('',(0.,-0.707106781187,-0.707106781187));
#3940 = ORIENTED_EDGE('',*,*,#3910,.F.);
#3941 = PLANE('',#3942);
#3942 = AXIS2_PLACEMENT_3D('',#3943,#3944,#3945);
#3943 = CARTESIAN_POINT('',(-2.,100.,86.));
#3944 = DIRECTION('',(0.,-0.707106781187,0.707106781187));
#3945 = DIRECTION('',(0.,0.707106781187,0.707106781187));
#3946 = ADVANCED_FACE('',(#3947),#3972,.T.);
#3947 = FACE_BOUND('',#3948,.T.);
#3948 = EDGE_LOOP('',(#3949,#3950,#3958,#3966));
#3949 = ORIENTED_EDGE('',*,*,#411,.T.);
#3950 = ORIENTED_EDGE('',*,*,#3951,.T.);
#3951 = EDGE_CURVE('',#414,#3952,#3954,.T.);
#3952 = VERTEX_POINT('',#3953);
#3953 = CARTESIAN_POINT('',(20.,100.,126.));
#3954 = LINE('',#3955,#3956);
#3955 = CARTESIAN_POINT('',(-2.,100.,126.));
#3956 = VECTOR('',#3957,1.);
#3957 = DIRECTION('',(1.,0.,0.));
#3958 = ORIENTED_EDGE('',*,*,#3959,.F.);
#3959 = EDGE_CURVE('',#3960,#3952,#3962,.T.);
#3960 = VERTEX_POINT('',#3961);
#3961 = CARTESIAN_POINT('',(20.,91.,117.));
#3962 = LINE('',#3963,#3964);
#3963 = CARTESIAN_POINT('',(20.,59.875,85.875));
#3964 = VECTOR('',#3965,1.);
#3965 = DIRECTION('',(0.,0.707106781187,0.707106781187));
#3966 = ORIENTED_EDGE('',*,*,#3967,.F.);
#3967 = EDGE_CURVE('',#412,#3960,#3968,.T.);
#3968 = LINE('',#3969,#3970);
#3969 = CARTESIAN_POINT('',(-2.,91.,117.));
#3970 = VECTOR('',#3971,1.);
#3971 = DIRECTION('',(1.,0.,0.));
#3972 = PLANE('',#3973);
#3973 = AXIS2_PLACEMENT_3D('',#3974,#3975,#3976);
#3974 = CARTESIAN_POINT('',(-2.,100.,126.));
#3975 = DIRECTION('',(0.,0.707106781187,-0.707106781187));
#3976 = DIRECTION('',(0.,-0.707106781187,-0.707106781187));
#3977 = ADVANCED_FACE('',(#3978),#3996,.T.);
#3978 = FACE_BOUND('',#3979,.T.);
#3979 = EDGE_LOOP('',(#3980,#3981,#3982,#3990));
#3980 = ORIENTED_EDGE('',*,*,#437,.T.);
#3981 = ORIENTED_EDGE('',*,*,#3967,.T.);
#3982 = ORIENTED_EDGE('',*,*,#3983,.F.);
#3983 = EDGE_CURVE('',#3984,#3960,#3986,.T.);
#3984 = VERTEX_POINT('',#3985);
#3985 = CARTESIAN_POINT('',(20.,100.,108.));
#3986 = LINE('',#3987,#3988);
#3987 = CARTESIAN_POINT('',(20.,108.125,99.875));
#3988 = VECTOR('',#3989,1.);
#3989 = DIRECTION('',(0.,-0.707106781187,0.707106781187));
#3990 = ORIENTED_EDGE('',*,*,#3991,.F.);
#3991 = EDGE_CURVE('',#430,#3984,#3992,.T.);
#3992 = LINE('',#3993,#3994);
#3993 = CARTESIAN_POINT('',(-2.,100.,108.));
#3994 = VECTOR('',#3995,1.);
#3995 = DIRECTION('',(1.,0.,0.));
#3996 = PLANE('',#3997);
#3997 = AXIS2_PLACEMENT_3D('',#3998,#3999,#4000);
#3998 = CARTESIAN_POINT('',(-2.,91.,117.));
#3999 = DIRECTION('',(-0.,0.707106781187,0.707106781187));
#4000 = DIRECTION('',(0.,0.707106781187,-0.707106781187));
#4001 = ADVANCED_FACE('',(#4002),#4020,.T.);
#4002 = FACE_BOUND('',#4003,.T.);
#4003 = EDGE_LOOP('',(#4004,#4005,#4013,#4019));
#4004 = ORIENTED_EDGE('',*,*,#421,.T.);
#4005 = ORIENTED_EDGE('',*,*,#4006,.T.);
#4006 = EDGE_CURVE('',#422,#4007,#4009,.T.);
#4007 = VERTEX_POINT('',#4008);
#4008 = CARTESIAN_POINT('',(20.,109.,117.));
#4009 = LINE('',#4010,#4011);
#4010 = CARTESIAN_POINT('',(-2.,109.,117.));
#4011 = VECTOR('',#4012,1.);
#4012 = DIRECTION('',(1.,0.,0.));
#4013 = ORIENTED_EDGE('',*,*,#4014,.F.);
#4014 = EDGE_CURVE('',#3952,#4007,#4015,.T.);
#4015 = LINE('',#4016,#4017);
#4016 = CARTESIAN_POINT('',(20.,121.625,104.375));
#4017 = VECTOR('',#4018,1.);
#4018 = DIRECTION('',(-0.,0.707106781187,-0.707106781187));
#4019 = ORIENTED_EDGE('',*,*,#3951,.F.);
#4020 = PLANE('',#4021);
#4021 = AXIS2_PLACEMENT_3D('',#4022,#4023,#4024);
#4022 = CARTESIAN_POINT('',(-2.,109.,117.));
#4023 = DIRECTION('',(0.,-0.707106781187,-0.707106781187));
#4024 = DIRECTION('',(0.,-0.707106781187,0.707106781187));
#4025 = ADVANCED_FACE('',(#4026),#4037,.T.);
#4026 = FACE_BOUND('',#4027,.T.);
#4027 = EDGE_LOOP('',(#4028,#4029,#4030,#4036));
#4028 = ORIENTED_EDGE('',*,*,#429,.T.);
#4029 = ORIENTED_EDGE('',*,*,#3991,.T.);
#4030 = ORIENTED_EDGE('',*,*,#4031,.F.);
#4031 = EDGE_CURVE('',#4007,#3984,#4032,.T.);
#4032 = LINE('',#4033,#4034);
#4033 = CARTESIAN_POINT('',(20.,64.375,72.375));
#4034 = VECTOR('',#4035,1.);
#4035 = DIRECTION('',(0.,-0.707106781187,-0.707106781187));
#4036 = ORIENTED_EDGE('',*,*,#4006,.F.);
#4037 = PLANE('',#4038);
#4038 = AXIS2_PLACEMENT_3D('',#4039,#4040,#4041);
#4039 = CARTESIAN_POINT('',(-2.,100.,108.));
#4040 = DIRECTION('',(0.,-0.707106781187,0.707106781187));
#4041 = DIRECTION('',(0.,0.707106781187,0.707106781187));
#4042 = ADVANCED_FACE('',(#4043),#4068,.T.);
#4043 = FACE_BOUND('',#4044,.T.);
#4044 = EDGE_LOOP('',(#4045,#4046,#4054,#4062));
#4045 = ORIENTED_EDGE('',*,*,#445,.T.);
#4046 = ORIENTED_EDGE('',*,*,#4047,.T.);
#4047 = EDGE_CURVE('',#448,#4048,#4050,.T.);
#4048 = VERTEX_POINT('',#4049);
#4049 = CARTESIAN_POINT('',(20.,78.,93.));
#4050 = LINE('',#4051,#4052);
#4051 = CARTESIAN_POINT('',(-2.,78.,93.));
#4052 = VECTOR('',#4053,1.);
#4053 = DIRECTION('',(1.,0.,0.));
#4054 = ORIENTED_EDGE('',*,*,#4055,.F.);
#4055 = EDGE_CURVE('',#4056,#4048,#4058,.T.);
#4056 = VERTEX_POINT('',#4057);
#4057 = CARTESIAN_POINT('',(20.,69.,84.));
#4058 = LINE('',#4059,#4060);
#4059 = CARTESIAN_POINT('',(20.,51.625,66.625));
#4060 = VECTOR('',#4061,1.);
#4061 = DIRECTION('',(0.,0.707106781187,0.707106781187));
#4062 = ORIENTED_EDGE('',*,*,#4063,.F.);
#4063 = EDGE_CURVE('',#446,#4056,#4064,.T.);
#4064 = LINE('',#4065,#4066);
#4065 = CARTESIAN_POINT('',(-2.,69.,84.));
#4066 = VECTOR('',#4067,1.);
#4067 = DIRECTION('',(1.,0.,0.));
#4068 = PLANE('',#4069);
#4069 = AXIS2_PLACEMENT_3D('',#4070,#4071,#4072);
#4070 = CARTESIAN_POINT('',(-2.,78.,93.));
#4071 = DIRECTION('',(0.,0.707106781187,-0.707106781187));
#4072 = DIRECTION('',(0.,-0.707106781187,-0.707106781187));
#4073 = ADVANCED_FACE('',(#4074),#4092,.T.);
#4074 = FACE_BOUND('',#4075,.T.);
#4075 = EDGE_LOOP('',(#4076,#4077,#4078,#4086));
#4076 = ORIENTED_EDGE('',*,*,#471,.T.);
#4077 = ORIENTED_EDGE('',*,*,#4063,.T.);
#4078 = ORIENTED_EDGE('',*,*,#4079,.F.);
#4079 = EDGE_CURVE('',#4080,#4056,#4082,.T.);
#4080 = VERTEX_POINT('',#4081);
#4081 = CARTESIAN_POINT('',(20.,78.,75.));
#4082 = LINE('',#4083,#4084);
#4083 = CARTESIAN_POINT('',(20.,83.375,69.625));
#4084 = VECTOR('',#4085,1.);
#4085 = DIRECTION('',(0.,-0.707106781187,0.707106781187));
#4086 = ORIENTED_EDGE('',*,*,#4087,.F.);
#4087 = EDGE_CURVE('',#464,#4080,#4088,.T.);
#4088 = LINE('',#4089,#4090);
#4089 = CARTESIAN_POINT('',(-2.,78.,75.));
#4090 = VECTOR('',#4091,1.);
#4091 = DIRECTION('',(1.,0.,0.));
#4092 = PLANE('',#4093);
#4093 = AXIS2_PLACEMENT_3D('',#4094,#4095,#4096);
#4094 = CARTESIAN_POINT('',(-2.,69.,84.));
#4095 = DIRECTION('',(-0.,0.707106781187,0.707106781187));
#4096 = DIRECTION('',(0.,0.707106781187,-0.707106781187));
#4097 = ADVANCED_FACE('',(#4098),#4116,.T.);
#4098 = FACE_BOUND('',#4099,.T.);
#4099 = EDGE_LOOP('',(#4100,#4101,#4109,#4115));
#4100 = ORIENTED_EDGE('',*,*,#455,.T.);
#4101 = ORIENTED_EDGE('',*,*,#4102,.T.);
#4102 = EDGE_CURVE('',#456,#4103,#4105,.T.);
#4103 = VERTEX_POINT('',#4104);
#4104 = CARTESIAN_POINT('',(20.,87.,84.));
#4105 = LINE('',#4106,#4107);
#4106 = CARTESIAN_POINT('',(-2.,87.,84.));
#4107 = VECTOR('',#4108,1.);
#4108 = DIRECTION('',(1.,0.,0.));
#4109 = ORIENTED_EDGE('',*,*,#4110,.F.);
#4110 = EDGE_CURVE('',#4048,#4103,#4111,.T.);
#4111 = LINE('',#4112,#4113);
#4112 = CARTESIAN_POINT('',(20.,96.875,74.125));
#4113 = VECTOR('',#4114,1.);
#4114 = DIRECTION('',(-0.,0.707106781187,-0.707106781187));
#4115 = ORIENTED_EDGE('',*,*,#4047,.F.);
#4116 = PLANE('',#4117);
#4117 = AXIS2_PLACEMENT_3D('',#4118,#4119,#4120);
#4118 = CARTESIAN_POINT('',(-2.,87.,84.));
#4119 = DIRECTION('',(0.,-0.707106781187,-0.707106781187));
#4120 = DIRECTION('',(0.,-0.707106781187,0.707106781187));
#4121 = ADVANCED_FACE('',(#4122),#4133,.T.);
#4122 = FACE_BOUND('',#4123,.T.);
#4123 = EDGE_LOOP('',(#4124,#4125,#4126,#4132));
#4124 = ORIENTED_EDGE('',*,*,#463,.T.);
#4125 = ORIENTED_EDGE('',*,*,#4087,.T.);
#4126 = ORIENTED_EDGE('',*,*,#4127,.F.);
#4127 = EDGE_CURVE('',#4103,#4080,#4128,.T.);
#4128 = LINE('',#4129,#4130);
#4129 = CARTESIAN_POINT('',(20.,56.125,53.125));
#4130 = VECTOR('',#4131,1.);
#4131 = DIRECTION('',(0.,-0.707106781187,-0.707106781187));
#4132 = ORIENTED_EDGE('',*,*,#4102,.F.);
#4133 = PLANE('',#4134);
#4134 = AXIS2_PLACEMENT_3D('',#4135,#4136,#4137);
#4135 = CARTESIAN_POINT('',(-2.,78.,75.));
#4136 = DIRECTION('',(0.,-0.707106781187,0.707106781187));
#4137 = DIRECTION('',(0.,0.707106781187,0.707106781187));
#4138 = ADVANCED_FACE('',(#4139),#4164,.T.);
#4139 = FACE_BOUND('',#4140,.T.);
#4140 = EDGE_LOOP('',(#4141,#4142,#4150,#4158));
#4141 = ORIENTED_EDGE('',*,*,#479,.T.);
#4142 = ORIENTED_EDGE('',*,*,#4143,.T.);
#4143 = EDGE_CURVE('',#482,#4144,#4146,.T.);
#4144 = VERTEX_POINT('',#4145);
#4145 = CARTESIAN_POINT('',(20.,78.,115.));
#4146 = LINE('',#4147,#4148);
#4147 = CARTESIAN_POINT('',(-2.,78.,115.));
#4148 = VECTOR('',#4149,1.);
#4149 = DIRECTION('',(1.,0.,0.));
#4150 = ORIENTED_EDGE('',*,*,#4151,.F.);
#4151 = EDGE_CURVE('',#4152,#4144,#4154,.T.);
#4152 = VERTEX_POINT('',#4153);
#4153 = CARTESIAN_POINT('',(20.,69.,106.));
#4154 = LINE('',#4155,#4156);
#4155 = CARTESIAN_POINT('',(20.,46.125,83.125));
#4156 = VECTOR('',#4157,1.);
#4157 = DIRECTION('',(0.,0.707106781187,0.707106781187));
#4158 = ORIENTED_EDGE('',*,*,#4159,.F.);
#4159 = EDGE_CURVE('',#480,#4152,#4160,.T.);
#4160 = LINE('',#4161,#4162);
#4161 = CARTESIAN_POINT('',(-2.,69.,106.));
#4162 = VECTOR('',#4163,1.);
#4163 = DIRECTION('',(1.,0.,0.));
#4164 = PLANE('',#4165);
#4165 = AXIS2_PLACEMENT_3D('',#4166,#4167,#4168);
#4166 = CARTESIAN_POINT('',(-2.,78.,115.));
#4167 = DIRECTION('',(0.,0.707106781187,-0.707106781187));
#4168 = DIRECTION('',(0.,-0.707106781187,-0.707106781187));
#4169 = ADVANCED_FACE('',(#4170),#4188,.T.);
#4170 = FACE_BOUND('',#4171,.T.);
#4171 = EDGE_LOOP('',(#4172,#4173,#4174,#4182));
#4172 = ORIENTED_EDGE('',*,*,#505,.T.);
#4173 = ORIENTED_EDGE('',*,*,#4159,.T.);
#4174 = ORIENTED_EDGE('',*,*,#4175,.F.);
#4175 = EDGE_CURVE('',#4176,#4152,#4178,.T.);
#4176 = VERTEX_POINT('',#4177);
#4177 = CARTESIAN_POINT('',(20.,78.,97.));
#4178 = LINE('',#4179,#4180);
#4179 = CARTESIAN_POINT('',(20.,88.875,86.125));
#4180 = VECTOR('',#4181,1.);
#4181 = DIRECTION('',(0.,-0.707106781187,0.707106781187));
#4182 = ORIENTED_EDGE('',*,*,#4183,.F.);
#4183 = EDGE_CURVE('',#498,#4176,#4184,.T.);
#4184 = LINE('',#4185,#4186);
#4185 = CARTESIAN_POINT('',(-2.,78.,97.));
#4186 = VECTOR('',#4187,1.);
#4187 = DIRECTION('',(1.,0.,0.));
#4188 = PLANE('',#4189);
#4189 = AXIS2_PLACEMENT_3D('',#4190,#4191,#4192);
#4190 = CARTESIAN_POINT('',(-2.,69.,106.));
#4191 = DIRECTION('',(-0.,0.707106781187,0.707106781187));
#4192 = DIRECTION('',(0.,0.707106781187,-0.707106781187));
#4193 = ADVANCED_FACE('',(#4194),#4212,.T.);
#4194 = FACE_BOUND('',#4195,.T.);
#4195 = EDGE_LOOP('',(#4196,#4197,#4205,#4211));
#4196 = ORIENTED_EDGE('',*,*,#489,.T.);
#4197 = ORIENTED_EDGE('',*,*,#4198,.T.);
#4198 = EDGE_CURVE('',#490,#4199,#4201,.T.);
#4199 = VERTEX_POINT('',#4200);
#4200 = CARTESIAN_POINT('',(20.,87.,106.));
#4201 = LINE('',#4202,#4203);
#4202 = CARTESIAN_POINT('',(-2.,87.,106.));
#4203 = VECTOR('',#4204,1.);
#4204 = DIRECTION('',(1.,0.,0.));
#4205 = ORIENTED_EDGE('',*,*,#4206,.F.);
#4206 = EDGE_CURVE('',#4144,#4199,#4207,.T.);
#4207 = LINE('',#4208,#4209);
#4208 = CARTESIAN_POINT('',(20.,102.375,90.625));
#4209 = VECTOR('',#4210,1.);
#4210 = DIRECTION('',(-0.,0.707106781187,-0.707106781187));
#4211 = ORIENTED_EDGE('',*,*,#4143,.F.);
#4212 = PLANE('',#4213);
#4213 = AXIS2_PLACEMENT_3D('',#4214,#4215,#4216);
#4214 = CARTESIAN_POINT('',(-2.,87.,106.));
#4215 = DIRECTION('',(0.,-0.707106781187,-0.707106781187));
#4216 = DIRECTION('',(0.,-0.707106781187,0.707106781187));
#4217 = ADVANCED_FACE('',(#4218),#4229,.T.);
#4218 = FACE_BOUND('',#4219,.T.);
#4219 = EDGE_LOOP('',(#4220,#4221,#4222,#4228));
#4220 = ORIENTED_EDGE('',*,*,#497,.T.);
#4221 = ORIENTED_EDGE('',*,*,#4183,.T.);
#4222 = ORIENTED_EDGE('',*,*,#4223,.F.);
#4223 = EDGE_CURVE('',#4199,#4176,#4224,.T.);
#4224 = LINE('',#4225,#4226);
#4225 = CARTESIAN_POINT('',(20.,50.625,69.625));
#4226 = VECTOR('',#4227,1.);
#4227 = DIRECTION('',(0.,-0.707106781187,-0.707106781187));
#4228 = ORIENTED_EDGE('',*,*,#4198,.F.);
#4229 = PLANE('',#4230);
#4230 = AXIS2_PLACEMENT_3D('',#4231,#4232,#4233);
#4231 = CARTESIAN_POINT('',(-2.,78.,97.));
#4232 = DIRECTION('',(0.,-0.707106781187,0.707106781187));
#4233 = DIRECTION('',(0.,0.707106781187,0.707106781187));
#4234 = ADVANCED_FACE('',(#4235),#4260,.F.);
#4235 = FACE_BOUND('',#4236,.F.);
#4236 = EDGE_LOOP('',(#4237,#4245,#4246,#4254));
#4237 = ORIENTED_EDGE('',*,*,#4238,.T.);
#4238 = EDGE_CURVE('',#4239,#521,#4241,.T.);
#4239 = VERTEX_POINT('',#4240);
#4240 = CARTESIAN_POINT('',(2.,2.,138.));
#4241 = LINE('',#4242,#4243);
#4242 = CARTESIAN_POINT('',(2.,2.,135.5));
#4243 = VECTOR('',#4244,1.);
#4244 = DIRECTION('',(-0.,0.,-1.));
#4245 = ORIENTED_EDGE('',*,*,#528,.T.);
#4246 = ORIENTED_EDGE('',*,*,#4247,.F.);
#4247 = EDGE_CURVE('',#4248,#529,#4250,.T.);
#4248 = VERTEX_POINT('',#4249);
#4249 = CARTESIAN_POINT('',(2.,149.5,138.));
#4250 = LINE('',#4251,#4252);
#4251 = CARTESIAN_POINT('',(2.,149.5,135.5));
#4252 = VECTOR('',#4253,1.);
#4253 = DIRECTION('',(-0.,0.,-1.));
#4254 = ORIENTED_EDGE('',*,*,#4255,.F.);
#4255 = EDGE_CURVE('',#4239,#4248,#4256,.T.);
#4256 = LINE('',#4257,#4258);
#4257 = CARTESIAN_POINT('',(2.,-0.5,138.));
#4258 = VECTOR('',#4259,1.);
#4259 = DIRECTION('',(-0.,1.,0.));
#4260 = PLANE('',#4261);
#4261 = AXIS2_PLACEMENT_3D('',#4262,#4263,#4264);
#4262 = CARTESIAN_POINT('',(2.,-1.,135.5));
#4263 = DIRECTION('',(1.,0.,-0.));
#4264 = DIRECTION('',(0.,0.,1.));
#4265 = ADVANCED_FACE('',(#4266),#4284,.T.);
#4266 = FACE_BOUND('',#4267,.T.);
#4267 = EDGE_LOOP('',(#4268,#4269,#4270,#4278));
#4268 = ORIENTED_EDGE('',*,*,#592,.F.);
#4269 = ORIENTED_EDGE('',*,*,#560,.F.);
#4270 = ORIENTED_EDGE('',*,*,#4271,.T.);
#4271 = EDGE_CURVE('',#529,#4272,#4274,.T.);
#4272 = VERTEX_POINT('',#4273);
#4273 = CARTESIAN_POINT('',(184.,149.5,135.5));
#4274 = LINE('',#4275,#4276);
#4275 = CARTESIAN_POINT('',(-1.,149.5,135.5));
#4276 = VECTOR('',#4277,1.);
#4277 = DIRECTION('',(1.,0.,-0.));
#4278 = ORIENTED_EDGE('',*,*,#4279,.T.);
#4279 = EDGE_CURVE('',#4272,#593,#4280,.T.);
#4280 = LINE('',#4281,#4282);
#4281 = CARTESIAN_POINT('',(184.,-1.,135.5));
#4282 = VECTOR('',#4283,1.);
#4283 = DIRECTION('',(-0.,1.,0.));
#4284 = PLANE('',#4285);
#4285 = AXIS2_PLACEMENT_3D('',#4286,#4287,#4288);
#4286 = CARTESIAN_POINT('',(-1.,149.5,135.5));
#4287 = DIRECTION('',(0.,0.,1.));
#4288 = DIRECTION('',(1.,0.,-0.));
#4289 = ADVANCED_FACE('',(#4290,#4317,#4351,#4385,#4419,#4453,#4487,
    #4521,#4555,#4589,#4623,#4657,#4691,#4725),#4759,.T.);
#4290 = FACE_BOUND('',#4291,.T.);
#4291 = EDGE_LOOP('',(#4292,#4302,#4308,#4309,#4310,#4311));
#4292 = ORIENTED_EDGE('',*,*,#4293,.F.);
#4293 = EDGE_CURVE('',#4294,#4296,#4298,.T.);
#4294 = VERTEX_POINT('',#4295);
#4295 = CARTESIAN_POINT('',(186.,2.,135.5));
#4296 = VERTEX_POINT('',#4297);
#4297 = CARTESIAN_POINT('',(186.,149.5,135.5));
#4298 = LINE('',#4299,#4300);
#4299 = CARTESIAN_POINT('',(186.,-1.,135.5));
#4300 = VECTOR('',#4301,1.);
#4301 = DIRECTION('',(-0.,1.,0.));
#4302 = ORIENTED_EDGE('',*,*,#4303,.T.);
#4303 = EDGE_CURVE('',#4294,#2934,#4304,.T.);
#4304 = LINE('',#4305,#4306);
#4305 = CARTESIAN_POINT('',(186.,0.,135.5));
#4306 = VECTOR('',#4307,1.);
#4307 = DIRECTION('',(0.,-1.,0.));
#4308 = ORIENTED_EDGE('',*,*,#2933,.F.);
#4309 = ORIENTED_EDGE('',*,*,#1473,.T.);
#4310 = ORIENTED_EDGE('',*,*,#574,.T.);
#4311 = ORIENTED_EDGE('',*,*,#4312,.T.);
#4312 = EDGE_CURVE('',#577,#4296,#4313,.T.);
#4313 = LINE('',#4314,#4315);
#4314 = CARTESIAN_POINT('',(186.,74.75,135.5));
#4315 = VECTOR('',#4316,1.);
#4316 = DIRECTION('',(0.,-1.,0.));
#4317 = FACE_BOUND('',#4318,.T.);
#4318 = EDGE_LOOP('',(#4319,#4329,#4337,#4345));
#4319 = ORIENTED_EDGE('',*,*,#4320,.T.);
#4320 = EDGE_CURVE('',#4321,#4323,#4325,.T.);
#4321 = VERTEX_POINT('',#4322);
#4322 = CARTESIAN_POINT('',(186.,113.,40.));
#4323 = VERTEX_POINT('',#4324);
#4324 = CARTESIAN_POINT('',(186.,122.,49.));
#4325 = LINE('',#4326,#4327);
#4326 = CARTESIAN_POINT('',(186.,79.25,6.25));
#4327 = VECTOR('',#4328,1.);
#4328 = DIRECTION('',(0.,0.707106781187,0.707106781187));
#4329 = ORIENTED_EDGE('',*,*,#4330,.T.);
#4330 = EDGE_CURVE('',#4323,#4331,#4333,.T.);
#4331 = VERTEX_POINT('',#4332);
#4332 = CARTESIAN_POINT('',(186.,131.,40.));
#4333 = LINE('',#4334,#4335);
#4334 = CARTESIAN_POINT('',(186.,108.25,62.75));
#4335 = VECTOR('',#4336,1.);
#4336 = DIRECTION('',(-0.,0.707106781187,-0.707106781187));
#4337 = ORIENTED_EDGE('',*,*,#4338,.T.);
#4338 = EDGE_CURVE('',#4331,#4339,#4341,.T.);
#4339 = VERTEX_POINT('',#4340);
#4340 = CARTESIAN_POINT('',(186.,122.,31.));
#4341 = LINE('',#4342,#4343);
#4342 = CARTESIAN_POINT('',(186.,83.75,-7.25));
#4343 = VECTOR('',#4344,1.);
#4344 = DIRECTION('',(0.,-0.707106781187,-0.707106781187));
#4345 = ORIENTED_EDGE('',*,*,#4346,.T.);
#4346 = EDGE_CURVE('',#4339,#4321,#4347,.T.);
#4347 = LINE('',#4348,#4349);
#4348 = CARTESIAN_POINT('',(186.,94.75,58.25));
#4349 = VECTOR('',#4350,1.);
#4350 = DIRECTION('',(0.,-0.707106781187,0.707106781187));
#4351 = FACE_BOUND('',#4352,.T.);
#4352 = EDGE_LOOP('',(#4353,#4363,#4371,#4379));
#4353 = ORIENTED_EDGE('',*,*,#4354,.T.);
#4354 = EDGE_CURVE('',#4355,#4357,#4359,.T.);
#4355 = VERTEX_POINT('',#4356);
#4356 = CARTESIAN_POINT('',(186.,113.,62.));
#4357 = VERTEX_POINT('',#4358);
#4358 = CARTESIAN_POINT('',(186.,122.,71.));
#4359 = LINE('',#4360,#4361);
#4360 = CARTESIAN_POINT('',(186.,73.75,22.75));
#4361 = VECTOR('',#4362,1.);
#4362 = DIRECTION('',(0.,0.707106781187,0.707106781187));
#4363 = ORIENTED_EDGE('',*,*,#4364,.T.);
#4364 = EDGE_CURVE('',#4357,#4365,#4367,.T.);
#4365 = VERTEX_POINT('',#4366);
#4366 = CARTESIAN_POINT('',(186.,131.,62.));
#4367 = LINE('',#4368,#4369);
#4368 = CARTESIAN_POINT('',(186.,113.75,79.25));
#4369 = VECTOR('',#4370,1.);
#4370 = DIRECTION('',(-0.,0.707106781187,-0.707106781187));
#4371 = ORIENTED_EDGE('',*,*,#4372,.T.);
#4372 = EDGE_CURVE('',#4365,#4373,#4375,.T.);
#4373 = VERTEX_POINT('',#4374);
#4374 = CARTESIAN_POINT('',(186.,122.,53.));
#4375 = LINE('',#4376,#4377);
#4376 = CARTESIAN_POINT('',(186.,78.25,9.25));
#4377 = VECTOR('',#4378,1.);
#4378 = DIRECTION('',(0.,-0.707106781187,-0.707106781187));
#4379 = ORIENTED_EDGE('',*,*,#4380,.T.);
#4380 = EDGE_CURVE('',#4373,#4355,#4381,.T.);
#4381 = LINE('',#4382,#4383);
#4382 = CARTESIAN_POINT('',(186.,100.25,74.75));
#4383 = VECTOR('',#4384,1.);
#4384 = DIRECTION('',(0.,-0.707106781187,0.707106781187));
#4385 = FACE_BOUND('',#4386,.T.);
#4386 = EDGE_LOOP('',(#4387,#4397,#4405,#4413));
#4387 = ORIENTED_EDGE('',*,*,#4388,.T.);
#4388 = EDGE_CURVE('',#4389,#4391,#4393,.T.);
#4389 = VERTEX_POINT('',#4390);
#4390 = CARTESIAN_POINT('',(186.,113.,84.));
#4391 = VERTEX_POINT('',#4392);
#4392 = CARTESIAN_POINT('',(186.,122.,93.));
#4393 = LINE('',#4394,#4395);
#4394 = CARTESIAN_POINT('',(186.,68.25,39.25));
#4395 = VECTOR('',#4396,1.);
#4396 = DIRECTION('',(0.,0.707106781187,0.707106781187));
#4397 = ORIENTED_EDGE('',*,*,#4398,.T.);
#4398 = EDGE_CURVE('',#4391,#4399,#4401,.T.);
#4399 = VERTEX_POINT('',#4400);
#4400 = CARTESIAN_POINT('',(186.,131.,84.));
#4401 = LINE('',#4402,#4403);
#4402 = CARTESIAN_POINT('',(186.,119.25,95.75));
#4403 = VECTOR('',#4404,1.);
#4404 = DIRECTION('',(-0.,0.707106781187,-0.707106781187));
#4405 = ORIENTED_EDGE('',*,*,#4406,.T.);
#4406 = EDGE_CURVE('',#4399,#4407,#4409,.T.);
#4407 = VERTEX_POINT('',#4408);
#4408 = CARTESIAN_POINT('',(186.,122.,75.));
#4409 = LINE('',#4410,#4411);
#4410 = CARTESIAN_POINT('',(186.,72.75,25.75));
#4411 = VECTOR('',#4412,1.);
#4412 = DIRECTION('',(0.,-0.707106781187,-0.707106781187));
#4413 = ORIENTED_EDGE('',*,*,#4414,.T.);
#4414 = EDGE_CURVE('',#4407,#4389,#4415,.T.);
#4415 = LINE('',#4416,#4417);
#4416 = CARTESIAN_POINT('',(186.,105.75,91.25));
#4417 = VECTOR('',#4418,1.);
#4418 = DIRECTION('',(0.,-0.707106781187,0.707106781187));
#4419 = FACE_BOUND('',#4420,.T.);
#4420 = EDGE_LOOP('',(#4421,#4431,#4439,#4447));
#4421 = ORIENTED_EDGE('',*,*,#4422,.T.);
#4422 = EDGE_CURVE('',#4423,#4425,#4427,.T.);
#4423 = VERTEX_POINT('',#4424);
#4424 = CARTESIAN_POINT('',(186.,113.,106.));
#4425 = VERTEX_POINT('',#4426);
#4426 = CARTESIAN_POINT('',(186.,122.,115.));
#4427 = LINE('',#4428,#4429);
#4428 = CARTESIAN_POINT('',(186.,62.75,55.75));
#4429 = VECTOR('',#4430,1.);
#4430 = DIRECTION('',(0.,0.707106781187,0.707106781187));
#4431 = ORIENTED_EDGE('',*,*,#4432,.T.);
#4432 = EDGE_CURVE('',#4425,#4433,#4435,.T.);
#4433 = VERTEX_POINT('',#4434);
#4434 = CARTESIAN_POINT('',(186.,131.,106.));
#4435 = LINE('',#4436,#4437);
#4436 = CARTESIAN_POINT('',(186.,124.75,112.25));
#4437 = VECTOR('',#4438,1.);
#4438 = DIRECTION('',(-0.,0.707106781187,-0.707106781187));
#4439 = ORIENTED_EDGE('',*,*,#4440,.T.);
#4440 = EDGE_CURVE('',#4433,#4441,#4443,.T.);
#4441 = VERTEX_POINT('',#4442);
#4442 = CARTESIAN_POINT('',(186.,122.,97.));
#4443 = LINE('',#4444,#4445);
#4444 = CARTESIAN_POINT('',(186.,67.25,42.25));
#4445 = VECTOR('',#4446,1.);
#4446 = DIRECTION('',(0.,-0.707106781187,-0.707106781187));
#4447 = ORIENTED_EDGE('',*,*,#4448,.T.);
#4448 = EDGE_CURVE('',#4441,#4423,#4449,.T.);
#4449 = LINE('',#4450,#4451);
#4450 = CARTESIAN_POINT('',(186.,111.25,107.75));
#4451 = VECTOR('',#4452,1.);
#4452 = DIRECTION('',(0.,-0.707106781187,0.707106781187));
#4453 = FACE_BOUND('',#4454,.T.);
#4454 = EDGE_LOOP('',(#4455,#4465,#4473,#4481));
#4455 = ORIENTED_EDGE('',*,*,#4456,.T.);
#4456 = EDGE_CURVE('',#4457,#4459,#4461,.T.);
#4457 = VERTEX_POINT('',#4458);
#4458 = CARTESIAN_POINT('',(186.,91.,29.));
#4459 = VERTEX_POINT('',#4460);
#4460 = CARTESIAN_POINT('',(186.,100.,38.));
#4461 = LINE('',#4462,#4463);
#4462 = CARTESIAN_POINT('',(186.,65.5,3.5));
#4463 = VECTOR('',#4464,1.);
#4464 = DIRECTION('',(0.,0.707106781187,0.707106781187));
#4465 = ORIENTED_EDGE('',*,*,#4466,.T.);
#4466 = EDGE_CURVE('',#4459,#4467,#4469,.T.);
#4467 = VERTEX_POINT('',#4468);
#4468 = CARTESIAN_POINT('',(186.,109.,29.));
#4469 = LINE('',#4470,#4471);
#4470 = CARTESIAN_POINT('',(186.,89.,49.));
#4471 = VECTOR('',#4472,1.);
#4472 = DIRECTION('',(-0.,0.707106781187,-0.707106781187));
#4473 = ORIENTED_EDGE('',*,*,#4474,.T.);
#4474 = EDGE_CURVE('',#4467,#4475,#4477,.T.);
#4475 = VERTEX_POINT('',#4476);
#4476 = CARTESIAN_POINT('',(186.,100.,20.));
#4477 = LINE('',#4478,#4479);
#4478 = CARTESIAN_POINT('',(186.,70.,-10.));
#4479 = VECTOR('',#4480,1.);
#4480 = DIRECTION('',(0.,-0.707106781187,-0.707106781187));
#4481 = ORIENTED_EDGE('',*,*,#4482,.T.);
#4482 = EDGE_CURVE('',#4475,#4457,#4483,.T.);
#4483 = LINE('',#4484,#4485);
#4484 = CARTESIAN_POINT('',(186.,75.5,44.5));
#4485 = VECTOR('',#4486,1.);
#4486 = DIRECTION('',(0.,-0.707106781187,0.707106781187));
#4487 = FACE_BOUND('',#4488,.T.);
#4488 = EDGE_LOOP('',(#4489,#4499,#4507,#4515));
#4489 = ORIENTED_EDGE('',*,*,#4490,.T.);
#4490 = EDGE_CURVE('',#4491,#4493,#4495,.T.);
#4491 = VERTEX_POINT('',#4492);
#4492 = CARTESIAN_POINT('',(186.,91.,51.));
#4493 = VERTEX_POINT('',#4494);
#4494 = CARTESIAN_POINT('',(186.,100.,60.));
#4495 = LINE('',#4496,#4497);
#4496 = CARTESIAN_POINT('',(186.,60.,20.));
#4497 = VECTOR('',#4498,1.);
#4498 = DIRECTION('',(0.,0.707106781187,0.707106781187));
#4499 = ORIENTED_EDGE('',*,*,#4500,.T.);
#4500 = EDGE_CURVE('',#4493,#4501,#4503,.T.);
#4501 = VERTEX_POINT('',#4502);
#4502 = CARTESIAN_POINT('',(186.,109.,51.));
#4503 = LINE('',#4504,#4505);
#4504 = CARTESIAN_POINT('',(186.,94.5,65.5));
#4505 = VECTOR('',#4506,1.);
#4506 = DIRECTION('',(-0.,0.707106781187,-0.707106781187));
#4507 = ORIENTED_EDGE('',*,*,#4508,.T.);
#4508 = EDGE_CURVE('',#4501,#4509,#4511,.T.);
#4509 = VERTEX_POINT('',#4510);
#4510 = CARTESIAN_POINT('',(186.,100.,42.));
#4511 = LINE('',#4512,#4513);
#4512 = CARTESIAN_POINT('',(186.,64.5,6.5));
#4513 = VECTOR('',#4514,1.);
#4514 = DIRECTION('',(0.,-0.707106781187,-0.707106781187));
#4515 = ORIENTED_EDGE('',*,*,#4516,.T.);
#4516 = EDGE_CURVE('',#4509,#4491,#4517,.T.);
#4517 = LINE('',#4518,#4519);
#4518 = CARTESIAN_POINT('',(186.,81.,61.));
#4519 = VECTOR('',#4520,1.);
#4520 = DIRECTION('',(0.,-0.707106781187,0.707106781187));
#4521 = FACE_BOUND('',#4522,.T.);
#4522 = EDGE_LOOP('',(#4523,#4533,#4541,#4549));
#4523 = ORIENTED_EDGE('',*,*,#4524,.T.);
#4524 = EDGE_CURVE('',#4525,#4527,#4529,.T.);
#4525 = VERTEX_POINT('',#4526);
#4526 = CARTESIAN_POINT('',(186.,69.,40.));
#4527 = VERTEX_POINT('',#4528);
#4528 = CARTESIAN_POINT('',(186.,78.,49.));
#4529 = LINE('',#4530,#4531);
#4530 = CARTESIAN_POINT('',(186.,46.25,17.25));
#4531 = VECTOR('',#4532,1.);
#4532 = DIRECTION('',(0.,0.707106781187,0.707106781187));
#4533 = ORIENTED_EDGE('',*,*,#4534,.T.);
#4534 = EDGE_CURVE('',#4527,#4535,#4537,.T.);
#4535 = VERTEX_POINT('',#4536);
#4536 = CARTESIAN_POINT('',(186.,87.,40.));
#4537 = LINE('',#4538,#4539);
#4538 = CARTESIAN_POINT('',(186.,75.25,51.75));
#4539 = VECTOR('',#4540,1.);
#4540 = DIRECTION('',(-0.,0.707106781187,-0.707106781187));
#4541 = ORIENTED_EDGE('',*,*,#4542,.T.);
#4542 = EDGE_CURVE('',#4535,#4543,#4545,.T.);
#4543 = VERTEX_POINT('',#4544);
#4544 = CARTESIAN_POINT('',(186.,78.,31.));
#4545 = LINE('',#4546,#4547);
#4546 = CARTESIAN_POINT('',(186.,50.75,3.75));
#4547 = VECTOR('',#4548,1.);
#4548 = DIRECTION('',(0.,-0.707106781187,-0.707106781187));
#4549 = ORIENTED_EDGE('',*,*,#4550,.T.);
#4550 = EDGE_CURVE('',#4543,#4525,#4551,.T.);
#4551 = LINE('',#4552,#4553);
#4552 = CARTESIAN_POINT('',(186.,61.75,47.25));
#4553 = VECTOR('',#4554,1.);
#4554 = DIRECTION('',(0.,-0.707106781187,0.707106781187));
#4555 = FACE_BOUND('',#4556,.T.);
#4556 = EDGE_LOOP('',(#4557,#4567,#4575,#4583));
#4557 = ORIENTED_EDGE('',*,*,#4558,.T.);
#4558 = EDGE_CURVE('',#4559,#4561,#4563,.T.);
#4559 = VERTEX_POINT('',#4560);
#4560 = CARTESIAN_POINT('',(186.,69.,62.));
#4561 = VERTEX_POINT('',#4562);
#4562 = CARTESIAN_POINT('',(186.,78.,71.));
#4563 = LINE('',#4564,#4565);
#4564 = CARTESIAN_POINT('',(186.,40.75,33.75));
#4565 = VECTOR('',#4566,1.);
#4566 = DIRECTION('',(0.,0.707106781187,0.707106781187));
#4567 = ORIENTED_EDGE('',*,*,#4568,.T.);
#4568 = EDGE_CURVE('',#4561,#4569,#4571,.T.);
#4569 = VERTEX_POINT('',#4570);
#4570 = CARTESIAN_POINT('',(186.,87.,62.));
#4571 = LINE('',#4572,#4573);
#4572 = CARTESIAN_POINT('',(186.,80.75,68.25));
#4573 = VECTOR('',#4574,1.);
#4574 = DIRECTION('',(-0.,0.707106781187,-0.707106781187));
#4575 = ORIENTED_EDGE('',*,*,#4576,.T.);
#4576 = EDGE_CURVE('',#4569,#4577,#4579,.T.);
#4577 = VERTEX_POINT('',#4578);
#4578 = CARTESIAN_POINT('',(186.,78.,53.));
#4579 = LINE('',#4580,#4581);
#4580 = CARTESIAN_POINT('',(186.,45.25,20.25));
#4581 = VECTOR('',#4582,1.);
#4582 = DIRECTION('',(0.,-0.707106781187,-0.707106781187));
#4583 = ORIENTED_EDGE('',*,*,#4584,.T.);
#4584 = EDGE_CURVE('',#4577,#4559,#4585,.T.);
#4585 = LINE('',#4586,#4587);
#4586 = CARTESIAN_POINT('',(186.,67.25,63.75));
#4587 = VECTOR('',#4588,1.);
#4588 = DIRECTION('',(0.,-0.707106781187,0.707106781187));
#4589 = FACE_BOUND('',#4590,.T.);
#4590 = EDGE_LOOP('',(#4591,#4601,#4609,#4617));
#4591 = ORIENTED_EDGE('',*,*,#4592,.T.);
#4592 = EDGE_CURVE('',#4593,#4595,#4597,.T.);
#4593 = VERTEX_POINT('',#4594);
#4594 = CARTESIAN_POINT('',(186.,91.,73.));
#4595 = VERTEX_POINT('',#4596);
#4596 = CARTESIAN_POINT('',(186.,100.,82.));
#4597 = LINE('',#4598,#4599);
#4598 = CARTESIAN_POINT('',(186.,54.5,36.5));
#4599 = VECTOR('',#4600,1.);
#4600 = DIRECTION('',(0.,0.707106781187,0.707106781187));
#4601 = ORIENTED_EDGE('',*,*,#4602,.T.);
#4602 = EDGE_CURVE('',#4595,#4603,#4605,.T.);
#4603 = VERTEX_POINT('',#4604);
#4604 = CARTESIAN_POINT('',(186.,109.,73.));
#4605 = LINE('',#4606,#4607);
#4606 = CARTESIAN_POINT('',(186.,100.,82.));
#4607 = VECTOR('',#4608,1.);
#4608 = DIRECTION('',(-0.,0.707106781187,-0.707106781187));
#4609 = ORIENTED_EDGE('',*,*,#4610,.T.);
#4610 = EDGE_CURVE('',#4603,#4611,#4613,.T.);
#4611 = VERTEX_POINT('',#4612);
#4612 = CARTESIAN_POINT('',(186.,100.,64.));
#4613 = LINE('',#4614,#4615);
#4614 = CARTESIAN_POINT('',(186.,59.,23.));
#4615 = VECTOR('',#4616,1.);
#4616 = DIRECTION('',(0.,-0.707106781187,-0.707106781187));
#4617 = ORIENTED_EDGE('',*,*,#4618,.T.);
#4618 = EDGE_CURVE('',#4611,#4593,#4619,.T.);
#4619 = LINE('',#4620,#4621);
#4620 = CARTESIAN_POINT('',(186.,86.5,77.5));
#4621 = VECTOR('',#4622,1.);
#4622 = DIRECTION('',(0.,-0.707106781187,0.707106781187));
#4623 = FACE_BOUND('',#4624,.T.);
#4624 = EDGE_LOOP('',(#4625,#4635,#4643,#4651));
#4625 = ORIENTED_EDGE('',*,*,#4626,.T.);
#4626 = EDGE_CURVE('',#4627,#4629,#4631,.T.);
#4627 = VERTEX_POINT('',#4628);
#4628 = CARTESIAN_POINT('',(186.,91.,95.));
#4629 = VERTEX_POINT('',#4630);
#4630 = CARTESIAN_POINT('',(186.,100.,104.));
#4631 = LINE('',#4632,#4633);
#4632 = CARTESIAN_POINT('',(186.,49.,53.));
#4633 = VECTOR('',#4634,1.);
#4634 = DIRECTION('',(0.,0.707106781187,0.707106781187));
#4635 = ORIENTED_EDGE('',*,*,#4636,.T.);
#4636 = EDGE_CURVE('',#4629,#4637,#4639,.T.);
#4637 = VERTEX_POINT('',#4638);
#4638 = CARTESIAN_POINT('',(186.,109.,95.));
#4639 = LINE('',#4640,#4641);
#4640 = CARTESIAN_POINT('',(186.,105.5,98.5));
#4641 = VECTOR('',#4642,1.);
#4642 = DIRECTION('',(-0.,0.707106781187,-0.707106781187));
#4643 = ORIENTED_EDGE('',*,*,#4644,.T.);
#4644 = EDGE_CURVE('',#4637,#4645,#4647,.T.);
#4645 = VERTEX_POINT('',#4646);
#4646 = CARTESIAN_POINT('',(186.,100.,86.));
#4647 = LINE('',#4648,#4649);
#4648 = CARTESIAN_POINT('',(186.,53.5,39.5));
#4649 = VECTOR('',#4650,1.);
#4650 = DIRECTION('',(0.,-0.707106781187,-0.707106781187));
#4651 = ORIENTED_EDGE('',*,*,#4652,.T.);
#4652 = EDGE_CURVE('',#4645,#4627,#4653,.T.);
#4653 = LINE('',#4654,#4655);
#4654 = CARTESIAN_POINT('',(186.,92.,94.));
#4655 = VECTOR('',#4656,1.);
#4656 = DIRECTION('',(0.,-0.707106781187,0.707106781187));
#4657 = FACE_BOUND('',#4658,.T.);
#4658 = EDGE_LOOP('',(#4659,#4669,#4677,#4685));
#4659 = ORIENTED_EDGE('',*,*,#4660,.T.);
#4660 = EDGE_CURVE('',#4661,#4663,#4665,.T.);
#4661 = VERTEX_POINT('',#4662);
#4662 = CARTESIAN_POINT('',(186.,91.,117.));
#4663 = VERTEX_POINT('',#4664);
#4664 = CARTESIAN_POINT('',(186.,100.,126.));
#4665 = LINE('',#4666,#4667);
#4666 = CARTESIAN_POINT('',(186.,43.5,69.5));
#4667 = VECTOR('',#4668,1.);
#4668 = DIRECTION('',(0.,0.707106781187,0.707106781187));
#4669 = ORIENTED_EDGE('',*,*,#4670,.T.);
#4670 = EDGE_CURVE('',#4663,#4671,#4673,.T.);
#4671 = VERTEX_POINT('',#4672);
#4672 = CARTESIAN_POINT('',(186.,109.,117.));
#4673 = LINE('',#4674,#4675);
#4674 = CARTESIAN_POINT('',(186.,111.,115.));
#4675 = VECTOR('',#4676,1.);
#4676 = DIRECTION('',(-0.,0.707106781187,-0.707106781187));
#4677 = ORIENTED_EDGE('',*,*,#4678,.T.);
#4678 = EDGE_CURVE('',#4671,#4679,#4681,.T.);
#4679 = VERTEX_POINT('',#4680);
#4680 = CARTESIAN_POINT('',(186.,100.,108.));
#4681 = LINE('',#4682,#4683);
#4682 = CARTESIAN_POINT('',(186.,48.,56.));
#4683 = VECTOR('',#4684,1.);
#4684 = DIRECTION('',(0.,-0.707106781187,-0.707106781187));
#4685 = ORIENTED_EDGE('',*,*,#4686,.T.);
#4686 = EDGE_CURVE('',#4679,#4661,#4687,.T.);
#4687 = LINE('',#4688,#4689);
#4688 = CARTESIAN_POINT('',(186.,97.5,110.5));
#4689 = VECTOR('',#4690,1.);
#4690 = DIRECTION('',(0.,-0.707106781187,0.707106781187));
#4691 = FACE_BOUND('',#4692,.T.);
#4692 = EDGE_LOOP('',(#4693,#4703,#4711,#4719));
#4693 = ORIENTED_EDGE('',*,*,#4694,.T.);
#4694 = EDGE_CURVE('',#4695,#4697,#4699,.T.);
#4695 = VERTEX_POINT('',#4696);
#4696 = CARTESIAN_POINT('',(186.,69.,84.));
#4697 = VERTEX_POINT('',#4698);
#4698 = CARTESIAN_POINT('',(186.,78.,93.));
#4699 = LINE('',#4700,#4701);
#4700 = CARTESIAN_POINT('',(186.,35.25,50.25));
#4701 = VECTOR('',#4702,1.);
#4702 = DIRECTION('',(0.,0.707106781187,0.707106781187));
#4703 = ORIENTED_EDGE('',*,*,#4704,.T.);
#4704 = EDGE_CURVE('',#4697,#4705,#4707,.T.);
#4705 = VERTEX_POINT('',#4706);
#4706 = CARTESIAN_POINT('',(186.,87.,84.));
#4707 = LINE('',#4708,#4709);
#4708 = CARTESIAN_POINT('',(186.,86.25,84.75));
#4709 = VECTOR('',#4710,1.);
#4710 = DIRECTION('',(-0.,0.707106781187,-0.707106781187));
#4711 = ORIENTED_EDGE('',*,*,#4712,.T.);
#4712 = EDGE_CURVE('',#4705,#4713,#4715,.T.);
#4713 = VERTEX_POINT('',#4714);
#4714 = CARTESIAN_POINT('',(186.,78.,75.));
#4715 = LINE('',#4716,#4717);
#4716 = CARTESIAN_POINT('',(186.,39.75,36.75));
#4717 = VECTOR('',#4718,1.);
#4718 = DIRECTION('',(0.,-0.707106781187,-0.707106781187));
#4719 = ORIENTED_EDGE('',*,*,#4720,.T.);
#4720 = EDGE_CURVE('',#4713,#4695,#4721,.T.);
#4721 = LINE('',#4722,#4723);
#4722 = CARTESIAN_POINT('',(186.,72.75,80.25));
#4723 = VECTOR('',#4724,1.);
#4724 = DIRECTION('',(0.,-0.707106781187,0.707106781187));
#4725 = FACE_BOUND('',#4726,.T.);
#4726 = EDGE_LOOP('',(#4727,#4737,#4745,#4753));
#4727 = ORIENTED_EDGE('',*,*,#4728,.T.);
#4728 = EDGE_CURVE('',#4729,#4731,#4733,.T.);
#4729 = VERTEX_POINT('',#4730);
#4730 = CARTESIAN_POINT('',(186.,69.,106.));
#4731 = VERTEX_POINT('',#4732);
#4732 = CARTESIAN_POINT('',(186.,78.,115.));
#4733 = LINE('',#4734,#4735);
#4734 = CARTESIAN_POINT('',(186.,29.75,66.75));
#4735 = VECTOR('',#4736,1.);
#4736 = DIRECTION('',(0.,0.707106781187,0.707106781187));
#4737 = ORIENTED_EDGE('',*,*,#4738,.T.);
#4738 = EDGE_CURVE('',#4731,#4739,#4741,.T.);
#4739 = VERTEX_POINT('',#4740);
#4740 = CARTESIAN_POINT('',(186.,87.,106.));
#4741 = LINE('',#4742,#4743);
#4742 = CARTESIAN_POINT('',(186.,91.75,101.25));
#4743 = VECTOR('',#4744,1.);
#4744 = DIRECTION('',(-0.,0.707106781187,-0.707106781187));
#4745 = ORIENTED_EDGE('',*,*,#4746,.T.);
#4746 = EDGE_CURVE('',#4739,#4747,#4749,.T.);
#4747 = VERTEX_POINT('',#4748);
#4748 = CARTESIAN_POINT('',(186.,78.,97.));
#4749 = LINE('',#4750,#4751);
#4750 = CARTESIAN_POINT('',(186.,34.25,53.25));
#4751 = VECTOR('',#4752,1.);
#4752 = DIRECTION('',(0.,-0.707106781187,-0.707106781187));
#4753 = ORIENTED_EDGE('',*,*,#4754,.T.);
#4754 = EDGE_CURVE('',#4747,#4729,#4755,.T.);
#4755 = LINE('',#4756,#4757);
#4756 = CARTESIAN_POINT('',(186.,78.25,96.75));
#4757 = VECTOR('',#4758,1.);
#4758 = DIRECTION('',(0.,-0.707106781187,0.707106781187));
#4759 = PLANE('',#4760);
#4760 = AXIS2_PLACEMENT_3D('',#4761,#4762,#4763);
#4761 = CARTESIAN_POINT('',(186.,0.,0.));
#4762 = DIRECTION('',(1.,0.,-0.));
#4763 = DIRECTION('',(0.,0.,1.));
#4764 = ADVANCED_FACE('',(#4765),#4776,.T.);
#4765 = FACE_BOUND('',#4766,.T.);
#4766 = EDGE_LOOP('',(#4767,#4768,#4769,#4775));
#4767 = ORIENTED_EDGE('',*,*,#600,.F.);
#4768 = ORIENTED_EDGE('',*,*,#4279,.F.);
#4769 = ORIENTED_EDGE('',*,*,#4770,.T.);
#4770 = EDGE_CURVE('',#4272,#4296,#4771,.T.);
#4771 = LINE('',#4772,#4773);
#4772 = CARTESIAN_POINT('',(-1.,149.5,135.5));
#4773 = VECTOR('',#4774,1.);
#4774 = DIRECTION('',(1.,0.,-0.));
#4775 = ORIENTED_EDGE('',*,*,#4312,.F.);
#4776 = PLANE('',#4777);
#4777 = AXIS2_PLACEMENT_3D('',#4778,#4779,#4780);
#4778 = CARTESIAN_POINT('',(-1.,149.5,135.5));
#4779 = DIRECTION('',(0.,0.,1.));
#4780 = DIRECTION('',(1.,0.,-0.));
#4781 = ADVANCED_FACE('',(#4782),#4807,.T.);
#4782 = FACE_BOUND('',#4783,.T.);
#4783 = EDGE_LOOP('',(#4784,#4794,#4800,#4801));
#4784 = ORIENTED_EDGE('',*,*,#4785,.T.);
#4785 = EDGE_CURVE('',#4786,#4788,#4790,.T.);
#4786 = VERTEX_POINT('',#4787);
#4787 = CARTESIAN_POINT('',(48.,148.,18.5));
#4788 = VERTEX_POINT('',#4789);
#4789 = CARTESIAN_POINT('',(57.5,148.,28.));
#4790 = LINE('',#4791,#4792);
#4791 = CARTESIAN_POINT('',(44.,148.,14.5));
#4792 = VECTOR('',#4793,1.);
#4793 = DIRECTION('',(0.707106781187,0.,0.707106781187));
#4794 = ORIENTED_EDGE('',*,*,#4795,.T.);
#4795 = EDGE_CURVE('',#4788,#611,#4796,.T.);
#4796 = LINE('',#4797,#4798);
#4797 = CARTESIAN_POINT('',(57.5,146.,28.));
#4798 = VECTOR('',#4799,1.);
#4799 = DIRECTION('',(0.,1.,0.));
#4800 = ORIENTED_EDGE('',*,*,#608,.F.);
#4801 = ORIENTED_EDGE('',*,*,#4802,.F.);
#4802 = EDGE_CURVE('',#4786,#609,#4803,.T.);
#4803 = LINE('',#4804,#4805);
#4804 = CARTESIAN_POINT('',(48.,146.,18.5));
#4805 = VECTOR('',#4806,1.);
#4806 = DIRECTION('',(0.,1.,0.));
#4807 = PLANE('',#4808);
#4808 = AXIS2_PLACEMENT_3D('',#4809,#4810,#4811);
#4809 = CARTESIAN_POINT('',(57.5,146.,28.));
#4810 = DIRECTION('',(-0.707106781187,0.,0.707106781187));
#4811 = DIRECTION('',(-0.707106781187,0.,-0.707106781187));
#4812 = ADVANCED_FACE('',(#4813),#4831,.T.);
#4813 = FACE_BOUND('',#4814,.T.);
#4814 = EDGE_LOOP('',(#4815,#4823,#4824,#4825));
#4815 = ORIENTED_EDGE('',*,*,#4816,.T.);
#4816 = EDGE_CURVE('',#4817,#4786,#4819,.T.);
#4817 = VERTEX_POINT('',#4818);
#4818 = CARTESIAN_POINT('',(38.5,148.,28.));
#4819 = LINE('',#4820,#4821);
#4820 = CARTESIAN_POINT('',(42.75,148.,23.75));
#4821 = VECTOR('',#4822,1.);
#4822 = DIRECTION('',(0.707106781187,0.,-0.707106781187));
#4823 = ORIENTED_EDGE('',*,*,#4802,.T.);
#4824 = ORIENTED_EDGE('',*,*,#634,.F.);
#4825 = ORIENTED_EDGE('',*,*,#4826,.F.);
#4826 = EDGE_CURVE('',#4817,#627,#4827,.T.);
#4827 = LINE('',#4828,#4829);
#4828 = CARTESIAN_POINT('',(38.5,146.,28.));
#4829 = VECTOR('',#4830,1.);
#4830 = DIRECTION('',(0.,1.,0.));
#4831 = PLANE('',#4832);
#4832 = AXIS2_PLACEMENT_3D('',#4833,#4834,#4835);
#4833 = CARTESIAN_POINT('',(48.,146.,18.5));
#4834 = DIRECTION('',(0.707106781187,-0.,0.707106781187));
#4835 = DIRECTION('',(-0.707106781187,0.,0.707106781187));
#4836 = ADVANCED_FACE('',(#4837),#4855,.T.);
#4837 = FACE_BOUND('',#4838,.T.);
#4838 = EDGE_LOOP('',(#4839,#4847,#4853,#4854));
#4839 = ORIENTED_EDGE('',*,*,#4840,.T.);
#4840 = EDGE_CURVE('',#4788,#4841,#4843,.T.);
#4841 = VERTEX_POINT('',#4842);
#4842 = CARTESIAN_POINT('',(48.,148.,37.5));
#4843 = LINE('',#4844,#4845);
#4844 = CARTESIAN_POINT('',(47.5,148.,38.));
#4845 = VECTOR('',#4846,1.);
#4846 = DIRECTION('',(-0.707106781187,-0.,0.707106781187));
#4847 = ORIENTED_EDGE('',*,*,#4848,.T.);
#4848 = EDGE_CURVE('',#4841,#619,#4849,.T.);
#4849 = LINE('',#4850,#4851);
#4850 = CARTESIAN_POINT('',(48.,146.,37.5));
#4851 = VECTOR('',#4852,1.);
#4852 = DIRECTION('',(0.,1.,0.));
#4853 = ORIENTED_EDGE('',*,*,#618,.F.);
#4854 = ORIENTED_EDGE('',*,*,#4795,.F.);
#4855 = PLANE('',#4856);
#4856 = AXIS2_PLACEMENT_3D('',#4857,#4858,#4859);
#4857 = CARTESIAN_POINT('',(48.,146.,37.5));
#4858 = DIRECTION('',(-0.707106781187,0.,-0.707106781187));
#4859 = DIRECTION('',(0.707106781187,0.,-0.707106781187));
#4860 = ADVANCED_FACE('',(#4861),#4872,.T.);
#4861 = FACE_BOUND('',#4862,.T.);
#4862 = EDGE_LOOP('',(#4863,#4869,#4870,#4871));
#4863 = ORIENTED_EDGE('',*,*,#4864,.T.);
#4864 = EDGE_CURVE('',#4841,#4817,#4865,.T.);
#4865 = LINE('',#4866,#4867);
#4866 = CARTESIAN_POINT('',(29.75,148.,19.25));
#4867 = VECTOR('',#4868,1.);
#4868 = DIRECTION('',(-0.707106781187,0.,-0.707106781187));
#4869 = ORIENTED_EDGE('',*,*,#4826,.T.);
#4870 = ORIENTED_EDGE('',*,*,#626,.F.);
#4871 = ORIENTED_EDGE('',*,*,#4848,.F.);
#4872 = PLANE('',#4873);
#4873 = AXIS2_PLACEMENT_3D('',#4874,#4875,#4876);
#4874 = CARTESIAN_POINT('',(38.5,146.,28.));
#4875 = DIRECTION('',(0.707106781187,0.,-0.707106781187));
#4876 = DIRECTION('',(0.707106781187,0.,0.707106781187));
#4877 = ADVANCED_FACE('',(#4878),#4903,.T.);
#4878 = FACE_BOUND('',#4879,.T.);
#4879 = EDGE_LOOP('',(#4880,#4890,#4896,#4897));
#4880 = ORIENTED_EDGE('',*,*,#4881,.T.);
#4881 = EDGE_CURVE('',#4882,#4884,#4886,.T.);
#4882 = VERTEX_POINT('',#4883);
#4883 = CARTESIAN_POINT('',(48.,148.,63.5));
#4884 = VERTEX_POINT('',#4885);
#4885 = CARTESIAN_POINT('',(57.5,148.,73.));
#4886 = LINE('',#4887,#4888);
#4887 = CARTESIAN_POINT('',(32.75,148.,48.25));
#4888 = VECTOR('',#4889,1.);
#4889 = DIRECTION('',(0.707106781187,0.,0.707106781187));
#4890 = ORIENTED_EDGE('',*,*,#4891,.T.);
#4891 = EDGE_CURVE('',#4884,#645,#4892,.T.);
#4892 = LINE('',#4893,#4894);
#4893 = CARTESIAN_POINT('',(57.5,146.,73.));
#4894 = VECTOR('',#4895,1.);
#4895 = DIRECTION('',(0.,1.,0.));
#4896 = ORIENTED_EDGE('',*,*,#642,.F.);
#4897 = ORIENTED_EDGE('',*,*,#4898,.F.);
#4898 = EDGE_CURVE('',#4882,#643,#4899,.T.);
#4899 = LINE('',#4900,#4901);
#4900 = CARTESIAN_POINT('',(48.,146.,63.5));
#4901 = VECTOR('',#4902,1.);
#4902 = DIRECTION('',(0.,1.,0.));
#4903 = PLANE('',#4904);
#4904 = AXIS2_PLACEMENT_3D('',#4905,#4906,#4907);
#4905 = CARTESIAN_POINT('',(57.5,146.,73.));
#4906 = DIRECTION('',(-0.707106781187,0.,0.707106781187));
#4907 = DIRECTION('',(-0.707106781187,0.,-0.707106781187));
#4908 = ADVANCED_FACE('',(#4909),#4927,.T.);
#4909 = FACE_BOUND('',#4910,.T.);
#4910 = EDGE_LOOP('',(#4911,#4919,#4920,#4921));
#4911 = ORIENTED_EDGE('',*,*,#4912,.T.);
#4912 = EDGE_CURVE('',#4913,#4882,#4915,.T.);
#4913 = VERTEX_POINT('',#4914);
#4914 = CARTESIAN_POINT('',(38.5,148.,73.));
#4915 = LINE('',#4916,#4917);
#4916 = CARTESIAN_POINT('',(54.,148.,57.5));
#4917 = VECTOR('',#4918,1.);
#4918 = DIRECTION('',(0.707106781187,0.,-0.707106781187));
#4919 = ORIENTED_EDGE('',*,*,#4898,.T.);
#4920 = ORIENTED_EDGE('',*,*,#668,.F.);
#4921 = ORIENTED_EDGE('',*,*,#4922,.F.);
#4922 = EDGE_CURVE('',#4913,#661,#4923,.T.);
#4923 = LINE('',#4924,#4925);
#4924 = CARTESIAN_POINT('',(38.5,146.,73.));
#4925 = VECTOR('',#4926,1.);
#4926 = DIRECTION('',(0.,1.,0.));
#4927 = PLANE('',#4928);
#4928 = AXIS2_PLACEMENT_3D('',#4929,#4930,#4931);
#4929 = CARTESIAN_POINT('',(48.,146.,63.5));
#4930 = DIRECTION('',(0.707106781187,-0.,0.707106781187));
#4931 = DIRECTION('',(-0.707106781187,0.,0.707106781187));
#4932 = ADVANCED_FACE('',(#4933),#4951,.T.);
#4933 = FACE_BOUND('',#4934,.T.);
#4934 = EDGE_LOOP('',(#4935,#4943,#4949,#4950));
#4935 = ORIENTED_EDGE('',*,*,#4936,.T.);
#4936 = EDGE_CURVE('',#4884,#4937,#4939,.T.);
#4937 = VERTEX_POINT('',#4938);
#4938 = CARTESIAN_POINT('',(48.,148.,82.5));
#4939 = LINE('',#4940,#4941);
#4940 = CARTESIAN_POINT('',(58.75,148.,71.75));
#4941 = VECTOR('',#4942,1.);
#4942 = DIRECTION('',(-0.707106781187,-0.,0.707106781187));
#4943 = ORIENTED_EDGE('',*,*,#4944,.T.);
#4944 = EDGE_CURVE('',#4937,#653,#4945,.T.);
#4945 = LINE('',#4946,#4947);
#4946 = CARTESIAN_POINT('',(48.,146.,82.5));
#4947 = VECTOR('',#4948,1.);
#4948 = DIRECTION('',(0.,1.,0.));
#4949 = ORIENTED_EDGE('',*,*,#652,.F.);
#4950 = ORIENTED_EDGE('',*,*,#4891,.F.);
#4951 = PLANE('',#4952);
#4952 = AXIS2_PLACEMENT_3D('',#4953,#4954,#4955);
#4953 = CARTESIAN_POINT('',(48.,146.,82.5));
#4954 = DIRECTION('',(-0.707106781187,0.,-0.707106781187));
#4955 = DIRECTION('',(0.707106781187,0.,-0.707106781187));
#4956 = ADVANCED_FACE('',(#4957),#4968,.T.);
#4957 = FACE_BOUND('',#4958,.T.);
#4958 = EDGE_LOOP('',(#4959,#4965,#4966,#4967));
#4959 = ORIENTED_EDGE('',*,*,#4960,.T.);
#4960 = EDGE_CURVE('',#4937,#4913,#4961,.T.);
#4961 = LINE('',#4962,#4963);
#4962 = CARTESIAN_POINT('',(18.5,148.,53.));
#4963 = VECTOR('',#4964,1.);
#4964 = DIRECTION('',(-0.707106781187,0.,-0.707106781187));
#4965 = ORIENTED_EDGE('',*,*,#4922,.T.);
#4966 = ORIENTED_EDGE('',*,*,#660,.F.);
#4967 = ORIENTED_EDGE('',*,*,#4944,.F.);
#4968 = PLANE('',#4969);
#4969 = AXIS2_PLACEMENT_3D('',#4970,#4971,#4972);
#4970 = CARTESIAN_POINT('',(38.5,146.,73.));
#4971 = DIRECTION('',(0.707106781187,0.,-0.707106781187));
#4972 = DIRECTION('',(0.707106781187,0.,0.707106781187));
#4973 = ADVANCED_FACE('',(#4974),#4999,.T.);
#4974 = FACE_BOUND('',#4975,.T.);
#4975 = EDGE_LOOP('',(#4976,#4986,#4992,#4993));
#4976 = ORIENTED_EDGE('',*,*,#4977,.T.);
#4977 = EDGE_CURVE('',#4978,#4980,#4982,.T.);
#4978 = VERTEX_POINT('',#4979);
#4979 = CARTESIAN_POINT('',(59.25,148.,41.));
#4980 = VERTEX_POINT('',#4981);
#4981 = CARTESIAN_POINT('',(68.75,148.,50.5));
#4982 = LINE('',#4983,#4984);
#4983 = CARTESIAN_POINT('',(46.8125,148.,28.5625));
#4984 = VECTOR('',#4985,1.);
#4985 = DIRECTION('',(0.707106781187,0.,0.707106781187));
#4986 = ORIENTED_EDGE('',*,*,#4987,.T.);
#4987 = EDGE_CURVE('',#4980,#679,#4988,.T.);
#4988 = LINE('',#4989,#4990);
#4989 = CARTESIAN_POINT('',(68.75,146.,50.5));
#4990 = VECTOR('',#4991,1.);
#4991 = DIRECTION('',(0.,1.,0.));
#4992 = ORIENTED_EDGE('',*,*,#676,.F.);
#4993 = ORIENTED_EDGE('',*,*,#4994,.F.);
#4994 = EDGE_CURVE('',#4978,#677,#4995,.T.);
#4995 = LINE('',#4996,#4997);
#4996 = CARTESIAN_POINT('',(59.25,146.,41.));
#4997 = VECTOR('',#4998,1.);
#4998 = DIRECTION('',(0.,1.,0.));
#4999 = PLANE('',#5000);
#5000 = AXIS2_PLACEMENT_3D('',#5001,#5002,#5003);
#5001 = CARTESIAN_POINT('',(68.75,146.,50.5));
#5002 = DIRECTION('',(-0.707106781187,0.,0.707106781187));
#5003 = DIRECTION('',(-0.707106781187,0.,-0.707106781187));
#5004 = ADVANCED_FACE('',(#5005),#5023,.T.);
#5005 = FACE_BOUND('',#5006,.T.);
#5006 = EDGE_LOOP('',(#5007,#5015,#5016,#5017));
#5007 = ORIENTED_EDGE('',*,*,#5008,.T.);
#5008 = EDGE_CURVE('',#5009,#4978,#5011,.T.);
#5009 = VERTEX_POINT('',#5010);
#5010 = CARTESIAN_POINT('',(49.75,148.,50.5));
#5011 = LINE('',#5012,#5013);
#5012 = CARTESIAN_POINT('',(56.8125,148.,43.4375));
#5013 = VECTOR('',#5014,1.);
#5014 = DIRECTION('',(0.707106781187,0.,-0.707106781187));
#5015 = ORIENTED_EDGE('',*,*,#4994,.T.);
#5016 = ORIENTED_EDGE('',*,*,#702,.F.);
#5017 = ORIENTED_EDGE('',*,*,#5018,.F.);
#5018 = EDGE_CURVE('',#5009,#695,#5019,.T.);
#5019 = LINE('',#5020,#5021);
#5020 = CARTESIAN_POINT('',(49.75,146.,50.5));
#5021 = VECTOR('',#5022,1.);
#5022 = DIRECTION('',(0.,1.,0.));
#5023 = PLANE('',#5024);
#5024 = AXIS2_PLACEMENT_3D('',#5025,#5026,#5027);
#5025 = CARTESIAN_POINT('',(59.25,146.,41.));
#5026 = DIRECTION('',(0.707106781187,-0.,0.707106781187));
#5027 = DIRECTION('',(-0.707106781187,0.,0.707106781187));
#5028 = ADVANCED_FACE('',(#5029),#5047,.T.);
#5029 = FACE_BOUND('',#5030,.T.);
#5030 = EDGE_LOOP('',(#5031,#5039,#5045,#5046));
#5031 = ORIENTED_EDGE('',*,*,#5032,.T.);
#5032 = EDGE_CURVE('',#4980,#5033,#5035,.T.);
#5033 = VERTEX_POINT('',#5034);
#5034 = CARTESIAN_POINT('',(59.25,148.,60.));
#5035 = LINE('',#5036,#5037);
#5036 = CARTESIAN_POINT('',(61.5625,148.,57.6875));
#5037 = VECTOR('',#5038,1.);
#5038 = DIRECTION('',(-0.707106781187,-0.,0.707106781187));
#5039 = ORIENTED_EDGE('',*,*,#5040,.T.);
#5040 = EDGE_CURVE('',#5033,#687,#5041,.T.);
#5041 = LINE('',#5042,#5043);
#5042 = CARTESIAN_POINT('',(59.25,146.,60.));
#5043 = VECTOR('',#5044,1.);
#5044 = DIRECTION('',(0.,1.,0.));
#5045 = ORIENTED_EDGE('',*,*,#686,.F.);
#5046 = ORIENTED_EDGE('',*,*,#4987,.F.);
#5047 = PLANE('',#5048);
#5048 = AXIS2_PLACEMENT_3D('',#5049,#5050,#5051);
#5049 = CARTESIAN_POINT('',(59.25,146.,60.));
#5050 = DIRECTION('',(-0.707106781187,0.,-0.707106781187));
#5051 = DIRECTION('',(0.707106781187,0.,-0.707106781187));
#5052 = ADVANCED_FACE('',(#5053),#5064,.T.);
#5053 = FACE_BOUND('',#5054,.T.);
#5054 = EDGE_LOOP('',(#5055,#5061,#5062,#5063));
#5055 = ORIENTED_EDGE('',*,*,#5056,.T.);
#5056 = EDGE_CURVE('',#5033,#5009,#5057,.T.);
#5057 = LINE('',#5058,#5059);
#5058 = CARTESIAN_POINT('',(32.5625,148.,33.3125));
#5059 = VECTOR('',#5060,1.);
#5060 = DIRECTION('',(-0.707106781187,0.,-0.707106781187));
#5061 = ORIENTED_EDGE('',*,*,#5018,.T.);
#5062 = ORIENTED_EDGE('',*,*,#694,.F.);
#5063 = ORIENTED_EDGE('',*,*,#5040,.F.);
#5064 = PLANE('',#5065);
#5065 = AXIS2_PLACEMENT_3D('',#5066,#5067,#5068);
#5066 = CARTESIAN_POINT('',(49.75,146.,50.5));
#5067 = DIRECTION('',(0.707106781187,0.,-0.707106781187));
#5068 = DIRECTION('',(0.707106781187,0.,0.707106781187));
#5069 = ADVANCED_FACE('',(#5070),#5095,.T.);
#5070 = FACE_BOUND('',#5071,.T.);
#5071 = EDGE_LOOP('',(#5072,#5082,#5088,#5089));
#5072 = ORIENTED_EDGE('',*,*,#5073,.T.);
#5073 = EDGE_CURVE('',#5074,#5076,#5078,.T.);
#5074 = VERTEX_POINT('',#5075);
#5075 = CARTESIAN_POINT('',(70.5,148.,18.5));
#5076 = VERTEX_POINT('',#5077);
#5077 = CARTESIAN_POINT('',(80.,148.,28.));
#5078 = LINE('',#5079,#5080);
#5079 = CARTESIAN_POINT('',(60.875,148.,8.875));
#5080 = VECTOR('',#5081,1.);
#5081 = DIRECTION('',(0.707106781187,0.,0.707106781187));
#5082 = ORIENTED_EDGE('',*,*,#5083,.T.);
#5083 = EDGE_CURVE('',#5076,#713,#5084,.T.);
#5084 = LINE('',#5085,#5086);
#5085 = CARTESIAN_POINT('',(80.,146.,28.));
#5086 = VECTOR('',#5087,1.);
#5087 = DIRECTION('',(0.,1.,0.));
#5088 = ORIENTED_EDGE('',*,*,#710,.F.);
#5089 = ORIENTED_EDGE('',*,*,#5090,.F.);
#5090 = EDGE_CURVE('',#5074,#711,#5091,.T.);
#5091 = LINE('',#5092,#5093);
#5092 = CARTESIAN_POINT('',(70.5,146.,18.5));
#5093 = VECTOR('',#5094,1.);
#5094 = DIRECTION('',(0.,1.,0.));
#5095 = PLANE('',#5096);
#5096 = AXIS2_PLACEMENT_3D('',#5097,#5098,#5099);
#5097 = CARTESIAN_POINT('',(80.,146.,28.));
#5098 = DIRECTION('',(-0.707106781187,0.,0.707106781187));
#5099 = DIRECTION('',(-0.707106781187,0.,-0.707106781187));
#5100 = ADVANCED_FACE('',(#5101),#5119,.T.);
#5101 = FACE_BOUND('',#5102,.T.);
#5102 = EDGE_LOOP('',(#5103,#5111,#5112,#5113));
#5103 = ORIENTED_EDGE('',*,*,#5104,.T.);
#5104 = EDGE_CURVE('',#5105,#5074,#5107,.T.);
#5105 = VERTEX_POINT('',#5106);
#5106 = CARTESIAN_POINT('',(61.,148.,28.));
#5107 = LINE('',#5108,#5109);
#5108 = CARTESIAN_POINT('',(59.625,148.,29.375));
#5109 = VECTOR('',#5110,1.);
#5110 = DIRECTION('',(0.707106781187,0.,-0.707106781187));
#5111 = ORIENTED_EDGE('',*,*,#5090,.T.);
#5112 = ORIENTED_EDGE('',*,*,#736,.F.);
#5113 = ORIENTED_EDGE('',*,*,#5114,.F.);
#5114 = EDGE_CURVE('',#5105,#729,#5115,.T.);
#5115 = LINE('',#5116,#5117);
#5116 = CARTESIAN_POINT('',(61.,146.,28.));
#5117 = VECTOR('',#5118,1.);
#5118 = DIRECTION('',(0.,1.,0.));
#5119 = PLANE('',#5120);
#5120 = AXIS2_PLACEMENT_3D('',#5121,#5122,#5123);
#5121 = CARTESIAN_POINT('',(70.5,146.,18.5));
#5122 = DIRECTION('',(0.707106781187,-0.,0.707106781187));
#5123 = DIRECTION('',(-0.707106781187,0.,0.707106781187));
#5124 = ADVANCED_FACE('',(#5125),#5143,.T.);
#5125 = FACE_BOUND('',#5126,.T.);
#5126 = EDGE_LOOP('',(#5127,#5135,#5141,#5142));
#5127 = ORIENTED_EDGE('',*,*,#5128,.T.);
#5128 = EDGE_CURVE('',#5076,#5129,#5131,.T.);
#5129 = VERTEX_POINT('',#5130);
#5130 = CARTESIAN_POINT('',(70.5,148.,37.5));
#5131 = LINE('',#5132,#5133);
#5132 = CARTESIAN_POINT('',(64.375,148.,43.625));
#5133 = VECTOR('',#5134,1.);
#5134 = DIRECTION('',(-0.707106781187,-0.,0.707106781187));
#5135 = ORIENTED_EDGE('',*,*,#5136,.T.);
#5136 = EDGE_CURVE('',#5129,#721,#5137,.T.);
#5137 = LINE('',#5138,#5139);
#5138 = CARTESIAN_POINT('',(70.5,146.,37.5));
#5139 = VECTOR('',#5140,1.);
#5140 = DIRECTION('',(0.,1.,0.));
#5141 = ORIENTED_EDGE('',*,*,#720,.F.);
#5142 = ORIENTED_EDGE('',*,*,#5083,.F.);
#5143 = PLANE('',#5144);
#5144 = AXIS2_PLACEMENT_3D('',#5145,#5146,#5147);
#5145 = CARTESIAN_POINT('',(70.5,146.,37.5));
#5146 = DIRECTION('',(-0.707106781187,0.,-0.707106781187));
#5147 = DIRECTION('',(0.707106781187,0.,-0.707106781187));
#5148 = ADVANCED_FACE('',(#5149),#5160,.T.);
#5149 = FACE_BOUND('',#5150,.T.);
#5150 = EDGE_LOOP('',(#5151,#5157,#5158,#5159));
#5151 = ORIENTED_EDGE('',*,*,#5152,.T.);
#5152 = EDGE_CURVE('',#5129,#5105,#5153,.T.);
#5153 = LINE('',#5154,#5155);
#5154 = CARTESIAN_POINT('',(46.625,148.,13.625));
#5155 = VECTOR('',#5156,1.);
#5156 = DIRECTION('',(-0.707106781187,0.,-0.707106781187));
#5157 = ORIENTED_EDGE('',*,*,#5114,.T.);
#5158 = ORIENTED_EDGE('',*,*,#728,.F.);
#5159 = ORIENTED_EDGE('',*,*,#5136,.F.);
#5160 = PLANE('',#5161);
#5161 = AXIS2_PLACEMENT_3D('',#5162,#5163,#5164);
#5162 = CARTESIAN_POINT('',(61.,146.,28.));
#5163 = DIRECTION('',(0.707106781187,0.,-0.707106781187));
#5164 = DIRECTION('',(0.707106781187,0.,0.707106781187));
#5165 = ADVANCED_FACE('',(#5166),#5191,.T.);
#5166 = FACE_BOUND('',#5167,.T.);
#5167 = EDGE_LOOP('',(#5168,#5178,#5184,#5185));
#5168 = ORIENTED_EDGE('',*,*,#5169,.T.);
#5169 = EDGE_CURVE('',#5170,#5172,#5174,.T.);
#5170 = VERTEX_POINT('',#5171);
#5171 = CARTESIAN_POINT('',(93.,148.,18.5));
#5172 = VERTEX_POINT('',#5173);
#5173 = CARTESIAN_POINT('',(102.5,148.,28.));
#5174 = LINE('',#5175,#5176);
#5175 = CARTESIAN_POINT('',(77.75,148.,3.25));
#5176 = VECTOR('',#5177,1.);
#5177 = DIRECTION('',(0.707106781187,0.,0.707106781187));
#5178 = ORIENTED_EDGE('',*,*,#5179,.T.);
#5179 = EDGE_CURVE('',#5172,#747,#5180,.T.);
#5180 = LINE('',#5181,#5182);
#5181 = CARTESIAN_POINT('',(102.5,146.,28.));
#5182 = VECTOR('',#5183,1.);
#5183 = DIRECTION('',(0.,1.,0.));
#5184 = ORIENTED_EDGE('',*,*,#744,.F.);
#5185 = ORIENTED_EDGE('',*,*,#5186,.F.);
#5186 = EDGE_CURVE('',#5170,#745,#5187,.T.);
#5187 = LINE('',#5188,#5189);
#5188 = CARTESIAN_POINT('',(93.,146.,18.5));
#5189 = VECTOR('',#5190,1.);
#5190 = DIRECTION('',(0.,1.,0.));
#5191 = PLANE('',#5192);
#5192 = AXIS2_PLACEMENT_3D('',#5193,#5194,#5195);
#5193 = CARTESIAN_POINT('',(102.5,146.,28.));
#5194 = DIRECTION('',(-0.707106781187,0.,0.707106781187));
#5195 = DIRECTION('',(-0.707106781187,0.,-0.707106781187));
#5196 = ADVANCED_FACE('',(#5197),#5215,.T.);
#5197 = FACE_BOUND('',#5198,.T.);
#5198 = EDGE_LOOP('',(#5199,#5207,#5208,#5209));
#5199 = ORIENTED_EDGE('',*,*,#5200,.T.);
#5200 = EDGE_CURVE('',#5201,#5170,#5203,.T.);
#5201 = VERTEX_POINT('',#5202);
#5202 = CARTESIAN_POINT('',(83.5,148.,28.));
#5203 = LINE('',#5204,#5205);
#5204 = CARTESIAN_POINT('',(76.5,148.,35.));
#5205 = VECTOR('',#5206,1.);
#5206 = DIRECTION('',(0.707106781187,0.,-0.707106781187));
#5207 = ORIENTED_EDGE('',*,*,#5186,.T.);
#5208 = ORIENTED_EDGE('',*,*,#770,.F.);
#5209 = ORIENTED_EDGE('',*,*,#5210,.F.);
#5210 = EDGE_CURVE('',#5201,#763,#5211,.T.);
#5211 = LINE('',#5212,#5213);
#5212 = CARTESIAN_POINT('',(83.5,146.,28.));
#5213 = VECTOR('',#5214,1.);
#5214 = DIRECTION('',(0.,1.,0.));
#5215 = PLANE('',#5216);
#5216 = AXIS2_PLACEMENT_3D('',#5217,#5218,#5219);
#5217 = CARTESIAN_POINT('',(93.,146.,18.5));
#5218 = DIRECTION('',(0.707106781187,-0.,0.707106781187));
#5219 = DIRECTION('',(-0.707106781187,0.,0.707106781187));
#5220 = ADVANCED_FACE('',(#5221),#5239,.T.);
#5221 = FACE_BOUND('',#5222,.T.);
#5222 = EDGE_LOOP('',(#5223,#5231,#5237,#5238));
#5223 = ORIENTED_EDGE('',*,*,#5224,.T.);
#5224 = EDGE_CURVE('',#5172,#5225,#5227,.T.);
#5225 = VERTEX_POINT('',#5226);
#5226 = CARTESIAN_POINT('',(93.,148.,37.5));
#5227 = LINE('',#5228,#5229);
#5228 = CARTESIAN_POINT('',(81.25,148.,49.25));
#5229 = VECTOR('',#5230,1.);
#5230 = DIRECTION('',(-0.707106781187,-0.,0.707106781187));
#5231 = ORIENTED_EDGE('',*,*,#5232,.T.);
#5232 = EDGE_CURVE('',#5225,#755,#5233,.T.);
#5233 = LINE('',#5234,#5235);
#5234 = CARTESIAN_POINT('',(93.,146.,37.5));
#5235 = VECTOR('',#5236,1.);
#5236 = DIRECTION('',(0.,1.,0.));
#5237 = ORIENTED_EDGE('',*,*,#754,.F.);
#5238 = ORIENTED_EDGE('',*,*,#5179,.F.);
#5239 = PLANE('',#5240);
#5240 = AXIS2_PLACEMENT_3D('',#5241,#5242,#5243);
#5241 = CARTESIAN_POINT('',(93.,146.,37.5));
#5242 = DIRECTION('',(-0.707106781187,0.,-0.707106781187));
#5243 = DIRECTION('',(0.707106781187,0.,-0.707106781187));
#5244 = ADVANCED_FACE('',(#5245),#5256,.T.);
#5245 = FACE_BOUND('',#5246,.T.);
#5246 = EDGE_LOOP('',(#5247,#5253,#5254,#5255));
#5247 = ORIENTED_EDGE('',*,*,#5248,.T.);
#5248 = EDGE_CURVE('',#5225,#5201,#5249,.T.);
#5249 = LINE('',#5250,#5251);
#5250 = CARTESIAN_POINT('',(63.5,148.,8.));
#5251 = VECTOR('',#5252,1.);
#5252 = DIRECTION('',(-0.707106781187,0.,-0.707106781187));
#5253 = ORIENTED_EDGE('',*,*,#5210,.T.);
#5254 = ORIENTED_EDGE('',*,*,#762,.F.);
#5255 = ORIENTED_EDGE('',*,*,#5232,.F.);
#5256 = PLANE('',#5257);
#5257 = AXIS2_PLACEMENT_3D('',#5258,#5259,#5260);
#5258 = CARTESIAN_POINT('',(83.5,146.,28.));
#5259 = DIRECTION('',(0.707106781187,0.,-0.707106781187));
#5260 = DIRECTION('',(0.707106781187,0.,0.707106781187));
#5261 = ADVANCED_FACE('',(#5262),#5287,.T.);
#5262 = FACE_BOUND('',#5263,.T.);
#5263 = EDGE_LOOP('',(#5264,#5274,#5280,#5281));
#5264 = ORIENTED_EDGE('',*,*,#5265,.T.);
#5265 = EDGE_CURVE('',#5266,#5268,#5270,.T.);
#5266 = VERTEX_POINT('',#5267);
#5267 = CARTESIAN_POINT('',(81.75,148.,41.));
#5268 = VERTEX_POINT('',#5269);
#5269 = CARTESIAN_POINT('',(91.25,148.,50.5));
#5270 = LINE('',#5271,#5272);
#5271 = CARTESIAN_POINT('',(63.6875,148.,22.9375));
#5272 = VECTOR('',#5273,1.);
#5273 = DIRECTION('',(0.707106781187,0.,0.707106781187));
#5274 = ORIENTED_EDGE('',*,*,#5275,.T.);
#5275 = EDGE_CURVE('',#5268,#781,#5276,.T.);
#5276 = LINE('',#5277,#5278);
#5277 = CARTESIAN_POINT('',(91.25,146.,50.5));
#5278 = VECTOR('',#5279,1.);
#5279 = DIRECTION('',(0.,1.,0.));
#5280 = ORIENTED_EDGE('',*,*,#778,.F.);
#5281 = ORIENTED_EDGE('',*,*,#5282,.F.);
#5282 = EDGE_CURVE('',#5266,#779,#5283,.T.);
#5283 = LINE('',#5284,#5285);
#5284 = CARTESIAN_POINT('',(81.75,146.,41.));
#5285 = VECTOR('',#5286,1.);
#5286 = DIRECTION('',(0.,1.,0.));
#5287 = PLANE('',#5288);
#5288 = AXIS2_PLACEMENT_3D('',#5289,#5290,#5291);
#5289 = CARTESIAN_POINT('',(91.25,146.,50.5));
#5290 = DIRECTION('',(-0.707106781187,0.,0.707106781187));
#5291 = DIRECTION('',(-0.707106781187,0.,-0.707106781187));
#5292 = ADVANCED_FACE('',(#5293),#5311,.T.);
#5293 = FACE_BOUND('',#5294,.T.);
#5294 = EDGE_LOOP('',(#5295,#5303,#5304,#5305));
#5295 = ORIENTED_EDGE('',*,*,#5296,.T.);
#5296 = EDGE_CURVE('',#5297,#5266,#5299,.T.);
#5297 = VERTEX_POINT('',#5298);
#5298 = CARTESIAN_POINT('',(72.25,148.,50.5));
#5299 = LINE('',#5300,#5301);
#5300 = CARTESIAN_POINT('',(73.6875,148.,49.0625));
#5301 = VECTOR('',#5302,1.);
#5302 = DIRECTION('',(0.707106781187,0.,-0.707106781187));
#5303 = ORIENTED_EDGE('',*,*,#5282,.T.);
#5304 = ORIENTED_EDGE('',*,*,#804,.F.);
#5305 = ORIENTED_EDGE('',*,*,#5306,.F.);
#5306 = EDGE_CURVE('',#5297,#797,#5307,.T.);
#5307 = LINE('',#5308,#5309);
#5308 = CARTESIAN_POINT('',(72.25,146.,50.5));
#5309 = VECTOR('',#5310,1.);
#5310 = DIRECTION('',(0.,1.,0.));
#5311 = PLANE('',#5312);
#5312 = AXIS2_PLACEMENT_3D('',#5313,#5314,#5315);
#5313 = CARTESIAN_POINT('',(81.75,146.,41.));
#5314 = DIRECTION('',(0.707106781187,-0.,0.707106781187));
#5315 = DIRECTION('',(-0.707106781187,0.,0.707106781187));
#5316 = ADVANCED_FACE('',(#5317),#5335,.T.);
#5317 = FACE_BOUND('',#5318,.T.);
#5318 = EDGE_LOOP('',(#5319,#5327,#5333,#5334));
#5319 = ORIENTED_EDGE('',*,*,#5320,.T.);
#5320 = EDGE_CURVE('',#5268,#5321,#5323,.T.);
#5321 = VERTEX_POINT('',#5322);
#5322 = CARTESIAN_POINT('',(81.75,148.,60.));
#5323 = LINE('',#5324,#5325);
#5324 = CARTESIAN_POINT('',(78.4375,148.,63.3125));
#5325 = VECTOR('',#5326,1.);
#5326 = DIRECTION('',(-0.707106781187,-0.,0.707106781187));
#5327 = ORIENTED_EDGE('',*,*,#5328,.T.);
#5328 = EDGE_CURVE('',#5321,#789,#5329,.T.);
#5329 = LINE('',#5330,#5331);
#5330 = CARTESIAN_POINT('',(81.75,146.,60.));
#5331 = VECTOR('',#5332,1.);
#5332 = DIRECTION('',(0.,1.,0.));
#5333 = ORIENTED_EDGE('',*,*,#788,.F.);
#5334 = ORIENTED_EDGE('',*,*,#5275,.F.);
#5335 = PLANE('',#5336);
#5336 = AXIS2_PLACEMENT_3D('',#5337,#5338,#5339);
#5337 = CARTESIAN_POINT('',(81.75,146.,60.));
#5338 = DIRECTION('',(-0.707106781187,0.,-0.707106781187));
#5339 = DIRECTION('',(0.707106781187,0.,-0.707106781187));
#5340 = ADVANCED_FACE('',(#5341),#5352,.T.);
#5341 = FACE_BOUND('',#5342,.T.);
#5342 = EDGE_LOOP('',(#5343,#5349,#5350,#5351));
#5343 = ORIENTED_EDGE('',*,*,#5344,.T.);
#5344 = EDGE_CURVE('',#5321,#5297,#5345,.T.);
#5345 = LINE('',#5346,#5347);
#5346 = CARTESIAN_POINT('',(49.4375,148.,27.6875));
#5347 = VECTOR('',#5348,1.);
#5348 = DIRECTION('',(-0.707106781187,0.,-0.707106781187));
#5349 = ORIENTED_EDGE('',*,*,#5306,.T.);
#5350 = ORIENTED_EDGE('',*,*,#796,.F.);
#5351 = ORIENTED_EDGE('',*,*,#5328,.F.);
#5352 = PLANE('',#5353);
#5353 = AXIS2_PLACEMENT_3D('',#5354,#5355,#5356);
#5354 = CARTESIAN_POINT('',(72.25,146.,50.5));
#5355 = DIRECTION('',(0.707106781187,0.,-0.707106781187));
#5356 = DIRECTION('',(0.707106781187,0.,0.707106781187));
#5357 = ADVANCED_FACE('',(#5358),#5383,.T.);
#5358 = FACE_BOUND('',#5359,.T.);
#5359 = EDGE_LOOP('',(#5360,#5370,#5376,#5377));
#5360 = ORIENTED_EDGE('',*,*,#5361,.T.);
#5361 = EDGE_CURVE('',#5362,#5364,#5366,.T.);
#5362 = VERTEX_POINT('',#5363);
#5363 = CARTESIAN_POINT('',(70.5,148.,63.5));
#5364 = VERTEX_POINT('',#5365);
#5365 = CARTESIAN_POINT('',(80.,148.,73.));
#5366 = LINE('',#5367,#5368);
#5367 = CARTESIAN_POINT('',(49.625,148.,42.625));
#5368 = VECTOR('',#5369,1.);
#5369 = DIRECTION('',(0.707106781187,0.,0.707106781187));
#5370 = ORIENTED_EDGE('',*,*,#5371,.T.);
#5371 = EDGE_CURVE('',#5364,#815,#5372,.T.);
#5372 = LINE('',#5373,#5374);
#5373 = CARTESIAN_POINT('',(80.,146.,73.));
#5374 = VECTOR('',#5375,1.);
#5375 = DIRECTION('',(0.,1.,0.));
#5376 = ORIENTED_EDGE('',*,*,#812,.F.);
#5377 = ORIENTED_EDGE('',*,*,#5378,.F.);
#5378 = EDGE_CURVE('',#5362,#813,#5379,.T.);
#5379 = LINE('',#5380,#5381);
#5380 = CARTESIAN_POINT('',(70.5,146.,63.5));
#5381 = VECTOR('',#5382,1.);
#5382 = DIRECTION('',(0.,1.,0.));
#5383 = PLANE('',#5384);
#5384 = AXIS2_PLACEMENT_3D('',#5385,#5386,#5387);
#5385 = CARTESIAN_POINT('',(80.,146.,73.));
#5386 = DIRECTION('',(-0.707106781187,0.,0.707106781187));
#5387 = DIRECTION('',(-0.707106781187,0.,-0.707106781187));
#5388 = ADVANCED_FACE('',(#5389),#5407,.T.);
#5389 = FACE_BOUND('',#5390,.T.);
#5390 = EDGE_LOOP('',(#5391,#5399,#5400,#5401));
#5391 = ORIENTED_EDGE('',*,*,#5392,.T.);
#5392 = EDGE_CURVE('',#5393,#5362,#5395,.T.);
#5393 = VERTEX_POINT('',#5394);
#5394 = CARTESIAN_POINT('',(61.,148.,73.));
#5395 = LINE('',#5396,#5397);
#5396 = CARTESIAN_POINT('',(70.875,148.,63.125));
#5397 = VECTOR('',#5398,1.);
#5398 = DIRECTION('',(0.707106781187,0.,-0.707106781187));
#5399 = ORIENTED_EDGE('',*,*,#5378,.T.);
#5400 = ORIENTED_EDGE('',*,*,#838,.F.);
#5401 = ORIENTED_EDGE('',*,*,#5402,.F.);
#5402 = EDGE_CURVE('',#5393,#831,#5403,.T.);
#5403 = LINE('',#5404,#5405);
#5404 = CARTESIAN_POINT('',(61.,146.,73.));
#5405 = VECTOR('',#5406,1.);
#5406 = DIRECTION('',(0.,1.,0.));
#5407 = PLANE('',#5408);
#5408 = AXIS2_PLACEMENT_3D('',#5409,#5410,#5411);
#5409 = CARTESIAN_POINT('',(70.5,146.,63.5));
#5410 = DIRECTION('',(0.707106781187,-0.,0.707106781187));
#5411 = DIRECTION('',(-0.707106781187,0.,0.707106781187));
#5412 = ADVANCED_FACE('',(#5413),#5431,.T.);
#5413 = FACE_BOUND('',#5414,.T.);
#5414 = EDGE_LOOP('',(#5415,#5423,#5429,#5430));
#5415 = ORIENTED_EDGE('',*,*,#5416,.T.);
#5416 = EDGE_CURVE('',#5364,#5417,#5419,.T.);
#5417 = VERTEX_POINT('',#5418);
#5418 = CARTESIAN_POINT('',(70.5,148.,82.5));
#5419 = LINE('',#5420,#5421);
#5420 = CARTESIAN_POINT('',(75.625,148.,77.375));
#5421 = VECTOR('',#5422,1.);
#5422 = DIRECTION('',(-0.707106781187,-0.,0.707106781187));
#5423 = ORIENTED_EDGE('',*,*,#5424,.T.);
#5424 = EDGE_CURVE('',#5417,#823,#5425,.T.);
#5425 = LINE('',#5426,#5427);
#5426 = CARTESIAN_POINT('',(70.5,146.,82.5));
#5427 = VECTOR('',#5428,1.);
#5428 = DIRECTION('',(0.,1.,0.));
#5429 = ORIENTED_EDGE('',*,*,#822,.F.);
#5430 = ORIENTED_EDGE('',*,*,#5371,.F.);
#5431 = PLANE('',#5432);
#5432 = AXIS2_PLACEMENT_3D('',#5433,#5434,#5435);
#5433 = CARTESIAN_POINT('',(70.5,146.,82.5));
#5434 = DIRECTION('',(-0.707106781187,0.,-0.707106781187));
#5435 = DIRECTION('',(0.707106781187,0.,-0.707106781187));
#5436 = ADVANCED_FACE('',(#5437),#5448,.T.);
#5437 = FACE_BOUND('',#5438,.T.);
#5438 = EDGE_LOOP('',(#5439,#5445,#5446,#5447));
#5439 = ORIENTED_EDGE('',*,*,#5440,.T.);
#5440 = EDGE_CURVE('',#5417,#5393,#5441,.T.);
#5441 = LINE('',#5442,#5443);
#5442 = CARTESIAN_POINT('',(35.375,148.,47.375));
#5443 = VECTOR('',#5444,1.);
#5444 = DIRECTION('',(-0.707106781187,0.,-0.707106781187));
#5445 = ORIENTED_EDGE('',*,*,#5402,.T.);
#5446 = ORIENTED_EDGE('',*,*,#830,.F.);
#5447 = ORIENTED_EDGE('',*,*,#5424,.F.);
#5448 = PLANE('',#5449);
#5449 = AXIS2_PLACEMENT_3D('',#5450,#5451,#5452);
#5450 = CARTESIAN_POINT('',(61.,146.,73.));
#5451 = DIRECTION('',(0.707106781187,0.,-0.707106781187));
#5452 = DIRECTION('',(0.707106781187,0.,0.707106781187));
#5453 = ADVANCED_FACE('',(#5454),#5479,.T.);
#5454 = FACE_BOUND('',#5455,.T.);
#5455 = EDGE_LOOP('',(#5456,#5466,#5472,#5473));
#5456 = ORIENTED_EDGE('',*,*,#5457,.T.);
#5457 = EDGE_CURVE('',#5458,#5460,#5462,.T.);
#5458 = VERTEX_POINT('',#5459);
#5459 = CARTESIAN_POINT('',(93.,148.,63.5));
#5460 = VERTEX_POINT('',#5461);
#5461 = CARTESIAN_POINT('',(102.5,148.,73.));
#5462 = LINE('',#5463,#5464);
#5463 = CARTESIAN_POINT('',(66.5,148.,37.));
#5464 = VECTOR('',#5465,1.);
#5465 = DIRECTION('',(0.707106781187,0.,0.707106781187));
#5466 = ORIENTED_EDGE('',*,*,#5467,.T.);
#5467 = EDGE_CURVE('',#5460,#849,#5468,.T.);
#5468 = LINE('',#5469,#5470);
#5469 = CARTESIAN_POINT('',(102.5,146.,73.));
#5470 = VECTOR('',#5471,1.);
#5471 = DIRECTION('',(0.,1.,0.));
#5472 = ORIENTED_EDGE('',*,*,#846,.F.);
#5473 = ORIENTED_EDGE('',*,*,#5474,.F.);
#5474 = EDGE_CURVE('',#5458,#847,#5475,.T.);
#5475 = LINE('',#5476,#5477);
#5476 = CARTESIAN_POINT('',(93.,146.,63.5));
#5477 = VECTOR('',#5478,1.);
#5478 = DIRECTION('',(0.,1.,0.));
#5479 = PLANE('',#5480);
#5480 = AXIS2_PLACEMENT_3D('',#5481,#5482,#5483);
#5481 = CARTESIAN_POINT('',(102.5,146.,73.));
#5482 = DIRECTION('',(-0.707106781187,0.,0.707106781187));
#5483 = DIRECTION('',(-0.707106781187,0.,-0.707106781187));
#5484 = ADVANCED_FACE('',(#5485),#5503,.T.);
#5485 = FACE_BOUND('',#5486,.T.);
#5486 = EDGE_LOOP('',(#5487,#5495,#5496,#5497));
#5487 = ORIENTED_EDGE('',*,*,#5488,.T.);
#5488 = EDGE_CURVE('',#5489,#5458,#5491,.T.);
#5489 = VERTEX_POINT('',#5490);
#5490 = CARTESIAN_POINT('',(83.5,148.,73.));
#5491 = LINE('',#5492,#5493);
#5492 = CARTESIAN_POINT('',(87.75,148.,68.75));
#5493 = VECTOR('',#5494,1.);
#5494 = DIRECTION('',(0.707106781187,0.,-0.707106781187));
#5495 = ORIENTED_EDGE('',*,*,#5474,.T.);
#5496 = ORIENTED_EDGE('',*,*,#872,.F.);
#5497 = ORIENTED_EDGE('',*,*,#5498,.F.);
#5498 = EDGE_CURVE('',#5489,#865,#5499,.T.);
#5499 = LINE('',#5500,#5501);
#5500 = CARTESIAN_POINT('',(83.5,146.,73.));
#5501 = VECTOR('',#5502,1.);
#5502 = DIRECTION('',(0.,1.,0.));
#5503 = PLANE('',#5504);
#5504 = AXIS2_PLACEMENT_3D('',#5505,#5506,#5507);
#5505 = CARTESIAN_POINT('',(93.,146.,63.5));
#5506 = DIRECTION('',(0.707106781187,-0.,0.707106781187));
#5507 = DIRECTION('',(-0.707106781187,0.,0.707106781187));
#5508 = ADVANCED_FACE('',(#5509),#5527,.T.);
#5509 = FACE_BOUND('',#5510,.T.);
#5510 = EDGE_LOOP('',(#5511,#5519,#5525,#5526));
#5511 = ORIENTED_EDGE('',*,*,#5512,.T.);
#5512 = EDGE_CURVE('',#5460,#5513,#5515,.T.);
#5513 = VERTEX_POINT('',#5514);
#5514 = CARTESIAN_POINT('',(93.,148.,82.5));
#5515 = LINE('',#5516,#5517);
#5516 = CARTESIAN_POINT('',(92.5,148.,83.));
#5517 = VECTOR('',#5518,1.);
#5518 = DIRECTION('',(-0.707106781187,-0.,0.707106781187));
#5519 = ORIENTED_EDGE('',*,*,#5520,.T.);
#5520 = EDGE_CURVE('',#5513,#857,#5521,.T.);
#5521 = LINE('',#5522,#5523);
#5522 = CARTESIAN_POINT('',(93.,146.,82.5));
#5523 = VECTOR('',#5524,1.);
#5524 = DIRECTION('',(0.,1.,0.));
#5525 = ORIENTED_EDGE('',*,*,#856,.F.);
#5526 = ORIENTED_EDGE('',*,*,#5467,.F.);
#5527 = PLANE('',#5528);
#5528 = AXIS2_PLACEMENT_3D('',#5529,#5530,#5531);
#5529 = CARTESIAN_POINT('',(93.,146.,82.5));
#5530 = DIRECTION('',(-0.707106781187,0.,-0.707106781187));
#5531 = DIRECTION('',(0.707106781187,0.,-0.707106781187));
#5532 = ADVANCED_FACE('',(#5533),#5544,.T.);
#5533 = FACE_BOUND('',#5534,.T.);
#5534 = EDGE_LOOP('',(#5535,#5541,#5542,#5543));
#5535 = ORIENTED_EDGE('',*,*,#5536,.T.);
#5536 = EDGE_CURVE('',#5513,#5489,#5537,.T.);
#5537 = LINE('',#5538,#5539);
#5538 = CARTESIAN_POINT('',(52.25,148.,41.75));
#5539 = VECTOR('',#5540,1.);
#5540 = DIRECTION('',(-0.707106781187,0.,-0.707106781187));
#5541 = ORIENTED_EDGE('',*,*,#5498,.T.);
#5542 = ORIENTED_EDGE('',*,*,#864,.F.);
#5543 = ORIENTED_EDGE('',*,*,#5520,.F.);
#5544 = PLANE('',#5545);
#5545 = AXIS2_PLACEMENT_3D('',#5546,#5547,#5548);
#5546 = CARTESIAN_POINT('',(83.5,146.,73.));
#5547 = DIRECTION('',(0.707106781187,0.,-0.707106781187));
#5548 = DIRECTION('',(0.707106781187,0.,0.707106781187));
#5549 = ADVANCED_FACE('',(#5550),#5575,.T.);
#5550 = FACE_BOUND('',#5551,.T.);
#5551 = EDGE_LOOP('',(#5552,#5562,#5568,#5569));
#5552 = ORIENTED_EDGE('',*,*,#5553,.T.);
#5553 = EDGE_CURVE('',#5554,#5556,#5558,.T.);
#5554 = VERTEX_POINT('',#5555);
#5555 = CARTESIAN_POINT('',(59.25,148.,86.));
#5556 = VERTEX_POINT('',#5557);
#5557 = CARTESIAN_POINT('',(68.75,148.,95.5));
#5558 = LINE('',#5559,#5560);
#5559 = CARTESIAN_POINT('',(35.5625,148.,62.3125));
#5560 = VECTOR('',#5561,1.);
#5561 = DIRECTION('',(0.707106781187,0.,0.707106781187));
#5562 = ORIENTED_EDGE('',*,*,#5563,.T.);
#5563 = EDGE_CURVE('',#5556,#883,#5564,.T.);
#5564 = LINE('',#5565,#5566);
#5565 = CARTESIAN_POINT('',(68.75,146.,95.5));
#5566 = VECTOR('',#5567,1.);
#5567 = DIRECTION('',(0.,1.,0.));
#5568 = ORIENTED_EDGE('',*,*,#880,.F.);
#5569 = ORIENTED_EDGE('',*,*,#5570,.F.);
#5570 = EDGE_CURVE('',#5554,#881,#5571,.T.);
#5571 = LINE('',#5572,#5573);
#5572 = CARTESIAN_POINT('',(59.25,146.,86.));
#5573 = VECTOR('',#5574,1.);
#5574 = DIRECTION('',(0.,1.,0.));
#5575 = PLANE('',#5576);
#5576 = AXIS2_PLACEMENT_3D('',#5577,#5578,#5579);
#5577 = CARTESIAN_POINT('',(68.75,146.,95.5));
#5578 = DIRECTION('',(-0.707106781187,0.,0.707106781187));
#5579 = DIRECTION('',(-0.707106781187,0.,-0.707106781187));
#5580 = ADVANCED_FACE('',(#5581),#5599,.T.);
#5581 = FACE_BOUND('',#5582,.T.);
#5582 = EDGE_LOOP('',(#5583,#5591,#5592,#5593));
#5583 = ORIENTED_EDGE('',*,*,#5584,.T.);
#5584 = EDGE_CURVE('',#5585,#5554,#5587,.T.);
#5585 = VERTEX_POINT('',#5586);
#5586 = CARTESIAN_POINT('',(49.75,148.,95.5));
#5587 = LINE('',#5588,#5589);
#5588 = CARTESIAN_POINT('',(68.0625,148.,77.1875));
#5589 = VECTOR('',#5590,1.);
#5590 = DIRECTION('',(0.707106781187,0.,-0.707106781187));
#5591 = ORIENTED_EDGE('',*,*,#5570,.T.);
#5592 = ORIENTED_EDGE('',*,*,#906,.F.);
#5593 = ORIENTED_EDGE('',*,*,#5594,.F.);
#5594 = EDGE_CURVE('',#5585,#899,#5595,.T.);
#5595 = LINE('',#5596,#5597);
#5596 = CARTESIAN_POINT('',(49.75,146.,95.5));
#5597 = VECTOR('',#5598,1.);
#5598 = DIRECTION('',(0.,1.,0.));
#5599 = PLANE('',#5600);
#5600 = AXIS2_PLACEMENT_3D('',#5601,#5602,#5603);
#5601 = CARTESIAN_POINT('',(59.25,146.,86.));
#5602 = DIRECTION('',(0.707106781187,-0.,0.707106781187));
#5603 = DIRECTION('',(-0.707106781187,0.,0.707106781187));
#5604 = ADVANCED_FACE('',(#5605),#5623,.T.);
#5605 = FACE_BOUND('',#5606,.T.);
#5606 = EDGE_LOOP('',(#5607,#5615,#5621,#5622));
#5607 = ORIENTED_EDGE('',*,*,#5608,.T.);
#5608 = EDGE_CURVE('',#5556,#5609,#5611,.T.);
#5609 = VERTEX_POINT('',#5610);
#5610 = CARTESIAN_POINT('',(59.25,148.,105.));
#5611 = LINE('',#5612,#5613);
#5612 = CARTESIAN_POINT('',(72.8125,148.,91.4375));
#5613 = VECTOR('',#5614,1.);
#5614 = DIRECTION('',(-0.707106781187,-0.,0.707106781187));
#5615 = ORIENTED_EDGE('',*,*,#5616,.T.);
#5616 = EDGE_CURVE('',#5609,#891,#5617,.T.);
#5617 = LINE('',#5618,#5619);
#5618 = CARTESIAN_POINT('',(59.25,146.,105.));
#5619 = VECTOR('',#5620,1.);
#5620 = DIRECTION('',(0.,1.,0.));
#5621 = ORIENTED_EDGE('',*,*,#890,.F.);
#5622 = ORIENTED_EDGE('',*,*,#5563,.F.);
#5623 = PLANE('',#5624);
#5624 = AXIS2_PLACEMENT_3D('',#5625,#5626,#5627);
#5625 = CARTESIAN_POINT('',(59.25,146.,105.));
#5626 = DIRECTION('',(-0.707106781187,0.,-0.707106781187));
#5627 = DIRECTION('',(0.707106781187,0.,-0.707106781187));
#5628 = ADVANCED_FACE('',(#5629),#5640,.T.);
#5629 = FACE_BOUND('',#5630,.T.);
#5630 = EDGE_LOOP('',(#5631,#5637,#5638,#5639));
#5631 = ORIENTED_EDGE('',*,*,#5632,.T.);
#5632 = EDGE_CURVE('',#5609,#5585,#5633,.T.);
#5633 = LINE('',#5634,#5635);
#5634 = CARTESIAN_POINT('',(21.3125,148.,67.0625));
#5635 = VECTOR('',#5636,1.);
#5636 = DIRECTION('',(-0.707106781187,0.,-0.707106781187));
#5637 = ORIENTED_EDGE('',*,*,#5594,.T.);
#5638 = ORIENTED_EDGE('',*,*,#898,.F.);
#5639 = ORIENTED_EDGE('',*,*,#5616,.F.);
#5640 = PLANE('',#5641);
#5641 = AXIS2_PLACEMENT_3D('',#5642,#5643,#5644);
#5642 = CARTESIAN_POINT('',(49.75,146.,95.5));
#5643 = DIRECTION('',(0.707106781187,0.,-0.707106781187));
#5644 = DIRECTION('',(0.707106781187,0.,0.707106781187));
#5645 = ADVANCED_FACE('',(#5646),#5671,.T.);
#5646 = FACE_BOUND('',#5647,.T.);
#5647 = EDGE_LOOP('',(#5648,#5658,#5664,#5665));
#5648 = ORIENTED_EDGE('',*,*,#5649,.T.);
#5649 = EDGE_CURVE('',#5650,#5652,#5654,.T.);
#5650 = VERTEX_POINT('',#5651);
#5651 = CARTESIAN_POINT('',(48.,148.,108.5));
#5652 = VERTEX_POINT('',#5653);
#5653 = CARTESIAN_POINT('',(57.5,148.,118.));
#5654 = LINE('',#5655,#5656);
#5655 = CARTESIAN_POINT('',(21.5,148.,82.));
#5656 = VECTOR('',#5657,1.);
#5657 = DIRECTION('',(0.707106781187,0.,0.707106781187));
#5658 = ORIENTED_EDGE('',*,*,#5659,.T.);
#5659 = EDGE_CURVE('',#5652,#917,#5660,.T.);
#5660 = LINE('',#5661,#5662);
#5661 = CARTESIAN_POINT('',(57.5,146.,118.));
#5662 = VECTOR('',#5663,1.);
#5663 = DIRECTION('',(0.,1.,0.));
#5664 = ORIENTED_EDGE('',*,*,#914,.F.);
#5665 = ORIENTED_EDGE('',*,*,#5666,.F.);
#5666 = EDGE_CURVE('',#5650,#915,#5667,.T.);
#5667 = LINE('',#5668,#5669);
#5668 = CARTESIAN_POINT('',(48.,146.,108.5));
#5669 = VECTOR('',#5670,1.);
#5670 = DIRECTION('',(0.,1.,0.));
#5671 = PLANE('',#5672);
#5672 = AXIS2_PLACEMENT_3D('',#5673,#5674,#5675);
#5673 = CARTESIAN_POINT('',(57.5,146.,118.));
#5674 = DIRECTION('',(-0.707106781187,0.,0.707106781187));
#5675 = DIRECTION('',(-0.707106781187,0.,-0.707106781187));
#5676 = ADVANCED_FACE('',(#5677),#5695,.T.);
#5677 = FACE_BOUND('',#5678,.T.);
#5678 = EDGE_LOOP('',(#5679,#5687,#5688,#5689));
#5679 = ORIENTED_EDGE('',*,*,#5680,.T.);
#5680 = EDGE_CURVE('',#5681,#5650,#5683,.T.);
#5681 = VERTEX_POINT('',#5682);
#5682 = CARTESIAN_POINT('',(38.5,148.,118.));
#5683 = LINE('',#5684,#5685);
#5684 = CARTESIAN_POINT('',(65.25,148.,91.25));
#5685 = VECTOR('',#5686,1.);
#5686 = DIRECTION('',(0.707106781187,0.,-0.707106781187));
#5687 = ORIENTED_EDGE('',*,*,#5666,.T.);
#5688 = ORIENTED_EDGE('',*,*,#940,.F.);
#5689 = ORIENTED_EDGE('',*,*,#5690,.F.);
#5690 = EDGE_CURVE('',#5681,#933,#5691,.T.);
#5691 = LINE('',#5692,#5693);
#5692 = CARTESIAN_POINT('',(38.5,146.,118.));
#5693 = VECTOR('',#5694,1.);
#5694 = DIRECTION('',(0.,1.,0.));
#5695 = PLANE('',#5696);
#5696 = AXIS2_PLACEMENT_3D('',#5697,#5698,#5699);
#5697 = CARTESIAN_POINT('',(48.,146.,108.5));
#5698 = DIRECTION('',(0.707106781187,-0.,0.707106781187));
#5699 = DIRECTION('',(-0.707106781187,0.,0.707106781187));
#5700 = ADVANCED_FACE('',(#5701),#5719,.T.);
#5701 = FACE_BOUND('',#5702,.T.);
#5702 = EDGE_LOOP('',(#5703,#5711,#5717,#5718));
#5703 = ORIENTED_EDGE('',*,*,#5704,.T.);
#5704 = EDGE_CURVE('',#5652,#5705,#5707,.T.);
#5705 = VERTEX_POINT('',#5706);
#5706 = CARTESIAN_POINT('',(48.,148.,127.5));
#5707 = LINE('',#5708,#5709);
#5708 = CARTESIAN_POINT('',(70.,148.,105.5));
#5709 = VECTOR('',#5710,1.);
#5710 = DIRECTION('',(-0.707106781187,-0.,0.707106781187));
#5711 = ORIENTED_EDGE('',*,*,#5712,.T.);
#5712 = EDGE_CURVE('',#5705,#925,#5713,.T.);
#5713 = LINE('',#5714,#5715);
#5714 = CARTESIAN_POINT('',(48.,146.,127.5));
#5715 = VECTOR('',#5716,1.);
#5716 = DIRECTION('',(0.,1.,0.));
#5717 = ORIENTED_EDGE('',*,*,#924,.F.);
#5718 = ORIENTED_EDGE('',*,*,#5659,.F.);
#5719 = PLANE('',#5720);
#5720 = AXIS2_PLACEMENT_3D('',#5721,#5722,#5723);
#5721 = CARTESIAN_POINT('',(48.,146.,127.5));
#5722 = DIRECTION('',(-0.707106781187,0.,-0.707106781187));
#5723 = DIRECTION('',(0.707106781187,0.,-0.707106781187));
#5724 = ADVANCED_FACE('',(#5725),#5736,.T.);
#5725 = FACE_BOUND('',#5726,.T.);
#5726 = EDGE_LOOP('',(#5727,#5733,#5734,#5735));
#5727 = ORIENTED_EDGE('',*,*,#5728,.T.);
#5728 = EDGE_CURVE('',#5705,#5681,#5729,.T.);
#5729 = LINE('',#5730,#5731);
#5730 = CARTESIAN_POINT('',(7.25,148.,86.75));
#5731 = VECTOR('',#5732,1.);
#5732 = DIRECTION('',(-0.707106781187,0.,-0.707106781187));
#5733 = ORIENTED_EDGE('',*,*,#5690,.T.);
#5734 = ORIENTED_EDGE('',*,*,#932,.F.);
#5735 = ORIENTED_EDGE('',*,*,#5712,.F.);
#5736 = PLANE('',#5737);
#5737 = AXIS2_PLACEMENT_3D('',#5738,#5739,#5740);
#5738 = CARTESIAN_POINT('',(38.5,146.,118.));
#5739 = DIRECTION('',(0.707106781187,0.,-0.707106781187));
#5740 = DIRECTION('',(0.707106781187,0.,0.707106781187));
#5741 = ADVANCED_FACE('',(#5742),#5767,.T.);
#5742 = FACE_BOUND('',#5743,.T.);
#5743 = EDGE_LOOP('',(#5744,#5754,#5760,#5761));
#5744 = ORIENTED_EDGE('',*,*,#5745,.T.);
#5745 = EDGE_CURVE('',#5746,#5748,#5750,.T.);
#5746 = VERTEX_POINT('',#5747);
#5747 = CARTESIAN_POINT('',(81.75,148.,86.));
#5748 = VERTEX_POINT('',#5749);
#5749 = CARTESIAN_POINT('',(91.25,148.,95.5));
#5750 = LINE('',#5751,#5752);
#5751 = CARTESIAN_POINT('',(52.4375,148.,56.6875));
#5752 = VECTOR('',#5753,1.);
#5753 = DIRECTION('',(0.707106781187,0.,0.707106781187));
#5754 = ORIENTED_EDGE('',*,*,#5755,.T.);
#5755 = EDGE_CURVE('',#5748,#951,#5756,.T.);
#5756 = LINE('',#5757,#5758);
#5757 = CARTESIAN_POINT('',(91.25,146.,95.5));
#5758 = VECTOR('',#5759,1.);
#5759 = DIRECTION('',(0.,1.,0.));
#5760 = ORIENTED_EDGE('',*,*,#948,.F.);
#5761 = ORIENTED_EDGE('',*,*,#5762,.F.);
#5762 = EDGE_CURVE('',#5746,#949,#5763,.T.);
#5763 = LINE('',#5764,#5765);
#5764 = CARTESIAN_POINT('',(81.75,146.,86.));
#5765 = VECTOR('',#5766,1.);
#5766 = DIRECTION('',(0.,1.,0.));
#5767 = PLANE('',#5768);
#5768 = AXIS2_PLACEMENT_3D('',#5769,#5770,#5771);
#5769 = CARTESIAN_POINT('',(91.25,146.,95.5));
#5770 = DIRECTION('',(-0.707106781187,0.,0.707106781187));
#5771 = DIRECTION('',(-0.707106781187,0.,-0.707106781187));
#5772 = ADVANCED_FACE('',(#5773),#5791,.T.);
#5773 = FACE_BOUND('',#5774,.T.);
#5774 = EDGE_LOOP('',(#5775,#5783,#5784,#5785));
#5775 = ORIENTED_EDGE('',*,*,#5776,.T.);
#5776 = EDGE_CURVE('',#5777,#5746,#5779,.T.);
#5777 = VERTEX_POINT('',#5778);
#5778 = CARTESIAN_POINT('',(72.25,148.,95.5));
#5779 = LINE('',#5780,#5781);
#5780 = CARTESIAN_POINT('',(84.9375,148.,82.8125));
#5781 = VECTOR('',#5782,1.);
#5782 = DIRECTION('',(0.707106781187,0.,-0.707106781187));
#5783 = ORIENTED_EDGE('',*,*,#5762,.T.);
#5784 = ORIENTED_EDGE('',*,*,#974,.F.);
#5785 = ORIENTED_EDGE('',*,*,#5786,.F.);
#5786 = EDGE_CURVE('',#5777,#967,#5787,.T.);
#5787 = LINE('',#5788,#5789);
#5788 = CARTESIAN_POINT('',(72.25,146.,95.5));
#5789 = VECTOR('',#5790,1.);
#5790 = DIRECTION('',(0.,1.,0.));
#5791 = PLANE('',#5792);
#5792 = AXIS2_PLACEMENT_3D('',#5793,#5794,#5795);
#5793 = CARTESIAN_POINT('',(81.75,146.,86.));
#5794 = DIRECTION('',(0.707106781187,-0.,0.707106781187));
#5795 = DIRECTION('',(-0.707106781187,0.,0.707106781187));
#5796 = ADVANCED_FACE('',(#5797),#5815,.T.);
#5797 = FACE_BOUND('',#5798,.T.);
#5798 = EDGE_LOOP('',(#5799,#5807,#5813,#5814));
#5799 = ORIENTED_EDGE('',*,*,#5800,.T.);
#5800 = EDGE_CURVE('',#5748,#5801,#5803,.T.);
#5801 = VERTEX_POINT('',#5802);
#5802 = CARTESIAN_POINT('',(81.75,148.,105.));
#5803 = LINE('',#5804,#5805);
#5804 = CARTESIAN_POINT('',(89.6875,148.,97.0625));
#5805 = VECTOR('',#5806,1.);
#5806 = DIRECTION('',(-0.707106781187,-0.,0.707106781187));
#5807 = ORIENTED_EDGE('',*,*,#5808,.T.);
#5808 = EDGE_CURVE('',#5801,#959,#5809,.T.);
#5809 = LINE('',#5810,#5811);
#5810 = CARTESIAN_POINT('',(81.75,146.,105.));
#5811 = VECTOR('',#5812,1.);
#5812 = DIRECTION('',(0.,1.,0.));
#5813 = ORIENTED_EDGE('',*,*,#958,.F.);
#5814 = ORIENTED_EDGE('',*,*,#5755,.F.);
#5815 = PLANE('',#5816);
#5816 = AXIS2_PLACEMENT_3D('',#5817,#5818,#5819);
#5817 = CARTESIAN_POINT('',(81.75,146.,105.));
#5818 = DIRECTION('',(-0.707106781187,0.,-0.707106781187));
#5819 = DIRECTION('',(0.707106781187,0.,-0.707106781187));
#5820 = ADVANCED_FACE('',(#5821),#5832,.T.);
#5821 = FACE_BOUND('',#5822,.T.);
#5822 = EDGE_LOOP('',(#5823,#5829,#5830,#5831));
#5823 = ORIENTED_EDGE('',*,*,#5824,.T.);
#5824 = EDGE_CURVE('',#5801,#5777,#5825,.T.);
#5825 = LINE('',#5826,#5827);
#5826 = CARTESIAN_POINT('',(38.1875,148.,61.4375));
#5827 = VECTOR('',#5828,1.);
#5828 = DIRECTION('',(-0.707106781187,0.,-0.707106781187));
#5829 = ORIENTED_EDGE('',*,*,#5786,.T.);
#5830 = ORIENTED_EDGE('',*,*,#966,.F.);
#5831 = ORIENTED_EDGE('',*,*,#5808,.F.);
#5832 = PLANE('',#5833);
#5833 = AXIS2_PLACEMENT_3D('',#5834,#5835,#5836);
#5834 = CARTESIAN_POINT('',(72.25,146.,95.5));
#5835 = DIRECTION('',(0.707106781187,0.,-0.707106781187));
#5836 = DIRECTION('',(0.707106781187,0.,0.707106781187));
#5837 = ADVANCED_FACE('',(#5838),#5863,.T.);
#5838 = FACE_BOUND('',#5839,.T.);
#5839 = EDGE_LOOP('',(#5840,#5850,#5856,#5857));
#5840 = ORIENTED_EDGE('',*,*,#5841,.T.);
#5841 = EDGE_CURVE('',#5842,#5844,#5846,.T.);
#5842 = VERTEX_POINT('',#5843);
#5843 = CARTESIAN_POINT('',(70.5,148.,108.5));
#5844 = VERTEX_POINT('',#5845);
#5845 = CARTESIAN_POINT('',(80.,148.,118.));
#5846 = LINE('',#5847,#5848);
#5847 = CARTESIAN_POINT('',(38.375,148.,76.375));
#5848 = VECTOR('',#5849,1.);
#5849 = DIRECTION('',(0.707106781187,0.,0.707106781187));
#5850 = ORIENTED_EDGE('',*,*,#5851,.T.);
#5851 = EDGE_CURVE('',#5844,#985,#5852,.T.);
#5852 = LINE('',#5853,#5854);
#5853 = CARTESIAN_POINT('',(80.,146.,118.));
#5854 = VECTOR('',#5855,1.);
#5855 = DIRECTION('',(0.,1.,0.));
#5856 = ORIENTED_EDGE('',*,*,#982,.F.);
#5857 = ORIENTED_EDGE('',*,*,#5858,.F.);
#5858 = EDGE_CURVE('',#5842,#983,#5859,.T.);
#5859 = LINE('',#5860,#5861);
#5860 = CARTESIAN_POINT('',(70.5,146.,108.5));
#5861 = VECTOR('',#5862,1.);
#5862 = DIRECTION('',(0.,1.,0.));
#5863 = PLANE('',#5864);
#5864 = AXIS2_PLACEMENT_3D('',#5865,#5866,#5867);
#5865 = CARTESIAN_POINT('',(80.,146.,118.));
#5866 = DIRECTION('',(-0.707106781187,0.,0.707106781187));
#5867 = DIRECTION('',(-0.707106781187,0.,-0.707106781187));
#5868 = ADVANCED_FACE('',(#5869),#5887,.T.);
#5869 = FACE_BOUND('',#5870,.T.);
#5870 = EDGE_LOOP('',(#5871,#5879,#5880,#5881));
#5871 = ORIENTED_EDGE('',*,*,#5872,.T.);
#5872 = EDGE_CURVE('',#5873,#5842,#5875,.T.);
#5873 = VERTEX_POINT('',#5874);
#5874 = CARTESIAN_POINT('',(61.,148.,118.));
#5875 = LINE('',#5876,#5877);
#5876 = CARTESIAN_POINT('',(82.125,148.,96.875));
#5877 = VECTOR('',#5878,1.);
#5878 = DIRECTION('',(0.707106781187,0.,-0.707106781187));
#5879 = ORIENTED_EDGE('',*,*,#5858,.T.);
#5880 = ORIENTED_EDGE('',*,*,#1008,.F.);
#5881 = ORIENTED_EDGE('',*,*,#5882,.F.);
#5882 = EDGE_CURVE('',#5873,#1001,#5883,.T.);
#5883 = LINE('',#5884,#5885);
#5884 = CARTESIAN_POINT('',(61.,146.,118.));
#5885 = VECTOR('',#5886,1.);
#5886 = DIRECTION('',(0.,1.,0.));
#5887 = PLANE('',#5888);
#5888 = AXIS2_PLACEMENT_3D('',#5889,#5890,#5891);
#5889 = CARTESIAN_POINT('',(70.5,146.,108.5));
#5890 = DIRECTION('',(0.707106781187,-0.,0.707106781187));
#5891 = DIRECTION('',(-0.707106781187,0.,0.707106781187));
#5892 = ADVANCED_FACE('',(#5893),#5911,.T.);
#5893 = FACE_BOUND('',#5894,.T.);
#5894 = EDGE_LOOP('',(#5895,#5903,#5909,#5910));
#5895 = ORIENTED_EDGE('',*,*,#5896,.T.);
#5896 = EDGE_CURVE('',#5844,#5897,#5899,.T.);
#5897 = VERTEX_POINT('',#5898);
#5898 = CARTESIAN_POINT('',(70.5,148.,127.5));
#5899 = LINE('',#5900,#5901);
#5900 = CARTESIAN_POINT('',(86.875,148.,111.125));
#5901 = VECTOR('',#5902,1.);
#5902 = DIRECTION('',(-0.707106781187,-0.,0.707106781187));
#5903 = ORIENTED_EDGE('',*,*,#5904,.T.);
#5904 = EDGE_CURVE('',#5897,#993,#5905,.T.);
#5905 = LINE('',#5906,#5907);
#5906 = CARTESIAN_POINT('',(70.5,146.,127.5));
#5907 = VECTOR('',#5908,1.);
#5908 = DIRECTION('',(0.,1.,0.));
#5909 = ORIENTED_EDGE('',*,*,#992,.F.);
#5910 = ORIENTED_EDGE('',*,*,#5851,.F.);
#5911 = PLANE('',#5912);
#5912 = AXIS2_PLACEMENT_3D('',#5913,#5914,#5915);
#5913 = CARTESIAN_POINT('',(70.5,146.,127.5));
#5914 = DIRECTION('',(-0.707106781187,0.,-0.707106781187));
#5915 = DIRECTION('',(0.707106781187,0.,-0.707106781187));
#5916 = ADVANCED_FACE('',(#5917),#5928,.T.);
#5917 = FACE_BOUND('',#5918,.T.);
#5918 = EDGE_LOOP('',(#5919,#5925,#5926,#5927));
#5919 = ORIENTED_EDGE('',*,*,#5920,.T.);
#5920 = EDGE_CURVE('',#5897,#5873,#5921,.T.);
#5921 = LINE('',#5922,#5923);
#5922 = CARTESIAN_POINT('',(24.125,148.,81.125));
#5923 = VECTOR('',#5924,1.);
#5924 = DIRECTION('',(-0.707106781187,0.,-0.707106781187));
#5925 = ORIENTED_EDGE('',*,*,#5882,.T.);
#5926 = ORIENTED_EDGE('',*,*,#1000,.F.);
#5927 = ORIENTED_EDGE('',*,*,#5904,.F.);
#5928 = PLANE('',#5929);
#5929 = AXIS2_PLACEMENT_3D('',#5930,#5931,#5932);
#5930 = CARTESIAN_POINT('',(61.,146.,118.));
#5931 = DIRECTION('',(0.707106781187,0.,-0.707106781187));
#5932 = DIRECTION('',(0.707106781187,0.,0.707106781187));
#5933 = ADVANCED_FACE('',(#5934),#5959,.T.);
#5934 = FACE_BOUND('',#5935,.T.);
#5935 = EDGE_LOOP('',(#5936,#5946,#5952,#5953));
#5936 = ORIENTED_EDGE('',*,*,#5937,.T.);
#5937 = EDGE_CURVE('',#5938,#5940,#5942,.T.);
#5938 = VERTEX_POINT('',#5939);
#5939 = CARTESIAN_POINT('',(93.,148.,108.5));
#5940 = VERTEX_POINT('',#5941);
#5941 = CARTESIAN_POINT('',(102.5,148.,118.));
#5942 = LINE('',#5943,#5944);
#5943 = CARTESIAN_POINT('',(55.25,148.,70.75));
#5944 = VECTOR('',#5945,1.);
#5945 = DIRECTION('',(0.707106781187,0.,0.707106781187));
#5946 = ORIENTED_EDGE('',*,*,#5947,.T.);
#5947 = EDGE_CURVE('',#5940,#1019,#5948,.T.);
#5948 = LINE('',#5949,#5950);
#5949 = CARTESIAN_POINT('',(102.5,146.,118.));
#5950 = VECTOR('',#5951,1.);
#5951 = DIRECTION('',(0.,1.,0.));
#5952 = ORIENTED_EDGE('',*,*,#1016,.F.);
#5953 = ORIENTED_EDGE('',*,*,#5954,.F.);
#5954 = EDGE_CURVE('',#5938,#1017,#5955,.T.);
#5955 = LINE('',#5956,#5957);
#5956 = CARTESIAN_POINT('',(93.,146.,108.5));
#5957 = VECTOR('',#5958,1.);
#5958 = DIRECTION('',(0.,1.,0.));
#5959 = PLANE('',#5960);
#5960 = AXIS2_PLACEMENT_3D('',#5961,#5962,#5963);
#5961 = CARTESIAN_POINT('',(102.5,146.,118.));
#5962 = DIRECTION('',(-0.707106781187,0.,0.707106781187));
#5963 = DIRECTION('',(-0.707106781187,0.,-0.707106781187));
#5964 = ADVANCED_FACE('',(#5965),#5983,.T.);
#5965 = FACE_BOUND('',#5966,.T.);
#5966 = EDGE_LOOP('',(#5967,#5975,#5976,#5977));
#5967 = ORIENTED_EDGE('',*,*,#5968,.T.);
#5968 = EDGE_CURVE('',#5969,#5938,#5971,.T.);
#5969 = VERTEX_POINT('',#5970);
#5970 = CARTESIAN_POINT('',(83.5,148.,118.));
#5971 = LINE('',#5972,#5973);
#5972 = CARTESIAN_POINT('',(99.,148.,102.5));
#5973 = VECTOR('',#5974,1.);
#5974 = DIRECTION('',(0.707106781187,0.,-0.707106781187));
#5975 = ORIENTED_EDGE('',*,*,#5954,.T.);
#5976 = ORIENTED_EDGE('',*,*,#1042,.F.);
#5977 = ORIENTED_EDGE('',*,*,#5978,.F.);
#5978 = EDGE_CURVE('',#5969,#1035,#5979,.T.);
#5979 = LINE('',#5980,#5981);
#5980 = CARTESIAN_POINT('',(83.5,146.,118.));
#5981 = VECTOR('',#5982,1.);
#5982 = DIRECTION('',(0.,1.,0.));
#5983 = PLANE('',#5984);
#5984 = AXIS2_PLACEMENT_3D('',#5985,#5986,#5987);
#5985 = CARTESIAN_POINT('',(93.,146.,108.5));
#5986 = DIRECTION('',(0.707106781187,-0.,0.707106781187));
#5987 = DIRECTION('',(-0.707106781187,0.,0.707106781187));
#5988 = ADVANCED_FACE('',(#5989),#6007,.T.);
#5989 = FACE_BOUND('',#5990,.T.);
#5990 = EDGE_LOOP('',(#5991,#5999,#6005,#6006));
#5991 = ORIENTED_EDGE('',*,*,#5992,.T.);
#5992 = EDGE_CURVE('',#5940,#5993,#5995,.T.);
#5993 = VERTEX_POINT('',#5994);
#5994 = CARTESIAN_POINT('',(93.,148.,127.5));
#5995 = LINE('',#5996,#5997);
#5996 = CARTESIAN_POINT('',(103.75,148.,116.75));
#5997 = VECTOR('',#5998,1.);
#5998 = DIRECTION('',(-0.707106781187,-0.,0.707106781187));
#5999 = ORIENTED_EDGE('',*,*,#6000,.T.);
#6000 = EDGE_CURVE('',#5993,#1027,#6001,.T.);
#6001 = LINE('',#6002,#6003);
#6002 = CARTESIAN_POINT('',(93.,146.,127.5));
#6003 = VECTOR('',#6004,1.);
#6004 = DIRECTION('',(0.,1.,0.));
#6005 = ORIENTED_EDGE('',*,*,#1026,.F.);
#6006 = ORIENTED_EDGE('',*,*,#5947,.F.);
#6007 = PLANE('',#6008);
#6008 = AXIS2_PLACEMENT_3D('',#6009,#6010,#6011);
#6009 = CARTESIAN_POINT('',(93.,146.,127.5));
#6010 = DIRECTION('',(-0.707106781187,0.,-0.707106781187));
#6011 = DIRECTION('',(0.707106781187,0.,-0.707106781187));
#6012 = ADVANCED_FACE('',(#6013),#6024,.T.);
#6013 = FACE_BOUND('',#6014,.T.);
#6014 = EDGE_LOOP('',(#6015,#6021,#6022,#6023));
#6015 = ORIENTED_EDGE('',*,*,#6016,.T.);
#6016 = EDGE_CURVE('',#5993,#5969,#6017,.T.);
#6017 = LINE('',#6018,#6019);
#6018 = CARTESIAN_POINT('',(41.,148.,75.5));
#6019 = VECTOR('',#6020,1.);
#6020 = DIRECTION('',(-0.707106781187,0.,-0.707106781187));
#6021 = ORIENTED_EDGE('',*,*,#5978,.T.);
#6022 = ORIENTED_EDGE('',*,*,#1034,.F.);
#6023 = ORIENTED_EDGE('',*,*,#6000,.F.);
#6024 = PLANE('',#6025);
#6025 = AXIS2_PLACEMENT_3D('',#6026,#6027,#6028);
#6026 = CARTESIAN_POINT('',(83.5,146.,118.));
#6027 = DIRECTION('',(0.707106781187,0.,-0.707106781187));
#6028 = DIRECTION('',(0.707106781187,0.,0.707106781187));
#6029 = ADVANCED_FACE('',(#6030),#6055,.T.);
#6030 = FACE_BOUND('',#6031,.T.);
#6031 = EDGE_LOOP('',(#6032,#6042,#6048,#6049));
#6032 = ORIENTED_EDGE('',*,*,#6033,.T.);
#6033 = EDGE_CURVE('',#6034,#6036,#6038,.T.);
#6034 = VERTEX_POINT('',#6035);
#6035 = CARTESIAN_POINT('',(115.5,148.,18.5));
#6036 = VERTEX_POINT('',#6037);
#6037 = CARTESIAN_POINT('',(125.,148.,28.));
#6038 = LINE('',#6039,#6040);
#6039 = CARTESIAN_POINT('',(94.625,148.,-2.375));
#6040 = VECTOR('',#6041,1.);
#6041 = DIRECTION('',(0.707106781187,0.,0.707106781187));
#6042 = ORIENTED_EDGE('',*,*,#6043,.T.);
#6043 = EDGE_CURVE('',#6036,#1053,#6044,.T.);
#6044 = LINE('',#6045,#6046);
#6045 = CARTESIAN_POINT('',(125.,146.,28.));
#6046 = VECTOR('',#6047,1.);
#6047 = DIRECTION('',(0.,1.,0.));
#6048 = ORIENTED_EDGE('',*,*,#1050,.F.);
#6049 = ORIENTED_EDGE('',*,*,#6050,.F.);
#6050 = EDGE_CURVE('',#6034,#1051,#6051,.T.);
#6051 = LINE('',#6052,#6053);
#6052 = CARTESIAN_POINT('',(115.5,146.,18.5));
#6053 = VECTOR('',#6054,1.);
#6054 = DIRECTION('',(0.,1.,0.));
#6055 = PLANE('',#6056);
#6056 = AXIS2_PLACEMENT_3D('',#6057,#6058,#6059);
#6057 = CARTESIAN_POINT('',(125.,146.,28.));
#6058 = DIRECTION('',(-0.707106781187,0.,0.707106781187));
#6059 = DIRECTION('',(-0.707106781187,0.,-0.707106781187));
#6060 = ADVANCED_FACE('',(#6061),#6079,.T.);
#6061 = FACE_BOUND('',#6062,.T.);
#6062 = EDGE_LOOP('',(#6063,#6071,#6072,#6073));
#6063 = ORIENTED_EDGE('',*,*,#6064,.T.);
#6064 = EDGE_CURVE('',#6065,#6034,#6067,.T.);
#6065 = VERTEX_POINT('',#6066);
#6066 = CARTESIAN_POINT('',(106.,148.,28.));
#6067 = LINE('',#6068,#6069);
#6068 = CARTESIAN_POINT('',(93.375,148.,40.625));
#6069 = VECTOR('',#6070,1.);
#6070 = DIRECTION('',(0.707106781187,0.,-0.707106781187));
#6071 = ORIENTED_EDGE('',*,*,#6050,.T.);
#6072 = ORIENTED_EDGE('',*,*,#1076,.F.);
#6073 = ORIENTED_EDGE('',*,*,#6074,.F.);
#6074 = EDGE_CURVE('',#6065,#1069,#6075,.T.);
#6075 = LINE('',#6076,#6077);
#6076 = CARTESIAN_POINT('',(106.,146.,28.));
#6077 = VECTOR('',#6078,1.);
#6078 = DIRECTION('',(0.,1.,0.));
#6079 = PLANE('',#6080);
#6080 = AXIS2_PLACEMENT_3D('',#6081,#6082,#6083);
#6081 = CARTESIAN_POINT('',(115.5,146.,18.5));
#6082 = DIRECTION('',(0.707106781187,-0.,0.707106781187));
#6083 = DIRECTION('',(-0.707106781187,0.,0.707106781187));
#6084 = ADVANCED_FACE('',(#6085),#6103,.T.);
#6085 = FACE_BOUND('',#6086,.T.);
#6086 = EDGE_LOOP('',(#6087,#6095,#6101,#6102));
#6087 = ORIENTED_EDGE('',*,*,#6088,.T.);
#6088 = EDGE_CURVE('',#6036,#6089,#6091,.T.);
#6089 = VERTEX_POINT('',#6090);
#6090 = CARTESIAN_POINT('',(115.5,148.,37.5));
#6091 = LINE('',#6092,#6093);
#6092 = CARTESIAN_POINT('',(98.125,148.,54.875));
#6093 = VECTOR('',#6094,1.);
#6094 = DIRECTION('',(-0.707106781187,-0.,0.707106781187));
#6095 = ORIENTED_EDGE('',*,*,#6096,.T.);
#6096 = EDGE_CURVE('',#6089,#1061,#6097,.T.);
#6097 = LINE('',#6098,#6099);
#6098 = CARTESIAN_POINT('',(115.5,146.,37.5));
#6099 = VECTOR('',#6100,1.);
#6100 = DIRECTION('',(0.,1.,0.));
#6101 = ORIENTED_EDGE('',*,*,#1060,.F.);
#6102 = ORIENTED_EDGE('',*,*,#6043,.F.);
#6103 = PLANE('',#6104);
#6104 = AXIS2_PLACEMENT_3D('',#6105,#6106,#6107);
#6105 = CARTESIAN_POINT('',(115.5,146.,37.5));
#6106 = DIRECTION('',(-0.707106781187,0.,-0.707106781187));
#6107 = DIRECTION('',(0.707106781187,0.,-0.707106781187));
#6108 = ADVANCED_FACE('',(#6109),#6120,.T.);
#6109 = FACE_BOUND('',#6110,.T.);
#6110 = EDGE_LOOP('',(#6111,#6117,#6118,#6119));
#6111 = ORIENTED_EDGE('',*,*,#6112,.T.);
#6112 = EDGE_CURVE('',#6089,#6065,#6113,.T.);
#6113 = LINE('',#6114,#6115);
#6114 = CARTESIAN_POINT('',(80.375,148.,2.375));
#6115 = VECTOR('',#6116,1.);
#6116 = DIRECTION('',(-0.707106781187,0.,-0.707106781187));
#6117 = ORIENTED_EDGE('',*,*,#6074,.T.);
#6118 = ORIENTED_EDGE('',*,*,#1068,.F.);
#6119 = ORIENTED_EDGE('',*,*,#6096,.F.);
#6120 = PLANE('',#6121);
#6121 = AXIS2_PLACEMENT_3D('',#6122,#6123,#6124);
#6122 = CARTESIAN_POINT('',(106.,146.,28.));
#6123 = DIRECTION('',(0.707106781187,0.,-0.707106781187));
#6124 = DIRECTION('',(0.707106781187,0.,0.707106781187));
#6125 = ADVANCED_FACE('',(#6126),#6151,.T.);
#6126 = FACE_BOUND('',#6127,.T.);
#6127 = EDGE_LOOP('',(#6128,#6138,#6144,#6145));
#6128 = ORIENTED_EDGE('',*,*,#6129,.T.);
#6129 = EDGE_CURVE('',#6130,#6132,#6134,.T.);
#6130 = VERTEX_POINT('',#6131);
#6131 = CARTESIAN_POINT('',(104.25,148.,41.));
#6132 = VERTEX_POINT('',#6133);
#6133 = CARTESIAN_POINT('',(113.75,148.,50.5));
#6134 = LINE('',#6135,#6136);
#6135 = CARTESIAN_POINT('',(80.5625,148.,17.3125));
#6136 = VECTOR('',#6137,1.);
#6137 = DIRECTION('',(0.707106781187,0.,0.707106781187));
#6138 = ORIENTED_EDGE('',*,*,#6139,.T.);
#6139 = EDGE_CURVE('',#6132,#1087,#6140,.T.);
#6140 = LINE('',#6141,#6142);
#6141 = CARTESIAN_POINT('',(113.75,146.,50.5));
#6142 = VECTOR('',#6143,1.);
#6143 = DIRECTION('',(0.,1.,0.));
#6144 = ORIENTED_EDGE('',*,*,#1084,.F.);
#6145 = ORIENTED_EDGE('',*,*,#6146,.F.);
#6146 = EDGE_CURVE('',#6130,#1085,#6147,.T.);
#6147 = LINE('',#6148,#6149);
#6148 = CARTESIAN_POINT('',(104.25,146.,41.));
#6149 = VECTOR('',#6150,1.);
#6150 = DIRECTION('',(0.,1.,0.));
#6151 = PLANE('',#6152);
#6152 = AXIS2_PLACEMENT_3D('',#6153,#6154,#6155);
#6153 = CARTESIAN_POINT('',(113.75,146.,50.5));
#6154 = DIRECTION('',(-0.707106781187,0.,0.707106781187));
#6155 = DIRECTION('',(-0.707106781187,0.,-0.707106781187));
#6156 = ADVANCED_FACE('',(#6157),#6175,.T.);
#6157 = FACE_BOUND('',#6158,.T.);
#6158 = EDGE_LOOP('',(#6159,#6167,#6168,#6169));
#6159 = ORIENTED_EDGE('',*,*,#6160,.T.);
#6160 = EDGE_CURVE('',#6161,#6130,#6163,.T.);
#6161 = VERTEX_POINT('',#6162);
#6162 = CARTESIAN_POINT('',(94.75,148.,50.5));
#6163 = LINE('',#6164,#6165);
#6164 = CARTESIAN_POINT('',(90.5625,148.,54.6875));
#6165 = VECTOR('',#6166,1.);
#6166 = DIRECTION('',(0.707106781187,0.,-0.707106781187));
#6167 = ORIENTED_EDGE('',*,*,#6146,.T.);
#6168 = ORIENTED_EDGE('',*,*,#1110,.F.);
#6169 = ORIENTED_EDGE('',*,*,#6170,.F.);
#6170 = EDGE_CURVE('',#6161,#1103,#6171,.T.);
#6171 = LINE('',#6172,#6173);
#6172 = CARTESIAN_POINT('',(94.75,146.,50.5));
#6173 = VECTOR('',#6174,1.);
#6174 = DIRECTION('',(0.,1.,0.));
#6175 = PLANE('',#6176);
#6176 = AXIS2_PLACEMENT_3D('',#6177,#6178,#6179);
#6177 = CARTESIAN_POINT('',(104.25,146.,41.));
#6178 = DIRECTION('',(0.707106781187,-0.,0.707106781187));
#6179 = DIRECTION('',(-0.707106781187,0.,0.707106781187));
#6180 = ADVANCED_FACE('',(#6181),#6199,.T.);
#6181 = FACE_BOUND('',#6182,.T.);
#6182 = EDGE_LOOP('',(#6183,#6191,#6197,#6198));
#6183 = ORIENTED_EDGE('',*,*,#6184,.T.);
#6184 = EDGE_CURVE('',#6132,#6185,#6187,.T.);
#6185 = VERTEX_POINT('',#6186);
#6186 = CARTESIAN_POINT('',(104.25,148.,60.));
#6187 = LINE('',#6188,#6189);
#6188 = CARTESIAN_POINT('',(95.3125,148.,68.9375));
#6189 = VECTOR('',#6190,1.);
#6190 = DIRECTION('',(-0.707106781187,-0.,0.707106781187));
#6191 = ORIENTED_EDGE('',*,*,#6192,.T.);
#6192 = EDGE_CURVE('',#6185,#1095,#6193,.T.);
#6193 = LINE('',#6194,#6195);
#6194 = CARTESIAN_POINT('',(104.25,146.,60.));
#6195 = VECTOR('',#6196,1.);
#6196 = DIRECTION('',(0.,1.,0.));
#6197 = ORIENTED_EDGE('',*,*,#1094,.F.);
#6198 = ORIENTED_EDGE('',*,*,#6139,.F.);
#6199 = PLANE('',#6200);
#6200 = AXIS2_PLACEMENT_3D('',#6201,#6202,#6203);
#6201 = CARTESIAN_POINT('',(104.25,146.,60.));
#6202 = DIRECTION('',(-0.707106781187,0.,-0.707106781187));
#6203 = DIRECTION('',(0.707106781187,0.,-0.707106781187));
#6204 = ADVANCED_FACE('',(#6205),#6216,.T.);
#6205 = FACE_BOUND('',#6206,.T.);
#6206 = EDGE_LOOP('',(#6207,#6213,#6214,#6215));
#6207 = ORIENTED_EDGE('',*,*,#6208,.T.);
#6208 = EDGE_CURVE('',#6185,#6161,#6209,.T.);
#6209 = LINE('',#6210,#6211);
#6210 = CARTESIAN_POINT('',(66.3125,148.,22.0625));
#6211 = VECTOR('',#6212,1.);
#6212 = DIRECTION('',(-0.707106781187,0.,-0.707106781187));
#6213 = ORIENTED_EDGE('',*,*,#6170,.T.);
#6214 = ORIENTED_EDGE('',*,*,#1102,.F.);
#6215 = ORIENTED_EDGE('',*,*,#6192,.F.);
#6216 = PLANE('',#6217);
#6217 = AXIS2_PLACEMENT_3D('',#6218,#6219,#6220);
#6218 = CARTESIAN_POINT('',(94.75,146.,50.5));
#6219 = DIRECTION('',(0.707106781187,0.,-0.707106781187));
#6220 = DIRECTION('',(0.707106781187,0.,0.707106781187));
#6221 = ADVANCED_FACE('',(#6222),#6247,.T.);
#6222 = FACE_BOUND('',#6223,.T.);
#6223 = EDGE_LOOP('',(#6224,#6234,#6240,#6241));
#6224 = ORIENTED_EDGE('',*,*,#6225,.T.);
#6225 = EDGE_CURVE('',#6226,#6228,#6230,.T.);
#6226 = VERTEX_POINT('',#6227);
#6227 = CARTESIAN_POINT('',(126.75,148.,41.));
#6228 = VERTEX_POINT('',#6229);
#6229 = CARTESIAN_POINT('',(136.25,148.,50.5));
#6230 = LINE('',#6231,#6232);
#6231 = CARTESIAN_POINT('',(97.4375,148.,11.6875));
#6232 = VECTOR('',#6233,1.);
#6233 = DIRECTION('',(0.707106781187,0.,0.707106781187));
#6234 = ORIENTED_EDGE('',*,*,#6235,.T.);
#6235 = EDGE_CURVE('',#6228,#1121,#6236,.T.);
#6236 = LINE('',#6237,#6238);
#6237 = CARTESIAN_POINT('',(136.25,146.,50.5));
#6238 = VECTOR('',#6239,1.);
#6239 = DIRECTION('',(0.,1.,0.));
#6240 = ORIENTED_EDGE('',*,*,#1118,.F.);
#6241 = ORIENTED_EDGE('',*,*,#6242,.F.);
#6242 = EDGE_CURVE('',#6226,#1119,#6243,.T.);
#6243 = LINE('',#6244,#6245);
#6244 = CARTESIAN_POINT('',(126.75,146.,41.));
#6245 = VECTOR('',#6246,1.);
#6246 = DIRECTION('',(0.,1.,0.));
#6247 = PLANE('',#6248);
#6248 = AXIS2_PLACEMENT_3D('',#6249,#6250,#6251);
#6249 = CARTESIAN_POINT('',(136.25,146.,50.5));
#6250 = DIRECTION('',(-0.707106781187,0.,0.707106781187));
#6251 = DIRECTION('',(-0.707106781187,0.,-0.707106781187));
#6252 = ADVANCED_FACE('',(#6253),#6271,.T.);
#6253 = FACE_BOUND('',#6254,.T.);
#6254 = EDGE_LOOP('',(#6255,#6263,#6264,#6265));
#6255 = ORIENTED_EDGE('',*,*,#6256,.T.);
#6256 = EDGE_CURVE('',#6257,#6226,#6259,.T.);
#6257 = VERTEX_POINT('',#6258);
#6258 = CARTESIAN_POINT('',(117.25,148.,50.5));
#6259 = LINE('',#6260,#6261);
#6260 = CARTESIAN_POINT('',(107.4375,148.,60.3125));
#6261 = VECTOR('',#6262,1.);
#6262 = DIRECTION('',(0.707106781187,0.,-0.707106781187));
#6263 = ORIENTED_EDGE('',*,*,#6242,.T.);
#6264 = ORIENTED_EDGE('',*,*,#1144,.F.);
#6265 = ORIENTED_EDGE('',*,*,#6266,.F.);
#6266 = EDGE_CURVE('',#6257,#1137,#6267,.T.);
#6267 = LINE('',#6268,#6269);
#6268 = CARTESIAN_POINT('',(117.25,146.,50.5));
#6269 = VECTOR('',#6270,1.);
#6270 = DIRECTION('',(0.,1.,0.));
#6271 = PLANE('',#6272);
#6272 = AXIS2_PLACEMENT_3D('',#6273,#6274,#6275);
#6273 = CARTESIAN_POINT('',(126.75,146.,41.));
#6274 = DIRECTION('',(0.707106781187,-0.,0.707106781187));
#6275 = DIRECTION('',(-0.707106781187,0.,0.707106781187));
#6276 = ADVANCED_FACE('',(#6277),#6295,.T.);
#6277 = FACE_BOUND('',#6278,.T.);
#6278 = EDGE_LOOP('',(#6279,#6287,#6293,#6294));
#6279 = ORIENTED_EDGE('',*,*,#6280,.T.);
#6280 = EDGE_CURVE('',#6228,#6281,#6283,.T.);
#6281 = VERTEX_POINT('',#6282);
#6282 = CARTESIAN_POINT('',(126.75,148.,60.));
#6283 = LINE('',#6284,#6285);
#6284 = CARTESIAN_POINT('',(112.1875,148.,74.5625));
#6285 = VECTOR('',#6286,1.);
#6286 = DIRECTION('',(-0.707106781187,-0.,0.707106781187));
#6287 = ORIENTED_EDGE('',*,*,#6288,.T.);
#6288 = EDGE_CURVE('',#6281,#1129,#6289,.T.);
#6289 = LINE('',#6290,#6291);
#6290 = CARTESIAN_POINT('',(126.75,146.,60.));
#6291 = VECTOR('',#6292,1.);
#6292 = DIRECTION('',(0.,1.,0.));
#6293 = ORIENTED_EDGE('',*,*,#1128,.F.);
#6294 = ORIENTED_EDGE('',*,*,#6235,.F.);
#6295 = PLANE('',#6296);
#6296 = AXIS2_PLACEMENT_3D('',#6297,#6298,#6299);
#6297 = CARTESIAN_POINT('',(126.75,146.,60.));
#6298 = DIRECTION('',(-0.707106781187,0.,-0.707106781187));
#6299 = DIRECTION('',(0.707106781187,0.,-0.707106781187));
#6300 = ADVANCED_FACE('',(#6301),#6312,.T.);
#6301 = FACE_BOUND('',#6302,.T.);
#6302 = EDGE_LOOP('',(#6303,#6309,#6310,#6311));
#6303 = ORIENTED_EDGE('',*,*,#6304,.T.);
#6304 = EDGE_CURVE('',#6281,#6257,#6305,.T.);
#6305 = LINE('',#6306,#6307);
#6306 = CARTESIAN_POINT('',(83.1875,148.,16.4375));
#6307 = VECTOR('',#6308,1.);
#6308 = DIRECTION('',(-0.707106781187,0.,-0.707106781187));
#6309 = ORIENTED_EDGE('',*,*,#6266,.T.);
#6310 = ORIENTED_EDGE('',*,*,#1136,.F.);
#6311 = ORIENTED_EDGE('',*,*,#6288,.F.);
#6312 = PLANE('',#6313);
#6313 = AXIS2_PLACEMENT_3D('',#6314,#6315,#6316);
#6314 = CARTESIAN_POINT('',(117.25,146.,50.5));
#6315 = DIRECTION('',(0.707106781187,0.,-0.707106781187));
#6316 = DIRECTION('',(0.707106781187,0.,0.707106781187));
#6317 = ADVANCED_FACE('',(#6318),#6343,.T.);
#6318 = FACE_BOUND('',#6319,.T.);
#6319 = EDGE_LOOP('',(#6320,#6330,#6336,#6337));
#6320 = ORIENTED_EDGE('',*,*,#6321,.T.);
#6321 = EDGE_CURVE('',#6322,#6324,#6326,.T.);
#6322 = VERTEX_POINT('',#6323);
#6323 = CARTESIAN_POINT('',(115.5,148.,63.5));
#6324 = VERTEX_POINT('',#6325);
#6325 = CARTESIAN_POINT('',(125.,148.,73.));
#6326 = LINE('',#6327,#6328);
#6327 = CARTESIAN_POINT('',(83.375,148.,31.375));
#6328 = VECTOR('',#6329,1.);
#6329 = DIRECTION('',(0.707106781187,0.,0.707106781187));
#6330 = ORIENTED_EDGE('',*,*,#6331,.T.);
#6331 = EDGE_CURVE('',#6324,#1155,#6332,.T.);
#6332 = LINE('',#6333,#6334);
#6333 = CARTESIAN_POINT('',(125.,146.,73.));
#6334 = VECTOR('',#6335,1.);
#6335 = DIRECTION('',(0.,1.,0.));
#6336 = ORIENTED_EDGE('',*,*,#1152,.F.);
#6337 = ORIENTED_EDGE('',*,*,#6338,.F.);
#6338 = EDGE_CURVE('',#6322,#1153,#6339,.T.);
#6339 = LINE('',#6340,#6341);
#6340 = CARTESIAN_POINT('',(115.5,146.,63.5));
#6341 = VECTOR('',#6342,1.);
#6342 = DIRECTION('',(0.,1.,0.));
#6343 = PLANE('',#6344);
#6344 = AXIS2_PLACEMENT_3D('',#6345,#6346,#6347);
#6345 = CARTESIAN_POINT('',(125.,146.,73.));
#6346 = DIRECTION('',(-0.707106781187,0.,0.707106781187));
#6347 = DIRECTION('',(-0.707106781187,0.,-0.707106781187));
#6348 = ADVANCED_FACE('',(#6349),#6367,.T.);
#6349 = FACE_BOUND('',#6350,.T.);
#6350 = EDGE_LOOP('',(#6351,#6359,#6360,#6361));
#6351 = ORIENTED_EDGE('',*,*,#6352,.T.);
#6352 = EDGE_CURVE('',#6353,#6322,#6355,.T.);
#6353 = VERTEX_POINT('',#6354);
#6354 = CARTESIAN_POINT('',(106.,148.,73.));
#6355 = LINE('',#6356,#6357);
#6356 = CARTESIAN_POINT('',(104.625,148.,74.375));
#6357 = VECTOR('',#6358,1.);
#6358 = DIRECTION('',(0.707106781187,0.,-0.707106781187));
#6359 = ORIENTED_EDGE('',*,*,#6338,.T.);
#6360 = ORIENTED_EDGE('',*,*,#1178,.F.);
#6361 = ORIENTED_EDGE('',*,*,#6362,.F.);
#6362 = EDGE_CURVE('',#6353,#1171,#6363,.T.);
#6363 = LINE('',#6364,#6365);
#6364 = CARTESIAN_POINT('',(106.,146.,73.));
#6365 = VECTOR('',#6366,1.);
#6366 = DIRECTION('',(0.,1.,0.));
#6367 = PLANE('',#6368);
#6368 = AXIS2_PLACEMENT_3D('',#6369,#6370,#6371);
#6369 = CARTESIAN_POINT('',(115.5,146.,63.5));
#6370 = DIRECTION('',(0.707106781187,-0.,0.707106781187));
#6371 = DIRECTION('',(-0.707106781187,0.,0.707106781187));
#6372 = ADVANCED_FACE('',(#6373),#6391,.T.);
#6373 = FACE_BOUND('',#6374,.T.);
#6374 = EDGE_LOOP('',(#6375,#6383,#6389,#6390));
#6375 = ORIENTED_EDGE('',*,*,#6376,.T.);
#6376 = EDGE_CURVE('',#6324,#6377,#6379,.T.);
#6377 = VERTEX_POINT('',#6378);
#6378 = CARTESIAN_POINT('',(115.5,148.,82.5));
#6379 = LINE('',#6380,#6381);
#6380 = CARTESIAN_POINT('',(109.375,148.,88.625));
#6381 = VECTOR('',#6382,1.);
#6382 = DIRECTION('',(-0.707106781187,-0.,0.707106781187));
#6383 = ORIENTED_EDGE('',*,*,#6384,.T.);
#6384 = EDGE_CURVE('',#6377,#1163,#6385,.T.);
#6385 = LINE('',#6386,#6387);
#6386 = CARTESIAN_POINT('',(115.5,146.,82.5));
#6387 = VECTOR('',#6388,1.);
#6388 = DIRECTION('',(0.,1.,0.));
#6389 = ORIENTED_EDGE('',*,*,#1162,.F.);
#6390 = ORIENTED_EDGE('',*,*,#6331,.F.);
#6391 = PLANE('',#6392);
#6392 = AXIS2_PLACEMENT_3D('',#6393,#6394,#6395);
#6393 = CARTESIAN_POINT('',(115.5,146.,82.5));
#6394 = DIRECTION('',(-0.707106781187,0.,-0.707106781187));
#6395 = DIRECTION('',(0.707106781187,0.,-0.707106781187));
#6396 = ADVANCED_FACE('',(#6397),#6408,.T.);
#6397 = FACE_BOUND('',#6398,.T.);
#6398 = EDGE_LOOP('',(#6399,#6405,#6406,#6407));
#6399 = ORIENTED_EDGE('',*,*,#6400,.T.);
#6400 = EDGE_CURVE('',#6377,#6353,#6401,.T.);
#6401 = LINE('',#6402,#6403);
#6402 = CARTESIAN_POINT('',(69.125,148.,36.125));
#6403 = VECTOR('',#6404,1.);
#6404 = DIRECTION('',(-0.707106781187,0.,-0.707106781187));
#6405 = ORIENTED_EDGE('',*,*,#6362,.T.);
#6406 = ORIENTED_EDGE('',*,*,#1170,.F.);
#6407 = ORIENTED_EDGE('',*,*,#6384,.F.);
#6408 = PLANE('',#6409);
#6409 = AXIS2_PLACEMENT_3D('',#6410,#6411,#6412);
#6410 = CARTESIAN_POINT('',(106.,146.,73.));
#6411 = DIRECTION('',(0.707106781187,0.,-0.707106781187));
#6412 = DIRECTION('',(0.707106781187,0.,0.707106781187));
#6413 = ADVANCED_FACE('',(#6414),#6439,.T.);
#6414 = FACE_BOUND('',#6415,.T.);
#6415 = EDGE_LOOP('',(#6416,#6426,#6432,#6433));
#6416 = ORIENTED_EDGE('',*,*,#6417,.T.);
#6417 = EDGE_CURVE('',#6418,#6420,#6422,.T.);
#6418 = VERTEX_POINT('',#6419);
#6419 = CARTESIAN_POINT('',(138.,148.,18.5));
#6420 = VERTEX_POINT('',#6421);
#6421 = CARTESIAN_POINT('',(147.5,148.,28.));
#6422 = LINE('',#6423,#6424);
#6423 = CARTESIAN_POINT('',(111.5,148.,-8.));
#6424 = VECTOR('',#6425,1.);
#6425 = DIRECTION('',(0.707106781187,0.,0.707106781187));
#6426 = ORIENTED_EDGE('',*,*,#6427,.T.);
#6427 = EDGE_CURVE('',#6420,#1189,#6428,.T.);
#6428 = LINE('',#6429,#6430);
#6429 = CARTESIAN_POINT('',(147.5,146.,28.));
#6430 = VECTOR('',#6431,1.);
#6431 = DIRECTION('',(0.,1.,0.));
#6432 = ORIENTED_EDGE('',*,*,#1186,.F.);
#6433 = ORIENTED_EDGE('',*,*,#6434,.F.);
#6434 = EDGE_CURVE('',#6418,#1187,#6435,.T.);
#6435 = LINE('',#6436,#6437);
#6436 = CARTESIAN_POINT('',(138.,146.,18.5));
#6437 = VECTOR('',#6438,1.);
#6438 = DIRECTION('',(0.,1.,0.));
#6439 = PLANE('',#6440);
#6440 = AXIS2_PLACEMENT_3D('',#6441,#6442,#6443);
#6441 = CARTESIAN_POINT('',(147.5,146.,28.));
#6442 = DIRECTION('',(-0.707106781187,0.,0.707106781187));
#6443 = DIRECTION('',(-0.707106781187,0.,-0.707106781187));
#6444 = ADVANCED_FACE('',(#6445),#6463,.T.);
#6445 = FACE_BOUND('',#6446,.T.);
#6446 = EDGE_LOOP('',(#6447,#6455,#6456,#6457));
#6447 = ORIENTED_EDGE('',*,*,#6448,.T.);
#6448 = EDGE_CURVE('',#6449,#6418,#6451,.T.);
#6449 = VERTEX_POINT('',#6450);
#6450 = CARTESIAN_POINT('',(128.5,148.,28.));
#6451 = LINE('',#6452,#6453);
#6452 = CARTESIAN_POINT('',(110.25,148.,46.25));
#6453 = VECTOR('',#6454,1.);
#6454 = DIRECTION('',(0.707106781187,0.,-0.707106781187));
#6455 = ORIENTED_EDGE('',*,*,#6434,.T.);
#6456 = ORIENTED_EDGE('',*,*,#1212,.F.);
#6457 = ORIENTED_EDGE('',*,*,#6458,.F.);
#6458 = EDGE_CURVE('',#6449,#1205,#6459,.T.);
#6459 = LINE('',#6460,#6461);
#6460 = CARTESIAN_POINT('',(128.5,146.,28.));
#6461 = VECTOR('',#6462,1.);
#6462 = DIRECTION('',(0.,1.,0.));
#6463 = PLANE('',#6464);
#6464 = AXIS2_PLACEMENT_3D('',#6465,#6466,#6467);
#6465 = CARTESIAN_POINT('',(138.,146.,18.5));
#6466 = DIRECTION('',(0.707106781187,-0.,0.707106781187));
#6467 = DIRECTION('',(-0.707106781187,0.,0.707106781187));
#6468 = ADVANCED_FACE('',(#6469),#6487,.T.);
#6469 = FACE_BOUND('',#6470,.T.);
#6470 = EDGE_LOOP('',(#6471,#6479,#6485,#6486));
#6471 = ORIENTED_EDGE('',*,*,#6472,.T.);
#6472 = EDGE_CURVE('',#6420,#6473,#6475,.T.);
#6473 = VERTEX_POINT('',#6474);
#6474 = CARTESIAN_POINT('',(138.,148.,37.5));
#6475 = LINE('',#6476,#6477);
#6476 = CARTESIAN_POINT('',(115.,148.,60.5));
#6477 = VECTOR('',#6478,1.);
#6478 = DIRECTION('',(-0.707106781187,-0.,0.707106781187));
#6479 = ORIENTED_EDGE('',*,*,#6480,.T.);
#6480 = EDGE_CURVE('',#6473,#1197,#6481,.T.);
#6481 = LINE('',#6482,#6483);
#6482 = CARTESIAN_POINT('',(138.,146.,37.5));
#6483 = VECTOR('',#6484,1.);
#6484 = DIRECTION('',(0.,1.,0.));
#6485 = ORIENTED_EDGE('',*,*,#1196,.F.);
#6486 = ORIENTED_EDGE('',*,*,#6427,.F.);
#6487 = PLANE('',#6488);
#6488 = AXIS2_PLACEMENT_3D('',#6489,#6490,#6491);
#6489 = CARTESIAN_POINT('',(138.,146.,37.5));
#6490 = DIRECTION('',(-0.707106781187,0.,-0.707106781187));
#6491 = DIRECTION('',(0.707106781187,0.,-0.707106781187));
#6492 = ADVANCED_FACE('',(#6493),#6504,.T.);
#6493 = FACE_BOUND('',#6494,.T.);
#6494 = EDGE_LOOP('',(#6495,#6501,#6502,#6503));
#6495 = ORIENTED_EDGE('',*,*,#6496,.T.);
#6496 = EDGE_CURVE('',#6473,#6449,#6497,.T.);
#6497 = LINE('',#6498,#6499);
#6498 = CARTESIAN_POINT('',(97.25,148.,-3.25));
#6499 = VECTOR('',#6500,1.);
#6500 = DIRECTION('',(-0.707106781187,0.,-0.707106781187));
#6501 = ORIENTED_EDGE('',*,*,#6458,.T.);
#6502 = ORIENTED_EDGE('',*,*,#1204,.F.);
#6503 = ORIENTED_EDGE('',*,*,#6480,.F.);
#6504 = PLANE('',#6505);
#6505 = AXIS2_PLACEMENT_3D('',#6506,#6507,#6508);
#6506 = CARTESIAN_POINT('',(128.5,146.,28.));
#6507 = DIRECTION('',(0.707106781187,0.,-0.707106781187));
#6508 = DIRECTION('',(0.707106781187,0.,0.707106781187));
#6509 = ADVANCED_FACE('',(#6510),#6535,.T.);
#6510 = FACE_BOUND('',#6511,.T.);
#6511 = EDGE_LOOP('',(#6512,#6522,#6528,#6529));
#6512 = ORIENTED_EDGE('',*,*,#6513,.T.);
#6513 = EDGE_CURVE('',#6514,#6516,#6518,.T.);
#6514 = VERTEX_POINT('',#6515);
#6515 = CARTESIAN_POINT('',(138.,148.,63.5));
#6516 = VERTEX_POINT('',#6517);
#6517 = CARTESIAN_POINT('',(147.5,148.,73.));
#6518 = LINE('',#6519,#6520);
#6519 = CARTESIAN_POINT('',(100.25,148.,25.75));
#6520 = VECTOR('',#6521,1.);
#6521 = DIRECTION('',(0.707106781187,0.,0.707106781187));
#6522 = ORIENTED_EDGE('',*,*,#6523,.T.);
#6523 = EDGE_CURVE('',#6516,#1223,#6524,.T.);
#6524 = LINE('',#6525,#6526);
#6525 = CARTESIAN_POINT('',(147.5,146.,73.));
#6526 = VECTOR('',#6527,1.);
#6527 = DIRECTION('',(0.,1.,0.));
#6528 = ORIENTED_EDGE('',*,*,#1220,.F.);
#6529 = ORIENTED_EDGE('',*,*,#6530,.F.);
#6530 = EDGE_CURVE('',#6514,#1221,#6531,.T.);
#6531 = LINE('',#6532,#6533);
#6532 = CARTESIAN_POINT('',(138.,146.,63.5));
#6533 = VECTOR('',#6534,1.);
#6534 = DIRECTION('',(0.,1.,0.));
#6535 = PLANE('',#6536);
#6536 = AXIS2_PLACEMENT_3D('',#6537,#6538,#6539);
#6537 = CARTESIAN_POINT('',(147.5,146.,73.));
#6538 = DIRECTION('',(-0.707106781187,0.,0.707106781187));
#6539 = DIRECTION('',(-0.707106781187,0.,-0.707106781187));
#6540 = ADVANCED_FACE('',(#6541),#6559,.T.);
#6541 = FACE_BOUND('',#6542,.T.);
#6542 = EDGE_LOOP('',(#6543,#6551,#6552,#6553));
#6543 = ORIENTED_EDGE('',*,*,#6544,.T.);
#6544 = EDGE_CURVE('',#6545,#6514,#6547,.T.);
#6545 = VERTEX_POINT('',#6546);
#6546 = CARTESIAN_POINT('',(128.5,148.,73.));
#6547 = LINE('',#6548,#6549);
#6548 = CARTESIAN_POINT('',(121.5,148.,80.));
#6549 = VECTOR('',#6550,1.);
#6550 = DIRECTION('',(0.707106781187,0.,-0.707106781187));
#6551 = ORIENTED_EDGE('',*,*,#6530,.T.);
#6552 = ORIENTED_EDGE('',*,*,#1246,.F.);
#6553 = ORIENTED_EDGE('',*,*,#6554,.F.);
#6554 = EDGE_CURVE('',#6545,#1239,#6555,.T.);
#6555 = LINE('',#6556,#6557);
#6556 = CARTESIAN_POINT('',(128.5,146.,73.));
#6557 = VECTOR('',#6558,1.);
#6558 = DIRECTION('',(0.,1.,0.));
#6559 = PLANE('',#6560);
#6560 = AXIS2_PLACEMENT_3D('',#6561,#6562,#6563);
#6561 = CARTESIAN_POINT('',(138.,146.,63.5));
#6562 = DIRECTION('',(0.707106781187,-0.,0.707106781187));
#6563 = DIRECTION('',(-0.707106781187,0.,0.707106781187));
#6564 = ADVANCED_FACE('',(#6565),#6583,.T.);
#6565 = FACE_BOUND('',#6566,.T.);
#6566 = EDGE_LOOP('',(#6567,#6575,#6581,#6582));
#6567 = ORIENTED_EDGE('',*,*,#6568,.T.);
#6568 = EDGE_CURVE('',#6516,#6569,#6571,.T.);
#6569 = VERTEX_POINT('',#6570);
#6570 = CARTESIAN_POINT('',(138.,148.,82.5));
#6571 = LINE('',#6572,#6573);
#6572 = CARTESIAN_POINT('',(126.25,148.,94.25));
#6573 = VECTOR('',#6574,1.);
#6574 = DIRECTION('',(-0.707106781187,-0.,0.707106781187));
#6575 = ORIENTED_EDGE('',*,*,#6576,.T.);
#6576 = EDGE_CURVE('',#6569,#1231,#6577,.T.);
#6577 = LINE('',#6578,#6579);
#6578 = CARTESIAN_POINT('',(138.,146.,82.5));
#6579 = VECTOR('',#6580,1.);
#6580 = DIRECTION('',(0.,1.,0.));
#6581 = ORIENTED_EDGE('',*,*,#1230,.F.);
#6582 = ORIENTED_EDGE('',*,*,#6523,.F.);
#6583 = PLANE('',#6584);
#6584 = AXIS2_PLACEMENT_3D('',#6585,#6586,#6587);
#6585 = CARTESIAN_POINT('',(138.,146.,82.5));
#6586 = DIRECTION('',(-0.707106781187,0.,-0.707106781187));
#6587 = DIRECTION('',(0.707106781187,0.,-0.707106781187));
#6588 = ADVANCED_FACE('',(#6589),#6600,.T.);
#6589 = FACE_BOUND('',#6590,.T.);
#6590 = EDGE_LOOP('',(#6591,#6597,#6598,#6599));
#6591 = ORIENTED_EDGE('',*,*,#6592,.T.);
#6592 = EDGE_CURVE('',#6569,#6545,#6593,.T.);
#6593 = LINE('',#6594,#6595);
#6594 = CARTESIAN_POINT('',(86.,148.,30.5));
#6595 = VECTOR('',#6596,1.);
#6596 = DIRECTION('',(-0.707106781187,0.,-0.707106781187));
#6597 = ORIENTED_EDGE('',*,*,#6554,.T.);
#6598 = ORIENTED_EDGE('',*,*,#1238,.F.);
#6599 = ORIENTED_EDGE('',*,*,#6576,.F.);
#6600 = PLANE('',#6601);
#6601 = AXIS2_PLACEMENT_3D('',#6602,#6603,#6604);
#6602 = CARTESIAN_POINT('',(128.5,146.,73.));
#6603 = DIRECTION('',(0.707106781187,0.,-0.707106781187));
#6604 = DIRECTION('',(0.707106781187,0.,0.707106781187));
#6605 = ADVANCED_FACE('',(#6606),#6631,.T.);
#6606 = FACE_BOUND('',#6607,.T.);
#6607 = EDGE_LOOP('',(#6608,#6618,#6624,#6625));
#6608 = ORIENTED_EDGE('',*,*,#6609,.T.);
#6609 = EDGE_CURVE('',#6610,#6612,#6614,.T.);
#6610 = VERTEX_POINT('',#6611);
#6611 = CARTESIAN_POINT('',(149.25,148.,41.));
#6612 = VERTEX_POINT('',#6613);
#6613 = CARTESIAN_POINT('',(158.75,148.,50.5));
#6614 = LINE('',#6615,#6616);
#6615 = CARTESIAN_POINT('',(114.3125,148.,6.0625));
#6616 = VECTOR('',#6617,1.);
#6617 = DIRECTION('',(0.707106781187,0.,0.707106781187));
#6618 = ORIENTED_EDGE('',*,*,#6619,.T.);
#6619 = EDGE_CURVE('',#6612,#1257,#6620,.T.);
#6620 = LINE('',#6621,#6622);
#6621 = CARTESIAN_POINT('',(158.75,146.,50.5));
#6622 = VECTOR('',#6623,1.);
#6623 = DIRECTION('',(0.,1.,0.));
#6624 = ORIENTED_EDGE('',*,*,#1254,.F.);
#6625 = ORIENTED_EDGE('',*,*,#6626,.F.);
#6626 = EDGE_CURVE('',#6610,#1255,#6627,.T.);
#6627 = LINE('',#6628,#6629);
#6628 = CARTESIAN_POINT('',(149.25,146.,41.));
#6629 = VECTOR('',#6630,1.);
#6630 = DIRECTION('',(0.,1.,0.));
#6631 = PLANE('',#6632);
#6632 = AXIS2_PLACEMENT_3D('',#6633,#6634,#6635);
#6633 = CARTESIAN_POINT('',(158.75,146.,50.5));
#6634 = DIRECTION('',(-0.707106781187,0.,0.707106781187));
#6635 = DIRECTION('',(-0.707106781187,0.,-0.707106781187));
#6636 = ADVANCED_FACE('',(#6637),#6655,.T.);
#6637 = FACE_BOUND('',#6638,.T.);
#6638 = EDGE_LOOP('',(#6639,#6647,#6648,#6649));
#6639 = ORIENTED_EDGE('',*,*,#6640,.T.);
#6640 = EDGE_CURVE('',#6641,#6610,#6643,.T.);
#6641 = VERTEX_POINT('',#6642);
#6642 = CARTESIAN_POINT('',(139.75,148.,50.5));
#6643 = LINE('',#6644,#6645);
#6644 = CARTESIAN_POINT('',(124.3125,148.,65.9375));
#6645 = VECTOR('',#6646,1.);
#6646 = DIRECTION('',(0.707106781187,0.,-0.707106781187));
#6647 = ORIENTED_EDGE('',*,*,#6626,.T.);
#6648 = ORIENTED_EDGE('',*,*,#1280,.F.);
#6649 = ORIENTED_EDGE('',*,*,#6650,.F.);
#6650 = EDGE_CURVE('',#6641,#1273,#6651,.T.);
#6651 = LINE('',#6652,#6653);
#6652 = CARTESIAN_POINT('',(139.75,146.,50.5));
#6653 = VECTOR('',#6654,1.);
#6654 = DIRECTION('',(0.,1.,0.));
#6655 = PLANE('',#6656);
#6656 = AXIS2_PLACEMENT_3D('',#6657,#6658,#6659);
#6657 = CARTESIAN_POINT('',(149.25,146.,41.));
#6658 = DIRECTION('',(0.707106781187,-0.,0.707106781187));
#6659 = DIRECTION('',(-0.707106781187,0.,0.707106781187));
#6660 = ADVANCED_FACE('',(#6661),#6679,.T.);
#6661 = FACE_BOUND('',#6662,.T.);
#6662 = EDGE_LOOP('',(#6663,#6671,#6677,#6678));
#6663 = ORIENTED_EDGE('',*,*,#6664,.T.);
#6664 = EDGE_CURVE('',#6612,#6665,#6667,.T.);
#6665 = VERTEX_POINT('',#6666);
#6666 = CARTESIAN_POINT('',(149.25,148.,60.));
#6667 = LINE('',#6668,#6669);
#6668 = CARTESIAN_POINT('',(129.0625,148.,80.1875));
#6669 = VECTOR('',#6670,1.);
#6670 = DIRECTION('',(-0.707106781187,-0.,0.707106781187));
#6671 = ORIENTED_EDGE('',*,*,#6672,.T.);
#6672 = EDGE_CURVE('',#6665,#1265,#6673,.T.);
#6673 = LINE('',#6674,#6675);
#6674 = CARTESIAN_POINT('',(149.25,146.,60.));
#6675 = VECTOR('',#6676,1.);
#6676 = DIRECTION('',(0.,1.,0.));
#6677 = ORIENTED_EDGE('',*,*,#1264,.F.);
#6678 = ORIENTED_EDGE('',*,*,#6619,.F.);
#6679 = PLANE('',#6680);
#6680 = AXIS2_PLACEMENT_3D('',#6681,#6682,#6683);
#6681 = CARTESIAN_POINT('',(149.25,146.,60.));
#6682 = DIRECTION('',(-0.707106781187,0.,-0.707106781187));
#6683 = DIRECTION('',(0.707106781187,0.,-0.707106781187));
#6684 = ADVANCED_FACE('',(#6685),#6696,.T.);
#6685 = FACE_BOUND('',#6686,.T.);
#6686 = EDGE_LOOP('',(#6687,#6693,#6694,#6695));
#6687 = ORIENTED_EDGE('',*,*,#6688,.T.);
#6688 = EDGE_CURVE('',#6665,#6641,#6689,.T.);
#6689 = LINE('',#6690,#6691);
#6690 = CARTESIAN_POINT('',(100.0625,148.,10.8125));
#6691 = VECTOR('',#6692,1.);
#6692 = DIRECTION('',(-0.707106781187,0.,-0.707106781187));
#6693 = ORIENTED_EDGE('',*,*,#6650,.T.);
#6694 = ORIENTED_EDGE('',*,*,#1272,.F.);
#6695 = ORIENTED_EDGE('',*,*,#6672,.F.);
#6696 = PLANE('',#6697);
#6697 = AXIS2_PLACEMENT_3D('',#6698,#6699,#6700);
#6698 = CARTESIAN_POINT('',(139.75,146.,50.5));
#6699 = DIRECTION('',(0.707106781187,0.,-0.707106781187));
#6700 = DIRECTION('',(0.707106781187,0.,0.707106781187));
#6701 = ADVANCED_FACE('',(#6702),#6727,.T.);
#6702 = FACE_BOUND('',#6703,.T.);
#6703 = EDGE_LOOP('',(#6704,#6714,#6720,#6721));
#6704 = ORIENTED_EDGE('',*,*,#6705,.T.);
#6705 = EDGE_CURVE('',#6706,#6708,#6710,.T.);
#6706 = VERTEX_POINT('',#6707);
#6707 = CARTESIAN_POINT('',(104.25,148.,86.));
#6708 = VERTEX_POINT('',#6709);
#6709 = CARTESIAN_POINT('',(113.75,148.,95.5));
#6710 = LINE('',#6711,#6712);
#6711 = CARTESIAN_POINT('',(69.3125,148.,51.0625));
#6712 = VECTOR('',#6713,1.);
#6713 = DIRECTION('',(0.707106781187,0.,0.707106781187));
#6714 = ORIENTED_EDGE('',*,*,#6715,.T.);
#6715 = EDGE_CURVE('',#6708,#1291,#6716,.T.);
#6716 = LINE('',#6717,#6718);
#6717 = CARTESIAN_POINT('',(113.75,146.,95.5));
#6718 = VECTOR('',#6719,1.);
#6719 = DIRECTION('',(0.,1.,0.));
#6720 = ORIENTED_EDGE('',*,*,#1288,.F.);
#6721 = ORIENTED_EDGE('',*,*,#6722,.F.);
#6722 = EDGE_CURVE('',#6706,#1289,#6723,.T.);
#6723 = LINE('',#6724,#6725);
#6724 = CARTESIAN_POINT('',(104.25,146.,86.));
#6725 = VECTOR('',#6726,1.);
#6726 = DIRECTION('',(0.,1.,0.));
#6727 = PLANE('',#6728);
#6728 = AXIS2_PLACEMENT_3D('',#6729,#6730,#6731);
#6729 = CARTESIAN_POINT('',(113.75,146.,95.5));
#6730 = DIRECTION('',(-0.707106781187,0.,0.707106781187));
#6731 = DIRECTION('',(-0.707106781187,0.,-0.707106781187));
#6732 = ADVANCED_FACE('',(#6733),#6751,.T.);
#6733 = FACE_BOUND('',#6734,.T.);
#6734 = EDGE_LOOP('',(#6735,#6743,#6744,#6745));
#6735 = ORIENTED_EDGE('',*,*,#6736,.T.);
#6736 = EDGE_CURVE('',#6737,#6706,#6739,.T.);
#6737 = VERTEX_POINT('',#6738);
#6738 = CARTESIAN_POINT('',(94.75,148.,95.5));
#6739 = LINE('',#6740,#6741);
#6740 = CARTESIAN_POINT('',(101.8125,148.,88.4375));
#6741 = VECTOR('',#6742,1.);
#6742 = DIRECTION('',(0.707106781187,0.,-0.707106781187));
#6743 = ORIENTED_EDGE('',*,*,#6722,.T.);
#6744 = ORIENTED_EDGE('',*,*,#1314,.F.);
#6745 = ORIENTED_EDGE('',*,*,#6746,.F.);
#6746 = EDGE_CURVE('',#6737,#1307,#6747,.T.);
#6747 = LINE('',#6748,#6749);
#6748 = CARTESIAN_POINT('',(94.75,146.,95.5));
#6749 = VECTOR('',#6750,1.);
#6750 = DIRECTION('',(0.,1.,0.));
#6751 = PLANE('',#6752);
#6752 = AXIS2_PLACEMENT_3D('',#6753,#6754,#6755);
#6753 = CARTESIAN_POINT('',(104.25,146.,86.));
#6754 = DIRECTION('',(0.707106781187,-0.,0.707106781187));
#6755 = DIRECTION('',(-0.707106781187,0.,0.707106781187));
#6756 = ADVANCED_FACE('',(#6757),#6775,.T.);
#6757 = FACE_BOUND('',#6758,.T.);
#6758 = EDGE_LOOP('',(#6759,#6767,#6773,#6774));
#6759 = ORIENTED_EDGE('',*,*,#6760,.T.);
#6760 = EDGE_CURVE('',#6708,#6761,#6763,.T.);
#6761 = VERTEX_POINT('',#6762);
#6762 = CARTESIAN_POINT('',(104.25,148.,105.));
#6763 = LINE('',#6764,#6765);
#6764 = CARTESIAN_POINT('',(106.5625,148.,102.6875));
#6765 = VECTOR('',#6766,1.);
#6766 = DIRECTION('',(-0.707106781187,-0.,0.707106781187));
#6767 = ORIENTED_EDGE('',*,*,#6768,.T.);
#6768 = EDGE_CURVE('',#6761,#1299,#6769,.T.);
#6769 = LINE('',#6770,#6771);
#6770 = CARTESIAN_POINT('',(104.25,146.,105.));
#6771 = VECTOR('',#6772,1.);
#6772 = DIRECTION('',(0.,1.,0.));
#6773 = ORIENTED_EDGE('',*,*,#1298,.F.);
#6774 = ORIENTED_EDGE('',*,*,#6715,.F.);
#6775 = PLANE('',#6776);
#6776 = AXIS2_PLACEMENT_3D('',#6777,#6778,#6779);
#6777 = CARTESIAN_POINT('',(104.25,146.,105.));
#6778 = DIRECTION('',(-0.707106781187,0.,-0.707106781187));
#6779 = DIRECTION('',(0.707106781187,0.,-0.707106781187));
#6780 = ADVANCED_FACE('',(#6781),#6792,.T.);
#6781 = FACE_BOUND('',#6782,.T.);
#6782 = EDGE_LOOP('',(#6783,#6789,#6790,#6791));
#6783 = ORIENTED_EDGE('',*,*,#6784,.T.);
#6784 = EDGE_CURVE('',#6761,#6737,#6785,.T.);
#6785 = LINE('',#6786,#6787);
#6786 = CARTESIAN_POINT('',(55.0625,148.,55.8125));
#6787 = VECTOR('',#6788,1.);
#6788 = DIRECTION('',(-0.707106781187,0.,-0.707106781187));
#6789 = ORIENTED_EDGE('',*,*,#6746,.T.);
#6790 = ORIENTED_EDGE('',*,*,#1306,.F.);
#6791 = ORIENTED_EDGE('',*,*,#6768,.F.);
#6792 = PLANE('',#6793);
#6793 = AXIS2_PLACEMENT_3D('',#6794,#6795,#6796);
#6794 = CARTESIAN_POINT('',(94.75,146.,95.5));
#6795 = DIRECTION('',(0.707106781187,0.,-0.707106781187));
#6796 = DIRECTION('',(0.707106781187,0.,0.707106781187));
#6797 = ADVANCED_FACE('',(#6798),#6823,.T.);
#6798 = FACE_BOUND('',#6799,.T.);
#6799 = EDGE_LOOP('',(#6800,#6810,#6816,#6817));
#6800 = ORIENTED_EDGE('',*,*,#6801,.T.);
#6801 = EDGE_CURVE('',#6802,#6804,#6806,.T.);
#6802 = VERTEX_POINT('',#6803);
#6803 = CARTESIAN_POINT('',(126.75,148.,86.));
#6804 = VERTEX_POINT('',#6805);
#6805 = CARTESIAN_POINT('',(136.25,148.,95.5));
#6806 = LINE('',#6807,#6808);
#6807 = CARTESIAN_POINT('',(86.1875,148.,45.4375));
#6808 = VECTOR('',#6809,1.);
#6809 = DIRECTION('',(0.707106781187,0.,0.707106781187));
#6810 = ORIENTED_EDGE('',*,*,#6811,.T.);
#6811 = EDGE_CURVE('',#6804,#1325,#6812,.T.);
#6812 = LINE('',#6813,#6814);
#6813 = CARTESIAN_POINT('',(136.25,146.,95.5));
#6814 = VECTOR('',#6815,1.);
#6815 = DIRECTION('',(0.,1.,0.));
#6816 = ORIENTED_EDGE('',*,*,#1322,.F.);
#6817 = ORIENTED_EDGE('',*,*,#6818,.F.);
#6818 = EDGE_CURVE('',#6802,#1323,#6819,.T.);
#6819 = LINE('',#6820,#6821);
#6820 = CARTESIAN_POINT('',(126.75,146.,86.));
#6821 = VECTOR('',#6822,1.);
#6822 = DIRECTION('',(0.,1.,0.));
#6823 = PLANE('',#6824);
#6824 = AXIS2_PLACEMENT_3D('',#6825,#6826,#6827);
#6825 = CARTESIAN_POINT('',(136.25,146.,95.5));
#6826 = DIRECTION('',(-0.707106781187,0.,0.707106781187));
#6827 = DIRECTION('',(-0.707106781187,0.,-0.707106781187));
#6828 = ADVANCED_FACE('',(#6829),#6847,.T.);
#6829 = FACE_BOUND('',#6830,.T.);
#6830 = EDGE_LOOP('',(#6831,#6839,#6840,#6841));
#6831 = ORIENTED_EDGE('',*,*,#6832,.T.);
#6832 = EDGE_CURVE('',#6833,#6802,#6835,.T.);
#6833 = VERTEX_POINT('',#6834);
#6834 = CARTESIAN_POINT('',(117.25,148.,95.5));
#6835 = LINE('',#6836,#6837);
#6836 = CARTESIAN_POINT('',(118.6875,148.,94.0625));
#6837 = VECTOR('',#6838,1.);
#6838 = DIRECTION('',(0.707106781187,0.,-0.707106781187));
#6839 = ORIENTED_EDGE('',*,*,#6818,.T.);
#6840 = ORIENTED_EDGE('',*,*,#1348,.F.);
#6841 = ORIENTED_EDGE('',*,*,#6842,.F.);
#6842 = EDGE_CURVE('',#6833,#1341,#6843,.T.);
#6843 = LINE('',#6844,#6845);
#6844 = CARTESIAN_POINT('',(117.25,146.,95.5));
#6845 = VECTOR('',#6846,1.);
#6846 = DIRECTION('',(0.,1.,0.));
#6847 = PLANE('',#6848);
#6848 = AXIS2_PLACEMENT_3D('',#6849,#6850,#6851);
#6849 = CARTESIAN_POINT('',(126.75,146.,86.));
#6850 = DIRECTION('',(0.707106781187,-0.,0.707106781187));
#6851 = DIRECTION('',(-0.707106781187,0.,0.707106781187));
#6852 = ADVANCED_FACE('',(#6853),#6871,.T.);
#6853 = FACE_BOUND('',#6854,.T.);
#6854 = EDGE_LOOP('',(#6855,#6863,#6869,#6870));
#6855 = ORIENTED_EDGE('',*,*,#6856,.T.);
#6856 = EDGE_CURVE('',#6804,#6857,#6859,.T.);
#6857 = VERTEX_POINT('',#6858);
#6858 = CARTESIAN_POINT('',(126.75,148.,105.));
#6859 = LINE('',#6860,#6861);
#6860 = CARTESIAN_POINT('',(123.4375,148.,108.3125));
#6861 = VECTOR('',#6862,1.);
#6862 = DIRECTION('',(-0.707106781187,-0.,0.707106781187));
#6863 = ORIENTED_EDGE('',*,*,#6864,.T.);
#6864 = EDGE_CURVE('',#6857,#1333,#6865,.T.);
#6865 = LINE('',#6866,#6867);
#6866 = CARTESIAN_POINT('',(126.75,146.,105.));
#6867 = VECTOR('',#6868,1.);
#6868 = DIRECTION('',(0.,1.,0.));
#6869 = ORIENTED_EDGE('',*,*,#1332,.F.);
#6870 = ORIENTED_EDGE('',*,*,#6811,.F.);
#6871 = PLANE('',#6872);
#6872 = AXIS2_PLACEMENT_3D('',#6873,#6874,#6875);
#6873 = CARTESIAN_POINT('',(126.75,146.,105.));
#6874 = DIRECTION('',(-0.707106781187,0.,-0.707106781187));
#6875 = DIRECTION('',(0.707106781187,0.,-0.707106781187));
#6876 = ADVANCED_FACE('',(#6877),#6888,.T.);
#6877 = FACE_BOUND('',#6878,.T.);
#6878 = EDGE_LOOP('',(#6879,#6885,#6886,#6887));
#6879 = ORIENTED_EDGE('',*,*,#6880,.T.);
#6880 = EDGE_CURVE('',#6857,#6833,#6881,.T.);
#6881 = LINE('',#6882,#6883);
#6882 = CARTESIAN_POINT('',(71.9375,148.,50.1875));
#6883 = VECTOR('',#6884,1.);
#6884 = DIRECTION('',(-0.707106781187,0.,-0.707106781187));
#6885 = ORIENTED_EDGE('',*,*,#6842,.T.);
#6886 = ORIENTED_EDGE('',*,*,#1340,.F.);
#6887 = ORIENTED_EDGE('',*,*,#6864,.F.);
#6888 = PLANE('',#6889);
#6889 = AXIS2_PLACEMENT_3D('',#6890,#6891,#6892);
#6890 = CARTESIAN_POINT('',(117.25,146.,95.5));
#6891 = DIRECTION('',(0.707106781187,0.,-0.707106781187));
#6892 = DIRECTION('',(0.707106781187,0.,0.707106781187));
#6893 = ADVANCED_FACE('',(#6894),#6919,.T.);
#6894 = FACE_BOUND('',#6895,.T.);
#6895 = EDGE_LOOP('',(#6896,#6906,#6912,#6913));
#6896 = ORIENTED_EDGE('',*,*,#6897,.T.);
#6897 = EDGE_CURVE('',#6898,#6900,#6902,.T.);
#6898 = VERTEX_POINT('',#6899);
#6899 = CARTESIAN_POINT('',(115.5,148.,108.5));
#6900 = VERTEX_POINT('',#6901);
#6901 = CARTESIAN_POINT('',(125.,148.,118.));
#6902 = LINE('',#6903,#6904);
#6903 = CARTESIAN_POINT('',(72.125,148.,65.125));
#6904 = VECTOR('',#6905,1.);
#6905 = DIRECTION('',(0.707106781187,0.,0.707106781187));
#6906 = ORIENTED_EDGE('',*,*,#6907,.T.);
#6907 = EDGE_CURVE('',#6900,#1359,#6908,.T.);
#6908 = LINE('',#6909,#6910);
#6909 = CARTESIAN_POINT('',(125.,146.,118.));
#6910 = VECTOR('',#6911,1.);
#6911 = DIRECTION('',(0.,1.,0.));
#6912 = ORIENTED_EDGE('',*,*,#1356,.F.);
#6913 = ORIENTED_EDGE('',*,*,#6914,.F.);
#6914 = EDGE_CURVE('',#6898,#1357,#6915,.T.);
#6915 = LINE('',#6916,#6917);
#6916 = CARTESIAN_POINT('',(115.5,146.,108.5));
#6917 = VECTOR('',#6918,1.);
#6918 = DIRECTION('',(0.,1.,0.));
#6919 = PLANE('',#6920);
#6920 = AXIS2_PLACEMENT_3D('',#6921,#6922,#6923);
#6921 = CARTESIAN_POINT('',(125.,146.,118.));
#6922 = DIRECTION('',(-0.707106781187,0.,0.707106781187));
#6923 = DIRECTION('',(-0.707106781187,0.,-0.707106781187));
#6924 = ADVANCED_FACE('',(#6925),#6943,.T.);
#6925 = FACE_BOUND('',#6926,.T.);
#6926 = EDGE_LOOP('',(#6927,#6935,#6936,#6937));
#6927 = ORIENTED_EDGE('',*,*,#6928,.T.);
#6928 = EDGE_CURVE('',#6929,#6898,#6931,.T.);
#6929 = VERTEX_POINT('',#6930);
#6930 = CARTESIAN_POINT('',(106.,148.,118.));
#6931 = LINE('',#6932,#6933);
#6932 = CARTESIAN_POINT('',(115.875,148.,108.125));
#6933 = VECTOR('',#6934,1.);
#6934 = DIRECTION('',(0.707106781187,0.,-0.707106781187));
#6935 = ORIENTED_EDGE('',*,*,#6914,.T.);
#6936 = ORIENTED_EDGE('',*,*,#1382,.F.);
#6937 = ORIENTED_EDGE('',*,*,#6938,.F.);
#6938 = EDGE_CURVE('',#6929,#1375,#6939,.T.);
#6939 = LINE('',#6940,#6941);
#6940 = CARTESIAN_POINT('',(106.,146.,118.));
#6941 = VECTOR('',#6942,1.);
#6942 = DIRECTION('',(0.,1.,0.));
#6943 = PLANE('',#6944);
#6944 = AXIS2_PLACEMENT_3D('',#6945,#6946,#6947);
#6945 = CARTESIAN_POINT('',(115.5,146.,108.5));
#6946 = DIRECTION('',(0.707106781187,-0.,0.707106781187));
#6947 = DIRECTION('',(-0.707106781187,0.,0.707106781187));
#6948 = ADVANCED_FACE('',(#6949),#6967,.T.);
#6949 = FACE_BOUND('',#6950,.T.);
#6950 = EDGE_LOOP('',(#6951,#6959,#6965,#6966));
#6951 = ORIENTED_EDGE('',*,*,#6952,.T.);
#6952 = EDGE_CURVE('',#6900,#6953,#6955,.T.);
#6953 = VERTEX_POINT('',#6954);
#6954 = CARTESIAN_POINT('',(115.5,148.,127.5));
#6955 = LINE('',#6956,#6957);
#6956 = CARTESIAN_POINT('',(120.625,148.,122.375));
#6957 = VECTOR('',#6958,1.);
#6958 = DIRECTION('',(-0.707106781187,-0.,0.707106781187));
#6959 = ORIENTED_EDGE('',*,*,#6960,.T.);
#6960 = EDGE_CURVE('',#6953,#1367,#6961,.T.);
#6961 = LINE('',#6962,#6963);
#6962 = CARTESIAN_POINT('',(115.5,146.,127.5));
#6963 = VECTOR('',#6964,1.);
#6964 = DIRECTION('',(0.,1.,0.));
#6965 = ORIENTED_EDGE('',*,*,#1366,.F.);
#6966 = ORIENTED_EDGE('',*,*,#6907,.F.);
#6967 = PLANE('',#6968);
#6968 = AXIS2_PLACEMENT_3D('',#6969,#6970,#6971);
#6969 = CARTESIAN_POINT('',(115.5,146.,127.5));
#6970 = DIRECTION('',(-0.707106781187,0.,-0.707106781187));
#6971 = DIRECTION('',(0.707106781187,0.,-0.707106781187));
#6972 = ADVANCED_FACE('',(#6973),#6984,.T.);
#6973 = FACE_BOUND('',#6974,.T.);
#6974 = EDGE_LOOP('',(#6975,#6981,#6982,#6983));
#6975 = ORIENTED_EDGE('',*,*,#6976,.T.);
#6976 = EDGE_CURVE('',#6953,#6929,#6977,.T.);
#6977 = LINE('',#6978,#6979);
#6978 = CARTESIAN_POINT('',(57.875,148.,69.875));
#6979 = VECTOR('',#6980,1.);
#6980 = DIRECTION('',(-0.707106781187,0.,-0.707106781187));
#6981 = ORIENTED_EDGE('',*,*,#6938,.T.);
#6982 = ORIENTED_EDGE('',*,*,#1374,.F.);
#6983 = ORIENTED_EDGE('',*,*,#6960,.F.);
#6984 = PLANE('',#6985);
#6985 = AXIS2_PLACEMENT_3D('',#6986,#6987,#6988);
#6986 = CARTESIAN_POINT('',(106.,146.,118.));
#6987 = DIRECTION('',(0.707106781187,0.,-0.707106781187));
#6988 = DIRECTION('',(0.707106781187,0.,0.707106781187));
#6989 = ADVANCED_FACE('',(#6990),#7015,.T.);
#6990 = FACE_BOUND('',#6991,.T.);
#6991 = EDGE_LOOP('',(#6992,#7002,#7008,#7009));
#6992 = ORIENTED_EDGE('',*,*,#6993,.T.);
#6993 = EDGE_CURVE('',#6994,#6996,#6998,.T.);
#6994 = VERTEX_POINT('',#6995);
#6995 = CARTESIAN_POINT('',(149.25,148.,86.));
#6996 = VERTEX_POINT('',#6997);
#6997 = CARTESIAN_POINT('',(158.75,148.,95.5));
#6998 = LINE('',#6999,#7000);
#6999 = CARTESIAN_POINT('',(103.0625,148.,39.8125));
#7000 = VECTOR('',#7001,1.);
#7001 = DIRECTION('',(0.707106781187,0.,0.707106781187));
#7002 = ORIENTED_EDGE('',*,*,#7003,.T.);
#7003 = EDGE_CURVE('',#6996,#1393,#7004,.T.);
#7004 = LINE('',#7005,#7006);
#7005 = CARTESIAN_POINT('',(158.75,146.,95.5));
#7006 = VECTOR('',#7007,1.);
#7007 = DIRECTION('',(0.,1.,0.));
#7008 = ORIENTED_EDGE('',*,*,#1390,.F.);
#7009 = ORIENTED_EDGE('',*,*,#7010,.F.);
#7010 = EDGE_CURVE('',#6994,#1391,#7011,.T.);
#7011 = LINE('',#7012,#7013);
#7012 = CARTESIAN_POINT('',(149.25,146.,86.));
#7013 = VECTOR('',#7014,1.);
#7014 = DIRECTION('',(0.,1.,0.));
#7015 = PLANE('',#7016);
#7016 = AXIS2_PLACEMENT_3D('',#7017,#7018,#7019);
#7017 = CARTESIAN_POINT('',(158.75,146.,95.5));
#7018 = DIRECTION('',(-0.707106781187,0.,0.707106781187));
#7019 = DIRECTION('',(-0.707106781187,0.,-0.707106781187));
#7020 = ADVANCED_FACE('',(#7021),#7039,.T.);
#7021 = FACE_BOUND('',#7022,.T.);
#7022 = EDGE_LOOP('',(#7023,#7031,#7032,#7033));
#7023 = ORIENTED_EDGE('',*,*,#7024,.T.);
#7024 = EDGE_CURVE('',#7025,#6994,#7027,.T.);
#7025 = VERTEX_POINT('',#7026);
#7026 = CARTESIAN_POINT('',(139.75,148.,95.5));
#7027 = LINE('',#7028,#7029);
#7028 = CARTESIAN_POINT('',(135.5625,148.,99.6875));
#7029 = VECTOR('',#7030,1.);
#7030 = DIRECTION('',(0.707106781187,0.,-0.707106781187));
#7031 = ORIENTED_EDGE('',*,*,#7010,.T.);
#7032 = ORIENTED_EDGE('',*,*,#1416,.F.);
#7033 = ORIENTED_EDGE('',*,*,#7034,.F.);
#7034 = EDGE_CURVE('',#7025,#1409,#7035,.T.);
#7035 = LINE('',#7036,#7037);
#7036 = CARTESIAN_POINT('',(139.75,146.,95.5));
#7037 = VECTOR('',#7038,1.);
#7038 = DIRECTION('',(0.,1.,0.));
#7039 = PLANE('',#7040);
#7040 = AXIS2_PLACEMENT_3D('',#7041,#7042,#7043);
#7041 = CARTESIAN_POINT('',(149.25,146.,86.));
#7042 = DIRECTION('',(0.707106781187,-0.,0.707106781187));
#7043 = DIRECTION('',(-0.707106781187,0.,0.707106781187));
#7044 = ADVANCED_FACE('',(#7045),#7063,.T.);
#7045 = FACE_BOUND('',#7046,.T.);
#7046 = EDGE_LOOP('',(#7047,#7055,#7061,#7062));
#7047 = ORIENTED_EDGE('',*,*,#7048,.T.);
#7048 = EDGE_CURVE('',#6996,#7049,#7051,.T.);
#7049 = VERTEX_POINT('',#7050);
#7050 = CARTESIAN_POINT('',(149.25,148.,105.));
#7051 = LINE('',#7052,#7053);
#7052 = CARTESIAN_POINT('',(140.3125,148.,113.9375));
#7053 = VECTOR('',#7054,1.);
#7054 = DIRECTION('',(-0.707106781187,-0.,0.707106781187));
#7055 = ORIENTED_EDGE('',*,*,#7056,.T.);
#7056 = EDGE_CURVE('',#7049,#1401,#7057,.T.);
#7057 = LINE('',#7058,#7059);
#7058 = CARTESIAN_POINT('',(149.25,146.,105.));
#7059 = VECTOR('',#7060,1.);
#7060 = DIRECTION('',(0.,1.,0.));
#7061 = ORIENTED_EDGE('',*,*,#1400,.F.);
#7062 = ORIENTED_EDGE('',*,*,#7003,.F.);
#7063 = PLANE('',#7064);
#7064 = AXIS2_PLACEMENT_3D('',#7065,#7066,#7067);
#7065 = CARTESIAN_POINT('',(149.25,146.,105.));
#7066 = DIRECTION('',(-0.707106781187,0.,-0.707106781187));
#7067 = DIRECTION('',(0.707106781187,0.,-0.707106781187));
#7068 = ADVANCED_FACE('',(#7069),#7080,.T.);
#7069 = FACE_BOUND('',#7070,.T.);
#7070 = EDGE_LOOP('',(#7071,#7077,#7078,#7079));
#7071 = ORIENTED_EDGE('',*,*,#7072,.T.);
#7072 = EDGE_CURVE('',#7049,#7025,#7073,.T.);
#7073 = LINE('',#7074,#7075);
#7074 = CARTESIAN_POINT('',(88.8125,148.,44.5625));
#7075 = VECTOR('',#7076,1.);
#7076 = DIRECTION('',(-0.707106781187,0.,-0.707106781187));
#7077 = ORIENTED_EDGE('',*,*,#7034,.T.);
#7078 = ORIENTED_EDGE('',*,*,#1408,.F.);
#7079 = ORIENTED_EDGE('',*,*,#7056,.F.);
#7080 = PLANE('',#7081);
#7081 = AXIS2_PLACEMENT_3D('',#7082,#7083,#7084);
#7082 = CARTESIAN_POINT('',(139.75,146.,95.5));
#7083 = DIRECTION('',(0.707106781187,0.,-0.707106781187));
#7084 = DIRECTION('',(0.707106781187,0.,0.707106781187));
#7085 = ADVANCED_FACE('',(#7086),#7111,.T.);
#7086 = FACE_BOUND('',#7087,.T.);
#7087 = EDGE_LOOP('',(#7088,#7098,#7104,#7105));
#7088 = ORIENTED_EDGE('',*,*,#7089,.T.);
#7089 = EDGE_CURVE('',#7090,#7092,#7094,.T.);
#7090 = VERTEX_POINT('',#7091);
#7091 = CARTESIAN_POINT('',(138.,148.,108.5));
#7092 = VERTEX_POINT('',#7093);
#7093 = CARTESIAN_POINT('',(147.5,148.,118.));
#7094 = LINE('',#7095,#7096);
#7095 = CARTESIAN_POINT('',(89.,148.,59.5));
#7096 = VECTOR('',#7097,1.);
#7097 = DIRECTION('',(0.707106781187,0.,0.707106781187));
#7098 = ORIENTED_EDGE('',*,*,#7099,.T.);
#7099 = EDGE_CURVE('',#7092,#1427,#7100,.T.);
#7100 = LINE('',#7101,#7102);
#7101 = CARTESIAN_POINT('',(147.5,146.,118.));
#7102 = VECTOR('',#7103,1.);
#7103 = DIRECTION('',(0.,1.,0.));
#7104 = ORIENTED_EDGE('',*,*,#1424,.F.);
#7105 = ORIENTED_EDGE('',*,*,#7106,.F.);
#7106 = EDGE_CURVE('',#7090,#1425,#7107,.T.);
#7107 = LINE('',#7108,#7109);
#7108 = CARTESIAN_POINT('',(138.,146.,108.5));
#7109 = VECTOR('',#7110,1.);
#7110 = DIRECTION('',(0.,1.,0.));
#7111 = PLANE('',#7112);
#7112 = AXIS2_PLACEMENT_3D('',#7113,#7114,#7115);
#7113 = CARTESIAN_POINT('',(147.5,146.,118.));
#7114 = DIRECTION('',(-0.707106781187,0.,0.707106781187));
#7115 = DIRECTION('',(-0.707106781187,0.,-0.707106781187));
#7116 = ADVANCED_FACE('',(#7117),#7135,.T.);
#7117 = FACE_BOUND('',#7118,.T.);
#7118 = EDGE_LOOP('',(#7119,#7127,#7128,#7129));
#7119 = ORIENTED_EDGE('',*,*,#7120,.T.);
#7120 = EDGE_CURVE('',#7121,#7090,#7123,.T.);
#7121 = VERTEX_POINT('',#7122);
#7122 = CARTESIAN_POINT('',(128.5,148.,118.));
#7123 = LINE('',#7124,#7125);
#7124 = CARTESIAN_POINT('',(132.75,148.,113.75));
#7125 = VECTOR('',#7126,1.);
#7126 = DIRECTION('',(0.707106781187,0.,-0.707106781187));
#7127 = ORIENTED_EDGE('',*,*,#7106,.T.);
#7128 = ORIENTED_EDGE('',*,*,#1450,.F.);
#7129 = ORIENTED_EDGE('',*,*,#7130,.F.);
#7130 = EDGE_CURVE('',#7121,#1443,#7131,.T.);
#7131 = LINE('',#7132,#7133);
#7132 = CARTESIAN_POINT('',(128.5,146.,118.));
#7133 = VECTOR('',#7134,1.);
#7134 = DIRECTION('',(0.,1.,0.));
#7135 = PLANE('',#7136);
#7136 = AXIS2_PLACEMENT_3D('',#7137,#7138,#7139);
#7137 = CARTESIAN_POINT('',(138.,146.,108.5));
#7138 = DIRECTION('',(0.707106781187,-0.,0.707106781187));
#7139 = DIRECTION('',(-0.707106781187,0.,0.707106781187));
#7140 = ADVANCED_FACE('',(#7141),#7159,.T.);
#7141 = FACE_BOUND('',#7142,.T.);
#7142 = EDGE_LOOP('',(#7143,#7151,#7157,#7158));
#7143 = ORIENTED_EDGE('',*,*,#7144,.T.);
#7144 = EDGE_CURVE('',#7092,#7145,#7147,.T.);
#7145 = VERTEX_POINT('',#7146);
#7146 = CARTESIAN_POINT('',(138.,148.,127.5));
#7147 = LINE('',#7148,#7149);
#7148 = CARTESIAN_POINT('',(137.5,148.,128.));
#7149 = VECTOR('',#7150,1.);
#7150 = DIRECTION('',(-0.707106781187,-0.,0.707106781187));
#7151 = ORIENTED_EDGE('',*,*,#7152,.T.);
#7152 = EDGE_CURVE('',#7145,#1435,#7153,.T.);
#7153 = LINE('',#7154,#7155);
#7154 = CARTESIAN_POINT('',(138.,146.,127.5));
#7155 = VECTOR('',#7156,1.);
#7156 = DIRECTION('',(0.,1.,0.));
#7157 = ORIENTED_EDGE('',*,*,#1434,.F.);
#7158 = ORIENTED_EDGE('',*,*,#7099,.F.);
#7159 = PLANE('',#7160);
#7160 = AXIS2_PLACEMENT_3D('',#7161,#7162,#7163);
#7161 = CARTESIAN_POINT('',(138.,146.,127.5));
#7162 = DIRECTION('',(-0.707106781187,0.,-0.707106781187));
#7163 = DIRECTION('',(0.707106781187,0.,-0.707106781187));
#7164 = ADVANCED_FACE('',(#7165),#7176,.T.);
#7165 = FACE_BOUND('',#7166,.T.);
#7166 = EDGE_LOOP('',(#7167,#7173,#7174,#7175));
#7167 = ORIENTED_EDGE('',*,*,#7168,.T.);
#7168 = EDGE_CURVE('',#7145,#7121,#7169,.T.);
#7169 = LINE('',#7170,#7171);
#7170 = CARTESIAN_POINT('',(74.75,148.,64.25));
#7171 = VECTOR('',#7172,1.);
#7172 = DIRECTION('',(-0.707106781187,0.,-0.707106781187));
#7173 = ORIENTED_EDGE('',*,*,#7130,.T.);
#7174 = ORIENTED_EDGE('',*,*,#1442,.F.);
#7175 = ORIENTED_EDGE('',*,*,#7152,.F.);
#7176 = PLANE('',#7177);
#7177 = AXIS2_PLACEMENT_3D('',#7178,#7179,#7180);
#7178 = CARTESIAN_POINT('',(128.5,146.,118.));
#7179 = DIRECTION('',(0.707106781187,0.,-0.707106781187));
#7180 = DIRECTION('',(0.707106781187,0.,0.707106781187));
#7181 = ADVANCED_FACE('',(#7182),#7207,.T.);
#7182 = FACE_BOUND('',#7183,.T.);
#7183 = EDGE_LOOP('',(#7184,#7185,#7193,#7201));
#7184 = ORIENTED_EDGE('',*,*,#1482,.T.);
#7185 = ORIENTED_EDGE('',*,*,#7186,.T.);
#7186 = EDGE_CURVE('',#1485,#7187,#7189,.T.);
#7187 = VERTEX_POINT('',#7188);
#7188 = CARTESIAN_POINT('',(22.75,21.252776749733,3.5));
#7189 = LINE('',#7190,#7191);
#7190 = CARTESIAN_POINT('',(22.75,21.252776749733,-2.));
#7191 = VECTOR('',#7192,1.);
#7192 = DIRECTION('',(0.,0.,1.));
#7193 = ORIENTED_EDGE('',*,*,#7194,.F.);
#7194 = EDGE_CURVE('',#7195,#7187,#7197,.T.);
#7195 = VERTEX_POINT('',#7196);
#7196 = CARTESIAN_POINT('',(19.5,19.376388374866,3.5));
#7197 = LINE('',#7198,#7199);
#7198 = CARTESIAN_POINT('',(11.500161086754,14.75767922483,3.5));
#7199 = VECTOR('',#7200,1.);
#7200 = DIRECTION('',(0.866025403784,0.5,-0.));
#7201 = ORIENTED_EDGE('',*,*,#7202,.F.);
#7202 = EDGE_CURVE('',#1483,#7195,#7203,.T.);
#7203 = LINE('',#7204,#7205);
#7204 = CARTESIAN_POINT('',(19.5,19.376388374866,-2.));
#7205 = VECTOR('',#7206,1.);
#7206 = DIRECTION('',(0.,0.,1.));
#7207 = PLANE('',#7208);
#7208 = AXIS2_PLACEMENT_3D('',#7209,#7210,#7211);
#7209 = CARTESIAN_POINT('',(22.75,21.252776749733,-2.));
#7210 = DIRECTION('',(0.5,-0.866025403784,0.));
#7211 = DIRECTION('',(-0.866025403784,-0.5,0.));
#7212 = ADVANCED_FACE('',(#7213),#7231,.T.);
#7213 = FACE_BOUND('',#7214,.T.);
#7214 = EDGE_LOOP('',(#7215,#7216,#7217,#7225));
#7215 = ORIENTED_EDGE('',*,*,#1524,.T.);
#7216 = ORIENTED_EDGE('',*,*,#7202,.T.);
#7217 = ORIENTED_EDGE('',*,*,#7218,.F.);
#7218 = EDGE_CURVE('',#7219,#7195,#7221,.T.);
#7219 = VERTEX_POINT('',#7220);
#7220 = CARTESIAN_POINT('',(19.5,15.623611625134,3.5));
#7221 = LINE('',#7222,#7223);
#7222 = CARTESIAN_POINT('',(19.5,11.438194187433,3.5));
#7223 = VECTOR('',#7224,1.);
#7224 = DIRECTION('',(-0.,1.,0.));
#7225 = ORIENTED_EDGE('',*,*,#7226,.F.);
#7226 = EDGE_CURVE('',#1517,#7219,#7227,.T.);
#7227 = LINE('',#7228,#7229);
#7228 = CARTESIAN_POINT('',(19.5,15.623611625134,-2.));
#7229 = VECTOR('',#7230,1.);
#7230 = DIRECTION('',(0.,0.,1.));
#7231 = PLANE('',#7232);
#7232 = AXIS2_PLACEMENT_3D('',#7233,#7234,#7235);
#7233 = CARTESIAN_POINT('',(19.5,19.376388374866,-2.));
#7234 = DIRECTION('',(1.,0.,-0.));
#7235 = DIRECTION('',(0.,-1.,0.));
#7236 = ADVANCED_FACE('',(#7237),#7255,.T.);
#7237 = FACE_BOUND('',#7238,.T.);
#7238 = EDGE_LOOP('',(#7239,#7240,#7248,#7254));
#7239 = ORIENTED_EDGE('',*,*,#1492,.T.);
#7240 = ORIENTED_EDGE('',*,*,#7241,.T.);
#7241 = EDGE_CURVE('',#1493,#7242,#7244,.T.);
#7242 = VERTEX_POINT('',#7243);
#7243 = CARTESIAN_POINT('',(26.,19.376388374866,3.5));
#7244 = LINE('',#7245,#7246);
#7245 = CARTESIAN_POINT('',(26.,19.376388374866,-2.));
#7246 = VECTOR('',#7247,1.);
#7247 = DIRECTION('',(0.,0.,1.));
#7248 = ORIENTED_EDGE('',*,*,#7249,.F.);
#7249 = EDGE_CURVE('',#7187,#7242,#7250,.T.);
#7250 = LINE('',#7251,#7252);
#7251 = CARTESIAN_POINT('',(20.812338913246,22.371485899769,3.5));
#7252 = VECTOR('',#7253,1.);
#7253 = DIRECTION('',(0.866025403784,-0.5,0.));
#7254 = ORIENTED_EDGE('',*,*,#7186,.F.);
#7255 = PLANE('',#7256);
#7256 = AXIS2_PLACEMENT_3D('',#7257,#7258,#7259);
#7257 = CARTESIAN_POINT('',(26.,19.376388374866,-2.));
#7258 = DIRECTION('',(-0.5,-0.866025403784,0.));
#7259 = DIRECTION('',(-0.866025403784,0.5,0.));
#7260 = ADVANCED_FACE('',(#7261),#7279,.T.);
#7261 = FACE_BOUND('',#7262,.T.);
#7262 = EDGE_LOOP('',(#7263,#7264,#7265,#7273));
#7263 = ORIENTED_EDGE('',*,*,#1516,.T.);
#7264 = ORIENTED_EDGE('',*,*,#7226,.T.);
#7265 = ORIENTED_EDGE('',*,*,#7266,.F.);
#7266 = EDGE_CURVE('',#7267,#7219,#7269,.T.);
#7267 = VERTEX_POINT('',#7268);
#7268 = CARTESIAN_POINT('',(22.75,13.747223250267,3.5));
#7269 = LINE('',#7270,#7271);
#7270 = CARTESIAN_POINT('',(15.937338913246,17.680514962603,3.5));
#7271 = VECTOR('',#7272,1.);
#7272 = DIRECTION('',(-0.866025403784,0.5,0.));
#7273 = ORIENTED_EDGE('',*,*,#7274,.F.);
#7274 = EDGE_CURVE('',#1509,#7267,#7275,.T.);
#7275 = LINE('',#7276,#7277);
#7276 = CARTESIAN_POINT('',(22.75,13.747223250267,-2.));
#7277 = VECTOR('',#7278,1.);
#7278 = DIRECTION('',(0.,0.,1.));
#7279 = PLANE('',#7280);
#7280 = AXIS2_PLACEMENT_3D('',#7281,#7282,#7283);
#7281 = CARTESIAN_POINT('',(19.5,15.623611625134,-2.));
#7282 = DIRECTION('',(0.5,0.866025403784,-0.));
#7283 = DIRECTION('',(0.866025403784,-0.5,0.));
#7284 = ADVANCED_FACE('',(#7285),#7303,.T.);
#7285 = FACE_BOUND('',#7286,.T.);
#7286 = EDGE_LOOP('',(#7287,#7288,#7296,#7302));
#7287 = ORIENTED_EDGE('',*,*,#1500,.T.);
#7288 = ORIENTED_EDGE('',*,*,#7289,.T.);
#7289 = EDGE_CURVE('',#1501,#7290,#7292,.T.);
#7290 = VERTEX_POINT('',#7291);
#7291 = CARTESIAN_POINT('',(26.,15.623611625134,3.5));
#7292 = LINE('',#7293,#7294);
#7293 = CARTESIAN_POINT('',(26.,15.623611625134,-2.));
#7294 = VECTOR('',#7295,1.);
#7295 = DIRECTION('',(0.,0.,1.));
#7296 = ORIENTED_EDGE('',*,*,#7297,.F.);
#7297 = EDGE_CURVE('',#7242,#7290,#7298,.T.);
#7298 = LINE('',#7299,#7300);
#7299 = CARTESIAN_POINT('',(26.,9.561805812567,3.5));
#7300 = VECTOR('',#7301,1.);
#7301 = DIRECTION('',(0.,-1.,0.));
#7302 = ORIENTED_EDGE('',*,*,#7241,.F.);
#7303 = PLANE('',#7304);
#7304 = AXIS2_PLACEMENT_3D('',#7305,#7306,#7307);
#7305 = CARTESIAN_POINT('',(26.,15.623611625134,-2.));
#7306 = DIRECTION('',(-1.,0.,0.));
#7307 = DIRECTION('',(0.,1.,0.));
#7308 = ADVANCED_FACE('',(#7309),#7320,.T.);
#7309 = FACE_BOUND('',#7310,.T.);
#7310 = EDGE_LOOP('',(#7311,#7312,#7313,#7319));
#7311 = ORIENTED_EDGE('',*,*,#1508,.T.);
#7312 = ORIENTED_EDGE('',*,*,#7274,.T.);
#7313 = ORIENTED_EDGE('',*,*,#7314,.F.);
#7314 = EDGE_CURVE('',#7290,#7267,#7315,.T.);
#7315 = LINE('',#7316,#7317);
#7316 = CARTESIAN_POINT('',(13.125161086754,8.190319912798,3.5));
#7317 = VECTOR('',#7318,1.);
#7318 = DIRECTION('',(-0.866025403784,-0.5,0.));
#7319 = ORIENTED_EDGE('',*,*,#7289,.F.);
#7320 = PLANE('',#7321);
#7321 = AXIS2_PLACEMENT_3D('',#7322,#7323,#7324);
#7322 = CARTESIAN_POINT('',(22.75,13.747223250267,-2.));
#7323 = DIRECTION('',(-0.5,0.866025403784,0.));
#7324 = DIRECTION('',(0.866025403784,0.5,0.));
#7325 = ADVANCED_FACE('',(#7326),#7351,.T.);
#7326 = FACE_BOUND('',#7327,.T.);
#7327 = EDGE_LOOP('',(#7328,#7329,#7337,#7345));
#7328 = ORIENTED_EDGE('',*,*,#1532,.T.);
#7329 = ORIENTED_EDGE('',*,*,#7330,.T.);
#7330 = EDGE_CURVE('',#1535,#7331,#7333,.T.);
#7331 = VERTEX_POINT('',#7332);
#7332 = CARTESIAN_POINT('',(18.75,29.252776749733,3.5));
#7333 = LINE('',#7334,#7335);
#7334 = CARTESIAN_POINT('',(18.75,29.252776749733,-2.));
#7335 = VECTOR('',#7336,1.);
#7336 = DIRECTION('',(0.,0.,1.));
#7337 = ORIENTED_EDGE('',*,*,#7338,.F.);
#7338 = EDGE_CURVE('',#7339,#7331,#7341,.T.);
#7339 = VERTEX_POINT('',#7340);
#7340 = CARTESIAN_POINT('',(15.5,27.376388374866,3.5));
#7341 = LINE('',#7342,#7343);
#7342 = CARTESIAN_POINT('',(7.268110279186,22.623704628615,3.5));
#7343 = VECTOR('',#7344,1.);
#7344 = DIRECTION('',(0.866025403784,0.5,-0.));
#7345 = ORIENTED_EDGE('',*,*,#7346,.F.);
#7346 = EDGE_CURVE('',#1533,#7339,#7347,.T.);
#7347 = LINE('',#7348,#7349);
#7348 = CARTESIAN_POINT('',(15.5,27.376388374866,-2.));
#7349 = VECTOR('',#7350,1.);
#7350 = DIRECTION('',(0.,0.,1.));
#7351 = PLANE('',#7352);
#7352 = AXIS2_PLACEMENT_3D('',#7353,#7354,#7355);
#7353 = CARTESIAN_POINT('',(18.75,29.252776749733,-2.));
#7354 = DIRECTION('',(0.5,-0.866025403784,0.));
#7355 = DIRECTION('',(-0.866025403784,-0.5,0.));
#7356 = ADVANCED_FACE('',(#7357),#7375,.T.);
#7357 = FACE_BOUND('',#7358,.T.);
#7358 = EDGE_LOOP('',(#7359,#7360,#7361,#7369));
#7359 = ORIENTED_EDGE('',*,*,#1574,.T.);
#7360 = ORIENTED_EDGE('',*,*,#7346,.T.);
#7361 = ORIENTED_EDGE('',*,*,#7362,.F.);
#7362 = EDGE_CURVE('',#7363,#7339,#7365,.T.);
#7363 = VERTEX_POINT('',#7364);
#7364 = CARTESIAN_POINT('',(15.5,23.623611625134,3.5));
#7365 = LINE('',#7366,#7367);
#7366 = CARTESIAN_POINT('',(15.5,15.438194187433,3.5));
#7367 = VECTOR('',#7368,1.);
#7368 = DIRECTION('',(-0.,1.,0.));
#7369 = ORIENTED_EDGE('',*,*,#7370,.F.);
#7370 = EDGE_CURVE('',#1567,#7363,#7371,.T.);
#7371 = LINE('',#7372,#7373);
#7372 = CARTESIAN_POINT('',(15.5,23.623611625134,-2.));
#7373 = VECTOR('',#7374,1.);
#7374 = DIRECTION('',(0.,0.,1.));
#7375 = PLANE('',#7376);
#7376 = AXIS2_PLACEMENT_3D('',#7377,#7378,#7379);
#7377 = CARTESIAN_POINT('',(15.5,27.376388374866,-2.));
#7378 = DIRECTION('',(1.,0.,-0.));
#7379 = DIRECTION('',(0.,-1.,0.));
#7380 = ADVANCED_FACE('',(#7381),#7399,.T.);
#7381 = FACE_BOUND('',#7382,.T.);
#7382 = EDGE_LOOP('',(#7383,#7384,#7392,#7398));
#7383 = ORIENTED_EDGE('',*,*,#1542,.T.);
#7384 = ORIENTED_EDGE('',*,*,#7385,.T.);
#7385 = EDGE_CURVE('',#1543,#7386,#7388,.T.);
#7386 = VERTEX_POINT('',#7387);
#7387 = CARTESIAN_POINT('',(22.,27.376388374866,3.5));
#7388 = LINE('',#7389,#7390);
#7389 = CARTESIAN_POINT('',(22.,27.376388374866,-2.));
#7390 = VECTOR('',#7391,1.);
#7391 = DIRECTION('',(0.,0.,1.));
#7392 = ORIENTED_EDGE('',*,*,#7393,.F.);
#7393 = EDGE_CURVE('',#7331,#7386,#7394,.T.);
#7394 = LINE('',#7395,#7396);
#7395 = CARTESIAN_POINT('',(20.044389720814,28.505460495984,3.5));
#7396 = VECTOR('',#7397,1.);
#7397 = DIRECTION('',(0.866025403784,-0.5,0.));
#7398 = ORIENTED_EDGE('',*,*,#7330,.F.);
#7399 = PLANE('',#7400);
#7400 = AXIS2_PLACEMENT_3D('',#7401,#7402,#7403);
#7401 = CARTESIAN_POINT('',(22.,27.376388374866,-2.));
#7402 = DIRECTION('',(-0.5,-0.866025403784,0.));
#7403 = DIRECTION('',(-0.866025403784,0.5,0.));
#7404 = ADVANCED_FACE('',(#7405),#7423,.T.);
#7405 = FACE_BOUND('',#7406,.T.);
#7406 = EDGE_LOOP('',(#7407,#7408,#7409,#7417));
#7407 = ORIENTED_EDGE('',*,*,#1566,.T.);
#7408 = ORIENTED_EDGE('',*,*,#7370,.T.);
#7409 = ORIENTED_EDGE('',*,*,#7410,.F.);
#7410 = EDGE_CURVE('',#7411,#7363,#7413,.T.);
#7411 = VERTEX_POINT('',#7412);
#7412 = CARTESIAN_POINT('',(18.75,21.747223250267,3.5));
#7413 = LINE('',#7414,#7415);
#7414 = CARTESIAN_POINT('',(15.169389720814,23.814489558818,3.5));
#7415 = VECTOR('',#7416,1.);
#7416 = DIRECTION('',(-0.866025403784,0.5,0.));
#7417 = ORIENTED_EDGE('',*,*,#7418,.F.);
#7418 = EDGE_CURVE('',#1559,#7411,#7419,.T.);
#7419 = LINE('',#7420,#7421);
#7420 = CARTESIAN_POINT('',(18.75,21.747223250267,-2.));
#7421 = VECTOR('',#7422,1.);
#7422 = DIRECTION('',(0.,0.,1.));
#7423 = PLANE('',#7424);
#7424 = AXIS2_PLACEMENT_3D('',#7425,#7426,#7427);
#7425 = CARTESIAN_POINT('',(15.5,23.623611625134,-2.));
#7426 = DIRECTION('',(0.5,0.866025403784,-0.));
#7427 = DIRECTION('',(0.866025403784,-0.5,0.));
#7428 = ADVANCED_FACE('',(#7429),#7447,.T.);
#7429 = FACE_BOUND('',#7430,.T.);
#7430 = EDGE_LOOP('',(#7431,#7432,#7440,#7446));
#7431 = ORIENTED_EDGE('',*,*,#1550,.T.);
#7432 = ORIENTED_EDGE('',*,*,#7433,.T.);
#7433 = EDGE_CURVE('',#1551,#7434,#7436,.T.);
#7434 = VERTEX_POINT('',#7435);
#7435 = CARTESIAN_POINT('',(22.,23.623611625134,3.5));
#7436 = LINE('',#7437,#7438);
#7437 = CARTESIAN_POINT('',(22.,23.623611625134,-2.));
#7438 = VECTOR('',#7439,1.);
#7439 = DIRECTION('',(0.,0.,1.));
#7440 = ORIENTED_EDGE('',*,*,#7441,.F.);
#7441 = EDGE_CURVE('',#7386,#7434,#7442,.T.);
#7442 = LINE('',#7443,#7444);
#7443 = CARTESIAN_POINT('',(22.,13.561805812567,3.5));
#7444 = VECTOR('',#7445,1.);
#7445 = DIRECTION('',(0.,-1.,0.));
#7446 = ORIENTED_EDGE('',*,*,#7385,.F.);
#7447 = PLANE('',#7448);
#7448 = AXIS2_PLACEMENT_3D('',#7449,#7450,#7451);
#7449 = CARTESIAN_POINT('',(22.,23.623611625134,-2.));
#7450 = DIRECTION('',(-1.,0.,0.));
#7451 = DIRECTION('',(0.,1.,0.));
#7452 = ADVANCED_FACE('',(#7453),#7464,.T.);
#7453 = FACE_BOUND('',#7454,.T.);
#7454 = EDGE_LOOP('',(#7455,#7456,#7457,#7463));
#7455 = ORIENTED_EDGE('',*,*,#1558,.T.);
#7456 = ORIENTED_EDGE('',*,*,#7418,.T.);
#7457 = ORIENTED_EDGE('',*,*,#7458,.F.);
#7458 = EDGE_CURVE('',#7434,#7411,#7459,.T.);
#7459 = LINE('',#7460,#7461);
#7460 = CARTESIAN_POINT('',(8.893110279186,16.056345316583,3.5));
#7461 = VECTOR('',#7462,1.);
#7462 = DIRECTION('',(-0.866025403784,-0.5,0.));
#7463 = ORIENTED_EDGE('',*,*,#7433,.F.);
#7464 = PLANE('',#7465);
#7465 = AXIS2_PLACEMENT_3D('',#7466,#7467,#7468);
#7466 = CARTESIAN_POINT('',(18.75,21.747223250267,-2.));
#7467 = DIRECTION('',(-0.5,0.866025403784,0.));
#7468 = DIRECTION('',(0.866025403784,0.5,0.));
#7469 = ADVANCED_FACE('',(#7470),#7495,.T.);
#7470 = FACE_BOUND('',#7471,.T.);
#7471 = EDGE_LOOP('',(#7472,#7473,#7481,#7489));
#7472 = ORIENTED_EDGE('',*,*,#1582,.T.);
#7473 = ORIENTED_EDGE('',*,*,#7474,.T.);
#7474 = EDGE_CURVE('',#1585,#7475,#7477,.T.);
#7475 = VERTEX_POINT('',#7476);
#7476 = CARTESIAN_POINT('',(31.75,21.252776749733,3.5));
#7477 = LINE('',#7478,#7479);
#7478 = CARTESIAN_POINT('',(31.75,21.252776749733,-2.));
#7479 = VECTOR('',#7480,1.);
#7480 = DIRECTION('',(0.,0.,1.));
#7481 = ORIENTED_EDGE('',*,*,#7482,.F.);
#7482 = EDGE_CURVE('',#7483,#7475,#7485,.T.);
#7483 = VERTEX_POINT('',#7484);
#7484 = CARTESIAN_POINT('',(28.5,19.376388374866,3.5));
#7485 = LINE('',#7486,#7487);
#7486 = CARTESIAN_POINT('',(17.125161086754,12.809122066315,3.5));
#7487 = VECTOR('',#7488,1.);
#7488 = DIRECTION('',(0.866025403784,0.5,-0.));
#7489 = ORIENTED_EDGE('',*,*,#7490,.F.);
#7490 = EDGE_CURVE('',#1583,#7483,#7491,.T.);
#7491 = LINE('',#7492,#7493);
#7492 = CARTESIAN_POINT('',(28.5,19.376388374866,-2.));
#7493 = VECTOR('',#7494,1.);
#7494 = DIRECTION('',(0.,0.,1.));
#7495 = PLANE('',#7496);
#7496 = AXIS2_PLACEMENT_3D('',#7497,#7498,#7499);
#7497 = CARTESIAN_POINT('',(31.75,21.252776749733,-2.));
#7498 = DIRECTION('',(0.5,-0.866025403784,0.));
#7499 = DIRECTION('',(-0.866025403784,-0.5,0.));
#7500 = ADVANCED_FACE('',(#7501),#7519,.T.);
#7501 = FACE_BOUND('',#7502,.T.);
#7502 = EDGE_LOOP('',(#7503,#7504,#7505,#7513));
#7503 = ORIENTED_EDGE('',*,*,#1624,.T.);
#7504 = ORIENTED_EDGE('',*,*,#7490,.T.);
#7505 = ORIENTED_EDGE('',*,*,#7506,.F.);
#7506 = EDGE_CURVE('',#7507,#7483,#7509,.T.);
#7507 = VERTEX_POINT('',#7508);
#7508 = CARTESIAN_POINT('',(28.5,15.623611625134,3.5));
#7509 = LINE('',#7510,#7511);
#7510 = CARTESIAN_POINT('',(28.5,11.438194187433,3.5));
#7511 = VECTOR('',#7512,1.);
#7512 = DIRECTION('',(-0.,1.,0.));
#7513 = ORIENTED_EDGE('',*,*,#7514,.F.);
#7514 = EDGE_CURVE('',#1617,#7507,#7515,.T.);
#7515 = LINE('',#7516,#7517);
#7516 = CARTESIAN_POINT('',(28.5,15.623611625134,-2.));
#7517 = VECTOR('',#7518,1.);
#7518 = DIRECTION('',(0.,0.,1.));
#7519 = PLANE('',#7520);
#7520 = AXIS2_PLACEMENT_3D('',#7521,#7522,#7523);
#7521 = CARTESIAN_POINT('',(28.5,19.376388374866,-2.));
#7522 = DIRECTION('',(1.,0.,-0.));
#7523 = DIRECTION('',(0.,-1.,0.));
#7524 = ADVANCED_FACE('',(#7525),#7543,.T.);
#7525 = FACE_BOUND('',#7526,.T.);
#7526 = EDGE_LOOP('',(#7527,#7528,#7536,#7542));
#7527 = ORIENTED_EDGE('',*,*,#1592,.T.);
#7528 = ORIENTED_EDGE('',*,*,#7529,.T.);
#7529 = EDGE_CURVE('',#1593,#7530,#7532,.T.);
#7530 = VERTEX_POINT('',#7531);
#7531 = CARTESIAN_POINT('',(35.,19.376388374866,3.5));
#7532 = LINE('',#7533,#7534);
#7533 = CARTESIAN_POINT('',(35.,19.376388374866,-2.));
#7534 = VECTOR('',#7535,1.);
#7535 = DIRECTION('',(0.,0.,1.));
#7536 = ORIENTED_EDGE('',*,*,#7537,.F.);
#7537 = EDGE_CURVE('',#7475,#7530,#7538,.T.);
#7538 = LINE('',#7539,#7540);
#7539 = CARTESIAN_POINT('',(26.437338913246,24.320043058284,3.5));
#7540 = VECTOR('',#7541,1.);
#7541 = DIRECTION('',(0.866025403784,-0.5,0.));
#7542 = ORIENTED_EDGE('',*,*,#7474,.F.);
#7543 = PLANE('',#7544);
#7544 = AXIS2_PLACEMENT_3D('',#7545,#7546,#7547);
#7545 = CARTESIAN_POINT('',(35.,19.376388374866,-2.));
#7546 = DIRECTION('',(-0.5,-0.866025403784,0.));
#7547 = DIRECTION('',(-0.866025403784,0.5,0.));
#7548 = ADVANCED_FACE('',(#7549),#7567,.T.);
#7549 = FACE_BOUND('',#7550,.T.);
#7550 = EDGE_LOOP('',(#7551,#7552,#7553,#7561));
#7551 = ORIENTED_EDGE('',*,*,#1616,.T.);
#7552 = ORIENTED_EDGE('',*,*,#7514,.T.);
#7553 = ORIENTED_EDGE('',*,*,#7554,.F.);
#7554 = EDGE_CURVE('',#7555,#7507,#7557,.T.);
#7555 = VERTEX_POINT('',#7556);
#7556 = CARTESIAN_POINT('',(31.75,13.747223250267,3.5));
#7557 = LINE('',#7558,#7559);
#7558 = CARTESIAN_POINT('',(21.562338913246,19.629072121118,3.5));
#7559 = VECTOR('',#7560,1.);
#7560 = DIRECTION('',(-0.866025403784,0.5,0.));
#7561 = ORIENTED_EDGE('',*,*,#7562,.F.);
#7562 = EDGE_CURVE('',#1609,#7555,#7563,.T.);
#7563 = LINE('',#7564,#7565);
#7564 = CARTESIAN_POINT('',(31.75,13.747223250267,-2.));
#7565 = VECTOR('',#7566,1.);
#7566 = DIRECTION('',(0.,0.,1.));
#7567 = PLANE('',#7568);
#7568 = AXIS2_PLACEMENT_3D('',#7569,#7570,#7571);
#7569 = CARTESIAN_POINT('',(28.5,15.623611625134,-2.));
#7570 = DIRECTION('',(0.5,0.866025403784,-0.));
#7571 = DIRECTION('',(0.866025403784,-0.5,0.));
#7572 = ADVANCED_FACE('',(#7573),#7591,.T.);
#7573 = FACE_BOUND('',#7574,.T.);
#7574 = EDGE_LOOP('',(#7575,#7576,#7584,#7590));
#7575 = ORIENTED_EDGE('',*,*,#1600,.T.);
#7576 = ORIENTED_EDGE('',*,*,#7577,.T.);
#7577 = EDGE_CURVE('',#1601,#7578,#7580,.T.);
#7578 = VERTEX_POINT('',#7579);
#7579 = CARTESIAN_POINT('',(35.,15.623611625134,3.5));
#7580 = LINE('',#7581,#7582);
#7581 = CARTESIAN_POINT('',(35.,15.623611625134,-2.));
#7582 = VECTOR('',#7583,1.);
#7583 = DIRECTION('',(0.,0.,1.));
#7584 = ORIENTED_EDGE('',*,*,#7585,.F.);
#7585 = EDGE_CURVE('',#7530,#7578,#7586,.T.);
#7586 = LINE('',#7587,#7588);
#7587 = CARTESIAN_POINT('',(35.,9.561805812567,3.5));
#7588 = VECTOR('',#7589,1.);
#7589 = DIRECTION('',(0.,-1.,0.));
#7590 = ORIENTED_EDGE('',*,*,#7529,.F.);
#7591 = PLANE('',#7592);
#7592 = AXIS2_PLACEMENT_3D('',#7593,#7594,#7595);
#7593 = CARTESIAN_POINT('',(35.,15.623611625134,-2.));
#7594 = DIRECTION('',(-1.,0.,0.));
#7595 = DIRECTION('',(0.,1.,0.));
#7596 = ADVANCED_FACE('',(#7597),#7608,.T.);
#7597 = FACE_BOUND('',#7598,.T.);
#7598 = EDGE_LOOP('',(#7599,#7600,#7601,#7607));
#7599 = ORIENTED_EDGE('',*,*,#1608,.T.);
#7600 = ORIENTED_EDGE('',*,*,#7562,.T.);
#7601 = ORIENTED_EDGE('',*,*,#7602,.F.);
#7602 = EDGE_CURVE('',#7578,#7555,#7603,.T.);
#7603 = LINE('',#7604,#7605);
#7604 = CARTESIAN_POINT('',(18.750161086754,6.241762754283,3.5));
#7605 = VECTOR('',#7606,1.);
#7606 = DIRECTION('',(-0.866025403784,-0.5,0.));
#7607 = ORIENTED_EDGE('',*,*,#7577,.F.);
#7608 = PLANE('',#7609);
#7609 = AXIS2_PLACEMENT_3D('',#7610,#7611,#7612);
#7610 = CARTESIAN_POINT('',(31.75,13.747223250267,-2.));
#7611 = DIRECTION('',(-0.5,0.866025403784,0.));
#7612 = DIRECTION('',(0.866025403784,0.5,0.));
#7613 = ADVANCED_FACE('',(#7614),#7639,.T.);
#7614 = FACE_BOUND('',#7615,.T.);
#7615 = EDGE_LOOP('',(#7616,#7617,#7625,#7633));
#7616 = ORIENTED_EDGE('',*,*,#1632,.T.);
#7617 = ORIENTED_EDGE('',*,*,#7618,.T.);
#7618 = EDGE_CURVE('',#1635,#7619,#7621,.T.);
#7619 = VERTEX_POINT('',#7620);
#7620 = CARTESIAN_POINT('',(40.75,21.252776749733,3.5));
#7621 = LINE('',#7622,#7623);
#7622 = CARTESIAN_POINT('',(40.75,21.252776749733,-2.));
#7623 = VECTOR('',#7624,1.);
#7624 = DIRECTION('',(0.,0.,1.));
#7625 = ORIENTED_EDGE('',*,*,#7626,.F.);
#7626 = EDGE_CURVE('',#7627,#7619,#7629,.T.);
#7627 = VERTEX_POINT('',#7628);
#7628 = CARTESIAN_POINT('',(37.5,19.376388374866,3.5));
#7629 = LINE('',#7630,#7631);
#7630 = CARTESIAN_POINT('',(22.750161086754,10.8605649078,3.5));
#7631 = VECTOR('',#7632,1.);
#7632 = DIRECTION('',(0.866025403784,0.5,-0.));
#7633 = ORIENTED_EDGE('',*,*,#7634,.F.);
#7634 = EDGE_CURVE('',#1633,#7627,#7635,.T.);
#7635 = LINE('',#7636,#7637);
#7636 = CARTESIAN_POINT('',(37.5,19.376388374866,-2.));
#7637 = VECTOR('',#7638,1.);
#7638 = DIRECTION('',(0.,0.,1.));
#7639 = PLANE('',#7640);
#7640 = AXIS2_PLACEMENT_3D('',#7641,#7642,#7643);
#7641 = CARTESIAN_POINT('',(40.75,21.252776749733,-2.));
#7642 = DIRECTION('',(0.5,-0.866025403784,0.));
#7643 = DIRECTION('',(-0.866025403784,-0.5,0.));
#7644 = ADVANCED_FACE('',(#7645),#7663,.T.);
#7645 = FACE_BOUND('',#7646,.T.);
#7646 = EDGE_LOOP('',(#7647,#7648,#7649,#7657));
#7647 = ORIENTED_EDGE('',*,*,#1674,.T.);
#7648 = ORIENTED_EDGE('',*,*,#7634,.T.);
#7649 = ORIENTED_EDGE('',*,*,#7650,.F.);
#7650 = EDGE_CURVE('',#7651,#7627,#7653,.T.);
#7651 = VERTEX_POINT('',#7652);
#7652 = CARTESIAN_POINT('',(37.5,15.623611625134,3.5));
#7653 = LINE('',#7654,#7655);
#7654 = CARTESIAN_POINT('',(37.5,11.438194187433,3.5));
#7655 = VECTOR('',#7656,1.);
#7656 = DIRECTION('',(-0.,1.,0.));
#7657 = ORIENTED_EDGE('',*,*,#7658,.F.);
#7658 = EDGE_CURVE('',#1667,#7651,#7659,.T.);
#7659 = LINE('',#7660,#7661);
#7660 = CARTESIAN_POINT('',(37.5,15.623611625134,-2.));
#7661 = VECTOR('',#7662,1.);
#7662 = DIRECTION('',(0.,0.,1.));
#7663 = PLANE('',#7664);
#7664 = AXIS2_PLACEMENT_3D('',#7665,#7666,#7667);
#7665 = CARTESIAN_POINT('',(37.5,19.376388374866,-2.));
#7666 = DIRECTION('',(1.,0.,-0.));
#7667 = DIRECTION('',(0.,-1.,0.));
#7668 = ADVANCED_FACE('',(#7669),#7687,.T.);
#7669 = FACE_BOUND('',#7670,.T.);
#7670 = EDGE_LOOP('',(#7671,#7672,#7680,#7686));
#7671 = ORIENTED_EDGE('',*,*,#1642,.T.);
#7672 = ORIENTED_EDGE('',*,*,#7673,.T.);
#7673 = EDGE_CURVE('',#1643,#7674,#7676,.T.);
#7674 = VERTEX_POINT('',#7675);
#7675 = CARTESIAN_POINT('',(44.,19.376388374866,3.5));
#7676 = LINE('',#7677,#7678);
#7677 = CARTESIAN_POINT('',(44.,19.376388374866,-2.));
#7678 = VECTOR('',#7679,1.);
#7679 = DIRECTION('',(0.,0.,1.));
#7680 = ORIENTED_EDGE('',*,*,#7681,.F.);
#7681 = EDGE_CURVE('',#7619,#7674,#7682,.T.);
#7682 = LINE('',#7683,#7684);
#7683 = CARTESIAN_POINT('',(32.062338913246,26.268600216798,3.5));
#7684 = VECTOR('',#7685,1.);
#7685 = DIRECTION('',(0.866025403784,-0.5,0.));
#7686 = ORIENTED_EDGE('',*,*,#7618,.F.);
#7687 = PLANE('',#7688);
#7688 = AXIS2_PLACEMENT_3D('',#7689,#7690,#7691);
#7689 = CARTESIAN_POINT('',(44.,19.376388374866,-2.));
#7690 = DIRECTION('',(-0.5,-0.866025403784,0.));
#7691 = DIRECTION('',(-0.866025403784,0.5,0.));
#7692 = ADVANCED_FACE('',(#7693),#7711,.T.);
#7693 = FACE_BOUND('',#7694,.T.);
#7694 = EDGE_LOOP('',(#7695,#7696,#7697,#7705));
#7695 = ORIENTED_EDGE('',*,*,#1666,.T.);
#7696 = ORIENTED_EDGE('',*,*,#7658,.T.);
#7697 = ORIENTED_EDGE('',*,*,#7698,.F.);
#7698 = EDGE_CURVE('',#7699,#7651,#7701,.T.);
#7699 = VERTEX_POINT('',#7700);
#7700 = CARTESIAN_POINT('',(40.75,13.747223250267,3.5));
#7701 = LINE('',#7702,#7703);
#7702 = CARTESIAN_POINT('',(27.187338913246,21.577629279633,3.5));
#7703 = VECTOR('',#7704,1.);
#7704 = DIRECTION('',(-0.866025403784,0.5,0.));
#7705 = ORIENTED_EDGE('',*,*,#7706,.F.);
#7706 = EDGE_CURVE('',#1659,#7699,#7707,.T.);
#7707 = LINE('',#7708,#7709);
#7708 = CARTESIAN_POINT('',(40.75,13.747223250267,-2.));
#7709 = VECTOR('',#7710,1.);
#7710 = DIRECTION('',(0.,0.,1.));
#7711 = PLANE('',#7712);
#7712 = AXIS2_PLACEMENT_3D('',#7713,#7714,#7715);
#7713 = CARTESIAN_POINT('',(37.5,15.623611625134,-2.));
#7714 = DIRECTION('',(0.5,0.866025403784,-0.));
#7715 = DIRECTION('',(0.866025403784,-0.5,0.));
#7716 = ADVANCED_FACE('',(#7717),#7735,.T.);
#7717 = FACE_BOUND('',#7718,.T.);
#7718 = EDGE_LOOP('',(#7719,#7720,#7728,#7734));
#7719 = ORIENTED_EDGE('',*,*,#1650,.T.);
#7720 = ORIENTED_EDGE('',*,*,#7721,.T.);
#7721 = EDGE_CURVE('',#1651,#7722,#7724,.T.);
#7722 = VERTEX_POINT('',#7723);
#7723 = CARTESIAN_POINT('',(44.,15.623611625134,3.5));
#7724 = LINE('',#7725,#7726);
#7725 = CARTESIAN_POINT('',(44.,15.623611625134,-2.));
#7726 = VECTOR('',#7727,1.);
#7727 = DIRECTION('',(0.,0.,1.));
#7728 = ORIENTED_EDGE('',*,*,#7729,.F.);
#7729 = EDGE_CURVE('',#7674,#7722,#7730,.T.);
#7730 = LINE('',#7731,#7732);
#7731 = CARTESIAN_POINT('',(44.,9.561805812567,3.5));
#7732 = VECTOR('',#7733,1.);
#7733 = DIRECTION('',(0.,-1.,0.));
#7734 = ORIENTED_EDGE('',*,*,#7673,.F.);
#7735 = PLANE('',#7736);
#7736 = AXIS2_PLACEMENT_3D('',#7737,#7738,#7739);
#7737 = CARTESIAN_POINT('',(44.,15.623611625134,-2.));
#7738 = DIRECTION('',(-1.,0.,0.));
#7739 = DIRECTION('',(0.,1.,0.));
#7740 = ADVANCED_FACE('',(#7741),#7752,.T.);
#7741 = FACE_BOUND('',#7742,.T.);
#7742 = EDGE_LOOP('',(#7743,#7744,#7745,#7751));
#7743 = ORIENTED_EDGE('',*,*,#1658,.T.);
#7744 = ORIENTED_EDGE('',*,*,#7706,.T.);
#7745 = ORIENTED_EDGE('',*,*,#7746,.F.);
#7746 = EDGE_CURVE('',#7722,#7699,#7747,.T.);
#7747 = LINE('',#7748,#7749);
#7748 = CARTESIAN_POINT('',(24.375161086754,4.293205595768,3.5));
#7749 = VECTOR('',#7750,1.);
#7750 = DIRECTION('',(-0.866025403784,-0.5,0.));
#7751 = ORIENTED_EDGE('',*,*,#7721,.F.);
#7752 = PLANE('',#7753);
#7753 = AXIS2_PLACEMENT_3D('',#7754,#7755,#7756);
#7754 = CARTESIAN_POINT('',(40.75,13.747223250267,-2.));
#7755 = DIRECTION('',(-0.5,0.866025403784,0.));
#7756 = DIRECTION('',(0.866025403784,0.5,0.));
#7757 = ADVANCED_FACE('',(#7758),#7783,.T.);
#7758 = FACE_BOUND('',#7759,.T.);
#7759 = EDGE_LOOP('',(#7760,#7761,#7769,#7777));
#7760 = ORIENTED_EDGE('',*,*,#1682,.T.);
#7761 = ORIENTED_EDGE('',*,*,#7762,.T.);
#7762 = EDGE_CURVE('',#1685,#7763,#7765,.T.);
#7763 = VERTEX_POINT('',#7764);
#7764 = CARTESIAN_POINT('',(27.75,29.252776749733,3.5));
#7765 = LINE('',#7766,#7767);
#7766 = CARTESIAN_POINT('',(27.75,29.252776749733,-2.));
#7767 = VECTOR('',#7768,1.);
#7768 = DIRECTION('',(0.,0.,1.));
#7769 = ORIENTED_EDGE('',*,*,#7770,.F.);
#7770 = EDGE_CURVE('',#7771,#7763,#7773,.T.);
#7771 = VERTEX_POINT('',#7772);
#7772 = CARTESIAN_POINT('',(24.5,27.376388374866,3.5));
#7773 = LINE('',#7774,#7775);
#7774 = CARTESIAN_POINT('',(12.893110279186,20.6751474701,3.5));
#7775 = VECTOR('',#7776,1.);
#7776 = DIRECTION('',(0.866025403784,0.5,-0.));
#7777 = ORIENTED_EDGE('',*,*,#7778,.F.);
#7778 = EDGE_CURVE('',#1683,#7771,#7779,.T.);
#7779 = LINE('',#7780,#7781);
#7780 = CARTESIAN_POINT('',(24.5,27.376388374866,-2.));
#7781 = VECTOR('',#7782,1.);
#7782 = DIRECTION('',(0.,0.,1.));
#7783 = PLANE('',#7784);
#7784 = AXIS2_PLACEMENT_3D('',#7785,#7786,#7787);
#7785 = CARTESIAN_POINT('',(27.75,29.252776749733,-2.));
#7786 = DIRECTION('',(0.5,-0.866025403784,0.));
#7787 = DIRECTION('',(-0.866025403784,-0.5,0.));
#7788 = ADVANCED_FACE('',(#7789),#7807,.T.);
#7789 = FACE_BOUND('',#7790,.T.);
#7790 = EDGE_LOOP('',(#7791,#7792,#7793,#7801));
#7791 = ORIENTED_EDGE('',*,*,#1724,.T.);
#7792 = ORIENTED_EDGE('',*,*,#7778,.T.);
#7793 = ORIENTED_EDGE('',*,*,#7794,.F.);
#7794 = EDGE_CURVE('',#7795,#7771,#7797,.T.);
#7795 = VERTEX_POINT('',#7796);
#7796 = CARTESIAN_POINT('',(24.5,23.623611625134,3.5));
#7797 = LINE('',#7798,#7799);
#7798 = CARTESIAN_POINT('',(24.5,15.438194187433,3.5));
#7799 = VECTOR('',#7800,1.);
#7800 = DIRECTION('',(-0.,1.,0.));
#7801 = ORIENTED_EDGE('',*,*,#7802,.F.);
#7802 = EDGE_CURVE('',#1717,#7795,#7803,.T.);
#7803 = LINE('',#7804,#7805);
#7804 = CARTESIAN_POINT('',(24.5,23.623611625134,-2.));
#7805 = VECTOR('',#7806,1.);
#7806 = DIRECTION('',(0.,0.,1.));
#7807 = PLANE('',#7808);
#7808 = AXIS2_PLACEMENT_3D('',#7809,#7810,#7811);
#7809 = CARTESIAN_POINT('',(24.5,27.376388374866,-2.));
#7810 = DIRECTION('',(1.,0.,-0.));
#7811 = DIRECTION('',(0.,-1.,0.));
#7812 = ADVANCED_FACE('',(#7813),#7831,.T.);
#7813 = FACE_BOUND('',#7814,.T.);
#7814 = EDGE_LOOP('',(#7815,#7816,#7824,#7830));
#7815 = ORIENTED_EDGE('',*,*,#1692,.T.);
#7816 = ORIENTED_EDGE('',*,*,#7817,.T.);
#7817 = EDGE_CURVE('',#1693,#7818,#7820,.T.);
#7818 = VERTEX_POINT('',#7819);
#7819 = CARTESIAN_POINT('',(31.,27.376388374866,3.5));
#7820 = LINE('',#7821,#7822);
#7821 = CARTESIAN_POINT('',(31.,27.376388374866,-2.));
#7822 = VECTOR('',#7823,1.);
#7823 = DIRECTION('',(0.,0.,1.));
#7824 = ORIENTED_EDGE('',*,*,#7825,.F.);
#7825 = EDGE_CURVE('',#7763,#7818,#7826,.T.);
#7826 = LINE('',#7827,#7828);
#7827 = CARTESIAN_POINT('',(25.669389720814,30.454017654499,3.5));
#7828 = VECTOR('',#7829,1.);
#7829 = DIRECTION('',(0.866025403784,-0.5,0.));
#7830 = ORIENTED_EDGE('',*,*,#7762,.F.);
#7831 = PLANE('',#7832);
#7832 = AXIS2_PLACEMENT_3D('',#7833,#7834,#7835);
#7833 = CARTESIAN_POINT('',(31.,27.376388374866,-2.));
#7834 = DIRECTION('',(-0.5,-0.866025403784,0.));
#7835 = DIRECTION('',(-0.866025403784,0.5,0.));
#7836 = ADVANCED_FACE('',(#7837),#7855,.T.);
#7837 = FACE_BOUND('',#7838,.T.);
#7838 = EDGE_LOOP('',(#7839,#7840,#7841,#7849));
#7839 = ORIENTED_EDGE('',*,*,#1716,.T.);
#7840 = ORIENTED_EDGE('',*,*,#7802,.T.);
#7841 = ORIENTED_EDGE('',*,*,#7842,.F.);
#7842 = EDGE_CURVE('',#7843,#7795,#7845,.T.);
#7843 = VERTEX_POINT('',#7844);
#7844 = CARTESIAN_POINT('',(27.75,21.747223250267,3.5));
#7845 = LINE('',#7846,#7847);
#7846 = CARTESIAN_POINT('',(20.794389720814,25.763046717333,3.5));
#7847 = VECTOR('',#7848,1.);
#7848 = DIRECTION('',(-0.866025403784,0.5,0.));
#7849 = ORIENTED_EDGE('',*,*,#7850,.F.);
#7850 = EDGE_CURVE('',#1709,#7843,#7851,.T.);
#7851 = LINE('',#7852,#7853);
#7852 = CARTESIAN_POINT('',(27.75,21.747223250267,-2.));
#7853 = VECTOR('',#7854,1.);
#7854 = DIRECTION('',(0.,0.,1.));
#7855 = PLANE('',#7856);
#7856 = AXIS2_PLACEMENT_3D('',#7857,#7858,#7859);
#7857 = CARTESIAN_POINT('',(24.5,23.623611625134,-2.));
#7858 = DIRECTION('',(0.5,0.866025403784,-0.));
#7859 = DIRECTION('',(0.866025403784,-0.5,0.));
#7860 = ADVANCED_FACE('',(#7861),#7879,.T.);
#7861 = FACE_BOUND('',#7862,.T.);
#7862 = EDGE_LOOP('',(#7863,#7864,#7872,#7878));
#7863 = ORIENTED_EDGE('',*,*,#1700,.T.);
#7864 = ORIENTED_EDGE('',*,*,#7865,.T.);
#7865 = EDGE_CURVE('',#1701,#7866,#7868,.T.);
#7866 = VERTEX_POINT('',#7867);
#7867 = CARTESIAN_POINT('',(31.,23.623611625134,3.5));
#7868 = LINE('',#7869,#7870);
#7869 = CARTESIAN_POINT('',(31.,23.623611625134,-2.));
#7870 = VECTOR('',#7871,1.);
#7871 = DIRECTION('',(0.,0.,1.));
#7872 = ORIENTED_EDGE('',*,*,#7873,.F.);
#7873 = EDGE_CURVE('',#7818,#7866,#7874,.T.);
#7874 = LINE('',#7875,#7876);
#7875 = CARTESIAN_POINT('',(31.,13.561805812567,3.5));
#7876 = VECTOR('',#7877,1.);
#7877 = DIRECTION('',(0.,-1.,0.));
#7878 = ORIENTED_EDGE('',*,*,#7817,.F.);
#7879 = PLANE('',#7880);
#7880 = AXIS2_PLACEMENT_3D('',#7881,#7882,#7883);
#7881 = CARTESIAN_POINT('',(31.,23.623611625134,-2.));
#7882 = DIRECTION('',(-1.,0.,0.));
#7883 = DIRECTION('',(0.,1.,0.));
#7884 = ADVANCED_FACE('',(#7885),#7896,.T.);
#7885 = FACE_BOUND('',#7886,.T.);
#7886 = EDGE_LOOP('',(#7887,#7888,#7889,#7895));
#7887 = ORIENTED_EDGE('',*,*,#1708,.T.);
#7888 = ORIENTED_EDGE('',*,*,#7850,.T.);
#7889 = ORIENTED_EDGE('',*,*,#7890,.F.);
#7890 = EDGE_CURVE('',#7866,#7843,#7891,.T.);
#7891 = LINE('',#7892,#7893);
#7892 = CARTESIAN_POINT('',(14.518110279186,14.107788158068,3.5));
#7893 = VECTOR('',#7894,1.);
#7894 = DIRECTION('',(-0.866025403784,-0.5,0.));
#7895 = ORIENTED_EDGE('',*,*,#7865,.F.);
#7896 = PLANE('',#7897);
#7897 = AXIS2_PLACEMENT_3D('',#7898,#7899,#7900);
#7898 = CARTESIAN_POINT('',(27.75,21.747223250267,-2.));
#7899 = DIRECTION('',(-0.5,0.866025403784,0.));
#7900 = DIRECTION('',(0.866025403784,0.5,0.));
#7901 = ADVANCED_FACE('',(#7902),#7927,.T.);
#7902 = FACE_BOUND('',#7903,.T.);
#7903 = EDGE_LOOP('',(#7904,#7905,#7913,#7921));
#7904 = ORIENTED_EDGE('',*,*,#1732,.T.);
#7905 = ORIENTED_EDGE('',*,*,#7906,.T.);
#7906 = EDGE_CURVE('',#1735,#7907,#7909,.T.);
#7907 = VERTEX_POINT('',#7908);
#7908 = CARTESIAN_POINT('',(36.75,29.252776749733,3.5));
#7909 = LINE('',#7910,#7911);
#7910 = CARTESIAN_POINT('',(36.75,29.252776749733,-2.));
#7911 = VECTOR('',#7912,1.);
#7912 = DIRECTION('',(0.,0.,1.));
#7913 = ORIENTED_EDGE('',*,*,#7914,.F.);
#7914 = EDGE_CURVE('',#7915,#7907,#7917,.T.);
#7915 = VERTEX_POINT('',#7916);
#7916 = CARTESIAN_POINT('',(33.5,27.376388374866,3.5));
#7917 = LINE('',#7918,#7919);
#7918 = CARTESIAN_POINT('',(18.518110279186,18.726590311585,3.5));
#7919 = VECTOR('',#7920,1.);
#7920 = DIRECTION('',(0.866025403784,0.5,-0.));
#7921 = ORIENTED_EDGE('',*,*,#7922,.F.);
#7922 = EDGE_CURVE('',#1733,#7915,#7923,.T.);
#7923 = LINE('',#7924,#7925);
#7924 = CARTESIAN_POINT('',(33.5,27.376388374866,-2.));
#7925 = VECTOR('',#7926,1.);
#7926 = DIRECTION('',(0.,0.,1.));
#7927 = PLANE('',#7928);
#7928 = AXIS2_PLACEMENT_3D('',#7929,#7930,#7931);
#7929 = CARTESIAN_POINT('',(36.75,29.252776749733,-2.));
#7930 = DIRECTION('',(0.5,-0.866025403784,0.));
#7931 = DIRECTION('',(-0.866025403784,-0.5,0.));
#7932 = ADVANCED_FACE('',(#7933),#7951,.T.);
#7933 = FACE_BOUND('',#7934,.T.);
#7934 = EDGE_LOOP('',(#7935,#7936,#7937,#7945));
#7935 = ORIENTED_EDGE('',*,*,#1774,.T.);
#7936 = ORIENTED_EDGE('',*,*,#7922,.T.);
#7937 = ORIENTED_EDGE('',*,*,#7938,.F.);
#7938 = EDGE_CURVE('',#7939,#7915,#7941,.T.);
#7939 = VERTEX_POINT('',#7940);
#7940 = CARTESIAN_POINT('',(33.5,23.623611625134,3.5));
#7941 = LINE('',#7942,#7943);
#7942 = CARTESIAN_POINT('',(33.5,15.438194187433,3.5));
#7943 = VECTOR('',#7944,1.);
#7944 = DIRECTION('',(-0.,1.,0.));
#7945 = ORIENTED_EDGE('',*,*,#7946,.F.);
#7946 = EDGE_CURVE('',#1767,#7939,#7947,.T.);
#7947 = LINE('',#7948,#7949);
#7948 = CARTESIAN_POINT('',(33.5,23.623611625134,-2.));
#7949 = VECTOR('',#7950,1.);
#7950 = DIRECTION('',(0.,0.,1.));
#7951 = PLANE('',#7952);
#7952 = AXIS2_PLACEMENT_3D('',#7953,#7954,#7955);
#7953 = CARTESIAN_POINT('',(33.5,27.376388374866,-2.));
#7954 = DIRECTION('',(1.,0.,-0.));
#7955 = DIRECTION('',(0.,-1.,0.));
#7956 = ADVANCED_FACE('',(#7957),#7975,.T.);
#7957 = FACE_BOUND('',#7958,.T.);
#7958 = EDGE_LOOP('',(#7959,#7960,#7968,#7974));
#7959 = ORIENTED_EDGE('',*,*,#1742,.T.);
#7960 = ORIENTED_EDGE('',*,*,#7961,.T.);
#7961 = EDGE_CURVE('',#1743,#7962,#7964,.T.);
#7962 = VERTEX_POINT('',#7963);
#7963 = CARTESIAN_POINT('',(40.,27.376388374866,3.5));
#7964 = LINE('',#7965,#7966);
#7965 = CARTESIAN_POINT('',(40.,27.376388374866,-2.));
#7966 = VECTOR('',#7967,1.);
#7967 = DIRECTION('',(0.,0.,1.));
#7968 = ORIENTED_EDGE('',*,*,#7969,.F.);
#7969 = EDGE_CURVE('',#7907,#7962,#7970,.T.);
#7970 = LINE('',#7971,#7972);
#7971 = CARTESIAN_POINT('',(31.294389720814,32.402574813014,3.5));
#7972 = VECTOR('',#7973,1.);
#7973 = DIRECTION('',(0.866025403784,-0.5,0.));
#7974 = ORIENTED_EDGE('',*,*,#7906,.F.);
#7975 = PLANE('',#7976);
#7976 = AXIS2_PLACEMENT_3D('',#7977,#7978,#7979);
#7977 = CARTESIAN_POINT('',(40.,27.376388374866,-2.));
#7978 = DIRECTION('',(-0.5,-0.866025403784,0.));
#7979 = DIRECTION('',(-0.866025403784,0.5,0.));
#7980 = ADVANCED_FACE('',(#7981),#7999,.T.);
#7981 = FACE_BOUND('',#7982,.T.);
#7982 = EDGE_LOOP('',(#7983,#7984,#7985,#7993));
#7983 = ORIENTED_EDGE('',*,*,#1766,.T.);
#7984 = ORIENTED_EDGE('',*,*,#7946,.T.);
#7985 = ORIENTED_EDGE('',*,*,#7986,.F.);
#7986 = EDGE_CURVE('',#7987,#7939,#7989,.T.);
#7987 = VERTEX_POINT('',#7988);
#7988 = CARTESIAN_POINT('',(36.75,21.747223250267,3.5));
#7989 = LINE('',#7990,#7991);
#7990 = CARTESIAN_POINT('',(26.419389720814,27.711603875848,3.5));
#7991 = VECTOR('',#7992,1.);
#7992 = DIRECTION('',(-0.866025403784,0.5,0.));
#7993 = ORIENTED_EDGE('',*,*,#7994,.F.);
#7994 = EDGE_CURVE('',#1759,#7987,#7995,.T.);
#7995 = LINE('',#7996,#7997);
#7996 = CARTESIAN_POINT('',(36.75,21.747223250267,-2.));
#7997 = VECTOR('',#7998,1.);
#7998 = DIRECTION('',(0.,0.,1.));
#7999 = PLANE('',#8000);
#8000 = AXIS2_PLACEMENT_3D('',#8001,#8002,#8003);
#8001 = CARTESIAN_POINT('',(33.5,23.623611625134,-2.));
#8002 = DIRECTION('',(0.5,0.866025403784,-0.));
#8003 = DIRECTION('',(0.866025403784,-0.5,0.));
#8004 = ADVANCED_FACE('',(#8005),#8023,.T.);
#8005 = FACE_BOUND('',#8006,.T.);
#8006 = EDGE_LOOP('',(#8007,#8008,#8016,#8022));
#8007 = ORIENTED_EDGE('',*,*,#1750,.T.);
#8008 = ORIENTED_EDGE('',*,*,#8009,.T.);
#8009 = EDGE_CURVE('',#1751,#8010,#8012,.T.);
#8010 = VERTEX_POINT('',#8011);
#8011 = CARTESIAN_POINT('',(40.,23.623611625134,3.5));
#8012 = LINE('',#8013,#8014);
#8013 = CARTESIAN_POINT('',(40.,23.623611625134,-2.));
#8014 = VECTOR('',#8015,1.);
#8015 = DIRECTION('',(0.,0.,1.));
#8016 = ORIENTED_EDGE('',*,*,#8017,.F.);
#8017 = EDGE_CURVE('',#7962,#8010,#8018,.T.);
#8018 = LINE('',#8019,#8020);
#8019 = CARTESIAN_POINT('',(40.,13.561805812567,3.5));
#8020 = VECTOR('',#8021,1.);
#8021 = DIRECTION('',(0.,-1.,0.));
#8022 = ORIENTED_EDGE('',*,*,#7961,.F.);
#8023 = PLANE('',#8024);
#8024 = AXIS2_PLACEMENT_3D('',#8025,#8026,#8027);
#8025 = CARTESIAN_POINT('',(40.,23.623611625134,-2.));
#8026 = DIRECTION('',(-1.,0.,0.));
#8027 = DIRECTION('',(0.,1.,0.));
#8028 = ADVANCED_FACE('',(#8029),#8040,.T.);
#8029 = FACE_BOUND('',#8030,.T.);
#8030 = EDGE_LOOP('',(#8031,#8032,#8033,#8039));
#8031 = ORIENTED_EDGE('',*,*,#1758,.T.);
#8032 = ORIENTED_EDGE('',*,*,#7994,.T.);
#8033 = ORIENTED_EDGE('',*,*,#8034,.F.);
#8034 = EDGE_CURVE('',#8010,#7987,#8035,.T.);
#8035 = LINE('',#8036,#8037);
#8036 = CARTESIAN_POINT('',(20.143110279186,12.159230999553,3.5));
#8037 = VECTOR('',#8038,1.);
#8038 = DIRECTION('',(-0.866025403784,-0.5,0.));
#8039 = ORIENTED_EDGE('',*,*,#8009,.F.);
#8040 = PLANE('',#8041);
#8041 = AXIS2_PLACEMENT_3D('',#8042,#8043,#8044);
#8042 = CARTESIAN_POINT('',(36.75,21.747223250267,-2.));
#8043 = DIRECTION('',(-0.5,0.866025403784,0.));
#8044 = DIRECTION('',(0.866025403784,0.5,0.));
#8045 = ADVANCED_FACE('',(#8046),#8071,.T.);
#8046 = FACE_BOUND('',#8047,.T.);
#8047 = EDGE_LOOP('',(#8048,#8049,#8057,#8065));
#8048 = ORIENTED_EDGE('',*,*,#1782,.T.);
#8049 = ORIENTED_EDGE('',*,*,#8050,.T.);
#8050 = EDGE_CURVE('',#1785,#8051,#8053,.T.);
#8051 = VERTEX_POINT('',#8052);
#8052 = CARTESIAN_POINT('',(45.75,29.252776749733,3.5));
#8053 = LINE('',#8054,#8055);
#8054 = CARTESIAN_POINT('',(45.75,29.252776749733,-2.));
#8055 = VECTOR('',#8056,1.);
#8056 = DIRECTION('',(0.,0.,1.));
#8057 = ORIENTED_EDGE('',*,*,#8058,.F.);
#8058 = EDGE_CURVE('',#8059,#8051,#8061,.T.);
#8059 = VERTEX_POINT('',#8060);
#8060 = CARTESIAN_POINT('',(42.5,27.376388374866,3.5));
#8061 = LINE('',#8062,#8063);
#8062 = CARTESIAN_POINT('',(24.143110279186,16.77803315307,3.5));
#8063 = VECTOR('',#8064,1.);
#8064 = DIRECTION('',(0.866025403784,0.5,-0.));
#8065 = ORIENTED_EDGE('',*,*,#8066,.F.);
#8066 = EDGE_CURVE('',#1783,#8059,#8067,.T.);
#8067 = LINE('',#8068,#8069);
#8068 = CARTESIAN_POINT('',(42.5,27.376388374866,-2.));
#8069 = VECTOR('',#8070,1.);
#8070 = DIRECTION('',(0.,0.,1.));
#8071 = PLANE('',#8072);
#8072 = AXIS2_PLACEMENT_3D('',#8073,#8074,#8075);
#8073 = CARTESIAN_POINT('',(45.75,29.252776749733,-2.));
#8074 = DIRECTION('',(0.5,-0.866025403784,0.));
#8075 = DIRECTION('',(-0.866025403784,-0.5,0.));
#8076 = ADVANCED_FACE('',(#8077),#8095,.T.);
#8077 = FACE_BOUND('',#8078,.T.);
#8078 = EDGE_LOOP('',(#8079,#8080,#8081,#8089));
#8079 = ORIENTED_EDGE('',*,*,#1824,.T.);
#8080 = ORIENTED_EDGE('',*,*,#8066,.T.);
#8081 = ORIENTED_EDGE('',*,*,#8082,.F.);
#8082 = EDGE_CURVE('',#8083,#8059,#8085,.T.);
#8083 = VERTEX_POINT('',#8084);
#8084 = CARTESIAN_POINT('',(42.5,23.623611625134,3.5));
#8085 = LINE('',#8086,#8087);
#8086 = CARTESIAN_POINT('',(42.5,15.438194187433,3.5));
#8087 = VECTOR('',#8088,1.);
#8088 = DIRECTION('',(-0.,1.,0.));
#8089 = ORIENTED_EDGE('',*,*,#8090,.F.);
#8090 = EDGE_CURVE('',#1817,#8083,#8091,.T.);
#8091 = LINE('',#8092,#8093);
#8092 = CARTESIAN_POINT('',(42.5,23.623611625134,-2.));
#8093 = VECTOR('',#8094,1.);
#8094 = DIRECTION('',(0.,0.,1.));
#8095 = PLANE('',#8096);
#8096 = AXIS2_PLACEMENT_3D('',#8097,#8098,#8099);
#8097 = CARTESIAN_POINT('',(42.5,27.376388374866,-2.));
#8098 = DIRECTION('',(1.,0.,-0.));
#8099 = DIRECTION('',(0.,-1.,0.));
#8100 = ADVANCED_FACE('',(#8101),#8119,.T.);
#8101 = FACE_BOUND('',#8102,.T.);
#8102 = EDGE_LOOP('',(#8103,#8104,#8112,#8118));
#8103 = ORIENTED_EDGE('',*,*,#1792,.T.);
#8104 = ORIENTED_EDGE('',*,*,#8105,.T.);
#8105 = EDGE_CURVE('',#1793,#8106,#8108,.T.);
#8106 = VERTEX_POINT('',#8107);
#8107 = CARTESIAN_POINT('',(49.,27.376388374866,3.5));
#8108 = LINE('',#8109,#8110);
#8109 = CARTESIAN_POINT('',(49.,27.376388374866,-2.));
#8110 = VECTOR('',#8111,1.);
#8111 = DIRECTION('',(0.,0.,1.));
#8112 = ORIENTED_EDGE('',*,*,#8113,.F.);
#8113 = EDGE_CURVE('',#8051,#8106,#8114,.T.);
#8114 = LINE('',#8115,#8116);
#8115 = CARTESIAN_POINT('',(36.919389720814,34.351131971529,3.5));
#8116 = VECTOR('',#8117,1.);
#8117 = DIRECTION('',(0.866025403784,-0.5,0.));
#8118 = ORIENTED_EDGE('',*,*,#8050,.F.);
#8119 = PLANE('',#8120);
#8120 = AXIS2_PLACEMENT_3D('',#8121,#8122,#8123);
#8121 = CARTESIAN_POINT('',(49.,27.376388374866,-2.));
#8122 = DIRECTION('',(-0.5,-0.866025403784,0.));
#8123 = DIRECTION('',(-0.866025403784,0.5,0.));
#8124 = ADVANCED_FACE('',(#8125),#8143,.T.);
#8125 = FACE_BOUND('',#8126,.T.);
#8126 = EDGE_LOOP('',(#8127,#8128,#8129,#8137));
#8127 = ORIENTED_EDGE('',*,*,#1816,.T.);
#8128 = ORIENTED_EDGE('',*,*,#8090,.T.);
#8129 = ORIENTED_EDGE('',*,*,#8130,.F.);
#8130 = EDGE_CURVE('',#8131,#8083,#8133,.T.);
#8131 = VERTEX_POINT('',#8132);
#8132 = CARTESIAN_POINT('',(45.75,21.747223250267,3.5));
#8133 = LINE('',#8134,#8135);
#8134 = CARTESIAN_POINT('',(32.044389720814,29.660161034363,3.5));
#8135 = VECTOR('',#8136,1.);
#8136 = DIRECTION('',(-0.866025403784,0.5,0.));
#8137 = ORIENTED_EDGE('',*,*,#8138,.F.);
#8138 = EDGE_CURVE('',#1809,#8131,#8139,.T.);
#8139 = LINE('',#8140,#8141);
#8140 = CARTESIAN_POINT('',(45.75,21.747223250267,-2.));
#8141 = VECTOR('',#8142,1.);
#8142 = DIRECTION('',(0.,0.,1.));
#8143 = PLANE('',#8144);
#8144 = AXIS2_PLACEMENT_3D('',#8145,#8146,#8147);
#8145 = CARTESIAN_POINT('',(42.5,23.623611625134,-2.));
#8146 = DIRECTION('',(0.5,0.866025403784,-0.));
#8147 = DIRECTION('',(0.866025403784,-0.5,0.));
#8148 = ADVANCED_FACE('',(#8149),#8167,.T.);
#8149 = FACE_BOUND('',#8150,.T.);
#8150 = EDGE_LOOP('',(#8151,#8152,#8160,#8166));
#8151 = ORIENTED_EDGE('',*,*,#1800,.T.);
#8152 = ORIENTED_EDGE('',*,*,#8153,.T.);
#8153 = EDGE_CURVE('',#1801,#8154,#8156,.T.);
#8154 = VERTEX_POINT('',#8155);
#8155 = CARTESIAN_POINT('',(49.,23.623611625134,3.5));
#8156 = LINE('',#8157,#8158);
#8157 = CARTESIAN_POINT('',(49.,23.623611625134,-2.));
#8158 = VECTOR('',#8159,1.);
#8159 = DIRECTION('',(0.,0.,1.));
#8160 = ORIENTED_EDGE('',*,*,#8161,.F.);
#8161 = EDGE_CURVE('',#8106,#8154,#8162,.T.);
#8162 = LINE('',#8163,#8164);
#8163 = CARTESIAN_POINT('',(49.,13.561805812567,3.5));
#8164 = VECTOR('',#8165,1.);
#8165 = DIRECTION('',(0.,-1.,0.));
#8166 = ORIENTED_EDGE('',*,*,#8105,.F.);
#8167 = PLANE('',#8168);
#8168 = AXIS2_PLACEMENT_3D('',#8169,#8170,#8171);
#8169 = CARTESIAN_POINT('',(49.,23.623611625134,-2.));
#8170 = DIRECTION('',(-1.,0.,0.));
#8171 = DIRECTION('',(0.,1.,0.));
#8172 = ADVANCED_FACE('',(#8173),#8184,.T.);
#8173 = FACE_BOUND('',#8174,.T.);
#8174 = EDGE_LOOP('',(#8175,#8176,#8177,#8183));
#8175 = ORIENTED_EDGE('',*,*,#1808,.T.);
#8176 = ORIENTED_EDGE('',*,*,#8138,.T.);
#8177 = ORIENTED_EDGE('',*,*,#8178,.F.);
#8178 = EDGE_CURVE('',#8154,#8131,#8179,.T.);
#8179 = LINE('',#8180,#8181);
#8180 = CARTESIAN_POINT('',(25.768110279186,10.210673841038,3.5));
#8181 = VECTOR('',#8182,1.);
#8182 = DIRECTION('',(-0.866025403784,-0.5,0.));
#8183 = ORIENTED_EDGE('',*,*,#8153,.F.);
#8184 = PLANE('',#8185);
#8185 = AXIS2_PLACEMENT_3D('',#8186,#8187,#8188);
#8186 = CARTESIAN_POINT('',(45.75,21.747223250267,-2.));
#8187 = DIRECTION('',(-0.5,0.866025403784,0.));
#8188 = DIRECTION('',(0.866025403784,0.5,0.));
#8189 = ADVANCED_FACE('',(#8190),#8215,.T.);
#8190 = FACE_BOUND('',#8191,.T.);
#8191 = EDGE_LOOP('',(#8192,#8193,#8201,#8209));
#8192 = ORIENTED_EDGE('',*,*,#1832,.T.);
#8193 = ORIENTED_EDGE('',*,*,#8194,.T.);
#8194 = EDGE_CURVE('',#1835,#8195,#8197,.T.);
#8195 = VERTEX_POINT('',#8196);
#8196 = CARTESIAN_POINT('',(22.75,37.252776749733,3.5));
#8197 = LINE('',#8198,#8199);
#8198 = CARTESIAN_POINT('',(22.75,37.252776749733,-2.));
#8199 = VECTOR('',#8200,1.);
#8200 = DIRECTION('',(0.,0.,1.));
#8201 = ORIENTED_EDGE('',*,*,#8202,.F.);
#8202 = EDGE_CURVE('',#8203,#8195,#8205,.T.);
#8203 = VERTEX_POINT('',#8204);
#8204 = CARTESIAN_POINT('',(19.5,35.376388374866,3.5));
#8205 = LINE('',#8206,#8207);
#8206 = CARTESIAN_POINT('',(8.036059471617,28.75767922483,3.5));
#8207 = VECTOR('',#8208,1.);
#8208 = DIRECTION('',(0.866025403784,0.5,-0.));
#8209 = ORIENTED_EDGE('',*,*,#8210,.F.);
#8210 = EDGE_CURVE('',#1833,#8203,#8211,.T.);
#8211 = LINE('',#8212,#8213);
#8212 = CARTESIAN_POINT('',(19.5,35.376388374866,-2.));
#8213 = VECTOR('',#8214,1.);
#8214 = DIRECTION('',(0.,0.,1.));
#8215 = PLANE('',#8216);
#8216 = AXIS2_PLACEMENT_3D('',#8217,#8218,#8219);
#8217 = CARTESIAN_POINT('',(22.75,37.252776749733,-2.));
#8218 = DIRECTION('',(0.5,-0.866025403784,0.));
#8219 = DIRECTION('',(-0.866025403784,-0.5,0.));
#8220 = ADVANCED_FACE('',(#8221),#8239,.T.);
#8221 = FACE_BOUND('',#8222,.T.);
#8222 = EDGE_LOOP('',(#8223,#8224,#8225,#8233));
#8223 = ORIENTED_EDGE('',*,*,#1874,.T.);
#8224 = ORIENTED_EDGE('',*,*,#8210,.T.);
#8225 = ORIENTED_EDGE('',*,*,#8226,.F.);
#8226 = EDGE_CURVE('',#8227,#8203,#8229,.T.);
#8227 = VERTEX_POINT('',#8228);
#8228 = CARTESIAN_POINT('',(19.5,31.623611625134,3.5));
#8229 = LINE('',#8230,#8231);
#8230 = CARTESIAN_POINT('',(19.5,19.438194187433,3.5));
#8231 = VECTOR('',#8232,1.);
#8232 = DIRECTION('',(-0.,1.,0.));
#8233 = ORIENTED_EDGE('',*,*,#8234,.F.);
#8234 = EDGE_CURVE('',#1867,#8227,#8235,.T.);
#8235 = LINE('',#8236,#8237);
#8236 = CARTESIAN_POINT('',(19.5,31.623611625134,-2.));
#8237 = VECTOR('',#8238,1.);
#8238 = DIRECTION('',(0.,0.,1.));
#8239 = PLANE('',#8240);
#8240 = AXIS2_PLACEMENT_3D('',#8241,#8242,#8243);
#8241 = CARTESIAN_POINT('',(19.5,35.376388374866,-2.));
#8242 = DIRECTION('',(1.,0.,-0.));
#8243 = DIRECTION('',(0.,-1.,0.));
#8244 = ADVANCED_FACE('',(#8245),#8263,.T.);
#8245 = FACE_BOUND('',#8246,.T.);
#8246 = EDGE_LOOP('',(#8247,#8248,#8256,#8262));
#8247 = ORIENTED_EDGE('',*,*,#1842,.T.);
#8248 = ORIENTED_EDGE('',*,*,#8249,.T.);
#8249 = EDGE_CURVE('',#1843,#8250,#8252,.T.);
#8250 = VERTEX_POINT('',#8251);
#8251 = CARTESIAN_POINT('',(26.,35.376388374866,3.5));
#8252 = LINE('',#8253,#8254);
#8253 = CARTESIAN_POINT('',(26.,35.376388374866,-2.));
#8254 = VECTOR('',#8255,1.);
#8255 = DIRECTION('',(0.,0.,1.));
#8256 = ORIENTED_EDGE('',*,*,#8257,.F.);
#8257 = EDGE_CURVE('',#8195,#8250,#8258,.T.);
#8258 = LINE('',#8259,#8260);
#8259 = CARTESIAN_POINT('',(24.276440528383,36.371485899769,3.5));
#8260 = VECTOR('',#8261,1.);
#8261 = DIRECTION('',(0.866025403784,-0.5,0.));
#8262 = ORIENTED_EDGE('',*,*,#8194,.F.);
#8263 = PLANE('',#8264);
#8264 = AXIS2_PLACEMENT_3D('',#8265,#8266,#8267);
#8265 = CARTESIAN_POINT('',(26.,35.376388374866,-2.));
#8266 = DIRECTION('',(-0.5,-0.866025403784,0.));
#8267 = DIRECTION('',(-0.866025403784,0.5,0.));
#8268 = ADVANCED_FACE('',(#8269),#8287,.T.);
#8269 = FACE_BOUND('',#8270,.T.);
#8270 = EDGE_LOOP('',(#8271,#8272,#8273,#8281));
#8271 = ORIENTED_EDGE('',*,*,#1866,.T.);
#8272 = ORIENTED_EDGE('',*,*,#8234,.T.);
#8273 = ORIENTED_EDGE('',*,*,#8274,.F.);
#8274 = EDGE_CURVE('',#8275,#8227,#8277,.T.);
#8275 = VERTEX_POINT('',#8276);
#8276 = CARTESIAN_POINT('',(22.75,29.747223250267,3.5));
#8277 = LINE('',#8278,#8279);
#8278 = CARTESIAN_POINT('',(19.401440528383,31.680514962603,3.5));
#8279 = VECTOR('',#8280,1.);
#8280 = DIRECTION('',(-0.866025403784,0.5,0.));
#8281 = ORIENTED_EDGE('',*,*,#8282,.F.);
#8282 = EDGE_CURVE('',#1859,#8275,#8283,.T.);
#8283 = LINE('',#8284,#8285);
#8284 = CARTESIAN_POINT('',(22.75,29.747223250267,-2.));
#8285 = VECTOR('',#8286,1.);
#8286 = DIRECTION('',(0.,0.,1.));
#8287 = PLANE('',#8288);
#8288 = AXIS2_PLACEMENT_3D('',#8289,#8290,#8291);
#8289 = CARTESIAN_POINT('',(19.5,31.623611625134,-2.));
#8290 = DIRECTION('',(0.5,0.866025403784,-0.));
#8291 = DIRECTION('',(0.866025403784,-0.5,0.));
#8292 = ADVANCED_FACE('',(#8293),#8311,.T.);
#8293 = FACE_BOUND('',#8294,.T.);
#8294 = EDGE_LOOP('',(#8295,#8296,#8304,#8310));
#8295 = ORIENTED_EDGE('',*,*,#1850,.T.);
#8296 = ORIENTED_EDGE('',*,*,#8297,.T.);
#8297 = EDGE_CURVE('',#1851,#8298,#8300,.T.);
#8298 = VERTEX_POINT('',#8299);
#8299 = CARTESIAN_POINT('',(26.,31.623611625134,3.5));
#8300 = LINE('',#8301,#8302);
#8301 = CARTESIAN_POINT('',(26.,31.623611625134,-2.));
#8302 = VECTOR('',#8303,1.);
#8303 = DIRECTION('',(0.,0.,1.));
#8304 = ORIENTED_EDGE('',*,*,#8305,.F.);
#8305 = EDGE_CURVE('',#8250,#8298,#8306,.T.);
#8306 = LINE('',#8307,#8308);
#8307 = CARTESIAN_POINT('',(26.,17.561805812567,3.5));
#8308 = VECTOR('',#8309,1.);
#8309 = DIRECTION('',(0.,-1.,0.));
#8310 = ORIENTED_EDGE('',*,*,#8249,.F.);
#8311 = PLANE('',#8312);
#8312 = AXIS2_PLACEMENT_3D('',#8313,#8314,#8315);
#8313 = CARTESIAN_POINT('',(26.,31.623611625134,-2.));
#8314 = DIRECTION('',(-1.,0.,0.));
#8315 = DIRECTION('',(0.,1.,0.));
#8316 = ADVANCED_FACE('',(#8317),#8328,.T.);
#8317 = FACE_BOUND('',#8318,.T.);
#8318 = EDGE_LOOP('',(#8319,#8320,#8321,#8327));
#8319 = ORIENTED_EDGE('',*,*,#1858,.T.);
#8320 = ORIENTED_EDGE('',*,*,#8282,.T.);
#8321 = ORIENTED_EDGE('',*,*,#8322,.F.);
#8322 = EDGE_CURVE('',#8298,#8275,#8323,.T.);
#8323 = LINE('',#8324,#8325);
#8324 = CARTESIAN_POINT('',(9.661059471617,22.190319912798,3.5));
#8325 = VECTOR('',#8326,1.);
#8326 = DIRECTION('',(-0.866025403784,-0.5,0.));
#8327 = ORIENTED_EDGE('',*,*,#8297,.F.);
#8328 = PLANE('',#8329);
#8329 = AXIS2_PLACEMENT_3D('',#8330,#8331,#8332);
#8330 = CARTESIAN_POINT('',(22.75,29.747223250267,-2.));
#8331 = DIRECTION('',(-0.5,0.866025403784,0.));
#8332 = DIRECTION('',(0.866025403784,0.5,0.));
#8333 = ADVANCED_FACE('',(#8334),#8359,.T.);
#8334 = FACE_BOUND('',#8335,.T.);
#8335 = EDGE_LOOP('',(#8336,#8337,#8345,#8353));
#8336 = ORIENTED_EDGE('',*,*,#1882,.T.);
#8337 = ORIENTED_EDGE('',*,*,#8338,.T.);
#8338 = EDGE_CURVE('',#1885,#8339,#8341,.T.);
#8339 = VERTEX_POINT('',#8340);
#8340 = CARTESIAN_POINT('',(18.75,45.252776749733,3.5));
#8341 = LINE('',#8342,#8343);
#8342 = CARTESIAN_POINT('',(18.75,45.252776749733,-2.));
#8343 = VECTOR('',#8344,1.);
#8344 = DIRECTION('',(0.,0.,1.));
#8345 = ORIENTED_EDGE('',*,*,#8346,.F.);
#8346 = EDGE_CURVE('',#8347,#8339,#8349,.T.);
#8347 = VERTEX_POINT('',#8348);
#8348 = CARTESIAN_POINT('',(15.5,43.376388374866,3.5));
#8349 = LINE('',#8350,#8351);
#8350 = CARTESIAN_POINT('',(3.804008664048,36.623704628615,3.5));
#8351 = VECTOR('',#8352,1.);
#8352 = DIRECTION('',(0.866025403784,0.5,-0.));
#8353 = ORIENTED_EDGE('',*,*,#8354,.F.);
#8354 = EDGE_CURVE('',#1883,#8347,#8355,.T.);
#8355 = LINE('',#8356,#8357);
#8356 = CARTESIAN_POINT('',(15.5,43.376388374866,-2.));
#8357 = VECTOR('',#8358,1.);
#8358 = DIRECTION('',(0.,0.,1.));
#8359 = PLANE('',#8360);
#8360 = AXIS2_PLACEMENT_3D('',#8361,#8362,#8363);
#8361 = CARTESIAN_POINT('',(18.75,45.252776749733,-2.));
#8362 = DIRECTION('',(0.5,-0.866025403784,0.));
#8363 = DIRECTION('',(-0.866025403784,-0.5,0.));
#8364 = ADVANCED_FACE('',(#8365),#8383,.T.);
#8365 = FACE_BOUND('',#8366,.T.);
#8366 = EDGE_LOOP('',(#8367,#8368,#8369,#8377));
#8367 = ORIENTED_EDGE('',*,*,#1924,.T.);
#8368 = ORIENTED_EDGE('',*,*,#8354,.T.);
#8369 = ORIENTED_EDGE('',*,*,#8370,.F.);
#8370 = EDGE_CURVE('',#8371,#8347,#8373,.T.);
#8371 = VERTEX_POINT('',#8372);
#8372 = CARTESIAN_POINT('',(15.5,39.623611625134,3.5));
#8373 = LINE('',#8374,#8375);
#8374 = CARTESIAN_POINT('',(15.5,23.438194187433,3.5));
#8375 = VECTOR('',#8376,1.);
#8376 = DIRECTION('',(-0.,1.,0.));
#8377 = ORIENTED_EDGE('',*,*,#8378,.F.);
#8378 = EDGE_CURVE('',#1917,#8371,#8379,.T.);
#8379 = LINE('',#8380,#8381);
#8380 = CARTESIAN_POINT('',(15.5,39.623611625134,-2.));
#8381 = VECTOR('',#8382,1.);
#8382 = DIRECTION('',(0.,0.,1.));
#8383 = PLANE('',#8384);
#8384 = AXIS2_PLACEMENT_3D('',#8385,#8386,#8387);
#8385 = CARTESIAN_POINT('',(15.5,43.376388374866,-2.));
#8386 = DIRECTION('',(1.,0.,-0.));
#8387 = DIRECTION('',(0.,-1.,0.));
#8388 = ADVANCED_FACE('',(#8389),#8407,.T.);
#8389 = FACE_BOUND('',#8390,.T.);
#8390 = EDGE_LOOP('',(#8391,#8392,#8400,#8406));
#8391 = ORIENTED_EDGE('',*,*,#1892,.T.);
#8392 = ORIENTED_EDGE('',*,*,#8393,.T.);
#8393 = EDGE_CURVE('',#1893,#8394,#8396,.T.);
#8394 = VERTEX_POINT('',#8395);
#8395 = CARTESIAN_POINT('',(22.,43.376388374866,3.5));
#8396 = LINE('',#8397,#8398);
#8397 = CARTESIAN_POINT('',(22.,43.376388374866,-2.));
#8398 = VECTOR('',#8399,1.);
#8399 = DIRECTION('',(0.,0.,1.));
#8400 = ORIENTED_EDGE('',*,*,#8401,.F.);
#8401 = EDGE_CURVE('',#8339,#8394,#8402,.T.);
#8402 = LINE('',#8403,#8404);
#8403 = CARTESIAN_POINT('',(23.508491335952,42.505460495984,3.5));
#8404 = VECTOR('',#8405,1.);
#8405 = DIRECTION('',(0.866025403784,-0.5,0.));
#8406 = ORIENTED_EDGE('',*,*,#8338,.F.);
#8407 = PLANE('',#8408);
#8408 = AXIS2_PLACEMENT_3D('',#8409,#8410,#8411);
#8409 = CARTESIAN_POINT('',(22.,43.376388374866,-2.));
#8410 = DIRECTION('',(-0.5,-0.866025403784,0.));
#8411 = DIRECTION('',(-0.866025403784,0.5,0.));
#8412 = ADVANCED_FACE('',(#8413),#8431,.T.);
#8413 = FACE_BOUND('',#8414,.T.);
#8414 = EDGE_LOOP('',(#8415,#8416,#8417,#8425));
#8415 = ORIENTED_EDGE('',*,*,#1916,.T.);
#8416 = ORIENTED_EDGE('',*,*,#8378,.T.);
#8417 = ORIENTED_EDGE('',*,*,#8418,.F.);
#8418 = EDGE_CURVE('',#8419,#8371,#8421,.T.);
#8419 = VERTEX_POINT('',#8420);
#8420 = CARTESIAN_POINT('',(18.75,37.747223250267,3.5));
#8421 = LINE('',#8422,#8423);
#8422 = CARTESIAN_POINT('',(18.633491335952,37.814489558818,3.5));
#8423 = VECTOR('',#8424,1.);
#8424 = DIRECTION('',(-0.866025403784,0.5,0.));
#8425 = ORIENTED_EDGE('',*,*,#8426,.F.);
#8426 = EDGE_CURVE('',#1909,#8419,#8427,.T.);
#8427 = LINE('',#8428,#8429);
#8428 = CARTESIAN_POINT('',(18.75,37.747223250267,-2.));
#8429 = VECTOR('',#8430,1.);
#8430 = DIRECTION('',(0.,0.,1.));
#8431 = PLANE('',#8432);
#8432 = AXIS2_PLACEMENT_3D('',#8433,#8434,#8435);
#8433 = CARTESIAN_POINT('',(15.5,39.623611625134,-2.));
#8434 = DIRECTION('',(0.5,0.866025403784,-0.));
#8435 = DIRECTION('',(0.866025403784,-0.5,0.));
#8436 = ADVANCED_FACE('',(#8437),#8455,.T.);
#8437 = FACE_BOUND('',#8438,.T.);
#8438 = EDGE_LOOP('',(#8439,#8440,#8448,#8454));
#8439 = ORIENTED_EDGE('',*,*,#1900,.T.);
#8440 = ORIENTED_EDGE('',*,*,#8441,.T.);
#8441 = EDGE_CURVE('',#1901,#8442,#8444,.T.);
#8442 = VERTEX_POINT('',#8443);
#8443 = CARTESIAN_POINT('',(22.,39.623611625134,3.5));
#8444 = LINE('',#8445,#8446);
#8445 = CARTESIAN_POINT('',(22.,39.623611625134,-2.));
#8446 = VECTOR('',#8447,1.);
#8447 = DIRECTION('',(0.,0.,1.));
#8448 = ORIENTED_EDGE('',*,*,#8449,.F.);
#8449 = EDGE_CURVE('',#8394,#8442,#8450,.T.);
#8450 = LINE('',#8451,#8452);
#8451 = CARTESIAN_POINT('',(22.,21.561805812567,3.5));
#8452 = VECTOR('',#8453,1.);
#8453 = DIRECTION('',(0.,-1.,0.));
#8454 = ORIENTED_EDGE('',*,*,#8393,.F.);
#8455 = PLANE('',#8456);
#8456 = AXIS2_PLACEMENT_3D('',#8457,#8458,#8459);
#8457 = CARTESIAN_POINT('',(22.,39.623611625134,-2.));
#8458 = DIRECTION('',(-1.,0.,0.));
#8459 = DIRECTION('',(0.,1.,0.));
#8460 = ADVANCED_FACE('',(#8461),#8472,.T.);
#8461 = FACE_BOUND('',#8462,.T.);
#8462 = EDGE_LOOP('',(#8463,#8464,#8465,#8471));
#8463 = ORIENTED_EDGE('',*,*,#1908,.T.);
#8464 = ORIENTED_EDGE('',*,*,#8426,.T.);
#8465 = ORIENTED_EDGE('',*,*,#8466,.F.);
#8466 = EDGE_CURVE('',#8442,#8419,#8467,.T.);
#8467 = LINE('',#8468,#8469);
#8468 = CARTESIAN_POINT('',(5.429008664048,30.056345316583,3.5));
#8469 = VECTOR('',#8470,1.);
#8470 = DIRECTION('',(-0.866025403784,-0.5,0.));
#8471 = ORIENTED_EDGE('',*,*,#8441,.F.);
#8472 = PLANE('',#8473);
#8473 = AXIS2_PLACEMENT_3D('',#8474,#8475,#8476);
#8474 = CARTESIAN_POINT('',(18.75,37.747223250267,-2.));
#8475 = DIRECTION('',(-0.5,0.866025403784,0.));
#8476 = DIRECTION('',(0.866025403784,0.5,0.));
#8477 = ADVANCED_FACE('',(#8478),#8503,.T.);
#8478 = FACE_BOUND('',#8479,.T.);
#8479 = EDGE_LOOP('',(#8480,#8481,#8489,#8497));
#8480 = ORIENTED_EDGE('',*,*,#1932,.T.);
#8481 = ORIENTED_EDGE('',*,*,#8482,.T.);
#8482 = EDGE_CURVE('',#1935,#8483,#8485,.T.);
#8483 = VERTEX_POINT('',#8484);
#8484 = CARTESIAN_POINT('',(31.75,37.252776749733,3.5));
#8485 = LINE('',#8486,#8487);
#8486 = CARTESIAN_POINT('',(31.75,37.252776749733,-2.));
#8487 = VECTOR('',#8488,1.);
#8488 = DIRECTION('',(0.,0.,1.));
#8489 = ORIENTED_EDGE('',*,*,#8490,.F.);
#8490 = EDGE_CURVE('',#8491,#8483,#8493,.T.);
#8491 = VERTEX_POINT('',#8492);
#8492 = CARTESIAN_POINT('',(28.5,35.376388374866,3.5));
#8493 = LINE('',#8494,#8495);
#8494 = CARTESIAN_POINT('',(13.661059471617,26.809122066315,3.5));
#8495 = VECTOR('',#8496,1.);
#8496 = DIRECTION('',(0.866025403784,0.5,-0.));
#8497 = ORIENTED_EDGE('',*,*,#8498,.F.);
#8498 = EDGE_CURVE('',#1933,#8491,#8499,.T.);
#8499 = LINE('',#8500,#8501);
#8500 = CARTESIAN_POINT('',(28.5,35.376388374866,-2.));
#8501 = VECTOR('',#8502,1.);
#8502 = DIRECTION('',(0.,0.,1.));
#8503 = PLANE('',#8504);
#8504 = AXIS2_PLACEMENT_3D('',#8505,#8506,#8507);
#8505 = CARTESIAN_POINT('',(31.75,37.252776749733,-2.));
#8506 = DIRECTION('',(0.5,-0.866025403784,0.));
#8507 = DIRECTION('',(-0.866025403784,-0.5,0.));
#8508 = ADVANCED_FACE('',(#8509),#8527,.T.);
#8509 = FACE_BOUND('',#8510,.T.);
#8510 = EDGE_LOOP('',(#8511,#8512,#8513,#8521));
#8511 = ORIENTED_EDGE('',*,*,#1974,.T.);
#8512 = ORIENTED_EDGE('',*,*,#8498,.T.);
#8513 = ORIENTED_EDGE('',*,*,#8514,.F.);
#8514 = EDGE_CURVE('',#8515,#8491,#8517,.T.);
#8515 = VERTEX_POINT('',#8516);
#8516 = CARTESIAN_POINT('',(28.5,31.623611625134,3.5));
#8517 = LINE('',#8518,#8519);
#8518 = CARTESIAN_POINT('',(28.5,19.438194187433,3.5));
#8519 = VECTOR('',#8520,1.);
#8520 = DIRECTION('',(-0.,1.,0.));
#8521 = ORIENTED_EDGE('',*,*,#8522,.F.);
#8522 = EDGE_CURVE('',#1967,#8515,#8523,.T.);
#8523 = LINE('',#8524,#8525);
#8524 = CARTESIAN_POINT('',(28.5,31.623611625134,-2.));
#8525 = VECTOR('',#8526,1.);
#8526 = DIRECTION('',(0.,0.,1.));
#8527 = PLANE('',#8528);
#8528 = AXIS2_PLACEMENT_3D('',#8529,#8530,#8531);
#8529 = CARTESIAN_POINT('',(28.5,35.376388374866,-2.));
#8530 = DIRECTION('',(1.,0.,-0.));
#8531 = DIRECTION('',(0.,-1.,0.));
#8532 = ADVANCED_FACE('',(#8533),#8551,.T.);
#8533 = FACE_BOUND('',#8534,.T.);
#8534 = EDGE_LOOP('',(#8535,#8536,#8544,#8550));
#8535 = ORIENTED_EDGE('',*,*,#1942,.T.);
#8536 = ORIENTED_EDGE('',*,*,#8537,.T.);
#8537 = EDGE_CURVE('',#1943,#8538,#8540,.T.);
#8538 = VERTEX_POINT('',#8539);
#8539 = CARTESIAN_POINT('',(35.,35.376388374866,3.5));
#8540 = LINE('',#8541,#8542);
#8541 = CARTESIAN_POINT('',(35.,35.376388374866,-2.));
#8542 = VECTOR('',#8543,1.);
#8543 = DIRECTION('',(0.,0.,1.));
#8544 = ORIENTED_EDGE('',*,*,#8545,.F.);
#8545 = EDGE_CURVE('',#8483,#8538,#8546,.T.);
#8546 = LINE('',#8547,#8548);
#8547 = CARTESIAN_POINT('',(29.901440528383,38.320043058284,3.5));
#8548 = VECTOR('',#8549,1.);
#8549 = DIRECTION('',(0.866025403784,-0.5,0.));
#8550 = ORIENTED_EDGE('',*,*,#8482,.F.);
#8551 = PLANE('',#8552);
#8552 = AXIS2_PLACEMENT_3D('',#8553,#8554,#8555);
#8553 = CARTESIAN_POINT('',(35.,35.376388374866,-2.));
#8554 = DIRECTION('',(-0.5,-0.866025403784,0.));
#8555 = DIRECTION('',(-0.866025403784,0.5,0.));
#8556 = ADVANCED_FACE('',(#8557),#8575,.T.);
#8557 = FACE_BOUND('',#8558,.T.);
#8558 = EDGE_LOOP('',(#8559,#8560,#8561,#8569));
#8559 = ORIENTED_EDGE('',*,*,#1966,.T.);
#8560 = ORIENTED_EDGE('',*,*,#8522,.T.);
#8561 = ORIENTED_EDGE('',*,*,#8562,.F.);
#8562 = EDGE_CURVE('',#8563,#8515,#8565,.T.);
#8563 = VERTEX_POINT('',#8564);
#8564 = CARTESIAN_POINT('',(31.75,29.747223250267,3.5));
#8565 = LINE('',#8566,#8567);
#8566 = CARTESIAN_POINT('',(25.026440528383,33.629072121118,3.5));
#8567 = VECTOR('',#8568,1.);
#8568 = DIRECTION('',(-0.866025403784,0.5,0.));
#8569 = ORIENTED_EDGE('',*,*,#8570,.F.);
#8570 = EDGE_CURVE('',#1959,#8563,#8571,.T.);
#8571 = LINE('',#8572,#8573);
#8572 = CARTESIAN_POINT('',(31.75,29.747223250267,-2.));
#8573 = VECTOR('',#8574,1.);
#8574 = DIRECTION('',(0.,0.,1.));
#8575 = PLANE('',#8576);
#8576 = AXIS2_PLACEMENT_3D('',#8577,#8578,#8579);
#8577 = CARTESIAN_POINT('',(28.5,31.623611625134,-2.));
#8578 = DIRECTION('',(0.5,0.866025403784,-0.));
#8579 = DIRECTION('',(0.866025403784,-0.5,0.));
#8580 = ADVANCED_FACE('',(#8581),#8599,.T.);
#8581 = FACE_BOUND('',#8582,.T.);
#8582 = EDGE_LOOP('',(#8583,#8584,#8592,#8598));
#8583 = ORIENTED_EDGE('',*,*,#1950,.T.);
#8584 = ORIENTED_EDGE('',*,*,#8585,.T.);
#8585 = EDGE_CURVE('',#1951,#8586,#8588,.T.);
#8586 = VERTEX_POINT('',#8587);
#8587 = CARTESIAN_POINT('',(35.,31.623611625134,3.5));
#8588 = LINE('',#8589,#8590);
#8589 = CARTESIAN_POINT('',(35.,31.623611625134,-2.));
#8590 = VECTOR('',#8591,1.);
#8591 = DIRECTION('',(0.,0.,1.));
#8592 = ORIENTED_EDGE('',*,*,#8593,.F.);
#8593 = EDGE_CURVE('',#8538,#8586,#8594,.T.);
#8594 = LINE('',#8595,#8596);
#8595 = CARTESIAN_POINT('',(35.,17.561805812567,3.5));
#8596 = VECTOR('',#8597,1.);
#8597 = DIRECTION('',(0.,-1.,0.));
#8598 = ORIENTED_EDGE('',*,*,#8537,.F.);
#8599 = PLANE('',#8600);
#8600 = AXIS2_PLACEMENT_3D('',#8601,#8602,#8603);
#8601 = CARTESIAN_POINT('',(35.,31.623611625134,-2.));
#8602 = DIRECTION('',(-1.,0.,0.));
#8603 = DIRECTION('',(0.,1.,0.));
#8604 = ADVANCED_FACE('',(#8605),#8616,.T.);
#8605 = FACE_BOUND('',#8606,.T.);
#8606 = EDGE_LOOP('',(#8607,#8608,#8609,#8615));
#8607 = ORIENTED_EDGE('',*,*,#1958,.T.);
#8608 = ORIENTED_EDGE('',*,*,#8570,.T.);
#8609 = ORIENTED_EDGE('',*,*,#8610,.F.);
#8610 = EDGE_CURVE('',#8586,#8563,#8611,.T.);
#8611 = LINE('',#8612,#8613);
#8612 = CARTESIAN_POINT('',(15.286059471617,20.241762754283,3.5));
#8613 = VECTOR('',#8614,1.);
#8614 = DIRECTION('',(-0.866025403784,-0.5,0.));
#8615 = ORIENTED_EDGE('',*,*,#8585,.F.);
#8616 = PLANE('',#8617);
#8617 = AXIS2_PLACEMENT_3D('',#8618,#8619,#8620);
#8618 = CARTESIAN_POINT('',(31.75,29.747223250267,-2.));
#8619 = DIRECTION('',(-0.5,0.866025403784,0.));
#8620 = DIRECTION('',(0.866025403784,0.5,0.));
#8621 = ADVANCED_FACE('',(#8622),#8647,.T.);
#8622 = FACE_BOUND('',#8623,.T.);
#8623 = EDGE_LOOP('',(#8624,#8625,#8633,#8641));
#8624 = ORIENTED_EDGE('',*,*,#1982,.T.);
#8625 = ORIENTED_EDGE('',*,*,#8626,.T.);
#8626 = EDGE_CURVE('',#1985,#8627,#8629,.T.);
#8627 = VERTEX_POINT('',#8628);
#8628 = CARTESIAN_POINT('',(40.75,37.252776749733,3.5));
#8629 = LINE('',#8630,#8631);
#8630 = CARTESIAN_POINT('',(40.75,37.252776749733,-2.));
#8631 = VECTOR('',#8632,1.);
#8632 = DIRECTION('',(0.,0.,1.));
#8633 = ORIENTED_EDGE('',*,*,#8634,.F.);
#8634 = EDGE_CURVE('',#8635,#8627,#8637,.T.);
#8635 = VERTEX_POINT('',#8636);
#8636 = CARTESIAN_POINT('',(37.5,35.376388374866,3.5));
#8637 = LINE('',#8638,#8639);
#8638 = CARTESIAN_POINT('',(19.286059471617,24.8605649078,3.5));
#8639 = VECTOR('',#8640,1.);
#8640 = DIRECTION('',(0.866025403784,0.5,-0.));
#8641 = ORIENTED_EDGE('',*,*,#8642,.F.);
#8642 = EDGE_CURVE('',#1983,#8635,#8643,.T.);
#8643 = LINE('',#8644,#8645);
#8644 = CARTESIAN_POINT('',(37.5,35.376388374866,-2.));
#8645 = VECTOR('',#8646,1.);
#8646 = DIRECTION('',(0.,0.,1.));
#8647 = PLANE('',#8648);
#8648 = AXIS2_PLACEMENT_3D('',#8649,#8650,#8651);
#8649 = CARTESIAN_POINT('',(40.75,37.252776749733,-2.));
#8650 = DIRECTION('',(0.5,-0.866025403784,0.));
#8651 = DIRECTION('',(-0.866025403784,-0.5,0.));
#8652 = ADVANCED_FACE('',(#8653),#8671,.T.);
#8653 = FACE_BOUND('',#8654,.T.);
#8654 = EDGE_LOOP('',(#8655,#8656,#8657,#8665));
#8655 = ORIENTED_EDGE('',*,*,#2024,.T.);
#8656 = ORIENTED_EDGE('',*,*,#8642,.T.);
#8657 = ORIENTED_EDGE('',*,*,#8658,.F.);
#8658 = EDGE_CURVE('',#8659,#8635,#8661,.T.);
#8659 = VERTEX_POINT('',#8660);
#8660 = CARTESIAN_POINT('',(37.5,31.623611625134,3.5));
#8661 = LINE('',#8662,#8663);
#8662 = CARTESIAN_POINT('',(37.5,19.438194187433,3.5));
#8663 = VECTOR('',#8664,1.);
#8664 = DIRECTION('',(-0.,1.,0.));
#8665 = ORIENTED_EDGE('',*,*,#8666,.F.);
#8666 = EDGE_CURVE('',#2017,#8659,#8667,.T.);
#8667 = LINE('',#8668,#8669);
#8668 = CARTESIAN_POINT('',(37.5,31.623611625134,-2.));
#8669 = VECTOR('',#8670,1.);
#8670 = DIRECTION('',(0.,0.,1.));
#8671 = PLANE('',#8672);
#8672 = AXIS2_PLACEMENT_3D('',#8673,#8674,#8675);
#8673 = CARTESIAN_POINT('',(37.5,35.376388374866,-2.));
#8674 = DIRECTION('',(1.,0.,-0.));
#8675 = DIRECTION('',(0.,-1.,0.));
#8676 = ADVANCED_FACE('',(#8677),#8695,.T.);
#8677 = FACE_BOUND('',#8678,.T.);
#8678 = EDGE_LOOP('',(#8679,#8680,#8688,#8694));
#8679 = ORIENTED_EDGE('',*,*,#1992,.T.);
#8680 = ORIENTED_EDGE('',*,*,#8681,.T.);
#8681 = EDGE_CURVE('',#1993,#8682,#8684,.T.);
#8682 = VERTEX_POINT('',#8683);
#8683 = CARTESIAN_POINT('',(44.,35.376388374866,3.5));
#8684 = LINE('',#8685,#8686);
#8685 = CARTESIAN_POINT('',(44.,35.376388374866,-2.));
#8686 = VECTOR('',#8687,1.);
#8687 = DIRECTION('',(0.,0.,1.));
#8688 = ORIENTED_EDGE('',*,*,#8689,.F.);
#8689 = EDGE_CURVE('',#8627,#8682,#8690,.T.);
#8690 = LINE('',#8691,#8692);
#8691 = CARTESIAN_POINT('',(35.526440528383,40.268600216798,3.5));
#8692 = VECTOR('',#8693,1.);
#8693 = DIRECTION('',(0.866025403784,-0.5,0.));
#8694 = ORIENTED_EDGE('',*,*,#8626,.F.);
#8695 = PLANE('',#8696);
#8696 = AXIS2_PLACEMENT_3D('',#8697,#8698,#8699);
#8697 = CARTESIAN_POINT('',(44.,35.376388374866,-2.));
#8698 = DIRECTION('',(-0.5,-0.866025403784,0.));
#8699 = DIRECTION('',(-0.866025403784,0.5,0.));
#8700 = ADVANCED_FACE('',(#8701),#8719,.T.);
#8701 = FACE_BOUND('',#8702,.T.);
#8702 = EDGE_LOOP('',(#8703,#8704,#8705,#8713));
#8703 = ORIENTED_EDGE('',*,*,#2016,.T.);
#8704 = ORIENTED_EDGE('',*,*,#8666,.T.);
#8705 = ORIENTED_EDGE('',*,*,#8706,.F.);
#8706 = EDGE_CURVE('',#8707,#8659,#8709,.T.);
#8707 = VERTEX_POINT('',#8708);
#8708 = CARTESIAN_POINT('',(40.75,29.747223250267,3.5));
#8709 = LINE('',#8710,#8711);
#8710 = CARTESIAN_POINT('',(30.651440528383,35.577629279633,3.5));
#8711 = VECTOR('',#8712,1.);
#8712 = DIRECTION('',(-0.866025403784,0.5,0.));
#8713 = ORIENTED_EDGE('',*,*,#8714,.F.);
#8714 = EDGE_CURVE('',#2009,#8707,#8715,.T.);
#8715 = LINE('',#8716,#8717);
#8716 = CARTESIAN_POINT('',(40.75,29.747223250267,-2.));
#8717 = VECTOR('',#8718,1.);
#8718 = DIRECTION('',(0.,0.,1.));
#8719 = PLANE('',#8720);
#8720 = AXIS2_PLACEMENT_3D('',#8721,#8722,#8723);
#8721 = CARTESIAN_POINT('',(37.5,31.623611625134,-2.));
#8722 = DIRECTION('',(0.5,0.866025403784,-0.));
#8723 = DIRECTION('',(0.866025403784,-0.5,0.));
#8724 = ADVANCED_FACE('',(#8725),#8743,.T.);
#8725 = FACE_BOUND('',#8726,.T.);
#8726 = EDGE_LOOP('',(#8727,#8728,#8736,#8742));
#8727 = ORIENTED_EDGE('',*,*,#2000,.T.);
#8728 = ORIENTED_EDGE('',*,*,#8729,.T.);
#8729 = EDGE_CURVE('',#2001,#8730,#8732,.T.);
#8730 = VERTEX_POINT('',#8731);
#8731 = CARTESIAN_POINT('',(44.,31.623611625134,3.5));
#8732 = LINE('',#8733,#8734);
#8733 = CARTESIAN_POINT('',(44.,31.623611625134,-2.));
#8734 = VECTOR('',#8735,1.);
#8735 = DIRECTION('',(0.,0.,1.));
#8736 = ORIENTED_EDGE('',*,*,#8737,.F.);
#8737 = EDGE_CURVE('',#8682,#8730,#8738,.T.);
#8738 = LINE('',#8739,#8740);
#8739 = CARTESIAN_POINT('',(44.,17.561805812567,3.5));
#8740 = VECTOR('',#8741,1.);
#8741 = DIRECTION('',(0.,-1.,0.));
#8742 = ORIENTED_EDGE('',*,*,#8681,.F.);
#8743 = PLANE('',#8744);
#8744 = AXIS2_PLACEMENT_3D('',#8745,#8746,#8747);
#8745 = CARTESIAN_POINT('',(44.,31.623611625134,-2.));
#8746 = DIRECTION('',(-1.,0.,0.));
#8747 = DIRECTION('',(0.,1.,0.));
#8748 = ADVANCED_FACE('',(#8749),#8760,.T.);
#8749 = FACE_BOUND('',#8750,.T.);
#8750 = EDGE_LOOP('',(#8751,#8752,#8753,#8759));
#8751 = ORIENTED_EDGE('',*,*,#2008,.T.);
#8752 = ORIENTED_EDGE('',*,*,#8714,.T.);
#8753 = ORIENTED_EDGE('',*,*,#8754,.F.);
#8754 = EDGE_CURVE('',#8730,#8707,#8755,.T.);
#8755 = LINE('',#8756,#8757);
#8756 = CARTESIAN_POINT('',(20.911059471617,18.293205595768,3.5));
#8757 = VECTOR('',#8758,1.);
#8758 = DIRECTION('',(-0.866025403784,-0.5,0.));
#8759 = ORIENTED_EDGE('',*,*,#8729,.F.);
#8760 = PLANE('',#8761);
#8761 = AXIS2_PLACEMENT_3D('',#8762,#8763,#8764);
#8762 = CARTESIAN_POINT('',(40.75,29.747223250267,-2.));
#8763 = DIRECTION('',(-0.5,0.866025403784,0.));
#8764 = DIRECTION('',(0.866025403784,0.5,0.));
#8765 = ADVANCED_FACE('',(#8766),#8791,.T.);
#8766 = FACE_BOUND('',#8767,.T.);
#8767 = EDGE_LOOP('',(#8768,#8769,#8777,#8785));
#8768 = ORIENTED_EDGE('',*,*,#2032,.T.);
#8769 = ORIENTED_EDGE('',*,*,#8770,.T.);
#8770 = EDGE_CURVE('',#2035,#8771,#8773,.T.);
#8771 = VERTEX_POINT('',#8772);
#8772 = CARTESIAN_POINT('',(27.75,45.252776749733,3.5));
#8773 = LINE('',#8774,#8775);
#8774 = CARTESIAN_POINT('',(27.75,45.252776749733,-2.));
#8775 = VECTOR('',#8776,1.);
#8776 = DIRECTION('',(0.,0.,1.));
#8777 = ORIENTED_EDGE('',*,*,#8778,.F.);
#8778 = EDGE_CURVE('',#8779,#8771,#8781,.T.);
#8779 = VERTEX_POINT('',#8780);
#8780 = CARTESIAN_POINT('',(24.5,43.376388374866,3.5));
#8781 = LINE('',#8782,#8783);
#8782 = CARTESIAN_POINT('',(9.429008664048,34.6751474701,3.5));
#8783 = VECTOR('',#8784,1.);
#8784 = DIRECTION('',(0.866025403784,0.5,-0.));
#8785 = ORIENTED_EDGE('',*,*,#8786,.F.);
#8786 = EDGE_CURVE('',#2033,#8779,#8787,.T.);
#8787 = LINE('',#8788,#8789);
#8788 = CARTESIAN_POINT('',(24.5,43.376388374866,-2.));
#8789 = VECTOR('',#8790,1.);
#8790 = DIRECTION('',(0.,0.,1.));
#8791 = PLANE('',#8792);
#8792 = AXIS2_PLACEMENT_3D('',#8793,#8794,#8795);
#8793 = CARTESIAN_POINT('',(27.75,45.252776749733,-2.));
#8794 = DIRECTION('',(0.5,-0.866025403784,0.));
#8795 = DIRECTION('',(-0.866025403784,-0.5,0.));
#8796 = ADVANCED_FACE('',(#8797),#8815,.T.);
#8797 = FACE_BOUND('',#8798,.T.);
#8798 = EDGE_LOOP('',(#8799,#8800,#8801,#8809));
#8799 = ORIENTED_EDGE('',*,*,#2074,.T.);
#8800 = ORIENTED_EDGE('',*,*,#8786,.T.);
#8801 = ORIENTED_EDGE('',*,*,#8802,.F.);
#8802 = EDGE_CURVE('',#8803,#8779,#8805,.T.);
#8803 = VERTEX_POINT('',#8804);
#8804 = CARTESIAN_POINT('',(24.5,39.623611625134,3.5));
#8805 = LINE('',#8806,#8807);
#8806 = CARTESIAN_POINT('',(24.5,23.438194187433,3.5));
#8807 = VECTOR('',#8808,1.);
#8808 = DIRECTION('',(-0.,1.,0.));
#8809 = ORIENTED_EDGE('',*,*,#8810,.F.);
#8810 = EDGE_CURVE('',#2067,#8803,#8811,.T.);
#8811 = LINE('',#8812,#8813);
#8812 = CARTESIAN_POINT('',(24.5,39.623611625134,-2.));
#8813 = VECTOR('',#8814,1.);
#8814 = DIRECTION('',(0.,0.,1.));
#8815 = PLANE('',#8816);
#8816 = AXIS2_PLACEMENT_3D('',#8817,#8818,#8819);
#8817 = CARTESIAN_POINT('',(24.5,43.376388374866,-2.));
#8818 = DIRECTION('',(1.,0.,-0.));
#8819 = DIRECTION('',(0.,-1.,0.));
#8820 = ADVANCED_FACE('',(#8821),#8839,.T.);
#8821 = FACE_BOUND('',#8822,.T.);
#8822 = EDGE_LOOP('',(#8823,#8824,#8832,#8838));
#8823 = ORIENTED_EDGE('',*,*,#2042,.T.);
#8824 = ORIENTED_EDGE('',*,*,#8825,.T.);
#8825 = EDGE_CURVE('',#2043,#8826,#8828,.T.);
#8826 = VERTEX_POINT('',#8827);
#8827 = CARTESIAN_POINT('',(31.,43.376388374866,3.5));
#8828 = LINE('',#8829,#8830);
#8829 = CARTESIAN_POINT('',(31.,43.376388374866,-2.));
#8830 = VECTOR('',#8831,1.);
#8831 = DIRECTION('',(0.,0.,1.));
#8832 = ORIENTED_EDGE('',*,*,#8833,.F.);
#8833 = EDGE_CURVE('',#8771,#8826,#8834,.T.);
#8834 = LINE('',#8835,#8836);
#8835 = CARTESIAN_POINT('',(29.133491335952,44.454017654499,3.5));
#8836 = VECTOR('',#8837,1.);
#8837 = DIRECTION('',(0.866025403784,-0.5,0.));
#8838 = ORIENTED_EDGE('',*,*,#8770,.F.);
#8839 = PLANE('',#8840);
#8840 = AXIS2_PLACEMENT_3D('',#8841,#8842,#8843);
#8841 = CARTESIAN_POINT('',(31.,43.376388374866,-2.));
#8842 = DIRECTION('',(-0.5,-0.866025403784,0.));
#8843 = DIRECTION('',(-0.866025403784,0.5,0.));
#8844 = ADVANCED_FACE('',(#8845),#8863,.T.);
#8845 = FACE_BOUND('',#8846,.T.);
#8846 = EDGE_LOOP('',(#8847,#8848,#8849,#8857));
#8847 = ORIENTED_EDGE('',*,*,#2066,.T.);
#8848 = ORIENTED_EDGE('',*,*,#8810,.T.);
#8849 = ORIENTED_EDGE('',*,*,#8850,.F.);
#8850 = EDGE_CURVE('',#8851,#8803,#8853,.T.);
#8851 = VERTEX_POINT('',#8852);
#8852 = CARTESIAN_POINT('',(27.75,37.747223250267,3.5));
#8853 = LINE('',#8854,#8855);
#8854 = CARTESIAN_POINT('',(24.258491335952,39.763046717333,3.5));
#8855 = VECTOR('',#8856,1.);
#8856 = DIRECTION('',(-0.866025403784,0.5,0.));
#8857 = ORIENTED_EDGE('',*,*,#8858,.F.);
#8858 = EDGE_CURVE('',#2059,#8851,#8859,.T.);
#8859 = LINE('',#8860,#8861);
#8860 = CARTESIAN_POINT('',(27.75,37.747223250267,-2.));
#8861 = VECTOR('',#8862,1.);
#8862 = DIRECTION('',(0.,0.,1.));
#8863 = PLANE('',#8864);
#8864 = AXIS2_PLACEMENT_3D('',#8865,#8866,#8867);
#8865 = CARTESIAN_POINT('',(24.5,39.623611625134,-2.));
#8866 = DIRECTION('',(0.5,0.866025403784,-0.));
#8867 = DIRECTION('',(0.866025403784,-0.5,0.));
#8868 = ADVANCED_FACE('',(#8869),#8887,.T.);
#8869 = FACE_BOUND('',#8870,.T.);
#8870 = EDGE_LOOP('',(#8871,#8872,#8880,#8886));
#8871 = ORIENTED_EDGE('',*,*,#2050,.T.);
#8872 = ORIENTED_EDGE('',*,*,#8873,.T.);
#8873 = EDGE_CURVE('',#2051,#8874,#8876,.T.);
#8874 = VERTEX_POINT('',#8875);
#8875 = CARTESIAN_POINT('',(31.,39.623611625134,3.5));
#8876 = LINE('',#8877,#8878);
#8877 = CARTESIAN_POINT('',(31.,39.623611625134,-2.));
#8878 = VECTOR('',#8879,1.);
#8879 = DIRECTION('',(0.,0.,1.));
#8880 = ORIENTED_EDGE('',*,*,#8881,.F.);
#8881 = EDGE_CURVE('',#8826,#8874,#8882,.T.);
#8882 = LINE('',#8883,#8884);
#8883 = CARTESIAN_POINT('',(31.,21.561805812567,3.5));
#8884 = VECTOR('',#8885,1.);
#8885 = DIRECTION('',(0.,-1.,0.));
#8886 = ORIENTED_EDGE('',*,*,#8825,.F.);
#8887 = PLANE('',#8888);
#8888 = AXIS2_PLACEMENT_3D('',#8889,#8890,#8891);
#8889 = CARTESIAN_POINT('',(31.,39.623611625134,-2.));
#8890 = DIRECTION('',(-1.,0.,0.));
#8891 = DIRECTION('',(0.,1.,0.));
#8892 = ADVANCED_FACE('',(#8893),#8904,.T.);
#8893 = FACE_BOUND('',#8894,.T.);
#8894 = EDGE_LOOP('',(#8895,#8896,#8897,#8903));
#8895 = ORIENTED_EDGE('',*,*,#2058,.T.);
#8896 = ORIENTED_EDGE('',*,*,#8858,.T.);
#8897 = ORIENTED_EDGE('',*,*,#8898,.F.);
#8898 = EDGE_CURVE('',#8874,#8851,#8899,.T.);
#8899 = LINE('',#8900,#8901);
#8900 = CARTESIAN_POINT('',(11.054008664048,28.107788158068,3.5));
#8901 = VECTOR('',#8902,1.);
#8902 = DIRECTION('',(-0.866025403784,-0.5,0.));
#8903 = ORIENTED_EDGE('',*,*,#8873,.F.);
#8904 = PLANE('',#8905);
#8905 = AXIS2_PLACEMENT_3D('',#8906,#8907,#8908);
#8906 = CARTESIAN_POINT('',(27.75,37.747223250267,-2.));
#8907 = DIRECTION('',(-0.5,0.866025403784,0.));
#8908 = DIRECTION('',(0.866025403784,0.5,0.));
#8909 = ADVANCED_FACE('',(#8910),#8935,.T.);
#8910 = FACE_BOUND('',#8911,.T.);
#8911 = EDGE_LOOP('',(#8912,#8913,#8921,#8929));
#8912 = ORIENTED_EDGE('',*,*,#2082,.T.);
#8913 = ORIENTED_EDGE('',*,*,#8914,.T.);
#8914 = EDGE_CURVE('',#2085,#8915,#8917,.T.);
#8915 = VERTEX_POINT('',#8916);
#8916 = CARTESIAN_POINT('',(36.75,45.252776749733,3.5));
#8917 = LINE('',#8918,#8919);
#8918 = CARTESIAN_POINT('',(36.75,45.252776749733,-2.));
#8919 = VECTOR('',#8920,1.);
#8920 = DIRECTION('',(0.,0.,1.));
#8921 = ORIENTED_EDGE('',*,*,#8922,.F.);
#8922 = EDGE_CURVE('',#8923,#8915,#8925,.T.);
#8923 = VERTEX_POINT('',#8924);
#8924 = CARTESIAN_POINT('',(33.5,43.376388374866,3.5));
#8925 = LINE('',#8926,#8927);
#8926 = CARTESIAN_POINT('',(15.054008664048,32.726590311585,3.5));
#8927 = VECTOR('',#8928,1.);
#8928 = DIRECTION('',(0.866025403784,0.5,-0.));
#8929 = ORIENTED_EDGE('',*,*,#8930,.F.);
#8930 = EDGE_CURVE('',#2083,#8923,#8931,.T.);
#8931 = LINE('',#8932,#8933);
#8932 = CARTESIAN_POINT('',(33.5,43.376388374866,-2.));
#8933 = VECTOR('',#8934,1.);
#8934 = DIRECTION('',(0.,0.,1.));
#8935 = PLANE('',#8936);
#8936 = AXIS2_PLACEMENT_3D('',#8937,#8938,#8939);
#8937 = CARTESIAN_POINT('',(36.75,45.252776749733,-2.));
#8938 = DIRECTION('',(0.5,-0.866025403784,0.));
#8939 = DIRECTION('',(-0.866025403784,-0.5,0.));
#8940 = ADVANCED_FACE('',(#8941),#8959,.T.);
#8941 = FACE_BOUND('',#8942,.T.);
#8942 = EDGE_LOOP('',(#8943,#8944,#8945,#8953));
#8943 = ORIENTED_EDGE('',*,*,#2124,.T.);
#8944 = ORIENTED_EDGE('',*,*,#8930,.T.);
#8945 = ORIENTED_EDGE('',*,*,#8946,.F.);
#8946 = EDGE_CURVE('',#8947,#8923,#8949,.T.);
#8947 = VERTEX_POINT('',#8948);
#8948 = CARTESIAN_POINT('',(33.5,39.623611625134,3.5));
#8949 = LINE('',#8950,#8951);
#8950 = CARTESIAN_POINT('',(33.5,23.438194187433,3.5));
#8951 = VECTOR('',#8952,1.);
#8952 = DIRECTION('',(-0.,1.,0.));
#8953 = ORIENTED_EDGE('',*,*,#8954,.F.);
#8954 = EDGE_CURVE('',#2117,#8947,#8955,.T.);
#8955 = LINE('',#8956,#8957);
#8956 = CARTESIAN_POINT('',(33.5,39.623611625134,-2.));
#8957 = VECTOR('',#8958,1.);
#8958 = DIRECTION('',(0.,0.,1.));
#8959 = PLANE('',#8960);
#8960 = AXIS2_PLACEMENT_3D('',#8961,#8962,#8963);
#8961 = CARTESIAN_POINT('',(33.5,43.376388374866,-2.));
#8962 = DIRECTION('',(1.,0.,-0.));
#8963 = DIRECTION('',(0.,-1.,0.));
#8964 = ADVANCED_FACE('',(#8965),#8983,.T.);
#8965 = FACE_BOUND('',#8966,.T.);
#8966 = EDGE_LOOP('',(#8967,#8968,#8976,#8982));
#8967 = ORIENTED_EDGE('',*,*,#2092,.T.);
#8968 = ORIENTED_EDGE('',*,*,#8969,.T.);
#8969 = EDGE_CURVE('',#2093,#8970,#8972,.T.);
#8970 = VERTEX_POINT('',#8971);
#8971 = CARTESIAN_POINT('',(40.,43.376388374866,3.5));
#8972 = LINE('',#8973,#8974);
#8973 = CARTESIAN_POINT('',(40.,43.376388374866,-2.));
#8974 = VECTOR('',#8975,1.);
#8975 = DIRECTION('',(0.,0.,1.));
#8976 = ORIENTED_EDGE('',*,*,#8977,.F.);
#8977 = EDGE_CURVE('',#8915,#8970,#8978,.T.);
#8978 = LINE('',#8979,#8980);
#8979 = CARTESIAN_POINT('',(34.758491335952,46.402574813014,3.5));
#8980 = VECTOR('',#8981,1.);
#8981 = DIRECTION('',(0.866025403784,-0.5,0.));
#8982 = ORIENTED_EDGE('',*,*,#8914,.F.);
#8983 = PLANE('',#8984);
#8984 = AXIS2_PLACEMENT_3D('',#8985,#8986,#8987);
#8985 = CARTESIAN_POINT('',(40.,43.376388374866,-2.));
#8986 = DIRECTION('',(-0.5,-0.866025403784,0.));
#8987 = DIRECTION('',(-0.866025403784,0.5,0.));
#8988 = ADVANCED_FACE('',(#8989),#9007,.T.);
#8989 = FACE_BOUND('',#8990,.T.);
#8990 = EDGE_LOOP('',(#8991,#8992,#8993,#9001));
#8991 = ORIENTED_EDGE('',*,*,#2116,.T.);
#8992 = ORIENTED_EDGE('',*,*,#8954,.T.);
#8993 = ORIENTED_EDGE('',*,*,#8994,.F.);
#8994 = EDGE_CURVE('',#8995,#8947,#8997,.T.);
#8995 = VERTEX_POINT('',#8996);
#8996 = CARTESIAN_POINT('',(36.75,37.747223250267,3.5));
#8997 = LINE('',#8998,#8999);
#8998 = CARTESIAN_POINT('',(29.883491335952,41.711603875848,3.5));
#8999 = VECTOR('',#9000,1.);
#9000 = DIRECTION('',(-0.866025403784,0.5,0.));
#9001 = ORIENTED_EDGE('',*,*,#9002,.F.);
#9002 = EDGE_CURVE('',#2109,#8995,#9003,.T.);
#9003 = LINE('',#9004,#9005);
#9004 = CARTESIAN_POINT('',(36.75,37.747223250267,-2.));
#9005 = VECTOR('',#9006,1.);
#9006 = DIRECTION('',(0.,0.,1.));
#9007 = PLANE('',#9008);
#9008 = AXIS2_PLACEMENT_3D('',#9009,#9010,#9011);
#9009 = CARTESIAN_POINT('',(33.5,39.623611625134,-2.));
#9010 = DIRECTION('',(0.5,0.866025403784,-0.));
#9011 = DIRECTION('',(0.866025403784,-0.5,0.));
#9012 = ADVANCED_FACE('',(#9013),#9031,.T.);
#9013 = FACE_BOUND('',#9014,.T.);
#9014 = EDGE_LOOP('',(#9015,#9016,#9024,#9030));
#9015 = ORIENTED_EDGE('',*,*,#2100,.T.);
#9016 = ORIENTED_EDGE('',*,*,#9017,.T.);
#9017 = EDGE_CURVE('',#2101,#9018,#9020,.T.);
#9018 = VERTEX_POINT('',#9019);
#9019 = CARTESIAN_POINT('',(40.,39.623611625134,3.5));
#9020 = LINE('',#9021,#9022);
#9021 = CARTESIAN_POINT('',(40.,39.623611625134,-2.));
#9022 = VECTOR('',#9023,1.);
#9023 = DIRECTION('',(0.,0.,1.));
#9024 = ORIENTED_EDGE('',*,*,#9025,.F.);
#9025 = EDGE_CURVE('',#8970,#9018,#9026,.T.);
#9026 = LINE('',#9027,#9028);
#9027 = CARTESIAN_POINT('',(40.,21.561805812567,3.5));
#9028 = VECTOR('',#9029,1.);
#9029 = DIRECTION('',(0.,-1.,0.));
#9030 = ORIENTED_EDGE('',*,*,#8969,.F.);
#9031 = PLANE('',#9032);
#9032 = AXIS2_PLACEMENT_3D('',#9033,#9034,#9035);
#9033 = CARTESIAN_POINT('',(40.,39.623611625134,-2.));
#9034 = DIRECTION('',(-1.,0.,0.));
#9035 = DIRECTION('',(0.,1.,0.));
#9036 = ADVANCED_FACE('',(#9037),#9048,.T.);
#9037 = FACE_BOUND('',#9038,.T.);
#9038 = EDGE_LOOP('',(#9039,#9040,#9041,#9047));
#9039 = ORIENTED_EDGE('',*,*,#2108,.T.);
#9040 = ORIENTED_EDGE('',*,*,#9002,.T.);
#9041 = ORIENTED_EDGE('',*,*,#9042,.F.);
#9042 = EDGE_CURVE('',#9018,#8995,#9043,.T.);
#9043 = LINE('',#9044,#9045);
#9044 = CARTESIAN_POINT('',(16.679008664048,26.159230999553,3.5));
#9045 = VECTOR('',#9046,1.);
#9046 = DIRECTION('',(-0.866025403784,-0.5,0.));
#9047 = ORIENTED_EDGE('',*,*,#9017,.F.);
#9048 = PLANE('',#9049);
#9049 = AXIS2_PLACEMENT_3D('',#9050,#9051,#9052);
#9050 = CARTESIAN_POINT('',(36.75,37.747223250267,-2.));
#9051 = DIRECTION('',(-0.5,0.866025403784,0.));
#9052 = DIRECTION('',(0.866025403784,0.5,0.));
#9053 = ADVANCED_FACE('',(#9054),#9079,.T.);
#9054 = FACE_BOUND('',#9055,.T.);
#9055 = EDGE_LOOP('',(#9056,#9057,#9065,#9073));
#9056 = ORIENTED_EDGE('',*,*,#2132,.T.);
#9057 = ORIENTED_EDGE('',*,*,#9058,.T.);
#9058 = EDGE_CURVE('',#2135,#9059,#9061,.T.);
#9059 = VERTEX_POINT('',#9060);
#9060 = CARTESIAN_POINT('',(45.75,45.252776749733,3.5));
#9061 = LINE('',#9062,#9063);
#9062 = CARTESIAN_POINT('',(45.75,45.252776749733,-2.));
#9063 = VECTOR('',#9064,1.);
#9064 = DIRECTION('',(0.,0.,1.));
#9065 = ORIENTED_EDGE('',*,*,#9066,.F.);
#9066 = EDGE_CURVE('',#9067,#9059,#9069,.T.);
#9067 = VERTEX_POINT('',#9068);
#9068 = CARTESIAN_POINT('',(42.5,43.376388374866,3.5));
#9069 = LINE('',#9070,#9071);
#9070 = CARTESIAN_POINT('',(20.679008664048,30.77803315307,3.5));
#9071 = VECTOR('',#9072,1.);
#9072 = DIRECTION('',(0.866025403784,0.5,-0.));
#9073 = ORIENTED_EDGE('',*,*,#9074,.F.);
#9074 = EDGE_CURVE('',#2133,#9067,#9075,.T.);
#9075 = LINE('',#9076,#9077);
#9076 = CARTESIAN_POINT('',(42.5,43.376388374866,-2.));
#9077 = VECTOR('',#9078,1.);
#9078 = DIRECTION('',(0.,0.,1.));
#9079 = PLANE('',#9080);
#9080 = AXIS2_PLACEMENT_3D('',#9081,#9082,#9083);
#9081 = CARTESIAN_POINT('',(45.75,45.252776749733,-2.));
#9082 = DIRECTION('',(0.5,-0.866025403784,0.));
#9083 = DIRECTION('',(-0.866025403784,-0.5,0.));
#9084 = ADVANCED_FACE('',(#9085),#9103,.T.);
#9085 = FACE_BOUND('',#9086,.T.);
#9086 = EDGE_LOOP('',(#9087,#9088,#9089,#9097));
#9087 = ORIENTED_EDGE('',*,*,#2174,.T.);
#9088 = ORIENTED_EDGE('',*,*,#9074,.T.);
#9089 = ORIENTED_EDGE('',*,*,#9090,.F.);
#9090 = EDGE_CURVE('',#9091,#9067,#9093,.T.);
#9091 = VERTEX_POINT('',#9092);
#9092 = CARTESIAN_POINT('',(42.5,39.623611625134,3.5));
#9093 = LINE('',#9094,#9095);
#9094 = CARTESIAN_POINT('',(42.5,23.438194187433,3.5));
#9095 = VECTOR('',#9096,1.);
#9096 = DIRECTION('',(-0.,1.,0.));
#9097 = ORIENTED_EDGE('',*,*,#9098,.F.);
#9098 = EDGE_CURVE('',#2167,#9091,#9099,.T.);
#9099 = LINE('',#9100,#9101);
#9100 = CARTESIAN_POINT('',(42.5,39.623611625134,-2.));
#9101 = VECTOR('',#9102,1.);
#9102 = DIRECTION('',(0.,0.,1.));
#9103 = PLANE('',#9104);
#9104 = AXIS2_PLACEMENT_3D('',#9105,#9106,#9107);
#9105 = CARTESIAN_POINT('',(42.5,43.376388374866,-2.));
#9106 = DIRECTION('',(1.,0.,-0.));
#9107 = DIRECTION('',(0.,-1.,0.));
#9108 = ADVANCED_FACE('',(#9109),#9127,.T.);
#9109 = FACE_BOUND('',#9110,.T.);
#9110 = EDGE_LOOP('',(#9111,#9112,#9120,#9126));
#9111 = ORIENTED_EDGE('',*,*,#2142,.T.);
#9112 = ORIENTED_EDGE('',*,*,#9113,.T.);
#9113 = EDGE_CURVE('',#2143,#9114,#9116,.T.);
#9114 = VERTEX_POINT('',#9115);
#9115 = CARTESIAN_POINT('',(49.,43.376388374866,3.5));
#9116 = LINE('',#9117,#9118);
#9117 = CARTESIAN_POINT('',(49.,43.376388374866,-2.));
#9118 = VECTOR('',#9119,1.);
#9119 = DIRECTION('',(0.,0.,1.));
#9120 = ORIENTED_EDGE('',*,*,#9121,.F.);
#9121 = EDGE_CURVE('',#9059,#9114,#9122,.T.);
#9122 = LINE('',#9123,#9124);
#9123 = CARTESIAN_POINT('',(40.383491335952,48.351131971529,3.5));
#9124 = VECTOR('',#9125,1.);
#9125 = DIRECTION('',(0.866025403784,-0.5,0.));
#9126 = ORIENTED_EDGE('',*,*,#9058,.F.);
#9127 = PLANE('',#9128);
#9128 = AXIS2_PLACEMENT_3D('',#9129,#9130,#9131);
#9129 = CARTESIAN_POINT('',(49.,43.376388374866,-2.));
#9130 = DIRECTION('',(-0.5,-0.866025403784,0.));
#9131 = DIRECTION('',(-0.866025403784,0.5,0.));
#9132 = ADVANCED_FACE('',(#9133),#9151,.T.);
#9133 = FACE_BOUND('',#9134,.T.);
#9134 = EDGE_LOOP('',(#9135,#9136,#9137,#9145));
#9135 = ORIENTED_EDGE('',*,*,#2166,.T.);
#9136 = ORIENTED_EDGE('',*,*,#9098,.T.);
#9137 = ORIENTED_EDGE('',*,*,#9138,.F.);
#9138 = EDGE_CURVE('',#9139,#9091,#9141,.T.);
#9139 = VERTEX_POINT('',#9140);
#9140 = CARTESIAN_POINT('',(45.75,37.747223250267,3.5));
#9141 = LINE('',#9142,#9143);
#9142 = CARTESIAN_POINT('',(35.508491335952,43.660161034363,3.5));
#9143 = VECTOR('',#9144,1.);
#9144 = DIRECTION('',(-0.866025403784,0.5,0.));
#9145 = ORIENTED_EDGE('',*,*,#9146,.F.);
#9146 = EDGE_CURVE('',#2159,#9139,#9147,.T.);
#9147 = LINE('',#9148,#9149);
#9148 = CARTESIAN_POINT('',(45.75,37.747223250267,-2.));
#9149 = VECTOR('',#9150,1.);
#9150 = DIRECTION('',(0.,0.,1.));
#9151 = PLANE('',#9152);
#9152 = AXIS2_PLACEMENT_3D('',#9153,#9154,#9155);
#9153 = CARTESIAN_POINT('',(42.5,39.623611625134,-2.));
#9154 = DIRECTION('',(0.5,0.866025403784,-0.));
#9155 = DIRECTION('',(0.866025403784,-0.5,0.));
#9156 = ADVANCED_FACE('',(#9157),#9175,.T.);
#9157 = FACE_BOUND('',#9158,.T.);
#9158 = EDGE_LOOP('',(#9159,#9160,#9168,#9174));
#9159 = ORIENTED_EDGE('',*,*,#2150,.T.);
#9160 = ORIENTED_EDGE('',*,*,#9161,.T.);
#9161 = EDGE_CURVE('',#2151,#9162,#9164,.T.);
#9162 = VERTEX_POINT('',#9163);
#9163 = CARTESIAN_POINT('',(49.,39.623611625134,3.5));
#9164 = LINE('',#9165,#9166);
#9165 = CARTESIAN_POINT('',(49.,39.623611625134,-2.));
#9166 = VECTOR('',#9167,1.);
#9167 = DIRECTION('',(0.,0.,1.));
#9168 = ORIENTED_EDGE('',*,*,#9169,.F.);
#9169 = EDGE_CURVE('',#9114,#9162,#9170,.T.);
#9170 = LINE('',#9171,#9172);
#9171 = CARTESIAN_POINT('',(49.,21.561805812567,3.5));
#9172 = VECTOR('',#9173,1.);
#9173 = DIRECTION('',(0.,-1.,0.));
#9174 = ORIENTED_EDGE('',*,*,#9113,.F.);
#9175 = PLANE('',#9176);
#9176 = AXIS2_PLACEMENT_3D('',#9177,#9178,#9179);
#9177 = CARTESIAN_POINT('',(49.,39.623611625134,-2.));
#9178 = DIRECTION('',(-1.,0.,0.));
#9179 = DIRECTION('',(0.,1.,0.));
#9180 = ADVANCED_FACE('',(#9181),#9192,.T.);
#9181 = FACE_BOUND('',#9182,.T.);
#9182 = EDGE_LOOP('',(#9183,#9184,#9185,#9191));
#9183 = ORIENTED_EDGE('',*,*,#2158,.T.);
#9184 = ORIENTED_EDGE('',*,*,#9146,.T.);
#9185 = ORIENTED_EDGE('',*,*,#9186,.F.);
#9186 = EDGE_CURVE('',#9162,#9139,#9187,.T.);
#9187 = LINE('',#9188,#9189);
#9188 = CARTESIAN_POINT('',(22.304008664048,24.210673841038,3.5));
#9189 = VECTOR('',#9190,1.);
#9190 = DIRECTION('',(-0.866025403784,-0.5,0.));
#9191 = ORIENTED_EDGE('',*,*,#9161,.F.);
#9192 = PLANE('',#9193);
#9193 = AXIS2_PLACEMENT_3D('',#9194,#9195,#9196);
#9194 = CARTESIAN_POINT('',(45.75,37.747223250267,-2.));
#9195 = DIRECTION('',(-0.5,0.866025403784,0.));
#9196 = DIRECTION('',(0.866025403784,0.5,0.));
#9197 = ADVANCED_FACE('',(#9198),#9223,.T.);
#9198 = FACE_BOUND('',#9199,.T.);
#9199 = EDGE_LOOP('',(#9200,#9201,#9209,#9217));
#9200 = ORIENTED_EDGE('',*,*,#2182,.T.);
#9201 = ORIENTED_EDGE('',*,*,#9202,.T.);
#9202 = EDGE_CURVE('',#2185,#9203,#9205,.T.);
#9203 = VERTEX_POINT('',#9204);
#9204 = CARTESIAN_POINT('',(49.75,21.252776749733,3.5));
#9205 = LINE('',#9206,#9207);
#9206 = CARTESIAN_POINT('',(49.75,21.252776749733,-2.));
#9207 = VECTOR('',#9208,1.);
#9208 = DIRECTION('',(0.,0.,1.));
#9209 = ORIENTED_EDGE('',*,*,#9210,.F.);
#9210 = EDGE_CURVE('',#9211,#9203,#9213,.T.);
#9211 = VERTEX_POINT('',#9212);
#9212 = CARTESIAN_POINT('',(46.5,19.376388374866,3.5));
#9213 = LINE('',#9214,#9215);
#9214 = CARTESIAN_POINT('',(28.375161086754,8.912007749285,3.5));
#9215 = VECTOR('',#9216,1.);
#9216 = DIRECTION('',(0.866025403784,0.5,-0.));
#9217 = ORIENTED_EDGE('',*,*,#9218,.F.);
#9218 = EDGE_CURVE('',#2183,#9211,#9219,.T.);
#9219 = LINE('',#9220,#9221);
#9220 = CARTESIAN_POINT('',(46.5,19.376388374866,-2.));
#9221 = VECTOR('',#9222,1.);
#9222 = DIRECTION('',(0.,0.,1.));
#9223 = PLANE('',#9224);
#9224 = AXIS2_PLACEMENT_3D('',#9225,#9226,#9227);
#9225 = CARTESIAN_POINT('',(49.75,21.252776749733,-2.));
#9226 = DIRECTION('',(0.5,-0.866025403784,0.));
#9227 = DIRECTION('',(-0.866025403784,-0.5,0.));
#9228 = ADVANCED_FACE('',(#9229),#9247,.T.);
#9229 = FACE_BOUND('',#9230,.T.);
#9230 = EDGE_LOOP('',(#9231,#9232,#9233,#9241));
#9231 = ORIENTED_EDGE('',*,*,#2224,.T.);
#9232 = ORIENTED_EDGE('',*,*,#9218,.T.);
#9233 = ORIENTED_EDGE('',*,*,#9234,.F.);
#9234 = EDGE_CURVE('',#9235,#9211,#9237,.T.);
#9235 = VERTEX_POINT('',#9236);
#9236 = CARTESIAN_POINT('',(46.5,15.623611625134,3.5));
#9237 = LINE('',#9238,#9239);
#9238 = CARTESIAN_POINT('',(46.5,11.438194187433,3.5));
#9239 = VECTOR('',#9240,1.);
#9240 = DIRECTION('',(-0.,1.,0.));
#9241 = ORIENTED_EDGE('',*,*,#9242,.F.);
#9242 = EDGE_CURVE('',#2217,#9235,#9243,.T.);
#9243 = LINE('',#9244,#9245);
#9244 = CARTESIAN_POINT('',(46.5,15.623611625134,-2.));
#9245 = VECTOR('',#9246,1.);
#9246 = DIRECTION('',(0.,0.,1.));
#9247 = PLANE('',#9248);
#9248 = AXIS2_PLACEMENT_3D('',#9249,#9250,#9251);
#9249 = CARTESIAN_POINT('',(46.5,19.376388374866,-2.));
#9250 = DIRECTION('',(1.,0.,-0.));
#9251 = DIRECTION('',(0.,-1.,0.));
#9252 = ADVANCED_FACE('',(#9253),#9271,.T.);
#9253 = FACE_BOUND('',#9254,.T.);
#9254 = EDGE_LOOP('',(#9255,#9256,#9264,#9270));
#9255 = ORIENTED_EDGE('',*,*,#2192,.T.);
#9256 = ORIENTED_EDGE('',*,*,#9257,.T.);
#9257 = EDGE_CURVE('',#2193,#9258,#9260,.T.);
#9258 = VERTEX_POINT('',#9259);
#9259 = CARTESIAN_POINT('',(53.,19.376388374866,3.5));
#9260 = LINE('',#9261,#9262);
#9261 = CARTESIAN_POINT('',(53.,19.376388374866,-2.));
#9262 = VECTOR('',#9263,1.);
#9263 = DIRECTION('',(0.,0.,1.));
#9264 = ORIENTED_EDGE('',*,*,#9265,.F.);
#9265 = EDGE_CURVE('',#9203,#9258,#9266,.T.);
#9266 = LINE('',#9267,#9268);
#9267 = CARTESIAN_POINT('',(37.687338913246,28.217157375313,3.5));
#9268 = VECTOR('',#9269,1.);
#9269 = DIRECTION('',(0.866025403784,-0.5,0.));
#9270 = ORIENTED_EDGE('',*,*,#9202,.F.);
#9271 = PLANE('',#9272);
#9272 = AXIS2_PLACEMENT_3D('',#9273,#9274,#9275);
#9273 = CARTESIAN_POINT('',(53.,19.376388374866,-2.));
#9274 = DIRECTION('',(-0.5,-0.866025403784,0.));
#9275 = DIRECTION('',(-0.866025403784,0.5,0.));
#9276 = ADVANCED_FACE('',(#9277),#9295,.T.);
#9277 = FACE_BOUND('',#9278,.T.);
#9278 = EDGE_LOOP('',(#9279,#9280,#9281,#9289));
#9279 = ORIENTED_EDGE('',*,*,#2216,.T.);
#9280 = ORIENTED_EDGE('',*,*,#9242,.T.);
#9281 = ORIENTED_EDGE('',*,*,#9282,.F.);
#9282 = EDGE_CURVE('',#9283,#9235,#9285,.T.);
#9283 = VERTEX_POINT('',#9284);
#9284 = CARTESIAN_POINT('',(49.75,13.747223250267,3.5));
#9285 = LINE('',#9286,#9287);
#9286 = CARTESIAN_POINT('',(32.812338913246,23.526186438148,3.5));
#9287 = VECTOR('',#9288,1.);
#9288 = DIRECTION('',(-0.866025403784,0.5,0.));
#9289 = ORIENTED_EDGE('',*,*,#9290,.F.);
#9290 = EDGE_CURVE('',#2209,#9283,#9291,.T.);
#9291 = LINE('',#9292,#9293);
#9292 = CARTESIAN_POINT('',(49.75,13.747223250267,-2.));
#9293 = VECTOR('',#9294,1.);
#9294 = DIRECTION('',(0.,0.,1.));
#9295 = PLANE('',#9296);
#9296 = AXIS2_PLACEMENT_3D('',#9297,#9298,#9299);
#9297 = CARTESIAN_POINT('',(46.5,15.623611625134,-2.));
#9298 = DIRECTION('',(0.5,0.866025403784,-0.));
#9299 = DIRECTION('',(0.866025403784,-0.5,0.));
#9300 = ADVANCED_FACE('',(#9301),#9319,.T.);
#9301 = FACE_BOUND('',#9302,.T.);
#9302 = EDGE_LOOP('',(#9303,#9304,#9312,#9318));
#9303 = ORIENTED_EDGE('',*,*,#2200,.T.);
#9304 = ORIENTED_EDGE('',*,*,#9305,.T.);
#9305 = EDGE_CURVE('',#2201,#9306,#9308,.T.);
#9306 = VERTEX_POINT('',#9307);
#9307 = CARTESIAN_POINT('',(53.,15.623611625134,3.5));
#9308 = LINE('',#9309,#9310);
#9309 = CARTESIAN_POINT('',(53.,15.623611625134,-2.));
#9310 = VECTOR('',#9311,1.);
#9311 = DIRECTION('',(0.,0.,1.));
#9312 = ORIENTED_EDGE('',*,*,#9313,.F.);
#9313 = EDGE_CURVE('',#9258,#9306,#9314,.T.);
#9314 = LINE('',#9315,#9316);
#9315 = CARTESIAN_POINT('',(53.,9.561805812567,3.5));
#9316 = VECTOR('',#9317,1.);
#9317 = DIRECTION('',(0.,-1.,0.));
#9318 = ORIENTED_EDGE('',*,*,#9257,.F.);
#9319 = PLANE('',#9320);
#9320 = AXIS2_PLACEMENT_3D('',#9321,#9322,#9323);
#9321 = CARTESIAN_POINT('',(53.,15.623611625134,-2.));
#9322 = DIRECTION('',(-1.,0.,0.));
#9323 = DIRECTION('',(0.,1.,0.));
#9324 = ADVANCED_FACE('',(#9325),#9336,.T.);
#9325 = FACE_BOUND('',#9326,.T.);
#9326 = EDGE_LOOP('',(#9327,#9328,#9329,#9335));
#9327 = ORIENTED_EDGE('',*,*,#2208,.T.);
#9328 = ORIENTED_EDGE('',*,*,#9290,.T.);
#9329 = ORIENTED_EDGE('',*,*,#9330,.F.);
#9330 = EDGE_CURVE('',#9306,#9283,#9331,.T.);
#9331 = LINE('',#9332,#9333);
#9332 = CARTESIAN_POINT('',(30.000161086754,2.344648437253,3.5));
#9333 = VECTOR('',#9334,1.);
#9334 = DIRECTION('',(-0.866025403784,-0.5,0.));
#9335 = ORIENTED_EDGE('',*,*,#9305,.F.);
#9336 = PLANE('',#9337);
#9337 = AXIS2_PLACEMENT_3D('',#9338,#9339,#9340);
#9338 = CARTESIAN_POINT('',(49.75,13.747223250267,-2.));
#9339 = DIRECTION('',(-0.5,0.866025403784,0.));
#9340 = DIRECTION('',(0.866025403784,0.5,0.));
#9341 = ADVANCED_FACE('',(#9342),#9367,.T.);
#9342 = FACE_BOUND('',#9343,.T.);
#9343 = EDGE_LOOP('',(#9344,#9345,#9353,#9361));
#9344 = ORIENTED_EDGE('',*,*,#2232,.T.);
#9345 = ORIENTED_EDGE('',*,*,#9346,.T.);
#9346 = EDGE_CURVE('',#2235,#9347,#9349,.T.);
#9347 = VERTEX_POINT('',#9348);
#9348 = CARTESIAN_POINT('',(58.75,21.252776749733,3.5));
#9349 = LINE('',#9350,#9351);
#9350 = CARTESIAN_POINT('',(58.75,21.252776749733,-2.));
#9351 = VECTOR('',#9352,1.);
#9352 = DIRECTION('',(0.,0.,1.));
#9353 = ORIENTED_EDGE('',*,*,#9354,.F.);
#9354 = EDGE_CURVE('',#9355,#9347,#9357,.T.);
#9355 = VERTEX_POINT('',#9356);
#9356 = CARTESIAN_POINT('',(55.5,19.376388374866,3.5));
#9357 = LINE('',#9358,#9359);
#9358 = CARTESIAN_POINT('',(34.000161086754,6.96345059077,3.5));
#9359 = VECTOR('',#9360,1.);
#9360 = DIRECTION('',(0.866025403784,0.5,-0.));
#9361 = ORIENTED_EDGE('',*,*,#9362,.F.);
#9362 = EDGE_CURVE('',#2233,#9355,#9363,.T.);
#9363 = LINE('',#9364,#9365);
#9364 = CARTESIAN_POINT('',(55.5,19.376388374866,-2.));
#9365 = VECTOR('',#9366,1.);
#9366 = DIRECTION('',(0.,0.,1.));
#9367 = PLANE('',#9368);
#9368 = AXIS2_PLACEMENT_3D('',#9369,#9370,#9371);
#9369 = CARTESIAN_POINT('',(58.75,21.252776749733,-2.));
#9370 = DIRECTION('',(0.5,-0.866025403784,0.));
#9371 = DIRECTION('',(-0.866025403784,-0.5,0.));
#9372 = ADVANCED_FACE('',(#9373),#9391,.T.);
#9373 = FACE_BOUND('',#9374,.T.);
#9374 = EDGE_LOOP('',(#9375,#9376,#9377,#9385));
#9375 = ORIENTED_EDGE('',*,*,#2274,.T.);
#9376 = ORIENTED_EDGE('',*,*,#9362,.T.);
#9377 = ORIENTED_EDGE('',*,*,#9378,.F.);
#9378 = EDGE_CURVE('',#9379,#9355,#9381,.T.);
#9379 = VERTEX_POINT('',#9380);
#9380 = CARTESIAN_POINT('',(55.5,15.623611625134,3.5));
#9381 = LINE('',#9382,#9383);
#9382 = CARTESIAN_POINT('',(55.5,11.438194187433,3.5));
#9383 = VECTOR('',#9384,1.);
#9384 = DIRECTION('',(-0.,1.,0.));
#9385 = ORIENTED_EDGE('',*,*,#9386,.F.);
#9386 = EDGE_CURVE('',#2267,#9379,#9387,.T.);
#9387 = LINE('',#9388,#9389);
#9388 = CARTESIAN_POINT('',(55.5,15.623611625134,-2.));
#9389 = VECTOR('',#9390,1.);
#9390 = DIRECTION('',(0.,0.,1.));
#9391 = PLANE('',#9392);
#9392 = AXIS2_PLACEMENT_3D('',#9393,#9394,#9395);
#9393 = CARTESIAN_POINT('',(55.5,19.376388374866,-2.));
#9394 = DIRECTION('',(1.,0.,-0.));
#9395 = DIRECTION('',(0.,-1.,0.));
#9396 = ADVANCED_FACE('',(#9397),#9415,.T.);
#9397 = FACE_BOUND('',#9398,.T.);
#9398 = EDGE_LOOP('',(#9399,#9400,#9408,#9414));
#9399 = ORIENTED_EDGE('',*,*,#2242,.T.);
#9400 = ORIENTED_EDGE('',*,*,#9401,.T.);
#9401 = EDGE_CURVE('',#2243,#9402,#9404,.T.);
#9402 = VERTEX_POINT('',#9403);
#9403 = CARTESIAN_POINT('',(62.,19.376388374866,3.5));
#9404 = LINE('',#9405,#9406);
#9405 = CARTESIAN_POINT('',(62.,19.376388374866,-2.));
#9406 = VECTOR('',#9407,1.);
#9407 = DIRECTION('',(0.,0.,1.));
#9408 = ORIENTED_EDGE('',*,*,#9409,.F.);
#9409 = EDGE_CURVE('',#9347,#9402,#9410,.T.);
#9410 = LINE('',#9411,#9412);
#9411 = CARTESIAN_POINT('',(43.312338913246,30.165714533828,3.5));
#9412 = VECTOR('',#9413,1.);
#9413 = DIRECTION('',(0.866025403784,-0.5,0.));
#9414 = ORIENTED_EDGE('',*,*,#9346,.F.);
#9415 = PLANE('',#9416);
#9416 = AXIS2_PLACEMENT_3D('',#9417,#9418,#9419);
#9417 = CARTESIAN_POINT('',(62.,19.376388374866,-2.));
#9418 = DIRECTION('',(-0.5,-0.866025403784,0.));
#9419 = DIRECTION('',(-0.866025403784,0.5,0.));
#9420 = ADVANCED_FACE('',(#9421),#9439,.T.);
#9421 = FACE_BOUND('',#9422,.T.);
#9422 = EDGE_LOOP('',(#9423,#9424,#9425,#9433));
#9423 = ORIENTED_EDGE('',*,*,#2266,.T.);
#9424 = ORIENTED_EDGE('',*,*,#9386,.T.);
#9425 = ORIENTED_EDGE('',*,*,#9426,.F.);
#9426 = EDGE_CURVE('',#9427,#9379,#9429,.T.);
#9427 = VERTEX_POINT('',#9428);
#9428 = CARTESIAN_POINT('',(58.75,13.747223250267,3.5));
#9429 = LINE('',#9430,#9431);
#9430 = CARTESIAN_POINT('',(38.437338913246,25.474743596663,3.5));
#9431 = VECTOR('',#9432,1.);
#9432 = DIRECTION('',(-0.866025403784,0.5,0.));
#9433 = ORIENTED_EDGE('',*,*,#9434,.F.);
#9434 = EDGE_CURVE('',#2259,#9427,#9435,.T.);
#9435 = LINE('',#9436,#9437);
#9436 = CARTESIAN_POINT('',(58.75,13.747223250267,-2.));
#9437 = VECTOR('',#9438,1.);
#9438 = DIRECTION('',(0.,0.,1.));
#9439 = PLANE('',#9440);
#9440 = AXIS2_PLACEMENT_3D('',#9441,#9442,#9443);
#9441 = CARTESIAN_POINT('',(55.5,15.623611625134,-2.));
#9442 = DIRECTION('',(0.5,0.866025403784,-0.));
#9443 = DIRECTION('',(0.866025403784,-0.5,0.));
#9444 = ADVANCED_FACE('',(#9445),#9463,.T.);
#9445 = FACE_BOUND('',#9446,.T.);
#9446 = EDGE_LOOP('',(#9447,#9448,#9456,#9462));
#9447 = ORIENTED_EDGE('',*,*,#2250,.T.);
#9448 = ORIENTED_EDGE('',*,*,#9449,.T.);
#9449 = EDGE_CURVE('',#2251,#9450,#9452,.T.);
#9450 = VERTEX_POINT('',#9451);
#9451 = CARTESIAN_POINT('',(62.,15.623611625134,3.5));
#9452 = LINE('',#9453,#9454);
#9453 = CARTESIAN_POINT('',(62.,15.623611625134,-2.));
#9454 = VECTOR('',#9455,1.);
#9455 = DIRECTION('',(0.,0.,1.));
#9456 = ORIENTED_EDGE('',*,*,#9457,.F.);
#9457 = EDGE_CURVE('',#9402,#9450,#9458,.T.);
#9458 = LINE('',#9459,#9460);
#9459 = CARTESIAN_POINT('',(62.,9.561805812567,3.5));
#9460 = VECTOR('',#9461,1.);
#9461 = DIRECTION('',(0.,-1.,0.));
#9462 = ORIENTED_EDGE('',*,*,#9401,.F.);
#9463 = PLANE('',#9464);
#9464 = AXIS2_PLACEMENT_3D('',#9465,#9466,#9467);
#9465 = CARTESIAN_POINT('',(62.,15.623611625134,-2.));
#9466 = DIRECTION('',(-1.,0.,0.));
#9467 = DIRECTION('',(0.,1.,0.));
#9468 = ADVANCED_FACE('',(#9469),#9480,.T.);
#9469 = FACE_BOUND('',#9470,.T.);
#9470 = EDGE_LOOP('',(#9471,#9472,#9473,#9479));
#9471 = ORIENTED_EDGE('',*,*,#2258,.T.);
#9472 = ORIENTED_EDGE('',*,*,#9434,.T.);
#9473 = ORIENTED_EDGE('',*,*,#9474,.F.);
#9474 = EDGE_CURVE('',#9450,#9427,#9475,.T.);
#9475 = LINE('',#9476,#9477);
#9476 = CARTESIAN_POINT('',(35.625161086754,0.396091278738,3.5));
#9477 = VECTOR('',#9478,1.);
#9478 = DIRECTION('',(-0.866025403784,-0.5,0.));
#9479 = ORIENTED_EDGE('',*,*,#9449,.F.);
#9480 = PLANE('',#9481);
#9481 = AXIS2_PLACEMENT_3D('',#9482,#9483,#9484);
#9482 = CARTESIAN_POINT('',(58.75,13.747223250267,-2.));
#9483 = DIRECTION('',(-0.5,0.866025403784,0.));
#9484 = DIRECTION('',(0.866025403784,0.5,0.));
#9485 = ADVANCED_FACE('',(#9486),#9511,.T.);
#9486 = FACE_BOUND('',#9487,.T.);
#9487 = EDGE_LOOP('',(#9488,#9489,#9497,#9505));
#9488 = ORIENTED_EDGE('',*,*,#2282,.T.);
#9489 = ORIENTED_EDGE('',*,*,#9490,.T.);
#9490 = EDGE_CURVE('',#2285,#9491,#9493,.T.);
#9491 = VERTEX_POINT('',#9492);
#9492 = CARTESIAN_POINT('',(67.75,21.252776749733,3.5));
#9493 = LINE('',#9494,#9495);
#9494 = CARTESIAN_POINT('',(67.75,21.252776749733,-2.));
#9495 = VECTOR('',#9496,1.);
#9496 = DIRECTION('',(0.,0.,1.));
#9497 = ORIENTED_EDGE('',*,*,#9498,.F.);
#9498 = EDGE_CURVE('',#9499,#9491,#9501,.T.);
#9499 = VERTEX_POINT('',#9500);
#9500 = CARTESIAN_POINT('',(64.5,19.376388374866,3.5));
#9501 = LINE('',#9502,#9503);
#9502 = CARTESIAN_POINT('',(39.625161086754,5.014893432255,3.5));
#9503 = VECTOR('',#9504,1.);
#9504 = DIRECTION('',(0.866025403784,0.5,-0.));
#9505 = ORIENTED_EDGE('',*,*,#9506,.F.);
#9506 = EDGE_CURVE('',#2283,#9499,#9507,.T.);
#9507 = LINE('',#9508,#9509);
#9508 = CARTESIAN_POINT('',(64.5,19.376388374866,-2.));
#9509 = VECTOR('',#9510,1.);
#9510 = DIRECTION('',(0.,0.,1.));
#9511 = PLANE('',#9512);
#9512 = AXIS2_PLACEMENT_3D('',#9513,#9514,#9515);
#9513 = CARTESIAN_POINT('',(67.75,21.252776749733,-2.));
#9514 = DIRECTION('',(0.5,-0.866025403784,0.));
#9515 = DIRECTION('',(-0.866025403784,-0.5,0.));
#9516 = ADVANCED_FACE('',(#9517),#9535,.T.);
#9517 = FACE_BOUND('',#9518,.T.);
#9518 = EDGE_LOOP('',(#9519,#9520,#9521,#9529));
#9519 = ORIENTED_EDGE('',*,*,#2324,.T.);
#9520 = ORIENTED_EDGE('',*,*,#9506,.T.);
#9521 = ORIENTED_EDGE('',*,*,#9522,.F.);
#9522 = EDGE_CURVE('',#9523,#9499,#9525,.T.);
#9523 = VERTEX_POINT('',#9524);
#9524 = CARTESIAN_POINT('',(64.5,15.623611625134,3.5));
#9525 = LINE('',#9526,#9527);
#9526 = CARTESIAN_POINT('',(64.5,11.438194187433,3.5));
#9527 = VECTOR('',#9528,1.);
#9528 = DIRECTION('',(-0.,1.,0.));
#9529 = ORIENTED_EDGE('',*,*,#9530,.F.);
#9530 = EDGE_CURVE('',#2317,#9523,#9531,.T.);
#9531 = LINE('',#9532,#9533);
#9532 = CARTESIAN_POINT('',(64.5,15.623611625134,-2.));
#9533 = VECTOR('',#9534,1.);
#9534 = DIRECTION('',(0.,0.,1.));
#9535 = PLANE('',#9536);
#9536 = AXIS2_PLACEMENT_3D('',#9537,#9538,#9539);
#9537 = CARTESIAN_POINT('',(64.5,19.376388374866,-2.));
#9538 = DIRECTION('',(1.,0.,-0.));
#9539 = DIRECTION('',(0.,-1.,0.));
#9540 = ADVANCED_FACE('',(#9541),#9559,.T.);
#9541 = FACE_BOUND('',#9542,.T.);
#9542 = EDGE_LOOP('',(#9543,#9544,#9552,#9558));
#9543 = ORIENTED_EDGE('',*,*,#2292,.T.);
#9544 = ORIENTED_EDGE('',*,*,#9545,.T.);
#9545 = EDGE_CURVE('',#2293,#9546,#9548,.T.);
#9546 = VERTEX_POINT('',#9547);
#9547 = CARTESIAN_POINT('',(71.,19.376388374866,3.5));
#9548 = LINE('',#9549,#9550);
#9549 = CARTESIAN_POINT('',(71.,19.376388374866,-2.));
#9550 = VECTOR('',#9551,1.);
#9551 = DIRECTION('',(0.,0.,1.));
#9552 = ORIENTED_EDGE('',*,*,#9553,.F.);
#9553 = EDGE_CURVE('',#9491,#9546,#9554,.T.);
#9554 = LINE('',#9555,#9556);
#9555 = CARTESIAN_POINT('',(48.937338913246,32.114271692343,3.5));
#9556 = VECTOR('',#9557,1.);
#9557 = DIRECTION('',(0.866025403784,-0.5,0.));
#9558 = ORIENTED_EDGE('',*,*,#9490,.F.);
#9559 = PLANE('',#9560);
#9560 = AXIS2_PLACEMENT_3D('',#9561,#9562,#9563);
#9561 = CARTESIAN_POINT('',(71.,19.376388374866,-2.));
#9562 = DIRECTION('',(-0.5,-0.866025403784,0.));
#9563 = DIRECTION('',(-0.866025403784,0.5,0.));
#9564 = ADVANCED_FACE('',(#9565),#9583,.T.);
#9565 = FACE_BOUND('',#9566,.T.);
#9566 = EDGE_LOOP('',(#9567,#9568,#9569,#9577));
#9567 = ORIENTED_EDGE('',*,*,#2316,.T.);
#9568 = ORIENTED_EDGE('',*,*,#9530,.T.);
#9569 = ORIENTED_EDGE('',*,*,#9570,.F.);
#9570 = EDGE_CURVE('',#9571,#9523,#9573,.T.);
#9571 = VERTEX_POINT('',#9572);
#9572 = CARTESIAN_POINT('',(67.75,13.747223250267,3.5));
#9573 = LINE('',#9574,#9575);
#9574 = CARTESIAN_POINT('',(44.062338913246,27.423300755178,3.5));
#9575 = VECTOR('',#9576,1.);
#9576 = DIRECTION('',(-0.866025403784,0.5,0.));
#9577 = ORIENTED_EDGE('',*,*,#9578,.F.);
#9578 = EDGE_CURVE('',#2309,#9571,#9579,.T.);
#9579 = LINE('',#9580,#9581);
#9580 = CARTESIAN_POINT('',(67.75,13.747223250267,-2.));
#9581 = VECTOR('',#9582,1.);
#9582 = DIRECTION('',(0.,0.,1.));
#9583 = PLANE('',#9584);
#9584 = AXIS2_PLACEMENT_3D('',#9585,#9586,#9587);
#9585 = CARTESIAN_POINT('',(64.5,15.623611625134,-2.));
#9586 = DIRECTION('',(0.5,0.866025403784,-0.));
#9587 = DIRECTION('',(0.866025403784,-0.5,0.));
#9588 = ADVANCED_FACE('',(#9589),#9607,.T.);
#9589 = FACE_BOUND('',#9590,.T.);
#9590 = EDGE_LOOP('',(#9591,#9592,#9600,#9606));
#9591 = ORIENTED_EDGE('',*,*,#2300,.T.);
#9592 = ORIENTED_EDGE('',*,*,#9593,.T.);
#9593 = EDGE_CURVE('',#2301,#9594,#9596,.T.);
#9594 = VERTEX_POINT('',#9595);
#9595 = CARTESIAN_POINT('',(71.,15.623611625134,3.5));
#9596 = LINE('',#9597,#9598);
#9597 = CARTESIAN_POINT('',(71.,15.623611625134,-2.));
#9598 = VECTOR('',#9599,1.);
#9599 = DIRECTION('',(0.,0.,1.));
#9600 = ORIENTED_EDGE('',*,*,#9601,.F.);
#9601 = EDGE_CURVE('',#9546,#9594,#9602,.T.);
#9602 = LINE('',#9603,#9604);
#9603 = CARTESIAN_POINT('',(71.,9.561805812567,3.5));
#9604 = VECTOR('',#9605,1.);
#9605 = DIRECTION('',(0.,-1.,0.));
#9606 = ORIENTED_EDGE('',*,*,#9545,.F.);
#9607 = PLANE('',#9608);
#9608 = AXIS2_PLACEMENT_3D('',#9609,#9610,#9611);
#9609 = CARTESIAN_POINT('',(71.,15.623611625134,-2.));
#9610 = DIRECTION('',(-1.,0.,0.));
#9611 = DIRECTION('',(0.,1.,0.));
#9612 = ADVANCED_FACE('',(#9613),#9624,.T.);
#9613 = FACE_BOUND('',#9614,.T.);
#9614 = EDGE_LOOP('',(#9615,#9616,#9617,#9623));
#9615 = ORIENTED_EDGE('',*,*,#2308,.T.);
#9616 = ORIENTED_EDGE('',*,*,#9578,.T.);
#9617 = ORIENTED_EDGE('',*,*,#9618,.F.);
#9618 = EDGE_CURVE('',#9594,#9571,#9619,.T.);
#9619 = LINE('',#9620,#9621);
#9620 = CARTESIAN_POINT('',(41.250161086754,-1.552465879777,3.5));
#9621 = VECTOR('',#9622,1.);
#9622 = DIRECTION('',(-0.866025403784,-0.5,0.));
#9623 = ORIENTED_EDGE('',*,*,#9593,.F.);
#9624 = PLANE('',#9625);
#9625 = AXIS2_PLACEMENT_3D('',#9626,#9627,#9628);
#9626 = CARTESIAN_POINT('',(67.75,13.747223250267,-2.));
#9627 = DIRECTION('',(-0.5,0.866025403784,0.));
#9628 = DIRECTION('',(0.866025403784,0.5,0.));
#9629 = ADVANCED_FACE('',(#9630),#9655,.T.);
#9630 = FACE_BOUND('',#9631,.T.);
#9631 = EDGE_LOOP('',(#9632,#9633,#9641,#9649));
#9632 = ORIENTED_EDGE('',*,*,#2332,.T.);
#9633 = ORIENTED_EDGE('',*,*,#9634,.T.);
#9634 = EDGE_CURVE('',#2335,#9635,#9637,.T.);
#9635 = VERTEX_POINT('',#9636);
#9636 = CARTESIAN_POINT('',(54.75,29.252776749733,3.5));
#9637 = LINE('',#9638,#9639);
#9638 = CARTESIAN_POINT('',(54.75,29.252776749733,-2.));
#9639 = VECTOR('',#9640,1.);
#9640 = DIRECTION('',(0.,0.,1.));
#9641 = ORIENTED_EDGE('',*,*,#9642,.F.);
#9642 = EDGE_CURVE('',#9643,#9635,#9645,.T.);
#9643 = VERTEX_POINT('',#9644);
#9644 = CARTESIAN_POINT('',(51.5,27.376388374866,3.5));
#9645 = LINE('',#9646,#9647);
#9646 = CARTESIAN_POINT('',(29.768110279186,14.829475994555,3.5));
#9647 = VECTOR('',#9648,1.);
#9648 = DIRECTION('',(0.866025403784,0.5,-0.));
#9649 = ORIENTED_EDGE('',*,*,#9650,.F.);
#9650 = EDGE_CURVE('',#2333,#9643,#9651,.T.);
#9651 = LINE('',#9652,#9653);
#9652 = CARTESIAN_POINT('',(51.5,27.376388374866,-2.));
#9653 = VECTOR('',#9654,1.);
#9654 = DIRECTION('',(0.,0.,1.));
#9655 = PLANE('',#9656);
#9656 = AXIS2_PLACEMENT_3D('',#9657,#9658,#9659);
#9657 = CARTESIAN_POINT('',(54.75,29.252776749733,-2.));
#9658 = DIRECTION('',(0.5,-0.866025403784,0.));
#9659 = DIRECTION('',(-0.866025403784,-0.5,0.));
#9660 = ADVANCED_FACE('',(#9661),#9679,.T.);
#9661 = FACE_BOUND('',#9662,.T.);
#9662 = EDGE_LOOP('',(#9663,#9664,#9665,#9673));
#9663 = ORIENTED_EDGE('',*,*,#2374,.T.);
#9664 = ORIENTED_EDGE('',*,*,#9650,.T.);
#9665 = ORIENTED_EDGE('',*,*,#9666,.F.);
#9666 = EDGE_CURVE('',#9667,#9643,#9669,.T.);
#9667 = VERTEX_POINT('',#9668);
#9668 = CARTESIAN_POINT('',(51.5,23.623611625134,3.5));
#9669 = LINE('',#9670,#9671);
#9670 = CARTESIAN_POINT('',(51.5,15.438194187433,3.5));
#9671 = VECTOR('',#9672,1.);
#9672 = DIRECTION('',(-0.,1.,0.));
#9673 = ORIENTED_EDGE('',*,*,#9674,.F.);
#9674 = EDGE_CURVE('',#2367,#9667,#9675,.T.);
#9675 = LINE('',#9676,#9677);
#9676 = CARTESIAN_POINT('',(51.5,23.623611625134,-2.));
#9677 = VECTOR('',#9678,1.);
#9678 = DIRECTION('',(0.,0.,1.));
#9679 = PLANE('',#9680);
#9680 = AXIS2_PLACEMENT_3D('',#9681,#9682,#9683);
#9681 = CARTESIAN_POINT('',(51.5,27.376388374866,-2.));
#9682 = DIRECTION('',(1.,0.,-0.));
#9683 = DIRECTION('',(0.,-1.,0.));
#9684 = ADVANCED_FACE('',(#9685),#9703,.T.);
#9685 = FACE_BOUND('',#9686,.T.);
#9686 = EDGE_LOOP('',(#9687,#9688,#9696,#9702));
#9687 = ORIENTED_EDGE('',*,*,#2342,.T.);
#9688 = ORIENTED_EDGE('',*,*,#9689,.T.);
#9689 = EDGE_CURVE('',#2343,#9690,#9692,.T.);
#9690 = VERTEX_POINT('',#9691);
#9691 = CARTESIAN_POINT('',(58.,27.376388374866,3.5));
#9692 = LINE('',#9693,#9694);
#9693 = CARTESIAN_POINT('',(58.,27.376388374866,-2.));
#9694 = VECTOR('',#9695,1.);
#9695 = DIRECTION('',(0.,0.,1.));
#9696 = ORIENTED_EDGE('',*,*,#9697,.F.);
#9697 = EDGE_CURVE('',#9635,#9690,#9698,.T.);
#9698 = LINE('',#9699,#9700);
#9699 = CARTESIAN_POINT('',(42.544389720814,36.299689130044,3.5));
#9700 = VECTOR('',#9701,1.);
#9701 = DIRECTION('',(0.866025403784,-0.5,0.));
#9702 = ORIENTED_EDGE('',*,*,#9634,.F.);
#9703 = PLANE('',#9704);
#9704 = AXIS2_PLACEMENT_3D('',#9705,#9706,#9707);
#9705 = CARTESIAN_POINT('',(58.,27.376388374866,-2.));
#9706 = DIRECTION('',(-0.5,-0.866025403784,0.));
#9707 = DIRECTION('',(-0.866025403784,0.5,0.));
#9708 = ADVANCED_FACE('',(#9709),#9727,.T.);
#9709 = FACE_BOUND('',#9710,.T.);
#9710 = EDGE_LOOP('',(#9711,#9712,#9713,#9721));
#9711 = ORIENTED_EDGE('',*,*,#2366,.T.);
#9712 = ORIENTED_EDGE('',*,*,#9674,.T.);
#9713 = ORIENTED_EDGE('',*,*,#9714,.F.);
#9714 = EDGE_CURVE('',#9715,#9667,#9717,.T.);
#9715 = VERTEX_POINT('',#9716);
#9716 = CARTESIAN_POINT('',(54.75,21.747223250267,3.5));
#9717 = LINE('',#9718,#9719);
#9718 = CARTESIAN_POINT('',(37.669389720814,31.608718192878,3.5));
#9719 = VECTOR('',#9720,1.);
#9720 = DIRECTION('',(-0.866025403784,0.5,0.));
#9721 = ORIENTED_EDGE('',*,*,#9722,.F.);
#9722 = EDGE_CURVE('',#2359,#9715,#9723,.T.);
#9723 = LINE('',#9724,#9725);
#9724 = CARTESIAN_POINT('',(54.75,21.747223250267,-2.));
#9725 = VECTOR('',#9726,1.);
#9726 = DIRECTION('',(0.,0.,1.));
#9727 = PLANE('',#9728);
#9728 = AXIS2_PLACEMENT_3D('',#9729,#9730,#9731);
#9729 = CARTESIAN_POINT('',(51.5,23.623611625134,-2.));
#9730 = DIRECTION('',(0.5,0.866025403784,-0.));
#9731 = DIRECTION('',(0.866025403784,-0.5,0.));
#9732 = ADVANCED_FACE('',(#9733),#9751,.T.);
#9733 = FACE_BOUND('',#9734,.T.);
#9734 = EDGE_LOOP('',(#9735,#9736,#9744,#9750));
#9735 = ORIENTED_EDGE('',*,*,#2350,.T.);
#9736 = ORIENTED_EDGE('',*,*,#9737,.T.);
#9737 = EDGE_CURVE('',#2351,#9738,#9740,.T.);
#9738 = VERTEX_POINT('',#9739);
#9739 = CARTESIAN_POINT('',(58.,23.623611625134,3.5));
#9740 = LINE('',#9741,#9742);
#9741 = CARTESIAN_POINT('',(58.,23.623611625134,-2.));
#9742 = VECTOR('',#9743,1.);
#9743 = DIRECTION('',(0.,0.,1.));
#9744 = ORIENTED_EDGE('',*,*,#9745,.F.);
#9745 = EDGE_CURVE('',#9690,#9738,#9746,.T.);
#9746 = LINE('',#9747,#9748);
#9747 = CARTESIAN_POINT('',(58.,13.561805812567,3.5));
#9748 = VECTOR('',#9749,1.);
#9749 = DIRECTION('',(0.,-1.,0.));
#9750 = ORIENTED_EDGE('',*,*,#9689,.F.);
#9751 = PLANE('',#9752);
#9752 = AXIS2_PLACEMENT_3D('',#9753,#9754,#9755);
#9753 = CARTESIAN_POINT('',(58.,23.623611625134,-2.));
#9754 = DIRECTION('',(-1.,0.,0.));
#9755 = DIRECTION('',(0.,1.,0.));
#9756 = ADVANCED_FACE('',(#9757),#9768,.T.);
#9757 = FACE_BOUND('',#9758,.T.);
#9758 = EDGE_LOOP('',(#9759,#9760,#9761,#9767));
#9759 = ORIENTED_EDGE('',*,*,#2358,.T.);
#9760 = ORIENTED_EDGE('',*,*,#9722,.T.);
#9761 = ORIENTED_EDGE('',*,*,#9762,.F.);
#9762 = EDGE_CURVE('',#9738,#9715,#9763,.T.);
#9763 = LINE('',#9764,#9765);
#9764 = CARTESIAN_POINT('',(31.393110279186,8.262116682523,3.5));
#9765 = VECTOR('',#9766,1.);
#9766 = DIRECTION('',(-0.866025403784,-0.5,0.));
#9767 = ORIENTED_EDGE('',*,*,#9737,.F.);
#9768 = PLANE('',#9769);
#9769 = AXIS2_PLACEMENT_3D('',#9770,#9771,#9772);
#9770 = CARTESIAN_POINT('',(54.75,21.747223250267,-2.));
#9771 = DIRECTION('',(-0.5,0.866025403784,0.));
#9772 = DIRECTION('',(0.866025403784,0.5,0.));
#9773 = ADVANCED_FACE('',(#9774),#9799,.T.);
#9774 = FACE_BOUND('',#9775,.T.);
#9775 = EDGE_LOOP('',(#9776,#9777,#9785,#9793));
#9776 = ORIENTED_EDGE('',*,*,#2382,.T.);
#9777 = ORIENTED_EDGE('',*,*,#9778,.T.);
#9778 = EDGE_CURVE('',#2385,#9779,#9781,.T.);
#9779 = VERTEX_POINT('',#9780);
#9780 = CARTESIAN_POINT('',(63.75,29.252776749733,3.5));
#9781 = LINE('',#9782,#9783);
#9782 = CARTESIAN_POINT('',(63.75,29.252776749733,-2.));
#9783 = VECTOR('',#9784,1.);
#9784 = DIRECTION('',(0.,0.,1.));
#9785 = ORIENTED_EDGE('',*,*,#9786,.F.);
#9786 = EDGE_CURVE('',#9787,#9779,#9789,.T.);
#9787 = VERTEX_POINT('',#9788);
#9788 = CARTESIAN_POINT('',(60.5,27.376388374866,3.5));
#9789 = LINE('',#9790,#9791);
#9790 = CARTESIAN_POINT('',(35.393110279186,12.88091883604,3.5));
#9791 = VECTOR('',#9792,1.);
#9792 = DIRECTION('',(0.866025403784,0.5,-0.));
#9793 = ORIENTED_EDGE('',*,*,#9794,.F.);
#9794 = EDGE_CURVE('',#2383,#9787,#9795,.T.);
#9795 = LINE('',#9796,#9797);
#9796 = CARTESIAN_POINT('',(60.5,27.376388374866,-2.));
#9797 = VECTOR('',#9798,1.);
#9798 = DIRECTION('',(0.,0.,1.));
#9799 = PLANE('',#9800);
#9800 = AXIS2_PLACEMENT_3D('',#9801,#9802,#9803);
#9801 = CARTESIAN_POINT('',(63.75,29.252776749733,-2.));
#9802 = DIRECTION('',(0.5,-0.866025403784,0.));
#9803 = DIRECTION('',(-0.866025403784,-0.5,0.));
#9804 = ADVANCED_FACE('',(#9805),#9823,.T.);
#9805 = FACE_BOUND('',#9806,.T.);
#9806 = EDGE_LOOP('',(#9807,#9808,#9809,#9817));
#9807 = ORIENTED_EDGE('',*,*,#2424,.T.);
#9808 = ORIENTED_EDGE('',*,*,#9794,.T.);
#9809 = ORIENTED_EDGE('',*,*,#9810,.F.);
#9810 = EDGE_CURVE('',#9811,#9787,#9813,.T.);
#9811 = VERTEX_POINT('',#9812);
#9812 = CARTESIAN_POINT('',(60.5,23.623611625134,3.5));
#9813 = LINE('',#9814,#9815);
#9814 = CARTESIAN_POINT('',(60.5,15.438194187433,3.5));
#9815 = VECTOR('',#9816,1.);
#9816 = DIRECTION('',(-0.,1.,0.));
#9817 = ORIENTED_EDGE('',*,*,#9818,.F.);
#9818 = EDGE_CURVE('',#2417,#9811,#9819,.T.);
#9819 = LINE('',#9820,#9821);
#9820 = CARTESIAN_POINT('',(60.5,23.623611625134,-2.));
#9821 = VECTOR('',#9822,1.);
#9822 = DIRECTION('',(0.,0.,1.));
#9823 = PLANE('',#9824);
#9824 = AXIS2_PLACEMENT_3D('',#9825,#9826,#9827);
#9825 = CARTESIAN_POINT('',(60.5,27.376388374866,-2.));
#9826 = DIRECTION('',(1.,0.,-0.));
#9827 = DIRECTION('',(0.,-1.,0.));
#9828 = ADVANCED_FACE('',(#9829),#9847,.T.);
#9829 = FACE_BOUND('',#9830,.T.);
#9830 = EDGE_LOOP('',(#9831,#9832,#9840,#9846));
#9831 = ORIENTED_EDGE('',*,*,#2392,.T.);
#9832 = ORIENTED_EDGE('',*,*,#9833,.T.);
#9833 = EDGE_CURVE('',#2393,#9834,#9836,.T.);
#9834 = VERTEX_POINT('',#9835);
#9835 = CARTESIAN_POINT('',(67.,27.376388374866,3.5));
#9836 = LINE('',#9837,#9838);
#9837 = CARTESIAN_POINT('',(67.,27.376388374866,-2.));
#9838 = VECTOR('',#9839,1.);
#9839 = DIRECTION('',(0.,0.,1.));
#9840 = ORIENTED_EDGE('',*,*,#9841,.F.);
#9841 = EDGE_CURVE('',#9779,#9834,#9842,.T.);
#9842 = LINE('',#9843,#9844);
#9843 = CARTESIAN_POINT('',(48.169389720814,38.248246288559,3.5));
#9844 = VECTOR('',#9845,1.);
#9845 = DIRECTION('',(0.866025403784,-0.5,0.));
#9846 = ORIENTED_EDGE('',*,*,#9778,.F.);
#9847 = PLANE('',#9848);
#9848 = AXIS2_PLACEMENT_3D('',#9849,#9850,#9851);
#9849 = CARTESIAN_POINT('',(67.,27.376388374866,-2.));
#9850 = DIRECTION('',(-0.5,-0.866025403784,0.));
#9851 = DIRECTION('',(-0.866025403784,0.5,0.));
#9852 = ADVANCED_FACE('',(#9853),#9871,.T.);
#9853 = FACE_BOUND('',#9854,.T.);
#9854 = EDGE_LOOP('',(#9855,#9856,#9857,#9865));
#9855 = ORIENTED_EDGE('',*,*,#2416,.T.);
#9856 = ORIENTED_EDGE('',*,*,#9818,.T.);
#9857 = ORIENTED_EDGE('',*,*,#9858,.F.);
#9858 = EDGE_CURVE('',#9859,#9811,#9861,.T.);
#9859 = VERTEX_POINT('',#9860);
#9860 = CARTESIAN_POINT('',(63.75,21.747223250267,3.5));
#9861 = LINE('',#9862,#9863);
#9862 = CARTESIAN_POINT('',(43.294389720814,33.557275351393,3.5));
#9863 = VECTOR('',#9864,1.);
#9864 = DIRECTION('',(-0.866025403784,0.5,0.));
#9865 = ORIENTED_EDGE('',*,*,#9866,.F.);
#9866 = EDGE_CURVE('',#2409,#9859,#9867,.T.);
#9867 = LINE('',#9868,#9869);
#9868 = CARTESIAN_POINT('',(63.75,21.747223250267,-2.));
#9869 = VECTOR('',#9870,1.);
#9870 = DIRECTION('',(0.,0.,1.));
#9871 = PLANE('',#9872);
#9872 = AXIS2_PLACEMENT_3D('',#9873,#9874,#9875);
#9873 = CARTESIAN_POINT('',(60.5,23.623611625134,-2.));
#9874 = DIRECTION('',(0.5,0.866025403784,-0.));
#9875 = DIRECTION('',(0.866025403784,-0.5,0.));
#9876 = ADVANCED_FACE('',(#9877),#9895,.T.);
#9877 = FACE_BOUND('',#9878,.T.);
#9878 = EDGE_LOOP('',(#9879,#9880,#9888,#9894));
#9879 = ORIENTED_EDGE('',*,*,#2400,.T.);
#9880 = ORIENTED_EDGE('',*,*,#9881,.T.);
#9881 = EDGE_CURVE('',#2401,#9882,#9884,.T.);
#9882 = VERTEX_POINT('',#9883);
#9883 = CARTESIAN_POINT('',(67.,23.623611625134,3.5));
#9884 = LINE('',#9885,#9886);
#9885 = CARTESIAN_POINT('',(67.,23.623611625134,-2.));
#9886 = VECTOR('',#9887,1.);
#9887 = DIRECTION('',(0.,0.,1.));
#9888 = ORIENTED_EDGE('',*,*,#9889,.F.);
#9889 = EDGE_CURVE('',#9834,#9882,#9890,.T.);
#9890 = LINE('',#9891,#9892);
#9891 = CARTESIAN_POINT('',(67.,13.561805812567,3.5));
#9892 = VECTOR('',#9893,1.);
#9893 = DIRECTION('',(0.,-1.,0.));
#9894 = ORIENTED_EDGE('',*,*,#9833,.F.);
#9895 = PLANE('',#9896);
#9896 = AXIS2_PLACEMENT_3D('',#9897,#9898,#9899);
#9897 = CARTESIAN_POINT('',(67.,23.623611625134,-2.));
#9898 = DIRECTION('',(-1.,0.,0.));
#9899 = DIRECTION('',(0.,1.,0.));
#9900 = ADVANCED_FACE('',(#9901),#9912,.T.);
#9901 = FACE_BOUND('',#9902,.T.);
#9902 = EDGE_LOOP('',(#9903,#9904,#9905,#9911));
#9903 = ORIENTED_EDGE('',*,*,#2408,.T.);
#9904 = ORIENTED_EDGE('',*,*,#9866,.T.);
#9905 = ORIENTED_EDGE('',*,*,#9906,.F.);
#9906 = EDGE_CURVE('',#9882,#9859,#9907,.T.);
#9907 = LINE('',#9908,#9909);
#9908 = CARTESIAN_POINT('',(37.018110279186,6.313559524008,3.5));
#9909 = VECTOR('',#9910,1.);
#9910 = DIRECTION('',(-0.866025403784,-0.5,0.));
#9911 = ORIENTED_EDGE('',*,*,#9881,.F.);
#9912 = PLANE('',#9913);
#9913 = AXIS2_PLACEMENT_3D('',#9914,#9915,#9916);
#9914 = CARTESIAN_POINT('',(63.75,21.747223250267,-2.));
#9915 = DIRECTION('',(-0.5,0.866025403784,0.));
#9916 = DIRECTION('',(0.866025403784,0.5,0.));
#9917 = ADVANCED_FACE('',(#9918),#9943,.T.);
#9918 = FACE_BOUND('',#9919,.T.);
#9919 = EDGE_LOOP('',(#9920,#9921,#9929,#9937));
#9920 = ORIENTED_EDGE('',*,*,#2432,.T.);
#9921 = ORIENTED_EDGE('',*,*,#9922,.T.);
#9922 = EDGE_CURVE('',#2435,#9923,#9925,.T.);
#9923 = VERTEX_POINT('',#9924);
#9924 = CARTESIAN_POINT('',(76.75,21.252776749733,3.5));
#9925 = LINE('',#9926,#9927);
#9926 = CARTESIAN_POINT('',(76.75,21.252776749733,-2.));
#9927 = VECTOR('',#9928,1.);
#9928 = DIRECTION('',(0.,0.,1.));
#9929 = ORIENTED_EDGE('',*,*,#9930,.F.);
#9930 = EDGE_CURVE('',#9931,#9923,#9933,.T.);
#9931 = VERTEX_POINT('',#9932);
#9932 = CARTESIAN_POINT('',(73.5,19.376388374866,3.5));
#9933 = LINE('',#9934,#9935);
#9934 = CARTESIAN_POINT('',(45.250161086754,3.06633627374,3.5));
#9935 = VECTOR('',#9936,1.);
#9936 = DIRECTION('',(0.866025403784,0.5,-0.));
#9937 = ORIENTED_EDGE('',*,*,#9938,.F.);
#9938 = EDGE_CURVE('',#2433,#9931,#9939,.T.);
#9939 = LINE('',#9940,#9941);
#9940 = CARTESIAN_POINT('',(73.5,19.376388374866,-2.));
#9941 = VECTOR('',#9942,1.);
#9942 = DIRECTION('',(0.,0.,1.));
#9943 = PLANE('',#9944);
#9944 = AXIS2_PLACEMENT_3D('',#9945,#9946,#9947);
#9945 = CARTESIAN_POINT('',(76.75,21.252776749733,-2.));
#9946 = DIRECTION('',(0.5,-0.866025403784,0.));
#9947 = DIRECTION('',(-0.866025403784,-0.5,0.));
#9948 = ADVANCED_FACE('',(#9949),#9967,.T.);
#9949 = FACE_BOUND('',#9950,.T.);
#9950 = EDGE_LOOP('',(#9951,#9952,#9953,#9961));
#9951 = ORIENTED_EDGE('',*,*,#2474,.T.);
#9952 = ORIENTED_EDGE('',*,*,#9938,.T.);
#9953 = ORIENTED_EDGE('',*,*,#9954,.F.);
#9954 = EDGE_CURVE('',#9955,#9931,#9957,.T.);
#9955 = VERTEX_POINT('',#9956);
#9956 = CARTESIAN_POINT('',(73.5,15.623611625134,3.5));
#9957 = LINE('',#9958,#9959);
#9958 = CARTESIAN_POINT('',(73.5,11.438194187433,3.5));
#9959 = VECTOR('',#9960,1.);
#9960 = DIRECTION('',(-0.,1.,0.));
#9961 = ORIENTED_EDGE('',*,*,#9962,.F.);
#9962 = EDGE_CURVE('',#2467,#9955,#9963,.T.);
#9963 = LINE('',#9964,#9965);
#9964 = CARTESIAN_POINT('',(73.5,15.623611625134,-2.));
#9965 = VECTOR('',#9966,1.);
#9966 = DIRECTION('',(0.,0.,1.));
#9967 = PLANE('',#9968);
#9968 = AXIS2_PLACEMENT_3D('',#9969,#9970,#9971);
#9969 = CARTESIAN_POINT('',(73.5,19.376388374866,-2.));
#9970 = DIRECTION('',(1.,0.,-0.));
#9971 = DIRECTION('',(0.,-1.,0.));
#9972 = ADVANCED_FACE('',(#9973),#9991,.T.);
#9973 = FACE_BOUND('',#9974,.T.);
#9974 = EDGE_LOOP('',(#9975,#9976,#9984,#9990));
#9975 = ORIENTED_EDGE('',*,*,#2442,.T.);
#9976 = ORIENTED_EDGE('',*,*,#9977,.T.);
#9977 = EDGE_CURVE('',#2443,#9978,#9980,.T.);
#9978 = VERTEX_POINT('',#9979);
#9979 = CARTESIAN_POINT('',(80.,19.376388374866,3.5));
#9980 = LINE('',#9981,#9982);
#9981 = CARTESIAN_POINT('',(80.,19.376388374866,-2.));
#9982 = VECTOR('',#9983,1.);
#9983 = DIRECTION('',(0.,0.,1.));
#9984 = ORIENTED_EDGE('',*,*,#9985,.F.);
#9985 = EDGE_CURVE('',#9923,#9978,#9986,.T.);
#9986 = LINE('',#9987,#9988);
#9987 = CARTESIAN_POINT('',(54.562338913246,34.062828850858,3.5));
#9988 = VECTOR('',#9989,1.);
#9989 = DIRECTION('',(0.866025403784,-0.5,0.));
#9990 = ORIENTED_EDGE('',*,*,#9922,.F.);
#9991 = PLANE('',#9992);
#9992 = AXIS2_PLACEMENT_3D('',#9993,#9994,#9995);
#9993 = CARTESIAN_POINT('',(80.,19.376388374866,-2.));
#9994 = DIRECTION('',(-0.5,-0.866025403784,0.));
#9995 = DIRECTION('',(-0.866025403784,0.5,0.));
#9996 = ADVANCED_FACE('',(#9997),#10015,.T.);
#9997 = FACE_BOUND('',#9998,.T.);
#9998 = EDGE_LOOP('',(#9999,#10000,#10001,#10009));
#9999 = ORIENTED_EDGE('',*,*,#2466,.T.);
#10000 = ORIENTED_EDGE('',*,*,#9962,.T.);
#10001 = ORIENTED_EDGE('',*,*,#10002,.F.);
#10002 = EDGE_CURVE('',#10003,#9955,#10005,.T.);
#10003 = VERTEX_POINT('',#10004);
#10004 = CARTESIAN_POINT('',(76.75,13.747223250267,3.5));
#10005 = LINE('',#10006,#10007);
#10006 = CARTESIAN_POINT('',(49.687338913246,29.371857913693,3.5));
#10007 = VECTOR('',#10008,1.);
#10008 = DIRECTION('',(-0.866025403784,0.5,0.));
#10009 = ORIENTED_EDGE('',*,*,#10010,.F.);
#10010 = EDGE_CURVE('',#2459,#10003,#10011,.T.);
#10011 = LINE('',#10012,#10013);
#10012 = CARTESIAN_POINT('',(76.75,13.747223250267,-2.));
#10013 = VECTOR('',#10014,1.);
#10014 = DIRECTION('',(0.,0.,1.));
#10015 = PLANE('',#10016);
#10016 = AXIS2_PLACEMENT_3D('',#10017,#10018,#10019);
#10017 = CARTESIAN_POINT('',(73.5,15.623611625134,-2.));
#10018 = DIRECTION('',(0.5,0.866025403784,-0.));
#10019 = DIRECTION('',(0.866025403784,-0.5,0.));
#10020 = ADVANCED_FACE('',(#10021),#10039,.T.);
#10021 = FACE_BOUND('',#10022,.T.);
#10022 = EDGE_LOOP('',(#10023,#10024,#10032,#10038));
#10023 = ORIENTED_EDGE('',*,*,#2450,.T.);
#10024 = ORIENTED_EDGE('',*,*,#10025,.T.);
#10025 = EDGE_CURVE('',#2451,#10026,#10028,.T.);
#10026 = VERTEX_POINT('',#10027);
#10027 = CARTESIAN_POINT('',(80.,15.623611625134,3.5));
#10028 = LINE('',#10029,#10030);
#10029 = CARTESIAN_POINT('',(80.,15.623611625134,-2.));
#10030 = VECTOR('',#10031,1.);
#10031 = DIRECTION('',(0.,0.,1.));
#10032 = ORIENTED_EDGE('',*,*,#10033,.F.);
#10033 = EDGE_CURVE('',#9978,#10026,#10034,.T.);
#10034 = LINE('',#10035,#10036);
#10035 = CARTESIAN_POINT('',(80.,9.561805812567,3.5));
#10036 = VECTOR('',#10037,1.);
#10037 = DIRECTION('',(0.,-1.,0.));
#10038 = ORIENTED_EDGE('',*,*,#9977,.F.);
#10039 = PLANE('',#10040);
#10040 = AXIS2_PLACEMENT_3D('',#10041,#10042,#10043);
#10041 = CARTESIAN_POINT('',(80.,15.623611625134,-2.));
#10042 = DIRECTION('',(-1.,0.,0.));
#10043 = DIRECTION('',(0.,1.,0.));
#10044 = ADVANCED_FACE('',(#10045),#10056,.T.);
#10045 = FACE_BOUND('',#10046,.T.);
#10046 = EDGE_LOOP('',(#10047,#10048,#10049,#10055));
#10047 = ORIENTED_EDGE('',*,*,#2458,.T.);
#10048 = ORIENTED_EDGE('',*,*,#10010,.T.);
#10049 = ORIENTED_EDGE('',*,*,#10050,.F.);
#10050 = EDGE_CURVE('',#10026,#10003,#10051,.T.);
#10051 = LINE('',#10052,#10053);
#10052 = CARTESIAN_POINT('',(46.875161086754,-3.501023038292,3.5));
#10053 = VECTOR('',#10054,1.);
#10054 = DIRECTION('',(-0.866025403784,-0.5,0.));
#10055 = ORIENTED_EDGE('',*,*,#10025,.F.);
#10056 = PLANE('',#10057);
#10057 = AXIS2_PLACEMENT_3D('',#10058,#10059,#10060);
#10058 = CARTESIAN_POINT('',(76.75,13.747223250267,-2.));
#10059 = DIRECTION('',(-0.5,0.866025403784,0.));
#10060 = DIRECTION('',(0.866025403784,0.5,0.));
#10061 = ADVANCED_FACE('',(#10062),#10087,.T.);
#10062 = FACE_BOUND('',#10063,.T.);
#10063 = EDGE_LOOP('',(#10064,#10065,#10073,#10081));
#10064 = ORIENTED_EDGE('',*,*,#2482,.T.);
#10065 = ORIENTED_EDGE('',*,*,#10066,.T.);
#10066 = EDGE_CURVE('',#2485,#10067,#10069,.T.);
#10067 = VERTEX_POINT('',#10068);
#10068 = CARTESIAN_POINT('',(72.75,29.252776749733,3.5));
#10069 = LINE('',#10070,#10071);
#10070 = CARTESIAN_POINT('',(72.75,29.252776749733,-2.));
#10071 = VECTOR('',#10072,1.);
#10072 = DIRECTION('',(0.,0.,1.));
#10073 = ORIENTED_EDGE('',*,*,#10074,.F.);
#10074 = EDGE_CURVE('',#10075,#10067,#10077,.T.);
#10075 = VERTEX_POINT('',#10076);
#10076 = CARTESIAN_POINT('',(69.5,27.376388374866,3.5));
#10077 = LINE('',#10078,#10079);
#10078 = CARTESIAN_POINT('',(41.018110279186,10.932361677525,3.5));
#10079 = VECTOR('',#10080,1.);
#10080 = DIRECTION('',(0.866025403784,0.5,-0.));
#10081 = ORIENTED_EDGE('',*,*,#10082,.F.);
#10082 = EDGE_CURVE('',#2483,#10075,#10083,.T.);
#10083 = LINE('',#10084,#10085);
#10084 = CARTESIAN_POINT('',(69.5,27.376388374866,-2.));
#10085 = VECTOR('',#10086,1.);
#10086 = DIRECTION('',(0.,0.,1.));
#10087 = PLANE('',#10088);
#10088 = AXIS2_PLACEMENT_3D('',#10089,#10090,#10091);
#10089 = CARTESIAN_POINT('',(72.75,29.252776749733,-2.));
#10090 = DIRECTION('',(0.5,-0.866025403784,0.));
#10091 = DIRECTION('',(-0.866025403784,-0.5,0.));
#10092 = ADVANCED_FACE('',(#10093),#10111,.T.);
#10093 = FACE_BOUND('',#10094,.T.);
#10094 = EDGE_LOOP('',(#10095,#10096,#10097,#10105));
#10095 = ORIENTED_EDGE('',*,*,#2524,.T.);
#10096 = ORIENTED_EDGE('',*,*,#10082,.T.);
#10097 = ORIENTED_EDGE('',*,*,#10098,.F.);
#10098 = EDGE_CURVE('',#10099,#10075,#10101,.T.);
#10099 = VERTEX_POINT('',#10100);
#10100 = CARTESIAN_POINT('',(69.5,23.623611625134,3.5));
#10101 = LINE('',#10102,#10103);
#10102 = CARTESIAN_POINT('',(69.5,15.438194187433,3.5));
#10103 = VECTOR('',#10104,1.);
#10104 = DIRECTION('',(-0.,1.,0.));
#10105 = ORIENTED_EDGE('',*,*,#10106,.F.);
#10106 = EDGE_CURVE('',#2517,#10099,#10107,.T.);
#10107 = LINE('',#10108,#10109);
#10108 = CARTESIAN_POINT('',(69.5,23.623611625134,-2.));
#10109 = VECTOR('',#10110,1.);
#10110 = DIRECTION('',(0.,0.,1.));
#10111 = PLANE('',#10112);
#10112 = AXIS2_PLACEMENT_3D('',#10113,#10114,#10115);
#10113 = CARTESIAN_POINT('',(69.5,27.376388374866,-2.));
#10114 = DIRECTION('',(1.,0.,-0.));
#10115 = DIRECTION('',(0.,-1.,0.));
#10116 = ADVANCED_FACE('',(#10117),#10135,.T.);
#10117 = FACE_BOUND('',#10118,.T.);
#10118 = EDGE_LOOP('',(#10119,#10120,#10128,#10134));
#10119 = ORIENTED_EDGE('',*,*,#2492,.T.);
#10120 = ORIENTED_EDGE('',*,*,#10121,.T.);
#10121 = EDGE_CURVE('',#2493,#10122,#10124,.T.);
#10122 = VERTEX_POINT('',#10123);
#10123 = CARTESIAN_POINT('',(76.,27.376388374866,3.5));
#10124 = LINE('',#10125,#10126);
#10125 = CARTESIAN_POINT('',(76.,27.376388374866,-2.));
#10126 = VECTOR('',#10127,1.);
#10127 = DIRECTION('',(0.,0.,1.));
#10128 = ORIENTED_EDGE('',*,*,#10129,.F.);
#10129 = EDGE_CURVE('',#10067,#10122,#10130,.T.);
#10130 = LINE('',#10131,#10132);
#10131 = CARTESIAN_POINT('',(53.794389720814,40.196803447074,3.5));
#10132 = VECTOR('',#10133,1.);
#10133 = DIRECTION('',(0.866025403784,-0.5,0.));
#10134 = ORIENTED_EDGE('',*,*,#10066,.F.);
#10135 = PLANE('',#10136);
#10136 = AXIS2_PLACEMENT_3D('',#10137,#10138,#10139);
#10137 = CARTESIAN_POINT('',(76.,27.376388374866,-2.));
#10138 = DIRECTION('',(-0.5,-0.866025403784,0.));
#10139 = DIRECTION('',(-0.866025403784,0.5,0.));
#10140 = ADVANCED_FACE('',(#10141),#10159,.T.);
#10141 = FACE_BOUND('',#10142,.T.);
#10142 = EDGE_LOOP('',(#10143,#10144,#10145,#10153));
#10143 = ORIENTED_EDGE('',*,*,#2516,.T.);
#10144 = ORIENTED_EDGE('',*,*,#10106,.T.);
#10145 = ORIENTED_EDGE('',*,*,#10146,.F.);
#10146 = EDGE_CURVE('',#10147,#10099,#10149,.T.);
#10147 = VERTEX_POINT('',#10148);
#10148 = CARTESIAN_POINT('',(72.75,21.747223250267,3.5));
#10149 = LINE('',#10150,#10151);
#10150 = CARTESIAN_POINT('',(48.919389720814,35.505832509908,3.5));
#10151 = VECTOR('',#10152,1.);
#10152 = DIRECTION('',(-0.866025403784,0.5,0.));
#10153 = ORIENTED_EDGE('',*,*,#10154,.F.);
#10154 = EDGE_CURVE('',#2509,#10147,#10155,.T.);
#10155 = LINE('',#10156,#10157);
#10156 = CARTESIAN_POINT('',(72.75,21.747223250267,-2.));
#10157 = VECTOR('',#10158,1.);
#10158 = DIRECTION('',(0.,0.,1.));
#10159 = PLANE('',#10160);
#10160 = AXIS2_PLACEMENT_3D('',#10161,#10162,#10163);
#10161 = CARTESIAN_POINT('',(69.5,23.623611625134,-2.));
#10162 = DIRECTION('',(0.5,0.866025403784,-0.));
#10163 = DIRECTION('',(0.866025403784,-0.5,0.));
#10164 = ADVANCED_FACE('',(#10165),#10183,.T.);
#10165 = FACE_BOUND('',#10166,.T.);
#10166 = EDGE_LOOP('',(#10167,#10168,#10176,#10182));
#10167 = ORIENTED_EDGE('',*,*,#2500,.T.);
#10168 = ORIENTED_EDGE('',*,*,#10169,.T.);
#10169 = EDGE_CURVE('',#2501,#10170,#10172,.T.);
#10170 = VERTEX_POINT('',#10171);
#10171 = CARTESIAN_POINT('',(76.,23.623611625134,3.5));
#10172 = LINE('',#10173,#10174);
#10173 = CARTESIAN_POINT('',(76.,23.623611625134,-2.));
#10174 = VECTOR('',#10175,1.);
#10175 = DIRECTION('',(0.,0.,1.));
#10176 = ORIENTED_EDGE('',*,*,#10177,.F.);
#10177 = EDGE_CURVE('',#10122,#10170,#10178,.T.);
#10178 = LINE('',#10179,#10180);
#10179 = CARTESIAN_POINT('',(76.,13.561805812567,3.5));
#10180 = VECTOR('',#10181,1.);
#10181 = DIRECTION('',(0.,-1.,0.));
#10182 = ORIENTED_EDGE('',*,*,#10121,.F.);
#10183 = PLANE('',#10184);
#10184 = AXIS2_PLACEMENT_3D('',#10185,#10186,#10187);
#10185 = CARTESIAN_POINT('',(76.,23.623611625134,-2.));
#10186 = DIRECTION('',(-1.,0.,0.));
#10187 = DIRECTION('',(0.,1.,0.));
#10188 = ADVANCED_FACE('',(#10189),#10200,.T.);
#10189 = FACE_BOUND('',#10190,.T.);
#10190 = EDGE_LOOP('',(#10191,#10192,#10193,#10199));
#10191 = ORIENTED_EDGE('',*,*,#2508,.T.);
#10192 = ORIENTED_EDGE('',*,*,#10154,.T.);
#10193 = ORIENTED_EDGE('',*,*,#10194,.F.);
#10194 = EDGE_CURVE('',#10170,#10147,#10195,.T.);
#10195 = LINE('',#10196,#10197);
#10196 = CARTESIAN_POINT('',(42.643110279186,4.365002365493,3.5));
#10197 = VECTOR('',#10198,1.);
#10198 = DIRECTION('',(-0.866025403784,-0.5,0.));
#10199 = ORIENTED_EDGE('',*,*,#10169,.F.);
#10200 = PLANE('',#10201);
#10201 = AXIS2_PLACEMENT_3D('',#10202,#10203,#10204);
#10202 = CARTESIAN_POINT('',(72.75,21.747223250267,-2.));
#10203 = DIRECTION('',(-0.5,0.866025403784,0.));
#10204 = DIRECTION('',(0.866025403784,0.5,0.));
#10205 = ADVANCED_FACE('',(#10206),#10231,.T.);
#10206 = FACE_BOUND('',#10207,.T.);
#10207 = EDGE_LOOP('',(#10208,#10209,#10217,#10225));
#10208 = ORIENTED_EDGE('',*,*,#2532,.T.);
#10209 = ORIENTED_EDGE('',*,*,#10210,.T.);
#10210 = EDGE_CURVE('',#2535,#10211,#10213,.T.);
#10211 = VERTEX_POINT('',#10212);
#10212 = CARTESIAN_POINT('',(49.75,37.252776749733,3.5));
#10213 = LINE('',#10214,#10215);
#10214 = CARTESIAN_POINT('',(49.75,37.252776749733,-2.));
#10215 = VECTOR('',#10216,1.);
#10216 = DIRECTION('',(0.,0.,1.));
#10217 = ORIENTED_EDGE('',*,*,#10218,.F.);
#10218 = EDGE_CURVE('',#10219,#10211,#10221,.T.);
#10219 = VERTEX_POINT('',#10220);
#10220 = CARTESIAN_POINT('',(46.5,35.376388374866,3.5));
#10221 = LINE('',#10222,#10223);
#10222 = CARTESIAN_POINT('',(24.911059471617,22.912007749285,3.5));
#10223 = VECTOR('',#10224,1.);
#10224 = DIRECTION('',(0.866025403784,0.5,-0.));
#10225 = ORIENTED_EDGE('',*,*,#10226,.F.);
#10226 = EDGE_CURVE('',#2533,#10219,#10227,.T.);
#10227 = LINE('',#10228,#10229);
#10228 = CARTESIAN_POINT('',(46.5,35.376388374866,-2.));
#10229 = VECTOR('',#10230,1.);
#10230 = DIRECTION('',(0.,0.,1.));
#10231 = PLANE('',#10232);
#10232 = AXIS2_PLACEMENT_3D('',#10233,#10234,#10235);
#10233 = CARTESIAN_POINT('',(49.75,37.252776749733,-2.));
#10234 = DIRECTION('',(0.5,-0.866025403784,0.));
#10235 = DIRECTION('',(-0.866025403784,-0.5,0.));
#10236 = ADVANCED_FACE('',(#10237),#10255,.T.);
#10237 = FACE_BOUND('',#10238,.T.);
#10238 = EDGE_LOOP('',(#10239,#10240,#10241,#10249));
#10239 = ORIENTED_EDGE('',*,*,#2574,.T.);
#10240 = ORIENTED_EDGE('',*,*,#10226,.T.);
#10241 = ORIENTED_EDGE('',*,*,#10242,.F.);
#10242 = EDGE_CURVE('',#10243,#10219,#10245,.T.);
#10243 = VERTEX_POINT('',#10244);
#10244 = CARTESIAN_POINT('',(46.5,31.623611625134,3.5));
#10245 = LINE('',#10246,#10247);
#10246 = CARTESIAN_POINT('',(46.5,19.438194187433,3.5));
#10247 = VECTOR('',#10248,1.);
#10248 = DIRECTION('',(-0.,1.,0.));
#10249 = ORIENTED_EDGE('',*,*,#10250,.F.);
#10250 = EDGE_CURVE('',#2567,#10243,#10251,.T.);
#10251 = LINE('',#10252,#10253);
#10252 = CARTESIAN_POINT('',(46.5,31.623611625134,-2.));
#10253 = VECTOR('',#10254,1.);
#10254 = DIRECTION('',(0.,0.,1.));
#10255 = PLANE('',#10256);
#10256 = AXIS2_PLACEMENT_3D('',#10257,#10258,#10259);
#10257 = CARTESIAN_POINT('',(46.5,35.376388374866,-2.));
#10258 = DIRECTION('',(1.,0.,-0.));
#10259 = DIRECTION('',(0.,-1.,0.));
#10260 = ADVANCED_FACE('',(#10261),#10279,.T.);
#10261 = FACE_BOUND('',#10262,.T.);
#10262 = EDGE_LOOP('',(#10263,#10264,#10272,#10278));
#10263 = ORIENTED_EDGE('',*,*,#2542,.T.);
#10264 = ORIENTED_EDGE('',*,*,#10265,.T.);
#10265 = EDGE_CURVE('',#2543,#10266,#10268,.T.);
#10266 = VERTEX_POINT('',#10267);
#10267 = CARTESIAN_POINT('',(53.,35.376388374866,3.5));
#10268 = LINE('',#10269,#10270);
#10269 = CARTESIAN_POINT('',(53.,35.376388374866,-2.));
#10270 = VECTOR('',#10271,1.);
#10271 = DIRECTION('',(0.,0.,1.));
#10272 = ORIENTED_EDGE('',*,*,#10273,.F.);
#10273 = EDGE_CURVE('',#10211,#10266,#10274,.T.);
#10274 = LINE('',#10275,#10276);
#10275 = CARTESIAN_POINT('',(41.151440528383,42.217157375313,3.5));
#10276 = VECTOR('',#10277,1.);
#10277 = DIRECTION('',(0.866025403784,-0.5,0.));
#10278 = ORIENTED_EDGE('',*,*,#10210,.F.);
#10279 = PLANE('',#10280);
#10280 = AXIS2_PLACEMENT_3D('',#10281,#10282,#10283);
#10281 = CARTESIAN_POINT('',(53.,35.376388374866,-2.));
#10282 = DIRECTION('',(-0.5,-0.866025403784,0.));
#10283 = DIRECTION('',(-0.866025403784,0.5,0.));
#10284 = ADVANCED_FACE('',(#10285),#10303,.T.);
#10285 = FACE_BOUND('',#10286,.T.);
#10286 = EDGE_LOOP('',(#10287,#10288,#10289,#10297));
#10287 = ORIENTED_EDGE('',*,*,#2566,.T.);
#10288 = ORIENTED_EDGE('',*,*,#10250,.T.);
#10289 = ORIENTED_EDGE('',*,*,#10290,.F.);
#10290 = EDGE_CURVE('',#10291,#10243,#10293,.T.);
#10291 = VERTEX_POINT('',#10292);
#10292 = CARTESIAN_POINT('',(49.75,29.747223250267,3.5));
#10293 = LINE('',#10294,#10295);
#10294 = CARTESIAN_POINT('',(36.276440528383,37.526186438148,3.5));
#10295 = VECTOR('',#10296,1.);
#10296 = DIRECTION('',(-0.866025403784,0.5,0.));
#10297 = ORIENTED_EDGE('',*,*,#10298,.F.);
#10298 = EDGE_CURVE('',#2559,#10291,#10299,.T.);
#10299 = LINE('',#10300,#10301);
#10300 = CARTESIAN_POINT('',(49.75,29.747223250267,-2.));
#10301 = VECTOR('',#10302,1.);
#10302 = DIRECTION('',(0.,0.,1.));
#10303 = PLANE('',#10304);
#10304 = AXIS2_PLACEMENT_3D('',#10305,#10306,#10307);
#10305 = CARTESIAN_POINT('',(46.5,31.623611625134,-2.));
#10306 = DIRECTION('',(0.5,0.866025403784,-0.));
#10307 = DIRECTION('',(0.866025403784,-0.5,0.));
#10308 = ADVANCED_FACE('',(#10309),#10327,.T.);
#10309 = FACE_BOUND('',#10310,.T.);
#10310 = EDGE_LOOP('',(#10311,#10312,#10320,#10326));
#10311 = ORIENTED_EDGE('',*,*,#2550,.T.);
#10312 = ORIENTED_EDGE('',*,*,#10313,.T.);
#10313 = EDGE_CURVE('',#2551,#10314,#10316,.T.);
#10314 = VERTEX_POINT('',#10315);
#10315 = CARTESIAN_POINT('',(53.,31.623611625134,3.5));
#10316 = LINE('',#10317,#10318);
#10317 = CARTESIAN_POINT('',(53.,31.623611625134,-2.));
#10318 = VECTOR('',#10319,1.);
#10319 = DIRECTION('',(0.,0.,1.));
#10320 = ORIENTED_EDGE('',*,*,#10321,.F.);
#10321 = EDGE_CURVE('',#10266,#10314,#10322,.T.);
#10322 = LINE('',#10323,#10324);
#10323 = CARTESIAN_POINT('',(53.,17.561805812567,3.5));
#10324 = VECTOR('',#10325,1.);
#10325 = DIRECTION('',(0.,-1.,0.));
#10326 = ORIENTED_EDGE('',*,*,#10265,.F.);
#10327 = PLANE('',#10328);
#10328 = AXIS2_PLACEMENT_3D('',#10329,#10330,#10331);
#10329 = CARTESIAN_POINT('',(53.,31.623611625134,-2.));
#10330 = DIRECTION('',(-1.,0.,0.));
#10331 = DIRECTION('',(0.,1.,0.));
#10332 = ADVANCED_FACE('',(#10333),#10344,.T.);
#10333 = FACE_BOUND('',#10334,.T.);
#10334 = EDGE_LOOP('',(#10335,#10336,#10337,#10343));
#10335 = ORIENTED_EDGE('',*,*,#2558,.T.);
#10336 = ORIENTED_EDGE('',*,*,#10298,.T.);
#10337 = ORIENTED_EDGE('',*,*,#10338,.F.);
#10338 = EDGE_CURVE('',#10314,#10291,#10339,.T.);
#10339 = LINE('',#10340,#10341);
#10340 = CARTESIAN_POINT('',(26.536059471617,16.344648437253,3.5));
#10341 = VECTOR('',#10342,1.);
#10342 = DIRECTION('',(-0.866025403784,-0.5,0.));
#10343 = ORIENTED_EDGE('',*,*,#10313,.F.);
#10344 = PLANE('',#10345);
#10345 = AXIS2_PLACEMENT_3D('',#10346,#10347,#10348);
#10346 = CARTESIAN_POINT('',(49.75,29.747223250267,-2.));
#10347 = DIRECTION('',(-0.5,0.866025403784,0.));
#10348 = DIRECTION('',(0.866025403784,0.5,0.));
#10349 = ADVANCED_FACE('',(#10350),#10375,.T.);
#10350 = FACE_BOUND('',#10351,.T.);
#10351 = EDGE_LOOP('',(#10352,#10353,#10361,#10369));
#10352 = ORIENTED_EDGE('',*,*,#2582,.T.);
#10353 = ORIENTED_EDGE('',*,*,#10354,.T.);
#10354 = EDGE_CURVE('',#2585,#10355,#10357,.T.);
#10355 = VERTEX_POINT('',#10356);
#10356 = CARTESIAN_POINT('',(58.75,37.252776749733,3.5));
#10357 = LINE('',#10358,#10359);
#10358 = CARTESIAN_POINT('',(58.75,37.252776749733,-2.));
#10359 = VECTOR('',#10360,1.);
#10360 = DIRECTION('',(0.,0.,1.));
#10361 = ORIENTED_EDGE('',*,*,#10362,.F.);
#10362 = EDGE_CURVE('',#10363,#10355,#10365,.T.);
#10363 = VERTEX_POINT('',#10364);
#10364 = CARTESIAN_POINT('',(55.5,35.376388374866,3.5));
#10365 = LINE('',#10366,#10367);
#10366 = CARTESIAN_POINT('',(30.536059471617,20.96345059077,3.5));
#10367 = VECTOR('',#10368,1.);
#10368 = DIRECTION('',(0.866025403784,0.5,-0.));
#10369 = ORIENTED_EDGE('',*,*,#10370,.F.);
#10370 = EDGE_CURVE('',#2583,#10363,#10371,.T.);
#10371 = LINE('',#10372,#10373);
#10372 = CARTESIAN_POINT('',(55.5,35.376388374866,-2.));
#10373 = VECTOR('',#10374,1.);
#10374 = DIRECTION('',(0.,0.,1.));
#10375 = PLANE('',#10376);
#10376 = AXIS2_PLACEMENT_3D('',#10377,#10378,#10379);
#10377 = CARTESIAN_POINT('',(58.75,37.252776749733,-2.));
#10378 = DIRECTION('',(0.5,-0.866025403784,0.));
#10379 = DIRECTION('',(-0.866025403784,-0.5,0.));
#10380 = ADVANCED_FACE('',(#10381),#10399,.T.);
#10381 = FACE_BOUND('',#10382,.T.);
#10382 = EDGE_LOOP('',(#10383,#10384,#10385,#10393));
#10383 = ORIENTED_EDGE('',*,*,#2624,.T.);
#10384 = ORIENTED_EDGE('',*,*,#10370,.T.);
#10385 = ORIENTED_EDGE('',*,*,#10386,.F.);
#10386 = EDGE_CURVE('',#10387,#10363,#10389,.T.);
#10387 = VERTEX_POINT('',#10388);
#10388 = CARTESIAN_POINT('',(55.5,31.623611625134,3.5));
#10389 = LINE('',#10390,#10391);
#10390 = CARTESIAN_POINT('',(55.5,19.438194187433,3.5));
#10391 = VECTOR('',#10392,1.);
#10392 = DIRECTION('',(-0.,1.,0.));
#10393 = ORIENTED_EDGE('',*,*,#10394,.F.);
#10394 = EDGE_CURVE('',#2617,#10387,#10395,.T.);
#10395 = LINE('',#10396,#10397);
#10396 = CARTESIAN_POINT('',(55.5,31.623611625134,-2.));
#10397 = VECTOR('',#10398,1.);
#10398 = DIRECTION('',(0.,0.,1.));
#10399 = PLANE('',#10400);
#10400 = AXIS2_PLACEMENT_3D('',#10401,#10402,#10403);
#10401 = CARTESIAN_POINT('',(55.5,35.376388374866,-2.));
#10402 = DIRECTION('',(1.,0.,-0.));
#10403 = DIRECTION('',(0.,-1.,0.));
#10404 = ADVANCED_FACE('',(#10405),#10423,.T.);
#10405 = FACE_BOUND('',#10406,.T.);
#10406 = EDGE_LOOP('',(#10407,#10408,#10416,#10422));
#10407 = ORIENTED_EDGE('',*,*,#2592,.T.);
#10408 = ORIENTED_EDGE('',*,*,#10409,.T.);
#10409 = EDGE_CURVE('',#2593,#10410,#10412,.T.);
#10410 = VERTEX_POINT('',#10411);
#10411 = CARTESIAN_POINT('',(62.,35.376388374866,3.5));
#10412 = LINE('',#10413,#10414);
#10413 = CARTESIAN_POINT('',(62.,35.376388374866,-2.));
#10414 = VECTOR('',#10415,1.);
#10415 = DIRECTION('',(0.,0.,1.));
#10416 = ORIENTED_EDGE('',*,*,#10417,.F.);
#10417 = EDGE_CURVE('',#10355,#10410,#10418,.T.);
#10418 = LINE('',#10419,#10420);
#10419 = CARTESIAN_POINT('',(46.776440528383,44.165714533828,3.5));
#10420 = VECTOR('',#10421,1.);
#10421 = DIRECTION('',(0.866025403784,-0.5,0.));
#10422 = ORIENTED_EDGE('',*,*,#10354,.F.);
#10423 = PLANE('',#10424);
#10424 = AXIS2_PLACEMENT_3D('',#10425,#10426,#10427);
#10425 = CARTESIAN_POINT('',(62.,35.376388374866,-2.));
#10426 = DIRECTION('',(-0.5,-0.866025403784,0.));
#10427 = DIRECTION('',(-0.866025403784,0.5,0.));
#10428 = ADVANCED_FACE('',(#10429),#10447,.T.);
#10429 = FACE_BOUND('',#10430,.T.);
#10430 = EDGE_LOOP('',(#10431,#10432,#10433,#10441));
#10431 = ORIENTED_EDGE('',*,*,#2616,.T.);
#10432 = ORIENTED_EDGE('',*,*,#10394,.T.);
#10433 = ORIENTED_EDGE('',*,*,#10434,.F.);
#10434 = EDGE_CURVE('',#10435,#10387,#10437,.T.);
#10435 = VERTEX_POINT('',#10436);
#10436 = CARTESIAN_POINT('',(58.75,29.747223250267,3.5));
#10437 = LINE('',#10438,#10439);
#10438 = CARTESIAN_POINT('',(41.901440528383,39.474743596663,3.5));
#10439 = VECTOR('',#10440,1.);
#10440 = DIRECTION('',(-0.866025403784,0.5,0.));
#10441 = ORIENTED_EDGE('',*,*,#10442,.F.);
#10442 = EDGE_CURVE('',#2609,#10435,#10443,.T.);
#10443 = LINE('',#10444,#10445);
#10444 = CARTESIAN_POINT('',(58.75,29.747223250267,-2.));
#10445 = VECTOR('',#10446,1.);
#10446 = DIRECTION('',(0.,0.,1.));
#10447 = PLANE('',#10448);
#10448 = AXIS2_PLACEMENT_3D('',#10449,#10450,#10451);
#10449 = CARTESIAN_POINT('',(55.5,31.623611625134,-2.));
#10450 = DIRECTION('',(0.5,0.866025403784,-0.));
#10451 = DIRECTION('',(0.866025403784,-0.5,0.));
#10452 = ADVANCED_FACE('',(#10453),#10471,.T.);
#10453 = FACE_BOUND('',#10454,.T.);
#10454 = EDGE_LOOP('',(#10455,#10456,#10464,#10470));
#10455 = ORIENTED_EDGE('',*,*,#2600,.T.);
#10456 = ORIENTED_EDGE('',*,*,#10457,.T.);
#10457 = EDGE_CURVE('',#2601,#10458,#10460,.T.);
#10458 = VERTEX_POINT('',#10459);
#10459 = CARTESIAN_POINT('',(62.,31.623611625134,3.5));
#10460 = LINE('',#10461,#10462);
#10461 = CARTESIAN_POINT('',(62.,31.623611625134,-2.));
#10462 = VECTOR('',#10463,1.);
#10463 = DIRECTION('',(0.,0.,1.));
#10464 = ORIENTED_EDGE('',*,*,#10465,.F.);
#10465 = EDGE_CURVE('',#10410,#10458,#10466,.T.);
#10466 = LINE('',#10467,#10468);
#10467 = CARTESIAN_POINT('',(62.,17.561805812567,3.5));
#10468 = VECTOR('',#10469,1.);
#10469 = DIRECTION('',(0.,-1.,0.));
#10470 = ORIENTED_EDGE('',*,*,#10409,.F.);
#10471 = PLANE('',#10472);
#10472 = AXIS2_PLACEMENT_3D('',#10473,#10474,#10475);
#10473 = CARTESIAN_POINT('',(62.,31.623611625134,-2.));
#10474 = DIRECTION('',(-1.,0.,0.));
#10475 = DIRECTION('',(0.,1.,0.));
#10476 = ADVANCED_FACE('',(#10477),#10488,.T.);
#10477 = FACE_BOUND('',#10478,.T.);
#10478 = EDGE_LOOP('',(#10479,#10480,#10481,#10487));
#10479 = ORIENTED_EDGE('',*,*,#2608,.T.);
#10480 = ORIENTED_EDGE('',*,*,#10442,.T.);
#10481 = ORIENTED_EDGE('',*,*,#10482,.F.);
#10482 = EDGE_CURVE('',#10458,#10435,#10483,.T.);
#10483 = LINE('',#10484,#10485);
#10484 = CARTESIAN_POINT('',(32.161059471617,14.396091278738,3.5));
#10485 = VECTOR('',#10486,1.);
#10486 = DIRECTION('',(-0.866025403784,-0.5,0.));
#10487 = ORIENTED_EDGE('',*,*,#10457,.F.);
#10488 = PLANE('',#10489);
#10489 = AXIS2_PLACEMENT_3D('',#10490,#10491,#10492);
#10490 = CARTESIAN_POINT('',(58.75,29.747223250267,-2.));
#10491 = DIRECTION('',(-0.5,0.866025403784,0.));
#10492 = DIRECTION('',(0.866025403784,0.5,0.));
#10493 = ADVANCED_FACE('',(#10494),#10519,.T.);
#10494 = FACE_BOUND('',#10495,.T.);
#10495 = EDGE_LOOP('',(#10496,#10497,#10505,#10513));
#10496 = ORIENTED_EDGE('',*,*,#2632,.T.);
#10497 = ORIENTED_EDGE('',*,*,#10498,.T.);
#10498 = EDGE_CURVE('',#2635,#10499,#10501,.T.);
#10499 = VERTEX_POINT('',#10500);
#10500 = CARTESIAN_POINT('',(67.75,37.252776749733,3.5));
#10501 = LINE('',#10502,#10503);
#10502 = CARTESIAN_POINT('',(67.75,37.252776749733,-2.));
#10503 = VECTOR('',#10504,1.);
#10504 = DIRECTION('',(0.,0.,1.));
#10505 = ORIENTED_EDGE('',*,*,#10506,.F.);
#10506 = EDGE_CURVE('',#10507,#10499,#10509,.T.);
#10507 = VERTEX_POINT('',#10508);
#10508 = CARTESIAN_POINT('',(64.5,35.376388374866,3.5));
#10509 = LINE('',#10510,#10511);
#10510 = CARTESIAN_POINT('',(36.161059471617,19.014893432255,3.5));
#10511 = VECTOR('',#10512,1.);
#10512 = DIRECTION('',(0.866025403784,0.5,-0.));
#10513 = ORIENTED_EDGE('',*,*,#10514,.F.);
#10514 = EDGE_CURVE('',#2633,#10507,#10515,.T.);
#10515 = LINE('',#10516,#10517);
#10516 = CARTESIAN_POINT('',(64.5,35.376388374866,-2.));
#10517 = VECTOR('',#10518,1.);
#10518 = DIRECTION('',(0.,0.,1.));
#10519 = PLANE('',#10520);
#10520 = AXIS2_PLACEMENT_3D('',#10521,#10522,#10523);
#10521 = CARTESIAN_POINT('',(67.75,37.252776749733,-2.));
#10522 = DIRECTION('',(0.5,-0.866025403784,0.));
#10523 = DIRECTION('',(-0.866025403784,-0.5,0.));
#10524 = ADVANCED_FACE('',(#10525),#10543,.T.);
#10525 = FACE_BOUND('',#10526,.T.);
#10526 = EDGE_LOOP('',(#10527,#10528,#10529,#10537));
#10527 = ORIENTED_EDGE('',*,*,#2674,.T.);
#10528 = ORIENTED_EDGE('',*,*,#10514,.T.);
#10529 = ORIENTED_EDGE('',*,*,#10530,.F.);
#10530 = EDGE_CURVE('',#10531,#10507,#10533,.T.);
#10531 = VERTEX_POINT('',#10532);
#10532 = CARTESIAN_POINT('',(64.5,31.623611625134,3.5));
#10533 = LINE('',#10534,#10535);
#10534 = CARTESIAN_POINT('',(64.5,19.438194187433,3.5));
#10535 = VECTOR('',#10536,1.);
#10536 = DIRECTION('',(-0.,1.,0.));
#10537 = ORIENTED_EDGE('',*,*,#10538,.F.);
#10538 = EDGE_CURVE('',#2667,#10531,#10539,.T.);
#10539 = LINE('',#10540,#10541);
#10540 = CARTESIAN_POINT('',(64.5,31.623611625134,-2.));
#10541 = VECTOR('',#10542,1.);
#10542 = DIRECTION('',(0.,0.,1.));
#10543 = PLANE('',#10544);
#10544 = AXIS2_PLACEMENT_3D('',#10545,#10546,#10547);
#10545 = CARTESIAN_POINT('',(64.5,35.376388374866,-2.));
#10546 = DIRECTION('',(1.,0.,-0.));
#10547 = DIRECTION('',(0.,-1.,0.));
#10548 = ADVANCED_FACE('',(#10549),#10567,.T.);
#10549 = FACE_BOUND('',#10550,.T.);
#10550 = EDGE_LOOP('',(#10551,#10552,#10560,#10566));
#10551 = ORIENTED_EDGE('',*,*,#2642,.T.);
#10552 = ORIENTED_EDGE('',*,*,#10553,.T.);
#10553 = EDGE_CURVE('',#2643,#10554,#10556,.T.);
#10554 = VERTEX_POINT('',#10555);
#10555 = CARTESIAN_POINT('',(71.,35.376388374866,3.5));
#10556 = LINE('',#10557,#10558);
#10557 = CARTESIAN_POINT('',(71.,35.376388374866,-2.));
#10558 = VECTOR('',#10559,1.);
#10559 = DIRECTION('',(0.,0.,1.));
#10560 = ORIENTED_EDGE('',*,*,#10561,.F.);
#10561 = EDGE_CURVE('',#10499,#10554,#10562,.T.);
#10562 = LINE('',#10563,#10564);
#10563 = CARTESIAN_POINT('',(52.401440528383,46.114271692343,3.5));
#10564 = VECTOR('',#10565,1.);
#10565 = DIRECTION('',(0.866025403784,-0.5,0.));
#10566 = ORIENTED_EDGE('',*,*,#10498,.F.);
#10567 = PLANE('',#10568);
#10568 = AXIS2_PLACEMENT_3D('',#10569,#10570,#10571);
#10569 = CARTESIAN_POINT('',(71.,35.376388374866,-2.));
#10570 = DIRECTION('',(-0.5,-0.866025403784,0.));
#10571 = DIRECTION('',(-0.866025403784,0.5,0.));
#10572 = ADVANCED_FACE('',(#10573),#10591,.T.);
#10573 = FACE_BOUND('',#10574,.T.);
#10574 = EDGE_LOOP('',(#10575,#10576,#10577,#10585));
#10575 = ORIENTED_EDGE('',*,*,#2666,.T.);
#10576 = ORIENTED_EDGE('',*,*,#10538,.T.);
#10577 = ORIENTED_EDGE('',*,*,#10578,.F.);
#10578 = EDGE_CURVE('',#10579,#10531,#10581,.T.);
#10579 = VERTEX_POINT('',#10580);
#10580 = CARTESIAN_POINT('',(67.75,29.747223250267,3.5));
#10581 = LINE('',#10582,#10583);
#10582 = CARTESIAN_POINT('',(47.526440528383,41.423300755178,3.5));
#10583 = VECTOR('',#10584,1.);
#10584 = DIRECTION('',(-0.866025403784,0.5,0.));
#10585 = ORIENTED_EDGE('',*,*,#10586,.F.);
#10586 = EDGE_CURVE('',#2659,#10579,#10587,.T.);
#10587 = LINE('',#10588,#10589);
#10588 = CARTESIAN_POINT('',(67.75,29.747223250267,-2.));
#10589 = VECTOR('',#10590,1.);
#10590 = DIRECTION('',(0.,0.,1.));
#10591 = PLANE('',#10592);
#10592 = AXIS2_PLACEMENT_3D('',#10593,#10594,#10595);
#10593 = CARTESIAN_POINT('',(64.5,31.623611625134,-2.));
#10594 = DIRECTION('',(0.5,0.866025403784,-0.));
#10595 = DIRECTION('',(0.866025403784,-0.5,0.));
#10596 = ADVANCED_FACE('',(#10597),#10615,.T.);
#10597 = FACE_BOUND('',#10598,.T.);
#10598 = EDGE_LOOP('',(#10599,#10600,#10608,#10614));
#10599 = ORIENTED_EDGE('',*,*,#2650,.T.);
#10600 = ORIENTED_EDGE('',*,*,#10601,.T.);
#10601 = EDGE_CURVE('',#2651,#10602,#10604,.T.);
#10602 = VERTEX_POINT('',#10603);
#10603 = CARTESIAN_POINT('',(71.,31.623611625134,3.5));
#10604 = LINE('',#10605,#10606);
#10605 = CARTESIAN_POINT('',(71.,31.623611625134,-2.));
#10606 = VECTOR('',#10607,1.);
#10607 = DIRECTION('',(0.,0.,1.));
#10608 = ORIENTED_EDGE('',*,*,#10609,.F.);
#10609 = EDGE_CURVE('',#10554,#10602,#10610,.T.);
#10610 = LINE('',#10611,#10612);
#10611 = CARTESIAN_POINT('',(71.,17.561805812567,3.5));
#10612 = VECTOR('',#10613,1.);
#10613 = DIRECTION('',(0.,-1.,0.));
#10614 = ORIENTED_EDGE('',*,*,#10553,.F.);
#10615 = PLANE('',#10616);
#10616 = AXIS2_PLACEMENT_3D('',#10617,#10618,#10619);
#10617 = CARTESIAN_POINT('',(71.,31.623611625134,-2.));
#10618 = DIRECTION('',(-1.,0.,0.));
#10619 = DIRECTION('',(0.,1.,0.));
#10620 = ADVANCED_FACE('',(#10621),#10632,.T.);
#10621 = FACE_BOUND('',#10622,.T.);
#10622 = EDGE_LOOP('',(#10623,#10624,#10625,#10631));
#10623 = ORIENTED_EDGE('',*,*,#2658,.T.);
#10624 = ORIENTED_EDGE('',*,*,#10586,.T.);
#10625 = ORIENTED_EDGE('',*,*,#10626,.F.);
#10626 = EDGE_CURVE('',#10602,#10579,#10627,.T.);
#10627 = LINE('',#10628,#10629);
#10628 = CARTESIAN_POINT('',(37.786059471617,12.447534120223,3.5));
#10629 = VECTOR('',#10630,1.);
#10630 = DIRECTION('',(-0.866025403784,-0.5,0.));
#10631 = ORIENTED_EDGE('',*,*,#10601,.F.);
#10632 = PLANE('',#10633);
#10633 = AXIS2_PLACEMENT_3D('',#10634,#10635,#10636);
#10634 = CARTESIAN_POINT('',(67.75,29.747223250267,-2.));
#10635 = DIRECTION('',(-0.5,0.866025403784,0.));
#10636 = DIRECTION('',(0.866025403784,0.5,0.));
#10637 = ADVANCED_FACE('',(#10638),#10663,.T.);
#10638 = FACE_BOUND('',#10639,.T.);
#10639 = EDGE_LOOP('',(#10640,#10641,#10649,#10657));
#10640 = ORIENTED_EDGE('',*,*,#2682,.T.);
#10641 = ORIENTED_EDGE('',*,*,#10642,.T.);
#10642 = EDGE_CURVE('',#2685,#10643,#10645,.T.);
#10643 = VERTEX_POINT('',#10644);
#10644 = CARTESIAN_POINT('',(54.75,45.252776749733,3.5));
#10645 = LINE('',#10646,#10647);
#10646 = CARTESIAN_POINT('',(54.75,45.252776749733,-2.));
#10647 = VECTOR('',#10648,1.);
#10648 = DIRECTION('',(0.,0.,1.));
#10649 = ORIENTED_EDGE('',*,*,#10650,.F.);
#10650 = EDGE_CURVE('',#10651,#10643,#10653,.T.);
#10651 = VERTEX_POINT('',#10652);
#10652 = CARTESIAN_POINT('',(51.5,43.376388374866,3.5));
#10653 = LINE('',#10654,#10655);
#10654 = CARTESIAN_POINT('',(26.304008664048,28.829475994555,3.5));
#10655 = VECTOR('',#10656,1.);
#10656 = DIRECTION('',(0.866025403784,0.5,-0.));
#10657 = ORIENTED_EDGE('',*,*,#10658,.F.);
#10658 = EDGE_CURVE('',#2683,#10651,#10659,.T.);
#10659 = LINE('',#10660,#10661);
#10660 = CARTESIAN_POINT('',(51.5,43.376388374866,-2.));
#10661 = VECTOR('',#10662,1.);
#10662 = DIRECTION('',(0.,0.,1.));
#10663 = PLANE('',#10664);
#10664 = AXIS2_PLACEMENT_3D('',#10665,#10666,#10667);
#10665 = CARTESIAN_POINT('',(54.75,45.252776749733,-2.));
#10666 = DIRECTION('',(0.5,-0.866025403784,0.));
#10667 = DIRECTION('',(-0.866025403784,-0.5,0.));
#10668 = ADVANCED_FACE('',(#10669),#10687,.T.);
#10669 = FACE_BOUND('',#10670,.T.);
#10670 = EDGE_LOOP('',(#10671,#10672,#10673,#10681));
#10671 = ORIENTED_EDGE('',*,*,#2724,.T.);
#10672 = ORIENTED_EDGE('',*,*,#10658,.T.);
#10673 = ORIENTED_EDGE('',*,*,#10674,.F.);
#10674 = EDGE_CURVE('',#10675,#10651,#10677,.T.);
#10675 = VERTEX_POINT('',#10676);
#10676 = CARTESIAN_POINT('',(51.5,39.623611625134,3.5));
#10677 = LINE('',#10678,#10679);
#10678 = CARTESIAN_POINT('',(51.5,23.438194187433,3.5));
#10679 = VECTOR('',#10680,1.);
#10680 = DIRECTION('',(-0.,1.,0.));
#10681 = ORIENTED_EDGE('',*,*,#10682,.F.);
#10682 = EDGE_CURVE('',#2717,#10675,#10683,.T.);
#10683 = LINE('',#10684,#10685);
#10684 = CARTESIAN_POINT('',(51.5,39.623611625134,-2.));
#10685 = VECTOR('',#10686,1.);
#10686 = DIRECTION('',(0.,0.,1.));
#10687 = PLANE('',#10688);
#10688 = AXIS2_PLACEMENT_3D('',#10689,#10690,#10691);
#10689 = CARTESIAN_POINT('',(51.5,43.376388374866,-2.));
#10690 = DIRECTION('',(1.,0.,-0.));
#10691 = DIRECTION('',(0.,-1.,0.));
#10692 = ADVANCED_FACE('',(#10693),#10711,.T.);
#10693 = FACE_BOUND('',#10694,.T.);
#10694 = EDGE_LOOP('',(#10695,#10696,#10704,#10710));
#10695 = ORIENTED_EDGE('',*,*,#2692,.T.);
#10696 = ORIENTED_EDGE('',*,*,#10697,.T.);
#10697 = EDGE_CURVE('',#2693,#10698,#10700,.T.);
#10698 = VERTEX_POINT('',#10699);
#10699 = CARTESIAN_POINT('',(58.,43.376388374866,3.5));
#10700 = LINE('',#10701,#10702);
#10701 = CARTESIAN_POINT('',(58.,43.376388374866,-2.));
#10702 = VECTOR('',#10703,1.);
#10703 = DIRECTION('',(0.,0.,1.));
#10704 = ORIENTED_EDGE('',*,*,#10705,.F.);
#10705 = EDGE_CURVE('',#10643,#10698,#10706,.T.);
#10706 = LINE('',#10707,#10708);
#10707 = CARTESIAN_POINT('',(46.008491335952,50.299689130044,3.5));
#10708 = VECTOR('',#10709,1.);
#10709 = DIRECTION('',(0.866025403784,-0.5,0.));
#10710 = ORIENTED_EDGE('',*,*,#10642,.F.);
#10711 = PLANE('',#10712);
#10712 = AXIS2_PLACEMENT_3D('',#10713,#10714,#10715);
#10713 = CARTESIAN_POINT('',(58.,43.376388374866,-2.));
#10714 = DIRECTION('',(-0.5,-0.866025403784,0.));
#10715 = DIRECTION('',(-0.866025403784,0.5,0.));
#10716 = ADVANCED_FACE('',(#10717),#10735,.T.);
#10717 = FACE_BOUND('',#10718,.T.);
#10718 = EDGE_LOOP('',(#10719,#10720,#10721,#10729));
#10719 = ORIENTED_EDGE('',*,*,#2716,.T.);
#10720 = ORIENTED_EDGE('',*,*,#10682,.T.);
#10721 = ORIENTED_EDGE('',*,*,#10722,.F.);
#10722 = EDGE_CURVE('',#10723,#10675,#10725,.T.);
#10723 = VERTEX_POINT('',#10724);
#10724 = CARTESIAN_POINT('',(54.75,37.747223250267,3.5));
#10725 = LINE('',#10726,#10727);
#10726 = CARTESIAN_POINT('',(41.133491335952,45.608718192878,3.5));
#10727 = VECTOR('',#10728,1.);
#10728 = DIRECTION('',(-0.866025403784,0.5,0.));
#10729 = ORIENTED_EDGE('',*,*,#10730,.F.);
#10730 = EDGE_CURVE('',#2709,#10723,#10731,.T.);
#10731 = LINE('',#10732,#10733);
#10732 = CARTESIAN_POINT('',(54.75,37.747223250267,-2.));
#10733 = VECTOR('',#10734,1.);
#10734 = DIRECTION('',(0.,0.,1.));
#10735 = PLANE('',#10736);
#10736 = AXIS2_PLACEMENT_3D('',#10737,#10738,#10739);
#10737 = CARTESIAN_POINT('',(51.5,39.623611625134,-2.));
#10738 = DIRECTION('',(0.5,0.866025403784,-0.));
#10739 = DIRECTION('',(0.866025403784,-0.5,0.));
#10740 = ADVANCED_FACE('',(#10741),#10759,.T.);
#10741 = FACE_BOUND('',#10742,.T.);
#10742 = EDGE_LOOP('',(#10743,#10744,#10752,#10758));
#10743 = ORIENTED_EDGE('',*,*,#2700,.T.);
#10744 = ORIENTED_EDGE('',*,*,#10745,.T.);
#10745 = EDGE_CURVE('',#2701,#10746,#10748,.T.);
#10746 = VERTEX_POINT('',#10747);
#10747 = CARTESIAN_POINT('',(58.,39.623611625134,3.5));
#10748 = LINE('',#10749,#10750);
#10749 = CARTESIAN_POINT('',(58.,39.623611625134,-2.));
#10750 = VECTOR('',#10751,1.);
#10751 = DIRECTION('',(0.,0.,1.));
#10752 = ORIENTED_EDGE('',*,*,#10753,.F.);
#10753 = EDGE_CURVE('',#10698,#10746,#10754,.T.);
#10754 = LINE('',#10755,#10756);
#10755 = CARTESIAN_POINT('',(58.,21.561805812567,3.5));
#10756 = VECTOR('',#10757,1.);
#10757 = DIRECTION('',(0.,-1.,0.));
#10758 = ORIENTED_EDGE('',*,*,#10697,.F.);
#10759 = PLANE('',#10760);
#10760 = AXIS2_PLACEMENT_3D('',#10761,#10762,#10763);
#10761 = CARTESIAN_POINT('',(58.,39.623611625134,-2.));
#10762 = DIRECTION('',(-1.,0.,0.));
#10763 = DIRECTION('',(0.,1.,0.));
#10764 = ADVANCED_FACE('',(#10765),#10776,.T.);
#10765 = FACE_BOUND('',#10766,.T.);
#10766 = EDGE_LOOP('',(#10767,#10768,#10769,#10775));
#10767 = ORIENTED_EDGE('',*,*,#2708,.T.);
#10768 = ORIENTED_EDGE('',*,*,#10730,.T.);
#10769 = ORIENTED_EDGE('',*,*,#10770,.F.);
#10770 = EDGE_CURVE('',#10746,#10723,#10771,.T.);
#10771 = LINE('',#10772,#10773);
#10772 = CARTESIAN_POINT('',(27.929008664048,22.262116682523,3.5));
#10773 = VECTOR('',#10774,1.);
#10774 = DIRECTION('',(-0.866025403784,-0.5,0.));
#10775 = ORIENTED_EDGE('',*,*,#10745,.F.);
#10776 = PLANE('',#10777);
#10777 = AXIS2_PLACEMENT_3D('',#10778,#10779,#10780);
#10778 = CARTESIAN_POINT('',(54.75,37.747223250267,-2.));
#10779 = DIRECTION('',(-0.5,0.866025403784,0.));
#10780 = DIRECTION('',(0.866025403784,0.5,0.));
#10781 = ADVANCED_FACE('',(#10782),#10807,.T.);
#10782 = FACE_BOUND('',#10783,.T.);
#10783 = EDGE_LOOP('',(#10784,#10785,#10793,#10801));
#10784 = ORIENTED_EDGE('',*,*,#2732,.T.);
#10785 = ORIENTED_EDGE('',*,*,#10786,.T.);
#10786 = EDGE_CURVE('',#2735,#10787,#10789,.T.);
#10787 = VERTEX_POINT('',#10788);
#10788 = CARTESIAN_POINT('',(63.75,45.252776749733,3.5));
#10789 = LINE('',#10790,#10791);
#10790 = CARTESIAN_POINT('',(63.75,45.252776749733,-2.));
#10791 = VECTOR('',#10792,1.);
#10792 = DIRECTION('',(0.,0.,1.));
#10793 = ORIENTED_EDGE('',*,*,#10794,.F.);
#10794 = EDGE_CURVE('',#10795,#10787,#10797,.T.);
#10795 = VERTEX_POINT('',#10796);
#10796 = CARTESIAN_POINT('',(60.5,43.376388374866,3.5));
#10797 = LINE('',#10798,#10799);
#10798 = CARTESIAN_POINT('',(31.929008664048,26.88091883604,3.5));
#10799 = VECTOR('',#10800,1.);
#10800 = DIRECTION('',(0.866025403784,0.5,-0.));
#10801 = ORIENTED_EDGE('',*,*,#10802,.F.);
#10802 = EDGE_CURVE('',#2733,#10795,#10803,.T.);
#10803 = LINE('',#10804,#10805);
#10804 = CARTESIAN_POINT('',(60.5,43.376388374866,-2.));
#10805 = VECTOR('',#10806,1.);
#10806 = DIRECTION('',(0.,0.,1.));
#10807 = PLANE('',#10808);
#10808 = AXIS2_PLACEMENT_3D('',#10809,#10810,#10811);
#10809 = CARTESIAN_POINT('',(63.75,45.252776749733,-2.));
#10810 = DIRECTION('',(0.5,-0.866025403784,0.));
#10811 = DIRECTION('',(-0.866025403784,-0.5,0.));
#10812 = ADVANCED_FACE('',(#10813),#10831,.T.);
#10813 = FACE_BOUND('',#10814,.T.);
#10814 = EDGE_LOOP('',(#10815,#10816,#10817,#10825));
#10815 = ORIENTED_EDGE('',*,*,#2774,.T.);
#10816 = ORIENTED_EDGE('',*,*,#10802,.T.);
#10817 = ORIENTED_EDGE('',*,*,#10818,.F.);
#10818 = EDGE_CURVE('',#10819,#10795,#10821,.T.);
#10819 = VERTEX_POINT('',#10820);
#10820 = CARTESIAN_POINT('',(60.5,39.623611625134,3.5));
#10821 = LINE('',#10822,#10823);
#10822 = CARTESIAN_POINT('',(60.5,23.438194187433,3.5));
#10823 = VECTOR('',#10824,1.);
#10824 = DIRECTION('',(-0.,1.,0.));
#10825 = ORIENTED_EDGE('',*,*,#10826,.F.);
#10826 = EDGE_CURVE('',#2767,#10819,#10827,.T.);
#10827 = LINE('',#10828,#10829);
#10828 = CARTESIAN_POINT('',(60.5,39.623611625134,-2.));
#10829 = VECTOR('',#10830,1.);
#10830 = DIRECTION('',(0.,0.,1.));
#10831 = PLANE('',#10832);
#10832 = AXIS2_PLACEMENT_3D('',#10833,#10834,#10835);
#10833 = CARTESIAN_POINT('',(60.5,43.376388374866,-2.));
#10834 = DIRECTION('',(1.,0.,-0.));
#10835 = DIRECTION('',(0.,-1.,0.));
#10836 = ADVANCED_FACE('',(#10837),#10855,.T.);
#10837 = FACE_BOUND('',#10838,.T.);
#10838 = EDGE_LOOP('',(#10839,#10840,#10848,#10854));
#10839 = ORIENTED_EDGE('',*,*,#2742,.T.);
#10840 = ORIENTED_EDGE('',*,*,#10841,.T.);
#10841 = EDGE_CURVE('',#2743,#10842,#10844,.T.);
#10842 = VERTEX_POINT('',#10843);
#10843 = CARTESIAN_POINT('',(67.,43.376388374866,3.5));
#10844 = LINE('',#10845,#10846);
#10845 = CARTESIAN_POINT('',(67.,43.376388374866,-2.));
#10846 = VECTOR('',#10847,1.);
#10847 = DIRECTION('',(0.,0.,1.));
#10848 = ORIENTED_EDGE('',*,*,#10849,.F.);
#10849 = EDGE_CURVE('',#10787,#10842,#10850,.T.);
#10850 = LINE('',#10851,#10852);
#10851 = CARTESIAN_POINT('',(51.633491335952,52.248246288559,3.5));
#10852 = VECTOR('',#10853,1.);
#10853 = DIRECTION('',(0.866025403784,-0.5,0.));
#10854 = ORIENTED_EDGE('',*,*,#10786,.F.);
#10855 = PLANE('',#10856);
#10856 = AXIS2_PLACEMENT_3D('',#10857,#10858,#10859);
#10857 = CARTESIAN_POINT('',(67.,43.376388374866,-2.));
#10858 = DIRECTION('',(-0.5,-0.866025403784,0.));
#10859 = DIRECTION('',(-0.866025403784,0.5,0.));
#10860 = ADVANCED_FACE('',(#10861),#10879,.T.);
#10861 = FACE_BOUND('',#10862,.T.);
#10862 = EDGE_LOOP('',(#10863,#10864,#10865,#10873));
#10863 = ORIENTED_EDGE('',*,*,#2766,.T.);
#10864 = ORIENTED_EDGE('',*,*,#10826,.T.);
#10865 = ORIENTED_EDGE('',*,*,#10866,.F.);
#10866 = EDGE_CURVE('',#10867,#10819,#10869,.T.);
#10867 = VERTEX_POINT('',#10868);
#10868 = CARTESIAN_POINT('',(63.75,37.747223250267,3.5));
#10869 = LINE('',#10870,#10871);
#10870 = CARTESIAN_POINT('',(46.758491335952,47.557275351393,3.5));
#10871 = VECTOR('',#10872,1.);
#10872 = DIRECTION('',(-0.866025403784,0.5,0.));
#10873 = ORIENTED_EDGE('',*,*,#10874,.F.);
#10874 = EDGE_CURVE('',#2759,#10867,#10875,.T.);
#10875 = LINE('',#10876,#10877);
#10876 = CARTESIAN_POINT('',(63.75,37.747223250267,-2.));
#10877 = VECTOR('',#10878,1.);
#10878 = DIRECTION('',(0.,0.,1.));
#10879 = PLANE('',#10880);
#10880 = AXIS2_PLACEMENT_3D('',#10881,#10882,#10883);
#10881 = CARTESIAN_POINT('',(60.5,39.623611625134,-2.));
#10882 = DIRECTION('',(0.5,0.866025403784,-0.));
#10883 = DIRECTION('',(0.866025403784,-0.5,0.));
#10884 = ADVANCED_FACE('',(#10885),#10903,.T.);
#10885 = FACE_BOUND('',#10886,.T.);
#10886 = EDGE_LOOP('',(#10887,#10888,#10896,#10902));
#10887 = ORIENTED_EDGE('',*,*,#2750,.T.);
#10888 = ORIENTED_EDGE('',*,*,#10889,.T.);
#10889 = EDGE_CURVE('',#2751,#10890,#10892,.T.);
#10890 = VERTEX_POINT('',#10891);
#10891 = CARTESIAN_POINT('',(67.,39.623611625134,3.5));
#10892 = LINE('',#10893,#10894);
#10893 = CARTESIAN_POINT('',(67.,39.623611625134,-2.));
#10894 = VECTOR('',#10895,1.);
#10895 = DIRECTION('',(0.,0.,1.));
#10896 = ORIENTED_EDGE('',*,*,#10897,.F.);
#10897 = EDGE_CURVE('',#10842,#10890,#10898,.T.);
#10898 = LINE('',#10899,#10900);
#10899 = CARTESIAN_POINT('',(67.,21.561805812567,3.5));
#10900 = VECTOR('',#10901,1.);
#10901 = DIRECTION('',(0.,-1.,0.));
#10902 = ORIENTED_EDGE('',*,*,#10841,.F.);
#10903 = PLANE('',#10904);
#10904 = AXIS2_PLACEMENT_3D('',#10905,#10906,#10907);
#10905 = CARTESIAN_POINT('',(67.,39.623611625134,-2.));
#10906 = DIRECTION('',(-1.,0.,0.));
#10907 = DIRECTION('',(0.,1.,0.));
#10908 = ADVANCED_FACE('',(#10909),#10920,.T.);
#10909 = FACE_BOUND('',#10910,.T.);
#10910 = EDGE_LOOP('',(#10911,#10912,#10913,#10919));
#10911 = ORIENTED_EDGE('',*,*,#2758,.T.);
#10912 = ORIENTED_EDGE('',*,*,#10874,.T.);
#10913 = ORIENTED_EDGE('',*,*,#10914,.F.);
#10914 = EDGE_CURVE('',#10890,#10867,#10915,.T.);
#10915 = LINE('',#10916,#10917);
#10916 = CARTESIAN_POINT('',(33.554008664048,20.313559524008,3.5));
#10917 = VECTOR('',#10918,1.);
#10918 = DIRECTION('',(-0.866025403784,-0.5,0.));
#10919 = ORIENTED_EDGE('',*,*,#10889,.F.);
#10920 = PLANE('',#10921);
#10921 = AXIS2_PLACEMENT_3D('',#10922,#10923,#10924);
#10922 = CARTESIAN_POINT('',(63.75,37.747223250267,-2.));
#10923 = DIRECTION('',(-0.5,0.866025403784,0.));
#10924 = DIRECTION('',(0.866025403784,0.5,0.));
#10925 = ADVANCED_FACE('',(#10926),#10951,.T.);
#10926 = FACE_BOUND('',#10927,.T.);
#10927 = EDGE_LOOP('',(#10928,#10929,#10937,#10945));
#10928 = ORIENTED_EDGE('',*,*,#2782,.T.);
#10929 = ORIENTED_EDGE('',*,*,#10930,.T.);
#10930 = EDGE_CURVE('',#2785,#10931,#10933,.T.);
#10931 = VERTEX_POINT('',#10932);
#10932 = CARTESIAN_POINT('',(76.75,37.252776749733,3.5));
#10933 = LINE('',#10934,#10935);
#10934 = CARTESIAN_POINT('',(76.75,37.252776749733,-2.));
#10935 = VECTOR('',#10936,1.);
#10936 = DIRECTION('',(0.,0.,1.));
#10937 = ORIENTED_EDGE('',*,*,#10938,.F.);
#10938 = EDGE_CURVE('',#10939,#10931,#10941,.T.);
#10939 = VERTEX_POINT('',#10940);
#10940 = CARTESIAN_POINT('',(73.5,35.376388374866,3.5));
#10941 = LINE('',#10942,#10943);
#10942 = CARTESIAN_POINT('',(41.786059471617,17.06633627374,3.5));
#10943 = VECTOR('',#10944,1.);
#10944 = DIRECTION('',(0.866025403784,0.5,-0.));
#10945 = ORIENTED_EDGE('',*,*,#10946,.F.);
#10946 = EDGE_CURVE('',#2783,#10939,#10947,.T.);
#10947 = LINE('',#10948,#10949);
#10948 = CARTESIAN_POINT('',(73.5,35.376388374866,-2.));
#10949 = VECTOR('',#10950,1.);
#10950 = DIRECTION('',(0.,0.,1.));
#10951 = PLANE('',#10952);
#10952 = AXIS2_PLACEMENT_3D('',#10953,#10954,#10955);
#10953 = CARTESIAN_POINT('',(76.75,37.252776749733,-2.));
#10954 = DIRECTION('',(0.5,-0.866025403784,0.));
#10955 = DIRECTION('',(-0.866025403784,-0.5,0.));
#10956 = ADVANCED_FACE('',(#10957),#10975,.T.);
#10957 = FACE_BOUND('',#10958,.T.);
#10958 = EDGE_LOOP('',(#10959,#10960,#10961,#10969));
#10959 = ORIENTED_EDGE('',*,*,#2824,.T.);
#10960 = ORIENTED_EDGE('',*,*,#10946,.T.);
#10961 = ORIENTED_EDGE('',*,*,#10962,.F.);
#10962 = EDGE_CURVE('',#10963,#10939,#10965,.T.);
#10963 = VERTEX_POINT('',#10964);
#10964 = CARTESIAN_POINT('',(73.5,31.623611625134,3.5));
#10965 = LINE('',#10966,#10967);
#10966 = CARTESIAN_POINT('',(73.5,19.438194187433,3.5));
#10967 = VECTOR('',#10968,1.);
#10968 = DIRECTION('',(-0.,1.,0.));
#10969 = ORIENTED_EDGE('',*,*,#10970,.F.);
#10970 = EDGE_CURVE('',#2817,#10963,#10971,.T.);
#10971 = LINE('',#10972,#10973);
#10972 = CARTESIAN_POINT('',(73.5,31.623611625134,-2.));
#10973 = VECTOR('',#10974,1.);
#10974 = DIRECTION('',(0.,0.,1.));
#10975 = PLANE('',#10976);
#10976 = AXIS2_PLACEMENT_3D('',#10977,#10978,#10979);
#10977 = CARTESIAN_POINT('',(73.5,35.376388374866,-2.));
#10978 = DIRECTION('',(1.,0.,-0.));
#10979 = DIRECTION('',(0.,-1.,0.));
#10980 = ADVANCED_FACE('',(#10981),#10999,.T.);
#10981 = FACE_BOUND('',#10982,.T.);
#10982 = EDGE_LOOP('',(#10983,#10984,#10992,#10998));
#10983 = ORIENTED_EDGE('',*,*,#2792,.T.);
#10984 = ORIENTED_EDGE('',*,*,#10985,.T.);
#10985 = EDGE_CURVE('',#2793,#10986,#10988,.T.);
#10986 = VERTEX_POINT('',#10987);
#10987 = CARTESIAN_POINT('',(80.,35.376388374866,3.5));
#10988 = LINE('',#10989,#10990);
#10989 = CARTESIAN_POINT('',(80.,35.376388374866,-2.));
#10990 = VECTOR('',#10991,1.);
#10991 = DIRECTION('',(0.,0.,1.));
#10992 = ORIENTED_EDGE('',*,*,#10993,.F.);
#10993 = EDGE_CURVE('',#10931,#10986,#10994,.T.);
#10994 = LINE('',#10995,#10996);
#10995 = CARTESIAN_POINT('',(58.026440528383,48.062828850858,3.5));
#10996 = VECTOR('',#10997,1.);
#10997 = DIRECTION('',(0.866025403784,-0.5,0.));
#10998 = ORIENTED_EDGE('',*,*,#10930,.F.);
#10999 = PLANE('',#11000);
#11000 = AXIS2_PLACEMENT_3D('',#11001,#11002,#11003);
#11001 = CARTESIAN_POINT('',(80.,35.376388374866,-2.));
#11002 = DIRECTION('',(-0.5,-0.866025403784,0.));
#11003 = DIRECTION('',(-0.866025403784,0.5,0.));
#11004 = ADVANCED_FACE('',(#11005),#11023,.T.);
#11005 = FACE_BOUND('',#11006,.T.);
#11006 = EDGE_LOOP('',(#11007,#11008,#11009,#11017));
#11007 = ORIENTED_EDGE('',*,*,#2816,.T.);
#11008 = ORIENTED_EDGE('',*,*,#10970,.T.);
#11009 = ORIENTED_EDGE('',*,*,#11010,.F.);
#11010 = EDGE_CURVE('',#11011,#10963,#11013,.T.);
#11011 = VERTEX_POINT('',#11012);
#11012 = CARTESIAN_POINT('',(76.75,29.747223250267,3.5));
#11013 = LINE('',#11014,#11015);
#11014 = CARTESIAN_POINT('',(53.151440528383,43.371857913693,3.5));
#11015 = VECTOR('',#11016,1.);
#11016 = DIRECTION('',(-0.866025403784,0.5,0.));
#11017 = ORIENTED_EDGE('',*,*,#11018,.F.);
#11018 = EDGE_CURVE('',#2809,#11011,#11019,.T.);
#11019 = LINE('',#11020,#11021);
#11020 = CARTESIAN_POINT('',(76.75,29.747223250267,-2.));
#11021 = VECTOR('',#11022,1.);
#11022 = DIRECTION('',(0.,0.,1.));
#11023 = PLANE('',#11024);
#11024 = AXIS2_PLACEMENT_3D('',#11025,#11026,#11027);
#11025 = CARTESIAN_POINT('',(73.5,31.623611625134,-2.));
#11026 = DIRECTION('',(0.5,0.866025403784,-0.));
#11027 = DIRECTION('',(0.866025403784,-0.5,0.));
#11028 = ADVANCED_FACE('',(#11029),#11047,.T.);
#11029 = FACE_BOUND('',#11030,.T.);
#11030 = EDGE_LOOP('',(#11031,#11032,#11040,#11046));
#11031 = ORIENTED_EDGE('',*,*,#2800,.T.);
#11032 = ORIENTED_EDGE('',*,*,#11033,.T.);
#11033 = EDGE_CURVE('',#2801,#11034,#11036,.T.);
#11034 = VERTEX_POINT('',#11035);
#11035 = CARTESIAN_POINT('',(80.,31.623611625134,3.5));
#11036 = LINE('',#11037,#11038);
#11037 = CARTESIAN_POINT('',(80.,31.623611625134,-2.));
#11038 = VECTOR('',#11039,1.);
#11039 = DIRECTION('',(0.,0.,1.));
#11040 = ORIENTED_EDGE('',*,*,#11041,.F.);
#11041 = EDGE_CURVE('',#10986,#11034,#11042,.T.);
#11042 = LINE('',#11043,#11044);
#11043 = CARTESIAN_POINT('',(80.,17.561805812567,3.5));
#11044 = VECTOR('',#11045,1.);
#11045 = DIRECTION('',(0.,-1.,0.));
#11046 = ORIENTED_EDGE('',*,*,#10985,.F.);
#11047 = PLANE('',#11048);
#11048 = AXIS2_PLACEMENT_3D('',#11049,#11050,#11051);
#11049 = CARTESIAN_POINT('',(80.,31.623611625134,-2.));
#11050 = DIRECTION('',(-1.,0.,0.));
#11051 = DIRECTION('',(0.,1.,0.));
#11052 = ADVANCED_FACE('',(#11053),#11064,.T.);
#11053 = FACE_BOUND('',#11054,.T.);
#11054 = EDGE_LOOP('',(#11055,#11056,#11057,#11063));
#11055 = ORIENTED_EDGE('',*,*,#2808,.T.);
#11056 = ORIENTED_EDGE('',*,*,#11018,.T.);
#11057 = ORIENTED_EDGE('',*,*,#11058,.F.);
#11058 = EDGE_CURVE('',#11034,#11011,#11059,.T.);
#11059 = LINE('',#11060,#11061);
#11060 = CARTESIAN_POINT('',(43.411059471617,10.498976961708,3.5));
#11061 = VECTOR('',#11062,1.);
#11062 = DIRECTION('',(-0.866025403784,-0.5,0.));
#11063 = ORIENTED_EDGE('',*,*,#11033,.F.);
#11064 = PLANE('',#11065);
#11065 = AXIS2_PLACEMENT_3D('',#11066,#11067,#11068);
#11066 = CARTESIAN_POINT('',(76.75,29.747223250267,-2.));
#11067 = DIRECTION('',(-0.5,0.866025403784,0.));
#11068 = DIRECTION('',(0.866025403784,0.5,0.));
#11069 = ADVANCED_FACE('',(#11070),#11095,.T.);
#11070 = FACE_BOUND('',#11071,.T.);
#11071 = EDGE_LOOP('',(#11072,#11073,#11081,#11089));
#11072 = ORIENTED_EDGE('',*,*,#2832,.T.);
#11073 = ORIENTED_EDGE('',*,*,#11074,.T.);
#11074 = EDGE_CURVE('',#2835,#11075,#11077,.T.);
#11075 = VERTEX_POINT('',#11076);
#11076 = CARTESIAN_POINT('',(72.75,45.252776749733,3.5));
#11077 = LINE('',#11078,#11079);
#11078 = CARTESIAN_POINT('',(72.75,45.252776749733,-2.));
#11079 = VECTOR('',#11080,1.);
#11080 = DIRECTION('',(0.,0.,1.));
#11081 = ORIENTED_EDGE('',*,*,#11082,.F.);
#11082 = EDGE_CURVE('',#11083,#11075,#11085,.T.);
#11083 = VERTEX_POINT('',#11084);
#11084 = CARTESIAN_POINT('',(69.5,43.376388374866,3.5));
#11085 = LINE('',#11086,#11087);
#11086 = CARTESIAN_POINT('',(37.554008664048,24.932361677525,3.5));
#11087 = VECTOR('',#11088,1.);
#11088 = DIRECTION('',(0.866025403784,0.5,-0.));
#11089 = ORIENTED_EDGE('',*,*,#11090,.F.);
#11090 = EDGE_CURVE('',#2833,#11083,#11091,.T.);
#11091 = LINE('',#11092,#11093);
#11092 = CARTESIAN_POINT('',(69.5,43.376388374866,-2.));
#11093 = VECTOR('',#11094,1.);
#11094 = DIRECTION('',(0.,0.,1.));
#11095 = PLANE('',#11096);
#11096 = AXIS2_PLACEMENT_3D('',#11097,#11098,#11099);
#11097 = CARTESIAN_POINT('',(72.75,45.252776749733,-2.));
#11098 = DIRECTION('',(0.5,-0.866025403784,0.));
#11099 = DIRECTION('',(-0.866025403784,-0.5,0.));
#11100 = ADVANCED_FACE('',(#11101),#11119,.T.);
#11101 = FACE_BOUND('',#11102,.T.);
#11102 = EDGE_LOOP('',(#11103,#11104,#11105,#11113));
#11103 = ORIENTED_EDGE('',*,*,#2874,.T.);
#11104 = ORIENTED_EDGE('',*,*,#11090,.T.);
#11105 = ORIENTED_EDGE('',*,*,#11106,.F.);
#11106 = EDGE_CURVE('',#11107,#11083,#11109,.T.);
#11107 = VERTEX_POINT('',#11108);
#11108 = CARTESIAN_POINT('',(69.5,39.623611625134,3.5));
#11109 = LINE('',#11110,#11111);
#11110 = CARTESIAN_POINT('',(69.5,23.438194187433,3.5));
#11111 = VECTOR('',#11112,1.);
#11112 = DIRECTION('',(-0.,1.,0.));
#11113 = ORIENTED_EDGE('',*,*,#11114,.F.);
#11114 = EDGE_CURVE('',#2867,#11107,#11115,.T.);
#11115 = LINE('',#11116,#11117);
#11116 = CARTESIAN_POINT('',(69.5,39.623611625134,-2.));
#11117 = VECTOR('',#11118,1.);
#11118 = DIRECTION('',(0.,0.,1.));
#11119 = PLANE('',#11120);
#11120 = AXIS2_PLACEMENT_3D('',#11121,#11122,#11123);
#11121 = CARTESIAN_POINT('',(69.5,43.376388374866,-2.));
#11122 = DIRECTION('',(1.,0.,-0.));
#11123 = DIRECTION('',(0.,-1.,0.));
#11124 = ADVANCED_FACE('',(#11125),#11143,.T.);
#11125 = FACE_BOUND('',#11126,.T.);
#11126 = EDGE_LOOP('',(#11127,#11128,#11129,#11137));
#11127 = ORIENTED_EDGE('',*,*,#2866,.T.);
#11128 = ORIENTED_EDGE('',*,*,#11114,.T.);
#11129 = ORIENTED_EDGE('',*,*,#11130,.F.);
#11130 = EDGE_CURVE('',#11131,#11107,#11133,.T.);
#11131 = VERTEX_POINT('',#11132);
#11132 = CARTESIAN_POINT('',(72.75,37.747223250267,3.5));
#11133 = LINE('',#11134,#11135);
#11134 = CARTESIAN_POINT('',(52.383491335952,49.505832509908,3.5));
#11135 = VECTOR('',#11136,1.);
#11136 = DIRECTION('',(-0.866025403784,0.5,0.));
#11137 = ORIENTED_EDGE('',*,*,#11138,.F.);
#11138 = EDGE_CURVE('',#2859,#11131,#11139,.T.);
#11139 = LINE('',#11140,#11141);
#11140 = CARTESIAN_POINT('',(72.75,37.747223250267,-2.));
#11141 = VECTOR('',#11142,1.);
#11142 = DIRECTION('',(0.,0.,1.));
#11143 = PLANE('',#11144);
#11144 = AXIS2_PLACEMENT_3D('',#11145,#11146,#11147);
#11145 = CARTESIAN_POINT('',(69.5,39.623611625134,-2.));
#11146 = DIRECTION('',(0.5,0.866025403784,-0.));
#11147 = DIRECTION('',(0.866025403784,-0.5,0.));
#11148 = ADVANCED_FACE('',(#11149),#11167,.T.);
#11149 = FACE_BOUND('',#11150,.T.);
#11150 = EDGE_LOOP('',(#11151,#11152,#11153,#11161));
#11151 = ORIENTED_EDGE('',*,*,#2858,.T.);
#11152 = ORIENTED_EDGE('',*,*,#11138,.T.);
#11153 = ORIENTED_EDGE('',*,*,#11154,.F.);
#11154 = EDGE_CURVE('',#11155,#11131,#11157,.T.);
#11155 = VERTEX_POINT('',#11156);
#11156 = CARTESIAN_POINT('',(76.,39.623611625134,3.5));
#11157 = LINE('',#11158,#11159);
#11158 = CARTESIAN_POINT('',(39.179008664048,18.365002365493,3.5));
#11159 = VECTOR('',#11160,1.);
#11160 = DIRECTION('',(-0.866025403784,-0.5,0.));
#11161 = ORIENTED_EDGE('',*,*,#11162,.F.);
#11162 = EDGE_CURVE('',#2851,#11155,#11163,.T.);
#11163 = LINE('',#11164,#11165);
#11164 = CARTESIAN_POINT('',(76.,39.623611625134,-2.));
#11165 = VECTOR('',#11166,1.);
#11166 = DIRECTION('',(0.,0.,1.));
#11167 = PLANE('',#11168);
#11168 = AXIS2_PLACEMENT_3D('',#11169,#11170,#11171);
#11169 = CARTESIAN_POINT('',(72.75,37.747223250267,-2.));
#11170 = DIRECTION('',(-0.5,0.866025403784,0.));
#11171 = DIRECTION('',(0.866025403784,0.5,0.));
#11172 = ADVANCED_FACE('',(#11173),#11191,.T.);
#11173 = FACE_BOUND('',#11174,.T.);
#11174 = EDGE_LOOP('',(#11175,#11176,#11177,#11185));
#11175 = ORIENTED_EDGE('',*,*,#2850,.T.);
#11176 = ORIENTED_EDGE('',*,*,#11162,.T.);
#11177 = ORIENTED_EDGE('',*,*,#11178,.F.);
#11178 = EDGE_CURVE('',#11179,#11155,#11181,.T.);
#11179 = VERTEX_POINT('',#11180);
#11180 = CARTESIAN_POINT('',(76.,43.376388374866,3.5));
#11181 = LINE('',#11182,#11183);
#11182 = CARTESIAN_POINT('',(76.,21.561805812567,3.5));
#11183 = VECTOR('',#11184,1.);
#11184 = DIRECTION('',(0.,-1.,0.));
#11185 = ORIENTED_EDGE('',*,*,#11186,.F.);
#11186 = EDGE_CURVE('',#2843,#11179,#11187,.T.);
#11187 = LINE('',#11188,#11189);
#11188 = CARTESIAN_POINT('',(76.,43.376388374866,-2.));
#11189 = VECTOR('',#11190,1.);
#11190 = DIRECTION('',(0.,0.,1.));
#11191 = PLANE('',#11192);
#11192 = AXIS2_PLACEMENT_3D('',#11193,#11194,#11195);
#11193 = CARTESIAN_POINT('',(76.,39.623611625134,-2.));
#11194 = DIRECTION('',(-1.,0.,0.));
#11195 = DIRECTION('',(0.,1.,0.));
#11196 = ADVANCED_FACE('',(#11197),#11208,.T.);
#11197 = FACE_BOUND('',#11198,.T.);
#11198 = EDGE_LOOP('',(#11199,#11200,#11201,#11207));
#11199 = ORIENTED_EDGE('',*,*,#2842,.T.);
#11200 = ORIENTED_EDGE('',*,*,#11186,.T.);
#11201 = ORIENTED_EDGE('',*,*,#11202,.F.);
#11202 = EDGE_CURVE('',#11075,#11179,#11203,.T.);
#11203 = LINE('',#11204,#11205);
#11204 = CARTESIAN_POINT('',(57.258491335952,54.196803447074,3.5));
#11205 = VECTOR('',#11206,1.);
#11206 = DIRECTION('',(0.866025403784,-0.5,0.));
#11207 = ORIENTED_EDGE('',*,*,#11074,.F.);
#11208 = PLANE('',#11209);
#11209 = AXIS2_PLACEMENT_3D('',#11210,#11211,#11212);
#11210 = CARTESIAN_POINT('',(76.,43.376388374866,-2.));
#11211 = DIRECTION('',(-0.5,-0.866025403784,0.));
#11212 = DIRECTION('',(-0.866025403784,0.5,0.));
#11213 = ADVANCED_FACE('',(#11214),#11233,.F.);
#11214 = FACE_BOUND('',#11215,.F.);
#11215 = EDGE_LOOP('',(#11216,#11225,#11231,#11232));
#11216 = ORIENTED_EDGE('',*,*,#11217,.F.);
#11217 = EDGE_CURVE('',#11218,#11218,#11220,.T.);
#11218 = VERTEX_POINT('',#11219);
#11219 = CARTESIAN_POINT('',(153.1,26.,3.5));
#11220 = CIRCLE('',#11221,8.1);
#11221 = AXIS2_PLACEMENT_3D('',#11222,#11223,#11224);
#11222 = CARTESIAN_POINT('',(145.,26.,3.5));
#11223 = DIRECTION('',(0.,0.,1.));
#11224 = DIRECTION('',(1.,0.,-0.));
#11225 = ORIENTED_EDGE('',*,*,#11226,.F.);
#11226 = EDGE_CURVE('',#2883,#11218,#11227,.T.);
#11227 = LINE('',#11228,#11229);
#11228 = CARTESIAN_POINT('',(153.1,26.,-2.));
#11229 = VECTOR('',#11230,1.);
#11230 = DIRECTION('',(0.,0.,1.));
#11231 = ORIENTED_EDGE('',*,*,#2882,.T.);
#11232 = ORIENTED_EDGE('',*,*,#11226,.T.);
#11233 = CYLINDRICAL_SURFACE('',#11234,8.1);
#11234 = AXIS2_PLACEMENT_3D('',#11235,#11236,#11237);
#11235 = CARTESIAN_POINT('',(145.,26.,-2.));
#11236 = DIRECTION('',(0.,0.,1.));
#11237 = DIRECTION('',(1.,0.,-0.));
#11238 = ADVANCED_FACE('',(#11239),#11264,.T.);
#11239 = FACE_BOUND('',#11240,.T.);
#11240 = EDGE_LOOP('',(#11241,#11249,#11250,#11258));
#11241 = ORIENTED_EDGE('',*,*,#11242,.F.);
#11242 = EDGE_CURVE('',#2894,#11243,#11245,.T.);
#11243 = VERTEX_POINT('',#11244);
#11244 = CARTESIAN_POINT('',(183.,50.5,11.5));
#11245 = LINE('',#11246,#11247);
#11246 = CARTESIAN_POINT('',(183.,50.5,-2.));
#11247 = VECTOR('',#11248,1.);
#11248 = DIRECTION('',(0.,0.,1.));
#11249 = ORIENTED_EDGE('',*,*,#2893,.T.);
#11250 = ORIENTED_EDGE('',*,*,#11251,.T.);
#11251 = EDGE_CURVE('',#2896,#11252,#11254,.T.);
#11252 = VERTEX_POINT('',#11253);
#11253 = CARTESIAN_POINT('',(3.,50.5,11.5));
#11254 = LINE('',#11255,#11256);
#11255 = CARTESIAN_POINT('',(3.,50.5,-2.));
#11256 = VECTOR('',#11257,1.);
#11257 = DIRECTION('',(0.,0.,1.));
#11258 = ORIENTED_EDGE('',*,*,#11259,.T.);
#11259 = EDGE_CURVE('',#11252,#11243,#11260,.T.);
#11260 = LINE('',#11261,#11262);
#11261 = CARTESIAN_POINT('',(3.,50.5,11.5));
#11262 = VECTOR('',#11263,1.);
#11263 = DIRECTION('',(1.,0.,-0.));
#11264 = PLANE('',#11265);
#11265 = AXIS2_PLACEMENT_3D('',#11266,#11267,#11268);
#11266 = CARTESIAN_POINT('',(3.,50.5,-2.));
#11267 = DIRECTION('',(-0.,1.,0.));
#11268 = DIRECTION('',(0.,0.,1.));
#11269 = ADVANCED_FACE('',(#11270),#11288,.F.);
#11270 = FACE_BOUND('',#11271,.F.);
#11271 = EDGE_LOOP('',(#11272,#11273,#11274,#11282));
#11272 = ORIENTED_EDGE('',*,*,#11242,.F.);
#11273 = ORIENTED_EDGE('',*,*,#2919,.T.);
#11274 = ORIENTED_EDGE('',*,*,#11275,.T.);
#11275 = EDGE_CURVE('',#2912,#11276,#11278,.T.);
#11276 = VERTEX_POINT('',#11277);
#11277 = CARTESIAN_POINT('',(183.,136.5,11.5));
#11278 = LINE('',#11279,#11280);
#11279 = CARTESIAN_POINT('',(183.,136.5,-2.));
#11280 = VECTOR('',#11281,1.);
#11281 = DIRECTION('',(0.,0.,1.));
#11282 = ORIENTED_EDGE('',*,*,#11283,.F.);
#11283 = EDGE_CURVE('',#11243,#11276,#11284,.T.);
#11284 = LINE('',#11285,#11286);
#11285 = CARTESIAN_POINT('',(183.,50.5,11.5));
#11286 = VECTOR('',#11287,1.);
#11287 = DIRECTION('',(-0.,1.,0.));
#11288 = PLANE('',#11289);
#11289 = AXIS2_PLACEMENT_3D('',#11290,#11291,#11292);
#11290 = CARTESIAN_POINT('',(183.,50.5,-2.));
#11291 = DIRECTION('',(1.,0.,-0.));
#11292 = DIRECTION('',(0.,0.,1.));
#11293 = ADVANCED_FACE('',(#11294),#11312,.T.);
#11294 = FACE_BOUND('',#11295,.T.);
#11295 = EDGE_LOOP('',(#11296,#11297,#11298,#11306));
#11296 = ORIENTED_EDGE('',*,*,#11251,.F.);
#11297 = ORIENTED_EDGE('',*,*,#2903,.T.);
#11298 = ORIENTED_EDGE('',*,*,#11299,.T.);
#11299 = EDGE_CURVE('',#2904,#11300,#11302,.T.);
#11300 = VERTEX_POINT('',#11301);
#11301 = CARTESIAN_POINT('',(3.,136.5,11.5));
#11302 = LINE('',#11303,#11304);
#11303 = CARTESIAN_POINT('',(3.,136.5,-2.));
#11304 = VECTOR('',#11305,1.);
#11305 = DIRECTION('',(0.,0.,1.));
#11306 = ORIENTED_EDGE('',*,*,#11307,.F.);
#11307 = EDGE_CURVE('',#11252,#11300,#11308,.T.);
#11308 = LINE('',#11309,#11310);
#11309 = CARTESIAN_POINT('',(3.,50.5,11.5));
#11310 = VECTOR('',#11311,1.);
#11311 = DIRECTION('',(-0.,1.,0.));
#11312 = PLANE('',#11313);
#11313 = AXIS2_PLACEMENT_3D('',#11314,#11315,#11316);
#11314 = CARTESIAN_POINT('',(3.,50.5,-2.));
#11315 = DIRECTION('',(1.,0.,-0.));
#11316 = DIRECTION('',(0.,0.,1.));
#11317 = ADVANCED_FACE('',(#11318),#11345,.F.);
#11318 = FACE_BOUND('',#11319,.F.);
#11319 = EDGE_LOOP('',(#11320,#11321,#11322,#11323,#11331,#11339));
#11320 = ORIENTED_EDGE('',*,*,#11275,.F.);
#11321 = ORIENTED_EDGE('',*,*,#2911,.T.);
#11322 = ORIENTED_EDGE('',*,*,#11299,.T.);
#11323 = ORIENTED_EDGE('',*,*,#11324,.T.);
#11324 = EDGE_CURVE('',#11300,#11325,#11327,.T.);
#11325 = VERTEX_POINT('',#11326);
#11326 = CARTESIAN_POINT('',(20.,136.5,11.5));
#11327 = LINE('',#11328,#11329);
#11328 = CARTESIAN_POINT('',(3.,136.5,11.5));
#11329 = VECTOR('',#11330,1.);
#11330 = DIRECTION('',(1.,0.,-0.));
#11331 = ORIENTED_EDGE('',*,*,#11332,.T.);
#11332 = EDGE_CURVE('',#11325,#11333,#11335,.T.);
#11333 = VERTEX_POINT('',#11334);
#11334 = CARTESIAN_POINT('',(166.,136.5,11.5));
#11335 = LINE('',#11336,#11337);
#11336 = CARTESIAN_POINT('',(3.,136.5,11.5));
#11337 = VECTOR('',#11338,1.);
#11338 = DIRECTION('',(1.,0.,-0.));
#11339 = ORIENTED_EDGE('',*,*,#11340,.T.);
#11340 = EDGE_CURVE('',#11333,#11276,#11341,.T.);
#11341 = LINE('',#11342,#11343);
#11342 = CARTESIAN_POINT('',(3.,136.5,11.5));
#11343 = VECTOR('',#11344,1.);
#11344 = DIRECTION('',(1.,0.,-0.));
#11345 = PLANE('',#11346);
#11346 = AXIS2_PLACEMENT_3D('',#11347,#11348,#11349);
#11347 = CARTESIAN_POINT('',(3.,136.5,-2.));
#11348 = DIRECTION('',(-0.,1.,0.));
#11349 = DIRECTION('',(0.,0.,1.));
#11350 = ADVANCED_FACE('',(#11351),#11369,.T.);
#11351 = FACE_BOUND('',#11352,.T.);
#11352 = EDGE_LOOP('',(#11353,#11361,#11362,#11363));
#11353 = ORIENTED_EDGE('',*,*,#11354,.F.);
#11354 = EDGE_CURVE('',#521,#11355,#11357,.T.);
#11355 = VERTEX_POINT('',#11356);
#11356 = CARTESIAN_POINT('',(184.,2.,135.5));
#11357 = LINE('',#11358,#11359);
#11358 = CARTESIAN_POINT('',(-1.,2.,135.5));
#11359 = VECTOR('',#11360,1.);
#11360 = DIRECTION('',(1.,0.,-0.));
#11361 = ORIENTED_EDGE('',*,*,#2976,.F.);
#11362 = ORIENTED_EDGE('',*,*,#2951,.T.);
#11363 = ORIENTED_EDGE('',*,*,#11364,.T.);
#11364 = EDGE_CURVE('',#2952,#11355,#11365,.T.);
#11365 = LINE('',#11366,#11367);
#11366 = CARTESIAN_POINT('',(184.,-1.,135.5));
#11367 = VECTOR('',#11368,1.);
#11368 = DIRECTION('',(-0.,1.,0.));
#11369 = PLANE('',#11370);
#11370 = AXIS2_PLACEMENT_3D('',#11371,#11372,#11373);
#11371 = CARTESIAN_POINT('',(-1.,0.,135.5));
#11372 = DIRECTION('',(0.,0.,1.));
#11373 = DIRECTION('',(1.,0.,-0.));
#11374 = ADVANCED_FACE('',(#11375),#11386,.T.);
#11375 = FACE_BOUND('',#11376,.T.);
#11376 = EDGE_LOOP('',(#11377,#11383,#11384,#11385));
#11377 = ORIENTED_EDGE('',*,*,#11378,.F.);
#11378 = EDGE_CURVE('',#11355,#4294,#11379,.T.);
#11379 = LINE('',#11380,#11381);
#11380 = CARTESIAN_POINT('',(-1.,2.,135.5));
#11381 = VECTOR('',#11382,1.);
#11382 = DIRECTION('',(1.,0.,-0.));
#11383 = ORIENTED_EDGE('',*,*,#11364,.F.);
#11384 = ORIENTED_EDGE('',*,*,#2959,.T.);
#11385 = ORIENTED_EDGE('',*,*,#4303,.F.);
#11386 = PLANE('',#11387);
#11387 = AXIS2_PLACEMENT_3D('',#11388,#11389,#11390);
#11388 = CARTESIAN_POINT('',(-1.,0.,135.5));
#11389 = DIRECTION('',(0.,0.,1.));
#11390 = DIRECTION('',(1.,0.,-0.));
#11391 = ADVANCED_FACE('',(#11392,#11456,#11462,#11468,#11474,#11480,
    #11486,#11492,#11498,#11504,#11510,#11516,#11522,#11528),#11534,.T.
  );
#11392 = FACE_BOUND('',#11393,.T.);
#11393 = EDGE_LOOP('',(#11394,#11404,#11412,#11418,#11426,#11434,#11442,
    #11450));
#11394 = ORIENTED_EDGE('',*,*,#11395,.F.);
#11395 = EDGE_CURVE('',#11396,#11398,#11400,.T.);
#11396 = VERTEX_POINT('',#11397);
#11397 = CARTESIAN_POINT('',(20.,55.5,17.5));
#11398 = VERTEX_POINT('',#11399);
#11399 = CARTESIAN_POINT('',(20.,55.5,138.));
#11400 = LINE('',#11401,#11402);
#11401 = CARTESIAN_POINT('',(20.,55.5,17.5));
#11402 = VECTOR('',#11403,1.);
#11403 = DIRECTION('',(0.,0.,1.));
#11404 = ORIENTED_EDGE('',*,*,#11405,.T.);
#11405 = EDGE_CURVE('',#11396,#11406,#11408,.T.);
#11406 = VERTEX_POINT('',#11407);
#11407 = CARTESIAN_POINT('',(20.,54.,11.5));
#11408 = LINE('',#11409,#11410);
#11409 = CARTESIAN_POINT('',(20.,55.5,17.5));
#11410 = VECTOR('',#11411,1.);
#11411 = DIRECTION('',(0.,-0.242535625036,-0.970142500145));
#11412 = ORIENTED_EDGE('',*,*,#11413,.T.);
#11413 = EDGE_CURVE('',#11406,#11325,#11414,.T.);
#11414 = LINE('',#11415,#11416);
#11415 = CARTESIAN_POINT('',(20.,54.,11.5));
#11416 = VECTOR('',#11417,1.);
#11417 = DIRECTION('',(-0.,1.,0.));
#11418 = ORIENTED_EDGE('',*,*,#11419,.T.);
#11419 = EDGE_CURVE('',#11325,#11420,#11422,.T.);
#11420 = VERTEX_POINT('',#11421);
#11421 = CARTESIAN_POINT('',(20.,148.,11.5));
#11422 = LINE('',#11423,#11424);
#11423 = CARTESIAN_POINT('',(20.,54.,11.5));
#11424 = VECTOR('',#11425,1.);
#11425 = DIRECTION('',(-0.,1.,0.));
#11426 = ORIENTED_EDGE('',*,*,#11427,.T.);
#11427 = EDGE_CURVE('',#11420,#11428,#11430,.T.);
#11428 = VERTEX_POINT('',#11429);
#11429 = CARTESIAN_POINT('',(20.,148.,126.));
#11430 = LINE('',#11431,#11432);
#11431 = CARTESIAN_POINT('',(20.,148.,11.5));
#11432 = VECTOR('',#11433,1.);
#11433 = DIRECTION('',(0.,0.,1.));
#11434 = ORIENTED_EDGE('',*,*,#11435,.F.);
#11435 = EDGE_CURVE('',#11436,#11428,#11438,.T.);
#11436 = VERTEX_POINT('',#11437);
#11437 = CARTESIAN_POINT('',(20.,136.,126.));
#11438 = LINE('',#11439,#11440);
#11439 = CARTESIAN_POINT('',(20.,136.,126.));
#11440 = VECTOR('',#11441,1.);
#11441 = DIRECTION('',(-0.,1.,0.));
#11442 = ORIENTED_EDGE('',*,*,#11443,.T.);
#11443 = EDGE_CURVE('',#11436,#11444,#11446,.T.);
#11444 = VERTEX_POINT('',#11445);
#11445 = CARTESIAN_POINT('',(20.,136.,138.));
#11446 = LINE('',#11447,#11448);
#11447 = CARTESIAN_POINT('',(20.,136.,126.));
#11448 = VECTOR('',#11449,1.);
#11449 = DIRECTION('',(0.,0.,1.));
#11450 = ORIENTED_EDGE('',*,*,#11451,.F.);
#11451 = EDGE_CURVE('',#11398,#11444,#11452,.T.);
#11452 = LINE('',#11453,#11454);
#11453 = CARTESIAN_POINT('',(20.,27.,138.));
#11454 = VECTOR('',#11455,1.);
#11455 = DIRECTION('',(-0.,1.,0.));
#11456 = FACE_BOUND('',#11457,.T.);
#11457 = EDGE_LOOP('',(#11458,#11459,#11460,#11461));
#11458 = ORIENTED_EDGE('',*,*,#2999,.T.);
#11459 = ORIENTED_EDGE('',*,*,#3054,.T.);
#11460 = ORIENTED_EDGE('',*,*,#3071,.T.);
#11461 = ORIENTED_EDGE('',*,*,#3023,.T.);
#11462 = FACE_BOUND('',#11463,.T.);
#11463 = EDGE_LOOP('',(#11464,#11465,#11466,#11467));
#11464 = ORIENTED_EDGE('',*,*,#3095,.T.);
#11465 = ORIENTED_EDGE('',*,*,#3150,.T.);
#11466 = ORIENTED_EDGE('',*,*,#3167,.T.);
#11467 = ORIENTED_EDGE('',*,*,#3119,.T.);
#11468 = FACE_BOUND('',#11469,.T.);
#11469 = EDGE_LOOP('',(#11470,#11471,#11472,#11473));
#11470 = ORIENTED_EDGE('',*,*,#3191,.T.);
#11471 = ORIENTED_EDGE('',*,*,#3246,.T.);
#11472 = ORIENTED_EDGE('',*,*,#3263,.T.);
#11473 = ORIENTED_EDGE('',*,*,#3215,.T.);
#11474 = FACE_BOUND('',#11475,.T.);
#11475 = EDGE_LOOP('',(#11476,#11477,#11478,#11479));
#11476 = ORIENTED_EDGE('',*,*,#3287,.T.);
#11477 = ORIENTED_EDGE('',*,*,#3342,.T.);
#11478 = ORIENTED_EDGE('',*,*,#3359,.T.);
#11479 = ORIENTED_EDGE('',*,*,#3311,.T.);
#11480 = FACE_BOUND('',#11481,.T.);
#11481 = EDGE_LOOP('',(#11482,#11483,#11484,#11485));
#11482 = ORIENTED_EDGE('',*,*,#3863,.T.);
#11483 = ORIENTED_EDGE('',*,*,#3918,.T.);
#11484 = ORIENTED_EDGE('',*,*,#3935,.T.);
#11485 = ORIENTED_EDGE('',*,*,#3887,.T.);
#11486 = FACE_BOUND('',#11487,.T.);
#11487 = EDGE_LOOP('',(#11488,#11489,#11490,#11491));
#11488 = ORIENTED_EDGE('',*,*,#3383,.T.);
#11489 = ORIENTED_EDGE('',*,*,#3438,.T.);
#11490 = ORIENTED_EDGE('',*,*,#3455,.T.);
#11491 = ORIENTED_EDGE('',*,*,#3407,.T.);
#11492 = FACE_BOUND('',#11493,.T.);
#11493 = EDGE_LOOP('',(#11494,#11495,#11496,#11497));
#11494 = ORIENTED_EDGE('',*,*,#3479,.T.);
#11495 = ORIENTED_EDGE('',*,*,#3534,.T.);
#11496 = ORIENTED_EDGE('',*,*,#3551,.T.);
#11497 = ORIENTED_EDGE('',*,*,#3503,.T.);
#11498 = FACE_BOUND('',#11499,.T.);
#11499 = EDGE_LOOP('',(#11500,#11501,#11502,#11503));
#11500 = ORIENTED_EDGE('',*,*,#3575,.T.);
#11501 = ORIENTED_EDGE('',*,*,#3630,.T.);
#11502 = ORIENTED_EDGE('',*,*,#3647,.T.);
#11503 = ORIENTED_EDGE('',*,*,#3599,.T.);
#11504 = FACE_BOUND('',#11505,.T.);
#11505 = EDGE_LOOP('',(#11506,#11507,#11508,#11509));
#11506 = ORIENTED_EDGE('',*,*,#3671,.T.);
#11507 = ORIENTED_EDGE('',*,*,#3726,.T.);
#11508 = ORIENTED_EDGE('',*,*,#3743,.T.);
#11509 = ORIENTED_EDGE('',*,*,#3695,.T.);
#11510 = FACE_BOUND('',#11511,.T.);
#11511 = EDGE_LOOP('',(#11512,#11513,#11514,#11515));
#11512 = ORIENTED_EDGE('',*,*,#3767,.T.);
#11513 = ORIENTED_EDGE('',*,*,#3822,.T.);
#11514 = ORIENTED_EDGE('',*,*,#3839,.T.);
#11515 = ORIENTED_EDGE('',*,*,#3791,.T.);
#11516 = FACE_BOUND('',#11517,.T.);
#11517 = EDGE_LOOP('',(#11518,#11519,#11520,#11521));
#11518 = ORIENTED_EDGE('',*,*,#3959,.T.);
#11519 = ORIENTED_EDGE('',*,*,#4014,.T.);
#11520 = ORIENTED_EDGE('',*,*,#4031,.T.);
#11521 = ORIENTED_EDGE('',*,*,#3983,.T.);
#11522 = FACE_BOUND('',#11523,.T.);
#11523 = EDGE_LOOP('',(#11524,#11525,#11526,#11527));
#11524 = ORIENTED_EDGE('',*,*,#4055,.T.);
#11525 = ORIENTED_EDGE('',*,*,#4110,.T.);
#11526 = ORIENTED_EDGE('',*,*,#4127,.T.);
#11527 = ORIENTED_EDGE('',*,*,#4079,.T.);
#11528 = FACE_BOUND('',#11529,.T.);
#11529 = EDGE_LOOP('',(#11530,#11531,#11532,#11533));
#11530 = ORIENTED_EDGE('',*,*,#4151,.T.);
#11531 = ORIENTED_EDGE('',*,*,#4206,.T.);
#11532 = ORIENTED_EDGE('',*,*,#4223,.T.);
#11533 = ORIENTED_EDGE('',*,*,#4175,.T.);
#11534 = PLANE('',#11535);
#11535 = AXIS2_PLACEMENT_3D('',#11536,#11537,#11538);
#11536 = CARTESIAN_POINT('',(20.,54.,11.5));
#11537 = DIRECTION('',(1.,0.,-0.));
#11538 = DIRECTION('',(0.,0.,1.));
#11539 = ADVANCED_FACE('',(#11540),#11558,.F.);
#11540 = FACE_BOUND('',#11541,.F.);
#11541 = EDGE_LOOP('',(#11542,#11543,#11544,#11552));
#11542 = ORIENTED_EDGE('',*,*,#11354,.F.);
#11543 = ORIENTED_EDGE('',*,*,#4238,.F.);
#11544 = ORIENTED_EDGE('',*,*,#11545,.F.);
#11545 = EDGE_CURVE('',#11546,#4239,#11548,.T.);
#11546 = VERTEX_POINT('',#11547);
#11547 = CARTESIAN_POINT('',(184.,2.,138.));
#11548 = LINE('',#11549,#11550);
#11549 = CARTESIAN_POINT('',(-0.5,2.,138.));
#11550 = VECTOR('',#11551,1.);
#11551 = DIRECTION('',(-1.,-0.,0.));
#11552 = ORIENTED_EDGE('',*,*,#11553,.T.);
#11553 = EDGE_CURVE('',#11546,#11355,#11554,.T.);
#11554 = LINE('',#11555,#11556);
#11555 = CARTESIAN_POINT('',(184.,2.,135.5));
#11556 = VECTOR('',#11557,1.);
#11557 = DIRECTION('',(-0.,0.,-1.));
#11558 = PLANE('',#11559);
#11559 = AXIS2_PLACEMENT_3D('',#11560,#11561,#11562);
#11560 = CARTESIAN_POINT('',(-1.,2.,135.5));
#11561 = DIRECTION('',(-0.,1.,0.));
#11562 = DIRECTION('',(0.,0.,1.));
#11563 = ADVANCED_FACE('',(#11564,#11582,#11648),#11801,.T.);
#11564 = FACE_BOUND('',#11565,.T.);
#11565 = EDGE_LOOP('',(#11566,#11567,#11568,#11576));
#11566 = ORIENTED_EDGE('',*,*,#4255,.F.);
#11567 = ORIENTED_EDGE('',*,*,#11545,.F.);
#11568 = ORIENTED_EDGE('',*,*,#11569,.T.);
#11569 = EDGE_CURVE('',#11546,#11570,#11572,.T.);
#11570 = VERTEX_POINT('',#11571);
#11571 = CARTESIAN_POINT('',(184.,149.5,138.));
#11572 = LINE('',#11573,#11574);
#11573 = CARTESIAN_POINT('',(184.,-0.5,138.));
#11574 = VECTOR('',#11575,1.);
#11575 = DIRECTION('',(-0.,1.,0.));
#11576 = ORIENTED_EDGE('',*,*,#11577,.T.);
#11577 = EDGE_CURVE('',#11570,#4248,#11578,.T.);
#11578 = LINE('',#11579,#11580);
#11579 = CARTESIAN_POINT('',(-0.5,149.5,138.));
#11580 = VECTOR('',#11581,1.);
#11581 = DIRECTION('',(-1.,-0.,0.));
#11582 = FACE_BOUND('',#11583,.T.);
#11583 = EDGE_LOOP('',(#11584,#11594,#11602,#11610,#11618,#11626,#11634,
    #11642));
#11584 = ORIENTED_EDGE('',*,*,#11585,.T.);
#11585 = EDGE_CURVE('',#11586,#11588,#11590,.T.);
#11586 = VERTEX_POINT('',#11587);
#11587 = CARTESIAN_POINT('',(183.,3.5,138.));
#11588 = VERTEX_POINT('',#11589);
#11589 = CARTESIAN_POINT('',(171.,3.5,138.));
#11590 = LINE('',#11591,#11592);
#11591 = CARTESIAN_POINT('',(1.5,3.5,138.));
#11592 = VECTOR('',#11593,1.);
#11593 = DIRECTION('',(-1.,-0.,0.));
#11594 = ORIENTED_EDGE('',*,*,#11595,.T.);
#11595 = EDGE_CURVE('',#11588,#11596,#11598,.T.);
#11596 = VERTEX_POINT('',#11597);
#11597 = CARTESIAN_POINT('',(15.,3.5,138.));
#11598 = LINE('',#11599,#11600);
#11599 = CARTESIAN_POINT('',(1.5,3.5,138.));
#11600 = VECTOR('',#11601,1.);
#11601 = DIRECTION('',(-1.,-0.,0.));
#11602 = ORIENTED_EDGE('',*,*,#11603,.T.);
#11603 = EDGE_CURVE('',#11596,#11604,#11606,.T.);
#11604 = VERTEX_POINT('',#11605);
#11605 = CARTESIAN_POINT('',(3.,3.5,138.));
#11606 = LINE('',#11607,#11608);
#11607 = CARTESIAN_POINT('',(1.5,3.5,138.));
#11608 = VECTOR('',#11609,1.);
#11609 = DIRECTION('',(-1.,-0.,0.));
#11610 = ORIENTED_EDGE('',*,*,#11611,.T.);
#11611 = EDGE_CURVE('',#11604,#11612,#11614,.T.);
#11612 = VERTEX_POINT('',#11613);
#11613 = CARTESIAN_POINT('',(3.,15.5,138.));
#11614 = LINE('',#11615,#11616);
#11615 = CARTESIAN_POINT('',(3.,1.75,138.));
#11616 = VECTOR('',#11617,1.);
#11617 = DIRECTION('',(-0.,1.,0.));
#11618 = ORIENTED_EDGE('',*,*,#11619,.T.);
#11619 = EDGE_CURVE('',#11612,#11620,#11622,.T.);
#11620 = VERTEX_POINT('',#11621);
#11621 = CARTESIAN_POINT('',(3.,48.5,138.));
#11622 = LINE('',#11623,#11624);
#11623 = CARTESIAN_POINT('',(3.,1.75,138.));
#11624 = VECTOR('',#11625,1.);
#11625 = DIRECTION('',(-0.,1.,0.));
#11626 = ORIENTED_EDGE('',*,*,#11627,.F.);
#11627 = EDGE_CURVE('',#11628,#11620,#11630,.T.);
#11628 = VERTEX_POINT('',#11629);
#11629 = CARTESIAN_POINT('',(183.,48.5,138.));
#11630 = LINE('',#11631,#11632);
#11631 = CARTESIAN_POINT('',(1.5,48.5,138.));
#11632 = VECTOR('',#11633,1.);
#11633 = DIRECTION('',(-1.,-0.,0.));
#11634 = ORIENTED_EDGE('',*,*,#11635,.F.);
#11635 = EDGE_CURVE('',#11636,#11628,#11638,.T.);
#11636 = VERTEX_POINT('',#11637);
#11637 = CARTESIAN_POINT('',(183.,15.5,138.));
#11638 = LINE('',#11639,#11640);
#11639 = CARTESIAN_POINT('',(183.,1.75,138.));
#11640 = VECTOR('',#11641,1.);
#11641 = DIRECTION('',(-0.,1.,0.));
#11642 = ORIENTED_EDGE('',*,*,#11643,.F.);
#11643 = EDGE_CURVE('',#11586,#11636,#11644,.T.);
#11644 = LINE('',#11645,#11646);
#11645 = CARTESIAN_POINT('',(183.,1.75,138.));
#11646 = VECTOR('',#11647,1.);
#11647 = DIRECTION('',(-0.,1.,0.));
#11648 = FACE_BOUND('',#11649,.T.);
#11649 = EDGE_LOOP('',(#11650,#11660,#11668,#11676,#11684,#11692,#11700,
    #11708,#11716,#11724,#11732,#11740,#11748,#11754,#11755,#11763,
    #11771,#11779,#11787,#11795));
#11650 = ORIENTED_EDGE('',*,*,#11651,.F.);
#11651 = EDGE_CURVE('',#11652,#11654,#11656,.T.);
#11652 = VERTEX_POINT('',#11653);
#11653 = CARTESIAN_POINT('',(166.,54.,138.));
#11654 = VERTEX_POINT('',#11655);
#11655 = CARTESIAN_POINT('',(166.,55.5,138.));
#11656 = LINE('',#11657,#11658);
#11657 = CARTESIAN_POINT('',(166.,27.,138.));
#11658 = VECTOR('',#11659,1.);
#11659 = DIRECTION('',(-0.,1.,0.));
#11660 = ORIENTED_EDGE('',*,*,#11661,.T.);
#11661 = EDGE_CURVE('',#11652,#11662,#11664,.T.);
#11662 = VERTEX_POINT('',#11663);
#11663 = CARTESIAN_POINT('',(160.,54.,138.));
#11664 = LINE('',#11665,#11666);
#11665 = CARTESIAN_POINT('',(10.,54.,138.));
#11666 = VECTOR('',#11667,1.);
#11667 = DIRECTION('',(-1.,-0.,0.));
#11668 = ORIENTED_EDGE('',*,*,#11669,.T.);
#11669 = EDGE_CURVE('',#11662,#11670,#11672,.T.);
#11670 = VERTEX_POINT('',#11671);
#11671 = CARTESIAN_POINT('',(127.5,54.,138.));
#11672 = LINE('',#11673,#11674);
#11673 = CARTESIAN_POINT('',(10.,54.,138.));
#11674 = VECTOR('',#11675,1.);
#11675 = DIRECTION('',(-1.,-0.,0.));
#11676 = ORIENTED_EDGE('',*,*,#11677,.F.);
#11677 = EDGE_CURVE('',#11678,#11670,#11680,.T.);
#11678 = VERTEX_POINT('',#11679);
#11679 = CARTESIAN_POINT('',(127.5,51.5,138.));
#11680 = LINE('',#11681,#11682);
#11681 = CARTESIAN_POINT('',(127.5,25.75,138.));
#11682 = VECTOR('',#11683,1.);
#11683 = DIRECTION('',(-0.,1.,0.));
#11684 = ORIENTED_EDGE('',*,*,#11685,.T.);
#11685 = EDGE_CURVE('',#11678,#11686,#11688,.T.);
#11686 = VERTEX_POINT('',#11687);
#11687 = CARTESIAN_POINT('',(111.5,51.5,138.));
#11688 = LINE('',#11689,#11690);
#11689 = CARTESIAN_POINT('',(55.75,51.5,138.));
#11690 = VECTOR('',#11691,1.);
#11691 = DIRECTION('',(-1.,-0.,0.));
#11692 = ORIENTED_EDGE('',*,*,#11693,.T.);
#11693 = EDGE_CURVE('',#11686,#11694,#11696,.T.);
#11694 = VERTEX_POINT('',#11695);
#11695 = CARTESIAN_POINT('',(111.5,54.,138.));
#11696 = LINE('',#11697,#11698);
#11697 = CARTESIAN_POINT('',(111.5,25.75,138.));
#11698 = VECTOR('',#11699,1.);
#11699 = DIRECTION('',(-0.,1.,0.));
#11700 = ORIENTED_EDGE('',*,*,#11701,.T.);
#11701 = EDGE_CURVE('',#11694,#11702,#11704,.T.);
#11702 = VERTEX_POINT('',#11703);
#11703 = CARTESIAN_POINT('',(73.25,54.,138.));
#11704 = LINE('',#11705,#11706);
#11705 = CARTESIAN_POINT('',(10.,54.,138.));
#11706 = VECTOR('',#11707,1.);
#11707 = DIRECTION('',(-1.,-0.,0.));
#11708 = ORIENTED_EDGE('',*,*,#11709,.F.);
#11709 = EDGE_CURVE('',#11710,#11702,#11712,.T.);
#11710 = VERTEX_POINT('',#11711);
#11711 = CARTESIAN_POINT('',(73.25,51.5,138.));
#11712 = LINE('',#11713,#11714);
#11713 = CARTESIAN_POINT('',(73.25,25.75,138.));
#11714 = VECTOR('',#11715,1.);
#11715 = DIRECTION('',(-0.,1.,0.));
#11716 = ORIENTED_EDGE('',*,*,#11717,.T.);
#11717 = EDGE_CURVE('',#11710,#11718,#11720,.T.);
#11718 = VERTEX_POINT('',#11719);
#11719 = CARTESIAN_POINT('',(57.25,51.5,138.));
#11720 = LINE('',#11721,#11722);
#11721 = CARTESIAN_POINT('',(28.625,51.5,138.));
#11722 = VECTOR('',#11723,1.);
#11723 = DIRECTION('',(-1.,-0.,0.));
#11724 = ORIENTED_EDGE('',*,*,#11725,.T.);
#11725 = EDGE_CURVE('',#11718,#11726,#11728,.T.);
#11726 = VERTEX_POINT('',#11727);
#11727 = CARTESIAN_POINT('',(57.25,54.,138.));
#11728 = LINE('',#11729,#11730);
#11729 = CARTESIAN_POINT('',(57.25,25.75,138.));
#11730 = VECTOR('',#11731,1.);
#11731 = DIRECTION('',(-0.,1.,0.));
#11732 = ORIENTED_EDGE('',*,*,#11733,.T.);
#11733 = EDGE_CURVE('',#11726,#11734,#11736,.T.);
#11734 = VERTEX_POINT('',#11735);
#11735 = CARTESIAN_POINT('',(26.,54.,138.));
#11736 = LINE('',#11737,#11738);
#11737 = CARTESIAN_POINT('',(10.,54.,138.));
#11738 = VECTOR('',#11739,1.);
#11739 = DIRECTION('',(-1.,-0.,0.));
#11740 = ORIENTED_EDGE('',*,*,#11741,.T.);
#11741 = EDGE_CURVE('',#11734,#11742,#11744,.T.);
#11742 = VERTEX_POINT('',#11743);
#11743 = CARTESIAN_POINT('',(20.,54.,138.));
#11744 = LINE('',#11745,#11746);
#11745 = CARTESIAN_POINT('',(10.,54.,138.));
#11746 = VECTOR('',#11747,1.);
#11747 = DIRECTION('',(-1.,-0.,0.));
#11748 = ORIENTED_EDGE('',*,*,#11749,.T.);
#11749 = EDGE_CURVE('',#11742,#11398,#11750,.T.);
#11750 = LINE('',#11751,#11752);
#11751 = CARTESIAN_POINT('',(20.,27.,138.));
#11752 = VECTOR('',#11753,1.);
#11753 = DIRECTION('',(-0.,1.,0.));
#11754 = ORIENTED_EDGE('',*,*,#11451,.T.);
#11755 = ORIENTED_EDGE('',*,*,#11756,.T.);
#11756 = EDGE_CURVE('',#11444,#11757,#11759,.T.);
#11757 = VERTEX_POINT('',#11758);
#11758 = CARTESIAN_POINT('',(20.,148.,138.));
#11759 = LINE('',#11760,#11761);
#11760 = CARTESIAN_POINT('',(20.,27.,138.));
#11761 = VECTOR('',#11762,1.);
#11762 = DIRECTION('',(-0.,1.,0.));
#11763 = ORIENTED_EDGE('',*,*,#11764,.F.);
#11764 = EDGE_CURVE('',#11765,#11757,#11767,.T.);
#11765 = VERTEX_POINT('',#11766);
#11766 = CARTESIAN_POINT('',(32.,148.,138.));
#11767 = LINE('',#11768,#11769);
#11768 = CARTESIAN_POINT('',(10.,148.,138.));
#11769 = VECTOR('',#11770,1.);
#11770 = DIRECTION('',(-1.,-0.,0.));
#11771 = ORIENTED_EDGE('',*,*,#11772,.F.);
#11772 = EDGE_CURVE('',#11773,#11765,#11775,.T.);
#11773 = VERTEX_POINT('',#11774);
#11774 = CARTESIAN_POINT('',(154.,148.,138.));
#11775 = LINE('',#11776,#11777);
#11776 = CARTESIAN_POINT('',(10.,148.,138.));
#11777 = VECTOR('',#11778,1.);
#11778 = DIRECTION('',(-1.,-0.,0.));
#11779 = ORIENTED_EDGE('',*,*,#11780,.F.);
#11780 = EDGE_CURVE('',#11781,#11773,#11783,.T.);
#11781 = VERTEX_POINT('',#11782);
#11782 = CARTESIAN_POINT('',(166.,148.,138.));
#11783 = LINE('',#11784,#11785);
#11784 = CARTESIAN_POINT('',(10.,148.,138.));
#11785 = VECTOR('',#11786,1.);
#11786 = DIRECTION('',(-1.,-0.,0.));
#11787 = ORIENTED_EDGE('',*,*,#11788,.F.);
#11788 = EDGE_CURVE('',#11789,#11781,#11791,.T.);
#11789 = VERTEX_POINT('',#11790);
#11790 = CARTESIAN_POINT('',(166.,136.,138.));
#11791 = LINE('',#11792,#11793);
#11792 = CARTESIAN_POINT('',(166.,27.,138.));
#11793 = VECTOR('',#11794,1.);
#11794 = DIRECTION('',(-0.,1.,0.));
#11795 = ORIENTED_EDGE('',*,*,#11796,.F.);
#11796 = EDGE_CURVE('',#11654,#11789,#11797,.T.);
#11797 = LINE('',#11798,#11799);
#11798 = CARTESIAN_POINT('',(166.,27.,138.));
#11799 = VECTOR('',#11800,1.);
#11800 = DIRECTION('',(-0.,1.,0.));
#11801 = PLANE('',#11802);
#11802 = AXIS2_PLACEMENT_3D('',#11803,#11804,#11805);
#11803 = CARTESIAN_POINT('',(0.,0.,138.));
#11804 = DIRECTION('',(0.,0.,1.));
#11805 = DIRECTION('',(1.,0.,-0.));
#11806 = ADVANCED_FACE('',(#11807),#11818,.T.);
#11807 = FACE_BOUND('',#11808,.T.);
#11808 = EDGE_LOOP('',(#11809,#11810,#11811,#11812));
#11809 = ORIENTED_EDGE('',*,*,#4271,.F.);
#11810 = ORIENTED_EDGE('',*,*,#4247,.F.);
#11811 = ORIENTED_EDGE('',*,*,#11577,.F.);
#11812 = ORIENTED_EDGE('',*,*,#11813,.T.);
#11813 = EDGE_CURVE('',#11570,#4272,#11814,.T.);
#11814 = LINE('',#11815,#11816);
#11815 = CARTESIAN_POINT('',(184.,149.5,135.5));
#11816 = VECTOR('',#11817,1.);
#11817 = DIRECTION('',(-0.,0.,-1.));
#11818 = PLANE('',#11819);
#11819 = AXIS2_PLACEMENT_3D('',#11820,#11821,#11822);
#11820 = CARTESIAN_POINT('',(-1.,149.5,135.5));
#11821 = DIRECTION('',(-0.,1.,0.));
#11822 = DIRECTION('',(0.,0.,1.));
#11823 = ADVANCED_FACE('',(#11824),#11835,.T.);
#11824 = FACE_BOUND('',#11825,.T.);
#11825 = EDGE_LOOP('',(#11826,#11832,#11833,#11834));
#11826 = ORIENTED_EDGE('',*,*,#11827,.F.);
#11827 = EDGE_CURVE('',#11355,#4272,#11828,.T.);
#11828 = LINE('',#11829,#11830);
#11829 = CARTESIAN_POINT('',(184.,-1.,135.5));
#11830 = VECTOR('',#11831,1.);
#11831 = DIRECTION('',(-0.,1.,0.));
#11832 = ORIENTED_EDGE('',*,*,#11378,.T.);
#11833 = ORIENTED_EDGE('',*,*,#4293,.T.);
#11834 = ORIENTED_EDGE('',*,*,#4770,.F.);
#11835 = PLANE('',#11836);
#11836 = AXIS2_PLACEMENT_3D('',#11837,#11838,#11839);
#11837 = CARTESIAN_POINT('',(184.,-1.,135.5));
#11838 = DIRECTION('',(0.,0.,1.));
#11839 = DIRECTION('',(1.,0.,-0.));
#11840 = ADVANCED_FACE('',(#11841),#11866,.T.);
#11841 = FACE_BOUND('',#11842,.T.);
#11842 = EDGE_LOOP('',(#11843,#11853,#11859,#11860));
#11843 = ORIENTED_EDGE('',*,*,#11844,.T.);
#11844 = EDGE_CURVE('',#11845,#11847,#11849,.T.);
#11845 = VERTEX_POINT('',#11846);
#11846 = CARTESIAN_POINT('',(166.,113.,40.));
#11847 = VERTEX_POINT('',#11848);
#11848 = CARTESIAN_POINT('',(166.,122.,49.));
#11849 = LINE('',#11850,#11851);
#11850 = CARTESIAN_POINT('',(166.,95.625,22.625));
#11851 = VECTOR('',#11852,1.);
#11852 = DIRECTION('',(0.,0.707106781187,0.707106781187));
#11853 = ORIENTED_EDGE('',*,*,#11854,.T.);
#11854 = EDGE_CURVE('',#11847,#4323,#11855,.T.);
#11855 = LINE('',#11856,#11857);
#11856 = CARTESIAN_POINT('',(164.,122.,49.));
#11857 = VECTOR('',#11858,1.);
#11858 = DIRECTION('',(1.,0.,0.));
#11859 = ORIENTED_EDGE('',*,*,#4320,.F.);
#11860 = ORIENTED_EDGE('',*,*,#11861,.F.);
#11861 = EDGE_CURVE('',#11845,#4321,#11862,.T.);
#11862 = LINE('',#11863,#11864);
#11863 = CARTESIAN_POINT('',(164.,113.,40.));
#11864 = VECTOR('',#11865,1.);
#11865 = DIRECTION('',(1.,0.,0.));
#11866 = PLANE('',#11867);
#11867 = AXIS2_PLACEMENT_3D('',#11868,#11869,#11870);
#11868 = CARTESIAN_POINT('',(164.,122.,49.));
#11869 = DIRECTION('',(0.,0.707106781187,-0.707106781187));
#11870 = DIRECTION('',(0.,-0.707106781187,-0.707106781187));
#11871 = ADVANCED_FACE('',(#11872),#11890,.T.);
#11872 = FACE_BOUND('',#11873,.T.);
#11873 = EDGE_LOOP('',(#11874,#11882,#11883,#11884));
#11874 = ORIENTED_EDGE('',*,*,#11875,.T.);
#11875 = EDGE_CURVE('',#11876,#11845,#11878,.T.);
#11876 = VERTEX_POINT('',#11877);
#11877 = CARTESIAN_POINT('',(166.,122.,31.));
#11878 = LINE('',#11879,#11880);
#11879 = CARTESIAN_POINT('',(166.,105.375,47.625));
#11880 = VECTOR('',#11881,1.);
#11881 = DIRECTION('',(0.,-0.707106781187,0.707106781187));
#11882 = ORIENTED_EDGE('',*,*,#11861,.T.);
#11883 = ORIENTED_EDGE('',*,*,#4346,.F.);
#11884 = ORIENTED_EDGE('',*,*,#11885,.F.);
#11885 = EDGE_CURVE('',#11876,#4339,#11886,.T.);
#11886 = LINE('',#11887,#11888);
#11887 = CARTESIAN_POINT('',(164.,122.,31.));
#11888 = VECTOR('',#11889,1.);
#11889 = DIRECTION('',(1.,0.,0.));
#11890 = PLANE('',#11891);
#11891 = AXIS2_PLACEMENT_3D('',#11892,#11893,#11894);
#11892 = CARTESIAN_POINT('',(164.,113.,40.));
#11893 = DIRECTION('',(-0.,0.707106781187,0.707106781187));
#11894 = DIRECTION('',(0.,0.707106781187,-0.707106781187));
#11895 = ADVANCED_FACE('',(#11896),#11914,.T.);
#11896 = FACE_BOUND('',#11897,.T.);
#11897 = EDGE_LOOP('',(#11898,#11906,#11912,#11913));
#11898 = ORIENTED_EDGE('',*,*,#11899,.T.);
#11899 = EDGE_CURVE('',#11847,#11900,#11902,.T.);
#11900 = VERTEX_POINT('',#11901);
#11901 = CARTESIAN_POINT('',(166.,131.,40.));
#11902 = LINE('',#11903,#11904);
#11903 = CARTESIAN_POINT('',(166.,118.875,52.125));
#11904 = VECTOR('',#11905,1.);
#11905 = DIRECTION('',(-0.,0.707106781187,-0.707106781187));
#11906 = ORIENTED_EDGE('',*,*,#11907,.T.);
#11907 = EDGE_CURVE('',#11900,#4331,#11908,.T.);
#11908 = LINE('',#11909,#11910);
#11909 = CARTESIAN_POINT('',(164.,131.,40.));
#11910 = VECTOR('',#11911,1.);
#11911 = DIRECTION('',(1.,0.,0.));
#11912 = ORIENTED_EDGE('',*,*,#4330,.F.);
#11913 = ORIENTED_EDGE('',*,*,#11854,.F.);
#11914 = PLANE('',#11915);
#11915 = AXIS2_PLACEMENT_3D('',#11916,#11917,#11918);
#11916 = CARTESIAN_POINT('',(164.,131.,40.));
#11917 = DIRECTION('',(0.,-0.707106781187,-0.707106781187));
#11918 = DIRECTION('',(0.,-0.707106781187,0.707106781187));
#11919 = ADVANCED_FACE('',(#11920),#11931,.T.);
#11920 = FACE_BOUND('',#11921,.T.);
#11921 = EDGE_LOOP('',(#11922,#11928,#11929,#11930));
#11922 = ORIENTED_EDGE('',*,*,#11923,.T.);
#11923 = EDGE_CURVE('',#11900,#11876,#11924,.T.);
#11924 = LINE('',#11925,#11926);
#11925 = CARTESIAN_POINT('',(166.,100.125,9.125));
#11926 = VECTOR('',#11927,1.);
#11927 = DIRECTION('',(0.,-0.707106781187,-0.707106781187));
#11928 = ORIENTED_EDGE('',*,*,#11885,.T.);
#11929 = ORIENTED_EDGE('',*,*,#4338,.F.);
#11930 = ORIENTED_EDGE('',*,*,#11907,.F.);
#11931 = PLANE('',#11932);
#11932 = AXIS2_PLACEMENT_3D('',#11933,#11934,#11935);
#11933 = CARTESIAN_POINT('',(164.,122.,31.));
#11934 = DIRECTION('',(0.,-0.707106781187,0.707106781187));
#11935 = DIRECTION('',(0.,0.707106781187,0.707106781187));
#11936 = ADVANCED_FACE('',(#11937),#11962,.T.);
#11937 = FACE_BOUND('',#11938,.T.);
#11938 = EDGE_LOOP('',(#11939,#11949,#11955,#11956));
#11939 = ORIENTED_EDGE('',*,*,#11940,.T.);
#11940 = EDGE_CURVE('',#11941,#11943,#11945,.T.);
#11941 = VERTEX_POINT('',#11942);
#11942 = CARTESIAN_POINT('',(166.,113.,62.));
#11943 = VERTEX_POINT('',#11944);
#11944 = CARTESIAN_POINT('',(166.,122.,71.));
#11945 = LINE('',#11946,#11947);
#11946 = CARTESIAN_POINT('',(166.,90.125,39.125));
#11947 = VECTOR('',#11948,1.);
#11948 = DIRECTION('',(0.,0.707106781187,0.707106781187));
#11949 = ORIENTED_EDGE('',*,*,#11950,.T.);
#11950 = EDGE_CURVE('',#11943,#4357,#11951,.T.);
#11951 = LINE('',#11952,#11953);
#11952 = CARTESIAN_POINT('',(164.,122.,71.));
#11953 = VECTOR('',#11954,1.);
#11954 = DIRECTION('',(1.,0.,0.));
#11955 = ORIENTED_EDGE('',*,*,#4354,.F.);
#11956 = ORIENTED_EDGE('',*,*,#11957,.F.);
#11957 = EDGE_CURVE('',#11941,#4355,#11958,.T.);
#11958 = LINE('',#11959,#11960);
#11959 = CARTESIAN_POINT('',(164.,113.,62.));
#11960 = VECTOR('',#11961,1.);
#11961 = DIRECTION('',(1.,0.,0.));
#11962 = PLANE('',#11963);
#11963 = AXIS2_PLACEMENT_3D('',#11964,#11965,#11966);
#11964 = CARTESIAN_POINT('',(164.,122.,71.));
#11965 = DIRECTION('',(0.,0.707106781187,-0.707106781187));
#11966 = DIRECTION('',(0.,-0.707106781187,-0.707106781187));
#11967 = ADVANCED_FACE('',(#11968),#11986,.T.);
#11968 = FACE_BOUND('',#11969,.T.);
#11969 = EDGE_LOOP('',(#11970,#11978,#11979,#11980));
#11970 = ORIENTED_EDGE('',*,*,#11971,.T.);
#11971 = EDGE_CURVE('',#11972,#11941,#11974,.T.);
#11972 = VERTEX_POINT('',#11973);
#11973 = CARTESIAN_POINT('',(166.,122.,53.));
#11974 = LINE('',#11975,#11976);
#11975 = CARTESIAN_POINT('',(166.,110.875,64.125));
#11976 = VECTOR('',#11977,1.);
#11977 = DIRECTION('',(0.,-0.707106781187,0.707106781187));
#11978 = ORIENTED_EDGE('',*,*,#11957,.T.);
#11979 = ORIENTED_EDGE('',*,*,#4380,.F.);
#11980 = ORIENTED_EDGE('',*,*,#11981,.F.);
#11981 = EDGE_CURVE('',#11972,#4373,#11982,.T.);
#11982 = LINE('',#11983,#11984);
#11983 = CARTESIAN_POINT('',(164.,122.,53.));
#11984 = VECTOR('',#11985,1.);
#11985 = DIRECTION('',(1.,0.,0.));
#11986 = PLANE('',#11987);
#11987 = AXIS2_PLACEMENT_3D('',#11988,#11989,#11990);
#11988 = CARTESIAN_POINT('',(164.,113.,62.));
#11989 = DIRECTION('',(-0.,0.707106781187,0.707106781187));
#11990 = DIRECTION('',(0.,0.707106781187,-0.707106781187));
#11991 = ADVANCED_FACE('',(#11992),#12010,.T.);
#11992 = FACE_BOUND('',#11993,.T.);
#11993 = EDGE_LOOP('',(#11994,#12002,#12008,#12009));
#11994 = ORIENTED_EDGE('',*,*,#11995,.T.);
#11995 = EDGE_CURVE('',#11943,#11996,#11998,.T.);
#11996 = VERTEX_POINT('',#11997);
#11997 = CARTESIAN_POINT('',(166.,131.,62.));
#11998 = LINE('',#11999,#12000);
#11999 = CARTESIAN_POINT('',(166.,124.375,68.625));
#12000 = VECTOR('',#12001,1.);
#12001 = DIRECTION('',(-0.,0.707106781187,-0.707106781187));
#12002 = ORIENTED_EDGE('',*,*,#12003,.T.);
#12003 = EDGE_CURVE('',#11996,#4365,#12004,.T.);
#12004 = LINE('',#12005,#12006);
#12005 = CARTESIAN_POINT('',(164.,131.,62.));
#12006 = VECTOR('',#12007,1.);
#12007 = DIRECTION('',(1.,0.,0.));
#12008 = ORIENTED_EDGE('',*,*,#4364,.F.);
#12009 = ORIENTED_EDGE('',*,*,#11950,.F.);
#12010 = PLANE('',#12011);
#12011 = AXIS2_PLACEMENT_3D('',#12012,#12013,#12014);
#12012 = CARTESIAN_POINT('',(164.,131.,62.));
#12013 = DIRECTION('',(0.,-0.707106781187,-0.707106781187));
#12014 = DIRECTION('',(0.,-0.707106781187,0.707106781187));
#12015 = ADVANCED_FACE('',(#12016),#12027,.T.);
#12016 = FACE_BOUND('',#12017,.T.);
#12017 = EDGE_LOOP('',(#12018,#12024,#12025,#12026));
#12018 = ORIENTED_EDGE('',*,*,#12019,.T.);
#12019 = EDGE_CURVE('',#11996,#11972,#12020,.T.);
#12020 = LINE('',#12021,#12022);
#12021 = CARTESIAN_POINT('',(166.,94.625,25.625));
#12022 = VECTOR('',#12023,1.);
#12023 = DIRECTION('',(0.,-0.707106781187,-0.707106781187));
#12024 = ORIENTED_EDGE('',*,*,#11981,.T.);
#12025 = ORIENTED_EDGE('',*,*,#4372,.F.);
#12026 = ORIENTED_EDGE('',*,*,#12003,.F.);
#12027 = PLANE('',#12028);
#12028 = AXIS2_PLACEMENT_3D('',#12029,#12030,#12031);
#12029 = CARTESIAN_POINT('',(164.,122.,53.));
#12030 = DIRECTION('',(0.,-0.707106781187,0.707106781187));
#12031 = DIRECTION('',(0.,0.707106781187,0.707106781187));
#12032 = ADVANCED_FACE('',(#12033),#12058,.T.);
#12033 = FACE_BOUND('',#12034,.T.);
#12034 = EDGE_LOOP('',(#12035,#12045,#12051,#12052));
#12035 = ORIENTED_EDGE('',*,*,#12036,.T.);
#12036 = EDGE_CURVE('',#12037,#12039,#12041,.T.);
#12037 = VERTEX_POINT('',#12038);
#12038 = CARTESIAN_POINT('',(166.,113.,84.));
#12039 = VERTEX_POINT('',#12040);
#12040 = CARTESIAN_POINT('',(166.,122.,93.));
#12041 = LINE('',#12042,#12043);
#12042 = CARTESIAN_POINT('',(166.,84.625,55.625));
#12043 = VECTOR('',#12044,1.);
#12044 = DIRECTION('',(0.,0.707106781187,0.707106781187));
#12045 = ORIENTED_EDGE('',*,*,#12046,.T.);
#12046 = EDGE_CURVE('',#12039,#4391,#12047,.T.);
#12047 = LINE('',#12048,#12049);
#12048 = CARTESIAN_POINT('',(164.,122.,93.));
#12049 = VECTOR('',#12050,1.);
#12050 = DIRECTION('',(1.,0.,0.));
#12051 = ORIENTED_EDGE('',*,*,#4388,.F.);
#12052 = ORIENTED_EDGE('',*,*,#12053,.F.);
#12053 = EDGE_CURVE('',#12037,#4389,#12054,.T.);
#12054 = LINE('',#12055,#12056);
#12055 = CARTESIAN_POINT('',(164.,113.,84.));
#12056 = VECTOR('',#12057,1.);
#12057 = DIRECTION('',(1.,0.,0.));
#12058 = PLANE('',#12059);
#12059 = AXIS2_PLACEMENT_3D('',#12060,#12061,#12062);
#12060 = CARTESIAN_POINT('',(164.,122.,93.));
#12061 = DIRECTION('',(0.,0.707106781187,-0.707106781187));
#12062 = DIRECTION('',(0.,-0.707106781187,-0.707106781187));
#12063 = ADVANCED_FACE('',(#12064),#12082,.T.);
#12064 = FACE_BOUND('',#12065,.T.);
#12065 = EDGE_LOOP('',(#12066,#12074,#12075,#12076));
#12066 = ORIENTED_EDGE('',*,*,#12067,.T.);
#12067 = EDGE_CURVE('',#12068,#12037,#12070,.T.);
#12068 = VERTEX_POINT('',#12069);
#12069 = CARTESIAN_POINT('',(166.,122.,75.));
#12070 = LINE('',#12071,#12072);
#12071 = CARTESIAN_POINT('',(166.,116.375,80.625));
#12072 = VECTOR('',#12073,1.);
#12073 = DIRECTION('',(0.,-0.707106781187,0.707106781187));
#12074 = ORIENTED_EDGE('',*,*,#12053,.T.);
#12075 = ORIENTED_EDGE('',*,*,#4414,.F.);
#12076 = ORIENTED_EDGE('',*,*,#12077,.F.);
#12077 = EDGE_CURVE('',#12068,#4407,#12078,.T.);
#12078 = LINE('',#12079,#12080);
#12079 = CARTESIAN_POINT('',(164.,122.,75.));
#12080 = VECTOR('',#12081,1.);
#12081 = DIRECTION('',(1.,0.,0.));
#12082 = PLANE('',#12083);
#12083 = AXIS2_PLACEMENT_3D('',#12084,#12085,#12086);
#12084 = CARTESIAN_POINT('',(164.,113.,84.));
#12085 = DIRECTION('',(-0.,0.707106781187,0.707106781187));
#12086 = DIRECTION('',(0.,0.707106781187,-0.707106781187));
#12087 = ADVANCED_FACE('',(#12088),#12106,.T.);
#12088 = FACE_BOUND('',#12089,.T.);
#12089 = EDGE_LOOP('',(#12090,#12098,#12104,#12105));
#12090 = ORIENTED_EDGE('',*,*,#12091,.T.);
#12091 = EDGE_CURVE('',#12039,#12092,#12094,.T.);
#12092 = VERTEX_POINT('',#12093);
#12093 = CARTESIAN_POINT('',(166.,131.,84.));
#12094 = LINE('',#12095,#12096);
#12095 = CARTESIAN_POINT('',(166.,129.875,85.125));
#12096 = VECTOR('',#12097,1.);
#12097 = DIRECTION('',(-0.,0.707106781187,-0.707106781187));
#12098 = ORIENTED_EDGE('',*,*,#12099,.T.);
#12099 = EDGE_CURVE('',#12092,#4399,#12100,.T.);
#12100 = LINE('',#12101,#12102);
#12101 = CARTESIAN_POINT('',(164.,131.,84.));
#12102 = VECTOR('',#12103,1.);
#12103 = DIRECTION('',(1.,0.,0.));
#12104 = ORIENTED_EDGE('',*,*,#4398,.F.);
#12105 = ORIENTED_EDGE('',*,*,#12046,.F.);
#12106 = PLANE('',#12107);
#12107 = AXIS2_PLACEMENT_3D('',#12108,#12109,#12110);
#12108 = CARTESIAN_POINT('',(164.,131.,84.));
#12109 = DIRECTION('',(0.,-0.707106781187,-0.707106781187));
#12110 = DIRECTION('',(0.,-0.707106781187,0.707106781187));
#12111 = ADVANCED_FACE('',(#12112),#12123,.T.);
#12112 = FACE_BOUND('',#12113,.T.);
#12113 = EDGE_LOOP('',(#12114,#12120,#12121,#12122));
#12114 = ORIENTED_EDGE('',*,*,#12115,.T.);
#12115 = EDGE_CURVE('',#12092,#12068,#12116,.T.);
#12116 = LINE('',#12117,#12118);
#12117 = CARTESIAN_POINT('',(166.,89.125,42.125));
#12118 = VECTOR('',#12119,1.);
#12119 = DIRECTION('',(0.,-0.707106781187,-0.707106781187));
#12120 = ORIENTED_EDGE('',*,*,#12077,.T.);
#12121 = ORIENTED_EDGE('',*,*,#4406,.F.);
#12122 = ORIENTED_EDGE('',*,*,#12099,.F.);
#12123 = PLANE('',#12124);
#12124 = AXIS2_PLACEMENT_3D('',#12125,#12126,#12127);
#12125 = CARTESIAN_POINT('',(164.,122.,75.));
#12126 = DIRECTION('',(0.,-0.707106781187,0.707106781187));
#12127 = DIRECTION('',(0.,0.707106781187,0.707106781187));
#12128 = ADVANCED_FACE('',(#12129),#12154,.T.);
#12129 = FACE_BOUND('',#12130,.T.);
#12130 = EDGE_LOOP('',(#12131,#12141,#12147,#12148));
#12131 = ORIENTED_EDGE('',*,*,#12132,.T.);
#12132 = EDGE_CURVE('',#12133,#12135,#12137,.T.);
#12133 = VERTEX_POINT('',#12134);
#12134 = CARTESIAN_POINT('',(166.,113.,106.));
#12135 = VERTEX_POINT('',#12136);
#12136 = CARTESIAN_POINT('',(166.,122.,115.));
#12137 = LINE('',#12138,#12139);
#12138 = CARTESIAN_POINT('',(166.,79.125,72.125));
#12139 = VECTOR('',#12140,1.);
#12140 = DIRECTION('',(0.,0.707106781187,0.707106781187));
#12141 = ORIENTED_EDGE('',*,*,#12142,.T.);
#12142 = EDGE_CURVE('',#12135,#4425,#12143,.T.);
#12143 = LINE('',#12144,#12145);
#12144 = CARTESIAN_POINT('',(164.,122.,115.));
#12145 = VECTOR('',#12146,1.);
#12146 = DIRECTION('',(1.,0.,0.));
#12147 = ORIENTED_EDGE('',*,*,#4422,.F.);
#12148 = ORIENTED_EDGE('',*,*,#12149,.F.);
#12149 = EDGE_CURVE('',#12133,#4423,#12150,.T.);
#12150 = LINE('',#12151,#12152);
#12151 = CARTESIAN_POINT('',(164.,113.,106.));
#12152 = VECTOR('',#12153,1.);
#12153 = DIRECTION('',(1.,0.,0.));
#12154 = PLANE('',#12155);
#12155 = AXIS2_PLACEMENT_3D('',#12156,#12157,#12158);
#12156 = CARTESIAN_POINT('',(164.,122.,115.));
#12157 = DIRECTION('',(0.,0.707106781187,-0.707106781187));
#12158 = DIRECTION('',(0.,-0.707106781187,-0.707106781187));
#12159 = ADVANCED_FACE('',(#12160),#12178,.T.);
#12160 = FACE_BOUND('',#12161,.T.);
#12161 = EDGE_LOOP('',(#12162,#12170,#12171,#12172));
#12162 = ORIENTED_EDGE('',*,*,#12163,.T.);
#12163 = EDGE_CURVE('',#12164,#12133,#12166,.T.);
#12164 = VERTEX_POINT('',#12165);
#12165 = CARTESIAN_POINT('',(166.,122.,97.));
#12166 = LINE('',#12167,#12168);
#12167 = CARTESIAN_POINT('',(166.,121.875,97.125));
#12168 = VECTOR('',#12169,1.);
#12169 = DIRECTION('',(0.,-0.707106781187,0.707106781187));
#12170 = ORIENTED_EDGE('',*,*,#12149,.T.);
#12171 = ORIENTED_EDGE('',*,*,#4448,.F.);
#12172 = ORIENTED_EDGE('',*,*,#12173,.F.);
#12173 = EDGE_CURVE('',#12164,#4441,#12174,.T.);
#12174 = LINE('',#12175,#12176);
#12175 = CARTESIAN_POINT('',(164.,122.,97.));
#12176 = VECTOR('',#12177,1.);
#12177 = DIRECTION('',(1.,0.,0.));
#12178 = PLANE('',#12179);
#12179 = AXIS2_PLACEMENT_3D('',#12180,#12181,#12182);
#12180 = CARTESIAN_POINT('',(164.,113.,106.));
#12181 = DIRECTION('',(-0.,0.707106781187,0.707106781187));
#12182 = DIRECTION('',(0.,0.707106781187,-0.707106781187));
#12183 = ADVANCED_FACE('',(#12184),#12202,.T.);
#12184 = FACE_BOUND('',#12185,.T.);
#12185 = EDGE_LOOP('',(#12186,#12194,#12200,#12201));
#12186 = ORIENTED_EDGE('',*,*,#12187,.T.);
#12187 = EDGE_CURVE('',#12135,#12188,#12190,.T.);
#12188 = VERTEX_POINT('',#12189);
#12189 = CARTESIAN_POINT('',(166.,131.,106.));
#12190 = LINE('',#12191,#12192);
#12191 = CARTESIAN_POINT('',(166.,135.375,101.625));
#12192 = VECTOR('',#12193,1.);
#12193 = DIRECTION('',(-0.,0.707106781187,-0.707106781187));
#12194 = ORIENTED_EDGE('',*,*,#12195,.T.);
#12195 = EDGE_CURVE('',#12188,#4433,#12196,.T.);
#12196 = LINE('',#12197,#12198);
#12197 = CARTESIAN_POINT('',(164.,131.,106.));
#12198 = VECTOR('',#12199,1.);
#12199 = DIRECTION('',(1.,0.,0.));
#12200 = ORIENTED_EDGE('',*,*,#4432,.F.);
#12201 = ORIENTED_EDGE('',*,*,#12142,.F.);
#12202 = PLANE('',#12203);
#12203 = AXIS2_PLACEMENT_3D('',#12204,#12205,#12206);
#12204 = CARTESIAN_POINT('',(164.,131.,106.));
#12205 = DIRECTION('',(0.,-0.707106781187,-0.707106781187));
#12206 = DIRECTION('',(0.,-0.707106781187,0.707106781187));
#12207 = ADVANCED_FACE('',(#12208),#12219,.T.);
#12208 = FACE_BOUND('',#12209,.T.);
#12209 = EDGE_LOOP('',(#12210,#12216,#12217,#12218));
#12210 = ORIENTED_EDGE('',*,*,#12211,.T.);
#12211 = EDGE_CURVE('',#12188,#12164,#12212,.T.);
#12212 = LINE('',#12213,#12214);
#12213 = CARTESIAN_POINT('',(166.,83.625,58.625));
#12214 = VECTOR('',#12215,1.);
#12215 = DIRECTION('',(0.,-0.707106781187,-0.707106781187));
#12216 = ORIENTED_EDGE('',*,*,#12173,.T.);
#12217 = ORIENTED_EDGE('',*,*,#4440,.F.);
#12218 = ORIENTED_EDGE('',*,*,#12195,.F.);
#12219 = PLANE('',#12220);
#12220 = AXIS2_PLACEMENT_3D('',#12221,#12222,#12223);
#12221 = CARTESIAN_POINT('',(164.,122.,97.));
#12222 = DIRECTION('',(0.,-0.707106781187,0.707106781187));
#12223 = DIRECTION('',(0.,0.707106781187,0.707106781187));
#12224 = ADVANCED_FACE('',(#12225),#12250,.T.);
#12225 = FACE_BOUND('',#12226,.T.);
#12226 = EDGE_LOOP('',(#12227,#12237,#12243,#12244));
#12227 = ORIENTED_EDGE('',*,*,#12228,.T.);
#12228 = EDGE_CURVE('',#12229,#12231,#12233,.T.);
#12229 = VERTEX_POINT('',#12230);
#12230 = CARTESIAN_POINT('',(166.,91.,29.));
#12231 = VERTEX_POINT('',#12232);
#12232 = CARTESIAN_POINT('',(166.,100.,38.));
#12233 = LINE('',#12234,#12235);
#12234 = CARTESIAN_POINT('',(166.,81.875,19.875));
#12235 = VECTOR('',#12236,1.);
#12236 = DIRECTION('',(0.,0.707106781187,0.707106781187));
#12237 = ORIENTED_EDGE('',*,*,#12238,.T.);
#12238 = EDGE_CURVE('',#12231,#4459,#12239,.T.);
#12239 = LINE('',#12240,#12241);
#12240 = CARTESIAN_POINT('',(164.,100.,38.));
#12241 = VECTOR('',#12242,1.);
#12242 = DIRECTION('',(1.,0.,0.));
#12243 = ORIENTED_EDGE('',*,*,#4456,.F.);
#12244 = ORIENTED_EDGE('',*,*,#12245,.F.);
#12245 = EDGE_CURVE('',#12229,#4457,#12246,.T.);
#12246 = LINE('',#12247,#12248);
#12247 = CARTESIAN_POINT('',(164.,91.,29.));
#12248 = VECTOR('',#12249,1.);
#12249 = DIRECTION('',(1.,0.,0.));
#12250 = PLANE('',#12251);
#12251 = AXIS2_PLACEMENT_3D('',#12252,#12253,#12254);
#12252 = CARTESIAN_POINT('',(164.,100.,38.));
#12253 = DIRECTION('',(0.,0.707106781187,-0.707106781187));
#12254 = DIRECTION('',(0.,-0.707106781187,-0.707106781187));
#12255 = ADVANCED_FACE('',(#12256),#12274,.T.);
#12256 = FACE_BOUND('',#12257,.T.);
#12257 = EDGE_LOOP('',(#12258,#12266,#12267,#12268));
#12258 = ORIENTED_EDGE('',*,*,#12259,.T.);
#12259 = EDGE_CURVE('',#12260,#12229,#12262,.T.);
#12260 = VERTEX_POINT('',#12261);
#12261 = CARTESIAN_POINT('',(166.,100.,20.));
#12262 = LINE('',#12263,#12264);
#12263 = CARTESIAN_POINT('',(166.,86.125,33.875));
#12264 = VECTOR('',#12265,1.);
#12265 = DIRECTION('',(0.,-0.707106781187,0.707106781187));
#12266 = ORIENTED_EDGE('',*,*,#12245,.T.);
#12267 = ORIENTED_EDGE('',*,*,#4482,.F.);
#12268 = ORIENTED_EDGE('',*,*,#12269,.F.);
#12269 = EDGE_CURVE('',#12260,#4475,#12270,.T.);
#12270 = LINE('',#12271,#12272);
#12271 = CARTESIAN_POINT('',(164.,100.,20.));
#12272 = VECTOR('',#12273,1.);
#12273 = DIRECTION('',(1.,0.,0.));
#12274 = PLANE('',#12275);
#12275 = AXIS2_PLACEMENT_3D('',#12276,#12277,#12278);
#12276 = CARTESIAN_POINT('',(164.,91.,29.));
#12277 = DIRECTION('',(-0.,0.707106781187,0.707106781187));
#12278 = DIRECTION('',(0.,0.707106781187,-0.707106781187));
#12279 = ADVANCED_FACE('',(#12280),#12298,.T.);
#12280 = FACE_BOUND('',#12281,.T.);
#12281 = EDGE_LOOP('',(#12282,#12290,#12296,#12297));
#12282 = ORIENTED_EDGE('',*,*,#12283,.T.);
#12283 = EDGE_CURVE('',#12231,#12284,#12286,.T.);
#12284 = VERTEX_POINT('',#12285);
#12285 = CARTESIAN_POINT('',(166.,109.,29.));
#12286 = LINE('',#12287,#12288);
#12287 = CARTESIAN_POINT('',(166.,99.625,38.375));
#12288 = VECTOR('',#12289,1.);
#12289 = DIRECTION('',(-0.,0.707106781187,-0.707106781187));
#12290 = ORIENTED_EDGE('',*,*,#12291,.T.);
#12291 = EDGE_CURVE('',#12284,#4467,#12292,.T.);
#12292 = LINE('',#12293,#12294);
#12293 = CARTESIAN_POINT('',(164.,109.,29.));
#12294 = VECTOR('',#12295,1.);
#12295 = DIRECTION('',(1.,0.,0.));
#12296 = ORIENTED_EDGE('',*,*,#4466,.F.);
#12297 = ORIENTED_EDGE('',*,*,#12238,.F.);
#12298 = PLANE('',#12299);
#12299 = AXIS2_PLACEMENT_3D('',#12300,#12301,#12302);
#12300 = CARTESIAN_POINT('',(164.,109.,29.));
#12301 = DIRECTION('',(0.,-0.707106781187,-0.707106781187));
#12302 = DIRECTION('',(0.,-0.707106781187,0.707106781187));
#12303 = ADVANCED_FACE('',(#12304),#12315,.T.);
#12304 = FACE_BOUND('',#12305,.T.);
#12305 = EDGE_LOOP('',(#12306,#12312,#12313,#12314));
#12306 = ORIENTED_EDGE('',*,*,#12307,.T.);
#12307 = EDGE_CURVE('',#12284,#12260,#12308,.T.);
#12308 = LINE('',#12309,#12310);
#12309 = CARTESIAN_POINT('',(166.,86.375,6.375));
#12310 = VECTOR('',#12311,1.);
#12311 = DIRECTION('',(0.,-0.707106781187,-0.707106781187));
#12312 = ORIENTED_EDGE('',*,*,#12269,.T.);
#12313 = ORIENTED_EDGE('',*,*,#4474,.F.);
#12314 = ORIENTED_EDGE('',*,*,#12291,.F.);
#12315 = PLANE('',#12316);
#12316 = AXIS2_PLACEMENT_3D('',#12317,#12318,#12319);
#12317 = CARTESIAN_POINT('',(164.,100.,20.));
#12318 = DIRECTION('',(0.,-0.707106781187,0.707106781187));
#12319 = DIRECTION('',(0.,0.707106781187,0.707106781187));
#12320 = ADVANCED_FACE('',(#12321),#12346,.T.);
#12321 = FACE_BOUND('',#12322,.T.);
#12322 = EDGE_LOOP('',(#12323,#12333,#12339,#12340));
#12323 = ORIENTED_EDGE('',*,*,#12324,.T.);
#12324 = EDGE_CURVE('',#12325,#12327,#12329,.T.);
#12325 = VERTEX_POINT('',#12326);
#12326 = CARTESIAN_POINT('',(166.,91.,51.));
#12327 = VERTEX_POINT('',#12328);
#12328 = CARTESIAN_POINT('',(166.,100.,60.));
#12329 = LINE('',#12330,#12331);
#12330 = CARTESIAN_POINT('',(166.,76.375,36.375));
#12331 = VECTOR('',#12332,1.);
#12332 = DIRECTION('',(0.,0.707106781187,0.707106781187));
#12333 = ORIENTED_EDGE('',*,*,#12334,.T.);
#12334 = EDGE_CURVE('',#12327,#4493,#12335,.T.);
#12335 = LINE('',#12336,#12337);
#12336 = CARTESIAN_POINT('',(164.,100.,60.));
#12337 = VECTOR('',#12338,1.);
#12338 = DIRECTION('',(1.,0.,0.));
#12339 = ORIENTED_EDGE('',*,*,#4490,.F.);
#12340 = ORIENTED_EDGE('',*,*,#12341,.F.);
#12341 = EDGE_CURVE('',#12325,#4491,#12342,.T.);
#12342 = LINE('',#12343,#12344);
#12343 = CARTESIAN_POINT('',(164.,91.,51.));
#12344 = VECTOR('',#12345,1.);
#12345 = DIRECTION('',(1.,0.,0.));
#12346 = PLANE('',#12347);
#12347 = AXIS2_PLACEMENT_3D('',#12348,#12349,#12350);
#12348 = CARTESIAN_POINT('',(164.,100.,60.));
#12349 = DIRECTION('',(0.,0.707106781187,-0.707106781187));
#12350 = DIRECTION('',(0.,-0.707106781187,-0.707106781187));
#12351 = ADVANCED_FACE('',(#12352),#12370,.T.);
#12352 = FACE_BOUND('',#12353,.T.);
#12353 = EDGE_LOOP('',(#12354,#12362,#12363,#12364));
#12354 = ORIENTED_EDGE('',*,*,#12355,.T.);
#12355 = EDGE_CURVE('',#12356,#12325,#12358,.T.);
#12356 = VERTEX_POINT('',#12357);
#12357 = CARTESIAN_POINT('',(166.,100.,42.));
#12358 = LINE('',#12359,#12360);
#12359 = CARTESIAN_POINT('',(166.,91.625,50.375));
#12360 = VECTOR('',#12361,1.);
#12361 = DIRECTION('',(0.,-0.707106781187,0.707106781187));
#12362 = ORIENTED_EDGE('',*,*,#12341,.T.);
#12363 = ORIENTED_EDGE('',*,*,#4516,.F.);
#12364 = ORIENTED_EDGE('',*,*,#12365,.F.);
#12365 = EDGE_CURVE('',#12356,#4509,#12366,.T.);
#12366 = LINE('',#12367,#12368);
#12367 = CARTESIAN_POINT('',(164.,100.,42.));
#12368 = VECTOR('',#12369,1.);
#12369 = DIRECTION('',(1.,0.,0.));
#12370 = PLANE('',#12371);
#12371 = AXIS2_PLACEMENT_3D('',#12372,#12373,#12374);
#12372 = CARTESIAN_POINT('',(164.,91.,51.));
#12373 = DIRECTION('',(-0.,0.707106781187,0.707106781187));
#12374 = DIRECTION('',(0.,0.707106781187,-0.707106781187));
#12375 = ADVANCED_FACE('',(#12376),#12394,.T.);
#12376 = FACE_BOUND('',#12377,.T.);
#12377 = EDGE_LOOP('',(#12378,#12386,#12392,#12393));
#12378 = ORIENTED_EDGE('',*,*,#12379,.T.);
#12379 = EDGE_CURVE('',#12327,#12380,#12382,.T.);
#12380 = VERTEX_POINT('',#12381);
#12381 = CARTESIAN_POINT('',(166.,109.,51.));
#12382 = LINE('',#12383,#12384);
#12383 = CARTESIAN_POINT('',(166.,105.125,54.875));
#12384 = VECTOR('',#12385,1.);
#12385 = DIRECTION('',(-0.,0.707106781187,-0.707106781187));
#12386 = ORIENTED_EDGE('',*,*,#12387,.T.);
#12387 = EDGE_CURVE('',#12380,#4501,#12388,.T.);
#12388 = LINE('',#12389,#12390);
#12389 = CARTESIAN_POINT('',(164.,109.,51.));
#12390 = VECTOR('',#12391,1.);
#12391 = DIRECTION('',(1.,0.,0.));
#12392 = ORIENTED_EDGE('',*,*,#4500,.F.);
#12393 = ORIENTED_EDGE('',*,*,#12334,.F.);
#12394 = PLANE('',#12395);
#12395 = AXIS2_PLACEMENT_3D('',#12396,#12397,#12398);
#12396 = CARTESIAN_POINT('',(164.,109.,51.));
#12397 = DIRECTION('',(0.,-0.707106781187,-0.707106781187));
#12398 = DIRECTION('',(0.,-0.707106781187,0.707106781187));
#12399 = ADVANCED_FACE('',(#12400),#12411,.T.);
#12400 = FACE_BOUND('',#12401,.T.);
#12401 = EDGE_LOOP('',(#12402,#12408,#12409,#12410));
#12402 = ORIENTED_EDGE('',*,*,#12403,.T.);
#12403 = EDGE_CURVE('',#12380,#12356,#12404,.T.);
#12404 = LINE('',#12405,#12406);
#12405 = CARTESIAN_POINT('',(166.,80.875,22.875));
#12406 = VECTOR('',#12407,1.);
#12407 = DIRECTION('',(0.,-0.707106781187,-0.707106781187));
#12408 = ORIENTED_EDGE('',*,*,#12365,.T.);
#12409 = ORIENTED_EDGE('',*,*,#4508,.F.);
#12410 = ORIENTED_EDGE('',*,*,#12387,.F.);
#12411 = PLANE('',#12412);
#12412 = AXIS2_PLACEMENT_3D('',#12413,#12414,#12415);
#12413 = CARTESIAN_POINT('',(164.,100.,42.));
#12414 = DIRECTION('',(0.,-0.707106781187,0.707106781187));
#12415 = DIRECTION('',(0.,0.707106781187,0.707106781187));
#12416 = ADVANCED_FACE('',(#12417),#12442,.T.);
#12417 = FACE_BOUND('',#12418,.T.);
#12418 = EDGE_LOOP('',(#12419,#12429,#12435,#12436));
#12419 = ORIENTED_EDGE('',*,*,#12420,.T.);
#12420 = EDGE_CURVE('',#12421,#12423,#12425,.T.);
#12421 = VERTEX_POINT('',#12422);
#12422 = CARTESIAN_POINT('',(166.,69.,40.));
#12423 = VERTEX_POINT('',#12424);
#12424 = CARTESIAN_POINT('',(166.,78.,49.));
#12425 = LINE('',#12426,#12427);
#12426 = CARTESIAN_POINT('',(166.,62.625,33.625));
#12427 = VECTOR('',#12428,1.);
#12428 = DIRECTION('',(0.,0.707106781187,0.707106781187));
#12429 = ORIENTED_EDGE('',*,*,#12430,.T.);
#12430 = EDGE_CURVE('',#12423,#4527,#12431,.T.);
#12431 = LINE('',#12432,#12433);
#12432 = CARTESIAN_POINT('',(164.,78.,49.));
#12433 = VECTOR('',#12434,1.);
#12434 = DIRECTION('',(1.,0.,0.));
#12435 = ORIENTED_EDGE('',*,*,#4524,.F.);
#12436 = ORIENTED_EDGE('',*,*,#12437,.F.);
#12437 = EDGE_CURVE('',#12421,#4525,#12438,.T.);
#12438 = LINE('',#12439,#12440);
#12439 = CARTESIAN_POINT('',(164.,69.,40.));
#12440 = VECTOR('',#12441,1.);
#12441 = DIRECTION('',(1.,0.,0.));
#12442 = PLANE('',#12443);
#12443 = AXIS2_PLACEMENT_3D('',#12444,#12445,#12446);
#12444 = CARTESIAN_POINT('',(164.,78.,49.));
#12445 = DIRECTION('',(0.,0.707106781187,-0.707106781187));
#12446 = DIRECTION('',(0.,-0.707106781187,-0.707106781187));
#12447 = ADVANCED_FACE('',(#12448),#12466,.T.);
#12448 = FACE_BOUND('',#12449,.T.);
#12449 = EDGE_LOOP('',(#12450,#12458,#12459,#12460));
#12450 = ORIENTED_EDGE('',*,*,#12451,.T.);
#12451 = EDGE_CURVE('',#12452,#12421,#12454,.T.);
#12452 = VERTEX_POINT('',#12453);
#12453 = CARTESIAN_POINT('',(166.,78.,31.));
#12454 = LINE('',#12455,#12456);
#12455 = CARTESIAN_POINT('',(166.,72.375,36.625));
#12456 = VECTOR('',#12457,1.);
#12457 = DIRECTION('',(0.,-0.707106781187,0.707106781187));
#12458 = ORIENTED_EDGE('',*,*,#12437,.T.);
#12459 = ORIENTED_EDGE('',*,*,#4550,.F.);
#12460 = ORIENTED_EDGE('',*,*,#12461,.F.);
#12461 = EDGE_CURVE('',#12452,#4543,#12462,.T.);
#12462 = LINE('',#12463,#12464);
#12463 = CARTESIAN_POINT('',(164.,78.,31.));
#12464 = VECTOR('',#12465,1.);
#12465 = DIRECTION('',(1.,0.,0.));
#12466 = PLANE('',#12467);
#12467 = AXIS2_PLACEMENT_3D('',#12468,#12469,#12470);
#12468 = CARTESIAN_POINT('',(164.,69.,40.));
#12469 = DIRECTION('',(-0.,0.707106781187,0.707106781187));
#12470 = DIRECTION('',(0.,0.707106781187,-0.707106781187));
#12471 = ADVANCED_FACE('',(#12472),#12490,.T.);
#12472 = FACE_BOUND('',#12473,.T.);
#12473 = EDGE_LOOP('',(#12474,#12482,#12488,#12489));
#12474 = ORIENTED_EDGE('',*,*,#12475,.T.);
#12475 = EDGE_CURVE('',#12423,#12476,#12478,.T.);
#12476 = VERTEX_POINT('',#12477);
#12477 = CARTESIAN_POINT('',(166.,87.,40.));
#12478 = LINE('',#12479,#12480);
#12479 = CARTESIAN_POINT('',(166.,85.875,41.125));
#12480 = VECTOR('',#12481,1.);
#12481 = DIRECTION('',(-0.,0.707106781187,-0.707106781187));
#12482 = ORIENTED_EDGE('',*,*,#12483,.T.);
#12483 = EDGE_CURVE('',#12476,#4535,#12484,.T.);
#12484 = LINE('',#12485,#12486);
#12485 = CARTESIAN_POINT('',(164.,87.,40.));
#12486 = VECTOR('',#12487,1.);
#12487 = DIRECTION('',(1.,0.,0.));
#12488 = ORIENTED_EDGE('',*,*,#4534,.F.);
#12489 = ORIENTED_EDGE('',*,*,#12430,.F.);
#12490 = PLANE('',#12491);
#12491 = AXIS2_PLACEMENT_3D('',#12492,#12493,#12494);
#12492 = CARTESIAN_POINT('',(164.,87.,40.));
#12493 = DIRECTION('',(0.,-0.707106781187,-0.707106781187));
#12494 = DIRECTION('',(0.,-0.707106781187,0.707106781187));
#12495 = ADVANCED_FACE('',(#12496),#12507,.T.);
#12496 = FACE_BOUND('',#12497,.T.);
#12497 = EDGE_LOOP('',(#12498,#12504,#12505,#12506));
#12498 = ORIENTED_EDGE('',*,*,#12499,.T.);
#12499 = EDGE_CURVE('',#12476,#12452,#12500,.T.);
#12500 = LINE('',#12501,#12502);
#12501 = CARTESIAN_POINT('',(166.,67.125,20.125));
#12502 = VECTOR('',#12503,1.);
#12503 = DIRECTION('',(0.,-0.707106781187,-0.707106781187));
#12504 = ORIENTED_EDGE('',*,*,#12461,.T.);
#12505 = ORIENTED_EDGE('',*,*,#4542,.F.);
#12506 = ORIENTED_EDGE('',*,*,#12483,.F.);
#12507 = PLANE('',#12508);
#12508 = AXIS2_PLACEMENT_3D('',#12509,#12510,#12511);
#12509 = CARTESIAN_POINT('',(164.,78.,31.));
#12510 = DIRECTION('',(0.,-0.707106781187,0.707106781187));
#12511 = DIRECTION('',(0.,0.707106781187,0.707106781187));
#12512 = ADVANCED_FACE('',(#12513),#12538,.T.);
#12513 = FACE_BOUND('',#12514,.T.);
#12514 = EDGE_LOOP('',(#12515,#12525,#12531,#12532));
#12515 = ORIENTED_EDGE('',*,*,#12516,.T.);
#12516 = EDGE_CURVE('',#12517,#12519,#12521,.T.);
#12517 = VERTEX_POINT('',#12518);
#12518 = CARTESIAN_POINT('',(166.,69.,62.));
#12519 = VERTEX_POINT('',#12520);
#12520 = CARTESIAN_POINT('',(166.,78.,71.));
#12521 = LINE('',#12522,#12523);
#12522 = CARTESIAN_POINT('',(166.,57.125,50.125));
#12523 = VECTOR('',#12524,1.);
#12524 = DIRECTION('',(0.,0.707106781187,0.707106781187));
#12525 = ORIENTED_EDGE('',*,*,#12526,.T.);
#12526 = EDGE_CURVE('',#12519,#4561,#12527,.T.);
#12527 = LINE('',#12528,#12529);
#12528 = CARTESIAN_POINT('',(164.,78.,71.));
#12529 = VECTOR('',#12530,1.);
#12530 = DIRECTION('',(1.,0.,0.));
#12531 = ORIENTED_EDGE('',*,*,#4558,.F.);
#12532 = ORIENTED_EDGE('',*,*,#12533,.F.);
#12533 = EDGE_CURVE('',#12517,#4559,#12534,.T.);
#12534 = LINE('',#12535,#12536);
#12535 = CARTESIAN_POINT('',(164.,69.,62.));
#12536 = VECTOR('',#12537,1.);
#12537 = DIRECTION('',(1.,0.,0.));
#12538 = PLANE('',#12539);
#12539 = AXIS2_PLACEMENT_3D('',#12540,#12541,#12542);
#12540 = CARTESIAN_POINT('',(164.,78.,71.));
#12541 = DIRECTION('',(0.,0.707106781187,-0.707106781187));
#12542 = DIRECTION('',(0.,-0.707106781187,-0.707106781187));
#12543 = ADVANCED_FACE('',(#12544),#12562,.T.);
#12544 = FACE_BOUND('',#12545,.T.);
#12545 = EDGE_LOOP('',(#12546,#12554,#12555,#12556));
#12546 = ORIENTED_EDGE('',*,*,#12547,.T.);
#12547 = EDGE_CURVE('',#12548,#12517,#12550,.T.);
#12548 = VERTEX_POINT('',#12549);
#12549 = CARTESIAN_POINT('',(166.,78.,53.));
#12550 = LINE('',#12551,#12552);
#12551 = CARTESIAN_POINT('',(166.,77.875,53.125));
#12552 = VECTOR('',#12553,1.);
#12553 = DIRECTION('',(0.,-0.707106781187,0.707106781187));
#12554 = ORIENTED_EDGE('',*,*,#12533,.T.);
#12555 = ORIENTED_EDGE('',*,*,#4584,.F.);
#12556 = ORIENTED_EDGE('',*,*,#12557,.F.);
#12557 = EDGE_CURVE('',#12548,#4577,#12558,.T.);
#12558 = LINE('',#12559,#12560);
#12559 = CARTESIAN_POINT('',(164.,78.,53.));
#12560 = VECTOR('',#12561,1.);
#12561 = DIRECTION('',(1.,0.,0.));
#12562 = PLANE('',#12563);
#12563 = AXIS2_PLACEMENT_3D('',#12564,#12565,#12566);
#12564 = CARTESIAN_POINT('',(164.,69.,62.));
#12565 = DIRECTION('',(-0.,0.707106781187,0.707106781187));
#12566 = DIRECTION('',(0.,0.707106781187,-0.707106781187));
#12567 = ADVANCED_FACE('',(#12568),#12586,.T.);
#12568 = FACE_BOUND('',#12569,.T.);
#12569 = EDGE_LOOP('',(#12570,#12578,#12584,#12585));
#12570 = ORIENTED_EDGE('',*,*,#12571,.T.);
#12571 = EDGE_CURVE('',#12519,#12572,#12574,.T.);
#12572 = VERTEX_POINT('',#12573);
#12573 = CARTESIAN_POINT('',(166.,87.,62.));
#12574 = LINE('',#12575,#12576);
#12575 = CARTESIAN_POINT('',(166.,91.375,57.625));
#12576 = VECTOR('',#12577,1.);
#12577 = DIRECTION('',(-0.,0.707106781187,-0.707106781187));
#12578 = ORIENTED_EDGE('',*,*,#12579,.T.);
#12579 = EDGE_CURVE('',#12572,#4569,#12580,.T.);
#12580 = LINE('',#12581,#12582);
#12581 = CARTESIAN_POINT('',(164.,87.,62.));
#12582 = VECTOR('',#12583,1.);
#12583 = DIRECTION('',(1.,0.,0.));
#12584 = ORIENTED_EDGE('',*,*,#4568,.F.);
#12585 = ORIENTED_EDGE('',*,*,#12526,.F.);
#12586 = PLANE('',#12587);
#12587 = AXIS2_PLACEMENT_3D('',#12588,#12589,#12590);
#12588 = CARTESIAN_POINT('',(164.,87.,62.));
#12589 = DIRECTION('',(0.,-0.707106781187,-0.707106781187));
#12590 = DIRECTION('',(0.,-0.707106781187,0.707106781187));
#12591 = ADVANCED_FACE('',(#12592),#12603,.T.);
#12592 = FACE_BOUND('',#12593,.T.);
#12593 = EDGE_LOOP('',(#12594,#12600,#12601,#12602));
#12594 = ORIENTED_EDGE('',*,*,#12595,.T.);
#12595 = EDGE_CURVE('',#12572,#12548,#12596,.T.);
#12596 = LINE('',#12597,#12598);
#12597 = CARTESIAN_POINT('',(166.,61.625,36.625));
#12598 = VECTOR('',#12599,1.);
#12599 = DIRECTION('',(0.,-0.707106781187,-0.707106781187));
#12600 = ORIENTED_EDGE('',*,*,#12557,.T.);
#12601 = ORIENTED_EDGE('',*,*,#4576,.F.);
#12602 = ORIENTED_EDGE('',*,*,#12579,.F.);
#12603 = PLANE('',#12604);
#12604 = AXIS2_PLACEMENT_3D('',#12605,#12606,#12607);
#12605 = CARTESIAN_POINT('',(164.,78.,53.));
#12606 = DIRECTION('',(0.,-0.707106781187,0.707106781187));
#12607 = DIRECTION('',(0.,0.707106781187,0.707106781187));
#12608 = ADVANCED_FACE('',(#12609),#12634,.T.);
#12609 = FACE_BOUND('',#12610,.T.);
#12610 = EDGE_LOOP('',(#12611,#12621,#12627,#12628));
#12611 = ORIENTED_EDGE('',*,*,#12612,.T.);
#12612 = EDGE_CURVE('',#12613,#12615,#12617,.T.);
#12613 = VERTEX_POINT('',#12614);
#12614 = CARTESIAN_POINT('',(166.,91.,73.));
#12615 = VERTEX_POINT('',#12616);
#12616 = CARTESIAN_POINT('',(166.,100.,82.));
#12617 = LINE('',#12618,#12619);
#12618 = CARTESIAN_POINT('',(166.,70.875,52.875));
#12619 = VECTOR('',#12620,1.);
#12620 = DIRECTION('',(0.,0.707106781187,0.707106781187));
#12621 = ORIENTED_EDGE('',*,*,#12622,.T.);
#12622 = EDGE_CURVE('',#12615,#4595,#12623,.T.);
#12623 = LINE('',#12624,#12625);
#12624 = CARTESIAN_POINT('',(164.,100.,82.));
#12625 = VECTOR('',#12626,1.);
#12626 = DIRECTION('',(1.,0.,0.));
#12627 = ORIENTED_EDGE('',*,*,#4592,.F.);
#12628 = ORIENTED_EDGE('',*,*,#12629,.F.);
#12629 = EDGE_CURVE('',#12613,#4593,#12630,.T.);
#12630 = LINE('',#12631,#12632);
#12631 = CARTESIAN_POINT('',(164.,91.,73.));
#12632 = VECTOR('',#12633,1.);
#12633 = DIRECTION('',(1.,0.,0.));
#12634 = PLANE('',#12635);
#12635 = AXIS2_PLACEMENT_3D('',#12636,#12637,#12638);
#12636 = CARTESIAN_POINT('',(164.,100.,82.));
#12637 = DIRECTION('',(0.,0.707106781187,-0.707106781187));
#12638 = DIRECTION('',(0.,-0.707106781187,-0.707106781187));
#12639 = ADVANCED_FACE('',(#12640),#12658,.T.);
#12640 = FACE_BOUND('',#12641,.T.);
#12641 = EDGE_LOOP('',(#12642,#12650,#12651,#12652));
#12642 = ORIENTED_EDGE('',*,*,#12643,.T.);
#12643 = EDGE_CURVE('',#12644,#12613,#12646,.T.);
#12644 = VERTEX_POINT('',#12645);
#12645 = CARTESIAN_POINT('',(166.,100.,64.));
#12646 = LINE('',#12647,#12648);
#12647 = CARTESIAN_POINT('',(166.,97.125,66.875));
#12648 = VECTOR('',#12649,1.);
#12649 = DIRECTION('',(0.,-0.707106781187,0.707106781187));
#12650 = ORIENTED_EDGE('',*,*,#12629,.T.);
#12651 = ORIENTED_EDGE('',*,*,#4618,.F.);
#12652 = ORIENTED_EDGE('',*,*,#12653,.F.);
#12653 = EDGE_CURVE('',#12644,#4611,#12654,.T.);
#12654 = LINE('',#12655,#12656);
#12655 = CARTESIAN_POINT('',(164.,100.,64.));
#12656 = VECTOR('',#12657,1.);
#12657 = DIRECTION('',(1.,0.,0.));
#12658 = PLANE('',#12659);
#12659 = AXIS2_PLACEMENT_3D('',#12660,#12661,#12662);
#12660 = CARTESIAN_POINT('',(164.,91.,73.));
#12661 = DIRECTION('',(-0.,0.707106781187,0.707106781187));
#12662 = DIRECTION('',(0.,0.707106781187,-0.707106781187));
#12663 = ADVANCED_FACE('',(#12664),#12682,.T.);
#12664 = FACE_BOUND('',#12665,.T.);
#12665 = EDGE_LOOP('',(#12666,#12674,#12680,#12681));
#12666 = ORIENTED_EDGE('',*,*,#12667,.T.);
#12667 = EDGE_CURVE('',#12615,#12668,#12670,.T.);
#12668 = VERTEX_POINT('',#12669);
#12669 = CARTESIAN_POINT('',(166.,109.,73.));
#12670 = LINE('',#12671,#12672);
#12671 = CARTESIAN_POINT('',(166.,110.625,71.375));
#12672 = VECTOR('',#12673,1.);
#12673 = DIRECTION('',(-0.,0.707106781187,-0.707106781187));
#12674 = ORIENTED_EDGE('',*,*,#12675,.T.);
#12675 = EDGE_CURVE('',#12668,#4603,#12676,.T.);
#12676 = LINE('',#12677,#12678);
#12677 = CARTESIAN_POINT('',(164.,109.,73.));
#12678 = VECTOR('',#12679,1.);
#12679 = DIRECTION('',(1.,0.,0.));
#12680 = ORIENTED_EDGE('',*,*,#4602,.F.);
#12681 = ORIENTED_EDGE('',*,*,#12622,.F.);
#12682 = PLANE('',#12683);
#12683 = AXIS2_PLACEMENT_3D('',#12684,#12685,#12686);
#12684 = CARTESIAN_POINT('',(164.,109.,73.));
#12685 = DIRECTION('',(0.,-0.707106781187,-0.707106781187));
#12686 = DIRECTION('',(0.,-0.707106781187,0.707106781187));
#12687 = ADVANCED_FACE('',(#12688),#12699,.T.);
#12688 = FACE_BOUND('',#12689,.T.);
#12689 = EDGE_LOOP('',(#12690,#12696,#12697,#12698));
#12690 = ORIENTED_EDGE('',*,*,#12691,.T.);
#12691 = EDGE_CURVE('',#12668,#12644,#12692,.T.);
#12692 = LINE('',#12693,#12694);
#12693 = CARTESIAN_POINT('',(166.,75.375,39.375));
#12694 = VECTOR('',#12695,1.);
#12695 = DIRECTION('',(0.,-0.707106781187,-0.707106781187));
#12696 = ORIENTED_EDGE('',*,*,#12653,.T.);
#12697 = ORIENTED_EDGE('',*,*,#4610,.F.);
#12698 = ORIENTED_EDGE('',*,*,#12675,.F.);
#12699 = PLANE('',#12700);
#12700 = AXIS2_PLACEMENT_3D('',#12701,#12702,#12703);
#12701 = CARTESIAN_POINT('',(164.,100.,64.));
#12702 = DIRECTION('',(0.,-0.707106781187,0.707106781187));
#12703 = DIRECTION('',(0.,0.707106781187,0.707106781187));
#12704 = ADVANCED_FACE('',(#12705),#12730,.T.);
#12705 = FACE_BOUND('',#12706,.T.);
#12706 = EDGE_LOOP('',(#12707,#12717,#12723,#12724));
#12707 = ORIENTED_EDGE('',*,*,#12708,.T.);
#12708 = EDGE_CURVE('',#12709,#12711,#12713,.T.);
#12709 = VERTEX_POINT('',#12710);
#12710 = CARTESIAN_POINT('',(166.,91.,95.));
#12711 = VERTEX_POINT('',#12712);
#12712 = CARTESIAN_POINT('',(166.,100.,104.));
#12713 = LINE('',#12714,#12715);
#12714 = CARTESIAN_POINT('',(166.,65.375,69.375));
#12715 = VECTOR('',#12716,1.);
#12716 = DIRECTION('',(0.,0.707106781187,0.707106781187));
#12717 = ORIENTED_EDGE('',*,*,#12718,.T.);
#12718 = EDGE_CURVE('',#12711,#4629,#12719,.T.);
#12719 = LINE('',#12720,#12721);
#12720 = CARTESIAN_POINT('',(164.,100.,104.));
#12721 = VECTOR('',#12722,1.);
#12722 = DIRECTION('',(1.,0.,0.));
#12723 = ORIENTED_EDGE('',*,*,#4626,.F.);
#12724 = ORIENTED_EDGE('',*,*,#12725,.F.);
#12725 = EDGE_CURVE('',#12709,#4627,#12726,.T.);
#12726 = LINE('',#12727,#12728);
#12727 = CARTESIAN_POINT('',(164.,91.,95.));
#12728 = VECTOR('',#12729,1.);
#12729 = DIRECTION('',(1.,0.,0.));
#12730 = PLANE('',#12731);
#12731 = AXIS2_PLACEMENT_3D('',#12732,#12733,#12734);
#12732 = CARTESIAN_POINT('',(164.,100.,104.));
#12733 = DIRECTION('',(0.,0.707106781187,-0.707106781187));
#12734 = DIRECTION('',(0.,-0.707106781187,-0.707106781187));
#12735 = ADVANCED_FACE('',(#12736),#12754,.T.);
#12736 = FACE_BOUND('',#12737,.T.);
#12737 = EDGE_LOOP('',(#12738,#12746,#12747,#12748));
#12738 = ORIENTED_EDGE('',*,*,#12739,.T.);
#12739 = EDGE_CURVE('',#12740,#12709,#12742,.T.);
#12740 = VERTEX_POINT('',#12741);
#12741 = CARTESIAN_POINT('',(166.,100.,86.));
#12742 = LINE('',#12743,#12744);
#12743 = CARTESIAN_POINT('',(166.,102.625,83.375));
#12744 = VECTOR('',#12745,1.);
#12745 = DIRECTION('',(0.,-0.707106781187,0.707106781187));
#12746 = ORIENTED_EDGE('',*,*,#12725,.T.);
#12747 = ORIENTED_EDGE('',*,*,#4652,.F.);
#12748 = ORIENTED_EDGE('',*,*,#12749,.F.);
#12749 = EDGE_CURVE('',#12740,#4645,#12750,.T.);
#12750 = LINE('',#12751,#12752);
#12751 = CARTESIAN_POINT('',(164.,100.,86.));
#12752 = VECTOR('',#12753,1.);
#12753 = DIRECTION('',(1.,0.,0.));
#12754 = PLANE('',#12755);
#12755 = AXIS2_PLACEMENT_3D('',#12756,#12757,#12758);
#12756 = CARTESIAN_POINT('',(164.,91.,95.));
#12757 = DIRECTION('',(-0.,0.707106781187,0.707106781187));
#12758 = DIRECTION('',(0.,0.707106781187,-0.707106781187));
#12759 = ADVANCED_FACE('',(#12760),#12778,.T.);
#12760 = FACE_BOUND('',#12761,.T.);
#12761 = EDGE_LOOP('',(#12762,#12770,#12776,#12777));
#12762 = ORIENTED_EDGE('',*,*,#12763,.T.);
#12763 = EDGE_CURVE('',#12711,#12764,#12766,.T.);
#12764 = VERTEX_POINT('',#12765);
#12765 = CARTESIAN_POINT('',(166.,109.,95.));
#12766 = LINE('',#12767,#12768);
#12767 = CARTESIAN_POINT('',(166.,116.125,87.875));
#12768 = VECTOR('',#12769,1.);
#12769 = DIRECTION('',(-0.,0.707106781187,-0.707106781187));
#12770 = ORIENTED_EDGE('',*,*,#12771,.T.);
#12771 = EDGE_CURVE('',#12764,#4637,#12772,.T.);
#12772 = LINE('',#12773,#12774);
#12773 = CARTESIAN_POINT('',(164.,109.,95.));
#12774 = VECTOR('',#12775,1.);
#12775 = DIRECTION('',(1.,0.,0.));
#12776 = ORIENTED_EDGE('',*,*,#4636,.F.);
#12777 = ORIENTED_EDGE('',*,*,#12718,.F.);
#12778 = PLANE('',#12779);
#12779 = AXIS2_PLACEMENT_3D('',#12780,#12781,#12782);
#12780 = CARTESIAN_POINT('',(164.,109.,95.));
#12781 = DIRECTION('',(0.,-0.707106781187,-0.707106781187));
#12782 = DIRECTION('',(0.,-0.707106781187,0.707106781187));
#12783 = ADVANCED_FACE('',(#12784),#12795,.T.);
#12784 = FACE_BOUND('',#12785,.T.);
#12785 = EDGE_LOOP('',(#12786,#12792,#12793,#12794));
#12786 = ORIENTED_EDGE('',*,*,#12787,.T.);
#12787 = EDGE_CURVE('',#12764,#12740,#12788,.T.);
#12788 = LINE('',#12789,#12790);
#12789 = CARTESIAN_POINT('',(166.,69.875,55.875));
#12790 = VECTOR('',#12791,1.);
#12791 = DIRECTION('',(0.,-0.707106781187,-0.707106781187));
#12792 = ORIENTED_EDGE('',*,*,#12749,.T.);
#12793 = ORIENTED_EDGE('',*,*,#4644,.F.);
#12794 = ORIENTED_EDGE('',*,*,#12771,.F.);
#12795 = PLANE('',#12796);
#12796 = AXIS2_PLACEMENT_3D('',#12797,#12798,#12799);
#12797 = CARTESIAN_POINT('',(164.,100.,86.));
#12798 = DIRECTION('',(0.,-0.707106781187,0.707106781187));
#12799 = DIRECTION('',(0.,0.707106781187,0.707106781187));
#12800 = ADVANCED_FACE('',(#12801),#12826,.T.);
#12801 = FACE_BOUND('',#12802,.T.);
#12802 = EDGE_LOOP('',(#12803,#12813,#12819,#12820));
#12803 = ORIENTED_EDGE('',*,*,#12804,.T.);
#12804 = EDGE_CURVE('',#12805,#12807,#12809,.T.);
#12805 = VERTEX_POINT('',#12806);
#12806 = CARTESIAN_POINT('',(166.,91.,117.));
#12807 = VERTEX_POINT('',#12808);
#12808 = CARTESIAN_POINT('',(166.,100.,126.));
#12809 = LINE('',#12810,#12811);
#12810 = CARTESIAN_POINT('',(166.,59.875,85.875));
#12811 = VECTOR('',#12812,1.);
#12812 = DIRECTION('',(0.,0.707106781187,0.707106781187));
#12813 = ORIENTED_EDGE('',*,*,#12814,.T.);
#12814 = EDGE_CURVE('',#12807,#4663,#12815,.T.);
#12815 = LINE('',#12816,#12817);
#12816 = CARTESIAN_POINT('',(164.,100.,126.));
#12817 = VECTOR('',#12818,1.);
#12818 = DIRECTION('',(1.,0.,0.));
#12819 = ORIENTED_EDGE('',*,*,#4660,.F.);
#12820 = ORIENTED_EDGE('',*,*,#12821,.F.);
#12821 = EDGE_CURVE('',#12805,#4661,#12822,.T.);
#12822 = LINE('',#12823,#12824);
#12823 = CARTESIAN_POINT('',(164.,91.,117.));
#12824 = VECTOR('',#12825,1.);
#12825 = DIRECTION('',(1.,0.,0.));
#12826 = PLANE('',#12827);
#12827 = AXIS2_PLACEMENT_3D('',#12828,#12829,#12830);
#12828 = CARTESIAN_POINT('',(164.,100.,126.));
#12829 = DIRECTION('',(0.,0.707106781187,-0.707106781187));
#12830 = DIRECTION('',(0.,-0.707106781187,-0.707106781187));
#12831 = ADVANCED_FACE('',(#12832),#12850,.T.);
#12832 = FACE_BOUND('',#12833,.T.);
#12833 = EDGE_LOOP('',(#12834,#12842,#12843,#12844));
#12834 = ORIENTED_EDGE('',*,*,#12835,.T.);
#12835 = EDGE_CURVE('',#12836,#12805,#12838,.T.);
#12836 = VERTEX_POINT('',#12837);
#12837 = CARTESIAN_POINT('',(166.,100.,108.));
#12838 = LINE('',#12839,#12840);
#12839 = CARTESIAN_POINT('',(166.,108.125,99.875));
#12840 = VECTOR('',#12841,1.);
#12841 = DIRECTION('',(0.,-0.707106781187,0.707106781187));
#12842 = ORIENTED_EDGE('',*,*,#12821,.T.);
#12843 = ORIENTED_EDGE('',*,*,#4686,.F.);
#12844 = ORIENTED_EDGE('',*,*,#12845,.F.);
#12845 = EDGE_CURVE('',#12836,#4679,#12846,.T.);
#12846 = LINE('',#12847,#12848);
#12847 = CARTESIAN_POINT('',(164.,100.,108.));
#12848 = VECTOR('',#12849,1.);
#12849 = DIRECTION('',(1.,0.,0.));
#12850 = PLANE('',#12851);
#12851 = AXIS2_PLACEMENT_3D('',#12852,#12853,#12854);
#12852 = CARTESIAN_POINT('',(164.,91.,117.));
#12853 = DIRECTION('',(-0.,0.707106781187,0.707106781187));
#12854 = DIRECTION('',(0.,0.707106781187,-0.707106781187));
#12855 = ADVANCED_FACE('',(#12856),#12874,.T.);
#12856 = FACE_BOUND('',#12857,.T.);
#12857 = EDGE_LOOP('',(#12858,#12866,#12872,#12873));
#12858 = ORIENTED_EDGE('',*,*,#12859,.T.);
#12859 = EDGE_CURVE('',#12807,#12860,#12862,.T.);
#12860 = VERTEX_POINT('',#12861);
#12861 = CARTESIAN_POINT('',(166.,109.,117.));
#12862 = LINE('',#12863,#12864);
#12863 = CARTESIAN_POINT('',(166.,121.625,104.375));
#12864 = VECTOR('',#12865,1.);
#12865 = DIRECTION('',(-0.,0.707106781187,-0.707106781187));
#12866 = ORIENTED_EDGE('',*,*,#12867,.T.);
#12867 = EDGE_CURVE('',#12860,#4671,#12868,.T.);
#12868 = LINE('',#12869,#12870);
#12869 = CARTESIAN_POINT('',(164.,109.,117.));
#12870 = VECTOR('',#12871,1.);
#12871 = DIRECTION('',(1.,0.,0.));
#12872 = ORIENTED_EDGE('',*,*,#4670,.F.);
#12873 = ORIENTED_EDGE('',*,*,#12814,.F.);
#12874 = PLANE('',#12875);
#12875 = AXIS2_PLACEMENT_3D('',#12876,#12877,#12878);
#12876 = CARTESIAN_POINT('',(164.,109.,117.));
#12877 = DIRECTION('',(0.,-0.707106781187,-0.707106781187));
#12878 = DIRECTION('',(0.,-0.707106781187,0.707106781187));
#12879 = ADVANCED_FACE('',(#12880),#12891,.T.);
#12880 = FACE_BOUND('',#12881,.T.);
#12881 = EDGE_LOOP('',(#12882,#12888,#12889,#12890));
#12882 = ORIENTED_EDGE('',*,*,#12883,.T.);
#12883 = EDGE_CURVE('',#12860,#12836,#12884,.T.);
#12884 = LINE('',#12885,#12886);
#12885 = CARTESIAN_POINT('',(166.,64.375,72.375));
#12886 = VECTOR('',#12887,1.);
#12887 = DIRECTION('',(0.,-0.707106781187,-0.707106781187));
#12888 = ORIENTED_EDGE('',*,*,#12845,.T.);
#12889 = ORIENTED_EDGE('',*,*,#4678,.F.);
#12890 = ORIENTED_EDGE('',*,*,#12867,.F.);
#12891 = PLANE('',#12892);
#12892 = AXIS2_PLACEMENT_3D('',#12893,#12894,#12895);
#12893 = CARTESIAN_POINT('',(164.,100.,108.));
#12894 = DIRECTION('',(0.,-0.707106781187,0.707106781187));
#12895 = DIRECTION('',(0.,0.707106781187,0.707106781187));
#12896 = ADVANCED_FACE('',(#12897),#12922,.T.);
#12897 = FACE_BOUND('',#12898,.T.);
#12898 = EDGE_LOOP('',(#12899,#12909,#12915,#12916));
#12899 = ORIENTED_EDGE('',*,*,#12900,.T.);
#12900 = EDGE_CURVE('',#12901,#12903,#12905,.T.);
#12901 = VERTEX_POINT('',#12902);
#12902 = CARTESIAN_POINT('',(166.,69.,84.));
#12903 = VERTEX_POINT('',#12904);
#12904 = CARTESIAN_POINT('',(166.,78.,93.));
#12905 = LINE('',#12906,#12907);
#12906 = CARTESIAN_POINT('',(166.,51.625,66.625));
#12907 = VECTOR('',#12908,1.);
#12908 = DIRECTION('',(0.,0.707106781187,0.707106781187));
#12909 = ORIENTED_EDGE('',*,*,#12910,.T.);
#12910 = EDGE_CURVE('',#12903,#4697,#12911,.T.);
#12911 = LINE('',#12912,#12913);
#12912 = CARTESIAN_POINT('',(164.,78.,93.));
#12913 = VECTOR('',#12914,1.);
#12914 = DIRECTION('',(1.,0.,0.));
#12915 = ORIENTED_EDGE('',*,*,#4694,.F.);
#12916 = ORIENTED_EDGE('',*,*,#12917,.F.);
#12917 = EDGE_CURVE('',#12901,#4695,#12918,.T.);
#12918 = LINE('',#12919,#12920);
#12919 = CARTESIAN_POINT('',(164.,69.,84.));
#12920 = VECTOR('',#12921,1.);
#12921 = DIRECTION('',(1.,0.,0.));
#12922 = PLANE('',#12923);
#12923 = AXIS2_PLACEMENT_3D('',#12924,#12925,#12926);
#12924 = CARTESIAN_POINT('',(164.,78.,93.));
#12925 = DIRECTION('',(0.,0.707106781187,-0.707106781187));
#12926 = DIRECTION('',(0.,-0.707106781187,-0.707106781187));
#12927 = ADVANCED_FACE('',(#12928),#12946,.T.);
#12928 = FACE_BOUND('',#12929,.T.);
#12929 = EDGE_LOOP('',(#12930,#12938,#12939,#12940));
#12930 = ORIENTED_EDGE('',*,*,#12931,.T.);
#12931 = EDGE_CURVE('',#12932,#12901,#12934,.T.);
#12932 = VERTEX_POINT('',#12933);
#12933 = CARTESIAN_POINT('',(166.,78.,75.));
#12934 = LINE('',#12935,#12936);
#12935 = CARTESIAN_POINT('',(166.,83.375,69.625));
#12936 = VECTOR('',#12937,1.);
#12937 = DIRECTION('',(0.,-0.707106781187,0.707106781187));
#12938 = ORIENTED_EDGE('',*,*,#12917,.T.);
#12939 = ORIENTED_EDGE('',*,*,#4720,.F.);
#12940 = ORIENTED_EDGE('',*,*,#12941,.F.);
#12941 = EDGE_CURVE('',#12932,#4713,#12942,.T.);
#12942 = LINE('',#12943,#12944);
#12943 = CARTESIAN_POINT('',(164.,78.,75.));
#12944 = VECTOR('',#12945,1.);
#12945 = DIRECTION('',(1.,0.,0.));
#12946 = PLANE('',#12947);
#12947 = AXIS2_PLACEMENT_3D('',#12948,#12949,#12950);
#12948 = CARTESIAN_POINT('',(164.,69.,84.));
#12949 = DIRECTION('',(-0.,0.707106781187,0.707106781187));
#12950 = DIRECTION('',(0.,0.707106781187,-0.707106781187));
#12951 = ADVANCED_FACE('',(#12952),#12970,.T.);
#12952 = FACE_BOUND('',#12953,.T.);
#12953 = EDGE_LOOP('',(#12954,#12962,#12968,#12969));
#12954 = ORIENTED_EDGE('',*,*,#12955,.T.);
#12955 = EDGE_CURVE('',#12903,#12956,#12958,.T.);
#12956 = VERTEX_POINT('',#12957);
#12957 = CARTESIAN_POINT('',(166.,87.,84.));
#12958 = LINE('',#12959,#12960);
#12959 = CARTESIAN_POINT('',(166.,96.875,74.125));
#12960 = VECTOR('',#12961,1.);
#12961 = DIRECTION('',(-0.,0.707106781187,-0.707106781187));
#12962 = ORIENTED_EDGE('',*,*,#12963,.T.);
#12963 = EDGE_CURVE('',#12956,#4705,#12964,.T.);
#12964 = LINE('',#12965,#12966);
#12965 = CARTESIAN_POINT('',(164.,87.,84.));
#12966 = VECTOR('',#12967,1.);
#12967 = DIRECTION('',(1.,0.,0.));
#12968 = ORIENTED_EDGE('',*,*,#4704,.F.);
#12969 = ORIENTED_EDGE('',*,*,#12910,.F.);
#12970 = PLANE('',#12971);
#12971 = AXIS2_PLACEMENT_3D('',#12972,#12973,#12974);
#12972 = CARTESIAN_POINT('',(164.,87.,84.));
#12973 = DIRECTION('',(0.,-0.707106781187,-0.707106781187));
#12974 = DIRECTION('',(0.,-0.707106781187,0.707106781187));
#12975 = ADVANCED_FACE('',(#12976),#12987,.T.);
#12976 = FACE_BOUND('',#12977,.T.);
#12977 = EDGE_LOOP('',(#12978,#12984,#12985,#12986));
#12978 = ORIENTED_EDGE('',*,*,#12979,.T.);
#12979 = EDGE_CURVE('',#12956,#12932,#12980,.T.);
#12980 = LINE('',#12981,#12982);
#12981 = CARTESIAN_POINT('',(166.,56.125,53.125));
#12982 = VECTOR('',#12983,1.);
#12983 = DIRECTION('',(0.,-0.707106781187,-0.707106781187));
#12984 = ORIENTED_EDGE('',*,*,#12941,.T.);
#12985 = ORIENTED_EDGE('',*,*,#4712,.F.);
#12986 = ORIENTED_EDGE('',*,*,#12963,.F.);
#12987 = PLANE('',#12988);
#12988 = AXIS2_PLACEMENT_3D('',#12989,#12990,#12991);
#12989 = CARTESIAN_POINT('',(164.,78.,75.));
#12990 = DIRECTION('',(0.,-0.707106781187,0.707106781187));
#12991 = DIRECTION('',(0.,0.707106781187,0.707106781187));
#12992 = ADVANCED_FACE('',(#12993),#13018,.T.);
#12993 = FACE_BOUND('',#12994,.T.);
#12994 = EDGE_LOOP('',(#12995,#13005,#13011,#13012));
#12995 = ORIENTED_EDGE('',*,*,#12996,.T.);
#12996 = EDGE_CURVE('',#12997,#12999,#13001,.T.);
#12997 = VERTEX_POINT('',#12998);
#12998 = CARTESIAN_POINT('',(166.,69.,106.));
#12999 = VERTEX_POINT('',#13000);
#13000 = CARTESIAN_POINT('',(166.,78.,115.));
#13001 = LINE('',#13002,#13003);
#13002 = CARTESIAN_POINT('',(166.,46.125,83.125));
#13003 = VECTOR('',#13004,1.);
#13004 = DIRECTION('',(0.,0.707106781187,0.707106781187));
#13005 = ORIENTED_EDGE('',*,*,#13006,.T.);
#13006 = EDGE_CURVE('',#12999,#4731,#13007,.T.);
#13007 = LINE('',#13008,#13009);
#13008 = CARTESIAN_POINT('',(164.,78.,115.));
#13009 = VECTOR('',#13010,1.);
#13010 = DIRECTION('',(1.,0.,0.));
#13011 = ORIENTED_EDGE('',*,*,#4728,.F.);
#13012 = ORIENTED_EDGE('',*,*,#13013,.F.);
#13013 = EDGE_CURVE('',#12997,#4729,#13014,.T.);
#13014 = LINE('',#13015,#13016);
#13015 = CARTESIAN_POINT('',(164.,69.,106.));
#13016 = VECTOR('',#13017,1.);
#13017 = DIRECTION('',(1.,0.,0.));
#13018 = PLANE('',#13019);
#13019 = AXIS2_PLACEMENT_3D('',#13020,#13021,#13022);
#13020 = CARTESIAN_POINT('',(164.,78.,115.));
#13021 = DIRECTION('',(0.,0.707106781187,-0.707106781187));
#13022 = DIRECTION('',(0.,-0.707106781187,-0.707106781187));
#13023 = ADVANCED_FACE('',(#13024),#13042,.T.);
#13024 = FACE_BOUND('',#13025,.T.);
#13025 = EDGE_LOOP('',(#13026,#13034,#13035,#13036));
#13026 = ORIENTED_EDGE('',*,*,#13027,.T.);
#13027 = EDGE_CURVE('',#13028,#12997,#13030,.T.);
#13028 = VERTEX_POINT('',#13029);
#13029 = CARTESIAN_POINT('',(166.,78.,97.));
#13030 = LINE('',#13031,#13032);
#13031 = CARTESIAN_POINT('',(166.,88.875,86.125));
#13032 = VECTOR('',#13033,1.);
#13033 = DIRECTION('',(0.,-0.707106781187,0.707106781187));
#13034 = ORIENTED_EDGE('',*,*,#13013,.T.);
#13035 = ORIENTED_EDGE('',*,*,#4754,.F.);
#13036 = ORIENTED_EDGE('',*,*,#13037,.F.);
#13037 = EDGE_CURVE('',#13028,#4747,#13038,.T.);
#13038 = LINE('',#13039,#13040);
#13039 = CARTESIAN_POINT('',(164.,78.,97.));
#13040 = VECTOR('',#13041,1.);
#13041 = DIRECTION('',(1.,0.,0.));
#13042 = PLANE('',#13043);
#13043 = AXIS2_PLACEMENT_3D('',#13044,#13045,#13046);
#13044 = CARTESIAN_POINT('',(164.,69.,106.));
#13045 = DIRECTION('',(-0.,0.707106781187,0.707106781187));
#13046 = DIRECTION('',(0.,0.707106781187,-0.707106781187));
#13047 = ADVANCED_FACE('',(#13048),#13066,.T.);
#13048 = FACE_BOUND('',#13049,.T.);
#13049 = EDGE_LOOP('',(#13050,#13058,#13064,#13065));
#13050 = ORIENTED_EDGE('',*,*,#13051,.T.);
#13051 = EDGE_CURVE('',#12999,#13052,#13054,.T.);
#13052 = VERTEX_POINT('',#13053);
#13053 = CARTESIAN_POINT('',(166.,87.,106.));
#13054 = LINE('',#13055,#13056);
#13055 = CARTESIAN_POINT('',(166.,102.375,90.625));
#13056 = VECTOR('',#13057,1.);
#13057 = DIRECTION('',(-0.,0.707106781187,-0.707106781187));
#13058 = ORIENTED_EDGE('',*,*,#13059,.T.);
#13059 = EDGE_CURVE('',#13052,#4739,#13060,.T.);
#13060 = LINE('',#13061,#13062);
#13061 = CARTESIAN_POINT('',(164.,87.,106.));
#13062 = VECTOR('',#13063,1.);
#13063 = DIRECTION('',(1.,0.,0.));
#13064 = ORIENTED_EDGE('',*,*,#4738,.F.);
#13065 = ORIENTED_EDGE('',*,*,#13006,.F.);
#13066 = PLANE('',#13067);
#13067 = AXIS2_PLACEMENT_3D('',#13068,#13069,#13070);
#13068 = CARTESIAN_POINT('',(164.,87.,106.));
#13069 = DIRECTION('',(0.,-0.707106781187,-0.707106781187));
#13070 = DIRECTION('',(0.,-0.707106781187,0.707106781187));
#13071 = ADVANCED_FACE('',(#13072),#13083,.T.);
#13072 = FACE_BOUND('',#13073,.T.);
#13073 = EDGE_LOOP('',(#13074,#13080,#13081,#13082));
#13074 = ORIENTED_EDGE('',*,*,#13075,.T.);
#13075 = EDGE_CURVE('',#13052,#13028,#13076,.T.);
#13076 = LINE('',#13077,#13078);
#13077 = CARTESIAN_POINT('',(166.,50.625,69.625));
#13078 = VECTOR('',#13079,1.);
#13079 = DIRECTION('',(0.,-0.707106781187,-0.707106781187));
#13080 = ORIENTED_EDGE('',*,*,#13037,.T.);
#13081 = ORIENTED_EDGE('',*,*,#4746,.F.);
#13082 = ORIENTED_EDGE('',*,*,#13059,.F.);
#13083 = PLANE('',#13084);
#13084 = AXIS2_PLACEMENT_3D('',#13085,#13086,#13087);
#13085 = CARTESIAN_POINT('',(164.,78.,97.));
#13086 = DIRECTION('',(0.,-0.707106781187,0.707106781187));
#13087 = DIRECTION('',(0.,0.707106781187,0.707106781187));
#13088 = ADVANCED_FACE('',(#13089,#13137,#13143,#13149,#13155,#13161,
    #13167,#13173,#13179,#13185,#13191,#13197,#13203,#13209,#13215,
    #13221,#13227,#13233,#13239,#13245,#13251,#13257,#13263,#13269,
    #13275,#13281),#13287,.F.);
#13089 = FACE_BOUND('',#13090,.F.);
#13090 = EDGE_LOOP('',(#13091,#13101,#13107,#13108,#13116,#13122,#13123,
    #13131));
#13091 = ORIENTED_EDGE('',*,*,#13092,.F.);
#13092 = EDGE_CURVE('',#13093,#13095,#13097,.T.);
#13093 = VERTEX_POINT('',#13094);
#13094 = CARTESIAN_POINT('',(166.,148.,11.5));
#13095 = VERTEX_POINT('',#13096);
#13096 = CARTESIAN_POINT('',(166.,148.,126.));
#13097 = LINE('',#13098,#13099);
#13098 = CARTESIAN_POINT('',(166.,148.,11.5));
#13099 = VECTOR('',#13100,1.);
#13100 = DIRECTION('',(0.,0.,1.));
#13101 = ORIENTED_EDGE('',*,*,#13102,.F.);
#13102 = EDGE_CURVE('',#11420,#13093,#13103,.T.);
#13103 = LINE('',#13104,#13105);
#13104 = CARTESIAN_POINT('',(20.,148.,11.5));
#13105 = VECTOR('',#13106,1.);
#13106 = DIRECTION('',(1.,0.,-0.));
#13107 = ORIENTED_EDGE('',*,*,#11427,.T.);
#13108 = ORIENTED_EDGE('',*,*,#13109,.T.);
#13109 = EDGE_CURVE('',#11428,#13110,#13112,.T.);
#13110 = VERTEX_POINT('',#13111);
#13111 = CARTESIAN_POINT('',(32.,148.,126.));
#13112 = LINE('',#13113,#13114);
#13113 = CARTESIAN_POINT('',(20.,148.,126.));
#13114 = VECTOR('',#13115,1.);
#13115 = DIRECTION('',(1.,0.,-0.));
#13116 = ORIENTED_EDGE('',*,*,#13117,.T.);
#13117 = EDGE_CURVE('',#13110,#11765,#13118,.T.);
#13118 = LINE('',#13119,#13120);
#13119 = CARTESIAN_POINT('',(32.,148.,126.));
#13120 = VECTOR('',#13121,1.);
#13121 = DIRECTION('',(0.,0.,1.));
#13122 = ORIENTED_EDGE('',*,*,#11772,.F.);
#13123 = ORIENTED_EDGE('',*,*,#13124,.F.);
#13124 = EDGE_CURVE('',#13125,#11773,#13127,.T.);
#13125 = VERTEX_POINT('',#13126);
#13126 = CARTESIAN_POINT('',(154.,148.,126.));
#13127 = LINE('',#13128,#13129);
#13128 = CARTESIAN_POINT('',(154.,148.,126.));
#13129 = VECTOR('',#13130,1.);
#13130 = DIRECTION('',(0.,0.,1.));
#13131 = ORIENTED_EDGE('',*,*,#13132,.T.);
#13132 = EDGE_CURVE('',#13125,#13095,#13133,.T.);
#13133 = LINE('',#13134,#13135);
#13134 = CARTESIAN_POINT('',(154.,148.,126.));
#13135 = VECTOR('',#13136,1.);
#13136 = DIRECTION('',(1.,0.,-0.));
#13137 = FACE_BOUND('',#13138,.F.);
#13138 = EDGE_LOOP('',(#13139,#13140,#13141,#13142));
#13139 = ORIENTED_EDGE('',*,*,#4785,.T.);
#13140 = ORIENTED_EDGE('',*,*,#4840,.T.);
#13141 = ORIENTED_EDGE('',*,*,#4864,.T.);
#13142 = ORIENTED_EDGE('',*,*,#4816,.T.);
#13143 = FACE_BOUND('',#13144,.F.);
#13144 = EDGE_LOOP('',(#13145,#13146,#13147,#13148));
#13145 = ORIENTED_EDGE('',*,*,#4977,.T.);
#13146 = ORIENTED_EDGE('',*,*,#5032,.T.);
#13147 = ORIENTED_EDGE('',*,*,#5056,.T.);
#13148 = ORIENTED_EDGE('',*,*,#5008,.T.);
#13149 = FACE_BOUND('',#13150,.F.);
#13150 = EDGE_LOOP('',(#13151,#13152,#13153,#13154));
#13151 = ORIENTED_EDGE('',*,*,#5073,.T.);
#13152 = ORIENTED_EDGE('',*,*,#5128,.T.);
#13153 = ORIENTED_EDGE('',*,*,#5152,.T.);
#13154 = ORIENTED_EDGE('',*,*,#5104,.T.);
#13155 = FACE_BOUND('',#13156,.F.);
#13156 = EDGE_LOOP('',(#13157,#13158,#13159,#13160));
#13157 = ORIENTED_EDGE('',*,*,#5169,.T.);
#13158 = ORIENTED_EDGE('',*,*,#5224,.T.);
#13159 = ORIENTED_EDGE('',*,*,#5248,.T.);
#13160 = ORIENTED_EDGE('',*,*,#5200,.T.);
#13161 = FACE_BOUND('',#13162,.F.);
#13162 = EDGE_LOOP('',(#13163,#13164,#13165,#13166));
#13163 = ORIENTED_EDGE('',*,*,#5265,.T.);
#13164 = ORIENTED_EDGE('',*,*,#5320,.T.);
#13165 = ORIENTED_EDGE('',*,*,#5344,.T.);
#13166 = ORIENTED_EDGE('',*,*,#5296,.T.);
#13167 = FACE_BOUND('',#13168,.F.);
#13168 = EDGE_LOOP('',(#13169,#13170,#13171,#13172));
#13169 = ORIENTED_EDGE('',*,*,#4881,.T.);
#13170 = ORIENTED_EDGE('',*,*,#4936,.T.);
#13171 = ORIENTED_EDGE('',*,*,#4960,.T.);
#13172 = ORIENTED_EDGE('',*,*,#4912,.T.);
#13173 = FACE_BOUND('',#13174,.F.);
#13174 = EDGE_LOOP('',(#13175,#13176,#13177,#13178));
#13175 = ORIENTED_EDGE('',*,*,#5553,.T.);
#13176 = ORIENTED_EDGE('',*,*,#5608,.T.);
#13177 = ORIENTED_EDGE('',*,*,#5632,.T.);
#13178 = ORIENTED_EDGE('',*,*,#5584,.T.);
#13179 = FACE_BOUND('',#13180,.F.);
#13180 = EDGE_LOOP('',(#13181,#13182,#13183,#13184));
#13181 = ORIENTED_EDGE('',*,*,#5649,.T.);
#13182 = ORIENTED_EDGE('',*,*,#5704,.T.);
#13183 = ORIENTED_EDGE('',*,*,#5728,.T.);
#13184 = ORIENTED_EDGE('',*,*,#5680,.T.);
#13185 = FACE_BOUND('',#13186,.F.);
#13186 = EDGE_LOOP('',(#13187,#13188,#13189,#13190));
#13187 = ORIENTED_EDGE('',*,*,#5361,.T.);
#13188 = ORIENTED_EDGE('',*,*,#5416,.T.);
#13189 = ORIENTED_EDGE('',*,*,#5440,.T.);
#13190 = ORIENTED_EDGE('',*,*,#5392,.T.);
#13191 = FACE_BOUND('',#13192,.F.);
#13192 = EDGE_LOOP('',(#13193,#13194,#13195,#13196));
#13193 = ORIENTED_EDGE('',*,*,#5745,.T.);
#13194 = ORIENTED_EDGE('',*,*,#5800,.T.);
#13195 = ORIENTED_EDGE('',*,*,#5824,.T.);
#13196 = ORIENTED_EDGE('',*,*,#5776,.T.);
#13197 = FACE_BOUND('',#13198,.F.);
#13198 = EDGE_LOOP('',(#13199,#13200,#13201,#13202));
#13199 = ORIENTED_EDGE('',*,*,#5457,.T.);
#13200 = ORIENTED_EDGE('',*,*,#5512,.T.);
#13201 = ORIENTED_EDGE('',*,*,#5536,.T.);
#13202 = ORIENTED_EDGE('',*,*,#5488,.T.);
#13203 = FACE_BOUND('',#13204,.F.);
#13204 = EDGE_LOOP('',(#13205,#13206,#13207,#13208));
#13205 = ORIENTED_EDGE('',*,*,#5841,.T.);
#13206 = ORIENTED_EDGE('',*,*,#5896,.T.);
#13207 = ORIENTED_EDGE('',*,*,#5920,.T.);
#13208 = ORIENTED_EDGE('',*,*,#5872,.T.);
#13209 = FACE_BOUND('',#13210,.F.);
#13210 = EDGE_LOOP('',(#13211,#13212,#13213,#13214));
#13211 = ORIENTED_EDGE('',*,*,#5937,.T.);
#13212 = ORIENTED_EDGE('',*,*,#5992,.T.);
#13213 = ORIENTED_EDGE('',*,*,#6016,.T.);
#13214 = ORIENTED_EDGE('',*,*,#5968,.T.);
#13215 = FACE_BOUND('',#13216,.F.);
#13216 = EDGE_LOOP('',(#13217,#13218,#13219,#13220));
#13217 = ORIENTED_EDGE('',*,*,#6033,.T.);
#13218 = ORIENTED_EDGE('',*,*,#6088,.T.);
#13219 = ORIENTED_EDGE('',*,*,#6112,.T.);
#13220 = ORIENTED_EDGE('',*,*,#6064,.T.);
#13221 = FACE_BOUND('',#13222,.F.);
#13222 = EDGE_LOOP('',(#13223,#13224,#13225,#13226));
#13223 = ORIENTED_EDGE('',*,*,#6129,.T.);
#13224 = ORIENTED_EDGE('',*,*,#6184,.T.);
#13225 = ORIENTED_EDGE('',*,*,#6208,.T.);
#13226 = ORIENTED_EDGE('',*,*,#6160,.T.);
#13227 = FACE_BOUND('',#13228,.F.);
#13228 = EDGE_LOOP('',(#13229,#13230,#13231,#13232));
#13229 = ORIENTED_EDGE('',*,*,#6225,.T.);
#13230 = ORIENTED_EDGE('',*,*,#6280,.T.);
#13231 = ORIENTED_EDGE('',*,*,#6304,.T.);
#13232 = ORIENTED_EDGE('',*,*,#6256,.T.);
#13233 = FACE_BOUND('',#13234,.F.);
#13234 = EDGE_LOOP('',(#13235,#13236,#13237,#13238));
#13235 = ORIENTED_EDGE('',*,*,#6417,.T.);
#13236 = ORIENTED_EDGE('',*,*,#6472,.T.);
#13237 = ORIENTED_EDGE('',*,*,#6496,.T.);
#13238 = ORIENTED_EDGE('',*,*,#6448,.T.);
#13239 = FACE_BOUND('',#13240,.F.);
#13240 = EDGE_LOOP('',(#13241,#13242,#13243,#13244));
#13241 = ORIENTED_EDGE('',*,*,#6609,.T.);
#13242 = ORIENTED_EDGE('',*,*,#6664,.T.);
#13243 = ORIENTED_EDGE('',*,*,#6688,.T.);
#13244 = ORIENTED_EDGE('',*,*,#6640,.T.);
#13245 = FACE_BOUND('',#13246,.F.);
#13246 = EDGE_LOOP('',(#13247,#13248,#13249,#13250));
#13247 = ORIENTED_EDGE('',*,*,#6705,.T.);
#13248 = ORIENTED_EDGE('',*,*,#6760,.T.);
#13249 = ORIENTED_EDGE('',*,*,#6784,.T.);
#13250 = ORIENTED_EDGE('',*,*,#6736,.T.);
#13251 = FACE_BOUND('',#13252,.F.);
#13252 = EDGE_LOOP('',(#13253,#13254,#13255,#13256));
#13253 = ORIENTED_EDGE('',*,*,#6321,.T.);
#13254 = ORIENTED_EDGE('',*,*,#6376,.T.);
#13255 = ORIENTED_EDGE('',*,*,#6400,.T.);
#13256 = ORIENTED_EDGE('',*,*,#6352,.T.);
#13257 = FACE_BOUND('',#13258,.F.);
#13258 = EDGE_LOOP('',(#13259,#13260,#13261,#13262));
#13259 = ORIENTED_EDGE('',*,*,#6801,.T.);
#13260 = ORIENTED_EDGE('',*,*,#6856,.T.);
#13261 = ORIENTED_EDGE('',*,*,#6880,.T.);
#13262 = ORIENTED_EDGE('',*,*,#6832,.T.);
#13263 = FACE_BOUND('',#13264,.F.);
#13264 = EDGE_LOOP('',(#13265,#13266,#13267,#13268));
#13265 = ORIENTED_EDGE('',*,*,#6897,.T.);
#13266 = ORIENTED_EDGE('',*,*,#6952,.T.);
#13267 = ORIENTED_EDGE('',*,*,#6976,.T.);
#13268 = ORIENTED_EDGE('',*,*,#6928,.T.);
#13269 = FACE_BOUND('',#13270,.F.);
#13270 = EDGE_LOOP('',(#13271,#13272,#13273,#13274));
#13271 = ORIENTED_EDGE('',*,*,#6513,.T.);
#13272 = ORIENTED_EDGE('',*,*,#6568,.T.);
#13273 = ORIENTED_EDGE('',*,*,#6592,.T.);
#13274 = ORIENTED_EDGE('',*,*,#6544,.T.);
#13275 = FACE_BOUND('',#13276,.F.);
#13276 = EDGE_LOOP('',(#13277,#13278,#13279,#13280));
#13277 = ORIENTED_EDGE('',*,*,#6993,.T.);
#13278 = ORIENTED_EDGE('',*,*,#7048,.T.);
#13279 = ORIENTED_EDGE('',*,*,#7072,.T.);
#13280 = ORIENTED_EDGE('',*,*,#7024,.T.);
#13281 = FACE_BOUND('',#13282,.F.);
#13282 = EDGE_LOOP('',(#13283,#13284,#13285,#13286));
#13283 = ORIENTED_EDGE('',*,*,#7089,.T.);
#13284 = ORIENTED_EDGE('',*,*,#7144,.T.);
#13285 = ORIENTED_EDGE('',*,*,#7168,.T.);
#13286 = ORIENTED_EDGE('',*,*,#7120,.T.);
#13287 = PLANE('',#13288);
#13288 = AXIS2_PLACEMENT_3D('',#13289,#13290,#13291);
#13289 = CARTESIAN_POINT('',(20.,148.,11.5));
#13290 = DIRECTION('',(-0.,1.,0.));
#13291 = DIRECTION('',(0.,0.,1.));
#13292 = ADVANCED_FACE('',(#13293,#13327,#13335,#13343,#13351,#13359,
    #13367,#13375,#13383,#13391,#13399,#13407,#13415,#13423,#13431,
    #13439,#13442,#13450,#13458,#13466,#13474,#13482,#13490,#13498,
    #13506,#13514,#13522,#13530,#13538,#13546),#13554,.T.);
#13293 = FACE_BOUND('',#13294,.T.);
#13294 = EDGE_LOOP('',(#13295,#13305,#13313,#13321));
#13295 = ORIENTED_EDGE('',*,*,#13296,.F.);
#13296 = EDGE_CURVE('',#13297,#13299,#13301,.T.);
#13297 = VERTEX_POINT('',#13298);
#13298 = CARTESIAN_POINT('',(3.,3.5,3.5));
#13299 = VERTEX_POINT('',#13300);
#13300 = CARTESIAN_POINT('',(3.,48.5,3.5));
#13301 = LINE('',#13302,#13303);
#13302 = CARTESIAN_POINT('',(3.,3.5,3.5));
#13303 = VECTOR('',#13304,1.);
#13304 = DIRECTION('',(-0.,1.,0.));
#13305 = ORIENTED_EDGE('',*,*,#13306,.T.);
#13306 = EDGE_CURVE('',#13297,#13307,#13309,.T.);
#13307 = VERTEX_POINT('',#13308);
#13308 = CARTESIAN_POINT('',(183.,3.5,3.5));
#13309 = LINE('',#13310,#13311);
#13310 = CARTESIAN_POINT('',(3.,3.5,3.5));
#13311 = VECTOR('',#13312,1.);
#13312 = DIRECTION('',(1.,0.,-0.));
#13313 = ORIENTED_EDGE('',*,*,#13314,.T.);
#13314 = EDGE_CURVE('',#13307,#13315,#13317,.T.);
#13315 = VERTEX_POINT('',#13316);
#13316 = CARTESIAN_POINT('',(183.,48.5,3.5));
#13317 = LINE('',#13318,#13319);
#13318 = CARTESIAN_POINT('',(183.,3.5,3.5));
#13319 = VECTOR('',#13320,1.);
#13320 = DIRECTION('',(-0.,1.,0.));
#13321 = ORIENTED_EDGE('',*,*,#13322,.F.);
#13322 = EDGE_CURVE('',#13299,#13315,#13323,.T.);
#13323 = LINE('',#13324,#13325);
#13324 = CARTESIAN_POINT('',(3.,48.5,3.5));
#13325 = VECTOR('',#13326,1.);
#13326 = DIRECTION('',(1.,0.,-0.));
#13327 = FACE_BOUND('',#13328,.T.);
#13328 = EDGE_LOOP('',(#13329,#13330,#13331,#13332,#13333,#13334));
#13329 = ORIENTED_EDGE('',*,*,#7194,.T.);
#13330 = ORIENTED_EDGE('',*,*,#7249,.T.);
#13331 = ORIENTED_EDGE('',*,*,#7297,.T.);
#13332 = ORIENTED_EDGE('',*,*,#7314,.T.);
#13333 = ORIENTED_EDGE('',*,*,#7266,.T.);
#13334 = ORIENTED_EDGE('',*,*,#7218,.T.);
#13335 = FACE_BOUND('',#13336,.T.);
#13336 = EDGE_LOOP('',(#13337,#13338,#13339,#13340,#13341,#13342));
#13337 = ORIENTED_EDGE('',*,*,#7482,.T.);
#13338 = ORIENTED_EDGE('',*,*,#7537,.T.);
#13339 = ORIENTED_EDGE('',*,*,#7585,.T.);
#13340 = ORIENTED_EDGE('',*,*,#7602,.T.);
#13341 = ORIENTED_EDGE('',*,*,#7554,.T.);
#13342 = ORIENTED_EDGE('',*,*,#7506,.T.);
#13343 = FACE_BOUND('',#13344,.T.);
#13344 = EDGE_LOOP('',(#13345,#13346,#13347,#13348,#13349,#13350));
#13345 = ORIENTED_EDGE('',*,*,#7626,.T.);
#13346 = ORIENTED_EDGE('',*,*,#7681,.T.);
#13347 = ORIENTED_EDGE('',*,*,#7729,.T.);
#13348 = ORIENTED_EDGE('',*,*,#7746,.T.);
#13349 = ORIENTED_EDGE('',*,*,#7698,.T.);
#13350 = ORIENTED_EDGE('',*,*,#7650,.T.);
#13351 = FACE_BOUND('',#13352,.T.);
#13352 = EDGE_LOOP('',(#13353,#13354,#13355,#13356,#13357,#13358));
#13353 = ORIENTED_EDGE('',*,*,#9210,.T.);
#13354 = ORIENTED_EDGE('',*,*,#9265,.T.);
#13355 = ORIENTED_EDGE('',*,*,#9313,.T.);
#13356 = ORIENTED_EDGE('',*,*,#9330,.T.);
#13357 = ORIENTED_EDGE('',*,*,#9282,.T.);
#13358 = ORIENTED_EDGE('',*,*,#9234,.T.);
#13359 = FACE_BOUND('',#13360,.T.);
#13360 = EDGE_LOOP('',(#13361,#13362,#13363,#13364,#13365,#13366));
#13361 = ORIENTED_EDGE('',*,*,#9354,.T.);
#13362 = ORIENTED_EDGE('',*,*,#9409,.T.);
#13363 = ORIENTED_EDGE('',*,*,#9457,.T.);
#13364 = ORIENTED_EDGE('',*,*,#9474,.T.);
#13365 = ORIENTED_EDGE('',*,*,#9426,.T.);
#13366 = ORIENTED_EDGE('',*,*,#9378,.T.);
#13367 = FACE_BOUND('',#13368,.T.);
#13368 = EDGE_LOOP('',(#13369,#13370,#13371,#13372,#13373,#13374));
#13369 = ORIENTED_EDGE('',*,*,#9498,.T.);
#13370 = ORIENTED_EDGE('',*,*,#9553,.T.);
#13371 = ORIENTED_EDGE('',*,*,#9601,.T.);
#13372 = ORIENTED_EDGE('',*,*,#9618,.T.);
#13373 = ORIENTED_EDGE('',*,*,#9570,.T.);
#13374 = ORIENTED_EDGE('',*,*,#9522,.T.);
#13375 = FACE_BOUND('',#13376,.T.);
#13376 = EDGE_LOOP('',(#13377,#13378,#13379,#13380,#13381,#13382));
#13377 = ORIENTED_EDGE('',*,*,#9930,.T.);
#13378 = ORIENTED_EDGE('',*,*,#9985,.T.);
#13379 = ORIENTED_EDGE('',*,*,#10033,.T.);
#13380 = ORIENTED_EDGE('',*,*,#10050,.T.);
#13381 = ORIENTED_EDGE('',*,*,#10002,.T.);
#13382 = ORIENTED_EDGE('',*,*,#9954,.T.);
#13383 = FACE_BOUND('',#13384,.T.);
#13384 = EDGE_LOOP('',(#13385,#13386,#13387,#13388,#13389,#13390));
#13385 = ORIENTED_EDGE('',*,*,#7338,.T.);
#13386 = ORIENTED_EDGE('',*,*,#7393,.T.);
#13387 = ORIENTED_EDGE('',*,*,#7441,.T.);
#13388 = ORIENTED_EDGE('',*,*,#7458,.T.);
#13389 = ORIENTED_EDGE('',*,*,#7410,.T.);
#13390 = ORIENTED_EDGE('',*,*,#7362,.T.);
#13391 = FACE_BOUND('',#13392,.T.);
#13392 = EDGE_LOOP('',(#13393,#13394,#13395,#13396,#13397,#13398));
#13393 = ORIENTED_EDGE('',*,*,#7770,.T.);
#13394 = ORIENTED_EDGE('',*,*,#7825,.T.);
#13395 = ORIENTED_EDGE('',*,*,#7873,.T.);
#13396 = ORIENTED_EDGE('',*,*,#7890,.T.);
#13397 = ORIENTED_EDGE('',*,*,#7842,.T.);
#13398 = ORIENTED_EDGE('',*,*,#7794,.T.);
#13399 = FACE_BOUND('',#13400,.T.);
#13400 = EDGE_LOOP('',(#13401,#13402,#13403,#13404,#13405,#13406));
#13401 = ORIENTED_EDGE('',*,*,#7914,.T.);
#13402 = ORIENTED_EDGE('',*,*,#7969,.T.);
#13403 = ORIENTED_EDGE('',*,*,#8017,.T.);
#13404 = ORIENTED_EDGE('',*,*,#8034,.T.);
#13405 = ORIENTED_EDGE('',*,*,#7986,.T.);
#13406 = ORIENTED_EDGE('',*,*,#7938,.T.);
#13407 = FACE_BOUND('',#13408,.T.);
#13408 = EDGE_LOOP('',(#13409,#13410,#13411,#13412,#13413,#13414));
#13409 = ORIENTED_EDGE('',*,*,#8058,.T.);
#13410 = ORIENTED_EDGE('',*,*,#8113,.T.);
#13411 = ORIENTED_EDGE('',*,*,#8161,.T.);
#13412 = ORIENTED_EDGE('',*,*,#8178,.T.);
#13413 = ORIENTED_EDGE('',*,*,#8130,.T.);
#13414 = ORIENTED_EDGE('',*,*,#8082,.T.);
#13415 = FACE_BOUND('',#13416,.T.);
#13416 = EDGE_LOOP('',(#13417,#13418,#13419,#13420,#13421,#13422));
#13417 = ORIENTED_EDGE('',*,*,#9642,.T.);
#13418 = ORIENTED_EDGE('',*,*,#9697,.T.);
#13419 = ORIENTED_EDGE('',*,*,#9745,.T.);
#13420 = ORIENTED_EDGE('',*,*,#9762,.T.);
#13421 = ORIENTED_EDGE('',*,*,#9714,.T.);
#13422 = ORIENTED_EDGE('',*,*,#9666,.T.);
#13423 = FACE_BOUND('',#13424,.T.);
#13424 = EDGE_LOOP('',(#13425,#13426,#13427,#13428,#13429,#13430));
#13425 = ORIENTED_EDGE('',*,*,#9786,.T.);
#13426 = ORIENTED_EDGE('',*,*,#9841,.T.);
#13427 = ORIENTED_EDGE('',*,*,#9889,.T.);
#13428 = ORIENTED_EDGE('',*,*,#9906,.T.);
#13429 = ORIENTED_EDGE('',*,*,#9858,.T.);
#13430 = ORIENTED_EDGE('',*,*,#9810,.T.);
#13431 = FACE_BOUND('',#13432,.T.);
#13432 = EDGE_LOOP('',(#13433,#13434,#13435,#13436,#13437,#13438));
#13433 = ORIENTED_EDGE('',*,*,#10074,.T.);
#13434 = ORIENTED_EDGE('',*,*,#10129,.T.);
#13435 = ORIENTED_EDGE('',*,*,#10177,.T.);
#13436 = ORIENTED_EDGE('',*,*,#10194,.T.);
#13437 = ORIENTED_EDGE('',*,*,#10146,.T.);
#13438 = ORIENTED_EDGE('',*,*,#10098,.T.);
#13439 = FACE_BOUND('',#13440,.T.);
#13440 = EDGE_LOOP('',(#13441));
#13441 = ORIENTED_EDGE('',*,*,#11217,.F.);
#13442 = FACE_BOUND('',#13443,.T.);
#13443 = EDGE_LOOP('',(#13444,#13445,#13446,#13447,#13448,#13449));
#13444 = ORIENTED_EDGE('',*,*,#8202,.T.);
#13445 = ORIENTED_EDGE('',*,*,#8257,.T.);
#13446 = ORIENTED_EDGE('',*,*,#8305,.T.);
#13447 = ORIENTED_EDGE('',*,*,#8322,.T.);
#13448 = ORIENTED_EDGE('',*,*,#8274,.T.);
#13449 = ORIENTED_EDGE('',*,*,#8226,.T.);
#13450 = FACE_BOUND('',#13451,.T.);
#13451 = EDGE_LOOP('',(#13452,#13453,#13454,#13455,#13456,#13457));
#13452 = ORIENTED_EDGE('',*,*,#8490,.T.);
#13453 = ORIENTED_EDGE('',*,*,#8545,.T.);
#13454 = ORIENTED_EDGE('',*,*,#8593,.T.);
#13455 = ORIENTED_EDGE('',*,*,#8610,.T.);
#13456 = ORIENTED_EDGE('',*,*,#8562,.T.);
#13457 = ORIENTED_EDGE('',*,*,#8514,.T.);
#13458 = FACE_BOUND('',#13459,.T.);
#13459 = EDGE_LOOP('',(#13460,#13461,#13462,#13463,#13464,#13465));
#13460 = ORIENTED_EDGE('',*,*,#8634,.T.);
#13461 = ORIENTED_EDGE('',*,*,#8689,.T.);
#13462 = ORIENTED_EDGE('',*,*,#8737,.T.);
#13463 = ORIENTED_EDGE('',*,*,#8754,.T.);
#13464 = ORIENTED_EDGE('',*,*,#8706,.T.);
#13465 = ORIENTED_EDGE('',*,*,#8658,.T.);
#13466 = FACE_BOUND('',#13467,.T.);
#13467 = EDGE_LOOP('',(#13468,#13469,#13470,#13471,#13472,#13473));
#13468 = ORIENTED_EDGE('',*,*,#10218,.T.);
#13469 = ORIENTED_EDGE('',*,*,#10273,.T.);
#13470 = ORIENTED_EDGE('',*,*,#10321,.T.);
#13471 = ORIENTED_EDGE('',*,*,#10338,.T.);
#13472 = ORIENTED_EDGE('',*,*,#10290,.T.);
#13473 = ORIENTED_EDGE('',*,*,#10242,.T.);
#13474 = FACE_BOUND('',#13475,.T.);
#13475 = EDGE_LOOP('',(#13476,#13477,#13478,#13479,#13480,#13481));
#13476 = ORIENTED_EDGE('',*,*,#10362,.T.);
#13477 = ORIENTED_EDGE('',*,*,#10417,.T.);
#13478 = ORIENTED_EDGE('',*,*,#10465,.T.);
#13479 = ORIENTED_EDGE('',*,*,#10482,.T.);
#13480 = ORIENTED_EDGE('',*,*,#10434,.T.);
#13481 = ORIENTED_EDGE('',*,*,#10386,.T.);
#13482 = FACE_BOUND('',#13483,.T.);
#13483 = EDGE_LOOP('',(#13484,#13485,#13486,#13487,#13488,#13489));
#13484 = ORIENTED_EDGE('',*,*,#10506,.T.);
#13485 = ORIENTED_EDGE('',*,*,#10561,.T.);
#13486 = ORIENTED_EDGE('',*,*,#10609,.T.);
#13487 = ORIENTED_EDGE('',*,*,#10626,.T.);
#13488 = ORIENTED_EDGE('',*,*,#10578,.T.);
#13489 = ORIENTED_EDGE('',*,*,#10530,.T.);
#13490 = FACE_BOUND('',#13491,.T.);
#13491 = EDGE_LOOP('',(#13492,#13493,#13494,#13495,#13496,#13497));
#13492 = ORIENTED_EDGE('',*,*,#10938,.T.);
#13493 = ORIENTED_EDGE('',*,*,#10993,.T.);
#13494 = ORIENTED_EDGE('',*,*,#11041,.T.);
#13495 = ORIENTED_EDGE('',*,*,#11058,.T.);
#13496 = ORIENTED_EDGE('',*,*,#11010,.T.);
#13497 = ORIENTED_EDGE('',*,*,#10962,.T.);
#13498 = FACE_BOUND('',#13499,.T.);
#13499 = EDGE_LOOP('',(#13500,#13501,#13502,#13503,#13504,#13505));
#13500 = ORIENTED_EDGE('',*,*,#8346,.T.);
#13501 = ORIENTED_EDGE('',*,*,#8401,.T.);
#13502 = ORIENTED_EDGE('',*,*,#8449,.T.);
#13503 = ORIENTED_EDGE('',*,*,#8466,.T.);
#13504 = ORIENTED_EDGE('',*,*,#8418,.T.);
#13505 = ORIENTED_EDGE('',*,*,#8370,.T.);
#13506 = FACE_BOUND('',#13507,.T.);
#13507 = EDGE_LOOP('',(#13508,#13509,#13510,#13511,#13512,#13513));
#13508 = ORIENTED_EDGE('',*,*,#8778,.T.);
#13509 = ORIENTED_EDGE('',*,*,#8833,.T.);
#13510 = ORIENTED_EDGE('',*,*,#8881,.T.);
#13511 = ORIENTED_EDGE('',*,*,#8898,.T.);
#13512 = ORIENTED_EDGE('',*,*,#8850,.T.);
#13513 = ORIENTED_EDGE('',*,*,#8802,.T.);
#13514 = FACE_BOUND('',#13515,.T.);
#13515 = EDGE_LOOP('',(#13516,#13517,#13518,#13519,#13520,#13521));
#13516 = ORIENTED_EDGE('',*,*,#8922,.T.);
#13517 = ORIENTED_EDGE('',*,*,#8977,.T.);
#13518 = ORIENTED_EDGE('',*,*,#9025,.T.);
#13519 = ORIENTED_EDGE('',*,*,#9042,.T.);
#13520 = ORIENTED_EDGE('',*,*,#8994,.T.);
#13521 = ORIENTED_EDGE('',*,*,#8946,.T.);
#13522 = FACE_BOUND('',#13523,.T.);
#13523 = EDGE_LOOP('',(#13524,#13525,#13526,#13527,#13528,#13529));
#13524 = ORIENTED_EDGE('',*,*,#9066,.T.);
#13525 = ORIENTED_EDGE('',*,*,#9121,.T.);
#13526 = ORIENTED_EDGE('',*,*,#9169,.T.);
#13527 = ORIENTED_EDGE('',*,*,#9186,.T.);
#13528 = ORIENTED_EDGE('',*,*,#9138,.T.);
#13529 = ORIENTED_EDGE('',*,*,#9090,.T.);
#13530 = FACE_BOUND('',#13531,.T.);
#13531 = EDGE_LOOP('',(#13532,#13533,#13534,#13535,#13536,#13537));
#13532 = ORIENTED_EDGE('',*,*,#10650,.T.);
#13533 = ORIENTED_EDGE('',*,*,#10705,.T.);
#13534 = ORIENTED_EDGE('',*,*,#10753,.T.);
#13535 = ORIENTED_EDGE('',*,*,#10770,.T.);
#13536 = ORIENTED_EDGE('',*,*,#10722,.T.);
#13537 = ORIENTED_EDGE('',*,*,#10674,.T.);
#13538 = FACE_BOUND('',#13539,.T.);
#13539 = EDGE_LOOP('',(#13540,#13541,#13542,#13543,#13544,#13545));
#13540 = ORIENTED_EDGE('',*,*,#10794,.T.);
#13541 = ORIENTED_EDGE('',*,*,#10849,.T.);
#13542 = ORIENTED_EDGE('',*,*,#10897,.T.);
#13543 = ORIENTED_EDGE('',*,*,#10914,.T.);
#13544 = ORIENTED_EDGE('',*,*,#10866,.T.);
#13545 = ORIENTED_EDGE('',*,*,#10818,.T.);
#13546 = FACE_BOUND('',#13547,.T.);
#13547 = EDGE_LOOP('',(#13548,#13549,#13550,#13551,#13552,#13553));
#13548 = ORIENTED_EDGE('',*,*,#11082,.T.);
#13549 = ORIENTED_EDGE('',*,*,#11202,.T.);
#13550 = ORIENTED_EDGE('',*,*,#11178,.T.);
#13551 = ORIENTED_EDGE('',*,*,#11154,.T.);
#13552 = ORIENTED_EDGE('',*,*,#11130,.T.);
#13553 = ORIENTED_EDGE('',*,*,#11106,.T.);
#13554 = PLANE('',#13555);
#13555 = AXIS2_PLACEMENT_3D('',#13556,#13557,#13558);
#13556 = CARTESIAN_POINT('',(3.,3.5,3.5));
#13557 = DIRECTION('',(0.,0.,1.));
#13558 = DIRECTION('',(1.,0.,-0.));
#13559 = ADVANCED_FACE('',(#13560),#13662,.F.);
#13560 = FACE_BOUND('',#13561,.F.);
#13561 = EDGE_LOOP('',(#13562,#13563,#13564,#13565,#13566,#13567,#13575,
    #13583,#13591,#13599,#13607,#13615,#13623,#13631,#13639,#13647,
    #13655,#13661));
#13562 = ORIENTED_EDGE('',*,*,#11324,.F.);
#13563 = ORIENTED_EDGE('',*,*,#11307,.F.);
#13564 = ORIENTED_EDGE('',*,*,#11259,.T.);
#13565 = ORIENTED_EDGE('',*,*,#11283,.T.);
#13566 = ORIENTED_EDGE('',*,*,#11340,.F.);
#13567 = ORIENTED_EDGE('',*,*,#13568,.F.);
#13568 = EDGE_CURVE('',#13569,#11333,#13571,.T.);
#13569 = VERTEX_POINT('',#13570);
#13570 = CARTESIAN_POINT('',(166.,54.,11.5));
#13571 = LINE('',#13572,#13573);
#13572 = CARTESIAN_POINT('',(166.,54.,11.5));
#13573 = VECTOR('',#13574,1.);
#13574 = DIRECTION('',(-0.,1.,0.));
#13575 = ORIENTED_EDGE('',*,*,#13576,.F.);
#13576 = EDGE_CURVE('',#13577,#13569,#13579,.T.);
#13577 = VERTEX_POINT('',#13578);
#13578 = CARTESIAN_POINT('',(160.,54.,11.5));
#13579 = LINE('',#13580,#13581);
#13580 = CARTESIAN_POINT('',(20.,54.,11.5));
#13581 = VECTOR('',#13582,1.);
#13582 = DIRECTION('',(1.,0.,-0.));
#13583 = ORIENTED_EDGE('',*,*,#13584,.F.);
#13584 = EDGE_CURVE('',#13585,#13577,#13587,.T.);
#13585 = VERTEX_POINT('',#13586);
#13586 = CARTESIAN_POINT('',(127.5,54.,11.5));
#13587 = LINE('',#13588,#13589);
#13588 = CARTESIAN_POINT('',(20.,54.,11.5));
#13589 = VECTOR('',#13590,1.);
#13590 = DIRECTION('',(1.,0.,-0.));
#13591 = ORIENTED_EDGE('',*,*,#13592,.F.);
#13592 = EDGE_CURVE('',#13593,#13585,#13595,.T.);
#13593 = VERTEX_POINT('',#13594);
#13594 = CARTESIAN_POINT('',(127.5,51.5,11.5));
#13595 = LINE('',#13596,#13597);
#13596 = CARTESIAN_POINT('',(127.5,51.,11.5));
#13597 = VECTOR('',#13598,1.);
#13598 = DIRECTION('',(-0.,1.,0.));
#13599 = ORIENTED_EDGE('',*,*,#13600,.T.);
#13600 = EDGE_CURVE('',#13593,#13601,#13603,.T.);
#13601 = VERTEX_POINT('',#13602);
#13602 = CARTESIAN_POINT('',(111.5,51.5,11.5));
#13603 = LINE('',#13604,#13605);
#13604 = CARTESIAN_POINT('',(57.25,51.5,11.5));
#13605 = VECTOR('',#13606,1.);
#13606 = DIRECTION('',(-1.,-0.,0.));
#13607 = ORIENTED_EDGE('',*,*,#13608,.T.);
#13608 = EDGE_CURVE('',#13601,#13609,#13611,.T.);
#13609 = VERTEX_POINT('',#13610);
#13610 = CARTESIAN_POINT('',(111.5,54.,11.5));
#13611 = LINE('',#13612,#13613);
#13612 = CARTESIAN_POINT('',(111.5,51.,11.5));
#13613 = VECTOR('',#13614,1.);
#13614 = DIRECTION('',(-0.,1.,0.));
#13615 = ORIENTED_EDGE('',*,*,#13616,.F.);
#13616 = EDGE_CURVE('',#13617,#13609,#13619,.T.);
#13617 = VERTEX_POINT('',#13618);
#13618 = CARTESIAN_POINT('',(73.25,54.,11.5));
#13619 = LINE('',#13620,#13621);
#13620 = CARTESIAN_POINT('',(20.,54.,11.5));
#13621 = VECTOR('',#13622,1.);
#13622 = DIRECTION('',(1.,0.,-0.));
#13623 = ORIENTED_EDGE('',*,*,#13624,.F.);
#13624 = EDGE_CURVE('',#13625,#13617,#13627,.T.);
#13625 = VERTEX_POINT('',#13626);
#13626 = CARTESIAN_POINT('',(73.25,51.5,11.5));
#13627 = LINE('',#13628,#13629);
#13628 = CARTESIAN_POINT('',(73.25,51.,11.5));
#13629 = VECTOR('',#13630,1.);
#13630 = DIRECTION('',(-0.,1.,0.));
#13631 = ORIENTED_EDGE('',*,*,#13632,.T.);
#13632 = EDGE_CURVE('',#13625,#13633,#13635,.T.);
#13633 = VERTEX_POINT('',#13634);
#13634 = CARTESIAN_POINT('',(57.25,51.5,11.5));
#13635 = LINE('',#13636,#13637);
#13636 = CARTESIAN_POINT('',(30.125,51.5,11.5));
#13637 = VECTOR('',#13638,1.);
#13638 = DIRECTION('',(-1.,-0.,0.));
#13639 = ORIENTED_EDGE('',*,*,#13640,.T.);
#13640 = EDGE_CURVE('',#13633,#13641,#13643,.T.);
#13641 = VERTEX_POINT('',#13642);
#13642 = CARTESIAN_POINT('',(57.25,54.,11.5));
#13643 = LINE('',#13644,#13645);
#13644 = CARTESIAN_POINT('',(57.25,51.,11.5));
#13645 = VECTOR('',#13646,1.);
#13646 = DIRECTION('',(-0.,1.,0.));
#13647 = ORIENTED_EDGE('',*,*,#13648,.F.);
#13648 = EDGE_CURVE('',#13649,#13641,#13651,.T.);
#13649 = VERTEX_POINT('',#13650);
#13650 = CARTESIAN_POINT('',(26.,54.,11.5));
#13651 = LINE('',#13652,#13653);
#13652 = CARTESIAN_POINT('',(20.,54.,11.5));
#13653 = VECTOR('',#13654,1.);
#13654 = DIRECTION('',(1.,0.,-0.));
#13655 = ORIENTED_EDGE('',*,*,#13656,.F.);
#13656 = EDGE_CURVE('',#11406,#13649,#13657,.T.);
#13657 = LINE('',#13658,#13659);
#13658 = CARTESIAN_POINT('',(20.,54.,11.5));
#13659 = VECTOR('',#13660,1.);
#13660 = DIRECTION('',(1.,0.,-0.));
#13661 = ORIENTED_EDGE('',*,*,#11413,.T.);
#13662 = PLANE('',#13663);
#13663 = AXIS2_PLACEMENT_3D('',#13664,#13665,#13666);
#13664 = CARTESIAN_POINT('',(3.,50.5,11.5));
#13665 = DIRECTION('',(0.,0.,1.));
#13666 = DIRECTION('',(1.,0.,-0.));
#13667 = ADVANCED_FACE('',(#13668),#13679,.T.);
#13668 = FACE_BOUND('',#13669,.T.);
#13669 = EDGE_LOOP('',(#13670,#13671,#13672,#13678));
#13670 = ORIENTED_EDGE('',*,*,#11419,.F.);
#13671 = ORIENTED_EDGE('',*,*,#11332,.T.);
#13672 = ORIENTED_EDGE('',*,*,#13673,.T.);
#13673 = EDGE_CURVE('',#11333,#13093,#13674,.T.);
#13674 = LINE('',#13675,#13676);
#13675 = CARTESIAN_POINT('',(166.,54.,11.5));
#13676 = VECTOR('',#13677,1.);
#13677 = DIRECTION('',(-0.,1.,0.));
#13678 = ORIENTED_EDGE('',*,*,#13102,.F.);
#13679 = PLANE('',#13680);
#13680 = AXIS2_PLACEMENT_3D('',#13681,#13682,#13683);
#13681 = CARTESIAN_POINT('',(20.,54.,11.5));
#13682 = DIRECTION('',(0.,0.,1.));
#13683 = DIRECTION('',(1.,0.,-0.));
#13684 = ADVANCED_FACE('',(#13685),#13710,.T.);
#13685 = FACE_BOUND('',#13686,.T.);
#13686 = EDGE_LOOP('',(#13687,#13695,#13696,#13704));
#13687 = ORIENTED_EDGE('',*,*,#13688,.F.);
#13688 = EDGE_CURVE('',#11396,#13689,#13691,.T.);
#13689 = VERTEX_POINT('',#13690);
#13690 = CARTESIAN_POINT('',(26.,55.5,17.5));
#13691 = LINE('',#13692,#13693);
#13692 = CARTESIAN_POINT('',(20.,55.5,17.5));
#13693 = VECTOR('',#13694,1.);
#13694 = DIRECTION('',(1.,0.,0.));
#13695 = ORIENTED_EDGE('',*,*,#11395,.T.);
#13696 = ORIENTED_EDGE('',*,*,#13697,.T.);
#13697 = EDGE_CURVE('',#11398,#13698,#13700,.T.);
#13698 = VERTEX_POINT('',#13699);
#13699 = CARTESIAN_POINT('',(26.,55.5,138.));
#13700 = LINE('',#13701,#13702);
#13701 = CARTESIAN_POINT('',(20.,55.5,138.));
#13702 = VECTOR('',#13703,1.);
#13703 = DIRECTION('',(1.,0.,-0.));
#13704 = ORIENTED_EDGE('',*,*,#13705,.F.);
#13705 = EDGE_CURVE('',#13689,#13698,#13706,.T.);
#13706 = LINE('',#13707,#13708);
#13707 = CARTESIAN_POINT('',(26.,55.5,17.5));
#13708 = VECTOR('',#13709,1.);
#13709 = DIRECTION('',(0.,0.,1.));
#13710 = PLANE('',#13711);
#13711 = AXIS2_PLACEMENT_3D('',#13712,#13713,#13714);
#13712 = CARTESIAN_POINT('',(20.,55.5,17.5));
#13713 = DIRECTION('',(-0.,1.,0.));
#13714 = DIRECTION('',(0.,0.,1.));
#13715 = ADVANCED_FACE('',(#13716),#13741,.F.);
#13716 = FACE_BOUND('',#13717,.F.);
#13717 = EDGE_LOOP('',(#13718,#13726,#13727,#13735));
#13718 = ORIENTED_EDGE('',*,*,#13719,.F.);
#13719 = EDGE_CURVE('',#11436,#13720,#13722,.T.);
#13720 = VERTEX_POINT('',#13721);
#13721 = CARTESIAN_POINT('',(32.,136.,126.));
#13722 = LINE('',#13723,#13724);
#13723 = CARTESIAN_POINT('',(20.,136.,126.));
#13724 = VECTOR('',#13725,1.);
#13725 = DIRECTION('',(1.,0.,-0.));
#13726 = ORIENTED_EDGE('',*,*,#11443,.T.);
#13727 = ORIENTED_EDGE('',*,*,#13728,.T.);
#13728 = EDGE_CURVE('',#11444,#13729,#13731,.T.);
#13729 = VERTEX_POINT('',#13730);
#13730 = CARTESIAN_POINT('',(32.,136.,138.));
#13731 = LINE('',#13732,#13733);
#13732 = CARTESIAN_POINT('',(20.,136.,138.));
#13733 = VECTOR('',#13734,1.);
#13734 = DIRECTION('',(1.,0.,-0.));
#13735 = ORIENTED_EDGE('',*,*,#13736,.F.);
#13736 = EDGE_CURVE('',#13720,#13729,#13737,.T.);
#13737 = LINE('',#13738,#13739);
#13738 = CARTESIAN_POINT('',(32.,136.,126.));
#13739 = VECTOR('',#13740,1.);
#13740 = DIRECTION('',(0.,0.,1.));
#13741 = PLANE('',#13742);
#13742 = AXIS2_PLACEMENT_3D('',#13743,#13744,#13745);
#13743 = CARTESIAN_POINT('',(20.,136.,126.));
#13744 = DIRECTION('',(-0.,1.,0.));
#13745 = DIRECTION('',(0.,0.,1.));
#13746 = ADVANCED_FACE('',(#13747,#13758),#13769,.F.);
#13747 = FACE_BOUND('',#13748,.F.);
#13748 = EDGE_LOOP('',(#13749,#13750,#13751,#13757));
#13749 = ORIENTED_EDGE('',*,*,#11435,.F.);
#13750 = ORIENTED_EDGE('',*,*,#13719,.T.);
#13751 = ORIENTED_EDGE('',*,*,#13752,.T.);
#13752 = EDGE_CURVE('',#13720,#13110,#13753,.T.);
#13753 = LINE('',#13754,#13755);
#13754 = CARTESIAN_POINT('',(32.,136.,126.));
#13755 = VECTOR('',#13756,1.);
#13756 = DIRECTION('',(-0.,1.,0.));
#13757 = ORIENTED_EDGE('',*,*,#13109,.F.);
#13758 = FACE_BOUND('',#13759,.F.);
#13759 = EDGE_LOOP('',(#13760));
#13760 = ORIENTED_EDGE('',*,*,#13761,.F.);
#13761 = EDGE_CURVE('',#13762,#13762,#13764,.T.);
#13762 = VERTEX_POINT('',#13763);
#13763 = CARTESIAN_POINT('',(27.7,142.,126.));
#13764 = CIRCLE('',#13765,1.7);
#13765 = AXIS2_PLACEMENT_3D('',#13766,#13767,#13768);
#13766 = CARTESIAN_POINT('',(26.,142.,126.));
#13767 = DIRECTION('',(0.,0.,1.));
#13768 = DIRECTION('',(1.,0.,-0.));
#13769 = PLANE('',#13770);
#13770 = AXIS2_PLACEMENT_3D('',#13771,#13772,#13773);
#13771 = CARTESIAN_POINT('',(20.,136.,126.));
#13772 = DIRECTION('',(0.,0.,1.));
#13773 = DIRECTION('',(1.,0.,-0.));
#13774 = ADVANCED_FACE('',(#13775),#13786,.T.);
#13775 = FACE_BOUND('',#13776,.T.);
#13776 = EDGE_LOOP('',(#13777,#13778,#13784,#13785));
#13777 = ORIENTED_EDGE('',*,*,#13688,.T.);
#13778 = ORIENTED_EDGE('',*,*,#13779,.T.);
#13779 = EDGE_CURVE('',#13689,#13649,#13780,.T.);
#13780 = LINE('',#13781,#13782);
#13781 = CARTESIAN_POINT('',(26.,55.5,17.5));
#13782 = VECTOR('',#13783,1.);
#13783 = DIRECTION('',(0.,-0.242535625036,-0.970142500145));
#13784 = ORIENTED_EDGE('',*,*,#13656,.F.);
#13785 = ORIENTED_EDGE('',*,*,#11405,.F.);
#13786 = PLANE('',#13787);
#13787 = AXIS2_PLACEMENT_3D('',#13788,#13789,#13790);
#13788 = CARTESIAN_POINT('',(20.,55.5,17.5));
#13789 = DIRECTION('',(0.,0.970142500145,-0.242535625036));
#13790 = DIRECTION('',(0.,-0.242535625036,-0.970142500145));
#13791 = ADVANCED_FACE('',(#13792),#13798,.T.);
#13792 = FACE_BOUND('',#13793,.T.);
#13793 = EDGE_LOOP('',(#13794,#13795,#13796,#13797));
#13794 = ORIENTED_EDGE('',*,*,#11553,.T.);
#13795 = ORIENTED_EDGE('',*,*,#11827,.T.);
#13796 = ORIENTED_EDGE('',*,*,#11813,.F.);
#13797 = ORIENTED_EDGE('',*,*,#11569,.F.);
#13798 = PLANE('',#13799);
#13799 = AXIS2_PLACEMENT_3D('',#13800,#13801,#13802);
#13800 = CARTESIAN_POINT('',(184.,-1.,135.5));
#13801 = DIRECTION('',(1.,0.,-0.));
#13802 = DIRECTION('',(0.,0.,1.));
#13803 = ADVANCED_FACE('',(#13804,#13822),#13833,.T.);
#13804 = FACE_BOUND('',#13805,.T.);
#13805 = EDGE_LOOP('',(#13806,#13814,#13815,#13816));
#13806 = ORIENTED_EDGE('',*,*,#13807,.F.);
#13807 = EDGE_CURVE('',#11588,#13808,#13810,.T.);
#13808 = VERTEX_POINT('',#13809);
#13809 = CARTESIAN_POINT('',(171.,15.5,138.));
#13810 = LINE('',#13811,#13812);
#13811 = CARTESIAN_POINT('',(171.,3.5,138.));
#13812 = VECTOR('',#13813,1.);
#13813 = DIRECTION('',(-0.,1.,0.));
#13814 = ORIENTED_EDGE('',*,*,#11585,.F.);
#13815 = ORIENTED_EDGE('',*,*,#11643,.T.);
#13816 = ORIENTED_EDGE('',*,*,#13817,.F.);
#13817 = EDGE_CURVE('',#13808,#11636,#13818,.T.);
#13818 = LINE('',#13819,#13820);
#13819 = CARTESIAN_POINT('',(171.,15.5,138.));
#13820 = VECTOR('',#13821,1.);
#13821 = DIRECTION('',(1.,0.,-0.));
#13822 = FACE_BOUND('',#13823,.T.);
#13823 = EDGE_LOOP('',(#13824));
#13824 = ORIENTED_EDGE('',*,*,#13825,.F.);
#13825 = EDGE_CURVE('',#13826,#13826,#13828,.T.);
#13826 = VERTEX_POINT('',#13827);
#13827 = CARTESIAN_POINT('',(178.7,9.5,138.));
#13828 = CIRCLE('',#13829,1.7);
#13829 = AXIS2_PLACEMENT_3D('',#13830,#13831,#13832);
#13830 = CARTESIAN_POINT('',(177.,9.5,138.));
#13831 = DIRECTION('',(0.,0.,1.));
#13832 = DIRECTION('',(1.,0.,-0.));
#13833 = PLANE('',#13834);
#13834 = AXIS2_PLACEMENT_3D('',#13835,#13836,#13837);
#13835 = CARTESIAN_POINT('',(171.,3.5,138.));
#13836 = DIRECTION('',(0.,0.,1.));
#13837 = DIRECTION('',(1.,0.,-0.));
#13838 = ADVANCED_FACE('',(#13839),#13919,.T.);
#13839 = FACE_BOUND('',#13840,.T.);
#13840 = EDGE_LOOP('',(#13841,#13849,#13850,#13858,#13866,#13874,#13882,
    #13890,#13898,#13904,#13905,#13913));
#13841 = ORIENTED_EDGE('',*,*,#13842,.F.);
#13842 = EDGE_CURVE('',#13307,#13843,#13845,.T.);
#13843 = VERTEX_POINT('',#13844);
#13844 = CARTESIAN_POINT('',(183.,3.5,126.));
#13845 = LINE('',#13846,#13847);
#13846 = CARTESIAN_POINT('',(183.,3.5,3.5));
#13847 = VECTOR('',#13848,1.);
#13848 = DIRECTION('',(0.,0.,1.));
#13849 = ORIENTED_EDGE('',*,*,#13306,.F.);
#13850 = ORIENTED_EDGE('',*,*,#13851,.T.);
#13851 = EDGE_CURVE('',#13297,#13852,#13854,.T.);
#13852 = VERTEX_POINT('',#13853);
#13853 = CARTESIAN_POINT('',(3.,3.5,70.));
#13854 = LINE('',#13855,#13856);
#13855 = CARTESIAN_POINT('',(3.,3.5,3.5));
#13856 = VECTOR('',#13857,1.);
#13857 = DIRECTION('',(0.,0.,1.));
#13858 = ORIENTED_EDGE('',*,*,#13859,.T.);
#13859 = EDGE_CURVE('',#13852,#13860,#13862,.T.);
#13860 = VERTEX_POINT('',#13861);
#13861 = CARTESIAN_POINT('',(88.5,3.5,70.));
#13862 = LINE('',#13863,#13864);
#13863 = CARTESIAN_POINT('',(3.,3.5,70.));
#13864 = VECTOR('',#13865,1.);
#13865 = DIRECTION('',(1.,0.,-0.));
#13866 = ORIENTED_EDGE('',*,*,#13867,.T.);
#13867 = EDGE_CURVE('',#13860,#13868,#13870,.T.);
#13868 = VERTEX_POINT('',#13869);
#13869 = CARTESIAN_POINT('',(88.5,3.5,85.));
#13870 = LINE('',#13871,#13872);
#13871 = CARTESIAN_POINT('',(88.5,3.5,70.));
#13872 = VECTOR('',#13873,1.);
#13873 = DIRECTION('',(0.,0.,1.));
#13874 = ORIENTED_EDGE('',*,*,#13875,.F.);
#13875 = EDGE_CURVE('',#13876,#13868,#13878,.T.);
#13876 = VERTEX_POINT('',#13877);
#13877 = CARTESIAN_POINT('',(3.,3.5,85.));
#13878 = LINE('',#13879,#13880);
#13879 = CARTESIAN_POINT('',(3.,3.5,85.));
#13880 = VECTOR('',#13881,1.);
#13881 = DIRECTION('',(1.,0.,-0.));
#13882 = ORIENTED_EDGE('',*,*,#13883,.T.);
#13883 = EDGE_CURVE('',#13876,#13884,#13886,.T.);
#13884 = VERTEX_POINT('',#13885);
#13885 = CARTESIAN_POINT('',(3.,3.5,126.));
#13886 = LINE('',#13887,#13888);
#13887 = CARTESIAN_POINT('',(3.,3.5,3.5));
#13888 = VECTOR('',#13889,1.);
#13889 = DIRECTION('',(0.,0.,1.));
#13890 = ORIENTED_EDGE('',*,*,#13891,.T.);
#13891 = EDGE_CURVE('',#13884,#13892,#13894,.T.);
#13892 = VERTEX_POINT('',#13893);
#13893 = CARTESIAN_POINT('',(15.,3.5,126.));
#13894 = LINE('',#13895,#13896);
#13895 = CARTESIAN_POINT('',(3.,3.5,126.));
#13896 = VECTOR('',#13897,1.);
#13897 = DIRECTION('',(1.,0.,-0.));
#13898 = ORIENTED_EDGE('',*,*,#13899,.T.);
#13899 = EDGE_CURVE('',#13892,#11596,#13900,.T.);
#13900 = LINE('',#13901,#13902);
#13901 = CARTESIAN_POINT('',(15.,3.5,126.));
#13902 = VECTOR('',#13903,1.);
#13903 = DIRECTION('',(0.,0.,1.));
#13904 = ORIENTED_EDGE('',*,*,#11595,.F.);
#13905 = ORIENTED_EDGE('',*,*,#13906,.F.);
#13906 = EDGE_CURVE('',#13907,#11588,#13909,.T.);
#13907 = VERTEX_POINT('',#13908);
#13908 = CARTESIAN_POINT('',(171.,3.5,126.));
#13909 = LINE('',#13910,#13911);
#13910 = CARTESIAN_POINT('',(171.,3.5,126.));
#13911 = VECTOR('',#13912,1.);
#13912 = DIRECTION('',(0.,0.,1.));
#13913 = ORIENTED_EDGE('',*,*,#13914,.T.);
#13914 = EDGE_CURVE('',#13907,#13843,#13915,.T.);
#13915 = LINE('',#13916,#13917);
#13916 = CARTESIAN_POINT('',(171.,3.5,126.));
#13917 = VECTOR('',#13918,1.);
#13918 = DIRECTION('',(1.,0.,-0.));
#13919 = PLANE('',#13920);
#13920 = AXIS2_PLACEMENT_3D('',#13921,#13922,#13923);
#13921 = CARTESIAN_POINT('',(3.,3.5,3.5));
#13922 = DIRECTION('',(-0.,1.,0.));
#13923 = DIRECTION('',(0.,0.,1.));
#13924 = ADVANCED_FACE('',(#13925,#13943),#13954,.T.);
#13925 = FACE_BOUND('',#13926,.T.);
#13926 = EDGE_LOOP('',(#13927,#13928,#13929,#13937));
#13927 = ORIENTED_EDGE('',*,*,#11611,.F.);
#13928 = ORIENTED_EDGE('',*,*,#11603,.F.);
#13929 = ORIENTED_EDGE('',*,*,#13930,.T.);
#13930 = EDGE_CURVE('',#11596,#13931,#13933,.T.);
#13931 = VERTEX_POINT('',#13932);
#13932 = CARTESIAN_POINT('',(15.,15.5,138.));
#13933 = LINE('',#13934,#13935);
#13934 = CARTESIAN_POINT('',(15.,3.5,138.));
#13935 = VECTOR('',#13936,1.);
#13936 = DIRECTION('',(-0.,1.,0.));
#13937 = ORIENTED_EDGE('',*,*,#13938,.F.);
#13938 = EDGE_CURVE('',#11612,#13931,#13939,.T.);
#13939 = LINE('',#13940,#13941);
#13940 = CARTESIAN_POINT('',(3.,15.5,138.));
#13941 = VECTOR('',#13942,1.);
#13942 = DIRECTION('',(1.,0.,-0.));
#13943 = FACE_BOUND('',#13944,.T.);
#13944 = EDGE_LOOP('',(#13945));
#13945 = ORIENTED_EDGE('',*,*,#13946,.F.);
#13946 = EDGE_CURVE('',#13947,#13947,#13949,.T.);
#13947 = VERTEX_POINT('',#13948);
#13948 = CARTESIAN_POINT('',(10.7,9.5,138.));
#13949 = CIRCLE('',#13950,1.7);
#13950 = AXIS2_PLACEMENT_3D('',#13951,#13952,#13953);
#13951 = CARTESIAN_POINT('',(9.,9.5,138.));
#13952 = DIRECTION('',(0.,0.,1.));
#13953 = DIRECTION('',(1.,0.,-0.));
#13954 = PLANE('',#13955);
#13955 = AXIS2_PLACEMENT_3D('',#13956,#13957,#13958);
#13956 = CARTESIAN_POINT('',(3.,3.5,138.));
#13957 = DIRECTION('',(0.,0.,1.));
#13958 = DIRECTION('',(1.,0.,-0.));
#13959 = ADVANCED_FACE('',(#13960),#13985,.F.);
#13960 = FACE_BOUND('',#13961,.F.);
#13961 = EDGE_LOOP('',(#13962,#13963,#13964,#13970,#13971,#13979));
#13962 = ORIENTED_EDGE('',*,*,#13842,.F.);
#13963 = ORIENTED_EDGE('',*,*,#13314,.T.);
#13964 = ORIENTED_EDGE('',*,*,#13965,.T.);
#13965 = EDGE_CURVE('',#13315,#11628,#13966,.T.);
#13966 = LINE('',#13967,#13968);
#13967 = CARTESIAN_POINT('',(183.,48.5,3.5));
#13968 = VECTOR('',#13969,1.);
#13969 = DIRECTION('',(0.,0.,1.));
#13970 = ORIENTED_EDGE('',*,*,#11635,.F.);
#13971 = ORIENTED_EDGE('',*,*,#13972,.F.);
#13972 = EDGE_CURVE('',#13973,#11636,#13975,.T.);
#13973 = VERTEX_POINT('',#13974);
#13974 = CARTESIAN_POINT('',(183.,15.5,126.));
#13975 = LINE('',#13976,#13977);
#13976 = CARTESIAN_POINT('',(183.,15.5,126.));
#13977 = VECTOR('',#13978,1.);
#13978 = DIRECTION('',(0.,0.,1.));
#13979 = ORIENTED_EDGE('',*,*,#13980,.F.);
#13980 = EDGE_CURVE('',#13843,#13973,#13981,.T.);
#13981 = LINE('',#13982,#13983);
#13982 = CARTESIAN_POINT('',(183.,3.5,126.));
#13983 = VECTOR('',#13984,1.);
#13984 = DIRECTION('',(-0.,1.,0.));
#13985 = PLANE('',#13986);
#13986 = AXIS2_PLACEMENT_3D('',#13987,#13988,#13989);
#13987 = CARTESIAN_POINT('',(183.,3.5,3.5));
#13988 = DIRECTION('',(1.,0.,-0.));
#13989 = DIRECTION('',(0.,0.,1.));
#13990 = ADVANCED_FACE('',(#13991),#14039,.T.);
#13991 = FACE_BOUND('',#13992,.T.);
#13992 = EDGE_LOOP('',(#13993,#13994,#13995,#14001,#14002,#14010,#14016,
    #14017,#14025,#14033));
#13993 = ORIENTED_EDGE('',*,*,#13851,.F.);
#13994 = ORIENTED_EDGE('',*,*,#13296,.T.);
#13995 = ORIENTED_EDGE('',*,*,#13996,.T.);
#13996 = EDGE_CURVE('',#13299,#11620,#13997,.T.);
#13997 = LINE('',#13998,#13999);
#13998 = CARTESIAN_POINT('',(3.,48.5,3.5));
#13999 = VECTOR('',#14000,1.);
#14000 = DIRECTION('',(0.,0.,1.));
#14001 = ORIENTED_EDGE('',*,*,#11619,.F.);
#14002 = ORIENTED_EDGE('',*,*,#14003,.F.);
#14003 = EDGE_CURVE('',#14004,#11612,#14006,.T.);
#14004 = VERTEX_POINT('',#14005);
#14005 = CARTESIAN_POINT('',(3.,15.5,126.));
#14006 = LINE('',#14007,#14008);
#14007 = CARTESIAN_POINT('',(3.,15.5,126.));
#14008 = VECTOR('',#14009,1.);
#14009 = DIRECTION('',(0.,0.,1.));
#14010 = ORIENTED_EDGE('',*,*,#14011,.F.);
#14011 = EDGE_CURVE('',#13884,#14004,#14012,.T.);
#14012 = LINE('',#14013,#14014);
#14013 = CARTESIAN_POINT('',(3.,3.5,126.));
#14014 = VECTOR('',#14015,1.);
#14015 = DIRECTION('',(-0.,1.,0.));
#14016 = ORIENTED_EDGE('',*,*,#13883,.F.);
#14017 = ORIENTED_EDGE('',*,*,#14018,.T.);
#14018 = EDGE_CURVE('',#13876,#14019,#14021,.T.);
#14019 = VERTEX_POINT('',#14020);
#14020 = CARTESIAN_POINT('',(3.,5.5,85.));
#14021 = LINE('',#14022,#14023);
#14022 = CARTESIAN_POINT('',(3.,3.5,85.));
#14023 = VECTOR('',#14024,1.);
#14024 = DIRECTION('',(-0.,1.,0.));
#14025 = ORIENTED_EDGE('',*,*,#14026,.F.);
#14026 = EDGE_CURVE('',#14027,#14019,#14029,.T.);
#14027 = VERTEX_POINT('',#14028);
#14028 = CARTESIAN_POINT('',(3.,5.5,70.));
#14029 = LINE('',#14030,#14031);
#14030 = CARTESIAN_POINT('',(3.,5.5,70.));
#14031 = VECTOR('',#14032,1.);
#14032 = DIRECTION('',(0.,0.,1.));
#14033 = ORIENTED_EDGE('',*,*,#14034,.F.);
#14034 = EDGE_CURVE('',#13852,#14027,#14035,.T.);
#14035 = LINE('',#14036,#14037);
#14036 = CARTESIAN_POINT('',(3.,3.5,70.));
#14037 = VECTOR('',#14038,1.);
#14038 = DIRECTION('',(-0.,1.,0.));
#14039 = PLANE('',#14040);
#14040 = AXIS2_PLACEMENT_3D('',#14041,#14042,#14043);
#14041 = CARTESIAN_POINT('',(3.,3.5,3.5));
#14042 = DIRECTION('',(1.,0.,-0.));
#14043 = DIRECTION('',(0.,0.,1.));
#14044 = ADVANCED_FACE('',(#14045),#14051,.F.);
#14045 = FACE_BOUND('',#14046,.F.);
#14046 = EDGE_LOOP('',(#14047,#14048,#14049,#14050));
#14047 = ORIENTED_EDGE('',*,*,#13965,.F.);
#14048 = ORIENTED_EDGE('',*,*,#13322,.F.);
#14049 = ORIENTED_EDGE('',*,*,#13996,.T.);
#14050 = ORIENTED_EDGE('',*,*,#11627,.F.);
#14051 = PLANE('',#14052);
#14052 = AXIS2_PLACEMENT_3D('',#14053,#14054,#14055);
#14053 = CARTESIAN_POINT('',(3.,48.5,3.5));
#14054 = DIRECTION('',(-0.,1.,0.));
#14055 = DIRECTION('',(0.,0.,1.));
#14056 = ADVANCED_FACE('',(#14057),#14075,.T.);
#14057 = FACE_BOUND('',#14058,.T.);
#14058 = EDGE_LOOP('',(#14059,#14067,#14068,#14069));
#14059 = ORIENTED_EDGE('',*,*,#14060,.F.);
#14060 = EDGE_CURVE('',#11662,#14061,#14063,.T.);
#14061 = VERTEX_POINT('',#14062);
#14062 = CARTESIAN_POINT('',(160.,55.5,138.));
#14063 = LINE('',#14064,#14065);
#14064 = CARTESIAN_POINT('',(160.,54.,138.));
#14065 = VECTOR('',#14066,1.);
#14066 = DIRECTION('',(-0.,1.,0.));
#14067 = ORIENTED_EDGE('',*,*,#11661,.F.);
#14068 = ORIENTED_EDGE('',*,*,#11651,.T.);
#14069 = ORIENTED_EDGE('',*,*,#14070,.F.);
#14070 = EDGE_CURVE('',#14061,#11654,#14071,.T.);
#14071 = LINE('',#14072,#14073);
#14072 = CARTESIAN_POINT('',(160.,55.5,138.));
#14073 = VECTOR('',#14074,1.);
#14074 = DIRECTION('',(1.,0.,-0.));
#14075 = PLANE('',#14076);
#14076 = AXIS2_PLACEMENT_3D('',#14077,#14078,#14079);
#14077 = CARTESIAN_POINT('',(160.,54.,138.));
#14078 = DIRECTION('',(0.,0.,1.));
#14079 = DIRECTION('',(1.,0.,-0.));
#14080 = ADVANCED_FACE('',(#14081,#14115,#14121,#14127,#14133,#14139,
    #14145,#14151,#14157,#14163,#14169,#14175,#14181,#14187),#14193,.F.
  );
#14081 = FACE_BOUND('',#14082,.F.);
#14082 = EDGE_LOOP('',(#14083,#14091,#14097,#14098,#14099,#14100,#14108,
    #14114));
#14083 = ORIENTED_EDGE('',*,*,#14084,.F.);
#14084 = EDGE_CURVE('',#14085,#11654,#14087,.T.);
#14085 = VERTEX_POINT('',#14086);
#14086 = CARTESIAN_POINT('',(166.,55.5,17.5));
#14087 = LINE('',#14088,#14089);
#14088 = CARTESIAN_POINT('',(166.,55.5,17.5));
#14089 = VECTOR('',#14090,1.);
#14090 = DIRECTION('',(0.,0.,1.));
#14091 = ORIENTED_EDGE('',*,*,#14092,.T.);
#14092 = EDGE_CURVE('',#14085,#13569,#14093,.T.);
#14093 = LINE('',#14094,#14095);
#14094 = CARTESIAN_POINT('',(166.,55.5,17.5));
#14095 = VECTOR('',#14096,1.);
#14096 = DIRECTION('',(0.,-0.242535625036,-0.970142500145));
#14097 = ORIENTED_EDGE('',*,*,#13568,.T.);
#14098 = ORIENTED_EDGE('',*,*,#13673,.T.);
#14099 = ORIENTED_EDGE('',*,*,#13092,.T.);
#14100 = ORIENTED_EDGE('',*,*,#14101,.F.);
#14101 = EDGE_CURVE('',#14102,#13095,#14104,.T.);
#14102 = VERTEX_POINT('',#14103);
#14103 = CARTESIAN_POINT('',(166.,136.,126.));
#14104 = LINE('',#14105,#14106);
#14105 = CARTESIAN_POINT('',(166.,136.,126.));
#14106 = VECTOR('',#14107,1.);
#14107 = DIRECTION('',(-0.,1.,0.));
#14108 = ORIENTED_EDGE('',*,*,#14109,.T.);
#14109 = EDGE_CURVE('',#14102,#11789,#14110,.T.);
#14110 = LINE('',#14111,#14112);
#14111 = CARTESIAN_POINT('',(166.,136.,126.));
#14112 = VECTOR('',#14113,1.);
#14113 = DIRECTION('',(0.,0.,1.));
#14114 = ORIENTED_EDGE('',*,*,#11796,.F.);
#14115 = FACE_BOUND('',#14116,.F.);
#14116 = EDGE_LOOP('',(#14117,#14118,#14119,#14120));
#14117 = ORIENTED_EDGE('',*,*,#11844,.T.);
#14118 = ORIENTED_EDGE('',*,*,#11899,.T.);
#14119 = ORIENTED_EDGE('',*,*,#11923,.T.);
#14120 = ORIENTED_EDGE('',*,*,#11875,.T.);
#14121 = FACE_BOUND('',#14122,.F.);
#14122 = EDGE_LOOP('',(#14123,#14124,#14125,#14126));
#14123 = ORIENTED_EDGE('',*,*,#11940,.T.);
#14124 = ORIENTED_EDGE('',*,*,#11995,.T.);
#14125 = ORIENTED_EDGE('',*,*,#12019,.T.);
#14126 = ORIENTED_EDGE('',*,*,#11971,.T.);
#14127 = FACE_BOUND('',#14128,.F.);
#14128 = EDGE_LOOP('',(#14129,#14130,#14131,#14132));
#14129 = ORIENTED_EDGE('',*,*,#12036,.T.);
#14130 = ORIENTED_EDGE('',*,*,#12091,.T.);
#14131 = ORIENTED_EDGE('',*,*,#12115,.T.);
#14132 = ORIENTED_EDGE('',*,*,#12067,.T.);
#14133 = FACE_BOUND('',#14134,.F.);
#14134 = EDGE_LOOP('',(#14135,#14136,#14137,#14138));
#14135 = ORIENTED_EDGE('',*,*,#12132,.T.);
#14136 = ORIENTED_EDGE('',*,*,#12187,.T.);
#14137 = ORIENTED_EDGE('',*,*,#12211,.T.);
#14138 = ORIENTED_EDGE('',*,*,#12163,.T.);
#14139 = FACE_BOUND('',#14140,.F.);
#14140 = EDGE_LOOP('',(#14141,#14142,#14143,#14144));
#14141 = ORIENTED_EDGE('',*,*,#12708,.T.);
#14142 = ORIENTED_EDGE('',*,*,#12763,.T.);
#14143 = ORIENTED_EDGE('',*,*,#12787,.T.);
#14144 = ORIENTED_EDGE('',*,*,#12739,.T.);
#14145 = FACE_BOUND('',#14146,.F.);
#14146 = EDGE_LOOP('',(#14147,#14148,#14149,#14150));
#14147 = ORIENTED_EDGE('',*,*,#12228,.T.);
#14148 = ORIENTED_EDGE('',*,*,#12283,.T.);
#14149 = ORIENTED_EDGE('',*,*,#12307,.T.);
#14150 = ORIENTED_EDGE('',*,*,#12259,.T.);
#14151 = FACE_BOUND('',#14152,.F.);
#14152 = EDGE_LOOP('',(#14153,#14154,#14155,#14156));
#14153 = ORIENTED_EDGE('',*,*,#12324,.T.);
#14154 = ORIENTED_EDGE('',*,*,#12379,.T.);
#14155 = ORIENTED_EDGE('',*,*,#12403,.T.);
#14156 = ORIENTED_EDGE('',*,*,#12355,.T.);
#14157 = FACE_BOUND('',#14158,.F.);
#14158 = EDGE_LOOP('',(#14159,#14160,#14161,#14162));
#14159 = ORIENTED_EDGE('',*,*,#12420,.T.);
#14160 = ORIENTED_EDGE('',*,*,#12475,.T.);
#14161 = ORIENTED_EDGE('',*,*,#12499,.T.);
#14162 = ORIENTED_EDGE('',*,*,#12451,.T.);
#14163 = FACE_BOUND('',#14164,.F.);
#14164 = EDGE_LOOP('',(#14165,#14166,#14167,#14168));
#14165 = ORIENTED_EDGE('',*,*,#12516,.T.);
#14166 = ORIENTED_EDGE('',*,*,#12571,.T.);
#14167 = ORIENTED_EDGE('',*,*,#12595,.T.);
#14168 = ORIENTED_EDGE('',*,*,#12547,.T.);
#14169 = FACE_BOUND('',#14170,.F.);
#14170 = EDGE_LOOP('',(#14171,#14172,#14173,#14174));
#14171 = ORIENTED_EDGE('',*,*,#12612,.T.);
#14172 = ORIENTED_EDGE('',*,*,#12667,.T.);
#14173 = ORIENTED_EDGE('',*,*,#12691,.T.);
#14174 = ORIENTED_EDGE('',*,*,#12643,.T.);
#14175 = FACE_BOUND('',#14176,.F.);
#14176 = EDGE_LOOP('',(#14177,#14178,#14179,#14180));
#14177 = ORIENTED_EDGE('',*,*,#12804,.T.);
#14178 = ORIENTED_EDGE('',*,*,#12859,.T.);
#14179 = ORIENTED_EDGE('',*,*,#12883,.T.);
#14180 = ORIENTED_EDGE('',*,*,#12835,.T.);
#14181 = FACE_BOUND('',#14182,.F.);
#14182 = EDGE_LOOP('',(#14183,#14184,#14185,#14186));
#14183 = ORIENTED_EDGE('',*,*,#12900,.T.);
#14184 = ORIENTED_EDGE('',*,*,#12955,.T.);
#14185 = ORIENTED_EDGE('',*,*,#12979,.T.);
#14186 = ORIENTED_EDGE('',*,*,#12931,.T.);
#14187 = FACE_BOUND('',#14188,.F.);
#14188 = EDGE_LOOP('',(#14189,#14190,#14191,#14192));
#14189 = ORIENTED_EDGE('',*,*,#12996,.T.);
#14190 = ORIENTED_EDGE('',*,*,#13051,.T.);
#14191 = ORIENTED_EDGE('',*,*,#13075,.T.);
#14192 = ORIENTED_EDGE('',*,*,#13027,.T.);
#14193 = PLANE('',#14194);
#14194 = AXIS2_PLACEMENT_3D('',#14195,#14196,#14197);
#14195 = CARTESIAN_POINT('',(166.,54.,11.5));
#14196 = DIRECTION('',(1.,0.,-0.));
#14197 = DIRECTION('',(0.,0.,1.));
#14198 = ADVANCED_FACE('',(#14199,#14217),#14228,.T.);
#14199 = FACE_BOUND('',#14200,.T.);
#14200 = EDGE_LOOP('',(#14201,#14209,#14215,#14216));
#14201 = ORIENTED_EDGE('',*,*,#14202,.F.);
#14202 = EDGE_CURVE('',#14203,#11773,#14205,.T.);
#14203 = VERTEX_POINT('',#14204);
#14204 = CARTESIAN_POINT('',(154.,136.,138.));
#14205 = LINE('',#14206,#14207);
#14206 = CARTESIAN_POINT('',(154.,136.,138.));
#14207 = VECTOR('',#14208,1.);
#14208 = DIRECTION('',(-0.,1.,0.));
#14209 = ORIENTED_EDGE('',*,*,#14210,.T.);
#14210 = EDGE_CURVE('',#14203,#11789,#14211,.T.);
#14211 = LINE('',#14212,#14213);
#14212 = CARTESIAN_POINT('',(154.,136.,138.));
#14213 = VECTOR('',#14214,1.);
#14214 = DIRECTION('',(1.,0.,-0.));
#14215 = ORIENTED_EDGE('',*,*,#11788,.T.);
#14216 = ORIENTED_EDGE('',*,*,#11780,.T.);
#14217 = FACE_BOUND('',#14218,.T.);
#14218 = EDGE_LOOP('',(#14219));
#14219 = ORIENTED_EDGE('',*,*,#14220,.F.);
#14220 = EDGE_CURVE('',#14221,#14221,#14223,.T.);
#14221 = VERTEX_POINT('',#14222);
#14222 = CARTESIAN_POINT('',(161.7,142.,138.));
#14223 = CIRCLE('',#14224,1.7);
#14224 = AXIS2_PLACEMENT_3D('',#14225,#14226,#14227);
#14225 = CARTESIAN_POINT('',(160.,142.,138.));
#14226 = DIRECTION('',(0.,0.,1.));
#14227 = DIRECTION('',(1.,0.,-0.));
#14228 = PLANE('',#14229);
#14229 = AXIS2_PLACEMENT_3D('',#14230,#14231,#14232);
#14230 = CARTESIAN_POINT('',(154.,136.,138.));
#14231 = DIRECTION('',(0.,0.,1.));
#14232 = DIRECTION('',(1.,0.,-0.));
#14233 = ADVANCED_FACE('',(#14234),#14258,.T.);
#14234 = FACE_BOUND('',#14235,.T.);
#14235 = EDGE_LOOP('',(#14236,#14244,#14250,#14251,#14257));
#14236 = ORIENTED_EDGE('',*,*,#14237,.F.);
#14237 = EDGE_CURVE('',#14238,#11662,#14240,.T.);
#14238 = VERTEX_POINT('',#14239);
#14239 = CARTESIAN_POINT('',(160.,54.,17.5));
#14240 = LINE('',#14241,#14242);
#14241 = CARTESIAN_POINT('',(160.,54.,17.5));
#14242 = VECTOR('',#14243,1.);
#14243 = DIRECTION('',(0.,0.,1.));
#14244 = ORIENTED_EDGE('',*,*,#14245,.F.);
#14245 = EDGE_CURVE('',#13577,#14238,#14246,.T.);
#14246 = LINE('',#14247,#14248);
#14247 = CARTESIAN_POINT('',(160.,54.,11.5));
#14248 = VECTOR('',#14249,1.);
#14249 = DIRECTION('',(0.,0.,1.));
#14250 = ORIENTED_EDGE('',*,*,#13584,.F.);
#14251 = ORIENTED_EDGE('',*,*,#14252,.F.);
#14252 = EDGE_CURVE('',#11670,#13585,#14253,.T.);
#14253 = LINE('',#14254,#14255);
#14254 = CARTESIAN_POINT('',(127.5,54.,11.));
#14255 = VECTOR('',#14256,1.);
#14256 = DIRECTION('',(-0.,0.,-1.));
#14257 = ORIENTED_EDGE('',*,*,#11669,.F.);
#14258 = PLANE('',#14259);
#14259 = AXIS2_PLACEMENT_3D('',#14260,#14261,#14262);
#14260 = CARTESIAN_POINT('',(20.,54.,11.5));
#14261 = DIRECTION('',(-0.,1.,0.));
#14262 = DIRECTION('',(0.,0.,1.));
#14263 = ADVANCED_FACE('',(#14264,#14275),#14286,.T.);
#14264 = FACE_BOUND('',#14265,.T.);
#14265 = EDGE_LOOP('',(#14266,#14267,#14268,#14274));
#14266 = ORIENTED_EDGE('',*,*,#11756,.F.);
#14267 = ORIENTED_EDGE('',*,*,#13728,.T.);
#14268 = ORIENTED_EDGE('',*,*,#14269,.T.);
#14269 = EDGE_CURVE('',#13729,#11765,#14270,.T.);
#14270 = LINE('',#14271,#14272);
#14271 = CARTESIAN_POINT('',(32.,136.,138.));
#14272 = VECTOR('',#14273,1.);
#14273 = DIRECTION('',(-0.,1.,0.));
#14274 = ORIENTED_EDGE('',*,*,#11764,.T.);
#14275 = FACE_BOUND('',#14276,.T.);
#14276 = EDGE_LOOP('',(#14277));
#14277 = ORIENTED_EDGE('',*,*,#14278,.F.);
#14278 = EDGE_CURVE('',#14279,#14279,#14281,.T.);
#14279 = VERTEX_POINT('',#14280);
#14280 = CARTESIAN_POINT('',(27.7,142.,138.));
#14281 = CIRCLE('',#14282,1.7);
#14282 = AXIS2_PLACEMENT_3D('',#14283,#14284,#14285);
#14283 = CARTESIAN_POINT('',(26.,142.,138.));
#14284 = DIRECTION('',(0.,0.,1.));
#14285 = DIRECTION('',(1.,0.,-0.));
#14286 = PLANE('',#14287);
#14287 = AXIS2_PLACEMENT_3D('',#14288,#14289,#14290);
#14288 = CARTESIAN_POINT('',(20.,136.,138.));
#14289 = DIRECTION('',(0.,0.,1.));
#14290 = DIRECTION('',(1.,0.,-0.));
#14291 = ADVANCED_FACE('',(#14292),#14303,.F.);
#14292 = FACE_BOUND('',#14293,.F.);
#14293 = EDGE_LOOP('',(#14294,#14300,#14301,#14302));
#14294 = ORIENTED_EDGE('',*,*,#14295,.F.);
#14295 = EDGE_CURVE('',#13593,#11678,#14296,.T.);
#14296 = LINE('',#14297,#14298);
#14297 = CARTESIAN_POINT('',(127.5,51.5,10.5));
#14298 = VECTOR('',#14299,1.);
#14299 = DIRECTION('',(0.,0.,1.));
#14300 = ORIENTED_EDGE('',*,*,#13592,.T.);
#14301 = ORIENTED_EDGE('',*,*,#14252,.F.);
#14302 = ORIENTED_EDGE('',*,*,#11677,.F.);
#14303 = PLANE('',#14304);
#14304 = AXIS2_PLACEMENT_3D('',#14305,#14306,#14307);
#14305 = CARTESIAN_POINT('',(127.5,51.5,10.5));
#14306 = DIRECTION('',(1.,0.,-0.));
#14307 = DIRECTION('',(0.,0.,1.));
#14308 = ADVANCED_FACE('',(#14309),#14320,.T.);
#14309 = FACE_BOUND('',#14310,.T.);
#14310 = EDGE_LOOP('',(#14311,#14312,#14313,#14319));
#14311 = ORIENTED_EDGE('',*,*,#14295,.F.);
#14312 = ORIENTED_EDGE('',*,*,#13600,.T.);
#14313 = ORIENTED_EDGE('',*,*,#14314,.T.);
#14314 = EDGE_CURVE('',#13601,#11686,#14315,.T.);
#14315 = LINE('',#14316,#14317);
#14316 = CARTESIAN_POINT('',(111.5,51.5,10.5));
#14317 = VECTOR('',#14318,1.);
#14318 = DIRECTION('',(0.,0.,1.));
#14319 = ORIENTED_EDGE('',*,*,#11685,.F.);
#14320 = PLANE('',#14321);
#14321 = AXIS2_PLACEMENT_3D('',#14322,#14323,#14324);
#14322 = CARTESIAN_POINT('',(111.5,51.5,10.5));
#14323 = DIRECTION('',(-0.,1.,0.));
#14324 = DIRECTION('',(0.,0.,1.));
#14325 = ADVANCED_FACE('',(#14326),#14337,.T.);
#14326 = FACE_BOUND('',#14327,.T.);
#14327 = EDGE_LOOP('',(#14328,#14329,#14330,#14336));
#14328 = ORIENTED_EDGE('',*,*,#11749,.F.);
#14329 = ORIENTED_EDGE('',*,*,#11741,.F.);
#14330 = ORIENTED_EDGE('',*,*,#14331,.T.);
#14331 = EDGE_CURVE('',#11734,#13698,#14332,.T.);
#14332 = LINE('',#14333,#14334);
#14333 = CARTESIAN_POINT('',(26.,54.,138.));
#14334 = VECTOR('',#14335,1.);
#14335 = DIRECTION('',(-0.,1.,0.));
#14336 = ORIENTED_EDGE('',*,*,#13697,.F.);
#14337 = PLANE('',#14338);
#14338 = AXIS2_PLACEMENT_3D('',#14339,#14340,#14341);
#14339 = CARTESIAN_POINT('',(20.,54.,138.));
#14340 = DIRECTION('',(0.,0.,1.));
#14341 = DIRECTION('',(1.,0.,-0.));
#14342 = ADVANCED_FACE('',(#14343),#14354,.T.);
#14343 = FACE_BOUND('',#14344,.T.);
#14344 = EDGE_LOOP('',(#14345,#14346,#14347,#14353));
#14345 = ORIENTED_EDGE('',*,*,#14314,.F.);
#14346 = ORIENTED_EDGE('',*,*,#13608,.T.);
#14347 = ORIENTED_EDGE('',*,*,#14348,.F.);
#14348 = EDGE_CURVE('',#11694,#13609,#14349,.T.);
#14349 = LINE('',#14350,#14351);
#14350 = CARTESIAN_POINT('',(111.5,54.,11.));
#14351 = VECTOR('',#14352,1.);
#14352 = DIRECTION('',(-0.,0.,-1.));
#14353 = ORIENTED_EDGE('',*,*,#11693,.F.);
#14354 = PLANE('',#14355);
#14355 = AXIS2_PLACEMENT_3D('',#14356,#14357,#14358);
#14356 = CARTESIAN_POINT('',(111.5,51.5,10.5));
#14357 = DIRECTION('',(1.,0.,-0.));
#14358 = DIRECTION('',(0.,0.,1.));
#14359 = ADVANCED_FACE('',(#14360),#14371,.T.);
#14360 = FACE_BOUND('',#14361,.T.);
#14361 = EDGE_LOOP('',(#14362,#14363,#14364,#14365));
#14362 = ORIENTED_EDGE('',*,*,#11701,.F.);
#14363 = ORIENTED_EDGE('',*,*,#14348,.T.);
#14364 = ORIENTED_EDGE('',*,*,#13616,.F.);
#14365 = ORIENTED_EDGE('',*,*,#14366,.F.);
#14366 = EDGE_CURVE('',#11702,#13617,#14367,.T.);
#14367 = LINE('',#14368,#14369);
#14368 = CARTESIAN_POINT('',(73.25,54.,11.));
#14369 = VECTOR('',#14370,1.);
#14370 = DIRECTION('',(-0.,0.,-1.));
#14371 = PLANE('',#14372);
#14372 = AXIS2_PLACEMENT_3D('',#14373,#14374,#14375);
#14373 = CARTESIAN_POINT('',(20.,54.,11.5));
#14374 = DIRECTION('',(-0.,1.,0.));
#14375 = DIRECTION('',(0.,0.,1.));
#14376 = ADVANCED_FACE('',(#14377),#14401,.T.);
#14377 = FACE_BOUND('',#14378,.T.);
#14378 = EDGE_LOOP('',(#14379,#14380,#14386,#14387,#14395));
#14379 = ORIENTED_EDGE('',*,*,#11733,.F.);
#14380 = ORIENTED_EDGE('',*,*,#14381,.T.);
#14381 = EDGE_CURVE('',#11726,#13641,#14382,.T.);
#14382 = LINE('',#14383,#14384);
#14383 = CARTESIAN_POINT('',(57.25,54.,11.));
#14384 = VECTOR('',#14385,1.);
#14385 = DIRECTION('',(-0.,0.,-1.));
#14386 = ORIENTED_EDGE('',*,*,#13648,.F.);
#14387 = ORIENTED_EDGE('',*,*,#14388,.T.);
#14388 = EDGE_CURVE('',#13649,#14389,#14391,.T.);
#14389 = VERTEX_POINT('',#14390);
#14390 = CARTESIAN_POINT('',(26.,54.,17.5));
#14391 = LINE('',#14392,#14393);
#14392 = CARTESIAN_POINT('',(26.,54.,11.5));
#14393 = VECTOR('',#14394,1.);
#14394 = DIRECTION('',(0.,0.,1.));
#14395 = ORIENTED_EDGE('',*,*,#14396,.T.);
#14396 = EDGE_CURVE('',#14389,#11734,#14397,.T.);
#14397 = LINE('',#14398,#14399);
#14398 = CARTESIAN_POINT('',(26.,54.,17.5));
#14399 = VECTOR('',#14400,1.);
#14400 = DIRECTION('',(0.,0.,1.));
#14401 = PLANE('',#14402);
#14402 = AXIS2_PLACEMENT_3D('',#14403,#14404,#14405);
#14403 = CARTESIAN_POINT('',(20.,54.,11.5));
#14404 = DIRECTION('',(-0.,1.,0.));
#14405 = DIRECTION('',(0.,0.,1.));
#14406 = ADVANCED_FACE('',(#14407),#14418,.F.);
#14407 = FACE_BOUND('',#14408,.F.);
#14408 = EDGE_LOOP('',(#14409,#14415,#14416,#14417));
#14409 = ORIENTED_EDGE('',*,*,#14410,.F.);
#14410 = EDGE_CURVE('',#13625,#11710,#14411,.T.);
#14411 = LINE('',#14412,#14413);
#14412 = CARTESIAN_POINT('',(73.25,51.5,10.5));
#14413 = VECTOR('',#14414,1.);
#14414 = DIRECTION('',(0.,0.,1.));
#14415 = ORIENTED_EDGE('',*,*,#13624,.T.);
#14416 = ORIENTED_EDGE('',*,*,#14366,.F.);
#14417 = ORIENTED_EDGE('',*,*,#11709,.F.);
#14418 = PLANE('',#14419);
#14419 = AXIS2_PLACEMENT_3D('',#14420,#14421,#14422);
#14420 = CARTESIAN_POINT('',(73.25,51.5,10.5));
#14421 = DIRECTION('',(1.,0.,-0.));
#14422 = DIRECTION('',(0.,0.,1.));
#14423 = ADVANCED_FACE('',(#14424),#14435,.T.);
#14424 = FACE_BOUND('',#14425,.T.);
#14425 = EDGE_LOOP('',(#14426,#14432,#14433,#14434));
#14426 = ORIENTED_EDGE('',*,*,#14427,.F.);
#14427 = EDGE_CURVE('',#13633,#11718,#14428,.T.);
#14428 = LINE('',#14429,#14430);
#14429 = CARTESIAN_POINT('',(57.25,51.5,10.5));
#14430 = VECTOR('',#14431,1.);
#14431 = DIRECTION('',(0.,0.,1.));
#14432 = ORIENTED_EDGE('',*,*,#13640,.T.);
#14433 = ORIENTED_EDGE('',*,*,#14381,.F.);
#14434 = ORIENTED_EDGE('',*,*,#11725,.F.);
#14435 = PLANE('',#14436);
#14436 = AXIS2_PLACEMENT_3D('',#14437,#14438,#14439);
#14437 = CARTESIAN_POINT('',(57.25,51.5,10.5));
#14438 = DIRECTION('',(1.,0.,-0.));
#14439 = DIRECTION('',(0.,0.,1.));
#14440 = ADVANCED_FACE('',(#14441),#14447,.T.);
#14441 = FACE_BOUND('',#14442,.T.);
#14442 = EDGE_LOOP('',(#14443,#14444,#14445,#14446));
#14443 = ORIENTED_EDGE('',*,*,#14410,.F.);
#14444 = ORIENTED_EDGE('',*,*,#13632,.T.);
#14445 = ORIENTED_EDGE('',*,*,#14427,.T.);
#14446 = ORIENTED_EDGE('',*,*,#11717,.F.);
#14447 = PLANE('',#14448);
#14448 = AXIS2_PLACEMENT_3D('',#14449,#14450,#14451);
#14449 = CARTESIAN_POINT('',(57.25,51.5,10.5));
#14450 = DIRECTION('',(-0.,1.,0.));
#14451 = DIRECTION('',(0.,0.,1.));
#14452 = ADVANCED_FACE('',(#14453,#14471),#14482,.F.);
#14453 = FACE_BOUND('',#14454,.F.);
#14454 = EDGE_LOOP('',(#14455,#14463,#14469,#14470));
#14455 = ORIENTED_EDGE('',*,*,#14456,.F.);
#14456 = EDGE_CURVE('',#14457,#13125,#14459,.T.);
#14457 = VERTEX_POINT('',#14458);
#14458 = CARTESIAN_POINT('',(154.,136.,126.));
#14459 = LINE('',#14460,#14461);
#14460 = CARTESIAN_POINT('',(154.,136.,126.));
#14461 = VECTOR('',#14462,1.);
#14462 = DIRECTION('',(-0.,1.,0.));
#14463 = ORIENTED_EDGE('',*,*,#14464,.T.);
#14464 = EDGE_CURVE('',#14457,#14102,#14465,.T.);
#14465 = LINE('',#14466,#14467);
#14466 = CARTESIAN_POINT('',(154.,136.,126.));
#14467 = VECTOR('',#14468,1.);
#14468 = DIRECTION('',(1.,0.,-0.));
#14469 = ORIENTED_EDGE('',*,*,#14101,.T.);
#14470 = ORIENTED_EDGE('',*,*,#13132,.F.);
#14471 = FACE_BOUND('',#14472,.F.);
#14472 = EDGE_LOOP('',(#14473));
#14473 = ORIENTED_EDGE('',*,*,#14474,.F.);
#14474 = EDGE_CURVE('',#14475,#14475,#14477,.T.);
#14475 = VERTEX_POINT('',#14476);
#14476 = CARTESIAN_POINT('',(161.7,142.,126.));
#14477 = CIRCLE('',#14478,1.7);
#14478 = AXIS2_PLACEMENT_3D('',#14479,#14480,#14481);
#14479 = CARTESIAN_POINT('',(160.,142.,126.));
#14480 = DIRECTION('',(0.,0.,1.));
#14481 = DIRECTION('',(1.,0.,-0.));
#14482 = PLANE('',#14483);
#14483 = AXIS2_PLACEMENT_3D('',#14484,#14485,#14486);
#14484 = CARTESIAN_POINT('',(154.,136.,126.));
#14485 = DIRECTION('',(0.,0.,1.));
#14486 = DIRECTION('',(1.,0.,-0.));
#14487 = ADVANCED_FACE('',(#14488),#14499,.F.);
#14488 = FACE_BOUND('',#14489,.F.);
#14489 = EDGE_LOOP('',(#14490,#14496,#14497,#14498));
#14490 = ORIENTED_EDGE('',*,*,#14491,.F.);
#14491 = EDGE_CURVE('',#14457,#14203,#14492,.T.);
#14492 = LINE('',#14493,#14494);
#14493 = CARTESIAN_POINT('',(154.,136.,126.));
#14494 = VECTOR('',#14495,1.);
#14495 = DIRECTION('',(0.,0.,1.));
#14496 = ORIENTED_EDGE('',*,*,#14456,.T.);
#14497 = ORIENTED_EDGE('',*,*,#13124,.T.);
#14498 = ORIENTED_EDGE('',*,*,#14202,.F.);
#14499 = PLANE('',#14500);
#14500 = AXIS2_PLACEMENT_3D('',#14501,#14502,#14503);
#14501 = CARTESIAN_POINT('',(154.,136.,126.));
#14502 = DIRECTION('',(1.,0.,-0.));
#14503 = DIRECTION('',(0.,0.,1.));
#14504 = ADVANCED_FACE('',(#14505),#14511,.T.);
#14505 = FACE_BOUND('',#14506,.T.);
#14506 = EDGE_LOOP('',(#14507,#14508,#14509,#14510));
#14507 = ORIENTED_EDGE('',*,*,#13736,.F.);
#14508 = ORIENTED_EDGE('',*,*,#13752,.T.);
#14509 = ORIENTED_EDGE('',*,*,#13117,.T.);
#14510 = ORIENTED_EDGE('',*,*,#14269,.F.);
#14511 = PLANE('',#14512);
#14512 = AXIS2_PLACEMENT_3D('',#14513,#14514,#14515);
#14513 = CARTESIAN_POINT('',(32.,136.,126.));
#14514 = DIRECTION('',(1.,0.,-0.));
#14515 = DIRECTION('',(0.,0.,1.));
#14516 = ADVANCED_FACE('',(#14517),#14535,.T.);
#14517 = FACE_BOUND('',#14518,.T.);
#14518 = EDGE_LOOP('',(#14519,#14527,#14528,#14529));
#14519 = ORIENTED_EDGE('',*,*,#14520,.T.);
#14520 = EDGE_CURVE('',#14521,#14085,#14523,.T.);
#14521 = VERTEX_POINT('',#14522);
#14522 = CARTESIAN_POINT('',(160.,55.5,17.5));
#14523 = LINE('',#14524,#14525);
#14524 = CARTESIAN_POINT('',(160.,55.5,17.5));
#14525 = VECTOR('',#14526,1.);
#14526 = DIRECTION('',(1.,0.,0.));
#14527 = ORIENTED_EDGE('',*,*,#14092,.T.);
#14528 = ORIENTED_EDGE('',*,*,#13576,.F.);
#14529 = ORIENTED_EDGE('',*,*,#14530,.F.);
#14530 = EDGE_CURVE('',#14521,#13577,#14531,.T.);
#14531 = LINE('',#14532,#14533);
#14532 = CARTESIAN_POINT('',(160.,55.5,17.5));
#14533 = VECTOR('',#14534,1.);
#14534 = DIRECTION('',(0.,-0.242535625036,-0.970142500145));
#14535 = PLANE('',#14536);
#14536 = AXIS2_PLACEMENT_3D('',#14537,#14538,#14539);
#14537 = CARTESIAN_POINT('',(160.,55.5,17.5));
#14538 = DIRECTION('',(0.,0.970142500145,-0.242535625036));
#14539 = DIRECTION('',(0.,-0.242535625036,-0.970142500145));
#14540 = ADVANCED_FACE('',(#14541),#14552,.T.);
#14541 = FACE_BOUND('',#14542,.T.);
#14542 = EDGE_LOOP('',(#14543,#14544,#14550,#14551));
#14543 = ORIENTED_EDGE('',*,*,#14396,.F.);
#14544 = ORIENTED_EDGE('',*,*,#14545,.T.);
#14545 = EDGE_CURVE('',#14389,#13689,#14546,.T.);
#14546 = LINE('',#14547,#14548);
#14547 = CARTESIAN_POINT('',(26.,54.,17.5));
#14548 = VECTOR('',#14549,1.);
#14549 = DIRECTION('',(0.,1.,0.));
#14550 = ORIENTED_EDGE('',*,*,#13705,.T.);
#14551 = ORIENTED_EDGE('',*,*,#14331,.F.);
#14552 = PLANE('',#14553);
#14553 = AXIS2_PLACEMENT_3D('',#14554,#14555,#14556);
#14554 = CARTESIAN_POINT('',(26.,54.,17.5));
#14555 = DIRECTION('',(1.,0.,-0.));
#14556 = DIRECTION('',(0.,0.,1.));
#14557 = ADVANCED_FACE('',(#14558),#14569,.F.);
#14558 = FACE_BOUND('',#14559,.F.);
#14559 = EDGE_LOOP('',(#14560,#14561,#14567,#14568));
#14560 = ORIENTED_EDGE('',*,*,#14278,.F.);
#14561 = ORIENTED_EDGE('',*,*,#14562,.F.);
#14562 = EDGE_CURVE('',#13762,#14279,#14563,.T.);
#14563 = LINE('',#14564,#14565);
#14564 = CARTESIAN_POINT('',(27.7,142.,124.));
#14565 = VECTOR('',#14566,1.);
#14566 = DIRECTION('',(0.,0.,1.));
#14567 = ORIENTED_EDGE('',*,*,#13761,.T.);
#14568 = ORIENTED_EDGE('',*,*,#14562,.T.);
#14569 = CYLINDRICAL_SURFACE('',#14570,1.7);
#14570 = AXIS2_PLACEMENT_3D('',#14571,#14572,#14573);
#14571 = CARTESIAN_POINT('',(26.,142.,124.));
#14572 = DIRECTION('',(0.,0.,1.));
#14573 = DIRECTION('',(1.,0.,-0.));
#14574 = ADVANCED_FACE('',(#14575),#14580,.F.);
#14575 = FACE_BOUND('',#14576,.F.);
#14576 = EDGE_LOOP('',(#14577,#14578,#14579));
#14577 = ORIENTED_EDGE('',*,*,#14388,.T.);
#14578 = ORIENTED_EDGE('',*,*,#14545,.T.);
#14579 = ORIENTED_EDGE('',*,*,#13779,.T.);
#14580 = PLANE('',#14581);
#14581 = AXIS2_PLACEMENT_3D('',#14582,#14583,#14584);
#14582 = CARTESIAN_POINT('',(26.,54.421164609607,14.828835390393));
#14583 = DIRECTION('',(-1.,-0.,-0.));
#14584 = DIRECTION('',(0.,0.,-1.));
#14585 = ADVANCED_FACE('',(#14586),#14604,.F.);
#14586 = FACE_BOUND('',#14587,.F.);
#14587 = EDGE_LOOP('',(#14588,#14589,#14597,#14603));
#14588 = ORIENTED_EDGE('',*,*,#13906,.F.);
#14589 = ORIENTED_EDGE('',*,*,#14590,.T.);
#14590 = EDGE_CURVE('',#13907,#14591,#14593,.T.);
#14591 = VERTEX_POINT('',#14592);
#14592 = CARTESIAN_POINT('',(171.,15.5,126.));
#14593 = LINE('',#14594,#14595);
#14594 = CARTESIAN_POINT('',(171.,3.5,126.));
#14595 = VECTOR('',#14596,1.);
#14596 = DIRECTION('',(-0.,1.,0.));
#14597 = ORIENTED_EDGE('',*,*,#14598,.T.);
#14598 = EDGE_CURVE('',#14591,#13808,#14599,.T.);
#14599 = LINE('',#14600,#14601);
#14600 = CARTESIAN_POINT('',(171.,15.5,126.));
#14601 = VECTOR('',#14602,1.);
#14602 = DIRECTION('',(0.,0.,1.));
#14603 = ORIENTED_EDGE('',*,*,#13807,.F.);
#14604 = PLANE('',#14605);
#14605 = AXIS2_PLACEMENT_3D('',#14606,#14607,#14608);
#14606 = CARTESIAN_POINT('',(171.,3.5,126.));
#14607 = DIRECTION('',(1.,0.,-0.));
#14608 = DIRECTION('',(0.,0.,1.));
#14609 = ADVANCED_FACE('',(#14610),#14621,.T.);
#14610 = FACE_BOUND('',#14611,.T.);
#14611 = EDGE_LOOP('',(#14612,#14618,#14619,#14620));
#14612 = ORIENTED_EDGE('',*,*,#14613,.F.);
#14613 = EDGE_CURVE('',#14591,#13973,#14614,.T.);
#14614 = LINE('',#14615,#14616);
#14615 = CARTESIAN_POINT('',(171.,15.5,126.));
#14616 = VECTOR('',#14617,1.);
#14617 = DIRECTION('',(1.,0.,-0.));
#14618 = ORIENTED_EDGE('',*,*,#14598,.T.);
#14619 = ORIENTED_EDGE('',*,*,#13817,.T.);
#14620 = ORIENTED_EDGE('',*,*,#13972,.F.);
#14621 = PLANE('',#14622);
#14622 = AXIS2_PLACEMENT_3D('',#14623,#14624,#14625);
#14623 = CARTESIAN_POINT('',(171.,15.5,126.));
#14624 = DIRECTION('',(-0.,1.,0.));
#14625 = DIRECTION('',(0.,0.,1.));
#14626 = ADVANCED_FACE('',(#14627),#14646,.F.);
#14627 = FACE_BOUND('',#14628,.F.);
#14628 = EDGE_LOOP('',(#14629,#14630,#14638,#14645));
#14629 = ORIENTED_EDGE('',*,*,#13825,.F.);
#14630 = ORIENTED_EDGE('',*,*,#14631,.F.);
#14631 = EDGE_CURVE('',#14632,#13826,#14634,.T.);
#14632 = VERTEX_POINT('',#14633);
#14633 = CARTESIAN_POINT('',(178.7,9.5,126.));
#14634 = LINE('',#14635,#14636);
#14635 = CARTESIAN_POINT('',(178.7,9.5,124.));
#14636 = VECTOR('',#14637,1.);
#14637 = DIRECTION('',(0.,0.,1.));
#14638 = ORIENTED_EDGE('',*,*,#14639,.T.);
#14639 = EDGE_CURVE('',#14632,#14632,#14640,.T.);
#14640 = CIRCLE('',#14641,1.7);
#14641 = AXIS2_PLACEMENT_3D('',#14642,#14643,#14644);
#14642 = CARTESIAN_POINT('',(177.,9.5,126.));
#14643 = DIRECTION('',(0.,0.,1.));
#14644 = DIRECTION('',(1.,0.,-0.));
#14645 = ORIENTED_EDGE('',*,*,#14631,.T.);
#14646 = CYLINDRICAL_SURFACE('',#14647,1.7);
#14647 = AXIS2_PLACEMENT_3D('',#14648,#14649,#14650);
#14648 = CARTESIAN_POINT('',(177.,9.5,124.));
#14649 = DIRECTION('',(0.,0.,1.));
#14650 = DIRECTION('',(1.,0.,-0.));
#14651 = ADVANCED_FACE('',(#14652,#14658),#14661,.F.);
#14652 = FACE_BOUND('',#14653,.F.);
#14653 = EDGE_LOOP('',(#14654,#14655,#14656,#14657));
#14654 = ORIENTED_EDGE('',*,*,#14590,.F.);
#14655 = ORIENTED_EDGE('',*,*,#13914,.T.);
#14656 = ORIENTED_EDGE('',*,*,#13980,.T.);
#14657 = ORIENTED_EDGE('',*,*,#14613,.F.);
#14658 = FACE_BOUND('',#14659,.F.);
#14659 = EDGE_LOOP('',(#14660));
#14660 = ORIENTED_EDGE('',*,*,#14639,.F.);
#14661 = PLANE('',#14662);
#14662 = AXIS2_PLACEMENT_3D('',#14663,#14664,#14665);
#14663 = CARTESIAN_POINT('',(171.,3.5,126.));
#14664 = DIRECTION('',(0.,0.,1.));
#14665 = DIRECTION('',(1.,0.,-0.));
#14666 = ADVANCED_FACE('',(#14667),#14685,.T.);
#14667 = FACE_BOUND('',#14668,.T.);
#14668 = EDGE_LOOP('',(#14669,#14670,#14678,#14684));
#14669 = ORIENTED_EDGE('',*,*,#13899,.F.);
#14670 = ORIENTED_EDGE('',*,*,#14671,.T.);
#14671 = EDGE_CURVE('',#13892,#14672,#14674,.T.);
#14672 = VERTEX_POINT('',#14673);
#14673 = CARTESIAN_POINT('',(15.,15.5,126.));
#14674 = LINE('',#14675,#14676);
#14675 = CARTESIAN_POINT('',(15.,3.5,126.));
#14676 = VECTOR('',#14677,1.);
#14677 = DIRECTION('',(-0.,1.,0.));
#14678 = ORIENTED_EDGE('',*,*,#14679,.T.);
#14679 = EDGE_CURVE('',#14672,#13931,#14680,.T.);
#14680 = LINE('',#14681,#14682);
#14681 = CARTESIAN_POINT('',(15.,15.5,126.));
#14682 = VECTOR('',#14683,1.);
#14683 = DIRECTION('',(0.,0.,1.));
#14684 = ORIENTED_EDGE('',*,*,#13930,.F.);
#14685 = PLANE('',#14686);
#14686 = AXIS2_PLACEMENT_3D('',#14687,#14688,#14689);
#14687 = CARTESIAN_POINT('',(15.,3.5,126.));
#14688 = DIRECTION('',(1.,0.,-0.));
#14689 = DIRECTION('',(0.,0.,1.));
#14690 = ADVANCED_FACE('',(#14691,#14702),#14713,.F.);
#14691 = FACE_BOUND('',#14692,.F.);
#14692 = EDGE_LOOP('',(#14693,#14694,#14695,#14696));
#14693 = ORIENTED_EDGE('',*,*,#14011,.F.);
#14694 = ORIENTED_EDGE('',*,*,#13891,.T.);
#14695 = ORIENTED_EDGE('',*,*,#14671,.T.);
#14696 = ORIENTED_EDGE('',*,*,#14697,.F.);
#14697 = EDGE_CURVE('',#14004,#14672,#14698,.T.);
#14698 = LINE('',#14699,#14700);
#14699 = CARTESIAN_POINT('',(3.,15.5,126.));
#14700 = VECTOR('',#14701,1.);
#14701 = DIRECTION('',(1.,0.,-0.));
#14702 = FACE_BOUND('',#14703,.F.);
#14703 = EDGE_LOOP('',(#14704));
#14704 = ORIENTED_EDGE('',*,*,#14705,.F.);
#14705 = EDGE_CURVE('',#14706,#14706,#14708,.T.);
#14706 = VERTEX_POINT('',#14707);
#14707 = CARTESIAN_POINT('',(10.7,9.5,126.));
#14708 = CIRCLE('',#14709,1.7);
#14709 = AXIS2_PLACEMENT_3D('',#14710,#14711,#14712);
#14710 = CARTESIAN_POINT('',(9.,9.5,126.));
#14711 = DIRECTION('',(0.,0.,1.));
#14712 = DIRECTION('',(1.,0.,-0.));
#14713 = PLANE('',#14714);
#14714 = AXIS2_PLACEMENT_3D('',#14715,#14716,#14717);
#14715 = CARTESIAN_POINT('',(3.,3.5,126.));
#14716 = DIRECTION('',(0.,0.,1.));
#14717 = DIRECTION('',(1.,0.,-0.));
#14718 = ADVANCED_FACE('',(#14719),#14737,.T.);
#14719 = FACE_BOUND('',#14720,.T.);
#14720 = EDGE_LOOP('',(#14721,#14722,#14723,#14731));
#14721 = ORIENTED_EDGE('',*,*,#14018,.F.);
#14722 = ORIENTED_EDGE('',*,*,#13875,.T.);
#14723 = ORIENTED_EDGE('',*,*,#14724,.T.);
#14724 = EDGE_CURVE('',#13868,#14725,#14727,.T.);
#14725 = VERTEX_POINT('',#14726);
#14726 = CARTESIAN_POINT('',(88.5,5.5,85.));
#14727 = LINE('',#14728,#14729);
#14728 = CARTESIAN_POINT('',(88.5,3.5,85.));
#14729 = VECTOR('',#14730,1.);
#14730 = DIRECTION('',(-0.,1.,0.));
#14731 = ORIENTED_EDGE('',*,*,#14732,.F.);
#14732 = EDGE_CURVE('',#14019,#14725,#14733,.T.);
#14733 = LINE('',#14734,#14735);
#14734 = CARTESIAN_POINT('',(3.,5.5,85.));
#14735 = VECTOR('',#14736,1.);
#14736 = DIRECTION('',(1.,0.,-0.));
#14737 = PLANE('',#14738);
#14738 = AXIS2_PLACEMENT_3D('',#14739,#14740,#14741);
#14739 = CARTESIAN_POINT('',(3.,3.5,85.));
#14740 = DIRECTION('',(0.,0.,1.));
#14741 = DIRECTION('',(1.,0.,-0.));
#14742 = ADVANCED_FACE('',(#14743),#14761,.T.);
#14743 = FACE_BOUND('',#14744,.T.);
#14744 = EDGE_LOOP('',(#14745,#14746,#14754,#14760));
#14745 = ORIENTED_EDGE('',*,*,#13867,.F.);
#14746 = ORIENTED_EDGE('',*,*,#14747,.T.);
#14747 = EDGE_CURVE('',#13860,#14748,#14750,.T.);
#14748 = VERTEX_POINT('',#14749);
#14749 = CARTESIAN_POINT('',(88.5,5.5,70.));
#14750 = LINE('',#14751,#14752);
#14751 = CARTESIAN_POINT('',(88.5,3.5,70.));
#14752 = VECTOR('',#14753,1.);
#14753 = DIRECTION('',(-0.,1.,0.));
#14754 = ORIENTED_EDGE('',*,*,#14755,.T.);
#14755 = EDGE_CURVE('',#14748,#14725,#14756,.T.);
#14756 = LINE('',#14757,#14758);
#14757 = CARTESIAN_POINT('',(88.5,5.5,70.));
#14758 = VECTOR('',#14759,1.);
#14759 = DIRECTION('',(0.,0.,1.));
#14760 = ORIENTED_EDGE('',*,*,#14724,.F.);
#14761 = PLANE('',#14762);
#14762 = AXIS2_PLACEMENT_3D('',#14763,#14764,#14765);
#14763 = CARTESIAN_POINT('',(88.5,3.5,70.));
#14764 = DIRECTION('',(1.,0.,-0.));
#14765 = DIRECTION('',(0.,0.,1.));
#14766 = ADVANCED_FACE('',(#14767),#14778,.F.);
#14767 = FACE_BOUND('',#14768,.F.);
#14768 = EDGE_LOOP('',(#14769,#14770,#14771,#14772));
#14769 = ORIENTED_EDGE('',*,*,#14034,.F.);
#14770 = ORIENTED_EDGE('',*,*,#13859,.T.);
#14771 = ORIENTED_EDGE('',*,*,#14747,.T.);
#14772 = ORIENTED_EDGE('',*,*,#14773,.F.);
#14773 = EDGE_CURVE('',#14027,#14748,#14774,.T.);
#14774 = LINE('',#14775,#14776);
#14775 = CARTESIAN_POINT('',(3.,5.5,70.));
#14776 = VECTOR('',#14777,1.);
#14777 = DIRECTION('',(1.,0.,-0.));
#14778 = PLANE('',#14779);
#14779 = AXIS2_PLACEMENT_3D('',#14780,#14781,#14782);
#14780 = CARTESIAN_POINT('',(3.,3.5,70.));
#14781 = DIRECTION('',(0.,0.,1.));
#14782 = DIRECTION('',(1.,0.,-0.));
#14783 = ADVANCED_FACE('',(#14784),#14790,.T.);
#14784 = FACE_BOUND('',#14785,.T.);
#14785 = EDGE_LOOP('',(#14786,#14787,#14788,#14789));
#14786 = ORIENTED_EDGE('',*,*,#14697,.F.);
#14787 = ORIENTED_EDGE('',*,*,#14003,.T.);
#14788 = ORIENTED_EDGE('',*,*,#13938,.T.);
#14789 = ORIENTED_EDGE('',*,*,#14679,.F.);
#14790 = PLANE('',#14791);
#14791 = AXIS2_PLACEMENT_3D('',#14792,#14793,#14794);
#14792 = CARTESIAN_POINT('',(3.,15.5,126.));
#14793 = DIRECTION('',(-0.,1.,0.));
#14794 = DIRECTION('',(0.,0.,1.));
#14795 = ADVANCED_FACE('',(#14796),#14807,.F.);
#14796 = FACE_BOUND('',#14797,.F.);
#14797 = EDGE_LOOP('',(#14798,#14799,#14805,#14806));
#14798 = ORIENTED_EDGE('',*,*,#13946,.F.);
#14799 = ORIENTED_EDGE('',*,*,#14800,.F.);
#14800 = EDGE_CURVE('',#14706,#13947,#14801,.T.);
#14801 = LINE('',#14802,#14803);
#14802 = CARTESIAN_POINT('',(10.7,9.5,124.));
#14803 = VECTOR('',#14804,1.);
#14804 = DIRECTION('',(0.,0.,1.));
#14805 = ORIENTED_EDGE('',*,*,#14705,.T.);
#14806 = ORIENTED_EDGE('',*,*,#14800,.T.);
#14807 = CYLINDRICAL_SURFACE('',#14808,1.7);
#14808 = AXIS2_PLACEMENT_3D('',#14809,#14810,#14811);
#14809 = CARTESIAN_POINT('',(9.,9.5,124.));
#14810 = DIRECTION('',(0.,0.,1.));
#14811 = DIRECTION('',(1.,0.,-0.));
#14812 = ADVANCED_FACE('',(#14813),#14819,.T.);
#14813 = FACE_BOUND('',#14814,.T.);
#14814 = EDGE_LOOP('',(#14815,#14816,#14817,#14818));
#14815 = ORIENTED_EDGE('',*,*,#14773,.F.);
#14816 = ORIENTED_EDGE('',*,*,#14026,.T.);
#14817 = ORIENTED_EDGE('',*,*,#14732,.T.);
#14818 = ORIENTED_EDGE('',*,*,#14755,.F.);
#14819 = PLANE('',#14820);
#14820 = AXIS2_PLACEMENT_3D('',#14821,#14822,#14823);
#14821 = CARTESIAN_POINT('',(3.,5.5,70.));
#14822 = DIRECTION('',(-0.,1.,0.));
#14823 = DIRECTION('',(0.,0.,1.));
#14824 = ADVANCED_FACE('',(#14825),#14841,.F.);
#14825 = FACE_BOUND('',#14826,.F.);
#14826 = EDGE_LOOP('',(#14827,#14828,#14834,#14840));
#14827 = ORIENTED_EDGE('',*,*,#14237,.F.);
#14828 = ORIENTED_EDGE('',*,*,#14829,.T.);
#14829 = EDGE_CURVE('',#14238,#14521,#14830,.T.);
#14830 = LINE('',#14831,#14832);
#14831 = CARTESIAN_POINT('',(160.,54.,17.5));
#14832 = VECTOR('',#14833,1.);
#14833 = DIRECTION('',(0.,1.,0.));
#14834 = ORIENTED_EDGE('',*,*,#14835,.T.);
#14835 = EDGE_CURVE('',#14521,#14061,#14836,.T.);
#14836 = LINE('',#14837,#14838);
#14837 = CARTESIAN_POINT('',(160.,55.5,17.5));
#14838 = VECTOR('',#14839,1.);
#14839 = DIRECTION('',(0.,0.,1.));
#14840 = ORIENTED_EDGE('',*,*,#14060,.F.);
#14841 = PLANE('',#14842);
#14842 = AXIS2_PLACEMENT_3D('',#14843,#14844,#14845);
#14843 = CARTESIAN_POINT('',(160.,54.,17.5));
#14844 = DIRECTION('',(1.,0.,-0.));
#14845 = DIRECTION('',(0.,0.,1.));
#14846 = ADVANCED_FACE('',(#14847),#14853,.T.);
#14847 = FACE_BOUND('',#14848,.T.);
#14848 = EDGE_LOOP('',(#14849,#14850,#14851,#14852));
#14849 = ORIENTED_EDGE('',*,*,#14520,.F.);
#14850 = ORIENTED_EDGE('',*,*,#14835,.T.);
#14851 = ORIENTED_EDGE('',*,*,#14070,.T.);
#14852 = ORIENTED_EDGE('',*,*,#14084,.F.);
#14853 = PLANE('',#14854);
#14854 = AXIS2_PLACEMENT_3D('',#14855,#14856,#14857);
#14855 = CARTESIAN_POINT('',(160.,55.5,17.5));
#14856 = DIRECTION('',(-0.,1.,0.));
#14857 = DIRECTION('',(0.,0.,1.));
#14858 = ADVANCED_FACE('',(#14859),#14865,.F.);
#14859 = FACE_BOUND('',#14860,.F.);
#14860 = EDGE_LOOP('',(#14861,#14862,#14863,#14864));
#14861 = ORIENTED_EDGE('',*,*,#14464,.F.);
#14862 = ORIENTED_EDGE('',*,*,#14491,.T.);
#14863 = ORIENTED_EDGE('',*,*,#14210,.T.);
#14864 = ORIENTED_EDGE('',*,*,#14109,.F.);
#14865 = PLANE('',#14866);
#14866 = AXIS2_PLACEMENT_3D('',#14867,#14868,#14869);
#14867 = CARTESIAN_POINT('',(154.,136.,126.));
#14868 = DIRECTION('',(-0.,1.,0.));
#14869 = DIRECTION('',(0.,0.,1.));
#14870 = ADVANCED_FACE('',(#14871),#14882,.F.);
#14871 = FACE_BOUND('',#14872,.F.);
#14872 = EDGE_LOOP('',(#14873,#14874,#14880,#14881));
#14873 = ORIENTED_EDGE('',*,*,#14220,.F.);
#14874 = ORIENTED_EDGE('',*,*,#14875,.F.);
#14875 = EDGE_CURVE('',#14475,#14221,#14876,.T.);
#14876 = LINE('',#14877,#14878);
#14877 = CARTESIAN_POINT('',(161.7,142.,124.));
#14878 = VECTOR('',#14879,1.);
#14879 = DIRECTION('',(0.,0.,1.));
#14880 = ORIENTED_EDGE('',*,*,#14474,.T.);
#14881 = ORIENTED_EDGE('',*,*,#14875,.T.);
#14882 = CYLINDRICAL_SURFACE('',#14883,1.7);
#14883 = AXIS2_PLACEMENT_3D('',#14884,#14885,#14886);
#14884 = CARTESIAN_POINT('',(160.,142.,124.));
#14885 = DIRECTION('',(0.,0.,1.));
#14886 = DIRECTION('',(1.,0.,-0.));
#14887 = ADVANCED_FACE('',(#14888),#14893,.T.);
#14888 = FACE_BOUND('',#14889,.T.);
#14889 = EDGE_LOOP('',(#14890,#14891,#14892));
#14890 = ORIENTED_EDGE('',*,*,#14245,.T.);
#14891 = ORIENTED_EDGE('',*,*,#14829,.T.);
#14892 = ORIENTED_EDGE('',*,*,#14530,.T.);
#14893 = PLANE('',#14894);
#14894 = AXIS2_PLACEMENT_3D('',#14895,#14896,#14897);
#14895 = CARTESIAN_POINT('',(160.,54.421164609607,14.828835390393));
#14896 = DIRECTION('',(-1.,-0.,-0.));
#14897 = DIRECTION('',(0.,0.,-1.));
#14898 = ( GEOMETRIC_REPRESENTATION_CONTEXT(3) 
GLOBAL_UNCERTAINTY_ASSIGNED_CONTEXT((#14902)) 
GLOBAL_UNIT_ASSIGNED_CONTEXT((#14899,#14900,#14901)) 
REPRESENTATION_CONTEXT('Context #1',
  '3D Context with UNIT and UNCERTAINTY') );
#14899 = ( LENGTH_UNIT() NAMED_UNIT(*) SI_UNIT(.MILLI.,.METRE.) );
#14900 = ( NAMED_UNIT(*) PLANE_ANGLE_UNIT() SI_UNIT($,.RADIAN.) );
#14901 = ( NAMED_UNIT(*) SI_UNIT($,.STERADIAN.) SOLID_ANGLE_UNIT() );
#14902 = UNCERTAINTY_MEASURE_WITH_UNIT(LENGTH_MEASURE(2.E-07),#14899,
  'distance_accuracy_value','confusion accuracy');
#14903 = PRODUCT_RELATED_PRODUCT_CATEGORY('part',$,(#7));
ENDSEC;
END-ISO-10303-21;
