ISO-10303-21;
HEADER;
FILE_DESCRIPTION(('FreeCAD Model'),'2;1');
FILE_NAME('Open CASCADE Shape Model','2026-10-04T00:13:17',('FreeCAD'),(
    'FreeCAD'),'Open CASCADE STEP processor 7.9','FreeCAD','Unknown');
FILE_SCHEMA(('AUTOMOTIVE_DESIGN { 1 0 10303 214 1 1 1 1 }'));
ENDSEC;
DATA;
#1 = APPLICATION_PROTOCOL_DEFINITION('international standard',
  'automotive_design',2000,#2);
#2 = APPLICATION_CONTEXT(
  'core data for automotive mechanical design processes');
#3 = SHAPE_DEFINITION_REPRESENTATION(#4,#10);
#4 = PRODUCT_DEFINITION_SHAPE('','',#5);
#5 = PRODUCT_DEFINITION('design','',#6,#9);
#6 = PRODUCT_DEFINITION_FORMATION('','',#7);
#7 = PRODUCT('Open CASCADE STEP translator 7.9 1',
  'Open CASCADE STEP translator 7.9 1','',(#8));
#8 = PRODUCT_CONTEXT('',#2,'mechanical');
#9 = PRODUCT_DEFINITION_CONTEXT('part definition',#2,'design');
#10 = ADVANCED_BREP_SHAPE_REPRESENTATION('',(#11,#15),#8981);
#11 = AXIS2_PLACEMENT_3D('',#12,#13,#14);
#12 = CARTESIAN_POINT('',(0.,0.,0.));
#13 = DIRECTION('',(0.,0.,1.));
#14 = DIRECTION('',(1.,0.,-0.));
#15 = MANIFOLD_SOLID_BREP('',#16);
#16 = CLOSED_SHELL('',(#17,#57,#120,#152,#240,#1668,#1685,#1710,#1734,
    #1814,#1831,#1870,#3312,#3374,#3398,#3415,#3446,#3470,#3534,#3556,
    #3573,#3590,#3607,#3624,#3636,#3658,#3675,#3692,#3709,#3726,#3738,
    #3760,#3777,#3794,#3811,#3828,#3840,#3862,#3879,#3896,#3913,#3930,
    #3942,#3964,#3981,#3998,#4015,#4032,#4044,#4066,#4083,#4100,#4117,
    #4134,#4146,#4168,#4185,#4202,#4219,#4236,#4248,#4270,#4287,#4304,
    #4321,#4338,#4350,#4372,#4389,#4406,#4423,#4440,#4452,#4474,#4491,
    #4508,#4525,#4542,#4554,#4576,#4593,#4610,#4627,#4644,#4656,#4678,
    #4695,#4712,#4729,#4746,#4758,#4780,#4797,#4814,#4831,#4848,#4860,
    #4882,#4899,#4916,#4933,#4950,#4962,#4979,#5001,#5018,#5035,#5052,
    #5069,#5081,#5103,#5120,#5137,#5154,#5171,#5183,#5205,#5222,#5239,
    #5256,#5273,#5285,#5307,#5324,#5341,#5358,#5375,#5387,#5409,#5426,
    #5443,#5460,#5477,#5489,#5511,#5528,#5545,#5562,#5579,#5591,#5613,
    #5630,#5647,#5664,#5681,#5693,#5715,#5732,#5749,#5766,#5783,#5795,
    #5817,#5834,#5851,#5868,#5885,#5897,#5919,#5936,#5953,#5970,#5987,
    #5999,#6021,#6038,#6055,#6072,#6089,#6101,#6123,#6140,#6157,#6174,
    #6191,#6203,#6225,#6242,#6259,#6276,#6293,#6305,#6327,#6344,#6361,
    #6378,#6395,#6407,#6430,#6447,#6464,#6489,#6790,#6829,#6847,#6859,
    #6876,#6893,#6924,#6946,#6977,#6989,#7020,#7042,#7073,#7098,#7123,
    #7147,#7165,#7190,#7214,#7232,#7256,#7280,#7319,#7343,#7367,#7384,
    #7408,#7426,#7451,#7475,#7493,#7532,#7556,#7580,#7598,#7629,#7646,
    #7670,#7694,#7711,#7743,#7767,#7791,#7809,#7821,#7852,#7883,#7914,
    #7945,#7985,#8025,#8049,#8082,#8122,#8146,#8179,#8196,#8207,#8231,
    #8264,#8304,#8328,#8361,#8373,#8389,#8401,#8413,#8444,#8475,#8506,
    #8537,#8561,#8583,#8595,#8612,#8636,#8653,#8677,#8694,#8718,#8735,
    #8759,#8783,#8807,#8829,#8841,#8865,#8882,#8899,#8916,#8933,#8945,
    #8957,#8969));
#17 = ADVANCED_FACE('',(#18),#52,.F.);
#18 = FACE_BOUND('',#19,.F.);
#19 = EDGE_LOOP('',(#20,#30,#38,#46));
#20 = ORIENTED_EDGE('',*,*,#21,.F.);
#21 = EDGE_CURVE('',#22,#24,#26,.T.);
#22 = VERTEX_POINT('',#23);
#23 = CARTESIAN_POINT('',(0.,0.,0.));
#24 = VERTEX_POINT('',#25);
#25 = CARTESIAN_POINT('',(0.,0.,133.2));
#26 = LINE('',#27,#28);
#27 = CARTESIAN_POINT('',(0.,0.,0.));
#28 = VECTOR('',#29,1.);
#29 = DIRECTION('',(0.,0.,1.));
#30 = ORIENTED_EDGE('',*,*,#31,.T.);
#31 = EDGE_CURVE('',#22,#32,#34,.T.);
#32 = VERTEX_POINT('',#33);
#33 = CARTESIAN_POINT('',(0.,48.5,0.));
#34 = LINE('',#35,#36);
#35 = CARTESIAN_POINT('',(0.,0.,0.));
#36 = VECTOR('',#37,1.);
#37 = DIRECTION('',(-0.,1.,0.));
#38 = ORIENTED_EDGE('',*,*,#39,.T.);
#39 = EDGE_CURVE('',#32,#40,#42,.T.);
#40 = VERTEX_POINT('',#41);
#41 = CARTESIAN_POINT('',(0.,48.5,133.2));
#42 = LINE('',#43,#44);
#43 = CARTESIAN_POINT('',(0.,48.5,0.));
#44 = VECTOR('',#45,1.);
#45 = DIRECTION('',(0.,0.,1.));
#46 = ORIENTED_EDGE('',*,*,#47,.T.);
#47 = EDGE_CURVE('',#40,#24,#48,.T.);
#48 = LINE('',#49,#50);
#49 = CARTESIAN_POINT('',(0.,0.,133.2));
#50 = VECTOR('',#51,1.);
#51 = DIRECTION('',(0.,-1.,0.));
#52 = PLANE('',#53);
#53 = AXIS2_PLACEMENT_3D('',#54,#55,#56);
#54 = CARTESIAN_POINT('',(0.,0.,0.));
#55 = DIRECTION('',(1.,0.,-0.));
#56 = DIRECTION('',(0.,0.,1.));
#57 = ADVANCED_FACE('',(#58),#115,.F.);
#58 = FACE_BOUND('',#59,.F.);
#59 = EDGE_LOOP('',(#60,#70,#76,#77,#85,#93,#101,#109));
#60 = ORIENTED_EDGE('',*,*,#61,.F.);
#61 = EDGE_CURVE('',#62,#64,#66,.T.);
#62 = VERTEX_POINT('',#63);
#63 = CARTESIAN_POINT('',(186.,0.,0.));
#64 = VERTEX_POINT('',#65);
#65 = CARTESIAN_POINT('',(186.,0.,133.2));
#66 = LINE('',#67,#68);
#67 = CARTESIAN_POINT('',(186.,0.,0.));
#68 = VECTOR('',#69,1.);
#69 = DIRECTION('',(0.,0.,1.));
#70 = ORIENTED_EDGE('',*,*,#71,.F.);
#71 = EDGE_CURVE('',#22,#62,#72,.T.);
#72 = LINE('',#73,#74);
#73 = CARTESIAN_POINT('',(0.,0.,0.));
#74 = VECTOR('',#75,1.);
#75 = DIRECTION('',(1.,0.,-0.));
#76 = ORIENTED_EDGE('',*,*,#21,.T.);
#77 = ORIENTED_EDGE('',*,*,#78,.T.);
#78 = EDGE_CURVE('',#24,#79,#81,.T.);
#79 = VERTEX_POINT('',#80);
#80 = CARTESIAN_POINT('',(1.9,0.,133.2));
#81 = LINE('',#82,#83);
#82 = CARTESIAN_POINT('',(-0.5,0.,133.2));
#83 = VECTOR('',#84,1.);
#84 = DIRECTION('',(1.,0.,-0.));
#85 = ORIENTED_EDGE('',*,*,#86,.T.);
#86 = EDGE_CURVE('',#79,#87,#89,.T.);
#87 = VERTEX_POINT('',#88);
#88 = CARTESIAN_POINT('',(1.9,0.,138.));
#89 = LINE('',#90,#91);
#90 = CARTESIAN_POINT('',(1.9,0.,133.2));
#91 = VECTOR('',#92,1.);
#92 = DIRECTION('',(0.,0.,1.));
#93 = ORIENTED_EDGE('',*,*,#94,.T.);
#94 = EDGE_CURVE('',#87,#95,#97,.T.);
#95 = VERTEX_POINT('',#96);
#96 = CARTESIAN_POINT('',(184.1,0.,138.));
#97 = LINE('',#98,#99);
#98 = CARTESIAN_POINT('',(0.,0.,138.));
#99 = VECTOR('',#100,1.);
#100 = DIRECTION('',(1.,0.,-0.));
#101 = ORIENTED_EDGE('',*,*,#102,.F.);
#102 = EDGE_CURVE('',#103,#95,#105,.T.);
#103 = VERTEX_POINT('',#104);
#104 = CARTESIAN_POINT('',(184.1,0.,133.2));
#105 = LINE('',#106,#107);
#106 = CARTESIAN_POINT('',(184.1,0.,133.2));
#107 = VECTOR('',#108,1.);
#108 = DIRECTION('',(0.,0.,1.));
#109 = ORIENTED_EDGE('',*,*,#110,.T.);
#110 = EDGE_CURVE('',#103,#64,#111,.T.);
#111 = LINE('',#112,#113);
#112 = CARTESIAN_POINT('',(184.1,0.,133.2));
#113 = VECTOR('',#114,1.);
#114 = DIRECTION('',(1.,0.,-0.));
#115 = PLANE('',#116);
#116 = AXIS2_PLACEMENT_3D('',#117,#118,#119);
#117 = CARTESIAN_POINT('',(0.,0.,0.));
#118 = DIRECTION('',(-0.,1.,0.));
#119 = DIRECTION('',(0.,0.,1.));
#120 = ADVANCED_FACE('',(#121),#147,.T.);
#121 = FACE_BOUND('',#122,.T.);
#122 = EDGE_LOOP('',(#123,#124,#125,#133,#141));
#123 = ORIENTED_EDGE('',*,*,#47,.T.);
#124 = ORIENTED_EDGE('',*,*,#78,.T.);
#125 = ORIENTED_EDGE('',*,*,#126,.T.);
#126 = EDGE_CURVE('',#79,#127,#129,.T.);
#127 = VERTEX_POINT('',#128);
#128 = CARTESIAN_POINT('',(1.9,48.5,133.2));
#129 = LINE('',#130,#131);
#130 = CARTESIAN_POINT('',(1.9,0.,133.2));
#131 = VECTOR('',#132,1.);
#132 = DIRECTION('',(-0.,1.,0.));
#133 = ORIENTED_EDGE('',*,*,#134,.F.);
#134 = EDGE_CURVE('',#135,#127,#137,.T.);
#135 = VERTEX_POINT('',#136);
#136 = CARTESIAN_POINT('',(1.5,48.5,133.2));
#137 = LINE('',#138,#139);
#138 = CARTESIAN_POINT('',(-0.25,48.5,133.2));
#139 = VECTOR('',#140,1.);
#140 = DIRECTION('',(1.,0.,-0.));
#141 = ORIENTED_EDGE('',*,*,#142,.F.);
#142 = EDGE_CURVE('',#40,#135,#143,.T.);
#143 = LINE('',#144,#145);
#144 = CARTESIAN_POINT('',(-0.25,48.5,133.2));
#145 = VECTOR('',#146,1.);
#146 = DIRECTION('',(1.,0.,-0.));
#147 = PLANE('',#148);
#148 = AXIS2_PLACEMENT_3D('',#149,#150,#151);
#149 = CARTESIAN_POINT('',(-0.5,0.,133.2));
#150 = DIRECTION('',(0.,0.,1.));
#151 = DIRECTION('',(1.,0.,-0.));
#152 = ADVANCED_FACE('',(#153),#235,.T.);
#153 = FACE_BOUND('',#154,.T.);
#154 = EDGE_LOOP('',(#155,#165,#173,#181,#189,#197,#205,#211,#212,#213,
    #221,#229));
#155 = ORIENTED_EDGE('',*,*,#156,.T.);
#156 = EDGE_CURVE('',#157,#159,#161,.T.);
#157 = VERTEX_POINT('',#158);
#158 = CARTESIAN_POINT('',(3.,48.5,3.5));
#159 = VERTEX_POINT('',#160);
#160 = CARTESIAN_POINT('',(183.,48.5,3.5));
#161 = LINE('',#162,#163);
#162 = CARTESIAN_POINT('',(1.5,48.5,3.5));
#163 = VECTOR('',#164,1.);
#164 = DIRECTION('',(1.,0.,-0.));
#165 = ORIENTED_EDGE('',*,*,#166,.F.);
#166 = EDGE_CURVE('',#167,#159,#169,.T.);
#167 = VERTEX_POINT('',#168);
#168 = CARTESIAN_POINT('',(183.,48.5,1.5));
#169 = LINE('',#170,#171);
#170 = CARTESIAN_POINT('',(183.,48.5,1.5));
#171 = VECTOR('',#172,1.);
#172 = DIRECTION('',(0.,0.,1.));
#173 = ORIENTED_EDGE('',*,*,#174,.T.);
#174 = EDGE_CURVE('',#167,#175,#177,.T.);
#175 = VERTEX_POINT('',#176);
#176 = CARTESIAN_POINT('',(184.5,48.5,1.5));
#177 = LINE('',#178,#179);
#178 = CARTESIAN_POINT('',(183.,48.5,1.5));
#179 = VECTOR('',#180,1.);
#180 = DIRECTION('',(1.,0.,-0.));
#181 = ORIENTED_EDGE('',*,*,#182,.T.);
#182 = EDGE_CURVE('',#175,#183,#185,.T.);
#183 = VERTEX_POINT('',#184);
#184 = CARTESIAN_POINT('',(184.5,48.5,133.2));
#185 = LINE('',#186,#187);
#186 = CARTESIAN_POINT('',(184.5,48.5,1.5));
#187 = VECTOR('',#188,1.);
#188 = DIRECTION('',(0.,0.,1.));
#189 = ORIENTED_EDGE('',*,*,#190,.T.);
#190 = EDGE_CURVE('',#183,#191,#193,.T.);
#191 = VERTEX_POINT('',#192);
#192 = CARTESIAN_POINT('',(186.,48.5,133.2));
#193 = LINE('',#194,#195);
#194 = CARTESIAN_POINT('',(92.05,48.5,133.2));
#195 = VECTOR('',#196,1.);
#196 = DIRECTION('',(1.,0.,-0.));
#197 = ORIENTED_EDGE('',*,*,#198,.F.);
#198 = EDGE_CURVE('',#199,#191,#201,.T.);
#199 = VERTEX_POINT('',#200);
#200 = CARTESIAN_POINT('',(186.,48.5,0.));
#201 = LINE('',#202,#203);
#202 = CARTESIAN_POINT('',(186.,48.5,0.));
#203 = VECTOR('',#204,1.);
#204 = DIRECTION('',(0.,0.,1.));
#205 = ORIENTED_EDGE('',*,*,#206,.F.);
#206 = EDGE_CURVE('',#32,#199,#207,.T.);
#207 = LINE('',#208,#209);
#208 = CARTESIAN_POINT('',(0.,48.5,0.));
#209 = VECTOR('',#210,1.);
#210 = DIRECTION('',(1.,0.,-0.));
#211 = ORIENTED_EDGE('',*,*,#39,.T.);
#212 = ORIENTED_EDGE('',*,*,#142,.T.);
#213 = ORIENTED_EDGE('',*,*,#214,.F.);
#214 = EDGE_CURVE('',#215,#135,#217,.T.);
#215 = VERTEX_POINT('',#216);
#216 = CARTESIAN_POINT('',(1.5,48.5,1.5));
#217 = LINE('',#218,#219);
#218 = CARTESIAN_POINT('',(1.5,48.5,1.5));
#219 = VECTOR('',#220,1.);
#220 = DIRECTION('',(0.,0.,1.));
#221 = ORIENTED_EDGE('',*,*,#222,.T.);
#222 = EDGE_CURVE('',#215,#223,#225,.T.);
#223 = VERTEX_POINT('',#224);
#224 = CARTESIAN_POINT('',(3.,48.5,1.5));
#225 = LINE('',#226,#227);
#226 = CARTESIAN_POINT('',(1.5,48.5,1.5));
#227 = VECTOR('',#228,1.);
#228 = DIRECTION('',(1.,0.,-0.));
#229 = ORIENTED_EDGE('',*,*,#230,.T.);
#230 = EDGE_CURVE('',#223,#157,#231,.T.);
#231 = LINE('',#232,#233);
#232 = CARTESIAN_POINT('',(3.,48.5,1.5));
#233 = VECTOR('',#234,1.);
#234 = DIRECTION('',(0.,0.,1.));
#235 = PLANE('',#236);
#236 = AXIS2_PLACEMENT_3D('',#237,#238,#239);
#237 = CARTESIAN_POINT('',(0.,48.5,0.));
#238 = DIRECTION('',(-0.,1.,0.));
#239 = DIRECTION('',(0.,0.,1.));
#240 = ADVANCED_FACE('',(#241,#252,#302,#352,#402,#452,#502,#552,#602,
    #652,#702,#752,#802,#852,#902,#952,#963,#1013,#1063,#1113,#1163,
    #1213,#1263,#1313,#1363,#1413,#1463,#1513,#1563,#1613),#1663,.F.);
#241 = FACE_BOUND('',#242,.F.);
#242 = EDGE_LOOP('',(#243,#244,#245,#251));
#243 = ORIENTED_EDGE('',*,*,#31,.F.);
#244 = ORIENTED_EDGE('',*,*,#71,.T.);
#245 = ORIENTED_EDGE('',*,*,#246,.T.);
#246 = EDGE_CURVE('',#62,#199,#247,.T.);
#247 = LINE('',#248,#249);
#248 = CARTESIAN_POINT('',(186.,0.,0.));
#249 = VECTOR('',#250,1.);
#250 = DIRECTION('',(-0.,1.,0.));
#251 = ORIENTED_EDGE('',*,*,#206,.F.);
#252 = FACE_BOUND('',#253,.F.);
#253 = EDGE_LOOP('',(#254,#264,#272,#280,#288,#296));
#254 = ORIENTED_EDGE('',*,*,#255,.T.);
#255 = EDGE_CURVE('',#256,#258,#260,.T.);
#256 = VERTEX_POINT('',#257);
#257 = CARTESIAN_POINT('',(23.25,19.376388374866,0.));
#258 = VERTEX_POINT('',#259);
#259 = CARTESIAN_POINT('',(26.5,21.252776749733,0.));
#260 = LINE('',#261,#262);
#261 = CARTESIAN_POINT('',(11.961138858443,12.858761355944,0.));
#262 = VECTOR('',#263,1.);
#263 = DIRECTION('',(0.866025403784,0.5,-0.));
#264 = ORIENTED_EDGE('',*,*,#265,.T.);
#265 = EDGE_CURVE('',#258,#266,#268,.T.);
#266 = VERTEX_POINT('',#267);
#267 = CARTESIAN_POINT('',(29.75,19.376388374866,0.));
#268 = LINE('',#269,#270);
#269 = CARTESIAN_POINT('',(22.788861141557,23.395403768655,0.));
#270 = VECTOR('',#271,1.);
#271 = DIRECTION('',(0.866025403784,-0.5,0.));
#272 = ORIENTED_EDGE('',*,*,#273,.T.);
#273 = EDGE_CURVE('',#266,#274,#276,.T.);
#274 = VERTEX_POINT('',#275);
#275 = CARTESIAN_POINT('',(29.75,15.623611625134,0.));
#276 = LINE('',#277,#278);
#277 = CARTESIAN_POINT('',(29.75,7.811805812567,0.));
#278 = VECTOR('',#279,1.);
#279 = DIRECTION('',(0.,-1.,0.));
#280 = ORIENTED_EDGE('',*,*,#281,.T.);
#281 = EDGE_CURVE('',#274,#282,#284,.T.);
#282 = VERTEX_POINT('',#283);
#283 = CARTESIAN_POINT('',(26.5,13.747223250267,0.));
#284 = LINE('',#285,#286);
#285 = CARTESIAN_POINT('',(13.586138858443,6.291402043912,0.));
#286 = VECTOR('',#287,1.);
#287 = DIRECTION('',(-0.866025403784,-0.5,0.));
#288 = ORIENTED_EDGE('',*,*,#289,.T.);
#289 = EDGE_CURVE('',#282,#290,#292,.T.);
#290 = VERTEX_POINT('',#291);
#291 = CARTESIAN_POINT('',(23.25,15.623611625134,0.));
#292 = LINE('',#293,#294);
#293 = CARTESIAN_POINT('',(17.913861141557,18.704432831489,0.));
#294 = VECTOR('',#295,1.);
#295 = DIRECTION('',(-0.866025403784,0.5,0.));
#296 = ORIENTED_EDGE('',*,*,#297,.T.);
#297 = EDGE_CURVE('',#290,#256,#298,.T.);
#298 = LINE('',#299,#300);
#299 = CARTESIAN_POINT('',(23.25,9.688194187433,0.));
#300 = VECTOR('',#301,1.);
#301 = DIRECTION('',(-0.,1.,0.));
#302 = FACE_BOUND('',#303,.F.);
#303 = EDGE_LOOP('',(#304,#314,#322,#330,#338,#346));
#304 = ORIENTED_EDGE('',*,*,#305,.T.);
#305 = EDGE_CURVE('',#306,#308,#310,.T.);
#306 = VERTEX_POINT('',#307);
#307 = CARTESIAN_POINT('',(32.25,19.376388374866,0.));
#308 = VERTEX_POINT('',#309);
#309 = CARTESIAN_POINT('',(35.5,21.252776749733,0.));
#310 = LINE('',#311,#312);
#311 = CARTESIAN_POINT('',(17.586138858443,10.910204197429,0.));
#312 = VECTOR('',#313,1.);
#313 = DIRECTION('',(0.866025403784,0.5,-0.));
#314 = ORIENTED_EDGE('',*,*,#315,.T.);
#315 = EDGE_CURVE('',#308,#316,#318,.T.);
#316 = VERTEX_POINT('',#317);
#317 = CARTESIAN_POINT('',(38.75,19.376388374866,0.));
#318 = LINE('',#319,#320);
#319 = CARTESIAN_POINT('',(28.413861141557,25.34396092717,0.));
#320 = VECTOR('',#321,1.);
#321 = DIRECTION('',(0.866025403784,-0.5,0.));
#322 = ORIENTED_EDGE('',*,*,#323,.T.);
#323 = EDGE_CURVE('',#316,#324,#326,.T.);
#324 = VERTEX_POINT('',#325);
#325 = CARTESIAN_POINT('',(38.75,15.623611625134,0.));
#326 = LINE('',#327,#328);
#327 = CARTESIAN_POINT('',(38.75,7.811805812567,0.));
#328 = VECTOR('',#329,1.);
#329 = DIRECTION('',(0.,-1.,0.));
#330 = ORIENTED_EDGE('',*,*,#331,.T.);
#331 = EDGE_CURVE('',#324,#332,#334,.T.);
#332 = VERTEX_POINT('',#333);
#333 = CARTESIAN_POINT('',(35.5,13.747223250267,0.));
#334 = LINE('',#335,#336);
#335 = CARTESIAN_POINT('',(19.211138858443,4.342844885397,0.));
#336 = VECTOR('',#337,1.);
#337 = DIRECTION('',(-0.866025403784,-0.5,0.));
#338 = ORIENTED_EDGE('',*,*,#339,.T.);
#339 = EDGE_CURVE('',#332,#340,#342,.T.);
#340 = VERTEX_POINT('',#341);
#341 = CARTESIAN_POINT('',(32.25,15.623611625134,0.));
#342 = LINE('',#343,#344);
#343 = CARTESIAN_POINT('',(23.538861141557,20.652989990004,0.));
#344 = VECTOR('',#345,1.);
#345 = DIRECTION('',(-0.866025403784,0.5,0.));
#346 = ORIENTED_EDGE('',*,*,#347,.T.);
#347 = EDGE_CURVE('',#340,#306,#348,.T.);
#348 = LINE('',#349,#350);
#349 = CARTESIAN_POINT('',(32.25,9.688194187433,0.));
#350 = VECTOR('',#351,1.);
#351 = DIRECTION('',(-0.,1.,0.));
#352 = FACE_BOUND('',#353,.F.);
#353 = EDGE_LOOP('',(#354,#364,#372,#380,#388,#396));
#354 = ORIENTED_EDGE('',*,*,#355,.T.);
#355 = EDGE_CURVE('',#356,#358,#360,.T.);
#356 = VERTEX_POINT('',#357);
#357 = CARTESIAN_POINT('',(41.25,19.376388374866,0.));
#358 = VERTEX_POINT('',#359);
#359 = CARTESIAN_POINT('',(44.5,21.252776749733,0.));
#360 = LINE('',#361,#362);
#361 = CARTESIAN_POINT('',(23.211138858443,8.961647038914,0.));
#362 = VECTOR('',#363,1.);
#363 = DIRECTION('',(0.866025403784,0.5,-0.));
#364 = ORIENTED_EDGE('',*,*,#365,.T.);
#365 = EDGE_CURVE('',#358,#366,#368,.T.);
#366 = VERTEX_POINT('',#367);
#367 = CARTESIAN_POINT('',(47.75,19.376388374866,0.));
#368 = LINE('',#369,#370);
#369 = CARTESIAN_POINT('',(34.038861141557,27.292518085685,0.));
#370 = VECTOR('',#371,1.);
#371 = DIRECTION('',(0.866025403784,-0.5,0.));
#372 = ORIENTED_EDGE('',*,*,#373,.T.);
#373 = EDGE_CURVE('',#366,#374,#376,.T.);
#374 = VERTEX_POINT('',#375);
#375 = CARTESIAN_POINT('',(47.75,15.623611625134,0.));
#376 = LINE('',#377,#378);
#377 = CARTESIAN_POINT('',(47.75,7.811805812567,0.));
#378 = VECTOR('',#379,1.);
#379 = DIRECTION('',(0.,-1.,0.));
#380 = ORIENTED_EDGE('',*,*,#381,.T.);
#381 = EDGE_CURVE('',#374,#382,#384,.T.);
#382 = VERTEX_POINT('',#383);
#383 = CARTESIAN_POINT('',(44.5,13.747223250267,0.));
#384 = LINE('',#385,#386);
#385 = CARTESIAN_POINT('',(24.836138858443,2.394287726882,0.));
#386 = VECTOR('',#387,1.);
#387 = DIRECTION('',(-0.866025403784,-0.5,0.));
#388 = ORIENTED_EDGE('',*,*,#389,.T.);
#389 = EDGE_CURVE('',#382,#390,#392,.T.);
#390 = VERTEX_POINT('',#391);
#391 = CARTESIAN_POINT('',(41.25,15.623611625134,0.));
#392 = LINE('',#393,#394);
#393 = CARTESIAN_POINT('',(29.163861141557,22.601547148519,0.));
#394 = VECTOR('',#395,1.);
#395 = DIRECTION('',(-0.866025403784,0.5,0.));
#396 = ORIENTED_EDGE('',*,*,#397,.T.);
#397 = EDGE_CURVE('',#390,#356,#398,.T.);
#398 = LINE('',#399,#400);
#399 = CARTESIAN_POINT('',(41.25,9.688194187433,0.));
#400 = VECTOR('',#401,1.);
#401 = DIRECTION('',(-0.,1.,0.));
#402 = FACE_BOUND('',#403,.F.);
#403 = EDGE_LOOP('',(#404,#414,#422,#430,#438,#446));
#404 = ORIENTED_EDGE('',*,*,#405,.T.);
#405 = EDGE_CURVE('',#406,#408,#410,.T.);
#406 = VERTEX_POINT('',#407);
#407 = CARTESIAN_POINT('',(50.25,19.376388374866,0.));
#408 = VERTEX_POINT('',#409);
#409 = CARTESIAN_POINT('',(53.5,21.252776749733,0.));
#410 = LINE('',#411,#412);
#411 = CARTESIAN_POINT('',(28.836138858443,7.013089880399,0.));
#412 = VECTOR('',#413,1.);
#413 = DIRECTION('',(0.866025403784,0.5,-0.));
#414 = ORIENTED_EDGE('',*,*,#415,.T.);
#415 = EDGE_CURVE('',#408,#416,#418,.T.);
#416 = VERTEX_POINT('',#417);
#417 = CARTESIAN_POINT('',(56.75,19.376388374866,0.));
#418 = LINE('',#419,#420);
#419 = CARTESIAN_POINT('',(39.663861141557,29.2410752442,0.));
#420 = VECTOR('',#421,1.);
#421 = DIRECTION('',(0.866025403784,-0.5,0.));
#422 = ORIENTED_EDGE('',*,*,#423,.T.);
#423 = EDGE_CURVE('',#416,#424,#426,.T.);
#424 = VERTEX_POINT('',#425);
#425 = CARTESIAN_POINT('',(56.75,15.623611625134,0.));
#426 = LINE('',#427,#428);
#427 = CARTESIAN_POINT('',(56.75,7.811805812567,0.));
#428 = VECTOR('',#429,1.);
#429 = DIRECTION('',(0.,-1.,0.));
#430 = ORIENTED_EDGE('',*,*,#431,.T.);
#431 = EDGE_CURVE('',#424,#432,#434,.T.);
#432 = VERTEX_POINT('',#433);
#433 = CARTESIAN_POINT('',(53.5,13.747223250267,0.));
#434 = LINE('',#435,#436);
#435 = CARTESIAN_POINT('',(30.461138858443,0.445730568367,0.));
#436 = VECTOR('',#437,1.);
#437 = DIRECTION('',(-0.866025403784,-0.5,0.));
#438 = ORIENTED_EDGE('',*,*,#439,.T.);
#439 = EDGE_CURVE('',#432,#440,#442,.T.);
#440 = VERTEX_POINT('',#441);
#441 = CARTESIAN_POINT('',(50.25,15.623611625134,0.));
#442 = LINE('',#443,#444);
#443 = CARTESIAN_POINT('',(34.788861141557,24.550104307034,0.));
#444 = VECTOR('',#445,1.);
#445 = DIRECTION('',(-0.866025403784,0.5,0.));
#446 = ORIENTED_EDGE('',*,*,#447,.T.);
#447 = EDGE_CURVE('',#440,#406,#448,.T.);
#448 = LINE('',#449,#450);
#449 = CARTESIAN_POINT('',(50.25,9.688194187433,0.));
#450 = VECTOR('',#451,1.);
#451 = DIRECTION('',(-0.,1.,0.));
#452 = FACE_BOUND('',#453,.F.);
#453 = EDGE_LOOP('',(#454,#464,#472,#480,#488,#496));
#454 = ORIENTED_EDGE('',*,*,#455,.T.);
#455 = EDGE_CURVE('',#456,#458,#460,.T.);
#456 = VERTEX_POINT('',#457);
#457 = CARTESIAN_POINT('',(59.25,19.376388374866,0.));
#458 = VERTEX_POINT('',#459);
#459 = CARTESIAN_POINT('',(62.5,21.252776749733,0.));
#460 = LINE('',#461,#462);
#461 = CARTESIAN_POINT('',(34.461138858443,5.064532721884,0.));
#462 = VECTOR('',#463,1.);
#463 = DIRECTION('',(0.866025403784,0.5,-0.));
#464 = ORIENTED_EDGE('',*,*,#465,.T.);
#465 = EDGE_CURVE('',#458,#466,#468,.T.);
#466 = VERTEX_POINT('',#467);
#467 = CARTESIAN_POINT('',(65.75,19.376388374866,0.));
#468 = LINE('',#469,#470);
#469 = CARTESIAN_POINT('',(45.288861141557,31.189632402715,0.));
#470 = VECTOR('',#471,1.);
#471 = DIRECTION('',(0.866025403784,-0.5,0.));
#472 = ORIENTED_EDGE('',*,*,#473,.T.);
#473 = EDGE_CURVE('',#466,#474,#476,.T.);
#474 = VERTEX_POINT('',#475);
#475 = CARTESIAN_POINT('',(65.75,15.623611625134,0.));
#476 = LINE('',#477,#478);
#477 = CARTESIAN_POINT('',(65.75,7.811805812567,0.));
#478 = VECTOR('',#479,1.);
#479 = DIRECTION('',(0.,-1.,0.));
#480 = ORIENTED_EDGE('',*,*,#481,.T.);
#481 = EDGE_CURVE('',#474,#482,#484,.T.);
#482 = VERTEX_POINT('',#483);
#483 = CARTESIAN_POINT('',(62.5,13.747223250267,0.));
#484 = LINE('',#485,#486);
#485 = CARTESIAN_POINT('',(36.086138858443,-1.502826590148,0.));
#486 = VECTOR('',#487,1.);
#487 = DIRECTION('',(-0.866025403784,-0.5,0.));
#488 = ORIENTED_EDGE('',*,*,#489,.T.);
#489 = EDGE_CURVE('',#482,#490,#492,.T.);
#490 = VERTEX_POINT('',#491);
#491 = CARTESIAN_POINT('',(59.25,15.623611625134,0.));
#492 = LINE('',#493,#494);
#493 = CARTESIAN_POINT('',(40.413861141557,26.498661465549,0.));
#494 = VECTOR('',#495,1.);
#495 = DIRECTION('',(-0.866025403784,0.5,0.));
#496 = ORIENTED_EDGE('',*,*,#497,.T.);
#497 = EDGE_CURVE('',#490,#456,#498,.T.);
#498 = LINE('',#499,#500);
#499 = CARTESIAN_POINT('',(59.25,9.688194187433,0.));
#500 = VECTOR('',#501,1.);
#501 = DIRECTION('',(-0.,1.,0.));
#502 = FACE_BOUND('',#503,.F.);
#503 = EDGE_LOOP('',(#504,#514,#522,#530,#538,#546));
#504 = ORIENTED_EDGE('',*,*,#505,.T.);
#505 = EDGE_CURVE('',#506,#508,#510,.T.);
#506 = VERTEX_POINT('',#507);
#507 = CARTESIAN_POINT('',(68.25,19.376388374866,0.));
#508 = VERTEX_POINT('',#509);
#509 = CARTESIAN_POINT('',(71.5,21.252776749733,0.));
#510 = LINE('',#511,#512);
#511 = CARTESIAN_POINT('',(40.086138858443,3.115975563369,0.));
#512 = VECTOR('',#513,1.);
#513 = DIRECTION('',(0.866025403784,0.5,-0.));
#514 = ORIENTED_EDGE('',*,*,#515,.T.);
#515 = EDGE_CURVE('',#508,#516,#518,.T.);
#516 = VERTEX_POINT('',#517);
#517 = CARTESIAN_POINT('',(74.75,19.376388374866,0.));
#518 = LINE('',#519,#520);
#519 = CARTESIAN_POINT('',(50.913861141557,33.13818956123,0.));
#520 = VECTOR('',#521,1.);
#521 = DIRECTION('',(0.866025403784,-0.5,0.));
#522 = ORIENTED_EDGE('',*,*,#523,.T.);
#523 = EDGE_CURVE('',#516,#524,#526,.T.);
#524 = VERTEX_POINT('',#525);
#525 = CARTESIAN_POINT('',(74.75,15.623611625134,0.));
#526 = LINE('',#527,#528);
#527 = CARTESIAN_POINT('',(74.75,7.811805812567,0.));
#528 = VECTOR('',#529,1.);
#529 = DIRECTION('',(0.,-1.,0.));
#530 = ORIENTED_EDGE('',*,*,#531,.T.);
#531 = EDGE_CURVE('',#524,#532,#534,.T.);
#532 = VERTEX_POINT('',#533);
#533 = CARTESIAN_POINT('',(71.5,13.747223250267,0.));
#534 = LINE('',#535,#536);
#535 = CARTESIAN_POINT('',(41.711138858443,-3.451383748663,0.));
#536 = VECTOR('',#537,1.);
#537 = DIRECTION('',(-0.866025403784,-0.5,0.));
#538 = ORIENTED_EDGE('',*,*,#539,.T.);
#539 = EDGE_CURVE('',#532,#540,#542,.T.);
#540 = VERTEX_POINT('',#541);
#541 = CARTESIAN_POINT('',(68.25,15.623611625134,0.));
#542 = LINE('',#543,#544);
#543 = CARTESIAN_POINT('',(46.038861141557,28.447218624064,0.));
#544 = VECTOR('',#545,1.);
#545 = DIRECTION('',(-0.866025403784,0.5,0.));
#546 = ORIENTED_EDGE('',*,*,#547,.T.);
#547 = EDGE_CURVE('',#540,#506,#548,.T.);
#548 = LINE('',#549,#550);
#549 = CARTESIAN_POINT('',(68.25,9.688194187433,0.));
#550 = VECTOR('',#551,1.);
#551 = DIRECTION('',(-0.,1.,0.));
#552 = FACE_BOUND('',#553,.F.);
#553 = EDGE_LOOP('',(#554,#564,#572,#580,#588,#596));
#554 = ORIENTED_EDGE('',*,*,#555,.T.);
#555 = EDGE_CURVE('',#556,#558,#560,.T.);
#556 = VERTEX_POINT('',#557);
#557 = CARTESIAN_POINT('',(77.25,19.376388374866,0.));
#558 = VERTEX_POINT('',#559);
#559 = CARTESIAN_POINT('',(80.5,21.252776749733,0.));
#560 = LINE('',#561,#562);
#561 = CARTESIAN_POINT('',(45.711138858443,1.167418404854,0.));
#562 = VECTOR('',#563,1.);
#563 = DIRECTION('',(0.866025403784,0.5,-0.));
#564 = ORIENTED_EDGE('',*,*,#565,.T.);
#565 = EDGE_CURVE('',#558,#566,#568,.T.);
#566 = VERTEX_POINT('',#567);
#567 = CARTESIAN_POINT('',(83.75,19.376388374866,0.));
#568 = LINE('',#569,#570);
#569 = CARTESIAN_POINT('',(56.538861141557,35.086746719745,0.));
#570 = VECTOR('',#571,1.);
#571 = DIRECTION('',(0.866025403784,-0.5,0.));
#572 = ORIENTED_EDGE('',*,*,#573,.T.);
#573 = EDGE_CURVE('',#566,#574,#576,.T.);
#574 = VERTEX_POINT('',#575);
#575 = CARTESIAN_POINT('',(83.75,15.623611625134,0.));
#576 = LINE('',#577,#578);
#577 = CARTESIAN_POINT('',(83.75,7.811805812567,0.));
#578 = VECTOR('',#579,1.);
#579 = DIRECTION('',(0.,-1.,0.));
#580 = ORIENTED_EDGE('',*,*,#581,.T.);
#581 = EDGE_CURVE('',#574,#582,#584,.T.);
#582 = VERTEX_POINT('',#583);
#583 = CARTESIAN_POINT('',(80.5,13.747223250267,0.));
#584 = LINE('',#585,#586);
#585 = CARTESIAN_POINT('',(47.336138858443,-5.399940907178,0.));
#586 = VECTOR('',#587,1.);
#587 = DIRECTION('',(-0.866025403784,-0.5,0.));
#588 = ORIENTED_EDGE('',*,*,#589,.T.);
#589 = EDGE_CURVE('',#582,#590,#592,.T.);
#590 = VERTEX_POINT('',#591);
#591 = CARTESIAN_POINT('',(77.25,15.623611625134,0.));
#592 = LINE('',#593,#594);
#593 = CARTESIAN_POINT('',(51.663861141557,30.395775782579,0.));
#594 = VECTOR('',#595,1.);
#595 = DIRECTION('',(-0.866025403784,0.5,0.));
#596 = ORIENTED_EDGE('',*,*,#597,.T.);
#597 = EDGE_CURVE('',#590,#556,#598,.T.);
#598 = LINE('',#599,#600);
#599 = CARTESIAN_POINT('',(77.25,9.688194187433,0.));
#600 = VECTOR('',#601,1.);
#601 = DIRECTION('',(-0.,1.,0.));
#602 = FACE_BOUND('',#603,.F.);
#603 = EDGE_LOOP('',(#604,#614,#622,#630,#638,#646));
#604 = ORIENTED_EDGE('',*,*,#605,.T.);
#605 = EDGE_CURVE('',#606,#608,#610,.T.);
#606 = VERTEX_POINT('',#607);
#607 = CARTESIAN_POINT('',(19.25,27.376388374866,0.));
#608 = VERTEX_POINT('',#609);
#609 = CARTESIAN_POINT('',(22.5,29.252776749733,0.));
#610 = LINE('',#611,#612);
#611 = CARTESIAN_POINT('',(7.729088050874,20.724786759729,0.));
#612 = VECTOR('',#613,1.);
#613 = DIRECTION('',(0.866025403784,0.5,-0.));
#614 = ORIENTED_EDGE('',*,*,#615,.T.);
#615 = EDGE_CURVE('',#608,#616,#618,.T.);
#616 = VERTEX_POINT('',#617);
#617 = CARTESIAN_POINT('',(25.75,27.376388374866,0.));
#618 = LINE('',#619,#620);
#619 = CARTESIAN_POINT('',(22.020911949126,29.52937836487,0.));
#620 = VECTOR('',#621,1.);
#621 = DIRECTION('',(0.866025403784,-0.5,0.));
#622 = ORIENTED_EDGE('',*,*,#623,.T.);
#623 = EDGE_CURVE('',#616,#624,#626,.T.);
#624 = VERTEX_POINT('',#625);
#625 = CARTESIAN_POINT('',(25.75,23.623611625134,0.));
#626 = LINE('',#627,#628);
#627 = CARTESIAN_POINT('',(25.75,11.811805812567,0.));
#628 = VECTOR('',#629,1.);
#629 = DIRECTION('',(0.,-1.,0.));
#630 = ORIENTED_EDGE('',*,*,#631,.T.);
#631 = EDGE_CURVE('',#624,#632,#634,.T.);
#632 = VERTEX_POINT('',#633);
#633 = CARTESIAN_POINT('',(22.5,21.747223250267,0.));
#634 = LINE('',#635,#636);
#635 = CARTESIAN_POINT('',(9.354088050874,14.157427447697,0.));
#636 = VECTOR('',#637,1.);
#637 = DIRECTION('',(-0.866025403784,-0.5,0.));
#638 = ORIENTED_EDGE('',*,*,#639,.T.);
#639 = EDGE_CURVE('',#632,#640,#642,.T.);
#640 = VERTEX_POINT('',#641);
#641 = CARTESIAN_POINT('',(19.25,23.623611625134,0.));
#642 = LINE('',#643,#644);
#643 = CARTESIAN_POINT('',(17.145911949126,24.838407427705,0.));
#644 = VECTOR('',#645,1.);
#645 = DIRECTION('',(-0.866025403784,0.5,0.));
#646 = ORIENTED_EDGE('',*,*,#647,.T.);
#647 = EDGE_CURVE('',#640,#606,#648,.T.);
#648 = LINE('',#649,#650);
#649 = CARTESIAN_POINT('',(19.25,13.688194187433,0.));
#650 = VECTOR('',#651,1.);
#651 = DIRECTION('',(-0.,1.,0.));
#652 = FACE_BOUND('',#653,.F.);
#653 = EDGE_LOOP('',(#654,#664,#672,#680,#688,#696));
#654 = ORIENTED_EDGE('',*,*,#655,.T.);
#655 = EDGE_CURVE('',#656,#658,#660,.T.);
#656 = VERTEX_POINT('',#657);
#657 = CARTESIAN_POINT('',(28.25,27.376388374866,0.));
#658 = VERTEX_POINT('',#659);
#659 = CARTESIAN_POINT('',(31.5,29.252776749733,0.));
#660 = LINE('',#661,#662);
#661 = CARTESIAN_POINT('',(13.354088050874,18.776229601214,0.));
#662 = VECTOR('',#663,1.);
#663 = DIRECTION('',(0.866025403784,0.5,-0.));
#664 = ORIENTED_EDGE('',*,*,#665,.T.);
#665 = EDGE_CURVE('',#658,#666,#668,.T.);
#666 = VERTEX_POINT('',#667);
#667 = CARTESIAN_POINT('',(34.75,27.376388374866,0.));
#668 = LINE('',#669,#670);
#669 = CARTESIAN_POINT('',(27.645911949126,31.477935523385,0.));
#670 = VECTOR('',#671,1.);
#671 = DIRECTION('',(0.866025403784,-0.5,0.));
#672 = ORIENTED_EDGE('',*,*,#673,.T.);
#673 = EDGE_CURVE('',#666,#674,#676,.T.);
#674 = VERTEX_POINT('',#675);
#675 = CARTESIAN_POINT('',(34.75,23.623611625134,0.));
#676 = LINE('',#677,#678);
#677 = CARTESIAN_POINT('',(34.75,11.811805812567,0.));
#678 = VECTOR('',#679,1.);
#679 = DIRECTION('',(0.,-1.,0.));
#680 = ORIENTED_EDGE('',*,*,#681,.T.);
#681 = EDGE_CURVE('',#674,#682,#684,.T.);
#682 = VERTEX_POINT('',#683);
#683 = CARTESIAN_POINT('',(31.5,21.747223250267,0.));
#684 = LINE('',#685,#686);
#685 = CARTESIAN_POINT('',(14.979088050874,12.208870289182,0.));
#686 = VECTOR('',#687,1.);
#687 = DIRECTION('',(-0.866025403784,-0.5,0.));
#688 = ORIENTED_EDGE('',*,*,#689,.T.);
#689 = EDGE_CURVE('',#682,#690,#692,.T.);
#690 = VERTEX_POINT('',#691);
#691 = CARTESIAN_POINT('',(28.25,23.623611625134,0.));
#692 = LINE('',#693,#694);
#693 = CARTESIAN_POINT('',(22.770911949126,26.78696458622,0.));
#694 = VECTOR('',#695,1.);
#695 = DIRECTION('',(-0.866025403784,0.5,0.));
#696 = ORIENTED_EDGE('',*,*,#697,.T.);
#697 = EDGE_CURVE('',#690,#656,#698,.T.);
#698 = LINE('',#699,#700);
#699 = CARTESIAN_POINT('',(28.25,13.688194187433,0.));
#700 = VECTOR('',#701,1.);
#701 = DIRECTION('',(-0.,1.,0.));
#702 = FACE_BOUND('',#703,.F.);
#703 = EDGE_LOOP('',(#704,#714,#722,#730,#738,#746));
#704 = ORIENTED_EDGE('',*,*,#705,.T.);
#705 = EDGE_CURVE('',#706,#708,#710,.T.);
#706 = VERTEX_POINT('',#707);
#707 = CARTESIAN_POINT('',(37.25,27.376388374866,0.));
#708 = VERTEX_POINT('',#709);
#709 = CARTESIAN_POINT('',(40.5,29.252776749733,0.));
#710 = LINE('',#711,#712);
#711 = CARTESIAN_POINT('',(18.979088050874,16.827672442699,0.));
#712 = VECTOR('',#713,1.);
#713 = DIRECTION('',(0.866025403784,0.5,-0.));
#714 = ORIENTED_EDGE('',*,*,#715,.T.);
#715 = EDGE_CURVE('',#708,#716,#718,.T.);
#716 = VERTEX_POINT('',#717);
#717 = CARTESIAN_POINT('',(43.75,27.376388374866,0.));
#718 = LINE('',#719,#720);
#719 = CARTESIAN_POINT('',(33.270911949126,33.4264926819,0.));
#720 = VECTOR('',#721,1.);
#721 = DIRECTION('',(0.866025403784,-0.5,0.));
#722 = ORIENTED_EDGE('',*,*,#723,.T.);
#723 = EDGE_CURVE('',#716,#724,#726,.T.);
#724 = VERTEX_POINT('',#725);
#725 = CARTESIAN_POINT('',(43.75,23.623611625134,0.));
#726 = LINE('',#727,#728);
#727 = CARTESIAN_POINT('',(43.75,11.811805812567,0.));
#728 = VECTOR('',#729,1.);
#729 = DIRECTION('',(0.,-1.,0.));
#730 = ORIENTED_EDGE('',*,*,#731,.T.);
#731 = EDGE_CURVE('',#724,#732,#734,.T.);
#732 = VERTEX_POINT('',#733);
#733 = CARTESIAN_POINT('',(40.5,21.747223250267,0.));
#734 = LINE('',#735,#736);
#735 = CARTESIAN_POINT('',(20.604088050874,10.260313130667,0.));
#736 = VECTOR('',#737,1.);
#737 = DIRECTION('',(-0.866025403784,-0.5,0.));
#738 = ORIENTED_EDGE('',*,*,#739,.T.);
#739 = EDGE_CURVE('',#732,#740,#742,.T.);
#740 = VERTEX_POINT('',#741);
#741 = CARTESIAN_POINT('',(37.25,23.623611625134,0.));
#742 = LINE('',#743,#744);
#743 = CARTESIAN_POINT('',(28.395911949126,28.735521744735,0.));
#744 = VECTOR('',#745,1.);
#745 = DIRECTION('',(-0.866025403784,0.5,0.));
#746 = ORIENTED_EDGE('',*,*,#747,.T.);
#747 = EDGE_CURVE('',#740,#706,#748,.T.);
#748 = LINE('',#749,#750);
#749 = CARTESIAN_POINT('',(37.25,13.688194187433,0.));
#750 = VECTOR('',#751,1.);
#751 = DIRECTION('',(-0.,1.,0.));
#752 = FACE_BOUND('',#753,.F.);
#753 = EDGE_LOOP('',(#754,#764,#772,#780,#788,#796));
#754 = ORIENTED_EDGE('',*,*,#755,.T.);
#755 = EDGE_CURVE('',#756,#758,#760,.T.);
#756 = VERTEX_POINT('',#757);
#757 = CARTESIAN_POINT('',(46.25,27.376388374866,0.));
#758 = VERTEX_POINT('',#759);
#759 = CARTESIAN_POINT('',(49.5,29.252776749733,0.));
#760 = LINE('',#761,#762);
#761 = CARTESIAN_POINT('',(24.604088050874,14.879115284184,0.));
#762 = VECTOR('',#763,1.);
#763 = DIRECTION('',(0.866025403784,0.5,-0.));
#764 = ORIENTED_EDGE('',*,*,#765,.T.);
#765 = EDGE_CURVE('',#758,#766,#768,.T.);
#766 = VERTEX_POINT('',#767);
#767 = CARTESIAN_POINT('',(52.75,27.376388374866,0.));
#768 = LINE('',#769,#770);
#769 = CARTESIAN_POINT('',(38.895911949126,35.375049840415,0.));
#770 = VECTOR('',#771,1.);
#771 = DIRECTION('',(0.866025403784,-0.5,0.));
#772 = ORIENTED_EDGE('',*,*,#773,.T.);
#773 = EDGE_CURVE('',#766,#774,#776,.T.);
#774 = VERTEX_POINT('',#775);
#775 = CARTESIAN_POINT('',(52.75,23.623611625134,0.));
#776 = LINE('',#777,#778);
#777 = CARTESIAN_POINT('',(52.75,11.811805812567,0.));
#778 = VECTOR('',#779,1.);
#779 = DIRECTION('',(0.,-1.,0.));
#780 = ORIENTED_EDGE('',*,*,#781,.T.);
#781 = EDGE_CURVE('',#774,#782,#784,.T.);
#782 = VERTEX_POINT('',#783);
#783 = CARTESIAN_POINT('',(49.5,21.747223250267,0.));
#784 = LINE('',#785,#786);
#785 = CARTESIAN_POINT('',(26.229088050874,8.311755972152,0.));
#786 = VECTOR('',#787,1.);
#787 = DIRECTION('',(-0.866025403784,-0.5,0.));
#788 = ORIENTED_EDGE('',*,*,#789,.T.);
#789 = EDGE_CURVE('',#782,#790,#792,.T.);
#790 = VERTEX_POINT('',#791);
#791 = CARTESIAN_POINT('',(46.25,23.623611625134,0.));
#792 = LINE('',#793,#794);
#793 = CARTESIAN_POINT('',(34.020911949126,30.68407890325,0.));
#794 = VECTOR('',#795,1.);
#795 = DIRECTION('',(-0.866025403784,0.5,0.));
#796 = ORIENTED_EDGE('',*,*,#797,.T.);
#797 = EDGE_CURVE('',#790,#756,#798,.T.);
#798 = LINE('',#799,#800);
#799 = CARTESIAN_POINT('',(46.25,13.688194187433,0.));
#800 = VECTOR('',#801,1.);
#801 = DIRECTION('',(-0.,1.,0.));
#802 = FACE_BOUND('',#803,.F.);
#803 = EDGE_LOOP('',(#804,#814,#822,#830,#838,#846));
#804 = ORIENTED_EDGE('',*,*,#805,.T.);
#805 = EDGE_CURVE('',#806,#808,#810,.T.);
#806 = VERTEX_POINT('',#807);
#807 = CARTESIAN_POINT('',(55.25,27.376388374866,0.));
#808 = VERTEX_POINT('',#809);
#809 = CARTESIAN_POINT('',(58.5,29.252776749733,0.));
#810 = LINE('',#811,#812);
#811 = CARTESIAN_POINT('',(30.229088050874,12.930558125669,0.));
#812 = VECTOR('',#813,1.);
#813 = DIRECTION('',(0.866025403784,0.5,-0.));
#814 = ORIENTED_EDGE('',*,*,#815,.T.);
#815 = EDGE_CURVE('',#808,#816,#818,.T.);
#816 = VERTEX_POINT('',#817);
#817 = CARTESIAN_POINT('',(61.75,27.376388374866,0.));
#818 = LINE('',#819,#820);
#819 = CARTESIAN_POINT('',(44.520911949126,37.32360699893,0.));
#820 = VECTOR('',#821,1.);
#821 = DIRECTION('',(0.866025403784,-0.5,0.));
#822 = ORIENTED_EDGE('',*,*,#823,.T.);
#823 = EDGE_CURVE('',#816,#824,#826,.T.);
#824 = VERTEX_POINT('',#825);
#825 = CARTESIAN_POINT('',(61.75,23.623611625134,0.));
#826 = LINE('',#827,#828);
#827 = CARTESIAN_POINT('',(61.75,11.811805812567,0.));
#828 = VECTOR('',#829,1.);
#829 = DIRECTION('',(0.,-1.,0.));
#830 = ORIENTED_EDGE('',*,*,#831,.T.);
#831 = EDGE_CURVE('',#824,#832,#834,.T.);
#832 = VERTEX_POINT('',#833);
#833 = CARTESIAN_POINT('',(58.5,21.747223250267,0.));
#834 = LINE('',#835,#836);
#835 = CARTESIAN_POINT('',(31.854088050874,6.363198813637,0.));
#836 = VECTOR('',#837,1.);
#837 = DIRECTION('',(-0.866025403784,-0.5,0.));
#838 = ORIENTED_EDGE('',*,*,#839,.T.);
#839 = EDGE_CURVE('',#832,#840,#842,.T.);
#840 = VERTEX_POINT('',#841);
#841 = CARTESIAN_POINT('',(55.25,23.623611625134,0.));
#842 = LINE('',#843,#844);
#843 = CARTESIAN_POINT('',(39.645911949126,32.632636061765,0.));
#844 = VECTOR('',#845,1.);
#845 = DIRECTION('',(-0.866025403784,0.5,0.));
#846 = ORIENTED_EDGE('',*,*,#847,.T.);
#847 = EDGE_CURVE('',#840,#806,#848,.T.);
#848 = LINE('',#849,#850);
#849 = CARTESIAN_POINT('',(55.25,13.688194187433,0.));
#850 = VECTOR('',#851,1.);
#851 = DIRECTION('',(-0.,1.,0.));
#852 = FACE_BOUND('',#853,.F.);
#853 = EDGE_LOOP('',(#854,#864,#872,#880,#888,#896));
#854 = ORIENTED_EDGE('',*,*,#855,.T.);
#855 = EDGE_CURVE('',#856,#858,#860,.T.);
#856 = VERTEX_POINT('',#857);
#857 = CARTESIAN_POINT('',(64.25,27.376388374866,0.));
#858 = VERTEX_POINT('',#859);
#859 = CARTESIAN_POINT('',(67.5,29.252776749733,0.));
#860 = LINE('',#861,#862);
#861 = CARTESIAN_POINT('',(35.854088050874,10.982000967154,0.));
#862 = VECTOR('',#863,1.);
#863 = DIRECTION('',(0.866025403784,0.5,-0.));
#864 = ORIENTED_EDGE('',*,*,#865,.T.);
#865 = EDGE_CURVE('',#858,#866,#868,.T.);
#866 = VERTEX_POINT('',#867);
#867 = CARTESIAN_POINT('',(70.75,27.376388374866,0.));
#868 = LINE('',#869,#870);
#869 = CARTESIAN_POINT('',(50.145911949126,39.272164157445,0.));
#870 = VECTOR('',#871,1.);
#871 = DIRECTION('',(0.866025403784,-0.5,0.));
#872 = ORIENTED_EDGE('',*,*,#873,.T.);
#873 = EDGE_CURVE('',#866,#874,#876,.T.);
#874 = VERTEX_POINT('',#875);
#875 = CARTESIAN_POINT('',(70.75,23.623611625134,0.));
#876 = LINE('',#877,#878);
#877 = CARTESIAN_POINT('',(70.75,11.811805812567,0.));
#878 = VECTOR('',#879,1.);
#879 = DIRECTION('',(0.,-1.,0.));
#880 = ORIENTED_EDGE('',*,*,#881,.T.);
#881 = EDGE_CURVE('',#874,#882,#884,.T.);
#882 = VERTEX_POINT('',#883);
#883 = CARTESIAN_POINT('',(67.5,21.747223250267,0.));
#884 = LINE('',#885,#886);
#885 = CARTESIAN_POINT('',(37.479088050874,4.414641655122,0.));
#886 = VECTOR('',#887,1.);
#887 = DIRECTION('',(-0.866025403784,-0.5,0.));
#888 = ORIENTED_EDGE('',*,*,#889,.T.);
#889 = EDGE_CURVE('',#882,#890,#892,.T.);
#890 = VERTEX_POINT('',#891);
#891 = CARTESIAN_POINT('',(64.25,23.623611625134,0.));
#892 = LINE('',#893,#894);
#893 = CARTESIAN_POINT('',(45.270911949126,34.58119322028,0.));
#894 = VECTOR('',#895,1.);
#895 = DIRECTION('',(-0.866025403784,0.5,0.));
#896 = ORIENTED_EDGE('',*,*,#897,.T.);
#897 = EDGE_CURVE('',#890,#856,#898,.T.);
#898 = LINE('',#899,#900);
#899 = CARTESIAN_POINT('',(64.25,13.688194187433,0.));
#900 = VECTOR('',#901,1.);
#901 = DIRECTION('',(-0.,1.,0.));
#902 = FACE_BOUND('',#903,.F.);
#903 = EDGE_LOOP('',(#904,#914,#922,#930,#938,#946));
#904 = ORIENTED_EDGE('',*,*,#905,.T.);
#905 = EDGE_CURVE('',#906,#908,#910,.T.);
#906 = VERTEX_POINT('',#907);
#907 = CARTESIAN_POINT('',(73.25,27.376388374866,0.));
#908 = VERTEX_POINT('',#909);
#909 = CARTESIAN_POINT('',(76.5,29.252776749733,0.));
#910 = LINE('',#911,#912);
#911 = CARTESIAN_POINT('',(41.479088050874,9.033443808639,0.));
#912 = VECTOR('',#913,1.);
#913 = DIRECTION('',(0.866025403784,0.5,-0.));
#914 = ORIENTED_EDGE('',*,*,#915,.T.);
#915 = EDGE_CURVE('',#908,#916,#918,.T.);
#916 = VERTEX_POINT('',#917);
#917 = CARTESIAN_POINT('',(79.75,27.376388374866,0.));
#918 = LINE('',#919,#920);
#919 = CARTESIAN_POINT('',(55.770911949126,41.22072131596,0.));
#920 = VECTOR('',#921,1.);
#921 = DIRECTION('',(0.866025403784,-0.5,0.));
#922 = ORIENTED_EDGE('',*,*,#923,.T.);
#923 = EDGE_CURVE('',#916,#924,#926,.T.);
#924 = VERTEX_POINT('',#925);
#925 = CARTESIAN_POINT('',(79.75,23.623611625134,0.));
#926 = LINE('',#927,#928);
#927 = CARTESIAN_POINT('',(79.75,11.811805812567,0.));
#928 = VECTOR('',#929,1.);
#929 = DIRECTION('',(0.,-1.,0.));
#930 = ORIENTED_EDGE('',*,*,#931,.T.);
#931 = EDGE_CURVE('',#924,#932,#934,.T.);
#932 = VERTEX_POINT('',#933);
#933 = CARTESIAN_POINT('',(76.5,21.747223250267,0.));
#934 = LINE('',#935,#936);
#935 = CARTESIAN_POINT('',(43.104088050874,2.466084496607,0.));
#936 = VECTOR('',#937,1.);
#937 = DIRECTION('',(-0.866025403784,-0.5,0.));
#938 = ORIENTED_EDGE('',*,*,#939,.T.);
#939 = EDGE_CURVE('',#932,#940,#942,.T.);
#940 = VERTEX_POINT('',#941);
#941 = CARTESIAN_POINT('',(73.25,23.623611625134,0.));
#942 = LINE('',#943,#944);
#943 = CARTESIAN_POINT('',(50.895911949126,36.529750378795,0.));
#944 = VECTOR('',#945,1.);
#945 = DIRECTION('',(-0.866025403784,0.5,0.));
#946 = ORIENTED_EDGE('',*,*,#947,.T.);
#947 = EDGE_CURVE('',#940,#906,#948,.T.);
#948 = LINE('',#949,#950);
#949 = CARTESIAN_POINT('',(73.25,13.688194187433,0.));
#950 = VECTOR('',#951,1.);
#951 = DIRECTION('',(-0.,1.,0.));
#952 = FACE_BOUND('',#953,.F.);
#953 = EDGE_LOOP('',(#954));
#954 = ORIENTED_EDGE('',*,*,#955,.F.);
#955 = EDGE_CURVE('',#956,#956,#958,.T.);
#956 = VERTEX_POINT('',#957);
#957 = CARTESIAN_POINT('',(153.1,26.,0.));
#958 = CIRCLE('',#959,8.1);
#959 = AXIS2_PLACEMENT_3D('',#960,#961,#962);
#960 = CARTESIAN_POINT('',(145.,26.,0.));
#961 = DIRECTION('',(0.,0.,1.));
#962 = DIRECTION('',(1.,0.,-0.));
#963 = FACE_BOUND('',#964,.F.);
#964 = EDGE_LOOP('',(#965,#975,#983,#991,#999,#1007));
#965 = ORIENTED_EDGE('',*,*,#966,.T.);
#966 = EDGE_CURVE('',#967,#969,#971,.T.);
#967 = VERTEX_POINT('',#968);
#968 = CARTESIAN_POINT('',(23.25,35.376388374866,0.));
#969 = VERTEX_POINT('',#970);
#970 = CARTESIAN_POINT('',(26.5,37.252776749733,0.));
#971 = LINE('',#972,#973);
#972 = CARTESIAN_POINT('',(8.497037243305,26.858761355944,0.));
#973 = VECTOR('',#974,1.);
#974 = DIRECTION('',(0.866025403784,0.5,-0.));
#975 = ORIENTED_EDGE('',*,*,#976,.T.);
#976 = EDGE_CURVE('',#969,#977,#979,.T.);
#977 = VERTEX_POINT('',#978);
#978 = CARTESIAN_POINT('',(29.75,35.376388374866,0.));
#979 = LINE('',#980,#981);
#980 = CARTESIAN_POINT('',(26.252962756695,37.395403768655,0.));
#981 = VECTOR('',#982,1.);
#982 = DIRECTION('',(0.866025403784,-0.5,0.));
#983 = ORIENTED_EDGE('',*,*,#984,.T.);
#984 = EDGE_CURVE('',#977,#985,#987,.T.);
#985 = VERTEX_POINT('',#986);
#986 = CARTESIAN_POINT('',(29.75,31.623611625134,0.));
#987 = LINE('',#988,#989);
#988 = CARTESIAN_POINT('',(29.75,15.811805812567,0.));
#989 = VECTOR('',#990,1.);
#990 = DIRECTION('',(0.,-1.,0.));
#991 = ORIENTED_EDGE('',*,*,#992,.T.);
#992 = EDGE_CURVE('',#985,#993,#995,.T.);
#993 = VERTEX_POINT('',#994);
#994 = CARTESIAN_POINT('',(26.5,29.747223250267,0.));
#995 = LINE('',#996,#997);
#996 = CARTESIAN_POINT('',(10.122037243305,20.291402043912,0.));
#997 = VECTOR('',#998,1.);
#998 = DIRECTION('',(-0.866025403784,-0.5,0.));
#999 = ORIENTED_EDGE('',*,*,#1000,.T.);
#1000 = EDGE_CURVE('',#993,#1001,#1003,.T.);
#1001 = VERTEX_POINT('',#1002);
#1002 = CARTESIAN_POINT('',(23.25,31.623611625134,0.));
#1003 = LINE('',#1004,#1005);
#1004 = CARTESIAN_POINT('',(21.377962756695,32.704432831489,0.));
#1005 = VECTOR('',#1006,1.);
#1006 = DIRECTION('',(-0.866025403784,0.5,0.));
#1007 = ORIENTED_EDGE('',*,*,#1008,.T.);
#1008 = EDGE_CURVE('',#1001,#967,#1009,.T.);
#1009 = LINE('',#1010,#1011);
#1010 = CARTESIAN_POINT('',(23.25,17.688194187433,0.));
#1011 = VECTOR('',#1012,1.);
#1012 = DIRECTION('',(-0.,1.,0.));
#1013 = FACE_BOUND('',#1014,.F.);
#1014 = EDGE_LOOP('',(#1015,#1025,#1033,#1041,#1049,#1057));
#1015 = ORIENTED_EDGE('',*,*,#1016,.T.);
#1016 = EDGE_CURVE('',#1017,#1019,#1021,.T.);
#1017 = VERTEX_POINT('',#1018);
#1018 = CARTESIAN_POINT('',(32.25,35.376388374866,0.));
#1019 = VERTEX_POINT('',#1020);
#1020 = CARTESIAN_POINT('',(35.5,37.252776749733,0.));
#1021 = LINE('',#1022,#1023);
#1022 = CARTESIAN_POINT('',(14.122037243305,24.910204197429,0.));
#1023 = VECTOR('',#1024,1.);
#1024 = DIRECTION('',(0.866025403784,0.5,-0.));
#1025 = ORIENTED_EDGE('',*,*,#1026,.T.);
#1026 = EDGE_CURVE('',#1019,#1027,#1029,.T.);
#1027 = VERTEX_POINT('',#1028);
#1028 = CARTESIAN_POINT('',(38.75,35.376388374866,0.));
#1029 = LINE('',#1030,#1031);
#1030 = CARTESIAN_POINT('',(31.877962756695,39.34396092717,0.));
#1031 = VECTOR('',#1032,1.);
#1032 = DIRECTION('',(0.866025403784,-0.5,0.));
#1033 = ORIENTED_EDGE('',*,*,#1034,.T.);
#1034 = EDGE_CURVE('',#1027,#1035,#1037,.T.);
#1035 = VERTEX_POINT('',#1036);
#1036 = CARTESIAN_POINT('',(38.75,31.623611625134,0.));
#1037 = LINE('',#1038,#1039);
#1038 = CARTESIAN_POINT('',(38.75,15.811805812567,0.));
#1039 = VECTOR('',#1040,1.);
#1040 = DIRECTION('',(0.,-1.,0.));
#1041 = ORIENTED_EDGE('',*,*,#1042,.T.);
#1042 = EDGE_CURVE('',#1035,#1043,#1045,.T.);
#1043 = VERTEX_POINT('',#1044);
#1044 = CARTESIAN_POINT('',(35.5,29.747223250267,0.));
#1045 = LINE('',#1046,#1047);
#1046 = CARTESIAN_POINT('',(15.747037243305,18.342844885397,0.));
#1047 = VECTOR('',#1048,1.);
#1048 = DIRECTION('',(-0.866025403784,-0.5,0.));
#1049 = ORIENTED_EDGE('',*,*,#1050,.T.);
#1050 = EDGE_CURVE('',#1043,#1051,#1053,.T.);
#1051 = VERTEX_POINT('',#1052);
#1052 = CARTESIAN_POINT('',(32.25,31.623611625134,0.));
#1053 = LINE('',#1054,#1055);
#1054 = CARTESIAN_POINT('',(27.002962756695,34.652989990004,0.));
#1055 = VECTOR('',#1056,1.);
#1056 = DIRECTION('',(-0.866025403784,0.5,0.));
#1057 = ORIENTED_EDGE('',*,*,#1058,.T.);
#1058 = EDGE_CURVE('',#1051,#1017,#1059,.T.);
#1059 = LINE('',#1060,#1061);
#1060 = CARTESIAN_POINT('',(32.25,17.688194187433,0.));
#1061 = VECTOR('',#1062,1.);
#1062 = DIRECTION('',(-0.,1.,0.));
#1063 = FACE_BOUND('',#1064,.F.);
#1064 = EDGE_LOOP('',(#1065,#1075,#1083,#1091,#1099,#1107));
#1065 = ORIENTED_EDGE('',*,*,#1066,.T.);
#1066 = EDGE_CURVE('',#1067,#1069,#1071,.T.);
#1067 = VERTEX_POINT('',#1068);
#1068 = CARTESIAN_POINT('',(41.25,35.376388374866,0.));
#1069 = VERTEX_POINT('',#1070);
#1070 = CARTESIAN_POINT('',(44.5,37.252776749733,0.));
#1071 = LINE('',#1072,#1073);
#1072 = CARTESIAN_POINT('',(19.747037243305,22.961647038914,0.));
#1073 = VECTOR('',#1074,1.);
#1074 = DIRECTION('',(0.866025403784,0.5,-0.));
#1075 = ORIENTED_EDGE('',*,*,#1076,.T.);
#1076 = EDGE_CURVE('',#1069,#1077,#1079,.T.);
#1077 = VERTEX_POINT('',#1078);
#1078 = CARTESIAN_POINT('',(47.75,35.376388374866,0.));
#1079 = LINE('',#1080,#1081);
#1080 = CARTESIAN_POINT('',(37.502962756695,41.292518085685,0.));
#1081 = VECTOR('',#1082,1.);
#1082 = DIRECTION('',(0.866025403784,-0.5,0.));
#1083 = ORIENTED_EDGE('',*,*,#1084,.T.);
#1084 = EDGE_CURVE('',#1077,#1085,#1087,.T.);
#1085 = VERTEX_POINT('',#1086);
#1086 = CARTESIAN_POINT('',(47.75,31.623611625134,0.));
#1087 = LINE('',#1088,#1089);
#1088 = CARTESIAN_POINT('',(47.75,15.811805812567,0.));
#1089 = VECTOR('',#1090,1.);
#1090 = DIRECTION('',(0.,-1.,0.));
#1091 = ORIENTED_EDGE('',*,*,#1092,.T.);
#1092 = EDGE_CURVE('',#1085,#1093,#1095,.T.);
#1093 = VERTEX_POINT('',#1094);
#1094 = CARTESIAN_POINT('',(44.5,29.747223250267,0.));
#1095 = LINE('',#1096,#1097);
#1096 = CARTESIAN_POINT('',(21.372037243305,16.394287726882,0.));
#1097 = VECTOR('',#1098,1.);
#1098 = DIRECTION('',(-0.866025403784,-0.5,0.));
#1099 = ORIENTED_EDGE('',*,*,#1100,.T.);
#1100 = EDGE_CURVE('',#1093,#1101,#1103,.T.);
#1101 = VERTEX_POINT('',#1102);
#1102 = CARTESIAN_POINT('',(41.25,31.623611625134,0.));
#1103 = LINE('',#1104,#1105);
#1104 = CARTESIAN_POINT('',(32.627962756695,36.601547148519,0.));
#1105 = VECTOR('',#1106,1.);
#1106 = DIRECTION('',(-0.866025403784,0.5,0.));
#1107 = ORIENTED_EDGE('',*,*,#1108,.T.);
#1108 = EDGE_CURVE('',#1101,#1067,#1109,.T.);
#1109 = LINE('',#1110,#1111);
#1110 = CARTESIAN_POINT('',(41.25,17.688194187433,0.));
#1111 = VECTOR('',#1112,1.);
#1112 = DIRECTION('',(-0.,1.,0.));
#1113 = FACE_BOUND('',#1114,.F.);
#1114 = EDGE_LOOP('',(#1115,#1125,#1133,#1141,#1149,#1157));
#1115 = ORIENTED_EDGE('',*,*,#1116,.T.);
#1116 = EDGE_CURVE('',#1117,#1119,#1121,.T.);
#1117 = VERTEX_POINT('',#1118);
#1118 = CARTESIAN_POINT('',(50.25,35.376388374866,0.));
#1119 = VERTEX_POINT('',#1120);
#1120 = CARTESIAN_POINT('',(53.5,37.252776749733,0.));
#1121 = LINE('',#1122,#1123);
#1122 = CARTESIAN_POINT('',(25.372037243305,21.013089880399,0.));
#1123 = VECTOR('',#1124,1.);
#1124 = DIRECTION('',(0.866025403784,0.5,-0.));
#1125 = ORIENTED_EDGE('',*,*,#1126,.T.);
#1126 = EDGE_CURVE('',#1119,#1127,#1129,.T.);
#1127 = VERTEX_POINT('',#1128);
#1128 = CARTESIAN_POINT('',(56.75,35.376388374866,0.));
#1129 = LINE('',#1130,#1131);
#1130 = CARTESIAN_POINT('',(43.127962756695,43.2410752442,0.));
#1131 = VECTOR('',#1132,1.);
#1132 = DIRECTION('',(0.866025403784,-0.5,0.));
#1133 = ORIENTED_EDGE('',*,*,#1134,.T.);
#1134 = EDGE_CURVE('',#1127,#1135,#1137,.T.);
#1135 = VERTEX_POINT('',#1136);
#1136 = CARTESIAN_POINT('',(56.75,31.623611625134,0.));
#1137 = LINE('',#1138,#1139);
#1138 = CARTESIAN_POINT('',(56.75,15.811805812567,0.));
#1139 = VECTOR('',#1140,1.);
#1140 = DIRECTION('',(0.,-1.,0.));
#1141 = ORIENTED_EDGE('',*,*,#1142,.T.);
#1142 = EDGE_CURVE('',#1135,#1143,#1145,.T.);
#1143 = VERTEX_POINT('',#1144);
#1144 = CARTESIAN_POINT('',(53.5,29.747223250267,0.));
#1145 = LINE('',#1146,#1147);
#1146 = CARTESIAN_POINT('',(26.997037243305,14.445730568367,0.));
#1147 = VECTOR('',#1148,1.);
#1148 = DIRECTION('',(-0.866025403784,-0.5,0.));
#1149 = ORIENTED_EDGE('',*,*,#1150,.T.);
#1150 = EDGE_CURVE('',#1143,#1151,#1153,.T.);
#1151 = VERTEX_POINT('',#1152);
#1152 = CARTESIAN_POINT('',(50.25,31.623611625134,0.));
#1153 = LINE('',#1154,#1155);
#1154 = CARTESIAN_POINT('',(38.252962756695,38.550104307034,0.));
#1155 = VECTOR('',#1156,1.);
#1156 = DIRECTION('',(-0.866025403784,0.5,0.));
#1157 = ORIENTED_EDGE('',*,*,#1158,.T.);
#1158 = EDGE_CURVE('',#1151,#1117,#1159,.T.);
#1159 = LINE('',#1160,#1161);
#1160 = CARTESIAN_POINT('',(50.25,17.688194187433,0.));
#1161 = VECTOR('',#1162,1.);
#1162 = DIRECTION('',(-0.,1.,0.));
#1163 = FACE_BOUND('',#1164,.F.);
#1164 = EDGE_LOOP('',(#1165,#1175,#1183,#1191,#1199,#1207));
#1165 = ORIENTED_EDGE('',*,*,#1166,.T.);
#1166 = EDGE_CURVE('',#1167,#1169,#1171,.T.);
#1167 = VERTEX_POINT('',#1168);
#1168 = CARTESIAN_POINT('',(59.25,35.376388374866,0.));
#1169 = VERTEX_POINT('',#1170);
#1170 = CARTESIAN_POINT('',(62.5,37.252776749733,0.));
#1171 = LINE('',#1172,#1173);
#1172 = CARTESIAN_POINT('',(30.997037243305,19.064532721884,0.));
#1173 = VECTOR('',#1174,1.);
#1174 = DIRECTION('',(0.866025403784,0.5,-0.));
#1175 = ORIENTED_EDGE('',*,*,#1176,.T.);
#1176 = EDGE_CURVE('',#1169,#1177,#1179,.T.);
#1177 = VERTEX_POINT('',#1178);
#1178 = CARTESIAN_POINT('',(65.75,35.376388374866,0.));
#1179 = LINE('',#1180,#1181);
#1180 = CARTESIAN_POINT('',(48.752962756695,45.189632402715,0.));
#1181 = VECTOR('',#1182,1.);
#1182 = DIRECTION('',(0.866025403784,-0.5,0.));
#1183 = ORIENTED_EDGE('',*,*,#1184,.T.);
#1184 = EDGE_CURVE('',#1177,#1185,#1187,.T.);
#1185 = VERTEX_POINT('',#1186);
#1186 = CARTESIAN_POINT('',(65.75,31.623611625134,0.));
#1187 = LINE('',#1188,#1189);
#1188 = CARTESIAN_POINT('',(65.75,15.811805812567,0.));
#1189 = VECTOR('',#1190,1.);
#1190 = DIRECTION('',(0.,-1.,0.));
#1191 = ORIENTED_EDGE('',*,*,#1192,.T.);
#1192 = EDGE_CURVE('',#1185,#1193,#1195,.T.);
#1193 = VERTEX_POINT('',#1194);
#1194 = CARTESIAN_POINT('',(62.5,29.747223250267,0.));
#1195 = LINE('',#1196,#1197);
#1196 = CARTESIAN_POINT('',(32.622037243305,12.497173409852,0.));
#1197 = VECTOR('',#1198,1.);
#1198 = DIRECTION('',(-0.866025403784,-0.5,0.));
#1199 = ORIENTED_EDGE('',*,*,#1200,.T.);
#1200 = EDGE_CURVE('',#1193,#1201,#1203,.T.);
#1201 = VERTEX_POINT('',#1202);
#1202 = CARTESIAN_POINT('',(59.25,31.623611625134,0.));
#1203 = LINE('',#1204,#1205);
#1204 = CARTESIAN_POINT('',(43.877962756695,40.498661465549,0.));
#1205 = VECTOR('',#1206,1.);
#1206 = DIRECTION('',(-0.866025403784,0.5,0.));
#1207 = ORIENTED_EDGE('',*,*,#1208,.T.);
#1208 = EDGE_CURVE('',#1201,#1167,#1209,.T.);
#1209 = LINE('',#1210,#1211);
#1210 = CARTESIAN_POINT('',(59.25,17.688194187433,0.));
#1211 = VECTOR('',#1212,1.);
#1212 = DIRECTION('',(-0.,1.,0.));
#1213 = FACE_BOUND('',#1214,.F.);
#1214 = EDGE_LOOP('',(#1215,#1225,#1233,#1241,#1249,#1257));
#1215 = ORIENTED_EDGE('',*,*,#1216,.T.);
#1216 = EDGE_CURVE('',#1217,#1219,#1221,.T.);
#1217 = VERTEX_POINT('',#1218);
#1218 = CARTESIAN_POINT('',(68.25,35.376388374866,0.));
#1219 = VERTEX_POINT('',#1220);
#1220 = CARTESIAN_POINT('',(71.5,37.252776749733,0.));
#1221 = LINE('',#1222,#1223);
#1222 = CARTESIAN_POINT('',(36.622037243305,17.115975563369,0.));
#1223 = VECTOR('',#1224,1.);
#1224 = DIRECTION('',(0.866025403784,0.5,-0.));
#1225 = ORIENTED_EDGE('',*,*,#1226,.T.);
#1226 = EDGE_CURVE('',#1219,#1227,#1229,.T.);
#1227 = VERTEX_POINT('',#1228);
#1228 = CARTESIAN_POINT('',(74.75,35.376388374866,0.));
#1229 = LINE('',#1230,#1231);
#1230 = CARTESIAN_POINT('',(54.377962756695,47.13818956123,0.));
#1231 = VECTOR('',#1232,1.);
#1232 = DIRECTION('',(0.866025403784,-0.5,0.));
#1233 = ORIENTED_EDGE('',*,*,#1234,.T.);
#1234 = EDGE_CURVE('',#1227,#1235,#1237,.T.);
#1235 = VERTEX_POINT('',#1236);
#1236 = CARTESIAN_POINT('',(74.75,31.623611625134,0.));
#1237 = LINE('',#1238,#1239);
#1238 = CARTESIAN_POINT('',(74.75,15.811805812567,0.));
#1239 = VECTOR('',#1240,1.);
#1240 = DIRECTION('',(0.,-1.,0.));
#1241 = ORIENTED_EDGE('',*,*,#1242,.T.);
#1242 = EDGE_CURVE('',#1235,#1243,#1245,.T.);
#1243 = VERTEX_POINT('',#1244);
#1244 = CARTESIAN_POINT('',(71.5,29.747223250267,0.));
#1245 = LINE('',#1246,#1247);
#1246 = CARTESIAN_POINT('',(38.247037243305,10.548616251337,0.));
#1247 = VECTOR('',#1248,1.);
#1248 = DIRECTION('',(-0.866025403784,-0.5,0.));
#1249 = ORIENTED_EDGE('',*,*,#1250,.T.);
#1250 = EDGE_CURVE('',#1243,#1251,#1253,.T.);
#1251 = VERTEX_POINT('',#1252);
#1252 = CARTESIAN_POINT('',(68.25,31.623611625134,0.));
#1253 = LINE('',#1254,#1255);
#1254 = CARTESIAN_POINT('',(49.502962756695,42.447218624064,0.));
#1255 = VECTOR('',#1256,1.);
#1256 = DIRECTION('',(-0.866025403784,0.5,0.));
#1257 = ORIENTED_EDGE('',*,*,#1258,.T.);
#1258 = EDGE_CURVE('',#1251,#1217,#1259,.T.);
#1259 = LINE('',#1260,#1261);
#1260 = CARTESIAN_POINT('',(68.25,17.688194187433,0.));
#1261 = VECTOR('',#1262,1.);
#1262 = DIRECTION('',(-0.,1.,0.));
#1263 = FACE_BOUND('',#1264,.F.);
#1264 = EDGE_LOOP('',(#1265,#1275,#1283,#1291,#1299,#1307));
#1265 = ORIENTED_EDGE('',*,*,#1266,.T.);
#1266 = EDGE_CURVE('',#1267,#1269,#1271,.T.);
#1267 = VERTEX_POINT('',#1268);
#1268 = CARTESIAN_POINT('',(77.25,35.376388374866,0.));
#1269 = VERTEX_POINT('',#1270);
#1270 = CARTESIAN_POINT('',(80.5,37.252776749733,0.));
#1271 = LINE('',#1272,#1273);
#1272 = CARTESIAN_POINT('',(42.247037243305,15.167418404854,0.));
#1273 = VECTOR('',#1274,1.);
#1274 = DIRECTION('',(0.866025403784,0.5,-0.));
#1275 = ORIENTED_EDGE('',*,*,#1276,.T.);
#1276 = EDGE_CURVE('',#1269,#1277,#1279,.T.);
#1277 = VERTEX_POINT('',#1278);
#1278 = CARTESIAN_POINT('',(83.75,35.376388374866,0.));
#1279 = LINE('',#1280,#1281);
#1280 = CARTESIAN_POINT('',(60.002962756695,49.086746719745,0.));
#1281 = VECTOR('',#1282,1.);
#1282 = DIRECTION('',(0.866025403784,-0.5,0.));
#1283 = ORIENTED_EDGE('',*,*,#1284,.T.);
#1284 = EDGE_CURVE('',#1277,#1285,#1287,.T.);
#1285 = VERTEX_POINT('',#1286);
#1286 = CARTESIAN_POINT('',(83.75,31.623611625134,0.));
#1287 = LINE('',#1288,#1289);
#1288 = CARTESIAN_POINT('',(83.75,15.811805812567,0.));
#1289 = VECTOR('',#1290,1.);
#1290 = DIRECTION('',(0.,-1.,0.));
#1291 = ORIENTED_EDGE('',*,*,#1292,.T.);
#1292 = EDGE_CURVE('',#1285,#1293,#1295,.T.);
#1293 = VERTEX_POINT('',#1294);
#1294 = CARTESIAN_POINT('',(80.5,29.747223250267,0.));
#1295 = LINE('',#1296,#1297);
#1296 = CARTESIAN_POINT('',(43.872037243305,8.600059092822,0.));
#1297 = VECTOR('',#1298,1.);
#1298 = DIRECTION('',(-0.866025403784,-0.5,0.));
#1299 = ORIENTED_EDGE('',*,*,#1300,.T.);
#1300 = EDGE_CURVE('',#1293,#1301,#1303,.T.);
#1301 = VERTEX_POINT('',#1302);
#1302 = CARTESIAN_POINT('',(77.25,31.623611625134,0.));
#1303 = LINE('',#1304,#1305);
#1304 = CARTESIAN_POINT('',(55.127962756695,44.395775782579,0.));
#1305 = VECTOR('',#1306,1.);
#1306 = DIRECTION('',(-0.866025403784,0.5,0.));
#1307 = ORIENTED_EDGE('',*,*,#1308,.T.);
#1308 = EDGE_CURVE('',#1301,#1267,#1309,.T.);
#1309 = LINE('',#1310,#1311);
#1310 = CARTESIAN_POINT('',(77.25,17.688194187433,0.));
#1311 = VECTOR('',#1312,1.);
#1312 = DIRECTION('',(-0.,1.,0.));
#1313 = FACE_BOUND('',#1314,.F.);
#1314 = EDGE_LOOP('',(#1315,#1325,#1333,#1341,#1349,#1357));
#1315 = ORIENTED_EDGE('',*,*,#1316,.T.);
#1316 = EDGE_CURVE('',#1317,#1319,#1321,.T.);
#1317 = VERTEX_POINT('',#1318);
#1318 = CARTESIAN_POINT('',(19.25,43.376388374866,0.));
#1319 = VERTEX_POINT('',#1320);
#1320 = CARTESIAN_POINT('',(22.5,45.252776749733,0.));
#1321 = LINE('',#1322,#1323);
#1322 = CARTESIAN_POINT('',(4.264986435736,34.724786759729,0.));
#1323 = VECTOR('',#1324,1.);
#1324 = DIRECTION('',(0.866025403784,0.5,-0.));
#1325 = ORIENTED_EDGE('',*,*,#1326,.T.);
#1326 = EDGE_CURVE('',#1319,#1327,#1329,.T.);
#1327 = VERTEX_POINT('',#1328);
#1328 = CARTESIAN_POINT('',(25.75,43.376388374866,0.));
#1329 = LINE('',#1330,#1331);
#1330 = CARTESIAN_POINT('',(25.485013564264,43.52937836487,0.));
#1331 = VECTOR('',#1332,1.);
#1332 = DIRECTION('',(0.866025403784,-0.5,0.));
#1333 = ORIENTED_EDGE('',*,*,#1334,.T.);
#1334 = EDGE_CURVE('',#1327,#1335,#1337,.T.);
#1335 = VERTEX_POINT('',#1336);
#1336 = CARTESIAN_POINT('',(25.75,39.623611625134,0.));
#1337 = LINE('',#1338,#1339);
#1338 = CARTESIAN_POINT('',(25.75,19.811805812567,0.));
#1339 = VECTOR('',#1340,1.);
#1340 = DIRECTION('',(0.,-1.,0.));
#1341 = ORIENTED_EDGE('',*,*,#1342,.T.);
#1342 = EDGE_CURVE('',#1335,#1343,#1345,.T.);
#1343 = VERTEX_POINT('',#1344);
#1344 = CARTESIAN_POINT('',(22.5,37.747223250267,0.));
#1345 = LINE('',#1346,#1347);
#1346 = CARTESIAN_POINT('',(5.889986435736,28.157427447697,0.));
#1347 = VECTOR('',#1348,1.);
#1348 = DIRECTION('',(-0.866025403784,-0.5,0.));
#1349 = ORIENTED_EDGE('',*,*,#1350,.T.);
#1350 = EDGE_CURVE('',#1343,#1351,#1353,.T.);
#1351 = VERTEX_POINT('',#1352);
#1352 = CARTESIAN_POINT('',(19.25,39.623611625134,0.));
#1353 = LINE('',#1354,#1355);
#1354 = CARTESIAN_POINT('',(20.610013564264,38.838407427705,0.));
#1355 = VECTOR('',#1356,1.);
#1356 = DIRECTION('',(-0.866025403784,0.5,0.));
#1357 = ORIENTED_EDGE('',*,*,#1358,.T.);
#1358 = EDGE_CURVE('',#1351,#1317,#1359,.T.);
#1359 = LINE('',#1360,#1361);
#1360 = CARTESIAN_POINT('',(19.25,21.688194187433,0.));
#1361 = VECTOR('',#1362,1.);
#1362 = DIRECTION('',(-0.,1.,0.));
#1363 = FACE_BOUND('',#1364,.F.);
#1364 = EDGE_LOOP('',(#1365,#1375,#1383,#1391,#1399,#1407));
#1365 = ORIENTED_EDGE('',*,*,#1366,.T.);
#1366 = EDGE_CURVE('',#1367,#1369,#1371,.T.);
#1367 = VERTEX_POINT('',#1368);
#1368 = CARTESIAN_POINT('',(28.25,43.376388374866,0.));
#1369 = VERTEX_POINT('',#1370);
#1370 = CARTESIAN_POINT('',(31.5,45.252776749733,0.));
#1371 = LINE('',#1372,#1373);
#1372 = CARTESIAN_POINT('',(9.889986435736,32.776229601214,0.));
#1373 = VECTOR('',#1374,1.);
#1374 = DIRECTION('',(0.866025403784,0.5,-0.));
#1375 = ORIENTED_EDGE('',*,*,#1376,.T.);
#1376 = EDGE_CURVE('',#1369,#1377,#1379,.T.);
#1377 = VERTEX_POINT('',#1378);
#1378 = CARTESIAN_POINT('',(34.75,43.376388374866,0.));
#1379 = LINE('',#1380,#1381);
#1380 = CARTESIAN_POINT('',(31.110013564264,45.477935523385,0.));
#1381 = VECTOR('',#1382,1.);
#1382 = DIRECTION('',(0.866025403784,-0.5,0.));
#1383 = ORIENTED_EDGE('',*,*,#1384,.T.);
#1384 = EDGE_CURVE('',#1377,#1385,#1387,.T.);
#1385 = VERTEX_POINT('',#1386);
#1386 = CARTESIAN_POINT('',(34.75,39.623611625134,0.));
#1387 = LINE('',#1388,#1389);
#1388 = CARTESIAN_POINT('',(34.75,19.811805812567,0.));
#1389 = VECTOR('',#1390,1.);
#1390 = DIRECTION('',(0.,-1.,0.));
#1391 = ORIENTED_EDGE('',*,*,#1392,.T.);
#1392 = EDGE_CURVE('',#1385,#1393,#1395,.T.);
#1393 = VERTEX_POINT('',#1394);
#1394 = CARTESIAN_POINT('',(31.5,37.747223250267,0.));
#1395 = LINE('',#1396,#1397);
#1396 = CARTESIAN_POINT('',(11.514986435736,26.208870289182,0.));
#1397 = VECTOR('',#1398,1.);
#1398 = DIRECTION('',(-0.866025403784,-0.5,0.));
#1399 = ORIENTED_EDGE('',*,*,#1400,.T.);
#1400 = EDGE_CURVE('',#1393,#1401,#1403,.T.);
#1401 = VERTEX_POINT('',#1402);
#1402 = CARTESIAN_POINT('',(28.25,39.623611625134,0.));
#1403 = LINE('',#1404,#1405);
#1404 = CARTESIAN_POINT('',(26.235013564264,40.78696458622,0.));
#1405 = VECTOR('',#1406,1.);
#1406 = DIRECTION('',(-0.866025403784,0.5,0.));
#1407 = ORIENTED_EDGE('',*,*,#1408,.T.);
#1408 = EDGE_CURVE('',#1401,#1367,#1409,.T.);
#1409 = LINE('',#1410,#1411);
#1410 = CARTESIAN_POINT('',(28.25,21.688194187433,0.));
#1411 = VECTOR('',#1412,1.);
#1412 = DIRECTION('',(-0.,1.,0.));
#1413 = FACE_BOUND('',#1414,.F.);
#1414 = EDGE_LOOP('',(#1415,#1425,#1433,#1441,#1449,#1457));
#1415 = ORIENTED_EDGE('',*,*,#1416,.T.);
#1416 = EDGE_CURVE('',#1417,#1419,#1421,.T.);
#1417 = VERTEX_POINT('',#1418);
#1418 = CARTESIAN_POINT('',(37.25,43.376388374866,0.));
#1419 = VERTEX_POINT('',#1420);
#1420 = CARTESIAN_POINT('',(40.5,45.252776749733,0.));
#1421 = LINE('',#1422,#1423);
#1422 = CARTESIAN_POINT('',(15.514986435736,30.827672442699,0.));
#1423 = VECTOR('',#1424,1.);
#1424 = DIRECTION('',(0.866025403784,0.5,-0.));
#1425 = ORIENTED_EDGE('',*,*,#1426,.T.);
#1426 = EDGE_CURVE('',#1419,#1427,#1429,.T.);
#1427 = VERTEX_POINT('',#1428);
#1428 = CARTESIAN_POINT('',(43.75,43.376388374866,0.));
#1429 = LINE('',#1430,#1431);
#1430 = CARTESIAN_POINT('',(36.735013564264,47.4264926819,0.));
#1431 = VECTOR('',#1432,1.);
#1432 = DIRECTION('',(0.866025403784,-0.5,0.));
#1433 = ORIENTED_EDGE('',*,*,#1434,.T.);
#1434 = EDGE_CURVE('',#1427,#1435,#1437,.T.);
#1435 = VERTEX_POINT('',#1436);
#1436 = CARTESIAN_POINT('',(43.75,39.623611625134,0.));
#1437 = LINE('',#1438,#1439);
#1438 = CARTESIAN_POINT('',(43.75,19.811805812567,0.));
#1439 = VECTOR('',#1440,1.);
#1440 = DIRECTION('',(0.,-1.,0.));
#1441 = ORIENTED_EDGE('',*,*,#1442,.T.);
#1442 = EDGE_CURVE('',#1435,#1443,#1445,.T.);
#1443 = VERTEX_POINT('',#1444);
#1444 = CARTESIAN_POINT('',(40.5,37.747223250267,0.));
#1445 = LINE('',#1446,#1447);
#1446 = CARTESIAN_POINT('',(17.139986435736,24.260313130667,0.));
#1447 = VECTOR('',#1448,1.);
#1448 = DIRECTION('',(-0.866025403784,-0.5,0.));
#1449 = ORIENTED_EDGE('',*,*,#1450,.T.);
#1450 = EDGE_CURVE('',#1443,#1451,#1453,.T.);
#1451 = VERTEX_POINT('',#1452);
#1452 = CARTESIAN_POINT('',(37.25,39.623611625134,0.));
#1453 = LINE('',#1454,#1455);
#1454 = CARTESIAN_POINT('',(31.860013564264,42.735521744735,0.));
#1455 = VECTOR('',#1456,1.);
#1456 = DIRECTION('',(-0.866025403784,0.5,0.));
#1457 = ORIENTED_EDGE('',*,*,#1458,.T.);
#1458 = EDGE_CURVE('',#1451,#1417,#1459,.T.);
#1459 = LINE('',#1460,#1461);
#1460 = CARTESIAN_POINT('',(37.25,21.688194187433,0.));
#1461 = VECTOR('',#1462,1.);
#1462 = DIRECTION('',(-0.,1.,0.));
#1463 = FACE_BOUND('',#1464,.F.);
#1464 = EDGE_LOOP('',(#1465,#1475,#1483,#1491,#1499,#1507));
#1465 = ORIENTED_EDGE('',*,*,#1466,.T.);
#1466 = EDGE_CURVE('',#1467,#1469,#1471,.T.);
#1467 = VERTEX_POINT('',#1468);
#1468 = CARTESIAN_POINT('',(46.25,43.376388374866,0.));
#1469 = VERTEX_POINT('',#1470);
#1470 = CARTESIAN_POINT('',(49.5,45.252776749733,0.));
#1471 = LINE('',#1472,#1473);
#1472 = CARTESIAN_POINT('',(21.139986435736,28.879115284184,0.));
#1473 = VECTOR('',#1474,1.);
#1474 = DIRECTION('',(0.866025403784,0.5,-0.));
#1475 = ORIENTED_EDGE('',*,*,#1476,.T.);
#1476 = EDGE_CURVE('',#1469,#1477,#1479,.T.);
#1477 = VERTEX_POINT('',#1478);
#1478 = CARTESIAN_POINT('',(52.75,43.376388374866,0.));
#1479 = LINE('',#1480,#1481);
#1480 = CARTESIAN_POINT('',(42.360013564264,49.375049840415,0.));
#1481 = VECTOR('',#1482,1.);
#1482 = DIRECTION('',(0.866025403784,-0.5,0.));
#1483 = ORIENTED_EDGE('',*,*,#1484,.T.);
#1484 = EDGE_CURVE('',#1477,#1485,#1487,.T.);
#1485 = VERTEX_POINT('',#1486);
#1486 = CARTESIAN_POINT('',(52.75,39.623611625134,0.));
#1487 = LINE('',#1488,#1489);
#1488 = CARTESIAN_POINT('',(52.75,19.811805812567,0.));
#1489 = VECTOR('',#1490,1.);
#1490 = DIRECTION('',(0.,-1.,0.));
#1491 = ORIENTED_EDGE('',*,*,#1492,.T.);
#1492 = EDGE_CURVE('',#1485,#1493,#1495,.T.);
#1493 = VERTEX_POINT('',#1494);
#1494 = CARTESIAN_POINT('',(49.5,37.747223250267,0.));
#1495 = LINE('',#1496,#1497);
#1496 = CARTESIAN_POINT('',(22.764986435736,22.311755972152,0.));
#1497 = VECTOR('',#1498,1.);
#1498 = DIRECTION('',(-0.866025403784,-0.5,0.));
#1499 = ORIENTED_EDGE('',*,*,#1500,.T.);
#1500 = EDGE_CURVE('',#1493,#1501,#1503,.T.);
#1501 = VERTEX_POINT('',#1502);
#1502 = CARTESIAN_POINT('',(46.25,39.623611625134,0.));
#1503 = LINE('',#1504,#1505);
#1504 = CARTESIAN_POINT('',(37.485013564264,44.68407890325,0.));
#1505 = VECTOR('',#1506,1.);
#1506 = DIRECTION('',(-0.866025403784,0.5,0.));
#1507 = ORIENTED_EDGE('',*,*,#1508,.T.);
#1508 = EDGE_CURVE('',#1501,#1467,#1509,.T.);
#1509 = LINE('',#1510,#1511);
#1510 = CARTESIAN_POINT('',(46.25,21.688194187433,0.));
#1511 = VECTOR('',#1512,1.);
#1512 = DIRECTION('',(-0.,1.,0.));
#1513 = FACE_BOUND('',#1514,.F.);
#1514 = EDGE_LOOP('',(#1515,#1525,#1533,#1541,#1549,#1557));
#1515 = ORIENTED_EDGE('',*,*,#1516,.T.);
#1516 = EDGE_CURVE('',#1517,#1519,#1521,.T.);
#1517 = VERTEX_POINT('',#1518);
#1518 = CARTESIAN_POINT('',(55.25,43.376388374866,0.));
#1519 = VERTEX_POINT('',#1520);
#1520 = CARTESIAN_POINT('',(58.5,45.252776749733,0.));
#1521 = LINE('',#1522,#1523);
#1522 = CARTESIAN_POINT('',(26.764986435736,26.930558125669,0.));
#1523 = VECTOR('',#1524,1.);
#1524 = DIRECTION('',(0.866025403784,0.5,-0.));
#1525 = ORIENTED_EDGE('',*,*,#1526,.T.);
#1526 = EDGE_CURVE('',#1519,#1527,#1529,.T.);
#1527 = VERTEX_POINT('',#1528);
#1528 = CARTESIAN_POINT('',(61.75,43.376388374866,0.));
#1529 = LINE('',#1530,#1531);
#1530 = CARTESIAN_POINT('',(47.985013564264,51.32360699893,0.));
#1531 = VECTOR('',#1532,1.);
#1532 = DIRECTION('',(0.866025403784,-0.5,0.));
#1533 = ORIENTED_EDGE('',*,*,#1534,.T.);
#1534 = EDGE_CURVE('',#1527,#1535,#1537,.T.);
#1535 = VERTEX_POINT('',#1536);
#1536 = CARTESIAN_POINT('',(61.75,39.623611625134,0.));
#1537 = LINE('',#1538,#1539);
#1538 = CARTESIAN_POINT('',(61.75,19.811805812567,0.));
#1539 = VECTOR('',#1540,1.);
#1540 = DIRECTION('',(0.,-1.,0.));
#1541 = ORIENTED_EDGE('',*,*,#1542,.T.);
#1542 = EDGE_CURVE('',#1535,#1543,#1545,.T.);
#1543 = VERTEX_POINT('',#1544);
#1544 = CARTESIAN_POINT('',(58.5,37.747223250267,0.));
#1545 = LINE('',#1546,#1547);
#1546 = CARTESIAN_POINT('',(28.389986435736,20.363198813637,0.));
#1547 = VECTOR('',#1548,1.);
#1548 = DIRECTION('',(-0.866025403784,-0.5,0.));
#1549 = ORIENTED_EDGE('',*,*,#1550,.T.);
#1550 = EDGE_CURVE('',#1543,#1551,#1553,.T.);
#1551 = VERTEX_POINT('',#1552);
#1552 = CARTESIAN_POINT('',(55.25,39.623611625134,0.));
#1553 = LINE('',#1554,#1555);
#1554 = CARTESIAN_POINT('',(43.110013564264,46.632636061765,0.));
#1555 = VECTOR('',#1556,1.);
#1556 = DIRECTION('',(-0.866025403784,0.5,0.));
#1557 = ORIENTED_EDGE('',*,*,#1558,.T.);
#1558 = EDGE_CURVE('',#1551,#1517,#1559,.T.);
#1559 = LINE('',#1560,#1561);
#1560 = CARTESIAN_POINT('',(55.25,21.688194187433,0.));
#1561 = VECTOR('',#1562,1.);
#1562 = DIRECTION('',(-0.,1.,0.));
#1563 = FACE_BOUND('',#1564,.F.);
#1564 = EDGE_LOOP('',(#1565,#1575,#1583,#1591,#1599,#1607));
#1565 = ORIENTED_EDGE('',*,*,#1566,.T.);
#1566 = EDGE_CURVE('',#1567,#1569,#1571,.T.);
#1567 = VERTEX_POINT('',#1568);
#1568 = CARTESIAN_POINT('',(64.25,43.376388374866,0.));
#1569 = VERTEX_POINT('',#1570);
#1570 = CARTESIAN_POINT('',(67.5,45.252776749733,0.));
#1571 = LINE('',#1572,#1573);
#1572 = CARTESIAN_POINT('',(32.389986435736,24.982000967154,0.));
#1573 = VECTOR('',#1574,1.);
#1574 = DIRECTION('',(0.866025403784,0.5,-0.));
#1575 = ORIENTED_EDGE('',*,*,#1576,.T.);
#1576 = EDGE_CURVE('',#1569,#1577,#1579,.T.);
#1577 = VERTEX_POINT('',#1578);
#1578 = CARTESIAN_POINT('',(70.75,43.376388374866,0.));
#1579 = LINE('',#1580,#1581);
#1580 = CARTESIAN_POINT('',(53.610013564264,53.272164157445,0.));
#1581 = VECTOR('',#1582,1.);
#1582 = DIRECTION('',(0.866025403784,-0.5,0.));
#1583 = ORIENTED_EDGE('',*,*,#1584,.T.);
#1584 = EDGE_CURVE('',#1577,#1585,#1587,.T.);
#1585 = VERTEX_POINT('',#1586);
#1586 = CARTESIAN_POINT('',(70.75,39.623611625134,0.));
#1587 = LINE('',#1588,#1589);
#1588 = CARTESIAN_POINT('',(70.75,19.811805812567,0.));
#1589 = VECTOR('',#1590,1.);
#1590 = DIRECTION('',(0.,-1.,0.));
#1591 = ORIENTED_EDGE('',*,*,#1592,.T.);
#1592 = EDGE_CURVE('',#1585,#1593,#1595,.T.);
#1593 = VERTEX_POINT('',#1594);
#1594 = CARTESIAN_POINT('',(67.5,37.747223250267,0.));
#1595 = LINE('',#1596,#1597);
#1596 = CARTESIAN_POINT('',(34.014986435736,18.414641655122,0.));
#1597 = VECTOR('',#1598,1.);
#1598 = DIRECTION('',(-0.866025403784,-0.5,0.));
#1599 = ORIENTED_EDGE('',*,*,#1600,.T.);
#1600 = EDGE_CURVE('',#1593,#1601,#1603,.T.);
#1601 = VERTEX_POINT('',#1602);
#1602 = CARTESIAN_POINT('',(64.25,39.623611625134,0.));
#1603 = LINE('',#1604,#1605);
#1604 = CARTESIAN_POINT('',(48.735013564264,48.58119322028,0.));
#1605 = VECTOR('',#1606,1.);
#1606 = DIRECTION('',(-0.866025403784,0.5,0.));
#1607 = ORIENTED_EDGE('',*,*,#1608,.T.);
#1608 = EDGE_CURVE('',#1601,#1567,#1609,.T.);
#1609 = LINE('',#1610,#1611);
#1610 = CARTESIAN_POINT('',(64.25,21.688194187433,0.));
#1611 = VECTOR('',#1612,1.);
#1612 = DIRECTION('',(-0.,1.,0.));
#1613 = FACE_BOUND('',#1614,.F.);
#1614 = EDGE_LOOP('',(#1615,#1625,#1633,#1641,#1649,#1657));
#1615 = ORIENTED_EDGE('',*,*,#1616,.T.);
#1616 = EDGE_CURVE('',#1617,#1619,#1621,.T.);
#1617 = VERTEX_POINT('',#1618);
#1618 = CARTESIAN_POINT('',(73.25,43.376388374866,0.));
#1619 = VERTEX_POINT('',#1620);
#1620 = CARTESIAN_POINT('',(76.5,45.252776749733,0.));
#1621 = LINE('',#1622,#1623);
#1622 = CARTESIAN_POINT('',(38.014986435736,23.033443808639,0.));
#1623 = VECTOR('',#1624,1.);
#1624 = DIRECTION('',(0.866025403784,0.5,-0.));
#1625 = ORIENTED_EDGE('',*,*,#1626,.T.);
#1626 = EDGE_CURVE('',#1619,#1627,#1629,.T.);
#1627 = VERTEX_POINT('',#1628);
#1628 = CARTESIAN_POINT('',(79.75,43.376388374866,0.));
#1629 = LINE('',#1630,#1631);
#1630 = CARTESIAN_POINT('',(59.235013564264,55.22072131596,0.));
#1631 = VECTOR('',#1632,1.);
#1632 = DIRECTION('',(0.866025403784,-0.5,0.));
#1633 = ORIENTED_EDGE('',*,*,#1634,.T.);
#1634 = EDGE_CURVE('',#1627,#1635,#1637,.T.);
#1635 = VERTEX_POINT('',#1636);
#1636 = CARTESIAN_POINT('',(79.75,39.623611625134,0.));
#1637 = LINE('',#1638,#1639);
#1638 = CARTESIAN_POINT('',(79.75,19.811805812567,0.));
#1639 = VECTOR('',#1640,1.);
#1640 = DIRECTION('',(0.,-1.,0.));
#1641 = ORIENTED_EDGE('',*,*,#1642,.T.);
#1642 = EDGE_CURVE('',#1635,#1643,#1645,.T.);
#1643 = VERTEX_POINT('',#1644);
#1644 = CARTESIAN_POINT('',(76.5,37.747223250267,0.));
#1645 = LINE('',#1646,#1647);
#1646 = CARTESIAN_POINT('',(39.639986435736,16.466084496607,0.));
#1647 = VECTOR('',#1648,1.);
#1648 = DIRECTION('',(-0.866025403784,-0.5,0.));
#1649 = ORIENTED_EDGE('',*,*,#1650,.T.);
#1650 = EDGE_CURVE('',#1643,#1651,#1653,.T.);
#1651 = VERTEX_POINT('',#1652);
#1652 = CARTESIAN_POINT('',(73.25,39.623611625134,0.));
#1653 = LINE('',#1654,#1655);
#1654 = CARTESIAN_POINT('',(54.360013564264,50.529750378795,0.));
#1655 = VECTOR('',#1656,1.);
#1656 = DIRECTION('',(-0.866025403784,0.5,0.));
#1657 = ORIENTED_EDGE('',*,*,#1658,.T.);
#1658 = EDGE_CURVE('',#1651,#1617,#1659,.T.);
#1659 = LINE('',#1660,#1661);
#1660 = CARTESIAN_POINT('',(73.25,21.688194187433,0.));
#1661 = VECTOR('',#1662,1.);
#1662 = DIRECTION('',(-0.,1.,0.));
#1663 = PLANE('',#1664);
#1664 = AXIS2_PLACEMENT_3D('',#1665,#1666,#1667);
#1665 = CARTESIAN_POINT('',(0.,0.,0.));
#1666 = DIRECTION('',(0.,0.,1.));
#1667 = DIRECTION('',(1.,0.,-0.));
#1668 = ADVANCED_FACE('',(#1669),#1680,.T.);
#1669 = FACE_BOUND('',#1670,.T.);
#1670 = EDGE_LOOP('',(#1671,#1672,#1673,#1674));
#1671 = ORIENTED_EDGE('',*,*,#61,.F.);
#1672 = ORIENTED_EDGE('',*,*,#246,.T.);
#1673 = ORIENTED_EDGE('',*,*,#198,.T.);
#1674 = ORIENTED_EDGE('',*,*,#1675,.T.);
#1675 = EDGE_CURVE('',#191,#64,#1676,.T.);
#1676 = LINE('',#1677,#1678);
#1677 = CARTESIAN_POINT('',(186.,0.,133.2));
#1678 = VECTOR('',#1679,1.);
#1679 = DIRECTION('',(0.,-1.,0.));
#1680 = PLANE('',#1681);
#1681 = AXIS2_PLACEMENT_3D('',#1682,#1683,#1684);
#1682 = CARTESIAN_POINT('',(186.,0.,0.));
#1683 = DIRECTION('',(1.,0.,-0.));
#1684 = DIRECTION('',(0.,0.,1.));
#1685 = ADVANCED_FACE('',(#1686),#1705,.T.);
#1686 = FACE_BOUND('',#1687,.T.);
#1687 = EDGE_LOOP('',(#1688,#1696,#1697,#1698,#1699));
#1688 = ORIENTED_EDGE('',*,*,#1689,.F.);
#1689 = EDGE_CURVE('',#103,#1690,#1692,.T.);
#1690 = VERTEX_POINT('',#1691);
#1691 = CARTESIAN_POINT('',(184.1,48.5,133.2));
#1692 = LINE('',#1693,#1694);
#1693 = CARTESIAN_POINT('',(184.1,0.,133.2));
#1694 = VECTOR('',#1695,1.);
#1695 = DIRECTION('',(-0.,1.,0.));
#1696 = ORIENTED_EDGE('',*,*,#110,.T.);
#1697 = ORIENTED_EDGE('',*,*,#1675,.F.);
#1698 = ORIENTED_EDGE('',*,*,#190,.F.);
#1699 = ORIENTED_EDGE('',*,*,#1700,.F.);
#1700 = EDGE_CURVE('',#1690,#183,#1701,.T.);
#1701 = LINE('',#1702,#1703);
#1702 = CARTESIAN_POINT('',(92.05,48.5,133.2));
#1703 = VECTOR('',#1704,1.);
#1704 = DIRECTION('',(1.,0.,-0.));
#1705 = PLANE('',#1706);
#1706 = AXIS2_PLACEMENT_3D('',#1707,#1708,#1709);
#1707 = CARTESIAN_POINT('',(184.1,0.,133.2));
#1708 = DIRECTION('',(0.,0.,1.));
#1709 = DIRECTION('',(1.,0.,-0.));
#1710 = ADVANCED_FACE('',(#1711),#1729,.T.);
#1711 = FACE_BOUND('',#1712,.T.);
#1712 = EDGE_LOOP('',(#1713,#1714,#1715,#1723));
#1713 = ORIENTED_EDGE('',*,*,#102,.F.);
#1714 = ORIENTED_EDGE('',*,*,#1689,.T.);
#1715 = ORIENTED_EDGE('',*,*,#1716,.F.);
#1716 = EDGE_CURVE('',#1717,#1690,#1719,.T.);
#1717 = VERTEX_POINT('',#1718);
#1718 = CARTESIAN_POINT('',(184.1,48.5,138.));
#1719 = LINE('',#1720,#1721);
#1720 = CARTESIAN_POINT('',(184.1,48.5,66.6));
#1721 = VECTOR('',#1722,1.);
#1722 = DIRECTION('',(-0.,0.,-1.));
#1723 = ORIENTED_EDGE('',*,*,#1724,.F.);
#1724 = EDGE_CURVE('',#95,#1717,#1725,.T.);
#1725 = LINE('',#1726,#1727);
#1726 = CARTESIAN_POINT('',(184.1,0.,138.));
#1727 = VECTOR('',#1728,1.);
#1728 = DIRECTION('',(-0.,1.,0.));
#1729 = PLANE('',#1730);
#1730 = AXIS2_PLACEMENT_3D('',#1731,#1732,#1733);
#1731 = CARTESIAN_POINT('',(184.1,0.,133.2));
#1732 = DIRECTION('',(1.,0.,-0.));
#1733 = DIRECTION('',(0.,0.,1.));
#1734 = ADVANCED_FACE('',(#1735),#1809,.T.);
#1735 = FACE_BOUND('',#1736,.T.);
#1736 = EDGE_LOOP('',(#1737,#1747,#1753,#1754,#1755,#1763,#1771,#1779,
    #1787,#1795,#1803));
#1737 = ORIENTED_EDGE('',*,*,#1738,.F.);
#1738 = EDGE_CURVE('',#1739,#1741,#1743,.T.);
#1739 = VERTEX_POINT('',#1740);
#1740 = CARTESIAN_POINT('',(1.9,48.5,138.));
#1741 = VERTEX_POINT('',#1742);
#1742 = CARTESIAN_POINT('',(3.,48.5,138.));
#1743 = LINE('',#1744,#1745);
#1744 = CARTESIAN_POINT('',(0.,48.5,138.));
#1745 = VECTOR('',#1746,1.);
#1746 = DIRECTION('',(1.,0.,-0.));
#1747 = ORIENTED_EDGE('',*,*,#1748,.F.);
#1748 = EDGE_CURVE('',#87,#1739,#1749,.T.);
#1749 = LINE('',#1750,#1751);
#1750 = CARTESIAN_POINT('',(1.9,0.,138.));
#1751 = VECTOR('',#1752,1.);
#1752 = DIRECTION('',(-0.,1.,0.));
#1753 = ORIENTED_EDGE('',*,*,#94,.T.);
#1754 = ORIENTED_EDGE('',*,*,#1724,.T.);
#1755 = ORIENTED_EDGE('',*,*,#1756,.F.);
#1756 = EDGE_CURVE('',#1757,#1717,#1759,.T.);
#1757 = VERTEX_POINT('',#1758);
#1758 = CARTESIAN_POINT('',(183.,48.5,138.));
#1759 = LINE('',#1760,#1761);
#1760 = CARTESIAN_POINT('',(0.,48.5,138.));
#1761 = VECTOR('',#1762,1.);
#1762 = DIRECTION('',(1.,0.,-0.));
#1763 = ORIENTED_EDGE('',*,*,#1764,.F.);
#1764 = EDGE_CURVE('',#1765,#1757,#1767,.T.);
#1765 = VERTEX_POINT('',#1766);
#1766 = CARTESIAN_POINT('',(183.,3.5,138.));
#1767 = LINE('',#1768,#1769);
#1768 = CARTESIAN_POINT('',(183.,1.75,138.));
#1769 = VECTOR('',#1770,1.);
#1770 = DIRECTION('',(-0.,1.,0.));
#1771 = ORIENTED_EDGE('',*,*,#1772,.T.);
#1772 = EDGE_CURVE('',#1765,#1773,#1775,.T.);
#1773 = VERTEX_POINT('',#1774);
#1774 = CARTESIAN_POINT('',(93.8,3.5,138.));
#1775 = LINE('',#1776,#1777);
#1776 = CARTESIAN_POINT('',(1.5,3.5,138.));
#1777 = VECTOR('',#1778,1.);
#1778 = DIRECTION('',(-1.,-0.,0.));
#1779 = ORIENTED_EDGE('',*,*,#1780,.T.);
#1780 = EDGE_CURVE('',#1773,#1781,#1783,.T.);
#1781 = VERTEX_POINT('',#1782);
#1782 = CARTESIAN_POINT('',(91.8,3.5,138.));
#1783 = LINE('',#1784,#1785);
#1784 = CARTESIAN_POINT('',(1.5,3.5,138.));
#1785 = VECTOR('',#1786,1.);
#1786 = DIRECTION('',(-1.,-0.,0.));
#1787 = ORIENTED_EDGE('',*,*,#1788,.T.);
#1788 = EDGE_CURVE('',#1781,#1789,#1791,.T.);
#1789 = VERTEX_POINT('',#1790);
#1790 = CARTESIAN_POINT('',(6.,3.5,138.));
#1791 = LINE('',#1792,#1793);
#1792 = CARTESIAN_POINT('',(1.5,3.5,138.));
#1793 = VECTOR('',#1794,1.);
#1794 = DIRECTION('',(-1.,-0.,0.));
#1795 = ORIENTED_EDGE('',*,*,#1796,.T.);
#1796 = EDGE_CURVE('',#1789,#1797,#1799,.T.);
#1797 = VERTEX_POINT('',#1798);
#1798 = CARTESIAN_POINT('',(3.,3.5,138.));
#1799 = LINE('',#1800,#1801);
#1800 = CARTESIAN_POINT('',(1.5,3.5,138.));
#1801 = VECTOR('',#1802,1.);
#1802 = DIRECTION('',(-1.,-0.,0.));
#1803 = ORIENTED_EDGE('',*,*,#1804,.T.);
#1804 = EDGE_CURVE('',#1797,#1741,#1805,.T.);
#1805 = LINE('',#1806,#1807);
#1806 = CARTESIAN_POINT('',(3.,1.75,138.));
#1807 = VECTOR('',#1808,1.);
#1808 = DIRECTION('',(-0.,1.,0.));
#1809 = PLANE('',#1810);
#1810 = AXIS2_PLACEMENT_3D('',#1811,#1812,#1813);
#1811 = CARTESIAN_POINT('',(0.,0.,138.));
#1812 = DIRECTION('',(0.,0.,1.));
#1813 = DIRECTION('',(1.,0.,-0.));
#1814 = ADVANCED_FACE('',(#1815),#1826,.F.);
#1815 = FACE_BOUND('',#1816,.F.);
#1816 = EDGE_LOOP('',(#1817,#1818,#1819,#1825));
#1817 = ORIENTED_EDGE('',*,*,#86,.F.);
#1818 = ORIENTED_EDGE('',*,*,#126,.T.);
#1819 = ORIENTED_EDGE('',*,*,#1820,.F.);
#1820 = EDGE_CURVE('',#1739,#127,#1821,.T.);
#1821 = LINE('',#1822,#1823);
#1822 = CARTESIAN_POINT('',(1.9,48.5,66.6));
#1823 = VECTOR('',#1824,1.);
#1824 = DIRECTION('',(-0.,0.,-1.));
#1825 = ORIENTED_EDGE('',*,*,#1748,.F.);
#1826 = PLANE('',#1827);
#1827 = AXIS2_PLACEMENT_3D('',#1828,#1829,#1830);
#1828 = CARTESIAN_POINT('',(1.9,0.,133.2));
#1829 = DIRECTION('',(1.,0.,-0.));
#1830 = DIRECTION('',(0.,0.,1.));
#1831 = ADVANCED_FACE('',(#1832),#1865,.T.);
#1832 = FACE_BOUND('',#1833,.T.);
#1833 = EDGE_LOOP('',(#1834,#1842,#1843,#1851,#1859));
#1834 = ORIENTED_EDGE('',*,*,#1835,.F.);
#1835 = EDGE_CURVE('',#135,#1836,#1838,.T.);
#1836 = VERTEX_POINT('',#1837);
#1837 = CARTESIAN_POINT('',(1.5,50.5,133.2));
#1838 = LINE('',#1839,#1840);
#1839 = CARTESIAN_POINT('',(1.5,48.5,133.2));
#1840 = VECTOR('',#1841,1.);
#1841 = DIRECTION('',(-0.,1.,0.));
#1842 = ORIENTED_EDGE('',*,*,#134,.T.);
#1843 = ORIENTED_EDGE('',*,*,#1844,.T.);
#1844 = EDGE_CURVE('',#127,#1845,#1847,.T.);
#1845 = VERTEX_POINT('',#1846);
#1846 = CARTESIAN_POINT('',(3.,48.5,133.2));
#1847 = LINE('',#1848,#1849);
#1848 = CARTESIAN_POINT('',(1.5,48.5,133.2));
#1849 = VECTOR('',#1850,1.);
#1850 = DIRECTION('',(1.,0.,-0.));
#1851 = ORIENTED_EDGE('',*,*,#1852,.T.);
#1852 = EDGE_CURVE('',#1845,#1853,#1855,.T.);
#1853 = VERTEX_POINT('',#1854);
#1854 = CARTESIAN_POINT('',(3.,50.5,133.2));
#1855 = LINE('',#1856,#1857);
#1856 = CARTESIAN_POINT('',(3.,48.5,133.2));
#1857 = VECTOR('',#1858,1.);
#1858 = DIRECTION('',(-0.,1.,0.));
#1859 = ORIENTED_EDGE('',*,*,#1860,.F.);
#1860 = EDGE_CURVE('',#1836,#1853,#1861,.T.);
#1861 = LINE('',#1862,#1863);
#1862 = CARTESIAN_POINT('',(1.5,50.5,133.2));
#1863 = VECTOR('',#1864,1.);
#1864 = DIRECTION('',(1.,0.,-0.));
#1865 = PLANE('',#1866);
#1866 = AXIS2_PLACEMENT_3D('',#1867,#1868,#1869);
#1867 = CARTESIAN_POINT('',(1.5,48.5,133.2));
#1868 = DIRECTION('',(0.,0.,1.));
#1869 = DIRECTION('',(1.,0.,-0.));
#1870 = ADVANCED_FACE('',(#1871,#1896,#1946,#1996,#2046,#2096,#2146,
    #2196,#2246,#2296,#2346,#2396,#2446,#2496,#2546,#2596,#2607,#2657,
    #2707,#2757,#2807,#2857,#2907,#2957,#3007,#3057,#3107,#3157,#3207,
    #3257),#3307,.T.);
#1871 = FACE_BOUND('',#1872,.T.);
#1872 = EDGE_LOOP('',(#1873,#1881,#1889,#1895));
#1873 = ORIENTED_EDGE('',*,*,#1874,.F.);
#1874 = EDGE_CURVE('',#1875,#157,#1877,.T.);
#1875 = VERTEX_POINT('',#1876);
#1876 = CARTESIAN_POINT('',(3.,3.5,3.5));
#1877 = LINE('',#1878,#1879);
#1878 = CARTESIAN_POINT('',(3.,3.5,3.5));
#1879 = VECTOR('',#1880,1.);
#1880 = DIRECTION('',(-0.,1.,0.));
#1881 = ORIENTED_EDGE('',*,*,#1882,.T.);
#1882 = EDGE_CURVE('',#1875,#1883,#1885,.T.);
#1883 = VERTEX_POINT('',#1884);
#1884 = CARTESIAN_POINT('',(183.,3.5,3.5));
#1885 = LINE('',#1886,#1887);
#1886 = CARTESIAN_POINT('',(3.,3.5,3.5));
#1887 = VECTOR('',#1888,1.);
#1888 = DIRECTION('',(1.,0.,-0.));
#1889 = ORIENTED_EDGE('',*,*,#1890,.T.);
#1890 = EDGE_CURVE('',#1883,#159,#1891,.T.);
#1891 = LINE('',#1892,#1893);
#1892 = CARTESIAN_POINT('',(183.,3.5,3.5));
#1893 = VECTOR('',#1894,1.);
#1894 = DIRECTION('',(-0.,1.,0.));
#1895 = ORIENTED_EDGE('',*,*,#156,.F.);
#1896 = FACE_BOUND('',#1897,.T.);
#1897 = EDGE_LOOP('',(#1898,#1908,#1916,#1924,#1932,#1940));
#1898 = ORIENTED_EDGE('',*,*,#1899,.T.);
#1899 = EDGE_CURVE('',#1900,#1902,#1904,.T.);
#1900 = VERTEX_POINT('',#1901);
#1901 = CARTESIAN_POINT('',(23.25,19.376388374866,3.5));
#1902 = VERTEX_POINT('',#1903);
#1903 = CARTESIAN_POINT('',(26.5,21.252776749733,3.5));
#1904 = LINE('',#1905,#1906);
#1905 = CARTESIAN_POINT('',(13.843911086754,13.945780408782,3.5));
#1906 = VECTOR('',#1907,1.);
#1907 = DIRECTION('',(0.866025403784,0.5,-0.));
#1908 = ORIENTED_EDGE('',*,*,#1909,.T.);
#1909 = EDGE_CURVE('',#1902,#1910,#1912,.T.);
#1910 = VERTEX_POINT('',#1911);
#1911 = CARTESIAN_POINT('',(29.75,19.376388374866,3.5));
#1912 = LINE('',#1913,#1914);
#1913 = CARTESIAN_POINT('',(23.156088913246,23.183384715816,3.5));
#1914 = VECTOR('',#1915,1.);
#1915 = DIRECTION('',(0.866025403784,-0.5,0.));
#1916 = ORIENTED_EDGE('',*,*,#1917,.T.);
#1917 = EDGE_CURVE('',#1910,#1918,#1920,.T.);
#1918 = VERTEX_POINT('',#1919);
#1919 = CARTESIAN_POINT('',(29.75,15.623611625134,3.5));
#1920 = LINE('',#1921,#1922);
#1921 = CARTESIAN_POINT('',(29.75,9.561805812567,3.5));
#1922 = VECTOR('',#1923,1.);
#1923 = DIRECTION('',(0.,-1.,0.));
#1924 = ORIENTED_EDGE('',*,*,#1925,.T.);
#1925 = EDGE_CURVE('',#1918,#1926,#1928,.T.);
#1926 = VERTEX_POINT('',#1927);
#1927 = CARTESIAN_POINT('',(26.5,13.747223250267,3.5));
#1928 = LINE('',#1929,#1930);
#1929 = CARTESIAN_POINT('',(15.468911086754,7.37842109675,3.5));
#1930 = VECTOR('',#1931,1.);
#1931 = DIRECTION('',(-0.866025403784,-0.5,0.));
#1932 = ORIENTED_EDGE('',*,*,#1933,.T.);
#1933 = EDGE_CURVE('',#1926,#1934,#1936,.T.);
#1934 = VERTEX_POINT('',#1935);
#1935 = CARTESIAN_POINT('',(23.25,15.623611625134,3.5));
#1936 = LINE('',#1937,#1938);
#1937 = CARTESIAN_POINT('',(18.281088913246,18.492413778651,3.5));
#1938 = VECTOR('',#1939,1.);
#1939 = DIRECTION('',(-0.866025403784,0.5,0.));
#1940 = ORIENTED_EDGE('',*,*,#1941,.T.);
#1941 = EDGE_CURVE('',#1934,#1900,#1942,.T.);
#1942 = LINE('',#1943,#1944);
#1943 = CARTESIAN_POINT('',(23.25,11.438194187433,3.5));
#1944 = VECTOR('',#1945,1.);
#1945 = DIRECTION('',(-0.,1.,0.));
#1946 = FACE_BOUND('',#1947,.T.);
#1947 = EDGE_LOOP('',(#1948,#1958,#1966,#1974,#1982,#1990));
#1948 = ORIENTED_EDGE('',*,*,#1949,.T.);
#1949 = EDGE_CURVE('',#1950,#1952,#1954,.T.);
#1950 = VERTEX_POINT('',#1951);
#1951 = CARTESIAN_POINT('',(32.25,19.376388374866,3.5));
#1952 = VERTEX_POINT('',#1953);
#1953 = CARTESIAN_POINT('',(35.5,21.252776749733,3.5));
#1954 = LINE('',#1955,#1956);
#1955 = CARTESIAN_POINT('',(19.468911086754,11.997223250267,3.5));
#1956 = VECTOR('',#1957,1.);
#1957 = DIRECTION('',(0.866025403784,0.5,-0.));
#1958 = ORIENTED_EDGE('',*,*,#1959,.T.);
#1959 = EDGE_CURVE('',#1952,#1960,#1962,.T.);
#1960 = VERTEX_POINT('',#1961);
#1961 = CARTESIAN_POINT('',(38.75,19.376388374866,3.5));
#1962 = LINE('',#1963,#1964);
#1963 = CARTESIAN_POINT('',(28.781088913246,25.131941874331,3.5));
#1964 = VECTOR('',#1965,1.);
#1965 = DIRECTION('',(0.866025403784,-0.5,0.));
#1966 = ORIENTED_EDGE('',*,*,#1967,.T.);
#1967 = EDGE_CURVE('',#1960,#1968,#1970,.T.);
#1968 = VERTEX_POINT('',#1969);
#1969 = CARTESIAN_POINT('',(38.75,15.623611625134,3.5));
#1970 = LINE('',#1971,#1972);
#1971 = CARTESIAN_POINT('',(38.75,9.561805812567,3.5));
#1972 = VECTOR('',#1973,1.);
#1973 = DIRECTION('',(0.,-1.,0.));
#1974 = ORIENTED_EDGE('',*,*,#1975,.T.);
#1975 = EDGE_CURVE('',#1968,#1976,#1978,.T.);
#1976 = VERTEX_POINT('',#1977);
#1977 = CARTESIAN_POINT('',(35.5,13.747223250267,3.5));
#1978 = LINE('',#1979,#1980);
#1979 = CARTESIAN_POINT('',(21.093911086754,5.429863938235,3.5));
#1980 = VECTOR('',#1981,1.);
#1981 = DIRECTION('',(-0.866025403784,-0.5,0.));
#1982 = ORIENTED_EDGE('',*,*,#1983,.T.);
#1983 = EDGE_CURVE('',#1976,#1984,#1986,.T.);
#1984 = VERTEX_POINT('',#1985);
#1985 = CARTESIAN_POINT('',(32.25,15.623611625134,3.5));
#1986 = LINE('',#1987,#1988);
#1987 = CARTESIAN_POINT('',(23.906088913246,20.440970937166,3.5));
#1988 = VECTOR('',#1989,1.);
#1989 = DIRECTION('',(-0.866025403784,0.5,0.));
#1990 = ORIENTED_EDGE('',*,*,#1991,.T.);
#1991 = EDGE_CURVE('',#1984,#1950,#1992,.T.);
#1992 = LINE('',#1993,#1994);
#1993 = CARTESIAN_POINT('',(32.25,11.438194187433,3.5));
#1994 = VECTOR('',#1995,1.);
#1995 = DIRECTION('',(-0.,1.,0.));
#1996 = FACE_BOUND('',#1997,.T.);
#1997 = EDGE_LOOP('',(#1998,#2008,#2016,#2024,#2032,#2040));
#1998 = ORIENTED_EDGE('',*,*,#1999,.T.);
#1999 = EDGE_CURVE('',#2000,#2002,#2004,.T.);
#2000 = VERTEX_POINT('',#2001);
#2001 = CARTESIAN_POINT('',(41.25,19.376388374866,3.5));
#2002 = VERTEX_POINT('',#2003);
#2003 = CARTESIAN_POINT('',(44.5,21.252776749733,3.5));
#2004 = LINE('',#2005,#2006);
#2005 = CARTESIAN_POINT('',(25.093911086754,10.048666091752,3.5));
#2006 = VECTOR('',#2007,1.);
#2007 = DIRECTION('',(0.866025403784,0.5,-0.));
#2008 = ORIENTED_EDGE('',*,*,#2009,.T.);
#2009 = EDGE_CURVE('',#2002,#2010,#2012,.T.);
#2010 = VERTEX_POINT('',#2011);
#2011 = CARTESIAN_POINT('',(47.75,19.376388374866,3.5));
#2012 = LINE('',#2013,#2014);
#2013 = CARTESIAN_POINT('',(34.406088913246,27.080499032846,3.5));
#2014 = VECTOR('',#2015,1.);
#2015 = DIRECTION('',(0.866025403784,-0.5,0.));
#2016 = ORIENTED_EDGE('',*,*,#2017,.T.);
#2017 = EDGE_CURVE('',#2010,#2018,#2020,.T.);
#2018 = VERTEX_POINT('',#2019);
#2019 = CARTESIAN_POINT('',(47.75,15.623611625134,3.5));
#2020 = LINE('',#2021,#2022);
#2021 = CARTESIAN_POINT('',(47.75,9.561805812567,3.5));
#2022 = VECTOR('',#2023,1.);
#2023 = DIRECTION('',(0.,-1.,0.));
#2024 = ORIENTED_EDGE('',*,*,#2025,.T.);
#2025 = EDGE_CURVE('',#2018,#2026,#2028,.T.);
#2026 = VERTEX_POINT('',#2027);
#2027 = CARTESIAN_POINT('',(44.5,13.747223250267,3.5));
#2028 = LINE('',#2029,#2030);
#2029 = CARTESIAN_POINT('',(26.718911086754,3.48130677972,3.5));
#2030 = VECTOR('',#2031,1.);
#2031 = DIRECTION('',(-0.866025403784,-0.5,0.));
#2032 = ORIENTED_EDGE('',*,*,#2033,.T.);
#2033 = EDGE_CURVE('',#2026,#2034,#2036,.T.);
#2034 = VERTEX_POINT('',#2035);
#2035 = CARTESIAN_POINT('',(41.25,15.623611625134,3.5));
#2036 = LINE('',#2037,#2038);
#2037 = CARTESIAN_POINT('',(29.531088913246,22.389528095681,3.5));
#2038 = VECTOR('',#2039,1.);
#2039 = DIRECTION('',(-0.866025403784,0.5,0.));
#2040 = ORIENTED_EDGE('',*,*,#2041,.T.);
#2041 = EDGE_CURVE('',#2034,#2000,#2042,.T.);
#2042 = LINE('',#2043,#2044);
#2043 = CARTESIAN_POINT('',(41.25,11.438194187433,3.5));
#2044 = VECTOR('',#2045,1.);
#2045 = DIRECTION('',(-0.,1.,0.));
#2046 = FACE_BOUND('',#2047,.T.);
#2047 = EDGE_LOOP('',(#2048,#2058,#2066,#2074,#2082,#2090));
#2048 = ORIENTED_EDGE('',*,*,#2049,.T.);
#2049 = EDGE_CURVE('',#2050,#2052,#2054,.T.);
#2050 = VERTEX_POINT('',#2051);
#2051 = CARTESIAN_POINT('',(50.25,19.376388374866,3.5));
#2052 = VERTEX_POINT('',#2053);
#2053 = CARTESIAN_POINT('',(53.5,21.252776749733,3.5));
#2054 = LINE('',#2055,#2056);
#2055 = CARTESIAN_POINT('',(30.718911086754,8.100108933237,3.5));
#2056 = VECTOR('',#2057,1.);
#2057 = DIRECTION('',(0.866025403784,0.5,-0.));
#2058 = ORIENTED_EDGE('',*,*,#2059,.T.);
#2059 = EDGE_CURVE('',#2052,#2060,#2062,.T.);
#2060 = VERTEX_POINT('',#2061);
#2061 = CARTESIAN_POINT('',(56.75,19.376388374866,3.5));
#2062 = LINE('',#2063,#2064);
#2063 = CARTESIAN_POINT('',(40.031088913246,29.029056191361,3.5));
#2064 = VECTOR('',#2065,1.);
#2065 = DIRECTION('',(0.866025403784,-0.5,0.));
#2066 = ORIENTED_EDGE('',*,*,#2067,.T.);
#2067 = EDGE_CURVE('',#2060,#2068,#2070,.T.);
#2068 = VERTEX_POINT('',#2069);
#2069 = CARTESIAN_POINT('',(56.75,15.623611625134,3.5));
#2070 = LINE('',#2071,#2072);
#2071 = CARTESIAN_POINT('',(56.75,9.561805812567,3.5));
#2072 = VECTOR('',#2073,1.);
#2073 = DIRECTION('',(0.,-1.,0.));
#2074 = ORIENTED_EDGE('',*,*,#2075,.T.);
#2075 = EDGE_CURVE('',#2068,#2076,#2078,.T.);
#2076 = VERTEX_POINT('',#2077);
#2077 = CARTESIAN_POINT('',(53.5,13.747223250267,3.5));
#2078 = LINE('',#2079,#2080);
#2079 = CARTESIAN_POINT('',(32.343911086754,1.532749621205,3.5));
#2080 = VECTOR('',#2081,1.);
#2081 = DIRECTION('',(-0.866025403784,-0.5,0.));
#2082 = ORIENTED_EDGE('',*,*,#2083,.T.);
#2083 = EDGE_CURVE('',#2076,#2084,#2086,.T.);
#2084 = VERTEX_POINT('',#2085);
#2085 = CARTESIAN_POINT('',(50.25,15.623611625134,3.5));
#2086 = LINE('',#2087,#2088);
#2087 = CARTESIAN_POINT('',(35.156088913246,24.338085254196,3.5));
#2088 = VECTOR('',#2089,1.);
#2089 = DIRECTION('',(-0.866025403784,0.5,0.));
#2090 = ORIENTED_EDGE('',*,*,#2091,.T.);
#2091 = EDGE_CURVE('',#2084,#2050,#2092,.T.);
#2092 = LINE('',#2093,#2094);
#2093 = CARTESIAN_POINT('',(50.25,11.438194187433,3.5));
#2094 = VECTOR('',#2095,1.);
#2095 = DIRECTION('',(-0.,1.,0.));
#2096 = FACE_BOUND('',#2097,.T.);
#2097 = EDGE_LOOP('',(#2098,#2108,#2116,#2124,#2132,#2140));
#2098 = ORIENTED_EDGE('',*,*,#2099,.T.);
#2099 = EDGE_CURVE('',#2100,#2102,#2104,.T.);
#2100 = VERTEX_POINT('',#2101);
#2101 = CARTESIAN_POINT('',(59.25,19.376388374866,3.5));
#2102 = VERTEX_POINT('',#2103);
#2103 = CARTESIAN_POINT('',(62.5,21.252776749733,3.5));
#2104 = LINE('',#2105,#2106);
#2105 = CARTESIAN_POINT('',(36.343911086754,6.151551774722,3.5));
#2106 = VECTOR('',#2107,1.);
#2107 = DIRECTION('',(0.866025403784,0.5,-0.));
#2108 = ORIENTED_EDGE('',*,*,#2109,.T.);
#2109 = EDGE_CURVE('',#2102,#2110,#2112,.T.);
#2110 = VERTEX_POINT('',#2111);
#2111 = CARTESIAN_POINT('',(65.75,19.376388374866,3.5));
#2112 = LINE('',#2113,#2114);
#2113 = CARTESIAN_POINT('',(45.656088913246,30.977613349876,3.5));
#2114 = VECTOR('',#2115,1.);
#2115 = DIRECTION('',(0.866025403784,-0.5,0.));
#2116 = ORIENTED_EDGE('',*,*,#2117,.T.);
#2117 = EDGE_CURVE('',#2110,#2118,#2120,.T.);
#2118 = VERTEX_POINT('',#2119);
#2119 = CARTESIAN_POINT('',(65.75,15.623611625134,3.5));
#2120 = LINE('',#2121,#2122);
#2121 = CARTESIAN_POINT('',(65.75,9.561805812567,3.5));
#2122 = VECTOR('',#2123,1.);
#2123 = DIRECTION('',(0.,-1.,0.));
#2124 = ORIENTED_EDGE('',*,*,#2125,.T.);
#2125 = EDGE_CURVE('',#2118,#2126,#2128,.T.);
#2126 = VERTEX_POINT('',#2127);
#2127 = CARTESIAN_POINT('',(62.5,13.747223250267,3.5));
#2128 = LINE('',#2129,#2130);
#2129 = CARTESIAN_POINT('',(37.968911086754,-0.41580753731,3.5));
#2130 = VECTOR('',#2131,1.);
#2131 = DIRECTION('',(-0.866025403784,-0.5,0.));
#2132 = ORIENTED_EDGE('',*,*,#2133,.T.);
#2133 = EDGE_CURVE('',#2126,#2134,#2136,.T.);
#2134 = VERTEX_POINT('',#2135);
#2135 = CARTESIAN_POINT('',(59.25,15.623611625134,3.5));
#2136 = LINE('',#2137,#2138);
#2137 = CARTESIAN_POINT('',(40.781088913246,26.286642412711,3.5));
#2138 = VECTOR('',#2139,1.);
#2139 = DIRECTION('',(-0.866025403784,0.5,0.));
#2140 = ORIENTED_EDGE('',*,*,#2141,.T.);
#2141 = EDGE_CURVE('',#2134,#2100,#2142,.T.);
#2142 = LINE('',#2143,#2144);
#2143 = CARTESIAN_POINT('',(59.25,11.438194187433,3.5));
#2144 = VECTOR('',#2145,1.);
#2145 = DIRECTION('',(-0.,1.,0.));
#2146 = FACE_BOUND('',#2147,.T.);
#2147 = EDGE_LOOP('',(#2148,#2158,#2166,#2174,#2182,#2190));
#2148 = ORIENTED_EDGE('',*,*,#2149,.T.);
#2149 = EDGE_CURVE('',#2150,#2152,#2154,.T.);
#2150 = VERTEX_POINT('',#2151);
#2151 = CARTESIAN_POINT('',(68.25,19.376388374866,3.5));
#2152 = VERTEX_POINT('',#2153);
#2153 = CARTESIAN_POINT('',(71.5,21.252776749733,3.5));
#2154 = LINE('',#2155,#2156);
#2155 = CARTESIAN_POINT('',(41.968911086754,4.202994616207,3.5));
#2156 = VECTOR('',#2157,1.);
#2157 = DIRECTION('',(0.866025403784,0.5,-0.));
#2158 = ORIENTED_EDGE('',*,*,#2159,.T.);
#2159 = EDGE_CURVE('',#2152,#2160,#2162,.T.);
#2160 = VERTEX_POINT('',#2161);
#2161 = CARTESIAN_POINT('',(74.75,19.376388374866,3.5));
#2162 = LINE('',#2163,#2164);
#2163 = CARTESIAN_POINT('',(51.281088913246,32.926170508391,3.5));
#2164 = VECTOR('',#2165,1.);
#2165 = DIRECTION('',(0.866025403784,-0.5,0.));
#2166 = ORIENTED_EDGE('',*,*,#2167,.T.);
#2167 = EDGE_CURVE('',#2160,#2168,#2170,.T.);
#2168 = VERTEX_POINT('',#2169);
#2169 = CARTESIAN_POINT('',(74.75,15.623611625134,3.5));
#2170 = LINE('',#2171,#2172);
#2171 = CARTESIAN_POINT('',(74.75,9.561805812567,3.5));
#2172 = VECTOR('',#2173,1.);
#2173 = DIRECTION('',(0.,-1.,0.));
#2174 = ORIENTED_EDGE('',*,*,#2175,.T.);
#2175 = EDGE_CURVE('',#2168,#2176,#2178,.T.);
#2176 = VERTEX_POINT('',#2177);
#2177 = CARTESIAN_POINT('',(71.5,13.747223250267,3.5));
#2178 = LINE('',#2179,#2180);
#2179 = CARTESIAN_POINT('',(43.593911086754,-2.364364695824,3.5));
#2180 = VECTOR('',#2181,1.);
#2181 = DIRECTION('',(-0.866025403784,-0.5,0.));
#2182 = ORIENTED_EDGE('',*,*,#2183,.T.);
#2183 = EDGE_CURVE('',#2176,#2184,#2186,.T.);
#2184 = VERTEX_POINT('',#2185);
#2185 = CARTESIAN_POINT('',(68.25,15.623611625134,3.5));
#2186 = LINE('',#2187,#2188);
#2187 = CARTESIAN_POINT('',(46.406088913246,28.235199571226,3.5));
#2188 = VECTOR('',#2189,1.);
#2189 = DIRECTION('',(-0.866025403784,0.5,0.));
#2190 = ORIENTED_EDGE('',*,*,#2191,.T.);
#2191 = EDGE_CURVE('',#2184,#2150,#2192,.T.);
#2192 = LINE('',#2193,#2194);
#2193 = CARTESIAN_POINT('',(68.25,11.438194187433,3.5));
#2194 = VECTOR('',#2195,1.);
#2195 = DIRECTION('',(-0.,1.,0.));
#2196 = FACE_BOUND('',#2197,.T.);
#2197 = EDGE_LOOP('',(#2198,#2208,#2216,#2224,#2232,#2240));
#2198 = ORIENTED_EDGE('',*,*,#2199,.T.);
#2199 = EDGE_CURVE('',#2200,#2202,#2204,.T.);
#2200 = VERTEX_POINT('',#2201);
#2201 = CARTESIAN_POINT('',(77.25,19.376388374866,3.5));
#2202 = VERTEX_POINT('',#2203);
#2203 = CARTESIAN_POINT('',(80.5,21.252776749733,3.5));
#2204 = LINE('',#2205,#2206);
#2205 = CARTESIAN_POINT('',(47.593911086754,2.254437457692,3.5));
#2206 = VECTOR('',#2207,1.);
#2207 = DIRECTION('',(0.866025403784,0.5,-0.));
#2208 = ORIENTED_EDGE('',*,*,#2209,.T.);
#2209 = EDGE_CURVE('',#2202,#2210,#2212,.T.);
#2210 = VERTEX_POINT('',#2211);
#2211 = CARTESIAN_POINT('',(83.75,19.376388374866,3.5));
#2212 = LINE('',#2213,#2214);
#2213 = CARTESIAN_POINT('',(56.906088913246,34.874727666906,3.5));
#2214 = VECTOR('',#2215,1.);
#2215 = DIRECTION('',(0.866025403784,-0.5,0.));
#2216 = ORIENTED_EDGE('',*,*,#2217,.T.);
#2217 = EDGE_CURVE('',#2210,#2218,#2220,.T.);
#2218 = VERTEX_POINT('',#2219);
#2219 = CARTESIAN_POINT('',(83.75,15.623611625134,3.5));
#2220 = LINE('',#2221,#2222);
#2221 = CARTESIAN_POINT('',(83.75,9.561805812567,3.5));
#2222 = VECTOR('',#2223,1.);
#2223 = DIRECTION('',(0.,-1.,0.));
#2224 = ORIENTED_EDGE('',*,*,#2225,.T.);
#2225 = EDGE_CURVE('',#2218,#2226,#2228,.T.);
#2226 = VERTEX_POINT('',#2227);
#2227 = CARTESIAN_POINT('',(80.5,13.747223250267,3.5));
#2228 = LINE('',#2229,#2230);
#2229 = CARTESIAN_POINT('',(49.218911086754,-4.312921854339,3.5));
#2230 = VECTOR('',#2231,1.);
#2231 = DIRECTION('',(-0.866025403784,-0.5,0.));
#2232 = ORIENTED_EDGE('',*,*,#2233,.T.);
#2233 = EDGE_CURVE('',#2226,#2234,#2236,.T.);
#2234 = VERTEX_POINT('',#2235);
#2235 = CARTESIAN_POINT('',(77.25,15.623611625134,3.5));
#2236 = LINE('',#2237,#2238);
#2237 = CARTESIAN_POINT('',(52.031088913246,30.183756729741,3.5));
#2238 = VECTOR('',#2239,1.);
#2239 = DIRECTION('',(-0.866025403784,0.5,0.));
#2240 = ORIENTED_EDGE('',*,*,#2241,.T.);
#2241 = EDGE_CURVE('',#2234,#2200,#2242,.T.);
#2242 = LINE('',#2243,#2244);
#2243 = CARTESIAN_POINT('',(77.25,11.438194187433,3.5));
#2244 = VECTOR('',#2245,1.);
#2245 = DIRECTION('',(-0.,1.,0.));
#2246 = FACE_BOUND('',#2247,.T.);
#2247 = EDGE_LOOP('',(#2248,#2258,#2266,#2274,#2282,#2290));
#2248 = ORIENTED_EDGE('',*,*,#2249,.T.);
#2249 = EDGE_CURVE('',#2250,#2252,#2254,.T.);
#2250 = VERTEX_POINT('',#2251);
#2251 = CARTESIAN_POINT('',(19.25,27.376388374866,3.5));
#2252 = VERTEX_POINT('',#2253);
#2253 = CARTESIAN_POINT('',(22.5,29.252776749733,3.5));
#2254 = LINE('',#2255,#2256);
#2255 = CARTESIAN_POINT('',(9.611860279186,21.811805812567,3.5));
#2256 = VECTOR('',#2257,1.);
#2257 = DIRECTION('',(0.866025403784,0.5,-0.));
#2258 = ORIENTED_EDGE('',*,*,#2259,.T.);
#2259 = EDGE_CURVE('',#2252,#2260,#2262,.T.);
#2260 = VERTEX_POINT('',#2261);
#2261 = CARTESIAN_POINT('',(25.75,27.376388374866,3.5));
#2262 = LINE('',#2263,#2264);
#2263 = CARTESIAN_POINT('',(22.388139720814,29.317359312032,3.5));
#2264 = VECTOR('',#2265,1.);
#2265 = DIRECTION('',(0.866025403784,-0.5,0.));
#2266 = ORIENTED_EDGE('',*,*,#2267,.T.);
#2267 = EDGE_CURVE('',#2260,#2268,#2270,.T.);
#2268 = VERTEX_POINT('',#2269);
#2269 = CARTESIAN_POINT('',(25.75,23.623611625134,3.5));
#2270 = LINE('',#2271,#2272);
#2271 = CARTESIAN_POINT('',(25.75,13.561805812567,3.5));
#2272 = VECTOR('',#2273,1.);
#2273 = DIRECTION('',(0.,-1.,0.));
#2274 = ORIENTED_EDGE('',*,*,#2275,.T.);
#2275 = EDGE_CURVE('',#2268,#2276,#2278,.T.);
#2276 = VERTEX_POINT('',#2277);
#2277 = CARTESIAN_POINT('',(22.5,21.747223250267,3.5));
#2278 = LINE('',#2279,#2280);
#2279 = CARTESIAN_POINT('',(11.236860279186,15.244446500535,3.5));
#2280 = VECTOR('',#2281,1.);
#2281 = DIRECTION('',(-0.866025403784,-0.5,0.));
#2282 = ORIENTED_EDGE('',*,*,#2283,.T.);
#2283 = EDGE_CURVE('',#2276,#2284,#2286,.T.);
#2284 = VERTEX_POINT('',#2285);
#2285 = CARTESIAN_POINT('',(19.25,23.623611625134,3.5));
#2286 = LINE('',#2287,#2288);
#2287 = CARTESIAN_POINT('',(17.513139720814,24.626388374866,3.5));
#2288 = VECTOR('',#2289,1.);
#2289 = DIRECTION('',(-0.866025403784,0.5,0.));
#2290 = ORIENTED_EDGE('',*,*,#2291,.T.);
#2291 = EDGE_CURVE('',#2284,#2250,#2292,.T.);
#2292 = LINE('',#2293,#2294);
#2293 = CARTESIAN_POINT('',(19.25,15.438194187433,3.5));
#2294 = VECTOR('',#2295,1.);
#2295 = DIRECTION('',(-0.,1.,0.));
#2296 = FACE_BOUND('',#2297,.T.);
#2297 = EDGE_LOOP('',(#2298,#2308,#2316,#2324,#2332,#2340));
#2298 = ORIENTED_EDGE('',*,*,#2299,.T.);
#2299 = EDGE_CURVE('',#2300,#2302,#2304,.T.);
#2300 = VERTEX_POINT('',#2301);
#2301 = CARTESIAN_POINT('',(28.25,27.376388374866,3.5));
#2302 = VERTEX_POINT('',#2303);
#2303 = CARTESIAN_POINT('',(31.5,29.252776749733,3.5));
#2304 = LINE('',#2305,#2306);
#2305 = CARTESIAN_POINT('',(15.236860279186,19.863248654052,3.5));
#2306 = VECTOR('',#2307,1.);
#2307 = DIRECTION('',(0.866025403784,0.5,-0.));
#2308 = ORIENTED_EDGE('',*,*,#2309,.T.);
#2309 = EDGE_CURVE('',#2302,#2310,#2312,.T.);
#2310 = VERTEX_POINT('',#2311);
#2311 = CARTESIAN_POINT('',(34.75,27.376388374866,3.5));
#2312 = LINE('',#2313,#2314);
#2313 = CARTESIAN_POINT('',(28.013139720814,31.265916470547,3.5));
#2314 = VECTOR('',#2315,1.);
#2315 = DIRECTION('',(0.866025403784,-0.5,0.));
#2316 = ORIENTED_EDGE('',*,*,#2317,.T.);
#2317 = EDGE_CURVE('',#2310,#2318,#2320,.T.);
#2318 = VERTEX_POINT('',#2319);
#2319 = CARTESIAN_POINT('',(34.75,23.623611625134,3.5));
#2320 = LINE('',#2321,#2322);
#2321 = CARTESIAN_POINT('',(34.75,13.561805812567,3.5));
#2322 = VECTOR('',#2323,1.);
#2323 = DIRECTION('',(0.,-1.,0.));
#2324 = ORIENTED_EDGE('',*,*,#2325,.T.);
#2325 = EDGE_CURVE('',#2318,#2326,#2328,.T.);
#2326 = VERTEX_POINT('',#2327);
#2327 = CARTESIAN_POINT('',(31.5,21.747223250267,3.5));
#2328 = LINE('',#2329,#2330);
#2329 = CARTESIAN_POINT('',(16.861860279186,13.29588934202,3.5));
#2330 = VECTOR('',#2331,1.);
#2331 = DIRECTION('',(-0.866025403784,-0.5,0.));
#2332 = ORIENTED_EDGE('',*,*,#2333,.T.);
#2333 = EDGE_CURVE('',#2326,#2334,#2336,.T.);
#2334 = VERTEX_POINT('',#2335);
#2335 = CARTESIAN_POINT('',(28.25,23.623611625134,3.5));
#2336 = LINE('',#2337,#2338);
#2337 = CARTESIAN_POINT('',(23.138139720814,26.574945533381,3.5));
#2338 = VECTOR('',#2339,1.);
#2339 = DIRECTION('',(-0.866025403784,0.5,0.));
#2340 = ORIENTED_EDGE('',*,*,#2341,.T.);
#2341 = EDGE_CURVE('',#2334,#2300,#2342,.T.);
#2342 = LINE('',#2343,#2344);
#2343 = CARTESIAN_POINT('',(28.25,15.438194187433,3.5));
#2344 = VECTOR('',#2345,1.);
#2345 = DIRECTION('',(-0.,1.,0.));
#2346 = FACE_BOUND('',#2347,.T.);
#2347 = EDGE_LOOP('',(#2348,#2358,#2366,#2374,#2382,#2390));
#2348 = ORIENTED_EDGE('',*,*,#2349,.T.);
#2349 = EDGE_CURVE('',#2350,#2352,#2354,.T.);
#2350 = VERTEX_POINT('',#2351);
#2351 = CARTESIAN_POINT('',(37.25,27.376388374866,3.5));
#2352 = VERTEX_POINT('',#2353);
#2353 = CARTESIAN_POINT('',(40.5,29.252776749733,3.5));
#2354 = LINE('',#2355,#2356);
#2355 = CARTESIAN_POINT('',(20.861860279186,17.914691495537,3.5));
#2356 = VECTOR('',#2357,1.);
#2357 = DIRECTION('',(0.866025403784,0.5,-0.));
#2358 = ORIENTED_EDGE('',*,*,#2359,.T.);
#2359 = EDGE_CURVE('',#2352,#2360,#2362,.T.);
#2360 = VERTEX_POINT('',#2361);
#2361 = CARTESIAN_POINT('',(43.75,27.376388374866,3.5));
#2362 = LINE('',#2363,#2364);
#2363 = CARTESIAN_POINT('',(33.638139720814,33.214473629062,3.5));
#2364 = VECTOR('',#2365,1.);
#2365 = DIRECTION('',(0.866025403784,-0.5,0.));
#2366 = ORIENTED_EDGE('',*,*,#2367,.T.);
#2367 = EDGE_CURVE('',#2360,#2368,#2370,.T.);
#2368 = VERTEX_POINT('',#2369);
#2369 = CARTESIAN_POINT('',(43.75,23.623611625134,3.5));
#2370 = LINE('',#2371,#2372);
#2371 = CARTESIAN_POINT('',(43.75,13.561805812567,3.5));
#2372 = VECTOR('',#2373,1.);
#2373 = DIRECTION('',(0.,-1.,0.));
#2374 = ORIENTED_EDGE('',*,*,#2375,.T.);
#2375 = EDGE_CURVE('',#2368,#2376,#2378,.T.);
#2376 = VERTEX_POINT('',#2377);
#2377 = CARTESIAN_POINT('',(40.5,21.747223250267,3.5));
#2378 = LINE('',#2379,#2380);
#2379 = CARTESIAN_POINT('',(22.486860279186,11.347332183505,3.5));
#2380 = VECTOR('',#2381,1.);
#2381 = DIRECTION('',(-0.866025403784,-0.5,0.));
#2382 = ORIENTED_EDGE('',*,*,#2383,.T.);
#2383 = EDGE_CURVE('',#2376,#2384,#2386,.T.);
#2384 = VERTEX_POINT('',#2385);
#2385 = CARTESIAN_POINT('',(37.25,23.623611625134,3.5));
#2386 = LINE('',#2387,#2388);
#2387 = CARTESIAN_POINT('',(28.763139720814,28.523502691896,3.5));
#2388 = VECTOR('',#2389,1.);
#2389 = DIRECTION('',(-0.866025403784,0.5,0.));
#2390 = ORIENTED_EDGE('',*,*,#2391,.T.);
#2391 = EDGE_CURVE('',#2384,#2350,#2392,.T.);
#2392 = LINE('',#2393,#2394);
#2393 = CARTESIAN_POINT('',(37.25,15.438194187433,3.5));
#2394 = VECTOR('',#2395,1.);
#2395 = DIRECTION('',(-0.,1.,0.));
#2396 = FACE_BOUND('',#2397,.T.);
#2397 = EDGE_LOOP('',(#2398,#2408,#2416,#2424,#2432,#2440));
#2398 = ORIENTED_EDGE('',*,*,#2399,.T.);
#2399 = EDGE_CURVE('',#2400,#2402,#2404,.T.);
#2400 = VERTEX_POINT('',#2401);
#2401 = CARTESIAN_POINT('',(46.25,27.376388374866,3.5));
#2402 = VERTEX_POINT('',#2403);
#2403 = CARTESIAN_POINT('',(49.5,29.252776749733,3.5));
#2404 = LINE('',#2405,#2406);
#2405 = CARTESIAN_POINT('',(26.486860279186,15.966134337022,3.5));
#2406 = VECTOR('',#2407,1.);
#2407 = DIRECTION('',(0.866025403784,0.5,-0.));
#2408 = ORIENTED_EDGE('',*,*,#2409,.T.);
#2409 = EDGE_CURVE('',#2402,#2410,#2412,.T.);
#2410 = VERTEX_POINT('',#2411);
#2411 = CARTESIAN_POINT('',(52.75,27.376388374866,3.5));
#2412 = LINE('',#2413,#2414);
#2413 = CARTESIAN_POINT('',(39.263139720814,35.163030787577,3.5));
#2414 = VECTOR('',#2415,1.);
#2415 = DIRECTION('',(0.866025403784,-0.5,0.));
#2416 = ORIENTED_EDGE('',*,*,#2417,.T.);
#2417 = EDGE_CURVE('',#2410,#2418,#2420,.T.);
#2418 = VERTEX_POINT('',#2419);
#2419 = CARTESIAN_POINT('',(52.75,23.623611625134,3.5));
#2420 = LINE('',#2421,#2422);
#2421 = CARTESIAN_POINT('',(52.75,13.561805812567,3.5));
#2422 = VECTOR('',#2423,1.);
#2423 = DIRECTION('',(0.,-1.,0.));
#2424 = ORIENTED_EDGE('',*,*,#2425,.T.);
#2425 = EDGE_CURVE('',#2418,#2426,#2428,.T.);
#2426 = VERTEX_POINT('',#2427);
#2427 = CARTESIAN_POINT('',(49.5,21.747223250267,3.5));
#2428 = LINE('',#2429,#2430);
#2429 = CARTESIAN_POINT('',(28.111860279186,9.39877502499,3.5));
#2430 = VECTOR('',#2431,1.);
#2431 = DIRECTION('',(-0.866025403784,-0.5,0.));
#2432 = ORIENTED_EDGE('',*,*,#2433,.T.);
#2433 = EDGE_CURVE('',#2426,#2434,#2436,.T.);
#2434 = VERTEX_POINT('',#2435);
#2435 = CARTESIAN_POINT('',(46.25,23.623611625134,3.5));
#2436 = LINE('',#2437,#2438);
#2437 = CARTESIAN_POINT('',(34.388139720814,30.472059850411,3.5));
#2438 = VECTOR('',#2439,1.);
#2439 = DIRECTION('',(-0.866025403784,0.5,0.));
#2440 = ORIENTED_EDGE('',*,*,#2441,.T.);
#2441 = EDGE_CURVE('',#2434,#2400,#2442,.T.);
#2442 = LINE('',#2443,#2444);
#2443 = CARTESIAN_POINT('',(46.25,15.438194187433,3.5));
#2444 = VECTOR('',#2445,1.);
#2445 = DIRECTION('',(-0.,1.,0.));
#2446 = FACE_BOUND('',#2447,.T.);
#2447 = EDGE_LOOP('',(#2448,#2458,#2466,#2474,#2482,#2490));
#2448 = ORIENTED_EDGE('',*,*,#2449,.T.);
#2449 = EDGE_CURVE('',#2450,#2452,#2454,.T.);
#2450 = VERTEX_POINT('',#2451);
#2451 = CARTESIAN_POINT('',(55.25,27.376388374866,3.5));
#2452 = VERTEX_POINT('',#2453);
#2453 = CARTESIAN_POINT('',(58.5,29.252776749733,3.5));
#2454 = LINE('',#2455,#2456);
#2455 = CARTESIAN_POINT('',(32.111860279186,14.017577178507,3.5));
#2456 = VECTOR('',#2457,1.);
#2457 = DIRECTION('',(0.866025403784,0.5,-0.));
#2458 = ORIENTED_EDGE('',*,*,#2459,.T.);
#2459 = EDGE_CURVE('',#2452,#2460,#2462,.T.);
#2460 = VERTEX_POINT('',#2461);
#2461 = CARTESIAN_POINT('',(61.75,27.376388374866,3.5));
#2462 = LINE('',#2463,#2464);
#2463 = CARTESIAN_POINT('',(44.888139720814,37.111587946092,3.5));
#2464 = VECTOR('',#2465,1.);
#2465 = DIRECTION('',(0.866025403784,-0.5,0.));
#2466 = ORIENTED_EDGE('',*,*,#2467,.T.);
#2467 = EDGE_CURVE('',#2460,#2468,#2470,.T.);
#2468 = VERTEX_POINT('',#2469);
#2469 = CARTESIAN_POINT('',(61.75,23.623611625134,3.5));
#2470 = LINE('',#2471,#2472);
#2471 = CARTESIAN_POINT('',(61.75,13.561805812567,3.5));
#2472 = VECTOR('',#2473,1.);
#2473 = DIRECTION('',(0.,-1.,0.));
#2474 = ORIENTED_EDGE('',*,*,#2475,.T.);
#2475 = EDGE_CURVE('',#2468,#2476,#2478,.T.);
#2476 = VERTEX_POINT('',#2477);
#2477 = CARTESIAN_POINT('',(58.5,21.747223250267,3.5));
#2478 = LINE('',#2479,#2480);
#2479 = CARTESIAN_POINT('',(33.736860279186,7.450217866475,3.5));
#2480 = VECTOR('',#2481,1.);
#2481 = DIRECTION('',(-0.866025403784,-0.5,0.));
#2482 = ORIENTED_EDGE('',*,*,#2483,.T.);
#2483 = EDGE_CURVE('',#2476,#2484,#2486,.T.);
#2484 = VERTEX_POINT('',#2485);
#2485 = CARTESIAN_POINT('',(55.25,23.623611625134,3.5));
#2486 = LINE('',#2487,#2488);
#2487 = CARTESIAN_POINT('',(40.013139720814,32.420617008926,3.5));
#2488 = VECTOR('',#2489,1.);
#2489 = DIRECTION('',(-0.866025403784,0.5,0.));
#2490 = ORIENTED_EDGE('',*,*,#2491,.T.);
#2491 = EDGE_CURVE('',#2484,#2450,#2492,.T.);
#2492 = LINE('',#2493,#2494);
#2493 = CARTESIAN_POINT('',(55.25,15.438194187433,3.5));
#2494 = VECTOR('',#2495,1.);
#2495 = DIRECTION('',(-0.,1.,0.));
#2496 = FACE_BOUND('',#2497,.T.);
#2497 = EDGE_LOOP('',(#2498,#2508,#2516,#2524,#2532,#2540));
#2498 = ORIENTED_EDGE('',*,*,#2499,.T.);
#2499 = EDGE_CURVE('',#2500,#2502,#2504,.T.);
#2500 = VERTEX_POINT('',#2501);
#2501 = CARTESIAN_POINT('',(64.25,27.376388374866,3.5));
#2502 = VERTEX_POINT('',#2503);
#2503 = CARTESIAN_POINT('',(67.5,29.252776749733,3.5));
#2504 = LINE('',#2505,#2506);
#2505 = CARTESIAN_POINT('',(37.736860279186,12.069020019992,3.5));
#2506 = VECTOR('',#2507,1.);
#2507 = DIRECTION('',(0.866025403784,0.5,-0.));
#2508 = ORIENTED_EDGE('',*,*,#2509,.T.);
#2509 = EDGE_CURVE('',#2502,#2510,#2512,.T.);
#2510 = VERTEX_POINT('',#2511);
#2511 = CARTESIAN_POINT('',(70.75,27.376388374866,3.5));
#2512 = LINE('',#2513,#2514);
#2513 = CARTESIAN_POINT('',(50.513139720814,39.060145104607,3.5));
#2514 = VECTOR('',#2515,1.);
#2515 = DIRECTION('',(0.866025403784,-0.5,0.));
#2516 = ORIENTED_EDGE('',*,*,#2517,.T.);
#2517 = EDGE_CURVE('',#2510,#2518,#2520,.T.);
#2518 = VERTEX_POINT('',#2519);
#2519 = CARTESIAN_POINT('',(70.75,23.623611625134,3.5));
#2520 = LINE('',#2521,#2522);
#2521 = CARTESIAN_POINT('',(70.75,13.561805812567,3.5));
#2522 = VECTOR('',#2523,1.);
#2523 = DIRECTION('',(0.,-1.,0.));
#2524 = ORIENTED_EDGE('',*,*,#2525,.T.);
#2525 = EDGE_CURVE('',#2518,#2526,#2528,.T.);
#2526 = VERTEX_POINT('',#2527);
#2527 = CARTESIAN_POINT('',(67.5,21.747223250267,3.5));
#2528 = LINE('',#2529,#2530);
#2529 = CARTESIAN_POINT('',(39.361860279186,5.50166070796,3.5));
#2530 = VECTOR('',#2531,1.);
#2531 = DIRECTION('',(-0.866025403784,-0.5,0.));
#2532 = ORIENTED_EDGE('',*,*,#2533,.T.);
#2533 = EDGE_CURVE('',#2526,#2534,#2536,.T.);
#2534 = VERTEX_POINT('',#2535);
#2535 = CARTESIAN_POINT('',(64.25,23.623611625134,3.5));
#2536 = LINE('',#2537,#2538);
#2537 = CARTESIAN_POINT('',(45.638139720814,34.369174167441,3.5));
#2538 = VECTOR('',#2539,1.);
#2539 = DIRECTION('',(-0.866025403784,0.5,0.));
#2540 = ORIENTED_EDGE('',*,*,#2541,.T.);
#2541 = EDGE_CURVE('',#2534,#2500,#2542,.T.);
#2542 = LINE('',#2543,#2544);
#2543 = CARTESIAN_POINT('',(64.25,15.438194187433,3.5));
#2544 = VECTOR('',#2545,1.);
#2545 = DIRECTION('',(-0.,1.,0.));
#2546 = FACE_BOUND('',#2547,.T.);
#2547 = EDGE_LOOP('',(#2548,#2558,#2566,#2574,#2582,#2590));
#2548 = ORIENTED_EDGE('',*,*,#2549,.T.);
#2549 = EDGE_CURVE('',#2550,#2552,#2554,.T.);
#2550 = VERTEX_POINT('',#2551);
#2551 = CARTESIAN_POINT('',(73.25,27.376388374866,3.5));
#2552 = VERTEX_POINT('',#2553);
#2553 = CARTESIAN_POINT('',(76.5,29.252776749733,3.5));
#2554 = LINE('',#2555,#2556);
#2555 = CARTESIAN_POINT('',(43.361860279186,10.120462861477,3.5));
#2556 = VECTOR('',#2557,1.);
#2557 = DIRECTION('',(0.866025403784,0.5,-0.));
#2558 = ORIENTED_EDGE('',*,*,#2559,.T.);
#2559 = EDGE_CURVE('',#2552,#2560,#2562,.T.);
#2560 = VERTEX_POINT('',#2561);
#2561 = CARTESIAN_POINT('',(79.75,27.376388374866,3.5));
#2562 = LINE('',#2563,#2564);
#2563 = CARTESIAN_POINT('',(56.138139720814,41.008702263122,3.5));
#2564 = VECTOR('',#2565,1.);
#2565 = DIRECTION('',(0.866025403784,-0.5,0.));
#2566 = ORIENTED_EDGE('',*,*,#2567,.T.);
#2567 = EDGE_CURVE('',#2560,#2568,#2570,.T.);
#2568 = VERTEX_POINT('',#2569);
#2569 = CARTESIAN_POINT('',(79.75,23.623611625134,3.5));
#2570 = LINE('',#2571,#2572);
#2571 = CARTESIAN_POINT('',(79.75,13.561805812567,3.5));
#2572 = VECTOR('',#2573,1.);
#2573 = DIRECTION('',(0.,-1.,0.));
#2574 = ORIENTED_EDGE('',*,*,#2575,.T.);
#2575 = EDGE_CURVE('',#2568,#2576,#2578,.T.);
#2576 = VERTEX_POINT('',#2577);
#2577 = CARTESIAN_POINT('',(76.5,21.747223250267,3.5));
#2578 = LINE('',#2579,#2580);
#2579 = CARTESIAN_POINT('',(44.986860279186,3.553103549445,3.5));
#2580 = VECTOR('',#2581,1.);
#2581 = DIRECTION('',(-0.866025403784,-0.5,0.));
#2582 = ORIENTED_EDGE('',*,*,#2583,.T.);
#2583 = EDGE_CURVE('',#2576,#2584,#2586,.T.);
#2584 = VERTEX_POINT('',#2585);
#2585 = CARTESIAN_POINT('',(73.25,23.623611625134,3.5));
#2586 = LINE('',#2587,#2588);
#2587 = CARTESIAN_POINT('',(51.263139720814,36.317731325956,3.5));
#2588 = VECTOR('',#2589,1.);
#2589 = DIRECTION('',(-0.866025403784,0.5,0.));
#2590 = ORIENTED_EDGE('',*,*,#2591,.T.);
#2591 = EDGE_CURVE('',#2584,#2550,#2592,.T.);
#2592 = LINE('',#2593,#2594);
#2593 = CARTESIAN_POINT('',(73.25,15.438194187433,3.5));
#2594 = VECTOR('',#2595,1.);
#2595 = DIRECTION('',(-0.,1.,0.));
#2596 = FACE_BOUND('',#2597,.T.);
#2597 = EDGE_LOOP('',(#2598));
#2598 = ORIENTED_EDGE('',*,*,#2599,.F.);
#2599 = EDGE_CURVE('',#2600,#2600,#2602,.T.);
#2600 = VERTEX_POINT('',#2601);
#2601 = CARTESIAN_POINT('',(153.1,26.,3.5));
#2602 = CIRCLE('',#2603,8.1);
#2603 = AXIS2_PLACEMENT_3D('',#2604,#2605,#2606);
#2604 = CARTESIAN_POINT('',(145.,26.,3.5));
#2605 = DIRECTION('',(0.,0.,1.));
#2606 = DIRECTION('',(1.,0.,-0.));
#2607 = FACE_BOUND('',#2608,.T.);
#2608 = EDGE_LOOP('',(#2609,#2619,#2627,#2635,#2643,#2651));
#2609 = ORIENTED_EDGE('',*,*,#2610,.T.);
#2610 = EDGE_CURVE('',#2611,#2613,#2615,.T.);
#2611 = VERTEX_POINT('',#2612);
#2612 = CARTESIAN_POINT('',(23.25,35.376388374866,3.5));
#2613 = VERTEX_POINT('',#2614);
#2614 = CARTESIAN_POINT('',(26.5,37.252776749733,3.5));
#2615 = LINE('',#2616,#2617);
#2616 = CARTESIAN_POINT('',(10.379809471617,27.945780408782,3.5));
#2617 = VECTOR('',#2618,1.);
#2618 = DIRECTION('',(0.866025403784,0.5,-0.));
#2619 = ORIENTED_EDGE('',*,*,#2620,.T.);
#2620 = EDGE_CURVE('',#2613,#2621,#2623,.T.);
#2621 = VERTEX_POINT('',#2622);
#2622 = CARTESIAN_POINT('',(29.75,35.376388374866,3.5));
#2623 = LINE('',#2624,#2625);
#2624 = CARTESIAN_POINT('',(26.620190528383,37.183384715816,3.5));
#2625 = VECTOR('',#2626,1.);
#2626 = DIRECTION('',(0.866025403784,-0.5,0.));
#2627 = ORIENTED_EDGE('',*,*,#2628,.T.);
#2628 = EDGE_CURVE('',#2621,#2629,#2631,.T.);
#2629 = VERTEX_POINT('',#2630);
#2630 = CARTESIAN_POINT('',(29.75,31.623611625134,3.5));
#2631 = LINE('',#2632,#2633);
#2632 = CARTESIAN_POINT('',(29.75,17.561805812567,3.5));
#2633 = VECTOR('',#2634,1.);
#2634 = DIRECTION('',(0.,-1.,0.));
#2635 = ORIENTED_EDGE('',*,*,#2636,.T.);
#2636 = EDGE_CURVE('',#2629,#2637,#2639,.T.);
#2637 = VERTEX_POINT('',#2638);
#2638 = CARTESIAN_POINT('',(26.5,29.747223250267,3.5));
#2639 = LINE('',#2640,#2641);
#2640 = CARTESIAN_POINT('',(12.004809471617,21.37842109675,3.5));
#2641 = VECTOR('',#2642,1.);
#2642 = DIRECTION('',(-0.866025403784,-0.5,0.));
#2643 = ORIENTED_EDGE('',*,*,#2644,.T.);
#2644 = EDGE_CURVE('',#2637,#2645,#2647,.T.);
#2645 = VERTEX_POINT('',#2646);
#2646 = CARTESIAN_POINT('',(23.25,31.623611625134,3.5));
#2647 = LINE('',#2648,#2649);
#2648 = CARTESIAN_POINT('',(21.745190528383,32.492413778651,3.5));
#2649 = VECTOR('',#2650,1.);
#2650 = DIRECTION('',(-0.866025403784,0.5,0.));
#2651 = ORIENTED_EDGE('',*,*,#2652,.T.);
#2652 = EDGE_CURVE('',#2645,#2611,#2653,.T.);
#2653 = LINE('',#2654,#2655);
#2654 = CARTESIAN_POINT('',(23.25,19.438194187433,3.5));
#2655 = VECTOR('',#2656,1.);
#2656 = DIRECTION('',(-0.,1.,0.));
#2657 = FACE_BOUND('',#2658,.T.);
#2658 = EDGE_LOOP('',(#2659,#2669,#2677,#2685,#2693,#2701));
#2659 = ORIENTED_EDGE('',*,*,#2660,.T.);
#2660 = EDGE_CURVE('',#2661,#2663,#2665,.T.);
#2661 = VERTEX_POINT('',#2662);
#2662 = CARTESIAN_POINT('',(32.25,35.376388374866,3.5));
#2663 = VERTEX_POINT('',#2664);
#2664 = CARTESIAN_POINT('',(35.5,37.252776749733,3.5));
#2665 = LINE('',#2666,#2667);
#2666 = CARTESIAN_POINT('',(16.004809471617,25.997223250267,3.5));
#2667 = VECTOR('',#2668,1.);
#2668 = DIRECTION('',(0.866025403784,0.5,-0.));
#2669 = ORIENTED_EDGE('',*,*,#2670,.T.);
#2670 = EDGE_CURVE('',#2663,#2671,#2673,.T.);
#2671 = VERTEX_POINT('',#2672);
#2672 = CARTESIAN_POINT('',(38.75,35.376388374866,3.5));
#2673 = LINE('',#2674,#2675);
#2674 = CARTESIAN_POINT('',(32.245190528383,39.131941874331,3.5));
#2675 = VECTOR('',#2676,1.);
#2676 = DIRECTION('',(0.866025403784,-0.5,0.));
#2677 = ORIENTED_EDGE('',*,*,#2678,.T.);
#2678 = EDGE_CURVE('',#2671,#2679,#2681,.T.);
#2679 = VERTEX_POINT('',#2680);
#2680 = CARTESIAN_POINT('',(38.75,31.623611625134,3.5));
#2681 = LINE('',#2682,#2683);
#2682 = CARTESIAN_POINT('',(38.75,17.561805812567,3.5));
#2683 = VECTOR('',#2684,1.);
#2684 = DIRECTION('',(0.,-1.,0.));
#2685 = ORIENTED_EDGE('',*,*,#2686,.T.);
#2686 = EDGE_CURVE('',#2679,#2687,#2689,.T.);
#2687 = VERTEX_POINT('',#2688);
#2688 = CARTESIAN_POINT('',(35.5,29.747223250267,3.5));
#2689 = LINE('',#2690,#2691);
#2690 = CARTESIAN_POINT('',(17.629809471617,19.429863938235,3.5));
#2691 = VECTOR('',#2692,1.);
#2692 = DIRECTION('',(-0.866025403784,-0.5,0.));
#2693 = ORIENTED_EDGE('',*,*,#2694,.T.);
#2694 = EDGE_CURVE('',#2687,#2695,#2697,.T.);
#2695 = VERTEX_POINT('',#2696);
#2696 = CARTESIAN_POINT('',(32.25,31.623611625134,3.5));
#2697 = LINE('',#2698,#2699);
#2698 = CARTESIAN_POINT('',(27.370190528383,34.440970937166,3.5));
#2699 = VECTOR('',#2700,1.);
#2700 = DIRECTION('',(-0.866025403784,0.5,0.));
#2701 = ORIENTED_EDGE('',*,*,#2702,.T.);
#2702 = EDGE_CURVE('',#2695,#2661,#2703,.T.);
#2703 = LINE('',#2704,#2705);
#2704 = CARTESIAN_POINT('',(32.25,19.438194187433,3.5));
#2705 = VECTOR('',#2706,1.);
#2706 = DIRECTION('',(-0.,1.,0.));
#2707 = FACE_BOUND('',#2708,.T.);
#2708 = EDGE_LOOP('',(#2709,#2719,#2727,#2735,#2743,#2751));
#2709 = ORIENTED_EDGE('',*,*,#2710,.T.);
#2710 = EDGE_CURVE('',#2711,#2713,#2715,.T.);
#2711 = VERTEX_POINT('',#2712);
#2712 = CARTESIAN_POINT('',(41.25,35.376388374866,3.5));
#2713 = VERTEX_POINT('',#2714);
#2714 = CARTESIAN_POINT('',(44.5,37.252776749733,3.5));
#2715 = LINE('',#2716,#2717);
#2716 = CARTESIAN_POINT('',(21.629809471617,24.048666091752,3.5));
#2717 = VECTOR('',#2718,1.);
#2718 = DIRECTION('',(0.866025403784,0.5,-0.));
#2719 = ORIENTED_EDGE('',*,*,#2720,.T.);
#2720 = EDGE_CURVE('',#2713,#2721,#2723,.T.);
#2721 = VERTEX_POINT('',#2722);
#2722 = CARTESIAN_POINT('',(47.75,35.376388374866,3.5));
#2723 = LINE('',#2724,#2725);
#2724 = CARTESIAN_POINT('',(37.870190528383,41.080499032846,3.5));
#2725 = VECTOR('',#2726,1.);
#2726 = DIRECTION('',(0.866025403784,-0.5,0.));
#2727 = ORIENTED_EDGE('',*,*,#2728,.T.);
#2728 = EDGE_CURVE('',#2721,#2729,#2731,.T.);
#2729 = VERTEX_POINT('',#2730);
#2730 = CARTESIAN_POINT('',(47.75,31.623611625134,3.5));
#2731 = LINE('',#2732,#2733);
#2732 = CARTESIAN_POINT('',(47.75,17.561805812567,3.5));
#2733 = VECTOR('',#2734,1.);
#2734 = DIRECTION('',(0.,-1.,0.));
#2735 = ORIENTED_EDGE('',*,*,#2736,.T.);
#2736 = EDGE_CURVE('',#2729,#2737,#2739,.T.);
#2737 = VERTEX_POINT('',#2738);
#2738 = CARTESIAN_POINT('',(44.5,29.747223250267,3.5));
#2739 = LINE('',#2740,#2741);
#2740 = CARTESIAN_POINT('',(23.254809471617,17.48130677972,3.5));
#2741 = VECTOR('',#2742,1.);
#2742 = DIRECTION('',(-0.866025403784,-0.5,0.));
#2743 = ORIENTED_EDGE('',*,*,#2744,.T.);
#2744 = EDGE_CURVE('',#2737,#2745,#2747,.T.);
#2745 = VERTEX_POINT('',#2746);
#2746 = CARTESIAN_POINT('',(41.25,31.623611625134,3.5));
#2747 = LINE('',#2748,#2749);
#2748 = CARTESIAN_POINT('',(32.995190528383,36.389528095681,3.5));
#2749 = VECTOR('',#2750,1.);
#2750 = DIRECTION('',(-0.866025403784,0.5,0.));
#2751 = ORIENTED_EDGE('',*,*,#2752,.T.);
#2752 = EDGE_CURVE('',#2745,#2711,#2753,.T.);
#2753 = LINE('',#2754,#2755);
#2754 = CARTESIAN_POINT('',(41.25,19.438194187433,3.5));
#2755 = VECTOR('',#2756,1.);
#2756 = DIRECTION('',(-0.,1.,0.));
#2757 = FACE_BOUND('',#2758,.T.);
#2758 = EDGE_LOOP('',(#2759,#2769,#2777,#2785,#2793,#2801));
#2759 = ORIENTED_EDGE('',*,*,#2760,.T.);
#2760 = EDGE_CURVE('',#2761,#2763,#2765,.T.);
#2761 = VERTEX_POINT('',#2762);
#2762 = CARTESIAN_POINT('',(50.25,35.376388374866,3.5));
#2763 = VERTEX_POINT('',#2764);
#2764 = CARTESIAN_POINT('',(53.5,37.252776749733,3.5));
#2765 = LINE('',#2766,#2767);
#2766 = CARTESIAN_POINT('',(27.254809471617,22.100108933237,3.5));
#2767 = VECTOR('',#2768,1.);
#2768 = DIRECTION('',(0.866025403784,0.5,-0.));
#2769 = ORIENTED_EDGE('',*,*,#2770,.T.);
#2770 = EDGE_CURVE('',#2763,#2771,#2773,.T.);
#2771 = VERTEX_POINT('',#2772);
#2772 = CARTESIAN_POINT('',(56.75,35.376388374866,3.5));
#2773 = LINE('',#2774,#2775);
#2774 = CARTESIAN_POINT('',(43.495190528383,43.029056191361,3.5));
#2775 = VECTOR('',#2776,1.);
#2776 = DIRECTION('',(0.866025403784,-0.5,0.));
#2777 = ORIENTED_EDGE('',*,*,#2778,.T.);
#2778 = EDGE_CURVE('',#2771,#2779,#2781,.T.);
#2779 = VERTEX_POINT('',#2780);
#2780 = CARTESIAN_POINT('',(56.75,31.623611625134,3.5));
#2781 = LINE('',#2782,#2783);
#2782 = CARTESIAN_POINT('',(56.75,17.561805812567,3.5));
#2783 = VECTOR('',#2784,1.);
#2784 = DIRECTION('',(0.,-1.,0.));
#2785 = ORIENTED_EDGE('',*,*,#2786,.T.);
#2786 = EDGE_CURVE('',#2779,#2787,#2789,.T.);
#2787 = VERTEX_POINT('',#2788);
#2788 = CARTESIAN_POINT('',(53.5,29.747223250267,3.5));
#2789 = LINE('',#2790,#2791);
#2790 = CARTESIAN_POINT('',(28.879809471617,15.532749621205,3.5));
#2791 = VECTOR('',#2792,1.);
#2792 = DIRECTION('',(-0.866025403784,-0.5,0.));
#2793 = ORIENTED_EDGE('',*,*,#2794,.T.);
#2794 = EDGE_CURVE('',#2787,#2795,#2797,.T.);
#2795 = VERTEX_POINT('',#2796);
#2796 = CARTESIAN_POINT('',(50.25,31.623611625134,3.5));
#2797 = LINE('',#2798,#2799);
#2798 = CARTESIAN_POINT('',(38.620190528383,38.338085254196,3.5));
#2799 = VECTOR('',#2800,1.);
#2800 = DIRECTION('',(-0.866025403784,0.5,0.));
#2801 = ORIENTED_EDGE('',*,*,#2802,.T.);
#2802 = EDGE_CURVE('',#2795,#2761,#2803,.T.);
#2803 = LINE('',#2804,#2805);
#2804 = CARTESIAN_POINT('',(50.25,19.438194187433,3.5));
#2805 = VECTOR('',#2806,1.);
#2806 = DIRECTION('',(-0.,1.,0.));
#2807 = FACE_BOUND('',#2808,.T.);
#2808 = EDGE_LOOP('',(#2809,#2819,#2827,#2835,#2843,#2851));
#2809 = ORIENTED_EDGE('',*,*,#2810,.T.);
#2810 = EDGE_CURVE('',#2811,#2813,#2815,.T.);
#2811 = VERTEX_POINT('',#2812);
#2812 = CARTESIAN_POINT('',(59.25,35.376388374866,3.5));
#2813 = VERTEX_POINT('',#2814);
#2814 = CARTESIAN_POINT('',(62.5,37.252776749733,3.5));
#2815 = LINE('',#2816,#2817);
#2816 = CARTESIAN_POINT('',(32.879809471617,20.151551774722,3.5));
#2817 = VECTOR('',#2818,1.);
#2818 = DIRECTION('',(0.866025403784,0.5,-0.));
#2819 = ORIENTED_EDGE('',*,*,#2820,.T.);
#2820 = EDGE_CURVE('',#2813,#2821,#2823,.T.);
#2821 = VERTEX_POINT('',#2822);
#2822 = CARTESIAN_POINT('',(65.75,35.376388374866,3.5));
#2823 = LINE('',#2824,#2825);
#2824 = CARTESIAN_POINT('',(49.120190528383,44.977613349876,3.5));
#2825 = VECTOR('',#2826,1.);
#2826 = DIRECTION('',(0.866025403784,-0.5,0.));
#2827 = ORIENTED_EDGE('',*,*,#2828,.T.);
#2828 = EDGE_CURVE('',#2821,#2829,#2831,.T.);
#2829 = VERTEX_POINT('',#2830);
#2830 = CARTESIAN_POINT('',(65.75,31.623611625134,3.5));
#2831 = LINE('',#2832,#2833);
#2832 = CARTESIAN_POINT('',(65.75,17.561805812567,3.5));
#2833 = VECTOR('',#2834,1.);
#2834 = DIRECTION('',(0.,-1.,0.));
#2835 = ORIENTED_EDGE('',*,*,#2836,.T.);
#2836 = EDGE_CURVE('',#2829,#2837,#2839,.T.);
#2837 = VERTEX_POINT('',#2838);
#2838 = CARTESIAN_POINT('',(62.5,29.747223250267,3.5));
#2839 = LINE('',#2840,#2841);
#2840 = CARTESIAN_POINT('',(34.504809471617,13.58419246269,3.5));
#2841 = VECTOR('',#2842,1.);
#2842 = DIRECTION('',(-0.866025403784,-0.5,0.));
#2843 = ORIENTED_EDGE('',*,*,#2844,.T.);
#2844 = EDGE_CURVE('',#2837,#2845,#2847,.T.);
#2845 = VERTEX_POINT('',#2846);
#2846 = CARTESIAN_POINT('',(59.25,31.623611625134,3.5));
#2847 = LINE('',#2848,#2849);
#2848 = CARTESIAN_POINT('',(44.245190528383,40.286642412711,3.5));
#2849 = VECTOR('',#2850,1.);
#2850 = DIRECTION('',(-0.866025403784,0.5,0.));
#2851 = ORIENTED_EDGE('',*,*,#2852,.T.);
#2852 = EDGE_CURVE('',#2845,#2811,#2853,.T.);
#2853 = LINE('',#2854,#2855);
#2854 = CARTESIAN_POINT('',(59.25,19.438194187433,3.5));
#2855 = VECTOR('',#2856,1.);
#2856 = DIRECTION('',(-0.,1.,0.));
#2857 = FACE_BOUND('',#2858,.T.);
#2858 = EDGE_LOOP('',(#2859,#2869,#2877,#2885,#2893,#2901));
#2859 = ORIENTED_EDGE('',*,*,#2860,.T.);
#2860 = EDGE_CURVE('',#2861,#2863,#2865,.T.);
#2861 = VERTEX_POINT('',#2862);
#2862 = CARTESIAN_POINT('',(68.25,35.376388374866,3.5));
#2863 = VERTEX_POINT('',#2864);
#2864 = CARTESIAN_POINT('',(71.5,37.252776749733,3.5));
#2865 = LINE('',#2866,#2867);
#2866 = CARTESIAN_POINT('',(38.504809471617,18.202994616207,3.5));
#2867 = VECTOR('',#2868,1.);
#2868 = DIRECTION('',(0.866025403784,0.5,-0.));
#2869 = ORIENTED_EDGE('',*,*,#2870,.T.);
#2870 = EDGE_CURVE('',#2863,#2871,#2873,.T.);
#2871 = VERTEX_POINT('',#2872);
#2872 = CARTESIAN_POINT('',(74.75,35.376388374866,3.5));
#2873 = LINE('',#2874,#2875);
#2874 = CARTESIAN_POINT('',(54.745190528383,46.926170508391,3.5));
#2875 = VECTOR('',#2876,1.);
#2876 = DIRECTION('',(0.866025403784,-0.5,0.));
#2877 = ORIENTED_EDGE('',*,*,#2878,.T.);
#2878 = EDGE_CURVE('',#2871,#2879,#2881,.T.);
#2879 = VERTEX_POINT('',#2880);
#2880 = CARTESIAN_POINT('',(74.75,31.623611625134,3.5));
#2881 = LINE('',#2882,#2883);
#2882 = CARTESIAN_POINT('',(74.75,17.561805812567,3.5));
#2883 = VECTOR('',#2884,1.);
#2884 = DIRECTION('',(0.,-1.,0.));
#2885 = ORIENTED_EDGE('',*,*,#2886,.T.);
#2886 = EDGE_CURVE('',#2879,#2887,#2889,.T.);
#2887 = VERTEX_POINT('',#2888);
#2888 = CARTESIAN_POINT('',(71.5,29.747223250267,3.5));
#2889 = LINE('',#2890,#2891);
#2890 = CARTESIAN_POINT('',(40.129809471617,11.635635304175,3.5));
#2891 = VECTOR('',#2892,1.);
#2892 = DIRECTION('',(-0.866025403784,-0.5,0.));
#2893 = ORIENTED_EDGE('',*,*,#2894,.T.);
#2894 = EDGE_CURVE('',#2887,#2895,#2897,.T.);
#2895 = VERTEX_POINT('',#2896);
#2896 = CARTESIAN_POINT('',(68.25,31.623611625134,3.5));
#2897 = LINE('',#2898,#2899);
#2898 = CARTESIAN_POINT('',(49.870190528383,42.235199571226,3.5));
#2899 = VECTOR('',#2900,1.);
#2900 = DIRECTION('',(-0.866025403784,0.5,0.));
#2901 = ORIENTED_EDGE('',*,*,#2902,.T.);
#2902 = EDGE_CURVE('',#2895,#2861,#2903,.T.);
#2903 = LINE('',#2904,#2905);
#2904 = CARTESIAN_POINT('',(68.25,19.438194187433,3.5));
#2905 = VECTOR('',#2906,1.);
#2906 = DIRECTION('',(-0.,1.,0.));
#2907 = FACE_BOUND('',#2908,.T.);
#2908 = EDGE_LOOP('',(#2909,#2919,#2927,#2935,#2943,#2951));
#2909 = ORIENTED_EDGE('',*,*,#2910,.T.);
#2910 = EDGE_CURVE('',#2911,#2913,#2915,.T.);
#2911 = VERTEX_POINT('',#2912);
#2912 = CARTESIAN_POINT('',(77.25,35.376388374866,3.5));
#2913 = VERTEX_POINT('',#2914);
#2914 = CARTESIAN_POINT('',(80.5,37.252776749733,3.5));
#2915 = LINE('',#2916,#2917);
#2916 = CARTESIAN_POINT('',(44.129809471617,16.254437457692,3.5));
#2917 = VECTOR('',#2918,1.);
#2918 = DIRECTION('',(0.866025403784,0.5,-0.));
#2919 = ORIENTED_EDGE('',*,*,#2920,.T.);
#2920 = EDGE_CURVE('',#2913,#2921,#2923,.T.);
#2921 = VERTEX_POINT('',#2922);
#2922 = CARTESIAN_POINT('',(83.75,35.376388374866,3.5));
#2923 = LINE('',#2924,#2925);
#2924 = CARTESIAN_POINT('',(60.370190528383,48.874727666906,3.5));
#2925 = VECTOR('',#2926,1.);
#2926 = DIRECTION('',(0.866025403784,-0.5,0.));
#2927 = ORIENTED_EDGE('',*,*,#2928,.T.);
#2928 = EDGE_CURVE('',#2921,#2929,#2931,.T.);
#2929 = VERTEX_POINT('',#2930);
#2930 = CARTESIAN_POINT('',(83.75,31.623611625134,3.5));
#2931 = LINE('',#2932,#2933);
#2932 = CARTESIAN_POINT('',(83.75,17.561805812567,3.5));
#2933 = VECTOR('',#2934,1.);
#2934 = DIRECTION('',(0.,-1.,0.));
#2935 = ORIENTED_EDGE('',*,*,#2936,.T.);
#2936 = EDGE_CURVE('',#2929,#2937,#2939,.T.);
#2937 = VERTEX_POINT('',#2938);
#2938 = CARTESIAN_POINT('',(80.5,29.747223250267,3.5));
#2939 = LINE('',#2940,#2941);
#2940 = CARTESIAN_POINT('',(45.754809471617,9.687078145661,3.5));
#2941 = VECTOR('',#2942,1.);
#2942 = DIRECTION('',(-0.866025403784,-0.5,0.));
#2943 = ORIENTED_EDGE('',*,*,#2944,.T.);
#2944 = EDGE_CURVE('',#2937,#2945,#2947,.T.);
#2945 = VERTEX_POINT('',#2946);
#2946 = CARTESIAN_POINT('',(77.25,31.623611625134,3.5));
#2947 = LINE('',#2948,#2949);
#2948 = CARTESIAN_POINT('',(55.495190528383,44.183756729741,3.5));
#2949 = VECTOR('',#2950,1.);
#2950 = DIRECTION('',(-0.866025403784,0.5,0.));
#2951 = ORIENTED_EDGE('',*,*,#2952,.T.);
#2952 = EDGE_CURVE('',#2945,#2911,#2953,.T.);
#2953 = LINE('',#2954,#2955);
#2954 = CARTESIAN_POINT('',(77.25,19.438194187433,3.5));
#2955 = VECTOR('',#2956,1.);
#2956 = DIRECTION('',(-0.,1.,0.));
#2957 = FACE_BOUND('',#2958,.T.);
#2958 = EDGE_LOOP('',(#2959,#2969,#2977,#2985,#2993,#3001));
#2959 = ORIENTED_EDGE('',*,*,#2960,.T.);
#2960 = EDGE_CURVE('',#2961,#2963,#2965,.T.);
#2961 = VERTEX_POINT('',#2962);
#2962 = CARTESIAN_POINT('',(19.25,43.376388374866,3.5));
#2963 = VERTEX_POINT('',#2964);
#2964 = CARTESIAN_POINT('',(22.5,45.252776749733,3.5));
#2965 = LINE('',#2966,#2967);
#2966 = CARTESIAN_POINT('',(6.147758664048,35.811805812567,3.5));
#2967 = VECTOR('',#2968,1.);
#2968 = DIRECTION('',(0.866025403784,0.5,-0.));
#2969 = ORIENTED_EDGE('',*,*,#2970,.T.);
#2970 = EDGE_CURVE('',#2963,#2971,#2973,.T.);
#2971 = VERTEX_POINT('',#2972);
#2972 = CARTESIAN_POINT('',(25.75,43.376388374866,3.5));
#2973 = LINE('',#2974,#2975);
#2974 = CARTESIAN_POINT('',(25.852241335952,43.317359312032,3.5));
#2975 = VECTOR('',#2976,1.);
#2976 = DIRECTION('',(0.866025403784,-0.5,0.));
#2977 = ORIENTED_EDGE('',*,*,#2978,.T.);
#2978 = EDGE_CURVE('',#2971,#2979,#2981,.T.);
#2979 = VERTEX_POINT('',#2980);
#2980 = CARTESIAN_POINT('',(25.75,39.623611625134,3.5));
#2981 = LINE('',#2982,#2983);
#2982 = CARTESIAN_POINT('',(25.75,21.561805812567,3.5));
#2983 = VECTOR('',#2984,1.);
#2984 = DIRECTION('',(0.,-1.,0.));
#2985 = ORIENTED_EDGE('',*,*,#2986,.T.);
#2986 = EDGE_CURVE('',#2979,#2987,#2989,.T.);
#2987 = VERTEX_POINT('',#2988);
#2988 = CARTESIAN_POINT('',(22.5,37.747223250267,3.5));
#2989 = LINE('',#2990,#2991);
#2990 = CARTESIAN_POINT('',(7.772758664048,29.244446500535,3.5));
#2991 = VECTOR('',#2992,1.);
#2992 = DIRECTION('',(-0.866025403784,-0.5,0.));
#2993 = ORIENTED_EDGE('',*,*,#2994,.T.);
#2994 = EDGE_CURVE('',#2987,#2995,#2997,.T.);
#2995 = VERTEX_POINT('',#2996);
#2996 = CARTESIAN_POINT('',(19.25,39.623611625134,3.5));
#2997 = LINE('',#2998,#2999);
#2998 = CARTESIAN_POINT('',(20.977241335952,38.626388374866,3.5));
#2999 = VECTOR('',#3000,1.);
#3000 = DIRECTION('',(-0.866025403784,0.5,0.));
#3001 = ORIENTED_EDGE('',*,*,#3002,.T.);
#3002 = EDGE_CURVE('',#2995,#2961,#3003,.T.);
#3003 = LINE('',#3004,#3005);
#3004 = CARTESIAN_POINT('',(19.25,23.438194187433,3.5));
#3005 = VECTOR('',#3006,1.);
#3006 = DIRECTION('',(-0.,1.,0.));
#3007 = FACE_BOUND('',#3008,.T.);
#3008 = EDGE_LOOP('',(#3009,#3019,#3027,#3035,#3043,#3051));
#3009 = ORIENTED_EDGE('',*,*,#3010,.T.);
#3010 = EDGE_CURVE('',#3011,#3013,#3015,.T.);
#3011 = VERTEX_POINT('',#3012);
#3012 = CARTESIAN_POINT('',(28.25,43.376388374866,3.5));
#3013 = VERTEX_POINT('',#3014);
#3014 = CARTESIAN_POINT('',(31.5,45.252776749733,3.5));
#3015 = LINE('',#3016,#3017);
#3016 = CARTESIAN_POINT('',(11.772758664048,33.863248654052,3.5));
#3017 = VECTOR('',#3018,1.);
#3018 = DIRECTION('',(0.866025403784,0.5,-0.));
#3019 = ORIENTED_EDGE('',*,*,#3020,.T.);
#3020 = EDGE_CURVE('',#3013,#3021,#3023,.T.);
#3021 = VERTEX_POINT('',#3022);
#3022 = CARTESIAN_POINT('',(34.75,43.376388374866,3.5));
#3023 = LINE('',#3024,#3025);
#3024 = CARTESIAN_POINT('',(31.477241335952,45.265916470547,3.5));
#3025 = VECTOR('',#3026,1.);
#3026 = DIRECTION('',(0.866025403784,-0.5,0.));
#3027 = ORIENTED_EDGE('',*,*,#3028,.T.);
#3028 = EDGE_CURVE('',#3021,#3029,#3031,.T.);
#3029 = VERTEX_POINT('',#3030);
#3030 = CARTESIAN_POINT('',(34.75,39.623611625134,3.5));
#3031 = LINE('',#3032,#3033);
#3032 = CARTESIAN_POINT('',(34.75,21.561805812567,3.5));
#3033 = VECTOR('',#3034,1.);
#3034 = DIRECTION('',(0.,-1.,0.));
#3035 = ORIENTED_EDGE('',*,*,#3036,.T.);
#3036 = EDGE_CURVE('',#3029,#3037,#3039,.T.);
#3037 = VERTEX_POINT('',#3038);
#3038 = CARTESIAN_POINT('',(31.5,37.747223250267,3.5));
#3039 = LINE('',#3040,#3041);
#3040 = CARTESIAN_POINT('',(13.397758664048,27.29588934202,3.5));
#3041 = VECTOR('',#3042,1.);
#3042 = DIRECTION('',(-0.866025403784,-0.5,0.));
#3043 = ORIENTED_EDGE('',*,*,#3044,.T.);
#3044 = EDGE_CURVE('',#3037,#3045,#3047,.T.);
#3045 = VERTEX_POINT('',#3046);
#3046 = CARTESIAN_POINT('',(28.25,39.623611625134,3.5));
#3047 = LINE('',#3048,#3049);
#3048 = CARTESIAN_POINT('',(26.602241335952,40.574945533381,3.5));
#3049 = VECTOR('',#3050,1.);
#3050 = DIRECTION('',(-0.866025403784,0.5,0.));
#3051 = ORIENTED_EDGE('',*,*,#3052,.T.);
#3052 = EDGE_CURVE('',#3045,#3011,#3053,.T.);
#3053 = LINE('',#3054,#3055);
#3054 = CARTESIAN_POINT('',(28.25,23.438194187433,3.5));
#3055 = VECTOR('',#3056,1.);
#3056 = DIRECTION('',(-0.,1.,0.));
#3057 = FACE_BOUND('',#3058,.T.);
#3058 = EDGE_LOOP('',(#3059,#3069,#3077,#3085,#3093,#3101));
#3059 = ORIENTED_EDGE('',*,*,#3060,.T.);
#3060 = EDGE_CURVE('',#3061,#3063,#3065,.T.);
#3061 = VERTEX_POINT('',#3062);
#3062 = CARTESIAN_POINT('',(37.25,43.376388374866,3.5));
#3063 = VERTEX_POINT('',#3064);
#3064 = CARTESIAN_POINT('',(40.5,45.252776749733,3.5));
#3065 = LINE('',#3066,#3067);
#3066 = CARTESIAN_POINT('',(17.397758664048,31.914691495537,3.5));
#3067 = VECTOR('',#3068,1.);
#3068 = DIRECTION('',(0.866025403784,0.5,-0.));
#3069 = ORIENTED_EDGE('',*,*,#3070,.T.);
#3070 = EDGE_CURVE('',#3063,#3071,#3073,.T.);
#3071 = VERTEX_POINT('',#3072);
#3072 = CARTESIAN_POINT('',(43.75,43.376388374866,3.5));
#3073 = LINE('',#3074,#3075);
#3074 = CARTESIAN_POINT('',(37.102241335952,47.214473629062,3.5));
#3075 = VECTOR('',#3076,1.);
#3076 = DIRECTION('',(0.866025403784,-0.5,0.));
#3077 = ORIENTED_EDGE('',*,*,#3078,.T.);
#3078 = EDGE_CURVE('',#3071,#3079,#3081,.T.);
#3079 = VERTEX_POINT('',#3080);
#3080 = CARTESIAN_POINT('',(43.75,39.623611625134,3.5));
#3081 = LINE('',#3082,#3083);
#3082 = CARTESIAN_POINT('',(43.75,21.561805812567,3.5));
#3083 = VECTOR('',#3084,1.);
#3084 = DIRECTION('',(0.,-1.,0.));
#3085 = ORIENTED_EDGE('',*,*,#3086,.T.);
#3086 = EDGE_CURVE('',#3079,#3087,#3089,.T.);
#3087 = VERTEX_POINT('',#3088);
#3088 = CARTESIAN_POINT('',(40.5,37.747223250267,3.5));
#3089 = LINE('',#3090,#3091);
#3090 = CARTESIAN_POINT('',(19.022758664048,25.347332183505,3.5));
#3091 = VECTOR('',#3092,1.);
#3092 = DIRECTION('',(-0.866025403784,-0.5,0.));
#3093 = ORIENTED_EDGE('',*,*,#3094,.T.);
#3094 = EDGE_CURVE('',#3087,#3095,#3097,.T.);
#3095 = VERTEX_POINT('',#3096);
#3096 = CARTESIAN_POINT('',(37.25,39.623611625134,3.5));
#3097 = LINE('',#3098,#3099);
#3098 = CARTESIAN_POINT('',(32.227241335952,42.523502691896,3.5));
#3099 = VECTOR('',#3100,1.);
#3100 = DIRECTION('',(-0.866025403784,0.5,0.));
#3101 = ORIENTED_EDGE('',*,*,#3102,.T.);
#3102 = EDGE_CURVE('',#3095,#3061,#3103,.T.);
#3103 = LINE('',#3104,#3105);
#3104 = CARTESIAN_POINT('',(37.25,23.438194187433,3.5));
#3105 = VECTOR('',#3106,1.);
#3106 = DIRECTION('',(-0.,1.,0.));
#3107 = FACE_BOUND('',#3108,.T.);
#3108 = EDGE_LOOP('',(#3109,#3119,#3127,#3135,#3143,#3151));
#3109 = ORIENTED_EDGE('',*,*,#3110,.T.);
#3110 = EDGE_CURVE('',#3111,#3113,#3115,.T.);
#3111 = VERTEX_POINT('',#3112);
#3112 = CARTESIAN_POINT('',(46.25,43.376388374866,3.5));
#3113 = VERTEX_POINT('',#3114);
#3114 = CARTESIAN_POINT('',(49.5,45.252776749733,3.5));
#3115 = LINE('',#3116,#3117);
#3116 = CARTESIAN_POINT('',(23.022758664048,29.966134337022,3.5));
#3117 = VECTOR('',#3118,1.);
#3118 = DIRECTION('',(0.866025403784,0.5,-0.));
#3119 = ORIENTED_EDGE('',*,*,#3120,.T.);
#3120 = EDGE_CURVE('',#3113,#3121,#3123,.T.);
#3121 = VERTEX_POINT('',#3122);
#3122 = CARTESIAN_POINT('',(52.75,43.376388374866,3.5));
#3123 = LINE('',#3124,#3125);
#3124 = CARTESIAN_POINT('',(42.727241335952,49.163030787577,3.5));
#3125 = VECTOR('',#3126,1.);
#3126 = DIRECTION('',(0.866025403784,-0.5,0.));
#3127 = ORIENTED_EDGE('',*,*,#3128,.T.);
#3128 = EDGE_CURVE('',#3121,#3129,#3131,.T.);
#3129 = VERTEX_POINT('',#3130);
#3130 = CARTESIAN_POINT('',(52.75,39.623611625134,3.5));
#3131 = LINE('',#3132,#3133);
#3132 = CARTESIAN_POINT('',(52.75,21.561805812567,3.5));
#3133 = VECTOR('',#3134,1.);
#3134 = DIRECTION('',(0.,-1.,0.));
#3135 = ORIENTED_EDGE('',*,*,#3136,.T.);
#3136 = EDGE_CURVE('',#3129,#3137,#3139,.T.);
#3137 = VERTEX_POINT('',#3138);
#3138 = CARTESIAN_POINT('',(49.5,37.747223250267,3.5));
#3139 = LINE('',#3140,#3141);
#3140 = CARTESIAN_POINT('',(24.647758664048,23.39877502499,3.5));
#3141 = VECTOR('',#3142,1.);
#3142 = DIRECTION('',(-0.866025403784,-0.5,0.));
#3143 = ORIENTED_EDGE('',*,*,#3144,.T.);
#3144 = EDGE_CURVE('',#3137,#3145,#3147,.T.);
#3145 = VERTEX_POINT('',#3146);
#3146 = CARTESIAN_POINT('',(46.25,39.623611625134,3.5));
#3147 = LINE('',#3148,#3149);
#3148 = CARTESIAN_POINT('',(37.852241335952,44.472059850411,3.5));
#3149 = VECTOR('',#3150,1.);
#3150 = DIRECTION('',(-0.866025403784,0.5,0.));
#3151 = ORIENTED_EDGE('',*,*,#3152,.T.);
#3152 = EDGE_CURVE('',#3145,#3111,#3153,.T.);
#3153 = LINE('',#3154,#3155);
#3154 = CARTESIAN_POINT('',(46.25,23.438194187433,3.5));
#3155 = VECTOR('',#3156,1.);
#3156 = DIRECTION('',(-0.,1.,0.));
#3157 = FACE_BOUND('',#3158,.T.);
#3158 = EDGE_LOOP('',(#3159,#3169,#3177,#3185,#3193,#3201));
#3159 = ORIENTED_EDGE('',*,*,#3160,.T.);
#3160 = EDGE_CURVE('',#3161,#3163,#3165,.T.);
#3161 = VERTEX_POINT('',#3162);
#3162 = CARTESIAN_POINT('',(55.25,43.376388374866,3.5));
#3163 = VERTEX_POINT('',#3164);
#3164 = CARTESIAN_POINT('',(58.5,45.252776749733,3.5));
#3165 = LINE('',#3166,#3167);
#3166 = CARTESIAN_POINT('',(28.647758664048,28.017577178507,3.5));
#3167 = VECTOR('',#3168,1.);
#3168 = DIRECTION('',(0.866025403784,0.5,-0.));
#3169 = ORIENTED_EDGE('',*,*,#3170,.T.);
#3170 = EDGE_CURVE('',#3163,#3171,#3173,.T.);
#3171 = VERTEX_POINT('',#3172);
#3172 = CARTESIAN_POINT('',(61.75,43.376388374866,3.5));
#3173 = LINE('',#3174,#3175);
#3174 = CARTESIAN_POINT('',(48.352241335952,51.111587946092,3.5));
#3175 = VECTOR('',#3176,1.);
#3176 = DIRECTION('',(0.866025403784,-0.5,0.));
#3177 = ORIENTED_EDGE('',*,*,#3178,.T.);
#3178 = EDGE_CURVE('',#3171,#3179,#3181,.T.);
#3179 = VERTEX_POINT('',#3180);
#3180 = CARTESIAN_POINT('',(61.75,39.623611625134,3.5));
#3181 = LINE('',#3182,#3183);
#3182 = CARTESIAN_POINT('',(61.75,21.561805812567,3.5));
#3183 = VECTOR('',#3184,1.);
#3184 = DIRECTION('',(0.,-1.,0.));
#3185 = ORIENTED_EDGE('',*,*,#3186,.T.);
#3186 = EDGE_CURVE('',#3179,#3187,#3189,.T.);
#3187 = VERTEX_POINT('',#3188);
#3188 = CARTESIAN_POINT('',(58.5,37.747223250267,3.5));
#3189 = LINE('',#3190,#3191);
#3190 = CARTESIAN_POINT('',(30.272758664048,21.450217866475,3.5));
#3191 = VECTOR('',#3192,1.);
#3192 = DIRECTION('',(-0.866025403784,-0.5,0.));
#3193 = ORIENTED_EDGE('',*,*,#3194,.T.);
#3194 = EDGE_CURVE('',#3187,#3195,#3197,.T.);
#3195 = VERTEX_POINT('',#3196);
#3196 = CARTESIAN_POINT('',(55.25,39.623611625134,3.5));
#3197 = LINE('',#3198,#3199);
#3198 = CARTESIAN_POINT('',(43.477241335952,46.420617008926,3.5));
#3199 = VECTOR('',#3200,1.);
#3200 = DIRECTION('',(-0.866025403784,0.5,0.));
#3201 = ORIENTED_EDGE('',*,*,#3202,.T.);
#3202 = EDGE_CURVE('',#3195,#3161,#3203,.T.);
#3203 = LINE('',#3204,#3205);
#3204 = CARTESIAN_POINT('',(55.25,23.438194187433,3.5));
#3205 = VECTOR('',#3206,1.);
#3206 = DIRECTION('',(-0.,1.,0.));
#3207 = FACE_BOUND('',#3208,.T.);
#3208 = EDGE_LOOP('',(#3209,#3219,#3227,#3235,#3243,#3251));
#3209 = ORIENTED_EDGE('',*,*,#3210,.T.);
#3210 = EDGE_CURVE('',#3211,#3213,#3215,.T.);
#3211 = VERTEX_POINT('',#3212);
#3212 = CARTESIAN_POINT('',(64.25,43.376388374866,3.5));
#3213 = VERTEX_POINT('',#3214);
#3214 = CARTESIAN_POINT('',(67.5,45.252776749733,3.5));
#3215 = LINE('',#3216,#3217);
#3216 = CARTESIAN_POINT('',(34.272758664048,26.069020019992,3.5));
#3217 = VECTOR('',#3218,1.);
#3218 = DIRECTION('',(0.866025403784,0.5,-0.));
#3219 = ORIENTED_EDGE('',*,*,#3220,.T.);
#3220 = EDGE_CURVE('',#3213,#3221,#3223,.T.);
#3221 = VERTEX_POINT('',#3222);
#3222 = CARTESIAN_POINT('',(70.75,43.376388374866,3.5));
#3223 = LINE('',#3224,#3225);
#3224 = CARTESIAN_POINT('',(53.977241335952,53.060145104607,3.5));
#3225 = VECTOR('',#3226,1.);
#3226 = DIRECTION('',(0.866025403784,-0.5,0.));
#3227 = ORIENTED_EDGE('',*,*,#3228,.T.);
#3228 = EDGE_CURVE('',#3221,#3229,#3231,.T.);
#3229 = VERTEX_POINT('',#3230);
#3230 = CARTESIAN_POINT('',(70.75,39.623611625134,3.5));
#3231 = LINE('',#3232,#3233);
#3232 = CARTESIAN_POINT('',(70.75,21.561805812567,3.5));
#3233 = VECTOR('',#3234,1.);
#3234 = DIRECTION('',(0.,-1.,0.));
#3235 = ORIENTED_EDGE('',*,*,#3236,.T.);
#3236 = EDGE_CURVE('',#3229,#3237,#3239,.T.);
#3237 = VERTEX_POINT('',#3238);
#3238 = CARTESIAN_POINT('',(67.5,37.747223250267,3.5));
#3239 = LINE('',#3240,#3241);
#3240 = CARTESIAN_POINT('',(35.897758664048,19.50166070796,3.5));
#3241 = VECTOR('',#3242,1.);
#3242 = DIRECTION('',(-0.866025403784,-0.5,0.));
#3243 = ORIENTED_EDGE('',*,*,#3244,.T.);
#3244 = EDGE_CURVE('',#3237,#3245,#3247,.T.);
#3245 = VERTEX_POINT('',#3246);
#3246 = CARTESIAN_POINT('',(64.25,39.623611625134,3.5));
#3247 = LINE('',#3248,#3249);
#3248 = CARTESIAN_POINT('',(49.102241335952,48.369174167441,3.5));
#3249 = VECTOR('',#3250,1.);
#3250 = DIRECTION('',(-0.866025403784,0.5,0.));
#3251 = ORIENTED_EDGE('',*,*,#3252,.T.);
#3252 = EDGE_CURVE('',#3245,#3211,#3253,.T.);
#3253 = LINE('',#3254,#3255);
#3254 = CARTESIAN_POINT('',(64.25,23.438194187433,3.5));
#3255 = VECTOR('',#3256,1.);
#3256 = DIRECTION('',(-0.,1.,0.));
#3257 = FACE_BOUND('',#3258,.T.);
#3258 = EDGE_LOOP('',(#3259,#3269,#3277,#3285,#3293,#3301));
#3259 = ORIENTED_EDGE('',*,*,#3260,.T.);
#3260 = EDGE_CURVE('',#3261,#3263,#3265,.T.);
#3261 = VERTEX_POINT('',#3262);
#3262 = CARTESIAN_POINT('',(73.25,43.376388374866,3.5));
#3263 = VERTEX_POINT('',#3264);
#3264 = CARTESIAN_POINT('',(76.5,45.252776749733,3.5));
#3265 = LINE('',#3266,#3267);
#3266 = CARTESIAN_POINT('',(39.897758664048,24.120462861477,3.5));
#3267 = VECTOR('',#3268,1.);
#3268 = DIRECTION('',(0.866025403784,0.5,-0.));
#3269 = ORIENTED_EDGE('',*,*,#3270,.T.);
#3270 = EDGE_CURVE('',#3263,#3271,#3273,.T.);
#3271 = VERTEX_POINT('',#3272);
#3272 = CARTESIAN_POINT('',(79.75,43.376388374866,3.5));
#3273 = LINE('',#3274,#3275);
#3274 = CARTESIAN_POINT('',(59.602241335952,55.008702263122,3.5));
#3275 = VECTOR('',#3276,1.);
#3276 = DIRECTION('',(0.866025403784,-0.5,0.));
#3277 = ORIENTED_EDGE('',*,*,#3278,.T.);
#3278 = EDGE_CURVE('',#3271,#3279,#3281,.T.);
#3279 = VERTEX_POINT('',#3280);
#3280 = CARTESIAN_POINT('',(79.75,39.623611625134,3.5));
#3281 = LINE('',#3282,#3283);
#3282 = CARTESIAN_POINT('',(79.75,21.561805812567,3.5));
#3283 = VECTOR('',#3284,1.);
#3284 = DIRECTION('',(0.,-1.,0.));
#3285 = ORIENTED_EDGE('',*,*,#3286,.T.);
#3286 = EDGE_CURVE('',#3279,#3287,#3289,.T.);
#3287 = VERTEX_POINT('',#3288);
#3288 = CARTESIAN_POINT('',(76.5,37.747223250267,3.5));
#3289 = LINE('',#3290,#3291);
#3290 = CARTESIAN_POINT('',(41.522758664048,17.553103549445,3.5));
#3291 = VECTOR('',#3292,1.);
#3292 = DIRECTION('',(-0.866025403784,-0.5,0.));
#3293 = ORIENTED_EDGE('',*,*,#3294,.T.);
#3294 = EDGE_CURVE('',#3287,#3295,#3297,.T.);
#3295 = VERTEX_POINT('',#3296);
#3296 = CARTESIAN_POINT('',(73.25,39.623611625134,3.5));
#3297 = LINE('',#3298,#3299);
#3298 = CARTESIAN_POINT('',(54.727241335952,50.317731325956,3.5));
#3299 = VECTOR('',#3300,1.);
#3300 = DIRECTION('',(-0.866025403784,0.5,0.));
#3301 = ORIENTED_EDGE('',*,*,#3302,.T.);
#3302 = EDGE_CURVE('',#3295,#3261,#3303,.T.);
#3303 = LINE('',#3304,#3305);
#3304 = CARTESIAN_POINT('',(73.25,23.438194187433,3.5));
#3305 = VECTOR('',#3306,1.);
#3306 = DIRECTION('',(-0.,1.,0.));
#3307 = PLANE('',#3308);
#3308 = AXIS2_PLACEMENT_3D('',#3309,#3310,#3311);
#3309 = CARTESIAN_POINT('',(3.,3.5,3.5));
#3310 = DIRECTION('',(0.,0.,1.));
#3311 = DIRECTION('',(1.,0.,-0.));
#3312 = ADVANCED_FACE('',(#3313),#3369,.T.);
#3313 = FACE_BOUND('',#3314,.T.);
#3314 = EDGE_LOOP('',(#3315,#3316,#3324,#3330,#3331,#3339,#3347,#3355,
    #3363));
#3315 = ORIENTED_EDGE('',*,*,#230,.F.);
#3316 = ORIENTED_EDGE('',*,*,#3317,.T.);
#3317 = EDGE_CURVE('',#223,#3318,#3320,.T.);
#3318 = VERTEX_POINT('',#3319);
#3319 = CARTESIAN_POINT('',(3.,50.5,1.5));
#3320 = LINE('',#3321,#3322);
#3321 = CARTESIAN_POINT('',(3.,48.5,1.5));
#3322 = VECTOR('',#3323,1.);
#3323 = DIRECTION('',(-0.,1.,0.));
#3324 = ORIENTED_EDGE('',*,*,#3325,.T.);
#3325 = EDGE_CURVE('',#3318,#1853,#3326,.T.);
#3326 = LINE('',#3327,#3328);
#3327 = CARTESIAN_POINT('',(3.,50.5,1.5));
#3328 = VECTOR('',#3329,1.);
#3329 = DIRECTION('',(0.,0.,1.));
#3330 = ORIENTED_EDGE('',*,*,#1852,.F.);
#3331 = ORIENTED_EDGE('',*,*,#3332,.T.);
#3332 = EDGE_CURVE('',#1845,#3333,#3335,.T.);
#3333 = VERTEX_POINT('',#3334);
#3334 = CARTESIAN_POINT('',(3.,48.5,109.));
#3335 = LINE('',#3336,#3337);
#3336 = CARTESIAN_POINT('',(3.,48.5,1.75));
#3337 = VECTOR('',#3338,1.);
#3338 = DIRECTION('',(-0.,0.,-1.));
#3339 = ORIENTED_EDGE('',*,*,#3340,.T.);
#3340 = EDGE_CURVE('',#3333,#3341,#3343,.T.);
#3341 = VERTEX_POINT('',#3342);
#3342 = CARTESIAN_POINT('',(3.,48.5,101.));
#3343 = LINE('',#3344,#3345);
#3344 = CARTESIAN_POINT('',(3.,48.5,1.75));
#3345 = VECTOR('',#3346,1.);
#3346 = DIRECTION('',(-0.,0.,-1.));
#3347 = ORIENTED_EDGE('',*,*,#3348,.T.);
#3348 = EDGE_CURVE('',#3341,#3349,#3351,.T.);
#3349 = VERTEX_POINT('',#3350);
#3350 = CARTESIAN_POINT('',(3.,48.5,24.));
#3351 = LINE('',#3352,#3353);
#3352 = CARTESIAN_POINT('',(3.,48.5,1.75));
#3353 = VECTOR('',#3354,1.);
#3354 = DIRECTION('',(-0.,0.,-1.));
#3355 = ORIENTED_EDGE('',*,*,#3356,.T.);
#3356 = EDGE_CURVE('',#3349,#3357,#3359,.T.);
#3357 = VERTEX_POINT('',#3358);
#3358 = CARTESIAN_POINT('',(3.,48.5,16.));
#3359 = LINE('',#3360,#3361);
#3360 = CARTESIAN_POINT('',(3.,48.5,1.75));
#3361 = VECTOR('',#3362,1.);
#3362 = DIRECTION('',(-0.,0.,-1.));
#3363 = ORIENTED_EDGE('',*,*,#3364,.T.);
#3364 = EDGE_CURVE('',#3357,#157,#3365,.T.);
#3365 = LINE('',#3366,#3367);
#3366 = CARTESIAN_POINT('',(3.,48.5,1.75));
#3367 = VECTOR('',#3368,1.);
#3368 = DIRECTION('',(-0.,0.,-1.));
#3369 = PLANE('',#3370);
#3370 = AXIS2_PLACEMENT_3D('',#3371,#3372,#3373);
#3371 = CARTESIAN_POINT('',(3.,48.5,1.5));
#3372 = DIRECTION('',(1.,0.,-0.));
#3373 = DIRECTION('',(0.,0.,1.));
#3374 = ADVANCED_FACE('',(#3375),#3393,.F.);
#3375 = FACE_BOUND('',#3376,.F.);
#3376 = EDGE_LOOP('',(#3377,#3385,#3386,#3387));
#3377 = ORIENTED_EDGE('',*,*,#3378,.F.);
#3378 = EDGE_CURVE('',#215,#3379,#3381,.T.);
#3379 = VERTEX_POINT('',#3380);
#3380 = CARTESIAN_POINT('',(1.5,50.5,1.5));
#3381 = LINE('',#3382,#3383);
#3382 = CARTESIAN_POINT('',(1.5,48.5,1.5));
#3383 = VECTOR('',#3384,1.);
#3384 = DIRECTION('',(-0.,1.,0.));
#3385 = ORIENTED_EDGE('',*,*,#222,.T.);
#3386 = ORIENTED_EDGE('',*,*,#3317,.T.);
#3387 = ORIENTED_EDGE('',*,*,#3388,.F.);
#3388 = EDGE_CURVE('',#3379,#3318,#3389,.T.);
#3389 = LINE('',#3390,#3391);
#3390 = CARTESIAN_POINT('',(1.5,50.5,1.5));
#3391 = VECTOR('',#3392,1.);
#3392 = DIRECTION('',(1.,0.,-0.));
#3393 = PLANE('',#3394);
#3394 = AXIS2_PLACEMENT_3D('',#3395,#3396,#3397);
#3395 = CARTESIAN_POINT('',(1.5,48.5,1.5));
#3396 = DIRECTION('',(0.,0.,1.));
#3397 = DIRECTION('',(1.,0.,-0.));
#3398 = ADVANCED_FACE('',(#3399),#3410,.F.);
#3399 = FACE_BOUND('',#3400,.F.);
#3400 = EDGE_LOOP('',(#3401,#3402,#3403,#3409));
#3401 = ORIENTED_EDGE('',*,*,#214,.F.);
#3402 = ORIENTED_EDGE('',*,*,#3378,.T.);
#3403 = ORIENTED_EDGE('',*,*,#3404,.T.);
#3404 = EDGE_CURVE('',#3379,#1836,#3405,.T.);
#3405 = LINE('',#3406,#3407);
#3406 = CARTESIAN_POINT('',(1.5,50.5,1.5));
#3407 = VECTOR('',#3408,1.);
#3408 = DIRECTION('',(0.,0.,1.));
#3409 = ORIENTED_EDGE('',*,*,#1835,.F.);
#3410 = PLANE('',#3411);
#3411 = AXIS2_PLACEMENT_3D('',#3412,#3413,#3414);
#3412 = CARTESIAN_POINT('',(1.5,48.5,1.5));
#3413 = DIRECTION('',(1.,0.,-0.));
#3414 = DIRECTION('',(0.,0.,1.));
#3415 = ADVANCED_FACE('',(#3416),#3441,.T.);
#3416 = FACE_BOUND('',#3417,.T.);
#3417 = EDGE_LOOP('',(#3418,#3419,#3427,#3435));
#3418 = ORIENTED_EDGE('',*,*,#182,.F.);
#3419 = ORIENTED_EDGE('',*,*,#3420,.T.);
#3420 = EDGE_CURVE('',#175,#3421,#3423,.T.);
#3421 = VERTEX_POINT('',#3422);
#3422 = CARTESIAN_POINT('',(184.5,50.5,1.5));
#3423 = LINE('',#3424,#3425);
#3424 = CARTESIAN_POINT('',(184.5,48.5,1.5));
#3425 = VECTOR('',#3426,1.);
#3426 = DIRECTION('',(-0.,1.,0.));
#3427 = ORIENTED_EDGE('',*,*,#3428,.T.);
#3428 = EDGE_CURVE('',#3421,#3429,#3431,.T.);
#3429 = VERTEX_POINT('',#3430);
#3430 = CARTESIAN_POINT('',(184.5,50.5,133.2));
#3431 = LINE('',#3432,#3433);
#3432 = CARTESIAN_POINT('',(184.5,50.5,1.5));
#3433 = VECTOR('',#3434,1.);
#3434 = DIRECTION('',(0.,0.,1.));
#3435 = ORIENTED_EDGE('',*,*,#3436,.F.);
#3436 = EDGE_CURVE('',#183,#3429,#3437,.T.);
#3437 = LINE('',#3438,#3439);
#3438 = CARTESIAN_POINT('',(184.5,48.5,133.2));
#3439 = VECTOR('',#3440,1.);
#3440 = DIRECTION('',(-0.,1.,0.));
#3441 = PLANE('',#3442);
#3442 = AXIS2_PLACEMENT_3D('',#3443,#3444,#3445);
#3443 = CARTESIAN_POINT('',(184.5,48.5,1.5));
#3444 = DIRECTION('',(1.,0.,-0.));
#3445 = DIRECTION('',(0.,0.,1.));
#3446 = ADVANCED_FACE('',(#3447),#3465,.F.);
#3447 = FACE_BOUND('',#3448,.F.);
#3448 = EDGE_LOOP('',(#3449,#3457,#3458,#3459));
#3449 = ORIENTED_EDGE('',*,*,#3450,.F.);
#3450 = EDGE_CURVE('',#167,#3451,#3453,.T.);
#3451 = VERTEX_POINT('',#3452);
#3452 = CARTESIAN_POINT('',(183.,50.5,1.5));
#3453 = LINE('',#3454,#3455);
#3454 = CARTESIAN_POINT('',(183.,48.5,1.5));
#3455 = VECTOR('',#3456,1.);
#3456 = DIRECTION('',(-0.,1.,0.));
#3457 = ORIENTED_EDGE('',*,*,#174,.T.);
#3458 = ORIENTED_EDGE('',*,*,#3420,.T.);
#3459 = ORIENTED_EDGE('',*,*,#3460,.F.);
#3460 = EDGE_CURVE('',#3451,#3421,#3461,.T.);
#3461 = LINE('',#3462,#3463);
#3462 = CARTESIAN_POINT('',(183.,50.5,1.5));
#3463 = VECTOR('',#3464,1.);
#3464 = DIRECTION('',(1.,0.,-0.));
#3465 = PLANE('',#3466);
#3466 = AXIS2_PLACEMENT_3D('',#3467,#3468,#3469);
#3467 = CARTESIAN_POINT('',(183.,48.5,1.5));
#3468 = DIRECTION('',(0.,0.,1.));
#3469 = DIRECTION('',(1.,0.,-0.));
#3470 = ADVANCED_FACE('',(#3471),#3529,.F.);
#3471 = FACE_BOUND('',#3472,.F.);
#3472 = EDGE_LOOP('',(#3473,#3474,#3475,#3483,#3491,#3499,#3507,#3515,
    #3523));
#3473 = ORIENTED_EDGE('',*,*,#166,.F.);
#3474 = ORIENTED_EDGE('',*,*,#3450,.T.);
#3475 = ORIENTED_EDGE('',*,*,#3476,.T.);
#3476 = EDGE_CURVE('',#3451,#3477,#3479,.T.);
#3477 = VERTEX_POINT('',#3478);
#3478 = CARTESIAN_POINT('',(183.,50.5,133.2));
#3479 = LINE('',#3480,#3481);
#3480 = CARTESIAN_POINT('',(183.,50.5,1.5));
#3481 = VECTOR('',#3482,1.);
#3482 = DIRECTION('',(0.,0.,1.));
#3483 = ORIENTED_EDGE('',*,*,#3484,.F.);
#3484 = EDGE_CURVE('',#3485,#3477,#3487,.T.);
#3485 = VERTEX_POINT('',#3486);
#3486 = CARTESIAN_POINT('',(183.,48.5,133.2));
#3487 = LINE('',#3488,#3489);
#3488 = CARTESIAN_POINT('',(183.,48.5,133.2));
#3489 = VECTOR('',#3490,1.);
#3490 = DIRECTION('',(-0.,1.,0.));
#3491 = ORIENTED_EDGE('',*,*,#3492,.T.);
#3492 = EDGE_CURVE('',#3485,#3493,#3495,.T.);
#3493 = VERTEX_POINT('',#3494);
#3494 = CARTESIAN_POINT('',(183.,48.5,109.));
#3495 = LINE('',#3496,#3497);
#3496 = CARTESIAN_POINT('',(183.,48.5,1.75));
#3497 = VECTOR('',#3498,1.);
#3498 = DIRECTION('',(-0.,0.,-1.));
#3499 = ORIENTED_EDGE('',*,*,#3500,.T.);
#3500 = EDGE_CURVE('',#3493,#3501,#3503,.T.);
#3501 = VERTEX_POINT('',#3502);
#3502 = CARTESIAN_POINT('',(183.,48.5,101.));
#3503 = LINE('',#3504,#3505);
#3504 = CARTESIAN_POINT('',(183.,48.5,1.75));
#3505 = VECTOR('',#3506,1.);
#3506 = DIRECTION('',(-0.,0.,-1.));
#3507 = ORIENTED_EDGE('',*,*,#3508,.T.);
#3508 = EDGE_CURVE('',#3501,#3509,#3511,.T.);
#3509 = VERTEX_POINT('',#3510);
#3510 = CARTESIAN_POINT('',(183.,48.5,24.));
#3511 = LINE('',#3512,#3513);
#3512 = CARTESIAN_POINT('',(183.,48.5,1.75));
#3513 = VECTOR('',#3514,1.);
#3514 = DIRECTION('',(-0.,0.,-1.));
#3515 = ORIENTED_EDGE('',*,*,#3516,.T.);
#3516 = EDGE_CURVE('',#3509,#3517,#3519,.T.);
#3517 = VERTEX_POINT('',#3518);
#3518 = CARTESIAN_POINT('',(183.,48.5,16.));
#3519 = LINE('',#3520,#3521);
#3520 = CARTESIAN_POINT('',(183.,48.5,1.75));
#3521 = VECTOR('',#3522,1.);
#3522 = DIRECTION('',(-0.,0.,-1.));
#3523 = ORIENTED_EDGE('',*,*,#3524,.T.);
#3524 = EDGE_CURVE('',#3517,#159,#3525,.T.);
#3525 = LINE('',#3526,#3527);
#3526 = CARTESIAN_POINT('',(183.,48.5,1.75));
#3527 = VECTOR('',#3528,1.);
#3528 = DIRECTION('',(-0.,0.,-1.));
#3529 = PLANE('',#3530);
#3530 = AXIS2_PLACEMENT_3D('',#3531,#3532,#3533);
#3531 = CARTESIAN_POINT('',(183.,48.5,1.5));
#3532 = DIRECTION('',(1.,0.,-0.));
#3533 = DIRECTION('',(0.,0.,1.));
#3534 = ADVANCED_FACE('',(#3535),#3551,.T.);
#3535 = FACE_BOUND('',#3536,.T.);
#3536 = EDGE_LOOP('',(#3537,#3538,#3544,#3545));
#3537 = ORIENTED_EDGE('',*,*,#255,.T.);
#3538 = ORIENTED_EDGE('',*,*,#3539,.T.);
#3539 = EDGE_CURVE('',#258,#1902,#3540,.T.);
#3540 = LINE('',#3541,#3542);
#3541 = CARTESIAN_POINT('',(26.5,21.252776749733,-2.));
#3542 = VECTOR('',#3543,1.);
#3543 = DIRECTION('',(0.,0.,1.));
#3544 = ORIENTED_EDGE('',*,*,#1899,.F.);
#3545 = ORIENTED_EDGE('',*,*,#3546,.F.);
#3546 = EDGE_CURVE('',#256,#1900,#3547,.T.);
#3547 = LINE('',#3548,#3549);
#3548 = CARTESIAN_POINT('',(23.25,19.376388374866,-2.));
#3549 = VECTOR('',#3550,1.);
#3550 = DIRECTION('',(0.,0.,1.));
#3551 = PLANE('',#3552);
#3552 = AXIS2_PLACEMENT_3D('',#3553,#3554,#3555);
#3553 = CARTESIAN_POINT('',(26.5,21.252776749733,-2.));
#3554 = DIRECTION('',(0.5,-0.866025403784,0.));
#3555 = DIRECTION('',(-0.866025403784,-0.5,0.));
#3556 = ADVANCED_FACE('',(#3557),#3568,.T.);
#3557 = FACE_BOUND('',#3558,.T.);
#3558 = EDGE_LOOP('',(#3559,#3560,#3561,#3562));
#3559 = ORIENTED_EDGE('',*,*,#297,.T.);
#3560 = ORIENTED_EDGE('',*,*,#3546,.T.);
#3561 = ORIENTED_EDGE('',*,*,#1941,.F.);
#3562 = ORIENTED_EDGE('',*,*,#3563,.F.);
#3563 = EDGE_CURVE('',#290,#1934,#3564,.T.);
#3564 = LINE('',#3565,#3566);
#3565 = CARTESIAN_POINT('',(23.25,15.623611625134,-2.));
#3566 = VECTOR('',#3567,1.);
#3567 = DIRECTION('',(0.,0.,1.));
#3568 = PLANE('',#3569);
#3569 = AXIS2_PLACEMENT_3D('',#3570,#3571,#3572);
#3570 = CARTESIAN_POINT('',(23.25,19.376388374866,-2.));
#3571 = DIRECTION('',(1.,0.,-0.));
#3572 = DIRECTION('',(0.,-1.,0.));
#3573 = ADVANCED_FACE('',(#3574),#3585,.T.);
#3574 = FACE_BOUND('',#3575,.T.);
#3575 = EDGE_LOOP('',(#3576,#3577,#3583,#3584));
#3576 = ORIENTED_EDGE('',*,*,#265,.T.);
#3577 = ORIENTED_EDGE('',*,*,#3578,.T.);
#3578 = EDGE_CURVE('',#266,#1910,#3579,.T.);
#3579 = LINE('',#3580,#3581);
#3580 = CARTESIAN_POINT('',(29.75,19.376388374866,-2.));
#3581 = VECTOR('',#3582,1.);
#3582 = DIRECTION('',(0.,0.,1.));
#3583 = ORIENTED_EDGE('',*,*,#1909,.F.);
#3584 = ORIENTED_EDGE('',*,*,#3539,.F.);
#3585 = PLANE('',#3586);
#3586 = AXIS2_PLACEMENT_3D('',#3587,#3588,#3589);
#3587 = CARTESIAN_POINT('',(29.75,19.376388374866,-2.));
#3588 = DIRECTION('',(-0.5,-0.866025403784,0.));
#3589 = DIRECTION('',(-0.866025403784,0.5,0.));
#3590 = ADVANCED_FACE('',(#3591),#3602,.T.);
#3591 = FACE_BOUND('',#3592,.T.);
#3592 = EDGE_LOOP('',(#3593,#3594,#3595,#3596));
#3593 = ORIENTED_EDGE('',*,*,#289,.T.);
#3594 = ORIENTED_EDGE('',*,*,#3563,.T.);
#3595 = ORIENTED_EDGE('',*,*,#1933,.F.);
#3596 = ORIENTED_EDGE('',*,*,#3597,.F.);
#3597 = EDGE_CURVE('',#282,#1926,#3598,.T.);
#3598 = LINE('',#3599,#3600);
#3599 = CARTESIAN_POINT('',(26.5,13.747223250267,-2.));
#3600 = VECTOR('',#3601,1.);
#3601 = DIRECTION('',(0.,0.,1.));
#3602 = PLANE('',#3603);
#3603 = AXIS2_PLACEMENT_3D('',#3604,#3605,#3606);
#3604 = CARTESIAN_POINT('',(23.25,15.623611625134,-2.));
#3605 = DIRECTION('',(0.5,0.866025403784,-0.));
#3606 = DIRECTION('',(0.866025403784,-0.5,0.));
#3607 = ADVANCED_FACE('',(#3608),#3619,.T.);
#3608 = FACE_BOUND('',#3609,.T.);
#3609 = EDGE_LOOP('',(#3610,#3611,#3617,#3618));
#3610 = ORIENTED_EDGE('',*,*,#273,.T.);
#3611 = ORIENTED_EDGE('',*,*,#3612,.T.);
#3612 = EDGE_CURVE('',#274,#1918,#3613,.T.);
#3613 = LINE('',#3614,#3615);
#3614 = CARTESIAN_POINT('',(29.75,15.623611625134,-2.));
#3615 = VECTOR('',#3616,1.);
#3616 = DIRECTION('',(0.,0.,1.));
#3617 = ORIENTED_EDGE('',*,*,#1917,.F.);
#3618 = ORIENTED_EDGE('',*,*,#3578,.F.);
#3619 = PLANE('',#3620);
#3620 = AXIS2_PLACEMENT_3D('',#3621,#3622,#3623);
#3621 = CARTESIAN_POINT('',(29.75,15.623611625134,-2.));
#3622 = DIRECTION('',(-1.,0.,0.));
#3623 = DIRECTION('',(0.,1.,0.));
#3624 = ADVANCED_FACE('',(#3625),#3631,.T.);
#3625 = FACE_BOUND('',#3626,.T.);
#3626 = EDGE_LOOP('',(#3627,#3628,#3629,#3630));
#3627 = ORIENTED_EDGE('',*,*,#281,.T.);
#3628 = ORIENTED_EDGE('',*,*,#3597,.T.);
#3629 = ORIENTED_EDGE('',*,*,#1925,.F.);
#3630 = ORIENTED_EDGE('',*,*,#3612,.F.);
#3631 = PLANE('',#3632);
#3632 = AXIS2_PLACEMENT_3D('',#3633,#3634,#3635);
#3633 = CARTESIAN_POINT('',(26.5,13.747223250267,-2.));
#3634 = DIRECTION('',(-0.5,0.866025403784,0.));
#3635 = DIRECTION('',(0.866025403784,0.5,0.));
#3636 = ADVANCED_FACE('',(#3637),#3653,.T.);
#3637 = FACE_BOUND('',#3638,.T.);
#3638 = EDGE_LOOP('',(#3639,#3640,#3646,#3647));
#3639 = ORIENTED_EDGE('',*,*,#305,.T.);
#3640 = ORIENTED_EDGE('',*,*,#3641,.T.);
#3641 = EDGE_CURVE('',#308,#1952,#3642,.T.);
#3642 = LINE('',#3643,#3644);
#3643 = CARTESIAN_POINT('',(35.5,21.252776749733,-2.));
#3644 = VECTOR('',#3645,1.);
#3645 = DIRECTION('',(0.,0.,1.));
#3646 = ORIENTED_EDGE('',*,*,#1949,.F.);
#3647 = ORIENTED_EDGE('',*,*,#3648,.F.);
#3648 = EDGE_CURVE('',#306,#1950,#3649,.T.);
#3649 = LINE('',#3650,#3651);
#3650 = CARTESIAN_POINT('',(32.25,19.376388374866,-2.));
#3651 = VECTOR('',#3652,1.);
#3652 = DIRECTION('',(0.,0.,1.));
#3653 = PLANE('',#3654);
#3654 = AXIS2_PLACEMENT_3D('',#3655,#3656,#3657);
#3655 = CARTESIAN_POINT('',(35.5,21.252776749733,-2.));
#3656 = DIRECTION('',(0.5,-0.866025403784,0.));
#3657 = DIRECTION('',(-0.866025403784,-0.5,0.));
#3658 = ADVANCED_FACE('',(#3659),#3670,.T.);
#3659 = FACE_BOUND('',#3660,.T.);
#3660 = EDGE_LOOP('',(#3661,#3662,#3663,#3664));
#3661 = ORIENTED_EDGE('',*,*,#347,.T.);
#3662 = ORIENTED_EDGE('',*,*,#3648,.T.);
#3663 = ORIENTED_EDGE('',*,*,#1991,.F.);
#3664 = ORIENTED_EDGE('',*,*,#3665,.F.);
#3665 = EDGE_CURVE('',#340,#1984,#3666,.T.);
#3666 = LINE('',#3667,#3668);
#3667 = CARTESIAN_POINT('',(32.25,15.623611625134,-2.));
#3668 = VECTOR('',#3669,1.);
#3669 = DIRECTION('',(0.,0.,1.));
#3670 = PLANE('',#3671);
#3671 = AXIS2_PLACEMENT_3D('',#3672,#3673,#3674);
#3672 = CARTESIAN_POINT('',(32.25,19.376388374866,-2.));
#3673 = DIRECTION('',(1.,0.,-0.));
#3674 = DIRECTION('',(0.,-1.,0.));
#3675 = ADVANCED_FACE('',(#3676),#3687,.T.);
#3676 = FACE_BOUND('',#3677,.T.);
#3677 = EDGE_LOOP('',(#3678,#3679,#3685,#3686));
#3678 = ORIENTED_EDGE('',*,*,#315,.T.);
#3679 = ORIENTED_EDGE('',*,*,#3680,.T.);
#3680 = EDGE_CURVE('',#316,#1960,#3681,.T.);
#3681 = LINE('',#3682,#3683);
#3682 = CARTESIAN_POINT('',(38.75,19.376388374866,-2.));
#3683 = VECTOR('',#3684,1.);
#3684 = DIRECTION('',(0.,0.,1.));
#3685 = ORIENTED_EDGE('',*,*,#1959,.F.);
#3686 = ORIENTED_EDGE('',*,*,#3641,.F.);
#3687 = PLANE('',#3688);
#3688 = AXIS2_PLACEMENT_3D('',#3689,#3690,#3691);
#3689 = CARTESIAN_POINT('',(38.75,19.376388374866,-2.));
#3690 = DIRECTION('',(-0.5,-0.866025403784,0.));
#3691 = DIRECTION('',(-0.866025403784,0.5,0.));
#3692 = ADVANCED_FACE('',(#3693),#3704,.T.);
#3693 = FACE_BOUND('',#3694,.T.);
#3694 = EDGE_LOOP('',(#3695,#3696,#3697,#3698));
#3695 = ORIENTED_EDGE('',*,*,#339,.T.);
#3696 = ORIENTED_EDGE('',*,*,#3665,.T.);
#3697 = ORIENTED_EDGE('',*,*,#1983,.F.);
#3698 = ORIENTED_EDGE('',*,*,#3699,.F.);
#3699 = EDGE_CURVE('',#332,#1976,#3700,.T.);
#3700 = LINE('',#3701,#3702);
#3701 = CARTESIAN_POINT('',(35.5,13.747223250267,-2.));
#3702 = VECTOR('',#3703,1.);
#3703 = DIRECTION('',(0.,0.,1.));
#3704 = PLANE('',#3705);
#3705 = AXIS2_PLACEMENT_3D('',#3706,#3707,#3708);
#3706 = CARTESIAN_POINT('',(32.25,15.623611625134,-2.));
#3707 = DIRECTION('',(0.5,0.866025403784,-0.));
#3708 = DIRECTION('',(0.866025403784,-0.5,0.));
#3709 = ADVANCED_FACE('',(#3710),#3721,.T.);
#3710 = FACE_BOUND('',#3711,.T.);
#3711 = EDGE_LOOP('',(#3712,#3713,#3719,#3720));
#3712 = ORIENTED_EDGE('',*,*,#323,.T.);
#3713 = ORIENTED_EDGE('',*,*,#3714,.T.);
#3714 = EDGE_CURVE('',#324,#1968,#3715,.T.);
#3715 = LINE('',#3716,#3717);
#3716 = CARTESIAN_POINT('',(38.75,15.623611625134,-2.));
#3717 = VECTOR('',#3718,1.);
#3718 = DIRECTION('',(0.,0.,1.));
#3719 = ORIENTED_EDGE('',*,*,#1967,.F.);
#3720 = ORIENTED_EDGE('',*,*,#3680,.F.);
#3721 = PLANE('',#3722);
#3722 = AXIS2_PLACEMENT_3D('',#3723,#3724,#3725);
#3723 = CARTESIAN_POINT('',(38.75,15.623611625134,-2.));
#3724 = DIRECTION('',(-1.,0.,0.));
#3725 = DIRECTION('',(0.,1.,0.));
#3726 = ADVANCED_FACE('',(#3727),#3733,.T.);
#3727 = FACE_BOUND('',#3728,.T.);
#3728 = EDGE_LOOP('',(#3729,#3730,#3731,#3732));
#3729 = ORIENTED_EDGE('',*,*,#331,.T.);
#3730 = ORIENTED_EDGE('',*,*,#3699,.T.);
#3731 = ORIENTED_EDGE('',*,*,#1975,.F.);
#3732 = ORIENTED_EDGE('',*,*,#3714,.F.);
#3733 = PLANE('',#3734);
#3734 = AXIS2_PLACEMENT_3D('',#3735,#3736,#3737);
#3735 = CARTESIAN_POINT('',(35.5,13.747223250267,-2.));
#3736 = DIRECTION('',(-0.5,0.866025403784,0.));
#3737 = DIRECTION('',(0.866025403784,0.5,0.));
#3738 = ADVANCED_FACE('',(#3739),#3755,.T.);
#3739 = FACE_BOUND('',#3740,.T.);
#3740 = EDGE_LOOP('',(#3741,#3742,#3748,#3749));
#3741 = ORIENTED_EDGE('',*,*,#355,.T.);
#3742 = ORIENTED_EDGE('',*,*,#3743,.T.);
#3743 = EDGE_CURVE('',#358,#2002,#3744,.T.);
#3744 = LINE('',#3745,#3746);
#3745 = CARTESIAN_POINT('',(44.5,21.252776749733,-2.));
#3746 = VECTOR('',#3747,1.);
#3747 = DIRECTION('',(0.,0.,1.));
#3748 = ORIENTED_EDGE('',*,*,#1999,.F.);
#3749 = ORIENTED_EDGE('',*,*,#3750,.F.);
#3750 = EDGE_CURVE('',#356,#2000,#3751,.T.);
#3751 = LINE('',#3752,#3753);
#3752 = CARTESIAN_POINT('',(41.25,19.376388374866,-2.));
#3753 = VECTOR('',#3754,1.);
#3754 = DIRECTION('',(0.,0.,1.));
#3755 = PLANE('',#3756);
#3756 = AXIS2_PLACEMENT_3D('',#3757,#3758,#3759);
#3757 = CARTESIAN_POINT('',(44.5,21.252776749733,-2.));
#3758 = DIRECTION('',(0.5,-0.866025403784,0.));
#3759 = DIRECTION('',(-0.866025403784,-0.5,0.));
#3760 = ADVANCED_FACE('',(#3761),#3772,.T.);
#3761 = FACE_BOUND('',#3762,.T.);
#3762 = EDGE_LOOP('',(#3763,#3764,#3765,#3766));
#3763 = ORIENTED_EDGE('',*,*,#397,.T.);
#3764 = ORIENTED_EDGE('',*,*,#3750,.T.);
#3765 = ORIENTED_EDGE('',*,*,#2041,.F.);
#3766 = ORIENTED_EDGE('',*,*,#3767,.F.);
#3767 = EDGE_CURVE('',#390,#2034,#3768,.T.);
#3768 = LINE('',#3769,#3770);
#3769 = CARTESIAN_POINT('',(41.25,15.623611625134,-2.));
#3770 = VECTOR('',#3771,1.);
#3771 = DIRECTION('',(0.,0.,1.));
#3772 = PLANE('',#3773);
#3773 = AXIS2_PLACEMENT_3D('',#3774,#3775,#3776);
#3774 = CARTESIAN_POINT('',(41.25,19.376388374866,-2.));
#3775 = DIRECTION('',(1.,0.,-0.));
#3776 = DIRECTION('',(0.,-1.,0.));
#3777 = ADVANCED_FACE('',(#3778),#3789,.T.);
#3778 = FACE_BOUND('',#3779,.T.);
#3779 = EDGE_LOOP('',(#3780,#3781,#3787,#3788));
#3780 = ORIENTED_EDGE('',*,*,#365,.T.);
#3781 = ORIENTED_EDGE('',*,*,#3782,.T.);
#3782 = EDGE_CURVE('',#366,#2010,#3783,.T.);
#3783 = LINE('',#3784,#3785);
#3784 = CARTESIAN_POINT('',(47.75,19.376388374866,-2.));
#3785 = VECTOR('',#3786,1.);
#3786 = DIRECTION('',(0.,0.,1.));
#3787 = ORIENTED_EDGE('',*,*,#2009,.F.);
#3788 = ORIENTED_EDGE('',*,*,#3743,.F.);
#3789 = PLANE('',#3790);
#3790 = AXIS2_PLACEMENT_3D('',#3791,#3792,#3793);
#3791 = CARTESIAN_POINT('',(47.75,19.376388374866,-2.));
#3792 = DIRECTION('',(-0.5,-0.866025403784,0.));
#3793 = DIRECTION('',(-0.866025403784,0.5,0.));
#3794 = ADVANCED_FACE('',(#3795),#3806,.T.);
#3795 = FACE_BOUND('',#3796,.T.);
#3796 = EDGE_LOOP('',(#3797,#3798,#3799,#3800));
#3797 = ORIENTED_EDGE('',*,*,#389,.T.);
#3798 = ORIENTED_EDGE('',*,*,#3767,.T.);
#3799 = ORIENTED_EDGE('',*,*,#2033,.F.);
#3800 = ORIENTED_EDGE('',*,*,#3801,.F.);
#3801 = EDGE_CURVE('',#382,#2026,#3802,.T.);
#3802 = LINE('',#3803,#3804);
#3803 = CARTESIAN_POINT('',(44.5,13.747223250267,-2.));
#3804 = VECTOR('',#3805,1.);
#3805 = DIRECTION('',(0.,0.,1.));
#3806 = PLANE('',#3807);
#3807 = AXIS2_PLACEMENT_3D('',#3808,#3809,#3810);
#3808 = CARTESIAN_POINT('',(41.25,15.623611625134,-2.));
#3809 = DIRECTION('',(0.5,0.866025403784,-0.));
#3810 = DIRECTION('',(0.866025403784,-0.5,0.));
#3811 = ADVANCED_FACE('',(#3812),#3823,.T.);
#3812 = FACE_BOUND('',#3813,.T.);
#3813 = EDGE_LOOP('',(#3814,#3815,#3821,#3822));
#3814 = ORIENTED_EDGE('',*,*,#373,.T.);
#3815 = ORIENTED_EDGE('',*,*,#3816,.T.);
#3816 = EDGE_CURVE('',#374,#2018,#3817,.T.);
#3817 = LINE('',#3818,#3819);
#3818 = CARTESIAN_POINT('',(47.75,15.623611625134,-2.));
#3819 = VECTOR('',#3820,1.);
#3820 = DIRECTION('',(0.,0.,1.));
#3821 = ORIENTED_EDGE('',*,*,#2017,.F.);
#3822 = ORIENTED_EDGE('',*,*,#3782,.F.);
#3823 = PLANE('',#3824);
#3824 = AXIS2_PLACEMENT_3D('',#3825,#3826,#3827);
#3825 = CARTESIAN_POINT('',(47.75,15.623611625134,-2.));
#3826 = DIRECTION('',(-1.,0.,0.));
#3827 = DIRECTION('',(0.,1.,0.));
#3828 = ADVANCED_FACE('',(#3829),#3835,.T.);
#3829 = FACE_BOUND('',#3830,.T.);
#3830 = EDGE_LOOP('',(#3831,#3832,#3833,#3834));
#3831 = ORIENTED_EDGE('',*,*,#381,.T.);
#3832 = ORIENTED_EDGE('',*,*,#3801,.T.);
#3833 = ORIENTED_EDGE('',*,*,#2025,.F.);
#3834 = ORIENTED_EDGE('',*,*,#3816,.F.);
#3835 = PLANE('',#3836);
#3836 = AXIS2_PLACEMENT_3D('',#3837,#3838,#3839);
#3837 = CARTESIAN_POINT('',(44.5,13.747223250267,-2.));
#3838 = DIRECTION('',(-0.5,0.866025403784,0.));
#3839 = DIRECTION('',(0.866025403784,0.5,0.));
#3840 = ADVANCED_FACE('',(#3841),#3857,.T.);
#3841 = FACE_BOUND('',#3842,.T.);
#3842 = EDGE_LOOP('',(#3843,#3844,#3850,#3851));
#3843 = ORIENTED_EDGE('',*,*,#405,.T.);
#3844 = ORIENTED_EDGE('',*,*,#3845,.T.);
#3845 = EDGE_CURVE('',#408,#2052,#3846,.T.);
#3846 = LINE('',#3847,#3848);
#3847 = CARTESIAN_POINT('',(53.5,21.252776749733,-2.));
#3848 = VECTOR('',#3849,1.);
#3849 = DIRECTION('',(0.,0.,1.));
#3850 = ORIENTED_EDGE('',*,*,#2049,.F.);
#3851 = ORIENTED_EDGE('',*,*,#3852,.F.);
#3852 = EDGE_CURVE('',#406,#2050,#3853,.T.);
#3853 = LINE('',#3854,#3855);
#3854 = CARTESIAN_POINT('',(50.25,19.376388374866,-2.));
#3855 = VECTOR('',#3856,1.);
#3856 = DIRECTION('',(0.,0.,1.));
#3857 = PLANE('',#3858);
#3858 = AXIS2_PLACEMENT_3D('',#3859,#3860,#3861);
#3859 = CARTESIAN_POINT('',(53.5,21.252776749733,-2.));
#3860 = DIRECTION('',(0.5,-0.866025403784,0.));
#3861 = DIRECTION('',(-0.866025403784,-0.5,0.));
#3862 = ADVANCED_FACE('',(#3863),#3874,.T.);
#3863 = FACE_BOUND('',#3864,.T.);
#3864 = EDGE_LOOP('',(#3865,#3866,#3867,#3868));
#3865 = ORIENTED_EDGE('',*,*,#447,.T.);
#3866 = ORIENTED_EDGE('',*,*,#3852,.T.);
#3867 = ORIENTED_EDGE('',*,*,#2091,.F.);
#3868 = ORIENTED_EDGE('',*,*,#3869,.F.);
#3869 = EDGE_CURVE('',#440,#2084,#3870,.T.);
#3870 = LINE('',#3871,#3872);
#3871 = CARTESIAN_POINT('',(50.25,15.623611625134,-2.));
#3872 = VECTOR('',#3873,1.);
#3873 = DIRECTION('',(0.,0.,1.));
#3874 = PLANE('',#3875);
#3875 = AXIS2_PLACEMENT_3D('',#3876,#3877,#3878);
#3876 = CARTESIAN_POINT('',(50.25,19.376388374866,-2.));
#3877 = DIRECTION('',(1.,0.,-0.));
#3878 = DIRECTION('',(0.,-1.,0.));
#3879 = ADVANCED_FACE('',(#3880),#3891,.T.);
#3880 = FACE_BOUND('',#3881,.T.);
#3881 = EDGE_LOOP('',(#3882,#3883,#3889,#3890));
#3882 = ORIENTED_EDGE('',*,*,#415,.T.);
#3883 = ORIENTED_EDGE('',*,*,#3884,.T.);
#3884 = EDGE_CURVE('',#416,#2060,#3885,.T.);
#3885 = LINE('',#3886,#3887);
#3886 = CARTESIAN_POINT('',(56.75,19.376388374866,-2.));
#3887 = VECTOR('',#3888,1.);
#3888 = DIRECTION('',(0.,0.,1.));
#3889 = ORIENTED_EDGE('',*,*,#2059,.F.);
#3890 = ORIENTED_EDGE('',*,*,#3845,.F.);
#3891 = PLANE('',#3892);
#3892 = AXIS2_PLACEMENT_3D('',#3893,#3894,#3895);
#3893 = CARTESIAN_POINT('',(56.75,19.376388374866,-2.));
#3894 = DIRECTION('',(-0.5,-0.866025403784,0.));
#3895 = DIRECTION('',(-0.866025403784,0.5,0.));
#3896 = ADVANCED_FACE('',(#3897),#3908,.T.);
#3897 = FACE_BOUND('',#3898,.T.);
#3898 = EDGE_LOOP('',(#3899,#3900,#3901,#3902));
#3899 = ORIENTED_EDGE('',*,*,#439,.T.);
#3900 = ORIENTED_EDGE('',*,*,#3869,.T.);
#3901 = ORIENTED_EDGE('',*,*,#2083,.F.);
#3902 = ORIENTED_EDGE('',*,*,#3903,.F.);
#3903 = EDGE_CURVE('',#432,#2076,#3904,.T.);
#3904 = LINE('',#3905,#3906);
#3905 = CARTESIAN_POINT('',(53.5,13.747223250267,-2.));
#3906 = VECTOR('',#3907,1.);
#3907 = DIRECTION('',(0.,0.,1.));
#3908 = PLANE('',#3909);
#3909 = AXIS2_PLACEMENT_3D('',#3910,#3911,#3912);
#3910 = CARTESIAN_POINT('',(50.25,15.623611625134,-2.));
#3911 = DIRECTION('',(0.5,0.866025403784,-0.));
#3912 = DIRECTION('',(0.866025403784,-0.5,0.));
#3913 = ADVANCED_FACE('',(#3914),#3925,.T.);
#3914 = FACE_BOUND('',#3915,.T.);
#3915 = EDGE_LOOP('',(#3916,#3917,#3923,#3924));
#3916 = ORIENTED_EDGE('',*,*,#423,.T.);
#3917 = ORIENTED_EDGE('',*,*,#3918,.T.);
#3918 = EDGE_CURVE('',#424,#2068,#3919,.T.);
#3919 = LINE('',#3920,#3921);
#3920 = CARTESIAN_POINT('',(56.75,15.623611625134,-2.));
#3921 = VECTOR('',#3922,1.);
#3922 = DIRECTION('',(0.,0.,1.));
#3923 = ORIENTED_EDGE('',*,*,#2067,.F.);
#3924 = ORIENTED_EDGE('',*,*,#3884,.F.);
#3925 = PLANE('',#3926);
#3926 = AXIS2_PLACEMENT_3D('',#3927,#3928,#3929);
#3927 = CARTESIAN_POINT('',(56.75,15.623611625134,-2.));
#3928 = DIRECTION('',(-1.,0.,0.));
#3929 = DIRECTION('',(0.,1.,0.));
#3930 = ADVANCED_FACE('',(#3931),#3937,.T.);
#3931 = FACE_BOUND('',#3932,.T.);
#3932 = EDGE_LOOP('',(#3933,#3934,#3935,#3936));
#3933 = ORIENTED_EDGE('',*,*,#431,.T.);
#3934 = ORIENTED_EDGE('',*,*,#3903,.T.);
#3935 = ORIENTED_EDGE('',*,*,#2075,.F.);
#3936 = ORIENTED_EDGE('',*,*,#3918,.F.);
#3937 = PLANE('',#3938);
#3938 = AXIS2_PLACEMENT_3D('',#3939,#3940,#3941);
#3939 = CARTESIAN_POINT('',(53.5,13.747223250267,-2.));
#3940 = DIRECTION('',(-0.5,0.866025403784,0.));
#3941 = DIRECTION('',(0.866025403784,0.5,0.));
#3942 = ADVANCED_FACE('',(#3943),#3959,.T.);
#3943 = FACE_BOUND('',#3944,.T.);
#3944 = EDGE_LOOP('',(#3945,#3946,#3952,#3953));
#3945 = ORIENTED_EDGE('',*,*,#455,.T.);
#3946 = ORIENTED_EDGE('',*,*,#3947,.T.);
#3947 = EDGE_CURVE('',#458,#2102,#3948,.T.);
#3948 = LINE('',#3949,#3950);
#3949 = CARTESIAN_POINT('',(62.5,21.252776749733,-2.));
#3950 = VECTOR('',#3951,1.);
#3951 = DIRECTION('',(0.,0.,1.));
#3952 = ORIENTED_EDGE('',*,*,#2099,.F.);
#3953 = ORIENTED_EDGE('',*,*,#3954,.F.);
#3954 = EDGE_CURVE('',#456,#2100,#3955,.T.);
#3955 = LINE('',#3956,#3957);
#3956 = CARTESIAN_POINT('',(59.25,19.376388374866,-2.));
#3957 = VECTOR('',#3958,1.);
#3958 = DIRECTION('',(0.,0.,1.));
#3959 = PLANE('',#3960);
#3960 = AXIS2_PLACEMENT_3D('',#3961,#3962,#3963);
#3961 = CARTESIAN_POINT('',(62.5,21.252776749733,-2.));
#3962 = DIRECTION('',(0.5,-0.866025403784,0.));
#3963 = DIRECTION('',(-0.866025403784,-0.5,0.));
#3964 = ADVANCED_FACE('',(#3965),#3976,.T.);
#3965 = FACE_BOUND('',#3966,.T.);
#3966 = EDGE_LOOP('',(#3967,#3968,#3969,#3970));
#3967 = ORIENTED_EDGE('',*,*,#497,.T.);
#3968 = ORIENTED_EDGE('',*,*,#3954,.T.);
#3969 = ORIENTED_EDGE('',*,*,#2141,.F.);
#3970 = ORIENTED_EDGE('',*,*,#3971,.F.);
#3971 = EDGE_CURVE('',#490,#2134,#3972,.T.);
#3972 = LINE('',#3973,#3974);
#3973 = CARTESIAN_POINT('',(59.25,15.623611625134,-2.));
#3974 = VECTOR('',#3975,1.);
#3975 = DIRECTION('',(0.,0.,1.));
#3976 = PLANE('',#3977);
#3977 = AXIS2_PLACEMENT_3D('',#3978,#3979,#3980);
#3978 = CARTESIAN_POINT('',(59.25,19.376388374866,-2.));
#3979 = DIRECTION('',(1.,0.,-0.));
#3980 = DIRECTION('',(0.,-1.,0.));
#3981 = ADVANCED_FACE('',(#3982),#3993,.T.);
#3982 = FACE_BOUND('',#3983,.T.);
#3983 = EDGE_LOOP('',(#3984,#3985,#3991,#3992));
#3984 = ORIENTED_EDGE('',*,*,#465,.T.);
#3985 = ORIENTED_EDGE('',*,*,#3986,.T.);
#3986 = EDGE_CURVE('',#466,#2110,#3987,.T.);
#3987 = LINE('',#3988,#3989);
#3988 = CARTESIAN_POINT('',(65.75,19.376388374866,-2.));
#3989 = VECTOR('',#3990,1.);
#3990 = DIRECTION('',(0.,0.,1.));
#3991 = ORIENTED_EDGE('',*,*,#2109,.F.);
#3992 = ORIENTED_EDGE('',*,*,#3947,.F.);
#3993 = PLANE('',#3994);
#3994 = AXIS2_PLACEMENT_3D('',#3995,#3996,#3997);
#3995 = CARTESIAN_POINT('',(65.75,19.376388374866,-2.));
#3996 = DIRECTION('',(-0.5,-0.866025403784,0.));
#3997 = DIRECTION('',(-0.866025403784,0.5,0.));
#3998 = ADVANCED_FACE('',(#3999),#4010,.T.);
#3999 = FACE_BOUND('',#4000,.T.);
#4000 = EDGE_LOOP('',(#4001,#4002,#4003,#4004));
#4001 = ORIENTED_EDGE('',*,*,#489,.T.);
#4002 = ORIENTED_EDGE('',*,*,#3971,.T.);
#4003 = ORIENTED_EDGE('',*,*,#2133,.F.);
#4004 = ORIENTED_EDGE('',*,*,#4005,.F.);
#4005 = EDGE_CURVE('',#482,#2126,#4006,.T.);
#4006 = LINE('',#4007,#4008);
#4007 = CARTESIAN_POINT('',(62.5,13.747223250267,-2.));
#4008 = VECTOR('',#4009,1.);
#4009 = DIRECTION('',(0.,0.,1.));
#4010 = PLANE('',#4011);
#4011 = AXIS2_PLACEMENT_3D('',#4012,#4013,#4014);
#4012 = CARTESIAN_POINT('',(59.25,15.623611625134,-2.));
#4013 = DIRECTION('',(0.5,0.866025403784,-0.));
#4014 = DIRECTION('',(0.866025403784,-0.5,0.));
#4015 = ADVANCED_FACE('',(#4016),#4027,.T.);
#4016 = FACE_BOUND('',#4017,.T.);
#4017 = EDGE_LOOP('',(#4018,#4019,#4025,#4026));
#4018 = ORIENTED_EDGE('',*,*,#473,.T.);
#4019 = ORIENTED_EDGE('',*,*,#4020,.T.);
#4020 = EDGE_CURVE('',#474,#2118,#4021,.T.);
#4021 = LINE('',#4022,#4023);
#4022 = CARTESIAN_POINT('',(65.75,15.623611625134,-2.));
#4023 = VECTOR('',#4024,1.);
#4024 = DIRECTION('',(0.,0.,1.));
#4025 = ORIENTED_EDGE('',*,*,#2117,.F.);
#4026 = ORIENTED_EDGE('',*,*,#3986,.F.);
#4027 = PLANE('',#4028);
#4028 = AXIS2_PLACEMENT_3D('',#4029,#4030,#4031);
#4029 = CARTESIAN_POINT('',(65.75,15.623611625134,-2.));
#4030 = DIRECTION('',(-1.,0.,0.));
#4031 = DIRECTION('',(0.,1.,0.));
#4032 = ADVANCED_FACE('',(#4033),#4039,.T.);
#4033 = FACE_BOUND('',#4034,.T.);
#4034 = EDGE_LOOP('',(#4035,#4036,#4037,#4038));
#4035 = ORIENTED_EDGE('',*,*,#481,.T.);
#4036 = ORIENTED_EDGE('',*,*,#4005,.T.);
#4037 = ORIENTED_EDGE('',*,*,#2125,.F.);
#4038 = ORIENTED_EDGE('',*,*,#4020,.F.);
#4039 = PLANE('',#4040);
#4040 = AXIS2_PLACEMENT_3D('',#4041,#4042,#4043);
#4041 = CARTESIAN_POINT('',(62.5,13.747223250267,-2.));
#4042 = DIRECTION('',(-0.5,0.866025403784,0.));
#4043 = DIRECTION('',(0.866025403784,0.5,0.));
#4044 = ADVANCED_FACE('',(#4045),#4061,.T.);
#4045 = FACE_BOUND('',#4046,.T.);
#4046 = EDGE_LOOP('',(#4047,#4048,#4054,#4055));
#4047 = ORIENTED_EDGE('',*,*,#505,.T.);
#4048 = ORIENTED_EDGE('',*,*,#4049,.T.);
#4049 = EDGE_CURVE('',#508,#2152,#4050,.T.);
#4050 = LINE('',#4051,#4052);
#4051 = CARTESIAN_POINT('',(71.5,21.252776749733,-2.));
#4052 = VECTOR('',#4053,1.);
#4053 = DIRECTION('',(0.,0.,1.));
#4054 = ORIENTED_EDGE('',*,*,#2149,.F.);
#4055 = ORIENTED_EDGE('',*,*,#4056,.F.);
#4056 = EDGE_CURVE('',#506,#2150,#4057,.T.);
#4057 = LINE('',#4058,#4059);
#4058 = CARTESIAN_POINT('',(68.25,19.376388374866,-2.));
#4059 = VECTOR('',#4060,1.);
#4060 = DIRECTION('',(0.,0.,1.));
#4061 = PLANE('',#4062);
#4062 = AXIS2_PLACEMENT_3D('',#4063,#4064,#4065);
#4063 = CARTESIAN_POINT('',(71.5,21.252776749733,-2.));
#4064 = DIRECTION('',(0.5,-0.866025403784,0.));
#4065 = DIRECTION('',(-0.866025403784,-0.5,0.));
#4066 = ADVANCED_FACE('',(#4067),#4078,.T.);
#4067 = FACE_BOUND('',#4068,.T.);
#4068 = EDGE_LOOP('',(#4069,#4070,#4071,#4072));
#4069 = ORIENTED_EDGE('',*,*,#547,.T.);
#4070 = ORIENTED_EDGE('',*,*,#4056,.T.);
#4071 = ORIENTED_EDGE('',*,*,#2191,.F.);
#4072 = ORIENTED_EDGE('',*,*,#4073,.F.);
#4073 = EDGE_CURVE('',#540,#2184,#4074,.T.);
#4074 = LINE('',#4075,#4076);
#4075 = CARTESIAN_POINT('',(68.25,15.623611625134,-2.));
#4076 = VECTOR('',#4077,1.);
#4077 = DIRECTION('',(0.,0.,1.));
#4078 = PLANE('',#4079);
#4079 = AXIS2_PLACEMENT_3D('',#4080,#4081,#4082);
#4080 = CARTESIAN_POINT('',(68.25,19.376388374866,-2.));
#4081 = DIRECTION('',(1.,0.,-0.));
#4082 = DIRECTION('',(0.,-1.,0.));
#4083 = ADVANCED_FACE('',(#4084),#4095,.T.);
#4084 = FACE_BOUND('',#4085,.T.);
#4085 = EDGE_LOOP('',(#4086,#4087,#4093,#4094));
#4086 = ORIENTED_EDGE('',*,*,#515,.T.);
#4087 = ORIENTED_EDGE('',*,*,#4088,.T.);
#4088 = EDGE_CURVE('',#516,#2160,#4089,.T.);
#4089 = LINE('',#4090,#4091);
#4090 = CARTESIAN_POINT('',(74.75,19.376388374866,-2.));
#4091 = VECTOR('',#4092,1.);
#4092 = DIRECTION('',(0.,0.,1.));
#4093 = ORIENTED_EDGE('',*,*,#2159,.F.);
#4094 = ORIENTED_EDGE('',*,*,#4049,.F.);
#4095 = PLANE('',#4096);
#4096 = AXIS2_PLACEMENT_3D('',#4097,#4098,#4099);
#4097 = CARTESIAN_POINT('',(74.75,19.376388374866,-2.));
#4098 = DIRECTION('',(-0.5,-0.866025403784,0.));
#4099 = DIRECTION('',(-0.866025403784,0.5,0.));
#4100 = ADVANCED_FACE('',(#4101),#4112,.T.);
#4101 = FACE_BOUND('',#4102,.T.);
#4102 = EDGE_LOOP('',(#4103,#4104,#4105,#4106));
#4103 = ORIENTED_EDGE('',*,*,#539,.T.);
#4104 = ORIENTED_EDGE('',*,*,#4073,.T.);
#4105 = ORIENTED_EDGE('',*,*,#2183,.F.);
#4106 = ORIENTED_EDGE('',*,*,#4107,.F.);
#4107 = EDGE_CURVE('',#532,#2176,#4108,.T.);
#4108 = LINE('',#4109,#4110);
#4109 = CARTESIAN_POINT('',(71.5,13.747223250267,-2.));
#4110 = VECTOR('',#4111,1.);
#4111 = DIRECTION('',(0.,0.,1.));
#4112 = PLANE('',#4113);
#4113 = AXIS2_PLACEMENT_3D('',#4114,#4115,#4116);
#4114 = CARTESIAN_POINT('',(68.25,15.623611625134,-2.));
#4115 = DIRECTION('',(0.5,0.866025403784,-0.));
#4116 = DIRECTION('',(0.866025403784,-0.5,0.));
#4117 = ADVANCED_FACE('',(#4118),#4129,.T.);
#4118 = FACE_BOUND('',#4119,.T.);
#4119 = EDGE_LOOP('',(#4120,#4121,#4127,#4128));
#4120 = ORIENTED_EDGE('',*,*,#523,.T.);
#4121 = ORIENTED_EDGE('',*,*,#4122,.T.);
#4122 = EDGE_CURVE('',#524,#2168,#4123,.T.);
#4123 = LINE('',#4124,#4125);
#4124 = CARTESIAN_POINT('',(74.75,15.623611625134,-2.));
#4125 = VECTOR('',#4126,1.);
#4126 = DIRECTION('',(0.,0.,1.));
#4127 = ORIENTED_EDGE('',*,*,#2167,.F.);
#4128 = ORIENTED_EDGE('',*,*,#4088,.F.);
#4129 = PLANE('',#4130);
#4130 = AXIS2_PLACEMENT_3D('',#4131,#4132,#4133);
#4131 = CARTESIAN_POINT('',(74.75,15.623611625134,-2.));
#4132 = DIRECTION('',(-1.,0.,0.));
#4133 = DIRECTION('',(0.,1.,0.));
#4134 = ADVANCED_FACE('',(#4135),#4141,.T.);
#4135 = FACE_BOUND('',#4136,.T.);
#4136 = EDGE_LOOP('',(#4137,#4138,#4139,#4140));
#4137 = ORIENTED_EDGE('',*,*,#531,.T.);
#4138 = ORIENTED_EDGE('',*,*,#4107,.T.);
#4139 = ORIENTED_EDGE('',*,*,#2175,.F.);
#4140 = ORIENTED_EDGE('',*,*,#4122,.F.);
#4141 = PLANE('',#4142);
#4142 = AXIS2_PLACEMENT_3D('',#4143,#4144,#4145);
#4143 = CARTESIAN_POINT('',(71.5,13.747223250267,-2.));
#4144 = DIRECTION('',(-0.5,0.866025403784,0.));
#4145 = DIRECTION('',(0.866025403784,0.5,0.));
#4146 = ADVANCED_FACE('',(#4147),#4163,.T.);
#4147 = FACE_BOUND('',#4148,.T.);
#4148 = EDGE_LOOP('',(#4149,#4150,#4156,#4157));
#4149 = ORIENTED_EDGE('',*,*,#555,.T.);
#4150 = ORIENTED_EDGE('',*,*,#4151,.T.);
#4151 = EDGE_CURVE('',#558,#2202,#4152,.T.);
#4152 = LINE('',#4153,#4154);
#4153 = CARTESIAN_POINT('',(80.5,21.252776749733,-2.));
#4154 = VECTOR('',#4155,1.);
#4155 = DIRECTION('',(0.,0.,1.));
#4156 = ORIENTED_EDGE('',*,*,#2199,.F.);
#4157 = ORIENTED_EDGE('',*,*,#4158,.F.);
#4158 = EDGE_CURVE('',#556,#2200,#4159,.T.);
#4159 = LINE('',#4160,#4161);
#4160 = CARTESIAN_POINT('',(77.25,19.376388374866,-2.));
#4161 = VECTOR('',#4162,1.);
#4162 = DIRECTION('',(0.,0.,1.));
#4163 = PLANE('',#4164);
#4164 = AXIS2_PLACEMENT_3D('',#4165,#4166,#4167);
#4165 = CARTESIAN_POINT('',(80.5,21.252776749733,-2.));
#4166 = DIRECTION('',(0.5,-0.866025403784,0.));
#4167 = DIRECTION('',(-0.866025403784,-0.5,0.));
#4168 = ADVANCED_FACE('',(#4169),#4180,.T.);
#4169 = FACE_BOUND('',#4170,.T.);
#4170 = EDGE_LOOP('',(#4171,#4172,#4173,#4174));
#4171 = ORIENTED_EDGE('',*,*,#597,.T.);
#4172 = ORIENTED_EDGE('',*,*,#4158,.T.);
#4173 = ORIENTED_EDGE('',*,*,#2241,.F.);
#4174 = ORIENTED_EDGE('',*,*,#4175,.F.);
#4175 = EDGE_CURVE('',#590,#2234,#4176,.T.);
#4176 = LINE('',#4177,#4178);
#4177 = CARTESIAN_POINT('',(77.25,15.623611625134,-2.));
#4178 = VECTOR('',#4179,1.);
#4179 = DIRECTION('',(0.,0.,1.));
#4180 = PLANE('',#4181);
#4181 = AXIS2_PLACEMENT_3D('',#4182,#4183,#4184);
#4182 = CARTESIAN_POINT('',(77.25,19.376388374866,-2.));
#4183 = DIRECTION('',(1.,0.,-0.));
#4184 = DIRECTION('',(0.,-1.,0.));
#4185 = ADVANCED_FACE('',(#4186),#4197,.T.);
#4186 = FACE_BOUND('',#4187,.T.);
#4187 = EDGE_LOOP('',(#4188,#4189,#4195,#4196));
#4188 = ORIENTED_EDGE('',*,*,#565,.T.);
#4189 = ORIENTED_EDGE('',*,*,#4190,.T.);
#4190 = EDGE_CURVE('',#566,#2210,#4191,.T.);
#4191 = LINE('',#4192,#4193);
#4192 = CARTESIAN_POINT('',(83.75,19.376388374866,-2.));
#4193 = VECTOR('',#4194,1.);
#4194 = DIRECTION('',(0.,0.,1.));
#4195 = ORIENTED_EDGE('',*,*,#2209,.F.);
#4196 = ORIENTED_EDGE('',*,*,#4151,.F.);
#4197 = PLANE('',#4198);
#4198 = AXIS2_PLACEMENT_3D('',#4199,#4200,#4201);
#4199 = CARTESIAN_POINT('',(83.75,19.376388374866,-2.));
#4200 = DIRECTION('',(-0.5,-0.866025403784,0.));
#4201 = DIRECTION('',(-0.866025403784,0.5,0.));
#4202 = ADVANCED_FACE('',(#4203),#4214,.T.);
#4203 = FACE_BOUND('',#4204,.T.);
#4204 = EDGE_LOOP('',(#4205,#4206,#4207,#4208));
#4205 = ORIENTED_EDGE('',*,*,#589,.T.);
#4206 = ORIENTED_EDGE('',*,*,#4175,.T.);
#4207 = ORIENTED_EDGE('',*,*,#2233,.F.);
#4208 = ORIENTED_EDGE('',*,*,#4209,.F.);
#4209 = EDGE_CURVE('',#582,#2226,#4210,.T.);
#4210 = LINE('',#4211,#4212);
#4211 = CARTESIAN_POINT('',(80.5,13.747223250267,-2.));
#4212 = VECTOR('',#4213,1.);
#4213 = DIRECTION('',(0.,0.,1.));
#4214 = PLANE('',#4215);
#4215 = AXIS2_PLACEMENT_3D('',#4216,#4217,#4218);
#4216 = CARTESIAN_POINT('',(77.25,15.623611625134,-2.));
#4217 = DIRECTION('',(0.5,0.866025403784,-0.));
#4218 = DIRECTION('',(0.866025403784,-0.5,0.));
#4219 = ADVANCED_FACE('',(#4220),#4231,.T.);
#4220 = FACE_BOUND('',#4221,.T.);
#4221 = EDGE_LOOP('',(#4222,#4223,#4229,#4230));
#4222 = ORIENTED_EDGE('',*,*,#573,.T.);
#4223 = ORIENTED_EDGE('',*,*,#4224,.T.);
#4224 = EDGE_CURVE('',#574,#2218,#4225,.T.);
#4225 = LINE('',#4226,#4227);
#4226 = CARTESIAN_POINT('',(83.75,15.623611625134,-2.));
#4227 = VECTOR('',#4228,1.);
#4228 = DIRECTION('',(0.,0.,1.));
#4229 = ORIENTED_EDGE('',*,*,#2217,.F.);
#4230 = ORIENTED_EDGE('',*,*,#4190,.F.);
#4231 = PLANE('',#4232);
#4232 = AXIS2_PLACEMENT_3D('',#4233,#4234,#4235);
#4233 = CARTESIAN_POINT('',(83.75,15.623611625134,-2.));
#4234 = DIRECTION('',(-1.,0.,0.));
#4235 = DIRECTION('',(0.,1.,0.));
#4236 = ADVANCED_FACE('',(#4237),#4243,.T.);
#4237 = FACE_BOUND('',#4238,.T.);
#4238 = EDGE_LOOP('',(#4239,#4240,#4241,#4242));
#4239 = ORIENTED_EDGE('',*,*,#581,.T.);
#4240 = ORIENTED_EDGE('',*,*,#4209,.T.);
#4241 = ORIENTED_EDGE('',*,*,#2225,.F.);
#4242 = ORIENTED_EDGE('',*,*,#4224,.F.);
#4243 = PLANE('',#4244);
#4244 = AXIS2_PLACEMENT_3D('',#4245,#4246,#4247);
#4245 = CARTESIAN_POINT('',(80.5,13.747223250267,-2.));
#4246 = DIRECTION('',(-0.5,0.866025403784,0.));
#4247 = DIRECTION('',(0.866025403784,0.5,0.));
#4248 = ADVANCED_FACE('',(#4249),#4265,.T.);
#4249 = FACE_BOUND('',#4250,.T.);
#4250 = EDGE_LOOP('',(#4251,#4252,#4258,#4259));
#4251 = ORIENTED_EDGE('',*,*,#605,.T.);
#4252 = ORIENTED_EDGE('',*,*,#4253,.T.);
#4253 = EDGE_CURVE('',#608,#2252,#4254,.T.);
#4254 = LINE('',#4255,#4256);
#4255 = CARTESIAN_POINT('',(22.5,29.252776749733,-2.));
#4256 = VECTOR('',#4257,1.);
#4257 = DIRECTION('',(0.,0.,1.));
#4258 = ORIENTED_EDGE('',*,*,#2249,.F.);
#4259 = ORIENTED_EDGE('',*,*,#4260,.F.);
#4260 = EDGE_CURVE('',#606,#2250,#4261,.T.);
#4261 = LINE('',#4262,#4263);
#4262 = CARTESIAN_POINT('',(19.25,27.376388374866,-2.));
#4263 = VECTOR('',#4264,1.);
#4264 = DIRECTION('',(0.,0.,1.));
#4265 = PLANE('',#4266);
#4266 = AXIS2_PLACEMENT_3D('',#4267,#4268,#4269);
#4267 = CARTESIAN_POINT('',(22.5,29.252776749733,-2.));
#4268 = DIRECTION('',(0.5,-0.866025403784,0.));
#4269 = DIRECTION('',(-0.866025403784,-0.5,0.));
#4270 = ADVANCED_FACE('',(#4271),#4282,.T.);
#4271 = FACE_BOUND('',#4272,.T.);
#4272 = EDGE_LOOP('',(#4273,#4274,#4275,#4276));
#4273 = ORIENTED_EDGE('',*,*,#647,.T.);
#4274 = ORIENTED_EDGE('',*,*,#4260,.T.);
#4275 = ORIENTED_EDGE('',*,*,#2291,.F.);
#4276 = ORIENTED_EDGE('',*,*,#4277,.F.);
#4277 = EDGE_CURVE('',#640,#2284,#4278,.T.);
#4278 = LINE('',#4279,#4280);
#4279 = CARTESIAN_POINT('',(19.25,23.623611625134,-2.));
#4280 = VECTOR('',#4281,1.);
#4281 = DIRECTION('',(0.,0.,1.));
#4282 = PLANE('',#4283);
#4283 = AXIS2_PLACEMENT_3D('',#4284,#4285,#4286);
#4284 = CARTESIAN_POINT('',(19.25,27.376388374866,-2.));
#4285 = DIRECTION('',(1.,0.,-0.));
#4286 = DIRECTION('',(0.,-1.,0.));
#4287 = ADVANCED_FACE('',(#4288),#4299,.T.);
#4288 = FACE_BOUND('',#4289,.T.);
#4289 = EDGE_LOOP('',(#4290,#4291,#4297,#4298));
#4290 = ORIENTED_EDGE('',*,*,#615,.T.);
#4291 = ORIENTED_EDGE('',*,*,#4292,.T.);
#4292 = EDGE_CURVE('',#616,#2260,#4293,.T.);
#4293 = LINE('',#4294,#4295);
#4294 = CARTESIAN_POINT('',(25.75,27.376388374866,-2.));
#4295 = VECTOR('',#4296,1.);
#4296 = DIRECTION('',(0.,0.,1.));
#4297 = ORIENTED_EDGE('',*,*,#2259,.F.);
#4298 = ORIENTED_EDGE('',*,*,#4253,.F.);
#4299 = PLANE('',#4300);
#4300 = AXIS2_PLACEMENT_3D('',#4301,#4302,#4303);
#4301 = CARTESIAN_POINT('',(25.75,27.376388374866,-2.));
#4302 = DIRECTION('',(-0.5,-0.866025403784,0.));
#4303 = DIRECTION('',(-0.866025403784,0.5,0.));
#4304 = ADVANCED_FACE('',(#4305),#4316,.T.);
#4305 = FACE_BOUND('',#4306,.T.);
#4306 = EDGE_LOOP('',(#4307,#4308,#4309,#4310));
#4307 = ORIENTED_EDGE('',*,*,#639,.T.);
#4308 = ORIENTED_EDGE('',*,*,#4277,.T.);
#4309 = ORIENTED_EDGE('',*,*,#2283,.F.);
#4310 = ORIENTED_EDGE('',*,*,#4311,.F.);
#4311 = EDGE_CURVE('',#632,#2276,#4312,.T.);
#4312 = LINE('',#4313,#4314);
#4313 = CARTESIAN_POINT('',(22.5,21.747223250267,-2.));
#4314 = VECTOR('',#4315,1.);
#4315 = DIRECTION('',(0.,0.,1.));
#4316 = PLANE('',#4317);
#4317 = AXIS2_PLACEMENT_3D('',#4318,#4319,#4320);
#4318 = CARTESIAN_POINT('',(19.25,23.623611625134,-2.));
#4319 = DIRECTION('',(0.5,0.866025403784,-0.));
#4320 = DIRECTION('',(0.866025403784,-0.5,0.));
#4321 = ADVANCED_FACE('',(#4322),#4333,.T.);
#4322 = FACE_BOUND('',#4323,.T.);
#4323 = EDGE_LOOP('',(#4324,#4325,#4331,#4332));
#4324 = ORIENTED_EDGE('',*,*,#623,.T.);
#4325 = ORIENTED_EDGE('',*,*,#4326,.T.);
#4326 = EDGE_CURVE('',#624,#2268,#4327,.T.);
#4327 = LINE('',#4328,#4329);
#4328 = CARTESIAN_POINT('',(25.75,23.623611625134,-2.));
#4329 = VECTOR('',#4330,1.);
#4330 = DIRECTION('',(0.,0.,1.));
#4331 = ORIENTED_EDGE('',*,*,#2267,.F.);
#4332 = ORIENTED_EDGE('',*,*,#4292,.F.);
#4333 = PLANE('',#4334);
#4334 = AXIS2_PLACEMENT_3D('',#4335,#4336,#4337);
#4335 = CARTESIAN_POINT('',(25.75,23.623611625134,-2.));
#4336 = DIRECTION('',(-1.,0.,0.));
#4337 = DIRECTION('',(0.,1.,0.));
#4338 = ADVANCED_FACE('',(#4339),#4345,.T.);
#4339 = FACE_BOUND('',#4340,.T.);
#4340 = EDGE_LOOP('',(#4341,#4342,#4343,#4344));
#4341 = ORIENTED_EDGE('',*,*,#631,.T.);
#4342 = ORIENTED_EDGE('',*,*,#4311,.T.);
#4343 = ORIENTED_EDGE('',*,*,#2275,.F.);
#4344 = ORIENTED_EDGE('',*,*,#4326,.F.);
#4345 = PLANE('',#4346);
#4346 = AXIS2_PLACEMENT_3D('',#4347,#4348,#4349);
#4347 = CARTESIAN_POINT('',(22.5,21.747223250267,-2.));
#4348 = DIRECTION('',(-0.5,0.866025403784,0.));
#4349 = DIRECTION('',(0.866025403784,0.5,0.));
#4350 = ADVANCED_FACE('',(#4351),#4367,.T.);
#4351 = FACE_BOUND('',#4352,.T.);
#4352 = EDGE_LOOP('',(#4353,#4354,#4360,#4361));
#4353 = ORIENTED_EDGE('',*,*,#655,.T.);
#4354 = ORIENTED_EDGE('',*,*,#4355,.T.);
#4355 = EDGE_CURVE('',#658,#2302,#4356,.T.);
#4356 = LINE('',#4357,#4358);
#4357 = CARTESIAN_POINT('',(31.5,29.252776749733,-2.));
#4358 = VECTOR('',#4359,1.);
#4359 = DIRECTION('',(0.,0.,1.));
#4360 = ORIENTED_EDGE('',*,*,#2299,.F.);
#4361 = ORIENTED_EDGE('',*,*,#4362,.F.);
#4362 = EDGE_CURVE('',#656,#2300,#4363,.T.);
#4363 = LINE('',#4364,#4365);
#4364 = CARTESIAN_POINT('',(28.25,27.376388374866,-2.));
#4365 = VECTOR('',#4366,1.);
#4366 = DIRECTION('',(0.,0.,1.));
#4367 = PLANE('',#4368);
#4368 = AXIS2_PLACEMENT_3D('',#4369,#4370,#4371);
#4369 = CARTESIAN_POINT('',(31.5,29.252776749733,-2.));
#4370 = DIRECTION('',(0.5,-0.866025403784,0.));
#4371 = DIRECTION('',(-0.866025403784,-0.5,0.));
#4372 = ADVANCED_FACE('',(#4373),#4384,.T.);
#4373 = FACE_BOUND('',#4374,.T.);
#4374 = EDGE_LOOP('',(#4375,#4376,#4377,#4378));
#4375 = ORIENTED_EDGE('',*,*,#697,.T.);
#4376 = ORIENTED_EDGE('',*,*,#4362,.T.);
#4377 = ORIENTED_EDGE('',*,*,#2341,.F.);
#4378 = ORIENTED_EDGE('',*,*,#4379,.F.);
#4379 = EDGE_CURVE('',#690,#2334,#4380,.T.);
#4380 = LINE('',#4381,#4382);
#4381 = CARTESIAN_POINT('',(28.25,23.623611625134,-2.));
#4382 = VECTOR('',#4383,1.);
#4383 = DIRECTION('',(0.,0.,1.));
#4384 = PLANE('',#4385);
#4385 = AXIS2_PLACEMENT_3D('',#4386,#4387,#4388);
#4386 = CARTESIAN_POINT('',(28.25,27.376388374866,-2.));
#4387 = DIRECTION('',(1.,0.,-0.));
#4388 = DIRECTION('',(0.,-1.,0.));
#4389 = ADVANCED_FACE('',(#4390),#4401,.T.);
#4390 = FACE_BOUND('',#4391,.T.);
#4391 = EDGE_LOOP('',(#4392,#4393,#4399,#4400));
#4392 = ORIENTED_EDGE('',*,*,#665,.T.);
#4393 = ORIENTED_EDGE('',*,*,#4394,.T.);
#4394 = EDGE_CURVE('',#666,#2310,#4395,.T.);
#4395 = LINE('',#4396,#4397);
#4396 = CARTESIAN_POINT('',(34.75,27.376388374866,-2.));
#4397 = VECTOR('',#4398,1.);
#4398 = DIRECTION('',(0.,0.,1.));
#4399 = ORIENTED_EDGE('',*,*,#2309,.F.);
#4400 = ORIENTED_EDGE('',*,*,#4355,.F.);
#4401 = PLANE('',#4402);
#4402 = AXIS2_PLACEMENT_3D('',#4403,#4404,#4405);
#4403 = CARTESIAN_POINT('',(34.75,27.376388374866,-2.));
#4404 = DIRECTION('',(-0.5,-0.866025403784,0.));
#4405 = DIRECTION('',(-0.866025403784,0.5,0.));
#4406 = ADVANCED_FACE('',(#4407),#4418,.T.);
#4407 = FACE_BOUND('',#4408,.T.);
#4408 = EDGE_LOOP('',(#4409,#4410,#4411,#4412));
#4409 = ORIENTED_EDGE('',*,*,#689,.T.);
#4410 = ORIENTED_EDGE('',*,*,#4379,.T.);
#4411 = ORIENTED_EDGE('',*,*,#2333,.F.);
#4412 = ORIENTED_EDGE('',*,*,#4413,.F.);
#4413 = EDGE_CURVE('',#682,#2326,#4414,.T.);
#4414 = LINE('',#4415,#4416);
#4415 = CARTESIAN_POINT('',(31.5,21.747223250267,-2.));
#4416 = VECTOR('',#4417,1.);
#4417 = DIRECTION('',(0.,0.,1.));
#4418 = PLANE('',#4419);
#4419 = AXIS2_PLACEMENT_3D('',#4420,#4421,#4422);
#4420 = CARTESIAN_POINT('',(28.25,23.623611625134,-2.));
#4421 = DIRECTION('',(0.5,0.866025403784,-0.));
#4422 = DIRECTION('',(0.866025403784,-0.5,0.));
#4423 = ADVANCED_FACE('',(#4424),#4435,.T.);
#4424 = FACE_BOUND('',#4425,.T.);
#4425 = EDGE_LOOP('',(#4426,#4427,#4433,#4434));
#4426 = ORIENTED_EDGE('',*,*,#673,.T.);
#4427 = ORIENTED_EDGE('',*,*,#4428,.T.);
#4428 = EDGE_CURVE('',#674,#2318,#4429,.T.);
#4429 = LINE('',#4430,#4431);
#4430 = CARTESIAN_POINT('',(34.75,23.623611625134,-2.));
#4431 = VECTOR('',#4432,1.);
#4432 = DIRECTION('',(0.,0.,1.));
#4433 = ORIENTED_EDGE('',*,*,#2317,.F.);
#4434 = ORIENTED_EDGE('',*,*,#4394,.F.);
#4435 = PLANE('',#4436);
#4436 = AXIS2_PLACEMENT_3D('',#4437,#4438,#4439);
#4437 = CARTESIAN_POINT('',(34.75,23.623611625134,-2.));
#4438 = DIRECTION('',(-1.,0.,0.));
#4439 = DIRECTION('',(0.,1.,0.));
#4440 = ADVANCED_FACE('',(#4441),#4447,.T.);
#4441 = FACE_BOUND('',#4442,.T.);
#4442 = EDGE_LOOP('',(#4443,#4444,#4445,#4446));
#4443 = ORIENTED_EDGE('',*,*,#681,.T.);
#4444 = ORIENTED_EDGE('',*,*,#4413,.T.);
#4445 = ORIENTED_EDGE('',*,*,#2325,.F.);
#4446 = ORIENTED_EDGE('',*,*,#4428,.F.);
#4447 = PLANE('',#4448);
#4448 = AXIS2_PLACEMENT_3D('',#4449,#4450,#4451);
#4449 = CARTESIAN_POINT('',(31.5,21.747223250267,-2.));
#4450 = DIRECTION('',(-0.5,0.866025403784,0.));
#4451 = DIRECTION('',(0.866025403784,0.5,0.));
#4452 = ADVANCED_FACE('',(#4453),#4469,.T.);
#4453 = FACE_BOUND('',#4454,.T.);
#4454 = EDGE_LOOP('',(#4455,#4456,#4462,#4463));
#4455 = ORIENTED_EDGE('',*,*,#705,.T.);
#4456 = ORIENTED_EDGE('',*,*,#4457,.T.);
#4457 = EDGE_CURVE('',#708,#2352,#4458,.T.);
#4458 = LINE('',#4459,#4460);
#4459 = CARTESIAN_POINT('',(40.5,29.252776749733,-2.));
#4460 = VECTOR('',#4461,1.);
#4461 = DIRECTION('',(0.,0.,1.));
#4462 = ORIENTED_EDGE('',*,*,#2349,.F.);
#4463 = ORIENTED_EDGE('',*,*,#4464,.F.);
#4464 = EDGE_CURVE('',#706,#2350,#4465,.T.);
#4465 = LINE('',#4466,#4467);
#4466 = CARTESIAN_POINT('',(37.25,27.376388374866,-2.));
#4467 = VECTOR('',#4468,1.);
#4468 = DIRECTION('',(0.,0.,1.));
#4469 = PLANE('',#4470);
#4470 = AXIS2_PLACEMENT_3D('',#4471,#4472,#4473);
#4471 = CARTESIAN_POINT('',(40.5,29.252776749733,-2.));
#4472 = DIRECTION('',(0.5,-0.866025403784,0.));
#4473 = DIRECTION('',(-0.866025403784,-0.5,0.));
#4474 = ADVANCED_FACE('',(#4475),#4486,.T.);
#4475 = FACE_BOUND('',#4476,.T.);
#4476 = EDGE_LOOP('',(#4477,#4478,#4479,#4480));
#4477 = ORIENTED_EDGE('',*,*,#747,.T.);
#4478 = ORIENTED_EDGE('',*,*,#4464,.T.);
#4479 = ORIENTED_EDGE('',*,*,#2391,.F.);
#4480 = ORIENTED_EDGE('',*,*,#4481,.F.);
#4481 = EDGE_CURVE('',#740,#2384,#4482,.T.);
#4482 = LINE('',#4483,#4484);
#4483 = CARTESIAN_POINT('',(37.25,23.623611625134,-2.));
#4484 = VECTOR('',#4485,1.);
#4485 = DIRECTION('',(0.,0.,1.));
#4486 = PLANE('',#4487);
#4487 = AXIS2_PLACEMENT_3D('',#4488,#4489,#4490);
#4488 = CARTESIAN_POINT('',(37.25,27.376388374866,-2.));
#4489 = DIRECTION('',(1.,0.,-0.));
#4490 = DIRECTION('',(0.,-1.,0.));
#4491 = ADVANCED_FACE('',(#4492),#4503,.T.);
#4492 = FACE_BOUND('',#4493,.T.);
#4493 = EDGE_LOOP('',(#4494,#4495,#4501,#4502));
#4494 = ORIENTED_EDGE('',*,*,#715,.T.);
#4495 = ORIENTED_EDGE('',*,*,#4496,.T.);
#4496 = EDGE_CURVE('',#716,#2360,#4497,.T.);
#4497 = LINE('',#4498,#4499);
#4498 = CARTESIAN_POINT('',(43.75,27.376388374866,-2.));
#4499 = VECTOR('',#4500,1.);
#4500 = DIRECTION('',(0.,0.,1.));
#4501 = ORIENTED_EDGE('',*,*,#2359,.F.);
#4502 = ORIENTED_EDGE('',*,*,#4457,.F.);
#4503 = PLANE('',#4504);
#4504 = AXIS2_PLACEMENT_3D('',#4505,#4506,#4507);
#4505 = CARTESIAN_POINT('',(43.75,27.376388374866,-2.));
#4506 = DIRECTION('',(-0.5,-0.866025403784,0.));
#4507 = DIRECTION('',(-0.866025403784,0.5,0.));
#4508 = ADVANCED_FACE('',(#4509),#4520,.T.);
#4509 = FACE_BOUND('',#4510,.T.);
#4510 = EDGE_LOOP('',(#4511,#4512,#4513,#4514));
#4511 = ORIENTED_EDGE('',*,*,#739,.T.);
#4512 = ORIENTED_EDGE('',*,*,#4481,.T.);
#4513 = ORIENTED_EDGE('',*,*,#2383,.F.);
#4514 = ORIENTED_EDGE('',*,*,#4515,.F.);
#4515 = EDGE_CURVE('',#732,#2376,#4516,.T.);
#4516 = LINE('',#4517,#4518);
#4517 = CARTESIAN_POINT('',(40.5,21.747223250267,-2.));
#4518 = VECTOR('',#4519,1.);
#4519 = DIRECTION('',(0.,0.,1.));
#4520 = PLANE('',#4521);
#4521 = AXIS2_PLACEMENT_3D('',#4522,#4523,#4524);
#4522 = CARTESIAN_POINT('',(37.25,23.623611625134,-2.));
#4523 = DIRECTION('',(0.5,0.866025403784,-0.));
#4524 = DIRECTION('',(0.866025403784,-0.5,0.));
#4525 = ADVANCED_FACE('',(#4526),#4537,.T.);
#4526 = FACE_BOUND('',#4527,.T.);
#4527 = EDGE_LOOP('',(#4528,#4529,#4535,#4536));
#4528 = ORIENTED_EDGE('',*,*,#723,.T.);
#4529 = ORIENTED_EDGE('',*,*,#4530,.T.);
#4530 = EDGE_CURVE('',#724,#2368,#4531,.T.);
#4531 = LINE('',#4532,#4533);
#4532 = CARTESIAN_POINT('',(43.75,23.623611625134,-2.));
#4533 = VECTOR('',#4534,1.);
#4534 = DIRECTION('',(0.,0.,1.));
#4535 = ORIENTED_EDGE('',*,*,#2367,.F.);
#4536 = ORIENTED_EDGE('',*,*,#4496,.F.);
#4537 = PLANE('',#4538);
#4538 = AXIS2_PLACEMENT_3D('',#4539,#4540,#4541);
#4539 = CARTESIAN_POINT('',(43.75,23.623611625134,-2.));
#4540 = DIRECTION('',(-1.,0.,0.));
#4541 = DIRECTION('',(0.,1.,0.));
#4542 = ADVANCED_FACE('',(#4543),#4549,.T.);
#4543 = FACE_BOUND('',#4544,.T.);
#4544 = EDGE_LOOP('',(#4545,#4546,#4547,#4548));
#4545 = ORIENTED_EDGE('',*,*,#731,.T.);
#4546 = ORIENTED_EDGE('',*,*,#4515,.T.);
#4547 = ORIENTED_EDGE('',*,*,#2375,.F.);
#4548 = ORIENTED_EDGE('',*,*,#4530,.F.);
#4549 = PLANE('',#4550);
#4550 = AXIS2_PLACEMENT_3D('',#4551,#4552,#4553);
#4551 = CARTESIAN_POINT('',(40.5,21.747223250267,-2.));
#4552 = DIRECTION('',(-0.5,0.866025403784,0.));
#4553 = DIRECTION('',(0.866025403784,0.5,0.));
#4554 = ADVANCED_FACE('',(#4555),#4571,.T.);
#4555 = FACE_BOUND('',#4556,.T.);
#4556 = EDGE_LOOP('',(#4557,#4558,#4564,#4565));
#4557 = ORIENTED_EDGE('',*,*,#755,.T.);
#4558 = ORIENTED_EDGE('',*,*,#4559,.T.);
#4559 = EDGE_CURVE('',#758,#2402,#4560,.T.);
#4560 = LINE('',#4561,#4562);
#4561 = CARTESIAN_POINT('',(49.5,29.252776749733,-2.));
#4562 = VECTOR('',#4563,1.);
#4563 = DIRECTION('',(0.,0.,1.));
#4564 = ORIENTED_EDGE('',*,*,#2399,.F.);
#4565 = ORIENTED_EDGE('',*,*,#4566,.F.);
#4566 = EDGE_CURVE('',#756,#2400,#4567,.T.);
#4567 = LINE('',#4568,#4569);
#4568 = CARTESIAN_POINT('',(46.25,27.376388374866,-2.));
#4569 = VECTOR('',#4570,1.);
#4570 = DIRECTION('',(0.,0.,1.));
#4571 = PLANE('',#4572);
#4572 = AXIS2_PLACEMENT_3D('',#4573,#4574,#4575);
#4573 = CARTESIAN_POINT('',(49.5,29.252776749733,-2.));
#4574 = DIRECTION('',(0.5,-0.866025403784,0.));
#4575 = DIRECTION('',(-0.866025403784,-0.5,0.));
#4576 = ADVANCED_FACE('',(#4577),#4588,.T.);
#4577 = FACE_BOUND('',#4578,.T.);
#4578 = EDGE_LOOP('',(#4579,#4580,#4581,#4582));
#4579 = ORIENTED_EDGE('',*,*,#797,.T.);
#4580 = ORIENTED_EDGE('',*,*,#4566,.T.);
#4581 = ORIENTED_EDGE('',*,*,#2441,.F.);
#4582 = ORIENTED_EDGE('',*,*,#4583,.F.);
#4583 = EDGE_CURVE('',#790,#2434,#4584,.T.);
#4584 = LINE('',#4585,#4586);
#4585 = CARTESIAN_POINT('',(46.25,23.623611625134,-2.));
#4586 = VECTOR('',#4587,1.);
#4587 = DIRECTION('',(0.,0.,1.));
#4588 = PLANE('',#4589);
#4589 = AXIS2_PLACEMENT_3D('',#4590,#4591,#4592);
#4590 = CARTESIAN_POINT('',(46.25,27.376388374866,-2.));
#4591 = DIRECTION('',(1.,0.,-0.));
#4592 = DIRECTION('',(0.,-1.,0.));
#4593 = ADVANCED_FACE('',(#4594),#4605,.T.);
#4594 = FACE_BOUND('',#4595,.T.);
#4595 = EDGE_LOOP('',(#4596,#4597,#4603,#4604));
#4596 = ORIENTED_EDGE('',*,*,#765,.T.);
#4597 = ORIENTED_EDGE('',*,*,#4598,.T.);
#4598 = EDGE_CURVE('',#766,#2410,#4599,.T.);
#4599 = LINE('',#4600,#4601);
#4600 = CARTESIAN_POINT('',(52.75,27.376388374866,-2.));
#4601 = VECTOR('',#4602,1.);
#4602 = DIRECTION('',(0.,0.,1.));
#4603 = ORIENTED_EDGE('',*,*,#2409,.F.);
#4604 = ORIENTED_EDGE('',*,*,#4559,.F.);
#4605 = PLANE('',#4606);
#4606 = AXIS2_PLACEMENT_3D('',#4607,#4608,#4609);
#4607 = CARTESIAN_POINT('',(52.75,27.376388374866,-2.));
#4608 = DIRECTION('',(-0.5,-0.866025403784,0.));
#4609 = DIRECTION('',(-0.866025403784,0.5,0.));
#4610 = ADVANCED_FACE('',(#4611),#4622,.T.);
#4611 = FACE_BOUND('',#4612,.T.);
#4612 = EDGE_LOOP('',(#4613,#4614,#4615,#4616));
#4613 = ORIENTED_EDGE('',*,*,#789,.T.);
#4614 = ORIENTED_EDGE('',*,*,#4583,.T.);
#4615 = ORIENTED_EDGE('',*,*,#2433,.F.);
#4616 = ORIENTED_EDGE('',*,*,#4617,.F.);
#4617 = EDGE_CURVE('',#782,#2426,#4618,.T.);
#4618 = LINE('',#4619,#4620);
#4619 = CARTESIAN_POINT('',(49.5,21.747223250267,-2.));
#4620 = VECTOR('',#4621,1.);
#4621 = DIRECTION('',(0.,0.,1.));
#4622 = PLANE('',#4623);
#4623 = AXIS2_PLACEMENT_3D('',#4624,#4625,#4626);
#4624 = CARTESIAN_POINT('',(46.25,23.623611625134,-2.));
#4625 = DIRECTION('',(0.5,0.866025403784,-0.));
#4626 = DIRECTION('',(0.866025403784,-0.5,0.));
#4627 = ADVANCED_FACE('',(#4628),#4639,.T.);
#4628 = FACE_BOUND('',#4629,.T.);
#4629 = EDGE_LOOP('',(#4630,#4631,#4637,#4638));
#4630 = ORIENTED_EDGE('',*,*,#773,.T.);
#4631 = ORIENTED_EDGE('',*,*,#4632,.T.);
#4632 = EDGE_CURVE('',#774,#2418,#4633,.T.);
#4633 = LINE('',#4634,#4635);
#4634 = CARTESIAN_POINT('',(52.75,23.623611625134,-2.));
#4635 = VECTOR('',#4636,1.);
#4636 = DIRECTION('',(0.,0.,1.));
#4637 = ORIENTED_EDGE('',*,*,#2417,.F.);
#4638 = ORIENTED_EDGE('',*,*,#4598,.F.);
#4639 = PLANE('',#4640);
#4640 = AXIS2_PLACEMENT_3D('',#4641,#4642,#4643);
#4641 = CARTESIAN_POINT('',(52.75,23.623611625134,-2.));
#4642 = DIRECTION('',(-1.,0.,0.));
#4643 = DIRECTION('',(0.,1.,0.));
#4644 = ADVANCED_FACE('',(#4645),#4651,.T.);
#4645 = FACE_BOUND('',#4646,.T.);
#4646 = EDGE_LOOP('',(#4647,#4648,#4649,#4650));
#4647 = ORIENTED_EDGE('',*,*,#781,.T.);
#4648 = ORIENTED_EDGE('',*,*,#4617,.T.);
#4649 = ORIENTED_EDGE('',*,*,#2425,.F.);
#4650 = ORIENTED_EDGE('',*,*,#4632,.F.);
#4651 = PLANE('',#4652);
#4652 = AXIS2_PLACEMENT_3D('',#4653,#4654,#4655);
#4653 = CARTESIAN_POINT('',(49.5,21.747223250267,-2.));
#4654 = DIRECTION('',(-0.5,0.866025403784,0.));
#4655 = DIRECTION('',(0.866025403784,0.5,0.));
#4656 = ADVANCED_FACE('',(#4657),#4673,.T.);
#4657 = FACE_BOUND('',#4658,.T.);
#4658 = EDGE_LOOP('',(#4659,#4660,#4666,#4667));
#4659 = ORIENTED_EDGE('',*,*,#805,.T.);
#4660 = ORIENTED_EDGE('',*,*,#4661,.T.);
#4661 = EDGE_CURVE('',#808,#2452,#4662,.T.);
#4662 = LINE('',#4663,#4664);
#4663 = CARTESIAN_POINT('',(58.5,29.252776749733,-2.));
#4664 = VECTOR('',#4665,1.);
#4665 = DIRECTION('',(0.,0.,1.));
#4666 = ORIENTED_EDGE('',*,*,#2449,.F.);
#4667 = ORIENTED_EDGE('',*,*,#4668,.F.);
#4668 = EDGE_CURVE('',#806,#2450,#4669,.T.);
#4669 = LINE('',#4670,#4671);
#4670 = CARTESIAN_POINT('',(55.25,27.376388374866,-2.));
#4671 = VECTOR('',#4672,1.);
#4672 = DIRECTION('',(0.,0.,1.));
#4673 = PLANE('',#4674);
#4674 = AXIS2_PLACEMENT_3D('',#4675,#4676,#4677);
#4675 = CARTESIAN_POINT('',(58.5,29.252776749733,-2.));
#4676 = DIRECTION('',(0.5,-0.866025403784,0.));
#4677 = DIRECTION('',(-0.866025403784,-0.5,0.));
#4678 = ADVANCED_FACE('',(#4679),#4690,.T.);
#4679 = FACE_BOUND('',#4680,.T.);
#4680 = EDGE_LOOP('',(#4681,#4682,#4683,#4684));
#4681 = ORIENTED_EDGE('',*,*,#847,.T.);
#4682 = ORIENTED_EDGE('',*,*,#4668,.T.);
#4683 = ORIENTED_EDGE('',*,*,#2491,.F.);
#4684 = ORIENTED_EDGE('',*,*,#4685,.F.);
#4685 = EDGE_CURVE('',#840,#2484,#4686,.T.);
#4686 = LINE('',#4687,#4688);
#4687 = CARTESIAN_POINT('',(55.25,23.623611625134,-2.));
#4688 = VECTOR('',#4689,1.);
#4689 = DIRECTION('',(0.,0.,1.));
#4690 = PLANE('',#4691);
#4691 = AXIS2_PLACEMENT_3D('',#4692,#4693,#4694);
#4692 = CARTESIAN_POINT('',(55.25,27.376388374866,-2.));
#4693 = DIRECTION('',(1.,0.,-0.));
#4694 = DIRECTION('',(0.,-1.,0.));
#4695 = ADVANCED_FACE('',(#4696),#4707,.T.);
#4696 = FACE_BOUND('',#4697,.T.);
#4697 = EDGE_LOOP('',(#4698,#4699,#4705,#4706));
#4698 = ORIENTED_EDGE('',*,*,#815,.T.);
#4699 = ORIENTED_EDGE('',*,*,#4700,.T.);
#4700 = EDGE_CURVE('',#816,#2460,#4701,.T.);
#4701 = LINE('',#4702,#4703);
#4702 = CARTESIAN_POINT('',(61.75,27.376388374866,-2.));
#4703 = VECTOR('',#4704,1.);
#4704 = DIRECTION('',(0.,0.,1.));
#4705 = ORIENTED_EDGE('',*,*,#2459,.F.);
#4706 = ORIENTED_EDGE('',*,*,#4661,.F.);
#4707 = PLANE('',#4708);
#4708 = AXIS2_PLACEMENT_3D('',#4709,#4710,#4711);
#4709 = CARTESIAN_POINT('',(61.75,27.376388374866,-2.));
#4710 = DIRECTION('',(-0.5,-0.866025403784,0.));
#4711 = DIRECTION('',(-0.866025403784,0.5,0.));
#4712 = ADVANCED_FACE('',(#4713),#4724,.T.);
#4713 = FACE_BOUND('',#4714,.T.);
#4714 = EDGE_LOOP('',(#4715,#4716,#4717,#4718));
#4715 = ORIENTED_EDGE('',*,*,#839,.T.);
#4716 = ORIENTED_EDGE('',*,*,#4685,.T.);
#4717 = ORIENTED_EDGE('',*,*,#2483,.F.);
#4718 = ORIENTED_EDGE('',*,*,#4719,.F.);
#4719 = EDGE_CURVE('',#832,#2476,#4720,.T.);
#4720 = LINE('',#4721,#4722);
#4721 = CARTESIAN_POINT('',(58.5,21.747223250267,-2.));
#4722 = VECTOR('',#4723,1.);
#4723 = DIRECTION('',(0.,0.,1.));
#4724 = PLANE('',#4725);
#4725 = AXIS2_PLACEMENT_3D('',#4726,#4727,#4728);
#4726 = CARTESIAN_POINT('',(55.25,23.623611625134,-2.));
#4727 = DIRECTION('',(0.5,0.866025403784,-0.));
#4728 = DIRECTION('',(0.866025403784,-0.5,0.));
#4729 = ADVANCED_FACE('',(#4730),#4741,.T.);
#4730 = FACE_BOUND('',#4731,.T.);
#4731 = EDGE_LOOP('',(#4732,#4733,#4739,#4740));
#4732 = ORIENTED_EDGE('',*,*,#823,.T.);
#4733 = ORIENTED_EDGE('',*,*,#4734,.T.);
#4734 = EDGE_CURVE('',#824,#2468,#4735,.T.);
#4735 = LINE('',#4736,#4737);
#4736 = CARTESIAN_POINT('',(61.75,23.623611625134,-2.));
#4737 = VECTOR('',#4738,1.);
#4738 = DIRECTION('',(0.,0.,1.));
#4739 = ORIENTED_EDGE('',*,*,#2467,.F.);
#4740 = ORIENTED_EDGE('',*,*,#4700,.F.);
#4741 = PLANE('',#4742);
#4742 = AXIS2_PLACEMENT_3D('',#4743,#4744,#4745);
#4743 = CARTESIAN_POINT('',(61.75,23.623611625134,-2.));
#4744 = DIRECTION('',(-1.,0.,0.));
#4745 = DIRECTION('',(0.,1.,0.));
#4746 = ADVANCED_FACE('',(#4747),#4753,.T.);
#4747 = FACE_BOUND('',#4748,.T.);
#4748 = EDGE_LOOP('',(#4749,#4750,#4751,#4752));
#4749 = ORIENTED_EDGE('',*,*,#831,.T.);
#4750 = ORIENTED_EDGE('',*,*,#4719,.T.);
#4751 = ORIENTED_EDGE('',*,*,#2475,.F.);
#4752 = ORIENTED_EDGE('',*,*,#4734,.F.);
#4753 = PLANE('',#4754);
#4754 = AXIS2_PLACEMENT_3D('',#4755,#4756,#4757);
#4755 = CARTESIAN_POINT('',(58.5,21.747223250267,-2.));
#4756 = DIRECTION('',(-0.5,0.866025403784,0.));
#4757 = DIRECTION('',(0.866025403784,0.5,0.));
#4758 = ADVANCED_FACE('',(#4759),#4775,.T.);
#4759 = FACE_BOUND('',#4760,.T.);
#4760 = EDGE_LOOP('',(#4761,#4762,#4768,#4769));
#4761 = ORIENTED_EDGE('',*,*,#855,.T.);
#4762 = ORIENTED_EDGE('',*,*,#4763,.T.);
#4763 = EDGE_CURVE('',#858,#2502,#4764,.T.);
#4764 = LINE('',#4765,#4766);
#4765 = CARTESIAN_POINT('',(67.5,29.252776749733,-2.));
#4766 = VECTOR('',#4767,1.);
#4767 = DIRECTION('',(0.,0.,1.));
#4768 = ORIENTED_EDGE('',*,*,#2499,.F.);
#4769 = ORIENTED_EDGE('',*,*,#4770,.F.);
#4770 = EDGE_CURVE('',#856,#2500,#4771,.T.);
#4771 = LINE('',#4772,#4773);
#4772 = CARTESIAN_POINT('',(64.25,27.376388374866,-2.));
#4773 = VECTOR('',#4774,1.);
#4774 = DIRECTION('',(0.,0.,1.));
#4775 = PLANE('',#4776);
#4776 = AXIS2_PLACEMENT_3D('',#4777,#4778,#4779);
#4777 = CARTESIAN_POINT('',(67.5,29.252776749733,-2.));
#4778 = DIRECTION('',(0.5,-0.866025403784,0.));
#4779 = DIRECTION('',(-0.866025403784,-0.5,0.));
#4780 = ADVANCED_FACE('',(#4781),#4792,.T.);
#4781 = FACE_BOUND('',#4782,.T.);
#4782 = EDGE_LOOP('',(#4783,#4784,#4785,#4786));
#4783 = ORIENTED_EDGE('',*,*,#897,.T.);
#4784 = ORIENTED_EDGE('',*,*,#4770,.T.);
#4785 = ORIENTED_EDGE('',*,*,#2541,.F.);
#4786 = ORIENTED_EDGE('',*,*,#4787,.F.);
#4787 = EDGE_CURVE('',#890,#2534,#4788,.T.);
#4788 = LINE('',#4789,#4790);
#4789 = CARTESIAN_POINT('',(64.25,23.623611625134,-2.));
#4790 = VECTOR('',#4791,1.);
#4791 = DIRECTION('',(0.,0.,1.));
#4792 = PLANE('',#4793);
#4793 = AXIS2_PLACEMENT_3D('',#4794,#4795,#4796);
#4794 = CARTESIAN_POINT('',(64.25,27.376388374866,-2.));
#4795 = DIRECTION('',(1.,0.,-0.));
#4796 = DIRECTION('',(0.,-1.,0.));
#4797 = ADVANCED_FACE('',(#4798),#4809,.T.);
#4798 = FACE_BOUND('',#4799,.T.);
#4799 = EDGE_LOOP('',(#4800,#4801,#4807,#4808));
#4800 = ORIENTED_EDGE('',*,*,#865,.T.);
#4801 = ORIENTED_EDGE('',*,*,#4802,.T.);
#4802 = EDGE_CURVE('',#866,#2510,#4803,.T.);
#4803 = LINE('',#4804,#4805);
#4804 = CARTESIAN_POINT('',(70.75,27.376388374866,-2.));
#4805 = VECTOR('',#4806,1.);
#4806 = DIRECTION('',(0.,0.,1.));
#4807 = ORIENTED_EDGE('',*,*,#2509,.F.);
#4808 = ORIENTED_EDGE('',*,*,#4763,.F.);
#4809 = PLANE('',#4810);
#4810 = AXIS2_PLACEMENT_3D('',#4811,#4812,#4813);
#4811 = CARTESIAN_POINT('',(70.75,27.376388374866,-2.));
#4812 = DIRECTION('',(-0.5,-0.866025403784,0.));
#4813 = DIRECTION('',(-0.866025403784,0.5,0.));
#4814 = ADVANCED_FACE('',(#4815),#4826,.T.);
#4815 = FACE_BOUND('',#4816,.T.);
#4816 = EDGE_LOOP('',(#4817,#4818,#4819,#4820));
#4817 = ORIENTED_EDGE('',*,*,#889,.T.);
#4818 = ORIENTED_EDGE('',*,*,#4787,.T.);
#4819 = ORIENTED_EDGE('',*,*,#2533,.F.);
#4820 = ORIENTED_EDGE('',*,*,#4821,.F.);
#4821 = EDGE_CURVE('',#882,#2526,#4822,.T.);
#4822 = LINE('',#4823,#4824);
#4823 = CARTESIAN_POINT('',(67.5,21.747223250267,-2.));
#4824 = VECTOR('',#4825,1.);
#4825 = DIRECTION('',(0.,0.,1.));
#4826 = PLANE('',#4827);
#4827 = AXIS2_PLACEMENT_3D('',#4828,#4829,#4830);
#4828 = CARTESIAN_POINT('',(64.25,23.623611625134,-2.));
#4829 = DIRECTION('',(0.5,0.866025403784,-0.));
#4830 = DIRECTION('',(0.866025403784,-0.5,0.));
#4831 = ADVANCED_FACE('',(#4832),#4843,.T.);
#4832 = FACE_BOUND('',#4833,.T.);
#4833 = EDGE_LOOP('',(#4834,#4835,#4841,#4842));
#4834 = ORIENTED_EDGE('',*,*,#873,.T.);
#4835 = ORIENTED_EDGE('',*,*,#4836,.T.);
#4836 = EDGE_CURVE('',#874,#2518,#4837,.T.);
#4837 = LINE('',#4838,#4839);
#4838 = CARTESIAN_POINT('',(70.75,23.623611625134,-2.));
#4839 = VECTOR('',#4840,1.);
#4840 = DIRECTION('',(0.,0.,1.));
#4841 = ORIENTED_EDGE('',*,*,#2517,.F.);
#4842 = ORIENTED_EDGE('',*,*,#4802,.F.);
#4843 = PLANE('',#4844);
#4844 = AXIS2_PLACEMENT_3D('',#4845,#4846,#4847);
#4845 = CARTESIAN_POINT('',(70.75,23.623611625134,-2.));
#4846 = DIRECTION('',(-1.,0.,0.));
#4847 = DIRECTION('',(0.,1.,0.));
#4848 = ADVANCED_FACE('',(#4849),#4855,.T.);
#4849 = FACE_BOUND('',#4850,.T.);
#4850 = EDGE_LOOP('',(#4851,#4852,#4853,#4854));
#4851 = ORIENTED_EDGE('',*,*,#881,.T.);
#4852 = ORIENTED_EDGE('',*,*,#4821,.T.);
#4853 = ORIENTED_EDGE('',*,*,#2525,.F.);
#4854 = ORIENTED_EDGE('',*,*,#4836,.F.);
#4855 = PLANE('',#4856);
#4856 = AXIS2_PLACEMENT_3D('',#4857,#4858,#4859);
#4857 = CARTESIAN_POINT('',(67.5,21.747223250267,-2.));
#4858 = DIRECTION('',(-0.5,0.866025403784,0.));
#4859 = DIRECTION('',(0.866025403784,0.5,0.));
#4860 = ADVANCED_FACE('',(#4861),#4877,.T.);
#4861 = FACE_BOUND('',#4862,.T.);
#4862 = EDGE_LOOP('',(#4863,#4864,#4870,#4871));
#4863 = ORIENTED_EDGE('',*,*,#905,.T.);
#4864 = ORIENTED_EDGE('',*,*,#4865,.T.);
#4865 = EDGE_CURVE('',#908,#2552,#4866,.T.);
#4866 = LINE('',#4867,#4868);
#4867 = CARTESIAN_POINT('',(76.5,29.252776749733,-2.));
#4868 = VECTOR('',#4869,1.);
#4869 = DIRECTION('',(0.,0.,1.));
#4870 = ORIENTED_EDGE('',*,*,#2549,.F.);
#4871 = ORIENTED_EDGE('',*,*,#4872,.F.);
#4872 = EDGE_CURVE('',#906,#2550,#4873,.T.);
#4873 = LINE('',#4874,#4875);
#4874 = CARTESIAN_POINT('',(73.25,27.376388374866,-2.));
#4875 = VECTOR('',#4876,1.);
#4876 = DIRECTION('',(0.,0.,1.));
#4877 = PLANE('',#4878);
#4878 = AXIS2_PLACEMENT_3D('',#4879,#4880,#4881);
#4879 = CARTESIAN_POINT('',(76.5,29.252776749733,-2.));
#4880 = DIRECTION('',(0.5,-0.866025403784,0.));
#4881 = DIRECTION('',(-0.866025403784,-0.5,0.));
#4882 = ADVANCED_FACE('',(#4883),#4894,.T.);
#4883 = FACE_BOUND('',#4884,.T.);
#4884 = EDGE_LOOP('',(#4885,#4886,#4887,#4888));
#4885 = ORIENTED_EDGE('',*,*,#947,.T.);
#4886 = ORIENTED_EDGE('',*,*,#4872,.T.);
#4887 = ORIENTED_EDGE('',*,*,#2591,.F.);
#4888 = ORIENTED_EDGE('',*,*,#4889,.F.);
#4889 = EDGE_CURVE('',#940,#2584,#4890,.T.);
#4890 = LINE('',#4891,#4892);
#4891 = CARTESIAN_POINT('',(73.25,23.623611625134,-2.));
#4892 = VECTOR('',#4893,1.);
#4893 = DIRECTION('',(0.,0.,1.));
#4894 = PLANE('',#4895);
#4895 = AXIS2_PLACEMENT_3D('',#4896,#4897,#4898);
#4896 = CARTESIAN_POINT('',(73.25,27.376388374866,-2.));
#4897 = DIRECTION('',(1.,0.,-0.));
#4898 = DIRECTION('',(0.,-1.,0.));
#4899 = ADVANCED_FACE('',(#4900),#4911,.T.);
#4900 = FACE_BOUND('',#4901,.T.);
#4901 = EDGE_LOOP('',(#4902,#4903,#4909,#4910));
#4902 = ORIENTED_EDGE('',*,*,#915,.T.);
#4903 = ORIENTED_EDGE('',*,*,#4904,.T.);
#4904 = EDGE_CURVE('',#916,#2560,#4905,.T.);
#4905 = LINE('',#4906,#4907);
#4906 = CARTESIAN_POINT('',(79.75,27.376388374866,-2.));
#4907 = VECTOR('',#4908,1.);
#4908 = DIRECTION('',(0.,0.,1.));
#4909 = ORIENTED_EDGE('',*,*,#2559,.F.);
#4910 = ORIENTED_EDGE('',*,*,#4865,.F.);
#4911 = PLANE('',#4912);
#4912 = AXIS2_PLACEMENT_3D('',#4913,#4914,#4915);
#4913 = CARTESIAN_POINT('',(79.75,27.376388374866,-2.));
#4914 = DIRECTION('',(-0.5,-0.866025403784,0.));
#4915 = DIRECTION('',(-0.866025403784,0.5,0.));
#4916 = ADVANCED_FACE('',(#4917),#4928,.T.);
#4917 = FACE_BOUND('',#4918,.T.);
#4918 = EDGE_LOOP('',(#4919,#4920,#4921,#4922));
#4919 = ORIENTED_EDGE('',*,*,#939,.T.);
#4920 = ORIENTED_EDGE('',*,*,#4889,.T.);
#4921 = ORIENTED_EDGE('',*,*,#2583,.F.);
#4922 = ORIENTED_EDGE('',*,*,#4923,.F.);
#4923 = EDGE_CURVE('',#932,#2576,#4924,.T.);
#4924 = LINE('',#4925,#4926);
#4925 = CARTESIAN_POINT('',(76.5,21.747223250267,-2.));
#4926 = VECTOR('',#4927,1.);
#4927 = DIRECTION('',(0.,0.,1.));
#4928 = PLANE('',#4929);
#4929 = AXIS2_PLACEMENT_3D('',#4930,#4931,#4932);
#4930 = CARTESIAN_POINT('',(73.25,23.623611625134,-2.));
#4931 = DIRECTION('',(0.5,0.866025403784,-0.));
#4932 = DIRECTION('',(0.866025403784,-0.5,0.));
#4933 = ADVANCED_FACE('',(#4934),#4945,.T.);
#4934 = FACE_BOUND('',#4935,.T.);
#4935 = EDGE_LOOP('',(#4936,#4937,#4943,#4944));
#4936 = ORIENTED_EDGE('',*,*,#923,.T.);
#4937 = ORIENTED_EDGE('',*,*,#4938,.T.);
#4938 = EDGE_CURVE('',#924,#2568,#4939,.T.);
#4939 = LINE('',#4940,#4941);
#4940 = CARTESIAN_POINT('',(79.75,23.623611625134,-2.));
#4941 = VECTOR('',#4942,1.);
#4942 = DIRECTION('',(0.,0.,1.));
#4943 = ORIENTED_EDGE('',*,*,#2567,.F.);
#4944 = ORIENTED_EDGE('',*,*,#4904,.F.);
#4945 = PLANE('',#4946);
#4946 = AXIS2_PLACEMENT_3D('',#4947,#4948,#4949);
#4947 = CARTESIAN_POINT('',(79.75,23.623611625134,-2.));
#4948 = DIRECTION('',(-1.,0.,0.));
#4949 = DIRECTION('',(0.,1.,0.));
#4950 = ADVANCED_FACE('',(#4951),#4957,.T.);
#4951 = FACE_BOUND('',#4952,.T.);
#4952 = EDGE_LOOP('',(#4953,#4954,#4955,#4956));
#4953 = ORIENTED_EDGE('',*,*,#931,.T.);
#4954 = ORIENTED_EDGE('',*,*,#4923,.T.);
#4955 = ORIENTED_EDGE('',*,*,#2575,.F.);
#4956 = ORIENTED_EDGE('',*,*,#4938,.F.);
#4957 = PLANE('',#4958);
#4958 = AXIS2_PLACEMENT_3D('',#4959,#4960,#4961);
#4959 = CARTESIAN_POINT('',(76.5,21.747223250267,-2.));
#4960 = DIRECTION('',(-0.5,0.866025403784,0.));
#4961 = DIRECTION('',(0.866025403784,0.5,0.));
#4962 = ADVANCED_FACE('',(#4963),#4974,.F.);
#4963 = FACE_BOUND('',#4964,.F.);
#4964 = EDGE_LOOP('',(#4965,#4966,#4972,#4973));
#4965 = ORIENTED_EDGE('',*,*,#2599,.F.);
#4966 = ORIENTED_EDGE('',*,*,#4967,.F.);
#4967 = EDGE_CURVE('',#956,#2600,#4968,.T.);
#4968 = LINE('',#4969,#4970);
#4969 = CARTESIAN_POINT('',(153.1,26.,-2.));
#4970 = VECTOR('',#4971,1.);
#4971 = DIRECTION('',(0.,0.,1.));
#4972 = ORIENTED_EDGE('',*,*,#955,.T.);
#4973 = ORIENTED_EDGE('',*,*,#4967,.T.);
#4974 = CYLINDRICAL_SURFACE('',#4975,8.1);
#4975 = AXIS2_PLACEMENT_3D('',#4976,#4977,#4978);
#4976 = CARTESIAN_POINT('',(145.,26.,-2.));
#4977 = DIRECTION('',(0.,0.,1.));
#4978 = DIRECTION('',(1.,0.,-0.));
#4979 = ADVANCED_FACE('',(#4980),#4996,.T.);
#4980 = FACE_BOUND('',#4981,.T.);
#4981 = EDGE_LOOP('',(#4982,#4983,#4989,#4990));
#4982 = ORIENTED_EDGE('',*,*,#966,.T.);
#4983 = ORIENTED_EDGE('',*,*,#4984,.T.);
#4984 = EDGE_CURVE('',#969,#2613,#4985,.T.);
#4985 = LINE('',#4986,#4987);
#4986 = CARTESIAN_POINT('',(26.5,37.252776749733,-2.));
#4987 = VECTOR('',#4988,1.);
#4988 = DIRECTION('',(0.,0.,1.));
#4989 = ORIENTED_EDGE('',*,*,#2610,.F.);
#4990 = ORIENTED_EDGE('',*,*,#4991,.F.);
#4991 = EDGE_CURVE('',#967,#2611,#4992,.T.);
#4992 = LINE('',#4993,#4994);
#4993 = CARTESIAN_POINT('',(23.25,35.376388374866,-2.));
#4994 = VECTOR('',#4995,1.);
#4995 = DIRECTION('',(0.,0.,1.));
#4996 = PLANE('',#4997);
#4997 = AXIS2_PLACEMENT_3D('',#4998,#4999,#5000);
#4998 = CARTESIAN_POINT('',(26.5,37.252776749733,-2.));
#4999 = DIRECTION('',(0.5,-0.866025403784,0.));
#5000 = DIRECTION('',(-0.866025403784,-0.5,0.));
#5001 = ADVANCED_FACE('',(#5002),#5013,.T.);
#5002 = FACE_BOUND('',#5003,.T.);
#5003 = EDGE_LOOP('',(#5004,#5005,#5006,#5007));
#5004 = ORIENTED_EDGE('',*,*,#1008,.T.);
#5005 = ORIENTED_EDGE('',*,*,#4991,.T.);
#5006 = ORIENTED_EDGE('',*,*,#2652,.F.);
#5007 = ORIENTED_EDGE('',*,*,#5008,.F.);
#5008 = EDGE_CURVE('',#1001,#2645,#5009,.T.);
#5009 = LINE('',#5010,#5011);
#5010 = CARTESIAN_POINT('',(23.25,31.623611625134,-2.));
#5011 = VECTOR('',#5012,1.);
#5012 = DIRECTION('',(0.,0.,1.));
#5013 = PLANE('',#5014);
#5014 = AXIS2_PLACEMENT_3D('',#5015,#5016,#5017);
#5015 = CARTESIAN_POINT('',(23.25,35.376388374866,-2.));
#5016 = DIRECTION('',(1.,0.,-0.));
#5017 = DIRECTION('',(0.,-1.,0.));
#5018 = ADVANCED_FACE('',(#5019),#5030,.T.);
#5019 = FACE_BOUND('',#5020,.T.);
#5020 = EDGE_LOOP('',(#5021,#5022,#5028,#5029));
#5021 = ORIENTED_EDGE('',*,*,#976,.T.);
#5022 = ORIENTED_EDGE('',*,*,#5023,.T.);
#5023 = EDGE_CURVE('',#977,#2621,#5024,.T.);
#5024 = LINE('',#5025,#5026);
#5025 = CARTESIAN_POINT('',(29.75,35.376388374866,-2.));
#5026 = VECTOR('',#5027,1.);
#5027 = DIRECTION('',(0.,0.,1.));
#5028 = ORIENTED_EDGE('',*,*,#2620,.F.);
#5029 = ORIENTED_EDGE('',*,*,#4984,.F.);
#5030 = PLANE('',#5031);
#5031 = AXIS2_PLACEMENT_3D('',#5032,#5033,#5034);
#5032 = CARTESIAN_POINT('',(29.75,35.376388374866,-2.));
#5033 = DIRECTION('',(-0.5,-0.866025403784,0.));
#5034 = DIRECTION('',(-0.866025403784,0.5,0.));
#5035 = ADVANCED_FACE('',(#5036),#5047,.T.);
#5036 = FACE_BOUND('',#5037,.T.);
#5037 = EDGE_LOOP('',(#5038,#5039,#5040,#5041));
#5038 = ORIENTED_EDGE('',*,*,#1000,.T.);
#5039 = ORIENTED_EDGE('',*,*,#5008,.T.);
#5040 = ORIENTED_EDGE('',*,*,#2644,.F.);
#5041 = ORIENTED_EDGE('',*,*,#5042,.F.);
#5042 = EDGE_CURVE('',#993,#2637,#5043,.T.);
#5043 = LINE('',#5044,#5045);
#5044 = CARTESIAN_POINT('',(26.5,29.747223250267,-2.));
#5045 = VECTOR('',#5046,1.);
#5046 = DIRECTION('',(0.,0.,1.));
#5047 = PLANE('',#5048);
#5048 = AXIS2_PLACEMENT_3D('',#5049,#5050,#5051);
#5049 = CARTESIAN_POINT('',(23.25,31.623611625134,-2.));
#5050 = DIRECTION('',(0.5,0.866025403784,-0.));
#5051 = DIRECTION('',(0.866025403784,-0.5,0.));
#5052 = ADVANCED_FACE('',(#5053),#5064,.T.);
#5053 = FACE_BOUND('',#5054,.T.);
#5054 = EDGE_LOOP('',(#5055,#5056,#5062,#5063));
#5055 = ORIENTED_EDGE('',*,*,#984,.T.);
#5056 = ORIENTED_EDGE('',*,*,#5057,.T.);
#5057 = EDGE_CURVE('',#985,#2629,#5058,.T.);
#5058 = LINE('',#5059,#5060);
#5059 = CARTESIAN_POINT('',(29.75,31.623611625134,-2.));
#5060 = VECTOR('',#5061,1.);
#5061 = DIRECTION('',(0.,0.,1.));
#5062 = ORIENTED_EDGE('',*,*,#2628,.F.);
#5063 = ORIENTED_EDGE('',*,*,#5023,.F.);
#5064 = PLANE('',#5065);
#5065 = AXIS2_PLACEMENT_3D('',#5066,#5067,#5068);
#5066 = CARTESIAN_POINT('',(29.75,31.623611625134,-2.));
#5067 = DIRECTION('',(-1.,0.,0.));
#5068 = DIRECTION('',(0.,1.,0.));
#5069 = ADVANCED_FACE('',(#5070),#5076,.T.);
#5070 = FACE_BOUND('',#5071,.T.);
#5071 = EDGE_LOOP('',(#5072,#5073,#5074,#5075));
#5072 = ORIENTED_EDGE('',*,*,#992,.T.);
#5073 = ORIENTED_EDGE('',*,*,#5042,.T.);
#5074 = ORIENTED_EDGE('',*,*,#2636,.F.);
#5075 = ORIENTED_EDGE('',*,*,#5057,.F.);
#5076 = PLANE('',#5077);
#5077 = AXIS2_PLACEMENT_3D('',#5078,#5079,#5080);
#5078 = CARTESIAN_POINT('',(26.5,29.747223250267,-2.));
#5079 = DIRECTION('',(-0.5,0.866025403784,0.));
#5080 = DIRECTION('',(0.866025403784,0.5,0.));
#5081 = ADVANCED_FACE('',(#5082),#5098,.T.);
#5082 = FACE_BOUND('',#5083,.T.);
#5083 = EDGE_LOOP('',(#5084,#5085,#5091,#5092));
#5084 = ORIENTED_EDGE('',*,*,#1016,.T.);
#5085 = ORIENTED_EDGE('',*,*,#5086,.T.);
#5086 = EDGE_CURVE('',#1019,#2663,#5087,.T.);
#5087 = LINE('',#5088,#5089);
#5088 = CARTESIAN_POINT('',(35.5,37.252776749733,-2.));
#5089 = VECTOR('',#5090,1.);
#5090 = DIRECTION('',(0.,0.,1.));
#5091 = ORIENTED_EDGE('',*,*,#2660,.F.);
#5092 = ORIENTED_EDGE('',*,*,#5093,.F.);
#5093 = EDGE_CURVE('',#1017,#2661,#5094,.T.);
#5094 = LINE('',#5095,#5096);
#5095 = CARTESIAN_POINT('',(32.25,35.376388374866,-2.));
#5096 = VECTOR('',#5097,1.);
#5097 = DIRECTION('',(0.,0.,1.));
#5098 = PLANE('',#5099);
#5099 = AXIS2_PLACEMENT_3D('',#5100,#5101,#5102);
#5100 = CARTESIAN_POINT('',(35.5,37.252776749733,-2.));
#5101 = DIRECTION('',(0.5,-0.866025403784,0.));
#5102 = DIRECTION('',(-0.866025403784,-0.5,0.));
#5103 = ADVANCED_FACE('',(#5104),#5115,.T.);
#5104 = FACE_BOUND('',#5105,.T.);
#5105 = EDGE_LOOP('',(#5106,#5107,#5108,#5109));
#5106 = ORIENTED_EDGE('',*,*,#1058,.T.);
#5107 = ORIENTED_EDGE('',*,*,#5093,.T.);
#5108 = ORIENTED_EDGE('',*,*,#2702,.F.);
#5109 = ORIENTED_EDGE('',*,*,#5110,.F.);
#5110 = EDGE_CURVE('',#1051,#2695,#5111,.T.);
#5111 = LINE('',#5112,#5113);
#5112 = CARTESIAN_POINT('',(32.25,31.623611625134,-2.));
#5113 = VECTOR('',#5114,1.);
#5114 = DIRECTION('',(0.,0.,1.));
#5115 = PLANE('',#5116);
#5116 = AXIS2_PLACEMENT_3D('',#5117,#5118,#5119);
#5117 = CARTESIAN_POINT('',(32.25,35.376388374866,-2.));
#5118 = DIRECTION('',(1.,0.,-0.));
#5119 = DIRECTION('',(0.,-1.,0.));
#5120 = ADVANCED_FACE('',(#5121),#5132,.T.);
#5121 = FACE_BOUND('',#5122,.T.);
#5122 = EDGE_LOOP('',(#5123,#5124,#5130,#5131));
#5123 = ORIENTED_EDGE('',*,*,#1026,.T.);
#5124 = ORIENTED_EDGE('',*,*,#5125,.T.);
#5125 = EDGE_CURVE('',#1027,#2671,#5126,.T.);
#5126 = LINE('',#5127,#5128);
#5127 = CARTESIAN_POINT('',(38.75,35.376388374866,-2.));
#5128 = VECTOR('',#5129,1.);
#5129 = DIRECTION('',(0.,0.,1.));
#5130 = ORIENTED_EDGE('',*,*,#2670,.F.);
#5131 = ORIENTED_EDGE('',*,*,#5086,.F.);
#5132 = PLANE('',#5133);
#5133 = AXIS2_PLACEMENT_3D('',#5134,#5135,#5136);
#5134 = CARTESIAN_POINT('',(38.75,35.376388374866,-2.));
#5135 = DIRECTION('',(-0.5,-0.866025403784,0.));
#5136 = DIRECTION('',(-0.866025403784,0.5,0.));
#5137 = ADVANCED_FACE('',(#5138),#5149,.T.);
#5138 = FACE_BOUND('',#5139,.T.);
#5139 = EDGE_LOOP('',(#5140,#5141,#5142,#5143));
#5140 = ORIENTED_EDGE('',*,*,#1050,.T.);
#5141 = ORIENTED_EDGE('',*,*,#5110,.T.);
#5142 = ORIENTED_EDGE('',*,*,#2694,.F.);
#5143 = ORIENTED_EDGE('',*,*,#5144,.F.);
#5144 = EDGE_CURVE('',#1043,#2687,#5145,.T.);
#5145 = LINE('',#5146,#5147);
#5146 = CARTESIAN_POINT('',(35.5,29.747223250267,-2.));
#5147 = VECTOR('',#5148,1.);
#5148 = DIRECTION('',(0.,0.,1.));
#5149 = PLANE('',#5150);
#5150 = AXIS2_PLACEMENT_3D('',#5151,#5152,#5153);
#5151 = CARTESIAN_POINT('',(32.25,31.623611625134,-2.));
#5152 = DIRECTION('',(0.5,0.866025403784,-0.));
#5153 = DIRECTION('',(0.866025403784,-0.5,0.));
#5154 = ADVANCED_FACE('',(#5155),#5166,.T.);
#5155 = FACE_BOUND('',#5156,.T.);
#5156 = EDGE_LOOP('',(#5157,#5158,#5164,#5165));
#5157 = ORIENTED_EDGE('',*,*,#1034,.T.);
#5158 = ORIENTED_EDGE('',*,*,#5159,.T.);
#5159 = EDGE_CURVE('',#1035,#2679,#5160,.T.);
#5160 = LINE('',#5161,#5162);
#5161 = CARTESIAN_POINT('',(38.75,31.623611625134,-2.));
#5162 = VECTOR('',#5163,1.);
#5163 = DIRECTION('',(0.,0.,1.));
#5164 = ORIENTED_EDGE('',*,*,#2678,.F.);
#5165 = ORIENTED_EDGE('',*,*,#5125,.F.);
#5166 = PLANE('',#5167);
#5167 = AXIS2_PLACEMENT_3D('',#5168,#5169,#5170);
#5168 = CARTESIAN_POINT('',(38.75,31.623611625134,-2.));
#5169 = DIRECTION('',(-1.,0.,0.));
#5170 = DIRECTION('',(0.,1.,0.));
#5171 = ADVANCED_FACE('',(#5172),#5178,.T.);
#5172 = FACE_BOUND('',#5173,.T.);
#5173 = EDGE_LOOP('',(#5174,#5175,#5176,#5177));
#5174 = ORIENTED_EDGE('',*,*,#1042,.T.);
#5175 = ORIENTED_EDGE('',*,*,#5144,.T.);
#5176 = ORIENTED_EDGE('',*,*,#2686,.F.);
#5177 = ORIENTED_EDGE('',*,*,#5159,.F.);
#5178 = PLANE('',#5179);
#5179 = AXIS2_PLACEMENT_3D('',#5180,#5181,#5182);
#5180 = CARTESIAN_POINT('',(35.5,29.747223250267,-2.));
#5181 = DIRECTION('',(-0.5,0.866025403784,0.));
#5182 = DIRECTION('',(0.866025403784,0.5,0.));
#5183 = ADVANCED_FACE('',(#5184),#5200,.T.);
#5184 = FACE_BOUND('',#5185,.T.);
#5185 = EDGE_LOOP('',(#5186,#5187,#5193,#5194));
#5186 = ORIENTED_EDGE('',*,*,#1066,.T.);
#5187 = ORIENTED_EDGE('',*,*,#5188,.T.);
#5188 = EDGE_CURVE('',#1069,#2713,#5189,.T.);
#5189 = LINE('',#5190,#5191);
#5190 = CARTESIAN_POINT('',(44.5,37.252776749733,-2.));
#5191 = VECTOR('',#5192,1.);
#5192 = DIRECTION('',(0.,0.,1.));
#5193 = ORIENTED_EDGE('',*,*,#2710,.F.);
#5194 = ORIENTED_EDGE('',*,*,#5195,.F.);
#5195 = EDGE_CURVE('',#1067,#2711,#5196,.T.);
#5196 = LINE('',#5197,#5198);
#5197 = CARTESIAN_POINT('',(41.25,35.376388374866,-2.));
#5198 = VECTOR('',#5199,1.);
#5199 = DIRECTION('',(0.,0.,1.));
#5200 = PLANE('',#5201);
#5201 = AXIS2_PLACEMENT_3D('',#5202,#5203,#5204);
#5202 = CARTESIAN_POINT('',(44.5,37.252776749733,-2.));
#5203 = DIRECTION('',(0.5,-0.866025403784,0.));
#5204 = DIRECTION('',(-0.866025403784,-0.5,0.));
#5205 = ADVANCED_FACE('',(#5206),#5217,.T.);
#5206 = FACE_BOUND('',#5207,.T.);
#5207 = EDGE_LOOP('',(#5208,#5209,#5210,#5211));
#5208 = ORIENTED_EDGE('',*,*,#1108,.T.);
#5209 = ORIENTED_EDGE('',*,*,#5195,.T.);
#5210 = ORIENTED_EDGE('',*,*,#2752,.F.);
#5211 = ORIENTED_EDGE('',*,*,#5212,.F.);
#5212 = EDGE_CURVE('',#1101,#2745,#5213,.T.);
#5213 = LINE('',#5214,#5215);
#5214 = CARTESIAN_POINT('',(41.25,31.623611625134,-2.));
#5215 = VECTOR('',#5216,1.);
#5216 = DIRECTION('',(0.,0.,1.));
#5217 = PLANE('',#5218);
#5218 = AXIS2_PLACEMENT_3D('',#5219,#5220,#5221);
#5219 = CARTESIAN_POINT('',(41.25,35.376388374866,-2.));
#5220 = DIRECTION('',(1.,0.,-0.));
#5221 = DIRECTION('',(0.,-1.,0.));
#5222 = ADVANCED_FACE('',(#5223),#5234,.T.);
#5223 = FACE_BOUND('',#5224,.T.);
#5224 = EDGE_LOOP('',(#5225,#5226,#5232,#5233));
#5225 = ORIENTED_EDGE('',*,*,#1076,.T.);
#5226 = ORIENTED_EDGE('',*,*,#5227,.T.);
#5227 = EDGE_CURVE('',#1077,#2721,#5228,.T.);
#5228 = LINE('',#5229,#5230);
#5229 = CARTESIAN_POINT('',(47.75,35.376388374866,-2.));
#5230 = VECTOR('',#5231,1.);
#5231 = DIRECTION('',(0.,0.,1.));
#5232 = ORIENTED_EDGE('',*,*,#2720,.F.);
#5233 = ORIENTED_EDGE('',*,*,#5188,.F.);
#5234 = PLANE('',#5235);
#5235 = AXIS2_PLACEMENT_3D('',#5236,#5237,#5238);
#5236 = CARTESIAN_POINT('',(47.75,35.376388374866,-2.));
#5237 = DIRECTION('',(-0.5,-0.866025403784,0.));
#5238 = DIRECTION('',(-0.866025403784,0.5,0.));
#5239 = ADVANCED_FACE('',(#5240),#5251,.T.);
#5240 = FACE_BOUND('',#5241,.T.);
#5241 = EDGE_LOOP('',(#5242,#5243,#5244,#5245));
#5242 = ORIENTED_EDGE('',*,*,#1100,.T.);
#5243 = ORIENTED_EDGE('',*,*,#5212,.T.);
#5244 = ORIENTED_EDGE('',*,*,#2744,.F.);
#5245 = ORIENTED_EDGE('',*,*,#5246,.F.);
#5246 = EDGE_CURVE('',#1093,#2737,#5247,.T.);
#5247 = LINE('',#5248,#5249);
#5248 = CARTESIAN_POINT('',(44.5,29.747223250267,-2.));
#5249 = VECTOR('',#5250,1.);
#5250 = DIRECTION('',(0.,0.,1.));
#5251 = PLANE('',#5252);
#5252 = AXIS2_PLACEMENT_3D('',#5253,#5254,#5255);
#5253 = CARTESIAN_POINT('',(41.25,31.623611625134,-2.));
#5254 = DIRECTION('',(0.5,0.866025403784,-0.));
#5255 = DIRECTION('',(0.866025403784,-0.5,0.));
#5256 = ADVANCED_FACE('',(#5257),#5268,.T.);
#5257 = FACE_BOUND('',#5258,.T.);
#5258 = EDGE_LOOP('',(#5259,#5260,#5266,#5267));
#5259 = ORIENTED_EDGE('',*,*,#1084,.T.);
#5260 = ORIENTED_EDGE('',*,*,#5261,.T.);
#5261 = EDGE_CURVE('',#1085,#2729,#5262,.T.);
#5262 = LINE('',#5263,#5264);
#5263 = CARTESIAN_POINT('',(47.75,31.623611625134,-2.));
#5264 = VECTOR('',#5265,1.);
#5265 = DIRECTION('',(0.,0.,1.));
#5266 = ORIENTED_EDGE('',*,*,#2728,.F.);
#5267 = ORIENTED_EDGE('',*,*,#5227,.F.);
#5268 = PLANE('',#5269);
#5269 = AXIS2_PLACEMENT_3D('',#5270,#5271,#5272);
#5270 = CARTESIAN_POINT('',(47.75,31.623611625134,-2.));
#5271 = DIRECTION('',(-1.,0.,0.));
#5272 = DIRECTION('',(0.,1.,0.));
#5273 = ADVANCED_FACE('',(#5274),#5280,.T.);
#5274 = FACE_BOUND('',#5275,.T.);
#5275 = EDGE_LOOP('',(#5276,#5277,#5278,#5279));
#5276 = ORIENTED_EDGE('',*,*,#1092,.T.);
#5277 = ORIENTED_EDGE('',*,*,#5246,.T.);
#5278 = ORIENTED_EDGE('',*,*,#2736,.F.);
#5279 = ORIENTED_EDGE('',*,*,#5261,.F.);
#5280 = PLANE('',#5281);
#5281 = AXIS2_PLACEMENT_3D('',#5282,#5283,#5284);
#5282 = CARTESIAN_POINT('',(44.5,29.747223250267,-2.));
#5283 = DIRECTION('',(-0.5,0.866025403784,0.));
#5284 = DIRECTION('',(0.866025403784,0.5,0.));
#5285 = ADVANCED_FACE('',(#5286),#5302,.T.);
#5286 = FACE_BOUND('',#5287,.T.);
#5287 = EDGE_LOOP('',(#5288,#5289,#5295,#5296));
#5288 = ORIENTED_EDGE('',*,*,#1116,.T.);
#5289 = ORIENTED_EDGE('',*,*,#5290,.T.);
#5290 = EDGE_CURVE('',#1119,#2763,#5291,.T.);
#5291 = LINE('',#5292,#5293);
#5292 = CARTESIAN_POINT('',(53.5,37.252776749733,-2.));
#5293 = VECTOR('',#5294,1.);
#5294 = DIRECTION('',(0.,0.,1.));
#5295 = ORIENTED_EDGE('',*,*,#2760,.F.);
#5296 = ORIENTED_EDGE('',*,*,#5297,.F.);
#5297 = EDGE_CURVE('',#1117,#2761,#5298,.T.);
#5298 = LINE('',#5299,#5300);
#5299 = CARTESIAN_POINT('',(50.25,35.376388374866,-2.));
#5300 = VECTOR('',#5301,1.);
#5301 = DIRECTION('',(0.,0.,1.));
#5302 = PLANE('',#5303);
#5303 = AXIS2_PLACEMENT_3D('',#5304,#5305,#5306);
#5304 = CARTESIAN_POINT('',(53.5,37.252776749733,-2.));
#5305 = DIRECTION('',(0.5,-0.866025403784,0.));
#5306 = DIRECTION('',(-0.866025403784,-0.5,0.));
#5307 = ADVANCED_FACE('',(#5308),#5319,.T.);
#5308 = FACE_BOUND('',#5309,.T.);
#5309 = EDGE_LOOP('',(#5310,#5311,#5312,#5313));
#5310 = ORIENTED_EDGE('',*,*,#1158,.T.);
#5311 = ORIENTED_EDGE('',*,*,#5297,.T.);
#5312 = ORIENTED_EDGE('',*,*,#2802,.F.);
#5313 = ORIENTED_EDGE('',*,*,#5314,.F.);
#5314 = EDGE_CURVE('',#1151,#2795,#5315,.T.);
#5315 = LINE('',#5316,#5317);
#5316 = CARTESIAN_POINT('',(50.25,31.623611625134,-2.));
#5317 = VECTOR('',#5318,1.);
#5318 = DIRECTION('',(0.,0.,1.));
#5319 = PLANE('',#5320);
#5320 = AXIS2_PLACEMENT_3D('',#5321,#5322,#5323);
#5321 = CARTESIAN_POINT('',(50.25,35.376388374866,-2.));
#5322 = DIRECTION('',(1.,0.,-0.));
#5323 = DIRECTION('',(0.,-1.,0.));
#5324 = ADVANCED_FACE('',(#5325),#5336,.T.);
#5325 = FACE_BOUND('',#5326,.T.);
#5326 = EDGE_LOOP('',(#5327,#5328,#5334,#5335));
#5327 = ORIENTED_EDGE('',*,*,#1126,.T.);
#5328 = ORIENTED_EDGE('',*,*,#5329,.T.);
#5329 = EDGE_CURVE('',#1127,#2771,#5330,.T.);
#5330 = LINE('',#5331,#5332);
#5331 = CARTESIAN_POINT('',(56.75,35.376388374866,-2.));
#5332 = VECTOR('',#5333,1.);
#5333 = DIRECTION('',(0.,0.,1.));
#5334 = ORIENTED_EDGE('',*,*,#2770,.F.);
#5335 = ORIENTED_EDGE('',*,*,#5290,.F.);
#5336 = PLANE('',#5337);
#5337 = AXIS2_PLACEMENT_3D('',#5338,#5339,#5340);
#5338 = CARTESIAN_POINT('',(56.75,35.376388374866,-2.));
#5339 = DIRECTION('',(-0.5,-0.866025403784,0.));
#5340 = DIRECTION('',(-0.866025403784,0.5,0.));
#5341 = ADVANCED_FACE('',(#5342),#5353,.T.);
#5342 = FACE_BOUND('',#5343,.T.);
#5343 = EDGE_LOOP('',(#5344,#5345,#5346,#5347));
#5344 = ORIENTED_EDGE('',*,*,#1150,.T.);
#5345 = ORIENTED_EDGE('',*,*,#5314,.T.);
#5346 = ORIENTED_EDGE('',*,*,#2794,.F.);
#5347 = ORIENTED_EDGE('',*,*,#5348,.F.);
#5348 = EDGE_CURVE('',#1143,#2787,#5349,.T.);
#5349 = LINE('',#5350,#5351);
#5350 = CARTESIAN_POINT('',(53.5,29.747223250267,-2.));
#5351 = VECTOR('',#5352,1.);
#5352 = DIRECTION('',(0.,0.,1.));
#5353 = PLANE('',#5354);
#5354 = AXIS2_PLACEMENT_3D('',#5355,#5356,#5357);
#5355 = CARTESIAN_POINT('',(50.25,31.623611625134,-2.));
#5356 = DIRECTION('',(0.5,0.866025403784,-0.));
#5357 = DIRECTION('',(0.866025403784,-0.5,0.));
#5358 = ADVANCED_FACE('',(#5359),#5370,.T.);
#5359 = FACE_BOUND('',#5360,.T.);
#5360 = EDGE_LOOP('',(#5361,#5362,#5368,#5369));
#5361 = ORIENTED_EDGE('',*,*,#1134,.T.);
#5362 = ORIENTED_EDGE('',*,*,#5363,.T.);
#5363 = EDGE_CURVE('',#1135,#2779,#5364,.T.);
#5364 = LINE('',#5365,#5366);
#5365 = CARTESIAN_POINT('',(56.75,31.623611625134,-2.));
#5366 = VECTOR('',#5367,1.);
#5367 = DIRECTION('',(0.,0.,1.));
#5368 = ORIENTED_EDGE('',*,*,#2778,.F.);
#5369 = ORIENTED_EDGE('',*,*,#5329,.F.);
#5370 = PLANE('',#5371);
#5371 = AXIS2_PLACEMENT_3D('',#5372,#5373,#5374);
#5372 = CARTESIAN_POINT('',(56.75,31.623611625134,-2.));
#5373 = DIRECTION('',(-1.,0.,0.));
#5374 = DIRECTION('',(0.,1.,0.));
#5375 = ADVANCED_FACE('',(#5376),#5382,.T.);
#5376 = FACE_BOUND('',#5377,.T.);
#5377 = EDGE_LOOP('',(#5378,#5379,#5380,#5381));
#5378 = ORIENTED_EDGE('',*,*,#1142,.T.);
#5379 = ORIENTED_EDGE('',*,*,#5348,.T.);
#5380 = ORIENTED_EDGE('',*,*,#2786,.F.);
#5381 = ORIENTED_EDGE('',*,*,#5363,.F.);
#5382 = PLANE('',#5383);
#5383 = AXIS2_PLACEMENT_3D('',#5384,#5385,#5386);
#5384 = CARTESIAN_POINT('',(53.5,29.747223250267,-2.));
#5385 = DIRECTION('',(-0.5,0.866025403784,0.));
#5386 = DIRECTION('',(0.866025403784,0.5,0.));
#5387 = ADVANCED_FACE('',(#5388),#5404,.T.);
#5388 = FACE_BOUND('',#5389,.T.);
#5389 = EDGE_LOOP('',(#5390,#5391,#5397,#5398));
#5390 = ORIENTED_EDGE('',*,*,#1166,.T.);
#5391 = ORIENTED_EDGE('',*,*,#5392,.T.);
#5392 = EDGE_CURVE('',#1169,#2813,#5393,.T.);
#5393 = LINE('',#5394,#5395);
#5394 = CARTESIAN_POINT('',(62.5,37.252776749733,-2.));
#5395 = VECTOR('',#5396,1.);
#5396 = DIRECTION('',(0.,0.,1.));
#5397 = ORIENTED_EDGE('',*,*,#2810,.F.);
#5398 = ORIENTED_EDGE('',*,*,#5399,.F.);
#5399 = EDGE_CURVE('',#1167,#2811,#5400,.T.);
#5400 = LINE('',#5401,#5402);
#5401 = CARTESIAN_POINT('',(59.25,35.376388374866,-2.));
#5402 = VECTOR('',#5403,1.);
#5403 = DIRECTION('',(0.,0.,1.));
#5404 = PLANE('',#5405);
#5405 = AXIS2_PLACEMENT_3D('',#5406,#5407,#5408);
#5406 = CARTESIAN_POINT('',(62.5,37.252776749733,-2.));
#5407 = DIRECTION('',(0.5,-0.866025403784,0.));
#5408 = DIRECTION('',(-0.866025403784,-0.5,0.));
#5409 = ADVANCED_FACE('',(#5410),#5421,.T.);
#5410 = FACE_BOUND('',#5411,.T.);
#5411 = EDGE_LOOP('',(#5412,#5413,#5414,#5415));
#5412 = ORIENTED_EDGE('',*,*,#1208,.T.);
#5413 = ORIENTED_EDGE('',*,*,#5399,.T.);
#5414 = ORIENTED_EDGE('',*,*,#2852,.F.);
#5415 = ORIENTED_EDGE('',*,*,#5416,.F.);
#5416 = EDGE_CURVE('',#1201,#2845,#5417,.T.);
#5417 = LINE('',#5418,#5419);
#5418 = CARTESIAN_POINT('',(59.25,31.623611625134,-2.));
#5419 = VECTOR('',#5420,1.);
#5420 = DIRECTION('',(0.,0.,1.));
#5421 = PLANE('',#5422);
#5422 = AXIS2_PLACEMENT_3D('',#5423,#5424,#5425);
#5423 = CARTESIAN_POINT('',(59.25,35.376388374866,-2.));
#5424 = DIRECTION('',(1.,0.,-0.));
#5425 = DIRECTION('',(0.,-1.,0.));
#5426 = ADVANCED_FACE('',(#5427),#5438,.T.);
#5427 = FACE_BOUND('',#5428,.T.);
#5428 = EDGE_LOOP('',(#5429,#5430,#5436,#5437));
#5429 = ORIENTED_EDGE('',*,*,#1176,.T.);
#5430 = ORIENTED_EDGE('',*,*,#5431,.T.);
#5431 = EDGE_CURVE('',#1177,#2821,#5432,.T.);
#5432 = LINE('',#5433,#5434);
#5433 = CARTESIAN_POINT('',(65.75,35.376388374866,-2.));
#5434 = VECTOR('',#5435,1.);
#5435 = DIRECTION('',(0.,0.,1.));
#5436 = ORIENTED_EDGE('',*,*,#2820,.F.);
#5437 = ORIENTED_EDGE('',*,*,#5392,.F.);
#5438 = PLANE('',#5439);
#5439 = AXIS2_PLACEMENT_3D('',#5440,#5441,#5442);
#5440 = CARTESIAN_POINT('',(65.75,35.376388374866,-2.));
#5441 = DIRECTION('',(-0.5,-0.866025403784,0.));
#5442 = DIRECTION('',(-0.866025403784,0.5,0.));
#5443 = ADVANCED_FACE('',(#5444),#5455,.T.);
#5444 = FACE_BOUND('',#5445,.T.);
#5445 = EDGE_LOOP('',(#5446,#5447,#5448,#5449));
#5446 = ORIENTED_EDGE('',*,*,#1200,.T.);
#5447 = ORIENTED_EDGE('',*,*,#5416,.T.);
#5448 = ORIENTED_EDGE('',*,*,#2844,.F.);
#5449 = ORIENTED_EDGE('',*,*,#5450,.F.);
#5450 = EDGE_CURVE('',#1193,#2837,#5451,.T.);
#5451 = LINE('',#5452,#5453);
#5452 = CARTESIAN_POINT('',(62.5,29.747223250267,-2.));
#5453 = VECTOR('',#5454,1.);
#5454 = DIRECTION('',(0.,0.,1.));
#5455 = PLANE('',#5456);
#5456 = AXIS2_PLACEMENT_3D('',#5457,#5458,#5459);
#5457 = CARTESIAN_POINT('',(59.25,31.623611625134,-2.));
#5458 = DIRECTION('',(0.5,0.866025403784,-0.));
#5459 = DIRECTION('',(0.866025403784,-0.5,0.));
#5460 = ADVANCED_FACE('',(#5461),#5472,.T.);
#5461 = FACE_BOUND('',#5462,.T.);
#5462 = EDGE_LOOP('',(#5463,#5464,#5470,#5471));
#5463 = ORIENTED_EDGE('',*,*,#1184,.T.);
#5464 = ORIENTED_EDGE('',*,*,#5465,.T.);
#5465 = EDGE_CURVE('',#1185,#2829,#5466,.T.);
#5466 = LINE('',#5467,#5468);
#5467 = CARTESIAN_POINT('',(65.75,31.623611625134,-2.));
#5468 = VECTOR('',#5469,1.);
#5469 = DIRECTION('',(0.,0.,1.));
#5470 = ORIENTED_EDGE('',*,*,#2828,.F.);
#5471 = ORIENTED_EDGE('',*,*,#5431,.F.);
#5472 = PLANE('',#5473);
#5473 = AXIS2_PLACEMENT_3D('',#5474,#5475,#5476);
#5474 = CARTESIAN_POINT('',(65.75,31.623611625134,-2.));
#5475 = DIRECTION('',(-1.,0.,0.));
#5476 = DIRECTION('',(0.,1.,0.));
#5477 = ADVANCED_FACE('',(#5478),#5484,.T.);
#5478 = FACE_BOUND('',#5479,.T.);
#5479 = EDGE_LOOP('',(#5480,#5481,#5482,#5483));
#5480 = ORIENTED_EDGE('',*,*,#1192,.T.);
#5481 = ORIENTED_EDGE('',*,*,#5450,.T.);
#5482 = ORIENTED_EDGE('',*,*,#2836,.F.);
#5483 = ORIENTED_EDGE('',*,*,#5465,.F.);
#5484 = PLANE('',#5485);
#5485 = AXIS2_PLACEMENT_3D('',#5486,#5487,#5488);
#5486 = CARTESIAN_POINT('',(62.5,29.747223250267,-2.));
#5487 = DIRECTION('',(-0.5,0.866025403784,0.));
#5488 = DIRECTION('',(0.866025403784,0.5,0.));
#5489 = ADVANCED_FACE('',(#5490),#5506,.T.);
#5490 = FACE_BOUND('',#5491,.T.);
#5491 = EDGE_LOOP('',(#5492,#5493,#5499,#5500));
#5492 = ORIENTED_EDGE('',*,*,#1216,.T.);
#5493 = ORIENTED_EDGE('',*,*,#5494,.T.);
#5494 = EDGE_CURVE('',#1219,#2863,#5495,.T.);
#5495 = LINE('',#5496,#5497);
#5496 = CARTESIAN_POINT('',(71.5,37.252776749733,-2.));
#5497 = VECTOR('',#5498,1.);
#5498 = DIRECTION('',(0.,0.,1.));
#5499 = ORIENTED_EDGE('',*,*,#2860,.F.);
#5500 = ORIENTED_EDGE('',*,*,#5501,.F.);
#5501 = EDGE_CURVE('',#1217,#2861,#5502,.T.);
#5502 = LINE('',#5503,#5504);
#5503 = CARTESIAN_POINT('',(68.25,35.376388374866,-2.));
#5504 = VECTOR('',#5505,1.);
#5505 = DIRECTION('',(0.,0.,1.));
#5506 = PLANE('',#5507);
#5507 = AXIS2_PLACEMENT_3D('',#5508,#5509,#5510);
#5508 = CARTESIAN_POINT('',(71.5,37.252776749733,-2.));
#5509 = DIRECTION('',(0.5,-0.866025403784,0.));
#5510 = DIRECTION('',(-0.866025403784,-0.5,0.));
#5511 = ADVANCED_FACE('',(#5512),#5523,.T.);
#5512 = FACE_BOUND('',#5513,.T.);
#5513 = EDGE_LOOP('',(#5514,#5515,#5516,#5517));
#5514 = ORIENTED_EDGE('',*,*,#1258,.T.);
#5515 = ORIENTED_EDGE('',*,*,#5501,.T.);
#5516 = ORIENTED_EDGE('',*,*,#2902,.F.);
#5517 = ORIENTED_EDGE('',*,*,#5518,.F.);
#5518 = EDGE_CURVE('',#1251,#2895,#5519,.T.);
#5519 = LINE('',#5520,#5521);
#5520 = CARTESIAN_POINT('',(68.25,31.623611625134,-2.));
#5521 = VECTOR('',#5522,1.);
#5522 = DIRECTION('',(0.,0.,1.));
#5523 = PLANE('',#5524);
#5524 = AXIS2_PLACEMENT_3D('',#5525,#5526,#5527);
#5525 = CARTESIAN_POINT('',(68.25,35.376388374866,-2.));
#5526 = DIRECTION('',(1.,0.,-0.));
#5527 = DIRECTION('',(0.,-1.,0.));
#5528 = ADVANCED_FACE('',(#5529),#5540,.T.);
#5529 = FACE_BOUND('',#5530,.T.);
#5530 = EDGE_LOOP('',(#5531,#5532,#5538,#5539));
#5531 = ORIENTED_EDGE('',*,*,#1226,.T.);
#5532 = ORIENTED_EDGE('',*,*,#5533,.T.);
#5533 = EDGE_CURVE('',#1227,#2871,#5534,.T.);
#5534 = LINE('',#5535,#5536);
#5535 = CARTESIAN_POINT('',(74.75,35.376388374866,-2.));
#5536 = VECTOR('',#5537,1.);
#5537 = DIRECTION('',(0.,0.,1.));
#5538 = ORIENTED_EDGE('',*,*,#2870,.F.);
#5539 = ORIENTED_EDGE('',*,*,#5494,.F.);
#5540 = PLANE('',#5541);
#5541 = AXIS2_PLACEMENT_3D('',#5542,#5543,#5544);
#5542 = CARTESIAN_POINT('',(74.75,35.376388374866,-2.));
#5543 = DIRECTION('',(-0.5,-0.866025403784,0.));
#5544 = DIRECTION('',(-0.866025403784,0.5,0.));
#5545 = ADVANCED_FACE('',(#5546),#5557,.T.);
#5546 = FACE_BOUND('',#5547,.T.);
#5547 = EDGE_LOOP('',(#5548,#5549,#5550,#5551));
#5548 = ORIENTED_EDGE('',*,*,#1250,.T.);
#5549 = ORIENTED_EDGE('',*,*,#5518,.T.);
#5550 = ORIENTED_EDGE('',*,*,#2894,.F.);
#5551 = ORIENTED_EDGE('',*,*,#5552,.F.);
#5552 = EDGE_CURVE('',#1243,#2887,#5553,.T.);
#5553 = LINE('',#5554,#5555);
#5554 = CARTESIAN_POINT('',(71.5,29.747223250267,-2.));
#5555 = VECTOR('',#5556,1.);
#5556 = DIRECTION('',(0.,0.,1.));
#5557 = PLANE('',#5558);
#5558 = AXIS2_PLACEMENT_3D('',#5559,#5560,#5561);
#5559 = CARTESIAN_POINT('',(68.25,31.623611625134,-2.));
#5560 = DIRECTION('',(0.5,0.866025403784,-0.));
#5561 = DIRECTION('',(0.866025403784,-0.5,0.));
#5562 = ADVANCED_FACE('',(#5563),#5574,.T.);
#5563 = FACE_BOUND('',#5564,.T.);
#5564 = EDGE_LOOP('',(#5565,#5566,#5572,#5573));
#5565 = ORIENTED_EDGE('',*,*,#1234,.T.);
#5566 = ORIENTED_EDGE('',*,*,#5567,.T.);
#5567 = EDGE_CURVE('',#1235,#2879,#5568,.T.);
#5568 = LINE('',#5569,#5570);
#5569 = CARTESIAN_POINT('',(74.75,31.623611625134,-2.));
#5570 = VECTOR('',#5571,1.);
#5571 = DIRECTION('',(0.,0.,1.));
#5572 = ORIENTED_EDGE('',*,*,#2878,.F.);
#5573 = ORIENTED_EDGE('',*,*,#5533,.F.);
#5574 = PLANE('',#5575);
#5575 = AXIS2_PLACEMENT_3D('',#5576,#5577,#5578);
#5576 = CARTESIAN_POINT('',(74.75,31.623611625134,-2.));
#5577 = DIRECTION('',(-1.,0.,0.));
#5578 = DIRECTION('',(0.,1.,0.));
#5579 = ADVANCED_FACE('',(#5580),#5586,.T.);
#5580 = FACE_BOUND('',#5581,.T.);
#5581 = EDGE_LOOP('',(#5582,#5583,#5584,#5585));
#5582 = ORIENTED_EDGE('',*,*,#1242,.T.);
#5583 = ORIENTED_EDGE('',*,*,#5552,.T.);
#5584 = ORIENTED_EDGE('',*,*,#2886,.F.);
#5585 = ORIENTED_EDGE('',*,*,#5567,.F.);
#5586 = PLANE('',#5587);
#5587 = AXIS2_PLACEMENT_3D('',#5588,#5589,#5590);
#5588 = CARTESIAN_POINT('',(71.5,29.747223250267,-2.));
#5589 = DIRECTION('',(-0.5,0.866025403784,0.));
#5590 = DIRECTION('',(0.866025403784,0.5,0.));
#5591 = ADVANCED_FACE('',(#5592),#5608,.T.);
#5592 = FACE_BOUND('',#5593,.T.);
#5593 = EDGE_LOOP('',(#5594,#5595,#5601,#5602));
#5594 = ORIENTED_EDGE('',*,*,#1266,.T.);
#5595 = ORIENTED_EDGE('',*,*,#5596,.T.);
#5596 = EDGE_CURVE('',#1269,#2913,#5597,.T.);
#5597 = LINE('',#5598,#5599);
#5598 = CARTESIAN_POINT('',(80.5,37.252776749733,-2.));
#5599 = VECTOR('',#5600,1.);
#5600 = DIRECTION('',(0.,0.,1.));
#5601 = ORIENTED_EDGE('',*,*,#2910,.F.);
#5602 = ORIENTED_EDGE('',*,*,#5603,.F.);
#5603 = EDGE_CURVE('',#1267,#2911,#5604,.T.);
#5604 = LINE('',#5605,#5606);
#5605 = CARTESIAN_POINT('',(77.25,35.376388374866,-2.));
#5606 = VECTOR('',#5607,1.);
#5607 = DIRECTION('',(0.,0.,1.));
#5608 = PLANE('',#5609);
#5609 = AXIS2_PLACEMENT_3D('',#5610,#5611,#5612);
#5610 = CARTESIAN_POINT('',(80.5,37.252776749733,-2.));
#5611 = DIRECTION('',(0.5,-0.866025403784,0.));
#5612 = DIRECTION('',(-0.866025403784,-0.5,0.));
#5613 = ADVANCED_FACE('',(#5614),#5625,.T.);
#5614 = FACE_BOUND('',#5615,.T.);
#5615 = EDGE_LOOP('',(#5616,#5617,#5618,#5619));
#5616 = ORIENTED_EDGE('',*,*,#1308,.T.);
#5617 = ORIENTED_EDGE('',*,*,#5603,.T.);
#5618 = ORIENTED_EDGE('',*,*,#2952,.F.);
#5619 = ORIENTED_EDGE('',*,*,#5620,.F.);
#5620 = EDGE_CURVE('',#1301,#2945,#5621,.T.);
#5621 = LINE('',#5622,#5623);
#5622 = CARTESIAN_POINT('',(77.25,31.623611625134,-2.));
#5623 = VECTOR('',#5624,1.);
#5624 = DIRECTION('',(0.,0.,1.));
#5625 = PLANE('',#5626);
#5626 = AXIS2_PLACEMENT_3D('',#5627,#5628,#5629);
#5627 = CARTESIAN_POINT('',(77.25,35.376388374866,-2.));
#5628 = DIRECTION('',(1.,0.,-0.));
#5629 = DIRECTION('',(0.,-1.,0.));
#5630 = ADVANCED_FACE('',(#5631),#5642,.T.);
#5631 = FACE_BOUND('',#5632,.T.);
#5632 = EDGE_LOOP('',(#5633,#5634,#5640,#5641));
#5633 = ORIENTED_EDGE('',*,*,#1276,.T.);
#5634 = ORIENTED_EDGE('',*,*,#5635,.T.);
#5635 = EDGE_CURVE('',#1277,#2921,#5636,.T.);
#5636 = LINE('',#5637,#5638);
#5637 = CARTESIAN_POINT('',(83.75,35.376388374866,-2.));
#5638 = VECTOR('',#5639,1.);
#5639 = DIRECTION('',(0.,0.,1.));
#5640 = ORIENTED_EDGE('',*,*,#2920,.F.);
#5641 = ORIENTED_EDGE('',*,*,#5596,.F.);
#5642 = PLANE('',#5643);
#5643 = AXIS2_PLACEMENT_3D('',#5644,#5645,#5646);
#5644 = CARTESIAN_POINT('',(83.75,35.376388374866,-2.));
#5645 = DIRECTION('',(-0.5,-0.866025403784,0.));
#5646 = DIRECTION('',(-0.866025403784,0.5,0.));
#5647 = ADVANCED_FACE('',(#5648),#5659,.T.);
#5648 = FACE_BOUND('',#5649,.T.);
#5649 = EDGE_LOOP('',(#5650,#5651,#5652,#5653));
#5650 = ORIENTED_EDGE('',*,*,#1300,.T.);
#5651 = ORIENTED_EDGE('',*,*,#5620,.T.);
#5652 = ORIENTED_EDGE('',*,*,#2944,.F.);
#5653 = ORIENTED_EDGE('',*,*,#5654,.F.);
#5654 = EDGE_CURVE('',#1293,#2937,#5655,.T.);
#5655 = LINE('',#5656,#5657);
#5656 = CARTESIAN_POINT('',(80.5,29.747223250267,-2.));
#5657 = VECTOR('',#5658,1.);
#5658 = DIRECTION('',(0.,0.,1.));
#5659 = PLANE('',#5660);
#5660 = AXIS2_PLACEMENT_3D('',#5661,#5662,#5663);
#5661 = CARTESIAN_POINT('',(77.25,31.623611625134,-2.));
#5662 = DIRECTION('',(0.5,0.866025403784,-0.));
#5663 = DIRECTION('',(0.866025403784,-0.5,0.));
#5664 = ADVANCED_FACE('',(#5665),#5676,.T.);
#5665 = FACE_BOUND('',#5666,.T.);
#5666 = EDGE_LOOP('',(#5667,#5668,#5674,#5675));
#5667 = ORIENTED_EDGE('',*,*,#1284,.T.);
#5668 = ORIENTED_EDGE('',*,*,#5669,.T.);
#5669 = EDGE_CURVE('',#1285,#2929,#5670,.T.);
#5670 = LINE('',#5671,#5672);
#5671 = CARTESIAN_POINT('',(83.75,31.623611625134,-2.));
#5672 = VECTOR('',#5673,1.);
#5673 = DIRECTION('',(0.,0.,1.));
#5674 = ORIENTED_EDGE('',*,*,#2928,.F.);
#5675 = ORIENTED_EDGE('',*,*,#5635,.F.);
#5676 = PLANE('',#5677);
#5677 = AXIS2_PLACEMENT_3D('',#5678,#5679,#5680);
#5678 = CARTESIAN_POINT('',(83.75,31.623611625134,-2.));
#5679 = DIRECTION('',(-1.,0.,0.));
#5680 = DIRECTION('',(0.,1.,0.));
#5681 = ADVANCED_FACE('',(#5682),#5688,.T.);
#5682 = FACE_BOUND('',#5683,.T.);
#5683 = EDGE_LOOP('',(#5684,#5685,#5686,#5687));
#5684 = ORIENTED_EDGE('',*,*,#1292,.T.);
#5685 = ORIENTED_EDGE('',*,*,#5654,.T.);
#5686 = ORIENTED_EDGE('',*,*,#2936,.F.);
#5687 = ORIENTED_EDGE('',*,*,#5669,.F.);
#5688 = PLANE('',#5689);
#5689 = AXIS2_PLACEMENT_3D('',#5690,#5691,#5692);
#5690 = CARTESIAN_POINT('',(80.5,29.747223250267,-2.));
#5691 = DIRECTION('',(-0.5,0.866025403784,0.));
#5692 = DIRECTION('',(0.866025403784,0.5,0.));
#5693 = ADVANCED_FACE('',(#5694),#5710,.T.);
#5694 = FACE_BOUND('',#5695,.T.);
#5695 = EDGE_LOOP('',(#5696,#5697,#5703,#5704));
#5696 = ORIENTED_EDGE('',*,*,#1316,.T.);
#5697 = ORIENTED_EDGE('',*,*,#5698,.T.);
#5698 = EDGE_CURVE('',#1319,#2963,#5699,.T.);
#5699 = LINE('',#5700,#5701);
#5700 = CARTESIAN_POINT('',(22.5,45.252776749733,-2.));
#5701 = VECTOR('',#5702,1.);
#5702 = DIRECTION('',(0.,0.,1.));
#5703 = ORIENTED_EDGE('',*,*,#2960,.F.);
#5704 = ORIENTED_EDGE('',*,*,#5705,.F.);
#5705 = EDGE_CURVE('',#1317,#2961,#5706,.T.);
#5706 = LINE('',#5707,#5708);
#5707 = CARTESIAN_POINT('',(19.25,43.376388374866,-2.));
#5708 = VECTOR('',#5709,1.);
#5709 = DIRECTION('',(0.,0.,1.));
#5710 = PLANE('',#5711);
#5711 = AXIS2_PLACEMENT_3D('',#5712,#5713,#5714);
#5712 = CARTESIAN_POINT('',(22.5,45.252776749733,-2.));
#5713 = DIRECTION('',(0.5,-0.866025403784,0.));
#5714 = DIRECTION('',(-0.866025403784,-0.5,0.));
#5715 = ADVANCED_FACE('',(#5716),#5727,.T.);
#5716 = FACE_BOUND('',#5717,.T.);
#5717 = EDGE_LOOP('',(#5718,#5719,#5720,#5721));
#5718 = ORIENTED_EDGE('',*,*,#1358,.T.);
#5719 = ORIENTED_EDGE('',*,*,#5705,.T.);
#5720 = ORIENTED_EDGE('',*,*,#3002,.F.);
#5721 = ORIENTED_EDGE('',*,*,#5722,.F.);
#5722 = EDGE_CURVE('',#1351,#2995,#5723,.T.);
#5723 = LINE('',#5724,#5725);
#5724 = CARTESIAN_POINT('',(19.25,39.623611625134,-2.));
#5725 = VECTOR('',#5726,1.);
#5726 = DIRECTION('',(0.,0.,1.));
#5727 = PLANE('',#5728);
#5728 = AXIS2_PLACEMENT_3D('',#5729,#5730,#5731);
#5729 = CARTESIAN_POINT('',(19.25,43.376388374866,-2.));
#5730 = DIRECTION('',(1.,0.,-0.));
#5731 = DIRECTION('',(0.,-1.,0.));
#5732 = ADVANCED_FACE('',(#5733),#5744,.T.);
#5733 = FACE_BOUND('',#5734,.T.);
#5734 = EDGE_LOOP('',(#5735,#5736,#5742,#5743));
#5735 = ORIENTED_EDGE('',*,*,#1326,.T.);
#5736 = ORIENTED_EDGE('',*,*,#5737,.T.);
#5737 = EDGE_CURVE('',#1327,#2971,#5738,.T.);
#5738 = LINE('',#5739,#5740);
#5739 = CARTESIAN_POINT('',(25.75,43.376388374866,-2.));
#5740 = VECTOR('',#5741,1.);
#5741 = DIRECTION('',(0.,0.,1.));
#5742 = ORIENTED_EDGE('',*,*,#2970,.F.);
#5743 = ORIENTED_EDGE('',*,*,#5698,.F.);
#5744 = PLANE('',#5745);
#5745 = AXIS2_PLACEMENT_3D('',#5746,#5747,#5748);
#5746 = CARTESIAN_POINT('',(25.75,43.376388374866,-2.));
#5747 = DIRECTION('',(-0.5,-0.866025403784,0.));
#5748 = DIRECTION('',(-0.866025403784,0.5,0.));
#5749 = ADVANCED_FACE('',(#5750),#5761,.T.);
#5750 = FACE_BOUND('',#5751,.T.);
#5751 = EDGE_LOOP('',(#5752,#5753,#5754,#5755));
#5752 = ORIENTED_EDGE('',*,*,#1350,.T.);
#5753 = ORIENTED_EDGE('',*,*,#5722,.T.);
#5754 = ORIENTED_EDGE('',*,*,#2994,.F.);
#5755 = ORIENTED_EDGE('',*,*,#5756,.F.);
#5756 = EDGE_CURVE('',#1343,#2987,#5757,.T.);
#5757 = LINE('',#5758,#5759);
#5758 = CARTESIAN_POINT('',(22.5,37.747223250267,-2.));
#5759 = VECTOR('',#5760,1.);
#5760 = DIRECTION('',(0.,0.,1.));
#5761 = PLANE('',#5762);
#5762 = AXIS2_PLACEMENT_3D('',#5763,#5764,#5765);
#5763 = CARTESIAN_POINT('',(19.25,39.623611625134,-2.));
#5764 = DIRECTION('',(0.5,0.866025403784,-0.));
#5765 = DIRECTION('',(0.866025403784,-0.5,0.));
#5766 = ADVANCED_FACE('',(#5767),#5778,.T.);
#5767 = FACE_BOUND('',#5768,.T.);
#5768 = EDGE_LOOP('',(#5769,#5770,#5776,#5777));
#5769 = ORIENTED_EDGE('',*,*,#1334,.T.);
#5770 = ORIENTED_EDGE('',*,*,#5771,.T.);
#5771 = EDGE_CURVE('',#1335,#2979,#5772,.T.);
#5772 = LINE('',#5773,#5774);
#5773 = CARTESIAN_POINT('',(25.75,39.623611625134,-2.));
#5774 = VECTOR('',#5775,1.);
#5775 = DIRECTION('',(0.,0.,1.));
#5776 = ORIENTED_EDGE('',*,*,#2978,.F.);
#5777 = ORIENTED_EDGE('',*,*,#5737,.F.);
#5778 = PLANE('',#5779);
#5779 = AXIS2_PLACEMENT_3D('',#5780,#5781,#5782);
#5780 = CARTESIAN_POINT('',(25.75,39.623611625134,-2.));
#5781 = DIRECTION('',(-1.,0.,0.));
#5782 = DIRECTION('',(0.,1.,0.));
#5783 = ADVANCED_FACE('',(#5784),#5790,.T.);
#5784 = FACE_BOUND('',#5785,.T.);
#5785 = EDGE_LOOP('',(#5786,#5787,#5788,#5789));
#5786 = ORIENTED_EDGE('',*,*,#1342,.T.);
#5787 = ORIENTED_EDGE('',*,*,#5756,.T.);
#5788 = ORIENTED_EDGE('',*,*,#2986,.F.);
#5789 = ORIENTED_EDGE('',*,*,#5771,.F.);
#5790 = PLANE('',#5791);
#5791 = AXIS2_PLACEMENT_3D('',#5792,#5793,#5794);
#5792 = CARTESIAN_POINT('',(22.5,37.747223250267,-2.));
#5793 = DIRECTION('',(-0.5,0.866025403784,0.));
#5794 = DIRECTION('',(0.866025403784,0.5,0.));
#5795 = ADVANCED_FACE('',(#5796),#5812,.T.);
#5796 = FACE_BOUND('',#5797,.T.);
#5797 = EDGE_LOOP('',(#5798,#5799,#5805,#5806));
#5798 = ORIENTED_EDGE('',*,*,#1366,.T.);
#5799 = ORIENTED_EDGE('',*,*,#5800,.T.);
#5800 = EDGE_CURVE('',#1369,#3013,#5801,.T.);
#5801 = LINE('',#5802,#5803);
#5802 = CARTESIAN_POINT('',(31.5,45.252776749733,-2.));
#5803 = VECTOR('',#5804,1.);
#5804 = DIRECTION('',(0.,0.,1.));
#5805 = ORIENTED_EDGE('',*,*,#3010,.F.);
#5806 = ORIENTED_EDGE('',*,*,#5807,.F.);
#5807 = EDGE_CURVE('',#1367,#3011,#5808,.T.);
#5808 = LINE('',#5809,#5810);
#5809 = CARTESIAN_POINT('',(28.25,43.376388374866,-2.));
#5810 = VECTOR('',#5811,1.);
#5811 = DIRECTION('',(0.,0.,1.));
#5812 = PLANE('',#5813);
#5813 = AXIS2_PLACEMENT_3D('',#5814,#5815,#5816);
#5814 = CARTESIAN_POINT('',(31.5,45.252776749733,-2.));
#5815 = DIRECTION('',(0.5,-0.866025403784,0.));
#5816 = DIRECTION('',(-0.866025403784,-0.5,0.));
#5817 = ADVANCED_FACE('',(#5818),#5829,.T.);
#5818 = FACE_BOUND('',#5819,.T.);
#5819 = EDGE_LOOP('',(#5820,#5821,#5822,#5823));
#5820 = ORIENTED_EDGE('',*,*,#1408,.T.);
#5821 = ORIENTED_EDGE('',*,*,#5807,.T.);
#5822 = ORIENTED_EDGE('',*,*,#3052,.F.);
#5823 = ORIENTED_EDGE('',*,*,#5824,.F.);
#5824 = EDGE_CURVE('',#1401,#3045,#5825,.T.);
#5825 = LINE('',#5826,#5827);
#5826 = CARTESIAN_POINT('',(28.25,39.623611625134,-2.));
#5827 = VECTOR('',#5828,1.);
#5828 = DIRECTION('',(0.,0.,1.));
#5829 = PLANE('',#5830);
#5830 = AXIS2_PLACEMENT_3D('',#5831,#5832,#5833);
#5831 = CARTESIAN_POINT('',(28.25,43.376388374866,-2.));
#5832 = DIRECTION('',(1.,0.,-0.));
#5833 = DIRECTION('',(0.,-1.,0.));
#5834 = ADVANCED_FACE('',(#5835),#5846,.T.);
#5835 = FACE_BOUND('',#5836,.T.);
#5836 = EDGE_LOOP('',(#5837,#5838,#5844,#5845));
#5837 = ORIENTED_EDGE('',*,*,#1376,.T.);
#5838 = ORIENTED_EDGE('',*,*,#5839,.T.);
#5839 = EDGE_CURVE('',#1377,#3021,#5840,.T.);
#5840 = LINE('',#5841,#5842);
#5841 = CARTESIAN_POINT('',(34.75,43.376388374866,-2.));
#5842 = VECTOR('',#5843,1.);
#5843 = DIRECTION('',(0.,0.,1.));
#5844 = ORIENTED_EDGE('',*,*,#3020,.F.);
#5845 = ORIENTED_EDGE('',*,*,#5800,.F.);
#5846 = PLANE('',#5847);
#5847 = AXIS2_PLACEMENT_3D('',#5848,#5849,#5850);
#5848 = CARTESIAN_POINT('',(34.75,43.376388374866,-2.));
#5849 = DIRECTION('',(-0.5,-0.866025403784,0.));
#5850 = DIRECTION('',(-0.866025403784,0.5,0.));
#5851 = ADVANCED_FACE('',(#5852),#5863,.T.);
#5852 = FACE_BOUND('',#5853,.T.);
#5853 = EDGE_LOOP('',(#5854,#5855,#5856,#5857));
#5854 = ORIENTED_EDGE('',*,*,#1400,.T.);
#5855 = ORIENTED_EDGE('',*,*,#5824,.T.);
#5856 = ORIENTED_EDGE('',*,*,#3044,.F.);
#5857 = ORIENTED_EDGE('',*,*,#5858,.F.);
#5858 = EDGE_CURVE('',#1393,#3037,#5859,.T.);
#5859 = LINE('',#5860,#5861);
#5860 = CARTESIAN_POINT('',(31.5,37.747223250267,-2.));
#5861 = VECTOR('',#5862,1.);
#5862 = DIRECTION('',(0.,0.,1.));
#5863 = PLANE('',#5864);
#5864 = AXIS2_PLACEMENT_3D('',#5865,#5866,#5867);
#5865 = CARTESIAN_POINT('',(28.25,39.623611625134,-2.));
#5866 = DIRECTION('',(0.5,0.866025403784,-0.));
#5867 = DIRECTION('',(0.866025403784,-0.5,0.));
#5868 = ADVANCED_FACE('',(#5869),#5880,.T.);
#5869 = FACE_BOUND('',#5870,.T.);
#5870 = EDGE_LOOP('',(#5871,#5872,#5878,#5879));
#5871 = ORIENTED_EDGE('',*,*,#1384,.T.);
#5872 = ORIENTED_EDGE('',*,*,#5873,.T.);
#5873 = EDGE_CURVE('',#1385,#3029,#5874,.T.);
#5874 = LINE('',#5875,#5876);
#5875 = CARTESIAN_POINT('',(34.75,39.623611625134,-2.));
#5876 = VECTOR('',#5877,1.);
#5877 = DIRECTION('',(0.,0.,1.));
#5878 = ORIENTED_EDGE('',*,*,#3028,.F.);
#5879 = ORIENTED_EDGE('',*,*,#5839,.F.);
#5880 = PLANE('',#5881);
#5881 = AXIS2_PLACEMENT_3D('',#5882,#5883,#5884);
#5882 = CARTESIAN_POINT('',(34.75,39.623611625134,-2.));
#5883 = DIRECTION('',(-1.,0.,0.));
#5884 = DIRECTION('',(0.,1.,0.));
#5885 = ADVANCED_FACE('',(#5886),#5892,.T.);
#5886 = FACE_BOUND('',#5887,.T.);
#5887 = EDGE_LOOP('',(#5888,#5889,#5890,#5891));
#5888 = ORIENTED_EDGE('',*,*,#1392,.T.);
#5889 = ORIENTED_EDGE('',*,*,#5858,.T.);
#5890 = ORIENTED_EDGE('',*,*,#3036,.F.);
#5891 = ORIENTED_EDGE('',*,*,#5873,.F.);
#5892 = PLANE('',#5893);
#5893 = AXIS2_PLACEMENT_3D('',#5894,#5895,#5896);
#5894 = CARTESIAN_POINT('',(31.5,37.747223250267,-2.));
#5895 = DIRECTION('',(-0.5,0.866025403784,0.));
#5896 = DIRECTION('',(0.866025403784,0.5,0.));
#5897 = ADVANCED_FACE('',(#5898),#5914,.T.);
#5898 = FACE_BOUND('',#5899,.T.);
#5899 = EDGE_LOOP('',(#5900,#5901,#5907,#5908));
#5900 = ORIENTED_EDGE('',*,*,#1416,.T.);
#5901 = ORIENTED_EDGE('',*,*,#5902,.T.);
#5902 = EDGE_CURVE('',#1419,#3063,#5903,.T.);
#5903 = LINE('',#5904,#5905);
#5904 = CARTESIAN_POINT('',(40.5,45.252776749733,-2.));
#5905 = VECTOR('',#5906,1.);
#5906 = DIRECTION('',(0.,0.,1.));
#5907 = ORIENTED_EDGE('',*,*,#3060,.F.);
#5908 = ORIENTED_EDGE('',*,*,#5909,.F.);
#5909 = EDGE_CURVE('',#1417,#3061,#5910,.T.);
#5910 = LINE('',#5911,#5912);
#5911 = CARTESIAN_POINT('',(37.25,43.376388374866,-2.));
#5912 = VECTOR('',#5913,1.);
#5913 = DIRECTION('',(0.,0.,1.));
#5914 = PLANE('',#5915);
#5915 = AXIS2_PLACEMENT_3D('',#5916,#5917,#5918);
#5916 = CARTESIAN_POINT('',(40.5,45.252776749733,-2.));
#5917 = DIRECTION('',(0.5,-0.866025403784,0.));
#5918 = DIRECTION('',(-0.866025403784,-0.5,0.));
#5919 = ADVANCED_FACE('',(#5920),#5931,.T.);
#5920 = FACE_BOUND('',#5921,.T.);
#5921 = EDGE_LOOP('',(#5922,#5923,#5924,#5925));
#5922 = ORIENTED_EDGE('',*,*,#1458,.T.);
#5923 = ORIENTED_EDGE('',*,*,#5909,.T.);
#5924 = ORIENTED_EDGE('',*,*,#3102,.F.);
#5925 = ORIENTED_EDGE('',*,*,#5926,.F.);
#5926 = EDGE_CURVE('',#1451,#3095,#5927,.T.);
#5927 = LINE('',#5928,#5929);
#5928 = CARTESIAN_POINT('',(37.25,39.623611625134,-2.));
#5929 = VECTOR('',#5930,1.);
#5930 = DIRECTION('',(0.,0.,1.));
#5931 = PLANE('',#5932);
#5932 = AXIS2_PLACEMENT_3D('',#5933,#5934,#5935);
#5933 = CARTESIAN_POINT('',(37.25,43.376388374866,-2.));
#5934 = DIRECTION('',(1.,0.,-0.));
#5935 = DIRECTION('',(0.,-1.,0.));
#5936 = ADVANCED_FACE('',(#5937),#5948,.T.);
#5937 = FACE_BOUND('',#5938,.T.);
#5938 = EDGE_LOOP('',(#5939,#5940,#5946,#5947));
#5939 = ORIENTED_EDGE('',*,*,#1426,.T.);
#5940 = ORIENTED_EDGE('',*,*,#5941,.T.);
#5941 = EDGE_CURVE('',#1427,#3071,#5942,.T.);
#5942 = LINE('',#5943,#5944);
#5943 = CARTESIAN_POINT('',(43.75,43.376388374866,-2.));
#5944 = VECTOR('',#5945,1.);
#5945 = DIRECTION('',(0.,0.,1.));
#5946 = ORIENTED_EDGE('',*,*,#3070,.F.);
#5947 = ORIENTED_EDGE('',*,*,#5902,.F.);
#5948 = PLANE('',#5949);
#5949 = AXIS2_PLACEMENT_3D('',#5950,#5951,#5952);
#5950 = CARTESIAN_POINT('',(43.75,43.376388374866,-2.));
#5951 = DIRECTION('',(-0.5,-0.866025403784,0.));
#5952 = DIRECTION('',(-0.866025403784,0.5,0.));
#5953 = ADVANCED_FACE('',(#5954),#5965,.T.);
#5954 = FACE_BOUND('',#5955,.T.);
#5955 = EDGE_LOOP('',(#5956,#5957,#5958,#5959));
#5956 = ORIENTED_EDGE('',*,*,#1450,.T.);
#5957 = ORIENTED_EDGE('',*,*,#5926,.T.);
#5958 = ORIENTED_EDGE('',*,*,#3094,.F.);
#5959 = ORIENTED_EDGE('',*,*,#5960,.F.);
#5960 = EDGE_CURVE('',#1443,#3087,#5961,.T.);
#5961 = LINE('',#5962,#5963);
#5962 = CARTESIAN_POINT('',(40.5,37.747223250267,-2.));
#5963 = VECTOR('',#5964,1.);
#5964 = DIRECTION('',(0.,0.,1.));
#5965 = PLANE('',#5966);
#5966 = AXIS2_PLACEMENT_3D('',#5967,#5968,#5969);
#5967 = CARTESIAN_POINT('',(37.25,39.623611625134,-2.));
#5968 = DIRECTION('',(0.5,0.866025403784,-0.));
#5969 = DIRECTION('',(0.866025403784,-0.5,0.));
#5970 = ADVANCED_FACE('',(#5971),#5982,.T.);
#5971 = FACE_BOUND('',#5972,.T.);
#5972 = EDGE_LOOP('',(#5973,#5974,#5980,#5981));
#5973 = ORIENTED_EDGE('',*,*,#1434,.T.);
#5974 = ORIENTED_EDGE('',*,*,#5975,.T.);
#5975 = EDGE_CURVE('',#1435,#3079,#5976,.T.);
#5976 = LINE('',#5977,#5978);
#5977 = CARTESIAN_POINT('',(43.75,39.623611625134,-2.));
#5978 = VECTOR('',#5979,1.);
#5979 = DIRECTION('',(0.,0.,1.));
#5980 = ORIENTED_EDGE('',*,*,#3078,.F.);
#5981 = ORIENTED_EDGE('',*,*,#5941,.F.);
#5982 = PLANE('',#5983);
#5983 = AXIS2_PLACEMENT_3D('',#5984,#5985,#5986);
#5984 = CARTESIAN_POINT('',(43.75,39.623611625134,-2.));
#5985 = DIRECTION('',(-1.,0.,0.));
#5986 = DIRECTION('',(0.,1.,0.));
#5987 = ADVANCED_FACE('',(#5988),#5994,.T.);
#5988 = FACE_BOUND('',#5989,.T.);
#5989 = EDGE_LOOP('',(#5990,#5991,#5992,#5993));
#5990 = ORIENTED_EDGE('',*,*,#1442,.T.);
#5991 = ORIENTED_EDGE('',*,*,#5960,.T.);
#5992 = ORIENTED_EDGE('',*,*,#3086,.F.);
#5993 = ORIENTED_EDGE('',*,*,#5975,.F.);
#5994 = PLANE('',#5995);
#5995 = AXIS2_PLACEMENT_3D('',#5996,#5997,#5998);
#5996 = CARTESIAN_POINT('',(40.5,37.747223250267,-2.));
#5997 = DIRECTION('',(-0.5,0.866025403784,0.));
#5998 = DIRECTION('',(0.866025403784,0.5,0.));
#5999 = ADVANCED_FACE('',(#6000),#6016,.T.);
#6000 = FACE_BOUND('',#6001,.T.);
#6001 = EDGE_LOOP('',(#6002,#6003,#6009,#6010));
#6002 = ORIENTED_EDGE('',*,*,#1466,.T.);
#6003 = ORIENTED_EDGE('',*,*,#6004,.T.);
#6004 = EDGE_CURVE('',#1469,#3113,#6005,.T.);
#6005 = LINE('',#6006,#6007);
#6006 = CARTESIAN_POINT('',(49.5,45.252776749733,-2.));
#6007 = VECTOR('',#6008,1.);
#6008 = DIRECTION('',(0.,0.,1.));
#6009 = ORIENTED_EDGE('',*,*,#3110,.F.);
#6010 = ORIENTED_EDGE('',*,*,#6011,.F.);
#6011 = EDGE_CURVE('',#1467,#3111,#6012,.T.);
#6012 = LINE('',#6013,#6014);
#6013 = CARTESIAN_POINT('',(46.25,43.376388374866,-2.));
#6014 = VECTOR('',#6015,1.);
#6015 = DIRECTION('',(0.,0.,1.));
#6016 = PLANE('',#6017);
#6017 = AXIS2_PLACEMENT_3D('',#6018,#6019,#6020);
#6018 = CARTESIAN_POINT('',(49.5,45.252776749733,-2.));
#6019 = DIRECTION('',(0.5,-0.866025403784,0.));
#6020 = DIRECTION('',(-0.866025403784,-0.5,0.));
#6021 = ADVANCED_FACE('',(#6022),#6033,.T.);
#6022 = FACE_BOUND('',#6023,.T.);
#6023 = EDGE_LOOP('',(#6024,#6025,#6026,#6027));
#6024 = ORIENTED_EDGE('',*,*,#1508,.T.);
#6025 = ORIENTED_EDGE('',*,*,#6011,.T.);
#6026 = ORIENTED_EDGE('',*,*,#3152,.F.);
#6027 = ORIENTED_EDGE('',*,*,#6028,.F.);
#6028 = EDGE_CURVE('',#1501,#3145,#6029,.T.);
#6029 = LINE('',#6030,#6031);
#6030 = CARTESIAN_POINT('',(46.25,39.623611625134,-2.));
#6031 = VECTOR('',#6032,1.);
#6032 = DIRECTION('',(0.,0.,1.));
#6033 = PLANE('',#6034);
#6034 = AXIS2_PLACEMENT_3D('',#6035,#6036,#6037);
#6035 = CARTESIAN_POINT('',(46.25,43.376388374866,-2.));
#6036 = DIRECTION('',(1.,0.,-0.));
#6037 = DIRECTION('',(0.,-1.,0.));
#6038 = ADVANCED_FACE('',(#6039),#6050,.T.);
#6039 = FACE_BOUND('',#6040,.T.);
#6040 = EDGE_LOOP('',(#6041,#6042,#6048,#6049));
#6041 = ORIENTED_EDGE('',*,*,#1476,.T.);
#6042 = ORIENTED_EDGE('',*,*,#6043,.T.);
#6043 = EDGE_CURVE('',#1477,#3121,#6044,.T.);
#6044 = LINE('',#6045,#6046);
#6045 = CARTESIAN_POINT('',(52.75,43.376388374866,-2.));
#6046 = VECTOR('',#6047,1.);
#6047 = DIRECTION('',(0.,0.,1.));
#6048 = ORIENTED_EDGE('',*,*,#3120,.F.);
#6049 = ORIENTED_EDGE('',*,*,#6004,.F.);
#6050 = PLANE('',#6051);
#6051 = AXIS2_PLACEMENT_3D('',#6052,#6053,#6054);
#6052 = CARTESIAN_POINT('',(52.75,43.376388374866,-2.));
#6053 = DIRECTION('',(-0.5,-0.866025403784,0.));
#6054 = DIRECTION('',(-0.866025403784,0.5,0.));
#6055 = ADVANCED_FACE('',(#6056),#6067,.T.);
#6056 = FACE_BOUND('',#6057,.T.);
#6057 = EDGE_LOOP('',(#6058,#6059,#6060,#6061));
#6058 = ORIENTED_EDGE('',*,*,#1500,.T.);
#6059 = ORIENTED_EDGE('',*,*,#6028,.T.);
#6060 = ORIENTED_EDGE('',*,*,#3144,.F.);
#6061 = ORIENTED_EDGE('',*,*,#6062,.F.);
#6062 = EDGE_CURVE('',#1493,#3137,#6063,.T.);
#6063 = LINE('',#6064,#6065);
#6064 = CARTESIAN_POINT('',(49.5,37.747223250267,-2.));
#6065 = VECTOR('',#6066,1.);
#6066 = DIRECTION('',(0.,0.,1.));
#6067 = PLANE('',#6068);
#6068 = AXIS2_PLACEMENT_3D('',#6069,#6070,#6071);
#6069 = CARTESIAN_POINT('',(46.25,39.623611625134,-2.));
#6070 = DIRECTION('',(0.5,0.866025403784,-0.));
#6071 = DIRECTION('',(0.866025403784,-0.5,0.));
#6072 = ADVANCED_FACE('',(#6073),#6084,.T.);
#6073 = FACE_BOUND('',#6074,.T.);
#6074 = EDGE_LOOP('',(#6075,#6076,#6082,#6083));
#6075 = ORIENTED_EDGE('',*,*,#1484,.T.);
#6076 = ORIENTED_EDGE('',*,*,#6077,.T.);
#6077 = EDGE_CURVE('',#1485,#3129,#6078,.T.);
#6078 = LINE('',#6079,#6080);
#6079 = CARTESIAN_POINT('',(52.75,39.623611625134,-2.));
#6080 = VECTOR('',#6081,1.);
#6081 = DIRECTION('',(0.,0.,1.));
#6082 = ORIENTED_EDGE('',*,*,#3128,.F.);
#6083 = ORIENTED_EDGE('',*,*,#6043,.F.);
#6084 = PLANE('',#6085);
#6085 = AXIS2_PLACEMENT_3D('',#6086,#6087,#6088);
#6086 = CARTESIAN_POINT('',(52.75,39.623611625134,-2.));
#6087 = DIRECTION('',(-1.,0.,0.));
#6088 = DIRECTION('',(0.,1.,0.));
#6089 = ADVANCED_FACE('',(#6090),#6096,.T.);
#6090 = FACE_BOUND('',#6091,.T.);
#6091 = EDGE_LOOP('',(#6092,#6093,#6094,#6095));
#6092 = ORIENTED_EDGE('',*,*,#1492,.T.);
#6093 = ORIENTED_EDGE('',*,*,#6062,.T.);
#6094 = ORIENTED_EDGE('',*,*,#3136,.F.);
#6095 = ORIENTED_EDGE('',*,*,#6077,.F.);
#6096 = PLANE('',#6097);
#6097 = AXIS2_PLACEMENT_3D('',#6098,#6099,#6100);
#6098 = CARTESIAN_POINT('',(49.5,37.747223250267,-2.));
#6099 = DIRECTION('',(-0.5,0.866025403784,0.));
#6100 = DIRECTION('',(0.866025403784,0.5,0.));
#6101 = ADVANCED_FACE('',(#6102),#6118,.T.);
#6102 = FACE_BOUND('',#6103,.T.);
#6103 = EDGE_LOOP('',(#6104,#6105,#6111,#6112));
#6104 = ORIENTED_EDGE('',*,*,#1516,.T.);
#6105 = ORIENTED_EDGE('',*,*,#6106,.T.);
#6106 = EDGE_CURVE('',#1519,#3163,#6107,.T.);
#6107 = LINE('',#6108,#6109);
#6108 = CARTESIAN_POINT('',(58.5,45.252776749733,-2.));
#6109 = VECTOR('',#6110,1.);
#6110 = DIRECTION('',(0.,0.,1.));
#6111 = ORIENTED_EDGE('',*,*,#3160,.F.);
#6112 = ORIENTED_EDGE('',*,*,#6113,.F.);
#6113 = EDGE_CURVE('',#1517,#3161,#6114,.T.);
#6114 = LINE('',#6115,#6116);
#6115 = CARTESIAN_POINT('',(55.25,43.376388374866,-2.));
#6116 = VECTOR('',#6117,1.);
#6117 = DIRECTION('',(0.,0.,1.));
#6118 = PLANE('',#6119);
#6119 = AXIS2_PLACEMENT_3D('',#6120,#6121,#6122);
#6120 = CARTESIAN_POINT('',(58.5,45.252776749733,-2.));
#6121 = DIRECTION('',(0.5,-0.866025403784,0.));
#6122 = DIRECTION('',(-0.866025403784,-0.5,0.));
#6123 = ADVANCED_FACE('',(#6124),#6135,.T.);
#6124 = FACE_BOUND('',#6125,.T.);
#6125 = EDGE_LOOP('',(#6126,#6127,#6128,#6129));
#6126 = ORIENTED_EDGE('',*,*,#1558,.T.);
#6127 = ORIENTED_EDGE('',*,*,#6113,.T.);
#6128 = ORIENTED_EDGE('',*,*,#3202,.F.);
#6129 = ORIENTED_EDGE('',*,*,#6130,.F.);
#6130 = EDGE_CURVE('',#1551,#3195,#6131,.T.);
#6131 = LINE('',#6132,#6133);
#6132 = CARTESIAN_POINT('',(55.25,39.623611625134,-2.));
#6133 = VECTOR('',#6134,1.);
#6134 = DIRECTION('',(0.,0.,1.));
#6135 = PLANE('',#6136);
#6136 = AXIS2_PLACEMENT_3D('',#6137,#6138,#6139);
#6137 = CARTESIAN_POINT('',(55.25,43.376388374866,-2.));
#6138 = DIRECTION('',(1.,0.,-0.));
#6139 = DIRECTION('',(0.,-1.,0.));
#6140 = ADVANCED_FACE('',(#6141),#6152,.T.);
#6141 = FACE_BOUND('',#6142,.T.);
#6142 = EDGE_LOOP('',(#6143,#6144,#6150,#6151));
#6143 = ORIENTED_EDGE('',*,*,#1526,.T.);
#6144 = ORIENTED_EDGE('',*,*,#6145,.T.);
#6145 = EDGE_CURVE('',#1527,#3171,#6146,.T.);
#6146 = LINE('',#6147,#6148);
#6147 = CARTESIAN_POINT('',(61.75,43.376388374866,-2.));
#6148 = VECTOR('',#6149,1.);
#6149 = DIRECTION('',(0.,0.,1.));
#6150 = ORIENTED_EDGE('',*,*,#3170,.F.);
#6151 = ORIENTED_EDGE('',*,*,#6106,.F.);
#6152 = PLANE('',#6153);
#6153 = AXIS2_PLACEMENT_3D('',#6154,#6155,#6156);
#6154 = CARTESIAN_POINT('',(61.75,43.376388374866,-2.));
#6155 = DIRECTION('',(-0.5,-0.866025403784,0.));
#6156 = DIRECTION('',(-0.866025403784,0.5,0.));
#6157 = ADVANCED_FACE('',(#6158),#6169,.T.);
#6158 = FACE_BOUND('',#6159,.T.);
#6159 = EDGE_LOOP('',(#6160,#6161,#6162,#6163));
#6160 = ORIENTED_EDGE('',*,*,#1550,.T.);
#6161 = ORIENTED_EDGE('',*,*,#6130,.T.);
#6162 = ORIENTED_EDGE('',*,*,#3194,.F.);
#6163 = ORIENTED_EDGE('',*,*,#6164,.F.);
#6164 = EDGE_CURVE('',#1543,#3187,#6165,.T.);
#6165 = LINE('',#6166,#6167);
#6166 = CARTESIAN_POINT('',(58.5,37.747223250267,-2.));
#6167 = VECTOR('',#6168,1.);
#6168 = DIRECTION('',(0.,0.,1.));
#6169 = PLANE('',#6170);
#6170 = AXIS2_PLACEMENT_3D('',#6171,#6172,#6173);
#6171 = CARTESIAN_POINT('',(55.25,39.623611625134,-2.));
#6172 = DIRECTION('',(0.5,0.866025403784,-0.));
#6173 = DIRECTION('',(0.866025403784,-0.5,0.));
#6174 = ADVANCED_FACE('',(#6175),#6186,.T.);
#6175 = FACE_BOUND('',#6176,.T.);
#6176 = EDGE_LOOP('',(#6177,#6178,#6184,#6185));
#6177 = ORIENTED_EDGE('',*,*,#1534,.T.);
#6178 = ORIENTED_EDGE('',*,*,#6179,.T.);
#6179 = EDGE_CURVE('',#1535,#3179,#6180,.T.);
#6180 = LINE('',#6181,#6182);
#6181 = CARTESIAN_POINT('',(61.75,39.623611625134,-2.));
#6182 = VECTOR('',#6183,1.);
#6183 = DIRECTION('',(0.,0.,1.));
#6184 = ORIENTED_EDGE('',*,*,#3178,.F.);
#6185 = ORIENTED_EDGE('',*,*,#6145,.F.);
#6186 = PLANE('',#6187);
#6187 = AXIS2_PLACEMENT_3D('',#6188,#6189,#6190);
#6188 = CARTESIAN_POINT('',(61.75,39.623611625134,-2.));
#6189 = DIRECTION('',(-1.,0.,0.));
#6190 = DIRECTION('',(0.,1.,0.));
#6191 = ADVANCED_FACE('',(#6192),#6198,.T.);
#6192 = FACE_BOUND('',#6193,.T.);
#6193 = EDGE_LOOP('',(#6194,#6195,#6196,#6197));
#6194 = ORIENTED_EDGE('',*,*,#1542,.T.);
#6195 = ORIENTED_EDGE('',*,*,#6164,.T.);
#6196 = ORIENTED_EDGE('',*,*,#3186,.F.);
#6197 = ORIENTED_EDGE('',*,*,#6179,.F.);
#6198 = PLANE('',#6199);
#6199 = AXIS2_PLACEMENT_3D('',#6200,#6201,#6202);
#6200 = CARTESIAN_POINT('',(58.5,37.747223250267,-2.));
#6201 = DIRECTION('',(-0.5,0.866025403784,0.));
#6202 = DIRECTION('',(0.866025403784,0.5,0.));
#6203 = ADVANCED_FACE('',(#6204),#6220,.T.);
#6204 = FACE_BOUND('',#6205,.T.);
#6205 = EDGE_LOOP('',(#6206,#6207,#6213,#6214));
#6206 = ORIENTED_EDGE('',*,*,#1566,.T.);
#6207 = ORIENTED_EDGE('',*,*,#6208,.T.);
#6208 = EDGE_CURVE('',#1569,#3213,#6209,.T.);
#6209 = LINE('',#6210,#6211);
#6210 = CARTESIAN_POINT('',(67.5,45.252776749733,-2.));
#6211 = VECTOR('',#6212,1.);
#6212 = DIRECTION('',(0.,0.,1.));
#6213 = ORIENTED_EDGE('',*,*,#3210,.F.);
#6214 = ORIENTED_EDGE('',*,*,#6215,.F.);
#6215 = EDGE_CURVE('',#1567,#3211,#6216,.T.);
#6216 = LINE('',#6217,#6218);
#6217 = CARTESIAN_POINT('',(64.25,43.376388374866,-2.));
#6218 = VECTOR('',#6219,1.);
#6219 = DIRECTION('',(0.,0.,1.));
#6220 = PLANE('',#6221);
#6221 = AXIS2_PLACEMENT_3D('',#6222,#6223,#6224);
#6222 = CARTESIAN_POINT('',(67.5,45.252776749733,-2.));
#6223 = DIRECTION('',(0.5,-0.866025403784,0.));
#6224 = DIRECTION('',(-0.866025403784,-0.5,0.));
#6225 = ADVANCED_FACE('',(#6226),#6237,.T.);
#6226 = FACE_BOUND('',#6227,.T.);
#6227 = EDGE_LOOP('',(#6228,#6229,#6230,#6231));
#6228 = ORIENTED_EDGE('',*,*,#1608,.T.);
#6229 = ORIENTED_EDGE('',*,*,#6215,.T.);
#6230 = ORIENTED_EDGE('',*,*,#3252,.F.);
#6231 = ORIENTED_EDGE('',*,*,#6232,.F.);
#6232 = EDGE_CURVE('',#1601,#3245,#6233,.T.);
#6233 = LINE('',#6234,#6235);
#6234 = CARTESIAN_POINT('',(64.25,39.623611625134,-2.));
#6235 = VECTOR('',#6236,1.);
#6236 = DIRECTION('',(0.,0.,1.));
#6237 = PLANE('',#6238);
#6238 = AXIS2_PLACEMENT_3D('',#6239,#6240,#6241);
#6239 = CARTESIAN_POINT('',(64.25,43.376388374866,-2.));
#6240 = DIRECTION('',(1.,0.,-0.));
#6241 = DIRECTION('',(0.,-1.,0.));
#6242 = ADVANCED_FACE('',(#6243),#6254,.T.);
#6243 = FACE_BOUND('',#6244,.T.);
#6244 = EDGE_LOOP('',(#6245,#6246,#6252,#6253));
#6245 = ORIENTED_EDGE('',*,*,#1576,.T.);
#6246 = ORIENTED_EDGE('',*,*,#6247,.T.);
#6247 = EDGE_CURVE('',#1577,#3221,#6248,.T.);
#6248 = LINE('',#6249,#6250);
#6249 = CARTESIAN_POINT('',(70.75,43.376388374866,-2.));
#6250 = VECTOR('',#6251,1.);
#6251 = DIRECTION('',(0.,0.,1.));
#6252 = ORIENTED_EDGE('',*,*,#3220,.F.);
#6253 = ORIENTED_EDGE('',*,*,#6208,.F.);
#6254 = PLANE('',#6255);
#6255 = AXIS2_PLACEMENT_3D('',#6256,#6257,#6258);
#6256 = CARTESIAN_POINT('',(70.75,43.376388374866,-2.));
#6257 = DIRECTION('',(-0.5,-0.866025403784,0.));
#6258 = DIRECTION('',(-0.866025403784,0.5,0.));
#6259 = ADVANCED_FACE('',(#6260),#6271,.T.);
#6260 = FACE_BOUND('',#6261,.T.);
#6261 = EDGE_LOOP('',(#6262,#6263,#6264,#6265));
#6262 = ORIENTED_EDGE('',*,*,#1600,.T.);
#6263 = ORIENTED_EDGE('',*,*,#6232,.T.);
#6264 = ORIENTED_EDGE('',*,*,#3244,.F.);
#6265 = ORIENTED_EDGE('',*,*,#6266,.F.);
#6266 = EDGE_CURVE('',#1593,#3237,#6267,.T.);
#6267 = LINE('',#6268,#6269);
#6268 = CARTESIAN_POINT('',(67.5,37.747223250267,-2.));
#6269 = VECTOR('',#6270,1.);
#6270 = DIRECTION('',(0.,0.,1.));
#6271 = PLANE('',#6272);
#6272 = AXIS2_PLACEMENT_3D('',#6273,#6274,#6275);
#6273 = CARTESIAN_POINT('',(64.25,39.623611625134,-2.));
#6274 = DIRECTION('',(0.5,0.866025403784,-0.));
#6275 = DIRECTION('',(0.866025403784,-0.5,0.));
#6276 = ADVANCED_FACE('',(#6277),#6288,.T.);
#6277 = FACE_BOUND('',#6278,.T.);
#6278 = EDGE_LOOP('',(#6279,#6280,#6286,#6287));
#6279 = ORIENTED_EDGE('',*,*,#1584,.T.);
#6280 = ORIENTED_EDGE('',*,*,#6281,.T.);
#6281 = EDGE_CURVE('',#1585,#3229,#6282,.T.);
#6282 = LINE('',#6283,#6284);
#6283 = CARTESIAN_POINT('',(70.75,39.623611625134,-2.));
#6284 = VECTOR('',#6285,1.);
#6285 = DIRECTION('',(0.,0.,1.));
#6286 = ORIENTED_EDGE('',*,*,#3228,.F.);
#6287 = ORIENTED_EDGE('',*,*,#6247,.F.);
#6288 = PLANE('',#6289);
#6289 = AXIS2_PLACEMENT_3D('',#6290,#6291,#6292);
#6290 = CARTESIAN_POINT('',(70.75,39.623611625134,-2.));
#6291 = DIRECTION('',(-1.,0.,0.));
#6292 = DIRECTION('',(0.,1.,0.));
#6293 = ADVANCED_FACE('',(#6294),#6300,.T.);
#6294 = FACE_BOUND('',#6295,.T.);
#6295 = EDGE_LOOP('',(#6296,#6297,#6298,#6299));
#6296 = ORIENTED_EDGE('',*,*,#1592,.T.);
#6297 = ORIENTED_EDGE('',*,*,#6266,.T.);
#6298 = ORIENTED_EDGE('',*,*,#3236,.F.);
#6299 = ORIENTED_EDGE('',*,*,#6281,.F.);
#6300 = PLANE('',#6301);
#6301 = AXIS2_PLACEMENT_3D('',#6302,#6303,#6304);
#6302 = CARTESIAN_POINT('',(67.5,37.747223250267,-2.));
#6303 = DIRECTION('',(-0.5,0.866025403784,0.));
#6304 = DIRECTION('',(0.866025403784,0.5,0.));
#6305 = ADVANCED_FACE('',(#6306),#6322,.T.);
#6306 = FACE_BOUND('',#6307,.T.);
#6307 = EDGE_LOOP('',(#6308,#6309,#6315,#6316));
#6308 = ORIENTED_EDGE('',*,*,#1616,.T.);
#6309 = ORIENTED_EDGE('',*,*,#6310,.T.);
#6310 = EDGE_CURVE('',#1619,#3263,#6311,.T.);
#6311 = LINE('',#6312,#6313);
#6312 = CARTESIAN_POINT('',(76.5,45.252776749733,-2.));
#6313 = VECTOR('',#6314,1.);
#6314 = DIRECTION('',(0.,0.,1.));
#6315 = ORIENTED_EDGE('',*,*,#3260,.F.);
#6316 = ORIENTED_EDGE('',*,*,#6317,.F.);
#6317 = EDGE_CURVE('',#1617,#3261,#6318,.T.);
#6318 = LINE('',#6319,#6320);
#6319 = CARTESIAN_POINT('',(73.25,43.376388374866,-2.));
#6320 = VECTOR('',#6321,1.);
#6321 = DIRECTION('',(0.,0.,1.));
#6322 = PLANE('',#6323);
#6323 = AXIS2_PLACEMENT_3D('',#6324,#6325,#6326);
#6324 = CARTESIAN_POINT('',(76.5,45.252776749733,-2.));
#6325 = DIRECTION('',(0.5,-0.866025403784,0.));
#6326 = DIRECTION('',(-0.866025403784,-0.5,0.));
#6327 = ADVANCED_FACE('',(#6328),#6339,.T.);
#6328 = FACE_BOUND('',#6329,.T.);
#6329 = EDGE_LOOP('',(#6330,#6331,#6332,#6333));
#6330 = ORIENTED_EDGE('',*,*,#1658,.T.);
#6331 = ORIENTED_EDGE('',*,*,#6317,.T.);
#6332 = ORIENTED_EDGE('',*,*,#3302,.F.);
#6333 = ORIENTED_EDGE('',*,*,#6334,.F.);
#6334 = EDGE_CURVE('',#1651,#3295,#6335,.T.);
#6335 = LINE('',#6336,#6337);
#6336 = CARTESIAN_POINT('',(73.25,39.623611625134,-2.));
#6337 = VECTOR('',#6338,1.);
#6338 = DIRECTION('',(0.,0.,1.));
#6339 = PLANE('',#6340);
#6340 = AXIS2_PLACEMENT_3D('',#6341,#6342,#6343);
#6341 = CARTESIAN_POINT('',(73.25,43.376388374866,-2.));
#6342 = DIRECTION('',(1.,0.,-0.));
#6343 = DIRECTION('',(0.,-1.,0.));
#6344 = ADVANCED_FACE('',(#6345),#6356,.T.);
#6345 = FACE_BOUND('',#6346,.T.);
#6346 = EDGE_LOOP('',(#6347,#6348,#6349,#6350));
#6347 = ORIENTED_EDGE('',*,*,#1650,.T.);
#6348 = ORIENTED_EDGE('',*,*,#6334,.T.);
#6349 = ORIENTED_EDGE('',*,*,#3294,.F.);
#6350 = ORIENTED_EDGE('',*,*,#6351,.F.);
#6351 = EDGE_CURVE('',#1643,#3287,#6352,.T.);
#6352 = LINE('',#6353,#6354);
#6353 = CARTESIAN_POINT('',(76.5,37.747223250267,-2.));
#6354 = VECTOR('',#6355,1.);
#6355 = DIRECTION('',(0.,0.,1.));
#6356 = PLANE('',#6357);
#6357 = AXIS2_PLACEMENT_3D('',#6358,#6359,#6360);
#6358 = CARTESIAN_POINT('',(73.25,39.623611625134,-2.));
#6359 = DIRECTION('',(0.5,0.866025403784,-0.));
#6360 = DIRECTION('',(0.866025403784,-0.5,0.));
#6361 = ADVANCED_FACE('',(#6362),#6373,.T.);
#6362 = FACE_BOUND('',#6363,.T.);
#6363 = EDGE_LOOP('',(#6364,#6365,#6366,#6367));
#6364 = ORIENTED_EDGE('',*,*,#1642,.T.);
#6365 = ORIENTED_EDGE('',*,*,#6351,.T.);
#6366 = ORIENTED_EDGE('',*,*,#3286,.F.);
#6367 = ORIENTED_EDGE('',*,*,#6368,.F.);
#6368 = EDGE_CURVE('',#1635,#3279,#6369,.T.);
#6369 = LINE('',#6370,#6371);
#6370 = CARTESIAN_POINT('',(79.75,39.623611625134,-2.));
#6371 = VECTOR('',#6372,1.);
#6372 = DIRECTION('',(0.,0.,1.));
#6373 = PLANE('',#6374);
#6374 = AXIS2_PLACEMENT_3D('',#6375,#6376,#6377);
#6375 = CARTESIAN_POINT('',(76.5,37.747223250267,-2.));
#6376 = DIRECTION('',(-0.5,0.866025403784,0.));
#6377 = DIRECTION('',(0.866025403784,0.5,0.));
#6378 = ADVANCED_FACE('',(#6379),#6390,.T.);
#6379 = FACE_BOUND('',#6380,.T.);
#6380 = EDGE_LOOP('',(#6381,#6382,#6383,#6384));
#6381 = ORIENTED_EDGE('',*,*,#1634,.T.);
#6382 = ORIENTED_EDGE('',*,*,#6368,.T.);
#6383 = ORIENTED_EDGE('',*,*,#3278,.F.);
#6384 = ORIENTED_EDGE('',*,*,#6385,.F.);
#6385 = EDGE_CURVE('',#1627,#3271,#6386,.T.);
#6386 = LINE('',#6387,#6388);
#6387 = CARTESIAN_POINT('',(79.75,43.376388374866,-2.));
#6388 = VECTOR('',#6389,1.);
#6389 = DIRECTION('',(0.,0.,1.));
#6390 = PLANE('',#6391);
#6391 = AXIS2_PLACEMENT_3D('',#6392,#6393,#6394);
#6392 = CARTESIAN_POINT('',(79.75,39.623611625134,-2.));
#6393 = DIRECTION('',(-1.,0.,0.));
#6394 = DIRECTION('',(0.,1.,0.));
#6395 = ADVANCED_FACE('',(#6396),#6402,.T.);
#6396 = FACE_BOUND('',#6397,.T.);
#6397 = EDGE_LOOP('',(#6398,#6399,#6400,#6401));
#6398 = ORIENTED_EDGE('',*,*,#1626,.T.);
#6399 = ORIENTED_EDGE('',*,*,#6385,.T.);
#6400 = ORIENTED_EDGE('',*,*,#3270,.F.);
#6401 = ORIENTED_EDGE('',*,*,#6310,.F.);
#6402 = PLANE('',#6403);
#6403 = AXIS2_PLACEMENT_3D('',#6404,#6405,#6406);
#6404 = CARTESIAN_POINT('',(79.75,43.376388374866,-2.));
#6405 = DIRECTION('',(-0.5,-0.866025403784,0.));
#6406 = DIRECTION('',(-0.866025403784,0.5,0.));
#6407 = ADVANCED_FACE('',(#6408),#6425,.T.);
#6408 = FACE_BOUND('',#6409,.T.);
#6409 = EDGE_LOOP('',(#6410,#6411,#6417,#6418,#6419));
#6410 = ORIENTED_EDGE('',*,*,#3484,.F.);
#6411 = ORIENTED_EDGE('',*,*,#6412,.T.);
#6412 = EDGE_CURVE('',#3485,#1690,#6413,.T.);
#6413 = LINE('',#6414,#6415);
#6414 = CARTESIAN_POINT('',(183.,48.5,133.2));
#6415 = VECTOR('',#6416,1.);
#6416 = DIRECTION('',(1.,0.,-0.));
#6417 = ORIENTED_EDGE('',*,*,#1700,.T.);
#6418 = ORIENTED_EDGE('',*,*,#3436,.T.);
#6419 = ORIENTED_EDGE('',*,*,#6420,.F.);
#6420 = EDGE_CURVE('',#3477,#3429,#6421,.T.);
#6421 = LINE('',#6422,#6423);
#6422 = CARTESIAN_POINT('',(183.,50.5,133.2));
#6423 = VECTOR('',#6424,1.);
#6424 = DIRECTION('',(1.,0.,-0.));
#6425 = PLANE('',#6426);
#6426 = AXIS2_PLACEMENT_3D('',#6427,#6428,#6429);
#6427 = CARTESIAN_POINT('',(183.,48.5,133.2));
#6428 = DIRECTION('',(0.,0.,1.));
#6429 = DIRECTION('',(1.,0.,-0.));
#6430 = ADVANCED_FACE('',(#6431),#6442,.T.);
#6431 = FACE_BOUND('',#6432,.T.);
#6432 = EDGE_LOOP('',(#6433,#6439,#6440,#6441));
#6433 = ORIENTED_EDGE('',*,*,#6434,.F.);
#6434 = EDGE_CURVE('',#1757,#3485,#6435,.T.);
#6435 = LINE('',#6436,#6437);
#6436 = CARTESIAN_POINT('',(183.,48.5,1.75));
#6437 = VECTOR('',#6438,1.);
#6438 = DIRECTION('',(-0.,0.,-1.));
#6439 = ORIENTED_EDGE('',*,*,#1756,.T.);
#6440 = ORIENTED_EDGE('',*,*,#1716,.T.);
#6441 = ORIENTED_EDGE('',*,*,#6412,.F.);
#6442 = PLANE('',#6443);
#6443 = AXIS2_PLACEMENT_3D('',#6444,#6445,#6446);
#6444 = CARTESIAN_POINT('',(0.,48.5,0.));
#6445 = DIRECTION('',(-0.,1.,0.));
#6446 = DIRECTION('',(0.,0.,1.));
#6447 = ADVANCED_FACE('',(#6448),#6459,.T.);
#6448 = FACE_BOUND('',#6449,.T.);
#6449 = EDGE_LOOP('',(#6450,#6456,#6457,#6458));
#6450 = ORIENTED_EDGE('',*,*,#6451,.T.);
#6451 = EDGE_CURVE('',#1741,#1845,#6452,.T.);
#6452 = LINE('',#6453,#6454);
#6453 = CARTESIAN_POINT('',(3.,48.5,1.75));
#6454 = VECTOR('',#6455,1.);
#6455 = DIRECTION('',(-0.,0.,-1.));
#6456 = ORIENTED_EDGE('',*,*,#1844,.F.);
#6457 = ORIENTED_EDGE('',*,*,#1820,.F.);
#6458 = ORIENTED_EDGE('',*,*,#1738,.T.);
#6459 = PLANE('',#6460);
#6460 = AXIS2_PLACEMENT_3D('',#6461,#6462,#6463);
#6461 = CARTESIAN_POINT('',(0.,48.5,0.));
#6462 = DIRECTION('',(-0.,1.,0.));
#6463 = DIRECTION('',(0.,0.,1.));
#6464 = ADVANCED_FACE('',(#6465),#6484,.T.);
#6465 = FACE_BOUND('',#6466,.T.);
#6466 = EDGE_LOOP('',(#6467,#6475,#6481,#6482,#6483));
#6467 = ORIENTED_EDGE('',*,*,#6468,.F.);
#6468 = EDGE_CURVE('',#6469,#1797,#6471,.T.);
#6469 = VERTEX_POINT('',#6470);
#6470 = CARTESIAN_POINT('',(3.,3.5,109.));
#6471 = LINE('',#6472,#6473);
#6472 = CARTESIAN_POINT('',(3.,3.5,3.5));
#6473 = VECTOR('',#6474,1.);
#6474 = DIRECTION('',(0.,0.,1.));
#6475 = ORIENTED_EDGE('',*,*,#6476,.T.);
#6476 = EDGE_CURVE('',#6469,#3333,#6477,.T.);
#6477 = LINE('',#6478,#6479);
#6478 = CARTESIAN_POINT('',(3.,3.5,109.));
#6479 = VECTOR('',#6480,1.);
#6480 = DIRECTION('',(-0.,1.,0.));
#6481 = ORIENTED_EDGE('',*,*,#3332,.F.);
#6482 = ORIENTED_EDGE('',*,*,#6451,.F.);
#6483 = ORIENTED_EDGE('',*,*,#1804,.F.);
#6484 = PLANE('',#6485);
#6485 = AXIS2_PLACEMENT_3D('',#6486,#6487,#6488);
#6486 = CARTESIAN_POINT('',(3.,3.5,3.5));
#6487 = DIRECTION('',(1.,0.,-0.));
#6488 = DIRECTION('',(0.,0.,1.));
#6489 = ADVANCED_FACE('',(#6490,#6675,#6709,#6751),#6785,.T.);
#6490 = FACE_BOUND('',#6491,.T.);
#6491 = EDGE_LOOP('',(#6492,#6500,#6501,#6509,#6517,#6525,#6533,#6541,
    #6549,#6557,#6563,#6564,#6565,#6566,#6574,#6582,#6590,#6598,#6606,
    #6612,#6613,#6621,#6629,#6637,#6645,#6653,#6661,#6669));
#6492 = ORIENTED_EDGE('',*,*,#6493,.F.);
#6493 = EDGE_CURVE('',#1883,#6494,#6496,.T.);
#6494 = VERTEX_POINT('',#6495);
#6495 = CARTESIAN_POINT('',(183.,3.5,16.));
#6496 = LINE('',#6497,#6498);
#6497 = CARTESIAN_POINT('',(183.,3.5,3.5));
#6498 = VECTOR('',#6499,1.);
#6499 = DIRECTION('',(0.,0.,1.));
#6500 = ORIENTED_EDGE('',*,*,#1882,.F.);
#6501 = ORIENTED_EDGE('',*,*,#6502,.T.);
#6502 = EDGE_CURVE('',#1875,#6503,#6505,.T.);
#6503 = VERTEX_POINT('',#6504);
#6504 = CARTESIAN_POINT('',(3.,3.5,16.));
#6505 = LINE('',#6506,#6507);
#6506 = CARTESIAN_POINT('',(3.,3.5,3.5));
#6507 = VECTOR('',#6508,1.);
#6508 = DIRECTION('',(0.,0.,1.));
#6509 = ORIENTED_EDGE('',*,*,#6510,.T.);
#6510 = EDGE_CURVE('',#6503,#6511,#6513,.T.);
#6511 = VERTEX_POINT('',#6512);
#6512 = CARTESIAN_POINT('',(5.4,3.5,16.));
#6513 = LINE('',#6514,#6515);
#6514 = CARTESIAN_POINT('',(3.,3.5,16.));
#6515 = VECTOR('',#6516,1.);
#6516 = DIRECTION('',(1.,0.,-0.));
#6517 = ORIENTED_EDGE('',*,*,#6518,.T.);
#6518 = EDGE_CURVE('',#6511,#6519,#6521,.T.);
#6519 = VERTEX_POINT('',#6520);
#6520 = CARTESIAN_POINT('',(5.4,3.5,24.));
#6521 = LINE('',#6522,#6523);
#6522 = CARTESIAN_POINT('',(5.4,3.5,16.));
#6523 = VECTOR('',#6524,1.);
#6524 = DIRECTION('',(0.,0.,1.));
#6525 = ORIENTED_EDGE('',*,*,#6526,.F.);
#6526 = EDGE_CURVE('',#6527,#6519,#6529,.T.);
#6527 = VERTEX_POINT('',#6528);
#6528 = CARTESIAN_POINT('',(3.,3.5,24.));
#6529 = LINE('',#6530,#6531);
#6530 = CARTESIAN_POINT('',(3.,3.5,24.));
#6531 = VECTOR('',#6532,1.);
#6532 = DIRECTION('',(1.,0.,-0.));
#6533 = ORIENTED_EDGE('',*,*,#6534,.T.);
#6534 = EDGE_CURVE('',#6527,#6535,#6537,.T.);
#6535 = VERTEX_POINT('',#6536);
#6536 = CARTESIAN_POINT('',(3.,3.5,101.));
#6537 = LINE('',#6538,#6539);
#6538 = CARTESIAN_POINT('',(3.,3.5,3.5));
#6539 = VECTOR('',#6540,1.);
#6540 = DIRECTION('',(0.,0.,1.));
#6541 = ORIENTED_EDGE('',*,*,#6542,.T.);
#6542 = EDGE_CURVE('',#6535,#6543,#6545,.T.);
#6543 = VERTEX_POINT('',#6544);
#6544 = CARTESIAN_POINT('',(5.4,3.5,101.));
#6545 = LINE('',#6546,#6547);
#6546 = CARTESIAN_POINT('',(3.,3.5,101.));
#6547 = VECTOR('',#6548,1.);
#6548 = DIRECTION('',(1.,0.,-0.));
#6549 = ORIENTED_EDGE('',*,*,#6550,.T.);
#6550 = EDGE_CURVE('',#6543,#6551,#6553,.T.);
#6551 = VERTEX_POINT('',#6552);
#6552 = CARTESIAN_POINT('',(5.4,3.5,109.));
#6553 = LINE('',#6554,#6555);
#6554 = CARTESIAN_POINT('',(5.4,3.5,101.));
#6555 = VECTOR('',#6556,1.);
#6556 = DIRECTION('',(0.,0.,1.));
#6557 = ORIENTED_EDGE('',*,*,#6558,.F.);
#6558 = EDGE_CURVE('',#6469,#6551,#6559,.T.);
#6559 = LINE('',#6560,#6561);
#6560 = CARTESIAN_POINT('',(3.,3.5,109.));
#6561 = VECTOR('',#6562,1.);
#6562 = DIRECTION('',(1.,0.,-0.));
#6563 = ORIENTED_EDGE('',*,*,#6468,.T.);
#6564 = ORIENTED_EDGE('',*,*,#1796,.F.);
#6565 = ORIENTED_EDGE('',*,*,#1788,.F.);
#6566 = ORIENTED_EDGE('',*,*,#6567,.F.);
#6567 = EDGE_CURVE('',#6568,#1781,#6570,.T.);
#6568 = VERTEX_POINT('',#6569);
#6569 = CARTESIAN_POINT('',(91.,3.5,132.));
#6570 = LINE('',#6571,#6572);
#6571 = CARTESIAN_POINT('',(91.,3.5,132.));
#6572 = VECTOR('',#6573,1.);
#6573 = DIRECTION('',(0.132163720091,0.,0.991227900683));
#6574 = ORIENTED_EDGE('',*,*,#6575,.F.);
#6575 = EDGE_CURVE('',#6576,#6568,#6578,.T.);
#6576 = VERTEX_POINT('',#6577);
#6577 = CARTESIAN_POINT('',(91.,3.5,59.6));
#6578 = LINE('',#6579,#6580);
#6579 = CARTESIAN_POINT('',(91.,3.5,59.6));
#6580 = VECTOR('',#6581,1.);
#6581 = DIRECTION('',(0.,0.,1.));
#6582 = ORIENTED_EDGE('',*,*,#6583,.T.);
#6583 = EDGE_CURVE('',#6576,#6584,#6586,.T.);
#6584 = VERTEX_POINT('',#6585);
#6585 = CARTESIAN_POINT('',(91.8,3.5,59.6));
#6586 = LINE('',#6587,#6588);
#6587 = CARTESIAN_POINT('',(91.,3.5,59.6));
#6588 = VECTOR('',#6589,1.);
#6589 = DIRECTION('',(1.,0.,-0.));
#6590 = ORIENTED_EDGE('',*,*,#6591,.F.);
#6591 = EDGE_CURVE('',#6592,#6584,#6594,.T.);
#6592 = VERTEX_POINT('',#6593);
#6593 = CARTESIAN_POINT('',(91.8,3.5,20.));
#6594 = LINE('',#6595,#6596);
#6595 = CARTESIAN_POINT('',(91.8,3.5,20.));
#6596 = VECTOR('',#6597,1.);
#6597 = DIRECTION('',(0.,0.,1.));
#6598 = ORIENTED_EDGE('',*,*,#6599,.T.);
#6599 = EDGE_CURVE('',#6592,#6600,#6602,.T.);
#6600 = VERTEX_POINT('',#6601);
#6601 = CARTESIAN_POINT('',(93.8,3.5,20.));
#6602 = LINE('',#6603,#6604);
#6603 = CARTESIAN_POINT('',(91.8,3.5,20.));
#6604 = VECTOR('',#6605,1.);
#6605 = DIRECTION('',(1.,0.,-0.));
#6606 = ORIENTED_EDGE('',*,*,#6607,.T.);
#6607 = EDGE_CURVE('',#6600,#1773,#6608,.T.);
#6608 = LINE('',#6609,#6610);
#6609 = CARTESIAN_POINT('',(93.8,3.5,20.));
#6610 = VECTOR('',#6611,1.);
#6611 = DIRECTION('',(0.,0.,1.));
#6612 = ORIENTED_EDGE('',*,*,#1772,.F.);
#6613 = ORIENTED_EDGE('',*,*,#6614,.F.);
#6614 = EDGE_CURVE('',#6615,#1765,#6617,.T.);
#6615 = VERTEX_POINT('',#6616);
#6616 = CARTESIAN_POINT('',(183.,3.5,109.));
#6617 = LINE('',#6618,#6619);
#6618 = CARTESIAN_POINT('',(183.,3.5,3.5));
#6619 = VECTOR('',#6620,1.);
#6620 = DIRECTION('',(0.,0.,1.));
#6621 = ORIENTED_EDGE('',*,*,#6622,.F.);
#6622 = EDGE_CURVE('',#6623,#6615,#6625,.T.);
#6623 = VERTEX_POINT('',#6624);
#6624 = CARTESIAN_POINT('',(180.6,3.5,109.));
#6625 = LINE('',#6626,#6627);
#6626 = CARTESIAN_POINT('',(180.6,3.5,109.));
#6627 = VECTOR('',#6628,1.);
#6628 = DIRECTION('',(1.,0.,-0.));
#6629 = ORIENTED_EDGE('',*,*,#6630,.F.);
#6630 = EDGE_CURVE('',#6631,#6623,#6633,.T.);
#6631 = VERTEX_POINT('',#6632);
#6632 = CARTESIAN_POINT('',(180.6,3.5,101.));
#6633 = LINE('',#6634,#6635);
#6634 = CARTESIAN_POINT('',(180.6,3.5,101.));
#6635 = VECTOR('',#6636,1.);
#6636 = DIRECTION('',(0.,0.,1.));
#6637 = ORIENTED_EDGE('',*,*,#6638,.T.);
#6638 = EDGE_CURVE('',#6631,#6639,#6641,.T.);
#6639 = VERTEX_POINT('',#6640);
#6640 = CARTESIAN_POINT('',(183.,3.5,101.));
#6641 = LINE('',#6642,#6643);
#6642 = CARTESIAN_POINT('',(180.6,3.5,101.));
#6643 = VECTOR('',#6644,1.);
#6644 = DIRECTION('',(1.,0.,-0.));
#6645 = ORIENTED_EDGE('',*,*,#6646,.F.);
#6646 = EDGE_CURVE('',#6647,#6639,#6649,.T.);
#6647 = VERTEX_POINT('',#6648);
#6648 = CARTESIAN_POINT('',(183.,3.5,24.));
#6649 = LINE('',#6650,#6651);
#6650 = CARTESIAN_POINT('',(183.,3.5,3.5));
#6651 = VECTOR('',#6652,1.);
#6652 = DIRECTION('',(0.,0.,1.));
#6653 = ORIENTED_EDGE('',*,*,#6654,.F.);
#6654 = EDGE_CURVE('',#6655,#6647,#6657,.T.);
#6655 = VERTEX_POINT('',#6656);
#6656 = CARTESIAN_POINT('',(180.6,3.5,24.));
#6657 = LINE('',#6658,#6659);
#6658 = CARTESIAN_POINT('',(180.6,3.5,24.));
#6659 = VECTOR('',#6660,1.);
#6660 = DIRECTION('',(1.,0.,-0.));
#6661 = ORIENTED_EDGE('',*,*,#6662,.F.);
#6662 = EDGE_CURVE('',#6663,#6655,#6665,.T.);
#6663 = VERTEX_POINT('',#6664);
#6664 = CARTESIAN_POINT('',(180.6,3.5,16.));
#6665 = LINE('',#6666,#6667);
#6666 = CARTESIAN_POINT('',(180.6,3.5,16.));
#6667 = VECTOR('',#6668,1.);
#6668 = DIRECTION('',(0.,0.,1.));
#6669 = ORIENTED_EDGE('',*,*,#6670,.T.);
#6670 = EDGE_CURVE('',#6663,#6494,#6671,.T.);
#6671 = LINE('',#6672,#6673);
#6672 = CARTESIAN_POINT('',(180.6,3.5,16.));
#6673 = VECTOR('',#6674,1.);
#6674 = DIRECTION('',(1.,0.,-0.));
#6675 = FACE_BOUND('',#6676,.T.);
#6676 = EDGE_LOOP('',(#6677,#6687,#6695,#6703));
#6677 = ORIENTED_EDGE('',*,*,#6678,.F.);
#6678 = EDGE_CURVE('',#6679,#6681,#6683,.T.);
#6679 = VERTEX_POINT('',#6680);
#6680 = CARTESIAN_POINT('',(8.,3.5,59.6));
#6681 = VERTEX_POINT('',#6682);
#6682 = CARTESIAN_POINT('',(19.,3.5,59.6));
#6683 = LINE('',#6684,#6685);
#6684 = CARTESIAN_POINT('',(8.,3.5,59.6));
#6685 = VECTOR('',#6686,1.);
#6686 = DIRECTION('',(1.,0.,-0.));
#6687 = ORIENTED_EDGE('',*,*,#6688,.F.);
#6688 = EDGE_CURVE('',#6689,#6679,#6691,.T.);
#6689 = VERTEX_POINT('',#6690);
#6690 = CARTESIAN_POINT('',(8.,3.5,55.6));
#6691 = LINE('',#6692,#6693);
#6692 = CARTESIAN_POINT('',(8.,3.5,55.6));
#6693 = VECTOR('',#6694,1.);
#6694 = DIRECTION('',(0.,0.,1.));
#6695 = ORIENTED_EDGE('',*,*,#6696,.T.);
#6696 = EDGE_CURVE('',#6689,#6697,#6699,.T.);
#6697 = VERTEX_POINT('',#6698);
#6698 = CARTESIAN_POINT('',(19.,3.5,55.6));
#6699 = LINE('',#6700,#6701);
#6700 = CARTESIAN_POINT('',(8.,3.5,55.6));
#6701 = VECTOR('',#6702,1.);
#6702 = DIRECTION('',(1.,0.,-0.));
#6703 = ORIENTED_EDGE('',*,*,#6704,.T.);
#6704 = EDGE_CURVE('',#6697,#6681,#6705,.T.);
#6705 = LINE('',#6706,#6707);
#6706 = CARTESIAN_POINT('',(19.,3.5,55.6));
#6707 = VECTOR('',#6708,1.);
#6708 = DIRECTION('',(0.,0.,1.));
#6709 = FACE_BOUND('',#6710,.T.);
#6710 = EDGE_LOOP('',(#6711,#6721,#6729,#6737,#6745));
#6711 = ORIENTED_EDGE('',*,*,#6712,.T.);
#6712 = EDGE_CURVE('',#6713,#6715,#6717,.T.);
#6713 = VERTEX_POINT('',#6714);
#6714 = CARTESIAN_POINT('',(8.,3.5,132.));
#6715 = VERTEX_POINT('',#6716);
#6716 = CARTESIAN_POINT('',(6.,3.5,138.));
#6717 = LINE('',#6718,#6719);
#6718 = CARTESIAN_POINT('',(8.,3.5,132.));
#6719 = VECTOR('',#6720,1.);
#6720 = DIRECTION('',(-0.316227766017,0.,0.948683298051));
#6721 = ORIENTED_EDGE('',*,*,#6722,.T.);
#6722 = EDGE_CURVE('',#6715,#6723,#6725,.T.);
#6723 = VERTEX_POINT('',#6724);
#6724 = CARTESIAN_POINT('',(6.,3.5,132.));
#6725 = LINE('',#6726,#6727);
#6726 = CARTESIAN_POINT('',(6.,3.5,138.));
#6727 = VECTOR('',#6728,1.);
#6728 = DIRECTION('',(0.,0.,-1.));
#6729 = ORIENTED_EDGE('',*,*,#6730,.F.);
#6730 = EDGE_CURVE('',#6731,#6723,#6733,.T.);
#6731 = VERTEX_POINT('',#6732);
#6732 = CARTESIAN_POINT('',(6.,3.5,59.6));
#6733 = LINE('',#6734,#6735);
#6734 = CARTESIAN_POINT('',(6.,3.5,59.6));
#6735 = VECTOR('',#6736,1.);
#6736 = DIRECTION('',(0.,0.,1.));
#6737 = ORIENTED_EDGE('',*,*,#6738,.T.);
#6738 = EDGE_CURVE('',#6731,#6739,#6741,.T.);
#6739 = VERTEX_POINT('',#6740);
#6740 = CARTESIAN_POINT('',(8.,3.5,59.6));
#6741 = LINE('',#6742,#6743);
#6742 = CARTESIAN_POINT('',(6.,3.5,59.6));
#6743 = VECTOR('',#6744,1.);
#6744 = DIRECTION('',(1.,0.,-0.));
#6745 = ORIENTED_EDGE('',*,*,#6746,.T.);
#6746 = EDGE_CURVE('',#6739,#6713,#6747,.T.);
#6747 = LINE('',#6748,#6749);
#6748 = CARTESIAN_POINT('',(8.,3.5,59.6));
#6749 = VECTOR('',#6750,1.);
#6750 = DIRECTION('',(0.,0.,1.));
#6751 = FACE_BOUND('',#6752,.T.);
#6752 = EDGE_LOOP('',(#6753,#6763,#6771,#6779));
#6753 = ORIENTED_EDGE('',*,*,#6754,.T.);
#6754 = EDGE_CURVE('',#6755,#6757,#6759,.T.);
#6755 = VERTEX_POINT('',#6756);
#6756 = CARTESIAN_POINT('',(91.,3.5,55.6));
#6757 = VERTEX_POINT('',#6758);
#6758 = CARTESIAN_POINT('',(91.,3.5,59.6));
#6759 = LINE('',#6760,#6761);
#6760 = CARTESIAN_POINT('',(91.,3.5,55.6));
#6761 = VECTOR('',#6762,1.);
#6762 = DIRECTION('',(0.,0.,1.));
#6763 = ORIENTED_EDGE('',*,*,#6764,.F.);
#6764 = EDGE_CURVE('',#6765,#6757,#6767,.T.);
#6765 = VERTEX_POINT('',#6766);
#6766 = CARTESIAN_POINT('',(80.,3.5,59.6));
#6767 = LINE('',#6768,#6769);
#6768 = CARTESIAN_POINT('',(80.,3.5,59.6));
#6769 = VECTOR('',#6770,1.);
#6770 = DIRECTION('',(1.,0.,-0.));
#6771 = ORIENTED_EDGE('',*,*,#6772,.F.);
#6772 = EDGE_CURVE('',#6773,#6765,#6775,.T.);
#6773 = VERTEX_POINT('',#6774);
#6774 = CARTESIAN_POINT('',(80.,3.5,55.6));
#6775 = LINE('',#6776,#6777);
#6776 = CARTESIAN_POINT('',(80.,3.5,55.6));
#6777 = VECTOR('',#6778,1.);
#6778 = DIRECTION('',(0.,0.,1.));
#6779 = ORIENTED_EDGE('',*,*,#6780,.T.);
#6780 = EDGE_CURVE('',#6773,#6755,#6781,.T.);
#6781 = LINE('',#6782,#6783);
#6782 = CARTESIAN_POINT('',(80.,3.5,55.6));
#6783 = VECTOR('',#6784,1.);
#6784 = DIRECTION('',(1.,0.,-0.));
#6785 = PLANE('',#6786);
#6786 = AXIS2_PLACEMENT_3D('',#6787,#6788,#6789);
#6787 = CARTESIAN_POINT('',(3.,3.5,3.5));
#6788 = DIRECTION('',(-0.,1.,0.));
#6789 = DIRECTION('',(0.,0.,1.));
#6790 = ADVANCED_FACE('',(#6791),#6824,.T.);
#6791 = FACE_BOUND('',#6792,.T.);
#6792 = EDGE_LOOP('',(#6793,#6801,#6802,#6810,#6818));
#6793 = ORIENTED_EDGE('',*,*,#6794,.F.);
#6794 = EDGE_CURVE('',#1781,#6795,#6797,.T.);
#6795 = VERTEX_POINT('',#6796);
#6796 = CARTESIAN_POINT('',(91.8,20.,138.));
#6797 = LINE('',#6798,#6799);
#6798 = CARTESIAN_POINT('',(91.8,3.5,138.));
#6799 = VECTOR('',#6800,1.);
#6800 = DIRECTION('',(-0.,1.,0.));
#6801 = ORIENTED_EDGE('',*,*,#1780,.F.);
#6802 = ORIENTED_EDGE('',*,*,#6803,.T.);
#6803 = EDGE_CURVE('',#1773,#6804,#6806,.T.);
#6804 = VERTEX_POINT('',#6805);
#6805 = CARTESIAN_POINT('',(93.8,48.5,138.));
#6806 = LINE('',#6807,#6808);
#6807 = CARTESIAN_POINT('',(93.8,3.5,138.));
#6808 = VECTOR('',#6809,1.);
#6809 = DIRECTION('',(-0.,1.,0.));
#6810 = ORIENTED_EDGE('',*,*,#6811,.F.);
#6811 = EDGE_CURVE('',#6812,#6804,#6814,.T.);
#6812 = VERTEX_POINT('',#6813);
#6813 = CARTESIAN_POINT('',(91.8,48.5,138.));
#6814 = LINE('',#6815,#6816);
#6815 = CARTESIAN_POINT('',(91.8,48.5,138.));
#6816 = VECTOR('',#6817,1.);
#6817 = DIRECTION('',(1.,0.,-0.));
#6818 = ORIENTED_EDGE('',*,*,#6819,.F.);
#6819 = EDGE_CURVE('',#6795,#6812,#6820,.T.);
#6820 = LINE('',#6821,#6822);
#6821 = CARTESIAN_POINT('',(91.8,3.5,138.));
#6822 = VECTOR('',#6823,1.);
#6823 = DIRECTION('',(-0.,1.,0.));
#6824 = PLANE('',#6825);
#6825 = AXIS2_PLACEMENT_3D('',#6826,#6827,#6828);
#6826 = CARTESIAN_POINT('',(91.8,3.5,138.));
#6827 = DIRECTION('',(0.,0.,1.));
#6828 = DIRECTION('',(1.,0.,-0.));
#6829 = ADVANCED_FACE('',(#6830),#6842,.F.);
#6830 = FACE_BOUND('',#6831,.F.);
#6831 = EDGE_LOOP('',(#6832,#6833,#6839,#6840,#6841));
#6832 = ORIENTED_EDGE('',*,*,#6614,.F.);
#6833 = ORIENTED_EDGE('',*,*,#6834,.T.);
#6834 = EDGE_CURVE('',#6615,#3493,#6835,.T.);
#6835 = LINE('',#6836,#6837);
#6836 = CARTESIAN_POINT('',(183.,3.5,109.));
#6837 = VECTOR('',#6838,1.);
#6838 = DIRECTION('',(-0.,1.,0.));
#6839 = ORIENTED_EDGE('',*,*,#3492,.F.);
#6840 = ORIENTED_EDGE('',*,*,#6434,.F.);
#6841 = ORIENTED_EDGE('',*,*,#1764,.F.);
#6842 = PLANE('',#6843);
#6843 = AXIS2_PLACEMENT_3D('',#6844,#6845,#6846);
#6844 = CARTESIAN_POINT('',(183.,3.5,3.5));
#6845 = DIRECTION('',(1.,0.,-0.));
#6846 = DIRECTION('',(0.,0.,1.));
#6847 = ADVANCED_FACE('',(#6848),#6854,.T.);
#6848 = FACE_BOUND('',#6849,.T.);
#6849 = EDGE_LOOP('',(#6850,#6851,#6852,#6853));
#6850 = ORIENTED_EDGE('',*,*,#3388,.F.);
#6851 = ORIENTED_EDGE('',*,*,#3404,.T.);
#6852 = ORIENTED_EDGE('',*,*,#1860,.T.);
#6853 = ORIENTED_EDGE('',*,*,#3325,.F.);
#6854 = PLANE('',#6855);
#6855 = AXIS2_PLACEMENT_3D('',#6856,#6857,#6858);
#6856 = CARTESIAN_POINT('',(1.5,50.5,1.5));
#6857 = DIRECTION('',(-0.,1.,0.));
#6858 = DIRECTION('',(0.,0.,1.));
#6859 = ADVANCED_FACE('',(#6860),#6871,.T.);
#6860 = FACE_BOUND('',#6861,.T.);
#6861 = EDGE_LOOP('',(#6862,#6863,#6864,#6865));
#6862 = ORIENTED_EDGE('',*,*,#6502,.F.);
#6863 = ORIENTED_EDGE('',*,*,#1874,.T.);
#6864 = ORIENTED_EDGE('',*,*,#3364,.F.);
#6865 = ORIENTED_EDGE('',*,*,#6866,.F.);
#6866 = EDGE_CURVE('',#6503,#3357,#6867,.T.);
#6867 = LINE('',#6868,#6869);
#6868 = CARTESIAN_POINT('',(3.,3.5,16.));
#6869 = VECTOR('',#6870,1.);
#6870 = DIRECTION('',(-0.,1.,0.));
#6871 = PLANE('',#6872);
#6872 = AXIS2_PLACEMENT_3D('',#6873,#6874,#6875);
#6873 = CARTESIAN_POINT('',(3.,3.5,3.5));
#6874 = DIRECTION('',(1.,0.,-0.));
#6875 = DIRECTION('',(0.,0.,1.));
#6876 = ADVANCED_FACE('',(#6877),#6888,.F.);
#6877 = FACE_BOUND('',#6878,.F.);
#6878 = EDGE_LOOP('',(#6879,#6880,#6881,#6882));
#6879 = ORIENTED_EDGE('',*,*,#6493,.F.);
#6880 = ORIENTED_EDGE('',*,*,#1890,.T.);
#6881 = ORIENTED_EDGE('',*,*,#3524,.F.);
#6882 = ORIENTED_EDGE('',*,*,#6883,.F.);
#6883 = EDGE_CURVE('',#6494,#3517,#6884,.T.);
#6884 = LINE('',#6885,#6886);
#6885 = CARTESIAN_POINT('',(183.,3.5,16.));
#6886 = VECTOR('',#6887,1.);
#6887 = DIRECTION('',(-0.,1.,0.));
#6888 = PLANE('',#6889);
#6889 = AXIS2_PLACEMENT_3D('',#6890,#6891,#6892);
#6890 = CARTESIAN_POINT('',(183.,3.5,3.5));
#6891 = DIRECTION('',(1.,0.,-0.));
#6892 = DIRECTION('',(0.,0.,1.));
#6893 = ADVANCED_FACE('',(#6894),#6919,.T.);
#6894 = FACE_BOUND('',#6895,.T.);
#6895 = EDGE_LOOP('',(#6896,#6904,#6905,#6913));
#6896 = ORIENTED_EDGE('',*,*,#6897,.F.);
#6897 = EDGE_CURVE('',#3341,#6898,#6900,.T.);
#6898 = VERTEX_POINT('',#6899);
#6899 = CARTESIAN_POINT('',(3.6,48.5,101.));
#6900 = LINE('',#6901,#6902);
#6901 = CARTESIAN_POINT('',(3.,48.5,101.));
#6902 = VECTOR('',#6903,1.);
#6903 = DIRECTION('',(1.,0.,-0.));
#6904 = ORIENTED_EDGE('',*,*,#3340,.F.);
#6905 = ORIENTED_EDGE('',*,*,#6906,.T.);
#6906 = EDGE_CURVE('',#3333,#6907,#6909,.T.);
#6907 = VERTEX_POINT('',#6908);
#6908 = CARTESIAN_POINT('',(3.6,48.5,109.));
#6909 = LINE('',#6910,#6911);
#6910 = CARTESIAN_POINT('',(3.,48.5,109.));
#6911 = VECTOR('',#6912,1.);
#6912 = DIRECTION('',(1.,0.,-0.));
#6913 = ORIENTED_EDGE('',*,*,#6914,.F.);
#6914 = EDGE_CURVE('',#6898,#6907,#6915,.T.);
#6915 = LINE('',#6916,#6917);
#6916 = CARTESIAN_POINT('',(3.6,48.5,101.));
#6917 = VECTOR('',#6918,1.);
#6918 = DIRECTION('',(0.,0.,1.));
#6919 = PLANE('',#6920);
#6920 = AXIS2_PLACEMENT_3D('',#6921,#6922,#6923);
#6921 = CARTESIAN_POINT('',(3.,48.5,101.));
#6922 = DIRECTION('',(-0.,1.,0.));
#6923 = DIRECTION('',(0.,0.,1.));
#6924 = ADVANCED_FACE('',(#6925),#6941,.T.);
#6925 = FACE_BOUND('',#6926,.T.);
#6926 = EDGE_LOOP('',(#6927,#6928,#6934,#6935));
#6927 = ORIENTED_EDGE('',*,*,#6534,.F.);
#6928 = ORIENTED_EDGE('',*,*,#6929,.T.);
#6929 = EDGE_CURVE('',#6527,#3349,#6930,.T.);
#6930 = LINE('',#6931,#6932);
#6931 = CARTESIAN_POINT('',(3.,3.5,24.));
#6932 = VECTOR('',#6933,1.);
#6933 = DIRECTION('',(-0.,1.,0.));
#6934 = ORIENTED_EDGE('',*,*,#3348,.F.);
#6935 = ORIENTED_EDGE('',*,*,#6936,.F.);
#6936 = EDGE_CURVE('',#6535,#3341,#6937,.T.);
#6937 = LINE('',#6938,#6939);
#6938 = CARTESIAN_POINT('',(3.,3.5,101.));
#6939 = VECTOR('',#6940,1.);
#6940 = DIRECTION('',(-0.,1.,0.));
#6941 = PLANE('',#6942);
#6942 = AXIS2_PLACEMENT_3D('',#6943,#6944,#6945);
#6943 = CARTESIAN_POINT('',(3.,3.5,3.5));
#6944 = DIRECTION('',(1.,0.,-0.));
#6945 = DIRECTION('',(0.,0.,1.));
#6946 = ADVANCED_FACE('',(#6947),#6972,.T.);
#6947 = FACE_BOUND('',#6948,.T.);
#6948 = EDGE_LOOP('',(#6949,#6957,#6958,#6966));
#6949 = ORIENTED_EDGE('',*,*,#6950,.F.);
#6950 = EDGE_CURVE('',#3357,#6951,#6953,.T.);
#6951 = VERTEX_POINT('',#6952);
#6952 = CARTESIAN_POINT('',(3.6,48.5,16.));
#6953 = LINE('',#6954,#6955);
#6954 = CARTESIAN_POINT('',(3.,48.5,16.));
#6955 = VECTOR('',#6956,1.);
#6956 = DIRECTION('',(1.,0.,-0.));
#6957 = ORIENTED_EDGE('',*,*,#3356,.F.);
#6958 = ORIENTED_EDGE('',*,*,#6959,.T.);
#6959 = EDGE_CURVE('',#3349,#6960,#6962,.T.);
#6960 = VERTEX_POINT('',#6961);
#6961 = CARTESIAN_POINT('',(3.6,48.5,24.));
#6962 = LINE('',#6963,#6964);
#6963 = CARTESIAN_POINT('',(3.,48.5,24.));
#6964 = VECTOR('',#6965,1.);
#6965 = DIRECTION('',(1.,0.,-0.));
#6966 = ORIENTED_EDGE('',*,*,#6967,.F.);
#6967 = EDGE_CURVE('',#6951,#6960,#6968,.T.);
#6968 = LINE('',#6969,#6970);
#6969 = CARTESIAN_POINT('',(3.6,48.5,16.));
#6970 = VECTOR('',#6971,1.);
#6971 = DIRECTION('',(0.,0.,1.));
#6972 = PLANE('',#6973);
#6973 = AXIS2_PLACEMENT_3D('',#6974,#6975,#6976);
#6974 = CARTESIAN_POINT('',(3.,48.5,16.));
#6975 = DIRECTION('',(-0.,1.,0.));
#6976 = DIRECTION('',(0.,0.,1.));
#6977 = ADVANCED_FACE('',(#6978),#6984,.T.);
#6978 = FACE_BOUND('',#6979,.T.);
#6979 = EDGE_LOOP('',(#6980,#6981,#6982,#6983));
#6980 = ORIENTED_EDGE('',*,*,#3460,.F.);
#6981 = ORIENTED_EDGE('',*,*,#3476,.T.);
#6982 = ORIENTED_EDGE('',*,*,#6420,.T.);
#6983 = ORIENTED_EDGE('',*,*,#3428,.F.);
#6984 = PLANE('',#6985);
#6985 = AXIS2_PLACEMENT_3D('',#6986,#6987,#6988);
#6986 = CARTESIAN_POINT('',(183.,50.5,1.5));
#6987 = DIRECTION('',(-0.,1.,0.));
#6988 = DIRECTION('',(0.,0.,1.));
#6989 = ADVANCED_FACE('',(#6990),#7015,.T.);
#6990 = FACE_BOUND('',#6991,.T.);
#6991 = EDGE_LOOP('',(#6992,#7000,#7008,#7014));
#6992 = ORIENTED_EDGE('',*,*,#6993,.F.);
#6993 = EDGE_CURVE('',#6994,#3501,#6996,.T.);
#6994 = VERTEX_POINT('',#6995);
#6995 = CARTESIAN_POINT('',(182.4,48.5,101.));
#6996 = LINE('',#6997,#6998);
#6997 = CARTESIAN_POINT('',(180.6,48.5,101.));
#6998 = VECTOR('',#6999,1.);
#6999 = DIRECTION('',(1.,0.,-0.));
#7000 = ORIENTED_EDGE('',*,*,#7001,.T.);
#7001 = EDGE_CURVE('',#6994,#7002,#7004,.T.);
#7002 = VERTEX_POINT('',#7003);
#7003 = CARTESIAN_POINT('',(182.4,48.5,109.));
#7004 = LINE('',#7005,#7006);
#7005 = CARTESIAN_POINT('',(182.4,48.5,101.));
#7006 = VECTOR('',#7007,1.);
#7007 = DIRECTION('',(0.,0.,1.));
#7008 = ORIENTED_EDGE('',*,*,#7009,.T.);
#7009 = EDGE_CURVE('',#7002,#3493,#7010,.T.);
#7010 = LINE('',#7011,#7012);
#7011 = CARTESIAN_POINT('',(180.6,48.5,109.));
#7012 = VECTOR('',#7013,1.);
#7013 = DIRECTION('',(1.,0.,-0.));
#7014 = ORIENTED_EDGE('',*,*,#3500,.T.);
#7015 = PLANE('',#7016);
#7016 = AXIS2_PLACEMENT_3D('',#7017,#7018,#7019);
#7017 = CARTESIAN_POINT('',(180.6,48.5,101.));
#7018 = DIRECTION('',(-0.,1.,0.));
#7019 = DIRECTION('',(0.,0.,1.));
#7020 = ADVANCED_FACE('',(#7021),#7037,.F.);
#7021 = FACE_BOUND('',#7022,.F.);
#7022 = EDGE_LOOP('',(#7023,#7024,#7030,#7031));
#7023 = ORIENTED_EDGE('',*,*,#6646,.F.);
#7024 = ORIENTED_EDGE('',*,*,#7025,.T.);
#7025 = EDGE_CURVE('',#6647,#3509,#7026,.T.);
#7026 = LINE('',#7027,#7028);
#7027 = CARTESIAN_POINT('',(183.,3.5,24.));
#7028 = VECTOR('',#7029,1.);
#7029 = DIRECTION('',(-0.,1.,0.));
#7030 = ORIENTED_EDGE('',*,*,#3508,.F.);
#7031 = ORIENTED_EDGE('',*,*,#7032,.F.);
#7032 = EDGE_CURVE('',#6639,#3501,#7033,.T.);
#7033 = LINE('',#7034,#7035);
#7034 = CARTESIAN_POINT('',(183.,3.5,101.));
#7035 = VECTOR('',#7036,1.);
#7036 = DIRECTION('',(-0.,1.,0.));
#7037 = PLANE('',#7038);
#7038 = AXIS2_PLACEMENT_3D('',#7039,#7040,#7041);
#7039 = CARTESIAN_POINT('',(183.,3.5,3.5));
#7040 = DIRECTION('',(1.,0.,-0.));
#7041 = DIRECTION('',(0.,0.,1.));
#7042 = ADVANCED_FACE('',(#7043),#7068,.T.);
#7043 = FACE_BOUND('',#7044,.T.);
#7044 = EDGE_LOOP('',(#7045,#7053,#7061,#7067));
#7045 = ORIENTED_EDGE('',*,*,#7046,.F.);
#7046 = EDGE_CURVE('',#7047,#3517,#7049,.T.);
#7047 = VERTEX_POINT('',#7048);
#7048 = CARTESIAN_POINT('',(182.4,48.5,16.));
#7049 = LINE('',#7050,#7051);
#7050 = CARTESIAN_POINT('',(180.6,48.5,16.));
#7051 = VECTOR('',#7052,1.);
#7052 = DIRECTION('',(1.,0.,-0.));
#7053 = ORIENTED_EDGE('',*,*,#7054,.T.);
#7054 = EDGE_CURVE('',#7047,#7055,#7057,.T.);
#7055 = VERTEX_POINT('',#7056);
#7056 = CARTESIAN_POINT('',(182.4,48.5,24.));
#7057 = LINE('',#7058,#7059);
#7058 = CARTESIAN_POINT('',(182.4,48.5,16.));
#7059 = VECTOR('',#7060,1.);
#7060 = DIRECTION('',(0.,0.,1.));
#7061 = ORIENTED_EDGE('',*,*,#7062,.T.);
#7062 = EDGE_CURVE('',#7055,#3509,#7063,.T.);
#7063 = LINE('',#7064,#7065);
#7064 = CARTESIAN_POINT('',(180.6,48.5,24.));
#7065 = VECTOR('',#7066,1.);
#7066 = DIRECTION('',(1.,0.,-0.));
#7067 = ORIENTED_EDGE('',*,*,#3516,.T.);
#7068 = PLANE('',#7069);
#7069 = AXIS2_PLACEMENT_3D('',#7070,#7071,#7072);
#7070 = CARTESIAN_POINT('',(180.6,48.5,16.));
#7071 = DIRECTION('',(-0.,1.,0.));
#7072 = DIRECTION('',(0.,0.,1.));
#7073 = ADVANCED_FACE('',(#7074),#7093,.T.);
#7074 = FACE_BOUND('',#7075,.T.);
#7075 = EDGE_LOOP('',(#7076,#7077,#7078,#7086,#7092));
#7076 = ORIENTED_EDGE('',*,*,#6476,.F.);
#7077 = ORIENTED_EDGE('',*,*,#6558,.T.);
#7078 = ORIENTED_EDGE('',*,*,#7079,.T.);
#7079 = EDGE_CURVE('',#6551,#7080,#7082,.T.);
#7080 = VERTEX_POINT('',#7081);
#7081 = CARTESIAN_POINT('',(5.4,48.5,109.));
#7082 = LINE('',#7083,#7084);
#7083 = CARTESIAN_POINT('',(5.4,3.5,109.));
#7084 = VECTOR('',#7085,1.);
#7085 = DIRECTION('',(-0.,1.,0.));
#7086 = ORIENTED_EDGE('',*,*,#7087,.F.);
#7087 = EDGE_CURVE('',#6907,#7080,#7088,.T.);
#7088 = LINE('',#7089,#7090);
#7089 = CARTESIAN_POINT('',(3.,48.5,109.));
#7090 = VECTOR('',#7091,1.);
#7091 = DIRECTION('',(1.,0.,-0.));
#7092 = ORIENTED_EDGE('',*,*,#6906,.F.);
#7093 = PLANE('',#7094);
#7094 = AXIS2_PLACEMENT_3D('',#7095,#7096,#7097);
#7095 = CARTESIAN_POINT('',(3.,3.5,109.));
#7096 = DIRECTION('',(0.,0.,1.));
#7097 = DIRECTION('',(1.,0.,-0.));
#7098 = ADVANCED_FACE('',(#7099),#7118,.F.);
#7099 = FACE_BOUND('',#7100,.F.);
#7100 = EDGE_LOOP('',(#7101,#7109,#7110,#7111,#7112));
#7101 = ORIENTED_EDGE('',*,*,#7102,.F.);
#7102 = EDGE_CURVE('',#6663,#7103,#7105,.T.);
#7103 = VERTEX_POINT('',#7104);
#7104 = CARTESIAN_POINT('',(180.6,48.5,16.));
#7105 = LINE('',#7106,#7107);
#7106 = CARTESIAN_POINT('',(180.6,3.5,16.));
#7107 = VECTOR('',#7108,1.);
#7108 = DIRECTION('',(-0.,1.,0.));
#7109 = ORIENTED_EDGE('',*,*,#6670,.T.);
#7110 = ORIENTED_EDGE('',*,*,#6883,.T.);
#7111 = ORIENTED_EDGE('',*,*,#7046,.F.);
#7112 = ORIENTED_EDGE('',*,*,#7113,.F.);
#7113 = EDGE_CURVE('',#7103,#7047,#7114,.T.);
#7114 = LINE('',#7115,#7116);
#7115 = CARTESIAN_POINT('',(180.6,48.5,16.));
#7116 = VECTOR('',#7117,1.);
#7117 = DIRECTION('',(1.,0.,-0.));
#7118 = PLANE('',#7119);
#7119 = AXIS2_PLACEMENT_3D('',#7120,#7121,#7122);
#7120 = CARTESIAN_POINT('',(180.6,3.5,16.));
#7121 = DIRECTION('',(0.,0.,1.));
#7122 = DIRECTION('',(1.,0.,-0.));
#7123 = ADVANCED_FACE('',(#7124),#7142,.F.);
#7124 = FACE_BOUND('',#7125,.F.);
#7125 = EDGE_LOOP('',(#7126,#7127,#7128,#7136));
#7126 = ORIENTED_EDGE('',*,*,#6662,.F.);
#7127 = ORIENTED_EDGE('',*,*,#7102,.T.);
#7128 = ORIENTED_EDGE('',*,*,#7129,.T.);
#7129 = EDGE_CURVE('',#7103,#7130,#7132,.T.);
#7130 = VERTEX_POINT('',#7131);
#7131 = CARTESIAN_POINT('',(180.6,48.5,24.));
#7132 = LINE('',#7133,#7134);
#7133 = CARTESIAN_POINT('',(180.6,48.5,16.));
#7134 = VECTOR('',#7135,1.);
#7135 = DIRECTION('',(0.,0.,1.));
#7136 = ORIENTED_EDGE('',*,*,#7137,.F.);
#7137 = EDGE_CURVE('',#6655,#7130,#7138,.T.);
#7138 = LINE('',#7139,#7140);
#7139 = CARTESIAN_POINT('',(180.6,3.5,24.));
#7140 = VECTOR('',#7141,1.);
#7141 = DIRECTION('',(-0.,1.,0.));
#7142 = PLANE('',#7143);
#7143 = AXIS2_PLACEMENT_3D('',#7144,#7145,#7146);
#7144 = CARTESIAN_POINT('',(180.6,3.5,16.));
#7145 = DIRECTION('',(1.,0.,-0.));
#7146 = DIRECTION('',(0.,0.,1.));
#7147 = ADVANCED_FACE('',(#7148),#7160,.T.);
#7148 = FACE_BOUND('',#7149,.T.);
#7149 = EDGE_LOOP('',(#7150,#7151,#7152,#7153,#7154));
#7150 = ORIENTED_EDGE('',*,*,#7137,.F.);
#7151 = ORIENTED_EDGE('',*,*,#6654,.T.);
#7152 = ORIENTED_EDGE('',*,*,#7025,.T.);
#7153 = ORIENTED_EDGE('',*,*,#7062,.F.);
#7154 = ORIENTED_EDGE('',*,*,#7155,.F.);
#7155 = EDGE_CURVE('',#7130,#7055,#7156,.T.);
#7156 = LINE('',#7157,#7158);
#7157 = CARTESIAN_POINT('',(180.6,48.5,24.));
#7158 = VECTOR('',#7159,1.);
#7159 = DIRECTION('',(1.,0.,-0.));
#7160 = PLANE('',#7161);
#7161 = AXIS2_PLACEMENT_3D('',#7162,#7163,#7164);
#7162 = CARTESIAN_POINT('',(180.6,3.5,24.));
#7163 = DIRECTION('',(0.,0.,1.));
#7164 = DIRECTION('',(1.,0.,-0.));
#7165 = ADVANCED_FACE('',(#7166),#7185,.F.);
#7166 = FACE_BOUND('',#7167,.F.);
#7167 = EDGE_LOOP('',(#7168,#7176,#7177,#7178,#7179));
#7168 = ORIENTED_EDGE('',*,*,#7169,.F.);
#7169 = EDGE_CURVE('',#6631,#7170,#7172,.T.);
#7170 = VERTEX_POINT('',#7171);
#7171 = CARTESIAN_POINT('',(180.6,48.5,101.));
#7172 = LINE('',#7173,#7174);
#7173 = CARTESIAN_POINT('',(180.6,3.5,101.));
#7174 = VECTOR('',#7175,1.);
#7175 = DIRECTION('',(-0.,1.,0.));
#7176 = ORIENTED_EDGE('',*,*,#6638,.T.);
#7177 = ORIENTED_EDGE('',*,*,#7032,.T.);
#7178 = ORIENTED_EDGE('',*,*,#6993,.F.);
#7179 = ORIENTED_EDGE('',*,*,#7180,.F.);
#7180 = EDGE_CURVE('',#7170,#6994,#7181,.T.);
#7181 = LINE('',#7182,#7183);
#7182 = CARTESIAN_POINT('',(180.6,48.5,101.));
#7183 = VECTOR('',#7184,1.);
#7184 = DIRECTION('',(1.,0.,-0.));
#7185 = PLANE('',#7186);
#7186 = AXIS2_PLACEMENT_3D('',#7187,#7188,#7189);
#7187 = CARTESIAN_POINT('',(180.6,3.5,101.));
#7188 = DIRECTION('',(0.,0.,1.));
#7189 = DIRECTION('',(1.,0.,-0.));
#7190 = ADVANCED_FACE('',(#7191),#7209,.F.);
#7191 = FACE_BOUND('',#7192,.F.);
#7192 = EDGE_LOOP('',(#7193,#7194,#7195,#7203));
#7193 = ORIENTED_EDGE('',*,*,#6630,.F.);
#7194 = ORIENTED_EDGE('',*,*,#7169,.T.);
#7195 = ORIENTED_EDGE('',*,*,#7196,.T.);
#7196 = EDGE_CURVE('',#7170,#7197,#7199,.T.);
#7197 = VERTEX_POINT('',#7198);
#7198 = CARTESIAN_POINT('',(180.6,48.5,109.));
#7199 = LINE('',#7200,#7201);
#7200 = CARTESIAN_POINT('',(180.6,48.5,101.));
#7201 = VECTOR('',#7202,1.);
#7202 = DIRECTION('',(0.,0.,1.));
#7203 = ORIENTED_EDGE('',*,*,#7204,.F.);
#7204 = EDGE_CURVE('',#6623,#7197,#7205,.T.);
#7205 = LINE('',#7206,#7207);
#7206 = CARTESIAN_POINT('',(180.6,3.5,109.));
#7207 = VECTOR('',#7208,1.);
#7208 = DIRECTION('',(-0.,1.,0.));
#7209 = PLANE('',#7210);
#7210 = AXIS2_PLACEMENT_3D('',#7211,#7212,#7213);
#7211 = CARTESIAN_POINT('',(180.6,3.5,101.));
#7212 = DIRECTION('',(1.,0.,-0.));
#7213 = DIRECTION('',(0.,0.,1.));
#7214 = ADVANCED_FACE('',(#7215),#7227,.T.);
#7215 = FACE_BOUND('',#7216,.T.);
#7216 = EDGE_LOOP('',(#7217,#7218,#7219,#7220,#7221));
#7217 = ORIENTED_EDGE('',*,*,#7204,.F.);
#7218 = ORIENTED_EDGE('',*,*,#6622,.T.);
#7219 = ORIENTED_EDGE('',*,*,#6834,.T.);
#7220 = ORIENTED_EDGE('',*,*,#7009,.F.);
#7221 = ORIENTED_EDGE('',*,*,#7222,.F.);
#7222 = EDGE_CURVE('',#7197,#7002,#7223,.T.);
#7223 = LINE('',#7224,#7225);
#7224 = CARTESIAN_POINT('',(180.6,48.5,109.));
#7225 = VECTOR('',#7226,1.);
#7226 = DIRECTION('',(1.,0.,-0.));
#7227 = PLANE('',#7228);
#7228 = AXIS2_PLACEMENT_3D('',#7229,#7230,#7231);
#7229 = CARTESIAN_POINT('',(180.6,3.5,109.));
#7230 = DIRECTION('',(0.,0.,1.));
#7231 = DIRECTION('',(1.,0.,-0.));
#7232 = ADVANCED_FACE('',(#7233),#7251,.T.);
#7233 = FACE_BOUND('',#7234,.T.);
#7234 = EDGE_LOOP('',(#7235,#7236,#7244,#7250));
#7235 = ORIENTED_EDGE('',*,*,#6607,.F.);
#7236 = ORIENTED_EDGE('',*,*,#7237,.T.);
#7237 = EDGE_CURVE('',#6600,#7238,#7240,.T.);
#7238 = VERTEX_POINT('',#7239);
#7239 = CARTESIAN_POINT('',(93.8,48.5,20.));
#7240 = LINE('',#7241,#7242);
#7241 = CARTESIAN_POINT('',(93.8,3.5,20.));
#7242 = VECTOR('',#7243,1.);
#7243 = DIRECTION('',(-0.,1.,0.));
#7244 = ORIENTED_EDGE('',*,*,#7245,.T.);
#7245 = EDGE_CURVE('',#7238,#6804,#7246,.T.);
#7246 = LINE('',#7247,#7248);
#7247 = CARTESIAN_POINT('',(93.8,48.5,20.));
#7248 = VECTOR('',#7249,1.);
#7249 = DIRECTION('',(0.,0.,1.));
#7250 = ORIENTED_EDGE('',*,*,#6803,.F.);
#7251 = PLANE('',#7252);
#7252 = AXIS2_PLACEMENT_3D('',#7253,#7254,#7255);
#7253 = CARTESIAN_POINT('',(93.8,3.5,20.));
#7254 = DIRECTION('',(1.,0.,-0.));
#7255 = DIRECTION('',(0.,0.,1.));
#7256 = ADVANCED_FACE('',(#7257),#7275,.F.);
#7257 = FACE_BOUND('',#7258,.F.);
#7258 = EDGE_LOOP('',(#7259,#7267,#7268,#7269));
#7259 = ORIENTED_EDGE('',*,*,#7260,.F.);
#7260 = EDGE_CURVE('',#6592,#7261,#7263,.T.);
#7261 = VERTEX_POINT('',#7262);
#7262 = CARTESIAN_POINT('',(91.8,48.5,20.));
#7263 = LINE('',#7264,#7265);
#7264 = CARTESIAN_POINT('',(91.8,3.5,20.));
#7265 = VECTOR('',#7266,1.);
#7266 = DIRECTION('',(-0.,1.,0.));
#7267 = ORIENTED_EDGE('',*,*,#6599,.T.);
#7268 = ORIENTED_EDGE('',*,*,#7237,.T.);
#7269 = ORIENTED_EDGE('',*,*,#7270,.F.);
#7270 = EDGE_CURVE('',#7261,#7238,#7271,.T.);
#7271 = LINE('',#7272,#7273);
#7272 = CARTESIAN_POINT('',(91.8,48.5,20.));
#7273 = VECTOR('',#7274,1.);
#7274 = DIRECTION('',(1.,0.,-0.));
#7275 = PLANE('',#7276);
#7276 = AXIS2_PLACEMENT_3D('',#7277,#7278,#7279);
#7277 = CARTESIAN_POINT('',(91.8,3.5,20.));
#7278 = DIRECTION('',(0.,0.,1.));
#7279 = DIRECTION('',(1.,0.,-0.));
#7280 = ADVANCED_FACE('',(#7281),#7314,.F.);
#7281 = FACE_BOUND('',#7282,.F.);
#7282 = EDGE_LOOP('',(#7283,#7284,#7285,#7291,#7292,#7300,#7308));
#7283 = ORIENTED_EDGE('',*,*,#6591,.F.);
#7284 = ORIENTED_EDGE('',*,*,#7260,.T.);
#7285 = ORIENTED_EDGE('',*,*,#7286,.T.);
#7286 = EDGE_CURVE('',#7261,#6812,#7287,.T.);
#7287 = LINE('',#7288,#7289);
#7288 = CARTESIAN_POINT('',(91.8,48.5,20.));
#7289 = VECTOR('',#7290,1.);
#7290 = DIRECTION('',(0.,0.,1.));
#7291 = ORIENTED_EDGE('',*,*,#6819,.F.);
#7292 = ORIENTED_EDGE('',*,*,#7293,.T.);
#7293 = EDGE_CURVE('',#6795,#7294,#7296,.T.);
#7294 = VERTEX_POINT('',#7295);
#7295 = CARTESIAN_POINT('',(91.8,20.,132.));
#7296 = LINE('',#7297,#7298);
#7297 = CARTESIAN_POINT('',(91.8,20.,138.));
#7298 = VECTOR('',#7299,1.);
#7299 = DIRECTION('',(0.,0.,-1.));
#7300 = ORIENTED_EDGE('',*,*,#7301,.F.);
#7301 = EDGE_CURVE('',#7302,#7294,#7304,.T.);
#7302 = VERTEX_POINT('',#7303);
#7303 = CARTESIAN_POINT('',(91.8,20.,59.6));
#7304 = LINE('',#7305,#7306);
#7305 = CARTESIAN_POINT('',(91.8,20.,59.6));
#7306 = VECTOR('',#7307,1.);
#7307 = DIRECTION('',(0.,0.,1.));
#7308 = ORIENTED_EDGE('',*,*,#7309,.F.);
#7309 = EDGE_CURVE('',#6584,#7302,#7310,.T.);
#7310 = LINE('',#7311,#7312);
#7311 = CARTESIAN_POINT('',(91.8,3.5,59.6));
#7312 = VECTOR('',#7313,1.);
#7313 = DIRECTION('',(-0.,1.,0.));
#7314 = PLANE('',#7315);
#7315 = AXIS2_PLACEMENT_3D('',#7316,#7317,#7318);
#7316 = CARTESIAN_POINT('',(91.8,3.5,20.));
#7317 = DIRECTION('',(1.,0.,-0.));
#7318 = DIRECTION('',(0.,0.,1.));
#7319 = ADVANCED_FACE('',(#7320),#7338,.F.);
#7320 = FACE_BOUND('',#7321,.F.);
#7321 = EDGE_LOOP('',(#7322,#7330,#7331,#7332));
#7322 = ORIENTED_EDGE('',*,*,#7323,.F.);
#7323 = EDGE_CURVE('',#6576,#7324,#7326,.T.);
#7324 = VERTEX_POINT('',#7325);
#7325 = CARTESIAN_POINT('',(91.,20.,59.6));
#7326 = LINE('',#7327,#7328);
#7327 = CARTESIAN_POINT('',(91.,3.5,59.6));
#7328 = VECTOR('',#7329,1.);
#7329 = DIRECTION('',(-0.,1.,0.));
#7330 = ORIENTED_EDGE('',*,*,#6583,.T.);
#7331 = ORIENTED_EDGE('',*,*,#7309,.T.);
#7332 = ORIENTED_EDGE('',*,*,#7333,.F.);
#7333 = EDGE_CURVE('',#7324,#7302,#7334,.T.);
#7334 = LINE('',#7335,#7336);
#7335 = CARTESIAN_POINT('',(91.,20.,59.6));
#7336 = VECTOR('',#7337,1.);
#7337 = DIRECTION('',(1.,0.,-0.));
#7338 = PLANE('',#7339);
#7339 = AXIS2_PLACEMENT_3D('',#7340,#7341,#7342);
#7340 = CARTESIAN_POINT('',(91.,3.5,59.6));
#7341 = DIRECTION('',(0.,0.,1.));
#7342 = DIRECTION('',(1.,0.,-0.));
#7343 = ADVANCED_FACE('',(#7344),#7362,.F.);
#7344 = FACE_BOUND('',#7345,.F.);
#7345 = EDGE_LOOP('',(#7346,#7347,#7348,#7356));
#7346 = ORIENTED_EDGE('',*,*,#6575,.F.);
#7347 = ORIENTED_EDGE('',*,*,#7323,.T.);
#7348 = ORIENTED_EDGE('',*,*,#7349,.T.);
#7349 = EDGE_CURVE('',#7324,#7350,#7352,.T.);
#7350 = VERTEX_POINT('',#7351);
#7351 = CARTESIAN_POINT('',(91.,20.,132.));
#7352 = LINE('',#7353,#7354);
#7353 = CARTESIAN_POINT('',(91.,20.,59.6));
#7354 = VECTOR('',#7355,1.);
#7355 = DIRECTION('',(0.,0.,1.));
#7356 = ORIENTED_EDGE('',*,*,#7357,.F.);
#7357 = EDGE_CURVE('',#6568,#7350,#7358,.T.);
#7358 = LINE('',#7359,#7360);
#7359 = CARTESIAN_POINT('',(91.,3.5,132.));
#7360 = VECTOR('',#7361,1.);
#7361 = DIRECTION('',(-0.,1.,0.));
#7362 = PLANE('',#7363);
#7363 = AXIS2_PLACEMENT_3D('',#7364,#7365,#7366);
#7364 = CARTESIAN_POINT('',(91.,3.5,59.6));
#7365 = DIRECTION('',(1.,0.,-0.));
#7366 = DIRECTION('',(0.,0.,1.));
#7367 = ADVANCED_FACE('',(#7368),#7379,.F.);
#7368 = FACE_BOUND('',#7369,.F.);
#7369 = EDGE_LOOP('',(#7370,#7371,#7377,#7378));
#7370 = ORIENTED_EDGE('',*,*,#7357,.T.);
#7371 = ORIENTED_EDGE('',*,*,#7372,.T.);
#7372 = EDGE_CURVE('',#7350,#6795,#7373,.T.);
#7373 = LINE('',#7374,#7375);
#7374 = CARTESIAN_POINT('',(91.,20.,132.));
#7375 = VECTOR('',#7376,1.);
#7376 = DIRECTION('',(0.132163720091,0.,0.991227900683));
#7377 = ORIENTED_EDGE('',*,*,#6794,.F.);
#7378 = ORIENTED_EDGE('',*,*,#6567,.F.);
#7379 = PLANE('',#7380);
#7380 = AXIS2_PLACEMENT_3D('',#7381,#7382,#7383);
#7381 = CARTESIAN_POINT('',(91.,3.5,132.));
#7382 = DIRECTION('',(0.991227900683,0.,-0.132163720091));
#7383 = DIRECTION('',(0.132163720091,0.,0.991227900683));
#7384 = ADVANCED_FACE('',(#7385),#7403,.T.);
#7385 = FACE_BOUND('',#7386,.T.);
#7386 = EDGE_LOOP('',(#7387,#7388,#7396,#7402));
#7387 = ORIENTED_EDGE('',*,*,#6550,.F.);
#7388 = ORIENTED_EDGE('',*,*,#7389,.T.);
#7389 = EDGE_CURVE('',#6543,#7390,#7392,.T.);
#7390 = VERTEX_POINT('',#7391);
#7391 = CARTESIAN_POINT('',(5.4,48.5,101.));
#7392 = LINE('',#7393,#7394);
#7393 = CARTESIAN_POINT('',(5.4,3.5,101.));
#7394 = VECTOR('',#7395,1.);
#7395 = DIRECTION('',(-0.,1.,0.));
#7396 = ORIENTED_EDGE('',*,*,#7397,.T.);
#7397 = EDGE_CURVE('',#7390,#7080,#7398,.T.);
#7398 = LINE('',#7399,#7400);
#7399 = CARTESIAN_POINT('',(5.4,48.5,101.));
#7400 = VECTOR('',#7401,1.);
#7401 = DIRECTION('',(0.,0.,1.));
#7402 = ORIENTED_EDGE('',*,*,#7079,.F.);
#7403 = PLANE('',#7404);
#7404 = AXIS2_PLACEMENT_3D('',#7405,#7406,#7407);
#7405 = CARTESIAN_POINT('',(5.4,3.5,101.));
#7406 = DIRECTION('',(1.,0.,-0.));
#7407 = DIRECTION('',(0.,0.,1.));
#7408 = ADVANCED_FACE('',(#7409),#7421,.F.);
#7409 = FACE_BOUND('',#7410,.F.);
#7410 = EDGE_LOOP('',(#7411,#7412,#7413,#7414,#7420));
#7411 = ORIENTED_EDGE('',*,*,#6936,.F.);
#7412 = ORIENTED_EDGE('',*,*,#6542,.T.);
#7413 = ORIENTED_EDGE('',*,*,#7389,.T.);
#7414 = ORIENTED_EDGE('',*,*,#7415,.F.);
#7415 = EDGE_CURVE('',#6898,#7390,#7416,.T.);
#7416 = LINE('',#7417,#7418);
#7417 = CARTESIAN_POINT('',(3.,48.5,101.));
#7418 = VECTOR('',#7419,1.);
#7419 = DIRECTION('',(1.,0.,-0.));
#7420 = ORIENTED_EDGE('',*,*,#6897,.F.);
#7421 = PLANE('',#7422);
#7422 = AXIS2_PLACEMENT_3D('',#7423,#7424,#7425);
#7423 = CARTESIAN_POINT('',(3.,3.5,101.));
#7424 = DIRECTION('',(0.,0.,1.));
#7425 = DIRECTION('',(1.,0.,-0.));
#7426 = ADVANCED_FACE('',(#7427),#7446,.T.);
#7427 = FACE_BOUND('',#7428,.T.);
#7428 = EDGE_LOOP('',(#7429,#7430,#7431,#7439,#7445));
#7429 = ORIENTED_EDGE('',*,*,#6929,.F.);
#7430 = ORIENTED_EDGE('',*,*,#6526,.T.);
#7431 = ORIENTED_EDGE('',*,*,#7432,.T.);
#7432 = EDGE_CURVE('',#6519,#7433,#7435,.T.);
#7433 = VERTEX_POINT('',#7434);
#7434 = CARTESIAN_POINT('',(5.4,48.5,24.));
#7435 = LINE('',#7436,#7437);
#7436 = CARTESIAN_POINT('',(5.4,3.5,24.));
#7437 = VECTOR('',#7438,1.);
#7438 = DIRECTION('',(-0.,1.,0.));
#7439 = ORIENTED_EDGE('',*,*,#7440,.F.);
#7440 = EDGE_CURVE('',#6960,#7433,#7441,.T.);
#7441 = LINE('',#7442,#7443);
#7442 = CARTESIAN_POINT('',(3.,48.5,24.));
#7443 = VECTOR('',#7444,1.);
#7444 = DIRECTION('',(1.,0.,-0.));
#7445 = ORIENTED_EDGE('',*,*,#6959,.F.);
#7446 = PLANE('',#7447);
#7447 = AXIS2_PLACEMENT_3D('',#7448,#7449,#7450);
#7448 = CARTESIAN_POINT('',(3.,3.5,24.));
#7449 = DIRECTION('',(0.,0.,1.));
#7450 = DIRECTION('',(1.,0.,-0.));
#7451 = ADVANCED_FACE('',(#7452),#7470,.T.);
#7452 = FACE_BOUND('',#7453,.T.);
#7453 = EDGE_LOOP('',(#7454,#7455,#7463,#7469));
#7454 = ORIENTED_EDGE('',*,*,#6518,.F.);
#7455 = ORIENTED_EDGE('',*,*,#7456,.T.);
#7456 = EDGE_CURVE('',#6511,#7457,#7459,.T.);
#7457 = VERTEX_POINT('',#7458);
#7458 = CARTESIAN_POINT('',(5.4,48.5,16.));
#7459 = LINE('',#7460,#7461);
#7460 = CARTESIAN_POINT('',(5.4,3.5,16.));
#7461 = VECTOR('',#7462,1.);
#7462 = DIRECTION('',(-0.,1.,0.));
#7463 = ORIENTED_EDGE('',*,*,#7464,.T.);
#7464 = EDGE_CURVE('',#7457,#7433,#7465,.T.);
#7465 = LINE('',#7466,#7467);
#7466 = CARTESIAN_POINT('',(5.4,48.5,16.));
#7467 = VECTOR('',#7468,1.);
#7468 = DIRECTION('',(0.,0.,1.));
#7469 = ORIENTED_EDGE('',*,*,#7432,.F.);
#7470 = PLANE('',#7471);
#7471 = AXIS2_PLACEMENT_3D('',#7472,#7473,#7474);
#7472 = CARTESIAN_POINT('',(5.4,3.5,16.));
#7473 = DIRECTION('',(1.,0.,-0.));
#7474 = DIRECTION('',(0.,0.,1.));
#7475 = ADVANCED_FACE('',(#7476),#7488,.F.);
#7476 = FACE_BOUND('',#7477,.F.);
#7477 = EDGE_LOOP('',(#7478,#7479,#7480,#7481,#7487));
#7478 = ORIENTED_EDGE('',*,*,#6866,.F.);
#7479 = ORIENTED_EDGE('',*,*,#6510,.T.);
#7480 = ORIENTED_EDGE('',*,*,#7456,.T.);
#7481 = ORIENTED_EDGE('',*,*,#7482,.F.);
#7482 = EDGE_CURVE('',#6951,#7457,#7483,.T.);
#7483 = LINE('',#7484,#7485);
#7484 = CARTESIAN_POINT('',(3.,48.5,16.));
#7485 = VECTOR('',#7486,1.);
#7486 = DIRECTION('',(1.,0.,-0.));
#7487 = ORIENTED_EDGE('',*,*,#6950,.F.);
#7488 = PLANE('',#7489);
#7489 = AXIS2_PLACEMENT_3D('',#7490,#7491,#7492);
#7490 = CARTESIAN_POINT('',(3.,3.5,16.));
#7491 = DIRECTION('',(0.,0.,1.));
#7492 = DIRECTION('',(1.,0.,-0.));
#7493 = ADVANCED_FACE('',(#7494),#7527,.T.);
#7494 = FACE_BOUND('',#7495,.T.);
#7495 = EDGE_LOOP('',(#7496,#7504,#7505,#7513,#7521));
#7496 = ORIENTED_EDGE('',*,*,#7497,.F.);
#7497 = EDGE_CURVE('',#6679,#7498,#7500,.T.);
#7498 = VERTEX_POINT('',#7499);
#7499 = CARTESIAN_POINT('',(8.,20.,59.6));
#7500 = LINE('',#7501,#7502);
#7501 = CARTESIAN_POINT('',(8.,3.5,59.6));
#7502 = VECTOR('',#7503,1.);
#7503 = DIRECTION('',(-0.,1.,0.));
#7504 = ORIENTED_EDGE('',*,*,#6678,.T.);
#7505 = ORIENTED_EDGE('',*,*,#7506,.T.);
#7506 = EDGE_CURVE('',#6681,#7507,#7509,.T.);
#7507 = VERTEX_POINT('',#7508);
#7508 = CARTESIAN_POINT('',(19.,48.5,59.6));
#7509 = LINE('',#7510,#7511);
#7510 = CARTESIAN_POINT('',(19.,3.5,59.6));
#7511 = VECTOR('',#7512,1.);
#7512 = DIRECTION('',(-0.,1.,0.));
#7513 = ORIENTED_EDGE('',*,*,#7514,.F.);
#7514 = EDGE_CURVE('',#7515,#7507,#7517,.T.);
#7515 = VERTEX_POINT('',#7516);
#7516 = CARTESIAN_POINT('',(8.,48.5,59.6));
#7517 = LINE('',#7518,#7519);
#7518 = CARTESIAN_POINT('',(8.,48.5,59.6));
#7519 = VECTOR('',#7520,1.);
#7520 = DIRECTION('',(1.,0.,-0.));
#7521 = ORIENTED_EDGE('',*,*,#7522,.F.);
#7522 = EDGE_CURVE('',#7498,#7515,#7523,.T.);
#7523 = LINE('',#7524,#7525);
#7524 = CARTESIAN_POINT('',(8.,3.5,59.6));
#7525 = VECTOR('',#7526,1.);
#7526 = DIRECTION('',(-0.,1.,0.));
#7527 = PLANE('',#7528);
#7528 = AXIS2_PLACEMENT_3D('',#7529,#7530,#7531);
#7529 = CARTESIAN_POINT('',(8.,3.5,59.6));
#7530 = DIRECTION('',(0.,0.,1.));
#7531 = DIRECTION('',(1.,0.,-0.));
#7532 = ADVANCED_FACE('',(#7533),#7551,.T.);
#7533 = FACE_BOUND('',#7534,.T.);
#7534 = EDGE_LOOP('',(#7535,#7536,#7544,#7550));
#7535 = ORIENTED_EDGE('',*,*,#6704,.F.);
#7536 = ORIENTED_EDGE('',*,*,#7537,.T.);
#7537 = EDGE_CURVE('',#6697,#7538,#7540,.T.);
#7538 = VERTEX_POINT('',#7539);
#7539 = CARTESIAN_POINT('',(19.,48.5,55.6));
#7540 = LINE('',#7541,#7542);
#7541 = CARTESIAN_POINT('',(19.,3.5,55.6));
#7542 = VECTOR('',#7543,1.);
#7543 = DIRECTION('',(-0.,1.,0.));
#7544 = ORIENTED_EDGE('',*,*,#7545,.T.);
#7545 = EDGE_CURVE('',#7538,#7507,#7546,.T.);
#7546 = LINE('',#7547,#7548);
#7547 = CARTESIAN_POINT('',(19.,48.5,55.6));
#7548 = VECTOR('',#7549,1.);
#7549 = DIRECTION('',(0.,0.,1.));
#7550 = ORIENTED_EDGE('',*,*,#7506,.F.);
#7551 = PLANE('',#7552);
#7552 = AXIS2_PLACEMENT_3D('',#7553,#7554,#7555);
#7553 = CARTESIAN_POINT('',(19.,3.5,55.6));
#7554 = DIRECTION('',(1.,0.,-0.));
#7555 = DIRECTION('',(0.,0.,1.));
#7556 = ADVANCED_FACE('',(#7557),#7575,.F.);
#7557 = FACE_BOUND('',#7558,.F.);
#7558 = EDGE_LOOP('',(#7559,#7567,#7568,#7569));
#7559 = ORIENTED_EDGE('',*,*,#7560,.F.);
#7560 = EDGE_CURVE('',#6689,#7561,#7563,.T.);
#7561 = VERTEX_POINT('',#7562);
#7562 = CARTESIAN_POINT('',(8.,48.5,55.6));
#7563 = LINE('',#7564,#7565);
#7564 = CARTESIAN_POINT('',(8.,3.5,55.6));
#7565 = VECTOR('',#7566,1.);
#7566 = DIRECTION('',(-0.,1.,0.));
#7567 = ORIENTED_EDGE('',*,*,#6696,.T.);
#7568 = ORIENTED_EDGE('',*,*,#7537,.T.);
#7569 = ORIENTED_EDGE('',*,*,#7570,.F.);
#7570 = EDGE_CURVE('',#7561,#7538,#7571,.T.);
#7571 = LINE('',#7572,#7573);
#7572 = CARTESIAN_POINT('',(8.,48.5,55.6));
#7573 = VECTOR('',#7574,1.);
#7574 = DIRECTION('',(1.,0.,-0.));
#7575 = PLANE('',#7576);
#7576 = AXIS2_PLACEMENT_3D('',#7577,#7578,#7579);
#7577 = CARTESIAN_POINT('',(8.,3.5,55.6));
#7578 = DIRECTION('',(0.,0.,1.));
#7579 = DIRECTION('',(1.,0.,-0.));
#7580 = ADVANCED_FACE('',(#7581),#7593,.F.);
#7581 = FACE_BOUND('',#7582,.F.);
#7582 = EDGE_LOOP('',(#7583,#7584,#7585,#7591,#7592));
#7583 = ORIENTED_EDGE('',*,*,#6688,.F.);
#7584 = ORIENTED_EDGE('',*,*,#7560,.T.);
#7585 = ORIENTED_EDGE('',*,*,#7586,.T.);
#7586 = EDGE_CURVE('',#7561,#7515,#7587,.T.);
#7587 = LINE('',#7588,#7589);
#7588 = CARTESIAN_POINT('',(8.,48.5,55.6));
#7589 = VECTOR('',#7590,1.);
#7590 = DIRECTION('',(0.,0.,1.));
#7591 = ORIENTED_EDGE('',*,*,#7522,.F.);
#7592 = ORIENTED_EDGE('',*,*,#7497,.F.);
#7593 = PLANE('',#7594);
#7594 = AXIS2_PLACEMENT_3D('',#7595,#7596,#7597);
#7595 = CARTESIAN_POINT('',(8.,3.5,55.6));
#7596 = DIRECTION('',(1.,0.,-0.));
#7597 = DIRECTION('',(0.,0.,1.));
#7598 = ADVANCED_FACE('',(#7599),#7624,.T.);
#7599 = FACE_BOUND('',#7600,.T.);
#7600 = EDGE_LOOP('',(#7601,#7609,#7617,#7623));
#7601 = ORIENTED_EDGE('',*,*,#7602,.T.);
#7602 = EDGE_CURVE('',#6713,#7603,#7605,.T.);
#7603 = VERTEX_POINT('',#7604);
#7604 = CARTESIAN_POINT('',(8.,20.,132.));
#7605 = LINE('',#7606,#7607);
#7606 = CARTESIAN_POINT('',(8.,3.5,132.));
#7607 = VECTOR('',#7608,1.);
#7608 = DIRECTION('',(-0.,1.,0.));
#7609 = ORIENTED_EDGE('',*,*,#7610,.T.);
#7610 = EDGE_CURVE('',#7603,#7611,#7613,.T.);
#7611 = VERTEX_POINT('',#7612);
#7612 = CARTESIAN_POINT('',(6.,20.,138.));
#7613 = LINE('',#7614,#7615);
#7614 = CARTESIAN_POINT('',(8.,20.,132.));
#7615 = VECTOR('',#7616,1.);
#7616 = DIRECTION('',(-0.316227766017,0.,0.948683298051));
#7617 = ORIENTED_EDGE('',*,*,#7618,.F.);
#7618 = EDGE_CURVE('',#1789,#7611,#7619,.T.);
#7619 = LINE('',#7620,#7621);
#7620 = CARTESIAN_POINT('',(6.,3.5,138.));
#7621 = VECTOR('',#7622,1.);
#7622 = DIRECTION('',(0.,1.,0.));
#7623 = ORIENTED_EDGE('',*,*,#6712,.F.);
#7624 = PLANE('',#7625);
#7625 = AXIS2_PLACEMENT_3D('',#7626,#7627,#7628);
#7626 = CARTESIAN_POINT('',(8.,3.5,132.));
#7627 = DIRECTION('',(0.948683298051,-0.,0.316227766017));
#7628 = DIRECTION('',(-0.316227766017,0.,0.948683298051));
#7629 = ADVANCED_FACE('',(#7630),#7641,.T.);
#7630 = FACE_BOUND('',#7631,.T.);
#7631 = EDGE_LOOP('',(#7632,#7633,#7634,#7640));
#7632 = ORIENTED_EDGE('',*,*,#6746,.F.);
#7633 = ORIENTED_EDGE('',*,*,#7497,.T.);
#7634 = ORIENTED_EDGE('',*,*,#7635,.T.);
#7635 = EDGE_CURVE('',#7498,#7603,#7636,.T.);
#7636 = LINE('',#7637,#7638);
#7637 = CARTESIAN_POINT('',(8.,20.,59.6));
#7638 = VECTOR('',#7639,1.);
#7639 = DIRECTION('',(0.,0.,1.));
#7640 = ORIENTED_EDGE('',*,*,#7602,.F.);
#7641 = PLANE('',#7642);
#7642 = AXIS2_PLACEMENT_3D('',#7643,#7644,#7645);
#7643 = CARTESIAN_POINT('',(8.,3.5,59.6));
#7644 = DIRECTION('',(1.,0.,-0.));
#7645 = DIRECTION('',(0.,0.,1.));
#7646 = ADVANCED_FACE('',(#7647),#7665,.F.);
#7647 = FACE_BOUND('',#7648,.F.);
#7648 = EDGE_LOOP('',(#7649,#7657,#7658,#7659));
#7649 = ORIENTED_EDGE('',*,*,#7650,.F.);
#7650 = EDGE_CURVE('',#6731,#7651,#7653,.T.);
#7651 = VERTEX_POINT('',#7652);
#7652 = CARTESIAN_POINT('',(6.,20.,59.6));
#7653 = LINE('',#7654,#7655);
#7654 = CARTESIAN_POINT('',(6.,3.5,59.6));
#7655 = VECTOR('',#7656,1.);
#7656 = DIRECTION('',(-0.,1.,0.));
#7657 = ORIENTED_EDGE('',*,*,#6738,.T.);
#7658 = ORIENTED_EDGE('',*,*,#7497,.T.);
#7659 = ORIENTED_EDGE('',*,*,#7660,.F.);
#7660 = EDGE_CURVE('',#7651,#7498,#7661,.T.);
#7661 = LINE('',#7662,#7663);
#7662 = CARTESIAN_POINT('',(6.,20.,59.6));
#7663 = VECTOR('',#7664,1.);
#7664 = DIRECTION('',(1.,0.,-0.));
#7665 = PLANE('',#7666);
#7666 = AXIS2_PLACEMENT_3D('',#7667,#7668,#7669);
#7667 = CARTESIAN_POINT('',(6.,3.5,59.6));
#7668 = DIRECTION('',(0.,0.,1.));
#7669 = DIRECTION('',(1.,0.,-0.));
#7670 = ADVANCED_FACE('',(#7671),#7689,.F.);
#7671 = FACE_BOUND('',#7672,.F.);
#7672 = EDGE_LOOP('',(#7673,#7674,#7675,#7683));
#7673 = ORIENTED_EDGE('',*,*,#6730,.F.);
#7674 = ORIENTED_EDGE('',*,*,#7650,.T.);
#7675 = ORIENTED_EDGE('',*,*,#7676,.T.);
#7676 = EDGE_CURVE('',#7651,#7677,#7679,.T.);
#7677 = VERTEX_POINT('',#7678);
#7678 = CARTESIAN_POINT('',(6.,20.,132.));
#7679 = LINE('',#7680,#7681);
#7680 = CARTESIAN_POINT('',(6.,20.,59.6));
#7681 = VECTOR('',#7682,1.);
#7682 = DIRECTION('',(0.,0.,1.));
#7683 = ORIENTED_EDGE('',*,*,#7684,.F.);
#7684 = EDGE_CURVE('',#6723,#7677,#7685,.T.);
#7685 = LINE('',#7686,#7687);
#7686 = CARTESIAN_POINT('',(6.,3.5,132.));
#7687 = VECTOR('',#7688,1.);
#7688 = DIRECTION('',(-0.,1.,0.));
#7689 = PLANE('',#7690);
#7690 = AXIS2_PLACEMENT_3D('',#7691,#7692,#7693);
#7691 = CARTESIAN_POINT('',(6.,3.5,59.6));
#7692 = DIRECTION('',(1.,0.,-0.));
#7693 = DIRECTION('',(0.,0.,1.));
#7694 = ADVANCED_FACE('',(#7695),#7706,.T.);
#7695 = FACE_BOUND('',#7696,.T.);
#7696 = EDGE_LOOP('',(#7697,#7698,#7704,#7705));
#7697 = ORIENTED_EDGE('',*,*,#7618,.T.);
#7698 = ORIENTED_EDGE('',*,*,#7699,.T.);
#7699 = EDGE_CURVE('',#7611,#7677,#7700,.T.);
#7700 = LINE('',#7701,#7702);
#7701 = CARTESIAN_POINT('',(6.,20.,138.));
#7702 = VECTOR('',#7703,1.);
#7703 = DIRECTION('',(0.,0.,-1.));
#7704 = ORIENTED_EDGE('',*,*,#7684,.F.);
#7705 = ORIENTED_EDGE('',*,*,#6722,.F.);
#7706 = PLANE('',#7707);
#7707 = AXIS2_PLACEMENT_3D('',#7708,#7709,#7710);
#7708 = CARTESIAN_POINT('',(6.,3.5,138.));
#7709 = DIRECTION('',(-1.,0.,0.));
#7710 = DIRECTION('',(0.,0.,-1.));
#7711 = ADVANCED_FACE('',(#7712),#7738,.T.);
#7712 = FACE_BOUND('',#7713,.T.);
#7713 = EDGE_LOOP('',(#7714,#7715,#7723,#7731,#7737));
#7714 = ORIENTED_EDGE('',*,*,#6754,.F.);
#7715 = ORIENTED_EDGE('',*,*,#7716,.T.);
#7716 = EDGE_CURVE('',#6755,#7717,#7719,.T.);
#7717 = VERTEX_POINT('',#7718);
#7718 = CARTESIAN_POINT('',(91.,48.5,55.6));
#7719 = LINE('',#7720,#7721);
#7720 = CARTESIAN_POINT('',(91.,3.5,55.6));
#7721 = VECTOR('',#7722,1.);
#7722 = DIRECTION('',(-0.,1.,0.));
#7723 = ORIENTED_EDGE('',*,*,#7724,.T.);
#7724 = EDGE_CURVE('',#7717,#7725,#7727,.T.);
#7725 = VERTEX_POINT('',#7726);
#7726 = CARTESIAN_POINT('',(91.,48.5,59.6));
#7727 = LINE('',#7728,#7729);
#7728 = CARTESIAN_POINT('',(91.,48.5,55.6));
#7729 = VECTOR('',#7730,1.);
#7730 = DIRECTION('',(0.,0.,1.));
#7731 = ORIENTED_EDGE('',*,*,#7732,.F.);
#7732 = EDGE_CURVE('',#7324,#7725,#7733,.T.);
#7733 = LINE('',#7734,#7735);
#7734 = CARTESIAN_POINT('',(91.,3.5,59.6));
#7735 = VECTOR('',#7736,1.);
#7736 = DIRECTION('',(-0.,1.,0.));
#7737 = ORIENTED_EDGE('',*,*,#7323,.F.);
#7738 = PLANE('',#7739);
#7739 = AXIS2_PLACEMENT_3D('',#7740,#7741,#7742);
#7740 = CARTESIAN_POINT('',(91.,3.5,55.6));
#7741 = DIRECTION('',(1.,0.,-0.));
#7742 = DIRECTION('',(0.,0.,1.));
#7743 = ADVANCED_FACE('',(#7744),#7762,.F.);
#7744 = FACE_BOUND('',#7745,.F.);
#7745 = EDGE_LOOP('',(#7746,#7754,#7755,#7756));
#7746 = ORIENTED_EDGE('',*,*,#7747,.F.);
#7747 = EDGE_CURVE('',#6773,#7748,#7750,.T.);
#7748 = VERTEX_POINT('',#7749);
#7749 = CARTESIAN_POINT('',(80.,48.5,55.6));
#7750 = LINE('',#7751,#7752);
#7751 = CARTESIAN_POINT('',(80.,3.5,55.6));
#7752 = VECTOR('',#7753,1.);
#7753 = DIRECTION('',(-0.,1.,0.));
#7754 = ORIENTED_EDGE('',*,*,#6780,.T.);
#7755 = ORIENTED_EDGE('',*,*,#7716,.T.);
#7756 = ORIENTED_EDGE('',*,*,#7757,.F.);
#7757 = EDGE_CURVE('',#7748,#7717,#7758,.T.);
#7758 = LINE('',#7759,#7760);
#7759 = CARTESIAN_POINT('',(80.,48.5,55.6));
#7760 = VECTOR('',#7761,1.);
#7761 = DIRECTION('',(1.,0.,-0.));
#7762 = PLANE('',#7763);
#7763 = AXIS2_PLACEMENT_3D('',#7764,#7765,#7766);
#7764 = CARTESIAN_POINT('',(80.,3.5,55.6));
#7765 = DIRECTION('',(0.,0.,1.));
#7766 = DIRECTION('',(1.,0.,-0.));
#7767 = ADVANCED_FACE('',(#7768),#7786,.F.);
#7768 = FACE_BOUND('',#7769,.F.);
#7769 = EDGE_LOOP('',(#7770,#7771,#7772,#7780));
#7770 = ORIENTED_EDGE('',*,*,#6772,.F.);
#7771 = ORIENTED_EDGE('',*,*,#7747,.T.);
#7772 = ORIENTED_EDGE('',*,*,#7773,.T.);
#7773 = EDGE_CURVE('',#7748,#7774,#7776,.T.);
#7774 = VERTEX_POINT('',#7775);
#7775 = CARTESIAN_POINT('',(80.,48.5,59.6));
#7776 = LINE('',#7777,#7778);
#7777 = CARTESIAN_POINT('',(80.,48.5,55.6));
#7778 = VECTOR('',#7779,1.);
#7779 = DIRECTION('',(0.,0.,1.));
#7780 = ORIENTED_EDGE('',*,*,#7781,.F.);
#7781 = EDGE_CURVE('',#6765,#7774,#7782,.T.);
#7782 = LINE('',#7783,#7784);
#7783 = CARTESIAN_POINT('',(80.,3.5,59.6));
#7784 = VECTOR('',#7785,1.);
#7785 = DIRECTION('',(-0.,1.,0.));
#7786 = PLANE('',#7787);
#7787 = AXIS2_PLACEMENT_3D('',#7788,#7789,#7790);
#7788 = CARTESIAN_POINT('',(80.,3.5,55.6));
#7789 = DIRECTION('',(1.,0.,-0.));
#7790 = DIRECTION('',(0.,0.,1.));
#7791 = ADVANCED_FACE('',(#7792),#7804,.T.);
#7792 = FACE_BOUND('',#7793,.T.);
#7793 = EDGE_LOOP('',(#7794,#7795,#7796,#7797,#7798));
#7794 = ORIENTED_EDGE('',*,*,#7781,.F.);
#7795 = ORIENTED_EDGE('',*,*,#6764,.T.);
#7796 = ORIENTED_EDGE('',*,*,#7323,.T.);
#7797 = ORIENTED_EDGE('',*,*,#7732,.T.);
#7798 = ORIENTED_EDGE('',*,*,#7799,.F.);
#7799 = EDGE_CURVE('',#7774,#7725,#7800,.T.);
#7800 = LINE('',#7801,#7802);
#7801 = CARTESIAN_POINT('',(80.,48.5,59.6));
#7802 = VECTOR('',#7803,1.);
#7803 = DIRECTION('',(1.,0.,-0.));
#7804 = PLANE('',#7805);
#7805 = AXIS2_PLACEMENT_3D('',#7806,#7807,#7808);
#7806 = CARTESIAN_POINT('',(80.,3.5,59.6));
#7807 = DIRECTION('',(0.,0.,1.));
#7808 = DIRECTION('',(1.,0.,-0.));
#7809 = ADVANCED_FACE('',(#7810),#7816,.T.);
#7810 = FACE_BOUND('',#7811,.T.);
#7811 = EDGE_LOOP('',(#7812,#7813,#7814,#7815));
#7812 = ORIENTED_EDGE('',*,*,#7270,.F.);
#7813 = ORIENTED_EDGE('',*,*,#7286,.T.);
#7814 = ORIENTED_EDGE('',*,*,#6811,.T.);
#7815 = ORIENTED_EDGE('',*,*,#7245,.F.);
#7816 = PLANE('',#7817);
#7817 = AXIS2_PLACEMENT_3D('',#7818,#7819,#7820);
#7818 = CARTESIAN_POINT('',(91.8,48.5,20.));
#7819 = DIRECTION('',(-0.,1.,0.));
#7820 = DIRECTION('',(0.,0.,1.));
#7821 = ADVANCED_FACE('',(#7822),#7847,.F.);
#7822 = FACE_BOUND('',#7823,.F.);
#7823 = EDGE_LOOP('',(#7824,#7825,#7833,#7841));
#7824 = ORIENTED_EDGE('',*,*,#6914,.F.);
#7825 = ORIENTED_EDGE('',*,*,#7826,.T.);
#7826 = EDGE_CURVE('',#6898,#7827,#7829,.T.);
#7827 = VERTEX_POINT('',#7828);
#7828 = CARTESIAN_POINT('',(3.6,53.5,101.));
#7829 = LINE('',#7830,#7831);
#7830 = CARTESIAN_POINT('',(3.6,48.5,101.));
#7831 = VECTOR('',#7832,1.);
#7832 = DIRECTION('',(-0.,1.,0.));
#7833 = ORIENTED_EDGE('',*,*,#7834,.T.);
#7834 = EDGE_CURVE('',#7827,#7835,#7837,.T.);
#7835 = VERTEX_POINT('',#7836);
#7836 = CARTESIAN_POINT('',(3.6,53.5,109.));
#7837 = LINE('',#7838,#7839);
#7838 = CARTESIAN_POINT('',(3.6,53.5,101.));
#7839 = VECTOR('',#7840,1.);
#7840 = DIRECTION('',(0.,0.,1.));
#7841 = ORIENTED_EDGE('',*,*,#7842,.F.);
#7842 = EDGE_CURVE('',#6907,#7835,#7843,.T.);
#7843 = LINE('',#7844,#7845);
#7844 = CARTESIAN_POINT('',(3.6,48.5,109.));
#7845 = VECTOR('',#7846,1.);
#7846 = DIRECTION('',(-0.,1.,0.));
#7847 = PLANE('',#7848);
#7848 = AXIS2_PLACEMENT_3D('',#7849,#7850,#7851);
#7849 = CARTESIAN_POINT('',(3.6,48.5,101.));
#7850 = DIRECTION('',(1.,0.,-0.));
#7851 = DIRECTION('',(0.,0.,1.));
#7852 = ADVANCED_FACE('',(#7853),#7878,.F.);
#7853 = FACE_BOUND('',#7854,.F.);
#7854 = EDGE_LOOP('',(#7855,#7856,#7864,#7872));
#7855 = ORIENTED_EDGE('',*,*,#6967,.F.);
#7856 = ORIENTED_EDGE('',*,*,#7857,.T.);
#7857 = EDGE_CURVE('',#6951,#7858,#7860,.T.);
#7858 = VERTEX_POINT('',#7859);
#7859 = CARTESIAN_POINT('',(3.6,53.5,16.));
#7860 = LINE('',#7861,#7862);
#7861 = CARTESIAN_POINT('',(3.6,48.5,16.));
#7862 = VECTOR('',#7863,1.);
#7863 = DIRECTION('',(-0.,1.,0.));
#7864 = ORIENTED_EDGE('',*,*,#7865,.T.);
#7865 = EDGE_CURVE('',#7858,#7866,#7868,.T.);
#7866 = VERTEX_POINT('',#7867);
#7867 = CARTESIAN_POINT('',(3.6,53.5,24.));
#7868 = LINE('',#7869,#7870);
#7869 = CARTESIAN_POINT('',(3.6,53.5,16.));
#7870 = VECTOR('',#7871,1.);
#7871 = DIRECTION('',(0.,0.,1.));
#7872 = ORIENTED_EDGE('',*,*,#7873,.F.);
#7873 = EDGE_CURVE('',#6960,#7866,#7874,.T.);
#7874 = LINE('',#7875,#7876);
#7875 = CARTESIAN_POINT('',(3.6,48.5,24.));
#7876 = VECTOR('',#7877,1.);
#7877 = DIRECTION('',(-0.,1.,0.));
#7878 = PLANE('',#7879);
#7879 = AXIS2_PLACEMENT_3D('',#7880,#7881,#7882);
#7880 = CARTESIAN_POINT('',(3.6,48.5,16.));
#7881 = DIRECTION('',(1.,0.,-0.));
#7882 = DIRECTION('',(0.,0.,1.));
#7883 = ADVANCED_FACE('',(#7884),#7909,.T.);
#7884 = FACE_BOUND('',#7885,.T.);
#7885 = EDGE_LOOP('',(#7886,#7887,#7895,#7903));
#7886 = ORIENTED_EDGE('',*,*,#7001,.F.);
#7887 = ORIENTED_EDGE('',*,*,#7888,.T.);
#7888 = EDGE_CURVE('',#6994,#7889,#7891,.T.);
#7889 = VERTEX_POINT('',#7890);
#7890 = CARTESIAN_POINT('',(182.4,53.5,101.));
#7891 = LINE('',#7892,#7893);
#7892 = CARTESIAN_POINT('',(182.4,48.5,101.));
#7893 = VECTOR('',#7894,1.);
#7894 = DIRECTION('',(-0.,1.,0.));
#7895 = ORIENTED_EDGE('',*,*,#7896,.T.);
#7896 = EDGE_CURVE('',#7889,#7897,#7899,.T.);
#7897 = VERTEX_POINT('',#7898);
#7898 = CARTESIAN_POINT('',(182.4,53.5,109.));
#7899 = LINE('',#7900,#7901);
#7900 = CARTESIAN_POINT('',(182.4,53.5,101.));
#7901 = VECTOR('',#7902,1.);
#7902 = DIRECTION('',(0.,0.,1.));
#7903 = ORIENTED_EDGE('',*,*,#7904,.F.);
#7904 = EDGE_CURVE('',#7002,#7897,#7905,.T.);
#7905 = LINE('',#7906,#7907);
#7906 = CARTESIAN_POINT('',(182.4,48.5,109.));
#7907 = VECTOR('',#7908,1.);
#7908 = DIRECTION('',(-0.,1.,0.));
#7909 = PLANE('',#7910);
#7910 = AXIS2_PLACEMENT_3D('',#7911,#7912,#7913);
#7911 = CARTESIAN_POINT('',(182.4,48.5,101.));
#7912 = DIRECTION('',(1.,0.,-0.));
#7913 = DIRECTION('',(0.,0.,1.));
#7914 = ADVANCED_FACE('',(#7915),#7940,.T.);
#7915 = FACE_BOUND('',#7916,.T.);
#7916 = EDGE_LOOP('',(#7917,#7918,#7926,#7934));
#7917 = ORIENTED_EDGE('',*,*,#7054,.F.);
#7918 = ORIENTED_EDGE('',*,*,#7919,.T.);
#7919 = EDGE_CURVE('',#7047,#7920,#7922,.T.);
#7920 = VERTEX_POINT('',#7921);
#7921 = CARTESIAN_POINT('',(182.4,53.5,16.));
#7922 = LINE('',#7923,#7924);
#7923 = CARTESIAN_POINT('',(182.4,48.5,16.));
#7924 = VECTOR('',#7925,1.);
#7925 = DIRECTION('',(-0.,1.,0.));
#7926 = ORIENTED_EDGE('',*,*,#7927,.T.);
#7927 = EDGE_CURVE('',#7920,#7928,#7930,.T.);
#7928 = VERTEX_POINT('',#7929);
#7929 = CARTESIAN_POINT('',(182.4,53.5,24.));
#7930 = LINE('',#7931,#7932);
#7931 = CARTESIAN_POINT('',(182.4,53.5,16.));
#7932 = VECTOR('',#7933,1.);
#7933 = DIRECTION('',(0.,0.,1.));
#7934 = ORIENTED_EDGE('',*,*,#7935,.F.);
#7935 = EDGE_CURVE('',#7055,#7928,#7936,.T.);
#7936 = LINE('',#7937,#7938);
#7937 = CARTESIAN_POINT('',(182.4,48.5,24.));
#7938 = VECTOR('',#7939,1.);
#7939 = DIRECTION('',(-0.,1.,0.));
#7940 = PLANE('',#7941);
#7941 = AXIS2_PLACEMENT_3D('',#7942,#7943,#7944);
#7942 = CARTESIAN_POINT('',(182.4,48.5,16.));
#7943 = DIRECTION('',(1.,0.,-0.));
#7944 = DIRECTION('',(0.,0.,1.));
#7945 = ADVANCED_FACE('',(#7946),#7980,.T.);
#7946 = FACE_BOUND('',#7947,.T.);
#7947 = EDGE_LOOP('',(#7948,#7949,#7950,#7958,#7966,#7974));
#7948 = ORIENTED_EDGE('',*,*,#7842,.F.);
#7949 = ORIENTED_EDGE('',*,*,#7087,.T.);
#7950 = ORIENTED_EDGE('',*,*,#7951,.T.);
#7951 = EDGE_CURVE('',#7080,#7952,#7954,.T.);
#7952 = VERTEX_POINT('',#7953);
#7953 = CARTESIAN_POINT('',(5.4,60.5,109.));
#7954 = LINE('',#7955,#7956);
#7955 = CARTESIAN_POINT('',(5.4,48.5,109.));
#7956 = VECTOR('',#7957,1.);
#7957 = DIRECTION('',(-0.,1.,0.));
#7958 = ORIENTED_EDGE('',*,*,#7959,.F.);
#7959 = EDGE_CURVE('',#7960,#7952,#7962,.T.);
#7960 = VERTEX_POINT('',#7961);
#7961 = CARTESIAN_POINT('',(3.6,60.5,109.));
#7962 = LINE('',#7963,#7964);
#7963 = CARTESIAN_POINT('',(3.6,60.5,109.));
#7964 = VECTOR('',#7965,1.);
#7965 = DIRECTION('',(1.,0.,-0.));
#7966 = ORIENTED_EDGE('',*,*,#7967,.F.);
#7967 = EDGE_CURVE('',#7968,#7960,#7970,.T.);
#7968 = VERTEX_POINT('',#7969);
#7969 = CARTESIAN_POINT('',(3.6,59.5,109.));
#7970 = LINE('',#7971,#7972);
#7971 = CARTESIAN_POINT('',(3.6,48.5,109.));
#7972 = VECTOR('',#7973,1.);
#7973 = DIRECTION('',(-0.,1.,0.));
#7974 = ORIENTED_EDGE('',*,*,#7975,.F.);
#7975 = EDGE_CURVE('',#7835,#7968,#7976,.T.);
#7976 = LINE('',#7977,#7978);
#7977 = CARTESIAN_POINT('',(3.6,48.5,109.));
#7978 = VECTOR('',#7979,1.);
#7979 = DIRECTION('',(-0.,1.,0.));
#7980 = PLANE('',#7981);
#7981 = AXIS2_PLACEMENT_3D('',#7982,#7983,#7984);
#7982 = CARTESIAN_POINT('',(3.6,48.5,109.));
#7983 = DIRECTION('',(0.,0.,1.));
#7984 = DIRECTION('',(1.,0.,-0.));
#7985 = ADVANCED_FACE('',(#7986),#8020,.F.);
#7986 = FACE_BOUND('',#7987,.F.);
#7987 = EDGE_LOOP('',(#7988,#7996,#7997,#7998,#8006,#8014));
#7988 = ORIENTED_EDGE('',*,*,#7989,.F.);
#7989 = EDGE_CURVE('',#7103,#7990,#7992,.T.);
#7990 = VERTEX_POINT('',#7991);
#7991 = CARTESIAN_POINT('',(180.6,60.5,16.));
#7992 = LINE('',#7993,#7994);
#7993 = CARTESIAN_POINT('',(180.6,48.5,16.));
#7994 = VECTOR('',#7995,1.);
#7995 = DIRECTION('',(-0.,1.,0.));
#7996 = ORIENTED_EDGE('',*,*,#7113,.T.);
#7997 = ORIENTED_EDGE('',*,*,#7919,.T.);
#7998 = ORIENTED_EDGE('',*,*,#7999,.T.);
#7999 = EDGE_CURVE('',#7920,#8000,#8002,.T.);
#8000 = VERTEX_POINT('',#8001);
#8001 = CARTESIAN_POINT('',(182.4,59.5,16.));
#8002 = LINE('',#8003,#8004);
#8003 = CARTESIAN_POINT('',(182.4,48.5,16.));
#8004 = VECTOR('',#8005,1.);
#8005 = DIRECTION('',(-0.,1.,0.));
#8006 = ORIENTED_EDGE('',*,*,#8007,.T.);
#8007 = EDGE_CURVE('',#8000,#8008,#8010,.T.);
#8008 = VERTEX_POINT('',#8009);
#8009 = CARTESIAN_POINT('',(182.4,60.5,16.));
#8010 = LINE('',#8011,#8012);
#8011 = CARTESIAN_POINT('',(182.4,48.5,16.));
#8012 = VECTOR('',#8013,1.);
#8013 = DIRECTION('',(-0.,1.,0.));
#8014 = ORIENTED_EDGE('',*,*,#8015,.F.);
#8015 = EDGE_CURVE('',#7990,#8008,#8016,.T.);
#8016 = LINE('',#8017,#8018);
#8017 = CARTESIAN_POINT('',(180.6,60.5,16.));
#8018 = VECTOR('',#8019,1.);
#8019 = DIRECTION('',(1.,0.,-0.));
#8020 = PLANE('',#8021);
#8021 = AXIS2_PLACEMENT_3D('',#8022,#8023,#8024);
#8022 = CARTESIAN_POINT('',(180.6,48.5,16.));
#8023 = DIRECTION('',(0.,0.,1.));
#8024 = DIRECTION('',(1.,0.,-0.));
#8025 = ADVANCED_FACE('',(#8026),#8044,.F.);
#8026 = FACE_BOUND('',#8027,.F.);
#8027 = EDGE_LOOP('',(#8028,#8029,#8030,#8038));
#8028 = ORIENTED_EDGE('',*,*,#7129,.F.);
#8029 = ORIENTED_EDGE('',*,*,#7989,.T.);
#8030 = ORIENTED_EDGE('',*,*,#8031,.T.);
#8031 = EDGE_CURVE('',#7990,#8032,#8034,.T.);
#8032 = VERTEX_POINT('',#8033);
#8033 = CARTESIAN_POINT('',(180.6,60.5,24.));
#8034 = LINE('',#8035,#8036);
#8035 = CARTESIAN_POINT('',(180.6,60.5,16.));
#8036 = VECTOR('',#8037,1.);
#8037 = DIRECTION('',(0.,0.,1.));
#8038 = ORIENTED_EDGE('',*,*,#8039,.F.);
#8039 = EDGE_CURVE('',#7130,#8032,#8040,.T.);
#8040 = LINE('',#8041,#8042);
#8041 = CARTESIAN_POINT('',(180.6,48.5,24.));
#8042 = VECTOR('',#8043,1.);
#8043 = DIRECTION('',(-0.,1.,0.));
#8044 = PLANE('',#8045);
#8045 = AXIS2_PLACEMENT_3D('',#8046,#8047,#8048);
#8046 = CARTESIAN_POINT('',(180.6,48.5,16.));
#8047 = DIRECTION('',(1.,0.,-0.));
#8048 = DIRECTION('',(0.,0.,1.));
#8049 = ADVANCED_FACE('',(#8050),#8077,.T.);
#8050 = FACE_BOUND('',#8051,.T.);
#8051 = EDGE_LOOP('',(#8052,#8053,#8054,#8055,#8063,#8071));
#8052 = ORIENTED_EDGE('',*,*,#8039,.F.);
#8053 = ORIENTED_EDGE('',*,*,#7155,.T.);
#8054 = ORIENTED_EDGE('',*,*,#7935,.T.);
#8055 = ORIENTED_EDGE('',*,*,#8056,.T.);
#8056 = EDGE_CURVE('',#7928,#8057,#8059,.T.);
#8057 = VERTEX_POINT('',#8058);
#8058 = CARTESIAN_POINT('',(182.4,59.5,24.));
#8059 = LINE('',#8060,#8061);
#8060 = CARTESIAN_POINT('',(182.4,48.5,24.));
#8061 = VECTOR('',#8062,1.);
#8062 = DIRECTION('',(-0.,1.,0.));
#8063 = ORIENTED_EDGE('',*,*,#8064,.T.);
#8064 = EDGE_CURVE('',#8057,#8065,#8067,.T.);
#8065 = VERTEX_POINT('',#8066);
#8066 = CARTESIAN_POINT('',(182.4,60.5,24.));
#8067 = LINE('',#8068,#8069);
#8068 = CARTESIAN_POINT('',(182.4,48.5,24.));
#8069 = VECTOR('',#8070,1.);
#8070 = DIRECTION('',(-0.,1.,0.));
#8071 = ORIENTED_EDGE('',*,*,#8072,.F.);
#8072 = EDGE_CURVE('',#8032,#8065,#8073,.T.);
#8073 = LINE('',#8074,#8075);
#8074 = CARTESIAN_POINT('',(180.6,60.5,24.));
#8075 = VECTOR('',#8076,1.);
#8076 = DIRECTION('',(1.,0.,-0.));
#8077 = PLANE('',#8078);
#8078 = AXIS2_PLACEMENT_3D('',#8079,#8080,#8081);
#8079 = CARTESIAN_POINT('',(180.6,48.5,24.));
#8080 = DIRECTION('',(0.,0.,1.));
#8081 = DIRECTION('',(1.,0.,-0.));
#8082 = ADVANCED_FACE('',(#8083),#8117,.F.);
#8083 = FACE_BOUND('',#8084,.F.);
#8084 = EDGE_LOOP('',(#8085,#8093,#8094,#8095,#8103,#8111));
#8085 = ORIENTED_EDGE('',*,*,#8086,.F.);
#8086 = EDGE_CURVE('',#7170,#8087,#8089,.T.);
#8087 = VERTEX_POINT('',#8088);
#8088 = CARTESIAN_POINT('',(180.6,60.5,101.));
#8089 = LINE('',#8090,#8091);
#8090 = CARTESIAN_POINT('',(180.6,48.5,101.));
#8091 = VECTOR('',#8092,1.);
#8092 = DIRECTION('',(-0.,1.,0.));
#8093 = ORIENTED_EDGE('',*,*,#7180,.T.);
#8094 = ORIENTED_EDGE('',*,*,#7888,.T.);
#8095 = ORIENTED_EDGE('',*,*,#8096,.T.);
#8096 = EDGE_CURVE('',#7889,#8097,#8099,.T.);
#8097 = VERTEX_POINT('',#8098);
#8098 = CARTESIAN_POINT('',(182.4,59.5,101.));
#8099 = LINE('',#8100,#8101);
#8100 = CARTESIAN_POINT('',(182.4,48.5,101.));
#8101 = VECTOR('',#8102,1.);
#8102 = DIRECTION('',(-0.,1.,0.));
#8103 = ORIENTED_EDGE('',*,*,#8104,.T.);
#8104 = EDGE_CURVE('',#8097,#8105,#8107,.T.);
#8105 = VERTEX_POINT('',#8106);
#8106 = CARTESIAN_POINT('',(182.4,60.5,101.));
#8107 = LINE('',#8108,#8109);
#8108 = CARTESIAN_POINT('',(182.4,48.5,101.));
#8109 = VECTOR('',#8110,1.);
#8110 = DIRECTION('',(-0.,1.,0.));
#8111 = ORIENTED_EDGE('',*,*,#8112,.F.);
#8112 = EDGE_CURVE('',#8087,#8105,#8113,.T.);
#8113 = LINE('',#8114,#8115);
#8114 = CARTESIAN_POINT('',(180.6,60.5,101.));
#8115 = VECTOR('',#8116,1.);
#8116 = DIRECTION('',(1.,0.,-0.));
#8117 = PLANE('',#8118);
#8118 = AXIS2_PLACEMENT_3D('',#8119,#8120,#8121);
#8119 = CARTESIAN_POINT('',(180.6,48.5,101.));
#8120 = DIRECTION('',(0.,0.,1.));
#8121 = DIRECTION('',(1.,0.,-0.));
#8122 = ADVANCED_FACE('',(#8123),#8141,.F.);
#8123 = FACE_BOUND('',#8124,.F.);
#8124 = EDGE_LOOP('',(#8125,#8126,#8127,#8135));
#8125 = ORIENTED_EDGE('',*,*,#7196,.F.);
#8126 = ORIENTED_EDGE('',*,*,#8086,.T.);
#8127 = ORIENTED_EDGE('',*,*,#8128,.T.);
#8128 = EDGE_CURVE('',#8087,#8129,#8131,.T.);
#8129 = VERTEX_POINT('',#8130);
#8130 = CARTESIAN_POINT('',(180.6,60.5,109.));
#8131 = LINE('',#8132,#8133);
#8132 = CARTESIAN_POINT('',(180.6,60.5,101.));
#8133 = VECTOR('',#8134,1.);
#8134 = DIRECTION('',(0.,0.,1.));
#8135 = ORIENTED_EDGE('',*,*,#8136,.F.);
#8136 = EDGE_CURVE('',#7197,#8129,#8137,.T.);
#8137 = LINE('',#8138,#8139);
#8138 = CARTESIAN_POINT('',(180.6,48.5,109.));
#8139 = VECTOR('',#8140,1.);
#8140 = DIRECTION('',(-0.,1.,0.));
#8141 = PLANE('',#8142);
#8142 = AXIS2_PLACEMENT_3D('',#8143,#8144,#8145);
#8143 = CARTESIAN_POINT('',(180.6,48.5,101.));
#8144 = DIRECTION('',(1.,0.,-0.));
#8145 = DIRECTION('',(0.,0.,1.));
#8146 = ADVANCED_FACE('',(#8147),#8174,.T.);
#8147 = FACE_BOUND('',#8148,.T.);
#8148 = EDGE_LOOP('',(#8149,#8150,#8151,#8152,#8160,#8168));
#8149 = ORIENTED_EDGE('',*,*,#8136,.F.);
#8150 = ORIENTED_EDGE('',*,*,#7222,.T.);
#8151 = ORIENTED_EDGE('',*,*,#7904,.T.);
#8152 = ORIENTED_EDGE('',*,*,#8153,.T.);
#8153 = EDGE_CURVE('',#7897,#8154,#8156,.T.);
#8154 = VERTEX_POINT('',#8155);
#8155 = CARTESIAN_POINT('',(182.4,59.5,109.));
#8156 = LINE('',#8157,#8158);
#8157 = CARTESIAN_POINT('',(182.4,48.5,109.));
#8158 = VECTOR('',#8159,1.);
#8159 = DIRECTION('',(-0.,1.,0.));
#8160 = ORIENTED_EDGE('',*,*,#8161,.T.);
#8161 = EDGE_CURVE('',#8154,#8162,#8164,.T.);
#8162 = VERTEX_POINT('',#8163);
#8163 = CARTESIAN_POINT('',(182.4,60.5,109.));
#8164 = LINE('',#8165,#8166);
#8165 = CARTESIAN_POINT('',(182.4,48.5,109.));
#8166 = VECTOR('',#8167,1.);
#8167 = DIRECTION('',(-0.,1.,0.));
#8168 = ORIENTED_EDGE('',*,*,#8169,.F.);
#8169 = EDGE_CURVE('',#8129,#8162,#8170,.T.);
#8170 = LINE('',#8171,#8172);
#8171 = CARTESIAN_POINT('',(180.6,60.5,109.));
#8172 = VECTOR('',#8173,1.);
#8173 = DIRECTION('',(1.,0.,-0.));
#8174 = PLANE('',#8175);
#8175 = AXIS2_PLACEMENT_3D('',#8176,#8177,#8178);
#8176 = CARTESIAN_POINT('',(180.6,48.5,109.));
#8177 = DIRECTION('',(0.,0.,1.));
#8178 = DIRECTION('',(1.,0.,-0.));
#8179 = ADVANCED_FACE('',(#8180),#8191,.T.);
#8180 = FACE_BOUND('',#8181,.T.);
#8181 = EDGE_LOOP('',(#8182,#8183,#8184,#8190));
#8182 = ORIENTED_EDGE('',*,*,#7333,.F.);
#8183 = ORIENTED_EDGE('',*,*,#7349,.T.);
#8184 = ORIENTED_EDGE('',*,*,#8185,.T.);
#8185 = EDGE_CURVE('',#7350,#7294,#8186,.T.);
#8186 = LINE('',#8187,#8188);
#8187 = CARTESIAN_POINT('',(91.,20.,132.));
#8188 = VECTOR('',#8189,1.);
#8189 = DIRECTION('',(1.,0.,-0.));
#8190 = ORIENTED_EDGE('',*,*,#7301,.F.);
#8191 = PLANE('',#8192);
#8192 = AXIS2_PLACEMENT_3D('',#8193,#8194,#8195);
#8193 = CARTESIAN_POINT('',(91.,20.,59.6));
#8194 = DIRECTION('',(-0.,1.,0.));
#8195 = DIRECTION('',(0.,0.,1.));
#8196 = ADVANCED_FACE('',(#8197),#8202,.T.);
#8197 = FACE_BOUND('',#8198,.T.);
#8198 = EDGE_LOOP('',(#8199,#8200,#8201));
#8199 = ORIENTED_EDGE('',*,*,#7372,.T.);
#8200 = ORIENTED_EDGE('',*,*,#7293,.T.);
#8201 = ORIENTED_EDGE('',*,*,#8185,.F.);
#8202 = PLANE('',#8203);
#8203 = AXIS2_PLACEMENT_3D('',#8204,#8205,#8206);
#8204 = CARTESIAN_POINT('',(91.586725404958,20.,134.81327459504));
#8205 = DIRECTION('',(0.,1.,0.));
#8206 = DIRECTION('',(0.,-0.,1.));
#8207 = ADVANCED_FACE('',(#8208),#8226,.T.);
#8208 = FACE_BOUND('',#8209,.T.);
#8209 = EDGE_LOOP('',(#8210,#8211,#8219,#8225));
#8210 = ORIENTED_EDGE('',*,*,#7397,.F.);
#8211 = ORIENTED_EDGE('',*,*,#8212,.T.);
#8212 = EDGE_CURVE('',#7390,#8213,#8215,.T.);
#8213 = VERTEX_POINT('',#8214);
#8214 = CARTESIAN_POINT('',(5.4,60.5,101.));
#8215 = LINE('',#8216,#8217);
#8216 = CARTESIAN_POINT('',(5.4,48.5,101.));
#8217 = VECTOR('',#8218,1.);
#8218 = DIRECTION('',(-0.,1.,0.));
#8219 = ORIENTED_EDGE('',*,*,#8220,.T.);
#8220 = EDGE_CURVE('',#8213,#7952,#8221,.T.);
#8221 = LINE('',#8222,#8223);
#8222 = CARTESIAN_POINT('',(5.4,60.5,101.));
#8223 = VECTOR('',#8224,1.);
#8224 = DIRECTION('',(0.,0.,1.));
#8225 = ORIENTED_EDGE('',*,*,#7951,.F.);
#8226 = PLANE('',#8227);
#8227 = AXIS2_PLACEMENT_3D('',#8228,#8229,#8230);
#8228 = CARTESIAN_POINT('',(5.4,48.5,101.));
#8229 = DIRECTION('',(1.,0.,-0.));
#8230 = DIRECTION('',(0.,0.,1.));
#8231 = ADVANCED_FACE('',(#8232),#8259,.F.);
#8232 = FACE_BOUND('',#8233,.F.);
#8233 = EDGE_LOOP('',(#8234,#8235,#8236,#8237,#8245,#8253));
#8234 = ORIENTED_EDGE('',*,*,#7826,.F.);
#8235 = ORIENTED_EDGE('',*,*,#7415,.T.);
#8236 = ORIENTED_EDGE('',*,*,#8212,.T.);
#8237 = ORIENTED_EDGE('',*,*,#8238,.F.);
#8238 = EDGE_CURVE('',#8239,#8213,#8241,.T.);
#8239 = VERTEX_POINT('',#8240);
#8240 = CARTESIAN_POINT('',(3.6,60.5,101.));
#8241 = LINE('',#8242,#8243);
#8242 = CARTESIAN_POINT('',(3.6,60.5,101.));
#8243 = VECTOR('',#8244,1.);
#8244 = DIRECTION('',(1.,0.,-0.));
#8245 = ORIENTED_EDGE('',*,*,#8246,.F.);
#8246 = EDGE_CURVE('',#8247,#8239,#8249,.T.);
#8247 = VERTEX_POINT('',#8248);
#8248 = CARTESIAN_POINT('',(3.6,59.5,101.));
#8249 = LINE('',#8250,#8251);
#8250 = CARTESIAN_POINT('',(3.6,48.5,101.));
#8251 = VECTOR('',#8252,1.);
#8252 = DIRECTION('',(-0.,1.,0.));
#8253 = ORIENTED_EDGE('',*,*,#8254,.F.);
#8254 = EDGE_CURVE('',#7827,#8247,#8255,.T.);
#8255 = LINE('',#8256,#8257);
#8256 = CARTESIAN_POINT('',(3.6,48.5,101.));
#8257 = VECTOR('',#8258,1.);
#8258 = DIRECTION('',(-0.,1.,0.));
#8259 = PLANE('',#8260);
#8260 = AXIS2_PLACEMENT_3D('',#8261,#8262,#8263);
#8261 = CARTESIAN_POINT('',(3.6,48.5,101.));
#8262 = DIRECTION('',(0.,0.,1.));
#8263 = DIRECTION('',(1.,0.,-0.));
#8264 = ADVANCED_FACE('',(#8265),#8299,.T.);
#8265 = FACE_BOUND('',#8266,.T.);
#8266 = EDGE_LOOP('',(#8267,#8268,#8269,#8277,#8285,#8293));
#8267 = ORIENTED_EDGE('',*,*,#7873,.F.);
#8268 = ORIENTED_EDGE('',*,*,#7440,.T.);
#8269 = ORIENTED_EDGE('',*,*,#8270,.T.);
#8270 = EDGE_CURVE('',#7433,#8271,#8273,.T.);
#8271 = VERTEX_POINT('',#8272);
#8272 = CARTESIAN_POINT('',(5.4,60.5,24.));
#8273 = LINE('',#8274,#8275);
#8274 = CARTESIAN_POINT('',(5.4,48.5,24.));
#8275 = VECTOR('',#8276,1.);
#8276 = DIRECTION('',(-0.,1.,0.));
#8277 = ORIENTED_EDGE('',*,*,#8278,.F.);
#8278 = EDGE_CURVE('',#8279,#8271,#8281,.T.);
#8279 = VERTEX_POINT('',#8280);
#8280 = CARTESIAN_POINT('',(3.6,60.5,24.));
#8281 = LINE('',#8282,#8283);
#8282 = CARTESIAN_POINT('',(3.6,60.5,24.));
#8283 = VECTOR('',#8284,1.);
#8284 = DIRECTION('',(1.,0.,-0.));
#8285 = ORIENTED_EDGE('',*,*,#8286,.F.);
#8286 = EDGE_CURVE('',#8287,#8279,#8289,.T.);
#8287 = VERTEX_POINT('',#8288);
#8288 = CARTESIAN_POINT('',(3.6,59.5,24.));
#8289 = LINE('',#8290,#8291);
#8290 = CARTESIAN_POINT('',(3.6,48.5,24.));
#8291 = VECTOR('',#8292,1.);
#8292 = DIRECTION('',(-0.,1.,0.));
#8293 = ORIENTED_EDGE('',*,*,#8294,.F.);
#8294 = EDGE_CURVE('',#7866,#8287,#8295,.T.);
#8295 = LINE('',#8296,#8297);
#8296 = CARTESIAN_POINT('',(3.6,48.5,24.));
#8297 = VECTOR('',#8298,1.);
#8298 = DIRECTION('',(-0.,1.,0.));
#8299 = PLANE('',#8300);
#8300 = AXIS2_PLACEMENT_3D('',#8301,#8302,#8303);
#8301 = CARTESIAN_POINT('',(3.6,48.5,24.));
#8302 = DIRECTION('',(0.,0.,1.));
#8303 = DIRECTION('',(1.,0.,-0.));
#8304 = ADVANCED_FACE('',(#8305),#8323,.T.);
#8305 = FACE_BOUND('',#8306,.T.);
#8306 = EDGE_LOOP('',(#8307,#8308,#8316,#8322));
#8307 = ORIENTED_EDGE('',*,*,#7464,.F.);
#8308 = ORIENTED_EDGE('',*,*,#8309,.T.);
#8309 = EDGE_CURVE('',#7457,#8310,#8312,.T.);
#8310 = VERTEX_POINT('',#8311);
#8311 = CARTESIAN_POINT('',(5.4,60.5,16.));
#8312 = LINE('',#8313,#8314);
#8313 = CARTESIAN_POINT('',(5.4,48.5,16.));
#8314 = VECTOR('',#8315,1.);
#8315 = DIRECTION('',(-0.,1.,0.));
#8316 = ORIENTED_EDGE('',*,*,#8317,.T.);
#8317 = EDGE_CURVE('',#8310,#8271,#8318,.T.);
#8318 = LINE('',#8319,#8320);
#8319 = CARTESIAN_POINT('',(5.4,60.5,16.));
#8320 = VECTOR('',#8321,1.);
#8321 = DIRECTION('',(0.,0.,1.));
#8322 = ORIENTED_EDGE('',*,*,#8270,.F.);
#8323 = PLANE('',#8324);
#8324 = AXIS2_PLACEMENT_3D('',#8325,#8326,#8327);
#8325 = CARTESIAN_POINT('',(5.4,48.5,16.));
#8326 = DIRECTION('',(1.,0.,-0.));
#8327 = DIRECTION('',(0.,0.,1.));
#8328 = ADVANCED_FACE('',(#8329),#8356,.F.);
#8329 = FACE_BOUND('',#8330,.F.);
#8330 = EDGE_LOOP('',(#8331,#8332,#8333,#8334,#8342,#8350));
#8331 = ORIENTED_EDGE('',*,*,#7857,.F.);
#8332 = ORIENTED_EDGE('',*,*,#7482,.T.);
#8333 = ORIENTED_EDGE('',*,*,#8309,.T.);
#8334 = ORIENTED_EDGE('',*,*,#8335,.F.);
#8335 = EDGE_CURVE('',#8336,#8310,#8338,.T.);
#8336 = VERTEX_POINT('',#8337);
#8337 = CARTESIAN_POINT('',(3.6,60.5,16.));
#8338 = LINE('',#8339,#8340);
#8339 = CARTESIAN_POINT('',(3.6,60.5,16.));
#8340 = VECTOR('',#8341,1.);
#8341 = DIRECTION('',(1.,0.,-0.));
#8342 = ORIENTED_EDGE('',*,*,#8343,.F.);
#8343 = EDGE_CURVE('',#8344,#8336,#8346,.T.);
#8344 = VERTEX_POINT('',#8345);
#8345 = CARTESIAN_POINT('',(3.6,59.5,16.));
#8346 = LINE('',#8347,#8348);
#8347 = CARTESIAN_POINT('',(3.6,48.5,16.));
#8348 = VECTOR('',#8349,1.);
#8349 = DIRECTION('',(-0.,1.,0.));
#8350 = ORIENTED_EDGE('',*,*,#8351,.F.);
#8351 = EDGE_CURVE('',#7858,#8344,#8352,.T.);
#8352 = LINE('',#8353,#8354);
#8353 = CARTESIAN_POINT('',(3.6,48.5,16.));
#8354 = VECTOR('',#8355,1.);
#8355 = DIRECTION('',(-0.,1.,0.));
#8356 = PLANE('',#8357);
#8357 = AXIS2_PLACEMENT_3D('',#8358,#8359,#8360);
#8358 = CARTESIAN_POINT('',(3.6,48.5,16.));
#8359 = DIRECTION('',(0.,0.,1.));
#8360 = DIRECTION('',(1.,0.,-0.));
#8361 = ADVANCED_FACE('',(#8362),#8368,.T.);
#8362 = FACE_BOUND('',#8363,.T.);
#8363 = EDGE_LOOP('',(#8364,#8365,#8366,#8367));
#8364 = ORIENTED_EDGE('',*,*,#7570,.F.);
#8365 = ORIENTED_EDGE('',*,*,#7586,.T.);
#8366 = ORIENTED_EDGE('',*,*,#7514,.T.);
#8367 = ORIENTED_EDGE('',*,*,#7545,.F.);
#8368 = PLANE('',#8369);
#8369 = AXIS2_PLACEMENT_3D('',#8370,#8371,#8372);
#8370 = CARTESIAN_POINT('',(8.,48.5,55.6));
#8371 = DIRECTION('',(-0.,1.,0.));
#8372 = DIRECTION('',(0.,0.,1.));
#8373 = ADVANCED_FACE('',(#8374),#8384,.F.);
#8374 = FACE_BOUND('',#8375,.F.);
#8375 = EDGE_LOOP('',(#8376,#8377,#8378));
#8376 = ORIENTED_EDGE('',*,*,#7610,.T.);
#8377 = ORIENTED_EDGE('',*,*,#7699,.T.);
#8378 = ORIENTED_EDGE('',*,*,#8379,.T.);
#8379 = EDGE_CURVE('',#7677,#7603,#8380,.T.);
#8380 = LINE('',#8381,#8382);
#8381 = CARTESIAN_POINT('',(6.,20.,132.));
#8382 = VECTOR('',#8383,1.);
#8383 = DIRECTION('',(1.,0.,-0.));
#8384 = PLANE('',#8385);
#8385 = AXIS2_PLACEMENT_3D('',#8386,#8387,#8388);
#8386 = CARTESIAN_POINT('',(6.581138830084,20.,134.58113883008));
#8387 = DIRECTION('',(-0.,-1.,-0.));
#8388 = DIRECTION('',(0.,0.,-1.));
#8389 = ADVANCED_FACE('',(#8390),#8396,.T.);
#8390 = FACE_BOUND('',#8391,.T.);
#8391 = EDGE_LOOP('',(#8392,#8393,#8394,#8395));
#8392 = ORIENTED_EDGE('',*,*,#7660,.F.);
#8393 = ORIENTED_EDGE('',*,*,#7676,.T.);
#8394 = ORIENTED_EDGE('',*,*,#8379,.T.);
#8395 = ORIENTED_EDGE('',*,*,#7635,.F.);
#8396 = PLANE('',#8397);
#8397 = AXIS2_PLACEMENT_3D('',#8398,#8399,#8400);
#8398 = CARTESIAN_POINT('',(6.,20.,59.6));
#8399 = DIRECTION('',(-0.,1.,0.));
#8400 = DIRECTION('',(0.,0.,1.));
#8401 = ADVANCED_FACE('',(#8402),#8408,.T.);
#8402 = FACE_BOUND('',#8403,.T.);
#8403 = EDGE_LOOP('',(#8404,#8405,#8406,#8407));
#8404 = ORIENTED_EDGE('',*,*,#7757,.F.);
#8405 = ORIENTED_EDGE('',*,*,#7773,.T.);
#8406 = ORIENTED_EDGE('',*,*,#7799,.T.);
#8407 = ORIENTED_EDGE('',*,*,#7724,.F.);
#8408 = PLANE('',#8409);
#8409 = AXIS2_PLACEMENT_3D('',#8410,#8411,#8412);
#8410 = CARTESIAN_POINT('',(80.,48.5,55.6));
#8411 = DIRECTION('',(-0.,1.,0.));
#8412 = DIRECTION('',(0.,0.,1.));
#8413 = ADVANCED_FACE('',(#8414),#8439,.T.);
#8414 = FACE_BOUND('',#8415,.T.);
#8415 = EDGE_LOOP('',(#8416,#8417,#8425,#8433));
#8416 = ORIENTED_EDGE('',*,*,#7834,.T.);
#8417 = ORIENTED_EDGE('',*,*,#8418,.T.);
#8418 = EDGE_CURVE('',#7835,#8419,#8421,.T.);
#8419 = VERTEX_POINT('',#8420);
#8420 = CARTESIAN_POINT('',(2.4,55.,109.));
#8421 = LINE('',#8422,#8423);
#8422 = CARTESIAN_POINT('',(3.6,53.5,109.));
#8423 = VECTOR('',#8424,1.);
#8424 = DIRECTION('',(-0.624695047554,0.780868809443,0.));
#8425 = ORIENTED_EDGE('',*,*,#8426,.F.);
#8426 = EDGE_CURVE('',#8427,#8419,#8429,.T.);
#8427 = VERTEX_POINT('',#8428);
#8428 = CARTESIAN_POINT('',(2.4,55.,101.));
#8429 = LINE('',#8430,#8431);
#8430 = CARTESIAN_POINT('',(2.4,55.,101.));
#8431 = VECTOR('',#8432,1.);
#8432 = DIRECTION('',(0.,0.,1.));
#8433 = ORIENTED_EDGE('',*,*,#8434,.F.);
#8434 = EDGE_CURVE('',#7827,#8427,#8435,.T.);
#8435 = LINE('',#8436,#8437);
#8436 = CARTESIAN_POINT('',(3.6,53.5,101.));
#8437 = VECTOR('',#8438,1.);
#8438 = DIRECTION('',(-0.624695047554,0.780868809443,0.));
#8439 = PLANE('',#8440);
#8440 = AXIS2_PLACEMENT_3D('',#8441,#8442,#8443);
#8441 = CARTESIAN_POINT('',(3.6,53.5,101.));
#8442 = DIRECTION('',(-0.780868809443,-0.624695047554,0.));
#8443 = DIRECTION('',(-0.624695047554,0.780868809443,0.));
#8444 = ADVANCED_FACE('',(#8445),#8470,.T.);
#8445 = FACE_BOUND('',#8446,.T.);
#8446 = EDGE_LOOP('',(#8447,#8448,#8456,#8464));
#8447 = ORIENTED_EDGE('',*,*,#7865,.T.);
#8448 = ORIENTED_EDGE('',*,*,#8449,.T.);
#8449 = EDGE_CURVE('',#7866,#8450,#8452,.T.);
#8450 = VERTEX_POINT('',#8451);
#8451 = CARTESIAN_POINT('',(2.4,55.,24.));
#8452 = LINE('',#8453,#8454);
#8453 = CARTESIAN_POINT('',(3.6,53.5,24.));
#8454 = VECTOR('',#8455,1.);
#8455 = DIRECTION('',(-0.624695047554,0.780868809443,0.));
#8456 = ORIENTED_EDGE('',*,*,#8457,.F.);
#8457 = EDGE_CURVE('',#8458,#8450,#8460,.T.);
#8458 = VERTEX_POINT('',#8459);
#8459 = CARTESIAN_POINT('',(2.4,55.,16.));
#8460 = LINE('',#8461,#8462);
#8461 = CARTESIAN_POINT('',(2.4,55.,16.));
#8462 = VECTOR('',#8463,1.);
#8463 = DIRECTION('',(0.,0.,1.));
#8464 = ORIENTED_EDGE('',*,*,#8465,.F.);
#8465 = EDGE_CURVE('',#7858,#8458,#8466,.T.);
#8466 = LINE('',#8467,#8468);
#8467 = CARTESIAN_POINT('',(3.6,53.5,16.));
#8468 = VECTOR('',#8469,1.);
#8469 = DIRECTION('',(-0.624695047554,0.780868809443,0.));
#8470 = PLANE('',#8471);
#8471 = AXIS2_PLACEMENT_3D('',#8472,#8473,#8474);
#8472 = CARTESIAN_POINT('',(3.6,53.5,16.));
#8473 = DIRECTION('',(-0.780868809443,-0.624695047554,0.));
#8474 = DIRECTION('',(-0.624695047554,0.780868809443,0.));
#8475 = ADVANCED_FACE('',(#8476),#8501,.F.);
#8476 = FACE_BOUND('',#8477,.F.);
#8477 = EDGE_LOOP('',(#8478,#8479,#8487,#8495));
#8478 = ORIENTED_EDGE('',*,*,#7896,.T.);
#8479 = ORIENTED_EDGE('',*,*,#8480,.T.);
#8480 = EDGE_CURVE('',#7897,#8481,#8483,.T.);
#8481 = VERTEX_POINT('',#8482);
#8482 = CARTESIAN_POINT('',(183.6,55.,109.));
#8483 = LINE('',#8484,#8485);
#8484 = CARTESIAN_POINT('',(182.4,53.5,109.));
#8485 = VECTOR('',#8486,1.);
#8486 = DIRECTION('',(0.624695047554,0.780868809443,0.));
#8487 = ORIENTED_EDGE('',*,*,#8488,.F.);
#8488 = EDGE_CURVE('',#8489,#8481,#8491,.T.);
#8489 = VERTEX_POINT('',#8490);
#8490 = CARTESIAN_POINT('',(183.6,55.,101.));
#8491 = LINE('',#8492,#8493);
#8492 = CARTESIAN_POINT('',(183.6,55.,101.));
#8493 = VECTOR('',#8494,1.);
#8494 = DIRECTION('',(0.,0.,1.));
#8495 = ORIENTED_EDGE('',*,*,#8496,.F.);
#8496 = EDGE_CURVE('',#7889,#8489,#8497,.T.);
#8497 = LINE('',#8498,#8499);
#8498 = CARTESIAN_POINT('',(182.4,53.5,101.));
#8499 = VECTOR('',#8500,1.);
#8500 = DIRECTION('',(0.624695047554,0.780868809443,0.));
#8501 = PLANE('',#8502);
#8502 = AXIS2_PLACEMENT_3D('',#8503,#8504,#8505);
#8503 = CARTESIAN_POINT('',(182.4,53.5,101.));
#8504 = DIRECTION('',(-0.780868809443,0.624695047554,0.));
#8505 = DIRECTION('',(0.624695047554,0.780868809443,0.));
#8506 = ADVANCED_FACE('',(#8507),#8532,.F.);
#8507 = FACE_BOUND('',#8508,.F.);
#8508 = EDGE_LOOP('',(#8509,#8510,#8518,#8526));
#8509 = ORIENTED_EDGE('',*,*,#7927,.T.);
#8510 = ORIENTED_EDGE('',*,*,#8511,.T.);
#8511 = EDGE_CURVE('',#7928,#8512,#8514,.T.);
#8512 = VERTEX_POINT('',#8513);
#8513 = CARTESIAN_POINT('',(183.6,55.,24.));
#8514 = LINE('',#8515,#8516);
#8515 = CARTESIAN_POINT('',(182.4,53.5,24.));
#8516 = VECTOR('',#8517,1.);
#8517 = DIRECTION('',(0.624695047554,0.780868809443,0.));
#8518 = ORIENTED_EDGE('',*,*,#8519,.F.);
#8519 = EDGE_CURVE('',#8520,#8512,#8522,.T.);
#8520 = VERTEX_POINT('',#8521);
#8521 = CARTESIAN_POINT('',(183.6,55.,16.));
#8522 = LINE('',#8523,#8524);
#8523 = CARTESIAN_POINT('',(183.6,55.,16.));
#8524 = VECTOR('',#8525,1.);
#8525 = DIRECTION('',(0.,0.,1.));
#8526 = ORIENTED_EDGE('',*,*,#8527,.F.);
#8527 = EDGE_CURVE('',#7920,#8520,#8528,.T.);
#8528 = LINE('',#8529,#8530);
#8529 = CARTESIAN_POINT('',(182.4,53.5,16.));
#8530 = VECTOR('',#8531,1.);
#8531 = DIRECTION('',(0.624695047554,0.780868809443,0.));
#8532 = PLANE('',#8533);
#8533 = AXIS2_PLACEMENT_3D('',#8534,#8535,#8536);
#8534 = CARTESIAN_POINT('',(182.4,53.5,16.));
#8535 = DIRECTION('',(-0.780868809443,0.624695047554,0.));
#8536 = DIRECTION('',(0.624695047554,0.780868809443,0.));
#8537 = ADVANCED_FACE('',(#8538),#8556,.F.);
#8538 = FACE_BOUND('',#8539,.F.);
#8539 = EDGE_LOOP('',(#8540,#8541,#8549,#8555));
#8540 = ORIENTED_EDGE('',*,*,#8418,.T.);
#8541 = ORIENTED_EDGE('',*,*,#8542,.T.);
#8542 = EDGE_CURVE('',#8419,#8543,#8545,.T.);
#8543 = VERTEX_POINT('',#8544);
#8544 = CARTESIAN_POINT('',(2.4,57.5,109.));
#8545 = LINE('',#8546,#8547);
#8546 = CARTESIAN_POINT('',(2.4,55.,109.));
#8547 = VECTOR('',#8548,1.);
#8548 = DIRECTION('',(0.,1.,0.));
#8549 = ORIENTED_EDGE('',*,*,#8550,.T.);
#8550 = EDGE_CURVE('',#8543,#7968,#8551,.T.);
#8551 = LINE('',#8552,#8553);
#8552 = CARTESIAN_POINT('',(2.4,57.5,109.));
#8553 = VECTOR('',#8554,1.);
#8554 = DIRECTION('',(0.514495755428,0.857492925713,0.));
#8555 = ORIENTED_EDGE('',*,*,#7975,.F.);
#8556 = PLANE('',#8557);
#8557 = AXIS2_PLACEMENT_3D('',#8558,#8559,#8560);
#8558 = CARTESIAN_POINT('',(3.164663030844,56.477860871677,109.));
#8559 = DIRECTION('',(-0.,-0.,-1.));
#8560 = DIRECTION('',(-1.,0.,0.));
#8561 = ADVANCED_FACE('',(#8562),#8578,.F.);
#8562 = FACE_BOUND('',#8563,.F.);
#8563 = EDGE_LOOP('',(#8564,#8570,#8571,#8577));
#8564 = ORIENTED_EDGE('',*,*,#8565,.F.);
#8565 = EDGE_CURVE('',#8247,#7968,#8566,.T.);
#8566 = LINE('',#8567,#8568);
#8567 = CARTESIAN_POINT('',(3.6,59.5,101.));
#8568 = VECTOR('',#8569,1.);
#8569 = DIRECTION('',(0.,0.,1.));
#8570 = ORIENTED_EDGE('',*,*,#8246,.T.);
#8571 = ORIENTED_EDGE('',*,*,#8572,.T.);
#8572 = EDGE_CURVE('',#8239,#7960,#8573,.T.);
#8573 = LINE('',#8574,#8575);
#8574 = CARTESIAN_POINT('',(3.6,60.5,101.));
#8575 = VECTOR('',#8576,1.);
#8576 = DIRECTION('',(0.,0.,1.));
#8577 = ORIENTED_EDGE('',*,*,#7967,.F.);
#8578 = PLANE('',#8579);
#8579 = AXIS2_PLACEMENT_3D('',#8580,#8581,#8582);
#8580 = CARTESIAN_POINT('',(3.6,48.5,101.));
#8581 = DIRECTION('',(1.,0.,-0.));
#8582 = DIRECTION('',(0.,0.,1.));
#8583 = ADVANCED_FACE('',(#8584),#8590,.T.);
#8584 = FACE_BOUND('',#8585,.T.);
#8585 = EDGE_LOOP('',(#8586,#8587,#8588,#8589));
#8586 = ORIENTED_EDGE('',*,*,#8238,.F.);
#8587 = ORIENTED_EDGE('',*,*,#8572,.T.);
#8588 = ORIENTED_EDGE('',*,*,#7959,.T.);
#8589 = ORIENTED_EDGE('',*,*,#8220,.F.);
#8590 = PLANE('',#8591);
#8591 = AXIS2_PLACEMENT_3D('',#8592,#8593,#8594);
#8592 = CARTESIAN_POINT('',(3.6,60.5,101.));
#8593 = DIRECTION('',(-0.,1.,0.));
#8594 = DIRECTION('',(0.,0.,1.));
#8595 = ADVANCED_FACE('',(#8596),#8607,.T.);
#8596 = FACE_BOUND('',#8597,.T.);
#8597 = EDGE_LOOP('',(#8598,#8599,#8600,#8601));
#8598 = ORIENTED_EDGE('',*,*,#8015,.F.);
#8599 = ORIENTED_EDGE('',*,*,#8031,.T.);
#8600 = ORIENTED_EDGE('',*,*,#8072,.T.);
#8601 = ORIENTED_EDGE('',*,*,#8602,.F.);
#8602 = EDGE_CURVE('',#8008,#8065,#8603,.T.);
#8603 = LINE('',#8604,#8605);
#8604 = CARTESIAN_POINT('',(182.4,60.5,16.));
#8605 = VECTOR('',#8606,1.);
#8606 = DIRECTION('',(0.,0.,1.));
#8607 = PLANE('',#8608);
#8608 = AXIS2_PLACEMENT_3D('',#8609,#8610,#8611);
#8609 = CARTESIAN_POINT('',(180.6,60.5,16.));
#8610 = DIRECTION('',(-0.,1.,0.));
#8611 = DIRECTION('',(0.,0.,1.));
#8612 = ADVANCED_FACE('',(#8613),#8631,.F.);
#8613 = FACE_BOUND('',#8614,.F.);
#8614 = EDGE_LOOP('',(#8615,#8616,#8624,#8630));
#8615 = ORIENTED_EDGE('',*,*,#8527,.T.);
#8616 = ORIENTED_EDGE('',*,*,#8617,.T.);
#8617 = EDGE_CURVE('',#8520,#8618,#8620,.T.);
#8618 = VERTEX_POINT('',#8619);
#8619 = CARTESIAN_POINT('',(183.6,57.5,16.));
#8620 = LINE('',#8621,#8622);
#8621 = CARTESIAN_POINT('',(183.6,55.,16.));
#8622 = VECTOR('',#8623,1.);
#8623 = DIRECTION('',(0.,1.,0.));
#8624 = ORIENTED_EDGE('',*,*,#8625,.T.);
#8625 = EDGE_CURVE('',#8618,#8000,#8626,.T.);
#8626 = LINE('',#8627,#8628);
#8627 = CARTESIAN_POINT('',(183.6,57.5,16.));
#8628 = VECTOR('',#8629,1.);
#8629 = DIRECTION('',(-0.514495755428,0.857492925713,0.));
#8630 = ORIENTED_EDGE('',*,*,#7999,.F.);
#8631 = PLANE('',#8632);
#8632 = AXIS2_PLACEMENT_3D('',#8633,#8634,#8635);
#8633 = CARTESIAN_POINT('',(182.83533696915,56.477860871677,16.));
#8634 = DIRECTION('',(0.,0.,1.));
#8635 = DIRECTION('',(1.,0.,-0.));
#8636 = ADVANCED_FACE('',(#8637),#8648,.T.);
#8637 = FACE_BOUND('',#8638,.T.);
#8638 = EDGE_LOOP('',(#8639,#8645,#8646,#8647));
#8639 = ORIENTED_EDGE('',*,*,#8640,.F.);
#8640 = EDGE_CURVE('',#8000,#8057,#8641,.T.);
#8641 = LINE('',#8642,#8643);
#8642 = CARTESIAN_POINT('',(182.4,59.5,16.));
#8643 = VECTOR('',#8644,1.);
#8644 = DIRECTION('',(0.,0.,1.));
#8645 = ORIENTED_EDGE('',*,*,#8007,.T.);
#8646 = ORIENTED_EDGE('',*,*,#8602,.T.);
#8647 = ORIENTED_EDGE('',*,*,#8064,.F.);
#8648 = PLANE('',#8649);
#8649 = AXIS2_PLACEMENT_3D('',#8650,#8651,#8652);
#8650 = CARTESIAN_POINT('',(182.4,48.5,16.));
#8651 = DIRECTION('',(1.,0.,-0.));
#8652 = DIRECTION('',(0.,0.,1.));
#8653 = ADVANCED_FACE('',(#8654),#8672,.T.);
#8654 = FACE_BOUND('',#8655,.T.);
#8655 = EDGE_LOOP('',(#8656,#8657,#8665,#8671));
#8656 = ORIENTED_EDGE('',*,*,#8511,.T.);
#8657 = ORIENTED_EDGE('',*,*,#8658,.T.);
#8658 = EDGE_CURVE('',#8512,#8659,#8661,.T.);
#8659 = VERTEX_POINT('',#8660);
#8660 = CARTESIAN_POINT('',(183.6,57.5,24.));
#8661 = LINE('',#8662,#8663);
#8662 = CARTESIAN_POINT('',(183.6,55.,24.));
#8663 = VECTOR('',#8664,1.);
#8664 = DIRECTION('',(0.,1.,0.));
#8665 = ORIENTED_EDGE('',*,*,#8666,.T.);
#8666 = EDGE_CURVE('',#8659,#8057,#8667,.T.);
#8667 = LINE('',#8668,#8669);
#8668 = CARTESIAN_POINT('',(183.6,57.5,24.));
#8669 = VECTOR('',#8670,1.);
#8670 = DIRECTION('',(-0.514495755428,0.857492925713,0.));
#8671 = ORIENTED_EDGE('',*,*,#8056,.F.);
#8672 = PLANE('',#8673);
#8673 = AXIS2_PLACEMENT_3D('',#8674,#8675,#8676);
#8674 = CARTESIAN_POINT('',(182.83533696915,56.477860871677,24.));
#8675 = DIRECTION('',(0.,0.,1.));
#8676 = DIRECTION('',(1.,0.,-0.));
#8677 = ADVANCED_FACE('',(#8678),#8689,.T.);
#8678 = FACE_BOUND('',#8679,.T.);
#8679 = EDGE_LOOP('',(#8680,#8681,#8682,#8683));
#8680 = ORIENTED_EDGE('',*,*,#8112,.F.);
#8681 = ORIENTED_EDGE('',*,*,#8128,.T.);
#8682 = ORIENTED_EDGE('',*,*,#8169,.T.);
#8683 = ORIENTED_EDGE('',*,*,#8684,.F.);
#8684 = EDGE_CURVE('',#8105,#8162,#8685,.T.);
#8685 = LINE('',#8686,#8687);
#8686 = CARTESIAN_POINT('',(182.4,60.5,101.));
#8687 = VECTOR('',#8688,1.);
#8688 = DIRECTION('',(0.,0.,1.));
#8689 = PLANE('',#8690);
#8690 = AXIS2_PLACEMENT_3D('',#8691,#8692,#8693);
#8691 = CARTESIAN_POINT('',(180.6,60.5,101.));
#8692 = DIRECTION('',(-0.,1.,0.));
#8693 = DIRECTION('',(0.,0.,1.));
#8694 = ADVANCED_FACE('',(#8695),#8713,.F.);
#8695 = FACE_BOUND('',#8696,.F.);
#8696 = EDGE_LOOP('',(#8697,#8698,#8706,#8712));
#8697 = ORIENTED_EDGE('',*,*,#8496,.T.);
#8698 = ORIENTED_EDGE('',*,*,#8699,.T.);
#8699 = EDGE_CURVE('',#8489,#8700,#8702,.T.);
#8700 = VERTEX_POINT('',#8701);
#8701 = CARTESIAN_POINT('',(183.6,57.5,101.));
#8702 = LINE('',#8703,#8704);
#8703 = CARTESIAN_POINT('',(183.6,55.,101.));
#8704 = VECTOR('',#8705,1.);
#8705 = DIRECTION('',(0.,1.,0.));
#8706 = ORIENTED_EDGE('',*,*,#8707,.T.);
#8707 = EDGE_CURVE('',#8700,#8097,#8708,.T.);
#8708 = LINE('',#8709,#8710);
#8709 = CARTESIAN_POINT('',(183.6,57.5,101.));
#8710 = VECTOR('',#8711,1.);
#8711 = DIRECTION('',(-0.514495755428,0.857492925713,0.));
#8712 = ORIENTED_EDGE('',*,*,#8096,.F.);
#8713 = PLANE('',#8714);
#8714 = AXIS2_PLACEMENT_3D('',#8715,#8716,#8717);
#8715 = CARTESIAN_POINT('',(182.83533696915,56.477860871677,101.));
#8716 = DIRECTION('',(0.,0.,1.));
#8717 = DIRECTION('',(1.,0.,-0.));
#8718 = ADVANCED_FACE('',(#8719),#8730,.T.);
#8719 = FACE_BOUND('',#8720,.T.);
#8720 = EDGE_LOOP('',(#8721,#8727,#8728,#8729));
#8721 = ORIENTED_EDGE('',*,*,#8722,.F.);
#8722 = EDGE_CURVE('',#8097,#8154,#8723,.T.);
#8723 = LINE('',#8724,#8725);
#8724 = CARTESIAN_POINT('',(182.4,59.5,101.));
#8725 = VECTOR('',#8726,1.);
#8726 = DIRECTION('',(0.,0.,1.));
#8727 = ORIENTED_EDGE('',*,*,#8104,.T.);
#8728 = ORIENTED_EDGE('',*,*,#8684,.T.);
#8729 = ORIENTED_EDGE('',*,*,#8161,.F.);
#8730 = PLANE('',#8731);
#8731 = AXIS2_PLACEMENT_3D('',#8732,#8733,#8734);
#8732 = CARTESIAN_POINT('',(182.4,48.5,101.));
#8733 = DIRECTION('',(1.,0.,-0.));
#8734 = DIRECTION('',(0.,0.,1.));
#8735 = ADVANCED_FACE('',(#8736),#8754,.T.);
#8736 = FACE_BOUND('',#8737,.T.);
#8737 = EDGE_LOOP('',(#8738,#8739,#8747,#8753));
#8738 = ORIENTED_EDGE('',*,*,#8480,.T.);
#8739 = ORIENTED_EDGE('',*,*,#8740,.T.);
#8740 = EDGE_CURVE('',#8481,#8741,#8743,.T.);
#8741 = VERTEX_POINT('',#8742);
#8742 = CARTESIAN_POINT('',(183.6,57.5,109.));
#8743 = LINE('',#8744,#8745);
#8744 = CARTESIAN_POINT('',(183.6,55.,109.));
#8745 = VECTOR('',#8746,1.);
#8746 = DIRECTION('',(0.,1.,0.));
#8747 = ORIENTED_EDGE('',*,*,#8748,.T.);
#8748 = EDGE_CURVE('',#8741,#8154,#8749,.T.);
#8749 = LINE('',#8750,#8751);
#8750 = CARTESIAN_POINT('',(183.6,57.5,109.));
#8751 = VECTOR('',#8752,1.);
#8752 = DIRECTION('',(-0.514495755428,0.857492925713,0.));
#8753 = ORIENTED_EDGE('',*,*,#8153,.F.);
#8754 = PLANE('',#8755);
#8755 = AXIS2_PLACEMENT_3D('',#8756,#8757,#8758);
#8756 = CARTESIAN_POINT('',(182.83533696915,56.477860871677,109.));
#8757 = DIRECTION('',(0.,0.,1.));
#8758 = DIRECTION('',(1.,0.,-0.));
#8759 = ADVANCED_FACE('',(#8760),#8778,.T.);
#8760 = FACE_BOUND('',#8761,.T.);
#8761 = EDGE_LOOP('',(#8762,#8763,#8771,#8777));
#8762 = ORIENTED_EDGE('',*,*,#8434,.T.);
#8763 = ORIENTED_EDGE('',*,*,#8764,.T.);
#8764 = EDGE_CURVE('',#8427,#8765,#8767,.T.);
#8765 = VERTEX_POINT('',#8766);
#8766 = CARTESIAN_POINT('',(2.4,57.5,101.));
#8767 = LINE('',#8768,#8769);
#8768 = CARTESIAN_POINT('',(2.4,55.,101.));
#8769 = VECTOR('',#8770,1.);
#8770 = DIRECTION('',(0.,1.,0.));
#8771 = ORIENTED_EDGE('',*,*,#8772,.T.);
#8772 = EDGE_CURVE('',#8765,#8247,#8773,.T.);
#8773 = LINE('',#8774,#8775);
#8774 = CARTESIAN_POINT('',(2.4,57.5,101.));
#8775 = VECTOR('',#8776,1.);
#8776 = DIRECTION('',(0.514495755428,0.857492925713,0.));
#8777 = ORIENTED_EDGE('',*,*,#8254,.F.);
#8778 = PLANE('',#8779);
#8779 = AXIS2_PLACEMENT_3D('',#8780,#8781,#8782);
#8780 = CARTESIAN_POINT('',(3.164663030844,56.477860871677,101.));
#8781 = DIRECTION('',(-0.,-0.,-1.));
#8782 = DIRECTION('',(-1.,0.,0.));
#8783 = ADVANCED_FACE('',(#8784),#8802,.F.);
#8784 = FACE_BOUND('',#8785,.F.);
#8785 = EDGE_LOOP('',(#8786,#8787,#8795,#8801));
#8786 = ORIENTED_EDGE('',*,*,#8449,.T.);
#8787 = ORIENTED_EDGE('',*,*,#8788,.T.);
#8788 = EDGE_CURVE('',#8450,#8789,#8791,.T.);
#8789 = VERTEX_POINT('',#8790);
#8790 = CARTESIAN_POINT('',(2.4,57.5,24.));
#8791 = LINE('',#8792,#8793);
#8792 = CARTESIAN_POINT('',(2.4,55.,24.));
#8793 = VECTOR('',#8794,1.);
#8794 = DIRECTION('',(0.,1.,0.));
#8795 = ORIENTED_EDGE('',*,*,#8796,.T.);
#8796 = EDGE_CURVE('',#8789,#8287,#8797,.T.);
#8797 = LINE('',#8798,#8799);
#8798 = CARTESIAN_POINT('',(2.4,57.5,24.));
#8799 = VECTOR('',#8800,1.);
#8800 = DIRECTION('',(0.514495755428,0.857492925713,0.));
#8801 = ORIENTED_EDGE('',*,*,#8294,.F.);
#8802 = PLANE('',#8803);
#8803 = AXIS2_PLACEMENT_3D('',#8804,#8805,#8806);
#8804 = CARTESIAN_POINT('',(3.164663030844,56.477860871677,24.));
#8805 = DIRECTION('',(-0.,-0.,-1.));
#8806 = DIRECTION('',(-1.,0.,0.));
#8807 = ADVANCED_FACE('',(#8808),#8824,.F.);
#8808 = FACE_BOUND('',#8809,.F.);
#8809 = EDGE_LOOP('',(#8810,#8816,#8817,#8823));
#8810 = ORIENTED_EDGE('',*,*,#8811,.F.);
#8811 = EDGE_CURVE('',#8344,#8287,#8812,.T.);
#8812 = LINE('',#8813,#8814);
#8813 = CARTESIAN_POINT('',(3.6,59.5,16.));
#8814 = VECTOR('',#8815,1.);
#8815 = DIRECTION('',(0.,0.,1.));
#8816 = ORIENTED_EDGE('',*,*,#8343,.T.);
#8817 = ORIENTED_EDGE('',*,*,#8818,.T.);
#8818 = EDGE_CURVE('',#8336,#8279,#8819,.T.);
#8819 = LINE('',#8820,#8821);
#8820 = CARTESIAN_POINT('',(3.6,60.5,16.));
#8821 = VECTOR('',#8822,1.);
#8822 = DIRECTION('',(0.,0.,1.));
#8823 = ORIENTED_EDGE('',*,*,#8286,.F.);
#8824 = PLANE('',#8825);
#8825 = AXIS2_PLACEMENT_3D('',#8826,#8827,#8828);
#8826 = CARTESIAN_POINT('',(3.6,48.5,16.));
#8827 = DIRECTION('',(1.,0.,-0.));
#8828 = DIRECTION('',(0.,0.,1.));
#8829 = ADVANCED_FACE('',(#8830),#8836,.T.);
#8830 = FACE_BOUND('',#8831,.T.);
#8831 = EDGE_LOOP('',(#8832,#8833,#8834,#8835));
#8832 = ORIENTED_EDGE('',*,*,#8335,.F.);
#8833 = ORIENTED_EDGE('',*,*,#8818,.T.);
#8834 = ORIENTED_EDGE('',*,*,#8278,.T.);
#8835 = ORIENTED_EDGE('',*,*,#8317,.F.);
#8836 = PLANE('',#8837);
#8837 = AXIS2_PLACEMENT_3D('',#8838,#8839,#8840);
#8838 = CARTESIAN_POINT('',(3.6,60.5,16.));
#8839 = DIRECTION('',(-0.,1.,0.));
#8840 = DIRECTION('',(0.,0.,1.));
#8841 = ADVANCED_FACE('',(#8842),#8860,.T.);
#8842 = FACE_BOUND('',#8843,.T.);
#8843 = EDGE_LOOP('',(#8844,#8845,#8853,#8859));
#8844 = ORIENTED_EDGE('',*,*,#8465,.T.);
#8845 = ORIENTED_EDGE('',*,*,#8846,.T.);
#8846 = EDGE_CURVE('',#8458,#8847,#8849,.T.);
#8847 = VERTEX_POINT('',#8848);
#8848 = CARTESIAN_POINT('',(2.4,57.5,16.));
#8849 = LINE('',#8850,#8851);
#8850 = CARTESIAN_POINT('',(2.4,55.,16.));
#8851 = VECTOR('',#8852,1.);
#8852 = DIRECTION('',(0.,1.,0.));
#8853 = ORIENTED_EDGE('',*,*,#8854,.T.);
#8854 = EDGE_CURVE('',#8847,#8344,#8855,.T.);
#8855 = LINE('',#8856,#8857);
#8856 = CARTESIAN_POINT('',(2.4,57.5,16.));
#8857 = VECTOR('',#8858,1.);
#8858 = DIRECTION('',(0.514495755428,0.857492925713,0.));
#8859 = ORIENTED_EDGE('',*,*,#8351,.F.);
#8860 = PLANE('',#8861);
#8861 = AXIS2_PLACEMENT_3D('',#8862,#8863,#8864);
#8862 = CARTESIAN_POINT('',(3.164663030844,56.477860871677,16.));
#8863 = DIRECTION('',(-0.,-0.,-1.));
#8864 = DIRECTION('',(-1.,0.,0.));
#8865 = ADVANCED_FACE('',(#8866),#8877,.T.);
#8866 = FACE_BOUND('',#8867,.T.);
#8867 = EDGE_LOOP('',(#8868,#8869,#8870,#8876));
#8868 = ORIENTED_EDGE('',*,*,#8426,.T.);
#8869 = ORIENTED_EDGE('',*,*,#8542,.T.);
#8870 = ORIENTED_EDGE('',*,*,#8871,.F.);
#8871 = EDGE_CURVE('',#8765,#8543,#8872,.T.);
#8872 = LINE('',#8873,#8874);
#8873 = CARTESIAN_POINT('',(2.4,57.5,101.));
#8874 = VECTOR('',#8875,1.);
#8875 = DIRECTION('',(0.,0.,1.));
#8876 = ORIENTED_EDGE('',*,*,#8764,.F.);
#8877 = PLANE('',#8878);
#8878 = AXIS2_PLACEMENT_3D('',#8879,#8880,#8881);
#8879 = CARTESIAN_POINT('',(2.4,55.,101.));
#8880 = DIRECTION('',(-1.,0.,0.));
#8881 = DIRECTION('',(0.,1.,0.));
#8882 = ADVANCED_FACE('',(#8883),#8894,.T.);
#8883 = FACE_BOUND('',#8884,.T.);
#8884 = EDGE_LOOP('',(#8885,#8886,#8887,#8893));
#8885 = ORIENTED_EDGE('',*,*,#8457,.T.);
#8886 = ORIENTED_EDGE('',*,*,#8788,.T.);
#8887 = ORIENTED_EDGE('',*,*,#8888,.F.);
#8888 = EDGE_CURVE('',#8847,#8789,#8889,.T.);
#8889 = LINE('',#8890,#8891);
#8890 = CARTESIAN_POINT('',(2.4,57.5,16.));
#8891 = VECTOR('',#8892,1.);
#8892 = DIRECTION('',(0.,0.,1.));
#8893 = ORIENTED_EDGE('',*,*,#8846,.F.);
#8894 = PLANE('',#8895);
#8895 = AXIS2_PLACEMENT_3D('',#8896,#8897,#8898);
#8896 = CARTESIAN_POINT('',(2.4,55.,16.));
#8897 = DIRECTION('',(-1.,0.,0.));
#8898 = DIRECTION('',(0.,1.,0.));
#8899 = ADVANCED_FACE('',(#8900),#8911,.F.);
#8900 = FACE_BOUND('',#8901,.F.);
#8901 = EDGE_LOOP('',(#8902,#8903,#8904,#8910));
#8902 = ORIENTED_EDGE('',*,*,#8488,.T.);
#8903 = ORIENTED_EDGE('',*,*,#8740,.T.);
#8904 = ORIENTED_EDGE('',*,*,#8905,.F.);
#8905 = EDGE_CURVE('',#8700,#8741,#8906,.T.);
#8906 = LINE('',#8907,#8908);
#8907 = CARTESIAN_POINT('',(183.6,57.5,101.));
#8908 = VECTOR('',#8909,1.);
#8909 = DIRECTION('',(0.,0.,1.));
#8910 = ORIENTED_EDGE('',*,*,#8699,.F.);
#8911 = PLANE('',#8912);
#8912 = AXIS2_PLACEMENT_3D('',#8913,#8914,#8915);
#8913 = CARTESIAN_POINT('',(183.6,55.,101.));
#8914 = DIRECTION('',(-1.,0.,0.));
#8915 = DIRECTION('',(0.,1.,0.));
#8916 = ADVANCED_FACE('',(#8917),#8928,.F.);
#8917 = FACE_BOUND('',#8918,.F.);
#8918 = EDGE_LOOP('',(#8919,#8920,#8921,#8927));
#8919 = ORIENTED_EDGE('',*,*,#8519,.T.);
#8920 = ORIENTED_EDGE('',*,*,#8658,.T.);
#8921 = ORIENTED_EDGE('',*,*,#8922,.F.);
#8922 = EDGE_CURVE('',#8618,#8659,#8923,.T.);
#8923 = LINE('',#8924,#8925);
#8924 = CARTESIAN_POINT('',(183.6,57.5,16.));
#8925 = VECTOR('',#8926,1.);
#8926 = DIRECTION('',(0.,0.,1.));
#8927 = ORIENTED_EDGE('',*,*,#8617,.F.);
#8928 = PLANE('',#8929);
#8929 = AXIS2_PLACEMENT_3D('',#8930,#8931,#8932);
#8930 = CARTESIAN_POINT('',(183.6,55.,16.));
#8931 = DIRECTION('',(-1.,0.,0.));
#8932 = DIRECTION('',(0.,1.,0.));
#8933 = ADVANCED_FACE('',(#8934),#8940,.T.);
#8934 = FACE_BOUND('',#8935,.T.);
#8935 = EDGE_LOOP('',(#8936,#8937,#8938,#8939));
#8936 = ORIENTED_EDGE('',*,*,#8871,.T.);
#8937 = ORIENTED_EDGE('',*,*,#8550,.T.);
#8938 = ORIENTED_EDGE('',*,*,#8565,.F.);
#8939 = ORIENTED_EDGE('',*,*,#8772,.F.);
#8940 = PLANE('',#8941);
#8941 = AXIS2_PLACEMENT_3D('',#8942,#8943,#8944);
#8942 = CARTESIAN_POINT('',(2.4,57.5,101.));
#8943 = DIRECTION('',(-0.857492925713,0.514495755428,0.));
#8944 = DIRECTION('',(0.514495755428,0.857492925713,0.));
#8945 = ADVANCED_FACE('',(#8946),#8952,.F.);
#8946 = FACE_BOUND('',#8947,.F.);
#8947 = EDGE_LOOP('',(#8948,#8949,#8950,#8951));
#8948 = ORIENTED_EDGE('',*,*,#8922,.T.);
#8949 = ORIENTED_EDGE('',*,*,#8666,.T.);
#8950 = ORIENTED_EDGE('',*,*,#8640,.F.);
#8951 = ORIENTED_EDGE('',*,*,#8625,.F.);
#8952 = PLANE('',#8953);
#8953 = AXIS2_PLACEMENT_3D('',#8954,#8955,#8956);
#8954 = CARTESIAN_POINT('',(183.6,57.5,16.));
#8955 = DIRECTION('',(-0.857492925713,-0.514495755428,0.));
#8956 = DIRECTION('',(-0.514495755428,0.857492925713,0.));
#8957 = ADVANCED_FACE('',(#8958),#8964,.F.);
#8958 = FACE_BOUND('',#8959,.F.);
#8959 = EDGE_LOOP('',(#8960,#8961,#8962,#8963));
#8960 = ORIENTED_EDGE('',*,*,#8905,.T.);
#8961 = ORIENTED_EDGE('',*,*,#8748,.T.);
#8962 = ORIENTED_EDGE('',*,*,#8722,.F.);
#8963 = ORIENTED_EDGE('',*,*,#8707,.F.);
#8964 = PLANE('',#8965);
#8965 = AXIS2_PLACEMENT_3D('',#8966,#8967,#8968);
#8966 = CARTESIAN_POINT('',(183.6,57.5,101.));
#8967 = DIRECTION('',(-0.857492925713,-0.514495755428,0.));
#8968 = DIRECTION('',(-0.514495755428,0.857492925713,0.));
#8969 = ADVANCED_FACE('',(#8970),#8976,.T.);
#8970 = FACE_BOUND('',#8971,.T.);
#8971 = EDGE_LOOP('',(#8972,#8973,#8974,#8975));
#8972 = ORIENTED_EDGE('',*,*,#8888,.T.);
#8973 = ORIENTED_EDGE('',*,*,#8796,.T.);
#8974 = ORIENTED_EDGE('',*,*,#8811,.F.);
#8975 = ORIENTED_EDGE('',*,*,#8854,.F.);
#8976 = PLANE('',#8977);
#8977 = AXIS2_PLACEMENT_3D('',#8978,#8979,#8980);
#8978 = CARTESIAN_POINT('',(2.4,57.5,16.));
#8979 = DIRECTION('',(-0.857492925713,0.514495755428,0.));
#8980 = DIRECTION('',(0.514495755428,0.857492925713,0.));
#8981 = ( GEOMETRIC_REPRESENTATION_CONTEXT(3) 
GLOBAL_UNCERTAINTY_ASSIGNED_CONTEXT((#8985)) 
GLOBAL_UNIT_ASSIGNED_CONTEXT((#8982,#8983,#8984)) REPRESENTATION_CONTEXT
('Context #1','3D Context with UNIT and UNCERTAINTY') );
#8982 = ( LENGTH_UNIT() NAMED_UNIT(*) SI_UNIT(.MILLI.,.METRE.) );
#8983 = ( NAMED_UNIT(*) PLANE_ANGLE_UNIT() SI_UNIT($,.RADIAN.) );
#8984 = ( NAMED_UNIT(*) SI_UNIT($,.STERADIAN.) SOLID_ANGLE_UNIT() );
#8985 = UNCERTAINTY_MEASURE_WITH_UNIT(LENGTH_MEASURE(1.E-07),#8982,
  'distance_accuracy_value','confusion accuracy');
#8986 = PRODUCT_RELATED_PRODUCT_CATEGORY('part',$,(#7));
ENDSEC;
END-ISO-10303-21;
