ISO-10303-21;
HEADER;
FILE_DESCRIPTION(('FreeCAD Model'),'2;1');
FILE_NAME('Open CASCADE Shape Model','2026-10-03T19:26:32',('FreeCAD'),(
    'FreeCAD'),'Open CASCADE STEP processor 7.9','FreeCAD','Unknown');
FILE_SCHEMA(('AUTOMOTIVE_DESIGN { 1 0 10303 214 1 1 1 1 }'));
ENDSEC;
DATA;
#1 = APPLICATION_PROTOCOL_DEFINITION('international standard',
  'automotive_design',2000,#2);
#2 = APPLICATION_CONTEXT(
  'core data for automotive mechanical design processes');
#3 = SHAPE_DEFINITION_REPRESENTATION(#4,#10);
#4 = PRODUCT_DEFINITION_SHAPE('','',#5);
#5 = PRODUCT_DEFINITION('design','',#6,#9);
#6 = PRODUCT_DEFINITION_FORMATION('','',#7);
#7 = PRODUCT('Open CASCADE STEP translator 7.9 4',
  'Open CASCADE STEP translator 7.9 4','',(#8));
#8 = PRODUCT_CONTEXT('',#2,'mechanical');
#9 = PRODUCT_DEFINITION_CONTEXT('part definition',#2,'design');
#10 = ADVANCED_BREP_SHAPE_REPRESENTATION('',(#11,#15),#9369);
#11 = AXIS2_PLACEMENT_3D('',#12,#13,#14);
#12 = CARTESIAN_POINT('',(0.,0.,0.));
#13 = DIRECTION('',(0.,0.,1.));
#14 = DIRECTION('',(1.,0.,-0.));
#15 = MANIFOLD_SOLID_BREP('',#16);
#16 = CLOSED_SHELL('',(#17,#97,#294,#1620,#1694,#1725,#1756,#1768,#1800,
    #1831,#1855,#1912,#1936,#1975,#2207,#2238,#2262,#2279,#2342,#2366,
    #2390,#2439,#2470,#2510,#2550,#2567,#2630,#2654,#2710,#2727,#2752,
    #2783,#2807,#2831,#2848,#2879,#2903,#2927,#2944,#2975,#2999,#3023,
    #3040,#3071,#3095,#3119,#3136,#3167,#3191,#3215,#3232,#3263,#3287,
    #3311,#3328,#3359,#3383,#3407,#3424,#3455,#3479,#3503,#3520,#3551,
    #3575,#3599,#3616,#3647,#3671,#3695,#3712,#3737,#3768,#3792,#3816,
    #3833,#3864,#3888,#3912,#3929,#3960,#3984,#4008,#4025,#4056,#4080,
    #4104,#4121,#4152,#4176,#4200,#4217,#4248,#4272,#4296,#4313,#4344,
    #4368,#4392,#4409,#4440,#4464,#4488,#4505,#4536,#4560,#4584,#4601,
    #4632,#4656,#4680,#4697,#4728,#4752,#4776,#4793,#4824,#4848,#4872,
    #4889,#4920,#4944,#4968,#4985,#5010,#5041,#5065,#5089,#5106,#5137,
    #5161,#5185,#5202,#5233,#5257,#5281,#5298,#5329,#5353,#5377,#5394,
    #5425,#5449,#5473,#5490,#5521,#5545,#5569,#5586,#5617,#5641,#5665,
    #5682,#5713,#5737,#5761,#5778,#5809,#5833,#5857,#5874,#5905,#5929,
    #5953,#5970,#6001,#6025,#6049,#6066,#6097,#6121,#6145,#6162,#6193,
    #6217,#6241,#6258,#6289,#6313,#6337,#6354,#6379,#6403,#6427,#6451,
    #6482,#6506,#6530,#6547,#6571,#6588,#6618,#6635,#6648,#6672,#6696,
    #6708,#6732,#6754,#6779,#6796,#6851,#6875,#6923,#6947,#7002,#7074,
    #7160,#7191,#7237,#7254,#7309,#7333,#7381,#7394,#7411,#7433,#7445,
    #7476,#7493,#7574,#7586,#7608,#7625,#7637,#7668,#7685,#7936,#7953,
    #7965,#7988,#8005,#8022,#8141,#8158,#8170,#8182,#8194,#8211,#8228,
    #8245,#8262,#8279,#8296,#8308,#8332,#8356,#8373,#8385,#8402,#8419,
    #8538,#8555,#8567,#8591,#8615,#8632,#8644,#8675,#8692,#8709,#8721,
    #8752,#8776,#8800,#8817,#8848,#8872,#8896,#8913,#8944,#8968,#8992,
    #9009,#9040,#9064,#9088,#9105,#9136,#9160,#9184,#9201,#9232,#9256,
    #9280,#9297,#9309,#9321,#9333,#9345,#9357));
#17 = ADVANCED_FACE('',(#18),#92,.F.);
#18 = FACE_BOUND('',#19,.F.);
#19 = EDGE_LOOP('',(#20,#30,#38,#46,#54,#62,#70,#78,#86));
#20 = ORIENTED_EDGE('',*,*,#21,.F.);
#21 = EDGE_CURVE('',#22,#24,#26,.T.);
#22 = VERTEX_POINT('',#23);
#23 = CARTESIAN_POINT('',(0.,48.5,138.));
#24 = VERTEX_POINT('',#25);
#25 = CARTESIAN_POINT('',(0.,48.5,215.));
#26 = LINE('',#27,#28);
#27 = CARTESIAN_POINT('',(0.,48.5,138.));
#28 = VECTOR('',#29,1.);
#29 = DIRECTION('',(0.,0.,1.));
#30 = ORIENTED_EDGE('',*,*,#31,.T.);
#31 = EDGE_CURVE('',#22,#32,#34,.T.);
#32 = VERTEX_POINT('',#33);
#33 = CARTESIAN_POINT('',(0.,94.5,138.));
#34 = LINE('',#35,#36);
#35 = CARTESIAN_POINT('',(0.,48.5,138.));
#36 = VECTOR('',#37,1.);
#37 = DIRECTION('',(-0.,1.,0.));
#38 = ORIENTED_EDGE('',*,*,#39,.T.);
#39 = EDGE_CURVE('',#32,#40,#42,.T.);
#40 = VERTEX_POINT('',#41);
#41 = CARTESIAN_POINT('',(0.,94.5,142.));
#42 = LINE('',#43,#44);
#43 = CARTESIAN_POINT('',(0.,94.5,138.));
#44 = VECTOR('',#45,1.);
#45 = DIRECTION('',(0.,0.,1.));
#46 = ORIENTED_EDGE('',*,*,#47,.T.);
#47 = EDGE_CURVE('',#40,#48,#50,.T.);
#48 = VERTEX_POINT('',#49);
#49 = CARTESIAN_POINT('',(0.,105.5,142.));
#50 = LINE('',#51,#52);
#51 = CARTESIAN_POINT('',(0.,94.5,142.));
#52 = VECTOR('',#53,1.);
#53 = DIRECTION('',(0.,1.,0.));
#54 = ORIENTED_EDGE('',*,*,#55,.F.);
#55 = EDGE_CURVE('',#56,#48,#58,.T.);
#56 = VERTEX_POINT('',#57);
#57 = CARTESIAN_POINT('',(0.,105.5,138.));
#58 = LINE('',#59,#60);
#59 = CARTESIAN_POINT('',(0.,105.5,138.));
#60 = VECTOR('',#61,1.);
#61 = DIRECTION('',(0.,0.,1.));
#62 = ORIENTED_EDGE('',*,*,#63,.T.);
#63 = EDGE_CURVE('',#56,#64,#66,.T.);
#64 = VERTEX_POINT('',#65);
#65 = CARTESIAN_POINT('',(0.,149.4,138.));
#66 = LINE('',#67,#68);
#67 = CARTESIAN_POINT('',(0.,48.5,138.));
#68 = VECTOR('',#69,1.);
#69 = DIRECTION('',(-0.,1.,0.));
#70 = ORIENTED_EDGE('',*,*,#71,.T.);
#71 = EDGE_CURVE('',#64,#72,#74,.T.);
#72 = VERTEX_POINT('',#73);
#73 = CARTESIAN_POINT('',(0.,151.5,138.));
#74 = LINE('',#75,#76);
#75 = CARTESIAN_POINT('',(0.,48.5,138.));
#76 = VECTOR('',#77,1.);
#77 = DIRECTION('',(-0.,1.,0.));
#78 = ORIENTED_EDGE('',*,*,#79,.T.);
#79 = EDGE_CURVE('',#72,#80,#82,.T.);
#80 = VERTEX_POINT('',#81);
#81 = CARTESIAN_POINT('',(0.,151.5,215.));
#82 = LINE('',#83,#84);
#83 = CARTESIAN_POINT('',(0.,151.5,138.));
#84 = VECTOR('',#85,1.);
#85 = DIRECTION('',(0.,0.,1.));
#86 = ORIENTED_EDGE('',*,*,#87,.F.);
#87 = EDGE_CURVE('',#24,#80,#88,.T.);
#88 = LINE('',#89,#90);
#89 = CARTESIAN_POINT('',(0.,48.5,215.));
#90 = VECTOR('',#91,1.);
#91 = DIRECTION('',(-0.,1.,0.));
#92 = PLANE('',#93);
#93 = AXIS2_PLACEMENT_3D('',#94,#95,#96);
#94 = CARTESIAN_POINT('',(0.,48.5,138.));
#95 = DIRECTION('',(1.,0.,-0.));
#96 = DIRECTION('',(0.,0.,1.));
#97 = ADVANCED_FACE('',(#98,#187,#221,#255),#289,.F.);
#98 = FACE_BOUND('',#99,.F.);
#99 = EDGE_LOOP('',(#100,#108,#109,#117,#125,#133,#141,#149,#157,#165,
    #173,#181));
#100 = ORIENTED_EDGE('',*,*,#101,.F.);
#101 = EDGE_CURVE('',#22,#102,#104,.T.);
#102 = VERTEX_POINT('',#103);
#103 = CARTESIAN_POINT('',(1.35,48.5,138.));
#104 = LINE('',#105,#106);
#105 = CARTESIAN_POINT('',(0.,48.5,138.));
#106 = VECTOR('',#107,1.);
#107 = DIRECTION('',(1.,0.,-0.));
#108 = ORIENTED_EDGE('',*,*,#21,.T.);
#109 = ORIENTED_EDGE('',*,*,#110,.T.);
#110 = EDGE_CURVE('',#24,#111,#113,.T.);
#111 = VERTEX_POINT('',#112);
#112 = CARTESIAN_POINT('',(186.,48.5,215.));
#113 = LINE('',#114,#115);
#114 = CARTESIAN_POINT('',(0.,48.5,215.));
#115 = VECTOR('',#116,1.);
#116 = DIRECTION('',(1.,0.,-0.));
#117 = ORIENTED_EDGE('',*,*,#118,.F.);
#118 = EDGE_CURVE('',#119,#111,#121,.T.);
#119 = VERTEX_POINT('',#120);
#120 = CARTESIAN_POINT('',(186.,48.5,138.));
#121 = LINE('',#122,#123);
#122 = CARTESIAN_POINT('',(186.,48.5,138.));
#123 = VECTOR('',#124,1.);
#124 = DIRECTION('',(0.,0.,1.));
#125 = ORIENTED_EDGE('',*,*,#126,.F.);
#126 = EDGE_CURVE('',#127,#119,#129,.T.);
#127 = VERTEX_POINT('',#128);
#128 = CARTESIAN_POINT('',(184.65,48.5,138.));
#129 = LINE('',#130,#131);
#130 = CARTESIAN_POINT('',(0.,48.5,138.));
#131 = VECTOR('',#132,1.);
#132 = DIRECTION('',(1.,0.,-0.));
#133 = ORIENTED_EDGE('',*,*,#134,.F.);
#134 = EDGE_CURVE('',#135,#127,#137,.T.);
#135 = VERTEX_POINT('',#136);
#136 = CARTESIAN_POINT('',(184.65,48.5,213.8));
#137 = LINE('',#138,#139);
#138 = CARTESIAN_POINT('',(184.65,48.5,138.));
#139 = VECTOR('',#140,1.);
#140 = DIRECTION('',(-0.,0.,-1.));
#141 = ORIENTED_EDGE('',*,*,#142,.F.);
#142 = EDGE_CURVE('',#143,#135,#145,.T.);
#143 = VERTEX_POINT('',#144);
#144 = CARTESIAN_POINT('',(182.85,48.5,213.8));
#145 = LINE('',#146,#147);
#146 = CARTESIAN_POINT('',(91.425,48.5,213.8));
#147 = VECTOR('',#148,1.);
#148 = DIRECTION('',(1.,0.,-0.));
#149 = ORIENTED_EDGE('',*,*,#150,.T.);
#150 = EDGE_CURVE('',#143,#151,#153,.T.);
#151 = VERTEX_POINT('',#152);
#152 = CARTESIAN_POINT('',(182.85,48.5,138.));
#153 = LINE('',#154,#155);
#154 = CARTESIAN_POINT('',(182.85,48.5,138.));
#155 = VECTOR('',#156,1.);
#156 = DIRECTION('',(-0.,0.,-1.));
#157 = ORIENTED_EDGE('',*,*,#158,.F.);
#158 = EDGE_CURVE('',#159,#151,#161,.T.);
#159 = VERTEX_POINT('',#160);
#160 = CARTESIAN_POINT('',(3.15,48.5,138.));
#161 = LINE('',#162,#163);
#162 = CARTESIAN_POINT('',(0.,48.5,138.));
#163 = VECTOR('',#164,1.);
#164 = DIRECTION('',(1.,0.,-0.));
#165 = ORIENTED_EDGE('',*,*,#166,.F.);
#166 = EDGE_CURVE('',#167,#159,#169,.T.);
#167 = VERTEX_POINT('',#168);
#168 = CARTESIAN_POINT('',(3.15,48.5,213.8));
#169 = LINE('',#170,#171);
#170 = CARTESIAN_POINT('',(3.15,48.5,138.));
#171 = VECTOR('',#172,1.);
#172 = DIRECTION('',(-0.,0.,-1.));
#173 = ORIENTED_EDGE('',*,*,#174,.F.);
#174 = EDGE_CURVE('',#175,#167,#177,.T.);
#175 = VERTEX_POINT('',#176);
#176 = CARTESIAN_POINT('',(1.35,48.5,213.8));
#177 = LINE('',#178,#179);
#178 = CARTESIAN_POINT('',(0.675,48.5,213.8));
#179 = VECTOR('',#180,1.);
#180 = DIRECTION('',(1.,0.,-0.));
#181 = ORIENTED_EDGE('',*,*,#182,.T.);
#182 = EDGE_CURVE('',#175,#102,#183,.T.);
#183 = LINE('',#184,#185);
#184 = CARTESIAN_POINT('',(1.35,48.5,138.));
#185 = VECTOR('',#186,1.);
#186 = DIRECTION('',(-0.,0.,-1.));
#187 = FACE_BOUND('',#188,.F.);
#188 = EDGE_LOOP('',(#189,#199,#207,#215));
#189 = ORIENTED_EDGE('',*,*,#190,.F.);
#190 = EDGE_CURVE('',#191,#193,#195,.T.);
#191 = VERTEX_POINT('',#192);
#192 = CARTESIAN_POINT('',(3.3,48.5,185.5));
#193 = VERTEX_POINT('',#194);
#194 = CARTESIAN_POINT('',(6.3,48.5,185.5));
#195 = LINE('',#196,#197);
#196 = CARTESIAN_POINT('',(1.65,48.5,185.5));
#197 = VECTOR('',#198,1.);
#198 = DIRECTION('',(1.,0.,-0.));
#199 = ORIENTED_EDGE('',*,*,#200,.T.);
#200 = EDGE_CURVE('',#191,#201,#203,.T.);
#201 = VERTEX_POINT('',#202);
#202 = CARTESIAN_POINT('',(3.3,48.5,164.5));
#203 = LINE('',#204,#205);
#204 = CARTESIAN_POINT('',(3.3,48.5,151.25));
#205 = VECTOR('',#206,1.);
#206 = DIRECTION('',(-0.,0.,-1.));
#207 = ORIENTED_EDGE('',*,*,#208,.T.);
#208 = EDGE_CURVE('',#201,#209,#211,.T.);
#209 = VERTEX_POINT('',#210);
#210 = CARTESIAN_POINT('',(6.3,48.5,164.5));
#211 = LINE('',#212,#213);
#212 = CARTESIAN_POINT('',(1.65,48.5,164.5));
#213 = VECTOR('',#214,1.);
#214 = DIRECTION('',(1.,0.,-0.));
#215 = ORIENTED_EDGE('',*,*,#216,.F.);
#216 = EDGE_CURVE('',#193,#209,#217,.T.);
#217 = LINE('',#218,#219);
#218 = CARTESIAN_POINT('',(6.3,48.5,151.25));
#219 = VECTOR('',#220,1.);
#220 = DIRECTION('',(-0.,0.,-1.));
#221 = FACE_BOUND('',#222,.F.);
#222 = EDGE_LOOP('',(#223,#233,#241,#249));
#223 = ORIENTED_EDGE('',*,*,#224,.F.);
#224 = EDGE_CURVE('',#225,#227,#229,.T.);
#225 = VERTEX_POINT('',#226);
#226 = CARTESIAN_POINT('',(134.,48.5,166.));
#227 = VERTEX_POINT('',#228);
#228 = CARTESIAN_POINT('',(164.,48.5,166.));
#229 = LINE('',#230,#231);
#230 = CARTESIAN_POINT('',(67.,48.5,166.));
#231 = VECTOR('',#232,1.);
#232 = DIRECTION('',(1.,0.,-0.));
#233 = ORIENTED_EDGE('',*,*,#234,.T.);
#234 = EDGE_CURVE('',#225,#235,#237,.T.);
#235 = VERTEX_POINT('',#236);
#236 = CARTESIAN_POINT('',(134.,48.5,140.));
#237 = LINE('',#238,#239);
#238 = CARTESIAN_POINT('',(134.,48.5,139.));
#239 = VECTOR('',#240,1.);
#240 = DIRECTION('',(-0.,0.,-1.));
#241 = ORIENTED_EDGE('',*,*,#242,.T.);
#242 = EDGE_CURVE('',#235,#243,#245,.T.);
#243 = VERTEX_POINT('',#244);
#244 = CARTESIAN_POINT('',(164.,48.5,140.));
#245 = LINE('',#246,#247);
#246 = CARTESIAN_POINT('',(67.,48.5,140.));
#247 = VECTOR('',#248,1.);
#248 = DIRECTION('',(1.,0.,-0.));
#249 = ORIENTED_EDGE('',*,*,#250,.F.);
#250 = EDGE_CURVE('',#227,#243,#251,.T.);
#251 = LINE('',#252,#253);
#252 = CARTESIAN_POINT('',(164.,48.5,139.));
#253 = VECTOR('',#254,1.);
#254 = DIRECTION('',(-0.,0.,-1.));
#255 = FACE_BOUND('',#256,.F.);
#256 = EDGE_LOOP('',(#257,#267,#275,#283));
#257 = ORIENTED_EDGE('',*,*,#258,.F.);
#258 = EDGE_CURVE('',#259,#261,#263,.T.);
#259 = VERTEX_POINT('',#260);
#260 = CARTESIAN_POINT('',(179.7,48.5,185.5));
#261 = VERTEX_POINT('',#262);
#262 = CARTESIAN_POINT('',(182.7,48.5,185.5));
#263 = LINE('',#264,#265);
#264 = CARTESIAN_POINT('',(89.85,48.5,185.5));
#265 = VECTOR('',#266,1.);
#266 = DIRECTION('',(1.,0.,-0.));
#267 = ORIENTED_EDGE('',*,*,#268,.T.);
#268 = EDGE_CURVE('',#259,#269,#271,.T.);
#269 = VERTEX_POINT('',#270);
#270 = CARTESIAN_POINT('',(179.7,48.5,164.5));
#271 = LINE('',#272,#273);
#272 = CARTESIAN_POINT('',(179.7,48.5,151.25));
#273 = VECTOR('',#274,1.);
#274 = DIRECTION('',(-0.,0.,-1.));
#275 = ORIENTED_EDGE('',*,*,#276,.T.);
#276 = EDGE_CURVE('',#269,#277,#279,.T.);
#277 = VERTEX_POINT('',#278);
#278 = CARTESIAN_POINT('',(182.7,48.5,164.5));
#279 = LINE('',#280,#281);
#280 = CARTESIAN_POINT('',(89.85,48.5,164.5));
#281 = VECTOR('',#282,1.);
#282 = DIRECTION('',(1.,0.,-0.));
#283 = ORIENTED_EDGE('',*,*,#284,.F.);
#284 = EDGE_CURVE('',#261,#277,#285,.T.);
#285 = LINE('',#286,#287);
#286 = CARTESIAN_POINT('',(182.7,48.5,151.25));
#287 = VECTOR('',#288,1.);
#288 = DIRECTION('',(-0.,0.,-1.));
#289 = PLANE('',#290);
#290 = AXIS2_PLACEMENT_3D('',#291,#292,#293);
#291 = CARTESIAN_POINT('',(0.,48.5,138.));
#292 = DIRECTION('',(-0.,1.,0.));
#293 = DIRECTION('',(0.,0.,1.));
#294 = ADVANCED_FACE('',(#295,#313,#324,#358,#392,#426,#460,#494,#528,
    #562,#596,#630,#664,#675,#709,#743,#777,#811,#845,#879,#913,#947,
    #981,#1015,#1049,#1083,#1117,#1128,#1162,#1196,#1230,#1264,#1298,
    #1332,#1366,#1400,#1434,#1468,#1502,#1536,#1570,#1604),#1615,.T.);
#295 = FACE_BOUND('',#296,.T.);
#296 = EDGE_LOOP('',(#297,#298,#299,#307));
#297 = ORIENTED_EDGE('',*,*,#87,.F.);
#298 = ORIENTED_EDGE('',*,*,#110,.T.);
#299 = ORIENTED_EDGE('',*,*,#300,.T.);
#300 = EDGE_CURVE('',#111,#301,#303,.T.);
#301 = VERTEX_POINT('',#302);
#302 = CARTESIAN_POINT('',(186.,151.5,215.));
#303 = LINE('',#304,#305);
#304 = CARTESIAN_POINT('',(186.,48.5,215.));
#305 = VECTOR('',#306,1.);
#306 = DIRECTION('',(-0.,1.,0.));
#307 = ORIENTED_EDGE('',*,*,#308,.F.);
#308 = EDGE_CURVE('',#80,#301,#309,.T.);
#309 = LINE('',#310,#311);
#310 = CARTESIAN_POINT('',(0.,151.5,215.));
#311 = VECTOR('',#312,1.);
#312 = DIRECTION('',(1.,0.,-0.));
#313 = FACE_BOUND('',#314,.T.);
#314 = EDGE_LOOP('',(#315));
#315 = ORIENTED_EDGE('',*,*,#316,.F.);
#316 = EDGE_CURVE('',#317,#317,#319,.T.);
#317 = VERTEX_POINT('',#318);
#318 = CARTESIAN_POINT('',(53.85,59.75,215.));
#319 = CIRCLE('',#320,2.1);
#320 = AXIS2_PLACEMENT_3D('',#321,#322,#323);
#321 = CARTESIAN_POINT('',(51.75,59.75,215.));
#322 = DIRECTION('',(0.,0.,1.));
#323 = DIRECTION('',(1.,0.,-0.));
#324 = FACE_BOUND('',#325,.T.);
#325 = EDGE_LOOP('',(#326,#336,#344,#352));
#326 = ORIENTED_EDGE('',*,*,#327,.F.);
#327 = EDGE_CURVE('',#328,#330,#332,.T.);
#328 = VERTEX_POINT('',#329);
#329 = CARTESIAN_POINT('',(76.5,78.5,215.));
#330 = VERTEX_POINT('',#331);
#331 = CARTESIAN_POINT('',(70.5,84.5,215.));
#332 = LINE('',#333,#334);
#333 = CARTESIAN_POINT('',(61.875,93.125,215.));
#334 = VECTOR('',#335,1.);
#335 = DIRECTION('',(-0.707106781187,0.707106781187,0.));
#336 = ORIENTED_EDGE('',*,*,#337,.F.);
#337 = EDGE_CURVE('',#338,#328,#340,.T.);
#338 = VERTEX_POINT('',#339);
#339 = CARTESIAN_POINT('',(70.5,72.5,215.));
#340 = LINE('',#341,#342);
#341 = CARTESIAN_POINT('',(49.875,51.875,215.));
#342 = VECTOR('',#343,1.);
#343 = DIRECTION('',(0.707106781187,0.707106781187,-0.));
#344 = ORIENTED_EDGE('',*,*,#345,.F.);
#345 = EDGE_CURVE('',#346,#338,#348,.T.);
#346 = VERTEX_POINT('',#347);
#347 = CARTESIAN_POINT('',(64.5,78.5,215.));
#348 = LINE('',#349,#350);
#349 = CARTESIAN_POINT('',(58.875,84.125,215.));
#350 = VECTOR('',#351,1.);
#351 = DIRECTION('',(0.707106781187,-0.707106781187,0.));
#352 = ORIENTED_EDGE('',*,*,#353,.F.);
#353 = EDGE_CURVE('',#330,#346,#354,.T.);
#354 = LINE('',#355,#356);
#355 = CARTESIAN_POINT('',(40.875,54.875,215.));
#356 = VECTOR('',#357,1.);
#357 = DIRECTION('',(-0.707106781187,-0.707106781187,0.));
#358 = FACE_BOUND('',#359,.T.);
#359 = EDGE_LOOP('',(#360,#370,#378,#386));
#360 = ORIENTED_EDGE('',*,*,#361,.F.);
#361 = EDGE_CURVE('',#362,#364,#366,.T.);
#362 = VERTEX_POINT('',#363);
#363 = CARTESIAN_POINT('',(84.,71.,215.));
#364 = VERTEX_POINT('',#365);
#365 = CARTESIAN_POINT('',(78.,77.,215.));
#366 = LINE('',#367,#368);
#367 = CARTESIAN_POINT('',(65.625,89.375,215.));
#368 = VECTOR('',#369,1.);
#369 = DIRECTION('',(-0.707106781187,0.707106781187,0.));
#370 = ORIENTED_EDGE('',*,*,#371,.F.);
#371 = EDGE_CURVE('',#372,#362,#374,.T.);
#372 = VERTEX_POINT('',#373);
#373 = CARTESIAN_POINT('',(78.,65.,215.));
#374 = LINE('',#375,#376);
#375 = CARTESIAN_POINT('',(57.375,44.375,215.));
#376 = VECTOR('',#377,1.);
#377 = DIRECTION('',(0.707106781187,0.707106781187,-0.));
#378 = ORIENTED_EDGE('',*,*,#379,.F.);
#379 = EDGE_CURVE('',#380,#372,#382,.T.);
#380 = VERTEX_POINT('',#381);
#381 = CARTESIAN_POINT('',(72.,71.,215.));
#382 = LINE('',#383,#384);
#383 = CARTESIAN_POINT('',(62.625,80.375,215.));
#384 = VECTOR('',#385,1.);
#385 = DIRECTION('',(0.707106781187,-0.707106781187,0.));
#386 = ORIENTED_EDGE('',*,*,#387,.F.);
#387 = EDGE_CURVE('',#364,#380,#388,.T.);
#388 = LINE('',#389,#390);
#389 = CARTESIAN_POINT('',(48.375,47.375,215.));
#390 = VECTOR('',#391,1.);
#391 = DIRECTION('',(-0.707106781187,-0.707106781187,0.));
#392 = FACE_BOUND('',#393,.T.);
#393 = EDGE_LOOP('',(#394,#404,#412,#420));
#394 = ORIENTED_EDGE('',*,*,#395,.F.);
#395 = EDGE_CURVE('',#396,#398,#400,.T.);
#396 = VERTEX_POINT('',#397);
#397 = CARTESIAN_POINT('',(91.5,78.5,215.));
#398 = VERTEX_POINT('',#399);
#399 = CARTESIAN_POINT('',(85.5,84.5,215.));
#400 = LINE('',#401,#402);
#401 = CARTESIAN_POINT('',(73.125,96.875,215.));
#402 = VECTOR('',#403,1.);
#403 = DIRECTION('',(-0.707106781187,0.707106781187,0.));
#404 = ORIENTED_EDGE('',*,*,#405,.F.);
#405 = EDGE_CURVE('',#406,#396,#408,.T.);
#406 = VERTEX_POINT('',#407);
#407 = CARTESIAN_POINT('',(85.5,72.5,215.));
#408 = LINE('',#409,#410);
#409 = CARTESIAN_POINT('',(61.125,48.125,215.));
#410 = VECTOR('',#411,1.);
#411 = DIRECTION('',(0.707106781187,0.707106781187,-0.));
#412 = ORIENTED_EDGE('',*,*,#413,.F.);
#413 = EDGE_CURVE('',#414,#406,#416,.T.);
#414 = VERTEX_POINT('',#415);
#415 = CARTESIAN_POINT('',(79.5,78.5,215.));
#416 = LINE('',#417,#418);
#417 = CARTESIAN_POINT('',(70.125,87.875,215.));
#418 = VECTOR('',#419,1.);
#419 = DIRECTION('',(0.707106781187,-0.707106781187,0.));
#420 = ORIENTED_EDGE('',*,*,#421,.F.);
#421 = EDGE_CURVE('',#398,#414,#422,.T.);
#422 = LINE('',#423,#424);
#423 = CARTESIAN_POINT('',(52.125,51.125,215.));
#424 = VECTOR('',#425,1.);
#425 = DIRECTION('',(-0.707106781187,-0.707106781187,0.));
#426 = FACE_BOUND('',#427,.T.);
#427 = EDGE_LOOP('',(#428,#438,#446,#454));
#428 = ORIENTED_EDGE('',*,*,#429,.F.);
#429 = EDGE_CURVE('',#430,#432,#434,.T.);
#430 = VERTEX_POINT('',#431);
#431 = CARTESIAN_POINT('',(69.,86.,215.));
#432 = VERTEX_POINT('',#433);
#433 = CARTESIAN_POINT('',(63.,92.,215.));
#434 = LINE('',#435,#436);
#435 = CARTESIAN_POINT('',(58.125,96.875,215.));
#436 = VECTOR('',#437,1.);
#437 = DIRECTION('',(-0.707106781187,0.707106781187,0.));
#438 = ORIENTED_EDGE('',*,*,#439,.F.);
#439 = EDGE_CURVE('',#440,#430,#442,.T.);
#440 = VERTEX_POINT('',#441);
#441 = CARTESIAN_POINT('',(63.,80.,215.));
#442 = LINE('',#443,#444);
#443 = CARTESIAN_POINT('',(42.375,59.375,215.));
#444 = VECTOR('',#445,1.);
#445 = DIRECTION('',(0.707106781187,0.707106781187,-0.));
#446 = ORIENTED_EDGE('',*,*,#447,.F.);
#447 = EDGE_CURVE('',#448,#440,#450,.T.);
#448 = VERTEX_POINT('',#449);
#449 = CARTESIAN_POINT('',(57.,86.,215.));
#450 = LINE('',#451,#452);
#451 = CARTESIAN_POINT('',(55.125,87.875,215.));
#452 = VECTOR('',#453,1.);
#453 = DIRECTION('',(0.707106781187,-0.707106781187,0.));
#454 = ORIENTED_EDGE('',*,*,#455,.F.);
#455 = EDGE_CURVE('',#432,#448,#456,.T.);
#456 = LINE('',#457,#458);
#457 = CARTESIAN_POINT('',(33.375,62.375,215.));
#458 = VECTOR('',#459,1.);
#459 = DIRECTION('',(-0.707106781187,-0.707106781187,0.));
#460 = FACE_BOUND('',#461,.T.);
#461 = EDGE_LOOP('',(#462,#472,#480,#488));
#462 = ORIENTED_EDGE('',*,*,#463,.F.);
#463 = EDGE_CURVE('',#464,#466,#468,.T.);
#464 = VERTEX_POINT('',#465);
#465 = CARTESIAN_POINT('',(76.5,93.5,215.));
#466 = VERTEX_POINT('',#467);
#467 = CARTESIAN_POINT('',(70.5,99.5,215.));
#468 = LINE('',#469,#470);
#469 = CARTESIAN_POINT('',(65.625,104.375,215.));
#470 = VECTOR('',#471,1.);
#471 = DIRECTION('',(-0.707106781187,0.707106781187,0.));
#472 = ORIENTED_EDGE('',*,*,#473,.F.);
#473 = EDGE_CURVE('',#474,#464,#476,.T.);
#474 = VERTEX_POINT('',#475);
#475 = CARTESIAN_POINT('',(70.5,87.5,215.));
#476 = LINE('',#477,#478);
#477 = CARTESIAN_POINT('',(46.125,63.125,215.));
#478 = VECTOR('',#479,1.);
#479 = DIRECTION('',(0.707106781187,0.707106781187,-0.));
#480 = ORIENTED_EDGE('',*,*,#481,.F.);
#481 = EDGE_CURVE('',#482,#474,#484,.T.);
#482 = VERTEX_POINT('',#483);
#483 = CARTESIAN_POINT('',(64.5,93.5,215.));
#484 = LINE('',#485,#486);
#485 = CARTESIAN_POINT('',(62.625,95.375,215.));
#486 = VECTOR('',#487,1.);
#487 = DIRECTION('',(0.707106781187,-0.707106781187,0.));
#488 = ORIENTED_EDGE('',*,*,#489,.F.);
#489 = EDGE_CURVE('',#466,#482,#490,.T.);
#490 = LINE('',#491,#492);
#491 = CARTESIAN_POINT('',(37.125,66.125,215.));
#492 = VECTOR('',#493,1.);
#493 = DIRECTION('',(-0.707106781187,-0.707106781187,0.));
#494 = FACE_BOUND('',#495,.T.);
#495 = EDGE_LOOP('',(#496,#506,#514,#522));
#496 = ORIENTED_EDGE('',*,*,#497,.F.);
#497 = EDGE_CURVE('',#498,#500,#502,.T.);
#498 = VERTEX_POINT('',#499);
#499 = CARTESIAN_POINT('',(84.,86.,215.));
#500 = VERTEX_POINT('',#501);
#501 = CARTESIAN_POINT('',(78.,92.,215.));
#502 = LINE('',#503,#504);
#503 = CARTESIAN_POINT('',(69.375,100.625,215.));
#504 = VECTOR('',#505,1.);
#505 = DIRECTION('',(-0.707106781187,0.707106781187,0.));
#506 = ORIENTED_EDGE('',*,*,#507,.F.);
#507 = EDGE_CURVE('',#508,#498,#510,.T.);
#508 = VERTEX_POINT('',#509);
#509 = CARTESIAN_POINT('',(78.,80.,215.));
#510 = LINE('',#511,#512);
#511 = CARTESIAN_POINT('',(53.625,55.625,215.));
#512 = VECTOR('',#513,1.);
#513 = DIRECTION('',(0.707106781187,0.707106781187,-0.));
#514 = ORIENTED_EDGE('',*,*,#515,.F.);
#515 = EDGE_CURVE('',#516,#508,#518,.T.);
#516 = VERTEX_POINT('',#517);
#517 = CARTESIAN_POINT('',(72.,86.,215.));
#518 = LINE('',#519,#520);
#519 = CARTESIAN_POINT('',(66.375,91.625,215.));
#520 = VECTOR('',#521,1.);
#521 = DIRECTION('',(0.707106781187,-0.707106781187,0.));
#522 = ORIENTED_EDGE('',*,*,#523,.F.);
#523 = EDGE_CURVE('',#500,#516,#524,.T.);
#524 = LINE('',#525,#526);
#525 = CARTESIAN_POINT('',(44.625,58.625,215.));
#526 = VECTOR('',#527,1.);
#527 = DIRECTION('',(-0.707106781187,-0.707106781187,0.));
#528 = FACE_BOUND('',#529,.T.);
#529 = EDGE_LOOP('',(#530,#540,#548,#556));
#530 = ORIENTED_EDGE('',*,*,#531,.F.);
#531 = EDGE_CURVE('',#532,#534,#536,.T.);
#532 = VERTEX_POINT('',#533);
#533 = CARTESIAN_POINT('',(91.5,93.5,215.));
#534 = VERTEX_POINT('',#535);
#535 = CARTESIAN_POINT('',(85.5,99.5,215.));
#536 = LINE('',#537,#538);
#537 = CARTESIAN_POINT('',(76.875,108.125,215.));
#538 = VECTOR('',#539,1.);
#539 = DIRECTION('',(-0.707106781187,0.707106781187,0.));
#540 = ORIENTED_EDGE('',*,*,#541,.F.);
#541 = EDGE_CURVE('',#542,#532,#544,.T.);
#542 = VERTEX_POINT('',#543);
#543 = CARTESIAN_POINT('',(85.5,87.5,215.));
#544 = LINE('',#545,#546);
#545 = CARTESIAN_POINT('',(57.375,59.375,215.));
#546 = VECTOR('',#547,1.);
#547 = DIRECTION('',(0.707106781187,0.707106781187,-0.));
#548 = ORIENTED_EDGE('',*,*,#549,.F.);
#549 = EDGE_CURVE('',#550,#542,#552,.T.);
#550 = VERTEX_POINT('',#551);
#551 = CARTESIAN_POINT('',(79.5,93.5,215.));
#552 = LINE('',#553,#554);
#553 = CARTESIAN_POINT('',(73.875,99.125,215.));
#554 = VECTOR('',#555,1.);
#555 = DIRECTION('',(0.707106781187,-0.707106781187,0.));
#556 = ORIENTED_EDGE('',*,*,#557,.F.);
#557 = EDGE_CURVE('',#534,#550,#558,.T.);
#558 = LINE('',#559,#560);
#559 = CARTESIAN_POINT('',(48.375,62.375,215.));
#560 = VECTOR('',#561,1.);
#561 = DIRECTION('',(-0.707106781187,-0.707106781187,0.));
#562 = FACE_BOUND('',#563,.T.);
#563 = EDGE_LOOP('',(#564,#574,#582,#590));
#564 = ORIENTED_EDGE('',*,*,#565,.F.);
#565 = EDGE_CURVE('',#566,#568,#570,.T.);
#566 = VERTEX_POINT('',#567);
#567 = CARTESIAN_POINT('',(99.,71.,215.));
#568 = VERTEX_POINT('',#569);
#569 = CARTESIAN_POINT('',(93.,77.,215.));
#570 = LINE('',#571,#572);
#571 = CARTESIAN_POINT('',(76.875,93.125,215.));
#572 = VECTOR('',#573,1.);
#573 = DIRECTION('',(-0.707106781187,0.707106781187,0.));
#574 = ORIENTED_EDGE('',*,*,#575,.F.);
#575 = EDGE_CURVE('',#576,#566,#578,.T.);
#576 = VERTEX_POINT('',#577);
#577 = CARTESIAN_POINT('',(93.,65.,215.));
#578 = LINE('',#579,#580);
#579 = CARTESIAN_POINT('',(68.625,40.625,215.));
#580 = VECTOR('',#581,1.);
#581 = DIRECTION('',(0.707106781187,0.707106781187,-0.));
#582 = ORIENTED_EDGE('',*,*,#583,.F.);
#583 = EDGE_CURVE('',#584,#576,#586,.T.);
#584 = VERTEX_POINT('',#585);
#585 = CARTESIAN_POINT('',(87.,71.,215.));
#586 = LINE('',#587,#588);
#587 = CARTESIAN_POINT('',(73.875,84.125,215.));
#588 = VECTOR('',#589,1.);
#589 = DIRECTION('',(0.707106781187,-0.707106781187,0.));
#590 = ORIENTED_EDGE('',*,*,#591,.F.);
#591 = EDGE_CURVE('',#568,#584,#592,.T.);
#592 = LINE('',#593,#594);
#593 = CARTESIAN_POINT('',(59.625,43.625,215.));
#594 = VECTOR('',#595,1.);
#595 = DIRECTION('',(-0.707106781187,-0.707106781187,0.));
#596 = FACE_BOUND('',#597,.T.);
#597 = EDGE_LOOP('',(#598,#608,#616,#624));
#598 = ORIENTED_EDGE('',*,*,#599,.F.);
#599 = EDGE_CURVE('',#600,#602,#604,.T.);
#600 = VERTEX_POINT('',#601);
#601 = CARTESIAN_POINT('',(106.5,78.5,215.));
#602 = VERTEX_POINT('',#603);
#603 = CARTESIAN_POINT('',(100.5,84.5,215.));
#604 = LINE('',#605,#606);
#605 = CARTESIAN_POINT('',(84.375,100.625,215.));
#606 = VECTOR('',#607,1.);
#607 = DIRECTION('',(-0.707106781187,0.707106781187,0.));
#608 = ORIENTED_EDGE('',*,*,#609,.F.);
#609 = EDGE_CURVE('',#610,#600,#612,.T.);
#610 = VERTEX_POINT('',#611);
#611 = CARTESIAN_POINT('',(100.5,72.5,215.));
#612 = LINE('',#613,#614);
#613 = CARTESIAN_POINT('',(72.375,44.375,215.));
#614 = VECTOR('',#615,1.);
#615 = DIRECTION('',(0.707106781187,0.707106781187,-0.));
#616 = ORIENTED_EDGE('',*,*,#617,.F.);
#617 = EDGE_CURVE('',#618,#610,#620,.T.);
#618 = VERTEX_POINT('',#619);
#619 = CARTESIAN_POINT('',(94.5,78.5,215.));
#620 = LINE('',#621,#622);
#621 = CARTESIAN_POINT('',(81.375,91.625,215.));
#622 = VECTOR('',#623,1.);
#623 = DIRECTION('',(0.707106781187,-0.707106781187,0.));
#624 = ORIENTED_EDGE('',*,*,#625,.F.);
#625 = EDGE_CURVE('',#602,#618,#626,.T.);
#626 = LINE('',#627,#628);
#627 = CARTESIAN_POINT('',(63.375,47.375,215.));
#628 = VECTOR('',#629,1.);
#629 = DIRECTION('',(-0.707106781187,-0.707106781187,0.));
#630 = FACE_BOUND('',#631,.T.);
#631 = EDGE_LOOP('',(#632,#642,#650,#658));
#632 = ORIENTED_EDGE('',*,*,#633,.F.);
#633 = EDGE_CURVE('',#634,#636,#638,.T.);
#634 = VERTEX_POINT('',#635);
#635 = CARTESIAN_POINT('',(114.,71.,215.));
#636 = VERTEX_POINT('',#637);
#637 = CARTESIAN_POINT('',(108.,77.,215.));
#638 = LINE('',#639,#640);
#639 = CARTESIAN_POINT('',(88.125,96.875,215.));
#640 = VECTOR('',#641,1.);
#641 = DIRECTION('',(-0.707106781187,0.707106781187,0.));
#642 = ORIENTED_EDGE('',*,*,#643,.F.);
#643 = EDGE_CURVE('',#644,#634,#646,.T.);
#644 = VERTEX_POINT('',#645);
#645 = CARTESIAN_POINT('',(108.,65.,215.));
#646 = LINE('',#647,#648);
#647 = CARTESIAN_POINT('',(79.875,36.875,215.));
#648 = VECTOR('',#649,1.);
#649 = DIRECTION('',(0.707106781187,0.707106781187,-0.));
#650 = ORIENTED_EDGE('',*,*,#651,.F.);
#651 = EDGE_CURVE('',#652,#644,#654,.T.);
#652 = VERTEX_POINT('',#653);
#653 = CARTESIAN_POINT('',(102.,71.,215.));
#654 = LINE('',#655,#656);
#655 = CARTESIAN_POINT('',(85.125,87.875,215.));
#656 = VECTOR('',#657,1.);
#657 = DIRECTION('',(0.707106781187,-0.707106781187,0.));
#658 = ORIENTED_EDGE('',*,*,#659,.F.);
#659 = EDGE_CURVE('',#636,#652,#660,.T.);
#660 = LINE('',#661,#662);
#661 = CARTESIAN_POINT('',(70.875,39.875,215.));
#662 = VECTOR('',#663,1.);
#663 = DIRECTION('',(-0.707106781187,-0.707106781187,0.));
#664 = FACE_BOUND('',#665,.T.);
#665 = EDGE_LOOP('',(#666));
#666 = ORIENTED_EDGE('',*,*,#667,.F.);
#667 = EDGE_CURVE('',#668,#668,#670,.T.);
#668 = VERTEX_POINT('',#669);
#669 = CARTESIAN_POINT('',(136.35,59.75,215.));
#670 = CIRCLE('',#671,2.1);
#671 = AXIS2_PLACEMENT_3D('',#672,#673,#674);
#672 = CARTESIAN_POINT('',(134.25,59.75,215.));
#673 = DIRECTION('',(0.,0.,1.));
#674 = DIRECTION('',(1.,0.,-0.));
#675 = FACE_BOUND('',#676,.T.);
#676 = EDGE_LOOP('',(#677,#687,#695,#703));
#677 = ORIENTED_EDGE('',*,*,#678,.F.);
#678 = EDGE_CURVE('',#679,#681,#683,.T.);
#679 = VERTEX_POINT('',#680);
#680 = CARTESIAN_POINT('',(121.5,78.5,215.));
#681 = VERTEX_POINT('',#682);
#682 = CARTESIAN_POINT('',(115.5,84.5,215.));
#683 = LINE('',#684,#685);
#684 = CARTESIAN_POINT('',(95.625,104.375,215.));
#685 = VECTOR('',#686,1.);
#686 = DIRECTION('',(-0.707106781187,0.707106781187,0.));
#687 = ORIENTED_EDGE('',*,*,#688,.F.);
#688 = EDGE_CURVE('',#689,#679,#691,.T.);
#689 = VERTEX_POINT('',#690);
#690 = CARTESIAN_POINT('',(115.5,72.5,215.));
#691 = LINE('',#692,#693);
#692 = CARTESIAN_POINT('',(83.625,40.625,215.));
#693 = VECTOR('',#694,1.);
#694 = DIRECTION('',(0.707106781187,0.707106781187,-0.));
#695 = ORIENTED_EDGE('',*,*,#696,.F.);
#696 = EDGE_CURVE('',#697,#689,#699,.T.);
#697 = VERTEX_POINT('',#698);
#698 = CARTESIAN_POINT('',(109.5,78.5,215.));
#699 = LINE('',#700,#701);
#700 = CARTESIAN_POINT('',(92.625,95.375,215.));
#701 = VECTOR('',#702,1.);
#702 = DIRECTION('',(0.707106781187,-0.707106781187,0.));
#703 = ORIENTED_EDGE('',*,*,#704,.F.);
#704 = EDGE_CURVE('',#681,#697,#705,.T.);
#705 = LINE('',#706,#707);
#706 = CARTESIAN_POINT('',(74.625,43.625,215.));
#707 = VECTOR('',#708,1.);
#708 = DIRECTION('',(-0.707106781187,-0.707106781187,0.));
#709 = FACE_BOUND('',#710,.T.);
#710 = EDGE_LOOP('',(#711,#721,#729,#737));
#711 = ORIENTED_EDGE('',*,*,#712,.F.);
#712 = EDGE_CURVE('',#713,#715,#717,.T.);
#713 = VERTEX_POINT('',#714);
#714 = CARTESIAN_POINT('',(99.,86.,215.));
#715 = VERTEX_POINT('',#716);
#716 = CARTESIAN_POINT('',(93.,92.,215.));
#717 = LINE('',#718,#719);
#718 = CARTESIAN_POINT('',(80.625,104.375,215.));
#719 = VECTOR('',#720,1.);
#720 = DIRECTION('',(-0.707106781187,0.707106781187,0.));
#721 = ORIENTED_EDGE('',*,*,#722,.F.);
#722 = EDGE_CURVE('',#723,#713,#725,.T.);
#723 = VERTEX_POINT('',#724);
#724 = CARTESIAN_POINT('',(93.,80.,215.));
#725 = LINE('',#726,#727);
#726 = CARTESIAN_POINT('',(64.875,51.875,215.));
#727 = VECTOR('',#728,1.);
#728 = DIRECTION('',(0.707106781187,0.707106781187,-0.));
#729 = ORIENTED_EDGE('',*,*,#730,.F.);
#730 = EDGE_CURVE('',#731,#723,#733,.T.);
#731 = VERTEX_POINT('',#732);
#732 = CARTESIAN_POINT('',(87.,86.,215.));
#733 = LINE('',#734,#735);
#734 = CARTESIAN_POINT('',(77.625,95.375,215.));
#735 = VECTOR('',#736,1.);
#736 = DIRECTION('',(0.707106781187,-0.707106781187,0.));
#737 = ORIENTED_EDGE('',*,*,#738,.F.);
#738 = EDGE_CURVE('',#715,#731,#739,.T.);
#739 = LINE('',#740,#741);
#740 = CARTESIAN_POINT('',(55.875,54.875,215.));
#741 = VECTOR('',#742,1.);
#742 = DIRECTION('',(-0.707106781187,-0.707106781187,0.));
#743 = FACE_BOUND('',#744,.T.);
#744 = EDGE_LOOP('',(#745,#755,#763,#771));
#745 = ORIENTED_EDGE('',*,*,#746,.F.);
#746 = EDGE_CURVE('',#747,#749,#751,.T.);
#747 = VERTEX_POINT('',#748);
#748 = CARTESIAN_POINT('',(114.,86.,215.));
#749 = VERTEX_POINT('',#750);
#750 = CARTESIAN_POINT('',(108.,92.,215.));
#751 = LINE('',#752,#753);
#752 = CARTESIAN_POINT('',(91.875,108.125,215.));
#753 = VECTOR('',#754,1.);
#754 = DIRECTION('',(-0.707106781187,0.707106781187,0.));
#755 = ORIENTED_EDGE('',*,*,#756,.F.);
#756 = EDGE_CURVE('',#757,#747,#759,.T.);
#757 = VERTEX_POINT('',#758);
#758 = CARTESIAN_POINT('',(108.,80.,215.));
#759 = LINE('',#760,#761);
#760 = CARTESIAN_POINT('',(76.125,48.125,215.));
#761 = VECTOR('',#762,1.);
#762 = DIRECTION('',(0.707106781187,0.707106781187,-0.));
#763 = ORIENTED_EDGE('',*,*,#764,.F.);
#764 = EDGE_CURVE('',#765,#757,#767,.T.);
#765 = VERTEX_POINT('',#766);
#766 = CARTESIAN_POINT('',(102.,86.,215.));
#767 = LINE('',#768,#769);
#768 = CARTESIAN_POINT('',(88.875,99.125,215.));
#769 = VECTOR('',#770,1.);
#770 = DIRECTION('',(0.707106781187,-0.707106781187,0.));
#771 = ORIENTED_EDGE('',*,*,#772,.F.);
#772 = EDGE_CURVE('',#749,#765,#773,.T.);
#773 = LINE('',#774,#775);
#774 = CARTESIAN_POINT('',(67.125,51.125,215.));
#775 = VECTOR('',#776,1.);
#776 = DIRECTION('',(-0.707106781187,-0.707106781187,0.));
#777 = FACE_BOUND('',#778,.T.);
#778 = EDGE_LOOP('',(#779,#789,#797,#805));
#779 = ORIENTED_EDGE('',*,*,#780,.F.);
#780 = EDGE_CURVE('',#781,#783,#785,.T.);
#781 = VERTEX_POINT('',#782);
#782 = CARTESIAN_POINT('',(106.5,93.5,215.));
#783 = VERTEX_POINT('',#784);
#784 = CARTESIAN_POINT('',(100.5,99.5,215.));
#785 = LINE('',#786,#787);
#786 = CARTESIAN_POINT('',(88.125,111.875,215.));
#787 = VECTOR('',#788,1.);
#788 = DIRECTION('',(-0.707106781187,0.707106781187,0.));
#789 = ORIENTED_EDGE('',*,*,#790,.F.);
#790 = EDGE_CURVE('',#791,#781,#793,.T.);
#791 = VERTEX_POINT('',#792);
#792 = CARTESIAN_POINT('',(100.5,87.5,215.));
#793 = LINE('',#794,#795);
#794 = CARTESIAN_POINT('',(68.625,55.625,215.));
#795 = VECTOR('',#796,1.);
#796 = DIRECTION('',(0.707106781187,0.707106781187,-0.));
#797 = ORIENTED_EDGE('',*,*,#798,.F.);
#798 = EDGE_CURVE('',#799,#791,#801,.T.);
#799 = VERTEX_POINT('',#800);
#800 = CARTESIAN_POINT('',(94.5,93.5,215.));
#801 = LINE('',#802,#803);
#802 = CARTESIAN_POINT('',(85.125,102.875,215.));
#803 = VECTOR('',#804,1.);
#804 = DIRECTION('',(0.707106781187,-0.707106781187,0.));
#805 = ORIENTED_EDGE('',*,*,#806,.F.);
#806 = EDGE_CURVE('',#783,#799,#807,.T.);
#807 = LINE('',#808,#809);
#808 = CARTESIAN_POINT('',(59.625,58.625,215.));
#809 = VECTOR('',#810,1.);
#810 = DIRECTION('',(-0.707106781187,-0.707106781187,0.));
#811 = FACE_BOUND('',#812,.T.);
#812 = EDGE_LOOP('',(#813,#823,#831,#839));
#813 = ORIENTED_EDGE('',*,*,#814,.F.);
#814 = EDGE_CURVE('',#815,#817,#819,.T.);
#815 = VERTEX_POINT('',#816);
#816 = CARTESIAN_POINT('',(129.,86.,215.));
#817 = VERTEX_POINT('',#818);
#818 = CARTESIAN_POINT('',(123.,92.,215.));
#819 = LINE('',#820,#821);
#820 = CARTESIAN_POINT('',(103.125,111.875,215.));
#821 = VECTOR('',#822,1.);
#822 = DIRECTION('',(-0.707106781187,0.707106781187,0.));
#823 = ORIENTED_EDGE('',*,*,#824,.F.);
#824 = EDGE_CURVE('',#825,#815,#827,.T.);
#825 = VERTEX_POINT('',#826);
#826 = CARTESIAN_POINT('',(123.,80.,215.));
#827 = LINE('',#828,#829);
#828 = CARTESIAN_POINT('',(87.375,44.375,215.));
#829 = VECTOR('',#830,1.);
#830 = DIRECTION('',(0.707106781187,0.707106781187,-0.));
#831 = ORIENTED_EDGE('',*,*,#832,.F.);
#832 = EDGE_CURVE('',#833,#825,#835,.T.);
#833 = VERTEX_POINT('',#834);
#834 = CARTESIAN_POINT('',(117.,86.,215.));
#835 = LINE('',#836,#837);
#836 = CARTESIAN_POINT('',(100.125,102.875,215.));
#837 = VECTOR('',#838,1.);
#838 = DIRECTION('',(0.707106781187,-0.707106781187,0.));
#839 = ORIENTED_EDGE('',*,*,#840,.F.);
#840 = EDGE_CURVE('',#817,#833,#841,.T.);
#841 = LINE('',#842,#843);
#842 = CARTESIAN_POINT('',(78.375,47.375,215.));
#843 = VECTOR('',#844,1.);
#844 = DIRECTION('',(-0.707106781187,-0.707106781187,0.));
#845 = FACE_BOUND('',#846,.T.);
#846 = EDGE_LOOP('',(#847,#857,#865,#873));
#847 = ORIENTED_EDGE('',*,*,#848,.F.);
#848 = EDGE_CURVE('',#849,#851,#853,.T.);
#849 = VERTEX_POINT('',#850);
#850 = CARTESIAN_POINT('',(121.5,93.5,215.));
#851 = VERTEX_POINT('',#852);
#852 = CARTESIAN_POINT('',(115.5,99.5,215.));
#853 = LINE('',#854,#855);
#854 = CARTESIAN_POINT('',(99.375,115.625,215.));
#855 = VECTOR('',#856,1.);
#856 = DIRECTION('',(-0.707106781187,0.707106781187,0.));
#857 = ORIENTED_EDGE('',*,*,#858,.F.);
#858 = EDGE_CURVE('',#859,#849,#861,.T.);
#859 = VERTEX_POINT('',#860);
#860 = CARTESIAN_POINT('',(115.5,87.5,215.));
#861 = LINE('',#862,#863);
#862 = CARTESIAN_POINT('',(79.875,51.875,215.));
#863 = VECTOR('',#864,1.);
#864 = DIRECTION('',(0.707106781187,0.707106781187,-0.));
#865 = ORIENTED_EDGE('',*,*,#866,.F.);
#866 = EDGE_CURVE('',#867,#859,#869,.T.);
#867 = VERTEX_POINT('',#868);
#868 = CARTESIAN_POINT('',(109.5,93.5,215.));
#869 = LINE('',#870,#871);
#870 = CARTESIAN_POINT('',(96.375,106.625,215.));
#871 = VECTOR('',#872,1.);
#872 = DIRECTION('',(0.707106781187,-0.707106781187,0.));
#873 = ORIENTED_EDGE('',*,*,#874,.F.);
#874 = EDGE_CURVE('',#851,#867,#875,.T.);
#875 = LINE('',#876,#877);
#876 = CARTESIAN_POINT('',(70.875,54.875,215.));
#877 = VECTOR('',#878,1.);
#878 = DIRECTION('',(-0.707106781187,-0.707106781187,0.));
#879 = FACE_BOUND('',#880,.T.);
#880 = EDGE_LOOP('',(#881,#891,#899,#907));
#881 = ORIENTED_EDGE('',*,*,#882,.F.);
#882 = EDGE_CURVE('',#883,#885,#887,.T.);
#883 = VERTEX_POINT('',#884);
#884 = CARTESIAN_POINT('',(69.,101.,215.));
#885 = VERTEX_POINT('',#886);
#886 = CARTESIAN_POINT('',(63.,107.,215.));
#887 = LINE('',#888,#889);
#888 = CARTESIAN_POINT('',(61.875,108.125,215.));
#889 = VECTOR('',#890,1.);
#890 = DIRECTION('',(-0.707106781187,0.707106781187,0.));
#891 = ORIENTED_EDGE('',*,*,#892,.F.);
#892 = EDGE_CURVE('',#893,#883,#895,.T.);
#893 = VERTEX_POINT('',#894);
#894 = CARTESIAN_POINT('',(63.,95.,215.));
#895 = LINE('',#896,#897);
#896 = CARTESIAN_POINT('',(38.625,70.625,215.));
#897 = VECTOR('',#898,1.);
#898 = DIRECTION('',(0.707106781187,0.707106781187,-0.));
#899 = ORIENTED_EDGE('',*,*,#900,.F.);
#900 = EDGE_CURVE('',#901,#893,#903,.T.);
#901 = VERTEX_POINT('',#902);
#902 = CARTESIAN_POINT('',(57.,101.,215.));
#903 = LINE('',#904,#905);
#904 = CARTESIAN_POINT('',(58.875,99.125,215.));
#905 = VECTOR('',#906,1.);
#906 = DIRECTION('',(0.707106781187,-0.707106781187,0.));
#907 = ORIENTED_EDGE('',*,*,#908,.F.);
#908 = EDGE_CURVE('',#885,#901,#909,.T.);
#909 = LINE('',#910,#911);
#910 = CARTESIAN_POINT('',(29.625,73.625,215.));
#911 = VECTOR('',#912,1.);
#912 = DIRECTION('',(-0.707106781187,-0.707106781187,0.));
#913 = FACE_BOUND('',#914,.T.);
#914 = EDGE_LOOP('',(#915,#925,#933,#941));
#915 = ORIENTED_EDGE('',*,*,#916,.F.);
#916 = EDGE_CURVE('',#917,#919,#921,.T.);
#917 = VERTEX_POINT('',#918);
#918 = CARTESIAN_POINT('',(76.5,108.5,215.));
#919 = VERTEX_POINT('',#920);
#920 = CARTESIAN_POINT('',(70.5,114.5,215.));
#921 = LINE('',#922,#923);
#922 = CARTESIAN_POINT('',(69.375,115.625,215.));
#923 = VECTOR('',#924,1.);
#924 = DIRECTION('',(-0.707106781187,0.707106781187,0.));
#925 = ORIENTED_EDGE('',*,*,#926,.F.);
#926 = EDGE_CURVE('',#927,#917,#929,.T.);
#927 = VERTEX_POINT('',#928);
#928 = CARTESIAN_POINT('',(70.5,102.5,215.));
#929 = LINE('',#930,#931);
#930 = CARTESIAN_POINT('',(42.375,74.375,215.));
#931 = VECTOR('',#932,1.);
#932 = DIRECTION('',(0.707106781187,0.707106781187,-0.));
#933 = ORIENTED_EDGE('',*,*,#934,.F.);
#934 = EDGE_CURVE('',#935,#927,#937,.T.);
#935 = VERTEX_POINT('',#936);
#936 = CARTESIAN_POINT('',(64.5,108.5,215.));
#937 = LINE('',#938,#939);
#938 = CARTESIAN_POINT('',(66.375,106.625,215.));
#939 = VECTOR('',#940,1.);
#940 = DIRECTION('',(0.707106781187,-0.707106781187,0.));
#941 = ORIENTED_EDGE('',*,*,#942,.F.);
#942 = EDGE_CURVE('',#919,#935,#943,.T.);
#943 = LINE('',#944,#945);
#944 = CARTESIAN_POINT('',(33.375,77.375,215.));
#945 = VECTOR('',#946,1.);
#946 = DIRECTION('',(-0.707106781187,-0.707106781187,0.));
#947 = FACE_BOUND('',#948,.T.);
#948 = EDGE_LOOP('',(#949,#959,#967,#975));
#949 = ORIENTED_EDGE('',*,*,#950,.F.);
#950 = EDGE_CURVE('',#951,#953,#955,.T.);
#951 = VERTEX_POINT('',#952);
#952 = CARTESIAN_POINT('',(69.,116.,215.));
#953 = VERTEX_POINT('',#954);
#954 = CARTESIAN_POINT('',(63.,122.,215.));
#955 = LINE('',#956,#957);
#956 = CARTESIAN_POINT('',(65.625,119.375,215.));
#957 = VECTOR('',#958,1.);
#958 = DIRECTION('',(-0.707106781187,0.707106781187,0.));
#959 = ORIENTED_EDGE('',*,*,#960,.F.);
#960 = EDGE_CURVE('',#961,#951,#963,.T.);
#961 = VERTEX_POINT('',#962);
#962 = CARTESIAN_POINT('',(63.,110.,215.));
#963 = LINE('',#964,#965);
#964 = CARTESIAN_POINT('',(34.875,81.875,215.));
#965 = VECTOR('',#966,1.);
#966 = DIRECTION('',(0.707106781187,0.707106781187,-0.));
#967 = ORIENTED_EDGE('',*,*,#968,.F.);
#968 = EDGE_CURVE('',#969,#961,#971,.T.);
#969 = VERTEX_POINT('',#970);
#970 = CARTESIAN_POINT('',(57.,116.,215.));
#971 = LINE('',#972,#973);
#972 = CARTESIAN_POINT('',(62.625,110.375,215.));
#973 = VECTOR('',#974,1.);
#974 = DIRECTION('',(0.707106781187,-0.707106781187,0.));
#975 = ORIENTED_EDGE('',*,*,#976,.F.);
#976 = EDGE_CURVE('',#953,#969,#977,.T.);
#977 = LINE('',#978,#979);
#978 = CARTESIAN_POINT('',(25.875,84.875,215.));
#979 = VECTOR('',#980,1.);
#980 = DIRECTION('',(-0.707106781187,-0.707106781187,0.));
#981 = FACE_BOUND('',#982,.T.);
#982 = EDGE_LOOP('',(#983,#993,#1001,#1009));
#983 = ORIENTED_EDGE('',*,*,#984,.F.);
#984 = EDGE_CURVE('',#985,#987,#989,.T.);
#985 = VERTEX_POINT('',#986);
#986 = CARTESIAN_POINT('',(84.,101.,215.));
#987 = VERTEX_POINT('',#988);
#988 = CARTESIAN_POINT('',(78.,107.,215.));
#989 = LINE('',#990,#991);
#990 = CARTESIAN_POINT('',(73.125,111.875,215.));
#991 = VECTOR('',#992,1.);
#992 = DIRECTION('',(-0.707106781187,0.707106781187,0.));
#993 = ORIENTED_EDGE('',*,*,#994,.F.);
#994 = EDGE_CURVE('',#995,#985,#997,.T.);
#995 = VERTEX_POINT('',#996);
#996 = CARTESIAN_POINT('',(78.,95.,215.));
#997 = LINE('',#998,#999);
#998 = CARTESIAN_POINT('',(49.875,66.875,215.));
#999 = VECTOR('',#1000,1.);
#1000 = DIRECTION('',(0.707106781187,0.707106781187,-0.));
#1001 = ORIENTED_EDGE('',*,*,#1002,.F.);
#1002 = EDGE_CURVE('',#1003,#995,#1005,.T.);
#1003 = VERTEX_POINT('',#1004);
#1004 = CARTESIAN_POINT('',(72.,101.,215.));
#1005 = LINE('',#1006,#1007);
#1006 = CARTESIAN_POINT('',(70.125,102.875,215.));
#1007 = VECTOR('',#1008,1.);
#1008 = DIRECTION('',(0.707106781187,-0.707106781187,0.));
#1009 = ORIENTED_EDGE('',*,*,#1010,.F.);
#1010 = EDGE_CURVE('',#987,#1003,#1011,.T.);
#1011 = LINE('',#1012,#1013);
#1012 = CARTESIAN_POINT('',(40.875,69.875,215.));
#1013 = VECTOR('',#1014,1.);
#1014 = DIRECTION('',(-0.707106781187,-0.707106781187,0.));
#1015 = FACE_BOUND('',#1016,.T.);
#1016 = EDGE_LOOP('',(#1017,#1027,#1035,#1043));
#1017 = ORIENTED_EDGE('',*,*,#1018,.F.);
#1018 = EDGE_CURVE('',#1019,#1021,#1023,.T.);
#1019 = VERTEX_POINT('',#1020);
#1020 = CARTESIAN_POINT('',(91.5,108.5,215.));
#1021 = VERTEX_POINT('',#1022);
#1022 = CARTESIAN_POINT('',(85.5,114.5,215.));
#1023 = LINE('',#1024,#1025);
#1024 = CARTESIAN_POINT('',(80.625,119.375,215.));
#1025 = VECTOR('',#1026,1.);
#1026 = DIRECTION('',(-0.707106781187,0.707106781187,0.));
#1027 = ORIENTED_EDGE('',*,*,#1028,.F.);
#1028 = EDGE_CURVE('',#1029,#1019,#1031,.T.);
#1029 = VERTEX_POINT('',#1030);
#1030 = CARTESIAN_POINT('',(85.5,102.5,215.));
#1031 = LINE('',#1032,#1033);
#1032 = CARTESIAN_POINT('',(53.625,70.625,215.));
#1033 = VECTOR('',#1034,1.);
#1034 = DIRECTION('',(0.707106781187,0.707106781187,-0.));
#1035 = ORIENTED_EDGE('',*,*,#1036,.F.);
#1036 = EDGE_CURVE('',#1037,#1029,#1039,.T.);
#1037 = VERTEX_POINT('',#1038);
#1038 = CARTESIAN_POINT('',(79.5,108.5,215.));
#1039 = LINE('',#1040,#1041);
#1040 = CARTESIAN_POINT('',(77.625,110.375,215.));
#1041 = VECTOR('',#1042,1.);
#1042 = DIRECTION('',(0.707106781187,-0.707106781187,0.));
#1043 = ORIENTED_EDGE('',*,*,#1044,.F.);
#1044 = EDGE_CURVE('',#1021,#1037,#1045,.T.);
#1045 = LINE('',#1046,#1047);
#1046 = CARTESIAN_POINT('',(44.625,73.625,215.));
#1047 = VECTOR('',#1048,1.);
#1048 = DIRECTION('',(-0.707106781187,-0.707106781187,0.));
#1049 = FACE_BOUND('',#1050,.T.);
#1050 = EDGE_LOOP('',(#1051,#1061,#1069,#1077));
#1051 = ORIENTED_EDGE('',*,*,#1052,.F.);
#1052 = EDGE_CURVE('',#1053,#1055,#1057,.T.);
#1053 = VERTEX_POINT('',#1054);
#1054 = CARTESIAN_POINT('',(84.,116.,215.));
#1055 = VERTEX_POINT('',#1056);
#1056 = CARTESIAN_POINT('',(78.,122.,215.));
#1057 = LINE('',#1058,#1059);
#1058 = CARTESIAN_POINT('',(76.875,123.125,215.));
#1059 = VECTOR('',#1060,1.);
#1060 = DIRECTION('',(-0.707106781187,0.707106781187,0.));
#1061 = ORIENTED_EDGE('',*,*,#1062,.F.);
#1062 = EDGE_CURVE('',#1063,#1053,#1065,.T.);
#1063 = VERTEX_POINT('',#1064);
#1064 = CARTESIAN_POINT('',(78.,110.,215.));
#1065 = LINE('',#1066,#1067);
#1066 = CARTESIAN_POINT('',(46.125,78.125,215.));
#1067 = VECTOR('',#1068,1.);
#1068 = DIRECTION('',(0.707106781187,0.707106781187,-0.));
#1069 = ORIENTED_EDGE('',*,*,#1070,.F.);
#1070 = EDGE_CURVE('',#1071,#1063,#1073,.T.);
#1071 = VERTEX_POINT('',#1072);
#1072 = CARTESIAN_POINT('',(72.,116.,215.));
#1073 = LINE('',#1074,#1075);
#1074 = CARTESIAN_POINT('',(73.875,114.125,215.));
#1075 = VECTOR('',#1076,1.);
#1076 = DIRECTION('',(0.707106781187,-0.707106781187,0.));
#1077 = ORIENTED_EDGE('',*,*,#1078,.F.);
#1078 = EDGE_CURVE('',#1055,#1071,#1079,.T.);
#1079 = LINE('',#1080,#1081);
#1080 = CARTESIAN_POINT('',(37.125,81.125,215.));
#1081 = VECTOR('',#1082,1.);
#1082 = DIRECTION('',(-0.707106781187,-0.707106781187,0.));
#1083 = FACE_BOUND('',#1084,.T.);
#1084 = EDGE_LOOP('',(#1085,#1095,#1103,#1111));
#1085 = ORIENTED_EDGE('',*,*,#1086,.F.);
#1086 = EDGE_CURVE('',#1087,#1089,#1091,.T.);
#1087 = VERTEX_POINT('',#1088);
#1088 = CARTESIAN_POINT('',(76.5,123.5,215.));
#1089 = VERTEX_POINT('',#1090);
#1090 = CARTESIAN_POINT('',(70.5,129.5,215.));
#1091 = LINE('',#1092,#1093);
#1092 = CARTESIAN_POINT('',(73.125,126.875,215.));
#1093 = VECTOR('',#1094,1.);
#1094 = DIRECTION('',(-0.707106781187,0.707106781187,0.));
#1095 = ORIENTED_EDGE('',*,*,#1096,.F.);
#1096 = EDGE_CURVE('',#1097,#1087,#1099,.T.);
#1097 = VERTEX_POINT('',#1098);
#1098 = CARTESIAN_POINT('',(70.5,117.5,215.));
#1099 = LINE('',#1100,#1101);
#1100 = CARTESIAN_POINT('',(38.625,85.625,215.));
#1101 = VECTOR('',#1102,1.);
#1102 = DIRECTION('',(0.707106781187,0.707106781187,-0.));
#1103 = ORIENTED_EDGE('',*,*,#1104,.F.);
#1104 = EDGE_CURVE('',#1105,#1097,#1107,.T.);
#1105 = VERTEX_POINT('',#1106);
#1106 = CARTESIAN_POINT('',(64.5,123.5,215.));
#1107 = LINE('',#1108,#1109);
#1108 = CARTESIAN_POINT('',(70.125,117.875,215.));
#1109 = VECTOR('',#1110,1.);
#1110 = DIRECTION('',(0.707106781187,-0.707106781187,0.));
#1111 = ORIENTED_EDGE('',*,*,#1112,.F.);
#1112 = EDGE_CURVE('',#1089,#1105,#1113,.T.);
#1113 = LINE('',#1114,#1115);
#1114 = CARTESIAN_POINT('',(29.625,88.625,215.));
#1115 = VECTOR('',#1116,1.);
#1116 = DIRECTION('',(-0.707106781187,-0.707106781187,0.));
#1117 = FACE_BOUND('',#1118,.T.);
#1118 = EDGE_LOOP('',(#1119));
#1119 = ORIENTED_EDGE('',*,*,#1120,.F.);
#1120 = EDGE_CURVE('',#1121,#1121,#1123,.T.);
#1121 = VERTEX_POINT('',#1122);
#1122 = CARTESIAN_POINT('',(53.85,142.25,215.));
#1123 = CIRCLE('',#1124,2.1);
#1124 = AXIS2_PLACEMENT_3D('',#1125,#1126,#1127);
#1125 = CARTESIAN_POINT('',(51.75,142.25,215.));
#1126 = DIRECTION('',(0.,0.,1.));
#1127 = DIRECTION('',(1.,0.,-0.));
#1128 = FACE_BOUND('',#1129,.T.);
#1129 = EDGE_LOOP('',(#1130,#1140,#1148,#1156));
#1130 = ORIENTED_EDGE('',*,*,#1131,.F.);
#1131 = EDGE_CURVE('',#1132,#1134,#1136,.T.);
#1132 = VERTEX_POINT('',#1133);
#1133 = CARTESIAN_POINT('',(84.,131.,215.));
#1134 = VERTEX_POINT('',#1135);
#1135 = CARTESIAN_POINT('',(78.,137.,215.));
#1136 = LINE('',#1137,#1138);
#1137 = CARTESIAN_POINT('',(80.625,134.375,215.));
#1138 = VECTOR('',#1139,1.);
#1139 = DIRECTION('',(-0.707106781187,0.707106781187,0.));
#1140 = ORIENTED_EDGE('',*,*,#1141,.F.);
#1141 = EDGE_CURVE('',#1142,#1132,#1144,.T.);
#1142 = VERTEX_POINT('',#1143);
#1143 = CARTESIAN_POINT('',(78.,125.,215.));
#1144 = LINE('',#1145,#1146);
#1145 = CARTESIAN_POINT('',(42.375,89.375,215.));
#1146 = VECTOR('',#1147,1.);
#1147 = DIRECTION('',(0.707106781187,0.707106781187,-0.));
#1148 = ORIENTED_EDGE('',*,*,#1149,.F.);
#1149 = EDGE_CURVE('',#1150,#1142,#1152,.T.);
#1150 = VERTEX_POINT('',#1151);
#1151 = CARTESIAN_POINT('',(72.,131.,215.));
#1152 = LINE('',#1153,#1154);
#1153 = CARTESIAN_POINT('',(77.625,125.375,215.));
#1154 = VECTOR('',#1155,1.);
#1155 = DIRECTION('',(0.707106781187,-0.707106781187,0.));
#1156 = ORIENTED_EDGE('',*,*,#1157,.F.);
#1157 = EDGE_CURVE('',#1134,#1150,#1158,.T.);
#1158 = LINE('',#1159,#1160);
#1159 = CARTESIAN_POINT('',(33.375,92.375,215.));
#1160 = VECTOR('',#1161,1.);
#1161 = DIRECTION('',(-0.707106781187,-0.707106781187,0.));
#1162 = FACE_BOUND('',#1163,.T.);
#1163 = EDGE_LOOP('',(#1164,#1174,#1182,#1190));
#1164 = ORIENTED_EDGE('',*,*,#1165,.F.);
#1165 = EDGE_CURVE('',#1166,#1168,#1170,.T.);
#1166 = VERTEX_POINT('',#1167);
#1167 = CARTESIAN_POINT('',(91.5,123.5,215.));
#1168 = VERTEX_POINT('',#1169);
#1169 = CARTESIAN_POINT('',(85.5,129.5,215.));
#1170 = LINE('',#1171,#1172);
#1171 = CARTESIAN_POINT('',(84.375,130.625,215.));
#1172 = VECTOR('',#1173,1.);
#1173 = DIRECTION('',(-0.707106781187,0.707106781187,0.));
#1174 = ORIENTED_EDGE('',*,*,#1175,.F.);
#1175 = EDGE_CURVE('',#1176,#1166,#1178,.T.);
#1176 = VERTEX_POINT('',#1177);
#1177 = CARTESIAN_POINT('',(85.5,117.5,215.));
#1178 = LINE('',#1179,#1180);
#1179 = CARTESIAN_POINT('',(49.875,81.875,215.));
#1180 = VECTOR('',#1181,1.);
#1181 = DIRECTION('',(0.707106781187,0.707106781187,-0.));
#1182 = ORIENTED_EDGE('',*,*,#1183,.F.);
#1183 = EDGE_CURVE('',#1184,#1176,#1186,.T.);
#1184 = VERTEX_POINT('',#1185);
#1185 = CARTESIAN_POINT('',(79.5,123.5,215.));
#1186 = LINE('',#1187,#1188);
#1187 = CARTESIAN_POINT('',(81.375,121.625,215.));
#1188 = VECTOR('',#1189,1.);
#1189 = DIRECTION('',(0.707106781187,-0.707106781187,0.));
#1190 = ORIENTED_EDGE('',*,*,#1191,.F.);
#1191 = EDGE_CURVE('',#1168,#1184,#1192,.T.);
#1192 = LINE('',#1193,#1194);
#1193 = CARTESIAN_POINT('',(40.875,84.875,215.));
#1194 = VECTOR('',#1195,1.);
#1195 = DIRECTION('',(-0.707106781187,-0.707106781187,0.));
#1196 = FACE_BOUND('',#1197,.T.);
#1197 = EDGE_LOOP('',(#1198,#1208,#1216,#1224));
#1198 = ORIENTED_EDGE('',*,*,#1199,.F.);
#1199 = EDGE_CURVE('',#1200,#1202,#1204,.T.);
#1200 = VERTEX_POINT('',#1201);
#1201 = CARTESIAN_POINT('',(99.,101.,215.));
#1202 = VERTEX_POINT('',#1203);
#1203 = CARTESIAN_POINT('',(93.,107.,215.));
#1204 = LINE('',#1205,#1206);
#1205 = CARTESIAN_POINT('',(84.375,115.625,215.));
#1206 = VECTOR('',#1207,1.);
#1207 = DIRECTION('',(-0.707106781187,0.707106781187,0.));
#1208 = ORIENTED_EDGE('',*,*,#1209,.F.);
#1209 = EDGE_CURVE('',#1210,#1200,#1212,.T.);
#1210 = VERTEX_POINT('',#1211);
#1211 = CARTESIAN_POINT('',(93.,95.,215.));
#1212 = LINE('',#1213,#1214);
#1213 = CARTESIAN_POINT('',(61.125,63.125,215.));
#1214 = VECTOR('',#1215,1.);
#1215 = DIRECTION('',(0.707106781187,0.707106781187,-0.));
#1216 = ORIENTED_EDGE('',*,*,#1217,.F.);
#1217 = EDGE_CURVE('',#1218,#1210,#1220,.T.);
#1218 = VERTEX_POINT('',#1219);
#1219 = CARTESIAN_POINT('',(87.,101.,215.));
#1220 = LINE('',#1221,#1222);
#1221 = CARTESIAN_POINT('',(81.375,106.625,215.));
#1222 = VECTOR('',#1223,1.);
#1223 = DIRECTION('',(0.707106781187,-0.707106781187,0.));
#1224 = ORIENTED_EDGE('',*,*,#1225,.F.);
#1225 = EDGE_CURVE('',#1202,#1218,#1226,.T.);
#1226 = LINE('',#1227,#1228);
#1227 = CARTESIAN_POINT('',(52.125,66.125,215.));
#1228 = VECTOR('',#1229,1.);
#1229 = DIRECTION('',(-0.707106781187,-0.707106781187,0.));
#1230 = FACE_BOUND('',#1231,.T.);
#1231 = EDGE_LOOP('',(#1232,#1242,#1250,#1258));
#1232 = ORIENTED_EDGE('',*,*,#1233,.F.);
#1233 = EDGE_CURVE('',#1234,#1236,#1238,.T.);
#1234 = VERTEX_POINT('',#1235);
#1235 = CARTESIAN_POINT('',(106.5,108.5,215.));
#1236 = VERTEX_POINT('',#1237);
#1237 = CARTESIAN_POINT('',(100.5,114.5,215.));
#1238 = LINE('',#1239,#1240);
#1239 = CARTESIAN_POINT('',(91.875,123.125,215.));
#1240 = VECTOR('',#1241,1.);
#1241 = DIRECTION('',(-0.707106781187,0.707106781187,0.));
#1242 = ORIENTED_EDGE('',*,*,#1243,.F.);
#1243 = EDGE_CURVE('',#1244,#1234,#1246,.T.);
#1244 = VERTEX_POINT('',#1245);
#1245 = CARTESIAN_POINT('',(100.5,102.5,215.));
#1246 = LINE('',#1247,#1248);
#1247 = CARTESIAN_POINT('',(64.875,66.875,215.));
#1248 = VECTOR('',#1249,1.);
#1249 = DIRECTION('',(0.707106781187,0.707106781187,-0.));
#1250 = ORIENTED_EDGE('',*,*,#1251,.F.);
#1251 = EDGE_CURVE('',#1252,#1244,#1254,.T.);
#1252 = VERTEX_POINT('',#1253);
#1253 = CARTESIAN_POINT('',(94.5,108.5,215.));
#1254 = LINE('',#1255,#1256);
#1255 = CARTESIAN_POINT('',(88.875,114.125,215.));
#1256 = VECTOR('',#1257,1.);
#1257 = DIRECTION('',(0.707106781187,-0.707106781187,0.));
#1258 = ORIENTED_EDGE('',*,*,#1259,.F.);
#1259 = EDGE_CURVE('',#1236,#1252,#1260,.T.);
#1260 = LINE('',#1261,#1262);
#1261 = CARTESIAN_POINT('',(55.875,69.875,215.));
#1262 = VECTOR('',#1263,1.);
#1263 = DIRECTION('',(-0.707106781187,-0.707106781187,0.));
#1264 = FACE_BOUND('',#1265,.T.);
#1265 = EDGE_LOOP('',(#1266,#1276,#1284,#1292));
#1266 = ORIENTED_EDGE('',*,*,#1267,.F.);
#1267 = EDGE_CURVE('',#1268,#1270,#1272,.T.);
#1268 = VERTEX_POINT('',#1269);
#1269 = CARTESIAN_POINT('',(114.,101.,215.));
#1270 = VERTEX_POINT('',#1271);
#1271 = CARTESIAN_POINT('',(108.,107.,215.));
#1272 = LINE('',#1273,#1274);
#1273 = CARTESIAN_POINT('',(95.625,119.375,215.));
#1274 = VECTOR('',#1275,1.);
#1275 = DIRECTION('',(-0.707106781187,0.707106781187,0.));
#1276 = ORIENTED_EDGE('',*,*,#1277,.F.);
#1277 = EDGE_CURVE('',#1278,#1268,#1280,.T.);
#1278 = VERTEX_POINT('',#1279);
#1279 = CARTESIAN_POINT('',(108.,95.,215.));
#1280 = LINE('',#1281,#1282);
#1281 = CARTESIAN_POINT('',(72.375,59.375,215.));
#1282 = VECTOR('',#1283,1.);
#1283 = DIRECTION('',(0.707106781187,0.707106781187,-0.));
#1284 = ORIENTED_EDGE('',*,*,#1285,.F.);
#1285 = EDGE_CURVE('',#1286,#1278,#1288,.T.);
#1286 = VERTEX_POINT('',#1287);
#1287 = CARTESIAN_POINT('',(102.,101.,215.));
#1288 = LINE('',#1289,#1290);
#1289 = CARTESIAN_POINT('',(92.625,110.375,215.));
#1290 = VECTOR('',#1291,1.);
#1291 = DIRECTION('',(0.707106781187,-0.707106781187,0.));
#1292 = ORIENTED_EDGE('',*,*,#1293,.F.);
#1293 = EDGE_CURVE('',#1270,#1286,#1294,.T.);
#1294 = LINE('',#1295,#1296);
#1295 = CARTESIAN_POINT('',(63.375,62.375,215.));
#1296 = VECTOR('',#1297,1.);
#1297 = DIRECTION('',(-0.707106781187,-0.707106781187,0.));
#1298 = FACE_BOUND('',#1299,.T.);
#1299 = EDGE_LOOP('',(#1300,#1310,#1318,#1326));
#1300 = ORIENTED_EDGE('',*,*,#1301,.F.);
#1301 = EDGE_CURVE('',#1302,#1304,#1306,.T.);
#1302 = VERTEX_POINT('',#1303);
#1303 = CARTESIAN_POINT('',(99.,116.,215.));
#1304 = VERTEX_POINT('',#1305);
#1305 = CARTESIAN_POINT('',(93.,122.,215.));
#1306 = LINE('',#1307,#1308);
#1307 = CARTESIAN_POINT('',(88.125,126.875,215.));
#1308 = VECTOR('',#1309,1.);
#1309 = DIRECTION('',(-0.707106781187,0.707106781187,0.));
#1310 = ORIENTED_EDGE('',*,*,#1311,.F.);
#1311 = EDGE_CURVE('',#1312,#1302,#1314,.T.);
#1312 = VERTEX_POINT('',#1313);
#1313 = CARTESIAN_POINT('',(93.,110.,215.));
#1314 = LINE('',#1315,#1316);
#1315 = CARTESIAN_POINT('',(57.375,74.375,215.));
#1316 = VECTOR('',#1317,1.);
#1317 = DIRECTION('',(0.707106781187,0.707106781187,-0.));
#1318 = ORIENTED_EDGE('',*,*,#1319,.F.);
#1319 = EDGE_CURVE('',#1320,#1312,#1322,.T.);
#1320 = VERTEX_POINT('',#1321);
#1321 = CARTESIAN_POINT('',(87.,116.,215.));
#1322 = LINE('',#1323,#1324);
#1323 = CARTESIAN_POINT('',(85.125,117.875,215.));
#1324 = VECTOR('',#1325,1.);
#1325 = DIRECTION('',(0.707106781187,-0.707106781187,0.));
#1326 = ORIENTED_EDGE('',*,*,#1327,.F.);
#1327 = EDGE_CURVE('',#1304,#1320,#1328,.T.);
#1328 = LINE('',#1329,#1330);
#1329 = CARTESIAN_POINT('',(48.375,77.375,215.));
#1330 = VECTOR('',#1331,1.);
#1331 = DIRECTION('',(-0.707106781187,-0.707106781187,0.));
#1332 = FACE_BOUND('',#1333,.T.);
#1333 = EDGE_LOOP('',(#1334,#1344,#1352,#1360));
#1334 = ORIENTED_EDGE('',*,*,#1335,.F.);
#1335 = EDGE_CURVE('',#1336,#1338,#1340,.T.);
#1336 = VERTEX_POINT('',#1337);
#1337 = CARTESIAN_POINT('',(114.,116.,215.));
#1338 = VERTEX_POINT('',#1339);
#1339 = CARTESIAN_POINT('',(108.,122.,215.));
#1340 = LINE('',#1341,#1342);
#1341 = CARTESIAN_POINT('',(99.375,130.625,215.));
#1342 = VECTOR('',#1343,1.);
#1343 = DIRECTION('',(-0.707106781187,0.707106781187,0.));
#1344 = ORIENTED_EDGE('',*,*,#1345,.F.);
#1345 = EDGE_CURVE('',#1346,#1336,#1348,.T.);
#1346 = VERTEX_POINT('',#1347);
#1347 = CARTESIAN_POINT('',(108.,110.,215.));
#1348 = LINE('',#1349,#1350);
#1349 = CARTESIAN_POINT('',(68.625,70.625,215.));
#1350 = VECTOR('',#1351,1.);
#1351 = DIRECTION('',(0.707106781187,0.707106781187,-0.));
#1352 = ORIENTED_EDGE('',*,*,#1353,.F.);
#1353 = EDGE_CURVE('',#1354,#1346,#1356,.T.);
#1354 = VERTEX_POINT('',#1355);
#1355 = CARTESIAN_POINT('',(102.,116.,215.));
#1356 = LINE('',#1357,#1358);
#1357 = CARTESIAN_POINT('',(96.375,121.625,215.));
#1358 = VECTOR('',#1359,1.);
#1359 = DIRECTION('',(0.707106781187,-0.707106781187,0.));
#1360 = ORIENTED_EDGE('',*,*,#1361,.F.);
#1361 = EDGE_CURVE('',#1338,#1354,#1362,.T.);
#1362 = LINE('',#1363,#1364);
#1363 = CARTESIAN_POINT('',(59.625,73.625,215.));
#1364 = VECTOR('',#1365,1.);
#1365 = DIRECTION('',(-0.707106781187,-0.707106781187,0.));
#1366 = FACE_BOUND('',#1367,.T.);
#1367 = EDGE_LOOP('',(#1368,#1378,#1386,#1394));
#1368 = ORIENTED_EDGE('',*,*,#1369,.F.);
#1369 = EDGE_CURVE('',#1370,#1372,#1374,.T.);
#1370 = VERTEX_POINT('',#1371);
#1371 = CARTESIAN_POINT('',(129.,101.,215.));
#1372 = VERTEX_POINT('',#1373);
#1373 = CARTESIAN_POINT('',(123.,107.,215.));
#1374 = LINE('',#1375,#1376);
#1375 = CARTESIAN_POINT('',(106.875,123.125,215.));
#1376 = VECTOR('',#1377,1.);
#1377 = DIRECTION('',(-0.707106781187,0.707106781187,0.));
#1378 = ORIENTED_EDGE('',*,*,#1379,.F.);
#1379 = EDGE_CURVE('',#1380,#1370,#1382,.T.);
#1380 = VERTEX_POINT('',#1381);
#1381 = CARTESIAN_POINT('',(123.,95.,215.));
#1382 = LINE('',#1383,#1384);
#1383 = CARTESIAN_POINT('',(83.625,55.625,215.));
#1384 = VECTOR('',#1385,1.);
#1385 = DIRECTION('',(0.707106781187,0.707106781187,-0.));
#1386 = ORIENTED_EDGE('',*,*,#1387,.F.);
#1387 = EDGE_CURVE('',#1388,#1380,#1390,.T.);
#1388 = VERTEX_POINT('',#1389);
#1389 = CARTESIAN_POINT('',(117.,101.,215.));
#1390 = LINE('',#1391,#1392);
#1391 = CARTESIAN_POINT('',(103.875,114.125,215.));
#1392 = VECTOR('',#1393,1.);
#1393 = DIRECTION('',(0.707106781187,-0.707106781187,0.));
#1394 = ORIENTED_EDGE('',*,*,#1395,.F.);
#1395 = EDGE_CURVE('',#1372,#1388,#1396,.T.);
#1396 = LINE('',#1397,#1398);
#1397 = CARTESIAN_POINT('',(74.625,58.625,215.));
#1398 = VECTOR('',#1399,1.);
#1399 = DIRECTION('',(-0.707106781187,-0.707106781187,0.));
#1400 = FACE_BOUND('',#1401,.T.);
#1401 = EDGE_LOOP('',(#1402,#1412,#1420,#1428));
#1402 = ORIENTED_EDGE('',*,*,#1403,.F.);
#1403 = EDGE_CURVE('',#1404,#1406,#1408,.T.);
#1404 = VERTEX_POINT('',#1405);
#1405 = CARTESIAN_POINT('',(121.5,108.5,215.));
#1406 = VERTEX_POINT('',#1407);
#1407 = CARTESIAN_POINT('',(115.5,114.5,215.));
#1408 = LINE('',#1409,#1410);
#1409 = CARTESIAN_POINT('',(103.125,126.875,215.));
#1410 = VECTOR('',#1411,1.);
#1411 = DIRECTION('',(-0.707106781187,0.707106781187,0.));
#1412 = ORIENTED_EDGE('',*,*,#1413,.F.);
#1413 = EDGE_CURVE('',#1414,#1404,#1416,.T.);
#1414 = VERTEX_POINT('',#1415);
#1415 = CARTESIAN_POINT('',(115.5,102.5,215.));
#1416 = LINE('',#1417,#1418);
#1417 = CARTESIAN_POINT('',(76.125,63.125,215.));
#1418 = VECTOR('',#1419,1.);
#1419 = DIRECTION('',(0.707106781187,0.707106781187,-0.));
#1420 = ORIENTED_EDGE('',*,*,#1421,.F.);
#1421 = EDGE_CURVE('',#1422,#1414,#1424,.T.);
#1422 = VERTEX_POINT('',#1423);
#1423 = CARTESIAN_POINT('',(109.5,108.5,215.));
#1424 = LINE('',#1425,#1426);
#1425 = CARTESIAN_POINT('',(100.125,117.875,215.));
#1426 = VECTOR('',#1427,1.);
#1427 = DIRECTION('',(0.707106781187,-0.707106781187,0.));
#1428 = ORIENTED_EDGE('',*,*,#1429,.F.);
#1429 = EDGE_CURVE('',#1406,#1422,#1430,.T.);
#1430 = LINE('',#1431,#1432);
#1431 = CARTESIAN_POINT('',(67.125,66.125,215.));
#1432 = VECTOR('',#1433,1.);
#1433 = DIRECTION('',(-0.707106781187,-0.707106781187,0.));
#1434 = FACE_BOUND('',#1435,.T.);
#1435 = EDGE_LOOP('',(#1436,#1446,#1454,#1462));
#1436 = ORIENTED_EDGE('',*,*,#1437,.F.);
#1437 = EDGE_CURVE('',#1438,#1440,#1442,.T.);
#1438 = VERTEX_POINT('',#1439);
#1439 = CARTESIAN_POINT('',(129.,116.,215.));
#1440 = VERTEX_POINT('',#1441);
#1441 = CARTESIAN_POINT('',(123.,122.,215.));
#1442 = LINE('',#1443,#1444);
#1443 = CARTESIAN_POINT('',(110.625,134.375,215.));
#1444 = VECTOR('',#1445,1.);
#1445 = DIRECTION('',(-0.707106781187,0.707106781187,0.));
#1446 = ORIENTED_EDGE('',*,*,#1447,.F.);
#1447 = EDGE_CURVE('',#1448,#1438,#1450,.T.);
#1448 = VERTEX_POINT('',#1449);
#1449 = CARTESIAN_POINT('',(123.,110.,215.));
#1450 = LINE('',#1451,#1452);
#1451 = CARTESIAN_POINT('',(79.875,66.875,215.));
#1452 = VECTOR('',#1453,1.);
#1453 = DIRECTION('',(0.707106781187,0.707106781187,-0.));
#1454 = ORIENTED_EDGE('',*,*,#1455,.F.);
#1455 = EDGE_CURVE('',#1456,#1448,#1458,.T.);
#1456 = VERTEX_POINT('',#1457);
#1457 = CARTESIAN_POINT('',(117.,116.,215.));
#1458 = LINE('',#1459,#1460);
#1459 = CARTESIAN_POINT('',(107.625,125.375,215.));
#1460 = VECTOR('',#1461,1.);
#1461 = DIRECTION('',(0.707106781187,-0.707106781187,0.));
#1462 = ORIENTED_EDGE('',*,*,#1463,.F.);
#1463 = EDGE_CURVE('',#1440,#1456,#1464,.T.);
#1464 = LINE('',#1465,#1466);
#1465 = CARTESIAN_POINT('',(70.875,69.875,215.));
#1466 = VECTOR('',#1467,1.);
#1467 = DIRECTION('',(-0.707106781187,-0.707106781187,0.));
#1468 = FACE_BOUND('',#1469,.T.);
#1469 = EDGE_LOOP('',(#1470,#1480,#1488,#1496));
#1470 = ORIENTED_EDGE('',*,*,#1471,.F.);
#1471 = EDGE_CURVE('',#1472,#1474,#1476,.T.);
#1472 = VERTEX_POINT('',#1473);
#1473 = CARTESIAN_POINT('',(106.5,123.5,215.));
#1474 = VERTEX_POINT('',#1475);
#1475 = CARTESIAN_POINT('',(100.5,129.5,215.));
#1476 = LINE('',#1477,#1478);
#1477 = CARTESIAN_POINT('',(95.625,134.375,215.));
#1478 = VECTOR('',#1479,1.);
#1479 = DIRECTION('',(-0.707106781187,0.707106781187,0.));
#1480 = ORIENTED_EDGE('',*,*,#1481,.F.);
#1481 = EDGE_CURVE('',#1482,#1472,#1484,.T.);
#1482 = VERTEX_POINT('',#1483);
#1483 = CARTESIAN_POINT('',(100.5,117.5,215.));
#1484 = LINE('',#1485,#1486);
#1485 = CARTESIAN_POINT('',(61.125,78.125,215.));
#1486 = VECTOR('',#1487,1.);
#1487 = DIRECTION('',(0.707106781187,0.707106781187,-0.));
#1488 = ORIENTED_EDGE('',*,*,#1489,.F.);
#1489 = EDGE_CURVE('',#1490,#1482,#1492,.T.);
#1490 = VERTEX_POINT('',#1491);
#1491 = CARTESIAN_POINT('',(94.5,123.5,215.));
#1492 = LINE('',#1493,#1494);
#1493 = CARTESIAN_POINT('',(92.625,125.375,215.));
#1494 = VECTOR('',#1495,1.);
#1495 = DIRECTION('',(0.707106781187,-0.707106781187,0.));
#1496 = ORIENTED_EDGE('',*,*,#1497,.F.);
#1497 = EDGE_CURVE('',#1474,#1490,#1498,.T.);
#1498 = LINE('',#1499,#1500);
#1499 = CARTESIAN_POINT('',(52.125,81.125,215.));
#1500 = VECTOR('',#1501,1.);
#1501 = DIRECTION('',(-0.707106781187,-0.707106781187,0.));
#1502 = FACE_BOUND('',#1503,.T.);
#1503 = EDGE_LOOP('',(#1504,#1514,#1522,#1530));
#1504 = ORIENTED_EDGE('',*,*,#1505,.F.);
#1505 = EDGE_CURVE('',#1506,#1508,#1510,.T.);
#1506 = VERTEX_POINT('',#1507);
#1507 = CARTESIAN_POINT('',(99.,131.,215.));
#1508 = VERTEX_POINT('',#1509);
#1509 = CARTESIAN_POINT('',(93.,137.,215.));
#1510 = LINE('',#1511,#1512);
#1511 = CARTESIAN_POINT('',(91.875,138.125,215.));
#1512 = VECTOR('',#1513,1.);
#1513 = DIRECTION('',(-0.707106781187,0.707106781187,0.));
#1514 = ORIENTED_EDGE('',*,*,#1515,.F.);
#1515 = EDGE_CURVE('',#1516,#1506,#1518,.T.);
#1516 = VERTEX_POINT('',#1517);
#1517 = CARTESIAN_POINT('',(93.,125.,215.));
#1518 = LINE('',#1519,#1520);
#1519 = CARTESIAN_POINT('',(53.625,85.625,215.));
#1520 = VECTOR('',#1521,1.);
#1521 = DIRECTION('',(0.707106781187,0.707106781187,-0.));
#1522 = ORIENTED_EDGE('',*,*,#1523,.F.);
#1523 = EDGE_CURVE('',#1524,#1516,#1526,.T.);
#1524 = VERTEX_POINT('',#1525);
#1525 = CARTESIAN_POINT('',(87.,131.,215.));
#1526 = LINE('',#1527,#1528);
#1527 = CARTESIAN_POINT('',(88.875,129.125,215.));
#1528 = VECTOR('',#1529,1.);
#1529 = DIRECTION('',(0.707106781187,-0.707106781187,0.));
#1530 = ORIENTED_EDGE('',*,*,#1531,.F.);
#1531 = EDGE_CURVE('',#1508,#1524,#1532,.T.);
#1532 = LINE('',#1533,#1534);
#1533 = CARTESIAN_POINT('',(44.625,88.625,215.));
#1534 = VECTOR('',#1535,1.);
#1535 = DIRECTION('',(-0.707106781187,-0.707106781187,0.));
#1536 = FACE_BOUND('',#1537,.T.);
#1537 = EDGE_LOOP('',(#1538,#1548,#1556,#1564));
#1538 = ORIENTED_EDGE('',*,*,#1539,.F.);
#1539 = EDGE_CURVE('',#1540,#1542,#1544,.T.);
#1540 = VERTEX_POINT('',#1541);
#1541 = CARTESIAN_POINT('',(114.,131.,215.));
#1542 = VERTEX_POINT('',#1543);
#1543 = CARTESIAN_POINT('',(108.,137.,215.));
#1544 = LINE('',#1545,#1546);
#1545 = CARTESIAN_POINT('',(103.125,141.875,215.));
#1546 = VECTOR('',#1547,1.);
#1547 = DIRECTION('',(-0.707106781187,0.707106781187,0.));
#1548 = ORIENTED_EDGE('',*,*,#1549,.F.);
#1549 = EDGE_CURVE('',#1550,#1540,#1552,.T.);
#1550 = VERTEX_POINT('',#1551);
#1551 = CARTESIAN_POINT('',(108.,125.,215.));
#1552 = LINE('',#1553,#1554);
#1553 = CARTESIAN_POINT('',(64.875,81.875,215.));
#1554 = VECTOR('',#1555,1.);
#1555 = DIRECTION('',(0.707106781187,0.707106781187,-0.));
#1556 = ORIENTED_EDGE('',*,*,#1557,.F.);
#1557 = EDGE_CURVE('',#1558,#1550,#1560,.T.);
#1558 = VERTEX_POINT('',#1559);
#1559 = CARTESIAN_POINT('',(102.,131.,215.));
#1560 = LINE('',#1561,#1562);
#1561 = CARTESIAN_POINT('',(100.125,132.875,215.));
#1562 = VECTOR('',#1563,1.);
#1563 = DIRECTION('',(0.707106781187,-0.707106781187,0.));
#1564 = ORIENTED_EDGE('',*,*,#1565,.F.);
#1565 = EDGE_CURVE('',#1542,#1558,#1566,.T.);
#1566 = LINE('',#1567,#1568);
#1567 = CARTESIAN_POINT('',(55.875,84.875,215.));
#1568 = VECTOR('',#1569,1.);
#1569 = DIRECTION('',(-0.707106781187,-0.707106781187,0.));
#1570 = FACE_BOUND('',#1571,.T.);
#1571 = EDGE_LOOP('',(#1572,#1582,#1590,#1598));
#1572 = ORIENTED_EDGE('',*,*,#1573,.F.);
#1573 = EDGE_CURVE('',#1574,#1576,#1578,.T.);
#1574 = VERTEX_POINT('',#1575);
#1575 = CARTESIAN_POINT('',(121.5,123.5,215.));
#1576 = VERTEX_POINT('',#1577);
#1577 = CARTESIAN_POINT('',(115.5,129.5,215.));
#1578 = LINE('',#1579,#1580);
#1579 = CARTESIAN_POINT('',(106.875,138.125,215.));
#1580 = VECTOR('',#1581,1.);
#1581 = DIRECTION('',(-0.707106781187,0.707106781187,0.));
#1582 = ORIENTED_EDGE('',*,*,#1583,.F.);
#1583 = EDGE_CURVE('',#1584,#1574,#1586,.T.);
#1584 = VERTEX_POINT('',#1585);
#1585 = CARTESIAN_POINT('',(115.5,117.5,215.));
#1586 = LINE('',#1587,#1588);
#1587 = CARTESIAN_POINT('',(72.375,74.375,215.));
#1588 = VECTOR('',#1589,1.);
#1589 = DIRECTION('',(0.707106781187,0.707106781187,-0.));
#1590 = ORIENTED_EDGE('',*,*,#1591,.F.);
#1591 = EDGE_CURVE('',#1592,#1584,#1594,.T.);
#1592 = VERTEX_POINT('',#1593);
#1593 = CARTESIAN_POINT('',(109.5,123.5,215.));
#1594 = LINE('',#1595,#1596);
#1595 = CARTESIAN_POINT('',(103.875,129.125,215.));
#1596 = VECTOR('',#1597,1.);
#1597 = DIRECTION('',(0.707106781187,-0.707106781187,0.));
#1598 = ORIENTED_EDGE('',*,*,#1599,.F.);
#1599 = EDGE_CURVE('',#1576,#1592,#1600,.T.);
#1600 = LINE('',#1601,#1602);
#1601 = CARTESIAN_POINT('',(63.375,77.375,215.));
#1602 = VECTOR('',#1603,1.);
#1603 = DIRECTION('',(-0.707106781187,-0.707106781187,0.));
#1604 = FACE_BOUND('',#1605,.T.);
#1605 = EDGE_LOOP('',(#1606));
#1606 = ORIENTED_EDGE('',*,*,#1607,.F.);
#1607 = EDGE_CURVE('',#1608,#1608,#1610,.T.);
#1608 = VERTEX_POINT('',#1609);
#1609 = CARTESIAN_POINT('',(136.35,142.25,215.));
#1610 = CIRCLE('',#1611,2.1);
#1611 = AXIS2_PLACEMENT_3D('',#1612,#1613,#1614);
#1612 = CARTESIAN_POINT('',(134.25,142.25,215.));
#1613 = DIRECTION('',(0.,0.,1.));
#1614 = DIRECTION('',(1.,0.,-0.));
#1615 = PLANE('',#1616);
#1616 = AXIS2_PLACEMENT_3D('',#1617,#1618,#1619);
#1617 = CARTESIAN_POINT('',(0.,48.5,215.));
#1618 = DIRECTION('',(0.,0.,1.));
#1619 = DIRECTION('',(1.,0.,-0.));
#1620 = ADVANCED_FACE('',(#1621,#1655),#1689,.T.);
#1621 = FACE_BOUND('',#1622,.T.);
#1622 = EDGE_LOOP('',(#1623,#1631,#1632,#1633,#1641,#1649));
#1623 = ORIENTED_EDGE('',*,*,#1624,.F.);
#1624 = EDGE_CURVE('',#72,#1625,#1627,.T.);
#1625 = VERTEX_POINT('',#1626);
#1626 = CARTESIAN_POINT('',(2.1,151.5,138.));
#1627 = LINE('',#1628,#1629);
#1628 = CARTESIAN_POINT('',(0.,151.5,138.));
#1629 = VECTOR('',#1630,1.);
#1630 = DIRECTION('',(1.,0.,-0.));
#1631 = ORIENTED_EDGE('',*,*,#79,.T.);
#1632 = ORIENTED_EDGE('',*,*,#308,.T.);
#1633 = ORIENTED_EDGE('',*,*,#1634,.F.);
#1634 = EDGE_CURVE('',#1635,#301,#1637,.T.);
#1635 = VERTEX_POINT('',#1636);
#1636 = CARTESIAN_POINT('',(186.,151.5,138.));
#1637 = LINE('',#1638,#1639);
#1638 = CARTESIAN_POINT('',(186.,151.5,138.));
#1639 = VECTOR('',#1640,1.);
#1640 = DIRECTION('',(0.,0.,1.));
#1641 = ORIENTED_EDGE('',*,*,#1642,.F.);
#1642 = EDGE_CURVE('',#1643,#1635,#1645,.T.);
#1643 = VERTEX_POINT('',#1644);
#1644 = CARTESIAN_POINT('',(183.9,151.5,138.));
#1645 = LINE('',#1646,#1647);
#1646 = CARTESIAN_POINT('',(0.,151.5,138.));
#1647 = VECTOR('',#1648,1.);
#1648 = DIRECTION('',(1.,0.,-0.));
#1649 = ORIENTED_EDGE('',*,*,#1650,.F.);
#1650 = EDGE_CURVE('',#1625,#1643,#1651,.T.);
#1651 = LINE('',#1652,#1653);
#1652 = CARTESIAN_POINT('',(0.,151.5,138.));
#1653 = VECTOR('',#1654,1.);
#1654 = DIRECTION('',(1.,0.,-0.));
#1655 = FACE_BOUND('',#1656,.T.);
#1656 = EDGE_LOOP('',(#1657,#1667,#1675,#1683));
#1657 = ORIENTED_EDGE('',*,*,#1658,.F.);
#1658 = EDGE_CURVE('',#1659,#1661,#1663,.T.);
#1659 = VERTEX_POINT('',#1660);
#1660 = CARTESIAN_POINT('',(21.1,151.5,209.5));
#1661 = VERTEX_POINT('',#1662);
#1662 = CARTESIAN_POINT('',(164.9,151.5,209.5));
#1663 = LINE('',#1664,#1665);
#1664 = CARTESIAN_POINT('',(10.55,151.5,209.5));
#1665 = VECTOR('',#1666,1.);
#1666 = DIRECTION('',(1.,0.,-0.));
#1667 = ORIENTED_EDGE('',*,*,#1668,.T.);
#1668 = EDGE_CURVE('',#1659,#1669,#1671,.T.);
#1669 = VERTEX_POINT('',#1670);
#1670 = CARTESIAN_POINT('',(21.1,151.5,165.));
#1671 = LINE('',#1672,#1673);
#1672 = CARTESIAN_POINT('',(21.1,151.5,151.5));
#1673 = VECTOR('',#1674,1.);
#1674 = DIRECTION('',(-0.,0.,-1.));
#1675 = ORIENTED_EDGE('',*,*,#1676,.T.);
#1676 = EDGE_CURVE('',#1669,#1677,#1679,.T.);
#1677 = VERTEX_POINT('',#1678);
#1678 = CARTESIAN_POINT('',(164.9,151.5,165.));
#1679 = LINE('',#1680,#1681);
#1680 = CARTESIAN_POINT('',(10.55,151.5,165.));
#1681 = VECTOR('',#1682,1.);
#1682 = DIRECTION('',(1.,0.,-0.));
#1683 = ORIENTED_EDGE('',*,*,#1684,.F.);
#1684 = EDGE_CURVE('',#1661,#1677,#1685,.T.);
#1685 = LINE('',#1686,#1687);
#1686 = CARTESIAN_POINT('',(164.9,151.5,151.5));
#1687 = VECTOR('',#1688,1.);
#1688 = DIRECTION('',(-0.,0.,-1.));
#1689 = PLANE('',#1690);
#1690 = AXIS2_PLACEMENT_3D('',#1691,#1692,#1693);
#1691 = CARTESIAN_POINT('',(0.,151.5,138.));
#1692 = DIRECTION('',(-0.,1.,0.));
#1693 = DIRECTION('',(0.,0.,1.));
#1694 = ADVANCED_FACE('',(#1695),#1720,.F.);
#1695 = FACE_BOUND('',#1696,.F.);
#1696 = EDGE_LOOP('',(#1697,#1705,#1713,#1719));
#1697 = ORIENTED_EDGE('',*,*,#1698,.F.);
#1698 = EDGE_CURVE('',#1699,#64,#1701,.T.);
#1699 = VERTEX_POINT('',#1700);
#1700 = CARTESIAN_POINT('',(0.,149.4,133.5));
#1701 = LINE('',#1702,#1703);
#1702 = CARTESIAN_POINT('',(0.,149.4,133.5));
#1703 = VECTOR('',#1704,1.);
#1704 = DIRECTION('',(0.,0.,1.));
#1705 = ORIENTED_EDGE('',*,*,#1706,.T.);
#1706 = EDGE_CURVE('',#1699,#1707,#1709,.T.);
#1707 = VERTEX_POINT('',#1708);
#1708 = CARTESIAN_POINT('',(0.,151.5,133.5));
#1709 = LINE('',#1710,#1711);
#1710 = CARTESIAN_POINT('',(0.,48.5,133.5));
#1711 = VECTOR('',#1712,1.);
#1712 = DIRECTION('',(-0.,1.,0.));
#1713 = ORIENTED_EDGE('',*,*,#1714,.T.);
#1714 = EDGE_CURVE('',#1707,#72,#1715,.T.);
#1715 = LINE('',#1716,#1717);
#1716 = CARTESIAN_POINT('',(0.,151.5,133.5));
#1717 = VECTOR('',#1718,1.);
#1718 = DIRECTION('',(0.,0.,1.));
#1719 = ORIENTED_EDGE('',*,*,#71,.F.);
#1720 = PLANE('',#1721);
#1721 = AXIS2_PLACEMENT_3D('',#1722,#1723,#1724);
#1722 = CARTESIAN_POINT('',(0.,48.5,133.5));
#1723 = DIRECTION('',(1.,0.,-0.));
#1724 = DIRECTION('',(0.,0.,1.));
#1725 = ADVANCED_FACE('',(#1726),#1751,.F.);
#1726 = FACE_BOUND('',#1727,.F.);
#1727 = EDGE_LOOP('',(#1728,#1736,#1742,#1743,#1744,#1750));
#1728 = ORIENTED_EDGE('',*,*,#1729,.F.);
#1729 = EDGE_CURVE('',#1730,#22,#1732,.T.);
#1730 = VERTEX_POINT('',#1731);
#1731 = CARTESIAN_POINT('',(0.,48.5,133.5));
#1732 = LINE('',#1733,#1734);
#1733 = CARTESIAN_POINT('',(0.,48.5,133.5));
#1734 = VECTOR('',#1735,1.);
#1735 = DIRECTION('',(0.,0.,1.));
#1736 = ORIENTED_EDGE('',*,*,#1737,.T.);
#1737 = EDGE_CURVE('',#1730,#1699,#1738,.T.);
#1738 = LINE('',#1739,#1740);
#1739 = CARTESIAN_POINT('',(0.,48.5,133.5));
#1740 = VECTOR('',#1741,1.);
#1741 = DIRECTION('',(-0.,1.,0.));
#1742 = ORIENTED_EDGE('',*,*,#1698,.T.);
#1743 = ORIENTED_EDGE('',*,*,#63,.F.);
#1744 = ORIENTED_EDGE('',*,*,#1745,.F.);
#1745 = EDGE_CURVE('',#32,#56,#1746,.T.);
#1746 = LINE('',#1747,#1748);
#1747 = CARTESIAN_POINT('',(0.,48.5,138.));
#1748 = VECTOR('',#1749,1.);
#1749 = DIRECTION('',(-0.,1.,0.));
#1750 = ORIENTED_EDGE('',*,*,#31,.F.);
#1751 = PLANE('',#1752);
#1752 = AXIS2_PLACEMENT_3D('',#1753,#1754,#1755);
#1753 = CARTESIAN_POINT('',(0.,48.5,133.5));
#1754 = DIRECTION('',(1.,0.,-0.));
#1755 = DIRECTION('',(0.,0.,1.));
#1756 = ADVANCED_FACE('',(#1757),#1763,.F.);
#1757 = FACE_BOUND('',#1758,.F.);
#1758 = EDGE_LOOP('',(#1759,#1760,#1761,#1762));
#1759 = ORIENTED_EDGE('',*,*,#39,.F.);
#1760 = ORIENTED_EDGE('',*,*,#1745,.T.);
#1761 = ORIENTED_EDGE('',*,*,#55,.T.);
#1762 = ORIENTED_EDGE('',*,*,#47,.F.);
#1763 = PLANE('',#1764);
#1764 = AXIS2_PLACEMENT_3D('',#1765,#1766,#1767);
#1765 = CARTESIAN_POINT('',(0.,48.5,138.));
#1766 = DIRECTION('',(1.,0.,-0.));
#1767 = DIRECTION('',(0.,0.,1.));
#1768 = ADVANCED_FACE('',(#1769),#1795,.F.);
#1769 = FACE_BOUND('',#1770,.F.);
#1770 = EDGE_LOOP('',(#1771,#1779,#1780,#1781,#1789));
#1771 = ORIENTED_EDGE('',*,*,#1772,.F.);
#1772 = EDGE_CURVE('',#1730,#1773,#1775,.T.);
#1773 = VERTEX_POINT('',#1774);
#1774 = CARTESIAN_POINT('',(2.1,48.5,133.5));
#1775 = LINE('',#1776,#1777);
#1776 = CARTESIAN_POINT('',(0.,48.5,133.5));
#1777 = VECTOR('',#1778,1.);
#1778 = DIRECTION('',(1.,0.,-0.));
#1779 = ORIENTED_EDGE('',*,*,#1729,.T.);
#1780 = ORIENTED_EDGE('',*,*,#101,.T.);
#1781 = ORIENTED_EDGE('',*,*,#1782,.T.);
#1782 = EDGE_CURVE('',#102,#1783,#1785,.T.);
#1783 = VERTEX_POINT('',#1784);
#1784 = CARTESIAN_POINT('',(2.1,48.5,138.));
#1785 = LINE('',#1786,#1787);
#1786 = CARTESIAN_POINT('',(0.,48.5,138.));
#1787 = VECTOR('',#1788,1.);
#1788 = DIRECTION('',(1.,0.,-0.));
#1789 = ORIENTED_EDGE('',*,*,#1790,.F.);
#1790 = EDGE_CURVE('',#1773,#1783,#1791,.T.);
#1791 = LINE('',#1792,#1793);
#1792 = CARTESIAN_POINT('',(2.1,48.5,133.5));
#1793 = VECTOR('',#1794,1.);
#1794 = DIRECTION('',(0.,0.,1.));
#1795 = PLANE('',#1796);
#1796 = AXIS2_PLACEMENT_3D('',#1797,#1798,#1799);
#1797 = CARTESIAN_POINT('',(0.,48.5,133.5));
#1798 = DIRECTION('',(-0.,1.,0.));
#1799 = DIRECTION('',(0.,0.,1.));
#1800 = ADVANCED_FACE('',(#1801),#1826,.T.);
#1801 = FACE_BOUND('',#1802,.T.);
#1802 = EDGE_LOOP('',(#1803,#1811,#1812,#1820));
#1803 = ORIENTED_EDGE('',*,*,#1804,.F.);
#1804 = EDGE_CURVE('',#175,#1805,#1807,.T.);
#1805 = VERTEX_POINT('',#1806);
#1806 = CARTESIAN_POINT('',(1.35,51.6,213.8));
#1807 = LINE('',#1808,#1809);
#1808 = CARTESIAN_POINT('',(1.35,48.4,213.8));
#1809 = VECTOR('',#1810,1.);
#1810 = DIRECTION('',(-0.,1.,0.));
#1811 = ORIENTED_EDGE('',*,*,#182,.T.);
#1812 = ORIENTED_EDGE('',*,*,#1813,.T.);
#1813 = EDGE_CURVE('',#102,#1814,#1816,.T.);
#1814 = VERTEX_POINT('',#1815);
#1815 = CARTESIAN_POINT('',(1.35,51.6,138.));
#1816 = LINE('',#1817,#1818);
#1817 = CARTESIAN_POINT('',(1.35,48.4,138.));
#1818 = VECTOR('',#1819,1.);
#1819 = DIRECTION('',(-0.,1.,0.));
#1820 = ORIENTED_EDGE('',*,*,#1821,.T.);
#1821 = EDGE_CURVE('',#1814,#1805,#1822,.T.);
#1822 = LINE('',#1823,#1824);
#1823 = CARTESIAN_POINT('',(1.35,51.6,138.));
#1824 = VECTOR('',#1825,1.);
#1825 = DIRECTION('',(0.,0.,1.));
#1826 = PLANE('',#1827);
#1827 = AXIS2_PLACEMENT_3D('',#1828,#1829,#1830);
#1828 = CARTESIAN_POINT('',(1.35,48.4,138.));
#1829 = DIRECTION('',(1.,0.,-0.));
#1830 = DIRECTION('',(0.,0.,1.));
#1831 = ADVANCED_FACE('',(#1832),#1850,.F.);
#1832 = FACE_BOUND('',#1833,.F.);
#1833 = EDGE_LOOP('',(#1834,#1835,#1836,#1844));
#1834 = ORIENTED_EDGE('',*,*,#1804,.F.);
#1835 = ORIENTED_EDGE('',*,*,#174,.T.);
#1836 = ORIENTED_EDGE('',*,*,#1837,.T.);
#1837 = EDGE_CURVE('',#167,#1838,#1840,.T.);
#1838 = VERTEX_POINT('',#1839);
#1839 = CARTESIAN_POINT('',(3.15,51.6,213.8));
#1840 = LINE('',#1841,#1842);
#1841 = CARTESIAN_POINT('',(3.15,48.4,213.8));
#1842 = VECTOR('',#1843,1.);
#1843 = DIRECTION('',(-0.,1.,0.));
#1844 = ORIENTED_EDGE('',*,*,#1845,.F.);
#1845 = EDGE_CURVE('',#1805,#1838,#1846,.T.);
#1846 = LINE('',#1847,#1848);
#1847 = CARTESIAN_POINT('',(1.35,51.6,213.8));
#1848 = VECTOR('',#1849,1.);
#1849 = DIRECTION('',(1.,0.,-0.));
#1850 = PLANE('',#1851);
#1851 = AXIS2_PLACEMENT_3D('',#1852,#1853,#1854);
#1852 = CARTESIAN_POINT('',(1.35,48.4,213.8));
#1853 = DIRECTION('',(0.,0.,1.));
#1854 = DIRECTION('',(1.,0.,-0.));
#1855 = ADVANCED_FACE('',(#1856),#1907,.T.);
#1856 = FACE_BOUND('',#1857,.T.);
#1857 = EDGE_LOOP('',(#1858,#1859,#1867,#1875,#1883,#1891,#1899,#1905,
    #1906));
#1858 = ORIENTED_EDGE('',*,*,#118,.F.);
#1859 = ORIENTED_EDGE('',*,*,#1860,.T.);
#1860 = EDGE_CURVE('',#119,#1861,#1863,.T.);
#1861 = VERTEX_POINT('',#1862);
#1862 = CARTESIAN_POINT('',(186.,94.5,138.));
#1863 = LINE('',#1864,#1865);
#1864 = CARTESIAN_POINT('',(186.,48.5,138.));
#1865 = VECTOR('',#1866,1.);
#1866 = DIRECTION('',(-0.,1.,0.));
#1867 = ORIENTED_EDGE('',*,*,#1868,.T.);
#1868 = EDGE_CURVE('',#1861,#1869,#1871,.T.);
#1869 = VERTEX_POINT('',#1870);
#1870 = CARTESIAN_POINT('',(186.,94.5,142.));
#1871 = LINE('',#1872,#1873);
#1872 = CARTESIAN_POINT('',(186.,94.5,138.));
#1873 = VECTOR('',#1874,1.);
#1874 = DIRECTION('',(0.,0.,1.));
#1875 = ORIENTED_EDGE('',*,*,#1876,.T.);
#1876 = EDGE_CURVE('',#1869,#1877,#1879,.T.);
#1877 = VERTEX_POINT('',#1878);
#1878 = CARTESIAN_POINT('',(186.,105.5,142.));
#1879 = LINE('',#1880,#1881);
#1880 = CARTESIAN_POINT('',(186.,94.5,142.));
#1881 = VECTOR('',#1882,1.);
#1882 = DIRECTION('',(0.,1.,0.));
#1883 = ORIENTED_EDGE('',*,*,#1884,.F.);
#1884 = EDGE_CURVE('',#1885,#1877,#1887,.T.);
#1885 = VERTEX_POINT('',#1886);
#1886 = CARTESIAN_POINT('',(186.,105.5,138.));
#1887 = LINE('',#1888,#1889);
#1888 = CARTESIAN_POINT('',(186.,105.5,138.));
#1889 = VECTOR('',#1890,1.);
#1890 = DIRECTION('',(0.,0.,1.));
#1891 = ORIENTED_EDGE('',*,*,#1892,.T.);
#1892 = EDGE_CURVE('',#1885,#1893,#1895,.T.);
#1893 = VERTEX_POINT('',#1894);
#1894 = CARTESIAN_POINT('',(186.,149.4,138.));
#1895 = LINE('',#1896,#1897);
#1896 = CARTESIAN_POINT('',(186.,48.5,138.));
#1897 = VECTOR('',#1898,1.);
#1898 = DIRECTION('',(-0.,1.,0.));
#1899 = ORIENTED_EDGE('',*,*,#1900,.T.);
#1900 = EDGE_CURVE('',#1893,#1635,#1901,.T.);
#1901 = LINE('',#1902,#1903);
#1902 = CARTESIAN_POINT('',(186.,48.5,138.));
#1903 = VECTOR('',#1904,1.);
#1904 = DIRECTION('',(-0.,1.,0.));
#1905 = ORIENTED_EDGE('',*,*,#1634,.T.);
#1906 = ORIENTED_EDGE('',*,*,#300,.F.);
#1907 = PLANE('',#1908);
#1908 = AXIS2_PLACEMENT_3D('',#1909,#1910,#1911);
#1909 = CARTESIAN_POINT('',(186.,48.5,138.));
#1910 = DIRECTION('',(1.,0.,-0.));
#1911 = DIRECTION('',(0.,0.,1.));
#1912 = ADVANCED_FACE('',(#1913),#1931,.F.);
#1913 = FACE_BOUND('',#1914,.F.);
#1914 = EDGE_LOOP('',(#1915,#1916,#1917,#1925));
#1915 = ORIENTED_EDGE('',*,*,#1837,.F.);
#1916 = ORIENTED_EDGE('',*,*,#166,.T.);
#1917 = ORIENTED_EDGE('',*,*,#1918,.T.);
#1918 = EDGE_CURVE('',#159,#1919,#1921,.T.);
#1919 = VERTEX_POINT('',#1920);
#1920 = CARTESIAN_POINT('',(3.15,51.6,138.));
#1921 = LINE('',#1922,#1923);
#1922 = CARTESIAN_POINT('',(3.15,48.4,138.));
#1923 = VECTOR('',#1924,1.);
#1924 = DIRECTION('',(-0.,1.,0.));
#1925 = ORIENTED_EDGE('',*,*,#1926,.T.);
#1926 = EDGE_CURVE('',#1919,#1838,#1927,.T.);
#1927 = LINE('',#1928,#1929);
#1928 = CARTESIAN_POINT('',(3.15,51.6,138.));
#1929 = VECTOR('',#1930,1.);
#1930 = DIRECTION('',(0.,0.,1.));
#1931 = PLANE('',#1932);
#1932 = AXIS2_PLACEMENT_3D('',#1933,#1934,#1935);
#1933 = CARTESIAN_POINT('',(3.15,48.4,138.));
#1934 = DIRECTION('',(1.,0.,-0.));
#1935 = DIRECTION('',(0.,0.,1.));
#1936 = ADVANCED_FACE('',(#1937),#1970,.F.);
#1937 = FACE_BOUND('',#1938,.F.);
#1938 = EDGE_LOOP('',(#1939,#1949,#1957,#1963,#1964));
#1939 = ORIENTED_EDGE('',*,*,#1940,.F.);
#1940 = EDGE_CURVE('',#1941,#1943,#1945,.T.);
#1941 = VERTEX_POINT('',#1942);
#1942 = CARTESIAN_POINT('',(183.9,48.5,133.5));
#1943 = VERTEX_POINT('',#1944);
#1944 = CARTESIAN_POINT('',(186.,48.5,133.5));
#1945 = LINE('',#1946,#1947);
#1946 = CARTESIAN_POINT('',(183.9,48.5,133.5));
#1947 = VECTOR('',#1948,1.);
#1948 = DIRECTION('',(1.,0.,-0.));
#1949 = ORIENTED_EDGE('',*,*,#1950,.T.);
#1950 = EDGE_CURVE('',#1941,#1951,#1953,.T.);
#1951 = VERTEX_POINT('',#1952);
#1952 = CARTESIAN_POINT('',(183.9,48.5,138.));
#1953 = LINE('',#1954,#1955);
#1954 = CARTESIAN_POINT('',(183.9,48.5,133.5));
#1955 = VECTOR('',#1956,1.);
#1956 = DIRECTION('',(0.,0.,1.));
#1957 = ORIENTED_EDGE('',*,*,#1958,.T.);
#1958 = EDGE_CURVE('',#1951,#127,#1959,.T.);
#1959 = LINE('',#1960,#1961);
#1960 = CARTESIAN_POINT('',(0.,48.5,138.));
#1961 = VECTOR('',#1962,1.);
#1962 = DIRECTION('',(1.,0.,-0.));
#1963 = ORIENTED_EDGE('',*,*,#126,.T.);
#1964 = ORIENTED_EDGE('',*,*,#1965,.F.);
#1965 = EDGE_CURVE('',#1943,#119,#1966,.T.);
#1966 = LINE('',#1967,#1968);
#1967 = CARTESIAN_POINT('',(186.,48.5,133.5));
#1968 = VECTOR('',#1969,1.);
#1969 = DIRECTION('',(0.,0.,1.));
#1970 = PLANE('',#1971);
#1971 = AXIS2_PLACEMENT_3D('',#1972,#1973,#1974);
#1972 = CARTESIAN_POINT('',(183.9,48.5,133.5));
#1973 = DIRECTION('',(-0.,1.,0.));
#1974 = DIRECTION('',(0.,0.,1.));
#1975 = ADVANCED_FACE('',(#1976),#2202,.F.);
#1976 = FACE_BOUND('',#1977,.F.);
#1977 = EDGE_LOOP('',(#1978,#1988,#1994,#1995,#1996,#2004,#2012,#2020,
    #2028,#2036,#2044,#2052,#2060,#2068,#2076,#2084,#2092,#2100,#2108,
    #2116,#2124,#2132,#2140,#2148,#2156,#2164,#2172,#2180,#2188,#2196));
#1978 = ORIENTED_EDGE('',*,*,#1979,.F.);
#1979 = EDGE_CURVE('',#1980,#1982,#1984,.T.);
#1980 = VERTEX_POINT('',#1981);
#1981 = CARTESIAN_POINT('',(2.1,51.6,138.));
#1982 = VERTEX_POINT('',#1983);
#1983 = CARTESIAN_POINT('',(2.1,94.5,138.));
#1984 = LINE('',#1985,#1986);
#1985 = CARTESIAN_POINT('',(2.1,48.5,138.));
#1986 = VECTOR('',#1987,1.);
#1987 = DIRECTION('',(-0.,1.,0.));
#1988 = ORIENTED_EDGE('',*,*,#1989,.T.);
#1989 = EDGE_CURVE('',#1980,#1919,#1990,.T.);
#1990 = LINE('',#1991,#1992);
#1991 = CARTESIAN_POINT('',(1.35,51.6,138.));
#1992 = VECTOR('',#1993,1.);
#1993 = DIRECTION('',(1.,0.,-0.));
#1994 = ORIENTED_EDGE('',*,*,#1918,.F.);
#1995 = ORIENTED_EDGE('',*,*,#158,.T.);
#1996 = ORIENTED_EDGE('',*,*,#1997,.T.);
#1997 = EDGE_CURVE('',#151,#1998,#2000,.T.);
#1998 = VERTEX_POINT('',#1999);
#1999 = CARTESIAN_POINT('',(182.85,51.6,138.));
#2000 = LINE('',#2001,#2002);
#2001 = CARTESIAN_POINT('',(182.85,48.4,138.));
#2002 = VECTOR('',#2003,1.);
#2003 = DIRECTION('',(-0.,1.,0.));
#2004 = ORIENTED_EDGE('',*,*,#2005,.T.);
#2005 = EDGE_CURVE('',#1998,#2006,#2008,.T.);
#2006 = VERTEX_POINT('',#2007);
#2007 = CARTESIAN_POINT('',(183.9,51.6,138.));
#2008 = LINE('',#2009,#2010);
#2009 = CARTESIAN_POINT('',(182.85,51.6,138.));
#2010 = VECTOR('',#2011,1.);
#2011 = DIRECTION('',(1.,0.,-0.));
#2012 = ORIENTED_EDGE('',*,*,#2013,.T.);
#2013 = EDGE_CURVE('',#2006,#2014,#2016,.T.);
#2014 = VERTEX_POINT('',#2015);
#2015 = CARTESIAN_POINT('',(183.9,94.5,138.));
#2016 = LINE('',#2017,#2018);
#2017 = CARTESIAN_POINT('',(183.9,48.5,138.));
#2018 = VECTOR('',#2019,1.);
#2019 = DIRECTION('',(-0.,1.,0.));
#2020 = ORIENTED_EDGE('',*,*,#2021,.F.);
#2021 = EDGE_CURVE('',#2022,#2014,#2024,.T.);
#2022 = VERTEX_POINT('',#2023);
#2023 = CARTESIAN_POINT('',(182.7,94.5,138.));
#2024 = LINE('',#2025,#2026);
#2025 = CARTESIAN_POINT('',(182.7,94.5,138.));
#2026 = VECTOR('',#2027,1.);
#2027 = DIRECTION('',(1.,0.,0.));
#2028 = ORIENTED_EDGE('',*,*,#2029,.F.);
#2029 = EDGE_CURVE('',#2030,#2022,#2032,.T.);
#2030 = VERTEX_POINT('',#2031);
#2031 = CARTESIAN_POINT('',(180.3,94.5,138.));
#2032 = LINE('',#2033,#2034);
#2033 = CARTESIAN_POINT('',(91.298381490812,94.5,138.));
#2034 = VECTOR('',#2035,1.);
#2035 = DIRECTION('',(1.,0.,0.));
#2036 = ORIENTED_EDGE('',*,*,#2037,.T.);
#2037 = EDGE_CURVE('',#2030,#2038,#2040,.T.);
#2038 = VERTEX_POINT('',#2039);
#2039 = CARTESIAN_POINT('',(180.3,105.5,138.));
#2040 = LINE('',#2041,#2042);
#2041 = CARTESIAN_POINT('',(180.3,94.5,138.));
#2042 = VECTOR('',#2043,1.);
#2043 = DIRECTION('',(0.,1.,0.));
#2044 = ORIENTED_EDGE('',*,*,#2045,.T.);
#2045 = EDGE_CURVE('',#2038,#2046,#2048,.T.);
#2046 = VERTEX_POINT('',#2047);
#2047 = CARTESIAN_POINT('',(182.7,105.5,138.));
#2048 = LINE('',#2049,#2050);
#2049 = CARTESIAN_POINT('',(91.298381490812,105.5,138.));
#2050 = VECTOR('',#2051,1.);
#2051 = DIRECTION('',(1.,0.,0.));
#2052 = ORIENTED_EDGE('',*,*,#2053,.T.);
#2053 = EDGE_CURVE('',#2046,#2054,#2056,.T.);
#2054 = VERTEX_POINT('',#2055);
#2055 = CARTESIAN_POINT('',(183.9,105.5,138.));
#2056 = LINE('',#2057,#2058);
#2057 = CARTESIAN_POINT('',(182.7,105.5,138.));
#2058 = VECTOR('',#2059,1.);
#2059 = DIRECTION('',(1.,0.,0.));
#2060 = ORIENTED_EDGE('',*,*,#2061,.T.);
#2061 = EDGE_CURVE('',#2054,#2062,#2064,.T.);
#2062 = VERTEX_POINT('',#2063);
#2063 = CARTESIAN_POINT('',(183.9,149.4,138.));
#2064 = LINE('',#2065,#2066);
#2065 = CARTESIAN_POINT('',(183.9,48.5,138.));
#2066 = VECTOR('',#2067,1.);
#2067 = DIRECTION('',(-0.,1.,0.));
#2068 = ORIENTED_EDGE('',*,*,#2069,.F.);
#2069 = EDGE_CURVE('',#2070,#2062,#2072,.T.);
#2070 = VERTEX_POINT('',#2071);
#2071 = CARTESIAN_POINT('',(166.,149.4,138.));
#2072 = LINE('',#2073,#2074);
#2073 = CARTESIAN_POINT('',(0.,149.4,138.));
#2074 = VECTOR('',#2075,1.);
#2075 = DIRECTION('',(1.,0.,-0.));
#2076 = ORIENTED_EDGE('',*,*,#2077,.F.);
#2077 = EDGE_CURVE('',#2078,#2070,#2080,.T.);
#2078 = VERTEX_POINT('',#2079);
#2079 = CARTESIAN_POINT('',(166.,148.,138.));
#2080 = LINE('',#2081,#2082);
#2081 = CARTESIAN_POINT('',(166.,51.25,138.));
#2082 = VECTOR('',#2083,1.);
#2083 = DIRECTION('',(-0.,1.,0.));
#2084 = ORIENTED_EDGE('',*,*,#2085,.F.);
#2085 = EDGE_CURVE('',#2086,#2078,#2088,.T.);
#2086 = VERTEX_POINT('',#2087);
#2087 = CARTESIAN_POINT('',(166.,54.,138.));
#2088 = LINE('',#2089,#2090);
#2089 = CARTESIAN_POINT('',(166.,51.25,138.));
#2090 = VECTOR('',#2091,1.);
#2091 = DIRECTION('',(-0.,1.,0.));
#2092 = ORIENTED_EDGE('',*,*,#2093,.T.);
#2093 = EDGE_CURVE('',#2086,#2094,#2096,.T.);
#2094 = VERTEX_POINT('',#2095);
#2095 = CARTESIAN_POINT('',(132.5,54.,138.));
#2096 = LINE('',#2097,#2098);
#2097 = CARTESIAN_POINT('',(10.,54.,138.));
#2098 = VECTOR('',#2099,1.);
#2099 = DIRECTION('',(-1.,-0.,0.));
#2100 = ORIENTED_EDGE('',*,*,#2101,.T.);
#2101 = EDGE_CURVE('',#2094,#2102,#2104,.T.);
#2102 = VERTEX_POINT('',#2103);
#2103 = CARTESIAN_POINT('',(98.5,54.,138.));
#2104 = LINE('',#2105,#2106);
#2105 = CARTESIAN_POINT('',(10.,54.,138.));
#2106 = VECTOR('',#2107,1.);
#2107 = DIRECTION('',(-1.,-0.,0.));
#2108 = ORIENTED_EDGE('',*,*,#2109,.T.);
#2109 = EDGE_CURVE('',#2102,#2110,#2112,.T.);
#2110 = VERTEX_POINT('',#2111);
#2111 = CARTESIAN_POINT('',(87.,54.,138.));
#2112 = LINE('',#2113,#2114);
#2113 = CARTESIAN_POINT('',(10.,54.,138.));
#2114 = VECTOR('',#2115,1.);
#2115 = DIRECTION('',(-1.,-0.,0.));
#2116 = ORIENTED_EDGE('',*,*,#2117,.T.);
#2117 = EDGE_CURVE('',#2110,#2118,#2120,.T.);
#2118 = VERTEX_POINT('',#2119);
#2119 = CARTESIAN_POINT('',(53.,54.,138.));
#2120 = LINE('',#2121,#2122);
#2121 = CARTESIAN_POINT('',(10.,54.,138.));
#2122 = VECTOR('',#2123,1.);
#2123 = DIRECTION('',(-1.,-0.,0.));
#2124 = ORIENTED_EDGE('',*,*,#2125,.T.);
#2125 = EDGE_CURVE('',#2118,#2126,#2128,.T.);
#2126 = VERTEX_POINT('',#2127);
#2127 = CARTESIAN_POINT('',(20.,54.,138.));
#2128 = LINE('',#2129,#2130);
#2129 = CARTESIAN_POINT('',(10.,54.,138.));
#2130 = VECTOR('',#2131,1.);
#2131 = DIRECTION('',(-1.,-0.,0.));
#2132 = ORIENTED_EDGE('',*,*,#2133,.T.);
#2133 = EDGE_CURVE('',#2126,#2134,#2136,.T.);
#2134 = VERTEX_POINT('',#2135);
#2135 = CARTESIAN_POINT('',(20.,148.,138.));
#2136 = LINE('',#2137,#2138);
#2137 = CARTESIAN_POINT('',(20.,51.25,138.));
#2138 = VECTOR('',#2139,1.);
#2139 = DIRECTION('',(-0.,1.,0.));
#2140 = ORIENTED_EDGE('',*,*,#2141,.T.);
#2141 = EDGE_CURVE('',#2134,#2142,#2144,.T.);
#2142 = VERTEX_POINT('',#2143);
#2143 = CARTESIAN_POINT('',(20.,149.4,138.));
#2144 = LINE('',#2145,#2146);
#2145 = CARTESIAN_POINT('',(20.,51.25,138.));
#2146 = VECTOR('',#2147,1.);
#2147 = DIRECTION('',(-0.,1.,0.));
#2148 = ORIENTED_EDGE('',*,*,#2149,.F.);
#2149 = EDGE_CURVE('',#2150,#2142,#2152,.T.);
#2150 = VERTEX_POINT('',#2151);
#2151 = CARTESIAN_POINT('',(2.1,149.4,138.));
#2152 = LINE('',#2153,#2154);
#2153 = CARTESIAN_POINT('',(0.,149.4,138.));
#2154 = VECTOR('',#2155,1.);
#2155 = DIRECTION('',(1.,0.,-0.));
#2156 = ORIENTED_EDGE('',*,*,#2157,.F.);
#2157 = EDGE_CURVE('',#2158,#2150,#2160,.T.);
#2158 = VERTEX_POINT('',#2159);
#2159 = CARTESIAN_POINT('',(2.1,105.5,138.));
#2160 = LINE('',#2161,#2162);
#2161 = CARTESIAN_POINT('',(2.1,48.5,138.));
#2162 = VECTOR('',#2163,1.);
#2163 = DIRECTION('',(-0.,1.,0.));
#2164 = ORIENTED_EDGE('',*,*,#2165,.F.);
#2165 = EDGE_CURVE('',#2166,#2158,#2168,.T.);
#2166 = VERTEX_POINT('',#2167);
#2167 = CARTESIAN_POINT('',(3.3,105.5,138.));
#2168 = LINE('',#2169,#2170);
#2169 = CARTESIAN_POINT('',(3.3,105.5,138.));
#2170 = VECTOR('',#2171,1.);
#2171 = DIRECTION('',(-1.,0.,0.));
#2172 = ORIENTED_EDGE('',*,*,#2173,.F.);
#2173 = EDGE_CURVE('',#2174,#2166,#2176,.T.);
#2174 = VERTEX_POINT('',#2175);
#2175 = CARTESIAN_POINT('',(5.7,105.5,138.));
#2176 = LINE('',#2177,#2178);
#2177 = CARTESIAN_POINT('',(1.701618509188,105.5,138.));
#2178 = VECTOR('',#2179,1.);
#2179 = DIRECTION('',(-1.,0.,0.));
#2180 = ORIENTED_EDGE('',*,*,#2181,.F.);
#2181 = EDGE_CURVE('',#2182,#2174,#2184,.T.);
#2182 = VERTEX_POINT('',#2183);
#2183 = CARTESIAN_POINT('',(5.7,94.5,138.));
#2184 = LINE('',#2185,#2186);
#2185 = CARTESIAN_POINT('',(5.7,94.5,138.));
#2186 = VECTOR('',#2187,1.);
#2187 = DIRECTION('',(0.,1.,0.));
#2188 = ORIENTED_EDGE('',*,*,#2189,.T.);
#2189 = EDGE_CURVE('',#2182,#2190,#2192,.T.);
#2190 = VERTEX_POINT('',#2191);
#2191 = CARTESIAN_POINT('',(3.3,94.5,138.));
#2192 = LINE('',#2193,#2194);
#2193 = CARTESIAN_POINT('',(1.701618509188,94.5,138.));
#2194 = VECTOR('',#2195,1.);
#2195 = DIRECTION('',(-1.,0.,0.));
#2196 = ORIENTED_EDGE('',*,*,#2197,.T.);
#2197 = EDGE_CURVE('',#2190,#1982,#2198,.T.);
#2198 = LINE('',#2199,#2200);
#2199 = CARTESIAN_POINT('',(3.3,94.5,138.));
#2200 = VECTOR('',#2201,1.);
#2201 = DIRECTION('',(-1.,0.,0.));
#2202 = PLANE('',#2203);
#2203 = AXIS2_PLACEMENT_3D('',#2204,#2205,#2206);
#2204 = CARTESIAN_POINT('',(0.,48.5,138.));
#2205 = DIRECTION('',(0.,0.,1.));
#2206 = DIRECTION('',(1.,0.,-0.));
#2207 = ADVANCED_FACE('',(#2208),#2233,.F.);
#2208 = FACE_BOUND('',#2209,.F.);
#2209 = EDGE_LOOP('',(#2210,#2218,#2219,#2227));
#2210 = ORIENTED_EDGE('',*,*,#2211,.F.);
#2211 = EDGE_CURVE('',#135,#2212,#2214,.T.);
#2212 = VERTEX_POINT('',#2213);
#2213 = CARTESIAN_POINT('',(184.65,51.6,213.8));
#2214 = LINE('',#2215,#2216);
#2215 = CARTESIAN_POINT('',(184.65,48.4,213.8));
#2216 = VECTOR('',#2217,1.);
#2217 = DIRECTION('',(-0.,1.,0.));
#2218 = ORIENTED_EDGE('',*,*,#134,.T.);
#2219 = ORIENTED_EDGE('',*,*,#2220,.T.);
#2220 = EDGE_CURVE('',#127,#2221,#2223,.T.);
#2221 = VERTEX_POINT('',#2222);
#2222 = CARTESIAN_POINT('',(184.65,51.6,138.));
#2223 = LINE('',#2224,#2225);
#2224 = CARTESIAN_POINT('',(184.65,48.4,138.));
#2225 = VECTOR('',#2226,1.);
#2226 = DIRECTION('',(-0.,1.,0.));
#2227 = ORIENTED_EDGE('',*,*,#2228,.T.);
#2228 = EDGE_CURVE('',#2221,#2212,#2229,.T.);
#2229 = LINE('',#2230,#2231);
#2230 = CARTESIAN_POINT('',(184.65,51.6,138.));
#2231 = VECTOR('',#2232,1.);
#2232 = DIRECTION('',(0.,0.,1.));
#2233 = PLANE('',#2234);
#2234 = AXIS2_PLACEMENT_3D('',#2235,#2236,#2237);
#2235 = CARTESIAN_POINT('',(184.65,48.4,138.));
#2236 = DIRECTION('',(1.,0.,-0.));
#2237 = DIRECTION('',(0.,0.,1.));
#2238 = ADVANCED_FACE('',(#2239),#2257,.T.);
#2239 = FACE_BOUND('',#2240,.T.);
#2240 = EDGE_LOOP('',(#2241,#2249,#2250,#2251));
#2241 = ORIENTED_EDGE('',*,*,#2242,.F.);
#2242 = EDGE_CURVE('',#143,#2243,#2245,.T.);
#2243 = VERTEX_POINT('',#2244);
#2244 = CARTESIAN_POINT('',(182.85,51.6,213.8));
#2245 = LINE('',#2246,#2247);
#2246 = CARTESIAN_POINT('',(182.85,48.4,213.8));
#2247 = VECTOR('',#2248,1.);
#2248 = DIRECTION('',(-0.,1.,0.));
#2249 = ORIENTED_EDGE('',*,*,#150,.T.);
#2250 = ORIENTED_EDGE('',*,*,#1997,.T.);
#2251 = ORIENTED_EDGE('',*,*,#2252,.T.);
#2252 = EDGE_CURVE('',#1998,#2243,#2253,.T.);
#2253 = LINE('',#2254,#2255);
#2254 = CARTESIAN_POINT('',(182.85,51.6,138.));
#2255 = VECTOR('',#2256,1.);
#2256 = DIRECTION('',(0.,0.,1.));
#2257 = PLANE('',#2258);
#2258 = AXIS2_PLACEMENT_3D('',#2259,#2260,#2261);
#2259 = CARTESIAN_POINT('',(182.85,48.4,138.));
#2260 = DIRECTION('',(1.,0.,-0.));
#2261 = DIRECTION('',(0.,0.,1.));
#2262 = ADVANCED_FACE('',(#2263),#2274,.F.);
#2263 = FACE_BOUND('',#2264,.F.);
#2264 = EDGE_LOOP('',(#2265,#2266,#2267,#2268));
#2265 = ORIENTED_EDGE('',*,*,#2242,.F.);
#2266 = ORIENTED_EDGE('',*,*,#142,.T.);
#2267 = ORIENTED_EDGE('',*,*,#2211,.T.);
#2268 = ORIENTED_EDGE('',*,*,#2269,.F.);
#2269 = EDGE_CURVE('',#2243,#2212,#2270,.T.);
#2270 = LINE('',#2271,#2272);
#2271 = CARTESIAN_POINT('',(182.85,51.6,213.8));
#2272 = VECTOR('',#2273,1.);
#2273 = DIRECTION('',(1.,0.,-0.));
#2274 = PLANE('',#2275);
#2275 = AXIS2_PLACEMENT_3D('',#2276,#2277,#2278);
#2276 = CARTESIAN_POINT('',(182.85,48.4,213.8));
#2277 = DIRECTION('',(0.,0.,1.));
#2278 = DIRECTION('',(1.,0.,-0.));
#2279 = ADVANCED_FACE('',(#2280),#2337,.F.);
#2280 = FACE_BOUND('',#2281,.F.);
#2281 = EDGE_LOOP('',(#2282,#2290,#2291,#2299,#2307,#2315,#2323,#2331));
#2282 = ORIENTED_EDGE('',*,*,#2283,.F.);
#2283 = EDGE_CURVE('',#191,#2284,#2286,.T.);
#2284 = VERTEX_POINT('',#2285);
#2285 = CARTESIAN_POINT('',(3.3,53.5,185.5));
#2286 = LINE('',#2287,#2288);
#2287 = CARTESIAN_POINT('',(3.3,48.,185.5));
#2288 = VECTOR('',#2289,1.);
#2289 = DIRECTION('',(-0.,1.,0.));
#2290 = ORIENTED_EDGE('',*,*,#190,.T.);
#2291 = ORIENTED_EDGE('',*,*,#2292,.T.);
#2292 = EDGE_CURVE('',#193,#2293,#2295,.T.);
#2293 = VERTEX_POINT('',#2294);
#2294 = CARTESIAN_POINT('',(6.3,63.5,185.5));
#2295 = LINE('',#2296,#2297);
#2296 = CARTESIAN_POINT('',(6.3,48.,185.5));
#2297 = VECTOR('',#2298,1.);
#2298 = DIRECTION('',(-0.,1.,0.));
#2299 = ORIENTED_EDGE('',*,*,#2300,.F.);
#2300 = EDGE_CURVE('',#2301,#2293,#2303,.T.);
#2301 = VERTEX_POINT('',#2302);
#2302 = CARTESIAN_POINT('',(3.3,63.5,185.5));
#2303 = LINE('',#2304,#2305);
#2304 = CARTESIAN_POINT('',(3.3,63.5,185.5));
#2305 = VECTOR('',#2306,1.);
#2306 = DIRECTION('',(1.,0.,-0.));
#2307 = ORIENTED_EDGE('',*,*,#2308,.F.);
#2308 = EDGE_CURVE('',#2309,#2301,#2311,.T.);
#2309 = VERTEX_POINT('',#2310);
#2310 = CARTESIAN_POINT('',(3.3,60.,185.5));
#2311 = LINE('',#2312,#2313);
#2312 = CARTESIAN_POINT('',(3.3,48.,185.5));
#2313 = VECTOR('',#2314,1.);
#2314 = DIRECTION('',(-0.,1.,0.));
#2315 = ORIENTED_EDGE('',*,*,#2316,.T.);
#2316 = EDGE_CURVE('',#2309,#2317,#2319,.T.);
#2317 = VERTEX_POINT('',#2318);
#2318 = CARTESIAN_POINT('',(3.8,60.,185.5));
#2319 = LINE('',#2320,#2321);
#2320 = CARTESIAN_POINT('',(1.2,60.,185.5));
#2321 = VECTOR('',#2322,1.);
#2322 = DIRECTION('',(1.,0.,-0.));
#2323 = ORIENTED_EDGE('',*,*,#2324,.F.);
#2324 = EDGE_CURVE('',#2325,#2317,#2327,.T.);
#2325 = VERTEX_POINT('',#2326);
#2326 = CARTESIAN_POINT('',(3.8,53.5,185.5));
#2327 = LINE('',#2328,#2329);
#2328 = CARTESIAN_POINT('',(3.8,53.5,185.5));
#2329 = VECTOR('',#2330,1.);
#2330 = DIRECTION('',(-0.,1.,0.));
#2331 = ORIENTED_EDGE('',*,*,#2332,.F.);
#2332 = EDGE_CURVE('',#2284,#2325,#2333,.T.);
#2333 = LINE('',#2334,#2335);
#2334 = CARTESIAN_POINT('',(1.2,53.5,185.5));
#2335 = VECTOR('',#2336,1.);
#2336 = DIRECTION('',(1.,0.,-0.));
#2337 = PLANE('',#2338);
#2338 = AXIS2_PLACEMENT_3D('',#2339,#2340,#2341);
#2339 = CARTESIAN_POINT('',(3.3,48.,185.5));
#2340 = DIRECTION('',(0.,0.,1.));
#2341 = DIRECTION('',(1.,0.,-0.));
#2342 = ADVANCED_FACE('',(#2343),#2361,.T.);
#2343 = FACE_BOUND('',#2344,.T.);
#2344 = EDGE_LOOP('',(#2345,#2346,#2347,#2355));
#2345 = ORIENTED_EDGE('',*,*,#2283,.F.);
#2346 = ORIENTED_EDGE('',*,*,#200,.T.);
#2347 = ORIENTED_EDGE('',*,*,#2348,.T.);
#2348 = EDGE_CURVE('',#201,#2349,#2351,.T.);
#2349 = VERTEX_POINT('',#2350);
#2350 = CARTESIAN_POINT('',(3.3,53.5,164.5));
#2351 = LINE('',#2352,#2353);
#2352 = CARTESIAN_POINT('',(3.3,48.,164.5));
#2353 = VECTOR('',#2354,1.);
#2354 = DIRECTION('',(-0.,1.,0.));
#2355 = ORIENTED_EDGE('',*,*,#2356,.T.);
#2356 = EDGE_CURVE('',#2349,#2284,#2357,.T.);
#2357 = LINE('',#2358,#2359);
#2358 = CARTESIAN_POINT('',(3.3,53.5,164.5));
#2359 = VECTOR('',#2360,1.);
#2360 = DIRECTION('',(0.,0.,1.));
#2361 = PLANE('',#2362);
#2362 = AXIS2_PLACEMENT_3D('',#2363,#2364,#2365);
#2363 = CARTESIAN_POINT('',(3.3,48.,164.5));
#2364 = DIRECTION('',(1.,0.,-0.));
#2365 = DIRECTION('',(0.,0.,1.));
#2366 = ADVANCED_FACE('',(#2367),#2385,.F.);
#2367 = FACE_BOUND('',#2368,.F.);
#2368 = EDGE_LOOP('',(#2369,#2370,#2371,#2379));
#2369 = ORIENTED_EDGE('',*,*,#2292,.F.);
#2370 = ORIENTED_EDGE('',*,*,#216,.T.);
#2371 = ORIENTED_EDGE('',*,*,#2372,.T.);
#2372 = EDGE_CURVE('',#209,#2373,#2375,.T.);
#2373 = VERTEX_POINT('',#2374);
#2374 = CARTESIAN_POINT('',(6.3,63.5,164.5));
#2375 = LINE('',#2376,#2377);
#2376 = CARTESIAN_POINT('',(6.3,48.,164.5));
#2377 = VECTOR('',#2378,1.);
#2378 = DIRECTION('',(-0.,1.,0.));
#2379 = ORIENTED_EDGE('',*,*,#2380,.T.);
#2380 = EDGE_CURVE('',#2373,#2293,#2381,.T.);
#2381 = LINE('',#2382,#2383);
#2382 = CARTESIAN_POINT('',(6.3,63.5,164.5));
#2383 = VECTOR('',#2384,1.);
#2384 = DIRECTION('',(0.,0.,1.));
#2385 = PLANE('',#2386);
#2386 = AXIS2_PLACEMENT_3D('',#2387,#2388,#2389);
#2387 = CARTESIAN_POINT('',(6.3,48.,164.5));
#2388 = DIRECTION('',(1.,0.,-0.));
#2389 = DIRECTION('',(0.,0.,1.));
#2390 = ADVANCED_FACE('',(#2391),#2434,.T.);
#2391 = FACE_BOUND('',#2392,.T.);
#2392 = EDGE_LOOP('',(#2393,#2394,#2395,#2396,#2404,#2412,#2420,#2428));
#2393 = ORIENTED_EDGE('',*,*,#2348,.F.);
#2394 = ORIENTED_EDGE('',*,*,#208,.T.);
#2395 = ORIENTED_EDGE('',*,*,#2372,.T.);
#2396 = ORIENTED_EDGE('',*,*,#2397,.F.);
#2397 = EDGE_CURVE('',#2398,#2373,#2400,.T.);
#2398 = VERTEX_POINT('',#2399);
#2399 = CARTESIAN_POINT('',(3.3,63.5,164.5));
#2400 = LINE('',#2401,#2402);
#2401 = CARTESIAN_POINT('',(3.3,63.5,164.5));
#2402 = VECTOR('',#2403,1.);
#2403 = DIRECTION('',(1.,0.,-0.));
#2404 = ORIENTED_EDGE('',*,*,#2405,.F.);
#2405 = EDGE_CURVE('',#2406,#2398,#2408,.T.);
#2406 = VERTEX_POINT('',#2407);
#2407 = CARTESIAN_POINT('',(3.3,60.,164.5));
#2408 = LINE('',#2409,#2410);
#2409 = CARTESIAN_POINT('',(3.3,48.,164.5));
#2410 = VECTOR('',#2411,1.);
#2411 = DIRECTION('',(-0.,1.,0.));
#2412 = ORIENTED_EDGE('',*,*,#2413,.T.);
#2413 = EDGE_CURVE('',#2406,#2414,#2416,.T.);
#2414 = VERTEX_POINT('',#2415);
#2415 = CARTESIAN_POINT('',(3.8,60.,164.5));
#2416 = LINE('',#2417,#2418);
#2417 = CARTESIAN_POINT('',(1.2,60.,164.5));
#2418 = VECTOR('',#2419,1.);
#2419 = DIRECTION('',(1.,0.,-0.));
#2420 = ORIENTED_EDGE('',*,*,#2421,.F.);
#2421 = EDGE_CURVE('',#2422,#2414,#2424,.T.);
#2422 = VERTEX_POINT('',#2423);
#2423 = CARTESIAN_POINT('',(3.8,53.5,164.5));
#2424 = LINE('',#2425,#2426);
#2425 = CARTESIAN_POINT('',(3.8,53.5,164.5));
#2426 = VECTOR('',#2427,1.);
#2427 = DIRECTION('',(-0.,1.,0.));
#2428 = ORIENTED_EDGE('',*,*,#2429,.F.);
#2429 = EDGE_CURVE('',#2349,#2422,#2430,.T.);
#2430 = LINE('',#2431,#2432);
#2431 = CARTESIAN_POINT('',(1.2,53.5,164.5));
#2432 = VECTOR('',#2433,1.);
#2433 = DIRECTION('',(1.,0.,-0.));
#2434 = PLANE('',#2435);
#2435 = AXIS2_PLACEMENT_3D('',#2436,#2437,#2438);
#2436 = CARTESIAN_POINT('',(3.3,48.,164.5));
#2437 = DIRECTION('',(0.,0.,1.));
#2438 = DIRECTION('',(1.,0.,-0.));
#2439 = ADVANCED_FACE('',(#2440),#2465,.F.);
#2440 = FACE_BOUND('',#2441,.F.);
#2441 = EDGE_LOOP('',(#2442,#2450,#2451,#2459));
#2442 = ORIENTED_EDGE('',*,*,#2443,.F.);
#2443 = EDGE_CURVE('',#225,#2444,#2446,.T.);
#2444 = VERTEX_POINT('',#2445);
#2445 = CARTESIAN_POINT('',(134.,54.,166.));
#2446 = LINE('',#2447,#2448);
#2447 = CARTESIAN_POINT('',(134.,46.5,166.));
#2448 = VECTOR('',#2449,1.);
#2449 = DIRECTION('',(-0.,1.,0.));
#2450 = ORIENTED_EDGE('',*,*,#224,.T.);
#2451 = ORIENTED_EDGE('',*,*,#2452,.T.);
#2452 = EDGE_CURVE('',#227,#2453,#2455,.T.);
#2453 = VERTEX_POINT('',#2454);
#2454 = CARTESIAN_POINT('',(164.,54.,166.));
#2455 = LINE('',#2456,#2457);
#2456 = CARTESIAN_POINT('',(164.,46.5,166.));
#2457 = VECTOR('',#2458,1.);
#2458 = DIRECTION('',(-0.,1.,0.));
#2459 = ORIENTED_EDGE('',*,*,#2460,.F.);
#2460 = EDGE_CURVE('',#2444,#2453,#2461,.T.);
#2461 = LINE('',#2462,#2463);
#2462 = CARTESIAN_POINT('',(77.,54.,166.));
#2463 = VECTOR('',#2464,1.);
#2464 = DIRECTION('',(1.,0.,-0.));
#2465 = PLANE('',#2466);
#2466 = AXIS2_PLACEMENT_3D('',#2467,#2468,#2469);
#2467 = CARTESIAN_POINT('',(134.,46.5,166.));
#2468 = DIRECTION('',(0.,0.,1.));
#2469 = DIRECTION('',(1.,0.,-0.));
#2470 = ADVANCED_FACE('',(#2471),#2505,.T.);
#2471 = FACE_BOUND('',#2472,.T.);
#2472 = EDGE_LOOP('',(#2473,#2474,#2475,#2483,#2491,#2499));
#2473 = ORIENTED_EDGE('',*,*,#2443,.F.);
#2474 = ORIENTED_EDGE('',*,*,#234,.T.);
#2475 = ORIENTED_EDGE('',*,*,#2476,.T.);
#2476 = EDGE_CURVE('',#235,#2477,#2479,.T.);
#2477 = VERTEX_POINT('',#2478);
#2478 = CARTESIAN_POINT('',(134.,56.,140.));
#2479 = LINE('',#2480,#2481);
#2480 = CARTESIAN_POINT('',(134.,46.5,140.));
#2481 = VECTOR('',#2482,1.);
#2482 = DIRECTION('',(-0.,1.,0.));
#2483 = ORIENTED_EDGE('',*,*,#2484,.T.);
#2484 = EDGE_CURVE('',#2477,#2485,#2487,.T.);
#2485 = VERTEX_POINT('',#2486);
#2486 = CARTESIAN_POINT('',(134.,56.,141.));
#2487 = LINE('',#2488,#2489);
#2488 = CARTESIAN_POINT('',(134.,56.,140.));
#2489 = VECTOR('',#2490,1.);
#2490 = DIRECTION('',(0.,0.,1.));
#2491 = ORIENTED_EDGE('',*,*,#2492,.F.);
#2492 = EDGE_CURVE('',#2493,#2485,#2495,.T.);
#2493 = VERTEX_POINT('',#2494);
#2494 = CARTESIAN_POINT('',(134.,54.,141.));
#2495 = LINE('',#2496,#2497);
#2496 = CARTESIAN_POINT('',(134.,50.25,141.));
#2497 = VECTOR('',#2498,1.);
#2498 = DIRECTION('',(-0.,1.,0.));
#2499 = ORIENTED_EDGE('',*,*,#2500,.F.);
#2500 = EDGE_CURVE('',#2444,#2493,#2501,.T.);
#2501 = LINE('',#2502,#2503);
#2502 = CARTESIAN_POINT('',(134.,54.,138.5));
#2503 = VECTOR('',#2504,1.);
#2504 = DIRECTION('',(-0.,0.,-1.));
#2505 = PLANE('',#2506);
#2506 = AXIS2_PLACEMENT_3D('',#2507,#2508,#2509);
#2507 = CARTESIAN_POINT('',(134.,46.5,140.));
#2508 = DIRECTION('',(1.,0.,-0.));
#2509 = DIRECTION('',(0.,0.,1.));
#2510 = ADVANCED_FACE('',(#2511),#2545,.F.);
#2511 = FACE_BOUND('',#2512,.F.);
#2512 = EDGE_LOOP('',(#2513,#2514,#2515,#2523,#2531,#2539));
#2513 = ORIENTED_EDGE('',*,*,#2452,.F.);
#2514 = ORIENTED_EDGE('',*,*,#250,.T.);
#2515 = ORIENTED_EDGE('',*,*,#2516,.T.);
#2516 = EDGE_CURVE('',#243,#2517,#2519,.T.);
#2517 = VERTEX_POINT('',#2518);
#2518 = CARTESIAN_POINT('',(164.,56.,140.));
#2519 = LINE('',#2520,#2521);
#2520 = CARTESIAN_POINT('',(164.,46.5,140.));
#2521 = VECTOR('',#2522,1.);
#2522 = DIRECTION('',(-0.,1.,0.));
#2523 = ORIENTED_EDGE('',*,*,#2524,.T.);
#2524 = EDGE_CURVE('',#2517,#2525,#2527,.T.);
#2525 = VERTEX_POINT('',#2526);
#2526 = CARTESIAN_POINT('',(164.,56.,141.));
#2527 = LINE('',#2528,#2529);
#2528 = CARTESIAN_POINT('',(164.,56.,140.));
#2529 = VECTOR('',#2530,1.);
#2530 = DIRECTION('',(0.,0.,1.));
#2531 = ORIENTED_EDGE('',*,*,#2532,.F.);
#2532 = EDGE_CURVE('',#2533,#2525,#2535,.T.);
#2533 = VERTEX_POINT('',#2534);
#2534 = CARTESIAN_POINT('',(164.,54.,141.));
#2535 = LINE('',#2536,#2537);
#2536 = CARTESIAN_POINT('',(164.,50.25,141.));
#2537 = VECTOR('',#2538,1.);
#2538 = DIRECTION('',(-0.,1.,0.));
#2539 = ORIENTED_EDGE('',*,*,#2540,.F.);
#2540 = EDGE_CURVE('',#2453,#2533,#2541,.T.);
#2541 = LINE('',#2542,#2543);
#2542 = CARTESIAN_POINT('',(164.,54.,138.5));
#2543 = VECTOR('',#2544,1.);
#2544 = DIRECTION('',(-0.,0.,-1.));
#2545 = PLANE('',#2546);
#2546 = AXIS2_PLACEMENT_3D('',#2547,#2548,#2549);
#2547 = CARTESIAN_POINT('',(164.,46.5,140.));
#2548 = DIRECTION('',(1.,0.,-0.));
#2549 = DIRECTION('',(0.,0.,1.));
#2550 = ADVANCED_FACE('',(#2551),#2562,.T.);
#2551 = FACE_BOUND('',#2552,.T.);
#2552 = EDGE_LOOP('',(#2553,#2554,#2555,#2556));
#2553 = ORIENTED_EDGE('',*,*,#2476,.F.);
#2554 = ORIENTED_EDGE('',*,*,#242,.T.);
#2555 = ORIENTED_EDGE('',*,*,#2516,.T.);
#2556 = ORIENTED_EDGE('',*,*,#2557,.F.);
#2557 = EDGE_CURVE('',#2477,#2517,#2558,.T.);
#2558 = LINE('',#2559,#2560);
#2559 = CARTESIAN_POINT('',(134.,56.,140.));
#2560 = VECTOR('',#2561,1.);
#2561 = DIRECTION('',(1.,0.,-0.));
#2562 = PLANE('',#2563);
#2563 = AXIS2_PLACEMENT_3D('',#2564,#2565,#2566);
#2564 = CARTESIAN_POINT('',(134.,46.5,140.));
#2565 = DIRECTION('',(0.,0.,1.));
#2566 = DIRECTION('',(1.,0.,-0.));
#2567 = ADVANCED_FACE('',(#2568),#2625,.F.);
#2568 = FACE_BOUND('',#2569,.F.);
#2569 = EDGE_LOOP('',(#2570,#2580,#2588,#2594,#2595,#2603,#2611,#2619));
#2570 = ORIENTED_EDGE('',*,*,#2571,.T.);
#2571 = EDGE_CURVE('',#2572,#2574,#2576,.T.);
#2572 = VERTEX_POINT('',#2573);
#2573 = CARTESIAN_POINT('',(182.7,60.,185.5));
#2574 = VERTEX_POINT('',#2575);
#2575 = CARTESIAN_POINT('',(182.7,63.5,185.5));
#2576 = LINE('',#2577,#2578);
#2577 = CARTESIAN_POINT('',(182.7,48.,185.5));
#2578 = VECTOR('',#2579,1.);
#2579 = DIRECTION('',(-0.,1.,0.));
#2580 = ORIENTED_EDGE('',*,*,#2581,.F.);
#2581 = EDGE_CURVE('',#2582,#2574,#2584,.T.);
#2582 = VERTEX_POINT('',#2583);
#2583 = CARTESIAN_POINT('',(179.7,63.5,185.5));
#2584 = LINE('',#2585,#2586);
#2585 = CARTESIAN_POINT('',(179.7,63.5,185.5));
#2586 = VECTOR('',#2587,1.);
#2587 = DIRECTION('',(1.,0.,-0.));
#2588 = ORIENTED_EDGE('',*,*,#2589,.F.);
#2589 = EDGE_CURVE('',#259,#2582,#2590,.T.);
#2590 = LINE('',#2591,#2592);
#2591 = CARTESIAN_POINT('',(179.7,48.,185.5));
#2592 = VECTOR('',#2593,1.);
#2593 = DIRECTION('',(-0.,1.,0.));
#2594 = ORIENTED_EDGE('',*,*,#258,.T.);
#2595 = ORIENTED_EDGE('',*,*,#2596,.T.);
#2596 = EDGE_CURVE('',#261,#2597,#2599,.T.);
#2597 = VERTEX_POINT('',#2598);
#2598 = CARTESIAN_POINT('',(182.7,53.5,185.5));
#2599 = LINE('',#2600,#2601);
#2600 = CARTESIAN_POINT('',(182.7,48.,185.5));
#2601 = VECTOR('',#2602,1.);
#2602 = DIRECTION('',(-0.,1.,0.));
#2603 = ORIENTED_EDGE('',*,*,#2604,.F.);
#2604 = EDGE_CURVE('',#2605,#2597,#2607,.T.);
#2605 = VERTEX_POINT('',#2606);
#2606 = CARTESIAN_POINT('',(182.2,53.5,185.5));
#2607 = LINE('',#2608,#2609);
#2608 = CARTESIAN_POINT('',(182.2,53.5,185.5));
#2609 = VECTOR('',#2610,1.);
#2610 = DIRECTION('',(1.,0.,-0.));
#2611 = ORIENTED_EDGE('',*,*,#2612,.T.);
#2612 = EDGE_CURVE('',#2605,#2613,#2615,.T.);
#2613 = VERTEX_POINT('',#2614);
#2614 = CARTESIAN_POINT('',(182.2,60.,185.5));
#2615 = LINE('',#2616,#2617);
#2616 = CARTESIAN_POINT('',(182.2,53.5,185.5));
#2617 = VECTOR('',#2618,1.);
#2618 = DIRECTION('',(-0.,1.,0.));
#2619 = ORIENTED_EDGE('',*,*,#2620,.T.);
#2620 = EDGE_CURVE('',#2613,#2572,#2621,.T.);
#2621 = LINE('',#2622,#2623);
#2622 = CARTESIAN_POINT('',(182.2,60.,185.5));
#2623 = VECTOR('',#2624,1.);
#2624 = DIRECTION('',(1.,0.,-0.));
#2625 = PLANE('',#2626);
#2626 = AXIS2_PLACEMENT_3D('',#2627,#2628,#2629);
#2627 = CARTESIAN_POINT('',(179.7,48.,185.5));
#2628 = DIRECTION('',(0.,0.,1.));
#2629 = DIRECTION('',(1.,0.,-0.));
#2630 = ADVANCED_FACE('',(#2631),#2649,.F.);
#2631 = FACE_BOUND('',#2632,.F.);
#2632 = EDGE_LOOP('',(#2633,#2634,#2635,#2643));
#2633 = ORIENTED_EDGE('',*,*,#2596,.F.);
#2634 = ORIENTED_EDGE('',*,*,#284,.T.);
#2635 = ORIENTED_EDGE('',*,*,#2636,.T.);
#2636 = EDGE_CURVE('',#277,#2637,#2639,.T.);
#2637 = VERTEX_POINT('',#2638);
#2638 = CARTESIAN_POINT('',(182.7,53.5,164.5));
#2639 = LINE('',#2640,#2641);
#2640 = CARTESIAN_POINT('',(182.7,48.,164.5));
#2641 = VECTOR('',#2642,1.);
#2642 = DIRECTION('',(-0.,1.,0.));
#2643 = ORIENTED_EDGE('',*,*,#2644,.T.);
#2644 = EDGE_CURVE('',#2637,#2597,#2645,.T.);
#2645 = LINE('',#2646,#2647);
#2646 = CARTESIAN_POINT('',(182.7,53.5,164.5));
#2647 = VECTOR('',#2648,1.);
#2648 = DIRECTION('',(0.,0.,1.));
#2649 = PLANE('',#2650);
#2650 = AXIS2_PLACEMENT_3D('',#2651,#2652,#2653);
#2651 = CARTESIAN_POINT('',(182.7,48.,164.5));
#2652 = DIRECTION('',(1.,0.,-0.));
#2653 = DIRECTION('',(0.,0.,1.));
#2654 = ADVANCED_FACE('',(#2655),#2705,.T.);
#2655 = FACE_BOUND('',#2656,.T.);
#2656 = EDGE_LOOP('',(#2657,#2667,#2675,#2681,#2682,#2683,#2691,#2699));
#2657 = ORIENTED_EDGE('',*,*,#2658,.T.);
#2658 = EDGE_CURVE('',#2659,#2661,#2663,.T.);
#2659 = VERTEX_POINT('',#2660);
#2660 = CARTESIAN_POINT('',(182.7,60.,164.5));
#2661 = VERTEX_POINT('',#2662);
#2662 = CARTESIAN_POINT('',(182.7,63.5,164.5));
#2663 = LINE('',#2664,#2665);
#2664 = CARTESIAN_POINT('',(182.7,48.,164.5));
#2665 = VECTOR('',#2666,1.);
#2666 = DIRECTION('',(-0.,1.,0.));
#2667 = ORIENTED_EDGE('',*,*,#2668,.F.);
#2668 = EDGE_CURVE('',#2669,#2661,#2671,.T.);
#2669 = VERTEX_POINT('',#2670);
#2670 = CARTESIAN_POINT('',(179.7,63.5,164.5));
#2671 = LINE('',#2672,#2673);
#2672 = CARTESIAN_POINT('',(179.7,63.5,164.5));
#2673 = VECTOR('',#2674,1.);
#2674 = DIRECTION('',(1.,0.,-0.));
#2675 = ORIENTED_EDGE('',*,*,#2676,.F.);
#2676 = EDGE_CURVE('',#269,#2669,#2677,.T.);
#2677 = LINE('',#2678,#2679);
#2678 = CARTESIAN_POINT('',(179.7,48.,164.5));
#2679 = VECTOR('',#2680,1.);
#2680 = DIRECTION('',(-0.,1.,0.));
#2681 = ORIENTED_EDGE('',*,*,#276,.T.);
#2682 = ORIENTED_EDGE('',*,*,#2636,.T.);
#2683 = ORIENTED_EDGE('',*,*,#2684,.F.);
#2684 = EDGE_CURVE('',#2685,#2637,#2687,.T.);
#2685 = VERTEX_POINT('',#2686);
#2686 = CARTESIAN_POINT('',(182.2,53.5,164.5));
#2687 = LINE('',#2688,#2689);
#2688 = CARTESIAN_POINT('',(182.2,53.5,164.5));
#2689 = VECTOR('',#2690,1.);
#2690 = DIRECTION('',(1.,0.,-0.));
#2691 = ORIENTED_EDGE('',*,*,#2692,.T.);
#2692 = EDGE_CURVE('',#2685,#2693,#2695,.T.);
#2693 = VERTEX_POINT('',#2694);
#2694 = CARTESIAN_POINT('',(182.2,60.,164.5));
#2695 = LINE('',#2696,#2697);
#2696 = CARTESIAN_POINT('',(182.2,53.5,164.5));
#2697 = VECTOR('',#2698,1.);
#2698 = DIRECTION('',(-0.,1.,0.));
#2699 = ORIENTED_EDGE('',*,*,#2700,.T.);
#2700 = EDGE_CURVE('',#2693,#2659,#2701,.T.);
#2701 = LINE('',#2702,#2703);
#2702 = CARTESIAN_POINT('',(182.2,60.,164.5));
#2703 = VECTOR('',#2704,1.);
#2704 = DIRECTION('',(1.,0.,-0.));
#2705 = PLANE('',#2706);
#2706 = AXIS2_PLACEMENT_3D('',#2707,#2708,#2709);
#2707 = CARTESIAN_POINT('',(179.7,48.,164.5));
#2708 = DIRECTION('',(0.,0.,1.));
#2709 = DIRECTION('',(1.,0.,-0.));
#2710 = ADVANCED_FACE('',(#2711),#2722,.T.);
#2711 = FACE_BOUND('',#2712,.T.);
#2712 = EDGE_LOOP('',(#2713,#2714,#2715,#2716));
#2713 = ORIENTED_EDGE('',*,*,#2589,.F.);
#2714 = ORIENTED_EDGE('',*,*,#268,.T.);
#2715 = ORIENTED_EDGE('',*,*,#2676,.T.);
#2716 = ORIENTED_EDGE('',*,*,#2717,.T.);
#2717 = EDGE_CURVE('',#2669,#2582,#2718,.T.);
#2718 = LINE('',#2719,#2720);
#2719 = CARTESIAN_POINT('',(179.7,63.5,164.5));
#2720 = VECTOR('',#2721,1.);
#2721 = DIRECTION('',(0.,0.,1.));
#2722 = PLANE('',#2723);
#2723 = AXIS2_PLACEMENT_3D('',#2724,#2725,#2726);
#2724 = CARTESIAN_POINT('',(179.7,48.,164.5));
#2725 = DIRECTION('',(1.,0.,-0.));
#2726 = DIRECTION('',(0.,0.,1.));
#2727 = ADVANCED_FACE('',(#2728),#2747,.F.);
#2728 = FACE_BOUND('',#2729,.F.);
#2729 = EDGE_LOOP('',(#2730,#2731,#2739,#2746));
#2730 = ORIENTED_EDGE('',*,*,#316,.F.);
#2731 = ORIENTED_EDGE('',*,*,#2732,.F.);
#2732 = EDGE_CURVE('',#2733,#317,#2735,.T.);
#2733 = VERTEX_POINT('',#2734);
#2734 = CARTESIAN_POINT('',(53.85,59.75,212.));
#2735 = LINE('',#2736,#2737);
#2736 = CARTESIAN_POINT('',(53.85,59.75,208.));
#2737 = VECTOR('',#2738,1.);
#2738 = DIRECTION('',(0.,0.,1.));
#2739 = ORIENTED_EDGE('',*,*,#2740,.T.);
#2740 = EDGE_CURVE('',#2733,#2733,#2741,.T.);
#2741 = CIRCLE('',#2742,2.1);
#2742 = AXIS2_PLACEMENT_3D('',#2743,#2744,#2745);
#2743 = CARTESIAN_POINT('',(51.75,59.75,212.));
#2744 = DIRECTION('',(0.,0.,1.));
#2745 = DIRECTION('',(1.,0.,-0.));
#2746 = ORIENTED_EDGE('',*,*,#2732,.T.);
#2747 = CYLINDRICAL_SURFACE('',#2748,2.1);
#2748 = AXIS2_PLACEMENT_3D('',#2749,#2750,#2751);
#2749 = CARTESIAN_POINT('',(51.75,59.75,208.));
#2750 = DIRECTION('',(0.,0.,1.));
#2751 = DIRECTION('',(1.,0.,-0.));
#2752 = ADVANCED_FACE('',(#2753),#2778,.F.);
#2753 = FACE_BOUND('',#2754,.F.);
#2754 = EDGE_LOOP('',(#2755,#2765,#2771,#2772));
#2755 = ORIENTED_EDGE('',*,*,#2756,.T.);
#2756 = EDGE_CURVE('',#2757,#2759,#2761,.T.);
#2757 = VERTEX_POINT('',#2758);
#2758 = CARTESIAN_POINT('',(76.5,78.5,212.));
#2759 = VERTEX_POINT('',#2760);
#2760 = CARTESIAN_POINT('',(70.5,84.5,212.));
#2761 = LINE('',#2762,#2763);
#2762 = CARTESIAN_POINT('',(65.5,89.5,212.));
#2763 = VECTOR('',#2764,1.);
#2764 = DIRECTION('',(-0.707106781187,0.707106781187,0.));
#2765 = ORIENTED_EDGE('',*,*,#2766,.T.);
#2766 = EDGE_CURVE('',#2759,#330,#2767,.T.);
#2767 = LINE('',#2768,#2769);
#2768 = CARTESIAN_POINT('',(70.5,84.5,208.));
#2769 = VECTOR('',#2770,1.);
#2770 = DIRECTION('',(0.,0.,1.));
#2771 = ORIENTED_EDGE('',*,*,#327,.F.);
#2772 = ORIENTED_EDGE('',*,*,#2773,.F.);
#2773 = EDGE_CURVE('',#2757,#328,#2774,.T.);
#2774 = LINE('',#2775,#2776);
#2775 = CARTESIAN_POINT('',(76.5,78.5,208.));
#2776 = VECTOR('',#2777,1.);
#2777 = DIRECTION('',(0.,0.,1.));
#2778 = PLANE('',#2779);
#2779 = AXIS2_PLACEMENT_3D('',#2780,#2781,#2782);
#2780 = CARTESIAN_POINT('',(70.5,84.5,208.));
#2781 = DIRECTION('',(0.707106781187,0.707106781187,-0.));
#2782 = DIRECTION('',(0.707106781187,-0.707106781187,0.));
#2783 = ADVANCED_FACE('',(#2784),#2802,.F.);
#2784 = FACE_BOUND('',#2785,.F.);
#2785 = EDGE_LOOP('',(#2786,#2794,#2800,#2801));
#2786 = ORIENTED_EDGE('',*,*,#2787,.T.);
#2787 = EDGE_CURVE('',#2759,#2788,#2790,.T.);
#2788 = VERTEX_POINT('',#2789);
#2789 = CARTESIAN_POINT('',(64.5,78.5,212.));
#2790 = LINE('',#2791,#2792);
#2791 = CARTESIAN_POINT('',(47.25,61.25,212.));
#2792 = VECTOR('',#2793,1.);
#2793 = DIRECTION('',(-0.707106781187,-0.707106781187,0.));
#2794 = ORIENTED_EDGE('',*,*,#2795,.T.);
#2795 = EDGE_CURVE('',#2788,#346,#2796,.T.);
#2796 = LINE('',#2797,#2798);
#2797 = CARTESIAN_POINT('',(64.5,78.5,208.));
#2798 = VECTOR('',#2799,1.);
#2799 = DIRECTION('',(0.,0.,1.));
#2800 = ORIENTED_EDGE('',*,*,#353,.F.);
#2801 = ORIENTED_EDGE('',*,*,#2766,.F.);
#2802 = PLANE('',#2803);
#2803 = AXIS2_PLACEMENT_3D('',#2804,#2805,#2806);
#2804 = CARTESIAN_POINT('',(64.5,78.5,208.));
#2805 = DIRECTION('',(-0.707106781187,0.707106781187,0.));
#2806 = DIRECTION('',(0.707106781187,0.707106781187,0.));
#2807 = ADVANCED_FACE('',(#2808),#2826,.F.);
#2808 = FACE_BOUND('',#2809,.F.);
#2809 = EDGE_LOOP('',(#2810,#2818,#2824,#2825));
#2810 = ORIENTED_EDGE('',*,*,#2811,.T.);
#2811 = EDGE_CURVE('',#2788,#2812,#2814,.T.);
#2812 = VERTEX_POINT('',#2813);
#2813 = CARTESIAN_POINT('',(70.5,72.5,212.));
#2814 = LINE('',#2815,#2816);
#2815 = CARTESIAN_POINT('',(62.5,80.5,212.));
#2816 = VECTOR('',#2817,1.);
#2817 = DIRECTION('',(0.707106781187,-0.707106781187,0.));
#2818 = ORIENTED_EDGE('',*,*,#2819,.T.);
#2819 = EDGE_CURVE('',#2812,#338,#2820,.T.);
#2820 = LINE('',#2821,#2822);
#2821 = CARTESIAN_POINT('',(70.5,72.5,208.));
#2822 = VECTOR('',#2823,1.);
#2823 = DIRECTION('',(0.,0.,1.));
#2824 = ORIENTED_EDGE('',*,*,#345,.F.);
#2825 = ORIENTED_EDGE('',*,*,#2795,.F.);
#2826 = PLANE('',#2827);
#2827 = AXIS2_PLACEMENT_3D('',#2828,#2829,#2830);
#2828 = CARTESIAN_POINT('',(70.5,72.5,208.));
#2829 = DIRECTION('',(-0.707106781187,-0.707106781187,0.));
#2830 = DIRECTION('',(-0.707106781187,0.707106781187,0.));
#2831 = ADVANCED_FACE('',(#2832),#2843,.F.);
#2832 = FACE_BOUND('',#2833,.F.);
#2833 = EDGE_LOOP('',(#2834,#2840,#2841,#2842));
#2834 = ORIENTED_EDGE('',*,*,#2835,.T.);
#2835 = EDGE_CURVE('',#2812,#2757,#2836,.T.);
#2836 = LINE('',#2837,#2838);
#2837 = CARTESIAN_POINT('',(56.25,58.25,212.));
#2838 = VECTOR('',#2839,1.);
#2839 = DIRECTION('',(0.707106781187,0.707106781187,-0.));
#2840 = ORIENTED_EDGE('',*,*,#2773,.T.);
#2841 = ORIENTED_EDGE('',*,*,#337,.F.);
#2842 = ORIENTED_EDGE('',*,*,#2819,.F.);
#2843 = PLANE('',#2844);
#2844 = AXIS2_PLACEMENT_3D('',#2845,#2846,#2847);
#2845 = CARTESIAN_POINT('',(76.5,78.5,208.));
#2846 = DIRECTION('',(0.707106781187,-0.707106781187,0.));
#2847 = DIRECTION('',(-0.707106781187,-0.707106781187,0.));
#2848 = ADVANCED_FACE('',(#2849),#2874,.F.);
#2849 = FACE_BOUND('',#2850,.F.);
#2850 = EDGE_LOOP('',(#2851,#2861,#2867,#2868));
#2851 = ORIENTED_EDGE('',*,*,#2852,.T.);
#2852 = EDGE_CURVE('',#2853,#2855,#2857,.T.);
#2853 = VERTEX_POINT('',#2854);
#2854 = CARTESIAN_POINT('',(84.,71.,212.));
#2855 = VERTEX_POINT('',#2856);
#2856 = CARTESIAN_POINT('',(78.,77.,212.));
#2857 = LINE('',#2858,#2859);
#2858 = CARTESIAN_POINT('',(69.25,85.75,212.));
#2859 = VECTOR('',#2860,1.);
#2860 = DIRECTION('',(-0.707106781187,0.707106781187,0.));
#2861 = ORIENTED_EDGE('',*,*,#2862,.T.);
#2862 = EDGE_CURVE('',#2855,#364,#2863,.T.);
#2863 = LINE('',#2864,#2865);
#2864 = CARTESIAN_POINT('',(78.,77.,208.));
#2865 = VECTOR('',#2866,1.);
#2866 = DIRECTION('',(0.,0.,1.));
#2867 = ORIENTED_EDGE('',*,*,#361,.F.);
#2868 = ORIENTED_EDGE('',*,*,#2869,.F.);
#2869 = EDGE_CURVE('',#2853,#362,#2870,.T.);
#2870 = LINE('',#2871,#2872);
#2871 = CARTESIAN_POINT('',(84.,71.,208.));
#2872 = VECTOR('',#2873,1.);
#2873 = DIRECTION('',(0.,0.,1.));
#2874 = PLANE('',#2875);
#2875 = AXIS2_PLACEMENT_3D('',#2876,#2877,#2878);
#2876 = CARTESIAN_POINT('',(78.,77.,208.));
#2877 = DIRECTION('',(0.707106781187,0.707106781187,-0.));
#2878 = DIRECTION('',(0.707106781187,-0.707106781187,0.));
#2879 = ADVANCED_FACE('',(#2880),#2898,.F.);
#2880 = FACE_BOUND('',#2881,.F.);
#2881 = EDGE_LOOP('',(#2882,#2890,#2896,#2897));
#2882 = ORIENTED_EDGE('',*,*,#2883,.T.);
#2883 = EDGE_CURVE('',#2855,#2884,#2886,.T.);
#2884 = VERTEX_POINT('',#2885);
#2885 = CARTESIAN_POINT('',(72.,71.,212.));
#2886 = LINE('',#2887,#2888);
#2887 = CARTESIAN_POINT('',(54.75,53.75,212.));
#2888 = VECTOR('',#2889,1.);
#2889 = DIRECTION('',(-0.707106781187,-0.707106781187,0.));
#2890 = ORIENTED_EDGE('',*,*,#2891,.T.);
#2891 = EDGE_CURVE('',#2884,#380,#2892,.T.);
#2892 = LINE('',#2893,#2894);
#2893 = CARTESIAN_POINT('',(72.,71.,208.));
#2894 = VECTOR('',#2895,1.);
#2895 = DIRECTION('',(0.,0.,1.));
#2896 = ORIENTED_EDGE('',*,*,#387,.F.);
#2897 = ORIENTED_EDGE('',*,*,#2862,.F.);
#2898 = PLANE('',#2899);
#2899 = AXIS2_PLACEMENT_3D('',#2900,#2901,#2902);
#2900 = CARTESIAN_POINT('',(72.,71.,208.));
#2901 = DIRECTION('',(-0.707106781187,0.707106781187,0.));
#2902 = DIRECTION('',(0.707106781187,0.707106781187,0.));
#2903 = ADVANCED_FACE('',(#2904),#2922,.F.);
#2904 = FACE_BOUND('',#2905,.F.);
#2905 = EDGE_LOOP('',(#2906,#2914,#2920,#2921));
#2906 = ORIENTED_EDGE('',*,*,#2907,.T.);
#2907 = EDGE_CURVE('',#2884,#2908,#2910,.T.);
#2908 = VERTEX_POINT('',#2909);
#2909 = CARTESIAN_POINT('',(78.,65.,212.));
#2910 = LINE('',#2911,#2912);
#2911 = CARTESIAN_POINT('',(66.25,76.75,212.));
#2912 = VECTOR('',#2913,1.);
#2913 = DIRECTION('',(0.707106781187,-0.707106781187,0.));
#2914 = ORIENTED_EDGE('',*,*,#2915,.T.);
#2915 = EDGE_CURVE('',#2908,#372,#2916,.T.);
#2916 = LINE('',#2917,#2918);
#2917 = CARTESIAN_POINT('',(78.,65.,208.));
#2918 = VECTOR('',#2919,1.);
#2919 = DIRECTION('',(0.,0.,1.));
#2920 = ORIENTED_EDGE('',*,*,#379,.F.);
#2921 = ORIENTED_EDGE('',*,*,#2891,.F.);
#2922 = PLANE('',#2923);
#2923 = AXIS2_PLACEMENT_3D('',#2924,#2925,#2926);
#2924 = CARTESIAN_POINT('',(78.,65.,208.));
#2925 = DIRECTION('',(-0.707106781187,-0.707106781187,0.));
#2926 = DIRECTION('',(-0.707106781187,0.707106781187,0.));
#2927 = ADVANCED_FACE('',(#2928),#2939,.F.);
#2928 = FACE_BOUND('',#2929,.F.);
#2929 = EDGE_LOOP('',(#2930,#2936,#2937,#2938));
#2930 = ORIENTED_EDGE('',*,*,#2931,.T.);
#2931 = EDGE_CURVE('',#2908,#2853,#2932,.T.);
#2932 = LINE('',#2933,#2934);
#2933 = CARTESIAN_POINT('',(63.75,50.75,212.));
#2934 = VECTOR('',#2935,1.);
#2935 = DIRECTION('',(0.707106781187,0.707106781187,-0.));
#2936 = ORIENTED_EDGE('',*,*,#2869,.T.);
#2937 = ORIENTED_EDGE('',*,*,#371,.F.);
#2938 = ORIENTED_EDGE('',*,*,#2915,.F.);
#2939 = PLANE('',#2940);
#2940 = AXIS2_PLACEMENT_3D('',#2941,#2942,#2943);
#2941 = CARTESIAN_POINT('',(84.,71.,208.));
#2942 = DIRECTION('',(0.707106781187,-0.707106781187,0.));
#2943 = DIRECTION('',(-0.707106781187,-0.707106781187,0.));
#2944 = ADVANCED_FACE('',(#2945),#2970,.F.);
#2945 = FACE_BOUND('',#2946,.F.);
#2946 = EDGE_LOOP('',(#2947,#2957,#2963,#2964));
#2947 = ORIENTED_EDGE('',*,*,#2948,.T.);
#2948 = EDGE_CURVE('',#2949,#2951,#2953,.T.);
#2949 = VERTEX_POINT('',#2950);
#2950 = CARTESIAN_POINT('',(91.5,78.5,212.));
#2951 = VERTEX_POINT('',#2952);
#2952 = CARTESIAN_POINT('',(85.5,84.5,212.));
#2953 = LINE('',#2954,#2955);
#2954 = CARTESIAN_POINT('',(76.75,93.25,212.));
#2955 = VECTOR('',#2956,1.);
#2956 = DIRECTION('',(-0.707106781187,0.707106781187,0.));
#2957 = ORIENTED_EDGE('',*,*,#2958,.T.);
#2958 = EDGE_CURVE('',#2951,#398,#2959,.T.);
#2959 = LINE('',#2960,#2961);
#2960 = CARTESIAN_POINT('',(85.5,84.5,208.));
#2961 = VECTOR('',#2962,1.);
#2962 = DIRECTION('',(0.,0.,1.));
#2963 = ORIENTED_EDGE('',*,*,#395,.F.);
#2964 = ORIENTED_EDGE('',*,*,#2965,.F.);
#2965 = EDGE_CURVE('',#2949,#396,#2966,.T.);
#2966 = LINE('',#2967,#2968);
#2967 = CARTESIAN_POINT('',(91.5,78.5,208.));
#2968 = VECTOR('',#2969,1.);
#2969 = DIRECTION('',(0.,0.,1.));
#2970 = PLANE('',#2971);
#2971 = AXIS2_PLACEMENT_3D('',#2972,#2973,#2974);
#2972 = CARTESIAN_POINT('',(85.5,84.5,208.));
#2973 = DIRECTION('',(0.707106781187,0.707106781187,-0.));
#2974 = DIRECTION('',(0.707106781187,-0.707106781187,0.));
#2975 = ADVANCED_FACE('',(#2976),#2994,.F.);
#2976 = FACE_BOUND('',#2977,.F.);
#2977 = EDGE_LOOP('',(#2978,#2986,#2992,#2993));
#2978 = ORIENTED_EDGE('',*,*,#2979,.T.);
#2979 = EDGE_CURVE('',#2951,#2980,#2982,.T.);
#2980 = VERTEX_POINT('',#2981);
#2981 = CARTESIAN_POINT('',(79.5,78.5,212.));
#2982 = LINE('',#2983,#2984);
#2983 = CARTESIAN_POINT('',(58.5,57.5,212.));
#2984 = VECTOR('',#2985,1.);
#2985 = DIRECTION('',(-0.707106781187,-0.707106781187,0.));
#2986 = ORIENTED_EDGE('',*,*,#2987,.T.);
#2987 = EDGE_CURVE('',#2980,#414,#2988,.T.);
#2988 = LINE('',#2989,#2990);
#2989 = CARTESIAN_POINT('',(79.5,78.5,208.));
#2990 = VECTOR('',#2991,1.);
#2991 = DIRECTION('',(0.,0.,1.));
#2992 = ORIENTED_EDGE('',*,*,#421,.F.);
#2993 = ORIENTED_EDGE('',*,*,#2958,.F.);
#2994 = PLANE('',#2995);
#2995 = AXIS2_PLACEMENT_3D('',#2996,#2997,#2998);
#2996 = CARTESIAN_POINT('',(79.5,78.5,208.));
#2997 = DIRECTION('',(-0.707106781187,0.707106781187,0.));
#2998 = DIRECTION('',(0.707106781187,0.707106781187,0.));
#2999 = ADVANCED_FACE('',(#3000),#3018,.F.);
#3000 = FACE_BOUND('',#3001,.F.);
#3001 = EDGE_LOOP('',(#3002,#3010,#3016,#3017));
#3002 = ORIENTED_EDGE('',*,*,#3003,.T.);
#3003 = EDGE_CURVE('',#2980,#3004,#3006,.T.);
#3004 = VERTEX_POINT('',#3005);
#3005 = CARTESIAN_POINT('',(85.5,72.5,212.));
#3006 = LINE('',#3007,#3008);
#3007 = CARTESIAN_POINT('',(73.75,84.25,212.));
#3008 = VECTOR('',#3009,1.);
#3009 = DIRECTION('',(0.707106781187,-0.707106781187,0.));
#3010 = ORIENTED_EDGE('',*,*,#3011,.T.);
#3011 = EDGE_CURVE('',#3004,#406,#3012,.T.);
#3012 = LINE('',#3013,#3014);
#3013 = CARTESIAN_POINT('',(85.5,72.5,208.));
#3014 = VECTOR('',#3015,1.);
#3015 = DIRECTION('',(0.,0.,1.));
#3016 = ORIENTED_EDGE('',*,*,#413,.F.);
#3017 = ORIENTED_EDGE('',*,*,#2987,.F.);
#3018 = PLANE('',#3019);
#3019 = AXIS2_PLACEMENT_3D('',#3020,#3021,#3022);
#3020 = CARTESIAN_POINT('',(85.5,72.5,208.));
#3021 = DIRECTION('',(-0.707106781187,-0.707106781187,0.));
#3022 = DIRECTION('',(-0.707106781187,0.707106781187,0.));
#3023 = ADVANCED_FACE('',(#3024),#3035,.F.);
#3024 = FACE_BOUND('',#3025,.F.);
#3025 = EDGE_LOOP('',(#3026,#3032,#3033,#3034));
#3026 = ORIENTED_EDGE('',*,*,#3027,.T.);
#3027 = EDGE_CURVE('',#3004,#2949,#3028,.T.);
#3028 = LINE('',#3029,#3030);
#3029 = CARTESIAN_POINT('',(67.5,54.5,212.));
#3030 = VECTOR('',#3031,1.);
#3031 = DIRECTION('',(0.707106781187,0.707106781187,-0.));
#3032 = ORIENTED_EDGE('',*,*,#2965,.T.);
#3033 = ORIENTED_EDGE('',*,*,#405,.F.);
#3034 = ORIENTED_EDGE('',*,*,#3011,.F.);
#3035 = PLANE('',#3036);
#3036 = AXIS2_PLACEMENT_3D('',#3037,#3038,#3039);
#3037 = CARTESIAN_POINT('',(91.5,78.5,208.));
#3038 = DIRECTION('',(0.707106781187,-0.707106781187,0.));
#3039 = DIRECTION('',(-0.707106781187,-0.707106781187,0.));
#3040 = ADVANCED_FACE('',(#3041),#3066,.F.);
#3041 = FACE_BOUND('',#3042,.F.);
#3042 = EDGE_LOOP('',(#3043,#3053,#3059,#3060));
#3043 = ORIENTED_EDGE('',*,*,#3044,.T.);
#3044 = EDGE_CURVE('',#3045,#3047,#3049,.T.);
#3045 = VERTEX_POINT('',#3046);
#3046 = CARTESIAN_POINT('',(69.,86.,212.));
#3047 = VERTEX_POINT('',#3048);
#3048 = CARTESIAN_POINT('',(63.,92.,212.));
#3049 = LINE('',#3050,#3051);
#3050 = CARTESIAN_POINT('',(61.75,93.25,212.));
#3051 = VECTOR('',#3052,1.);
#3052 = DIRECTION('',(-0.707106781187,0.707106781187,0.));
#3053 = ORIENTED_EDGE('',*,*,#3054,.T.);
#3054 = EDGE_CURVE('',#3047,#432,#3055,.T.);
#3055 = LINE('',#3056,#3057);
#3056 = CARTESIAN_POINT('',(63.,92.,208.));
#3057 = VECTOR('',#3058,1.);
#3058 = DIRECTION('',(0.,0.,1.));
#3059 = ORIENTED_EDGE('',*,*,#429,.F.);
#3060 = ORIENTED_EDGE('',*,*,#3061,.F.);
#3061 = EDGE_CURVE('',#3045,#430,#3062,.T.);
#3062 = LINE('',#3063,#3064);
#3063 = CARTESIAN_POINT('',(69.,86.,208.));
#3064 = VECTOR('',#3065,1.);
#3065 = DIRECTION('',(0.,0.,1.));
#3066 = PLANE('',#3067);
#3067 = AXIS2_PLACEMENT_3D('',#3068,#3069,#3070);
#3068 = CARTESIAN_POINT('',(63.,92.,208.));
#3069 = DIRECTION('',(0.707106781187,0.707106781187,-0.));
#3070 = DIRECTION('',(0.707106781187,-0.707106781187,0.));
#3071 = ADVANCED_FACE('',(#3072),#3090,.F.);
#3072 = FACE_BOUND('',#3073,.F.);
#3073 = EDGE_LOOP('',(#3074,#3082,#3088,#3089));
#3074 = ORIENTED_EDGE('',*,*,#3075,.T.);
#3075 = EDGE_CURVE('',#3047,#3076,#3078,.T.);
#3076 = VERTEX_POINT('',#3077);
#3077 = CARTESIAN_POINT('',(57.,86.,212.));
#3078 = LINE('',#3079,#3080);
#3079 = CARTESIAN_POINT('',(39.75,68.75,212.));
#3080 = VECTOR('',#3081,1.);
#3081 = DIRECTION('',(-0.707106781187,-0.707106781187,0.));
#3082 = ORIENTED_EDGE('',*,*,#3083,.T.);
#3083 = EDGE_CURVE('',#3076,#448,#3084,.T.);
#3084 = LINE('',#3085,#3086);
#3085 = CARTESIAN_POINT('',(57.,86.,208.));
#3086 = VECTOR('',#3087,1.);
#3087 = DIRECTION('',(0.,0.,1.));
#3088 = ORIENTED_EDGE('',*,*,#455,.F.);
#3089 = ORIENTED_EDGE('',*,*,#3054,.F.);
#3090 = PLANE('',#3091);
#3091 = AXIS2_PLACEMENT_3D('',#3092,#3093,#3094);
#3092 = CARTESIAN_POINT('',(57.,86.,208.));
#3093 = DIRECTION('',(-0.707106781187,0.707106781187,0.));
#3094 = DIRECTION('',(0.707106781187,0.707106781187,0.));
#3095 = ADVANCED_FACE('',(#3096),#3114,.F.);
#3096 = FACE_BOUND('',#3097,.F.);
#3097 = EDGE_LOOP('',(#3098,#3106,#3112,#3113));
#3098 = ORIENTED_EDGE('',*,*,#3099,.T.);
#3099 = EDGE_CURVE('',#3076,#3100,#3102,.T.);
#3100 = VERTEX_POINT('',#3101);
#3101 = CARTESIAN_POINT('',(63.,80.,212.));
#3102 = LINE('',#3103,#3104);
#3103 = CARTESIAN_POINT('',(58.75,84.25,212.));
#3104 = VECTOR('',#3105,1.);
#3105 = DIRECTION('',(0.707106781187,-0.707106781187,0.));
#3106 = ORIENTED_EDGE('',*,*,#3107,.T.);
#3107 = EDGE_CURVE('',#3100,#440,#3108,.T.);
#3108 = LINE('',#3109,#3110);
#3109 = CARTESIAN_POINT('',(63.,80.,208.));
#3110 = VECTOR('',#3111,1.);
#3111 = DIRECTION('',(0.,0.,1.));
#3112 = ORIENTED_EDGE('',*,*,#447,.F.);
#3113 = ORIENTED_EDGE('',*,*,#3083,.F.);
#3114 = PLANE('',#3115);
#3115 = AXIS2_PLACEMENT_3D('',#3116,#3117,#3118);
#3116 = CARTESIAN_POINT('',(63.,80.,208.));
#3117 = DIRECTION('',(-0.707106781187,-0.707106781187,0.));
#3118 = DIRECTION('',(-0.707106781187,0.707106781187,0.));
#3119 = ADVANCED_FACE('',(#3120),#3131,.F.);
#3120 = FACE_BOUND('',#3121,.F.);
#3121 = EDGE_LOOP('',(#3122,#3128,#3129,#3130));
#3122 = ORIENTED_EDGE('',*,*,#3123,.T.);
#3123 = EDGE_CURVE('',#3100,#3045,#3124,.T.);
#3124 = LINE('',#3125,#3126);
#3125 = CARTESIAN_POINT('',(48.75,65.75,212.));
#3126 = VECTOR('',#3127,1.);
#3127 = DIRECTION('',(0.707106781187,0.707106781187,-0.));
#3128 = ORIENTED_EDGE('',*,*,#3061,.T.);
#3129 = ORIENTED_EDGE('',*,*,#439,.F.);
#3130 = ORIENTED_EDGE('',*,*,#3107,.F.);
#3131 = PLANE('',#3132);
#3132 = AXIS2_PLACEMENT_3D('',#3133,#3134,#3135);
#3133 = CARTESIAN_POINT('',(69.,86.,208.));
#3134 = DIRECTION('',(0.707106781187,-0.707106781187,0.));
#3135 = DIRECTION('',(-0.707106781187,-0.707106781187,0.));
#3136 = ADVANCED_FACE('',(#3137),#3162,.F.);
#3137 = FACE_BOUND('',#3138,.F.);
#3138 = EDGE_LOOP('',(#3139,#3149,#3155,#3156));
#3139 = ORIENTED_EDGE('',*,*,#3140,.T.);
#3140 = EDGE_CURVE('',#3141,#3143,#3145,.T.);
#3141 = VERTEX_POINT('',#3142);
#3142 = CARTESIAN_POINT('',(76.5,93.5,212.));
#3143 = VERTEX_POINT('',#3144);
#3144 = CARTESIAN_POINT('',(70.5,99.5,212.));
#3145 = LINE('',#3146,#3147);
#3146 = CARTESIAN_POINT('',(69.25,100.75,212.));
#3147 = VECTOR('',#3148,1.);
#3148 = DIRECTION('',(-0.707106781187,0.707106781187,0.));
#3149 = ORIENTED_EDGE('',*,*,#3150,.T.);
#3150 = EDGE_CURVE('',#3143,#466,#3151,.T.);
#3151 = LINE('',#3152,#3153);
#3152 = CARTESIAN_POINT('',(70.5,99.5,208.));
#3153 = VECTOR('',#3154,1.);
#3154 = DIRECTION('',(0.,0.,1.));
#3155 = ORIENTED_EDGE('',*,*,#463,.F.);
#3156 = ORIENTED_EDGE('',*,*,#3157,.F.);
#3157 = EDGE_CURVE('',#3141,#464,#3158,.T.);
#3158 = LINE('',#3159,#3160);
#3159 = CARTESIAN_POINT('',(76.5,93.5,208.));
#3160 = VECTOR('',#3161,1.);
#3161 = DIRECTION('',(0.,0.,1.));
#3162 = PLANE('',#3163);
#3163 = AXIS2_PLACEMENT_3D('',#3164,#3165,#3166);
#3164 = CARTESIAN_POINT('',(70.5,99.5,208.));
#3165 = DIRECTION('',(0.707106781187,0.707106781187,-0.));
#3166 = DIRECTION('',(0.707106781187,-0.707106781187,0.));
#3167 = ADVANCED_FACE('',(#3168),#3186,.F.);
#3168 = FACE_BOUND('',#3169,.F.);
#3169 = EDGE_LOOP('',(#3170,#3178,#3184,#3185));
#3170 = ORIENTED_EDGE('',*,*,#3171,.T.);
#3171 = EDGE_CURVE('',#3143,#3172,#3174,.T.);
#3172 = VERTEX_POINT('',#3173);
#3173 = CARTESIAN_POINT('',(64.5,93.5,212.));
#3174 = LINE('',#3175,#3176);
#3175 = CARTESIAN_POINT('',(43.5,72.5,212.));
#3176 = VECTOR('',#3177,1.);
#3177 = DIRECTION('',(-0.707106781187,-0.707106781187,0.));
#3178 = ORIENTED_EDGE('',*,*,#3179,.T.);
#3179 = EDGE_CURVE('',#3172,#482,#3180,.T.);
#3180 = LINE('',#3181,#3182);
#3181 = CARTESIAN_POINT('',(64.5,93.5,208.));
#3182 = VECTOR('',#3183,1.);
#3183 = DIRECTION('',(0.,0.,1.));
#3184 = ORIENTED_EDGE('',*,*,#489,.F.);
#3185 = ORIENTED_EDGE('',*,*,#3150,.F.);
#3186 = PLANE('',#3187);
#3187 = AXIS2_PLACEMENT_3D('',#3188,#3189,#3190);
#3188 = CARTESIAN_POINT('',(64.5,93.5,208.));
#3189 = DIRECTION('',(-0.707106781187,0.707106781187,0.));
#3190 = DIRECTION('',(0.707106781187,0.707106781187,0.));
#3191 = ADVANCED_FACE('',(#3192),#3210,.F.);
#3192 = FACE_BOUND('',#3193,.F.);
#3193 = EDGE_LOOP('',(#3194,#3202,#3208,#3209));
#3194 = ORIENTED_EDGE('',*,*,#3195,.T.);
#3195 = EDGE_CURVE('',#3172,#3196,#3198,.T.);
#3196 = VERTEX_POINT('',#3197);
#3197 = CARTESIAN_POINT('',(70.5,87.5,212.));
#3198 = LINE('',#3199,#3200);
#3199 = CARTESIAN_POINT('',(66.25,91.75,212.));
#3200 = VECTOR('',#3201,1.);
#3201 = DIRECTION('',(0.707106781187,-0.707106781187,0.));
#3202 = ORIENTED_EDGE('',*,*,#3203,.T.);
#3203 = EDGE_CURVE('',#3196,#474,#3204,.T.);
#3204 = LINE('',#3205,#3206);
#3205 = CARTESIAN_POINT('',(70.5,87.5,208.));
#3206 = VECTOR('',#3207,1.);
#3207 = DIRECTION('',(0.,0.,1.));
#3208 = ORIENTED_EDGE('',*,*,#481,.F.);
#3209 = ORIENTED_EDGE('',*,*,#3179,.F.);
#3210 = PLANE('',#3211);
#3211 = AXIS2_PLACEMENT_3D('',#3212,#3213,#3214);
#3212 = CARTESIAN_POINT('',(70.5,87.5,208.));
#3213 = DIRECTION('',(-0.707106781187,-0.707106781187,0.));
#3214 = DIRECTION('',(-0.707106781187,0.707106781187,0.));
#3215 = ADVANCED_FACE('',(#3216),#3227,.F.);
#3216 = FACE_BOUND('',#3217,.F.);
#3217 = EDGE_LOOP('',(#3218,#3224,#3225,#3226));
#3218 = ORIENTED_EDGE('',*,*,#3219,.T.);
#3219 = EDGE_CURVE('',#3196,#3141,#3220,.T.);
#3220 = LINE('',#3221,#3222);
#3221 = CARTESIAN_POINT('',(52.5,69.5,212.));
#3222 = VECTOR('',#3223,1.);
#3223 = DIRECTION('',(0.707106781187,0.707106781187,-0.));
#3224 = ORIENTED_EDGE('',*,*,#3157,.T.);
#3225 = ORIENTED_EDGE('',*,*,#473,.F.);
#3226 = ORIENTED_EDGE('',*,*,#3203,.F.);
#3227 = PLANE('',#3228);
#3228 = AXIS2_PLACEMENT_3D('',#3229,#3230,#3231);
#3229 = CARTESIAN_POINT('',(76.5,93.5,208.));
#3230 = DIRECTION('',(0.707106781187,-0.707106781187,0.));
#3231 = DIRECTION('',(-0.707106781187,-0.707106781187,0.));
#3232 = ADVANCED_FACE('',(#3233),#3258,.F.);
#3233 = FACE_BOUND('',#3234,.F.);
#3234 = EDGE_LOOP('',(#3235,#3245,#3251,#3252));
#3235 = ORIENTED_EDGE('',*,*,#3236,.T.);
#3236 = EDGE_CURVE('',#3237,#3239,#3241,.T.);
#3237 = VERTEX_POINT('',#3238);
#3238 = CARTESIAN_POINT('',(84.,86.,212.));
#3239 = VERTEX_POINT('',#3240);
#3240 = CARTESIAN_POINT('',(78.,92.,212.));
#3241 = LINE('',#3242,#3243);
#3242 = CARTESIAN_POINT('',(73.,97.,212.));
#3243 = VECTOR('',#3244,1.);
#3244 = DIRECTION('',(-0.707106781187,0.707106781187,0.));
#3245 = ORIENTED_EDGE('',*,*,#3246,.T.);
#3246 = EDGE_CURVE('',#3239,#500,#3247,.T.);
#3247 = LINE('',#3248,#3249);
#3248 = CARTESIAN_POINT('',(78.,92.,208.));
#3249 = VECTOR('',#3250,1.);
#3250 = DIRECTION('',(0.,0.,1.));
#3251 = ORIENTED_EDGE('',*,*,#497,.F.);
#3252 = ORIENTED_EDGE('',*,*,#3253,.F.);
#3253 = EDGE_CURVE('',#3237,#498,#3254,.T.);
#3254 = LINE('',#3255,#3256);
#3255 = CARTESIAN_POINT('',(84.,86.,208.));
#3256 = VECTOR('',#3257,1.);
#3257 = DIRECTION('',(0.,0.,1.));
#3258 = PLANE('',#3259);
#3259 = AXIS2_PLACEMENT_3D('',#3260,#3261,#3262);
#3260 = CARTESIAN_POINT('',(78.,92.,208.));
#3261 = DIRECTION('',(0.707106781187,0.707106781187,-0.));
#3262 = DIRECTION('',(0.707106781187,-0.707106781187,0.));
#3263 = ADVANCED_FACE('',(#3264),#3282,.F.);
#3264 = FACE_BOUND('',#3265,.F.);
#3265 = EDGE_LOOP('',(#3266,#3274,#3280,#3281));
#3266 = ORIENTED_EDGE('',*,*,#3267,.T.);
#3267 = EDGE_CURVE('',#3239,#3268,#3270,.T.);
#3268 = VERTEX_POINT('',#3269);
#3269 = CARTESIAN_POINT('',(72.,86.,212.));
#3270 = LINE('',#3271,#3272);
#3271 = CARTESIAN_POINT('',(51.,65.,212.));
#3272 = VECTOR('',#3273,1.);
#3273 = DIRECTION('',(-0.707106781187,-0.707106781187,0.));
#3274 = ORIENTED_EDGE('',*,*,#3275,.T.);
#3275 = EDGE_CURVE('',#3268,#516,#3276,.T.);
#3276 = LINE('',#3277,#3278);
#3277 = CARTESIAN_POINT('',(72.,86.,208.));
#3278 = VECTOR('',#3279,1.);
#3279 = DIRECTION('',(0.,0.,1.));
#3280 = ORIENTED_EDGE('',*,*,#523,.F.);
#3281 = ORIENTED_EDGE('',*,*,#3246,.F.);
#3282 = PLANE('',#3283);
#3283 = AXIS2_PLACEMENT_3D('',#3284,#3285,#3286);
#3284 = CARTESIAN_POINT('',(72.,86.,208.));
#3285 = DIRECTION('',(-0.707106781187,0.707106781187,0.));
#3286 = DIRECTION('',(0.707106781187,0.707106781187,0.));
#3287 = ADVANCED_FACE('',(#3288),#3306,.F.);
#3288 = FACE_BOUND('',#3289,.F.);
#3289 = EDGE_LOOP('',(#3290,#3298,#3304,#3305));
#3290 = ORIENTED_EDGE('',*,*,#3291,.T.);
#3291 = EDGE_CURVE('',#3268,#3292,#3294,.T.);
#3292 = VERTEX_POINT('',#3293);
#3293 = CARTESIAN_POINT('',(78.,80.,212.));
#3294 = LINE('',#3295,#3296);
#3295 = CARTESIAN_POINT('',(70.,88.,212.));
#3296 = VECTOR('',#3297,1.);
#3297 = DIRECTION('',(0.707106781187,-0.707106781187,0.));
#3298 = ORIENTED_EDGE('',*,*,#3299,.T.);
#3299 = EDGE_CURVE('',#3292,#508,#3300,.T.);
#3300 = LINE('',#3301,#3302);
#3301 = CARTESIAN_POINT('',(78.,80.,208.));
#3302 = VECTOR('',#3303,1.);
#3303 = DIRECTION('',(0.,0.,1.));
#3304 = ORIENTED_EDGE('',*,*,#515,.F.);
#3305 = ORIENTED_EDGE('',*,*,#3275,.F.);
#3306 = PLANE('',#3307);
#3307 = AXIS2_PLACEMENT_3D('',#3308,#3309,#3310);
#3308 = CARTESIAN_POINT('',(78.,80.,208.));
#3309 = DIRECTION('',(-0.707106781187,-0.707106781187,0.));
#3310 = DIRECTION('',(-0.707106781187,0.707106781187,0.));
#3311 = ADVANCED_FACE('',(#3312),#3323,.F.);
#3312 = FACE_BOUND('',#3313,.F.);
#3313 = EDGE_LOOP('',(#3314,#3320,#3321,#3322));
#3314 = ORIENTED_EDGE('',*,*,#3315,.T.);
#3315 = EDGE_CURVE('',#3292,#3237,#3316,.T.);
#3316 = LINE('',#3317,#3318);
#3317 = CARTESIAN_POINT('',(60.,62.,212.));
#3318 = VECTOR('',#3319,1.);
#3319 = DIRECTION('',(0.707106781187,0.707106781187,-0.));
#3320 = ORIENTED_EDGE('',*,*,#3253,.T.);
#3321 = ORIENTED_EDGE('',*,*,#507,.F.);
#3322 = ORIENTED_EDGE('',*,*,#3299,.F.);
#3323 = PLANE('',#3324);
#3324 = AXIS2_PLACEMENT_3D('',#3325,#3326,#3327);
#3325 = CARTESIAN_POINT('',(84.,86.,208.));
#3326 = DIRECTION('',(0.707106781187,-0.707106781187,0.));
#3327 = DIRECTION('',(-0.707106781187,-0.707106781187,0.));
#3328 = ADVANCED_FACE('',(#3329),#3354,.F.);
#3329 = FACE_BOUND('',#3330,.F.);
#3330 = EDGE_LOOP('',(#3331,#3341,#3347,#3348));
#3331 = ORIENTED_EDGE('',*,*,#3332,.T.);
#3332 = EDGE_CURVE('',#3333,#3335,#3337,.T.);
#3333 = VERTEX_POINT('',#3334);
#3334 = CARTESIAN_POINT('',(91.5,93.5,212.));
#3335 = VERTEX_POINT('',#3336);
#3336 = CARTESIAN_POINT('',(85.5,99.5,212.));
#3337 = LINE('',#3338,#3339);
#3338 = CARTESIAN_POINT('',(80.5,104.5,212.));
#3339 = VECTOR('',#3340,1.);
#3340 = DIRECTION('',(-0.707106781187,0.707106781187,0.));
#3341 = ORIENTED_EDGE('',*,*,#3342,.T.);
#3342 = EDGE_CURVE('',#3335,#534,#3343,.T.);
#3343 = LINE('',#3344,#3345);
#3344 = CARTESIAN_POINT('',(85.5,99.5,208.));
#3345 = VECTOR('',#3346,1.);
#3346 = DIRECTION('',(0.,0.,1.));
#3347 = ORIENTED_EDGE('',*,*,#531,.F.);
#3348 = ORIENTED_EDGE('',*,*,#3349,.F.);
#3349 = EDGE_CURVE('',#3333,#532,#3350,.T.);
#3350 = LINE('',#3351,#3352);
#3351 = CARTESIAN_POINT('',(91.5,93.5,208.));
#3352 = VECTOR('',#3353,1.);
#3353 = DIRECTION('',(0.,0.,1.));
#3354 = PLANE('',#3355);
#3355 = AXIS2_PLACEMENT_3D('',#3356,#3357,#3358);
#3356 = CARTESIAN_POINT('',(85.5,99.5,208.));
#3357 = DIRECTION('',(0.707106781187,0.707106781187,-0.));
#3358 = DIRECTION('',(0.707106781187,-0.707106781187,0.));
#3359 = ADVANCED_FACE('',(#3360),#3378,.F.);
#3360 = FACE_BOUND('',#3361,.F.);
#3361 = EDGE_LOOP('',(#3362,#3370,#3376,#3377));
#3362 = ORIENTED_EDGE('',*,*,#3363,.T.);
#3363 = EDGE_CURVE('',#3335,#3364,#3366,.T.);
#3364 = VERTEX_POINT('',#3365);
#3365 = CARTESIAN_POINT('',(79.5,93.5,212.));
#3366 = LINE('',#3367,#3368);
#3367 = CARTESIAN_POINT('',(54.75,68.75,212.));
#3368 = VECTOR('',#3369,1.);
#3369 = DIRECTION('',(-0.707106781187,-0.707106781187,0.));
#3370 = ORIENTED_EDGE('',*,*,#3371,.T.);
#3371 = EDGE_CURVE('',#3364,#550,#3372,.T.);
#3372 = LINE('',#3373,#3374);
#3373 = CARTESIAN_POINT('',(79.5,93.5,208.));
#3374 = VECTOR('',#3375,1.);
#3375 = DIRECTION('',(0.,0.,1.));
#3376 = ORIENTED_EDGE('',*,*,#557,.F.);
#3377 = ORIENTED_EDGE('',*,*,#3342,.F.);
#3378 = PLANE('',#3379);
#3379 = AXIS2_PLACEMENT_3D('',#3380,#3381,#3382);
#3380 = CARTESIAN_POINT('',(79.5,93.5,208.));
#3381 = DIRECTION('',(-0.707106781187,0.707106781187,0.));
#3382 = DIRECTION('',(0.707106781187,0.707106781187,0.));
#3383 = ADVANCED_FACE('',(#3384),#3402,.F.);
#3384 = FACE_BOUND('',#3385,.F.);
#3385 = EDGE_LOOP('',(#3386,#3394,#3400,#3401));
#3386 = ORIENTED_EDGE('',*,*,#3387,.T.);
#3387 = EDGE_CURVE('',#3364,#3388,#3390,.T.);
#3388 = VERTEX_POINT('',#3389);
#3389 = CARTESIAN_POINT('',(85.5,87.5,212.));
#3390 = LINE('',#3391,#3392);
#3391 = CARTESIAN_POINT('',(77.5,95.5,212.));
#3392 = VECTOR('',#3393,1.);
#3393 = DIRECTION('',(0.707106781187,-0.707106781187,0.));
#3394 = ORIENTED_EDGE('',*,*,#3395,.T.);
#3395 = EDGE_CURVE('',#3388,#542,#3396,.T.);
#3396 = LINE('',#3397,#3398);
#3397 = CARTESIAN_POINT('',(85.5,87.5,208.));
#3398 = VECTOR('',#3399,1.);
#3399 = DIRECTION('',(0.,0.,1.));
#3400 = ORIENTED_EDGE('',*,*,#549,.F.);
#3401 = ORIENTED_EDGE('',*,*,#3371,.F.);
#3402 = PLANE('',#3403);
#3403 = AXIS2_PLACEMENT_3D('',#3404,#3405,#3406);
#3404 = CARTESIAN_POINT('',(85.5,87.5,208.));
#3405 = DIRECTION('',(-0.707106781187,-0.707106781187,0.));
#3406 = DIRECTION('',(-0.707106781187,0.707106781187,0.));
#3407 = ADVANCED_FACE('',(#3408),#3419,.F.);
#3408 = FACE_BOUND('',#3409,.F.);
#3409 = EDGE_LOOP('',(#3410,#3416,#3417,#3418));
#3410 = ORIENTED_EDGE('',*,*,#3411,.T.);
#3411 = EDGE_CURVE('',#3388,#3333,#3412,.T.);
#3412 = LINE('',#3413,#3414);
#3413 = CARTESIAN_POINT('',(63.75,65.75,212.));
#3414 = VECTOR('',#3415,1.);
#3415 = DIRECTION('',(0.707106781187,0.707106781187,-0.));
#3416 = ORIENTED_EDGE('',*,*,#3349,.T.);
#3417 = ORIENTED_EDGE('',*,*,#541,.F.);
#3418 = ORIENTED_EDGE('',*,*,#3395,.F.);
#3419 = PLANE('',#3420);
#3420 = AXIS2_PLACEMENT_3D('',#3421,#3422,#3423);
#3421 = CARTESIAN_POINT('',(91.5,93.5,208.));
#3422 = DIRECTION('',(0.707106781187,-0.707106781187,0.));
#3423 = DIRECTION('',(-0.707106781187,-0.707106781187,0.));
#3424 = ADVANCED_FACE('',(#3425),#3450,.F.);
#3425 = FACE_BOUND('',#3426,.F.);
#3426 = EDGE_LOOP('',(#3427,#3437,#3443,#3444));
#3427 = ORIENTED_EDGE('',*,*,#3428,.T.);
#3428 = EDGE_CURVE('',#3429,#3431,#3433,.T.);
#3429 = VERTEX_POINT('',#3430);
#3430 = CARTESIAN_POINT('',(99.,71.,212.));
#3431 = VERTEX_POINT('',#3432);
#3432 = CARTESIAN_POINT('',(93.,77.,212.));
#3433 = LINE('',#3434,#3435);
#3434 = CARTESIAN_POINT('',(80.5,89.5,212.));
#3435 = VECTOR('',#3436,1.);
#3436 = DIRECTION('',(-0.707106781187,0.707106781187,0.));
#3437 = ORIENTED_EDGE('',*,*,#3438,.T.);
#3438 = EDGE_CURVE('',#3431,#568,#3439,.T.);
#3439 = LINE('',#3440,#3441);
#3440 = CARTESIAN_POINT('',(93.,77.,208.));
#3441 = VECTOR('',#3442,1.);
#3442 = DIRECTION('',(0.,0.,1.));
#3443 = ORIENTED_EDGE('',*,*,#565,.F.);
#3444 = ORIENTED_EDGE('',*,*,#3445,.F.);
#3445 = EDGE_CURVE('',#3429,#566,#3446,.T.);
#3446 = LINE('',#3447,#3448);
#3447 = CARTESIAN_POINT('',(99.,71.,208.));
#3448 = VECTOR('',#3449,1.);
#3449 = DIRECTION('',(0.,0.,1.));
#3450 = PLANE('',#3451);
#3451 = AXIS2_PLACEMENT_3D('',#3452,#3453,#3454);
#3452 = CARTESIAN_POINT('',(93.,77.,208.));
#3453 = DIRECTION('',(0.707106781187,0.707106781187,-0.));
#3454 = DIRECTION('',(0.707106781187,-0.707106781187,0.));
#3455 = ADVANCED_FACE('',(#3456),#3474,.F.);
#3456 = FACE_BOUND('',#3457,.F.);
#3457 = EDGE_LOOP('',(#3458,#3466,#3472,#3473));
#3458 = ORIENTED_EDGE('',*,*,#3459,.T.);
#3459 = EDGE_CURVE('',#3431,#3460,#3462,.T.);
#3460 = VERTEX_POINT('',#3461);
#3461 = CARTESIAN_POINT('',(87.,71.,212.));
#3462 = LINE('',#3463,#3464);
#3463 = CARTESIAN_POINT('',(66.,50.,212.));
#3464 = VECTOR('',#3465,1.);
#3465 = DIRECTION('',(-0.707106781187,-0.707106781187,0.));
#3466 = ORIENTED_EDGE('',*,*,#3467,.T.);
#3467 = EDGE_CURVE('',#3460,#584,#3468,.T.);
#3468 = LINE('',#3469,#3470);
#3469 = CARTESIAN_POINT('',(87.,71.,208.));
#3470 = VECTOR('',#3471,1.);
#3471 = DIRECTION('',(0.,0.,1.));
#3472 = ORIENTED_EDGE('',*,*,#591,.F.);
#3473 = ORIENTED_EDGE('',*,*,#3438,.F.);
#3474 = PLANE('',#3475);
#3475 = AXIS2_PLACEMENT_3D('',#3476,#3477,#3478);
#3476 = CARTESIAN_POINT('',(87.,71.,208.));
#3477 = DIRECTION('',(-0.707106781187,0.707106781187,0.));
#3478 = DIRECTION('',(0.707106781187,0.707106781187,0.));
#3479 = ADVANCED_FACE('',(#3480),#3498,.F.);
#3480 = FACE_BOUND('',#3481,.F.);
#3481 = EDGE_LOOP('',(#3482,#3490,#3496,#3497));
#3482 = ORIENTED_EDGE('',*,*,#3483,.T.);
#3483 = EDGE_CURVE('',#3460,#3484,#3486,.T.);
#3484 = VERTEX_POINT('',#3485);
#3485 = CARTESIAN_POINT('',(93.,65.,212.));
#3486 = LINE('',#3487,#3488);
#3487 = CARTESIAN_POINT('',(77.5,80.5,212.));
#3488 = VECTOR('',#3489,1.);
#3489 = DIRECTION('',(0.707106781187,-0.707106781187,0.));
#3490 = ORIENTED_EDGE('',*,*,#3491,.T.);
#3491 = EDGE_CURVE('',#3484,#576,#3492,.T.);
#3492 = LINE('',#3493,#3494);
#3493 = CARTESIAN_POINT('',(93.,65.,208.));
#3494 = VECTOR('',#3495,1.);
#3495 = DIRECTION('',(0.,0.,1.));
#3496 = ORIENTED_EDGE('',*,*,#583,.F.);
#3497 = ORIENTED_EDGE('',*,*,#3467,.F.);
#3498 = PLANE('',#3499);
#3499 = AXIS2_PLACEMENT_3D('',#3500,#3501,#3502);
#3500 = CARTESIAN_POINT('',(93.,65.,208.));
#3501 = DIRECTION('',(-0.707106781187,-0.707106781187,0.));
#3502 = DIRECTION('',(-0.707106781187,0.707106781187,0.));
#3503 = ADVANCED_FACE('',(#3504),#3515,.F.);
#3504 = FACE_BOUND('',#3505,.F.);
#3505 = EDGE_LOOP('',(#3506,#3512,#3513,#3514));
#3506 = ORIENTED_EDGE('',*,*,#3507,.T.);
#3507 = EDGE_CURVE('',#3484,#3429,#3508,.T.);
#3508 = LINE('',#3509,#3510);
#3509 = CARTESIAN_POINT('',(75.,47.,212.));
#3510 = VECTOR('',#3511,1.);
#3511 = DIRECTION('',(0.707106781187,0.707106781187,-0.));
#3512 = ORIENTED_EDGE('',*,*,#3445,.T.);
#3513 = ORIENTED_EDGE('',*,*,#575,.F.);
#3514 = ORIENTED_EDGE('',*,*,#3491,.F.);
#3515 = PLANE('',#3516);
#3516 = AXIS2_PLACEMENT_3D('',#3517,#3518,#3519);
#3517 = CARTESIAN_POINT('',(99.,71.,208.));
#3518 = DIRECTION('',(0.707106781187,-0.707106781187,0.));
#3519 = DIRECTION('',(-0.707106781187,-0.707106781187,0.));
#3520 = ADVANCED_FACE('',(#3521),#3546,.F.);
#3521 = FACE_BOUND('',#3522,.F.);
#3522 = EDGE_LOOP('',(#3523,#3533,#3539,#3540));
#3523 = ORIENTED_EDGE('',*,*,#3524,.T.);
#3524 = EDGE_CURVE('',#3525,#3527,#3529,.T.);
#3525 = VERTEX_POINT('',#3526);
#3526 = CARTESIAN_POINT('',(106.5,78.5,212.));
#3527 = VERTEX_POINT('',#3528);
#3528 = CARTESIAN_POINT('',(100.5,84.5,212.));
#3529 = LINE('',#3530,#3531);
#3530 = CARTESIAN_POINT('',(88.,97.,212.));
#3531 = VECTOR('',#3532,1.);
#3532 = DIRECTION('',(-0.707106781187,0.707106781187,0.));
#3533 = ORIENTED_EDGE('',*,*,#3534,.T.);
#3534 = EDGE_CURVE('',#3527,#602,#3535,.T.);
#3535 = LINE('',#3536,#3537);
#3536 = CARTESIAN_POINT('',(100.5,84.5,208.));
#3537 = VECTOR('',#3538,1.);
#3538 = DIRECTION('',(0.,0.,1.));
#3539 = ORIENTED_EDGE('',*,*,#599,.F.);
#3540 = ORIENTED_EDGE('',*,*,#3541,.F.);
#3541 = EDGE_CURVE('',#3525,#600,#3542,.T.);
#3542 = LINE('',#3543,#3544);
#3543 = CARTESIAN_POINT('',(106.5,78.5,208.));
#3544 = VECTOR('',#3545,1.);
#3545 = DIRECTION('',(0.,0.,1.));
#3546 = PLANE('',#3547);
#3547 = AXIS2_PLACEMENT_3D('',#3548,#3549,#3550);
#3548 = CARTESIAN_POINT('',(100.5,84.5,208.));
#3549 = DIRECTION('',(0.707106781187,0.707106781187,-0.));
#3550 = DIRECTION('',(0.707106781187,-0.707106781187,0.));
#3551 = ADVANCED_FACE('',(#3552),#3570,.F.);
#3552 = FACE_BOUND('',#3553,.F.);
#3553 = EDGE_LOOP('',(#3554,#3562,#3568,#3569));
#3554 = ORIENTED_EDGE('',*,*,#3555,.T.);
#3555 = EDGE_CURVE('',#3527,#3556,#3558,.T.);
#3556 = VERTEX_POINT('',#3557);
#3557 = CARTESIAN_POINT('',(94.5,78.5,212.));
#3558 = LINE('',#3559,#3560);
#3559 = CARTESIAN_POINT('',(69.75,53.75,212.));
#3560 = VECTOR('',#3561,1.);
#3561 = DIRECTION('',(-0.707106781187,-0.707106781187,0.));
#3562 = ORIENTED_EDGE('',*,*,#3563,.T.);
#3563 = EDGE_CURVE('',#3556,#618,#3564,.T.);
#3564 = LINE('',#3565,#3566);
#3565 = CARTESIAN_POINT('',(94.5,78.5,208.));
#3566 = VECTOR('',#3567,1.);
#3567 = DIRECTION('',(0.,0.,1.));
#3568 = ORIENTED_EDGE('',*,*,#625,.F.);
#3569 = ORIENTED_EDGE('',*,*,#3534,.F.);
#3570 = PLANE('',#3571);
#3571 = AXIS2_PLACEMENT_3D('',#3572,#3573,#3574);
#3572 = CARTESIAN_POINT('',(94.5,78.5,208.));
#3573 = DIRECTION('',(-0.707106781187,0.707106781187,0.));
#3574 = DIRECTION('',(0.707106781187,0.707106781187,0.));
#3575 = ADVANCED_FACE('',(#3576),#3594,.F.);
#3576 = FACE_BOUND('',#3577,.F.);
#3577 = EDGE_LOOP('',(#3578,#3586,#3592,#3593));
#3578 = ORIENTED_EDGE('',*,*,#3579,.T.);
#3579 = EDGE_CURVE('',#3556,#3580,#3582,.T.);
#3580 = VERTEX_POINT('',#3581);
#3581 = CARTESIAN_POINT('',(100.5,72.5,212.));
#3582 = LINE('',#3583,#3584);
#3583 = CARTESIAN_POINT('',(85.,88.,212.));
#3584 = VECTOR('',#3585,1.);
#3585 = DIRECTION('',(0.707106781187,-0.707106781187,0.));
#3586 = ORIENTED_EDGE('',*,*,#3587,.T.);
#3587 = EDGE_CURVE('',#3580,#610,#3588,.T.);
#3588 = LINE('',#3589,#3590);
#3589 = CARTESIAN_POINT('',(100.5,72.5,208.));
#3590 = VECTOR('',#3591,1.);
#3591 = DIRECTION('',(0.,0.,1.));
#3592 = ORIENTED_EDGE('',*,*,#617,.F.);
#3593 = ORIENTED_EDGE('',*,*,#3563,.F.);
#3594 = PLANE('',#3595);
#3595 = AXIS2_PLACEMENT_3D('',#3596,#3597,#3598);
#3596 = CARTESIAN_POINT('',(100.5,72.5,208.));
#3597 = DIRECTION('',(-0.707106781187,-0.707106781187,0.));
#3598 = DIRECTION('',(-0.707106781187,0.707106781187,0.));
#3599 = ADVANCED_FACE('',(#3600),#3611,.F.);
#3600 = FACE_BOUND('',#3601,.F.);
#3601 = EDGE_LOOP('',(#3602,#3608,#3609,#3610));
#3602 = ORIENTED_EDGE('',*,*,#3603,.T.);
#3603 = EDGE_CURVE('',#3580,#3525,#3604,.T.);
#3604 = LINE('',#3605,#3606);
#3605 = CARTESIAN_POINT('',(78.75,50.75,212.));
#3606 = VECTOR('',#3607,1.);
#3607 = DIRECTION('',(0.707106781187,0.707106781187,-0.));
#3608 = ORIENTED_EDGE('',*,*,#3541,.T.);
#3609 = ORIENTED_EDGE('',*,*,#609,.F.);
#3610 = ORIENTED_EDGE('',*,*,#3587,.F.);
#3611 = PLANE('',#3612);
#3612 = AXIS2_PLACEMENT_3D('',#3613,#3614,#3615);
#3613 = CARTESIAN_POINT('',(106.5,78.5,208.));
#3614 = DIRECTION('',(0.707106781187,-0.707106781187,0.));
#3615 = DIRECTION('',(-0.707106781187,-0.707106781187,0.));
#3616 = ADVANCED_FACE('',(#3617),#3642,.F.);
#3617 = FACE_BOUND('',#3618,.F.);
#3618 = EDGE_LOOP('',(#3619,#3629,#3635,#3636));
#3619 = ORIENTED_EDGE('',*,*,#3620,.T.);
#3620 = EDGE_CURVE('',#3621,#3623,#3625,.T.);
#3621 = VERTEX_POINT('',#3622);
#3622 = CARTESIAN_POINT('',(114.,71.,212.));
#3623 = VERTEX_POINT('',#3624);
#3624 = CARTESIAN_POINT('',(108.,77.,212.));
#3625 = LINE('',#3626,#3627);
#3626 = CARTESIAN_POINT('',(91.75,93.25,212.));
#3627 = VECTOR('',#3628,1.);
#3628 = DIRECTION('',(-0.707106781187,0.707106781187,0.));
#3629 = ORIENTED_EDGE('',*,*,#3630,.T.);
#3630 = EDGE_CURVE('',#3623,#636,#3631,.T.);
#3631 = LINE('',#3632,#3633);
#3632 = CARTESIAN_POINT('',(108.,77.,208.));
#3633 = VECTOR('',#3634,1.);
#3634 = DIRECTION('',(0.,0.,1.));
#3635 = ORIENTED_EDGE('',*,*,#633,.F.);
#3636 = ORIENTED_EDGE('',*,*,#3637,.F.);
#3637 = EDGE_CURVE('',#3621,#634,#3638,.T.);
#3638 = LINE('',#3639,#3640);
#3639 = CARTESIAN_POINT('',(114.,71.,208.));
#3640 = VECTOR('',#3641,1.);
#3641 = DIRECTION('',(0.,0.,1.));
#3642 = PLANE('',#3643);
#3643 = AXIS2_PLACEMENT_3D('',#3644,#3645,#3646);
#3644 = CARTESIAN_POINT('',(108.,77.,208.));
#3645 = DIRECTION('',(0.707106781187,0.707106781187,-0.));
#3646 = DIRECTION('',(0.707106781187,-0.707106781187,0.));
#3647 = ADVANCED_FACE('',(#3648),#3666,.F.);
#3648 = FACE_BOUND('',#3649,.F.);
#3649 = EDGE_LOOP('',(#3650,#3658,#3664,#3665));
#3650 = ORIENTED_EDGE('',*,*,#3651,.T.);
#3651 = EDGE_CURVE('',#3623,#3652,#3654,.T.);
#3652 = VERTEX_POINT('',#3653);
#3653 = CARTESIAN_POINT('',(102.,71.,212.));
#3654 = LINE('',#3655,#3656);
#3655 = CARTESIAN_POINT('',(77.25,46.25,212.));
#3656 = VECTOR('',#3657,1.);
#3657 = DIRECTION('',(-0.707106781187,-0.707106781187,0.));
#3658 = ORIENTED_EDGE('',*,*,#3659,.T.);
#3659 = EDGE_CURVE('',#3652,#652,#3660,.T.);
#3660 = LINE('',#3661,#3662);
#3661 = CARTESIAN_POINT('',(102.,71.,208.));
#3662 = VECTOR('',#3663,1.);
#3663 = DIRECTION('',(0.,0.,1.));
#3664 = ORIENTED_EDGE('',*,*,#659,.F.);
#3665 = ORIENTED_EDGE('',*,*,#3630,.F.);
#3666 = PLANE('',#3667);
#3667 = AXIS2_PLACEMENT_3D('',#3668,#3669,#3670);
#3668 = CARTESIAN_POINT('',(102.,71.,208.));
#3669 = DIRECTION('',(-0.707106781187,0.707106781187,0.));
#3670 = DIRECTION('',(0.707106781187,0.707106781187,0.));
#3671 = ADVANCED_FACE('',(#3672),#3690,.F.);
#3672 = FACE_BOUND('',#3673,.F.);
#3673 = EDGE_LOOP('',(#3674,#3682,#3688,#3689));
#3674 = ORIENTED_EDGE('',*,*,#3675,.T.);
#3675 = EDGE_CURVE('',#3652,#3676,#3678,.T.);
#3676 = VERTEX_POINT('',#3677);
#3677 = CARTESIAN_POINT('',(108.,65.,212.));
#3678 = LINE('',#3679,#3680);
#3679 = CARTESIAN_POINT('',(88.75,84.25,212.));
#3680 = VECTOR('',#3681,1.);
#3681 = DIRECTION('',(0.707106781187,-0.707106781187,0.));
#3682 = ORIENTED_EDGE('',*,*,#3683,.T.);
#3683 = EDGE_CURVE('',#3676,#644,#3684,.T.);
#3684 = LINE('',#3685,#3686);
#3685 = CARTESIAN_POINT('',(108.,65.,208.));
#3686 = VECTOR('',#3687,1.);
#3687 = DIRECTION('',(0.,0.,1.));
#3688 = ORIENTED_EDGE('',*,*,#651,.F.);
#3689 = ORIENTED_EDGE('',*,*,#3659,.F.);
#3690 = PLANE('',#3691);
#3691 = AXIS2_PLACEMENT_3D('',#3692,#3693,#3694);
#3692 = CARTESIAN_POINT('',(108.,65.,208.));
#3693 = DIRECTION('',(-0.707106781187,-0.707106781187,0.));
#3694 = DIRECTION('',(-0.707106781187,0.707106781187,0.));
#3695 = ADVANCED_FACE('',(#3696),#3707,.F.);
#3696 = FACE_BOUND('',#3697,.F.);
#3697 = EDGE_LOOP('',(#3698,#3704,#3705,#3706));
#3698 = ORIENTED_EDGE('',*,*,#3699,.T.);
#3699 = EDGE_CURVE('',#3676,#3621,#3700,.T.);
#3700 = LINE('',#3701,#3702);
#3701 = CARTESIAN_POINT('',(86.25,43.25,212.));
#3702 = VECTOR('',#3703,1.);
#3703 = DIRECTION('',(0.707106781187,0.707106781187,-0.));
#3704 = ORIENTED_EDGE('',*,*,#3637,.T.);
#3705 = ORIENTED_EDGE('',*,*,#643,.F.);
#3706 = ORIENTED_EDGE('',*,*,#3683,.F.);
#3707 = PLANE('',#3708);
#3708 = AXIS2_PLACEMENT_3D('',#3709,#3710,#3711);
#3709 = CARTESIAN_POINT('',(114.,71.,208.));
#3710 = DIRECTION('',(0.707106781187,-0.707106781187,0.));
#3711 = DIRECTION('',(-0.707106781187,-0.707106781187,0.));
#3712 = ADVANCED_FACE('',(#3713),#3732,.F.);
#3713 = FACE_BOUND('',#3714,.F.);
#3714 = EDGE_LOOP('',(#3715,#3716,#3724,#3731));
#3715 = ORIENTED_EDGE('',*,*,#667,.F.);
#3716 = ORIENTED_EDGE('',*,*,#3717,.F.);
#3717 = EDGE_CURVE('',#3718,#668,#3720,.T.);
#3718 = VERTEX_POINT('',#3719);
#3719 = CARTESIAN_POINT('',(136.35,59.75,212.));
#3720 = LINE('',#3721,#3722);
#3721 = CARTESIAN_POINT('',(136.35,59.75,208.));
#3722 = VECTOR('',#3723,1.);
#3723 = DIRECTION('',(0.,0.,1.));
#3724 = ORIENTED_EDGE('',*,*,#3725,.T.);
#3725 = EDGE_CURVE('',#3718,#3718,#3726,.T.);
#3726 = CIRCLE('',#3727,2.1);
#3727 = AXIS2_PLACEMENT_3D('',#3728,#3729,#3730);
#3728 = CARTESIAN_POINT('',(134.25,59.75,212.));
#3729 = DIRECTION('',(0.,0.,1.));
#3730 = DIRECTION('',(1.,0.,-0.));
#3731 = ORIENTED_EDGE('',*,*,#3717,.T.);
#3732 = CYLINDRICAL_SURFACE('',#3733,2.1);
#3733 = AXIS2_PLACEMENT_3D('',#3734,#3735,#3736);
#3734 = CARTESIAN_POINT('',(134.25,59.75,208.));
#3735 = DIRECTION('',(0.,0.,1.));
#3736 = DIRECTION('',(1.,0.,-0.));
#3737 = ADVANCED_FACE('',(#3738),#3763,.F.);
#3738 = FACE_BOUND('',#3739,.F.);
#3739 = EDGE_LOOP('',(#3740,#3750,#3756,#3757));
#3740 = ORIENTED_EDGE('',*,*,#3741,.T.);
#3741 = EDGE_CURVE('',#3742,#3744,#3746,.T.);
#3742 = VERTEX_POINT('',#3743);
#3743 = CARTESIAN_POINT('',(121.5,78.5,212.));
#3744 = VERTEX_POINT('',#3745);
#3745 = CARTESIAN_POINT('',(115.5,84.5,212.));
#3746 = LINE('',#3747,#3748);
#3747 = CARTESIAN_POINT('',(99.25,100.75,212.));
#3748 = VECTOR('',#3749,1.);
#3749 = DIRECTION('',(-0.707106781187,0.707106781187,0.));
#3750 = ORIENTED_EDGE('',*,*,#3751,.T.);
#3751 = EDGE_CURVE('',#3744,#681,#3752,.T.);
#3752 = LINE('',#3753,#3754);
#3753 = CARTESIAN_POINT('',(115.5,84.5,208.));
#3754 = VECTOR('',#3755,1.);
#3755 = DIRECTION('',(0.,0.,1.));
#3756 = ORIENTED_EDGE('',*,*,#678,.F.);
#3757 = ORIENTED_EDGE('',*,*,#3758,.F.);
#3758 = EDGE_CURVE('',#3742,#679,#3759,.T.);
#3759 = LINE('',#3760,#3761);
#3760 = CARTESIAN_POINT('',(121.5,78.5,208.));
#3761 = VECTOR('',#3762,1.);
#3762 = DIRECTION('',(0.,0.,1.));
#3763 = PLANE('',#3764);
#3764 = AXIS2_PLACEMENT_3D('',#3765,#3766,#3767);
#3765 = CARTESIAN_POINT('',(115.5,84.5,208.));
#3766 = DIRECTION('',(0.707106781187,0.707106781187,-0.));
#3767 = DIRECTION('',(0.707106781187,-0.707106781187,0.));
#3768 = ADVANCED_FACE('',(#3769),#3787,.F.);
#3769 = FACE_BOUND('',#3770,.F.);
#3770 = EDGE_LOOP('',(#3771,#3779,#3785,#3786));
#3771 = ORIENTED_EDGE('',*,*,#3772,.T.);
#3772 = EDGE_CURVE('',#3744,#3773,#3775,.T.);
#3773 = VERTEX_POINT('',#3774);
#3774 = CARTESIAN_POINT('',(109.5,78.5,212.));
#3775 = LINE('',#3776,#3777);
#3776 = CARTESIAN_POINT('',(81.,50.,212.));
#3777 = VECTOR('',#3778,1.);
#3778 = DIRECTION('',(-0.707106781187,-0.707106781187,0.));
#3779 = ORIENTED_EDGE('',*,*,#3780,.T.);
#3780 = EDGE_CURVE('',#3773,#697,#3781,.T.);
#3781 = LINE('',#3782,#3783);
#3782 = CARTESIAN_POINT('',(109.5,78.5,208.));
#3783 = VECTOR('',#3784,1.);
#3784 = DIRECTION('',(0.,0.,1.));
#3785 = ORIENTED_EDGE('',*,*,#704,.F.);
#3786 = ORIENTED_EDGE('',*,*,#3751,.F.);
#3787 = PLANE('',#3788);
#3788 = AXIS2_PLACEMENT_3D('',#3789,#3790,#3791);
#3789 = CARTESIAN_POINT('',(109.5,78.5,208.));
#3790 = DIRECTION('',(-0.707106781187,0.707106781187,0.));
#3791 = DIRECTION('',(0.707106781187,0.707106781187,0.));
#3792 = ADVANCED_FACE('',(#3793),#3811,.F.);
#3793 = FACE_BOUND('',#3794,.F.);
#3794 = EDGE_LOOP('',(#3795,#3803,#3809,#3810));
#3795 = ORIENTED_EDGE('',*,*,#3796,.T.);
#3796 = EDGE_CURVE('',#3773,#3797,#3799,.T.);
#3797 = VERTEX_POINT('',#3798);
#3798 = CARTESIAN_POINT('',(115.5,72.5,212.));
#3799 = LINE('',#3800,#3801);
#3800 = CARTESIAN_POINT('',(96.25,91.75,212.));
#3801 = VECTOR('',#3802,1.);
#3802 = DIRECTION('',(0.707106781187,-0.707106781187,0.));
#3803 = ORIENTED_EDGE('',*,*,#3804,.T.);
#3804 = EDGE_CURVE('',#3797,#689,#3805,.T.);
#3805 = LINE('',#3806,#3807);
#3806 = CARTESIAN_POINT('',(115.5,72.5,208.));
#3807 = VECTOR('',#3808,1.);
#3808 = DIRECTION('',(0.,0.,1.));
#3809 = ORIENTED_EDGE('',*,*,#696,.F.);
#3810 = ORIENTED_EDGE('',*,*,#3780,.F.);
#3811 = PLANE('',#3812);
#3812 = AXIS2_PLACEMENT_3D('',#3813,#3814,#3815);
#3813 = CARTESIAN_POINT('',(115.5,72.5,208.));
#3814 = DIRECTION('',(-0.707106781187,-0.707106781187,0.));
#3815 = DIRECTION('',(-0.707106781187,0.707106781187,0.));
#3816 = ADVANCED_FACE('',(#3817),#3828,.F.);
#3817 = FACE_BOUND('',#3818,.F.);
#3818 = EDGE_LOOP('',(#3819,#3825,#3826,#3827));
#3819 = ORIENTED_EDGE('',*,*,#3820,.T.);
#3820 = EDGE_CURVE('',#3797,#3742,#3821,.T.);
#3821 = LINE('',#3822,#3823);
#3822 = CARTESIAN_POINT('',(90.,47.,212.));
#3823 = VECTOR('',#3824,1.);
#3824 = DIRECTION('',(0.707106781187,0.707106781187,-0.));
#3825 = ORIENTED_EDGE('',*,*,#3758,.T.);
#3826 = ORIENTED_EDGE('',*,*,#688,.F.);
#3827 = ORIENTED_EDGE('',*,*,#3804,.F.);
#3828 = PLANE('',#3829);
#3829 = AXIS2_PLACEMENT_3D('',#3830,#3831,#3832);
#3830 = CARTESIAN_POINT('',(121.5,78.5,208.));
#3831 = DIRECTION('',(0.707106781187,-0.707106781187,0.));
#3832 = DIRECTION('',(-0.707106781187,-0.707106781187,0.));
#3833 = ADVANCED_FACE('',(#3834),#3859,.F.);
#3834 = FACE_BOUND('',#3835,.F.);
#3835 = EDGE_LOOP('',(#3836,#3846,#3852,#3853));
#3836 = ORIENTED_EDGE('',*,*,#3837,.T.);
#3837 = EDGE_CURVE('',#3838,#3840,#3842,.T.);
#3838 = VERTEX_POINT('',#3839);
#3839 = CARTESIAN_POINT('',(99.,86.,212.));
#3840 = VERTEX_POINT('',#3841);
#3841 = CARTESIAN_POINT('',(93.,92.,212.));
#3842 = LINE('',#3843,#3844);
#3843 = CARTESIAN_POINT('',(84.25,100.75,212.));
#3844 = VECTOR('',#3845,1.);
#3845 = DIRECTION('',(-0.707106781187,0.707106781187,0.));
#3846 = ORIENTED_EDGE('',*,*,#3847,.T.);
#3847 = EDGE_CURVE('',#3840,#715,#3848,.T.);
#3848 = LINE('',#3849,#3850);
#3849 = CARTESIAN_POINT('',(93.,92.,208.));
#3850 = VECTOR('',#3851,1.);
#3851 = DIRECTION('',(0.,0.,1.));
#3852 = ORIENTED_EDGE('',*,*,#712,.F.);
#3853 = ORIENTED_EDGE('',*,*,#3854,.F.);
#3854 = EDGE_CURVE('',#3838,#713,#3855,.T.);
#3855 = LINE('',#3856,#3857);
#3856 = CARTESIAN_POINT('',(99.,86.,208.));
#3857 = VECTOR('',#3858,1.);
#3858 = DIRECTION('',(0.,0.,1.));
#3859 = PLANE('',#3860);
#3860 = AXIS2_PLACEMENT_3D('',#3861,#3862,#3863);
#3861 = CARTESIAN_POINT('',(93.,92.,208.));
#3862 = DIRECTION('',(0.707106781187,0.707106781187,-0.));
#3863 = DIRECTION('',(0.707106781187,-0.707106781187,0.));
#3864 = ADVANCED_FACE('',(#3865),#3883,.F.);
#3865 = FACE_BOUND('',#3866,.F.);
#3866 = EDGE_LOOP('',(#3867,#3875,#3881,#3882));
#3867 = ORIENTED_EDGE('',*,*,#3868,.T.);
#3868 = EDGE_CURVE('',#3840,#3869,#3871,.T.);
#3869 = VERTEX_POINT('',#3870);
#3870 = CARTESIAN_POINT('',(87.,86.,212.));
#3871 = LINE('',#3872,#3873);
#3872 = CARTESIAN_POINT('',(62.25,61.25,212.));
#3873 = VECTOR('',#3874,1.);
#3874 = DIRECTION('',(-0.707106781187,-0.707106781187,0.));
#3875 = ORIENTED_EDGE('',*,*,#3876,.T.);
#3876 = EDGE_CURVE('',#3869,#731,#3877,.T.);
#3877 = LINE('',#3878,#3879);
#3878 = CARTESIAN_POINT('',(87.,86.,208.));
#3879 = VECTOR('',#3880,1.);
#3880 = DIRECTION('',(0.,0.,1.));
#3881 = ORIENTED_EDGE('',*,*,#738,.F.);
#3882 = ORIENTED_EDGE('',*,*,#3847,.F.);
#3883 = PLANE('',#3884);
#3884 = AXIS2_PLACEMENT_3D('',#3885,#3886,#3887);
#3885 = CARTESIAN_POINT('',(87.,86.,208.));
#3886 = DIRECTION('',(-0.707106781187,0.707106781187,0.));
#3887 = DIRECTION('',(0.707106781187,0.707106781187,0.));
#3888 = ADVANCED_FACE('',(#3889),#3907,.F.);
#3889 = FACE_BOUND('',#3890,.F.);
#3890 = EDGE_LOOP('',(#3891,#3899,#3905,#3906));
#3891 = ORIENTED_EDGE('',*,*,#3892,.T.);
#3892 = EDGE_CURVE('',#3869,#3893,#3895,.T.);
#3893 = VERTEX_POINT('',#3894);
#3894 = CARTESIAN_POINT('',(93.,80.,212.));
#3895 = LINE('',#3896,#3897);
#3896 = CARTESIAN_POINT('',(81.25,91.75,212.));
#3897 = VECTOR('',#3898,1.);
#3898 = DIRECTION('',(0.707106781187,-0.707106781187,0.));
#3899 = ORIENTED_EDGE('',*,*,#3900,.T.);
#3900 = EDGE_CURVE('',#3893,#723,#3901,.T.);
#3901 = LINE('',#3902,#3903);
#3902 = CARTESIAN_POINT('',(93.,80.,208.));
#3903 = VECTOR('',#3904,1.);
#3904 = DIRECTION('',(0.,0.,1.));
#3905 = ORIENTED_EDGE('',*,*,#730,.F.);
#3906 = ORIENTED_EDGE('',*,*,#3876,.F.);
#3907 = PLANE('',#3908);
#3908 = AXIS2_PLACEMENT_3D('',#3909,#3910,#3911);
#3909 = CARTESIAN_POINT('',(93.,80.,208.));
#3910 = DIRECTION('',(-0.707106781187,-0.707106781187,0.));
#3911 = DIRECTION('',(-0.707106781187,0.707106781187,0.));
#3912 = ADVANCED_FACE('',(#3913),#3924,.F.);
#3913 = FACE_BOUND('',#3914,.F.);
#3914 = EDGE_LOOP('',(#3915,#3921,#3922,#3923));
#3915 = ORIENTED_EDGE('',*,*,#3916,.T.);
#3916 = EDGE_CURVE('',#3893,#3838,#3917,.T.);
#3917 = LINE('',#3918,#3919);
#3918 = CARTESIAN_POINT('',(71.25,58.25,212.));
#3919 = VECTOR('',#3920,1.);
#3920 = DIRECTION('',(0.707106781187,0.707106781187,-0.));
#3921 = ORIENTED_EDGE('',*,*,#3854,.T.);
#3922 = ORIENTED_EDGE('',*,*,#722,.F.);
#3923 = ORIENTED_EDGE('',*,*,#3900,.F.);
#3924 = PLANE('',#3925);
#3925 = AXIS2_PLACEMENT_3D('',#3926,#3927,#3928);
#3926 = CARTESIAN_POINT('',(99.,86.,208.));
#3927 = DIRECTION('',(0.707106781187,-0.707106781187,0.));
#3928 = DIRECTION('',(-0.707106781187,-0.707106781187,0.));
#3929 = ADVANCED_FACE('',(#3930),#3955,.F.);
#3930 = FACE_BOUND('',#3931,.F.);
#3931 = EDGE_LOOP('',(#3932,#3942,#3948,#3949));
#3932 = ORIENTED_EDGE('',*,*,#3933,.T.);
#3933 = EDGE_CURVE('',#3934,#3936,#3938,.T.);
#3934 = VERTEX_POINT('',#3935);
#3935 = CARTESIAN_POINT('',(114.,86.,212.));
#3936 = VERTEX_POINT('',#3937);
#3937 = CARTESIAN_POINT('',(108.,92.,212.));
#3938 = LINE('',#3939,#3940);
#3939 = CARTESIAN_POINT('',(95.5,104.5,212.));
#3940 = VECTOR('',#3941,1.);
#3941 = DIRECTION('',(-0.707106781187,0.707106781187,0.));
#3942 = ORIENTED_EDGE('',*,*,#3943,.T.);
#3943 = EDGE_CURVE('',#3936,#749,#3944,.T.);
#3944 = LINE('',#3945,#3946);
#3945 = CARTESIAN_POINT('',(108.,92.,208.));
#3946 = VECTOR('',#3947,1.);
#3947 = DIRECTION('',(0.,0.,1.));
#3948 = ORIENTED_EDGE('',*,*,#746,.F.);
#3949 = ORIENTED_EDGE('',*,*,#3950,.F.);
#3950 = EDGE_CURVE('',#3934,#747,#3951,.T.);
#3951 = LINE('',#3952,#3953);
#3952 = CARTESIAN_POINT('',(114.,86.,208.));
#3953 = VECTOR('',#3954,1.);
#3954 = DIRECTION('',(0.,0.,1.));
#3955 = PLANE('',#3956);
#3956 = AXIS2_PLACEMENT_3D('',#3957,#3958,#3959);
#3957 = CARTESIAN_POINT('',(108.,92.,208.));
#3958 = DIRECTION('',(0.707106781187,0.707106781187,-0.));
#3959 = DIRECTION('',(0.707106781187,-0.707106781187,0.));
#3960 = ADVANCED_FACE('',(#3961),#3979,.F.);
#3961 = FACE_BOUND('',#3962,.F.);
#3962 = EDGE_LOOP('',(#3963,#3971,#3977,#3978));
#3963 = ORIENTED_EDGE('',*,*,#3964,.T.);
#3964 = EDGE_CURVE('',#3936,#3965,#3967,.T.);
#3965 = VERTEX_POINT('',#3966);
#3966 = CARTESIAN_POINT('',(102.,86.,212.));
#3967 = LINE('',#3968,#3969);
#3968 = CARTESIAN_POINT('',(73.5,57.5,212.));
#3969 = VECTOR('',#3970,1.);
#3970 = DIRECTION('',(-0.707106781187,-0.707106781187,0.));
#3971 = ORIENTED_EDGE('',*,*,#3972,.T.);
#3972 = EDGE_CURVE('',#3965,#765,#3973,.T.);
#3973 = LINE('',#3974,#3975);
#3974 = CARTESIAN_POINT('',(102.,86.,208.));
#3975 = VECTOR('',#3976,1.);
#3976 = DIRECTION('',(0.,0.,1.));
#3977 = ORIENTED_EDGE('',*,*,#772,.F.);
#3978 = ORIENTED_EDGE('',*,*,#3943,.F.);
#3979 = PLANE('',#3980);
#3980 = AXIS2_PLACEMENT_3D('',#3981,#3982,#3983);
#3981 = CARTESIAN_POINT('',(102.,86.,208.));
#3982 = DIRECTION('',(-0.707106781187,0.707106781187,0.));
#3983 = DIRECTION('',(0.707106781187,0.707106781187,0.));
#3984 = ADVANCED_FACE('',(#3985),#4003,.F.);
#3985 = FACE_BOUND('',#3986,.F.);
#3986 = EDGE_LOOP('',(#3987,#3995,#4001,#4002));
#3987 = ORIENTED_EDGE('',*,*,#3988,.T.);
#3988 = EDGE_CURVE('',#3965,#3989,#3991,.T.);
#3989 = VERTEX_POINT('',#3990);
#3990 = CARTESIAN_POINT('',(108.,80.,212.));
#3991 = LINE('',#3992,#3993);
#3992 = CARTESIAN_POINT('',(92.5,95.5,212.));
#3993 = VECTOR('',#3994,1.);
#3994 = DIRECTION('',(0.707106781187,-0.707106781187,0.));
#3995 = ORIENTED_EDGE('',*,*,#3996,.T.);
#3996 = EDGE_CURVE('',#3989,#757,#3997,.T.);
#3997 = LINE('',#3998,#3999);
#3998 = CARTESIAN_POINT('',(108.,80.,208.));
#3999 = VECTOR('',#4000,1.);
#4000 = DIRECTION('',(0.,0.,1.));
#4001 = ORIENTED_EDGE('',*,*,#764,.F.);
#4002 = ORIENTED_EDGE('',*,*,#3972,.F.);
#4003 = PLANE('',#4004);
#4004 = AXIS2_PLACEMENT_3D('',#4005,#4006,#4007);
#4005 = CARTESIAN_POINT('',(108.,80.,208.));
#4006 = DIRECTION('',(-0.707106781187,-0.707106781187,0.));
#4007 = DIRECTION('',(-0.707106781187,0.707106781187,0.));
#4008 = ADVANCED_FACE('',(#4009),#4020,.F.);
#4009 = FACE_BOUND('',#4010,.F.);
#4010 = EDGE_LOOP('',(#4011,#4017,#4018,#4019));
#4011 = ORIENTED_EDGE('',*,*,#4012,.T.);
#4012 = EDGE_CURVE('',#3989,#3934,#4013,.T.);
#4013 = LINE('',#4014,#4015);
#4014 = CARTESIAN_POINT('',(82.5,54.5,212.));
#4015 = VECTOR('',#4016,1.);
#4016 = DIRECTION('',(0.707106781187,0.707106781187,-0.));
#4017 = ORIENTED_EDGE('',*,*,#3950,.T.);
#4018 = ORIENTED_EDGE('',*,*,#756,.F.);
#4019 = ORIENTED_EDGE('',*,*,#3996,.F.);
#4020 = PLANE('',#4021);
#4021 = AXIS2_PLACEMENT_3D('',#4022,#4023,#4024);
#4022 = CARTESIAN_POINT('',(114.,86.,208.));
#4023 = DIRECTION('',(0.707106781187,-0.707106781187,0.));
#4024 = DIRECTION('',(-0.707106781187,-0.707106781187,0.));
#4025 = ADVANCED_FACE('',(#4026),#4051,.F.);
#4026 = FACE_BOUND('',#4027,.F.);
#4027 = EDGE_LOOP('',(#4028,#4038,#4044,#4045));
#4028 = ORIENTED_EDGE('',*,*,#4029,.T.);
#4029 = EDGE_CURVE('',#4030,#4032,#4034,.T.);
#4030 = VERTEX_POINT('',#4031);
#4031 = CARTESIAN_POINT('',(106.5,93.5,212.));
#4032 = VERTEX_POINT('',#4033);
#4033 = CARTESIAN_POINT('',(100.5,99.5,212.));
#4034 = LINE('',#4035,#4036);
#4035 = CARTESIAN_POINT('',(91.75,108.25,212.));
#4036 = VECTOR('',#4037,1.);
#4037 = DIRECTION('',(-0.707106781187,0.707106781187,0.));
#4038 = ORIENTED_EDGE('',*,*,#4039,.T.);
#4039 = EDGE_CURVE('',#4032,#783,#4040,.T.);
#4040 = LINE('',#4041,#4042);
#4041 = CARTESIAN_POINT('',(100.5,99.5,208.));
#4042 = VECTOR('',#4043,1.);
#4043 = DIRECTION('',(0.,0.,1.));
#4044 = ORIENTED_EDGE('',*,*,#780,.F.);
#4045 = ORIENTED_EDGE('',*,*,#4046,.F.);
#4046 = EDGE_CURVE('',#4030,#781,#4047,.T.);
#4047 = LINE('',#4048,#4049);
#4048 = CARTESIAN_POINT('',(106.5,93.5,208.));
#4049 = VECTOR('',#4050,1.);
#4050 = DIRECTION('',(0.,0.,1.));
#4051 = PLANE('',#4052);
#4052 = AXIS2_PLACEMENT_3D('',#4053,#4054,#4055);
#4053 = CARTESIAN_POINT('',(100.5,99.5,208.));
#4054 = DIRECTION('',(0.707106781187,0.707106781187,-0.));
#4055 = DIRECTION('',(0.707106781187,-0.707106781187,0.));
#4056 = ADVANCED_FACE('',(#4057),#4075,.F.);
#4057 = FACE_BOUND('',#4058,.F.);
#4058 = EDGE_LOOP('',(#4059,#4067,#4073,#4074));
#4059 = ORIENTED_EDGE('',*,*,#4060,.T.);
#4060 = EDGE_CURVE('',#4032,#4061,#4063,.T.);
#4061 = VERTEX_POINT('',#4062);
#4062 = CARTESIAN_POINT('',(94.5,93.5,212.));
#4063 = LINE('',#4064,#4065);
#4064 = CARTESIAN_POINT('',(66.,65.,212.));
#4065 = VECTOR('',#4066,1.);
#4066 = DIRECTION('',(-0.707106781187,-0.707106781187,0.));
#4067 = ORIENTED_EDGE('',*,*,#4068,.T.);
#4068 = EDGE_CURVE('',#4061,#799,#4069,.T.);
#4069 = LINE('',#4070,#4071);
#4070 = CARTESIAN_POINT('',(94.5,93.5,208.));
#4071 = VECTOR('',#4072,1.);
#4072 = DIRECTION('',(0.,0.,1.));
#4073 = ORIENTED_EDGE('',*,*,#806,.F.);
#4074 = ORIENTED_EDGE('',*,*,#4039,.F.);
#4075 = PLANE('',#4076);
#4076 = AXIS2_PLACEMENT_3D('',#4077,#4078,#4079);
#4077 = CARTESIAN_POINT('',(94.5,93.5,208.));
#4078 = DIRECTION('',(-0.707106781187,0.707106781187,0.));
#4079 = DIRECTION('',(0.707106781187,0.707106781187,0.));
#4080 = ADVANCED_FACE('',(#4081),#4099,.F.);
#4081 = FACE_BOUND('',#4082,.F.);
#4082 = EDGE_LOOP('',(#4083,#4091,#4097,#4098));
#4083 = ORIENTED_EDGE('',*,*,#4084,.T.);
#4084 = EDGE_CURVE('',#4061,#4085,#4087,.T.);
#4085 = VERTEX_POINT('',#4086);
#4086 = CARTESIAN_POINT('',(100.5,87.5,212.));
#4087 = LINE('',#4088,#4089);
#4088 = CARTESIAN_POINT('',(88.75,99.25,212.));
#4089 = VECTOR('',#4090,1.);
#4090 = DIRECTION('',(0.707106781187,-0.707106781187,0.));
#4091 = ORIENTED_EDGE('',*,*,#4092,.T.);
#4092 = EDGE_CURVE('',#4085,#791,#4093,.T.);
#4093 = LINE('',#4094,#4095);
#4094 = CARTESIAN_POINT('',(100.5,87.5,208.));
#4095 = VECTOR('',#4096,1.);
#4096 = DIRECTION('',(0.,0.,1.));
#4097 = ORIENTED_EDGE('',*,*,#798,.F.);
#4098 = ORIENTED_EDGE('',*,*,#4068,.F.);
#4099 = PLANE('',#4100);
#4100 = AXIS2_PLACEMENT_3D('',#4101,#4102,#4103);
#4101 = CARTESIAN_POINT('',(100.5,87.5,208.));
#4102 = DIRECTION('',(-0.707106781187,-0.707106781187,0.));
#4103 = DIRECTION('',(-0.707106781187,0.707106781187,0.));
#4104 = ADVANCED_FACE('',(#4105),#4116,.F.);
#4105 = FACE_BOUND('',#4106,.F.);
#4106 = EDGE_LOOP('',(#4107,#4113,#4114,#4115));
#4107 = ORIENTED_EDGE('',*,*,#4108,.T.);
#4108 = EDGE_CURVE('',#4085,#4030,#4109,.T.);
#4109 = LINE('',#4110,#4111);
#4110 = CARTESIAN_POINT('',(75.,62.,212.));
#4111 = VECTOR('',#4112,1.);
#4112 = DIRECTION('',(0.707106781187,0.707106781187,-0.));
#4113 = ORIENTED_EDGE('',*,*,#4046,.T.);
#4114 = ORIENTED_EDGE('',*,*,#790,.F.);
#4115 = ORIENTED_EDGE('',*,*,#4092,.F.);
#4116 = PLANE('',#4117);
#4117 = AXIS2_PLACEMENT_3D('',#4118,#4119,#4120);
#4118 = CARTESIAN_POINT('',(106.5,93.5,208.));
#4119 = DIRECTION('',(0.707106781187,-0.707106781187,0.));
#4120 = DIRECTION('',(-0.707106781187,-0.707106781187,0.));
#4121 = ADVANCED_FACE('',(#4122),#4147,.F.);
#4122 = FACE_BOUND('',#4123,.F.);
#4123 = EDGE_LOOP('',(#4124,#4134,#4140,#4141));
#4124 = ORIENTED_EDGE('',*,*,#4125,.T.);
#4125 = EDGE_CURVE('',#4126,#4128,#4130,.T.);
#4126 = VERTEX_POINT('',#4127);
#4127 = CARTESIAN_POINT('',(129.,86.,212.));
#4128 = VERTEX_POINT('',#4129);
#4129 = CARTESIAN_POINT('',(123.,92.,212.));
#4130 = LINE('',#4131,#4132);
#4131 = CARTESIAN_POINT('',(106.75,108.25,212.));
#4132 = VECTOR('',#4133,1.);
#4133 = DIRECTION('',(-0.707106781187,0.707106781187,0.));
#4134 = ORIENTED_EDGE('',*,*,#4135,.T.);
#4135 = EDGE_CURVE('',#4128,#817,#4136,.T.);
#4136 = LINE('',#4137,#4138);
#4137 = CARTESIAN_POINT('',(123.,92.,208.));
#4138 = VECTOR('',#4139,1.);
#4139 = DIRECTION('',(0.,0.,1.));
#4140 = ORIENTED_EDGE('',*,*,#814,.F.);
#4141 = ORIENTED_EDGE('',*,*,#4142,.F.);
#4142 = EDGE_CURVE('',#4126,#815,#4143,.T.);
#4143 = LINE('',#4144,#4145);
#4144 = CARTESIAN_POINT('',(129.,86.,208.));
#4145 = VECTOR('',#4146,1.);
#4146 = DIRECTION('',(0.,0.,1.));
#4147 = PLANE('',#4148);
#4148 = AXIS2_PLACEMENT_3D('',#4149,#4150,#4151);
#4149 = CARTESIAN_POINT('',(123.,92.,208.));
#4150 = DIRECTION('',(0.707106781187,0.707106781187,-0.));
#4151 = DIRECTION('',(0.707106781187,-0.707106781187,0.));
#4152 = ADVANCED_FACE('',(#4153),#4171,.F.);
#4153 = FACE_BOUND('',#4154,.F.);
#4154 = EDGE_LOOP('',(#4155,#4163,#4169,#4170));
#4155 = ORIENTED_EDGE('',*,*,#4156,.T.);
#4156 = EDGE_CURVE('',#4128,#4157,#4159,.T.);
#4157 = VERTEX_POINT('',#4158);
#4158 = CARTESIAN_POINT('',(117.,86.,212.));
#4159 = LINE('',#4160,#4161);
#4160 = CARTESIAN_POINT('',(84.75,53.75,212.));
#4161 = VECTOR('',#4162,1.);
#4162 = DIRECTION('',(-0.707106781187,-0.707106781187,0.));
#4163 = ORIENTED_EDGE('',*,*,#4164,.T.);
#4164 = EDGE_CURVE('',#4157,#833,#4165,.T.);
#4165 = LINE('',#4166,#4167);
#4166 = CARTESIAN_POINT('',(117.,86.,208.));
#4167 = VECTOR('',#4168,1.);
#4168 = DIRECTION('',(0.,0.,1.));
#4169 = ORIENTED_EDGE('',*,*,#840,.F.);
#4170 = ORIENTED_EDGE('',*,*,#4135,.F.);
#4171 = PLANE('',#4172);
#4172 = AXIS2_PLACEMENT_3D('',#4173,#4174,#4175);
#4173 = CARTESIAN_POINT('',(117.,86.,208.));
#4174 = DIRECTION('',(-0.707106781187,0.707106781187,0.));
#4175 = DIRECTION('',(0.707106781187,0.707106781187,0.));
#4176 = ADVANCED_FACE('',(#4177),#4195,.F.);
#4177 = FACE_BOUND('',#4178,.F.);
#4178 = EDGE_LOOP('',(#4179,#4187,#4193,#4194));
#4179 = ORIENTED_EDGE('',*,*,#4180,.T.);
#4180 = EDGE_CURVE('',#4157,#4181,#4183,.T.);
#4181 = VERTEX_POINT('',#4182);
#4182 = CARTESIAN_POINT('',(123.,80.,212.));
#4183 = LINE('',#4184,#4185);
#4184 = CARTESIAN_POINT('',(103.75,99.25,212.));
#4185 = VECTOR('',#4186,1.);
#4186 = DIRECTION('',(0.707106781187,-0.707106781187,0.));
#4187 = ORIENTED_EDGE('',*,*,#4188,.T.);
#4188 = EDGE_CURVE('',#4181,#825,#4189,.T.);
#4189 = LINE('',#4190,#4191);
#4190 = CARTESIAN_POINT('',(123.,80.,208.));
#4191 = VECTOR('',#4192,1.);
#4192 = DIRECTION('',(0.,0.,1.));
#4193 = ORIENTED_EDGE('',*,*,#832,.F.);
#4194 = ORIENTED_EDGE('',*,*,#4164,.F.);
#4195 = PLANE('',#4196);
#4196 = AXIS2_PLACEMENT_3D('',#4197,#4198,#4199);
#4197 = CARTESIAN_POINT('',(123.,80.,208.));
#4198 = DIRECTION('',(-0.707106781187,-0.707106781187,0.));
#4199 = DIRECTION('',(-0.707106781187,0.707106781187,0.));
#4200 = ADVANCED_FACE('',(#4201),#4212,.F.);
#4201 = FACE_BOUND('',#4202,.F.);
#4202 = EDGE_LOOP('',(#4203,#4209,#4210,#4211));
#4203 = ORIENTED_EDGE('',*,*,#4204,.T.);
#4204 = EDGE_CURVE('',#4181,#4126,#4205,.T.);
#4205 = LINE('',#4206,#4207);
#4206 = CARTESIAN_POINT('',(93.75,50.75,212.));
#4207 = VECTOR('',#4208,1.);
#4208 = DIRECTION('',(0.707106781187,0.707106781187,-0.));
#4209 = ORIENTED_EDGE('',*,*,#4142,.T.);
#4210 = ORIENTED_EDGE('',*,*,#824,.F.);
#4211 = ORIENTED_EDGE('',*,*,#4188,.F.);
#4212 = PLANE('',#4213);
#4213 = AXIS2_PLACEMENT_3D('',#4214,#4215,#4216);
#4214 = CARTESIAN_POINT('',(129.,86.,208.));
#4215 = DIRECTION('',(0.707106781187,-0.707106781187,0.));
#4216 = DIRECTION('',(-0.707106781187,-0.707106781187,0.));
#4217 = ADVANCED_FACE('',(#4218),#4243,.F.);
#4218 = FACE_BOUND('',#4219,.F.);
#4219 = EDGE_LOOP('',(#4220,#4230,#4236,#4237));
#4220 = ORIENTED_EDGE('',*,*,#4221,.T.);
#4221 = EDGE_CURVE('',#4222,#4224,#4226,.T.);
#4222 = VERTEX_POINT('',#4223);
#4223 = CARTESIAN_POINT('',(121.5,93.5,212.));
#4224 = VERTEX_POINT('',#4225);
#4225 = CARTESIAN_POINT('',(115.5,99.5,212.));
#4226 = LINE('',#4227,#4228);
#4227 = CARTESIAN_POINT('',(103.,112.,212.));
#4228 = VECTOR('',#4229,1.);
#4229 = DIRECTION('',(-0.707106781187,0.707106781187,0.));
#4230 = ORIENTED_EDGE('',*,*,#4231,.T.);
#4231 = EDGE_CURVE('',#4224,#851,#4232,.T.);
#4232 = LINE('',#4233,#4234);
#4233 = CARTESIAN_POINT('',(115.5,99.5,208.));
#4234 = VECTOR('',#4235,1.);
#4235 = DIRECTION('',(0.,0.,1.));
#4236 = ORIENTED_EDGE('',*,*,#848,.F.);
#4237 = ORIENTED_EDGE('',*,*,#4238,.F.);
#4238 = EDGE_CURVE('',#4222,#849,#4239,.T.);
#4239 = LINE('',#4240,#4241);
#4240 = CARTESIAN_POINT('',(121.5,93.5,208.));
#4241 = VECTOR('',#4242,1.);
#4242 = DIRECTION('',(0.,0.,1.));
#4243 = PLANE('',#4244);
#4244 = AXIS2_PLACEMENT_3D('',#4245,#4246,#4247);
#4245 = CARTESIAN_POINT('',(115.5,99.5,208.));
#4246 = DIRECTION('',(0.707106781187,0.707106781187,-0.));
#4247 = DIRECTION('',(0.707106781187,-0.707106781187,0.));
#4248 = ADVANCED_FACE('',(#4249),#4267,.F.);
#4249 = FACE_BOUND('',#4250,.F.);
#4250 = EDGE_LOOP('',(#4251,#4259,#4265,#4266));
#4251 = ORIENTED_EDGE('',*,*,#4252,.T.);
#4252 = EDGE_CURVE('',#4224,#4253,#4255,.T.);
#4253 = VERTEX_POINT('',#4254);
#4254 = CARTESIAN_POINT('',(109.5,93.5,212.));
#4255 = LINE('',#4256,#4257);
#4256 = CARTESIAN_POINT('',(77.25,61.25,212.));
#4257 = VECTOR('',#4258,1.);
#4258 = DIRECTION('',(-0.707106781187,-0.707106781187,0.));
#4259 = ORIENTED_EDGE('',*,*,#4260,.T.);
#4260 = EDGE_CURVE('',#4253,#867,#4261,.T.);
#4261 = LINE('',#4262,#4263);
#4262 = CARTESIAN_POINT('',(109.5,93.5,208.));
#4263 = VECTOR('',#4264,1.);
#4264 = DIRECTION('',(0.,0.,1.));
#4265 = ORIENTED_EDGE('',*,*,#874,.F.);
#4266 = ORIENTED_EDGE('',*,*,#4231,.F.);
#4267 = PLANE('',#4268);
#4268 = AXIS2_PLACEMENT_3D('',#4269,#4270,#4271);
#4269 = CARTESIAN_POINT('',(109.5,93.5,208.));
#4270 = DIRECTION('',(-0.707106781187,0.707106781187,0.));
#4271 = DIRECTION('',(0.707106781187,0.707106781187,0.));
#4272 = ADVANCED_FACE('',(#4273),#4291,.F.);
#4273 = FACE_BOUND('',#4274,.F.);
#4274 = EDGE_LOOP('',(#4275,#4283,#4289,#4290));
#4275 = ORIENTED_EDGE('',*,*,#4276,.T.);
#4276 = EDGE_CURVE('',#4253,#4277,#4279,.T.);
#4277 = VERTEX_POINT('',#4278);
#4278 = CARTESIAN_POINT('',(115.5,87.5,212.));
#4279 = LINE('',#4280,#4281);
#4280 = CARTESIAN_POINT('',(100.,103.,212.));
#4281 = VECTOR('',#4282,1.);
#4282 = DIRECTION('',(0.707106781187,-0.707106781187,0.));
#4283 = ORIENTED_EDGE('',*,*,#4284,.T.);
#4284 = EDGE_CURVE('',#4277,#859,#4285,.T.);
#4285 = LINE('',#4286,#4287);
#4286 = CARTESIAN_POINT('',(115.5,87.5,208.));
#4287 = VECTOR('',#4288,1.);
#4288 = DIRECTION('',(0.,0.,1.));
#4289 = ORIENTED_EDGE('',*,*,#866,.F.);
#4290 = ORIENTED_EDGE('',*,*,#4260,.F.);
#4291 = PLANE('',#4292);
#4292 = AXIS2_PLACEMENT_3D('',#4293,#4294,#4295);
#4293 = CARTESIAN_POINT('',(115.5,87.5,208.));
#4294 = DIRECTION('',(-0.707106781187,-0.707106781187,0.));
#4295 = DIRECTION('',(-0.707106781187,0.707106781187,0.));
#4296 = ADVANCED_FACE('',(#4297),#4308,.F.);
#4297 = FACE_BOUND('',#4298,.F.);
#4298 = EDGE_LOOP('',(#4299,#4305,#4306,#4307));
#4299 = ORIENTED_EDGE('',*,*,#4300,.T.);
#4300 = EDGE_CURVE('',#4277,#4222,#4301,.T.);
#4301 = LINE('',#4302,#4303);
#4302 = CARTESIAN_POINT('',(86.25,58.25,212.));
#4303 = VECTOR('',#4304,1.);
#4304 = DIRECTION('',(0.707106781187,0.707106781187,-0.));
#4305 = ORIENTED_EDGE('',*,*,#4238,.T.);
#4306 = ORIENTED_EDGE('',*,*,#858,.F.);
#4307 = ORIENTED_EDGE('',*,*,#4284,.F.);
#4308 = PLANE('',#4309);
#4309 = AXIS2_PLACEMENT_3D('',#4310,#4311,#4312);
#4310 = CARTESIAN_POINT('',(121.5,93.5,208.));
#4311 = DIRECTION('',(0.707106781187,-0.707106781187,0.));
#4312 = DIRECTION('',(-0.707106781187,-0.707106781187,0.));
#4313 = ADVANCED_FACE('',(#4314),#4339,.F.);
#4314 = FACE_BOUND('',#4315,.F.);
#4315 = EDGE_LOOP('',(#4316,#4326,#4332,#4333));
#4316 = ORIENTED_EDGE('',*,*,#4317,.T.);
#4317 = EDGE_CURVE('',#4318,#4320,#4322,.T.);
#4318 = VERTEX_POINT('',#4319);
#4319 = CARTESIAN_POINT('',(69.,101.,212.));
#4320 = VERTEX_POINT('',#4321);
#4321 = CARTESIAN_POINT('',(63.,107.,212.));
#4322 = LINE('',#4323,#4324);
#4323 = CARTESIAN_POINT('',(65.5,104.5,212.));
#4324 = VECTOR('',#4325,1.);
#4325 = DIRECTION('',(-0.707106781187,0.707106781187,0.));
#4326 = ORIENTED_EDGE('',*,*,#4327,.T.);
#4327 = EDGE_CURVE('',#4320,#885,#4328,.T.);
#4328 = LINE('',#4329,#4330);
#4329 = CARTESIAN_POINT('',(63.,107.,208.));
#4330 = VECTOR('',#4331,1.);
#4331 = DIRECTION('',(0.,0.,1.));
#4332 = ORIENTED_EDGE('',*,*,#882,.F.);
#4333 = ORIENTED_EDGE('',*,*,#4334,.F.);
#4334 = EDGE_CURVE('',#4318,#883,#4335,.T.);
#4335 = LINE('',#4336,#4337);
#4336 = CARTESIAN_POINT('',(69.,101.,208.));
#4337 = VECTOR('',#4338,1.);
#4338 = DIRECTION('',(0.,0.,1.));
#4339 = PLANE('',#4340);
#4340 = AXIS2_PLACEMENT_3D('',#4341,#4342,#4343);
#4341 = CARTESIAN_POINT('',(63.,107.,208.));
#4342 = DIRECTION('',(0.707106781187,0.707106781187,-0.));
#4343 = DIRECTION('',(0.707106781187,-0.707106781187,0.));
#4344 = ADVANCED_FACE('',(#4345),#4363,.F.);
#4345 = FACE_BOUND('',#4346,.F.);
#4346 = EDGE_LOOP('',(#4347,#4355,#4361,#4362));
#4347 = ORIENTED_EDGE('',*,*,#4348,.T.);
#4348 = EDGE_CURVE('',#4320,#4349,#4351,.T.);
#4349 = VERTEX_POINT('',#4350);
#4350 = CARTESIAN_POINT('',(57.,101.,212.));
#4351 = LINE('',#4352,#4353);
#4352 = CARTESIAN_POINT('',(36.,80.,212.));
#4353 = VECTOR('',#4354,1.);
#4354 = DIRECTION('',(-0.707106781187,-0.707106781187,0.));
#4355 = ORIENTED_EDGE('',*,*,#4356,.T.);
#4356 = EDGE_CURVE('',#4349,#901,#4357,.T.);
#4357 = LINE('',#4358,#4359);
#4358 = CARTESIAN_POINT('',(57.,101.,208.));
#4359 = VECTOR('',#4360,1.);
#4360 = DIRECTION('',(0.,0.,1.));
#4361 = ORIENTED_EDGE('',*,*,#908,.F.);
#4362 = ORIENTED_EDGE('',*,*,#4327,.F.);
#4363 = PLANE('',#4364);
#4364 = AXIS2_PLACEMENT_3D('',#4365,#4366,#4367);
#4365 = CARTESIAN_POINT('',(57.,101.,208.));
#4366 = DIRECTION('',(-0.707106781187,0.707106781187,0.));
#4367 = DIRECTION('',(0.707106781187,0.707106781187,0.));
#4368 = ADVANCED_FACE('',(#4369),#4387,.F.);
#4369 = FACE_BOUND('',#4370,.F.);
#4370 = EDGE_LOOP('',(#4371,#4379,#4385,#4386));
#4371 = ORIENTED_EDGE('',*,*,#4372,.T.);
#4372 = EDGE_CURVE('',#4349,#4373,#4375,.T.);
#4373 = VERTEX_POINT('',#4374);
#4374 = CARTESIAN_POINT('',(63.,95.,212.));
#4375 = LINE('',#4376,#4377);
#4376 = CARTESIAN_POINT('',(62.5,95.5,212.));
#4377 = VECTOR('',#4378,1.);
#4378 = DIRECTION('',(0.707106781187,-0.707106781187,0.));
#4379 = ORIENTED_EDGE('',*,*,#4380,.T.);
#4380 = EDGE_CURVE('',#4373,#893,#4381,.T.);
#4381 = LINE('',#4382,#4383);
#4382 = CARTESIAN_POINT('',(63.,95.,208.));
#4383 = VECTOR('',#4384,1.);
#4384 = DIRECTION('',(0.,0.,1.));
#4385 = ORIENTED_EDGE('',*,*,#900,.F.);
#4386 = ORIENTED_EDGE('',*,*,#4356,.F.);
#4387 = PLANE('',#4388);
#4388 = AXIS2_PLACEMENT_3D('',#4389,#4390,#4391);
#4389 = CARTESIAN_POINT('',(63.,95.,208.));
#4390 = DIRECTION('',(-0.707106781187,-0.707106781187,0.));
#4391 = DIRECTION('',(-0.707106781187,0.707106781187,0.));
#4392 = ADVANCED_FACE('',(#4393),#4404,.F.);
#4393 = FACE_BOUND('',#4394,.F.);
#4394 = EDGE_LOOP('',(#4395,#4401,#4402,#4403));
#4395 = ORIENTED_EDGE('',*,*,#4396,.T.);
#4396 = EDGE_CURVE('',#4373,#4318,#4397,.T.);
#4397 = LINE('',#4398,#4399);
#4398 = CARTESIAN_POINT('',(45.,77.,212.));
#4399 = VECTOR('',#4400,1.);
#4400 = DIRECTION('',(0.707106781187,0.707106781187,-0.));
#4401 = ORIENTED_EDGE('',*,*,#4334,.T.);
#4402 = ORIENTED_EDGE('',*,*,#892,.F.);
#4403 = ORIENTED_EDGE('',*,*,#4380,.F.);
#4404 = PLANE('',#4405);
#4405 = AXIS2_PLACEMENT_3D('',#4406,#4407,#4408);
#4406 = CARTESIAN_POINT('',(69.,101.,208.));
#4407 = DIRECTION('',(0.707106781187,-0.707106781187,0.));
#4408 = DIRECTION('',(-0.707106781187,-0.707106781187,0.));
#4409 = ADVANCED_FACE('',(#4410),#4435,.F.);
#4410 = FACE_BOUND('',#4411,.F.);
#4411 = EDGE_LOOP('',(#4412,#4422,#4428,#4429));
#4412 = ORIENTED_EDGE('',*,*,#4413,.T.);
#4413 = EDGE_CURVE('',#4414,#4416,#4418,.T.);
#4414 = VERTEX_POINT('',#4415);
#4415 = CARTESIAN_POINT('',(76.5,108.5,212.));
#4416 = VERTEX_POINT('',#4417);
#4417 = CARTESIAN_POINT('',(70.5,114.5,212.));
#4418 = LINE('',#4419,#4420);
#4419 = CARTESIAN_POINT('',(73.,112.,212.));
#4420 = VECTOR('',#4421,1.);
#4421 = DIRECTION('',(-0.707106781187,0.707106781187,0.));
#4422 = ORIENTED_EDGE('',*,*,#4423,.T.);
#4423 = EDGE_CURVE('',#4416,#919,#4424,.T.);
#4424 = LINE('',#4425,#4426);
#4425 = CARTESIAN_POINT('',(70.5,114.5,208.));
#4426 = VECTOR('',#4427,1.);
#4427 = DIRECTION('',(0.,0.,1.));
#4428 = ORIENTED_EDGE('',*,*,#916,.F.);
#4429 = ORIENTED_EDGE('',*,*,#4430,.F.);
#4430 = EDGE_CURVE('',#4414,#917,#4431,.T.);
#4431 = LINE('',#4432,#4433);
#4432 = CARTESIAN_POINT('',(76.5,108.5,208.));
#4433 = VECTOR('',#4434,1.);
#4434 = DIRECTION('',(0.,0.,1.));
#4435 = PLANE('',#4436);
#4436 = AXIS2_PLACEMENT_3D('',#4437,#4438,#4439);
#4437 = CARTESIAN_POINT('',(70.5,114.5,208.));
#4438 = DIRECTION('',(0.707106781187,0.707106781187,-0.));
#4439 = DIRECTION('',(0.707106781187,-0.707106781187,0.));
#4440 = ADVANCED_FACE('',(#4441),#4459,.F.);
#4441 = FACE_BOUND('',#4442,.F.);
#4442 = EDGE_LOOP('',(#4443,#4451,#4457,#4458));
#4443 = ORIENTED_EDGE('',*,*,#4444,.T.);
#4444 = EDGE_CURVE('',#4416,#4445,#4447,.T.);
#4445 = VERTEX_POINT('',#4446);
#4446 = CARTESIAN_POINT('',(64.5,108.5,212.));
#4447 = LINE('',#4448,#4449);
#4448 = CARTESIAN_POINT('',(39.75,83.75,212.));
#4449 = VECTOR('',#4450,1.);
#4450 = DIRECTION('',(-0.707106781187,-0.707106781187,0.));
#4451 = ORIENTED_EDGE('',*,*,#4452,.T.);
#4452 = EDGE_CURVE('',#4445,#935,#4453,.T.);
#4453 = LINE('',#4454,#4455);
#4454 = CARTESIAN_POINT('',(64.5,108.5,208.));
#4455 = VECTOR('',#4456,1.);
#4456 = DIRECTION('',(0.,0.,1.));
#4457 = ORIENTED_EDGE('',*,*,#942,.F.);
#4458 = ORIENTED_EDGE('',*,*,#4423,.F.);
#4459 = PLANE('',#4460);
#4460 = AXIS2_PLACEMENT_3D('',#4461,#4462,#4463);
#4461 = CARTESIAN_POINT('',(64.5,108.5,208.));
#4462 = DIRECTION('',(-0.707106781187,0.707106781187,0.));
#4463 = DIRECTION('',(0.707106781187,0.707106781187,0.));
#4464 = ADVANCED_FACE('',(#4465),#4483,.F.);
#4465 = FACE_BOUND('',#4466,.F.);
#4466 = EDGE_LOOP('',(#4467,#4475,#4481,#4482));
#4467 = ORIENTED_EDGE('',*,*,#4468,.T.);
#4468 = EDGE_CURVE('',#4445,#4469,#4471,.T.);
#4469 = VERTEX_POINT('',#4470);
#4470 = CARTESIAN_POINT('',(70.5,102.5,212.));
#4471 = LINE('',#4472,#4473);
#4472 = CARTESIAN_POINT('',(70.,103.,212.));
#4473 = VECTOR('',#4474,1.);
#4474 = DIRECTION('',(0.707106781187,-0.707106781187,0.));
#4475 = ORIENTED_EDGE('',*,*,#4476,.T.);
#4476 = EDGE_CURVE('',#4469,#927,#4477,.T.);
#4477 = LINE('',#4478,#4479);
#4478 = CARTESIAN_POINT('',(70.5,102.5,208.));
#4479 = VECTOR('',#4480,1.);
#4480 = DIRECTION('',(0.,0.,1.));
#4481 = ORIENTED_EDGE('',*,*,#934,.F.);
#4482 = ORIENTED_EDGE('',*,*,#4452,.F.);
#4483 = PLANE('',#4484);
#4484 = AXIS2_PLACEMENT_3D('',#4485,#4486,#4487);
#4485 = CARTESIAN_POINT('',(70.5,102.5,208.));
#4486 = DIRECTION('',(-0.707106781187,-0.707106781187,0.));
#4487 = DIRECTION('',(-0.707106781187,0.707106781187,0.));
#4488 = ADVANCED_FACE('',(#4489),#4500,.F.);
#4489 = FACE_BOUND('',#4490,.F.);
#4490 = EDGE_LOOP('',(#4491,#4497,#4498,#4499));
#4491 = ORIENTED_EDGE('',*,*,#4492,.T.);
#4492 = EDGE_CURVE('',#4469,#4414,#4493,.T.);
#4493 = LINE('',#4494,#4495);
#4494 = CARTESIAN_POINT('',(48.75,80.75,212.));
#4495 = VECTOR('',#4496,1.);
#4496 = DIRECTION('',(0.707106781187,0.707106781187,-0.));
#4497 = ORIENTED_EDGE('',*,*,#4430,.T.);
#4498 = ORIENTED_EDGE('',*,*,#926,.F.);
#4499 = ORIENTED_EDGE('',*,*,#4476,.F.);
#4500 = PLANE('',#4501);
#4501 = AXIS2_PLACEMENT_3D('',#4502,#4503,#4504);
#4502 = CARTESIAN_POINT('',(76.5,108.5,208.));
#4503 = DIRECTION('',(0.707106781187,-0.707106781187,0.));
#4504 = DIRECTION('',(-0.707106781187,-0.707106781187,0.));
#4505 = ADVANCED_FACE('',(#4506),#4531,.F.);
#4506 = FACE_BOUND('',#4507,.F.);
#4507 = EDGE_LOOP('',(#4508,#4518,#4524,#4525));
#4508 = ORIENTED_EDGE('',*,*,#4509,.T.);
#4509 = EDGE_CURVE('',#4510,#4512,#4514,.T.);
#4510 = VERTEX_POINT('',#4511);
#4511 = CARTESIAN_POINT('',(69.,116.,212.));
#4512 = VERTEX_POINT('',#4513);
#4513 = CARTESIAN_POINT('',(63.,122.,212.));
#4514 = LINE('',#4515,#4516);
#4515 = CARTESIAN_POINT('',(69.25,115.75,212.));
#4516 = VECTOR('',#4517,1.);
#4517 = DIRECTION('',(-0.707106781187,0.707106781187,0.));
#4518 = ORIENTED_EDGE('',*,*,#4519,.T.);
#4519 = EDGE_CURVE('',#4512,#953,#4520,.T.);
#4520 = LINE('',#4521,#4522);
#4521 = CARTESIAN_POINT('',(63.,122.,208.));
#4522 = VECTOR('',#4523,1.);
#4523 = DIRECTION('',(0.,0.,1.));
#4524 = ORIENTED_EDGE('',*,*,#950,.F.);
#4525 = ORIENTED_EDGE('',*,*,#4526,.F.);
#4526 = EDGE_CURVE('',#4510,#951,#4527,.T.);
#4527 = LINE('',#4528,#4529);
#4528 = CARTESIAN_POINT('',(69.,116.,208.));
#4529 = VECTOR('',#4530,1.);
#4530 = DIRECTION('',(0.,0.,1.));
#4531 = PLANE('',#4532);
#4532 = AXIS2_PLACEMENT_3D('',#4533,#4534,#4535);
#4533 = CARTESIAN_POINT('',(63.,122.,208.));
#4534 = DIRECTION('',(0.707106781187,0.707106781187,-0.));
#4535 = DIRECTION('',(0.707106781187,-0.707106781187,0.));
#4536 = ADVANCED_FACE('',(#4537),#4555,.F.);
#4537 = FACE_BOUND('',#4538,.F.);
#4538 = EDGE_LOOP('',(#4539,#4547,#4553,#4554));
#4539 = ORIENTED_EDGE('',*,*,#4540,.T.);
#4540 = EDGE_CURVE('',#4512,#4541,#4543,.T.);
#4541 = VERTEX_POINT('',#4542);
#4542 = CARTESIAN_POINT('',(57.,116.,212.));
#4543 = LINE('',#4544,#4545);
#4544 = CARTESIAN_POINT('',(32.25,91.25,212.));
#4545 = VECTOR('',#4546,1.);
#4546 = DIRECTION('',(-0.707106781187,-0.707106781187,0.));
#4547 = ORIENTED_EDGE('',*,*,#4548,.T.);
#4548 = EDGE_CURVE('',#4541,#969,#4549,.T.);
#4549 = LINE('',#4550,#4551);
#4550 = CARTESIAN_POINT('',(57.,116.,208.));
#4551 = VECTOR('',#4552,1.);
#4552 = DIRECTION('',(0.,0.,1.));
#4553 = ORIENTED_EDGE('',*,*,#976,.F.);
#4554 = ORIENTED_EDGE('',*,*,#4519,.F.);
#4555 = PLANE('',#4556);
#4556 = AXIS2_PLACEMENT_3D('',#4557,#4558,#4559);
#4557 = CARTESIAN_POINT('',(57.,116.,208.));
#4558 = DIRECTION('',(-0.707106781187,0.707106781187,0.));
#4559 = DIRECTION('',(0.707106781187,0.707106781187,0.));
#4560 = ADVANCED_FACE('',(#4561),#4579,.F.);
#4561 = FACE_BOUND('',#4562,.F.);
#4562 = EDGE_LOOP('',(#4563,#4571,#4577,#4578));
#4563 = ORIENTED_EDGE('',*,*,#4564,.T.);
#4564 = EDGE_CURVE('',#4541,#4565,#4567,.T.);
#4565 = VERTEX_POINT('',#4566);
#4566 = CARTESIAN_POINT('',(63.,110.,212.));
#4567 = LINE('',#4568,#4569);
#4568 = CARTESIAN_POINT('',(66.25,106.75,212.));
#4569 = VECTOR('',#4570,1.);
#4570 = DIRECTION('',(0.707106781187,-0.707106781187,0.));
#4571 = ORIENTED_EDGE('',*,*,#4572,.T.);
#4572 = EDGE_CURVE('',#4565,#961,#4573,.T.);
#4573 = LINE('',#4574,#4575);
#4574 = CARTESIAN_POINT('',(63.,110.,208.));
#4575 = VECTOR('',#4576,1.);
#4576 = DIRECTION('',(0.,0.,1.));
#4577 = ORIENTED_EDGE('',*,*,#968,.F.);
#4578 = ORIENTED_EDGE('',*,*,#4548,.F.);
#4579 = PLANE('',#4580);
#4580 = AXIS2_PLACEMENT_3D('',#4581,#4582,#4583);
#4581 = CARTESIAN_POINT('',(63.,110.,208.));
#4582 = DIRECTION('',(-0.707106781187,-0.707106781187,0.));
#4583 = DIRECTION('',(-0.707106781187,0.707106781187,0.));
#4584 = ADVANCED_FACE('',(#4585),#4596,.F.);
#4585 = FACE_BOUND('',#4586,.F.);
#4586 = EDGE_LOOP('',(#4587,#4593,#4594,#4595));
#4587 = ORIENTED_EDGE('',*,*,#4588,.T.);
#4588 = EDGE_CURVE('',#4565,#4510,#4589,.T.);
#4589 = LINE('',#4590,#4591);
#4590 = CARTESIAN_POINT('',(41.25,88.25,212.));
#4591 = VECTOR('',#4592,1.);
#4592 = DIRECTION('',(0.707106781187,0.707106781187,-0.));
#4593 = ORIENTED_EDGE('',*,*,#4526,.T.);
#4594 = ORIENTED_EDGE('',*,*,#960,.F.);
#4595 = ORIENTED_EDGE('',*,*,#4572,.F.);
#4596 = PLANE('',#4597);
#4597 = AXIS2_PLACEMENT_3D('',#4598,#4599,#4600);
#4598 = CARTESIAN_POINT('',(69.,116.,208.));
#4599 = DIRECTION('',(0.707106781187,-0.707106781187,0.));
#4600 = DIRECTION('',(-0.707106781187,-0.707106781187,0.));
#4601 = ADVANCED_FACE('',(#4602),#4627,.F.);
#4602 = FACE_BOUND('',#4603,.F.);
#4603 = EDGE_LOOP('',(#4604,#4614,#4620,#4621));
#4604 = ORIENTED_EDGE('',*,*,#4605,.T.);
#4605 = EDGE_CURVE('',#4606,#4608,#4610,.T.);
#4606 = VERTEX_POINT('',#4607);
#4607 = CARTESIAN_POINT('',(84.,101.,212.));
#4608 = VERTEX_POINT('',#4609);
#4609 = CARTESIAN_POINT('',(78.,107.,212.));
#4610 = LINE('',#4611,#4612);
#4611 = CARTESIAN_POINT('',(76.75,108.25,212.));
#4612 = VECTOR('',#4613,1.);
#4613 = DIRECTION('',(-0.707106781187,0.707106781187,0.));
#4614 = ORIENTED_EDGE('',*,*,#4615,.T.);
#4615 = EDGE_CURVE('',#4608,#987,#4616,.T.);
#4616 = LINE('',#4617,#4618);
#4617 = CARTESIAN_POINT('',(78.,107.,208.));
#4618 = VECTOR('',#4619,1.);
#4619 = DIRECTION('',(0.,0.,1.));
#4620 = ORIENTED_EDGE('',*,*,#984,.F.);
#4621 = ORIENTED_EDGE('',*,*,#4622,.F.);
#4622 = EDGE_CURVE('',#4606,#985,#4623,.T.);
#4623 = LINE('',#4624,#4625);
#4624 = CARTESIAN_POINT('',(84.,101.,208.));
#4625 = VECTOR('',#4626,1.);
#4626 = DIRECTION('',(0.,0.,1.));
#4627 = PLANE('',#4628);
#4628 = AXIS2_PLACEMENT_3D('',#4629,#4630,#4631);
#4629 = CARTESIAN_POINT('',(78.,107.,208.));
#4630 = DIRECTION('',(0.707106781187,0.707106781187,-0.));
#4631 = DIRECTION('',(0.707106781187,-0.707106781187,0.));
#4632 = ADVANCED_FACE('',(#4633),#4651,.F.);
#4633 = FACE_BOUND('',#4634,.F.);
#4634 = EDGE_LOOP('',(#4635,#4643,#4649,#4650));
#4635 = ORIENTED_EDGE('',*,*,#4636,.T.);
#4636 = EDGE_CURVE('',#4608,#4637,#4639,.T.);
#4637 = VERTEX_POINT('',#4638);
#4638 = CARTESIAN_POINT('',(72.,101.,212.));
#4639 = LINE('',#4640,#4641);
#4640 = CARTESIAN_POINT('',(47.25,76.25,212.));
#4641 = VECTOR('',#4642,1.);
#4642 = DIRECTION('',(-0.707106781187,-0.707106781187,0.));
#4643 = ORIENTED_EDGE('',*,*,#4644,.T.);
#4644 = EDGE_CURVE('',#4637,#1003,#4645,.T.);
#4645 = LINE('',#4646,#4647);
#4646 = CARTESIAN_POINT('',(72.,101.,208.));
#4647 = VECTOR('',#4648,1.);
#4648 = DIRECTION('',(0.,0.,1.));
#4649 = ORIENTED_EDGE('',*,*,#1010,.F.);
#4650 = ORIENTED_EDGE('',*,*,#4615,.F.);
#4651 = PLANE('',#4652);
#4652 = AXIS2_PLACEMENT_3D('',#4653,#4654,#4655);
#4653 = CARTESIAN_POINT('',(72.,101.,208.));
#4654 = DIRECTION('',(-0.707106781187,0.707106781187,0.));
#4655 = DIRECTION('',(0.707106781187,0.707106781187,0.));
#4656 = ADVANCED_FACE('',(#4657),#4675,.F.);
#4657 = FACE_BOUND('',#4658,.F.);
#4658 = EDGE_LOOP('',(#4659,#4667,#4673,#4674));
#4659 = ORIENTED_EDGE('',*,*,#4660,.T.);
#4660 = EDGE_CURVE('',#4637,#4661,#4663,.T.);
#4661 = VERTEX_POINT('',#4662);
#4662 = CARTESIAN_POINT('',(78.,95.,212.));
#4663 = LINE('',#4664,#4665);
#4664 = CARTESIAN_POINT('',(73.75,99.25,212.));
#4665 = VECTOR('',#4666,1.);
#4666 = DIRECTION('',(0.707106781187,-0.707106781187,0.));
#4667 = ORIENTED_EDGE('',*,*,#4668,.T.);
#4668 = EDGE_CURVE('',#4661,#995,#4669,.T.);
#4669 = LINE('',#4670,#4671);
#4670 = CARTESIAN_POINT('',(78.,95.,208.));
#4671 = VECTOR('',#4672,1.);
#4672 = DIRECTION('',(0.,0.,1.));
#4673 = ORIENTED_EDGE('',*,*,#1002,.F.);
#4674 = ORIENTED_EDGE('',*,*,#4644,.F.);
#4675 = PLANE('',#4676);
#4676 = AXIS2_PLACEMENT_3D('',#4677,#4678,#4679);
#4677 = CARTESIAN_POINT('',(78.,95.,208.));
#4678 = DIRECTION('',(-0.707106781187,-0.707106781187,0.));
#4679 = DIRECTION('',(-0.707106781187,0.707106781187,0.));
#4680 = ADVANCED_FACE('',(#4681),#4692,.F.);
#4681 = FACE_BOUND('',#4682,.F.);
#4682 = EDGE_LOOP('',(#4683,#4689,#4690,#4691));
#4683 = ORIENTED_EDGE('',*,*,#4684,.T.);
#4684 = EDGE_CURVE('',#4661,#4606,#4685,.T.);
#4685 = LINE('',#4686,#4687);
#4686 = CARTESIAN_POINT('',(56.25,73.25,212.));
#4687 = VECTOR('',#4688,1.);
#4688 = DIRECTION('',(0.707106781187,0.707106781187,-0.));
#4689 = ORIENTED_EDGE('',*,*,#4622,.T.);
#4690 = ORIENTED_EDGE('',*,*,#994,.F.);
#4691 = ORIENTED_EDGE('',*,*,#4668,.F.);
#4692 = PLANE('',#4693);
#4693 = AXIS2_PLACEMENT_3D('',#4694,#4695,#4696);
#4694 = CARTESIAN_POINT('',(84.,101.,208.));
#4695 = DIRECTION('',(0.707106781187,-0.707106781187,0.));
#4696 = DIRECTION('',(-0.707106781187,-0.707106781187,0.));
#4697 = ADVANCED_FACE('',(#4698),#4723,.F.);
#4698 = FACE_BOUND('',#4699,.F.);
#4699 = EDGE_LOOP('',(#4700,#4710,#4716,#4717));
#4700 = ORIENTED_EDGE('',*,*,#4701,.T.);
#4701 = EDGE_CURVE('',#4702,#4704,#4706,.T.);
#4702 = VERTEX_POINT('',#4703);
#4703 = CARTESIAN_POINT('',(91.5,108.5,212.));
#4704 = VERTEX_POINT('',#4705);
#4705 = CARTESIAN_POINT('',(85.5,114.5,212.));
#4706 = LINE('',#4707,#4708);
#4707 = CARTESIAN_POINT('',(84.25,115.75,212.));
#4708 = VECTOR('',#4709,1.);
#4709 = DIRECTION('',(-0.707106781187,0.707106781187,0.));
#4710 = ORIENTED_EDGE('',*,*,#4711,.T.);
#4711 = EDGE_CURVE('',#4704,#1021,#4712,.T.);
#4712 = LINE('',#4713,#4714);
#4713 = CARTESIAN_POINT('',(85.5,114.5,208.));
#4714 = VECTOR('',#4715,1.);
#4715 = DIRECTION('',(0.,0.,1.));
#4716 = ORIENTED_EDGE('',*,*,#1018,.F.);
#4717 = ORIENTED_EDGE('',*,*,#4718,.F.);
#4718 = EDGE_CURVE('',#4702,#1019,#4719,.T.);
#4719 = LINE('',#4720,#4721);
#4720 = CARTESIAN_POINT('',(91.5,108.5,208.));
#4721 = VECTOR('',#4722,1.);
#4722 = DIRECTION('',(0.,0.,1.));
#4723 = PLANE('',#4724);
#4724 = AXIS2_PLACEMENT_3D('',#4725,#4726,#4727);
#4725 = CARTESIAN_POINT('',(85.5,114.5,208.));
#4726 = DIRECTION('',(0.707106781187,0.707106781187,-0.));
#4727 = DIRECTION('',(0.707106781187,-0.707106781187,0.));
#4728 = ADVANCED_FACE('',(#4729),#4747,.F.);
#4729 = FACE_BOUND('',#4730,.F.);
#4730 = EDGE_LOOP('',(#4731,#4739,#4745,#4746));
#4731 = ORIENTED_EDGE('',*,*,#4732,.T.);
#4732 = EDGE_CURVE('',#4704,#4733,#4735,.T.);
#4733 = VERTEX_POINT('',#4734);
#4734 = CARTESIAN_POINT('',(79.5,108.5,212.));
#4735 = LINE('',#4736,#4737);
#4736 = CARTESIAN_POINT('',(51.,80.,212.));
#4737 = VECTOR('',#4738,1.);
#4738 = DIRECTION('',(-0.707106781187,-0.707106781187,0.));
#4739 = ORIENTED_EDGE('',*,*,#4740,.T.);
#4740 = EDGE_CURVE('',#4733,#1037,#4741,.T.);
#4741 = LINE('',#4742,#4743);
#4742 = CARTESIAN_POINT('',(79.5,108.5,208.));
#4743 = VECTOR('',#4744,1.);
#4744 = DIRECTION('',(0.,0.,1.));
#4745 = ORIENTED_EDGE('',*,*,#1044,.F.);
#4746 = ORIENTED_EDGE('',*,*,#4711,.F.);
#4747 = PLANE('',#4748);
#4748 = AXIS2_PLACEMENT_3D('',#4749,#4750,#4751);
#4749 = CARTESIAN_POINT('',(79.5,108.5,208.));
#4750 = DIRECTION('',(-0.707106781187,0.707106781187,0.));
#4751 = DIRECTION('',(0.707106781187,0.707106781187,0.));
#4752 = ADVANCED_FACE('',(#4753),#4771,.F.);
#4753 = FACE_BOUND('',#4754,.F.);
#4754 = EDGE_LOOP('',(#4755,#4763,#4769,#4770));
#4755 = ORIENTED_EDGE('',*,*,#4756,.T.);
#4756 = EDGE_CURVE('',#4733,#4757,#4759,.T.);
#4757 = VERTEX_POINT('',#4758);
#4758 = CARTESIAN_POINT('',(85.5,102.5,212.));
#4759 = LINE('',#4760,#4761);
#4760 = CARTESIAN_POINT('',(81.25,106.75,212.));
#4761 = VECTOR('',#4762,1.);
#4762 = DIRECTION('',(0.707106781187,-0.707106781187,0.));
#4763 = ORIENTED_EDGE('',*,*,#4764,.T.);
#4764 = EDGE_CURVE('',#4757,#1029,#4765,.T.);
#4765 = LINE('',#4766,#4767);
#4766 = CARTESIAN_POINT('',(85.5,102.5,208.));
#4767 = VECTOR('',#4768,1.);
#4768 = DIRECTION('',(0.,0.,1.));
#4769 = ORIENTED_EDGE('',*,*,#1036,.F.);
#4770 = ORIENTED_EDGE('',*,*,#4740,.F.);
#4771 = PLANE('',#4772);
#4772 = AXIS2_PLACEMENT_3D('',#4773,#4774,#4775);
#4773 = CARTESIAN_POINT('',(85.5,102.5,208.));
#4774 = DIRECTION('',(-0.707106781187,-0.707106781187,0.));
#4775 = DIRECTION('',(-0.707106781187,0.707106781187,0.));
#4776 = ADVANCED_FACE('',(#4777),#4788,.F.);
#4777 = FACE_BOUND('',#4778,.F.);
#4778 = EDGE_LOOP('',(#4779,#4785,#4786,#4787));
#4779 = ORIENTED_EDGE('',*,*,#4780,.T.);
#4780 = EDGE_CURVE('',#4757,#4702,#4781,.T.);
#4781 = LINE('',#4782,#4783);
#4782 = CARTESIAN_POINT('',(60.,77.,212.));
#4783 = VECTOR('',#4784,1.);
#4784 = DIRECTION('',(0.707106781187,0.707106781187,-0.));
#4785 = ORIENTED_EDGE('',*,*,#4718,.T.);
#4786 = ORIENTED_EDGE('',*,*,#1028,.F.);
#4787 = ORIENTED_EDGE('',*,*,#4764,.F.);
#4788 = PLANE('',#4789);
#4789 = AXIS2_PLACEMENT_3D('',#4790,#4791,#4792);
#4790 = CARTESIAN_POINT('',(91.5,108.5,208.));
#4791 = DIRECTION('',(0.707106781187,-0.707106781187,0.));
#4792 = DIRECTION('',(-0.707106781187,-0.707106781187,0.));
#4793 = ADVANCED_FACE('',(#4794),#4819,.F.);
#4794 = FACE_BOUND('',#4795,.F.);
#4795 = EDGE_LOOP('',(#4796,#4806,#4812,#4813));
#4796 = ORIENTED_EDGE('',*,*,#4797,.T.);
#4797 = EDGE_CURVE('',#4798,#4800,#4802,.T.);
#4798 = VERTEX_POINT('',#4799);
#4799 = CARTESIAN_POINT('',(84.,116.,212.));
#4800 = VERTEX_POINT('',#4801);
#4801 = CARTESIAN_POINT('',(78.,122.,212.));
#4802 = LINE('',#4803,#4804);
#4803 = CARTESIAN_POINT('',(80.5,119.5,212.));
#4804 = VECTOR('',#4805,1.);
#4805 = DIRECTION('',(-0.707106781187,0.707106781187,0.));
#4806 = ORIENTED_EDGE('',*,*,#4807,.T.);
#4807 = EDGE_CURVE('',#4800,#1055,#4808,.T.);
#4808 = LINE('',#4809,#4810);
#4809 = CARTESIAN_POINT('',(78.,122.,208.));
#4810 = VECTOR('',#4811,1.);
#4811 = DIRECTION('',(0.,0.,1.));
#4812 = ORIENTED_EDGE('',*,*,#1052,.F.);
#4813 = ORIENTED_EDGE('',*,*,#4814,.F.);
#4814 = EDGE_CURVE('',#4798,#1053,#4815,.T.);
#4815 = LINE('',#4816,#4817);
#4816 = CARTESIAN_POINT('',(84.,116.,208.));
#4817 = VECTOR('',#4818,1.);
#4818 = DIRECTION('',(0.,0.,1.));
#4819 = PLANE('',#4820);
#4820 = AXIS2_PLACEMENT_3D('',#4821,#4822,#4823);
#4821 = CARTESIAN_POINT('',(78.,122.,208.));
#4822 = DIRECTION('',(0.707106781187,0.707106781187,-0.));
#4823 = DIRECTION('',(0.707106781187,-0.707106781187,0.));
#4824 = ADVANCED_FACE('',(#4825),#4843,.F.);
#4825 = FACE_BOUND('',#4826,.F.);
#4826 = EDGE_LOOP('',(#4827,#4835,#4841,#4842));
#4827 = ORIENTED_EDGE('',*,*,#4828,.T.);
#4828 = EDGE_CURVE('',#4800,#4829,#4831,.T.);
#4829 = VERTEX_POINT('',#4830);
#4830 = CARTESIAN_POINT('',(72.,116.,212.));
#4831 = LINE('',#4832,#4833);
#4832 = CARTESIAN_POINT('',(43.5,87.5,212.));
#4833 = VECTOR('',#4834,1.);
#4834 = DIRECTION('',(-0.707106781187,-0.707106781187,0.));
#4835 = ORIENTED_EDGE('',*,*,#4836,.T.);
#4836 = EDGE_CURVE('',#4829,#1071,#4837,.T.);
#4837 = LINE('',#4838,#4839);
#4838 = CARTESIAN_POINT('',(72.,116.,208.));
#4839 = VECTOR('',#4840,1.);
#4840 = DIRECTION('',(0.,0.,1.));
#4841 = ORIENTED_EDGE('',*,*,#1078,.F.);
#4842 = ORIENTED_EDGE('',*,*,#4807,.F.);
#4843 = PLANE('',#4844);
#4844 = AXIS2_PLACEMENT_3D('',#4845,#4846,#4847);
#4845 = CARTESIAN_POINT('',(72.,116.,208.));
#4846 = DIRECTION('',(-0.707106781187,0.707106781187,0.));
#4847 = DIRECTION('',(0.707106781187,0.707106781187,0.));
#4848 = ADVANCED_FACE('',(#4849),#4867,.F.);
#4849 = FACE_BOUND('',#4850,.F.);
#4850 = EDGE_LOOP('',(#4851,#4859,#4865,#4866));
#4851 = ORIENTED_EDGE('',*,*,#4852,.T.);
#4852 = EDGE_CURVE('',#4829,#4853,#4855,.T.);
#4853 = VERTEX_POINT('',#4854);
#4854 = CARTESIAN_POINT('',(78.,110.,212.));
#4855 = LINE('',#4856,#4857);
#4856 = CARTESIAN_POINT('',(77.5,110.5,212.));
#4857 = VECTOR('',#4858,1.);
#4858 = DIRECTION('',(0.707106781187,-0.707106781187,0.));
#4859 = ORIENTED_EDGE('',*,*,#4860,.T.);
#4860 = EDGE_CURVE('',#4853,#1063,#4861,.T.);
#4861 = LINE('',#4862,#4863);
#4862 = CARTESIAN_POINT('',(78.,110.,208.));
#4863 = VECTOR('',#4864,1.);
#4864 = DIRECTION('',(0.,0.,1.));
#4865 = ORIENTED_EDGE('',*,*,#1070,.F.);
#4866 = ORIENTED_EDGE('',*,*,#4836,.F.);
#4867 = PLANE('',#4868);
#4868 = AXIS2_PLACEMENT_3D('',#4869,#4870,#4871);
#4869 = CARTESIAN_POINT('',(78.,110.,208.));
#4870 = DIRECTION('',(-0.707106781187,-0.707106781187,0.));
#4871 = DIRECTION('',(-0.707106781187,0.707106781187,0.));
#4872 = ADVANCED_FACE('',(#4873),#4884,.F.);
#4873 = FACE_BOUND('',#4874,.F.);
#4874 = EDGE_LOOP('',(#4875,#4881,#4882,#4883));
#4875 = ORIENTED_EDGE('',*,*,#4876,.T.);
#4876 = EDGE_CURVE('',#4853,#4798,#4877,.T.);
#4877 = LINE('',#4878,#4879);
#4878 = CARTESIAN_POINT('',(52.5,84.5,212.));
#4879 = VECTOR('',#4880,1.);
#4880 = DIRECTION('',(0.707106781187,0.707106781187,-0.));
#4881 = ORIENTED_EDGE('',*,*,#4814,.T.);
#4882 = ORIENTED_EDGE('',*,*,#1062,.F.);
#4883 = ORIENTED_EDGE('',*,*,#4860,.F.);
#4884 = PLANE('',#4885);
#4885 = AXIS2_PLACEMENT_3D('',#4886,#4887,#4888);
#4886 = CARTESIAN_POINT('',(84.,116.,208.));
#4887 = DIRECTION('',(0.707106781187,-0.707106781187,0.));
#4888 = DIRECTION('',(-0.707106781187,-0.707106781187,0.));
#4889 = ADVANCED_FACE('',(#4890),#4915,.F.);
#4890 = FACE_BOUND('',#4891,.F.);
#4891 = EDGE_LOOP('',(#4892,#4902,#4908,#4909));
#4892 = ORIENTED_EDGE('',*,*,#4893,.T.);
#4893 = EDGE_CURVE('',#4894,#4896,#4898,.T.);
#4894 = VERTEX_POINT('',#4895);
#4895 = CARTESIAN_POINT('',(76.5,123.5,212.));
#4896 = VERTEX_POINT('',#4897);
#4897 = CARTESIAN_POINT('',(70.5,129.5,212.));
#4898 = LINE('',#4899,#4900);
#4899 = CARTESIAN_POINT('',(76.75,123.25,212.));
#4900 = VECTOR('',#4901,1.);
#4901 = DIRECTION('',(-0.707106781187,0.707106781187,0.));
#4902 = ORIENTED_EDGE('',*,*,#4903,.T.);
#4903 = EDGE_CURVE('',#4896,#1089,#4904,.T.);
#4904 = LINE('',#4905,#4906);
#4905 = CARTESIAN_POINT('',(70.5,129.5,208.));
#4906 = VECTOR('',#4907,1.);
#4907 = DIRECTION('',(0.,0.,1.));
#4908 = ORIENTED_EDGE('',*,*,#1086,.F.);
#4909 = ORIENTED_EDGE('',*,*,#4910,.F.);
#4910 = EDGE_CURVE('',#4894,#1087,#4911,.T.);
#4911 = LINE('',#4912,#4913);
#4912 = CARTESIAN_POINT('',(76.5,123.5,208.));
#4913 = VECTOR('',#4914,1.);
#4914 = DIRECTION('',(0.,0.,1.));
#4915 = PLANE('',#4916);
#4916 = AXIS2_PLACEMENT_3D('',#4917,#4918,#4919);
#4917 = CARTESIAN_POINT('',(70.5,129.5,208.));
#4918 = DIRECTION('',(0.707106781187,0.707106781187,-0.));
#4919 = DIRECTION('',(0.707106781187,-0.707106781187,0.));
#4920 = ADVANCED_FACE('',(#4921),#4939,.F.);
#4921 = FACE_BOUND('',#4922,.F.);
#4922 = EDGE_LOOP('',(#4923,#4931,#4937,#4938));
#4923 = ORIENTED_EDGE('',*,*,#4924,.T.);
#4924 = EDGE_CURVE('',#4896,#4925,#4927,.T.);
#4925 = VERTEX_POINT('',#4926);
#4926 = CARTESIAN_POINT('',(64.5,123.5,212.));
#4927 = LINE('',#4928,#4929);
#4928 = CARTESIAN_POINT('',(36.,95.,212.));
#4929 = VECTOR('',#4930,1.);
#4930 = DIRECTION('',(-0.707106781187,-0.707106781187,0.));
#4931 = ORIENTED_EDGE('',*,*,#4932,.T.);
#4932 = EDGE_CURVE('',#4925,#1105,#4933,.T.);
#4933 = LINE('',#4934,#4935);
#4934 = CARTESIAN_POINT('',(64.5,123.5,208.));
#4935 = VECTOR('',#4936,1.);
#4936 = DIRECTION('',(0.,0.,1.));
#4937 = ORIENTED_EDGE('',*,*,#1112,.F.);
#4938 = ORIENTED_EDGE('',*,*,#4903,.F.);
#4939 = PLANE('',#4940);
#4940 = AXIS2_PLACEMENT_3D('',#4941,#4942,#4943);
#4941 = CARTESIAN_POINT('',(64.5,123.5,208.));
#4942 = DIRECTION('',(-0.707106781187,0.707106781187,0.));
#4943 = DIRECTION('',(0.707106781187,0.707106781187,0.));
#4944 = ADVANCED_FACE('',(#4945),#4963,.F.);
#4945 = FACE_BOUND('',#4946,.F.);
#4946 = EDGE_LOOP('',(#4947,#4955,#4961,#4962));
#4947 = ORIENTED_EDGE('',*,*,#4948,.T.);
#4948 = EDGE_CURVE('',#4925,#4949,#4951,.T.);
#4949 = VERTEX_POINT('',#4950);
#4950 = CARTESIAN_POINT('',(70.5,117.5,212.));
#4951 = LINE('',#4952,#4953);
#4952 = CARTESIAN_POINT('',(73.75,114.25,212.));
#4953 = VECTOR('',#4954,1.);
#4954 = DIRECTION('',(0.707106781187,-0.707106781187,0.));
#4955 = ORIENTED_EDGE('',*,*,#4956,.T.);
#4956 = EDGE_CURVE('',#4949,#1097,#4957,.T.);
#4957 = LINE('',#4958,#4959);
#4958 = CARTESIAN_POINT('',(70.5,117.5,208.));
#4959 = VECTOR('',#4960,1.);
#4960 = DIRECTION('',(0.,0.,1.));
#4961 = ORIENTED_EDGE('',*,*,#1104,.F.);
#4962 = ORIENTED_EDGE('',*,*,#4932,.F.);
#4963 = PLANE('',#4964);
#4964 = AXIS2_PLACEMENT_3D('',#4965,#4966,#4967);
#4965 = CARTESIAN_POINT('',(70.5,117.5,208.));
#4966 = DIRECTION('',(-0.707106781187,-0.707106781187,0.));
#4967 = DIRECTION('',(-0.707106781187,0.707106781187,0.));
#4968 = ADVANCED_FACE('',(#4969),#4980,.F.);
#4969 = FACE_BOUND('',#4970,.F.);
#4970 = EDGE_LOOP('',(#4971,#4977,#4978,#4979));
#4971 = ORIENTED_EDGE('',*,*,#4972,.T.);
#4972 = EDGE_CURVE('',#4949,#4894,#4973,.T.);
#4973 = LINE('',#4974,#4975);
#4974 = CARTESIAN_POINT('',(45.,92.,212.));
#4975 = VECTOR('',#4976,1.);
#4976 = DIRECTION('',(0.707106781187,0.707106781187,-0.));
#4977 = ORIENTED_EDGE('',*,*,#4910,.T.);
#4978 = ORIENTED_EDGE('',*,*,#1096,.F.);
#4979 = ORIENTED_EDGE('',*,*,#4956,.F.);
#4980 = PLANE('',#4981);
#4981 = AXIS2_PLACEMENT_3D('',#4982,#4983,#4984);
#4982 = CARTESIAN_POINT('',(76.5,123.5,208.));
#4983 = DIRECTION('',(0.707106781187,-0.707106781187,0.));
#4984 = DIRECTION('',(-0.707106781187,-0.707106781187,0.));
#4985 = ADVANCED_FACE('',(#4986),#5005,.F.);
#4986 = FACE_BOUND('',#4987,.F.);
#4987 = EDGE_LOOP('',(#4988,#4989,#4997,#5004));
#4988 = ORIENTED_EDGE('',*,*,#1120,.F.);
#4989 = ORIENTED_EDGE('',*,*,#4990,.F.);
#4990 = EDGE_CURVE('',#4991,#1121,#4993,.T.);
#4991 = VERTEX_POINT('',#4992);
#4992 = CARTESIAN_POINT('',(53.85,142.25,212.));
#4993 = LINE('',#4994,#4995);
#4994 = CARTESIAN_POINT('',(53.85,142.25,208.));
#4995 = VECTOR('',#4996,1.);
#4996 = DIRECTION('',(0.,0.,1.));
#4997 = ORIENTED_EDGE('',*,*,#4998,.T.);
#4998 = EDGE_CURVE('',#4991,#4991,#4999,.T.);
#4999 = CIRCLE('',#5000,2.1);
#5000 = AXIS2_PLACEMENT_3D('',#5001,#5002,#5003);
#5001 = CARTESIAN_POINT('',(51.75,142.25,212.));
#5002 = DIRECTION('',(0.,0.,1.));
#5003 = DIRECTION('',(1.,0.,-0.));
#5004 = ORIENTED_EDGE('',*,*,#4990,.T.);
#5005 = CYLINDRICAL_SURFACE('',#5006,2.1);
#5006 = AXIS2_PLACEMENT_3D('',#5007,#5008,#5009);
#5007 = CARTESIAN_POINT('',(51.75,142.25,208.));
#5008 = DIRECTION('',(0.,0.,1.));
#5009 = DIRECTION('',(1.,0.,-0.));
#5010 = ADVANCED_FACE('',(#5011),#5036,.F.);
#5011 = FACE_BOUND('',#5012,.F.);
#5012 = EDGE_LOOP('',(#5013,#5023,#5029,#5030));
#5013 = ORIENTED_EDGE('',*,*,#5014,.T.);
#5014 = EDGE_CURVE('',#5015,#5017,#5019,.T.);
#5015 = VERTEX_POINT('',#5016);
#5016 = CARTESIAN_POINT('',(84.,131.,212.));
#5017 = VERTEX_POINT('',#5018);
#5018 = CARTESIAN_POINT('',(78.,137.,212.));
#5019 = LINE('',#5020,#5021);
#5020 = CARTESIAN_POINT('',(84.25,130.75,212.));
#5021 = VECTOR('',#5022,1.);
#5022 = DIRECTION('',(-0.707106781187,0.707106781187,0.));
#5023 = ORIENTED_EDGE('',*,*,#5024,.T.);
#5024 = EDGE_CURVE('',#5017,#1134,#5025,.T.);
#5025 = LINE('',#5026,#5027);
#5026 = CARTESIAN_POINT('',(78.,137.,208.));
#5027 = VECTOR('',#5028,1.);
#5028 = DIRECTION('',(0.,0.,1.));
#5029 = ORIENTED_EDGE('',*,*,#1131,.F.);
#5030 = ORIENTED_EDGE('',*,*,#5031,.F.);
#5031 = EDGE_CURVE('',#5015,#1132,#5032,.T.);
#5032 = LINE('',#5033,#5034);
#5033 = CARTESIAN_POINT('',(84.,131.,208.));
#5034 = VECTOR('',#5035,1.);
#5035 = DIRECTION('',(0.,0.,1.));
#5036 = PLANE('',#5037);
#5037 = AXIS2_PLACEMENT_3D('',#5038,#5039,#5040);
#5038 = CARTESIAN_POINT('',(78.,137.,208.));
#5039 = DIRECTION('',(0.707106781187,0.707106781187,-0.));
#5040 = DIRECTION('',(0.707106781187,-0.707106781187,0.));
#5041 = ADVANCED_FACE('',(#5042),#5060,.F.);
#5042 = FACE_BOUND('',#5043,.F.);
#5043 = EDGE_LOOP('',(#5044,#5052,#5058,#5059));
#5044 = ORIENTED_EDGE('',*,*,#5045,.T.);
#5045 = EDGE_CURVE('',#5017,#5046,#5048,.T.);
#5046 = VERTEX_POINT('',#5047);
#5047 = CARTESIAN_POINT('',(72.,131.,212.));
#5048 = LINE('',#5049,#5050);
#5049 = CARTESIAN_POINT('',(39.75,98.75,212.));
#5050 = VECTOR('',#5051,1.);
#5051 = DIRECTION('',(-0.707106781187,-0.707106781187,0.));
#5052 = ORIENTED_EDGE('',*,*,#5053,.T.);
#5053 = EDGE_CURVE('',#5046,#1150,#5054,.T.);
#5054 = LINE('',#5055,#5056);
#5055 = CARTESIAN_POINT('',(72.,131.,208.));
#5056 = VECTOR('',#5057,1.);
#5057 = DIRECTION('',(0.,0.,1.));
#5058 = ORIENTED_EDGE('',*,*,#1157,.F.);
#5059 = ORIENTED_EDGE('',*,*,#5024,.F.);
#5060 = PLANE('',#5061);
#5061 = AXIS2_PLACEMENT_3D('',#5062,#5063,#5064);
#5062 = CARTESIAN_POINT('',(72.,131.,208.));
#5063 = DIRECTION('',(-0.707106781187,0.707106781187,0.));
#5064 = DIRECTION('',(0.707106781187,0.707106781187,0.));
#5065 = ADVANCED_FACE('',(#5066),#5084,.F.);
#5066 = FACE_BOUND('',#5067,.F.);
#5067 = EDGE_LOOP('',(#5068,#5076,#5082,#5083));
#5068 = ORIENTED_EDGE('',*,*,#5069,.T.);
#5069 = EDGE_CURVE('',#5046,#5070,#5072,.T.);
#5070 = VERTEX_POINT('',#5071);
#5071 = CARTESIAN_POINT('',(78.,125.,212.));
#5072 = LINE('',#5073,#5074);
#5073 = CARTESIAN_POINT('',(81.25,121.75,212.));
#5074 = VECTOR('',#5075,1.);
#5075 = DIRECTION('',(0.707106781187,-0.707106781187,0.));
#5076 = ORIENTED_EDGE('',*,*,#5077,.T.);
#5077 = EDGE_CURVE('',#5070,#1142,#5078,.T.);
#5078 = LINE('',#5079,#5080);
#5079 = CARTESIAN_POINT('',(78.,125.,208.));
#5080 = VECTOR('',#5081,1.);
#5081 = DIRECTION('',(0.,0.,1.));
#5082 = ORIENTED_EDGE('',*,*,#1149,.F.);
#5083 = ORIENTED_EDGE('',*,*,#5053,.F.);
#5084 = PLANE('',#5085);
#5085 = AXIS2_PLACEMENT_3D('',#5086,#5087,#5088);
#5086 = CARTESIAN_POINT('',(78.,125.,208.));
#5087 = DIRECTION('',(-0.707106781187,-0.707106781187,0.));
#5088 = DIRECTION('',(-0.707106781187,0.707106781187,0.));
#5089 = ADVANCED_FACE('',(#5090),#5101,.F.);
#5090 = FACE_BOUND('',#5091,.F.);
#5091 = EDGE_LOOP('',(#5092,#5098,#5099,#5100));
#5092 = ORIENTED_EDGE('',*,*,#5093,.T.);
#5093 = EDGE_CURVE('',#5070,#5015,#5094,.T.);
#5094 = LINE('',#5095,#5096);
#5095 = CARTESIAN_POINT('',(48.75,95.75,212.));
#5096 = VECTOR('',#5097,1.);
#5097 = DIRECTION('',(0.707106781187,0.707106781187,-0.));
#5098 = ORIENTED_EDGE('',*,*,#5031,.T.);
#5099 = ORIENTED_EDGE('',*,*,#1141,.F.);
#5100 = ORIENTED_EDGE('',*,*,#5077,.F.);
#5101 = PLANE('',#5102);
#5102 = AXIS2_PLACEMENT_3D('',#5103,#5104,#5105);
#5103 = CARTESIAN_POINT('',(84.,131.,208.));
#5104 = DIRECTION('',(0.707106781187,-0.707106781187,0.));
#5105 = DIRECTION('',(-0.707106781187,-0.707106781187,0.));
#5106 = ADVANCED_FACE('',(#5107),#5132,.F.);
#5107 = FACE_BOUND('',#5108,.F.);
#5108 = EDGE_LOOP('',(#5109,#5119,#5125,#5126));
#5109 = ORIENTED_EDGE('',*,*,#5110,.T.);
#5110 = EDGE_CURVE('',#5111,#5113,#5115,.T.);
#5111 = VERTEX_POINT('',#5112);
#5112 = CARTESIAN_POINT('',(91.5,123.5,212.));
#5113 = VERTEX_POINT('',#5114);
#5114 = CARTESIAN_POINT('',(85.5,129.5,212.));
#5115 = LINE('',#5116,#5117);
#5116 = CARTESIAN_POINT('',(88.,127.,212.));
#5117 = VECTOR('',#5118,1.);
#5118 = DIRECTION('',(-0.707106781187,0.707106781187,0.));
#5119 = ORIENTED_EDGE('',*,*,#5120,.T.);
#5120 = EDGE_CURVE('',#5113,#1168,#5121,.T.);
#5121 = LINE('',#5122,#5123);
#5122 = CARTESIAN_POINT('',(85.5,129.5,208.));
#5123 = VECTOR('',#5124,1.);
#5124 = DIRECTION('',(0.,0.,1.));
#5125 = ORIENTED_EDGE('',*,*,#1165,.F.);
#5126 = ORIENTED_EDGE('',*,*,#5127,.F.);
#5127 = EDGE_CURVE('',#5111,#1166,#5128,.T.);
#5128 = LINE('',#5129,#5130);
#5129 = CARTESIAN_POINT('',(91.5,123.5,208.));
#5130 = VECTOR('',#5131,1.);
#5131 = DIRECTION('',(0.,0.,1.));
#5132 = PLANE('',#5133);
#5133 = AXIS2_PLACEMENT_3D('',#5134,#5135,#5136);
#5134 = CARTESIAN_POINT('',(85.5,129.5,208.));
#5135 = DIRECTION('',(0.707106781187,0.707106781187,-0.));
#5136 = DIRECTION('',(0.707106781187,-0.707106781187,0.));
#5137 = ADVANCED_FACE('',(#5138),#5156,.F.);
#5138 = FACE_BOUND('',#5139,.F.);
#5139 = EDGE_LOOP('',(#5140,#5148,#5154,#5155));
#5140 = ORIENTED_EDGE('',*,*,#5141,.T.);
#5141 = EDGE_CURVE('',#5113,#5142,#5144,.T.);
#5142 = VERTEX_POINT('',#5143);
#5143 = CARTESIAN_POINT('',(79.5,123.5,212.));
#5144 = LINE('',#5145,#5146);
#5145 = CARTESIAN_POINT('',(47.25,91.25,212.));
#5146 = VECTOR('',#5147,1.);
#5147 = DIRECTION('',(-0.707106781187,-0.707106781187,0.));
#5148 = ORIENTED_EDGE('',*,*,#5149,.T.);
#5149 = EDGE_CURVE('',#5142,#1184,#5150,.T.);
#5150 = LINE('',#5151,#5152);
#5151 = CARTESIAN_POINT('',(79.5,123.5,208.));
#5152 = VECTOR('',#5153,1.);
#5153 = DIRECTION('',(0.,0.,1.));
#5154 = ORIENTED_EDGE('',*,*,#1191,.F.);
#5155 = ORIENTED_EDGE('',*,*,#5120,.F.);
#5156 = PLANE('',#5157);
#5157 = AXIS2_PLACEMENT_3D('',#5158,#5159,#5160);
#5158 = CARTESIAN_POINT('',(79.5,123.5,208.));
#5159 = DIRECTION('',(-0.707106781187,0.707106781187,0.));
#5160 = DIRECTION('',(0.707106781187,0.707106781187,0.));
#5161 = ADVANCED_FACE('',(#5162),#5180,.F.);
#5162 = FACE_BOUND('',#5163,.F.);
#5163 = EDGE_LOOP('',(#5164,#5172,#5178,#5179));
#5164 = ORIENTED_EDGE('',*,*,#5165,.T.);
#5165 = EDGE_CURVE('',#5142,#5166,#5168,.T.);
#5166 = VERTEX_POINT('',#5167);
#5167 = CARTESIAN_POINT('',(85.5,117.5,212.));
#5168 = LINE('',#5169,#5170);
#5169 = CARTESIAN_POINT('',(85.,118.,212.));
#5170 = VECTOR('',#5171,1.);
#5171 = DIRECTION('',(0.707106781187,-0.707106781187,0.));
#5172 = ORIENTED_EDGE('',*,*,#5173,.T.);
#5173 = EDGE_CURVE('',#5166,#1176,#5174,.T.);
#5174 = LINE('',#5175,#5176);
#5175 = CARTESIAN_POINT('',(85.5,117.5,208.));
#5176 = VECTOR('',#5177,1.);
#5177 = DIRECTION('',(0.,0.,1.));
#5178 = ORIENTED_EDGE('',*,*,#1183,.F.);
#5179 = ORIENTED_EDGE('',*,*,#5149,.F.);
#5180 = PLANE('',#5181);
#5181 = AXIS2_PLACEMENT_3D('',#5182,#5183,#5184);
#5182 = CARTESIAN_POINT('',(85.5,117.5,208.));
#5183 = DIRECTION('',(-0.707106781187,-0.707106781187,0.));
#5184 = DIRECTION('',(-0.707106781187,0.707106781187,0.));
#5185 = ADVANCED_FACE('',(#5186),#5197,.F.);
#5186 = FACE_BOUND('',#5187,.F.);
#5187 = EDGE_LOOP('',(#5188,#5194,#5195,#5196));
#5188 = ORIENTED_EDGE('',*,*,#5189,.T.);
#5189 = EDGE_CURVE('',#5166,#5111,#5190,.T.);
#5190 = LINE('',#5191,#5192);
#5191 = CARTESIAN_POINT('',(56.25,88.25,212.));
#5192 = VECTOR('',#5193,1.);
#5193 = DIRECTION('',(0.707106781187,0.707106781187,-0.));
#5194 = ORIENTED_EDGE('',*,*,#5127,.T.);
#5195 = ORIENTED_EDGE('',*,*,#1175,.F.);
#5196 = ORIENTED_EDGE('',*,*,#5173,.F.);
#5197 = PLANE('',#5198);
#5198 = AXIS2_PLACEMENT_3D('',#5199,#5200,#5201);
#5199 = CARTESIAN_POINT('',(91.5,123.5,208.));
#5200 = DIRECTION('',(0.707106781187,-0.707106781187,0.));
#5201 = DIRECTION('',(-0.707106781187,-0.707106781187,0.));
#5202 = ADVANCED_FACE('',(#5203),#5228,.F.);
#5203 = FACE_BOUND('',#5204,.F.);
#5204 = EDGE_LOOP('',(#5205,#5215,#5221,#5222));
#5205 = ORIENTED_EDGE('',*,*,#5206,.T.);
#5206 = EDGE_CURVE('',#5207,#5209,#5211,.T.);
#5207 = VERTEX_POINT('',#5208);
#5208 = CARTESIAN_POINT('',(99.,101.,212.));
#5209 = VERTEX_POINT('',#5210);
#5210 = CARTESIAN_POINT('',(93.,107.,212.));
#5211 = LINE('',#5212,#5213);
#5212 = CARTESIAN_POINT('',(88.,112.,212.));
#5213 = VECTOR('',#5214,1.);
#5214 = DIRECTION('',(-0.707106781187,0.707106781187,0.));
#5215 = ORIENTED_EDGE('',*,*,#5216,.T.);
#5216 = EDGE_CURVE('',#5209,#1202,#5217,.T.);
#5217 = LINE('',#5218,#5219);
#5218 = CARTESIAN_POINT('',(93.,107.,208.));
#5219 = VECTOR('',#5220,1.);
#5220 = DIRECTION('',(0.,0.,1.));
#5221 = ORIENTED_EDGE('',*,*,#1199,.F.);
#5222 = ORIENTED_EDGE('',*,*,#5223,.F.);
#5223 = EDGE_CURVE('',#5207,#1200,#5224,.T.);
#5224 = LINE('',#5225,#5226);
#5225 = CARTESIAN_POINT('',(99.,101.,208.));
#5226 = VECTOR('',#5227,1.);
#5227 = DIRECTION('',(0.,0.,1.));
#5228 = PLANE('',#5229);
#5229 = AXIS2_PLACEMENT_3D('',#5230,#5231,#5232);
#5230 = CARTESIAN_POINT('',(93.,107.,208.));
#5231 = DIRECTION('',(0.707106781187,0.707106781187,-0.));
#5232 = DIRECTION('',(0.707106781187,-0.707106781187,0.));
#5233 = ADVANCED_FACE('',(#5234),#5252,.F.);
#5234 = FACE_BOUND('',#5235,.F.);
#5235 = EDGE_LOOP('',(#5236,#5244,#5250,#5251));
#5236 = ORIENTED_EDGE('',*,*,#5237,.T.);
#5237 = EDGE_CURVE('',#5209,#5238,#5240,.T.);
#5238 = VERTEX_POINT('',#5239);
#5239 = CARTESIAN_POINT('',(87.,101.,212.));
#5240 = LINE('',#5241,#5242);
#5241 = CARTESIAN_POINT('',(58.5,72.5,212.));
#5242 = VECTOR('',#5243,1.);
#5243 = DIRECTION('',(-0.707106781187,-0.707106781187,0.));
#5244 = ORIENTED_EDGE('',*,*,#5245,.T.);
#5245 = EDGE_CURVE('',#5238,#1218,#5246,.T.);
#5246 = LINE('',#5247,#5248);
#5247 = CARTESIAN_POINT('',(87.,101.,208.));
#5248 = VECTOR('',#5249,1.);
#5249 = DIRECTION('',(0.,0.,1.));
#5250 = ORIENTED_EDGE('',*,*,#1225,.F.);
#5251 = ORIENTED_EDGE('',*,*,#5216,.F.);
#5252 = PLANE('',#5253);
#5253 = AXIS2_PLACEMENT_3D('',#5254,#5255,#5256);
#5254 = CARTESIAN_POINT('',(87.,101.,208.));
#5255 = DIRECTION('',(-0.707106781187,0.707106781187,0.));
#5256 = DIRECTION('',(0.707106781187,0.707106781187,0.));
#5257 = ADVANCED_FACE('',(#5258),#5276,.F.);
#5258 = FACE_BOUND('',#5259,.F.);
#5259 = EDGE_LOOP('',(#5260,#5268,#5274,#5275));
#5260 = ORIENTED_EDGE('',*,*,#5261,.T.);
#5261 = EDGE_CURVE('',#5238,#5262,#5264,.T.);
#5262 = VERTEX_POINT('',#5263);
#5263 = CARTESIAN_POINT('',(93.,95.,212.));
#5264 = LINE('',#5265,#5266);
#5265 = CARTESIAN_POINT('',(85.,103.,212.));
#5266 = VECTOR('',#5267,1.);
#5267 = DIRECTION('',(0.707106781187,-0.707106781187,0.));
#5268 = ORIENTED_EDGE('',*,*,#5269,.T.);
#5269 = EDGE_CURVE('',#5262,#1210,#5270,.T.);
#5270 = LINE('',#5271,#5272);
#5271 = CARTESIAN_POINT('',(93.,95.,208.));
#5272 = VECTOR('',#5273,1.);
#5273 = DIRECTION('',(0.,0.,1.));
#5274 = ORIENTED_EDGE('',*,*,#1217,.F.);
#5275 = ORIENTED_EDGE('',*,*,#5245,.F.);
#5276 = PLANE('',#5277);
#5277 = AXIS2_PLACEMENT_3D('',#5278,#5279,#5280);
#5278 = CARTESIAN_POINT('',(93.,95.,208.));
#5279 = DIRECTION('',(-0.707106781187,-0.707106781187,0.));
#5280 = DIRECTION('',(-0.707106781187,0.707106781187,0.));
#5281 = ADVANCED_FACE('',(#5282),#5293,.F.);
#5282 = FACE_BOUND('',#5283,.F.);
#5283 = EDGE_LOOP('',(#5284,#5290,#5291,#5292));
#5284 = ORIENTED_EDGE('',*,*,#5285,.T.);
#5285 = EDGE_CURVE('',#5262,#5207,#5286,.T.);
#5286 = LINE('',#5287,#5288);
#5287 = CARTESIAN_POINT('',(67.5,69.5,212.));
#5288 = VECTOR('',#5289,1.);
#5289 = DIRECTION('',(0.707106781187,0.707106781187,-0.));
#5290 = ORIENTED_EDGE('',*,*,#5223,.T.);
#5291 = ORIENTED_EDGE('',*,*,#1209,.F.);
#5292 = ORIENTED_EDGE('',*,*,#5269,.F.);
#5293 = PLANE('',#5294);
#5294 = AXIS2_PLACEMENT_3D('',#5295,#5296,#5297);
#5295 = CARTESIAN_POINT('',(99.,101.,208.));
#5296 = DIRECTION('',(0.707106781187,-0.707106781187,0.));
#5297 = DIRECTION('',(-0.707106781187,-0.707106781187,0.));
#5298 = ADVANCED_FACE('',(#5299),#5324,.F.);
#5299 = FACE_BOUND('',#5300,.F.);
#5300 = EDGE_LOOP('',(#5301,#5311,#5317,#5318));
#5301 = ORIENTED_EDGE('',*,*,#5302,.T.);
#5302 = EDGE_CURVE('',#5303,#5305,#5307,.T.);
#5303 = VERTEX_POINT('',#5304);
#5304 = CARTESIAN_POINT('',(106.5,108.5,212.));
#5305 = VERTEX_POINT('',#5306);
#5306 = CARTESIAN_POINT('',(100.5,114.5,212.));
#5307 = LINE('',#5308,#5309);
#5308 = CARTESIAN_POINT('',(95.5,119.5,212.));
#5309 = VECTOR('',#5310,1.);
#5310 = DIRECTION('',(-0.707106781187,0.707106781187,0.));
#5311 = ORIENTED_EDGE('',*,*,#5312,.T.);
#5312 = EDGE_CURVE('',#5305,#1236,#5313,.T.);
#5313 = LINE('',#5314,#5315);
#5314 = CARTESIAN_POINT('',(100.5,114.5,208.));
#5315 = VECTOR('',#5316,1.);
#5316 = DIRECTION('',(0.,0.,1.));
#5317 = ORIENTED_EDGE('',*,*,#1233,.F.);
#5318 = ORIENTED_EDGE('',*,*,#5319,.F.);
#5319 = EDGE_CURVE('',#5303,#1234,#5320,.T.);
#5320 = LINE('',#5321,#5322);
#5321 = CARTESIAN_POINT('',(106.5,108.5,208.));
#5322 = VECTOR('',#5323,1.);
#5323 = DIRECTION('',(0.,0.,1.));
#5324 = PLANE('',#5325);
#5325 = AXIS2_PLACEMENT_3D('',#5326,#5327,#5328);
#5326 = CARTESIAN_POINT('',(100.5,114.5,208.));
#5327 = DIRECTION('',(0.707106781187,0.707106781187,-0.));
#5328 = DIRECTION('',(0.707106781187,-0.707106781187,0.));
#5329 = ADVANCED_FACE('',(#5330),#5348,.F.);
#5330 = FACE_BOUND('',#5331,.F.);
#5331 = EDGE_LOOP('',(#5332,#5340,#5346,#5347));
#5332 = ORIENTED_EDGE('',*,*,#5333,.T.);
#5333 = EDGE_CURVE('',#5305,#5334,#5336,.T.);
#5334 = VERTEX_POINT('',#5335);
#5335 = CARTESIAN_POINT('',(94.5,108.5,212.));
#5336 = LINE('',#5337,#5338);
#5337 = CARTESIAN_POINT('',(62.25,76.25,212.));
#5338 = VECTOR('',#5339,1.);
#5339 = DIRECTION('',(-0.707106781187,-0.707106781187,0.));
#5340 = ORIENTED_EDGE('',*,*,#5341,.T.);
#5341 = EDGE_CURVE('',#5334,#1252,#5342,.T.);
#5342 = LINE('',#5343,#5344);
#5343 = CARTESIAN_POINT('',(94.5,108.5,208.));
#5344 = VECTOR('',#5345,1.);
#5345 = DIRECTION('',(0.,0.,1.));
#5346 = ORIENTED_EDGE('',*,*,#1259,.F.);
#5347 = ORIENTED_EDGE('',*,*,#5312,.F.);
#5348 = PLANE('',#5349);
#5349 = AXIS2_PLACEMENT_3D('',#5350,#5351,#5352);
#5350 = CARTESIAN_POINT('',(94.5,108.5,208.));
#5351 = DIRECTION('',(-0.707106781187,0.707106781187,0.));
#5352 = DIRECTION('',(0.707106781187,0.707106781187,0.));
#5353 = ADVANCED_FACE('',(#5354),#5372,.F.);
#5354 = FACE_BOUND('',#5355,.F.);
#5355 = EDGE_LOOP('',(#5356,#5364,#5370,#5371));
#5356 = ORIENTED_EDGE('',*,*,#5357,.T.);
#5357 = EDGE_CURVE('',#5334,#5358,#5360,.T.);
#5358 = VERTEX_POINT('',#5359);
#5359 = CARTESIAN_POINT('',(100.5,102.5,212.));
#5360 = LINE('',#5361,#5362);
#5361 = CARTESIAN_POINT('',(92.5,110.5,212.));
#5362 = VECTOR('',#5363,1.);
#5363 = DIRECTION('',(0.707106781187,-0.707106781187,0.));
#5364 = ORIENTED_EDGE('',*,*,#5365,.T.);
#5365 = EDGE_CURVE('',#5358,#1244,#5366,.T.);
#5366 = LINE('',#5367,#5368);
#5367 = CARTESIAN_POINT('',(100.5,102.5,208.));
#5368 = VECTOR('',#5369,1.);
#5369 = DIRECTION('',(0.,0.,1.));
#5370 = ORIENTED_EDGE('',*,*,#1251,.F.);
#5371 = ORIENTED_EDGE('',*,*,#5341,.F.);
#5372 = PLANE('',#5373);
#5373 = AXIS2_PLACEMENT_3D('',#5374,#5375,#5376);
#5374 = CARTESIAN_POINT('',(100.5,102.5,208.));
#5375 = DIRECTION('',(-0.707106781187,-0.707106781187,0.));
#5376 = DIRECTION('',(-0.707106781187,0.707106781187,0.));
#5377 = ADVANCED_FACE('',(#5378),#5389,.F.);
#5378 = FACE_BOUND('',#5379,.F.);
#5379 = EDGE_LOOP('',(#5380,#5386,#5387,#5388));
#5380 = ORIENTED_EDGE('',*,*,#5381,.T.);
#5381 = EDGE_CURVE('',#5358,#5303,#5382,.T.);
#5382 = LINE('',#5383,#5384);
#5383 = CARTESIAN_POINT('',(71.25,73.25,212.));
#5384 = VECTOR('',#5385,1.);
#5385 = DIRECTION('',(0.707106781187,0.707106781187,-0.));
#5386 = ORIENTED_EDGE('',*,*,#5319,.T.);
#5387 = ORIENTED_EDGE('',*,*,#1243,.F.);
#5388 = ORIENTED_EDGE('',*,*,#5365,.F.);
#5389 = PLANE('',#5390);
#5390 = AXIS2_PLACEMENT_3D('',#5391,#5392,#5393);
#5391 = CARTESIAN_POINT('',(106.5,108.5,208.));
#5392 = DIRECTION('',(0.707106781187,-0.707106781187,0.));
#5393 = DIRECTION('',(-0.707106781187,-0.707106781187,0.));
#5394 = ADVANCED_FACE('',(#5395),#5420,.F.);
#5395 = FACE_BOUND('',#5396,.F.);
#5396 = EDGE_LOOP('',(#5397,#5407,#5413,#5414));
#5397 = ORIENTED_EDGE('',*,*,#5398,.T.);
#5398 = EDGE_CURVE('',#5399,#5401,#5403,.T.);
#5399 = VERTEX_POINT('',#5400);
#5400 = CARTESIAN_POINT('',(114.,101.,212.));
#5401 = VERTEX_POINT('',#5402);
#5402 = CARTESIAN_POINT('',(108.,107.,212.));
#5403 = LINE('',#5404,#5405);
#5404 = CARTESIAN_POINT('',(99.25,115.75,212.));
#5405 = VECTOR('',#5406,1.);
#5406 = DIRECTION('',(-0.707106781187,0.707106781187,0.));
#5407 = ORIENTED_EDGE('',*,*,#5408,.T.);
#5408 = EDGE_CURVE('',#5401,#1270,#5409,.T.);
#5409 = LINE('',#5410,#5411);
#5410 = CARTESIAN_POINT('',(108.,107.,208.));
#5411 = VECTOR('',#5412,1.);
#5412 = DIRECTION('',(0.,0.,1.));
#5413 = ORIENTED_EDGE('',*,*,#1267,.F.);
#5414 = ORIENTED_EDGE('',*,*,#5415,.F.);
#5415 = EDGE_CURVE('',#5399,#1268,#5416,.T.);
#5416 = LINE('',#5417,#5418);
#5417 = CARTESIAN_POINT('',(114.,101.,208.));
#5418 = VECTOR('',#5419,1.);
#5419 = DIRECTION('',(0.,0.,1.));
#5420 = PLANE('',#5421);
#5421 = AXIS2_PLACEMENT_3D('',#5422,#5423,#5424);
#5422 = CARTESIAN_POINT('',(108.,107.,208.));
#5423 = DIRECTION('',(0.707106781187,0.707106781187,-0.));
#5424 = DIRECTION('',(0.707106781187,-0.707106781187,0.));
#5425 = ADVANCED_FACE('',(#5426),#5444,.F.);
#5426 = FACE_BOUND('',#5427,.F.);
#5427 = EDGE_LOOP('',(#5428,#5436,#5442,#5443));
#5428 = ORIENTED_EDGE('',*,*,#5429,.T.);
#5429 = EDGE_CURVE('',#5401,#5430,#5432,.T.);
#5430 = VERTEX_POINT('',#5431);
#5431 = CARTESIAN_POINT('',(102.,101.,212.));
#5432 = LINE('',#5433,#5434);
#5433 = CARTESIAN_POINT('',(69.75,68.75,212.));
#5434 = VECTOR('',#5435,1.);
#5435 = DIRECTION('',(-0.707106781187,-0.707106781187,0.));
#5436 = ORIENTED_EDGE('',*,*,#5437,.T.);
#5437 = EDGE_CURVE('',#5430,#1286,#5438,.T.);
#5438 = LINE('',#5439,#5440);
#5439 = CARTESIAN_POINT('',(102.,101.,208.));
#5440 = VECTOR('',#5441,1.);
#5441 = DIRECTION('',(0.,0.,1.));
#5442 = ORIENTED_EDGE('',*,*,#1293,.F.);
#5443 = ORIENTED_EDGE('',*,*,#5408,.F.);
#5444 = PLANE('',#5445);
#5445 = AXIS2_PLACEMENT_3D('',#5446,#5447,#5448);
#5446 = CARTESIAN_POINT('',(102.,101.,208.));
#5447 = DIRECTION('',(-0.707106781187,0.707106781187,0.));
#5448 = DIRECTION('',(0.707106781187,0.707106781187,0.));
#5449 = ADVANCED_FACE('',(#5450),#5468,.F.);
#5450 = FACE_BOUND('',#5451,.F.);
#5451 = EDGE_LOOP('',(#5452,#5460,#5466,#5467));
#5452 = ORIENTED_EDGE('',*,*,#5453,.T.);
#5453 = EDGE_CURVE('',#5430,#5454,#5456,.T.);
#5454 = VERTEX_POINT('',#5455);
#5455 = CARTESIAN_POINT('',(108.,95.,212.));
#5456 = LINE('',#5457,#5458);
#5457 = CARTESIAN_POINT('',(96.25,106.75,212.));
#5458 = VECTOR('',#5459,1.);
#5459 = DIRECTION('',(0.707106781187,-0.707106781187,0.));
#5460 = ORIENTED_EDGE('',*,*,#5461,.T.);
#5461 = EDGE_CURVE('',#5454,#1278,#5462,.T.);
#5462 = LINE('',#5463,#5464);
#5463 = CARTESIAN_POINT('',(108.,95.,208.));
#5464 = VECTOR('',#5465,1.);
#5465 = DIRECTION('',(0.,0.,1.));
#5466 = ORIENTED_EDGE('',*,*,#1285,.F.);
#5467 = ORIENTED_EDGE('',*,*,#5437,.F.);
#5468 = PLANE('',#5469);
#5469 = AXIS2_PLACEMENT_3D('',#5470,#5471,#5472);
#5470 = CARTESIAN_POINT('',(108.,95.,208.));
#5471 = DIRECTION('',(-0.707106781187,-0.707106781187,0.));
#5472 = DIRECTION('',(-0.707106781187,0.707106781187,0.));
#5473 = ADVANCED_FACE('',(#5474),#5485,.F.);
#5474 = FACE_BOUND('',#5475,.F.);
#5475 = EDGE_LOOP('',(#5476,#5482,#5483,#5484));
#5476 = ORIENTED_EDGE('',*,*,#5477,.T.);
#5477 = EDGE_CURVE('',#5454,#5399,#5478,.T.);
#5478 = LINE('',#5479,#5480);
#5479 = CARTESIAN_POINT('',(78.75,65.75,212.));
#5480 = VECTOR('',#5481,1.);
#5481 = DIRECTION('',(0.707106781187,0.707106781187,-0.));
#5482 = ORIENTED_EDGE('',*,*,#5415,.T.);
#5483 = ORIENTED_EDGE('',*,*,#1277,.F.);
#5484 = ORIENTED_EDGE('',*,*,#5461,.F.);
#5485 = PLANE('',#5486);
#5486 = AXIS2_PLACEMENT_3D('',#5487,#5488,#5489);
#5487 = CARTESIAN_POINT('',(114.,101.,208.));
#5488 = DIRECTION('',(0.707106781187,-0.707106781187,0.));
#5489 = DIRECTION('',(-0.707106781187,-0.707106781187,0.));
#5490 = ADVANCED_FACE('',(#5491),#5516,.F.);
#5491 = FACE_BOUND('',#5492,.F.);
#5492 = EDGE_LOOP('',(#5493,#5503,#5509,#5510));
#5493 = ORIENTED_EDGE('',*,*,#5494,.T.);
#5494 = EDGE_CURVE('',#5495,#5497,#5499,.T.);
#5495 = VERTEX_POINT('',#5496);
#5496 = CARTESIAN_POINT('',(99.,116.,212.));
#5497 = VERTEX_POINT('',#5498);
#5498 = CARTESIAN_POINT('',(93.,122.,212.));
#5499 = LINE('',#5500,#5501);
#5500 = CARTESIAN_POINT('',(91.75,123.25,212.));
#5501 = VECTOR('',#5502,1.);
#5502 = DIRECTION('',(-0.707106781187,0.707106781187,0.));
#5503 = ORIENTED_EDGE('',*,*,#5504,.T.);
#5504 = EDGE_CURVE('',#5497,#1304,#5505,.T.);
#5505 = LINE('',#5506,#5507);
#5506 = CARTESIAN_POINT('',(93.,122.,208.));
#5507 = VECTOR('',#5508,1.);
#5508 = DIRECTION('',(0.,0.,1.));
#5509 = ORIENTED_EDGE('',*,*,#1301,.F.);
#5510 = ORIENTED_EDGE('',*,*,#5511,.F.);
#5511 = EDGE_CURVE('',#5495,#1302,#5512,.T.);
#5512 = LINE('',#5513,#5514);
#5513 = CARTESIAN_POINT('',(99.,116.,208.));
#5514 = VECTOR('',#5515,1.);
#5515 = DIRECTION('',(0.,0.,1.));
#5516 = PLANE('',#5517);
#5517 = AXIS2_PLACEMENT_3D('',#5518,#5519,#5520);
#5518 = CARTESIAN_POINT('',(93.,122.,208.));
#5519 = DIRECTION('',(0.707106781187,0.707106781187,-0.));
#5520 = DIRECTION('',(0.707106781187,-0.707106781187,0.));
#5521 = ADVANCED_FACE('',(#5522),#5540,.F.);
#5522 = FACE_BOUND('',#5523,.F.);
#5523 = EDGE_LOOP('',(#5524,#5532,#5538,#5539));
#5524 = ORIENTED_EDGE('',*,*,#5525,.T.);
#5525 = EDGE_CURVE('',#5497,#5526,#5528,.T.);
#5526 = VERTEX_POINT('',#5527);
#5527 = CARTESIAN_POINT('',(87.,116.,212.));
#5528 = LINE('',#5529,#5530);
#5529 = CARTESIAN_POINT('',(54.75,83.75,212.));
#5530 = VECTOR('',#5531,1.);
#5531 = DIRECTION('',(-0.707106781187,-0.707106781187,0.));
#5532 = ORIENTED_EDGE('',*,*,#5533,.T.);
#5533 = EDGE_CURVE('',#5526,#1320,#5534,.T.);
#5534 = LINE('',#5535,#5536);
#5535 = CARTESIAN_POINT('',(87.,116.,208.));
#5536 = VECTOR('',#5537,1.);
#5537 = DIRECTION('',(0.,0.,1.));
#5538 = ORIENTED_EDGE('',*,*,#1327,.F.);
#5539 = ORIENTED_EDGE('',*,*,#5504,.F.);
#5540 = PLANE('',#5541);
#5541 = AXIS2_PLACEMENT_3D('',#5542,#5543,#5544);
#5542 = CARTESIAN_POINT('',(87.,116.,208.));
#5543 = DIRECTION('',(-0.707106781187,0.707106781187,0.));
#5544 = DIRECTION('',(0.707106781187,0.707106781187,0.));
#5545 = ADVANCED_FACE('',(#5546),#5564,.F.);
#5546 = FACE_BOUND('',#5547,.F.);
#5547 = EDGE_LOOP('',(#5548,#5556,#5562,#5563));
#5548 = ORIENTED_EDGE('',*,*,#5549,.T.);
#5549 = EDGE_CURVE('',#5526,#5550,#5552,.T.);
#5550 = VERTEX_POINT('',#5551);
#5551 = CARTESIAN_POINT('',(93.,110.,212.));
#5552 = LINE('',#5553,#5554);
#5553 = CARTESIAN_POINT('',(88.75,114.25,212.));
#5554 = VECTOR('',#5555,1.);
#5555 = DIRECTION('',(0.707106781187,-0.707106781187,0.));
#5556 = ORIENTED_EDGE('',*,*,#5557,.T.);
#5557 = EDGE_CURVE('',#5550,#1312,#5558,.T.);
#5558 = LINE('',#5559,#5560);
#5559 = CARTESIAN_POINT('',(93.,110.,208.));
#5560 = VECTOR('',#5561,1.);
#5561 = DIRECTION('',(0.,0.,1.));
#5562 = ORIENTED_EDGE('',*,*,#1319,.F.);
#5563 = ORIENTED_EDGE('',*,*,#5533,.F.);
#5564 = PLANE('',#5565);
#5565 = AXIS2_PLACEMENT_3D('',#5566,#5567,#5568);
#5566 = CARTESIAN_POINT('',(93.,110.,208.));
#5567 = DIRECTION('',(-0.707106781187,-0.707106781187,0.));
#5568 = DIRECTION('',(-0.707106781187,0.707106781187,0.));
#5569 = ADVANCED_FACE('',(#5570),#5581,.F.);
#5570 = FACE_BOUND('',#5571,.F.);
#5571 = EDGE_LOOP('',(#5572,#5578,#5579,#5580));
#5572 = ORIENTED_EDGE('',*,*,#5573,.T.);
#5573 = EDGE_CURVE('',#5550,#5495,#5574,.T.);
#5574 = LINE('',#5575,#5576);
#5575 = CARTESIAN_POINT('',(63.75,80.75,212.));
#5576 = VECTOR('',#5577,1.);
#5577 = DIRECTION('',(0.707106781187,0.707106781187,-0.));
#5578 = ORIENTED_EDGE('',*,*,#5511,.T.);
#5579 = ORIENTED_EDGE('',*,*,#1311,.F.);
#5580 = ORIENTED_EDGE('',*,*,#5557,.F.);
#5581 = PLANE('',#5582);
#5582 = AXIS2_PLACEMENT_3D('',#5583,#5584,#5585);
#5583 = CARTESIAN_POINT('',(99.,116.,208.));
#5584 = DIRECTION('',(0.707106781187,-0.707106781187,0.));
#5585 = DIRECTION('',(-0.707106781187,-0.707106781187,0.));
#5586 = ADVANCED_FACE('',(#5587),#5612,.F.);
#5587 = FACE_BOUND('',#5588,.F.);
#5588 = EDGE_LOOP('',(#5589,#5599,#5605,#5606));
#5589 = ORIENTED_EDGE('',*,*,#5590,.T.);
#5590 = EDGE_CURVE('',#5591,#5593,#5595,.T.);
#5591 = VERTEX_POINT('',#5592);
#5592 = CARTESIAN_POINT('',(114.,116.,212.));
#5593 = VERTEX_POINT('',#5594);
#5594 = CARTESIAN_POINT('',(108.,122.,212.));
#5595 = LINE('',#5596,#5597);
#5596 = CARTESIAN_POINT('',(103.,127.,212.));
#5597 = VECTOR('',#5598,1.);
#5598 = DIRECTION('',(-0.707106781187,0.707106781187,0.));
#5599 = ORIENTED_EDGE('',*,*,#5600,.T.);
#5600 = EDGE_CURVE('',#5593,#1338,#5601,.T.);
#5601 = LINE('',#5602,#5603);
#5602 = CARTESIAN_POINT('',(108.,122.,208.));
#5603 = VECTOR('',#5604,1.);
#5604 = DIRECTION('',(0.,0.,1.));
#5605 = ORIENTED_EDGE('',*,*,#1335,.F.);
#5606 = ORIENTED_EDGE('',*,*,#5607,.F.);
#5607 = EDGE_CURVE('',#5591,#1336,#5608,.T.);
#5608 = LINE('',#5609,#5610);
#5609 = CARTESIAN_POINT('',(114.,116.,208.));
#5610 = VECTOR('',#5611,1.);
#5611 = DIRECTION('',(0.,0.,1.));
#5612 = PLANE('',#5613);
#5613 = AXIS2_PLACEMENT_3D('',#5614,#5615,#5616);
#5614 = CARTESIAN_POINT('',(108.,122.,208.));
#5615 = DIRECTION('',(0.707106781187,0.707106781187,-0.));
#5616 = DIRECTION('',(0.707106781187,-0.707106781187,0.));
#5617 = ADVANCED_FACE('',(#5618),#5636,.F.);
#5618 = FACE_BOUND('',#5619,.F.);
#5619 = EDGE_LOOP('',(#5620,#5628,#5634,#5635));
#5620 = ORIENTED_EDGE('',*,*,#5621,.T.);
#5621 = EDGE_CURVE('',#5593,#5622,#5624,.T.);
#5622 = VERTEX_POINT('',#5623);
#5623 = CARTESIAN_POINT('',(102.,116.,212.));
#5624 = LINE('',#5625,#5626);
#5625 = CARTESIAN_POINT('',(66.,80.,212.));
#5626 = VECTOR('',#5627,1.);
#5627 = DIRECTION('',(-0.707106781187,-0.707106781187,0.));
#5628 = ORIENTED_EDGE('',*,*,#5629,.T.);
#5629 = EDGE_CURVE('',#5622,#1354,#5630,.T.);
#5630 = LINE('',#5631,#5632);
#5631 = CARTESIAN_POINT('',(102.,116.,208.));
#5632 = VECTOR('',#5633,1.);
#5633 = DIRECTION('',(0.,0.,1.));
#5634 = ORIENTED_EDGE('',*,*,#1361,.F.);
#5635 = ORIENTED_EDGE('',*,*,#5600,.F.);
#5636 = PLANE('',#5637);
#5637 = AXIS2_PLACEMENT_3D('',#5638,#5639,#5640);
#5638 = CARTESIAN_POINT('',(102.,116.,208.));
#5639 = DIRECTION('',(-0.707106781187,0.707106781187,0.));
#5640 = DIRECTION('',(0.707106781187,0.707106781187,0.));
#5641 = ADVANCED_FACE('',(#5642),#5660,.F.);
#5642 = FACE_BOUND('',#5643,.F.);
#5643 = EDGE_LOOP('',(#5644,#5652,#5658,#5659));
#5644 = ORIENTED_EDGE('',*,*,#5645,.T.);
#5645 = EDGE_CURVE('',#5622,#5646,#5648,.T.);
#5646 = VERTEX_POINT('',#5647);
#5647 = CARTESIAN_POINT('',(108.,110.,212.));
#5648 = LINE('',#5649,#5650);
#5649 = CARTESIAN_POINT('',(100.,118.,212.));
#5650 = VECTOR('',#5651,1.);
#5651 = DIRECTION('',(0.707106781187,-0.707106781187,0.));
#5652 = ORIENTED_EDGE('',*,*,#5653,.T.);
#5653 = EDGE_CURVE('',#5646,#1346,#5654,.T.);
#5654 = LINE('',#5655,#5656);
#5655 = CARTESIAN_POINT('',(108.,110.,208.));
#5656 = VECTOR('',#5657,1.);
#5657 = DIRECTION('',(0.,0.,1.));
#5658 = ORIENTED_EDGE('',*,*,#1353,.F.);
#5659 = ORIENTED_EDGE('',*,*,#5629,.F.);
#5660 = PLANE('',#5661);
#5661 = AXIS2_PLACEMENT_3D('',#5662,#5663,#5664);
#5662 = CARTESIAN_POINT('',(108.,110.,208.));
#5663 = DIRECTION('',(-0.707106781187,-0.707106781187,0.));
#5664 = DIRECTION('',(-0.707106781187,0.707106781187,0.));
#5665 = ADVANCED_FACE('',(#5666),#5677,.F.);
#5666 = FACE_BOUND('',#5667,.F.);
#5667 = EDGE_LOOP('',(#5668,#5674,#5675,#5676));
#5668 = ORIENTED_EDGE('',*,*,#5669,.T.);
#5669 = EDGE_CURVE('',#5646,#5591,#5670,.T.);
#5670 = LINE('',#5671,#5672);
#5671 = CARTESIAN_POINT('',(75.,77.,212.));
#5672 = VECTOR('',#5673,1.);
#5673 = DIRECTION('',(0.707106781187,0.707106781187,-0.));
#5674 = ORIENTED_EDGE('',*,*,#5607,.T.);
#5675 = ORIENTED_EDGE('',*,*,#1345,.F.);
#5676 = ORIENTED_EDGE('',*,*,#5653,.F.);
#5677 = PLANE('',#5678);
#5678 = AXIS2_PLACEMENT_3D('',#5679,#5680,#5681);
#5679 = CARTESIAN_POINT('',(114.,116.,208.));
#5680 = DIRECTION('',(0.707106781187,-0.707106781187,0.));
#5681 = DIRECTION('',(-0.707106781187,-0.707106781187,0.));
#5682 = ADVANCED_FACE('',(#5683),#5708,.F.);
#5683 = FACE_BOUND('',#5684,.F.);
#5684 = EDGE_LOOP('',(#5685,#5695,#5701,#5702));
#5685 = ORIENTED_EDGE('',*,*,#5686,.T.);
#5686 = EDGE_CURVE('',#5687,#5689,#5691,.T.);
#5687 = VERTEX_POINT('',#5688);
#5688 = CARTESIAN_POINT('',(129.,101.,212.));
#5689 = VERTEX_POINT('',#5690);
#5690 = CARTESIAN_POINT('',(123.,107.,212.));
#5691 = LINE('',#5692,#5693);
#5692 = CARTESIAN_POINT('',(110.5,119.5,212.));
#5693 = VECTOR('',#5694,1.);
#5694 = DIRECTION('',(-0.707106781187,0.707106781187,0.));
#5695 = ORIENTED_EDGE('',*,*,#5696,.T.);
#5696 = EDGE_CURVE('',#5689,#1372,#5697,.T.);
#5697 = LINE('',#5698,#5699);
#5698 = CARTESIAN_POINT('',(123.,107.,208.));
#5699 = VECTOR('',#5700,1.);
#5700 = DIRECTION('',(0.,0.,1.));
#5701 = ORIENTED_EDGE('',*,*,#1369,.F.);
#5702 = ORIENTED_EDGE('',*,*,#5703,.F.);
#5703 = EDGE_CURVE('',#5687,#1370,#5704,.T.);
#5704 = LINE('',#5705,#5706);
#5705 = CARTESIAN_POINT('',(129.,101.,208.));
#5706 = VECTOR('',#5707,1.);
#5707 = DIRECTION('',(0.,0.,1.));
#5708 = PLANE('',#5709);
#5709 = AXIS2_PLACEMENT_3D('',#5710,#5711,#5712);
#5710 = CARTESIAN_POINT('',(123.,107.,208.));
#5711 = DIRECTION('',(0.707106781187,0.707106781187,-0.));
#5712 = DIRECTION('',(0.707106781187,-0.707106781187,0.));
#5713 = ADVANCED_FACE('',(#5714),#5732,.F.);
#5714 = FACE_BOUND('',#5715,.F.);
#5715 = EDGE_LOOP('',(#5716,#5724,#5730,#5731));
#5716 = ORIENTED_EDGE('',*,*,#5717,.T.);
#5717 = EDGE_CURVE('',#5689,#5718,#5720,.T.);
#5718 = VERTEX_POINT('',#5719);
#5719 = CARTESIAN_POINT('',(117.,101.,212.));
#5720 = LINE('',#5721,#5722);
#5721 = CARTESIAN_POINT('',(81.,65.,212.));
#5722 = VECTOR('',#5723,1.);
#5723 = DIRECTION('',(-0.707106781187,-0.707106781187,0.));
#5724 = ORIENTED_EDGE('',*,*,#5725,.T.);
#5725 = EDGE_CURVE('',#5718,#1388,#5726,.T.);
#5726 = LINE('',#5727,#5728);
#5727 = CARTESIAN_POINT('',(117.,101.,208.));
#5728 = VECTOR('',#5729,1.);
#5729 = DIRECTION('',(0.,0.,1.));
#5730 = ORIENTED_EDGE('',*,*,#1395,.F.);
#5731 = ORIENTED_EDGE('',*,*,#5696,.F.);
#5732 = PLANE('',#5733);
#5733 = AXIS2_PLACEMENT_3D('',#5734,#5735,#5736);
#5734 = CARTESIAN_POINT('',(117.,101.,208.));
#5735 = DIRECTION('',(-0.707106781187,0.707106781187,0.));
#5736 = DIRECTION('',(0.707106781187,0.707106781187,0.));
#5737 = ADVANCED_FACE('',(#5738),#5756,.F.);
#5738 = FACE_BOUND('',#5739,.F.);
#5739 = EDGE_LOOP('',(#5740,#5748,#5754,#5755));
#5740 = ORIENTED_EDGE('',*,*,#5741,.T.);
#5741 = EDGE_CURVE('',#5718,#5742,#5744,.T.);
#5742 = VERTEX_POINT('',#5743);
#5743 = CARTESIAN_POINT('',(123.,95.,212.));
#5744 = LINE('',#5745,#5746);
#5745 = CARTESIAN_POINT('',(107.5,110.5,212.));
#5746 = VECTOR('',#5747,1.);
#5747 = DIRECTION('',(0.707106781187,-0.707106781187,0.));
#5748 = ORIENTED_EDGE('',*,*,#5749,.T.);
#5749 = EDGE_CURVE('',#5742,#1380,#5750,.T.);
#5750 = LINE('',#5751,#5752);
#5751 = CARTESIAN_POINT('',(123.,95.,208.));
#5752 = VECTOR('',#5753,1.);
#5753 = DIRECTION('',(0.,0.,1.));
#5754 = ORIENTED_EDGE('',*,*,#1387,.F.);
#5755 = ORIENTED_EDGE('',*,*,#5725,.F.);
#5756 = PLANE('',#5757);
#5757 = AXIS2_PLACEMENT_3D('',#5758,#5759,#5760);
#5758 = CARTESIAN_POINT('',(123.,95.,208.));
#5759 = DIRECTION('',(-0.707106781187,-0.707106781187,0.));
#5760 = DIRECTION('',(-0.707106781187,0.707106781187,0.));
#5761 = ADVANCED_FACE('',(#5762),#5773,.F.);
#5762 = FACE_BOUND('',#5763,.F.);
#5763 = EDGE_LOOP('',(#5764,#5770,#5771,#5772));
#5764 = ORIENTED_EDGE('',*,*,#5765,.T.);
#5765 = EDGE_CURVE('',#5742,#5687,#5766,.T.);
#5766 = LINE('',#5767,#5768);
#5767 = CARTESIAN_POINT('',(90.,62.,212.));
#5768 = VECTOR('',#5769,1.);
#5769 = DIRECTION('',(0.707106781187,0.707106781187,-0.));
#5770 = ORIENTED_EDGE('',*,*,#5703,.T.);
#5771 = ORIENTED_EDGE('',*,*,#1379,.F.);
#5772 = ORIENTED_EDGE('',*,*,#5749,.F.);
#5773 = PLANE('',#5774);
#5774 = AXIS2_PLACEMENT_3D('',#5775,#5776,#5777);
#5775 = CARTESIAN_POINT('',(129.,101.,208.));
#5776 = DIRECTION('',(0.707106781187,-0.707106781187,0.));
#5777 = DIRECTION('',(-0.707106781187,-0.707106781187,0.));
#5778 = ADVANCED_FACE('',(#5779),#5804,.F.);
#5779 = FACE_BOUND('',#5780,.F.);
#5780 = EDGE_LOOP('',(#5781,#5791,#5797,#5798));
#5781 = ORIENTED_EDGE('',*,*,#5782,.T.);
#5782 = EDGE_CURVE('',#5783,#5785,#5787,.T.);
#5783 = VERTEX_POINT('',#5784);
#5784 = CARTESIAN_POINT('',(121.5,108.5,212.));
#5785 = VERTEX_POINT('',#5786);
#5786 = CARTESIAN_POINT('',(115.5,114.5,212.));
#5787 = LINE('',#5788,#5789);
#5788 = CARTESIAN_POINT('',(106.75,123.25,212.));
#5789 = VECTOR('',#5790,1.);
#5790 = DIRECTION('',(-0.707106781187,0.707106781187,0.));
#5791 = ORIENTED_EDGE('',*,*,#5792,.T.);
#5792 = EDGE_CURVE('',#5785,#1406,#5793,.T.);
#5793 = LINE('',#5794,#5795);
#5794 = CARTESIAN_POINT('',(115.5,114.5,208.));
#5795 = VECTOR('',#5796,1.);
#5796 = DIRECTION('',(0.,0.,1.));
#5797 = ORIENTED_EDGE('',*,*,#1403,.F.);
#5798 = ORIENTED_EDGE('',*,*,#5799,.F.);
#5799 = EDGE_CURVE('',#5783,#1404,#5800,.T.);
#5800 = LINE('',#5801,#5802);
#5801 = CARTESIAN_POINT('',(121.5,108.5,208.));
#5802 = VECTOR('',#5803,1.);
#5803 = DIRECTION('',(0.,0.,1.));
#5804 = PLANE('',#5805);
#5805 = AXIS2_PLACEMENT_3D('',#5806,#5807,#5808);
#5806 = CARTESIAN_POINT('',(115.5,114.5,208.));
#5807 = DIRECTION('',(0.707106781187,0.707106781187,-0.));
#5808 = DIRECTION('',(0.707106781187,-0.707106781187,0.));
#5809 = ADVANCED_FACE('',(#5810),#5828,.F.);
#5810 = FACE_BOUND('',#5811,.F.);
#5811 = EDGE_LOOP('',(#5812,#5820,#5826,#5827));
#5812 = ORIENTED_EDGE('',*,*,#5813,.T.);
#5813 = EDGE_CURVE('',#5785,#5814,#5816,.T.);
#5814 = VERTEX_POINT('',#5815);
#5815 = CARTESIAN_POINT('',(109.5,108.5,212.));
#5816 = LINE('',#5817,#5818);
#5817 = CARTESIAN_POINT('',(73.5,72.5,212.));
#5818 = VECTOR('',#5819,1.);
#5819 = DIRECTION('',(-0.707106781187,-0.707106781187,0.));
#5820 = ORIENTED_EDGE('',*,*,#5821,.T.);
#5821 = EDGE_CURVE('',#5814,#1422,#5822,.T.);
#5822 = LINE('',#5823,#5824);
#5823 = CARTESIAN_POINT('',(109.5,108.5,208.));
#5824 = VECTOR('',#5825,1.);
#5825 = DIRECTION('',(0.,0.,1.));
#5826 = ORIENTED_EDGE('',*,*,#1429,.F.);
#5827 = ORIENTED_EDGE('',*,*,#5792,.F.);
#5828 = PLANE('',#5829);
#5829 = AXIS2_PLACEMENT_3D('',#5830,#5831,#5832);
#5830 = CARTESIAN_POINT('',(109.5,108.5,208.));
#5831 = DIRECTION('',(-0.707106781187,0.707106781187,0.));
#5832 = DIRECTION('',(0.707106781187,0.707106781187,0.));
#5833 = ADVANCED_FACE('',(#5834),#5852,.F.);
#5834 = FACE_BOUND('',#5835,.F.);
#5835 = EDGE_LOOP('',(#5836,#5844,#5850,#5851));
#5836 = ORIENTED_EDGE('',*,*,#5837,.T.);
#5837 = EDGE_CURVE('',#5814,#5838,#5840,.T.);
#5838 = VERTEX_POINT('',#5839);
#5839 = CARTESIAN_POINT('',(115.5,102.5,212.));
#5840 = LINE('',#5841,#5842);
#5841 = CARTESIAN_POINT('',(103.75,114.25,212.));
#5842 = VECTOR('',#5843,1.);
#5843 = DIRECTION('',(0.707106781187,-0.707106781187,0.));
#5844 = ORIENTED_EDGE('',*,*,#5845,.T.);
#5845 = EDGE_CURVE('',#5838,#1414,#5846,.T.);
#5846 = LINE('',#5847,#5848);
#5847 = CARTESIAN_POINT('',(115.5,102.5,208.));
#5848 = VECTOR('',#5849,1.);
#5849 = DIRECTION('',(0.,0.,1.));
#5850 = ORIENTED_EDGE('',*,*,#1421,.F.);
#5851 = ORIENTED_EDGE('',*,*,#5821,.F.);
#5852 = PLANE('',#5853);
#5853 = AXIS2_PLACEMENT_3D('',#5854,#5855,#5856);
#5854 = CARTESIAN_POINT('',(115.5,102.5,208.));
#5855 = DIRECTION('',(-0.707106781187,-0.707106781187,0.));
#5856 = DIRECTION('',(-0.707106781187,0.707106781187,0.));
#5857 = ADVANCED_FACE('',(#5858),#5869,.F.);
#5858 = FACE_BOUND('',#5859,.F.);
#5859 = EDGE_LOOP('',(#5860,#5866,#5867,#5868));
#5860 = ORIENTED_EDGE('',*,*,#5861,.T.);
#5861 = EDGE_CURVE('',#5838,#5783,#5862,.T.);
#5862 = LINE('',#5863,#5864);
#5863 = CARTESIAN_POINT('',(82.5,69.5,212.));
#5864 = VECTOR('',#5865,1.);
#5865 = DIRECTION('',(0.707106781187,0.707106781187,-0.));
#5866 = ORIENTED_EDGE('',*,*,#5799,.T.);
#5867 = ORIENTED_EDGE('',*,*,#1413,.F.);
#5868 = ORIENTED_EDGE('',*,*,#5845,.F.);
#5869 = PLANE('',#5870);
#5870 = AXIS2_PLACEMENT_3D('',#5871,#5872,#5873);
#5871 = CARTESIAN_POINT('',(121.5,108.5,208.));
#5872 = DIRECTION('',(0.707106781187,-0.707106781187,0.));
#5873 = DIRECTION('',(-0.707106781187,-0.707106781187,0.));
#5874 = ADVANCED_FACE('',(#5875),#5900,.F.);
#5875 = FACE_BOUND('',#5876,.F.);
#5876 = EDGE_LOOP('',(#5877,#5887,#5893,#5894));
#5877 = ORIENTED_EDGE('',*,*,#5878,.T.);
#5878 = EDGE_CURVE('',#5879,#5881,#5883,.T.);
#5879 = VERTEX_POINT('',#5880);
#5880 = CARTESIAN_POINT('',(129.,116.,212.));
#5881 = VERTEX_POINT('',#5882);
#5882 = CARTESIAN_POINT('',(123.,122.,212.));
#5883 = LINE('',#5884,#5885);
#5884 = CARTESIAN_POINT('',(114.25,130.75,212.));
#5885 = VECTOR('',#5886,1.);
#5886 = DIRECTION('',(-0.707106781187,0.707106781187,0.));
#5887 = ORIENTED_EDGE('',*,*,#5888,.T.);
#5888 = EDGE_CURVE('',#5881,#1440,#5889,.T.);
#5889 = LINE('',#5890,#5891);
#5890 = CARTESIAN_POINT('',(123.,122.,208.));
#5891 = VECTOR('',#5892,1.);
#5892 = DIRECTION('',(0.,0.,1.));
#5893 = ORIENTED_EDGE('',*,*,#1437,.F.);
#5894 = ORIENTED_EDGE('',*,*,#5895,.F.);
#5895 = EDGE_CURVE('',#5879,#1438,#5896,.T.);
#5896 = LINE('',#5897,#5898);
#5897 = CARTESIAN_POINT('',(129.,116.,208.));
#5898 = VECTOR('',#5899,1.);
#5899 = DIRECTION('',(0.,0.,1.));
#5900 = PLANE('',#5901);
#5901 = AXIS2_PLACEMENT_3D('',#5902,#5903,#5904);
#5902 = CARTESIAN_POINT('',(123.,122.,208.));
#5903 = DIRECTION('',(0.707106781187,0.707106781187,-0.));
#5904 = DIRECTION('',(0.707106781187,-0.707106781187,0.));
#5905 = ADVANCED_FACE('',(#5906),#5924,.F.);
#5906 = FACE_BOUND('',#5907,.F.);
#5907 = EDGE_LOOP('',(#5908,#5916,#5922,#5923));
#5908 = ORIENTED_EDGE('',*,*,#5909,.T.);
#5909 = EDGE_CURVE('',#5881,#5910,#5912,.T.);
#5910 = VERTEX_POINT('',#5911);
#5911 = CARTESIAN_POINT('',(117.,116.,212.));
#5912 = LINE('',#5913,#5914);
#5913 = CARTESIAN_POINT('',(77.25,76.25,212.));
#5914 = VECTOR('',#5915,1.);
#5915 = DIRECTION('',(-0.707106781187,-0.707106781187,0.));
#5916 = ORIENTED_EDGE('',*,*,#5917,.T.);
#5917 = EDGE_CURVE('',#5910,#1456,#5918,.T.);
#5918 = LINE('',#5919,#5920);
#5919 = CARTESIAN_POINT('',(117.,116.,208.));
#5920 = VECTOR('',#5921,1.);
#5921 = DIRECTION('',(0.,0.,1.));
#5922 = ORIENTED_EDGE('',*,*,#1463,.F.);
#5923 = ORIENTED_EDGE('',*,*,#5888,.F.);
#5924 = PLANE('',#5925);
#5925 = AXIS2_PLACEMENT_3D('',#5926,#5927,#5928);
#5926 = CARTESIAN_POINT('',(117.,116.,208.));
#5927 = DIRECTION('',(-0.707106781187,0.707106781187,0.));
#5928 = DIRECTION('',(0.707106781187,0.707106781187,0.));
#5929 = ADVANCED_FACE('',(#5930),#5948,.F.);
#5930 = FACE_BOUND('',#5931,.F.);
#5931 = EDGE_LOOP('',(#5932,#5940,#5946,#5947));
#5932 = ORIENTED_EDGE('',*,*,#5933,.T.);
#5933 = EDGE_CURVE('',#5910,#5934,#5936,.T.);
#5934 = VERTEX_POINT('',#5935);
#5935 = CARTESIAN_POINT('',(123.,110.,212.));
#5936 = LINE('',#5937,#5938);
#5937 = CARTESIAN_POINT('',(111.25,121.75,212.));
#5938 = VECTOR('',#5939,1.);
#5939 = DIRECTION('',(0.707106781187,-0.707106781187,0.));
#5940 = ORIENTED_EDGE('',*,*,#5941,.T.);
#5941 = EDGE_CURVE('',#5934,#1448,#5942,.T.);
#5942 = LINE('',#5943,#5944);
#5943 = CARTESIAN_POINT('',(123.,110.,208.));
#5944 = VECTOR('',#5945,1.);
#5945 = DIRECTION('',(0.,0.,1.));
#5946 = ORIENTED_EDGE('',*,*,#1455,.F.);
#5947 = ORIENTED_EDGE('',*,*,#5917,.F.);
#5948 = PLANE('',#5949);
#5949 = AXIS2_PLACEMENT_3D('',#5950,#5951,#5952);
#5950 = CARTESIAN_POINT('',(123.,110.,208.));
#5951 = DIRECTION('',(-0.707106781187,-0.707106781187,0.));
#5952 = DIRECTION('',(-0.707106781187,0.707106781187,0.));
#5953 = ADVANCED_FACE('',(#5954),#5965,.F.);
#5954 = FACE_BOUND('',#5955,.F.);
#5955 = EDGE_LOOP('',(#5956,#5962,#5963,#5964));
#5956 = ORIENTED_EDGE('',*,*,#5957,.T.);
#5957 = EDGE_CURVE('',#5934,#5879,#5958,.T.);
#5958 = LINE('',#5959,#5960);
#5959 = CARTESIAN_POINT('',(86.25,73.25,212.));
#5960 = VECTOR('',#5961,1.);
#5961 = DIRECTION('',(0.707106781187,0.707106781187,-0.));
#5962 = ORIENTED_EDGE('',*,*,#5895,.T.);
#5963 = ORIENTED_EDGE('',*,*,#1447,.F.);
#5964 = ORIENTED_EDGE('',*,*,#5941,.F.);
#5965 = PLANE('',#5966);
#5966 = AXIS2_PLACEMENT_3D('',#5967,#5968,#5969);
#5967 = CARTESIAN_POINT('',(129.,116.,208.));
#5968 = DIRECTION('',(0.707106781187,-0.707106781187,0.));
#5969 = DIRECTION('',(-0.707106781187,-0.707106781187,0.));
#5970 = ADVANCED_FACE('',(#5971),#5996,.F.);
#5971 = FACE_BOUND('',#5972,.F.);
#5972 = EDGE_LOOP('',(#5973,#5983,#5989,#5990));
#5973 = ORIENTED_EDGE('',*,*,#5974,.T.);
#5974 = EDGE_CURVE('',#5975,#5977,#5979,.T.);
#5975 = VERTEX_POINT('',#5976);
#5976 = CARTESIAN_POINT('',(106.5,123.5,212.));
#5977 = VERTEX_POINT('',#5978);
#5978 = CARTESIAN_POINT('',(100.5,129.5,212.));
#5979 = LINE('',#5980,#5981);
#5980 = CARTESIAN_POINT('',(99.25,130.75,212.));
#5981 = VECTOR('',#5982,1.);
#5982 = DIRECTION('',(-0.707106781187,0.707106781187,0.));
#5983 = ORIENTED_EDGE('',*,*,#5984,.T.);
#5984 = EDGE_CURVE('',#5977,#1474,#5985,.T.);
#5985 = LINE('',#5986,#5987);
#5986 = CARTESIAN_POINT('',(100.5,129.5,208.));
#5987 = VECTOR('',#5988,1.);
#5988 = DIRECTION('',(0.,0.,1.));
#5989 = ORIENTED_EDGE('',*,*,#1471,.F.);
#5990 = ORIENTED_EDGE('',*,*,#5991,.F.);
#5991 = EDGE_CURVE('',#5975,#1472,#5992,.T.);
#5992 = LINE('',#5993,#5994);
#5993 = CARTESIAN_POINT('',(106.5,123.5,208.));
#5994 = VECTOR('',#5995,1.);
#5995 = DIRECTION('',(0.,0.,1.));
#5996 = PLANE('',#5997);
#5997 = AXIS2_PLACEMENT_3D('',#5998,#5999,#6000);
#5998 = CARTESIAN_POINT('',(100.5,129.5,208.));
#5999 = DIRECTION('',(0.707106781187,0.707106781187,-0.));
#6000 = DIRECTION('',(0.707106781187,-0.707106781187,0.));
#6001 = ADVANCED_FACE('',(#6002),#6020,.F.);
#6002 = FACE_BOUND('',#6003,.F.);
#6003 = EDGE_LOOP('',(#6004,#6012,#6018,#6019));
#6004 = ORIENTED_EDGE('',*,*,#6005,.T.);
#6005 = EDGE_CURVE('',#5977,#6006,#6008,.T.);
#6006 = VERTEX_POINT('',#6007);
#6007 = CARTESIAN_POINT('',(94.5,123.5,212.));
#6008 = LINE('',#6009,#6010);
#6009 = CARTESIAN_POINT('',(58.5,87.5,212.));
#6010 = VECTOR('',#6011,1.);
#6011 = DIRECTION('',(-0.707106781187,-0.707106781187,0.));
#6012 = ORIENTED_EDGE('',*,*,#6013,.T.);
#6013 = EDGE_CURVE('',#6006,#1490,#6014,.T.);
#6014 = LINE('',#6015,#6016);
#6015 = CARTESIAN_POINT('',(94.5,123.5,208.));
#6016 = VECTOR('',#6017,1.);
#6017 = DIRECTION('',(0.,0.,1.));
#6018 = ORIENTED_EDGE('',*,*,#1497,.F.);
#6019 = ORIENTED_EDGE('',*,*,#5984,.F.);
#6020 = PLANE('',#6021);
#6021 = AXIS2_PLACEMENT_3D('',#6022,#6023,#6024);
#6022 = CARTESIAN_POINT('',(94.5,123.5,208.));
#6023 = DIRECTION('',(-0.707106781187,0.707106781187,0.));
#6024 = DIRECTION('',(0.707106781187,0.707106781187,0.));
#6025 = ADVANCED_FACE('',(#6026),#6044,.F.);
#6026 = FACE_BOUND('',#6027,.F.);
#6027 = EDGE_LOOP('',(#6028,#6036,#6042,#6043));
#6028 = ORIENTED_EDGE('',*,*,#6029,.T.);
#6029 = EDGE_CURVE('',#6006,#6030,#6032,.T.);
#6030 = VERTEX_POINT('',#6031);
#6031 = CARTESIAN_POINT('',(100.5,117.5,212.));
#6032 = LINE('',#6033,#6034);
#6033 = CARTESIAN_POINT('',(96.25,121.75,212.));
#6034 = VECTOR('',#6035,1.);
#6035 = DIRECTION('',(0.707106781187,-0.707106781187,0.));
#6036 = ORIENTED_EDGE('',*,*,#6037,.T.);
#6037 = EDGE_CURVE('',#6030,#1482,#6038,.T.);
#6038 = LINE('',#6039,#6040);
#6039 = CARTESIAN_POINT('',(100.5,117.5,208.));
#6040 = VECTOR('',#6041,1.);
#6041 = DIRECTION('',(0.,0.,1.));
#6042 = ORIENTED_EDGE('',*,*,#1489,.F.);
#6043 = ORIENTED_EDGE('',*,*,#6013,.F.);
#6044 = PLANE('',#6045);
#6045 = AXIS2_PLACEMENT_3D('',#6046,#6047,#6048);
#6046 = CARTESIAN_POINT('',(100.5,117.5,208.));
#6047 = DIRECTION('',(-0.707106781187,-0.707106781187,0.));
#6048 = DIRECTION('',(-0.707106781187,0.707106781187,0.));
#6049 = ADVANCED_FACE('',(#6050),#6061,.F.);
#6050 = FACE_BOUND('',#6051,.F.);
#6051 = EDGE_LOOP('',(#6052,#6058,#6059,#6060));
#6052 = ORIENTED_EDGE('',*,*,#6053,.T.);
#6053 = EDGE_CURVE('',#6030,#5975,#6054,.T.);
#6054 = LINE('',#6055,#6056);
#6055 = CARTESIAN_POINT('',(67.5,84.5,212.));
#6056 = VECTOR('',#6057,1.);
#6057 = DIRECTION('',(0.707106781187,0.707106781187,-0.));
#6058 = ORIENTED_EDGE('',*,*,#5991,.T.);
#6059 = ORIENTED_EDGE('',*,*,#1481,.F.);
#6060 = ORIENTED_EDGE('',*,*,#6037,.F.);
#6061 = PLANE('',#6062);
#6062 = AXIS2_PLACEMENT_3D('',#6063,#6064,#6065);
#6063 = CARTESIAN_POINT('',(106.5,123.5,208.));
#6064 = DIRECTION('',(0.707106781187,-0.707106781187,0.));
#6065 = DIRECTION('',(-0.707106781187,-0.707106781187,0.));
#6066 = ADVANCED_FACE('',(#6067),#6092,.F.);
#6067 = FACE_BOUND('',#6068,.F.);
#6068 = EDGE_LOOP('',(#6069,#6079,#6085,#6086));
#6069 = ORIENTED_EDGE('',*,*,#6070,.T.);
#6070 = EDGE_CURVE('',#6071,#6073,#6075,.T.);
#6071 = VERTEX_POINT('',#6072);
#6072 = CARTESIAN_POINT('',(99.,131.,212.));
#6073 = VERTEX_POINT('',#6074);
#6074 = CARTESIAN_POINT('',(93.,137.,212.));
#6075 = LINE('',#6076,#6077);
#6076 = CARTESIAN_POINT('',(95.5,134.5,212.));
#6077 = VECTOR('',#6078,1.);
#6078 = DIRECTION('',(-0.707106781187,0.707106781187,0.));
#6079 = ORIENTED_EDGE('',*,*,#6080,.T.);
#6080 = EDGE_CURVE('',#6073,#1508,#6081,.T.);
#6081 = LINE('',#6082,#6083);
#6082 = CARTESIAN_POINT('',(93.,137.,208.));
#6083 = VECTOR('',#6084,1.);
#6084 = DIRECTION('',(0.,0.,1.));
#6085 = ORIENTED_EDGE('',*,*,#1505,.F.);
#6086 = ORIENTED_EDGE('',*,*,#6087,.F.);
#6087 = EDGE_CURVE('',#6071,#1506,#6088,.T.);
#6088 = LINE('',#6089,#6090);
#6089 = CARTESIAN_POINT('',(99.,131.,208.));
#6090 = VECTOR('',#6091,1.);
#6091 = DIRECTION('',(0.,0.,1.));
#6092 = PLANE('',#6093);
#6093 = AXIS2_PLACEMENT_3D('',#6094,#6095,#6096);
#6094 = CARTESIAN_POINT('',(93.,137.,208.));
#6095 = DIRECTION('',(0.707106781187,0.707106781187,-0.));
#6096 = DIRECTION('',(0.707106781187,-0.707106781187,0.));
#6097 = ADVANCED_FACE('',(#6098),#6116,.F.);
#6098 = FACE_BOUND('',#6099,.F.);
#6099 = EDGE_LOOP('',(#6100,#6108,#6114,#6115));
#6100 = ORIENTED_EDGE('',*,*,#6101,.T.);
#6101 = EDGE_CURVE('',#6073,#6102,#6104,.T.);
#6102 = VERTEX_POINT('',#6103);
#6103 = CARTESIAN_POINT('',(87.,131.,212.));
#6104 = LINE('',#6105,#6106);
#6105 = CARTESIAN_POINT('',(51.,95.,212.));
#6106 = VECTOR('',#6107,1.);
#6107 = DIRECTION('',(-0.707106781187,-0.707106781187,0.));
#6108 = ORIENTED_EDGE('',*,*,#6109,.T.);
#6109 = EDGE_CURVE('',#6102,#1524,#6110,.T.);
#6110 = LINE('',#6111,#6112);
#6111 = CARTESIAN_POINT('',(87.,131.,208.));
#6112 = VECTOR('',#6113,1.);
#6113 = DIRECTION('',(0.,0.,1.));
#6114 = ORIENTED_EDGE('',*,*,#1531,.F.);
#6115 = ORIENTED_EDGE('',*,*,#6080,.F.);
#6116 = PLANE('',#6117);
#6117 = AXIS2_PLACEMENT_3D('',#6118,#6119,#6120);
#6118 = CARTESIAN_POINT('',(87.,131.,208.));
#6119 = DIRECTION('',(-0.707106781187,0.707106781187,0.));
#6120 = DIRECTION('',(0.707106781187,0.707106781187,0.));
#6121 = ADVANCED_FACE('',(#6122),#6140,.F.);
#6122 = FACE_BOUND('',#6123,.F.);
#6123 = EDGE_LOOP('',(#6124,#6132,#6138,#6139));
#6124 = ORIENTED_EDGE('',*,*,#6125,.T.);
#6125 = EDGE_CURVE('',#6102,#6126,#6128,.T.);
#6126 = VERTEX_POINT('',#6127);
#6127 = CARTESIAN_POINT('',(93.,125.,212.));
#6128 = LINE('',#6129,#6130);
#6129 = CARTESIAN_POINT('',(92.5,125.5,212.));
#6130 = VECTOR('',#6131,1.);
#6131 = DIRECTION('',(0.707106781187,-0.707106781187,0.));
#6132 = ORIENTED_EDGE('',*,*,#6133,.T.);
#6133 = EDGE_CURVE('',#6126,#1516,#6134,.T.);
#6134 = LINE('',#6135,#6136);
#6135 = CARTESIAN_POINT('',(93.,125.,208.));
#6136 = VECTOR('',#6137,1.);
#6137 = DIRECTION('',(0.,0.,1.));
#6138 = ORIENTED_EDGE('',*,*,#1523,.F.);
#6139 = ORIENTED_EDGE('',*,*,#6109,.F.);
#6140 = PLANE('',#6141);
#6141 = AXIS2_PLACEMENT_3D('',#6142,#6143,#6144);
#6142 = CARTESIAN_POINT('',(93.,125.,208.));
#6143 = DIRECTION('',(-0.707106781187,-0.707106781187,0.));
#6144 = DIRECTION('',(-0.707106781187,0.707106781187,0.));
#6145 = ADVANCED_FACE('',(#6146),#6157,.F.);
#6146 = FACE_BOUND('',#6147,.F.);
#6147 = EDGE_LOOP('',(#6148,#6154,#6155,#6156));
#6148 = ORIENTED_EDGE('',*,*,#6149,.T.);
#6149 = EDGE_CURVE('',#6126,#6071,#6150,.T.);
#6150 = LINE('',#6151,#6152);
#6151 = CARTESIAN_POINT('',(60.,92.,212.));
#6152 = VECTOR('',#6153,1.);
#6153 = DIRECTION('',(0.707106781187,0.707106781187,-0.));
#6154 = ORIENTED_EDGE('',*,*,#6087,.T.);
#6155 = ORIENTED_EDGE('',*,*,#1515,.F.);
#6156 = ORIENTED_EDGE('',*,*,#6133,.F.);
#6157 = PLANE('',#6158);
#6158 = AXIS2_PLACEMENT_3D('',#6159,#6160,#6161);
#6159 = CARTESIAN_POINT('',(99.,131.,208.));
#6160 = DIRECTION('',(0.707106781187,-0.707106781187,0.));
#6161 = DIRECTION('',(-0.707106781187,-0.707106781187,0.));
#6162 = ADVANCED_FACE('',(#6163),#6188,.F.);
#6163 = FACE_BOUND('',#6164,.F.);
#6164 = EDGE_LOOP('',(#6165,#6175,#6181,#6182));
#6165 = ORIENTED_EDGE('',*,*,#6166,.T.);
#6166 = EDGE_CURVE('',#6167,#6169,#6171,.T.);
#6167 = VERTEX_POINT('',#6168);
#6168 = CARTESIAN_POINT('',(114.,131.,212.));
#6169 = VERTEX_POINT('',#6170);
#6170 = CARTESIAN_POINT('',(108.,137.,212.));
#6171 = LINE('',#6172,#6173);
#6172 = CARTESIAN_POINT('',(106.75,138.25,212.));
#6173 = VECTOR('',#6174,1.);
#6174 = DIRECTION('',(-0.707106781187,0.707106781187,0.));
#6175 = ORIENTED_EDGE('',*,*,#6176,.T.);
#6176 = EDGE_CURVE('',#6169,#1542,#6177,.T.);
#6177 = LINE('',#6178,#6179);
#6178 = CARTESIAN_POINT('',(108.,137.,208.));
#6179 = VECTOR('',#6180,1.);
#6180 = DIRECTION('',(0.,0.,1.));
#6181 = ORIENTED_EDGE('',*,*,#1539,.F.);
#6182 = ORIENTED_EDGE('',*,*,#6183,.F.);
#6183 = EDGE_CURVE('',#6167,#1540,#6184,.T.);
#6184 = LINE('',#6185,#6186);
#6185 = CARTESIAN_POINT('',(114.,131.,208.));
#6186 = VECTOR('',#6187,1.);
#6187 = DIRECTION('',(0.,0.,1.));
#6188 = PLANE('',#6189);
#6189 = AXIS2_PLACEMENT_3D('',#6190,#6191,#6192);
#6190 = CARTESIAN_POINT('',(108.,137.,208.));
#6191 = DIRECTION('',(0.707106781187,0.707106781187,-0.));
#6192 = DIRECTION('',(0.707106781187,-0.707106781187,0.));
#6193 = ADVANCED_FACE('',(#6194),#6212,.F.);
#6194 = FACE_BOUND('',#6195,.F.);
#6195 = EDGE_LOOP('',(#6196,#6204,#6210,#6211));
#6196 = ORIENTED_EDGE('',*,*,#6197,.T.);
#6197 = EDGE_CURVE('',#6169,#6198,#6200,.T.);
#6198 = VERTEX_POINT('',#6199);
#6199 = CARTESIAN_POINT('',(102.,131.,212.));
#6200 = LINE('',#6201,#6202);
#6201 = CARTESIAN_POINT('',(62.25,91.25,212.));
#6202 = VECTOR('',#6203,1.);
#6203 = DIRECTION('',(-0.707106781187,-0.707106781187,0.));
#6204 = ORIENTED_EDGE('',*,*,#6205,.T.);
#6205 = EDGE_CURVE('',#6198,#1558,#6206,.T.);
#6206 = LINE('',#6207,#6208);
#6207 = CARTESIAN_POINT('',(102.,131.,208.));
#6208 = VECTOR('',#6209,1.);
#6209 = DIRECTION('',(0.,0.,1.));
#6210 = ORIENTED_EDGE('',*,*,#1565,.F.);
#6211 = ORIENTED_EDGE('',*,*,#6176,.F.);
#6212 = PLANE('',#6213);
#6213 = AXIS2_PLACEMENT_3D('',#6214,#6215,#6216);
#6214 = CARTESIAN_POINT('',(102.,131.,208.));
#6215 = DIRECTION('',(-0.707106781187,0.707106781187,0.));
#6216 = DIRECTION('',(0.707106781187,0.707106781187,0.));
#6217 = ADVANCED_FACE('',(#6218),#6236,.F.);
#6218 = FACE_BOUND('',#6219,.F.);
#6219 = EDGE_LOOP('',(#6220,#6228,#6234,#6235));
#6220 = ORIENTED_EDGE('',*,*,#6221,.T.);
#6221 = EDGE_CURVE('',#6198,#6222,#6224,.T.);
#6222 = VERTEX_POINT('',#6223);
#6223 = CARTESIAN_POINT('',(108.,125.,212.));
#6224 = LINE('',#6225,#6226);
#6225 = CARTESIAN_POINT('',(103.75,129.25,212.));
#6226 = VECTOR('',#6227,1.);
#6227 = DIRECTION('',(0.707106781187,-0.707106781187,0.));
#6228 = ORIENTED_EDGE('',*,*,#6229,.T.);
#6229 = EDGE_CURVE('',#6222,#1550,#6230,.T.);
#6230 = LINE('',#6231,#6232);
#6231 = CARTESIAN_POINT('',(108.,125.,208.));
#6232 = VECTOR('',#6233,1.);
#6233 = DIRECTION('',(0.,0.,1.));
#6234 = ORIENTED_EDGE('',*,*,#1557,.F.);
#6235 = ORIENTED_EDGE('',*,*,#6205,.F.);
#6236 = PLANE('',#6237);
#6237 = AXIS2_PLACEMENT_3D('',#6238,#6239,#6240);
#6238 = CARTESIAN_POINT('',(108.,125.,208.));
#6239 = DIRECTION('',(-0.707106781187,-0.707106781187,0.));
#6240 = DIRECTION('',(-0.707106781187,0.707106781187,0.));
#6241 = ADVANCED_FACE('',(#6242),#6253,.F.);
#6242 = FACE_BOUND('',#6243,.F.);
#6243 = EDGE_LOOP('',(#6244,#6250,#6251,#6252));
#6244 = ORIENTED_EDGE('',*,*,#6245,.T.);
#6245 = EDGE_CURVE('',#6222,#6167,#6246,.T.);
#6246 = LINE('',#6247,#6248);
#6247 = CARTESIAN_POINT('',(71.25,88.25,212.));
#6248 = VECTOR('',#6249,1.);
#6249 = DIRECTION('',(0.707106781187,0.707106781187,-0.));
#6250 = ORIENTED_EDGE('',*,*,#6183,.T.);
#6251 = ORIENTED_EDGE('',*,*,#1549,.F.);
#6252 = ORIENTED_EDGE('',*,*,#6229,.F.);
#6253 = PLANE('',#6254);
#6254 = AXIS2_PLACEMENT_3D('',#6255,#6256,#6257);
#6255 = CARTESIAN_POINT('',(114.,131.,208.));
#6256 = DIRECTION('',(0.707106781187,-0.707106781187,0.));
#6257 = DIRECTION('',(-0.707106781187,-0.707106781187,0.));
#6258 = ADVANCED_FACE('',(#6259),#6284,.F.);
#6259 = FACE_BOUND('',#6260,.F.);
#6260 = EDGE_LOOP('',(#6261,#6271,#6277,#6278));
#6261 = ORIENTED_EDGE('',*,*,#6262,.T.);
#6262 = EDGE_CURVE('',#6263,#6265,#6267,.T.);
#6263 = VERTEX_POINT('',#6264);
#6264 = CARTESIAN_POINT('',(121.5,123.5,212.));
#6265 = VERTEX_POINT('',#6266);
#6266 = CARTESIAN_POINT('',(115.5,129.5,212.));
#6267 = LINE('',#6268,#6269);
#6268 = CARTESIAN_POINT('',(110.5,134.5,212.));
#6269 = VECTOR('',#6270,1.);
#6270 = DIRECTION('',(-0.707106781187,0.707106781187,0.));
#6271 = ORIENTED_EDGE('',*,*,#6272,.T.);
#6272 = EDGE_CURVE('',#6265,#1576,#6273,.T.);
#6273 = LINE('',#6274,#6275);
#6274 = CARTESIAN_POINT('',(115.5,129.5,208.));
#6275 = VECTOR('',#6276,1.);
#6276 = DIRECTION('',(0.,0.,1.));
#6277 = ORIENTED_EDGE('',*,*,#1573,.F.);
#6278 = ORIENTED_EDGE('',*,*,#6279,.F.);
#6279 = EDGE_CURVE('',#6263,#1574,#6280,.T.);
#6280 = LINE('',#6281,#6282);
#6281 = CARTESIAN_POINT('',(121.5,123.5,208.));
#6282 = VECTOR('',#6283,1.);
#6283 = DIRECTION('',(0.,0.,1.));
#6284 = PLANE('',#6285);
#6285 = AXIS2_PLACEMENT_3D('',#6286,#6287,#6288);
#6286 = CARTESIAN_POINT('',(115.5,129.5,208.));
#6287 = DIRECTION('',(0.707106781187,0.707106781187,-0.));
#6288 = DIRECTION('',(0.707106781187,-0.707106781187,0.));
#6289 = ADVANCED_FACE('',(#6290),#6308,.F.);
#6290 = FACE_BOUND('',#6291,.F.);
#6291 = EDGE_LOOP('',(#6292,#6300,#6306,#6307));
#6292 = ORIENTED_EDGE('',*,*,#6293,.T.);
#6293 = EDGE_CURVE('',#6265,#6294,#6296,.T.);
#6294 = VERTEX_POINT('',#6295);
#6295 = CARTESIAN_POINT('',(109.5,123.5,212.));
#6296 = LINE('',#6297,#6298);
#6297 = CARTESIAN_POINT('',(69.75,83.75,212.));
#6298 = VECTOR('',#6299,1.);
#6299 = DIRECTION('',(-0.707106781187,-0.707106781187,0.));
#6300 = ORIENTED_EDGE('',*,*,#6301,.T.);
#6301 = EDGE_CURVE('',#6294,#1592,#6302,.T.);
#6302 = LINE('',#6303,#6304);
#6303 = CARTESIAN_POINT('',(109.5,123.5,208.));
#6304 = VECTOR('',#6305,1.);
#6305 = DIRECTION('',(0.,0.,1.));
#6306 = ORIENTED_EDGE('',*,*,#1599,.F.);
#6307 = ORIENTED_EDGE('',*,*,#6272,.F.);
#6308 = PLANE('',#6309);
#6309 = AXIS2_PLACEMENT_3D('',#6310,#6311,#6312);
#6310 = CARTESIAN_POINT('',(109.5,123.5,208.));
#6311 = DIRECTION('',(-0.707106781187,0.707106781187,0.));
#6312 = DIRECTION('',(0.707106781187,0.707106781187,0.));
#6313 = ADVANCED_FACE('',(#6314),#6332,.F.);
#6314 = FACE_BOUND('',#6315,.F.);
#6315 = EDGE_LOOP('',(#6316,#6324,#6330,#6331));
#6316 = ORIENTED_EDGE('',*,*,#6317,.T.);
#6317 = EDGE_CURVE('',#6294,#6318,#6320,.T.);
#6318 = VERTEX_POINT('',#6319);
#6319 = CARTESIAN_POINT('',(115.5,117.5,212.));
#6320 = LINE('',#6321,#6322);
#6321 = CARTESIAN_POINT('',(107.5,125.5,212.));
#6322 = VECTOR('',#6323,1.);
#6323 = DIRECTION('',(0.707106781187,-0.707106781187,0.));
#6324 = ORIENTED_EDGE('',*,*,#6325,.T.);
#6325 = EDGE_CURVE('',#6318,#1584,#6326,.T.);
#6326 = LINE('',#6327,#6328);
#6327 = CARTESIAN_POINT('',(115.5,117.5,208.));
#6328 = VECTOR('',#6329,1.);
#6329 = DIRECTION('',(0.,0.,1.));
#6330 = ORIENTED_EDGE('',*,*,#1591,.F.);
#6331 = ORIENTED_EDGE('',*,*,#6301,.F.);
#6332 = PLANE('',#6333);
#6333 = AXIS2_PLACEMENT_3D('',#6334,#6335,#6336);
#6334 = CARTESIAN_POINT('',(115.5,117.5,208.));
#6335 = DIRECTION('',(-0.707106781187,-0.707106781187,0.));
#6336 = DIRECTION('',(-0.707106781187,0.707106781187,0.));
#6337 = ADVANCED_FACE('',(#6338),#6349,.F.);
#6338 = FACE_BOUND('',#6339,.F.);
#6339 = EDGE_LOOP('',(#6340,#6346,#6347,#6348));
#6340 = ORIENTED_EDGE('',*,*,#6341,.T.);
#6341 = EDGE_CURVE('',#6318,#6263,#6342,.T.);
#6342 = LINE('',#6343,#6344);
#6343 = CARTESIAN_POINT('',(78.75,80.75,212.));
#6344 = VECTOR('',#6345,1.);
#6345 = DIRECTION('',(0.707106781187,0.707106781187,-0.));
#6346 = ORIENTED_EDGE('',*,*,#6279,.T.);
#6347 = ORIENTED_EDGE('',*,*,#1583,.F.);
#6348 = ORIENTED_EDGE('',*,*,#6325,.F.);
#6349 = PLANE('',#6350);
#6350 = AXIS2_PLACEMENT_3D('',#6351,#6352,#6353);
#6351 = CARTESIAN_POINT('',(121.5,123.5,208.));
#6352 = DIRECTION('',(0.707106781187,-0.707106781187,0.));
#6353 = DIRECTION('',(-0.707106781187,-0.707106781187,0.));
#6354 = ADVANCED_FACE('',(#6355),#6374,.F.);
#6355 = FACE_BOUND('',#6356,.F.);
#6356 = EDGE_LOOP('',(#6357,#6358,#6366,#6373));
#6357 = ORIENTED_EDGE('',*,*,#1607,.F.);
#6358 = ORIENTED_EDGE('',*,*,#6359,.F.);
#6359 = EDGE_CURVE('',#6360,#1608,#6362,.T.);
#6360 = VERTEX_POINT('',#6361);
#6361 = CARTESIAN_POINT('',(136.35,142.25,212.));
#6362 = LINE('',#6363,#6364);
#6363 = CARTESIAN_POINT('',(136.35,142.25,208.));
#6364 = VECTOR('',#6365,1.);
#6365 = DIRECTION('',(0.,0.,1.));
#6366 = ORIENTED_EDGE('',*,*,#6367,.T.);
#6367 = EDGE_CURVE('',#6360,#6360,#6368,.T.);
#6368 = CIRCLE('',#6369,2.1);
#6369 = AXIS2_PLACEMENT_3D('',#6370,#6371,#6372);
#6370 = CARTESIAN_POINT('',(134.25,142.25,212.));
#6371 = DIRECTION('',(0.,0.,1.));
#6372 = DIRECTION('',(1.,0.,-0.));
#6373 = ORIENTED_EDGE('',*,*,#6359,.T.);
#6374 = CYLINDRICAL_SURFACE('',#6375,2.1);
#6375 = AXIS2_PLACEMENT_3D('',#6376,#6377,#6378);
#6376 = CARTESIAN_POINT('',(134.25,142.25,208.));
#6377 = DIRECTION('',(0.,0.,1.));
#6378 = DIRECTION('',(1.,0.,-0.));
#6379 = ADVANCED_FACE('',(#6380),#6398,.T.);
#6380 = FACE_BOUND('',#6381,.T.);
#6381 = EDGE_LOOP('',(#6382,#6390,#6391,#6392));
#6382 = ORIENTED_EDGE('',*,*,#6383,.F.);
#6383 = EDGE_CURVE('',#1707,#6384,#6386,.T.);
#6384 = VERTEX_POINT('',#6385);
#6385 = CARTESIAN_POINT('',(2.1,151.5,133.5));
#6386 = LINE('',#6387,#6388);
#6387 = CARTESIAN_POINT('',(0.,151.5,133.5));
#6388 = VECTOR('',#6389,1.);
#6389 = DIRECTION('',(1.,0.,-0.));
#6390 = ORIENTED_EDGE('',*,*,#1714,.T.);
#6391 = ORIENTED_EDGE('',*,*,#1624,.T.);
#6392 = ORIENTED_EDGE('',*,*,#6393,.F.);
#6393 = EDGE_CURVE('',#6384,#1625,#6394,.T.);
#6394 = LINE('',#6395,#6396);
#6395 = CARTESIAN_POINT('',(2.1,151.5,133.5));
#6396 = VECTOR('',#6397,1.);
#6397 = DIRECTION('',(0.,0.,1.));
#6398 = PLANE('',#6399);
#6399 = AXIS2_PLACEMENT_3D('',#6400,#6401,#6402);
#6400 = CARTESIAN_POINT('',(0.,151.5,133.5));
#6401 = DIRECTION('',(-0.,1.,0.));
#6402 = DIRECTION('',(0.,0.,1.));
#6403 = ADVANCED_FACE('',(#6404),#6422,.T.);
#6404 = FACE_BOUND('',#6405,.T.);
#6405 = EDGE_LOOP('',(#6406,#6414,#6415,#6416));
#6406 = ORIENTED_EDGE('',*,*,#6407,.F.);
#6407 = EDGE_CURVE('',#6384,#6408,#6410,.T.);
#6408 = VERTEX_POINT('',#6409);
#6409 = CARTESIAN_POINT('',(183.9,151.5,133.5));
#6410 = LINE('',#6411,#6412);
#6411 = CARTESIAN_POINT('',(0.,151.5,133.5));
#6412 = VECTOR('',#6413,1.);
#6413 = DIRECTION('',(1.,0.,-0.));
#6414 = ORIENTED_EDGE('',*,*,#6393,.T.);
#6415 = ORIENTED_EDGE('',*,*,#1650,.T.);
#6416 = ORIENTED_EDGE('',*,*,#6417,.F.);
#6417 = EDGE_CURVE('',#6408,#1643,#6418,.T.);
#6418 = LINE('',#6419,#6420);
#6419 = CARTESIAN_POINT('',(183.9,151.5,133.5));
#6420 = VECTOR('',#6421,1.);
#6421 = DIRECTION('',(0.,0.,1.));
#6422 = PLANE('',#6423);
#6423 = AXIS2_PLACEMENT_3D('',#6424,#6425,#6426);
#6424 = CARTESIAN_POINT('',(0.,151.5,133.5));
#6425 = DIRECTION('',(-0.,1.,0.));
#6426 = DIRECTION('',(0.,0.,1.));
#6427 = ADVANCED_FACE('',(#6428),#6446,.T.);
#6428 = FACE_BOUND('',#6429,.T.);
#6429 = EDGE_LOOP('',(#6430,#6438,#6439,#6440));
#6430 = ORIENTED_EDGE('',*,*,#6431,.F.);
#6431 = EDGE_CURVE('',#6408,#6432,#6434,.T.);
#6432 = VERTEX_POINT('',#6433);
#6433 = CARTESIAN_POINT('',(186.,151.5,133.5));
#6434 = LINE('',#6435,#6436);
#6435 = CARTESIAN_POINT('',(183.9,151.5,133.5));
#6436 = VECTOR('',#6437,1.);
#6437 = DIRECTION('',(1.,0.,-0.));
#6438 = ORIENTED_EDGE('',*,*,#6417,.T.);
#6439 = ORIENTED_EDGE('',*,*,#1642,.T.);
#6440 = ORIENTED_EDGE('',*,*,#6441,.F.);
#6441 = EDGE_CURVE('',#6432,#1635,#6442,.T.);
#6442 = LINE('',#6443,#6444);
#6443 = CARTESIAN_POINT('',(186.,151.5,133.5));
#6444 = VECTOR('',#6445,1.);
#6445 = DIRECTION('',(0.,0.,1.));
#6446 = PLANE('',#6447);
#6447 = AXIS2_PLACEMENT_3D('',#6448,#6449,#6450);
#6448 = CARTESIAN_POINT('',(183.9,151.5,133.5));
#6449 = DIRECTION('',(-0.,1.,0.));
#6450 = DIRECTION('',(0.,0.,1.));
#6451 = ADVANCED_FACE('',(#6452),#6477,.F.);
#6452 = FACE_BOUND('',#6453,.F.);
#6453 = EDGE_LOOP('',(#6454,#6462,#6470,#6476));
#6454 = ORIENTED_EDGE('',*,*,#6455,.F.);
#6455 = EDGE_CURVE('',#6456,#1659,#6458,.T.);
#6456 = VERTEX_POINT('',#6457);
#6457 = CARTESIAN_POINT('',(21.1,150.,209.5));
#6458 = LINE('',#6459,#6460);
#6459 = CARTESIAN_POINT('',(21.1,149.7,209.5));
#6460 = VECTOR('',#6461,1.);
#6461 = DIRECTION('',(-0.,1.,0.));
#6462 = ORIENTED_EDGE('',*,*,#6463,.T.);
#6463 = EDGE_CURVE('',#6456,#6464,#6466,.T.);
#6464 = VERTEX_POINT('',#6465);
#6465 = CARTESIAN_POINT('',(164.9,150.,209.5));
#6466 = LINE('',#6467,#6468);
#6467 = CARTESIAN_POINT('',(20.55,150.,209.5));
#6468 = VECTOR('',#6469,1.);
#6469 = DIRECTION('',(1.,0.,-0.));
#6470 = ORIENTED_EDGE('',*,*,#6471,.T.);
#6471 = EDGE_CURVE('',#6464,#1661,#6472,.T.);
#6472 = LINE('',#6473,#6474);
#6473 = CARTESIAN_POINT('',(164.9,149.7,209.5));
#6474 = VECTOR('',#6475,1.);
#6475 = DIRECTION('',(-0.,1.,0.));
#6476 = ORIENTED_EDGE('',*,*,#1658,.F.);
#6477 = PLANE('',#6478);
#6478 = AXIS2_PLACEMENT_3D('',#6479,#6480,#6481);
#6479 = CARTESIAN_POINT('',(21.1,149.7,209.5));
#6480 = DIRECTION('',(0.,0.,1.));
#6481 = DIRECTION('',(1.,0.,-0.));
#6482 = ADVANCED_FACE('',(#6483),#6501,.F.);
#6483 = FACE_BOUND('',#6484,.F.);
#6484 = EDGE_LOOP('',(#6485,#6486,#6494,#6500));
#6485 = ORIENTED_EDGE('',*,*,#6471,.F.);
#6486 = ORIENTED_EDGE('',*,*,#6487,.T.);
#6487 = EDGE_CURVE('',#6464,#6488,#6490,.T.);
#6488 = VERTEX_POINT('',#6489);
#6489 = CARTESIAN_POINT('',(164.9,150.,165.));
#6490 = LINE('',#6491,#6492);
#6491 = CARTESIAN_POINT('',(164.9,150.,151.));
#6492 = VECTOR('',#6493,1.);
#6493 = DIRECTION('',(-0.,0.,-1.));
#6494 = ORIENTED_EDGE('',*,*,#6495,.T.);
#6495 = EDGE_CURVE('',#6488,#1677,#6496,.T.);
#6496 = LINE('',#6497,#6498);
#6497 = CARTESIAN_POINT('',(164.9,149.7,165.));
#6498 = VECTOR('',#6499,1.);
#6499 = DIRECTION('',(-0.,1.,0.));
#6500 = ORIENTED_EDGE('',*,*,#1684,.F.);
#6501 = PLANE('',#6502);
#6502 = AXIS2_PLACEMENT_3D('',#6503,#6504,#6505);
#6503 = CARTESIAN_POINT('',(164.9,149.7,165.));
#6504 = DIRECTION('',(1.,0.,-0.));
#6505 = DIRECTION('',(0.,0.,1.));
#6506 = ADVANCED_FACE('',(#6507),#6525,.T.);
#6507 = FACE_BOUND('',#6508,.T.);
#6508 = EDGE_LOOP('',(#6509,#6517,#6523,#6524));
#6509 = ORIENTED_EDGE('',*,*,#6510,.F.);
#6510 = EDGE_CURVE('',#6511,#1669,#6513,.T.);
#6511 = VERTEX_POINT('',#6512);
#6512 = CARTESIAN_POINT('',(21.1,150.,165.));
#6513 = LINE('',#6514,#6515);
#6514 = CARTESIAN_POINT('',(21.1,149.7,165.));
#6515 = VECTOR('',#6516,1.);
#6516 = DIRECTION('',(-0.,1.,0.));
#6517 = ORIENTED_EDGE('',*,*,#6518,.T.);
#6518 = EDGE_CURVE('',#6511,#6488,#6519,.T.);
#6519 = LINE('',#6520,#6521);
#6520 = CARTESIAN_POINT('',(20.55,150.,165.));
#6521 = VECTOR('',#6522,1.);
#6522 = DIRECTION('',(1.,0.,-0.));
#6523 = ORIENTED_EDGE('',*,*,#6495,.T.);
#6524 = ORIENTED_EDGE('',*,*,#1676,.F.);
#6525 = PLANE('',#6526);
#6526 = AXIS2_PLACEMENT_3D('',#6527,#6528,#6529);
#6527 = CARTESIAN_POINT('',(21.1,149.7,165.));
#6528 = DIRECTION('',(0.,0.,1.));
#6529 = DIRECTION('',(1.,0.,-0.));
#6530 = ADVANCED_FACE('',(#6531),#6542,.T.);
#6531 = FACE_BOUND('',#6532,.T.);
#6532 = EDGE_LOOP('',(#6533,#6534,#6540,#6541));
#6533 = ORIENTED_EDGE('',*,*,#6455,.F.);
#6534 = ORIENTED_EDGE('',*,*,#6535,.T.);
#6535 = EDGE_CURVE('',#6456,#6511,#6536,.T.);
#6536 = LINE('',#6537,#6538);
#6537 = CARTESIAN_POINT('',(21.1,150.,151.));
#6538 = VECTOR('',#6539,1.);
#6539 = DIRECTION('',(-0.,0.,-1.));
#6540 = ORIENTED_EDGE('',*,*,#6510,.T.);
#6541 = ORIENTED_EDGE('',*,*,#1668,.F.);
#6542 = PLANE('',#6543);
#6543 = AXIS2_PLACEMENT_3D('',#6544,#6545,#6546);
#6544 = CARTESIAN_POINT('',(21.1,149.7,165.));
#6545 = DIRECTION('',(1.,0.,-0.));
#6546 = DIRECTION('',(0.,0.,1.));
#6547 = ADVANCED_FACE('',(#6548),#6566,.F.);
#6548 = FACE_BOUND('',#6549,.F.);
#6549 = EDGE_LOOP('',(#6550,#6551,#6559,#6565));
#6550 = ORIENTED_EDGE('',*,*,#1706,.F.);
#6551 = ORIENTED_EDGE('',*,*,#6552,.T.);
#6552 = EDGE_CURVE('',#1699,#6553,#6555,.T.);
#6553 = VERTEX_POINT('',#6554);
#6554 = CARTESIAN_POINT('',(2.1,149.4,133.5));
#6555 = LINE('',#6556,#6557);
#6556 = CARTESIAN_POINT('',(0.,149.4,133.5));
#6557 = VECTOR('',#6558,1.);
#6558 = DIRECTION('',(1.,0.,-0.));
#6559 = ORIENTED_EDGE('',*,*,#6560,.T.);
#6560 = EDGE_CURVE('',#6553,#6384,#6561,.T.);
#6561 = LINE('',#6562,#6563);
#6562 = CARTESIAN_POINT('',(2.1,48.5,133.5));
#6563 = VECTOR('',#6564,1.);
#6564 = DIRECTION('',(-0.,1.,0.));
#6565 = ORIENTED_EDGE('',*,*,#6383,.F.);
#6566 = PLANE('',#6567);
#6567 = AXIS2_PLACEMENT_3D('',#6568,#6569,#6570);
#6568 = CARTESIAN_POINT('',(0.,48.5,133.5));
#6569 = DIRECTION('',(0.,0.,1.));
#6570 = DIRECTION('',(1.,0.,-0.));
#6571 = ADVANCED_FACE('',(#6572),#6583,.F.);
#6572 = FACE_BOUND('',#6573,.F.);
#6573 = EDGE_LOOP('',(#6574,#6575,#6576,#6582));
#6574 = ORIENTED_EDGE('',*,*,#1737,.F.);
#6575 = ORIENTED_EDGE('',*,*,#1772,.T.);
#6576 = ORIENTED_EDGE('',*,*,#6577,.T.);
#6577 = EDGE_CURVE('',#1773,#6553,#6578,.T.);
#6578 = LINE('',#6579,#6580);
#6579 = CARTESIAN_POINT('',(2.1,48.5,133.5));
#6580 = VECTOR('',#6581,1.);
#6581 = DIRECTION('',(-0.,1.,0.));
#6582 = ORIENTED_EDGE('',*,*,#6552,.F.);
#6583 = PLANE('',#6584);
#6584 = AXIS2_PLACEMENT_3D('',#6585,#6586,#6587);
#6585 = CARTESIAN_POINT('',(0.,48.5,133.5));
#6586 = DIRECTION('',(0.,0.,1.));
#6587 = DIRECTION('',(1.,0.,-0.));
#6588 = ADVANCED_FACE('',(#6589),#6613,.T.);
#6589 = FACE_BOUND('',#6590,.T.);
#6590 = EDGE_LOOP('',(#6591,#6592,#6593,#6599,#6600,#6606,#6607));
#6591 = ORIENTED_EDGE('',*,*,#1790,.F.);
#6592 = ORIENTED_EDGE('',*,*,#6577,.T.);
#6593 = ORIENTED_EDGE('',*,*,#6594,.T.);
#6594 = EDGE_CURVE('',#6553,#2150,#6595,.T.);
#6595 = LINE('',#6596,#6597);
#6596 = CARTESIAN_POINT('',(2.1,149.4,133.5));
#6597 = VECTOR('',#6598,1.);
#6598 = DIRECTION('',(0.,0.,1.));
#6599 = ORIENTED_EDGE('',*,*,#2157,.F.);
#6600 = ORIENTED_EDGE('',*,*,#6601,.F.);
#6601 = EDGE_CURVE('',#1982,#2158,#6602,.T.);
#6602 = LINE('',#6603,#6604);
#6603 = CARTESIAN_POINT('',(2.1,48.5,138.));
#6604 = VECTOR('',#6605,1.);
#6605 = DIRECTION('',(-0.,1.,0.));
#6606 = ORIENTED_EDGE('',*,*,#1979,.F.);
#6607 = ORIENTED_EDGE('',*,*,#6608,.F.);
#6608 = EDGE_CURVE('',#1783,#1980,#6609,.T.);
#6609 = LINE('',#6610,#6611);
#6610 = CARTESIAN_POINT('',(2.1,48.5,138.));
#6611 = VECTOR('',#6612,1.);
#6612 = DIRECTION('',(-0.,1.,0.));
#6613 = PLANE('',#6614);
#6614 = AXIS2_PLACEMENT_3D('',#6615,#6616,#6617);
#6615 = CARTESIAN_POINT('',(2.1,48.5,133.5));
#6616 = DIRECTION('',(1.,0.,-0.));
#6617 = DIRECTION('',(0.,0.,1.));
#6618 = ADVANCED_FACE('',(#6619),#6630,.T.);
#6619 = FACE_BOUND('',#6620,.T.);
#6620 = EDGE_LOOP('',(#6621,#6622,#6623,#6624));
#6621 = ORIENTED_EDGE('',*,*,#1813,.F.);
#6622 = ORIENTED_EDGE('',*,*,#1782,.T.);
#6623 = ORIENTED_EDGE('',*,*,#6608,.T.);
#6624 = ORIENTED_EDGE('',*,*,#6625,.F.);
#6625 = EDGE_CURVE('',#1814,#1980,#6626,.T.);
#6626 = LINE('',#6627,#6628);
#6627 = CARTESIAN_POINT('',(1.35,51.6,138.));
#6628 = VECTOR('',#6629,1.);
#6629 = DIRECTION('',(1.,0.,-0.));
#6630 = PLANE('',#6631);
#6631 = AXIS2_PLACEMENT_3D('',#6632,#6633,#6634);
#6632 = CARTESIAN_POINT('',(1.35,48.4,138.));
#6633 = DIRECTION('',(0.,0.,1.));
#6634 = DIRECTION('',(1.,0.,-0.));
#6635 = ADVANCED_FACE('',(#6636),#6643,.F.);
#6636 = FACE_BOUND('',#6637,.F.);
#6637 = EDGE_LOOP('',(#6638,#6639,#6640,#6641,#6642));
#6638 = ORIENTED_EDGE('',*,*,#6625,.F.);
#6639 = ORIENTED_EDGE('',*,*,#1821,.T.);
#6640 = ORIENTED_EDGE('',*,*,#1845,.T.);
#6641 = ORIENTED_EDGE('',*,*,#1926,.F.);
#6642 = ORIENTED_EDGE('',*,*,#1989,.F.);
#6643 = PLANE('',#6644);
#6644 = AXIS2_PLACEMENT_3D('',#6645,#6646,#6647);
#6645 = CARTESIAN_POINT('',(1.35,51.6,138.));
#6646 = DIRECTION('',(-0.,1.,0.));
#6647 = DIRECTION('',(0.,0.,1.));
#6648 = ADVANCED_FACE('',(#6649),#6667,.T.);
#6649 = FACE_BOUND('',#6650,.T.);
#6650 = EDGE_LOOP('',(#6651,#6659,#6665,#6666));
#6651 = ORIENTED_EDGE('',*,*,#6652,.F.);
#6652 = EDGE_CURVE('',#6653,#1893,#6655,.T.);
#6653 = VERTEX_POINT('',#6654);
#6654 = CARTESIAN_POINT('',(186.,149.4,133.5));
#6655 = LINE('',#6656,#6657);
#6656 = CARTESIAN_POINT('',(186.,149.4,133.5));
#6657 = VECTOR('',#6658,1.);
#6658 = DIRECTION('',(0.,0.,1.));
#6659 = ORIENTED_EDGE('',*,*,#6660,.T.);
#6660 = EDGE_CURVE('',#6653,#6432,#6661,.T.);
#6661 = LINE('',#6662,#6663);
#6662 = CARTESIAN_POINT('',(186.,48.5,133.5));
#6663 = VECTOR('',#6664,1.);
#6664 = DIRECTION('',(-0.,1.,0.));
#6665 = ORIENTED_EDGE('',*,*,#6441,.T.);
#6666 = ORIENTED_EDGE('',*,*,#1900,.F.);
#6667 = PLANE('',#6668);
#6668 = AXIS2_PLACEMENT_3D('',#6669,#6670,#6671);
#6669 = CARTESIAN_POINT('',(186.,48.5,133.5));
#6670 = DIRECTION('',(1.,0.,-0.));
#6671 = DIRECTION('',(0.,0.,1.));
#6672 = ADVANCED_FACE('',(#6673),#6691,.T.);
#6673 = FACE_BOUND('',#6674,.T.);
#6674 = EDGE_LOOP('',(#6675,#6676,#6682,#6683,#6684,#6690));
#6675 = ORIENTED_EDGE('',*,*,#1965,.F.);
#6676 = ORIENTED_EDGE('',*,*,#6677,.T.);
#6677 = EDGE_CURVE('',#1943,#6653,#6678,.T.);
#6678 = LINE('',#6679,#6680);
#6679 = CARTESIAN_POINT('',(186.,48.5,133.5));
#6680 = VECTOR('',#6681,1.);
#6681 = DIRECTION('',(-0.,1.,0.));
#6682 = ORIENTED_EDGE('',*,*,#6652,.T.);
#6683 = ORIENTED_EDGE('',*,*,#1892,.F.);
#6684 = ORIENTED_EDGE('',*,*,#6685,.F.);
#6685 = EDGE_CURVE('',#1861,#1885,#6686,.T.);
#6686 = LINE('',#6687,#6688);
#6687 = CARTESIAN_POINT('',(186.,48.5,138.));
#6688 = VECTOR('',#6689,1.);
#6689 = DIRECTION('',(-0.,1.,0.));
#6690 = ORIENTED_EDGE('',*,*,#1860,.F.);
#6691 = PLANE('',#6692);
#6692 = AXIS2_PLACEMENT_3D('',#6693,#6694,#6695);
#6693 = CARTESIAN_POINT('',(186.,48.5,133.5));
#6694 = DIRECTION('',(1.,0.,-0.));
#6695 = DIRECTION('',(0.,0.,1.));
#6696 = ADVANCED_FACE('',(#6697),#6703,.T.);
#6697 = FACE_BOUND('',#6698,.T.);
#6698 = EDGE_LOOP('',(#6699,#6700,#6701,#6702));
#6699 = ORIENTED_EDGE('',*,*,#1868,.F.);
#6700 = ORIENTED_EDGE('',*,*,#6685,.T.);
#6701 = ORIENTED_EDGE('',*,*,#1884,.T.);
#6702 = ORIENTED_EDGE('',*,*,#1876,.F.);
#6703 = PLANE('',#6704);
#6704 = AXIS2_PLACEMENT_3D('',#6705,#6706,#6707);
#6705 = CARTESIAN_POINT('',(186.,48.5,138.));
#6706 = DIRECTION('',(1.,0.,-0.));
#6707 = DIRECTION('',(0.,0.,1.));
#6708 = ADVANCED_FACE('',(#6709),#6727,.F.);
#6709 = FACE_BOUND('',#6710,.F.);
#6710 = EDGE_LOOP('',(#6711,#6719,#6720,#6721));
#6711 = ORIENTED_EDGE('',*,*,#6712,.F.);
#6712 = EDGE_CURVE('',#1941,#6713,#6715,.T.);
#6713 = VERTEX_POINT('',#6714);
#6714 = CARTESIAN_POINT('',(183.9,149.4,133.5));
#6715 = LINE('',#6716,#6717);
#6716 = CARTESIAN_POINT('',(183.9,48.5,133.5));
#6717 = VECTOR('',#6718,1.);
#6718 = DIRECTION('',(-0.,1.,0.));
#6719 = ORIENTED_EDGE('',*,*,#1940,.T.);
#6720 = ORIENTED_EDGE('',*,*,#6677,.T.);
#6721 = ORIENTED_EDGE('',*,*,#6722,.F.);
#6722 = EDGE_CURVE('',#6713,#6653,#6723,.T.);
#6723 = LINE('',#6724,#6725);
#6724 = CARTESIAN_POINT('',(0.,149.4,133.5));
#6725 = VECTOR('',#6726,1.);
#6726 = DIRECTION('',(1.,0.,-0.));
#6727 = PLANE('',#6728);
#6728 = AXIS2_PLACEMENT_3D('',#6729,#6730,#6731);
#6729 = CARTESIAN_POINT('',(183.9,48.5,133.5));
#6730 = DIRECTION('',(0.,0.,1.));
#6731 = DIRECTION('',(1.,0.,-0.));
#6732 = ADVANCED_FACE('',(#6733),#6749,.T.);
#6733 = FACE_BOUND('',#6734,.T.);
#6734 = EDGE_LOOP('',(#6735,#6741,#6742,#6743));
#6735 = ORIENTED_EDGE('',*,*,#6736,.F.);
#6736 = EDGE_CURVE('',#1951,#2006,#6737,.T.);
#6737 = LINE('',#6738,#6739);
#6738 = CARTESIAN_POINT('',(183.9,48.5,138.));
#6739 = VECTOR('',#6740,1.);
#6740 = DIRECTION('',(-0.,1.,0.));
#6741 = ORIENTED_EDGE('',*,*,#1958,.T.);
#6742 = ORIENTED_EDGE('',*,*,#2220,.T.);
#6743 = ORIENTED_EDGE('',*,*,#6744,.F.);
#6744 = EDGE_CURVE('',#2006,#2221,#6745,.T.);
#6745 = LINE('',#6746,#6747);
#6746 = CARTESIAN_POINT('',(182.85,51.6,138.));
#6747 = VECTOR('',#6748,1.);
#6748 = DIRECTION('',(1.,0.,-0.));
#6749 = PLANE('',#6750);
#6750 = AXIS2_PLACEMENT_3D('',#6751,#6752,#6753);
#6751 = CARTESIAN_POINT('',(182.85,48.4,138.));
#6752 = DIRECTION('',(0.,0.,1.));
#6753 = DIRECTION('',(1.,0.,-0.));
#6754 = ADVANCED_FACE('',(#6755),#6774,.F.);
#6755 = FACE_BOUND('',#6756,.F.);
#6756 = EDGE_LOOP('',(#6757,#6758,#6759,#6765,#6766,#6772,#6773));
#6757 = ORIENTED_EDGE('',*,*,#1950,.F.);
#6758 = ORIENTED_EDGE('',*,*,#6712,.T.);
#6759 = ORIENTED_EDGE('',*,*,#6760,.T.);
#6760 = EDGE_CURVE('',#6713,#2062,#6761,.T.);
#6761 = LINE('',#6762,#6763);
#6762 = CARTESIAN_POINT('',(183.9,149.4,133.5));
#6763 = VECTOR('',#6764,1.);
#6764 = DIRECTION('',(0.,0.,1.));
#6765 = ORIENTED_EDGE('',*,*,#2061,.F.);
#6766 = ORIENTED_EDGE('',*,*,#6767,.F.);
#6767 = EDGE_CURVE('',#2014,#2054,#6768,.T.);
#6768 = LINE('',#6769,#6770);
#6769 = CARTESIAN_POINT('',(183.9,48.5,138.));
#6770 = VECTOR('',#6771,1.);
#6771 = DIRECTION('',(-0.,1.,0.));
#6772 = ORIENTED_EDGE('',*,*,#2013,.F.);
#6773 = ORIENTED_EDGE('',*,*,#6736,.F.);
#6774 = PLANE('',#6775);
#6775 = AXIS2_PLACEMENT_3D('',#6776,#6777,#6778);
#6776 = CARTESIAN_POINT('',(183.9,48.5,133.5));
#6777 = DIRECTION('',(1.,0.,-0.));
#6778 = DIRECTION('',(0.,0.,1.));
#6779 = ADVANCED_FACE('',(#6780),#6791,.F.);
#6780 = FACE_BOUND('',#6781,.F.);
#6781 = EDGE_LOOP('',(#6782,#6783,#6784,#6790));
#6782 = ORIENTED_EDGE('',*,*,#6601,.F.);
#6783 = ORIENTED_EDGE('',*,*,#2197,.F.);
#6784 = ORIENTED_EDGE('',*,*,#6785,.T.);
#6785 = EDGE_CURVE('',#2190,#2166,#6786,.T.);
#6786 = LINE('',#6787,#6788);
#6787 = CARTESIAN_POINT('',(3.3,94.5,138.));
#6788 = VECTOR('',#6789,1.);
#6789 = DIRECTION('',(0.,1.,0.));
#6790 = ORIENTED_EDGE('',*,*,#2165,.T.);
#6791 = PLANE('',#6792);
#6792 = AXIS2_PLACEMENT_3D('',#6793,#6794,#6795);
#6793 = CARTESIAN_POINT('',(0.,48.5,138.));
#6794 = DIRECTION('',(0.,0.,1.));
#6795 = DIRECTION('',(1.,0.,-0.));
#6796 = ADVANCED_FACE('',(#6797),#6846,.F.);
#6797 = FACE_BOUND('',#6798,.F.);
#6798 = EDGE_LOOP('',(#6799,#6800,#6808,#6816,#6824,#6832,#6840));
#6799 = ORIENTED_EDGE('',*,*,#2189,.F.);
#6800 = ORIENTED_EDGE('',*,*,#6801,.T.);
#6801 = EDGE_CURVE('',#2182,#6802,#6804,.T.);
#6802 = VERTEX_POINT('',#6803);
#6803 = CARTESIAN_POINT('',(5.1,94.5,115.));
#6804 = LINE('',#6805,#6806);
#6805 = CARTESIAN_POINT('',(5.7,94.5,138.));
#6806 = VECTOR('',#6807,1.);
#6807 = DIRECTION('',(-2.607808458056E-02,0.,-0.999659908921));
#6808 = ORIENTED_EDGE('',*,*,#6809,.T.);
#6809 = EDGE_CURVE('',#6802,#6810,#6812,.T.);
#6810 = VERTEX_POINT('',#6811);
#6811 = CARTESIAN_POINT('',(3.3,94.5,115.));
#6812 = LINE('',#6813,#6814);
#6813 = CARTESIAN_POINT('',(5.1,94.5,115.));
#6814 = VECTOR('',#6815,1.);
#6815 = DIRECTION('',(-1.,0.,0.));
#6816 = ORIENTED_EDGE('',*,*,#6817,.T.);
#6817 = EDGE_CURVE('',#6810,#6818,#6820,.T.);
#6818 = VERTEX_POINT('',#6819);
#6819 = CARTESIAN_POINT('',(0.4,94.5,121.));
#6820 = LINE('',#6821,#6822);
#6821 = CARTESIAN_POINT('',(3.3,94.5,115.));
#6822 = VECTOR('',#6823,1.);
#6823 = DIRECTION('',(-0.43516866054,0.,0.900348952842));
#6824 = ORIENTED_EDGE('',*,*,#6825,.T.);
#6825 = EDGE_CURVE('',#6818,#6826,#6828,.T.);
#6826 = VERTEX_POINT('',#6827);
#6827 = CARTESIAN_POINT('',(0.4,94.5,127.));
#6828 = LINE('',#6829,#6830);
#6829 = CARTESIAN_POINT('',(0.4,94.5,121.));
#6830 = VECTOR('',#6831,1.);
#6831 = DIRECTION('',(0.,0.,1.));
#6832 = ORIENTED_EDGE('',*,*,#6833,.T.);
#6833 = EDGE_CURVE('',#6826,#6834,#6836,.T.);
#6834 = VERTEX_POINT('',#6835);
#6835 = CARTESIAN_POINT('',(3.3,94.5,127.));
#6836 = LINE('',#6837,#6838);
#6837 = CARTESIAN_POINT('',(0.4,94.5,127.));
#6838 = VECTOR('',#6839,1.);
#6839 = DIRECTION('',(1.,0.,0.));
#6840 = ORIENTED_EDGE('',*,*,#6841,.T.);
#6841 = EDGE_CURVE('',#6834,#2190,#6842,.T.);
#6842 = LINE('',#6843,#6844);
#6843 = CARTESIAN_POINT('',(3.3,94.5,127.));
#6844 = VECTOR('',#6845,1.);
#6845 = DIRECTION('',(0.,0.,1.));
#6846 = PLANE('',#6847);
#6847 = AXIS2_PLACEMENT_3D('',#6848,#6849,#6850);
#6848 = CARTESIAN_POINT('',(3.403237018377,94.5,129.56273882517));
#6849 = DIRECTION('',(0.,1.,0.));
#6850 = DIRECTION('',(0.,-0.,1.));
#6851 = ADVANCED_FACE('',(#6852),#6870,.F.);
#6852 = FACE_BOUND('',#6853,.F.);
#6853 = EDGE_LOOP('',(#6854,#6855,#6863,#6869));
#6854 = ORIENTED_EDGE('',*,*,#2181,.T.);
#6855 = ORIENTED_EDGE('',*,*,#6856,.T.);
#6856 = EDGE_CURVE('',#2174,#6857,#6859,.T.);
#6857 = VERTEX_POINT('',#6858);
#6858 = CARTESIAN_POINT('',(5.1,105.5,115.));
#6859 = LINE('',#6860,#6861);
#6860 = CARTESIAN_POINT('',(5.7,105.5,138.));
#6861 = VECTOR('',#6862,1.);
#6862 = DIRECTION('',(-2.607808458056E-02,0.,-0.999659908921));
#6863 = ORIENTED_EDGE('',*,*,#6864,.F.);
#6864 = EDGE_CURVE('',#6802,#6857,#6865,.T.);
#6865 = LINE('',#6866,#6867);
#6866 = CARTESIAN_POINT('',(5.1,94.5,115.));
#6867 = VECTOR('',#6868,1.);
#6868 = DIRECTION('',(0.,1.,0.));
#6869 = ORIENTED_EDGE('',*,*,#6801,.F.);
#6870 = PLANE('',#6871);
#6871 = AXIS2_PLACEMENT_3D('',#6872,#6873,#6874);
#6872 = CARTESIAN_POINT('',(5.7,94.5,138.));
#6873 = DIRECTION('',(-0.999659908921,0.,2.607808458056E-02));
#6874 = DIRECTION('',(-2.607808458056E-02,0.,-0.999659908921));
#6875 = ADVANCED_FACE('',(#6876),#6918,.T.);
#6876 = FACE_BOUND('',#6877,.T.);
#6877 = EDGE_LOOP('',(#6878,#6879,#6880,#6888,#6896,#6904,#6912));
#6878 = ORIENTED_EDGE('',*,*,#2173,.F.);
#6879 = ORIENTED_EDGE('',*,*,#6856,.T.);
#6880 = ORIENTED_EDGE('',*,*,#6881,.T.);
#6881 = EDGE_CURVE('',#6857,#6882,#6884,.T.);
#6882 = VERTEX_POINT('',#6883);
#6883 = CARTESIAN_POINT('',(3.3,105.5,115.));
#6884 = LINE('',#6885,#6886);
#6885 = CARTESIAN_POINT('',(5.1,105.5,115.));
#6886 = VECTOR('',#6887,1.);
#6887 = DIRECTION('',(-1.,0.,0.));
#6888 = ORIENTED_EDGE('',*,*,#6889,.T.);
#6889 = EDGE_CURVE('',#6882,#6890,#6892,.T.);
#6890 = VERTEX_POINT('',#6891);
#6891 = CARTESIAN_POINT('',(0.4,105.5,121.));
#6892 = LINE('',#6893,#6894);
#6893 = CARTESIAN_POINT('',(3.3,105.5,115.));
#6894 = VECTOR('',#6895,1.);
#6895 = DIRECTION('',(-0.43516866054,0.,0.900348952842));
#6896 = ORIENTED_EDGE('',*,*,#6897,.T.);
#6897 = EDGE_CURVE('',#6890,#6898,#6900,.T.);
#6898 = VERTEX_POINT('',#6899);
#6899 = CARTESIAN_POINT('',(0.4,105.5,127.));
#6900 = LINE('',#6901,#6902);
#6901 = CARTESIAN_POINT('',(0.4,105.5,121.));
#6902 = VECTOR('',#6903,1.);
#6903 = DIRECTION('',(0.,0.,1.));
#6904 = ORIENTED_EDGE('',*,*,#6905,.T.);
#6905 = EDGE_CURVE('',#6898,#6906,#6908,.T.);
#6906 = VERTEX_POINT('',#6907);
#6907 = CARTESIAN_POINT('',(3.3,105.5,127.));
#6908 = LINE('',#6909,#6910);
#6909 = CARTESIAN_POINT('',(0.4,105.5,127.));
#6910 = VECTOR('',#6911,1.);
#6911 = DIRECTION('',(1.,0.,0.));
#6912 = ORIENTED_EDGE('',*,*,#6913,.T.);
#6913 = EDGE_CURVE('',#6906,#2166,#6914,.T.);
#6914 = LINE('',#6915,#6916);
#6915 = CARTESIAN_POINT('',(3.3,105.5,127.));
#6916 = VECTOR('',#6917,1.);
#6917 = DIRECTION('',(0.,0.,1.));
#6918 = PLANE('',#6919);
#6919 = AXIS2_PLACEMENT_3D('',#6920,#6921,#6922);
#6920 = CARTESIAN_POINT('',(3.403237018377,105.5,129.56273882517));
#6921 = DIRECTION('',(0.,1.,0.));
#6922 = DIRECTION('',(0.,-0.,1.));
#6923 = ADVANCED_FACE('',(#6924),#6942,.F.);
#6924 = FACE_BOUND('',#6925,.F.);
#6925 = EDGE_LOOP('',(#6926,#6932,#6933,#6934,#6940,#6941));
#6926 = ORIENTED_EDGE('',*,*,#6927,.F.);
#6927 = EDGE_CURVE('',#6553,#6713,#6928,.T.);
#6928 = LINE('',#6929,#6930);
#6929 = CARTESIAN_POINT('',(0.,149.4,133.5));
#6930 = VECTOR('',#6931,1.);
#6931 = DIRECTION('',(1.,0.,-0.));
#6932 = ORIENTED_EDGE('',*,*,#6594,.T.);
#6933 = ORIENTED_EDGE('',*,*,#2149,.T.);
#6934 = ORIENTED_EDGE('',*,*,#6935,.T.);
#6935 = EDGE_CURVE('',#2142,#2070,#6936,.T.);
#6936 = LINE('',#6937,#6938);
#6937 = CARTESIAN_POINT('',(0.,149.4,138.));
#6938 = VECTOR('',#6939,1.);
#6939 = DIRECTION('',(1.,0.,-0.));
#6940 = ORIENTED_EDGE('',*,*,#2069,.T.);
#6941 = ORIENTED_EDGE('',*,*,#6760,.F.);
#6942 = PLANE('',#6943);
#6943 = AXIS2_PLACEMENT_3D('',#6944,#6945,#6946);
#6944 = CARTESIAN_POINT('',(0.,149.4,133.5));
#6945 = DIRECTION('',(-0.,1.,0.));
#6946 = DIRECTION('',(0.,0.,1.));
#6947 = ADVANCED_FACE('',(#6948),#6997,.T.);
#6948 = FACE_BOUND('',#6949,.T.);
#6949 = EDGE_LOOP('',(#6950,#6960,#6968,#6974,#6975,#6983,#6991));
#6950 = ORIENTED_EDGE('',*,*,#6951,.F.);
#6951 = EDGE_CURVE('',#6952,#6954,#6956,.T.);
#6952 = VERTEX_POINT('',#6953);
#6953 = CARTESIAN_POINT('',(20.,54.,141.));
#6954 = VERTEX_POINT('',#6955);
#6955 = CARTESIAN_POINT('',(20.,54.,212.));
#6956 = LINE('',#6957,#6958);
#6957 = CARTESIAN_POINT('',(20.,54.,137.));
#6958 = VECTOR('',#6959,1.);
#6959 = DIRECTION('',(0.,0.,1.));
#6960 = ORIENTED_EDGE('',*,*,#6961,.T.);
#6961 = EDGE_CURVE('',#6952,#6962,#6964,.T.);
#6962 = VERTEX_POINT('',#6963);
#6963 = CARTESIAN_POINT('',(20.,148.,141.));
#6964 = LINE('',#6965,#6966);
#6965 = CARTESIAN_POINT('',(20.,54.,141.));
#6966 = VECTOR('',#6967,1.);
#6967 = DIRECTION('',(-0.,1.,0.));
#6968 = ORIENTED_EDGE('',*,*,#6969,.F.);
#6969 = EDGE_CURVE('',#2134,#6962,#6970,.T.);
#6970 = LINE('',#6971,#6972);
#6971 = CARTESIAN_POINT('',(20.,148.,138.));
#6972 = VECTOR('',#6973,1.);
#6973 = DIRECTION('',(0.,0.,1.));
#6974 = ORIENTED_EDGE('',*,*,#2141,.T.);
#6975 = ORIENTED_EDGE('',*,*,#6976,.T.);
#6976 = EDGE_CURVE('',#2142,#6977,#6979,.T.);
#6977 = VERTEX_POINT('',#6978);
#6978 = CARTESIAN_POINT('',(20.,150.,138.));
#6979 = LINE('',#6980,#6981);
#6980 = CARTESIAN_POINT('',(20.,51.25,138.));
#6981 = VECTOR('',#6982,1.);
#6982 = DIRECTION('',(-0.,1.,0.));
#6983 = ORIENTED_EDGE('',*,*,#6984,.T.);
#6984 = EDGE_CURVE('',#6977,#6985,#6987,.T.);
#6985 = VERTEX_POINT('',#6986);
#6986 = CARTESIAN_POINT('',(20.,150.,212.));
#6987 = LINE('',#6988,#6989);
#6988 = CARTESIAN_POINT('',(20.,150.,137.));
#6989 = VECTOR('',#6990,1.);
#6990 = DIRECTION('',(0.,0.,1.));
#6991 = ORIENTED_EDGE('',*,*,#6992,.F.);
#6992 = EDGE_CURVE('',#6954,#6985,#6993,.T.);
#6993 = LINE('',#6994,#6995);
#6994 = CARTESIAN_POINT('',(20.,54.,212.));
#6995 = VECTOR('',#6996,1.);
#6996 = DIRECTION('',(-0.,1.,0.));
#6997 = PLANE('',#6998);
#6998 = AXIS2_PLACEMENT_3D('',#6999,#7000,#7001);
#6999 = CARTESIAN_POINT('',(20.,54.,137.));
#7000 = DIRECTION('',(1.,0.,-0.));
#7001 = DIRECTION('',(0.,0.,1.));
#7002 = ADVANCED_FACE('',(#7003),#7069,.F.);
#7003 = FACE_BOUND('',#7004,.F.);
#7004 = EDGE_LOOP('',(#7005,#7006,#7012,#7013,#7014,#7022,#7030,#7038,
    #7046,#7054,#7062,#7068));
#7005 = ORIENTED_EDGE('',*,*,#2085,.T.);
#7006 = ORIENTED_EDGE('',*,*,#7007,.F.);
#7007 = EDGE_CURVE('',#2134,#2078,#7008,.T.);
#7008 = LINE('',#7009,#7010);
#7009 = CARTESIAN_POINT('',(20.,148.,138.));
#7010 = VECTOR('',#7011,1.);
#7011 = DIRECTION('',(1.,0.,-0.));
#7012 = ORIENTED_EDGE('',*,*,#2133,.F.);
#7013 = ORIENTED_EDGE('',*,*,#2125,.F.);
#7014 = ORIENTED_EDGE('',*,*,#7015,.T.);
#7015 = EDGE_CURVE('',#2118,#7016,#7018,.T.);
#7016 = VERTEX_POINT('',#7017);
#7017 = CARTESIAN_POINT('',(53.,62.,138.));
#7018 = LINE('',#7019,#7020);
#7019 = CARTESIAN_POINT('',(53.,54.,138.));
#7020 = VECTOR('',#7021,1.);
#7021 = DIRECTION('',(-0.,1.,0.));
#7022 = ORIENTED_EDGE('',*,*,#7023,.T.);
#7023 = EDGE_CURVE('',#7016,#7024,#7026,.T.);
#7024 = VERTEX_POINT('',#7025);
#7025 = CARTESIAN_POINT('',(30.,62.,138.));
#7026 = LINE('',#7027,#7028);
#7027 = CARTESIAN_POINT('',(25.,62.,138.));
#7028 = VECTOR('',#7029,1.);
#7029 = DIRECTION('',(-1.,-0.,0.));
#7030 = ORIENTED_EDGE('',*,*,#7031,.T.);
#7031 = EDGE_CURVE('',#7024,#7032,#7034,.T.);
#7032 = VERTEX_POINT('',#7033);
#7033 = CARTESIAN_POINT('',(30.,140.,138.));
#7034 = LINE('',#7035,#7036);
#7035 = CARTESIAN_POINT('',(30.,58.,138.));
#7036 = VECTOR('',#7037,1.);
#7037 = DIRECTION('',(-0.,1.,0.));
#7038 = ORIENTED_EDGE('',*,*,#7039,.F.);
#7039 = EDGE_CURVE('',#7040,#7032,#7042,.T.);
#7040 = VERTEX_POINT('',#7041);
#7041 = CARTESIAN_POINT('',(156.,140.,138.));
#7042 = LINE('',#7043,#7044);
#7043 = CARTESIAN_POINT('',(25.,140.,138.));
#7044 = VECTOR('',#7045,1.);
#7045 = DIRECTION('',(-1.,-0.,0.));
#7046 = ORIENTED_EDGE('',*,*,#7047,.F.);
#7047 = EDGE_CURVE('',#7048,#7040,#7050,.T.);
#7048 = VERTEX_POINT('',#7049);
#7049 = CARTESIAN_POINT('',(156.,62.,138.));
#7050 = LINE('',#7051,#7052);
#7051 = CARTESIAN_POINT('',(156.,58.,138.));
#7052 = VECTOR('',#7053,1.);
#7053 = DIRECTION('',(-0.,1.,0.));
#7054 = ORIENTED_EDGE('',*,*,#7055,.T.);
#7055 = EDGE_CURVE('',#7048,#7056,#7058,.T.);
#7056 = VERTEX_POINT('',#7057);
#7057 = CARTESIAN_POINT('',(132.5,62.,138.));
#7058 = LINE('',#7059,#7060);
#7059 = CARTESIAN_POINT('',(25.,62.,138.));
#7060 = VECTOR('',#7061,1.);
#7061 = DIRECTION('',(-1.,-0.,0.));
#7062 = ORIENTED_EDGE('',*,*,#7063,.F.);
#7063 = EDGE_CURVE('',#2094,#7056,#7064,.T.);
#7064 = LINE('',#7065,#7066);
#7065 = CARTESIAN_POINT('',(132.5,54.,138.));
#7066 = VECTOR('',#7067,1.);
#7067 = DIRECTION('',(-0.,1.,0.));
#7068 = ORIENTED_EDGE('',*,*,#2093,.F.);
#7069 = PLANE('',#7070);
#7070 = AXIS2_PLACEMENT_3D('',#7071,#7072,#7073);
#7071 = CARTESIAN_POINT('',(20.,54.,138.));
#7072 = DIRECTION('',(0.,0.,1.));
#7073 = DIRECTION('',(1.,0.,-0.));
#7074 = ADVANCED_FACE('',(#7075),#7155,.T.);
#7075 = FACE_BOUND('',#7076,.T.);
#7076 = EDGE_LOOP('',(#7077,#7087,#7093,#7094,#7095,#7096,#7104,#7110,
    #7111,#7119,#7127,#7133,#7134,#7142,#7148,#7149));
#7077 = ORIENTED_EDGE('',*,*,#7078,.F.);
#7078 = EDGE_CURVE('',#7079,#7081,#7083,.T.);
#7079 = VERTEX_POINT('',#7080);
#7080 = CARTESIAN_POINT('',(166.,54.,141.));
#7081 = VERTEX_POINT('',#7082);
#7082 = CARTESIAN_POINT('',(166.,54.,212.));
#7083 = LINE('',#7084,#7085);
#7084 = CARTESIAN_POINT('',(166.,54.,137.));
#7085 = VECTOR('',#7086,1.);
#7086 = DIRECTION('',(0.,0.,1.));
#7087 = ORIENTED_EDGE('',*,*,#7088,.F.);
#7088 = EDGE_CURVE('',#2533,#7079,#7089,.T.);
#7089 = LINE('',#7090,#7091);
#7090 = CARTESIAN_POINT('',(20.,54.,141.));
#7091 = VECTOR('',#7092,1.);
#7092 = DIRECTION('',(1.,0.,-0.));
#7093 = ORIENTED_EDGE('',*,*,#2540,.F.);
#7094 = ORIENTED_EDGE('',*,*,#2460,.F.);
#7095 = ORIENTED_EDGE('',*,*,#2500,.T.);
#7096 = ORIENTED_EDGE('',*,*,#7097,.F.);
#7097 = EDGE_CURVE('',#7098,#2493,#7100,.T.);
#7098 = VERTEX_POINT('',#7099);
#7099 = CARTESIAN_POINT('',(132.5,54.,141.));
#7100 = LINE('',#7101,#7102);
#7101 = CARTESIAN_POINT('',(20.,54.,141.));
#7102 = VECTOR('',#7103,1.);
#7103 = DIRECTION('',(1.,0.,-0.));
#7104 = ORIENTED_EDGE('',*,*,#7105,.F.);
#7105 = EDGE_CURVE('',#2094,#7098,#7106,.T.);
#7106 = LINE('',#7107,#7108);
#7107 = CARTESIAN_POINT('',(132.5,54.,137.));
#7108 = VECTOR('',#7109,1.);
#7109 = DIRECTION('',(0.,0.,1.));
#7110 = ORIENTED_EDGE('',*,*,#2101,.T.);
#7111 = ORIENTED_EDGE('',*,*,#7112,.T.);
#7112 = EDGE_CURVE('',#2102,#7113,#7115,.T.);
#7113 = VERTEX_POINT('',#7114);
#7114 = CARTESIAN_POINT('',(98.5,54.,141.));
#7115 = LINE('',#7116,#7117);
#7116 = CARTESIAN_POINT('',(98.5,54.,137.));
#7117 = VECTOR('',#7118,1.);
#7118 = DIRECTION('',(0.,0.,1.));
#7119 = ORIENTED_EDGE('',*,*,#7120,.F.);
#7120 = EDGE_CURVE('',#7121,#7113,#7123,.T.);
#7121 = VERTEX_POINT('',#7122);
#7122 = CARTESIAN_POINT('',(87.,54.,141.));
#7123 = LINE('',#7124,#7125);
#7124 = CARTESIAN_POINT('',(20.,54.,141.));
#7125 = VECTOR('',#7126,1.);
#7126 = DIRECTION('',(1.,0.,-0.));
#7127 = ORIENTED_EDGE('',*,*,#7128,.F.);
#7128 = EDGE_CURVE('',#2110,#7121,#7129,.T.);
#7129 = LINE('',#7130,#7131);
#7130 = CARTESIAN_POINT('',(87.,54.,137.));
#7131 = VECTOR('',#7132,1.);
#7132 = DIRECTION('',(0.,0.,1.));
#7133 = ORIENTED_EDGE('',*,*,#2117,.T.);
#7134 = ORIENTED_EDGE('',*,*,#7135,.T.);
#7135 = EDGE_CURVE('',#2118,#7136,#7138,.T.);
#7136 = VERTEX_POINT('',#7137);
#7137 = CARTESIAN_POINT('',(53.,54.,141.));
#7138 = LINE('',#7139,#7140);
#7139 = CARTESIAN_POINT('',(53.,54.,137.));
#7140 = VECTOR('',#7141,1.);
#7141 = DIRECTION('',(0.,0.,1.));
#7142 = ORIENTED_EDGE('',*,*,#7143,.F.);
#7143 = EDGE_CURVE('',#6952,#7136,#7144,.T.);
#7144 = LINE('',#7145,#7146);
#7145 = CARTESIAN_POINT('',(20.,54.,141.));
#7146 = VECTOR('',#7147,1.);
#7147 = DIRECTION('',(1.,0.,-0.));
#7148 = ORIENTED_EDGE('',*,*,#6951,.T.);
#7149 = ORIENTED_EDGE('',*,*,#7150,.T.);
#7150 = EDGE_CURVE('',#6954,#7081,#7151,.T.);
#7151 = LINE('',#7152,#7153);
#7152 = CARTESIAN_POINT('',(20.,54.,212.));
#7153 = VECTOR('',#7154,1.);
#7154 = DIRECTION('',(1.,0.,-0.));
#7155 = PLANE('',#7156);
#7156 = AXIS2_PLACEMENT_3D('',#7157,#7158,#7159);
#7157 = CARTESIAN_POINT('',(20.,54.,137.));
#7158 = DIRECTION('',(-0.,1.,0.));
#7159 = DIRECTION('',(0.,0.,1.));
#7160 = ADVANCED_FACE('',(#7161),#7186,.F.);
#7161 = FACE_BOUND('',#7162,.F.);
#7162 = EDGE_LOOP('',(#7163,#7164,#7172,#7180));
#7163 = ORIENTED_EDGE('',*,*,#2109,.F.);
#7164 = ORIENTED_EDGE('',*,*,#7165,.T.);
#7165 = EDGE_CURVE('',#2102,#7166,#7168,.T.);
#7166 = VERTEX_POINT('',#7167);
#7167 = CARTESIAN_POINT('',(98.5,62.,138.));
#7168 = LINE('',#7169,#7170);
#7169 = CARTESIAN_POINT('',(98.5,54.,138.));
#7170 = VECTOR('',#7171,1.);
#7171 = DIRECTION('',(-0.,1.,0.));
#7172 = ORIENTED_EDGE('',*,*,#7173,.T.);
#7173 = EDGE_CURVE('',#7166,#7174,#7176,.T.);
#7174 = VERTEX_POINT('',#7175);
#7175 = CARTESIAN_POINT('',(87.,62.,138.));
#7176 = LINE('',#7177,#7178);
#7177 = CARTESIAN_POINT('',(25.,62.,138.));
#7178 = VECTOR('',#7179,1.);
#7179 = DIRECTION('',(-1.,-0.,0.));
#7180 = ORIENTED_EDGE('',*,*,#7181,.F.);
#7181 = EDGE_CURVE('',#2110,#7174,#7182,.T.);
#7182 = LINE('',#7183,#7184);
#7183 = CARTESIAN_POINT('',(87.,54.,138.));
#7184 = VECTOR('',#7185,1.);
#7185 = DIRECTION('',(-0.,1.,0.));
#7186 = PLANE('',#7187);
#7187 = AXIS2_PLACEMENT_3D('',#7188,#7189,#7190);
#7188 = CARTESIAN_POINT('',(20.,54.,138.));
#7189 = DIRECTION('',(0.,0.,1.));
#7190 = DIRECTION('',(1.,0.,-0.));
#7191 = ADVANCED_FACE('',(#7192),#7232,.F.);
#7192 = FACE_BOUND('',#7193,.F.);
#7193 = EDGE_LOOP('',(#7194,#7195,#7203,#7209,#7210,#7218,#7226));
#7194 = ORIENTED_EDGE('',*,*,#7078,.F.);
#7195 = ORIENTED_EDGE('',*,*,#7196,.T.);
#7196 = EDGE_CURVE('',#7079,#7197,#7199,.T.);
#7197 = VERTEX_POINT('',#7198);
#7198 = CARTESIAN_POINT('',(166.,148.,141.));
#7199 = LINE('',#7200,#7201);
#7200 = CARTESIAN_POINT('',(166.,54.,141.));
#7201 = VECTOR('',#7202,1.);
#7202 = DIRECTION('',(-0.,1.,0.));
#7203 = ORIENTED_EDGE('',*,*,#7204,.F.);
#7204 = EDGE_CURVE('',#2078,#7197,#7205,.T.);
#7205 = LINE('',#7206,#7207);
#7206 = CARTESIAN_POINT('',(166.,148.,138.));
#7207 = VECTOR('',#7208,1.);
#7208 = DIRECTION('',(0.,0.,1.));
#7209 = ORIENTED_EDGE('',*,*,#2077,.T.);
#7210 = ORIENTED_EDGE('',*,*,#7211,.T.);
#7211 = EDGE_CURVE('',#2070,#7212,#7214,.T.);
#7212 = VERTEX_POINT('',#7213);
#7213 = CARTESIAN_POINT('',(166.,150.,138.));
#7214 = LINE('',#7215,#7216);
#7215 = CARTESIAN_POINT('',(166.,51.25,138.));
#7216 = VECTOR('',#7217,1.);
#7217 = DIRECTION('',(-0.,1.,0.));
#7218 = ORIENTED_EDGE('',*,*,#7219,.T.);
#7219 = EDGE_CURVE('',#7212,#7220,#7222,.T.);
#7220 = VERTEX_POINT('',#7221);
#7221 = CARTESIAN_POINT('',(166.,150.,212.));
#7222 = LINE('',#7223,#7224);
#7223 = CARTESIAN_POINT('',(166.,150.,137.));
#7224 = VECTOR('',#7225,1.);
#7225 = DIRECTION('',(0.,0.,1.));
#7226 = ORIENTED_EDGE('',*,*,#7227,.F.);
#7227 = EDGE_CURVE('',#7081,#7220,#7228,.T.);
#7228 = LINE('',#7229,#7230);
#7229 = CARTESIAN_POINT('',(166.,54.,212.));
#7230 = VECTOR('',#7231,1.);
#7231 = DIRECTION('',(-0.,1.,0.));
#7232 = PLANE('',#7233);
#7233 = AXIS2_PLACEMENT_3D('',#7234,#7235,#7236);
#7234 = CARTESIAN_POINT('',(166.,54.,137.));
#7235 = DIRECTION('',(1.,0.,-0.));
#7236 = DIRECTION('',(0.,0.,1.));
#7237 = ADVANCED_FACE('',(#7238),#7249,.F.);
#7238 = FACE_BOUND('',#7239,.F.);
#7239 = EDGE_LOOP('',(#7240,#7241,#7242,#7243));
#7240 = ORIENTED_EDGE('',*,*,#2021,.T.);
#7241 = ORIENTED_EDGE('',*,*,#6767,.T.);
#7242 = ORIENTED_EDGE('',*,*,#2053,.F.);
#7243 = ORIENTED_EDGE('',*,*,#7244,.F.);
#7244 = EDGE_CURVE('',#2022,#2046,#7245,.T.);
#7245 = LINE('',#7246,#7247);
#7246 = CARTESIAN_POINT('',(182.7,94.5,138.));
#7247 = VECTOR('',#7248,1.);
#7248 = DIRECTION('',(0.,1.,0.));
#7249 = PLANE('',#7250);
#7250 = AXIS2_PLACEMENT_3D('',#7251,#7252,#7253);
#7251 = CARTESIAN_POINT('',(0.,48.5,138.));
#7252 = DIRECTION('',(0.,0.,1.));
#7253 = DIRECTION('',(1.,0.,-0.));
#7254 = ADVANCED_FACE('',(#7255),#7304,.F.);
#7255 = FACE_BOUND('',#7256,.F.);
#7256 = EDGE_LOOP('',(#7257,#7258,#7266,#7274,#7282,#7290,#7298));
#7257 = ORIENTED_EDGE('',*,*,#2045,.F.);
#7258 = ORIENTED_EDGE('',*,*,#7259,.T.);
#7259 = EDGE_CURVE('',#2038,#7260,#7262,.T.);
#7260 = VERTEX_POINT('',#7261);
#7261 = CARTESIAN_POINT('',(180.9,105.5,115.));
#7262 = LINE('',#7263,#7264);
#7263 = CARTESIAN_POINT('',(180.3,105.5,138.));
#7264 = VECTOR('',#7265,1.);
#7265 = DIRECTION('',(2.607808458056E-02,0.,-0.999659908921));
#7266 = ORIENTED_EDGE('',*,*,#7267,.T.);
#7267 = EDGE_CURVE('',#7260,#7268,#7270,.T.);
#7268 = VERTEX_POINT('',#7269);
#7269 = CARTESIAN_POINT('',(182.7,105.5,115.));
#7270 = LINE('',#7271,#7272);
#7271 = CARTESIAN_POINT('',(180.9,105.5,115.));
#7272 = VECTOR('',#7273,1.);
#7273 = DIRECTION('',(1.,0.,0.));
#7274 = ORIENTED_EDGE('',*,*,#7275,.T.);
#7275 = EDGE_CURVE('',#7268,#7276,#7278,.T.);
#7276 = VERTEX_POINT('',#7277);
#7277 = CARTESIAN_POINT('',(185.6,105.5,121.));
#7278 = LINE('',#7279,#7280);
#7279 = CARTESIAN_POINT('',(182.7,105.5,115.));
#7280 = VECTOR('',#7281,1.);
#7281 = DIRECTION('',(0.43516866054,0.,0.900348952842));
#7282 = ORIENTED_EDGE('',*,*,#7283,.T.);
#7283 = EDGE_CURVE('',#7276,#7284,#7286,.T.);
#7284 = VERTEX_POINT('',#7285);
#7285 = CARTESIAN_POINT('',(185.6,105.5,127.));
#7286 = LINE('',#7287,#7288);
#7287 = CARTESIAN_POINT('',(185.6,105.5,121.));
#7288 = VECTOR('',#7289,1.);
#7289 = DIRECTION('',(0.,0.,1.));
#7290 = ORIENTED_EDGE('',*,*,#7291,.T.);
#7291 = EDGE_CURVE('',#7284,#7292,#7294,.T.);
#7292 = VERTEX_POINT('',#7293);
#7293 = CARTESIAN_POINT('',(182.7,105.5,127.));
#7294 = LINE('',#7295,#7296);
#7295 = CARTESIAN_POINT('',(185.6,105.5,127.));
#7296 = VECTOR('',#7297,1.);
#7297 = DIRECTION('',(-1.,0.,0.));
#7298 = ORIENTED_EDGE('',*,*,#7299,.T.);
#7299 = EDGE_CURVE('',#7292,#2046,#7300,.T.);
#7300 = LINE('',#7301,#7302);
#7301 = CARTESIAN_POINT('',(182.7,105.5,127.));
#7302 = VECTOR('',#7303,1.);
#7303 = DIRECTION('',(0.,0.,1.));
#7304 = PLANE('',#7305);
#7305 = AXIS2_PLACEMENT_3D('',#7306,#7307,#7308);
#7306 = CARTESIAN_POINT('',(182.59676298162,105.5,129.56273882517));
#7307 = DIRECTION('',(-0.,-1.,-0.));
#7308 = DIRECTION('',(0.,0.,-1.));
#7309 = ADVANCED_FACE('',(#7310),#7328,.T.);
#7310 = FACE_BOUND('',#7311,.T.);
#7311 = EDGE_LOOP('',(#7312,#7313,#7314,#7322));
#7312 = ORIENTED_EDGE('',*,*,#2037,.T.);
#7313 = ORIENTED_EDGE('',*,*,#7259,.T.);
#7314 = ORIENTED_EDGE('',*,*,#7315,.F.);
#7315 = EDGE_CURVE('',#7316,#7260,#7318,.T.);
#7316 = VERTEX_POINT('',#7317);
#7317 = CARTESIAN_POINT('',(180.9,94.5,115.));
#7318 = LINE('',#7319,#7320);
#7319 = CARTESIAN_POINT('',(180.9,94.5,115.));
#7320 = VECTOR('',#7321,1.);
#7321 = DIRECTION('',(0.,1.,0.));
#7322 = ORIENTED_EDGE('',*,*,#7323,.F.);
#7323 = EDGE_CURVE('',#2030,#7316,#7324,.T.);
#7324 = LINE('',#7325,#7326);
#7325 = CARTESIAN_POINT('',(180.3,94.5,138.));
#7326 = VECTOR('',#7327,1.);
#7327 = DIRECTION('',(2.607808458056E-02,0.,-0.999659908921));
#7328 = PLANE('',#7329);
#7329 = AXIS2_PLACEMENT_3D('',#7330,#7331,#7332);
#7330 = CARTESIAN_POINT('',(180.3,94.5,138.));
#7331 = DIRECTION('',(-0.999659908921,0.,-2.607808458056E-02));
#7332 = DIRECTION('',(2.607808458056E-02,0.,-0.999659908921));
#7333 = ADVANCED_FACE('',(#7334),#7376,.T.);
#7334 = FACE_BOUND('',#7335,.T.);
#7335 = EDGE_LOOP('',(#7336,#7337,#7338,#7346,#7354,#7362,#7370));
#7336 = ORIENTED_EDGE('',*,*,#2029,.F.);
#7337 = ORIENTED_EDGE('',*,*,#7323,.T.);
#7338 = ORIENTED_EDGE('',*,*,#7339,.T.);
#7339 = EDGE_CURVE('',#7316,#7340,#7342,.T.);
#7340 = VERTEX_POINT('',#7341);
#7341 = CARTESIAN_POINT('',(182.7,94.5,115.));
#7342 = LINE('',#7343,#7344);
#7343 = CARTESIAN_POINT('',(180.9,94.5,115.));
#7344 = VECTOR('',#7345,1.);
#7345 = DIRECTION('',(1.,0.,0.));
#7346 = ORIENTED_EDGE('',*,*,#7347,.T.);
#7347 = EDGE_CURVE('',#7340,#7348,#7350,.T.);
#7348 = VERTEX_POINT('',#7349);
#7349 = CARTESIAN_POINT('',(185.6,94.5,121.));
#7350 = LINE('',#7351,#7352);
#7351 = CARTESIAN_POINT('',(182.7,94.5,115.));
#7352 = VECTOR('',#7353,1.);
#7353 = DIRECTION('',(0.43516866054,0.,0.900348952842));
#7354 = ORIENTED_EDGE('',*,*,#7355,.T.);
#7355 = EDGE_CURVE('',#7348,#7356,#7358,.T.);
#7356 = VERTEX_POINT('',#7357);
#7357 = CARTESIAN_POINT('',(185.6,94.5,127.));
#7358 = LINE('',#7359,#7360);
#7359 = CARTESIAN_POINT('',(185.6,94.5,121.));
#7360 = VECTOR('',#7361,1.);
#7361 = DIRECTION('',(0.,0.,1.));
#7362 = ORIENTED_EDGE('',*,*,#7363,.T.);
#7363 = EDGE_CURVE('',#7356,#7364,#7366,.T.);
#7364 = VERTEX_POINT('',#7365);
#7365 = CARTESIAN_POINT('',(182.7,94.5,127.));
#7366 = LINE('',#7367,#7368);
#7367 = CARTESIAN_POINT('',(185.6,94.5,127.));
#7368 = VECTOR('',#7369,1.);
#7369 = DIRECTION('',(-1.,0.,0.));
#7370 = ORIENTED_EDGE('',*,*,#7371,.T.);
#7371 = EDGE_CURVE('',#7364,#2022,#7372,.T.);
#7372 = LINE('',#7373,#7374);
#7373 = CARTESIAN_POINT('',(182.7,94.5,127.));
#7374 = VECTOR('',#7375,1.);
#7375 = DIRECTION('',(0.,0.,1.));
#7376 = PLANE('',#7377);
#7377 = AXIS2_PLACEMENT_3D('',#7378,#7379,#7380);
#7378 = CARTESIAN_POINT('',(182.59676298162,94.5,129.56273882517));
#7379 = DIRECTION('',(-0.,-1.,-0.));
#7380 = DIRECTION('',(0.,0.,-1.));
#7381 = ADVANCED_FACE('',(#7382),#7389,.F.);
#7382 = FACE_BOUND('',#7383,.F.);
#7383 = EDGE_LOOP('',(#7384,#7385,#7386,#7387,#7388));
#7384 = ORIENTED_EDGE('',*,*,#2005,.F.);
#7385 = ORIENTED_EDGE('',*,*,#2252,.T.);
#7386 = ORIENTED_EDGE('',*,*,#2269,.T.);
#7387 = ORIENTED_EDGE('',*,*,#2228,.F.);
#7388 = ORIENTED_EDGE('',*,*,#6744,.F.);
#7389 = PLANE('',#7390);
#7390 = AXIS2_PLACEMENT_3D('',#7391,#7392,#7393);
#7391 = CARTESIAN_POINT('',(182.85,51.6,138.));
#7392 = DIRECTION('',(-0.,1.,0.));
#7393 = DIRECTION('',(0.,0.,1.));
#7394 = ADVANCED_FACE('',(#7395),#7406,.F.);
#7395 = FACE_BOUND('',#7396,.F.);
#7396 = EDGE_LOOP('',(#7397,#7403,#7404,#7405));
#7397 = ORIENTED_EDGE('',*,*,#7398,.F.);
#7398 = EDGE_CURVE('',#2284,#2309,#7399,.T.);
#7399 = LINE('',#7400,#7401);
#7400 = CARTESIAN_POINT('',(3.3,48.,185.5));
#7401 = VECTOR('',#7402,1.);
#7402 = DIRECTION('',(-0.,1.,0.));
#7403 = ORIENTED_EDGE('',*,*,#2332,.T.);
#7404 = ORIENTED_EDGE('',*,*,#2324,.T.);
#7405 = ORIENTED_EDGE('',*,*,#2316,.F.);
#7406 = PLANE('',#7407);
#7407 = AXIS2_PLACEMENT_3D('',#7408,#7409,#7410);
#7408 = CARTESIAN_POINT('',(3.3,48.,185.5));
#7409 = DIRECTION('',(0.,0.,1.));
#7410 = DIRECTION('',(1.,0.,-0.));
#7411 = ADVANCED_FACE('',(#7412),#7428,.T.);
#7412 = FACE_BOUND('',#7413,.T.);
#7413 = EDGE_LOOP('',(#7414,#7415,#7421,#7422));
#7414 = ORIENTED_EDGE('',*,*,#2308,.F.);
#7415 = ORIENTED_EDGE('',*,*,#7416,.F.);
#7416 = EDGE_CURVE('',#2406,#2309,#7417,.T.);
#7417 = LINE('',#7418,#7419);
#7418 = CARTESIAN_POINT('',(3.3,60.,164.5));
#7419 = VECTOR('',#7420,1.);
#7420 = DIRECTION('',(0.,0.,1.));
#7421 = ORIENTED_EDGE('',*,*,#2405,.T.);
#7422 = ORIENTED_EDGE('',*,*,#7423,.T.);
#7423 = EDGE_CURVE('',#2398,#2301,#7424,.T.);
#7424 = LINE('',#7425,#7426);
#7425 = CARTESIAN_POINT('',(3.3,63.5,164.5));
#7426 = VECTOR('',#7427,1.);
#7427 = DIRECTION('',(0.,0.,1.));
#7428 = PLANE('',#7429);
#7429 = AXIS2_PLACEMENT_3D('',#7430,#7431,#7432);
#7430 = CARTESIAN_POINT('',(3.3,48.,164.5));
#7431 = DIRECTION('',(1.,0.,-0.));
#7432 = DIRECTION('',(0.,0.,1.));
#7433 = ADVANCED_FACE('',(#7434),#7440,.F.);
#7434 = FACE_BOUND('',#7435,.F.);
#7435 = EDGE_LOOP('',(#7436,#7437,#7438,#7439));
#7436 = ORIENTED_EDGE('',*,*,#2397,.F.);
#7437 = ORIENTED_EDGE('',*,*,#7423,.T.);
#7438 = ORIENTED_EDGE('',*,*,#2300,.T.);
#7439 = ORIENTED_EDGE('',*,*,#2380,.F.);
#7440 = PLANE('',#7441);
#7441 = AXIS2_PLACEMENT_3D('',#7442,#7443,#7444);
#7442 = CARTESIAN_POINT('',(3.3,63.5,164.5));
#7443 = DIRECTION('',(-0.,1.,0.));
#7444 = DIRECTION('',(0.,0.,1.));
#7445 = ADVANCED_FACE('',(#7446),#7471,.T.);
#7446 = FACE_BOUND('',#7447,.T.);
#7447 = EDGE_LOOP('',(#7448,#7456,#7464,#7470));
#7448 = ORIENTED_EDGE('',*,*,#7449,.F.);
#7449 = EDGE_CURVE('',#7450,#2349,#7452,.T.);
#7450 = VERTEX_POINT('',#7451);
#7451 = CARTESIAN_POINT('',(1.2,53.5,164.5));
#7452 = LINE('',#7453,#7454);
#7453 = CARTESIAN_POINT('',(1.2,53.5,164.5));
#7454 = VECTOR('',#7455,1.);
#7455 = DIRECTION('',(1.,0.,-0.));
#7456 = ORIENTED_EDGE('',*,*,#7457,.T.);
#7457 = EDGE_CURVE('',#7450,#7458,#7460,.T.);
#7458 = VERTEX_POINT('',#7459);
#7459 = CARTESIAN_POINT('',(1.2,53.5,185.5));
#7460 = LINE('',#7461,#7462);
#7461 = CARTESIAN_POINT('',(1.2,53.5,164.5));
#7462 = VECTOR('',#7463,1.);
#7463 = DIRECTION('',(0.,0.,1.));
#7464 = ORIENTED_EDGE('',*,*,#7465,.T.);
#7465 = EDGE_CURVE('',#7458,#2284,#7466,.T.);
#7466 = LINE('',#7467,#7468);
#7467 = CARTESIAN_POINT('',(1.2,53.5,185.5));
#7468 = VECTOR('',#7469,1.);
#7469 = DIRECTION('',(1.,0.,-0.));
#7470 = ORIENTED_EDGE('',*,*,#2356,.F.);
#7471 = PLANE('',#7472);
#7472 = AXIS2_PLACEMENT_3D('',#7473,#7474,#7475);
#7473 = CARTESIAN_POINT('',(1.2,53.5,164.5));
#7474 = DIRECTION('',(-0.,1.,0.));
#7475 = DIRECTION('',(0.,0.,1.));
#7476 = ADVANCED_FACE('',(#7477),#7488,.T.);
#7477 = FACE_BOUND('',#7478,.T.);
#7478 = EDGE_LOOP('',(#7479,#7485,#7486,#7487));
#7479 = ORIENTED_EDGE('',*,*,#7480,.F.);
#7480 = EDGE_CURVE('',#2349,#2406,#7481,.T.);
#7481 = LINE('',#7482,#7483);
#7482 = CARTESIAN_POINT('',(3.3,48.,164.5));
#7483 = VECTOR('',#7484,1.);
#7484 = DIRECTION('',(-0.,1.,0.));
#7485 = ORIENTED_EDGE('',*,*,#2429,.T.);
#7486 = ORIENTED_EDGE('',*,*,#2421,.T.);
#7487 = ORIENTED_EDGE('',*,*,#2413,.F.);
#7488 = PLANE('',#7489);
#7489 = AXIS2_PLACEMENT_3D('',#7490,#7491,#7492);
#7490 = CARTESIAN_POINT('',(3.3,48.,164.5));
#7491 = DIRECTION('',(0.,0.,1.));
#7492 = DIRECTION('',(1.,0.,-0.));
#7493 = ADVANCED_FACE('',(#7494),#7569,.T.);
#7494 = FACE_BOUND('',#7495,.T.);
#7495 = EDGE_LOOP('',(#7496,#7497,#7498,#7504,#7505,#7506,#7514,#7522,
    #7530,#7538,#7546,#7554,#7560,#7561,#7562,#7568));
#7496 = ORIENTED_EDGE('',*,*,#7088,.T.);
#7497 = ORIENTED_EDGE('',*,*,#7196,.T.);
#7498 = ORIENTED_EDGE('',*,*,#7499,.F.);
#7499 = EDGE_CURVE('',#6962,#7197,#7500,.T.);
#7500 = LINE('',#7501,#7502);
#7501 = CARTESIAN_POINT('',(20.,148.,141.));
#7502 = VECTOR('',#7503,1.);
#7503 = DIRECTION('',(1.,0.,-0.));
#7504 = ORIENTED_EDGE('',*,*,#6961,.F.);
#7505 = ORIENTED_EDGE('',*,*,#7143,.T.);
#7506 = ORIENTED_EDGE('',*,*,#7507,.T.);
#7507 = EDGE_CURVE('',#7136,#7508,#7510,.T.);
#7508 = VERTEX_POINT('',#7509);
#7509 = CARTESIAN_POINT('',(53.,62.,141.));
#7510 = LINE('',#7511,#7512);
#7511 = CARTESIAN_POINT('',(53.,54.,141.));
#7512 = VECTOR('',#7513,1.);
#7513 = DIRECTION('',(-0.,1.,0.));
#7514 = ORIENTED_EDGE('',*,*,#7515,.T.);
#7515 = EDGE_CURVE('',#7508,#7516,#7518,.T.);
#7516 = VERTEX_POINT('',#7517);
#7517 = CARTESIAN_POINT('',(30.,62.,141.));
#7518 = LINE('',#7519,#7520);
#7519 = CARTESIAN_POINT('',(25.,62.,141.));
#7520 = VECTOR('',#7521,1.);
#7521 = DIRECTION('',(-1.,-0.,0.));
#7522 = ORIENTED_EDGE('',*,*,#7523,.T.);
#7523 = EDGE_CURVE('',#7516,#7524,#7526,.T.);
#7524 = VERTEX_POINT('',#7525);
#7525 = CARTESIAN_POINT('',(30.,140.,141.));
#7526 = LINE('',#7527,#7528);
#7527 = CARTESIAN_POINT('',(30.,58.,141.));
#7528 = VECTOR('',#7529,1.);
#7529 = DIRECTION('',(-0.,1.,0.));
#7530 = ORIENTED_EDGE('',*,*,#7531,.F.);
#7531 = EDGE_CURVE('',#7532,#7524,#7534,.T.);
#7532 = VERTEX_POINT('',#7533);
#7533 = CARTESIAN_POINT('',(156.,140.,141.));
#7534 = LINE('',#7535,#7536);
#7535 = CARTESIAN_POINT('',(25.,140.,141.));
#7536 = VECTOR('',#7537,1.);
#7537 = DIRECTION('',(-1.,-0.,0.));
#7538 = ORIENTED_EDGE('',*,*,#7539,.F.);
#7539 = EDGE_CURVE('',#7540,#7532,#7542,.T.);
#7540 = VERTEX_POINT('',#7541);
#7541 = CARTESIAN_POINT('',(156.,62.,141.));
#7542 = LINE('',#7543,#7544);
#7543 = CARTESIAN_POINT('',(156.,58.,141.));
#7544 = VECTOR('',#7545,1.);
#7545 = DIRECTION('',(-0.,1.,0.));
#7546 = ORIENTED_EDGE('',*,*,#7547,.T.);
#7547 = EDGE_CURVE('',#7540,#7548,#7550,.T.);
#7548 = VERTEX_POINT('',#7549);
#7549 = CARTESIAN_POINT('',(132.5,62.,141.));
#7550 = LINE('',#7551,#7552);
#7551 = CARTESIAN_POINT('',(25.,62.,141.));
#7552 = VECTOR('',#7553,1.);
#7553 = DIRECTION('',(-1.,-0.,0.));
#7554 = ORIENTED_EDGE('',*,*,#7555,.F.);
#7555 = EDGE_CURVE('',#7098,#7548,#7556,.T.);
#7556 = LINE('',#7557,#7558);
#7557 = CARTESIAN_POINT('',(132.5,54.,141.));
#7558 = VECTOR('',#7559,1.);
#7559 = DIRECTION('',(-0.,1.,0.));
#7560 = ORIENTED_EDGE('',*,*,#7097,.T.);
#7561 = ORIENTED_EDGE('',*,*,#2492,.T.);
#7562 = ORIENTED_EDGE('',*,*,#7563,.F.);
#7563 = EDGE_CURVE('',#2525,#2485,#7564,.T.);
#7564 = LINE('',#7565,#7566);
#7565 = CARTESIAN_POINT('',(77.,56.,141.));
#7566 = VECTOR('',#7567,1.);
#7567 = DIRECTION('',(-1.,-0.,0.));
#7568 = ORIENTED_EDGE('',*,*,#2532,.F.);
#7569 = PLANE('',#7570);
#7570 = AXIS2_PLACEMENT_3D('',#7571,#7572,#7573);
#7571 = CARTESIAN_POINT('',(20.,54.,141.));
#7572 = DIRECTION('',(0.,0.,1.));
#7573 = DIRECTION('',(1.,0.,-0.));
#7574 = ADVANCED_FACE('',(#7575),#7581,.F.);
#7575 = FACE_BOUND('',#7576,.F.);
#7576 = EDGE_LOOP('',(#7577,#7578,#7579,#7580));
#7577 = ORIENTED_EDGE('',*,*,#2524,.F.);
#7578 = ORIENTED_EDGE('',*,*,#2557,.F.);
#7579 = ORIENTED_EDGE('',*,*,#2484,.T.);
#7580 = ORIENTED_EDGE('',*,*,#7563,.F.);
#7581 = PLANE('',#7582);
#7582 = AXIS2_PLACEMENT_3D('',#7583,#7584,#7585);
#7583 = CARTESIAN_POINT('',(134.,56.,140.));
#7584 = DIRECTION('',(-0.,1.,0.));
#7585 = DIRECTION('',(0.,0.,1.));
#7586 = ADVANCED_FACE('',(#7587),#7603,.F.);
#7587 = FACE_BOUND('',#7588,.F.);
#7588 = EDGE_LOOP('',(#7589,#7590,#7596,#7597));
#7589 = ORIENTED_EDGE('',*,*,#2571,.F.);
#7590 = ORIENTED_EDGE('',*,*,#7591,.F.);
#7591 = EDGE_CURVE('',#2659,#2572,#7592,.T.);
#7592 = LINE('',#7593,#7594);
#7593 = CARTESIAN_POINT('',(182.7,60.,164.5));
#7594 = VECTOR('',#7595,1.);
#7595 = DIRECTION('',(0.,0.,1.));
#7596 = ORIENTED_EDGE('',*,*,#2658,.T.);
#7597 = ORIENTED_EDGE('',*,*,#7598,.T.);
#7598 = EDGE_CURVE('',#2661,#2574,#7599,.T.);
#7599 = LINE('',#7600,#7601);
#7600 = CARTESIAN_POINT('',(182.7,63.5,164.5));
#7601 = VECTOR('',#7602,1.);
#7602 = DIRECTION('',(0.,0.,1.));
#7603 = PLANE('',#7604);
#7604 = AXIS2_PLACEMENT_3D('',#7605,#7606,#7607);
#7605 = CARTESIAN_POINT('',(182.7,48.,164.5));
#7606 = DIRECTION('',(1.,0.,-0.));
#7607 = DIRECTION('',(0.,0.,1.));
#7608 = ADVANCED_FACE('',(#7609),#7620,.F.);
#7609 = FACE_BOUND('',#7610,.F.);
#7610 = EDGE_LOOP('',(#7611,#7617,#7618,#7619));
#7611 = ORIENTED_EDGE('',*,*,#7612,.T.);
#7612 = EDGE_CURVE('',#2597,#2572,#7613,.T.);
#7613 = LINE('',#7614,#7615);
#7614 = CARTESIAN_POINT('',(182.7,48.,185.5));
#7615 = VECTOR('',#7616,1.);
#7616 = DIRECTION('',(-0.,1.,0.));
#7617 = ORIENTED_EDGE('',*,*,#2620,.F.);
#7618 = ORIENTED_EDGE('',*,*,#2612,.F.);
#7619 = ORIENTED_EDGE('',*,*,#2604,.T.);
#7620 = PLANE('',#7621);
#7621 = AXIS2_PLACEMENT_3D('',#7622,#7623,#7624);
#7622 = CARTESIAN_POINT('',(179.7,48.,185.5));
#7623 = DIRECTION('',(0.,0.,1.));
#7624 = DIRECTION('',(1.,0.,-0.));
#7625 = ADVANCED_FACE('',(#7626),#7632,.F.);
#7626 = FACE_BOUND('',#7627,.F.);
#7627 = EDGE_LOOP('',(#7628,#7629,#7630,#7631));
#7628 = ORIENTED_EDGE('',*,*,#2668,.F.);
#7629 = ORIENTED_EDGE('',*,*,#2717,.T.);
#7630 = ORIENTED_EDGE('',*,*,#2581,.T.);
#7631 = ORIENTED_EDGE('',*,*,#7598,.F.);
#7632 = PLANE('',#7633);
#7633 = AXIS2_PLACEMENT_3D('',#7634,#7635,#7636);
#7634 = CARTESIAN_POINT('',(179.7,63.5,164.5));
#7635 = DIRECTION('',(-0.,1.,0.));
#7636 = DIRECTION('',(0.,0.,1.));
#7637 = ADVANCED_FACE('',(#7638),#7663,.T.);
#7638 = FACE_BOUND('',#7639,.T.);
#7639 = EDGE_LOOP('',(#7640,#7648,#7649,#7657));
#7640 = ORIENTED_EDGE('',*,*,#7641,.F.);
#7641 = EDGE_CURVE('',#2637,#7642,#7644,.T.);
#7642 = VERTEX_POINT('',#7643);
#7643 = CARTESIAN_POINT('',(184.8,53.5,164.5));
#7644 = LINE('',#7645,#7646);
#7645 = CARTESIAN_POINT('',(182.2,53.5,164.5));
#7646 = VECTOR('',#7647,1.);
#7647 = DIRECTION('',(1.,0.,-0.));
#7648 = ORIENTED_EDGE('',*,*,#2644,.T.);
#7649 = ORIENTED_EDGE('',*,*,#7650,.T.);
#7650 = EDGE_CURVE('',#2597,#7651,#7653,.T.);
#7651 = VERTEX_POINT('',#7652);
#7652 = CARTESIAN_POINT('',(184.8,53.5,185.5));
#7653 = LINE('',#7654,#7655);
#7654 = CARTESIAN_POINT('',(182.2,53.5,185.5));
#7655 = VECTOR('',#7656,1.);
#7656 = DIRECTION('',(1.,0.,-0.));
#7657 = ORIENTED_EDGE('',*,*,#7658,.F.);
#7658 = EDGE_CURVE('',#7642,#7651,#7659,.T.);
#7659 = LINE('',#7660,#7661);
#7660 = CARTESIAN_POINT('',(184.8,53.5,164.5));
#7661 = VECTOR('',#7662,1.);
#7662 = DIRECTION('',(0.,0.,1.));
#7663 = PLANE('',#7664);
#7664 = AXIS2_PLACEMENT_3D('',#7665,#7666,#7667);
#7665 = CARTESIAN_POINT('',(182.2,53.5,164.5));
#7666 = DIRECTION('',(-0.,1.,0.));
#7667 = DIRECTION('',(0.,0.,1.));
#7668 = ADVANCED_FACE('',(#7669),#7680,.T.);
#7669 = FACE_BOUND('',#7670,.T.);
#7670 = EDGE_LOOP('',(#7671,#7677,#7678,#7679));
#7671 = ORIENTED_EDGE('',*,*,#7672,.T.);
#7672 = EDGE_CURVE('',#2637,#2659,#7673,.T.);
#7673 = LINE('',#7674,#7675);
#7674 = CARTESIAN_POINT('',(182.7,48.,164.5));
#7675 = VECTOR('',#7676,1.);
#7676 = DIRECTION('',(-0.,1.,0.));
#7677 = ORIENTED_EDGE('',*,*,#2700,.F.);
#7678 = ORIENTED_EDGE('',*,*,#2692,.F.);
#7679 = ORIENTED_EDGE('',*,*,#2684,.T.);
#7680 = PLANE('',#7681);
#7681 = AXIS2_PLACEMENT_3D('',#7682,#7683,#7684);
#7682 = CARTESIAN_POINT('',(179.7,48.,164.5));
#7683 = DIRECTION('',(0.,0.,1.));
#7684 = DIRECTION('',(1.,0.,-0.));
#7685 = ADVANCED_FACE('',(#7686,#7697,#7700,#7706,#7712,#7718,#7724,
    #7730,#7736,#7742,#7748,#7754,#7760,#7763,#7769,#7775,#7781,#7787,
    #7793,#7799,#7805,#7811,#7817,#7823,#7829,#7835,#7841,#7844,#7850,
    #7856,#7862,#7868,#7874,#7880,#7886,#7892,#7898,#7904,#7910,#7916,
    #7922,#7928),#7931,.F.);
#7686 = FACE_BOUND('',#7687,.F.);
#7687 = EDGE_LOOP('',(#7688,#7689,#7690,#7691));
#7688 = ORIENTED_EDGE('',*,*,#6992,.F.);
#7689 = ORIENTED_EDGE('',*,*,#7150,.T.);
#7690 = ORIENTED_EDGE('',*,*,#7227,.T.);
#7691 = ORIENTED_EDGE('',*,*,#7692,.F.);
#7692 = EDGE_CURVE('',#6985,#7220,#7693,.T.);
#7693 = LINE('',#7694,#7695);
#7694 = CARTESIAN_POINT('',(20.,150.,212.));
#7695 = VECTOR('',#7696,1.);
#7696 = DIRECTION('',(1.,0.,-0.));
#7697 = FACE_BOUND('',#7698,.F.);
#7698 = EDGE_LOOP('',(#7699));
#7699 = ORIENTED_EDGE('',*,*,#2740,.F.);
#7700 = FACE_BOUND('',#7701,.F.);
#7701 = EDGE_LOOP('',(#7702,#7703,#7704,#7705));
#7702 = ORIENTED_EDGE('',*,*,#2756,.F.);
#7703 = ORIENTED_EDGE('',*,*,#2835,.F.);
#7704 = ORIENTED_EDGE('',*,*,#2811,.F.);
#7705 = ORIENTED_EDGE('',*,*,#2787,.F.);
#7706 = FACE_BOUND('',#7707,.F.);
#7707 = EDGE_LOOP('',(#7708,#7709,#7710,#7711));
#7708 = ORIENTED_EDGE('',*,*,#2852,.F.);
#7709 = ORIENTED_EDGE('',*,*,#2931,.F.);
#7710 = ORIENTED_EDGE('',*,*,#2907,.F.);
#7711 = ORIENTED_EDGE('',*,*,#2883,.F.);
#7712 = FACE_BOUND('',#7713,.F.);
#7713 = EDGE_LOOP('',(#7714,#7715,#7716,#7717));
#7714 = ORIENTED_EDGE('',*,*,#2948,.F.);
#7715 = ORIENTED_EDGE('',*,*,#3027,.F.);
#7716 = ORIENTED_EDGE('',*,*,#3003,.F.);
#7717 = ORIENTED_EDGE('',*,*,#2979,.F.);
#7718 = FACE_BOUND('',#7719,.F.);
#7719 = EDGE_LOOP('',(#7720,#7721,#7722,#7723));
#7720 = ORIENTED_EDGE('',*,*,#3044,.F.);
#7721 = ORIENTED_EDGE('',*,*,#3123,.F.);
#7722 = ORIENTED_EDGE('',*,*,#3099,.F.);
#7723 = ORIENTED_EDGE('',*,*,#3075,.F.);
#7724 = FACE_BOUND('',#7725,.F.);
#7725 = EDGE_LOOP('',(#7726,#7727,#7728,#7729));
#7726 = ORIENTED_EDGE('',*,*,#3140,.F.);
#7727 = ORIENTED_EDGE('',*,*,#3219,.F.);
#7728 = ORIENTED_EDGE('',*,*,#3195,.F.);
#7729 = ORIENTED_EDGE('',*,*,#3171,.F.);
#7730 = FACE_BOUND('',#7731,.F.);
#7731 = EDGE_LOOP('',(#7732,#7733,#7734,#7735));
#7732 = ORIENTED_EDGE('',*,*,#3236,.F.);
#7733 = ORIENTED_EDGE('',*,*,#3315,.F.);
#7734 = ORIENTED_EDGE('',*,*,#3291,.F.);
#7735 = ORIENTED_EDGE('',*,*,#3267,.F.);
#7736 = FACE_BOUND('',#7737,.F.);
#7737 = EDGE_LOOP('',(#7738,#7739,#7740,#7741));
#7738 = ORIENTED_EDGE('',*,*,#3332,.F.);
#7739 = ORIENTED_EDGE('',*,*,#3411,.F.);
#7740 = ORIENTED_EDGE('',*,*,#3387,.F.);
#7741 = ORIENTED_EDGE('',*,*,#3363,.F.);
#7742 = FACE_BOUND('',#7743,.F.);
#7743 = EDGE_LOOP('',(#7744,#7745,#7746,#7747));
#7744 = ORIENTED_EDGE('',*,*,#3428,.F.);
#7745 = ORIENTED_EDGE('',*,*,#3507,.F.);
#7746 = ORIENTED_EDGE('',*,*,#3483,.F.);
#7747 = ORIENTED_EDGE('',*,*,#3459,.F.);
#7748 = FACE_BOUND('',#7749,.F.);
#7749 = EDGE_LOOP('',(#7750,#7751,#7752,#7753));
#7750 = ORIENTED_EDGE('',*,*,#3524,.F.);
#7751 = ORIENTED_EDGE('',*,*,#3603,.F.);
#7752 = ORIENTED_EDGE('',*,*,#3579,.F.);
#7753 = ORIENTED_EDGE('',*,*,#3555,.F.);
#7754 = FACE_BOUND('',#7755,.F.);
#7755 = EDGE_LOOP('',(#7756,#7757,#7758,#7759));
#7756 = ORIENTED_EDGE('',*,*,#3620,.F.);
#7757 = ORIENTED_EDGE('',*,*,#3699,.F.);
#7758 = ORIENTED_EDGE('',*,*,#3675,.F.);
#7759 = ORIENTED_EDGE('',*,*,#3651,.F.);
#7760 = FACE_BOUND('',#7761,.F.);
#7761 = EDGE_LOOP('',(#7762));
#7762 = ORIENTED_EDGE('',*,*,#3725,.F.);
#7763 = FACE_BOUND('',#7764,.F.);
#7764 = EDGE_LOOP('',(#7765,#7766,#7767,#7768));
#7765 = ORIENTED_EDGE('',*,*,#3741,.F.);
#7766 = ORIENTED_EDGE('',*,*,#3820,.F.);
#7767 = ORIENTED_EDGE('',*,*,#3796,.F.);
#7768 = ORIENTED_EDGE('',*,*,#3772,.F.);
#7769 = FACE_BOUND('',#7770,.F.);
#7770 = EDGE_LOOP('',(#7771,#7772,#7773,#7774));
#7771 = ORIENTED_EDGE('',*,*,#3837,.F.);
#7772 = ORIENTED_EDGE('',*,*,#3916,.F.);
#7773 = ORIENTED_EDGE('',*,*,#3892,.F.);
#7774 = ORIENTED_EDGE('',*,*,#3868,.F.);
#7775 = FACE_BOUND('',#7776,.F.);
#7776 = EDGE_LOOP('',(#7777,#7778,#7779,#7780));
#7777 = ORIENTED_EDGE('',*,*,#3933,.F.);
#7778 = ORIENTED_EDGE('',*,*,#4012,.F.);
#7779 = ORIENTED_EDGE('',*,*,#3988,.F.);
#7780 = ORIENTED_EDGE('',*,*,#3964,.F.);
#7781 = FACE_BOUND('',#7782,.F.);
#7782 = EDGE_LOOP('',(#7783,#7784,#7785,#7786));
#7783 = ORIENTED_EDGE('',*,*,#4029,.F.);
#7784 = ORIENTED_EDGE('',*,*,#4108,.F.);
#7785 = ORIENTED_EDGE('',*,*,#4084,.F.);
#7786 = ORIENTED_EDGE('',*,*,#4060,.F.);
#7787 = FACE_BOUND('',#7788,.F.);
#7788 = EDGE_LOOP('',(#7789,#7790,#7791,#7792));
#7789 = ORIENTED_EDGE('',*,*,#4125,.F.);
#7790 = ORIENTED_EDGE('',*,*,#4204,.F.);
#7791 = ORIENTED_EDGE('',*,*,#4180,.F.);
#7792 = ORIENTED_EDGE('',*,*,#4156,.F.);
#7793 = FACE_BOUND('',#7794,.F.);
#7794 = EDGE_LOOP('',(#7795,#7796,#7797,#7798));
#7795 = ORIENTED_EDGE('',*,*,#4221,.F.);
#7796 = ORIENTED_EDGE('',*,*,#4300,.F.);
#7797 = ORIENTED_EDGE('',*,*,#4276,.F.);
#7798 = ORIENTED_EDGE('',*,*,#4252,.F.);
#7799 = FACE_BOUND('',#7800,.F.);
#7800 = EDGE_LOOP('',(#7801,#7802,#7803,#7804));
#7801 = ORIENTED_EDGE('',*,*,#4317,.F.);
#7802 = ORIENTED_EDGE('',*,*,#4396,.F.);
#7803 = ORIENTED_EDGE('',*,*,#4372,.F.);
#7804 = ORIENTED_EDGE('',*,*,#4348,.F.);
#7805 = FACE_BOUND('',#7806,.F.);
#7806 = EDGE_LOOP('',(#7807,#7808,#7809,#7810));
#7807 = ORIENTED_EDGE('',*,*,#4413,.F.);
#7808 = ORIENTED_EDGE('',*,*,#4492,.F.);
#7809 = ORIENTED_EDGE('',*,*,#4468,.F.);
#7810 = ORIENTED_EDGE('',*,*,#4444,.F.);
#7811 = FACE_BOUND('',#7812,.F.);
#7812 = EDGE_LOOP('',(#7813,#7814,#7815,#7816));
#7813 = ORIENTED_EDGE('',*,*,#4509,.F.);
#7814 = ORIENTED_EDGE('',*,*,#4588,.F.);
#7815 = ORIENTED_EDGE('',*,*,#4564,.F.);
#7816 = ORIENTED_EDGE('',*,*,#4540,.F.);
#7817 = FACE_BOUND('',#7818,.F.);
#7818 = EDGE_LOOP('',(#7819,#7820,#7821,#7822));
#7819 = ORIENTED_EDGE('',*,*,#4605,.F.);
#7820 = ORIENTED_EDGE('',*,*,#4684,.F.);
#7821 = ORIENTED_EDGE('',*,*,#4660,.F.);
#7822 = ORIENTED_EDGE('',*,*,#4636,.F.);
#7823 = FACE_BOUND('',#7824,.F.);
#7824 = EDGE_LOOP('',(#7825,#7826,#7827,#7828));
#7825 = ORIENTED_EDGE('',*,*,#4701,.F.);
#7826 = ORIENTED_EDGE('',*,*,#4780,.F.);
#7827 = ORIENTED_EDGE('',*,*,#4756,.F.);
#7828 = ORIENTED_EDGE('',*,*,#4732,.F.);
#7829 = FACE_BOUND('',#7830,.F.);
#7830 = EDGE_LOOP('',(#7831,#7832,#7833,#7834));
#7831 = ORIENTED_EDGE('',*,*,#4797,.F.);
#7832 = ORIENTED_EDGE('',*,*,#4876,.F.);
#7833 = ORIENTED_EDGE('',*,*,#4852,.F.);
#7834 = ORIENTED_EDGE('',*,*,#4828,.F.);
#7835 = FACE_BOUND('',#7836,.F.);
#7836 = EDGE_LOOP('',(#7837,#7838,#7839,#7840));
#7837 = ORIENTED_EDGE('',*,*,#4893,.F.);
#7838 = ORIENTED_EDGE('',*,*,#4972,.F.);
#7839 = ORIENTED_EDGE('',*,*,#4948,.F.);
#7840 = ORIENTED_EDGE('',*,*,#4924,.F.);
#7841 = FACE_BOUND('',#7842,.F.);
#7842 = EDGE_LOOP('',(#7843));
#7843 = ORIENTED_EDGE('',*,*,#4998,.F.);
#7844 = FACE_BOUND('',#7845,.F.);
#7845 = EDGE_LOOP('',(#7846,#7847,#7848,#7849));
#7846 = ORIENTED_EDGE('',*,*,#5014,.F.);
#7847 = ORIENTED_EDGE('',*,*,#5093,.F.);
#7848 = ORIENTED_EDGE('',*,*,#5069,.F.);
#7849 = ORIENTED_EDGE('',*,*,#5045,.F.);
#7850 = FACE_BOUND('',#7851,.F.);
#7851 = EDGE_LOOP('',(#7852,#7853,#7854,#7855));
#7852 = ORIENTED_EDGE('',*,*,#5110,.F.);
#7853 = ORIENTED_EDGE('',*,*,#5189,.F.);
#7854 = ORIENTED_EDGE('',*,*,#5165,.F.);
#7855 = ORIENTED_EDGE('',*,*,#5141,.F.);
#7856 = FACE_BOUND('',#7857,.F.);
#7857 = EDGE_LOOP('',(#7858,#7859,#7860,#7861));
#7858 = ORIENTED_EDGE('',*,*,#5206,.F.);
#7859 = ORIENTED_EDGE('',*,*,#5285,.F.);
#7860 = ORIENTED_EDGE('',*,*,#5261,.F.);
#7861 = ORIENTED_EDGE('',*,*,#5237,.F.);
#7862 = FACE_BOUND('',#7863,.F.);
#7863 = EDGE_LOOP('',(#7864,#7865,#7866,#7867));
#7864 = ORIENTED_EDGE('',*,*,#5302,.F.);
#7865 = ORIENTED_EDGE('',*,*,#5381,.F.);
#7866 = ORIENTED_EDGE('',*,*,#5357,.F.);
#7867 = ORIENTED_EDGE('',*,*,#5333,.F.);
#7868 = FACE_BOUND('',#7869,.F.);
#7869 = EDGE_LOOP('',(#7870,#7871,#7872,#7873));
#7870 = ORIENTED_EDGE('',*,*,#5398,.F.);
#7871 = ORIENTED_EDGE('',*,*,#5477,.F.);
#7872 = ORIENTED_EDGE('',*,*,#5453,.F.);
#7873 = ORIENTED_EDGE('',*,*,#5429,.F.);
#7874 = FACE_BOUND('',#7875,.F.);
#7875 = EDGE_LOOP('',(#7876,#7877,#7878,#7879));
#7876 = ORIENTED_EDGE('',*,*,#5494,.F.);
#7877 = ORIENTED_EDGE('',*,*,#5573,.F.);
#7878 = ORIENTED_EDGE('',*,*,#5549,.F.);
#7879 = ORIENTED_EDGE('',*,*,#5525,.F.);
#7880 = FACE_BOUND('',#7881,.F.);
#7881 = EDGE_LOOP('',(#7882,#7883,#7884,#7885));
#7882 = ORIENTED_EDGE('',*,*,#5590,.F.);
#7883 = ORIENTED_EDGE('',*,*,#5669,.F.);
#7884 = ORIENTED_EDGE('',*,*,#5645,.F.);
#7885 = ORIENTED_EDGE('',*,*,#5621,.F.);
#7886 = FACE_BOUND('',#7887,.F.);
#7887 = EDGE_LOOP('',(#7888,#7889,#7890,#7891));
#7888 = ORIENTED_EDGE('',*,*,#5686,.F.);
#7889 = ORIENTED_EDGE('',*,*,#5765,.F.);
#7890 = ORIENTED_EDGE('',*,*,#5741,.F.);
#7891 = ORIENTED_EDGE('',*,*,#5717,.F.);
#7892 = FACE_BOUND('',#7893,.F.);
#7893 = EDGE_LOOP('',(#7894,#7895,#7896,#7897));
#7894 = ORIENTED_EDGE('',*,*,#5782,.F.);
#7895 = ORIENTED_EDGE('',*,*,#5861,.F.);
#7896 = ORIENTED_EDGE('',*,*,#5837,.F.);
#7897 = ORIENTED_EDGE('',*,*,#5813,.F.);
#7898 = FACE_BOUND('',#7899,.F.);
#7899 = EDGE_LOOP('',(#7900,#7901,#7902,#7903));
#7900 = ORIENTED_EDGE('',*,*,#5878,.F.);
#7901 = ORIENTED_EDGE('',*,*,#5957,.F.);
#7902 = ORIENTED_EDGE('',*,*,#5933,.F.);
#7903 = ORIENTED_EDGE('',*,*,#5909,.F.);
#7904 = FACE_BOUND('',#7905,.F.);
#7905 = EDGE_LOOP('',(#7906,#7907,#7908,#7909));
#7906 = ORIENTED_EDGE('',*,*,#5974,.F.);
#7907 = ORIENTED_EDGE('',*,*,#6053,.F.);
#7908 = ORIENTED_EDGE('',*,*,#6029,.F.);
#7909 = ORIENTED_EDGE('',*,*,#6005,.F.);
#7910 = FACE_BOUND('',#7911,.F.);
#7911 = EDGE_LOOP('',(#7912,#7913,#7914,#7915));
#7912 = ORIENTED_EDGE('',*,*,#6070,.F.);
#7913 = ORIENTED_EDGE('',*,*,#6149,.F.);
#7914 = ORIENTED_EDGE('',*,*,#6125,.F.);
#7915 = ORIENTED_EDGE('',*,*,#6101,.F.);
#7916 = FACE_BOUND('',#7917,.F.);
#7917 = EDGE_LOOP('',(#7918,#7919,#7920,#7921));
#7918 = ORIENTED_EDGE('',*,*,#6166,.F.);
#7919 = ORIENTED_EDGE('',*,*,#6245,.F.);
#7920 = ORIENTED_EDGE('',*,*,#6221,.F.);
#7921 = ORIENTED_EDGE('',*,*,#6197,.F.);
#7922 = FACE_BOUND('',#7923,.F.);
#7923 = EDGE_LOOP('',(#7924,#7925,#7926,#7927));
#7924 = ORIENTED_EDGE('',*,*,#6262,.F.);
#7925 = ORIENTED_EDGE('',*,*,#6341,.F.);
#7926 = ORIENTED_EDGE('',*,*,#6317,.F.);
#7927 = ORIENTED_EDGE('',*,*,#6293,.F.);
#7928 = FACE_BOUND('',#7929,.F.);
#7929 = EDGE_LOOP('',(#7930));
#7930 = ORIENTED_EDGE('',*,*,#6367,.F.);
#7931 = PLANE('',#7932);
#7932 = AXIS2_PLACEMENT_3D('',#7933,#7934,#7935);
#7933 = CARTESIAN_POINT('',(20.,54.,212.));
#7934 = DIRECTION('',(0.,0.,1.));
#7935 = DIRECTION('',(1.,0.,-0.));
#7936 = ADVANCED_FACE('',(#7937),#7948,.F.);
#7937 = FACE_BOUND('',#7938,.F.);
#7938 = EDGE_LOOP('',(#7939,#7940,#7941,#7947));
#7939 = ORIENTED_EDGE('',*,*,#6560,.F.);
#7940 = ORIENTED_EDGE('',*,*,#6927,.T.);
#7941 = ORIENTED_EDGE('',*,*,#7942,.T.);
#7942 = EDGE_CURVE('',#6713,#6408,#7943,.T.);
#7943 = LINE('',#7944,#7945);
#7944 = CARTESIAN_POINT('',(183.9,48.5,133.5));
#7945 = VECTOR('',#7946,1.);
#7946 = DIRECTION('',(-0.,1.,0.));
#7947 = ORIENTED_EDGE('',*,*,#6407,.F.);
#7948 = PLANE('',#7949);
#7949 = AXIS2_PLACEMENT_3D('',#7950,#7951,#7952);
#7950 = CARTESIAN_POINT('',(0.,149.4,133.5));
#7951 = DIRECTION('',(0.,0.,1.));
#7952 = DIRECTION('',(1.,0.,-0.));
#7953 = ADVANCED_FACE('',(#7954),#7960,.F.);
#7954 = FACE_BOUND('',#7955,.F.);
#7955 = EDGE_LOOP('',(#7956,#7957,#7958,#7959));
#7956 = ORIENTED_EDGE('',*,*,#7942,.F.);
#7957 = ORIENTED_EDGE('',*,*,#6722,.T.);
#7958 = ORIENTED_EDGE('',*,*,#6660,.T.);
#7959 = ORIENTED_EDGE('',*,*,#6431,.F.);
#7960 = PLANE('',#7961);
#7961 = AXIS2_PLACEMENT_3D('',#7962,#7963,#7964);
#7962 = CARTESIAN_POINT('',(183.9,48.5,133.5));
#7963 = DIRECTION('',(0.,0.,1.));
#7964 = DIRECTION('',(1.,0.,-0.));
#7965 = ADVANCED_FACE('',(#7966,#7977),#7983,.F.);
#7966 = FACE_BOUND('',#7967,.F.);
#7967 = EDGE_LOOP('',(#7968,#7969,#7975,#7976));
#7968 = ORIENTED_EDGE('',*,*,#7219,.F.);
#7969 = ORIENTED_EDGE('',*,*,#7970,.T.);
#7970 = EDGE_CURVE('',#7212,#6977,#7971,.T.);
#7971 = LINE('',#7972,#7973);
#7972 = CARTESIAN_POINT('',(10.,150.,138.));
#7973 = VECTOR('',#7974,1.);
#7974 = DIRECTION('',(-1.,-0.,0.));
#7975 = ORIENTED_EDGE('',*,*,#6984,.T.);
#7976 = ORIENTED_EDGE('',*,*,#7692,.T.);
#7977 = FACE_BOUND('',#7978,.F.);
#7978 = EDGE_LOOP('',(#7979,#7980,#7981,#7982));
#7979 = ORIENTED_EDGE('',*,*,#6463,.F.);
#7980 = ORIENTED_EDGE('',*,*,#6535,.T.);
#7981 = ORIENTED_EDGE('',*,*,#6518,.T.);
#7982 = ORIENTED_EDGE('',*,*,#6487,.F.);
#7983 = PLANE('',#7984);
#7984 = AXIS2_PLACEMENT_3D('',#7985,#7986,#7987);
#7985 = CARTESIAN_POINT('',(20.,150.,137.));
#7986 = DIRECTION('',(-0.,1.,0.));
#7987 = DIRECTION('',(0.,0.,1.));
#7988 = ADVANCED_FACE('',(#7989),#8000,.F.);
#7989 = FACE_BOUND('',#7990,.F.);
#7990 = EDGE_LOOP('',(#7991,#7997,#7998,#7999));
#7991 = ORIENTED_EDGE('',*,*,#7992,.T.);
#7992 = EDGE_CURVE('',#6834,#6906,#7993,.T.);
#7993 = LINE('',#7994,#7995);
#7994 = CARTESIAN_POINT('',(3.3,94.5,127.));
#7995 = VECTOR('',#7996,1.);
#7996 = DIRECTION('',(0.,1.,0.));
#7997 = ORIENTED_EDGE('',*,*,#6913,.T.);
#7998 = ORIENTED_EDGE('',*,*,#6785,.F.);
#7999 = ORIENTED_EDGE('',*,*,#6841,.F.);
#8000 = PLANE('',#8001);
#8001 = AXIS2_PLACEMENT_3D('',#8002,#8003,#8004);
#8002 = CARTESIAN_POINT('',(3.3,94.5,127.));
#8003 = DIRECTION('',(1.,0.,0.));
#8004 = DIRECTION('',(0.,0.,1.));
#8005 = ADVANCED_FACE('',(#8006),#8017,.F.);
#8006 = FACE_BOUND('',#8007,.F.);
#8007 = EDGE_LOOP('',(#8008,#8014,#8015,#8016));
#8008 = ORIENTED_EDGE('',*,*,#8009,.T.);
#8009 = EDGE_CURVE('',#6826,#6898,#8010,.T.);
#8010 = LINE('',#8011,#8012);
#8011 = CARTESIAN_POINT('',(0.4,94.5,127.));
#8012 = VECTOR('',#8013,1.);
#8013 = DIRECTION('',(0.,1.,0.));
#8014 = ORIENTED_EDGE('',*,*,#6905,.T.);
#8015 = ORIENTED_EDGE('',*,*,#7992,.F.);
#8016 = ORIENTED_EDGE('',*,*,#6833,.F.);
#8017 = PLANE('',#8018);
#8018 = AXIS2_PLACEMENT_3D('',#8019,#8020,#8021);
#8019 = CARTESIAN_POINT('',(0.4,94.5,127.));
#8020 = DIRECTION('',(0.,0.,-1.));
#8021 = DIRECTION('',(1.,0.,0.));
#8022 = ADVANCED_FACE('',(#8023,#8034,#8068,#8102),#8136,.F.);
#8023 = FACE_BOUND('',#8024,.F.);
#8024 = EDGE_LOOP('',(#8025,#8031,#8032,#8033));
#8025 = ORIENTED_EDGE('',*,*,#8026,.T.);
#8026 = EDGE_CURVE('',#6818,#6890,#8027,.T.);
#8027 = LINE('',#8028,#8029);
#8028 = CARTESIAN_POINT('',(0.4,94.5,121.));
#8029 = VECTOR('',#8030,1.);
#8030 = DIRECTION('',(0.,1.,0.));
#8031 = ORIENTED_EDGE('',*,*,#6897,.T.);
#8032 = ORIENTED_EDGE('',*,*,#8009,.F.);
#8033 = ORIENTED_EDGE('',*,*,#6825,.F.);
#8034 = FACE_BOUND('',#8035,.F.);
#8035 = EDGE_LOOP('',(#8036,#8046,#8054,#8062));
#8036 = ORIENTED_EDGE('',*,*,#8037,.F.);
#8037 = EDGE_CURVE('',#8038,#8040,#8042,.T.);
#8038 = VERTEX_POINT('',#8039);
#8039 = CARTESIAN_POINT('',(0.4,95.5,122.1));
#8040 = VERTEX_POINT('',#8041);
#8041 = CARTESIAN_POINT('',(0.4,104.5,122.1));
#8042 = LINE('',#8043,#8044);
#8043 = CARTESIAN_POINT('',(0.4,95.5,122.1));
#8044 = VECTOR('',#8045,1.);
#8045 = DIRECTION('',(-0.,1.,0.));
#8046 = ORIENTED_EDGE('',*,*,#8047,.T.);
#8047 = EDGE_CURVE('',#8038,#8048,#8050,.T.);
#8048 = VERTEX_POINT('',#8049);
#8049 = CARTESIAN_POINT('',(0.4,95.5,122.9));
#8050 = LINE('',#8051,#8052);
#8051 = CARTESIAN_POINT('',(0.4,95.5,122.1));
#8052 = VECTOR('',#8053,1.);
#8053 = DIRECTION('',(0.,0.,1.));
#8054 = ORIENTED_EDGE('',*,*,#8055,.T.);
#8055 = EDGE_CURVE('',#8048,#8056,#8058,.T.);
#8056 = VERTEX_POINT('',#8057);
#8057 = CARTESIAN_POINT('',(0.4,104.5,122.9));
#8058 = LINE('',#8059,#8060);
#8059 = CARTESIAN_POINT('',(0.4,95.5,122.9));
#8060 = VECTOR('',#8061,1.);
#8061 = DIRECTION('',(-0.,1.,0.));
#8062 = ORIENTED_EDGE('',*,*,#8063,.F.);
#8063 = EDGE_CURVE('',#8040,#8056,#8064,.T.);
#8064 = LINE('',#8065,#8066);
#8065 = CARTESIAN_POINT('',(0.4,104.5,122.1));
#8066 = VECTOR('',#8067,1.);
#8067 = DIRECTION('',(0.,0.,1.));
#8068 = FACE_BOUND('',#8069,.F.);
#8069 = EDGE_LOOP('',(#8070,#8080,#8088,#8096));
#8070 = ORIENTED_EDGE('',*,*,#8071,.F.);
#8071 = EDGE_CURVE('',#8072,#8074,#8076,.T.);
#8072 = VERTEX_POINT('',#8073);
#8073 = CARTESIAN_POINT('',(0.4,95.5,123.6));
#8074 = VERTEX_POINT('',#8075);
#8075 = CARTESIAN_POINT('',(0.4,104.5,123.6));
#8076 = LINE('',#8077,#8078);
#8077 = CARTESIAN_POINT('',(0.4,95.5,123.6));
#8078 = VECTOR('',#8079,1.);
#8079 = DIRECTION('',(-0.,1.,0.));
#8080 = ORIENTED_EDGE('',*,*,#8081,.T.);
#8081 = EDGE_CURVE('',#8072,#8082,#8084,.T.);
#8082 = VERTEX_POINT('',#8083);
#8083 = CARTESIAN_POINT('',(0.4,95.5,124.4));
#8084 = LINE('',#8085,#8086);
#8085 = CARTESIAN_POINT('',(0.4,95.5,123.6));
#8086 = VECTOR('',#8087,1.);
#8087 = DIRECTION('',(0.,0.,1.));
#8088 = ORIENTED_EDGE('',*,*,#8089,.T.);
#8089 = EDGE_CURVE('',#8082,#8090,#8092,.T.);
#8090 = VERTEX_POINT('',#8091);
#8091 = CARTESIAN_POINT('',(0.4,104.5,124.4));
#8092 = LINE('',#8093,#8094);
#8093 = CARTESIAN_POINT('',(0.4,95.5,124.4));
#8094 = VECTOR('',#8095,1.);
#8095 = DIRECTION('',(-0.,1.,0.));
#8096 = ORIENTED_EDGE('',*,*,#8097,.F.);
#8097 = EDGE_CURVE('',#8074,#8090,#8098,.T.);
#8098 = LINE('',#8099,#8100);
#8099 = CARTESIAN_POINT('',(0.4,104.5,123.6));
#8100 = VECTOR('',#8101,1.);
#8101 = DIRECTION('',(0.,0.,1.));
#8102 = FACE_BOUND('',#8103,.F.);
#8103 = EDGE_LOOP('',(#8104,#8114,#8122,#8130));
#8104 = ORIENTED_EDGE('',*,*,#8105,.F.);
#8105 = EDGE_CURVE('',#8106,#8108,#8110,.T.);
#8106 = VERTEX_POINT('',#8107);
#8107 = CARTESIAN_POINT('',(0.4,95.5,125.1));
#8108 = VERTEX_POINT('',#8109);
#8109 = CARTESIAN_POINT('',(0.4,104.5,125.1));
#8110 = LINE('',#8111,#8112);
#8111 = CARTESIAN_POINT('',(0.4,95.5,125.1));
#8112 = VECTOR('',#8113,1.);
#8113 = DIRECTION('',(-0.,1.,0.));
#8114 = ORIENTED_EDGE('',*,*,#8115,.T.);
#8115 = EDGE_CURVE('',#8106,#8116,#8118,.T.);
#8116 = VERTEX_POINT('',#8117);
#8117 = CARTESIAN_POINT('',(0.4,95.5,125.9));
#8118 = LINE('',#8119,#8120);
#8119 = CARTESIAN_POINT('',(0.4,95.5,125.1));
#8120 = VECTOR('',#8121,1.);
#8121 = DIRECTION('',(0.,0.,1.));
#8122 = ORIENTED_EDGE('',*,*,#8123,.T.);
#8123 = EDGE_CURVE('',#8116,#8124,#8126,.T.);
#8124 = VERTEX_POINT('',#8125);
#8125 = CARTESIAN_POINT('',(0.4,104.5,125.9));
#8126 = LINE('',#8127,#8128);
#8127 = CARTESIAN_POINT('',(0.4,95.5,125.9));
#8128 = VECTOR('',#8129,1.);
#8129 = DIRECTION('',(-0.,1.,0.));
#8130 = ORIENTED_EDGE('',*,*,#8131,.F.);
#8131 = EDGE_CURVE('',#8108,#8124,#8132,.T.);
#8132 = LINE('',#8133,#8134);
#8133 = CARTESIAN_POINT('',(0.4,104.5,125.1));
#8134 = VECTOR('',#8135,1.);
#8135 = DIRECTION('',(0.,0.,1.));
#8136 = PLANE('',#8137);
#8137 = AXIS2_PLACEMENT_3D('',#8138,#8139,#8140);
#8138 = CARTESIAN_POINT('',(0.4,94.5,121.));
#8139 = DIRECTION('',(1.,0.,0.));
#8140 = DIRECTION('',(0.,0.,1.));
#8141 = ADVANCED_FACE('',(#8142),#8153,.F.);
#8142 = FACE_BOUND('',#8143,.F.);
#8143 = EDGE_LOOP('',(#8144,#8150,#8151,#8152));
#8144 = ORIENTED_EDGE('',*,*,#8145,.T.);
#8145 = EDGE_CURVE('',#6810,#6882,#8146,.T.);
#8146 = LINE('',#8147,#8148);
#8147 = CARTESIAN_POINT('',(3.3,94.5,115.));
#8148 = VECTOR('',#8149,1.);
#8149 = DIRECTION('',(0.,1.,0.));
#8150 = ORIENTED_EDGE('',*,*,#6889,.T.);
#8151 = ORIENTED_EDGE('',*,*,#8026,.F.);
#8152 = ORIENTED_EDGE('',*,*,#6817,.F.);
#8153 = PLANE('',#8154);
#8154 = AXIS2_PLACEMENT_3D('',#8155,#8156,#8157);
#8155 = CARTESIAN_POINT('',(3.3,94.5,115.));
#8156 = DIRECTION('',(0.900348952842,-0.,0.43516866054));
#8157 = DIRECTION('',(-0.43516866054,0.,0.900348952842));
#8158 = ADVANCED_FACE('',(#8159),#8165,.F.);
#8159 = FACE_BOUND('',#8160,.F.);
#8160 = EDGE_LOOP('',(#8161,#8162,#8163,#8164));
#8161 = ORIENTED_EDGE('',*,*,#6864,.T.);
#8162 = ORIENTED_EDGE('',*,*,#6881,.T.);
#8163 = ORIENTED_EDGE('',*,*,#8145,.F.);
#8164 = ORIENTED_EDGE('',*,*,#6809,.F.);
#8165 = PLANE('',#8166);
#8166 = AXIS2_PLACEMENT_3D('',#8167,#8168,#8169);
#8167 = CARTESIAN_POINT('',(5.1,94.5,115.));
#8168 = DIRECTION('',(0.,-0.,1.));
#8169 = DIRECTION('',(-1.,0.,0.));
#8170 = ADVANCED_FACE('',(#8171),#8177,.T.);
#8171 = FACE_BOUND('',#8172,.T.);
#8172 = EDGE_LOOP('',(#8173,#8174,#8175,#8176));
#8173 = ORIENTED_EDGE('',*,*,#6976,.F.);
#8174 = ORIENTED_EDGE('',*,*,#6935,.T.);
#8175 = ORIENTED_EDGE('',*,*,#7211,.T.);
#8176 = ORIENTED_EDGE('',*,*,#7970,.T.);
#8177 = PLANE('',#8178);
#8178 = AXIS2_PLACEMENT_3D('',#8179,#8180,#8181);
#8179 = CARTESIAN_POINT('',(0.,149.4,138.));
#8180 = DIRECTION('',(0.,0.,1.));
#8181 = DIRECTION('',(1.,0.,-0.));
#8182 = ADVANCED_FACE('',(#8183),#8189,.T.);
#8183 = FACE_BOUND('',#8184,.T.);
#8184 = EDGE_LOOP('',(#8185,#8186,#8187,#8188));
#8185 = ORIENTED_EDGE('',*,*,#7007,.F.);
#8186 = ORIENTED_EDGE('',*,*,#6969,.T.);
#8187 = ORIENTED_EDGE('',*,*,#7499,.T.);
#8188 = ORIENTED_EDGE('',*,*,#7204,.F.);
#8189 = PLANE('',#8190);
#8190 = AXIS2_PLACEMENT_3D('',#8191,#8192,#8193);
#8191 = CARTESIAN_POINT('',(20.,148.,138.));
#8192 = DIRECTION('',(-0.,1.,0.));
#8193 = DIRECTION('',(0.,0.,1.));
#8194 = ADVANCED_FACE('',(#8195),#8206,.F.);
#8195 = FACE_BOUND('',#8196,.F.);
#8196 = EDGE_LOOP('',(#8197,#8198,#8199,#8205));
#8197 = ORIENTED_EDGE('',*,*,#7105,.F.);
#8198 = ORIENTED_EDGE('',*,*,#7063,.T.);
#8199 = ORIENTED_EDGE('',*,*,#8200,.T.);
#8200 = EDGE_CURVE('',#7056,#7548,#8201,.T.);
#8201 = LINE('',#8202,#8203);
#8202 = CARTESIAN_POINT('',(132.5,62.,137.));
#8203 = VECTOR('',#8204,1.);
#8204 = DIRECTION('',(0.,0.,1.));
#8205 = ORIENTED_EDGE('',*,*,#7555,.F.);
#8206 = PLANE('',#8207);
#8207 = AXIS2_PLACEMENT_3D('',#8208,#8209,#8210);
#8208 = CARTESIAN_POINT('',(132.5,54.,137.));
#8209 = DIRECTION('',(1.,0.,-0.));
#8210 = DIRECTION('',(0.,0.,1.));
#8211 = ADVANCED_FACE('',(#8212),#8223,.T.);
#8212 = FACE_BOUND('',#8213,.T.);
#8213 = EDGE_LOOP('',(#8214,#8220,#8221,#8222));
#8214 = ORIENTED_EDGE('',*,*,#8215,.F.);
#8215 = EDGE_CURVE('',#7048,#7540,#8216,.T.);
#8216 = LINE('',#8217,#8218);
#8217 = CARTESIAN_POINT('',(156.,62.,137.));
#8218 = VECTOR('',#8219,1.);
#8219 = DIRECTION('',(0.,0.,1.));
#8220 = ORIENTED_EDGE('',*,*,#7055,.T.);
#8221 = ORIENTED_EDGE('',*,*,#8200,.T.);
#8222 = ORIENTED_EDGE('',*,*,#7547,.F.);
#8223 = PLANE('',#8224);
#8224 = AXIS2_PLACEMENT_3D('',#8225,#8226,#8227);
#8225 = CARTESIAN_POINT('',(30.,62.,137.));
#8226 = DIRECTION('',(-0.,1.,0.));
#8227 = DIRECTION('',(0.,0.,1.));
#8228 = ADVANCED_FACE('',(#8229),#8240,.F.);
#8229 = FACE_BOUND('',#8230,.F.);
#8230 = EDGE_LOOP('',(#8231,#8232,#8233,#8239));
#8231 = ORIENTED_EDGE('',*,*,#8215,.F.);
#8232 = ORIENTED_EDGE('',*,*,#7047,.T.);
#8233 = ORIENTED_EDGE('',*,*,#8234,.T.);
#8234 = EDGE_CURVE('',#7040,#7532,#8235,.T.);
#8235 = LINE('',#8236,#8237);
#8236 = CARTESIAN_POINT('',(156.,140.,137.));
#8237 = VECTOR('',#8238,1.);
#8238 = DIRECTION('',(0.,0.,1.));
#8239 = ORIENTED_EDGE('',*,*,#7539,.F.);
#8240 = PLANE('',#8241);
#8241 = AXIS2_PLACEMENT_3D('',#8242,#8243,#8244);
#8242 = CARTESIAN_POINT('',(156.,62.,137.));
#8243 = DIRECTION('',(1.,0.,-0.));
#8244 = DIRECTION('',(0.,0.,1.));
#8245 = ADVANCED_FACE('',(#8246),#8257,.F.);
#8246 = FACE_BOUND('',#8247,.F.);
#8247 = EDGE_LOOP('',(#8248,#8249,#8250,#8256));
#8248 = ORIENTED_EDGE('',*,*,#8234,.F.);
#8249 = ORIENTED_EDGE('',*,*,#7039,.T.);
#8250 = ORIENTED_EDGE('',*,*,#8251,.T.);
#8251 = EDGE_CURVE('',#7032,#7524,#8252,.T.);
#8252 = LINE('',#8253,#8254);
#8253 = CARTESIAN_POINT('',(30.,140.,137.));
#8254 = VECTOR('',#8255,1.);
#8255 = DIRECTION('',(0.,0.,1.));
#8256 = ORIENTED_EDGE('',*,*,#7531,.F.);
#8257 = PLANE('',#8258);
#8258 = AXIS2_PLACEMENT_3D('',#8259,#8260,#8261);
#8259 = CARTESIAN_POINT('',(30.,140.,137.));
#8260 = DIRECTION('',(-0.,1.,0.));
#8261 = DIRECTION('',(0.,0.,1.));
#8262 = ADVANCED_FACE('',(#8263),#8274,.T.);
#8263 = FACE_BOUND('',#8264,.T.);
#8264 = EDGE_LOOP('',(#8265,#8271,#8272,#8273));
#8265 = ORIENTED_EDGE('',*,*,#8266,.F.);
#8266 = EDGE_CURVE('',#7024,#7516,#8267,.T.);
#8267 = LINE('',#8268,#8269);
#8268 = CARTESIAN_POINT('',(30.,62.,137.));
#8269 = VECTOR('',#8270,1.);
#8270 = DIRECTION('',(0.,0.,1.));
#8271 = ORIENTED_EDGE('',*,*,#7031,.T.);
#8272 = ORIENTED_EDGE('',*,*,#8251,.T.);
#8273 = ORIENTED_EDGE('',*,*,#7523,.F.);
#8274 = PLANE('',#8275);
#8275 = AXIS2_PLACEMENT_3D('',#8276,#8277,#8278);
#8276 = CARTESIAN_POINT('',(30.,62.,137.));
#8277 = DIRECTION('',(1.,0.,-0.));
#8278 = DIRECTION('',(0.,0.,1.));
#8279 = ADVANCED_FACE('',(#8280),#8291,.T.);
#8280 = FACE_BOUND('',#8281,.T.);
#8281 = EDGE_LOOP('',(#8282,#8288,#8289,#8290));
#8282 = ORIENTED_EDGE('',*,*,#8283,.F.);
#8283 = EDGE_CURVE('',#7016,#7508,#8284,.T.);
#8284 = LINE('',#8285,#8286);
#8285 = CARTESIAN_POINT('',(53.,62.,137.));
#8286 = VECTOR('',#8287,1.);
#8287 = DIRECTION('',(0.,0.,1.));
#8288 = ORIENTED_EDGE('',*,*,#7023,.T.);
#8289 = ORIENTED_EDGE('',*,*,#8266,.T.);
#8290 = ORIENTED_EDGE('',*,*,#7515,.F.);
#8291 = PLANE('',#8292);
#8292 = AXIS2_PLACEMENT_3D('',#8293,#8294,#8295);
#8293 = CARTESIAN_POINT('',(30.,62.,137.));
#8294 = DIRECTION('',(-0.,1.,0.));
#8295 = DIRECTION('',(0.,0.,1.));
#8296 = ADVANCED_FACE('',(#8297),#8303,.T.);
#8297 = FACE_BOUND('',#8298,.T.);
#8298 = EDGE_LOOP('',(#8299,#8300,#8301,#8302));
#8299 = ORIENTED_EDGE('',*,*,#7135,.F.);
#8300 = ORIENTED_EDGE('',*,*,#7015,.T.);
#8301 = ORIENTED_EDGE('',*,*,#8283,.T.);
#8302 = ORIENTED_EDGE('',*,*,#7507,.F.);
#8303 = PLANE('',#8304);
#8304 = AXIS2_PLACEMENT_3D('',#8305,#8306,#8307);
#8305 = CARTESIAN_POINT('',(53.,54.,137.));
#8306 = DIRECTION('',(1.,0.,-0.));
#8307 = DIRECTION('',(0.,0.,1.));
#8308 = ADVANCED_FACE('',(#8309),#8327,.F.);
#8309 = FACE_BOUND('',#8310,.F.);
#8310 = EDGE_LOOP('',(#8311,#8312,#8313,#8321));
#8311 = ORIENTED_EDGE('',*,*,#7128,.F.);
#8312 = ORIENTED_EDGE('',*,*,#7181,.T.);
#8313 = ORIENTED_EDGE('',*,*,#8314,.T.);
#8314 = EDGE_CURVE('',#7174,#8315,#8317,.T.);
#8315 = VERTEX_POINT('',#8316);
#8316 = CARTESIAN_POINT('',(87.,62.,141.));
#8317 = LINE('',#8318,#8319);
#8318 = CARTESIAN_POINT('',(87.,62.,137.));
#8319 = VECTOR('',#8320,1.);
#8320 = DIRECTION('',(0.,0.,1.));
#8321 = ORIENTED_EDGE('',*,*,#8322,.F.);
#8322 = EDGE_CURVE('',#7121,#8315,#8323,.T.);
#8323 = LINE('',#8324,#8325);
#8324 = CARTESIAN_POINT('',(87.,54.,141.));
#8325 = VECTOR('',#8326,1.);
#8326 = DIRECTION('',(-0.,1.,0.));
#8327 = PLANE('',#8328);
#8328 = AXIS2_PLACEMENT_3D('',#8329,#8330,#8331);
#8329 = CARTESIAN_POINT('',(87.,54.,137.));
#8330 = DIRECTION('',(1.,0.,-0.));
#8331 = DIRECTION('',(0.,0.,1.));
#8332 = ADVANCED_FACE('',(#8333),#8351,.T.);
#8333 = FACE_BOUND('',#8334,.T.);
#8334 = EDGE_LOOP('',(#8335,#8336,#8344,#8350));
#8335 = ORIENTED_EDGE('',*,*,#7120,.T.);
#8336 = ORIENTED_EDGE('',*,*,#8337,.T.);
#8337 = EDGE_CURVE('',#7113,#8338,#8340,.T.);
#8338 = VERTEX_POINT('',#8339);
#8339 = CARTESIAN_POINT('',(98.5,62.,141.));
#8340 = LINE('',#8341,#8342);
#8341 = CARTESIAN_POINT('',(98.5,54.,141.));
#8342 = VECTOR('',#8343,1.);
#8343 = DIRECTION('',(-0.,1.,0.));
#8344 = ORIENTED_EDGE('',*,*,#8345,.T.);
#8345 = EDGE_CURVE('',#8338,#8315,#8346,.T.);
#8346 = LINE('',#8347,#8348);
#8347 = CARTESIAN_POINT('',(25.,62.,141.));
#8348 = VECTOR('',#8349,1.);
#8349 = DIRECTION('',(-1.,-0.,0.));
#8350 = ORIENTED_EDGE('',*,*,#8322,.F.);
#8351 = PLANE('',#8352);
#8352 = AXIS2_PLACEMENT_3D('',#8353,#8354,#8355);
#8353 = CARTESIAN_POINT('',(20.,54.,141.));
#8354 = DIRECTION('',(0.,0.,1.));
#8355 = DIRECTION('',(1.,0.,-0.));
#8356 = ADVANCED_FACE('',(#8357),#8368,.T.);
#8357 = FACE_BOUND('',#8358,.T.);
#8358 = EDGE_LOOP('',(#8359,#8360,#8361,#8367));
#8359 = ORIENTED_EDGE('',*,*,#7112,.F.);
#8360 = ORIENTED_EDGE('',*,*,#7165,.T.);
#8361 = ORIENTED_EDGE('',*,*,#8362,.T.);
#8362 = EDGE_CURVE('',#7166,#8338,#8363,.T.);
#8363 = LINE('',#8364,#8365);
#8364 = CARTESIAN_POINT('',(98.5,62.,137.));
#8365 = VECTOR('',#8366,1.);
#8366 = DIRECTION('',(0.,0.,1.));
#8367 = ORIENTED_EDGE('',*,*,#8337,.F.);
#8368 = PLANE('',#8369);
#8369 = AXIS2_PLACEMENT_3D('',#8370,#8371,#8372);
#8370 = CARTESIAN_POINT('',(98.5,54.,137.));
#8371 = DIRECTION('',(1.,0.,-0.));
#8372 = DIRECTION('',(0.,0.,1.));
#8373 = ADVANCED_FACE('',(#8374),#8380,.T.);
#8374 = FACE_BOUND('',#8375,.T.);
#8375 = EDGE_LOOP('',(#8376,#8377,#8378,#8379));
#8376 = ORIENTED_EDGE('',*,*,#8362,.F.);
#8377 = ORIENTED_EDGE('',*,*,#7173,.T.);
#8378 = ORIENTED_EDGE('',*,*,#8314,.T.);
#8379 = ORIENTED_EDGE('',*,*,#8345,.F.);
#8380 = PLANE('',#8381);
#8381 = AXIS2_PLACEMENT_3D('',#8382,#8383,#8384);
#8382 = CARTESIAN_POINT('',(30.,62.,137.));
#8383 = DIRECTION('',(-0.,1.,0.));
#8384 = DIRECTION('',(0.,0.,1.));
#8385 = ADVANCED_FACE('',(#8386),#8397,.T.);
#8386 = FACE_BOUND('',#8387,.T.);
#8387 = EDGE_LOOP('',(#8388,#8394,#8395,#8396));
#8388 = ORIENTED_EDGE('',*,*,#8389,.T.);
#8389 = EDGE_CURVE('',#7364,#7292,#8390,.T.);
#8390 = LINE('',#8391,#8392);
#8391 = CARTESIAN_POINT('',(182.7,94.5,127.));
#8392 = VECTOR('',#8393,1.);
#8393 = DIRECTION('',(0.,1.,0.));
#8394 = ORIENTED_EDGE('',*,*,#7299,.T.);
#8395 = ORIENTED_EDGE('',*,*,#7244,.F.);
#8396 = ORIENTED_EDGE('',*,*,#7371,.F.);
#8397 = PLANE('',#8398);
#8398 = AXIS2_PLACEMENT_3D('',#8399,#8400,#8401);
#8399 = CARTESIAN_POINT('',(182.7,94.5,127.));
#8400 = DIRECTION('',(1.,0.,0.));
#8401 = DIRECTION('',(0.,0.,1.));
#8402 = ADVANCED_FACE('',(#8403),#8414,.T.);
#8403 = FACE_BOUND('',#8404,.T.);
#8404 = EDGE_LOOP('',(#8405,#8411,#8412,#8413));
#8405 = ORIENTED_EDGE('',*,*,#8406,.T.);
#8406 = EDGE_CURVE('',#7356,#7284,#8407,.T.);
#8407 = LINE('',#8408,#8409);
#8408 = CARTESIAN_POINT('',(185.6,94.5,127.));
#8409 = VECTOR('',#8410,1.);
#8410 = DIRECTION('',(0.,1.,0.));
#8411 = ORIENTED_EDGE('',*,*,#7291,.T.);
#8412 = ORIENTED_EDGE('',*,*,#8389,.F.);
#8413 = ORIENTED_EDGE('',*,*,#7363,.F.);
#8414 = PLANE('',#8415);
#8415 = AXIS2_PLACEMENT_3D('',#8416,#8417,#8418);
#8416 = CARTESIAN_POINT('',(185.6,94.5,127.));
#8417 = DIRECTION('',(0.,-0.,1.));
#8418 = DIRECTION('',(-1.,0.,0.));
#8419 = ADVANCED_FACE('',(#8420,#8431,#8465,#8499),#8533,.T.);
#8420 = FACE_BOUND('',#8421,.T.);
#8421 = EDGE_LOOP('',(#8422,#8428,#8429,#8430));
#8422 = ORIENTED_EDGE('',*,*,#8423,.T.);
#8423 = EDGE_CURVE('',#7348,#7276,#8424,.T.);
#8424 = LINE('',#8425,#8426);
#8425 = CARTESIAN_POINT('',(185.6,94.5,121.));
#8426 = VECTOR('',#8427,1.);
#8427 = DIRECTION('',(0.,1.,0.));
#8428 = ORIENTED_EDGE('',*,*,#7283,.T.);
#8429 = ORIENTED_EDGE('',*,*,#8406,.F.);
#8430 = ORIENTED_EDGE('',*,*,#7355,.F.);
#8431 = FACE_BOUND('',#8432,.T.);
#8432 = EDGE_LOOP('',(#8433,#8443,#8451,#8459));
#8433 = ORIENTED_EDGE('',*,*,#8434,.F.);
#8434 = EDGE_CURVE('',#8435,#8437,#8439,.T.);
#8435 = VERTEX_POINT('',#8436);
#8436 = CARTESIAN_POINT('',(185.6,95.5,122.1));
#8437 = VERTEX_POINT('',#8438);
#8438 = CARTESIAN_POINT('',(185.6,104.5,122.1));
#8439 = LINE('',#8440,#8441);
#8440 = CARTESIAN_POINT('',(185.6,95.5,122.1));
#8441 = VECTOR('',#8442,1.);
#8442 = DIRECTION('',(-0.,1.,0.));
#8443 = ORIENTED_EDGE('',*,*,#8444,.T.);
#8444 = EDGE_CURVE('',#8435,#8445,#8447,.T.);
#8445 = VERTEX_POINT('',#8446);
#8446 = CARTESIAN_POINT('',(185.6,95.5,122.9));
#8447 = LINE('',#8448,#8449);
#8448 = CARTESIAN_POINT('',(185.6,95.5,122.1));
#8449 = VECTOR('',#8450,1.);
#8450 = DIRECTION('',(0.,0.,1.));
#8451 = ORIENTED_EDGE('',*,*,#8452,.T.);
#8452 = EDGE_CURVE('',#8445,#8453,#8455,.T.);
#8453 = VERTEX_POINT('',#8454);
#8454 = CARTESIAN_POINT('',(185.6,104.5,122.9));
#8455 = LINE('',#8456,#8457);
#8456 = CARTESIAN_POINT('',(185.6,95.5,122.9));
#8457 = VECTOR('',#8458,1.);
#8458 = DIRECTION('',(-0.,1.,0.));
#8459 = ORIENTED_EDGE('',*,*,#8460,.F.);
#8460 = EDGE_CURVE('',#8437,#8453,#8461,.T.);
#8461 = LINE('',#8462,#8463);
#8462 = CARTESIAN_POINT('',(185.6,104.5,122.1));
#8463 = VECTOR('',#8464,1.);
#8464 = DIRECTION('',(0.,0.,1.));
#8465 = FACE_BOUND('',#8466,.T.);
#8466 = EDGE_LOOP('',(#8467,#8477,#8485,#8493));
#8467 = ORIENTED_EDGE('',*,*,#8468,.F.);
#8468 = EDGE_CURVE('',#8469,#8471,#8473,.T.);
#8469 = VERTEX_POINT('',#8470);
#8470 = CARTESIAN_POINT('',(185.6,95.5,123.6));
#8471 = VERTEX_POINT('',#8472);
#8472 = CARTESIAN_POINT('',(185.6,104.5,123.6));
#8473 = LINE('',#8474,#8475);
#8474 = CARTESIAN_POINT('',(185.6,95.5,123.6));
#8475 = VECTOR('',#8476,1.);
#8476 = DIRECTION('',(-0.,1.,0.));
#8477 = ORIENTED_EDGE('',*,*,#8478,.T.);
#8478 = EDGE_CURVE('',#8469,#8479,#8481,.T.);
#8479 = VERTEX_POINT('',#8480);
#8480 = CARTESIAN_POINT('',(185.6,95.5,124.4));
#8481 = LINE('',#8482,#8483);
#8482 = CARTESIAN_POINT('',(185.6,95.5,123.6));
#8483 = VECTOR('',#8484,1.);
#8484 = DIRECTION('',(0.,0.,1.));
#8485 = ORIENTED_EDGE('',*,*,#8486,.T.);
#8486 = EDGE_CURVE('',#8479,#8487,#8489,.T.);
#8487 = VERTEX_POINT('',#8488);
#8488 = CARTESIAN_POINT('',(185.6,104.5,124.4));
#8489 = LINE('',#8490,#8491);
#8490 = CARTESIAN_POINT('',(185.6,95.5,124.4));
#8491 = VECTOR('',#8492,1.);
#8492 = DIRECTION('',(-0.,1.,0.));
#8493 = ORIENTED_EDGE('',*,*,#8494,.F.);
#8494 = EDGE_CURVE('',#8471,#8487,#8495,.T.);
#8495 = LINE('',#8496,#8497);
#8496 = CARTESIAN_POINT('',(185.6,104.5,123.6));
#8497 = VECTOR('',#8498,1.);
#8498 = DIRECTION('',(0.,0.,1.));
#8499 = FACE_BOUND('',#8500,.T.);
#8500 = EDGE_LOOP('',(#8501,#8511,#8519,#8527));
#8501 = ORIENTED_EDGE('',*,*,#8502,.F.);
#8502 = EDGE_CURVE('',#8503,#8505,#8507,.T.);
#8503 = VERTEX_POINT('',#8504);
#8504 = CARTESIAN_POINT('',(185.6,95.5,125.1));
#8505 = VERTEX_POINT('',#8506);
#8506 = CARTESIAN_POINT('',(185.6,104.5,125.1));
#8507 = LINE('',#8508,#8509);
#8508 = CARTESIAN_POINT('',(185.6,95.5,125.1));
#8509 = VECTOR('',#8510,1.);
#8510 = DIRECTION('',(-0.,1.,0.));
#8511 = ORIENTED_EDGE('',*,*,#8512,.T.);
#8512 = EDGE_CURVE('',#8503,#8513,#8515,.T.);
#8513 = VERTEX_POINT('',#8514);
#8514 = CARTESIAN_POINT('',(185.6,95.5,125.9));
#8515 = LINE('',#8516,#8517);
#8516 = CARTESIAN_POINT('',(185.6,95.5,125.1));
#8517 = VECTOR('',#8518,1.);
#8518 = DIRECTION('',(0.,0.,1.));
#8519 = ORIENTED_EDGE('',*,*,#8520,.T.);
#8520 = EDGE_CURVE('',#8513,#8521,#8523,.T.);
#8521 = VERTEX_POINT('',#8522);
#8522 = CARTESIAN_POINT('',(185.6,104.5,125.9));
#8523 = LINE('',#8524,#8525);
#8524 = CARTESIAN_POINT('',(185.6,95.5,125.9));
#8525 = VECTOR('',#8526,1.);
#8526 = DIRECTION('',(-0.,1.,0.));
#8527 = ORIENTED_EDGE('',*,*,#8528,.F.);
#8528 = EDGE_CURVE('',#8505,#8521,#8529,.T.);
#8529 = LINE('',#8530,#8531);
#8530 = CARTESIAN_POINT('',(185.6,104.5,125.1));
#8531 = VECTOR('',#8532,1.);
#8532 = DIRECTION('',(0.,0.,1.));
#8533 = PLANE('',#8534);
#8534 = AXIS2_PLACEMENT_3D('',#8535,#8536,#8537);
#8535 = CARTESIAN_POINT('',(185.6,94.5,121.));
#8536 = DIRECTION('',(1.,0.,0.));
#8537 = DIRECTION('',(0.,0.,1.));
#8538 = ADVANCED_FACE('',(#8539),#8550,.T.);
#8539 = FACE_BOUND('',#8540,.T.);
#8540 = EDGE_LOOP('',(#8541,#8547,#8548,#8549));
#8541 = ORIENTED_EDGE('',*,*,#8542,.T.);
#8542 = EDGE_CURVE('',#7340,#7268,#8543,.T.);
#8543 = LINE('',#8544,#8545);
#8544 = CARTESIAN_POINT('',(182.7,94.5,115.));
#8545 = VECTOR('',#8546,1.);
#8546 = DIRECTION('',(0.,1.,0.));
#8547 = ORIENTED_EDGE('',*,*,#7275,.T.);
#8548 = ORIENTED_EDGE('',*,*,#8423,.F.);
#8549 = ORIENTED_EDGE('',*,*,#7347,.F.);
#8550 = PLANE('',#8551);
#8551 = AXIS2_PLACEMENT_3D('',#8552,#8553,#8554);
#8552 = CARTESIAN_POINT('',(182.7,94.5,115.));
#8553 = DIRECTION('',(0.900348952842,0.,-0.43516866054));
#8554 = DIRECTION('',(0.43516866054,0.,0.900348952842));
#8555 = ADVANCED_FACE('',(#8556),#8562,.T.);
#8556 = FACE_BOUND('',#8557,.T.);
#8557 = EDGE_LOOP('',(#8558,#8559,#8560,#8561));
#8558 = ORIENTED_EDGE('',*,*,#7315,.T.);
#8559 = ORIENTED_EDGE('',*,*,#7267,.T.);
#8560 = ORIENTED_EDGE('',*,*,#8542,.F.);
#8561 = ORIENTED_EDGE('',*,*,#7339,.F.);
#8562 = PLANE('',#8563);
#8563 = AXIS2_PLACEMENT_3D('',#8564,#8565,#8566);
#8564 = CARTESIAN_POINT('',(180.9,94.5,115.));
#8565 = DIRECTION('',(0.,0.,-1.));
#8566 = DIRECTION('',(1.,0.,0.));
#8567 = ADVANCED_FACE('',(#8568),#8586,.F.);
#8568 = FACE_BOUND('',#8569,.F.);
#8569 = EDGE_LOOP('',(#8570,#8578,#8584,#8585));
#8570 = ORIENTED_EDGE('',*,*,#8571,.F.);
#8571 = EDGE_CURVE('',#8572,#2309,#8574,.T.);
#8572 = VERTEX_POINT('',#8573);
#8573 = CARTESIAN_POINT('',(1.2,60.,185.5));
#8574 = LINE('',#8575,#8576);
#8575 = CARTESIAN_POINT('',(1.2,60.,185.5));
#8576 = VECTOR('',#8577,1.);
#8577 = DIRECTION('',(1.,0.,-0.));
#8578 = ORIENTED_EDGE('',*,*,#8579,.F.);
#8579 = EDGE_CURVE('',#7458,#8572,#8580,.T.);
#8580 = LINE('',#8581,#8582);
#8581 = CARTESIAN_POINT('',(1.2,53.5,185.5));
#8582 = VECTOR('',#8583,1.);
#8583 = DIRECTION('',(-0.,1.,0.));
#8584 = ORIENTED_EDGE('',*,*,#7465,.T.);
#8585 = ORIENTED_EDGE('',*,*,#7398,.T.);
#8586 = PLANE('',#8587);
#8587 = AXIS2_PLACEMENT_3D('',#8588,#8589,#8590);
#8588 = CARTESIAN_POINT('',(1.2,53.5,185.5));
#8589 = DIRECTION('',(0.,0.,1.));
#8590 = DIRECTION('',(1.,0.,-0.));
#8591 = ADVANCED_FACE('',(#8592),#8610,.F.);
#8592 = FACE_BOUND('',#8593,.F.);
#8593 = EDGE_LOOP('',(#8594,#8602,#8608,#8609));
#8594 = ORIENTED_EDGE('',*,*,#8595,.F.);
#8595 = EDGE_CURVE('',#8596,#2406,#8598,.T.);
#8596 = VERTEX_POINT('',#8597);
#8597 = CARTESIAN_POINT('',(1.2,60.,164.5));
#8598 = LINE('',#8599,#8600);
#8599 = CARTESIAN_POINT('',(1.2,60.,164.5));
#8600 = VECTOR('',#8601,1.);
#8601 = DIRECTION('',(1.,0.,-0.));
#8602 = ORIENTED_EDGE('',*,*,#8603,.T.);
#8603 = EDGE_CURVE('',#8596,#8572,#8604,.T.);
#8604 = LINE('',#8605,#8606);
#8605 = CARTESIAN_POINT('',(1.2,60.,164.5));
#8606 = VECTOR('',#8607,1.);
#8607 = DIRECTION('',(0.,0.,1.));
#8608 = ORIENTED_EDGE('',*,*,#8571,.T.);
#8609 = ORIENTED_EDGE('',*,*,#7416,.F.);
#8610 = PLANE('',#8611);
#8611 = AXIS2_PLACEMENT_3D('',#8612,#8613,#8614);
#8612 = CARTESIAN_POINT('',(1.2,60.,164.5));
#8613 = DIRECTION('',(-0.,1.,0.));
#8614 = DIRECTION('',(0.,0.,1.));
#8615 = ADVANCED_FACE('',(#8616),#8627,.T.);
#8616 = FACE_BOUND('',#8617,.T.);
#8617 = EDGE_LOOP('',(#8618,#8619,#8625,#8626));
#8618 = ORIENTED_EDGE('',*,*,#8595,.F.);
#8619 = ORIENTED_EDGE('',*,*,#8620,.F.);
#8620 = EDGE_CURVE('',#7450,#8596,#8621,.T.);
#8621 = LINE('',#8622,#8623);
#8622 = CARTESIAN_POINT('',(1.2,53.5,164.5));
#8623 = VECTOR('',#8624,1.);
#8624 = DIRECTION('',(-0.,1.,0.));
#8625 = ORIENTED_EDGE('',*,*,#7449,.T.);
#8626 = ORIENTED_EDGE('',*,*,#7480,.T.);
#8627 = PLANE('',#8628);
#8628 = AXIS2_PLACEMENT_3D('',#8629,#8630,#8631);
#8629 = CARTESIAN_POINT('',(1.2,53.5,164.5));
#8630 = DIRECTION('',(0.,0.,1.));
#8631 = DIRECTION('',(1.,0.,-0.));
#8632 = ADVANCED_FACE('',(#8633),#8639,.T.);
#8633 = FACE_BOUND('',#8634,.T.);
#8634 = EDGE_LOOP('',(#8635,#8636,#8637,#8638));
#8635 = ORIENTED_EDGE('',*,*,#7457,.F.);
#8636 = ORIENTED_EDGE('',*,*,#8620,.T.);
#8637 = ORIENTED_EDGE('',*,*,#8603,.T.);
#8638 = ORIENTED_EDGE('',*,*,#8579,.F.);
#8639 = PLANE('',#8640);
#8640 = AXIS2_PLACEMENT_3D('',#8641,#8642,#8643);
#8641 = CARTESIAN_POINT('',(1.2,53.5,164.5));
#8642 = DIRECTION('',(1.,0.,-0.));
#8643 = DIRECTION('',(0.,0.,1.));
#8644 = ADVANCED_FACE('',(#8645),#8670,.F.);
#8645 = FACE_BOUND('',#8646,.F.);
#8646 = EDGE_LOOP('',(#8647,#8655,#8656,#8664));
#8647 = ORIENTED_EDGE('',*,*,#8648,.F.);
#8648 = EDGE_CURVE('',#2659,#8649,#8651,.T.);
#8649 = VERTEX_POINT('',#8650);
#8650 = CARTESIAN_POINT('',(184.8,60.,164.5));
#8651 = LINE('',#8652,#8653);
#8652 = CARTESIAN_POINT('',(182.2,60.,164.5));
#8653 = VECTOR('',#8654,1.);
#8654 = DIRECTION('',(1.,0.,-0.));
#8655 = ORIENTED_EDGE('',*,*,#7591,.T.);
#8656 = ORIENTED_EDGE('',*,*,#8657,.T.);
#8657 = EDGE_CURVE('',#2572,#8658,#8660,.T.);
#8658 = VERTEX_POINT('',#8659);
#8659 = CARTESIAN_POINT('',(184.8,60.,185.5));
#8660 = LINE('',#8661,#8662);
#8661 = CARTESIAN_POINT('',(182.2,60.,185.5));
#8662 = VECTOR('',#8663,1.);
#8663 = DIRECTION('',(1.,0.,-0.));
#8664 = ORIENTED_EDGE('',*,*,#8665,.F.);
#8665 = EDGE_CURVE('',#8649,#8658,#8666,.T.);
#8666 = LINE('',#8667,#8668);
#8667 = CARTESIAN_POINT('',(184.8,60.,164.5));
#8668 = VECTOR('',#8669,1.);
#8669 = DIRECTION('',(0.,0.,1.));
#8670 = PLANE('',#8671);
#8671 = AXIS2_PLACEMENT_3D('',#8672,#8673,#8674);
#8672 = CARTESIAN_POINT('',(182.2,60.,164.5));
#8673 = DIRECTION('',(-0.,1.,0.));
#8674 = DIRECTION('',(0.,0.,1.));
#8675 = ADVANCED_FACE('',(#8676),#8687,.F.);
#8676 = FACE_BOUND('',#8677,.F.);
#8677 = EDGE_LOOP('',(#8678,#8679,#8680,#8686));
#8678 = ORIENTED_EDGE('',*,*,#7612,.F.);
#8679 = ORIENTED_EDGE('',*,*,#7650,.T.);
#8680 = ORIENTED_EDGE('',*,*,#8681,.T.);
#8681 = EDGE_CURVE('',#7651,#8658,#8682,.T.);
#8682 = LINE('',#8683,#8684);
#8683 = CARTESIAN_POINT('',(184.8,53.5,185.5));
#8684 = VECTOR('',#8685,1.);
#8685 = DIRECTION('',(-0.,1.,0.));
#8686 = ORIENTED_EDGE('',*,*,#8657,.F.);
#8687 = PLANE('',#8688);
#8688 = AXIS2_PLACEMENT_3D('',#8689,#8690,#8691);
#8689 = CARTESIAN_POINT('',(182.2,53.5,185.5));
#8690 = DIRECTION('',(0.,0.,1.));
#8691 = DIRECTION('',(1.,0.,-0.));
#8692 = ADVANCED_FACE('',(#8693),#8704,.T.);
#8693 = FACE_BOUND('',#8694,.T.);
#8694 = EDGE_LOOP('',(#8695,#8696,#8697,#8703));
#8695 = ORIENTED_EDGE('',*,*,#7672,.F.);
#8696 = ORIENTED_EDGE('',*,*,#7641,.T.);
#8697 = ORIENTED_EDGE('',*,*,#8698,.T.);
#8698 = EDGE_CURVE('',#7642,#8649,#8699,.T.);
#8699 = LINE('',#8700,#8701);
#8700 = CARTESIAN_POINT('',(184.8,53.5,164.5));
#8701 = VECTOR('',#8702,1.);
#8702 = DIRECTION('',(-0.,1.,0.));
#8703 = ORIENTED_EDGE('',*,*,#8648,.F.);
#8704 = PLANE('',#8705);
#8705 = AXIS2_PLACEMENT_3D('',#8706,#8707,#8708);
#8706 = CARTESIAN_POINT('',(182.2,53.5,164.5));
#8707 = DIRECTION('',(0.,0.,1.));
#8708 = DIRECTION('',(1.,0.,-0.));
#8709 = ADVANCED_FACE('',(#8710),#8716,.F.);
#8710 = FACE_BOUND('',#8711,.F.);
#8711 = EDGE_LOOP('',(#8712,#8713,#8714,#8715));
#8712 = ORIENTED_EDGE('',*,*,#7658,.F.);
#8713 = ORIENTED_EDGE('',*,*,#8698,.T.);
#8714 = ORIENTED_EDGE('',*,*,#8665,.T.);
#8715 = ORIENTED_EDGE('',*,*,#8681,.F.);
#8716 = PLANE('',#8717);
#8717 = AXIS2_PLACEMENT_3D('',#8718,#8719,#8720);
#8718 = CARTESIAN_POINT('',(184.8,53.5,164.5));
#8719 = DIRECTION('',(1.,0.,-0.));
#8720 = DIRECTION('',(0.,0.,1.));
#8721 = ADVANCED_FACE('',(#8722),#8747,.F.);
#8722 = FACE_BOUND('',#8723,.F.);
#8723 = EDGE_LOOP('',(#8724,#8734,#8740,#8741));
#8724 = ORIENTED_EDGE('',*,*,#8725,.F.);
#8725 = EDGE_CURVE('',#8726,#8728,#8730,.T.);
#8726 = VERTEX_POINT('',#8727);
#8727 = CARTESIAN_POINT('',(0.,95.5,122.1));
#8728 = VERTEX_POINT('',#8729);
#8729 = CARTESIAN_POINT('',(0.,104.5,122.1));
#8730 = LINE('',#8731,#8732);
#8731 = CARTESIAN_POINT('',(0.,95.5,122.1));
#8732 = VECTOR('',#8733,1.);
#8733 = DIRECTION('',(-0.,1.,0.));
#8734 = ORIENTED_EDGE('',*,*,#8735,.T.);
#8735 = EDGE_CURVE('',#8726,#8038,#8736,.T.);
#8736 = LINE('',#8737,#8738);
#8737 = CARTESIAN_POINT('',(0.,95.5,122.1));
#8738 = VECTOR('',#8739,1.);
#8739 = DIRECTION('',(1.,0.,-0.));
#8740 = ORIENTED_EDGE('',*,*,#8037,.T.);
#8741 = ORIENTED_EDGE('',*,*,#8742,.F.);
#8742 = EDGE_CURVE('',#8728,#8040,#8743,.T.);
#8743 = LINE('',#8744,#8745);
#8744 = CARTESIAN_POINT('',(0.,104.5,122.1));
#8745 = VECTOR('',#8746,1.);
#8746 = DIRECTION('',(1.,0.,-0.));
#8747 = PLANE('',#8748);
#8748 = AXIS2_PLACEMENT_3D('',#8749,#8750,#8751);
#8749 = CARTESIAN_POINT('',(0.,95.5,122.1));
#8750 = DIRECTION('',(0.,0.,1.));
#8751 = DIRECTION('',(1.,0.,-0.));
#8752 = ADVANCED_FACE('',(#8753),#8771,.F.);
#8753 = FACE_BOUND('',#8754,.F.);
#8754 = EDGE_LOOP('',(#8755,#8756,#8764,#8770));
#8755 = ORIENTED_EDGE('',*,*,#8735,.F.);
#8756 = ORIENTED_EDGE('',*,*,#8757,.T.);
#8757 = EDGE_CURVE('',#8726,#8758,#8760,.T.);
#8758 = VERTEX_POINT('',#8759);
#8759 = CARTESIAN_POINT('',(0.,95.5,122.9));
#8760 = LINE('',#8761,#8762);
#8761 = CARTESIAN_POINT('',(0.,95.5,122.1));
#8762 = VECTOR('',#8763,1.);
#8763 = DIRECTION('',(0.,0.,1.));
#8764 = ORIENTED_EDGE('',*,*,#8765,.T.);
#8765 = EDGE_CURVE('',#8758,#8048,#8766,.T.);
#8766 = LINE('',#8767,#8768);
#8767 = CARTESIAN_POINT('',(0.,95.5,122.9));
#8768 = VECTOR('',#8769,1.);
#8769 = DIRECTION('',(1.,0.,-0.));
#8770 = ORIENTED_EDGE('',*,*,#8047,.F.);
#8771 = PLANE('',#8772);
#8772 = AXIS2_PLACEMENT_3D('',#8773,#8774,#8775);
#8773 = CARTESIAN_POINT('',(0.,95.5,122.1));
#8774 = DIRECTION('',(-0.,1.,0.));
#8775 = DIRECTION('',(0.,0.,1.));
#8776 = ADVANCED_FACE('',(#8777),#8795,.T.);
#8777 = FACE_BOUND('',#8778,.T.);
#8778 = EDGE_LOOP('',(#8779,#8780,#8788,#8794));
#8779 = ORIENTED_EDGE('',*,*,#8742,.F.);
#8780 = ORIENTED_EDGE('',*,*,#8781,.T.);
#8781 = EDGE_CURVE('',#8728,#8782,#8784,.T.);
#8782 = VERTEX_POINT('',#8783);
#8783 = CARTESIAN_POINT('',(0.,104.5,122.9));
#8784 = LINE('',#8785,#8786);
#8785 = CARTESIAN_POINT('',(0.,104.5,122.1));
#8786 = VECTOR('',#8787,1.);
#8787 = DIRECTION('',(0.,0.,1.));
#8788 = ORIENTED_EDGE('',*,*,#8789,.T.);
#8789 = EDGE_CURVE('',#8782,#8056,#8790,.T.);
#8790 = LINE('',#8791,#8792);
#8791 = CARTESIAN_POINT('',(0.,104.5,122.9));
#8792 = VECTOR('',#8793,1.);
#8793 = DIRECTION('',(1.,0.,-0.));
#8794 = ORIENTED_EDGE('',*,*,#8063,.F.);
#8795 = PLANE('',#8796);
#8796 = AXIS2_PLACEMENT_3D('',#8797,#8798,#8799);
#8797 = CARTESIAN_POINT('',(0.,104.5,122.1));
#8798 = DIRECTION('',(-0.,1.,0.));
#8799 = DIRECTION('',(0.,0.,1.));
#8800 = ADVANCED_FACE('',(#8801),#8812,.T.);
#8801 = FACE_BOUND('',#8802,.T.);
#8802 = EDGE_LOOP('',(#8803,#8809,#8810,#8811));
#8803 = ORIENTED_EDGE('',*,*,#8804,.F.);
#8804 = EDGE_CURVE('',#8758,#8782,#8805,.T.);
#8805 = LINE('',#8806,#8807);
#8806 = CARTESIAN_POINT('',(0.,95.5,122.9));
#8807 = VECTOR('',#8808,1.);
#8808 = DIRECTION('',(-0.,1.,0.));
#8809 = ORIENTED_EDGE('',*,*,#8765,.T.);
#8810 = ORIENTED_EDGE('',*,*,#8055,.T.);
#8811 = ORIENTED_EDGE('',*,*,#8789,.F.);
#8812 = PLANE('',#8813);
#8813 = AXIS2_PLACEMENT_3D('',#8814,#8815,#8816);
#8814 = CARTESIAN_POINT('',(0.,95.5,122.9));
#8815 = DIRECTION('',(0.,0.,1.));
#8816 = DIRECTION('',(1.,0.,-0.));
#8817 = ADVANCED_FACE('',(#8818),#8843,.F.);
#8818 = FACE_BOUND('',#8819,.F.);
#8819 = EDGE_LOOP('',(#8820,#8830,#8836,#8837));
#8820 = ORIENTED_EDGE('',*,*,#8821,.F.);
#8821 = EDGE_CURVE('',#8822,#8824,#8826,.T.);
#8822 = VERTEX_POINT('',#8823);
#8823 = CARTESIAN_POINT('',(0.,95.5,123.6));
#8824 = VERTEX_POINT('',#8825);
#8825 = CARTESIAN_POINT('',(0.,104.5,123.6));
#8826 = LINE('',#8827,#8828);
#8827 = CARTESIAN_POINT('',(0.,95.5,123.6));
#8828 = VECTOR('',#8829,1.);
#8829 = DIRECTION('',(-0.,1.,0.));
#8830 = ORIENTED_EDGE('',*,*,#8831,.T.);
#8831 = EDGE_CURVE('',#8822,#8072,#8832,.T.);
#8832 = LINE('',#8833,#8834);
#8833 = CARTESIAN_POINT('',(0.,95.5,123.6));
#8834 = VECTOR('',#8835,1.);
#8835 = DIRECTION('',(1.,0.,-0.));
#8836 = ORIENTED_EDGE('',*,*,#8071,.T.);
#8837 = ORIENTED_EDGE('',*,*,#8838,.F.);
#8838 = EDGE_CURVE('',#8824,#8074,#8839,.T.);
#8839 = LINE('',#8840,#8841);
#8840 = CARTESIAN_POINT('',(0.,104.5,123.6));
#8841 = VECTOR('',#8842,1.);
#8842 = DIRECTION('',(1.,0.,-0.));
#8843 = PLANE('',#8844);
#8844 = AXIS2_PLACEMENT_3D('',#8845,#8846,#8847);
#8845 = CARTESIAN_POINT('',(0.,95.5,123.6));
#8846 = DIRECTION('',(0.,0.,1.));
#8847 = DIRECTION('',(1.,0.,-0.));
#8848 = ADVANCED_FACE('',(#8849),#8867,.F.);
#8849 = FACE_BOUND('',#8850,.F.);
#8850 = EDGE_LOOP('',(#8851,#8852,#8860,#8866));
#8851 = ORIENTED_EDGE('',*,*,#8831,.F.);
#8852 = ORIENTED_EDGE('',*,*,#8853,.T.);
#8853 = EDGE_CURVE('',#8822,#8854,#8856,.T.);
#8854 = VERTEX_POINT('',#8855);
#8855 = CARTESIAN_POINT('',(0.,95.5,124.4));
#8856 = LINE('',#8857,#8858);
#8857 = CARTESIAN_POINT('',(0.,95.5,123.6));
#8858 = VECTOR('',#8859,1.);
#8859 = DIRECTION('',(0.,0.,1.));
#8860 = ORIENTED_EDGE('',*,*,#8861,.T.);
#8861 = EDGE_CURVE('',#8854,#8082,#8862,.T.);
#8862 = LINE('',#8863,#8864);
#8863 = CARTESIAN_POINT('',(0.,95.5,124.4));
#8864 = VECTOR('',#8865,1.);
#8865 = DIRECTION('',(1.,0.,-0.));
#8866 = ORIENTED_EDGE('',*,*,#8081,.F.);
#8867 = PLANE('',#8868);
#8868 = AXIS2_PLACEMENT_3D('',#8869,#8870,#8871);
#8869 = CARTESIAN_POINT('',(0.,95.5,123.6));
#8870 = DIRECTION('',(-0.,1.,0.));
#8871 = DIRECTION('',(0.,0.,1.));
#8872 = ADVANCED_FACE('',(#8873),#8891,.T.);
#8873 = FACE_BOUND('',#8874,.T.);
#8874 = EDGE_LOOP('',(#8875,#8876,#8884,#8890));
#8875 = ORIENTED_EDGE('',*,*,#8838,.F.);
#8876 = ORIENTED_EDGE('',*,*,#8877,.T.);
#8877 = EDGE_CURVE('',#8824,#8878,#8880,.T.);
#8878 = VERTEX_POINT('',#8879);
#8879 = CARTESIAN_POINT('',(0.,104.5,124.4));
#8880 = LINE('',#8881,#8882);
#8881 = CARTESIAN_POINT('',(0.,104.5,123.6));
#8882 = VECTOR('',#8883,1.);
#8883 = DIRECTION('',(0.,0.,1.));
#8884 = ORIENTED_EDGE('',*,*,#8885,.T.);
#8885 = EDGE_CURVE('',#8878,#8090,#8886,.T.);
#8886 = LINE('',#8887,#8888);
#8887 = CARTESIAN_POINT('',(0.,104.5,124.4));
#8888 = VECTOR('',#8889,1.);
#8889 = DIRECTION('',(1.,0.,-0.));
#8890 = ORIENTED_EDGE('',*,*,#8097,.F.);
#8891 = PLANE('',#8892);
#8892 = AXIS2_PLACEMENT_3D('',#8893,#8894,#8895);
#8893 = CARTESIAN_POINT('',(0.,104.5,123.6));
#8894 = DIRECTION('',(-0.,1.,0.));
#8895 = DIRECTION('',(0.,0.,1.));
#8896 = ADVANCED_FACE('',(#8897),#8908,.T.);
#8897 = FACE_BOUND('',#8898,.T.);
#8898 = EDGE_LOOP('',(#8899,#8905,#8906,#8907));
#8899 = ORIENTED_EDGE('',*,*,#8900,.F.);
#8900 = EDGE_CURVE('',#8854,#8878,#8901,.T.);
#8901 = LINE('',#8902,#8903);
#8902 = CARTESIAN_POINT('',(0.,95.5,124.4));
#8903 = VECTOR('',#8904,1.);
#8904 = DIRECTION('',(-0.,1.,0.));
#8905 = ORIENTED_EDGE('',*,*,#8861,.T.);
#8906 = ORIENTED_EDGE('',*,*,#8089,.T.);
#8907 = ORIENTED_EDGE('',*,*,#8885,.F.);
#8908 = PLANE('',#8909);
#8909 = AXIS2_PLACEMENT_3D('',#8910,#8911,#8912);
#8910 = CARTESIAN_POINT('',(0.,95.5,124.4));
#8911 = DIRECTION('',(0.,0.,1.));
#8912 = DIRECTION('',(1.,0.,-0.));
#8913 = ADVANCED_FACE('',(#8914),#8939,.F.);
#8914 = FACE_BOUND('',#8915,.F.);
#8915 = EDGE_LOOP('',(#8916,#8926,#8932,#8933));
#8916 = ORIENTED_EDGE('',*,*,#8917,.F.);
#8917 = EDGE_CURVE('',#8918,#8920,#8922,.T.);
#8918 = VERTEX_POINT('',#8919);
#8919 = CARTESIAN_POINT('',(0.,95.5,125.1));
#8920 = VERTEX_POINT('',#8921);
#8921 = CARTESIAN_POINT('',(0.,104.5,125.1));
#8922 = LINE('',#8923,#8924);
#8923 = CARTESIAN_POINT('',(0.,95.5,125.1));
#8924 = VECTOR('',#8925,1.);
#8925 = DIRECTION('',(-0.,1.,0.));
#8926 = ORIENTED_EDGE('',*,*,#8927,.T.);
#8927 = EDGE_CURVE('',#8918,#8106,#8928,.T.);
#8928 = LINE('',#8929,#8930);
#8929 = CARTESIAN_POINT('',(0.,95.5,125.1));
#8930 = VECTOR('',#8931,1.);
#8931 = DIRECTION('',(1.,0.,-0.));
#8932 = ORIENTED_EDGE('',*,*,#8105,.T.);
#8933 = ORIENTED_EDGE('',*,*,#8934,.F.);
#8934 = EDGE_CURVE('',#8920,#8108,#8935,.T.);
#8935 = LINE('',#8936,#8937);
#8936 = CARTESIAN_POINT('',(0.,104.5,125.1));
#8937 = VECTOR('',#8938,1.);
#8938 = DIRECTION('',(1.,0.,-0.));
#8939 = PLANE('',#8940);
#8940 = AXIS2_PLACEMENT_3D('',#8941,#8942,#8943);
#8941 = CARTESIAN_POINT('',(0.,95.5,125.1));
#8942 = DIRECTION('',(0.,0.,1.));
#8943 = DIRECTION('',(1.,0.,-0.));
#8944 = ADVANCED_FACE('',(#8945),#8963,.T.);
#8945 = FACE_BOUND('',#8946,.T.);
#8946 = EDGE_LOOP('',(#8947,#8948,#8956,#8962));
#8947 = ORIENTED_EDGE('',*,*,#8934,.F.);
#8948 = ORIENTED_EDGE('',*,*,#8949,.T.);
#8949 = EDGE_CURVE('',#8920,#8950,#8952,.T.);
#8950 = VERTEX_POINT('',#8951);
#8951 = CARTESIAN_POINT('',(0.,104.5,125.9));
#8952 = LINE('',#8953,#8954);
#8953 = CARTESIAN_POINT('',(0.,104.5,125.1));
#8954 = VECTOR('',#8955,1.);
#8955 = DIRECTION('',(0.,0.,1.));
#8956 = ORIENTED_EDGE('',*,*,#8957,.T.);
#8957 = EDGE_CURVE('',#8950,#8124,#8958,.T.);
#8958 = LINE('',#8959,#8960);
#8959 = CARTESIAN_POINT('',(0.,104.5,125.9));
#8960 = VECTOR('',#8961,1.);
#8961 = DIRECTION('',(1.,0.,-0.));
#8962 = ORIENTED_EDGE('',*,*,#8131,.F.);
#8963 = PLANE('',#8964);
#8964 = AXIS2_PLACEMENT_3D('',#8965,#8966,#8967);
#8965 = CARTESIAN_POINT('',(0.,104.5,125.1));
#8966 = DIRECTION('',(-0.,1.,0.));
#8967 = DIRECTION('',(0.,0.,1.));
#8968 = ADVANCED_FACE('',(#8969),#8987,.T.);
#8969 = FACE_BOUND('',#8970,.T.);
#8970 = EDGE_LOOP('',(#8971,#8979,#8985,#8986));
#8971 = ORIENTED_EDGE('',*,*,#8972,.F.);
#8972 = EDGE_CURVE('',#8973,#8950,#8975,.T.);
#8973 = VERTEX_POINT('',#8974);
#8974 = CARTESIAN_POINT('',(0.,95.5,125.9));
#8975 = LINE('',#8976,#8977);
#8976 = CARTESIAN_POINT('',(0.,95.5,125.9));
#8977 = VECTOR('',#8978,1.);
#8978 = DIRECTION('',(-0.,1.,0.));
#8979 = ORIENTED_EDGE('',*,*,#8980,.T.);
#8980 = EDGE_CURVE('',#8973,#8116,#8981,.T.);
#8981 = LINE('',#8982,#8983);
#8982 = CARTESIAN_POINT('',(0.,95.5,125.9));
#8983 = VECTOR('',#8984,1.);
#8984 = DIRECTION('',(1.,0.,-0.));
#8985 = ORIENTED_EDGE('',*,*,#8123,.T.);
#8986 = ORIENTED_EDGE('',*,*,#8957,.F.);
#8987 = PLANE('',#8988);
#8988 = AXIS2_PLACEMENT_3D('',#8989,#8990,#8991);
#8989 = CARTESIAN_POINT('',(0.,95.5,125.9));
#8990 = DIRECTION('',(0.,0.,1.));
#8991 = DIRECTION('',(1.,0.,-0.));
#8992 = ADVANCED_FACE('',(#8993),#9004,.F.);
#8993 = FACE_BOUND('',#8994,.F.);
#8994 = EDGE_LOOP('',(#8995,#8996,#9002,#9003));
#8995 = ORIENTED_EDGE('',*,*,#8927,.F.);
#8996 = ORIENTED_EDGE('',*,*,#8997,.T.);
#8997 = EDGE_CURVE('',#8918,#8973,#8998,.T.);
#8998 = LINE('',#8999,#9000);
#8999 = CARTESIAN_POINT('',(0.,95.5,125.1));
#9000 = VECTOR('',#9001,1.);
#9001 = DIRECTION('',(0.,0.,1.));
#9002 = ORIENTED_EDGE('',*,*,#8980,.T.);
#9003 = ORIENTED_EDGE('',*,*,#8115,.F.);
#9004 = PLANE('',#9005);
#9005 = AXIS2_PLACEMENT_3D('',#9006,#9007,#9008);
#9006 = CARTESIAN_POINT('',(0.,95.5,125.1));
#9007 = DIRECTION('',(-0.,1.,0.));
#9008 = DIRECTION('',(0.,0.,1.));
#9009 = ADVANCED_FACE('',(#9010),#9035,.F.);
#9010 = FACE_BOUND('',#9011,.F.);
#9011 = EDGE_LOOP('',(#9012,#9013,#9021,#9029));
#9012 = ORIENTED_EDGE('',*,*,#8434,.F.);
#9013 = ORIENTED_EDGE('',*,*,#9014,.T.);
#9014 = EDGE_CURVE('',#8435,#9015,#9017,.T.);
#9015 = VERTEX_POINT('',#9016);
#9016 = CARTESIAN_POINT('',(186.,95.5,122.1));
#9017 = LINE('',#9018,#9019);
#9018 = CARTESIAN_POINT('',(185.6,95.5,122.1));
#9019 = VECTOR('',#9020,1.);
#9020 = DIRECTION('',(1.,0.,-0.));
#9021 = ORIENTED_EDGE('',*,*,#9022,.T.);
#9022 = EDGE_CURVE('',#9015,#9023,#9025,.T.);
#9023 = VERTEX_POINT('',#9024);
#9024 = CARTESIAN_POINT('',(186.,104.5,122.1));
#9025 = LINE('',#9026,#9027);
#9026 = CARTESIAN_POINT('',(186.,95.5,122.1));
#9027 = VECTOR('',#9028,1.);
#9028 = DIRECTION('',(-0.,1.,0.));
#9029 = ORIENTED_EDGE('',*,*,#9030,.F.);
#9030 = EDGE_CURVE('',#8437,#9023,#9031,.T.);
#9031 = LINE('',#9032,#9033);
#9032 = CARTESIAN_POINT('',(185.6,104.5,122.1));
#9033 = VECTOR('',#9034,1.);
#9034 = DIRECTION('',(1.,0.,-0.));
#9035 = PLANE('',#9036);
#9036 = AXIS2_PLACEMENT_3D('',#9037,#9038,#9039);
#9037 = CARTESIAN_POINT('',(185.6,95.5,122.1));
#9038 = DIRECTION('',(0.,0.,1.));
#9039 = DIRECTION('',(1.,0.,-0.));
#9040 = ADVANCED_FACE('',(#9041),#9059,.F.);
#9041 = FACE_BOUND('',#9042,.F.);
#9042 = EDGE_LOOP('',(#9043,#9044,#9045,#9053));
#9043 = ORIENTED_EDGE('',*,*,#9014,.F.);
#9044 = ORIENTED_EDGE('',*,*,#8444,.T.);
#9045 = ORIENTED_EDGE('',*,*,#9046,.T.);
#9046 = EDGE_CURVE('',#8445,#9047,#9049,.T.);
#9047 = VERTEX_POINT('',#9048);
#9048 = CARTESIAN_POINT('',(186.,95.5,122.9));
#9049 = LINE('',#9050,#9051);
#9050 = CARTESIAN_POINT('',(185.6,95.5,122.9));
#9051 = VECTOR('',#9052,1.);
#9052 = DIRECTION('',(1.,0.,-0.));
#9053 = ORIENTED_EDGE('',*,*,#9054,.F.);
#9054 = EDGE_CURVE('',#9015,#9047,#9055,.T.);
#9055 = LINE('',#9056,#9057);
#9056 = CARTESIAN_POINT('',(186.,95.5,122.1));
#9057 = VECTOR('',#9058,1.);
#9058 = DIRECTION('',(0.,0.,1.));
#9059 = PLANE('',#9060);
#9060 = AXIS2_PLACEMENT_3D('',#9061,#9062,#9063);
#9061 = CARTESIAN_POINT('',(185.6,95.5,122.1));
#9062 = DIRECTION('',(-0.,1.,0.));
#9063 = DIRECTION('',(0.,0.,1.));
#9064 = ADVANCED_FACE('',(#9065),#9083,.T.);
#9065 = FACE_BOUND('',#9066,.T.);
#9066 = EDGE_LOOP('',(#9067,#9068,#9069,#9077));
#9067 = ORIENTED_EDGE('',*,*,#9030,.F.);
#9068 = ORIENTED_EDGE('',*,*,#8460,.T.);
#9069 = ORIENTED_EDGE('',*,*,#9070,.T.);
#9070 = EDGE_CURVE('',#8453,#9071,#9073,.T.);
#9071 = VERTEX_POINT('',#9072);
#9072 = CARTESIAN_POINT('',(186.,104.5,122.9));
#9073 = LINE('',#9074,#9075);
#9074 = CARTESIAN_POINT('',(185.6,104.5,122.9));
#9075 = VECTOR('',#9076,1.);
#9076 = DIRECTION('',(1.,0.,-0.));
#9077 = ORIENTED_EDGE('',*,*,#9078,.F.);
#9078 = EDGE_CURVE('',#9023,#9071,#9079,.T.);
#9079 = LINE('',#9080,#9081);
#9080 = CARTESIAN_POINT('',(186.,104.5,122.1));
#9081 = VECTOR('',#9082,1.);
#9082 = DIRECTION('',(0.,0.,1.));
#9083 = PLANE('',#9084);
#9084 = AXIS2_PLACEMENT_3D('',#9085,#9086,#9087);
#9085 = CARTESIAN_POINT('',(185.6,104.5,122.1));
#9086 = DIRECTION('',(-0.,1.,0.));
#9087 = DIRECTION('',(0.,0.,1.));
#9088 = ADVANCED_FACE('',(#9089),#9100,.T.);
#9089 = FACE_BOUND('',#9090,.T.);
#9090 = EDGE_LOOP('',(#9091,#9092,#9093,#9099));
#9091 = ORIENTED_EDGE('',*,*,#8452,.F.);
#9092 = ORIENTED_EDGE('',*,*,#9046,.T.);
#9093 = ORIENTED_EDGE('',*,*,#9094,.T.);
#9094 = EDGE_CURVE('',#9047,#9071,#9095,.T.);
#9095 = LINE('',#9096,#9097);
#9096 = CARTESIAN_POINT('',(186.,95.5,122.9));
#9097 = VECTOR('',#9098,1.);
#9098 = DIRECTION('',(-0.,1.,0.));
#9099 = ORIENTED_EDGE('',*,*,#9070,.F.);
#9100 = PLANE('',#9101);
#9101 = AXIS2_PLACEMENT_3D('',#9102,#9103,#9104);
#9102 = CARTESIAN_POINT('',(185.6,95.5,122.9));
#9103 = DIRECTION('',(0.,0.,1.));
#9104 = DIRECTION('',(1.,0.,-0.));
#9105 = ADVANCED_FACE('',(#9106),#9131,.F.);
#9106 = FACE_BOUND('',#9107,.F.);
#9107 = EDGE_LOOP('',(#9108,#9109,#9117,#9125));
#9108 = ORIENTED_EDGE('',*,*,#8468,.F.);
#9109 = ORIENTED_EDGE('',*,*,#9110,.T.);
#9110 = EDGE_CURVE('',#8469,#9111,#9113,.T.);
#9111 = VERTEX_POINT('',#9112);
#9112 = CARTESIAN_POINT('',(186.,95.5,123.6));
#9113 = LINE('',#9114,#9115);
#9114 = CARTESIAN_POINT('',(185.6,95.5,123.6));
#9115 = VECTOR('',#9116,1.);
#9116 = DIRECTION('',(1.,0.,-0.));
#9117 = ORIENTED_EDGE('',*,*,#9118,.T.);
#9118 = EDGE_CURVE('',#9111,#9119,#9121,.T.);
#9119 = VERTEX_POINT('',#9120);
#9120 = CARTESIAN_POINT('',(186.,104.5,123.6));
#9121 = LINE('',#9122,#9123);
#9122 = CARTESIAN_POINT('',(186.,95.5,123.6));
#9123 = VECTOR('',#9124,1.);
#9124 = DIRECTION('',(-0.,1.,0.));
#9125 = ORIENTED_EDGE('',*,*,#9126,.F.);
#9126 = EDGE_CURVE('',#8471,#9119,#9127,.T.);
#9127 = LINE('',#9128,#9129);
#9128 = CARTESIAN_POINT('',(185.6,104.5,123.6));
#9129 = VECTOR('',#9130,1.);
#9130 = DIRECTION('',(1.,0.,-0.));
#9131 = PLANE('',#9132);
#9132 = AXIS2_PLACEMENT_3D('',#9133,#9134,#9135);
#9133 = CARTESIAN_POINT('',(185.6,95.5,123.6));
#9134 = DIRECTION('',(0.,0.,1.));
#9135 = DIRECTION('',(1.,0.,-0.));
#9136 = ADVANCED_FACE('',(#9137),#9155,.F.);
#9137 = FACE_BOUND('',#9138,.F.);
#9138 = EDGE_LOOP('',(#9139,#9140,#9141,#9149));
#9139 = ORIENTED_EDGE('',*,*,#9110,.F.);
#9140 = ORIENTED_EDGE('',*,*,#8478,.T.);
#9141 = ORIENTED_EDGE('',*,*,#9142,.T.);
#9142 = EDGE_CURVE('',#8479,#9143,#9145,.T.);
#9143 = VERTEX_POINT('',#9144);
#9144 = CARTESIAN_POINT('',(186.,95.5,124.4));
#9145 = LINE('',#9146,#9147);
#9146 = CARTESIAN_POINT('',(185.6,95.5,124.4));
#9147 = VECTOR('',#9148,1.);
#9148 = DIRECTION('',(1.,0.,-0.));
#9149 = ORIENTED_EDGE('',*,*,#9150,.F.);
#9150 = EDGE_CURVE('',#9111,#9143,#9151,.T.);
#9151 = LINE('',#9152,#9153);
#9152 = CARTESIAN_POINT('',(186.,95.5,123.6));
#9153 = VECTOR('',#9154,1.);
#9154 = DIRECTION('',(0.,0.,1.));
#9155 = PLANE('',#9156);
#9156 = AXIS2_PLACEMENT_3D('',#9157,#9158,#9159);
#9157 = CARTESIAN_POINT('',(185.6,95.5,123.6));
#9158 = DIRECTION('',(-0.,1.,0.));
#9159 = DIRECTION('',(0.,0.,1.));
#9160 = ADVANCED_FACE('',(#9161),#9179,.T.);
#9161 = FACE_BOUND('',#9162,.T.);
#9162 = EDGE_LOOP('',(#9163,#9164,#9165,#9173));
#9163 = ORIENTED_EDGE('',*,*,#9126,.F.);
#9164 = ORIENTED_EDGE('',*,*,#8494,.T.);
#9165 = ORIENTED_EDGE('',*,*,#9166,.T.);
#9166 = EDGE_CURVE('',#8487,#9167,#9169,.T.);
#9167 = VERTEX_POINT('',#9168);
#9168 = CARTESIAN_POINT('',(186.,104.5,124.4));
#9169 = LINE('',#9170,#9171);
#9170 = CARTESIAN_POINT('',(185.6,104.5,124.4));
#9171 = VECTOR('',#9172,1.);
#9172 = DIRECTION('',(1.,0.,-0.));
#9173 = ORIENTED_EDGE('',*,*,#9174,.F.);
#9174 = EDGE_CURVE('',#9119,#9167,#9175,.T.);
#9175 = LINE('',#9176,#9177);
#9176 = CARTESIAN_POINT('',(186.,104.5,123.6));
#9177 = VECTOR('',#9178,1.);
#9178 = DIRECTION('',(0.,0.,1.));
#9179 = PLANE('',#9180);
#9180 = AXIS2_PLACEMENT_3D('',#9181,#9182,#9183);
#9181 = CARTESIAN_POINT('',(185.6,104.5,123.6));
#9182 = DIRECTION('',(-0.,1.,0.));
#9183 = DIRECTION('',(0.,0.,1.));
#9184 = ADVANCED_FACE('',(#9185),#9196,.T.);
#9185 = FACE_BOUND('',#9186,.T.);
#9186 = EDGE_LOOP('',(#9187,#9188,#9189,#9195));
#9187 = ORIENTED_EDGE('',*,*,#8486,.F.);
#9188 = ORIENTED_EDGE('',*,*,#9142,.T.);
#9189 = ORIENTED_EDGE('',*,*,#9190,.T.);
#9190 = EDGE_CURVE('',#9143,#9167,#9191,.T.);
#9191 = LINE('',#9192,#9193);
#9192 = CARTESIAN_POINT('',(186.,95.5,124.4));
#9193 = VECTOR('',#9194,1.);
#9194 = DIRECTION('',(-0.,1.,0.));
#9195 = ORIENTED_EDGE('',*,*,#9166,.F.);
#9196 = PLANE('',#9197);
#9197 = AXIS2_PLACEMENT_3D('',#9198,#9199,#9200);
#9198 = CARTESIAN_POINT('',(185.6,95.5,124.4));
#9199 = DIRECTION('',(0.,0.,1.));
#9200 = DIRECTION('',(1.,0.,-0.));
#9201 = ADVANCED_FACE('',(#9202),#9227,.F.);
#9202 = FACE_BOUND('',#9203,.F.);
#9203 = EDGE_LOOP('',(#9204,#9205,#9213,#9221));
#9204 = ORIENTED_EDGE('',*,*,#8502,.F.);
#9205 = ORIENTED_EDGE('',*,*,#9206,.T.);
#9206 = EDGE_CURVE('',#8503,#9207,#9209,.T.);
#9207 = VERTEX_POINT('',#9208);
#9208 = CARTESIAN_POINT('',(186.,95.5,125.1));
#9209 = LINE('',#9210,#9211);
#9210 = CARTESIAN_POINT('',(185.6,95.5,125.1));
#9211 = VECTOR('',#9212,1.);
#9212 = DIRECTION('',(1.,0.,-0.));
#9213 = ORIENTED_EDGE('',*,*,#9214,.T.);
#9214 = EDGE_CURVE('',#9207,#9215,#9217,.T.);
#9215 = VERTEX_POINT('',#9216);
#9216 = CARTESIAN_POINT('',(186.,104.5,125.1));
#9217 = LINE('',#9218,#9219);
#9218 = CARTESIAN_POINT('',(186.,95.5,125.1));
#9219 = VECTOR('',#9220,1.);
#9220 = DIRECTION('',(-0.,1.,0.));
#9221 = ORIENTED_EDGE('',*,*,#9222,.F.);
#9222 = EDGE_CURVE('',#8505,#9215,#9223,.T.);
#9223 = LINE('',#9224,#9225);
#9224 = CARTESIAN_POINT('',(185.6,104.5,125.1));
#9225 = VECTOR('',#9226,1.);
#9226 = DIRECTION('',(1.,0.,-0.));
#9227 = PLANE('',#9228);
#9228 = AXIS2_PLACEMENT_3D('',#9229,#9230,#9231);
#9229 = CARTESIAN_POINT('',(185.6,95.5,125.1));
#9230 = DIRECTION('',(0.,0.,1.));
#9231 = DIRECTION('',(1.,0.,-0.));
#9232 = ADVANCED_FACE('',(#9233),#9251,.T.);
#9233 = FACE_BOUND('',#9234,.T.);
#9234 = EDGE_LOOP('',(#9235,#9236,#9237,#9245));
#9235 = ORIENTED_EDGE('',*,*,#9222,.F.);
#9236 = ORIENTED_EDGE('',*,*,#8528,.T.);
#9237 = ORIENTED_EDGE('',*,*,#9238,.T.);
#9238 = EDGE_CURVE('',#8521,#9239,#9241,.T.);
#9239 = VERTEX_POINT('',#9240);
#9240 = CARTESIAN_POINT('',(186.,104.5,125.9));
#9241 = LINE('',#9242,#9243);
#9242 = CARTESIAN_POINT('',(185.6,104.5,125.9));
#9243 = VECTOR('',#9244,1.);
#9244 = DIRECTION('',(1.,0.,-0.));
#9245 = ORIENTED_EDGE('',*,*,#9246,.F.);
#9246 = EDGE_CURVE('',#9215,#9239,#9247,.T.);
#9247 = LINE('',#9248,#9249);
#9248 = CARTESIAN_POINT('',(186.,104.5,125.1));
#9249 = VECTOR('',#9250,1.);
#9250 = DIRECTION('',(0.,0.,1.));
#9251 = PLANE('',#9252);
#9252 = AXIS2_PLACEMENT_3D('',#9253,#9254,#9255);
#9253 = CARTESIAN_POINT('',(185.6,104.5,125.1));
#9254 = DIRECTION('',(-0.,1.,0.));
#9255 = DIRECTION('',(0.,0.,1.));
#9256 = ADVANCED_FACE('',(#9257),#9275,.T.);
#9257 = FACE_BOUND('',#9258,.T.);
#9258 = EDGE_LOOP('',(#9259,#9260,#9268,#9274));
#9259 = ORIENTED_EDGE('',*,*,#8520,.F.);
#9260 = ORIENTED_EDGE('',*,*,#9261,.T.);
#9261 = EDGE_CURVE('',#8513,#9262,#9264,.T.);
#9262 = VERTEX_POINT('',#9263);
#9263 = CARTESIAN_POINT('',(186.,95.5,125.9));
#9264 = LINE('',#9265,#9266);
#9265 = CARTESIAN_POINT('',(185.6,95.5,125.9));
#9266 = VECTOR('',#9267,1.);
#9267 = DIRECTION('',(1.,0.,-0.));
#9268 = ORIENTED_EDGE('',*,*,#9269,.T.);
#9269 = EDGE_CURVE('',#9262,#9239,#9270,.T.);
#9270 = LINE('',#9271,#9272);
#9271 = CARTESIAN_POINT('',(186.,95.5,125.9));
#9272 = VECTOR('',#9273,1.);
#9273 = DIRECTION('',(-0.,1.,0.));
#9274 = ORIENTED_EDGE('',*,*,#9238,.F.);
#9275 = PLANE('',#9276);
#9276 = AXIS2_PLACEMENT_3D('',#9277,#9278,#9279);
#9277 = CARTESIAN_POINT('',(185.6,95.5,125.9));
#9278 = DIRECTION('',(0.,0.,1.));
#9279 = DIRECTION('',(1.,0.,-0.));
#9280 = ADVANCED_FACE('',(#9281),#9292,.F.);
#9281 = FACE_BOUND('',#9282,.F.);
#9282 = EDGE_LOOP('',(#9283,#9284,#9285,#9286));
#9283 = ORIENTED_EDGE('',*,*,#9206,.F.);
#9284 = ORIENTED_EDGE('',*,*,#8512,.T.);
#9285 = ORIENTED_EDGE('',*,*,#9261,.T.);
#9286 = ORIENTED_EDGE('',*,*,#9287,.F.);
#9287 = EDGE_CURVE('',#9207,#9262,#9288,.T.);
#9288 = LINE('',#9289,#9290);
#9289 = CARTESIAN_POINT('',(186.,95.5,125.1));
#9290 = VECTOR('',#9291,1.);
#9291 = DIRECTION('',(0.,0.,1.));
#9292 = PLANE('',#9293);
#9293 = AXIS2_PLACEMENT_3D('',#9294,#9295,#9296);
#9294 = CARTESIAN_POINT('',(185.6,95.5,125.1));
#9295 = DIRECTION('',(-0.,1.,0.));
#9296 = DIRECTION('',(0.,0.,1.));
#9297 = ADVANCED_FACE('',(#9298),#9304,.F.);
#9298 = FACE_BOUND('',#9299,.F.);
#9299 = EDGE_LOOP('',(#9300,#9301,#9302,#9303));
#9300 = ORIENTED_EDGE('',*,*,#8757,.F.);
#9301 = ORIENTED_EDGE('',*,*,#8725,.T.);
#9302 = ORIENTED_EDGE('',*,*,#8781,.T.);
#9303 = ORIENTED_EDGE('',*,*,#8804,.F.);
#9304 = PLANE('',#9305);
#9305 = AXIS2_PLACEMENT_3D('',#9306,#9307,#9308);
#9306 = CARTESIAN_POINT('',(0.,95.5,122.1));
#9307 = DIRECTION('',(1.,0.,-0.));
#9308 = DIRECTION('',(0.,0.,1.));
#9309 = ADVANCED_FACE('',(#9310),#9316,.F.);
#9310 = FACE_BOUND('',#9311,.F.);
#9311 = EDGE_LOOP('',(#9312,#9313,#9314,#9315));
#9312 = ORIENTED_EDGE('',*,*,#8853,.F.);
#9313 = ORIENTED_EDGE('',*,*,#8821,.T.);
#9314 = ORIENTED_EDGE('',*,*,#8877,.T.);
#9315 = ORIENTED_EDGE('',*,*,#8900,.F.);
#9316 = PLANE('',#9317);
#9317 = AXIS2_PLACEMENT_3D('',#9318,#9319,#9320);
#9318 = CARTESIAN_POINT('',(0.,95.5,123.6));
#9319 = DIRECTION('',(1.,0.,-0.));
#9320 = DIRECTION('',(0.,0.,1.));
#9321 = ADVANCED_FACE('',(#9322),#9328,.F.);
#9322 = FACE_BOUND('',#9323,.F.);
#9323 = EDGE_LOOP('',(#9324,#9325,#9326,#9327));
#9324 = ORIENTED_EDGE('',*,*,#8997,.F.);
#9325 = ORIENTED_EDGE('',*,*,#8917,.T.);
#9326 = ORIENTED_EDGE('',*,*,#8949,.T.);
#9327 = ORIENTED_EDGE('',*,*,#8972,.F.);
#9328 = PLANE('',#9329);
#9329 = AXIS2_PLACEMENT_3D('',#9330,#9331,#9332);
#9330 = CARTESIAN_POINT('',(0.,95.5,125.1));
#9331 = DIRECTION('',(1.,0.,-0.));
#9332 = DIRECTION('',(0.,0.,1.));
#9333 = ADVANCED_FACE('',(#9334),#9340,.T.);
#9334 = FACE_BOUND('',#9335,.T.);
#9335 = EDGE_LOOP('',(#9336,#9337,#9338,#9339));
#9336 = ORIENTED_EDGE('',*,*,#9054,.F.);
#9337 = ORIENTED_EDGE('',*,*,#9022,.T.);
#9338 = ORIENTED_EDGE('',*,*,#9078,.T.);
#9339 = ORIENTED_EDGE('',*,*,#9094,.F.);
#9340 = PLANE('',#9341);
#9341 = AXIS2_PLACEMENT_3D('',#9342,#9343,#9344);
#9342 = CARTESIAN_POINT('',(186.,95.5,122.1));
#9343 = DIRECTION('',(1.,0.,-0.));
#9344 = DIRECTION('',(0.,0.,1.));
#9345 = ADVANCED_FACE('',(#9346),#9352,.T.);
#9346 = FACE_BOUND('',#9347,.T.);
#9347 = EDGE_LOOP('',(#9348,#9349,#9350,#9351));
#9348 = ORIENTED_EDGE('',*,*,#9150,.F.);
#9349 = ORIENTED_EDGE('',*,*,#9118,.T.);
#9350 = ORIENTED_EDGE('',*,*,#9174,.T.);
#9351 = ORIENTED_EDGE('',*,*,#9190,.F.);
#9352 = PLANE('',#9353);
#9353 = AXIS2_PLACEMENT_3D('',#9354,#9355,#9356);
#9354 = CARTESIAN_POINT('',(186.,95.5,123.6));
#9355 = DIRECTION('',(1.,0.,-0.));
#9356 = DIRECTION('',(0.,0.,1.));
#9357 = ADVANCED_FACE('',(#9358),#9364,.T.);
#9358 = FACE_BOUND('',#9359,.T.);
#9359 = EDGE_LOOP('',(#9360,#9361,#9362,#9363));
#9360 = ORIENTED_EDGE('',*,*,#9287,.F.);
#9361 = ORIENTED_EDGE('',*,*,#9214,.T.);
#9362 = ORIENTED_EDGE('',*,*,#9246,.T.);
#9363 = ORIENTED_EDGE('',*,*,#9269,.F.);
#9364 = PLANE('',#9365);
#9365 = AXIS2_PLACEMENT_3D('',#9366,#9367,#9368);
#9366 = CARTESIAN_POINT('',(186.,95.5,125.1));
#9367 = DIRECTION('',(1.,0.,-0.));
#9368 = DIRECTION('',(0.,0.,1.));
#9369 = ( GEOMETRIC_REPRESENTATION_CONTEXT(3) 
GLOBAL_UNCERTAINTY_ASSIGNED_CONTEXT((#9373)) 
GLOBAL_UNIT_ASSIGNED_CONTEXT((#9370,#9371,#9372)) REPRESENTATION_CONTEXT
('Context #1','3D Context with UNIT and UNCERTAINTY') );
#9370 = ( LENGTH_UNIT() NAMED_UNIT(*) SI_UNIT(.MILLI.,.METRE.) );
#9371 = ( NAMED_UNIT(*) PLANE_ANGLE_UNIT() SI_UNIT($,.RADIAN.) );
#9372 = ( NAMED_UNIT(*) SI_UNIT($,.STERADIAN.) SOLID_ANGLE_UNIT() );
#9373 = UNCERTAINTY_MEASURE_WITH_UNIT(LENGTH_MEASURE(1.E-07),#9370,
  'distance_accuracy_value','confusion accuracy');
#9374 = PRODUCT_RELATED_PRODUCT_CATEGORY('part',$,(#7));
ENDSEC;
END-ISO-10303-21;
