ISO-10303-21;
HEADER;
FILE_DESCRIPTION(('FreeCAD Model'),'2;1');
FILE_NAME('Open CASCADE Shape Model','2026-10-01T15:05:58',('FreeCAD'),(
    'FreeCAD'),'Open CASCADE STEP processor 7.9','FreeCAD','Unknown');
FILE_SCHEMA(('AUTOMOTIVE_DESIGN { 1 0 10303 214 1 1 1 1 }'));
ENDSEC;
DATA;
#1 = APPLICATION_PROTOCOL_DEFINITION('international standard',
  'automotive_design',2000,#2);
#2 = APPLICATION_CONTEXT(
  'core data for automotive mechanical design processes');
#3 = SHAPE_DEFINITION_REPRESENTATION(#4,#10);
#4 = PRODUCT_DEFINITION_SHAPE('','',#5);
#5 = PRODUCT_DEFINITION('design','',#6,#9);
#6 = PRODUCT_DEFINITION_FORMATION('','',#7);
#7 = PRODUCT('Open CASCADE STEP translator 7.9 1',
  'Open CASCADE STEP translator 7.9 1','',(#8));
#8 = PRODUCT_CONTEXT('',#2,'mechanical');
#9 = PRODUCT_DEFINITION_CONTEXT('part definition',#2,'design');
#10 = ADVANCED_BREP_SHAPE_REPRESENTATION('',(#11,#15),#15043);
#11 = AXIS2_PLACEMENT_3D('',#12,#13,#14);
#12 = CARTESIAN_POINT('',(0.,0.,0.));
#13 = DIRECTION('',(0.,0.,1.));
#14 = DIRECTION('',(1.,0.,-0.));
#15 = MANIFOLD_SOLID_BREP('',#16);
#16 = CLOSED_SHELL('',(#17,#515,#546,#570,#594,#634,#1524,#2986,#3017,
    #3041,#3065,#3082,#3113,#3137,#3161,#3178,#3209,#3233,#3257,#3274,
    #3305,#3329,#3353,#3370,#3401,#3425,#3449,#3466,#3497,#3521,#3545,
    #3562,#3593,#3617,#3641,#3658,#3689,#3713,#3737,#3754,#3785,#3809,
    #3833,#3850,#3881,#3905,#3929,#3946,#3977,#4001,#4025,#4042,#4073,
    #4097,#4121,#4138,#4169,#4193,#4217,#4234,#4297,#4321,#4345,#4820,
    #4837,#4854,#4885,#4909,#4933,#4950,#4981,#5005,#5029,#5046,#5077,
    #5101,#5125,#5142,#5173,#5197,#5221,#5238,#5269,#5293,#5317,#5334,
    #5365,#5389,#5413,#5430,#5461,#5485,#5509,#5526,#5557,#5581,#5605,
    #5622,#5653,#5677,#5701,#5718,#5749,#5773,#5797,#5814,#5845,#5869,
    #5893,#5910,#5941,#5965,#5989,#6006,#6037,#6061,#6085,#6102,#6133,
    #6157,#6181,#6198,#6229,#6253,#6277,#6294,#6325,#6349,#6373,#6390,
    #6421,#6445,#6469,#6486,#6517,#6541,#6565,#6582,#6613,#6637,#6661,
    #6678,#6709,#6733,#6757,#6774,#6805,#6829,#6853,#6870,#6901,#6925,
    #6949,#6966,#6997,#7021,#7045,#7062,#7093,#7117,#7141,#7158,#7189,
    #7213,#7237,#7254,#7285,#7309,#7333,#7357,#7381,#7398,#7429,#7453,
    #7477,#7501,#7525,#7542,#7573,#7597,#7621,#7645,#7669,#7686,#7717,
    #7741,#7765,#7789,#7813,#7830,#7861,#7885,#7909,#7933,#7957,#7974,
    #8005,#8029,#8053,#8077,#8101,#8118,#8149,#8173,#8197,#8221,#8245,
    #8262,#8293,#8317,#8341,#8365,#8389,#8406,#8437,#8461,#8485,#8509,
    #8533,#8550,#8581,#8605,#8629,#8653,#8677,#8694,#8725,#8749,#8773,
    #8797,#8821,#8838,#8869,#8893,#8917,#8941,#8965,#8982,#9013,#9037,
    #9061,#9085,#9109,#9126,#9157,#9181,#9205,#9229,#9253,#9270,#9301,
    #9325,#9349,#9373,#9397,#9414,#9445,#9469,#9493,#9517,#9541,#9558,
    #9589,#9613,#9637,#9661,#9685,#9702,#9733,#9757,#9781,#9805,#9829,
    #9846,#9877,#9901,#9925,#9949,#9973,#9990,#10021,#10045,#10069,
    #10093,#10117,#10134,#10165,#10189,#10213,#10237,#10261,#10278,
    #10309,#10333,#10357,#10381,#10405,#10422,#10453,#10477,#10501,
    #10525,#10549,#10566,#10597,#10621,#10645,#10669,#10693,#10710,
    #10741,#10765,#10789,#10813,#10837,#10854,#10885,#10909,#10933,
    #10957,#10981,#10998,#11029,#11053,#11077,#11101,#11125,#11142,
    #11173,#11197,#11221,#11245,#11269,#11286,#11311,#11342,#11366,
    #11390,#11423,#11549,#11627,#11930,#11947,#11964,#11976,#11993,
    #12010,#12027,#12058,#12082,#12106,#12123,#12154,#12178,#12202,
    #12219,#12250,#12274,#12298,#12315,#12346,#12370,#12394,#12411,
    #12442,#12466,#12490,#12507,#12538,#12562,#12586,#12603,#12634,
    #12658,#12682,#12699,#12730,#12754,#12778,#12795,#12826,#12850,
    #12874,#12891,#12922,#12946,#12970,#12987,#13018,#13042,#13066,
    #13083,#13114,#13138,#13162,#13179,#13210,#13234,#13258,#13275,
    #13449,#13716,#13824,#13841,#13872,#13889,#13913,#13937,#13954,
    #13966,#14001,#14025,#14078,#14102,#14126,#14143,#14160,#14218,
    #14288,#14319,#14359,#14371,#14395,#14493,#14523,#14540,#14557,
    #14574,#14591,#14608,#14638,#14655,#14672,#14684,#14708,#14725,
    #14736,#14748,#14760,#14784,#14801,#14832,#14856,#14880,#14897,
    #14909,#14933,#14957,#14974,#14986,#15008,#15020,#15031));
#17 = ADVANCED_FACE('',(#18,#68,#102,#136,#170,#204,#238,#272,#306,#340,
    #374,#408,#442,#476),#510,.F.);
#18 = FACE_BOUND('',#19,.F.);
#19 = EDGE_LOOP('',(#20,#30,#38,#46,#54,#62));
#20 = ORIENTED_EDGE('',*,*,#21,.F.);
#21 = EDGE_CURVE('',#22,#24,#26,.T.);
#22 = VERTEX_POINT('',#23);
#23 = CARTESIAN_POINT('',(0.,2.4,133.2));
#24 = VERTEX_POINT('',#25);
#25 = CARTESIAN_POINT('',(0.,149.1,133.2));
#26 = LINE('',#27,#28);
#27 = CARTESIAN_POINT('',(0.,-2.,133.2));
#28 = VECTOR('',#29,1.);
#29 = DIRECTION('',(-0.,1.,0.));
#30 = ORIENTED_EDGE('',*,*,#31,.T.);
#31 = EDGE_CURVE('',#22,#32,#34,.T.);
#32 = VERTEX_POINT('',#33);
#33 = CARTESIAN_POINT('',(0.,0.,133.2));
#34 = LINE('',#35,#36);
#35 = CARTESIAN_POINT('',(0.,0.,133.2));
#36 = VECTOR('',#37,1.);
#37 = DIRECTION('',(0.,-1.,0.));
#38 = ORIENTED_EDGE('',*,*,#39,.F.);
#39 = EDGE_CURVE('',#40,#32,#42,.T.);
#40 = VERTEX_POINT('',#41);
#41 = CARTESIAN_POINT('',(0.,0.,0.));
#42 = LINE('',#43,#44);
#43 = CARTESIAN_POINT('',(0.,0.,0.));
#44 = VECTOR('',#45,1.);
#45 = DIRECTION('',(0.,0.,1.));
#46 = ORIENTED_EDGE('',*,*,#47,.T.);
#47 = EDGE_CURVE('',#40,#48,#50,.T.);
#48 = VERTEX_POINT('',#49);
#49 = CARTESIAN_POINT('',(0.,151.5,0.));
#50 = LINE('',#51,#52);
#51 = CARTESIAN_POINT('',(0.,0.,0.));
#52 = VECTOR('',#53,1.);
#53 = DIRECTION('',(-0.,1.,0.));
#54 = ORIENTED_EDGE('',*,*,#55,.T.);
#55 = EDGE_CURVE('',#48,#56,#58,.T.);
#56 = VERTEX_POINT('',#57);
#57 = CARTESIAN_POINT('',(0.,151.5,133.2));
#58 = LINE('',#59,#60);
#59 = CARTESIAN_POINT('',(0.,151.5,0.));
#60 = VECTOR('',#61,1.);
#61 = DIRECTION('',(0.,0.,1.));
#62 = ORIENTED_EDGE('',*,*,#63,.T.);
#63 = EDGE_CURVE('',#56,#24,#64,.T.);
#64 = LINE('',#65,#66);
#65 = CARTESIAN_POINT('',(0.,74.55,133.2));
#66 = VECTOR('',#67,1.);
#67 = DIRECTION('',(0.,-1.,0.));
#68 = FACE_BOUND('',#69,.F.);
#69 = EDGE_LOOP('',(#70,#80,#88,#96));
#70 = ORIENTED_EDGE('',*,*,#71,.T.);
#71 = EDGE_CURVE('',#72,#74,#76,.T.);
#72 = VERTEX_POINT('',#73);
#73 = CARTESIAN_POINT('',(0.,113.,40.));
#74 = VERTEX_POINT('',#75);
#75 = CARTESIAN_POINT('',(0.,122.,49.));
#76 = LINE('',#77,#78);
#77 = CARTESIAN_POINT('',(2.22044604925E-16,79.25,6.25));
#78 = VECTOR('',#79,1.);
#79 = DIRECTION('',(0.,0.707106781187,0.707106781187));
#80 = ORIENTED_EDGE('',*,*,#81,.T.);
#81 = EDGE_CURVE('',#74,#82,#84,.T.);
#82 = VERTEX_POINT('',#83);
#83 = CARTESIAN_POINT('',(0.,131.,40.));
#84 = LINE('',#85,#86);
#85 = CARTESIAN_POINT('',(2.22044604925E-16,108.25,62.75));
#86 = VECTOR('',#87,1.);
#87 = DIRECTION('',(-0.,0.707106781187,-0.707106781187));
#88 = ORIENTED_EDGE('',*,*,#89,.T.);
#89 = EDGE_CURVE('',#82,#90,#92,.T.);
#90 = VERTEX_POINT('',#91);
#91 = CARTESIAN_POINT('',(0.,122.,31.));
#92 = LINE('',#93,#94);
#93 = CARTESIAN_POINT('',(2.22044604925E-16,83.75,-7.25));
#94 = VECTOR('',#95,1.);
#95 = DIRECTION('',(0.,-0.707106781187,-0.707106781187));
#96 = ORIENTED_EDGE('',*,*,#97,.T.);
#97 = EDGE_CURVE('',#90,#72,#98,.T.);
#98 = LINE('',#99,#100);
#99 = CARTESIAN_POINT('',(2.22044604925E-16,94.75,58.25));
#100 = VECTOR('',#101,1.);
#101 = DIRECTION('',(0.,-0.707106781187,0.707106781187));
#102 = FACE_BOUND('',#103,.F.);
#103 = EDGE_LOOP('',(#104,#114,#122,#130));
#104 = ORIENTED_EDGE('',*,*,#105,.T.);
#105 = EDGE_CURVE('',#106,#108,#110,.T.);
#106 = VERTEX_POINT('',#107);
#107 = CARTESIAN_POINT('',(0.,113.,62.));
#108 = VERTEX_POINT('',#109);
#109 = CARTESIAN_POINT('',(0.,122.,71.));
#110 = LINE('',#111,#112);
#111 = CARTESIAN_POINT('',(2.22044604925E-16,73.75,22.75));
#112 = VECTOR('',#113,1.);
#113 = DIRECTION('',(0.,0.707106781187,0.707106781187));
#114 = ORIENTED_EDGE('',*,*,#115,.T.);
#115 = EDGE_CURVE('',#108,#116,#118,.T.);
#116 = VERTEX_POINT('',#117);
#117 = CARTESIAN_POINT('',(0.,131.,62.));
#118 = LINE('',#119,#120);
#119 = CARTESIAN_POINT('',(2.22044604925E-16,113.75,79.25));
#120 = VECTOR('',#121,1.);
#121 = DIRECTION('',(-0.,0.707106781187,-0.707106781187));
#122 = ORIENTED_EDGE('',*,*,#123,.T.);
#123 = EDGE_CURVE('',#116,#124,#126,.T.);
#124 = VERTEX_POINT('',#125);
#125 = CARTESIAN_POINT('',(0.,122.,53.));
#126 = LINE('',#127,#128);
#127 = CARTESIAN_POINT('',(2.22044604925E-16,78.25,9.25));
#128 = VECTOR('',#129,1.);
#129 = DIRECTION('',(0.,-0.707106781187,-0.707106781187));
#130 = ORIENTED_EDGE('',*,*,#131,.T.);
#131 = EDGE_CURVE('',#124,#106,#132,.T.);
#132 = LINE('',#133,#134);
#133 = CARTESIAN_POINT('',(2.22044604925E-16,100.25,74.75));
#134 = VECTOR('',#135,1.);
#135 = DIRECTION('',(0.,-0.707106781187,0.707106781187));
#136 = FACE_BOUND('',#137,.F.);
#137 = EDGE_LOOP('',(#138,#148,#156,#164));
#138 = ORIENTED_EDGE('',*,*,#139,.T.);
#139 = EDGE_CURVE('',#140,#142,#144,.T.);
#140 = VERTEX_POINT('',#141);
#141 = CARTESIAN_POINT('',(0.,113.,84.));
#142 = VERTEX_POINT('',#143);
#143 = CARTESIAN_POINT('',(0.,122.,93.));
#144 = LINE('',#145,#146);
#145 = CARTESIAN_POINT('',(2.22044604925E-16,68.25,39.25));
#146 = VECTOR('',#147,1.);
#147 = DIRECTION('',(0.,0.707106781187,0.707106781187));
#148 = ORIENTED_EDGE('',*,*,#149,.T.);
#149 = EDGE_CURVE('',#142,#150,#152,.T.);
#150 = VERTEX_POINT('',#151);
#151 = CARTESIAN_POINT('',(0.,131.,84.));
#152 = LINE('',#153,#154);
#153 = CARTESIAN_POINT('',(2.22044604925E-16,119.25,95.75));
#154 = VECTOR('',#155,1.);
#155 = DIRECTION('',(-0.,0.707106781187,-0.707106781187));
#156 = ORIENTED_EDGE('',*,*,#157,.T.);
#157 = EDGE_CURVE('',#150,#158,#160,.T.);
#158 = VERTEX_POINT('',#159);
#159 = CARTESIAN_POINT('',(0.,122.,75.));
#160 = LINE('',#161,#162);
#161 = CARTESIAN_POINT('',(2.22044604925E-16,72.75,25.75));
#162 = VECTOR('',#163,1.);
#163 = DIRECTION('',(0.,-0.707106781187,-0.707106781187));
#164 = ORIENTED_EDGE('',*,*,#165,.T.);
#165 = EDGE_CURVE('',#158,#140,#166,.T.);
#166 = LINE('',#167,#168);
#167 = CARTESIAN_POINT('',(2.22044604925E-16,105.75,91.25));
#168 = VECTOR('',#169,1.);
#169 = DIRECTION('',(0.,-0.707106781187,0.707106781187));
#170 = FACE_BOUND('',#171,.F.);
#171 = EDGE_LOOP('',(#172,#182,#190,#198));
#172 = ORIENTED_EDGE('',*,*,#173,.T.);
#173 = EDGE_CURVE('',#174,#176,#178,.T.);
#174 = VERTEX_POINT('',#175);
#175 = CARTESIAN_POINT('',(0.,113.,106.));
#176 = VERTEX_POINT('',#177);
#177 = CARTESIAN_POINT('',(0.,122.,115.));
#178 = LINE('',#179,#180);
#179 = CARTESIAN_POINT('',(2.22044604925E-16,62.75,55.75));
#180 = VECTOR('',#181,1.);
#181 = DIRECTION('',(0.,0.707106781187,0.707106781187));
#182 = ORIENTED_EDGE('',*,*,#183,.T.);
#183 = EDGE_CURVE('',#176,#184,#186,.T.);
#184 = VERTEX_POINT('',#185);
#185 = CARTESIAN_POINT('',(0.,131.,106.));
#186 = LINE('',#187,#188);
#187 = CARTESIAN_POINT('',(2.22044604925E-16,124.75,112.25));
#188 = VECTOR('',#189,1.);
#189 = DIRECTION('',(-0.,0.707106781187,-0.707106781187));
#190 = ORIENTED_EDGE('',*,*,#191,.T.);
#191 = EDGE_CURVE('',#184,#192,#194,.T.);
#192 = VERTEX_POINT('',#193);
#193 = CARTESIAN_POINT('',(0.,122.,97.));
#194 = LINE('',#195,#196);
#195 = CARTESIAN_POINT('',(2.22044604925E-16,67.25,42.25));
#196 = VECTOR('',#197,1.);
#197 = DIRECTION('',(0.,-0.707106781187,-0.707106781187));
#198 = ORIENTED_EDGE('',*,*,#199,.T.);
#199 = EDGE_CURVE('',#192,#174,#200,.T.);
#200 = LINE('',#201,#202);
#201 = CARTESIAN_POINT('',(2.22044604925E-16,111.25,107.75));
#202 = VECTOR('',#203,1.);
#203 = DIRECTION('',(0.,-0.707106781187,0.707106781187));
#204 = FACE_BOUND('',#205,.F.);
#205 = EDGE_LOOP('',(#206,#216,#224,#232));
#206 = ORIENTED_EDGE('',*,*,#207,.T.);
#207 = EDGE_CURVE('',#208,#210,#212,.T.);
#208 = VERTEX_POINT('',#209);
#209 = CARTESIAN_POINT('',(0.,91.,29.));
#210 = VERTEX_POINT('',#211);
#211 = CARTESIAN_POINT('',(0.,100.,38.));
#212 = LINE('',#213,#214);
#213 = CARTESIAN_POINT('',(2.22044604925E-16,65.5,3.5));
#214 = VECTOR('',#215,1.);
#215 = DIRECTION('',(0.,0.707106781187,0.707106781187));
#216 = ORIENTED_EDGE('',*,*,#217,.T.);
#217 = EDGE_CURVE('',#210,#218,#220,.T.);
#218 = VERTEX_POINT('',#219);
#219 = CARTESIAN_POINT('',(0.,109.,29.));
#220 = LINE('',#221,#222);
#221 = CARTESIAN_POINT('',(2.22044604925E-16,89.,49.));
#222 = VECTOR('',#223,1.);
#223 = DIRECTION('',(-0.,0.707106781187,-0.707106781187));
#224 = ORIENTED_EDGE('',*,*,#225,.T.);
#225 = EDGE_CURVE('',#218,#226,#228,.T.);
#226 = VERTEX_POINT('',#227);
#227 = CARTESIAN_POINT('',(0.,100.,20.));
#228 = LINE('',#229,#230);
#229 = CARTESIAN_POINT('',(2.22044604925E-16,70.,-10.));
#230 = VECTOR('',#231,1.);
#231 = DIRECTION('',(0.,-0.707106781187,-0.707106781187));
#232 = ORIENTED_EDGE('',*,*,#233,.T.);
#233 = EDGE_CURVE('',#226,#208,#234,.T.);
#234 = LINE('',#235,#236);
#235 = CARTESIAN_POINT('',(2.22044604925E-16,75.5,44.5));
#236 = VECTOR('',#237,1.);
#237 = DIRECTION('',(0.,-0.707106781187,0.707106781187));
#238 = FACE_BOUND('',#239,.F.);
#239 = EDGE_LOOP('',(#240,#250,#258,#266));
#240 = ORIENTED_EDGE('',*,*,#241,.T.);
#241 = EDGE_CURVE('',#242,#244,#246,.T.);
#242 = VERTEX_POINT('',#243);
#243 = CARTESIAN_POINT('',(0.,91.,51.));
#244 = VERTEX_POINT('',#245);
#245 = CARTESIAN_POINT('',(0.,100.,60.));
#246 = LINE('',#247,#248);
#247 = CARTESIAN_POINT('',(2.22044604925E-16,60.,20.));
#248 = VECTOR('',#249,1.);
#249 = DIRECTION('',(0.,0.707106781187,0.707106781187));
#250 = ORIENTED_EDGE('',*,*,#251,.T.);
#251 = EDGE_CURVE('',#244,#252,#254,.T.);
#252 = VERTEX_POINT('',#253);
#253 = CARTESIAN_POINT('',(0.,109.,51.));
#254 = LINE('',#255,#256);
#255 = CARTESIAN_POINT('',(2.22044604925E-16,94.5,65.5));
#256 = VECTOR('',#257,1.);
#257 = DIRECTION('',(-0.,0.707106781187,-0.707106781187));
#258 = ORIENTED_EDGE('',*,*,#259,.T.);
#259 = EDGE_CURVE('',#252,#260,#262,.T.);
#260 = VERTEX_POINT('',#261);
#261 = CARTESIAN_POINT('',(0.,100.,42.));
#262 = LINE('',#263,#264);
#263 = CARTESIAN_POINT('',(2.22044604925E-16,64.5,6.5));
#264 = VECTOR('',#265,1.);
#265 = DIRECTION('',(0.,-0.707106781187,-0.707106781187));
#266 = ORIENTED_EDGE('',*,*,#267,.T.);
#267 = EDGE_CURVE('',#260,#242,#268,.T.);
#268 = LINE('',#269,#270);
#269 = CARTESIAN_POINT('',(2.22044604925E-16,81.,61.));
#270 = VECTOR('',#271,1.);
#271 = DIRECTION('',(0.,-0.707106781187,0.707106781187));
#272 = FACE_BOUND('',#273,.F.);
#273 = EDGE_LOOP('',(#274,#284,#292,#300));
#274 = ORIENTED_EDGE('',*,*,#275,.T.);
#275 = EDGE_CURVE('',#276,#278,#280,.T.);
#276 = VERTEX_POINT('',#277);
#277 = CARTESIAN_POINT('',(0.,91.,73.));
#278 = VERTEX_POINT('',#279);
#279 = CARTESIAN_POINT('',(0.,100.,82.));
#280 = LINE('',#281,#282);
#281 = CARTESIAN_POINT('',(2.22044604925E-16,54.5,36.5));
#282 = VECTOR('',#283,1.);
#283 = DIRECTION('',(0.,0.707106781187,0.707106781187));
#284 = ORIENTED_EDGE('',*,*,#285,.T.);
#285 = EDGE_CURVE('',#278,#286,#288,.T.);
#286 = VERTEX_POINT('',#287);
#287 = CARTESIAN_POINT('',(0.,109.,73.));
#288 = LINE('',#289,#290);
#289 = CARTESIAN_POINT('',(2.22044604925E-16,100.,82.));
#290 = VECTOR('',#291,1.);
#291 = DIRECTION('',(-0.,0.707106781187,-0.707106781187));
#292 = ORIENTED_EDGE('',*,*,#293,.T.);
#293 = EDGE_CURVE('',#286,#294,#296,.T.);
#294 = VERTEX_POINT('',#295);
#295 = CARTESIAN_POINT('',(0.,100.,64.));
#296 = LINE('',#297,#298);
#297 = CARTESIAN_POINT('',(2.22044604925E-16,59.,23.));
#298 = VECTOR('',#299,1.);
#299 = DIRECTION('',(0.,-0.707106781187,-0.707106781187));
#300 = ORIENTED_EDGE('',*,*,#301,.T.);
#301 = EDGE_CURVE('',#294,#276,#302,.T.);
#302 = LINE('',#303,#304);
#303 = CARTESIAN_POINT('',(2.22044604925E-16,86.5,77.5));
#304 = VECTOR('',#305,1.);
#305 = DIRECTION('',(0.,-0.707106781187,0.707106781187));
#306 = FACE_BOUND('',#307,.F.);
#307 = EDGE_LOOP('',(#308,#318,#326,#334));
#308 = ORIENTED_EDGE('',*,*,#309,.T.);
#309 = EDGE_CURVE('',#310,#312,#314,.T.);
#310 = VERTEX_POINT('',#311);
#311 = CARTESIAN_POINT('',(0.,69.,40.));
#312 = VERTEX_POINT('',#313);
#313 = CARTESIAN_POINT('',(0.,78.,49.));
#314 = LINE('',#315,#316);
#315 = CARTESIAN_POINT('',(2.22044604925E-16,46.25,17.25));
#316 = VECTOR('',#317,1.);
#317 = DIRECTION('',(0.,0.707106781187,0.707106781187));
#318 = ORIENTED_EDGE('',*,*,#319,.T.);
#319 = EDGE_CURVE('',#312,#320,#322,.T.);
#320 = VERTEX_POINT('',#321);
#321 = CARTESIAN_POINT('',(0.,87.,40.));
#322 = LINE('',#323,#324);
#323 = CARTESIAN_POINT('',(2.22044604925E-16,75.25,51.75));
#324 = VECTOR('',#325,1.);
#325 = DIRECTION('',(-0.,0.707106781187,-0.707106781187));
#326 = ORIENTED_EDGE('',*,*,#327,.T.);
#327 = EDGE_CURVE('',#320,#328,#330,.T.);
#328 = VERTEX_POINT('',#329);
#329 = CARTESIAN_POINT('',(0.,78.,31.));
#330 = LINE('',#331,#332);
#331 = CARTESIAN_POINT('',(2.22044604925E-16,50.75,3.75));
#332 = VECTOR('',#333,1.);
#333 = DIRECTION('',(0.,-0.707106781187,-0.707106781187));
#334 = ORIENTED_EDGE('',*,*,#335,.T.);
#335 = EDGE_CURVE('',#328,#310,#336,.T.);
#336 = LINE('',#337,#338);
#337 = CARTESIAN_POINT('',(2.22044604925E-16,61.75,47.25));
#338 = VECTOR('',#339,1.);
#339 = DIRECTION('',(0.,-0.707106781187,0.707106781187));
#340 = FACE_BOUND('',#341,.F.);
#341 = EDGE_LOOP('',(#342,#352,#360,#368));
#342 = ORIENTED_EDGE('',*,*,#343,.T.);
#343 = EDGE_CURVE('',#344,#346,#348,.T.);
#344 = VERTEX_POINT('',#345);
#345 = CARTESIAN_POINT('',(0.,69.,62.));
#346 = VERTEX_POINT('',#347);
#347 = CARTESIAN_POINT('',(0.,78.,71.));
#348 = LINE('',#349,#350);
#349 = CARTESIAN_POINT('',(2.22044604925E-16,40.75,33.75));
#350 = VECTOR('',#351,1.);
#351 = DIRECTION('',(0.,0.707106781187,0.707106781187));
#352 = ORIENTED_EDGE('',*,*,#353,.T.);
#353 = EDGE_CURVE('',#346,#354,#356,.T.);
#354 = VERTEX_POINT('',#355);
#355 = CARTESIAN_POINT('',(0.,87.,62.));
#356 = LINE('',#357,#358);
#357 = CARTESIAN_POINT('',(2.22044604925E-16,80.75,68.25));
#358 = VECTOR('',#359,1.);
#359 = DIRECTION('',(-0.,0.707106781187,-0.707106781187));
#360 = ORIENTED_EDGE('',*,*,#361,.T.);
#361 = EDGE_CURVE('',#354,#362,#364,.T.);
#362 = VERTEX_POINT('',#363);
#363 = CARTESIAN_POINT('',(0.,78.,53.));
#364 = LINE('',#365,#366);
#365 = CARTESIAN_POINT('',(2.22044604925E-16,45.25,20.25));
#366 = VECTOR('',#367,1.);
#367 = DIRECTION('',(0.,-0.707106781187,-0.707106781187));
#368 = ORIENTED_EDGE('',*,*,#369,.T.);
#369 = EDGE_CURVE('',#362,#344,#370,.T.);
#370 = LINE('',#371,#372);
#371 = CARTESIAN_POINT('',(2.22044604925E-16,67.25,63.75));
#372 = VECTOR('',#373,1.);
#373 = DIRECTION('',(0.,-0.707106781187,0.707106781187));
#374 = FACE_BOUND('',#375,.F.);
#375 = EDGE_LOOP('',(#376,#386,#394,#402));
#376 = ORIENTED_EDGE('',*,*,#377,.T.);
#377 = EDGE_CURVE('',#378,#380,#382,.T.);
#378 = VERTEX_POINT('',#379);
#379 = CARTESIAN_POINT('',(0.,91.,95.));
#380 = VERTEX_POINT('',#381);
#381 = CARTESIAN_POINT('',(0.,100.,104.));
#382 = LINE('',#383,#384);
#383 = CARTESIAN_POINT('',(2.22044604925E-16,49.,53.));
#384 = VECTOR('',#385,1.);
#385 = DIRECTION('',(0.,0.707106781187,0.707106781187));
#386 = ORIENTED_EDGE('',*,*,#387,.T.);
#387 = EDGE_CURVE('',#380,#388,#390,.T.);
#388 = VERTEX_POINT('',#389);
#389 = CARTESIAN_POINT('',(0.,109.,95.));
#390 = LINE('',#391,#392);
#391 = CARTESIAN_POINT('',(2.22044604925E-16,105.5,98.5));
#392 = VECTOR('',#393,1.);
#393 = DIRECTION('',(-0.,0.707106781187,-0.707106781187));
#394 = ORIENTED_EDGE('',*,*,#395,.T.);
#395 = EDGE_CURVE('',#388,#396,#398,.T.);
#396 = VERTEX_POINT('',#397);
#397 = CARTESIAN_POINT('',(0.,100.,86.));
#398 = LINE('',#399,#400);
#399 = CARTESIAN_POINT('',(2.22044604925E-16,53.5,39.5));
#400 = VECTOR('',#401,1.);
#401 = DIRECTION('',(0.,-0.707106781187,-0.707106781187));
#402 = ORIENTED_EDGE('',*,*,#403,.T.);
#403 = EDGE_CURVE('',#396,#378,#404,.T.);
#404 = LINE('',#405,#406);
#405 = CARTESIAN_POINT('',(2.22044604925E-16,92.,94.));
#406 = VECTOR('',#407,1.);
#407 = DIRECTION('',(0.,-0.707106781187,0.707106781187));
#408 = FACE_BOUND('',#409,.F.);
#409 = EDGE_LOOP('',(#410,#420,#428,#436));
#410 = ORIENTED_EDGE('',*,*,#411,.T.);
#411 = EDGE_CURVE('',#412,#414,#416,.T.);
#412 = VERTEX_POINT('',#413);
#413 = CARTESIAN_POINT('',(0.,106.2,114.5));
#414 = VERTEX_POINT('',#415);
#415 = CARTESIAN_POINT('',(0.,93.8,114.5));
#416 = LINE('',#417,#418);
#417 = CARTESIAN_POINT('',(0.,46.9,114.5));
#418 = VECTOR('',#419,1.);
#419 = DIRECTION('',(0.,-1.,0.));
#420 = ORIENTED_EDGE('',*,*,#421,.T.);
#421 = EDGE_CURVE('',#414,#422,#424,.T.);
#422 = VERTEX_POINT('',#423);
#423 = CARTESIAN_POINT('',(0.,93.8,127.4));
#424 = LINE('',#425,#426);
#425 = CARTESIAN_POINT('',(0.,93.8,57.25));
#426 = VECTOR('',#427,1.);
#427 = DIRECTION('',(0.,0.,1.));
#428 = ORIENTED_EDGE('',*,*,#429,.F.);
#429 = EDGE_CURVE('',#430,#422,#432,.T.);
#430 = VERTEX_POINT('',#431);
#431 = CARTESIAN_POINT('',(0.,106.2,127.4));
#432 = LINE('',#433,#434);
#433 = CARTESIAN_POINT('',(0.,46.9,127.4));
#434 = VECTOR('',#435,1.);
#435 = DIRECTION('',(0.,-1.,0.));
#436 = ORIENTED_EDGE('',*,*,#437,.F.);
#437 = EDGE_CURVE('',#412,#430,#438,.T.);
#438 = LINE('',#439,#440);
#439 = CARTESIAN_POINT('',(0.,106.2,57.25));
#440 = VECTOR('',#441,1.);
#441 = DIRECTION('',(0.,0.,1.));
#442 = FACE_BOUND('',#443,.F.);
#443 = EDGE_LOOP('',(#444,#454,#462,#470));
#444 = ORIENTED_EDGE('',*,*,#445,.T.);
#445 = EDGE_CURVE('',#446,#448,#450,.T.);
#446 = VERTEX_POINT('',#447);
#447 = CARTESIAN_POINT('',(0.,69.,84.));
#448 = VERTEX_POINT('',#449);
#449 = CARTESIAN_POINT('',(0.,78.,93.));
#450 = LINE('',#451,#452);
#451 = CARTESIAN_POINT('',(2.22044604925E-16,35.25,50.25));
#452 = VECTOR('',#453,1.);
#453 = DIRECTION('',(0.,0.707106781187,0.707106781187));
#454 = ORIENTED_EDGE('',*,*,#455,.T.);
#455 = EDGE_CURVE('',#448,#456,#458,.T.);
#456 = VERTEX_POINT('',#457);
#457 = CARTESIAN_POINT('',(0.,87.,84.));
#458 = LINE('',#459,#460);
#459 = CARTESIAN_POINT('',(2.22044604925E-16,86.25,84.75));
#460 = VECTOR('',#461,1.);
#461 = DIRECTION('',(-0.,0.707106781187,-0.707106781187));
#462 = ORIENTED_EDGE('',*,*,#463,.T.);
#463 = EDGE_CURVE('',#456,#464,#466,.T.);
#464 = VERTEX_POINT('',#465);
#465 = CARTESIAN_POINT('',(0.,78.,75.));
#466 = LINE('',#467,#468);
#467 = CARTESIAN_POINT('',(2.22044604925E-16,39.75,36.75));
#468 = VECTOR('',#469,1.);
#469 = DIRECTION('',(0.,-0.707106781187,-0.707106781187));
#470 = ORIENTED_EDGE('',*,*,#471,.T.);
#471 = EDGE_CURVE('',#464,#446,#472,.T.);
#472 = LINE('',#473,#474);
#473 = CARTESIAN_POINT('',(2.22044604925E-16,72.75,80.25));
#474 = VECTOR('',#475,1.);
#475 = DIRECTION('',(0.,-0.707106781187,0.707106781187));
#476 = FACE_BOUND('',#477,.F.);
#477 = EDGE_LOOP('',(#478,#488,#496,#504));
#478 = ORIENTED_EDGE('',*,*,#479,.T.);
#479 = EDGE_CURVE('',#480,#482,#484,.T.);
#480 = VERTEX_POINT('',#481);
#481 = CARTESIAN_POINT('',(0.,69.,106.));
#482 = VERTEX_POINT('',#483);
#483 = CARTESIAN_POINT('',(0.,78.,115.));
#484 = LINE('',#485,#486);
#485 = CARTESIAN_POINT('',(2.22044604925E-16,29.75,66.75));
#486 = VECTOR('',#487,1.);
#487 = DIRECTION('',(0.,0.707106781187,0.707106781187));
#488 = ORIENTED_EDGE('',*,*,#489,.T.);
#489 = EDGE_CURVE('',#482,#490,#492,.T.);
#490 = VERTEX_POINT('',#491);
#491 = CARTESIAN_POINT('',(0.,87.,106.));
#492 = LINE('',#493,#494);
#493 = CARTESIAN_POINT('',(2.22044604925E-16,91.75,101.25));
#494 = VECTOR('',#495,1.);
#495 = DIRECTION('',(-0.,0.707106781187,-0.707106781187));
#496 = ORIENTED_EDGE('',*,*,#497,.T.);
#497 = EDGE_CURVE('',#490,#498,#500,.T.);
#498 = VERTEX_POINT('',#499);
#499 = CARTESIAN_POINT('',(0.,78.,97.));
#500 = LINE('',#501,#502);
#501 = CARTESIAN_POINT('',(2.22044604925E-16,34.25,53.25));
#502 = VECTOR('',#503,1.);
#503 = DIRECTION('',(0.,-0.707106781187,-0.707106781187));
#504 = ORIENTED_EDGE('',*,*,#505,.T.);
#505 = EDGE_CURVE('',#498,#480,#506,.T.);
#506 = LINE('',#507,#508);
#507 = CARTESIAN_POINT('',(2.22044604925E-16,78.25,96.75));
#508 = VECTOR('',#509,1.);
#509 = DIRECTION('',(0.,-0.707106781187,0.707106781187));
#510 = PLANE('',#511);
#511 = AXIS2_PLACEMENT_3D('',#512,#513,#514);
#512 = CARTESIAN_POINT('',(0.,0.,0.));
#513 = DIRECTION('',(1.,0.,-0.));
#514 = DIRECTION('',(0.,0.,1.));
#515 = ADVANCED_FACE('',(#516),#541,.T.);
#516 = FACE_BOUND('',#517,.T.);
#517 = EDGE_LOOP('',(#518,#519,#527,#535));
#518 = ORIENTED_EDGE('',*,*,#21,.F.);
#519 = ORIENTED_EDGE('',*,*,#520,.T.);
#520 = EDGE_CURVE('',#22,#521,#523,.T.);
#521 = VERTEX_POINT('',#522);
#522 = CARTESIAN_POINT('',(2.4,2.4,133.2));
#523 = LINE('',#524,#525);
#524 = CARTESIAN_POINT('',(-2.,2.4,133.2));
#525 = VECTOR('',#526,1.);
#526 = DIRECTION('',(1.,0.,-0.));
#527 = ORIENTED_EDGE('',*,*,#528,.T.);
#528 = EDGE_CURVE('',#521,#529,#531,.T.);
#529 = VERTEX_POINT('',#530);
#530 = CARTESIAN_POINT('',(2.4,149.1,133.2));
#531 = LINE('',#532,#533);
#532 = CARTESIAN_POINT('',(2.4,-2.,133.2));
#533 = VECTOR('',#534,1.);
#534 = DIRECTION('',(-0.,1.,0.));
#535 = ORIENTED_EDGE('',*,*,#536,.F.);
#536 = EDGE_CURVE('',#24,#529,#537,.T.);
#537 = LINE('',#538,#539);
#538 = CARTESIAN_POINT('',(-2.,149.1,133.2));
#539 = VECTOR('',#540,1.);
#540 = DIRECTION('',(1.,0.,-0.));
#541 = PLANE('',#542);
#542 = AXIS2_PLACEMENT_3D('',#543,#544,#545);
#543 = CARTESIAN_POINT('',(0.,-2.,133.2));
#544 = DIRECTION('',(0.,0.,1.));
#545 = DIRECTION('',(1.,0.,-0.));
#546 = ADVANCED_FACE('',(#547),#565,.T.);
#547 = FACE_BOUND('',#548,.T.);
#548 = EDGE_LOOP('',(#549,#550,#551,#559));
#549 = ORIENTED_EDGE('',*,*,#520,.F.);
#550 = ORIENTED_EDGE('',*,*,#31,.T.);
#551 = ORIENTED_EDGE('',*,*,#552,.T.);
#552 = EDGE_CURVE('',#32,#553,#555,.T.);
#553 = VERTEX_POINT('',#554);
#554 = CARTESIAN_POINT('',(2.4,0.,133.2));
#555 = LINE('',#556,#557);
#556 = CARTESIAN_POINT('',(-2.,0.,133.2));
#557 = VECTOR('',#558,1.);
#558 = DIRECTION('',(1.,0.,-0.));
#559 = ORIENTED_EDGE('',*,*,#560,.T.);
#560 = EDGE_CURVE('',#553,#521,#561,.T.);
#561 = LINE('',#562,#563);
#562 = CARTESIAN_POINT('',(2.4,-2.,133.2));
#563 = VECTOR('',#564,1.);
#564 = DIRECTION('',(-0.,1.,0.));
#565 = PLANE('',#566);
#566 = AXIS2_PLACEMENT_3D('',#567,#568,#569);
#567 = CARTESIAN_POINT('',(-2.,0.,133.2));
#568 = DIRECTION('',(0.,0.,1.));
#569 = DIRECTION('',(1.,0.,-0.));
#570 = ADVANCED_FACE('',(#571),#589,.T.);
#571 = FACE_BOUND('',#572,.T.);
#572 = EDGE_LOOP('',(#573,#581,#582,#583));
#573 = ORIENTED_EDGE('',*,*,#574,.F.);
#574 = EDGE_CURVE('',#56,#575,#577,.T.);
#575 = VERTEX_POINT('',#576);
#576 = CARTESIAN_POINT('',(2.4,151.5,133.2));
#577 = LINE('',#578,#579);
#578 = CARTESIAN_POINT('',(-2.,151.5,133.2));
#579 = VECTOR('',#580,1.);
#580 = DIRECTION('',(1.,0.,-0.));
#581 = ORIENTED_EDGE('',*,*,#63,.T.);
#582 = ORIENTED_EDGE('',*,*,#536,.T.);
#583 = ORIENTED_EDGE('',*,*,#584,.T.);
#584 = EDGE_CURVE('',#529,#575,#585,.T.);
#585 = LINE('',#586,#587);
#586 = CARTESIAN_POINT('',(2.4,-2.,133.2));
#587 = VECTOR('',#588,1.);
#588 = DIRECTION('',(-0.,1.,0.));
#589 = PLANE('',#590);
#590 = AXIS2_PLACEMENT_3D('',#591,#592,#593);
#591 = CARTESIAN_POINT('',(-2.,149.1,133.2));
#592 = DIRECTION('',(0.,0.,1.));
#593 = DIRECTION('',(1.,0.,-0.));
#594 = ADVANCED_FACE('',(#595),#629,.F.);
#595 = FACE_BOUND('',#596,.F.);
#596 = EDGE_LOOP('',(#597,#607,#613,#614,#615,#623));
#597 = ORIENTED_EDGE('',*,*,#598,.F.);
#598 = EDGE_CURVE('',#599,#601,#603,.T.);
#599 = VERTEX_POINT('',#600);
#600 = CARTESIAN_POINT('',(186.,0.,0.));
#601 = VERTEX_POINT('',#602);
#602 = CARTESIAN_POINT('',(186.,0.,133.2));
#603 = LINE('',#604,#605);
#604 = CARTESIAN_POINT('',(186.,0.,0.));
#605 = VECTOR('',#606,1.);
#606 = DIRECTION('',(0.,0.,1.));
#607 = ORIENTED_EDGE('',*,*,#608,.F.);
#608 = EDGE_CURVE('',#40,#599,#609,.T.);
#609 = LINE('',#610,#611);
#610 = CARTESIAN_POINT('',(0.,0.,0.));
#611 = VECTOR('',#612,1.);
#612 = DIRECTION('',(1.,0.,-0.));
#613 = ORIENTED_EDGE('',*,*,#39,.T.);
#614 = ORIENTED_EDGE('',*,*,#552,.T.);
#615 = ORIENTED_EDGE('',*,*,#616,.T.);
#616 = EDGE_CURVE('',#553,#617,#619,.T.);
#617 = VERTEX_POINT('',#618);
#618 = CARTESIAN_POINT('',(183.6,0.,133.2));
#619 = LINE('',#620,#621);
#620 = CARTESIAN_POINT('',(-2.,0.,133.2));
#621 = VECTOR('',#622,1.);
#622 = DIRECTION('',(1.,0.,-0.));
#623 = ORIENTED_EDGE('',*,*,#624,.T.);
#624 = EDGE_CURVE('',#617,#601,#625,.T.);
#625 = LINE('',#626,#627);
#626 = CARTESIAN_POINT('',(-2.,0.,133.2));
#627 = VECTOR('',#628,1.);
#628 = DIRECTION('',(1.,0.,-0.));
#629 = PLANE('',#630);
#630 = AXIS2_PLACEMENT_3D('',#631,#632,#633);
#631 = CARTESIAN_POINT('',(0.,0.,0.));
#632 = DIRECTION('',(-0.,1.,0.));
#633 = DIRECTION('',(0.,0.,1.));
#634 = ADVANCED_FACE('',(#635,#669,#703,#737,#771,#805,#839,#873,#907,
    #941,#975,#1009,#1043,#1077,#1111,#1145,#1179,#1213,#1247,#1281,
    #1315,#1349,#1383,#1417,#1451,#1485),#1519,.T.);
#635 = FACE_BOUND('',#636,.T.);
#636 = EDGE_LOOP('',(#637,#647,#653,#654,#655,#663));
#637 = ORIENTED_EDGE('',*,*,#638,.F.);
#638 = EDGE_CURVE('',#639,#641,#643,.T.);
#639 = VERTEX_POINT('',#640);
#640 = CARTESIAN_POINT('',(186.,151.5,0.));
#641 = VERTEX_POINT('',#642);
#642 = CARTESIAN_POINT('',(186.,151.5,133.2));
#643 = LINE('',#644,#645);
#644 = CARTESIAN_POINT('',(186.,151.5,0.));
#645 = VECTOR('',#646,1.);
#646 = DIRECTION('',(0.,0.,1.));
#647 = ORIENTED_EDGE('',*,*,#648,.F.);
#648 = EDGE_CURVE('',#48,#639,#649,.T.);
#649 = LINE('',#650,#651);
#650 = CARTESIAN_POINT('',(0.,151.5,0.));
#651 = VECTOR('',#652,1.);
#652 = DIRECTION('',(1.,0.,-0.));
#653 = ORIENTED_EDGE('',*,*,#55,.T.);
#654 = ORIENTED_EDGE('',*,*,#574,.T.);
#655 = ORIENTED_EDGE('',*,*,#656,.T.);
#656 = EDGE_CURVE('',#575,#657,#659,.T.);
#657 = VERTEX_POINT('',#658);
#658 = CARTESIAN_POINT('',(183.6,151.5,133.2));
#659 = LINE('',#660,#661);
#660 = CARTESIAN_POINT('',(-2.,151.5,133.2));
#661 = VECTOR('',#662,1.);
#662 = DIRECTION('',(1.,0.,-0.));
#663 = ORIENTED_EDGE('',*,*,#664,.T.);
#664 = EDGE_CURVE('',#657,#641,#665,.T.);
#665 = LINE('',#666,#667);
#666 = CARTESIAN_POINT('',(-2.,151.5,133.2));
#667 = VECTOR('',#668,1.);
#668 = DIRECTION('',(1.,0.,-0.));
#669 = FACE_BOUND('',#670,.T.);
#670 = EDGE_LOOP('',(#671,#681,#689,#697));
#671 = ORIENTED_EDGE('',*,*,#672,.T.);
#672 = EDGE_CURVE('',#673,#675,#677,.T.);
#673 = VERTEX_POINT('',#674);
#674 = CARTESIAN_POINT('',(48.,151.5,18.5));
#675 = VERTEX_POINT('',#676);
#676 = CARTESIAN_POINT('',(57.5,151.5,28.));
#677 = LINE('',#678,#679);
#678 = CARTESIAN_POINT('',(36.125,151.5,6.625));
#679 = VECTOR('',#680,1.);
#680 = DIRECTION('',(0.707106781187,0.,0.707106781187));
#681 = ORIENTED_EDGE('',*,*,#682,.T.);
#682 = EDGE_CURVE('',#675,#683,#685,.T.);
#683 = VERTEX_POINT('',#684);
#684 = CARTESIAN_POINT('',(48.,151.5,37.5));
#685 = LINE('',#686,#687);
#686 = CARTESIAN_POINT('',(45.375,151.5,40.125));
#687 = VECTOR('',#688,1.);
#688 = DIRECTION('',(-0.707106781187,-0.,0.707106781187));
#689 = ORIENTED_EDGE('',*,*,#690,.T.);
#690 = EDGE_CURVE('',#683,#691,#693,.T.);
#691 = VERTEX_POINT('',#692);
#692 = CARTESIAN_POINT('',(38.5,151.5,28.));
#693 = LINE('',#694,#695);
#694 = CARTESIAN_POINT('',(21.875,151.5,11.375));
#695 = VECTOR('',#696,1.);
#696 = DIRECTION('',(-0.707106781187,0.,-0.707106781187));
#697 = ORIENTED_EDGE('',*,*,#698,.T.);
#698 = EDGE_CURVE('',#691,#673,#699,.T.);
#699 = LINE('',#700,#701);
#700 = CARTESIAN_POINT('',(40.625,151.5,25.875));
#701 = VECTOR('',#702,1.);
#702 = DIRECTION('',(0.707106781187,0.,-0.707106781187));
#703 = FACE_BOUND('',#704,.T.);
#704 = EDGE_LOOP('',(#705,#715,#723,#731));
#705 = ORIENTED_EDGE('',*,*,#706,.T.);
#706 = EDGE_CURVE('',#707,#709,#711,.T.);
#707 = VERTEX_POINT('',#708);
#708 = CARTESIAN_POINT('',(48.,151.5,63.5));
#709 = VERTEX_POINT('',#710);
#710 = CARTESIAN_POINT('',(57.5,151.5,73.));
#711 = LINE('',#712,#713);
#712 = CARTESIAN_POINT('',(24.875,151.5,40.375));
#713 = VECTOR('',#714,1.);
#714 = DIRECTION('',(0.707106781187,0.,0.707106781187));
#715 = ORIENTED_EDGE('',*,*,#716,.T.);
#716 = EDGE_CURVE('',#709,#717,#719,.T.);
#717 = VERTEX_POINT('',#718);
#718 = CARTESIAN_POINT('',(48.,151.5,82.5));
#719 = LINE('',#720,#721);
#720 = CARTESIAN_POINT('',(56.625,151.5,73.875));
#721 = VECTOR('',#722,1.);
#722 = DIRECTION('',(-0.707106781187,-0.,0.707106781187));
#723 = ORIENTED_EDGE('',*,*,#724,.T.);
#724 = EDGE_CURVE('',#717,#725,#727,.T.);
#725 = VERTEX_POINT('',#726);
#726 = CARTESIAN_POINT('',(38.5,151.5,73.));
#727 = LINE('',#728,#729);
#728 = CARTESIAN_POINT('',(10.625,151.5,45.125));
#729 = VECTOR('',#730,1.);
#730 = DIRECTION('',(-0.707106781187,0.,-0.707106781187));
#731 = ORIENTED_EDGE('',*,*,#732,.T.);
#732 = EDGE_CURVE('',#725,#707,#733,.T.);
#733 = LINE('',#734,#735);
#734 = CARTESIAN_POINT('',(51.875,151.5,59.625));
#735 = VECTOR('',#736,1.);
#736 = DIRECTION('',(0.707106781187,0.,-0.707106781187));
#737 = FACE_BOUND('',#738,.T.);
#738 = EDGE_LOOP('',(#739,#749,#757,#765));
#739 = ORIENTED_EDGE('',*,*,#740,.T.);
#740 = EDGE_CURVE('',#741,#743,#745,.T.);
#741 = VERTEX_POINT('',#742);
#742 = CARTESIAN_POINT('',(59.25,151.5,41.));
#743 = VERTEX_POINT('',#744);
#744 = CARTESIAN_POINT('',(68.75,151.5,50.5));
#745 = LINE('',#746,#747);
#746 = CARTESIAN_POINT('',(38.9375,151.5,20.6875));
#747 = VECTOR('',#748,1.);
#748 = DIRECTION('',(0.707106781187,0.,0.707106781187));
#749 = ORIENTED_EDGE('',*,*,#750,.T.);
#750 = EDGE_CURVE('',#743,#751,#753,.T.);
#751 = VERTEX_POINT('',#752);
#752 = CARTESIAN_POINT('',(59.25,151.5,60.));
#753 = LINE('',#754,#755);
#754 = CARTESIAN_POINT('',(59.4375,151.5,59.8125));
#755 = VECTOR('',#756,1.);
#756 = DIRECTION('',(-0.707106781187,-0.,0.707106781187));
#757 = ORIENTED_EDGE('',*,*,#758,.T.);
#758 = EDGE_CURVE('',#751,#759,#761,.T.);
#759 = VERTEX_POINT('',#760);
#760 = CARTESIAN_POINT('',(49.75,151.5,50.5));
#761 = LINE('',#762,#763);
#762 = CARTESIAN_POINT('',(24.6875,151.5,25.4375));
#763 = VECTOR('',#764,1.);
#764 = DIRECTION('',(-0.707106781187,0.,-0.707106781187));
#765 = ORIENTED_EDGE('',*,*,#766,.T.);
#766 = EDGE_CURVE('',#759,#741,#767,.T.);
#767 = LINE('',#768,#769);
#768 = CARTESIAN_POINT('',(54.6875,151.5,45.5625));
#769 = VECTOR('',#770,1.);
#770 = DIRECTION('',(0.707106781187,0.,-0.707106781187));
#771 = FACE_BOUND('',#772,.T.);
#772 = EDGE_LOOP('',(#773,#783,#791,#799));
#773 = ORIENTED_EDGE('',*,*,#774,.T.);
#774 = EDGE_CURVE('',#775,#777,#779,.T.);
#775 = VERTEX_POINT('',#776);
#776 = CARTESIAN_POINT('',(70.5,151.5,18.5));
#777 = VERTEX_POINT('',#778);
#778 = CARTESIAN_POINT('',(80.,151.5,28.));
#779 = LINE('',#780,#781);
#780 = CARTESIAN_POINT('',(53.,151.5,1.));
#781 = VECTOR('',#782,1.);
#782 = DIRECTION('',(0.707106781187,0.,0.707106781187));
#783 = ORIENTED_EDGE('',*,*,#784,.T.);
#784 = EDGE_CURVE('',#777,#785,#787,.T.);
#785 = VERTEX_POINT('',#786);
#786 = CARTESIAN_POINT('',(70.5,151.5,37.5));
#787 = LINE('',#788,#789);
#788 = CARTESIAN_POINT('',(62.25,151.5,45.75));
#789 = VECTOR('',#790,1.);
#790 = DIRECTION('',(-0.707106781187,-0.,0.707106781187));
#791 = ORIENTED_EDGE('',*,*,#792,.T.);
#792 = EDGE_CURVE('',#785,#793,#795,.T.);
#793 = VERTEX_POINT('',#794);
#794 = CARTESIAN_POINT('',(61.,151.5,28.));
#795 = LINE('',#796,#797);
#796 = CARTESIAN_POINT('',(38.75,151.5,5.75));
#797 = VECTOR('',#798,1.);
#798 = DIRECTION('',(-0.707106781187,0.,-0.707106781187));
#799 = ORIENTED_EDGE('',*,*,#800,.T.);
#800 = EDGE_CURVE('',#793,#775,#801,.T.);
#801 = LINE('',#802,#803);
#802 = CARTESIAN_POINT('',(57.5,151.5,31.5));
#803 = VECTOR('',#804,1.);
#804 = DIRECTION('',(0.707106781187,0.,-0.707106781187));
#805 = FACE_BOUND('',#806,.T.);
#806 = EDGE_LOOP('',(#807,#817,#825,#833));
#807 = ORIENTED_EDGE('',*,*,#808,.T.);
#808 = EDGE_CURVE('',#809,#811,#813,.T.);
#809 = VERTEX_POINT('',#810);
#810 = CARTESIAN_POINT('',(93.,151.5,18.5));
#811 = VERTEX_POINT('',#812);
#812 = CARTESIAN_POINT('',(102.5,151.5,28.));
#813 = LINE('',#814,#815);
#814 = CARTESIAN_POINT('',(69.875,151.5,-4.625));
#815 = VECTOR('',#816,1.);
#816 = DIRECTION('',(0.707106781187,0.,0.707106781187));
#817 = ORIENTED_EDGE('',*,*,#818,.T.);
#818 = EDGE_CURVE('',#811,#819,#821,.T.);
#819 = VERTEX_POINT('',#820);
#820 = CARTESIAN_POINT('',(93.,151.5,37.5));
#821 = LINE('',#822,#823);
#822 = CARTESIAN_POINT('',(79.125,151.5,51.375));
#823 = VECTOR('',#824,1.);
#824 = DIRECTION('',(-0.707106781187,-0.,0.707106781187));
#825 = ORIENTED_EDGE('',*,*,#826,.T.);
#826 = EDGE_CURVE('',#819,#827,#829,.T.);
#827 = VERTEX_POINT('',#828);
#828 = CARTESIAN_POINT('',(83.5,151.5,28.));
#829 = LINE('',#830,#831);
#830 = CARTESIAN_POINT('',(55.625,151.5,0.125));
#831 = VECTOR('',#832,1.);
#832 = DIRECTION('',(-0.707106781187,0.,-0.707106781187));
#833 = ORIENTED_EDGE('',*,*,#834,.T.);
#834 = EDGE_CURVE('',#827,#809,#835,.T.);
#835 = LINE('',#836,#837);
#836 = CARTESIAN_POINT('',(74.375,151.5,37.125));
#837 = VECTOR('',#838,1.);
#838 = DIRECTION('',(0.707106781187,0.,-0.707106781187));
#839 = FACE_BOUND('',#840,.T.);
#840 = EDGE_LOOP('',(#841,#851,#859,#867));
#841 = ORIENTED_EDGE('',*,*,#842,.T.);
#842 = EDGE_CURVE('',#843,#845,#847,.T.);
#843 = VERTEX_POINT('',#844);
#844 = CARTESIAN_POINT('',(81.75,151.5,41.));
#845 = VERTEX_POINT('',#846);
#846 = CARTESIAN_POINT('',(91.25,151.5,50.5));
#847 = LINE('',#848,#849);
#848 = CARTESIAN_POINT('',(55.8125,151.5,15.0625));
#849 = VECTOR('',#850,1.);
#850 = DIRECTION('',(0.707106781187,0.,0.707106781187));
#851 = ORIENTED_EDGE('',*,*,#852,.T.);
#852 = EDGE_CURVE('',#845,#853,#855,.T.);
#853 = VERTEX_POINT('',#854);
#854 = CARTESIAN_POINT('',(81.75,151.5,60.));
#855 = LINE('',#856,#857);
#856 = CARTESIAN_POINT('',(76.3125,151.5,65.4375));
#857 = VECTOR('',#858,1.);
#858 = DIRECTION('',(-0.707106781187,-0.,0.707106781187));
#859 = ORIENTED_EDGE('',*,*,#860,.T.);
#860 = EDGE_CURVE('',#853,#861,#863,.T.);
#861 = VERTEX_POINT('',#862);
#862 = CARTESIAN_POINT('',(72.25,151.5,50.5));
#863 = LINE('',#864,#865);
#864 = CARTESIAN_POINT('',(41.5625,151.5,19.8125));
#865 = VECTOR('',#866,1.);
#866 = DIRECTION('',(-0.707106781187,0.,-0.707106781187));
#867 = ORIENTED_EDGE('',*,*,#868,.T.);
#868 = EDGE_CURVE('',#861,#843,#869,.T.);
#869 = LINE('',#870,#871);
#870 = CARTESIAN_POINT('',(71.5625,151.5,51.1875));
#871 = VECTOR('',#872,1.);
#872 = DIRECTION('',(0.707106781187,0.,-0.707106781187));
#873 = FACE_BOUND('',#874,.T.);
#874 = EDGE_LOOP('',(#875,#885,#893,#901));
#875 = ORIENTED_EDGE('',*,*,#876,.T.);
#876 = EDGE_CURVE('',#877,#879,#881,.T.);
#877 = VERTEX_POINT('',#878);
#878 = CARTESIAN_POINT('',(70.5,151.5,63.5));
#879 = VERTEX_POINT('',#880);
#880 = CARTESIAN_POINT('',(80.,151.5,73.));
#881 = LINE('',#882,#883);
#882 = CARTESIAN_POINT('',(41.75,151.5,34.75));
#883 = VECTOR('',#884,1.);
#884 = DIRECTION('',(0.707106781187,0.,0.707106781187));
#885 = ORIENTED_EDGE('',*,*,#886,.T.);
#886 = EDGE_CURVE('',#879,#887,#889,.T.);
#887 = VERTEX_POINT('',#888);
#888 = CARTESIAN_POINT('',(70.5,151.5,82.5));
#889 = LINE('',#890,#891);
#890 = CARTESIAN_POINT('',(73.5,151.5,79.5));
#891 = VECTOR('',#892,1.);
#892 = DIRECTION('',(-0.707106781187,-0.,0.707106781187));
#893 = ORIENTED_EDGE('',*,*,#894,.T.);
#894 = EDGE_CURVE('',#887,#895,#897,.T.);
#895 = VERTEX_POINT('',#896);
#896 = CARTESIAN_POINT('',(61.,151.5,73.));
#897 = LINE('',#898,#899);
#898 = CARTESIAN_POINT('',(27.5,151.5,39.5));
#899 = VECTOR('',#900,1.);
#900 = DIRECTION('',(-0.707106781187,0.,-0.707106781187));
#901 = ORIENTED_EDGE('',*,*,#902,.T.);
#902 = EDGE_CURVE('',#895,#877,#903,.T.);
#903 = LINE('',#904,#905);
#904 = CARTESIAN_POINT('',(68.75,151.5,65.25));
#905 = VECTOR('',#906,1.);
#906 = DIRECTION('',(0.707106781187,0.,-0.707106781187));
#907 = FACE_BOUND('',#908,.T.);
#908 = EDGE_LOOP('',(#909,#919,#927,#935));
#909 = ORIENTED_EDGE('',*,*,#910,.T.);
#910 = EDGE_CURVE('',#911,#913,#915,.T.);
#911 = VERTEX_POINT('',#912);
#912 = CARTESIAN_POINT('',(93.,151.5,63.5));
#913 = VERTEX_POINT('',#914);
#914 = CARTESIAN_POINT('',(102.5,151.5,73.));
#915 = LINE('',#916,#917);
#916 = CARTESIAN_POINT('',(58.625,151.5,29.125));
#917 = VECTOR('',#918,1.);
#918 = DIRECTION('',(0.707106781187,0.,0.707106781187));
#919 = ORIENTED_EDGE('',*,*,#920,.T.);
#920 = EDGE_CURVE('',#913,#921,#923,.T.);
#921 = VERTEX_POINT('',#922);
#922 = CARTESIAN_POINT('',(93.,151.5,82.5));
#923 = LINE('',#924,#925);
#924 = CARTESIAN_POINT('',(90.375,151.5,85.125));
#925 = VECTOR('',#926,1.);
#926 = DIRECTION('',(-0.707106781187,-0.,0.707106781187));
#927 = ORIENTED_EDGE('',*,*,#928,.T.);
#928 = EDGE_CURVE('',#921,#929,#931,.T.);
#929 = VERTEX_POINT('',#930);
#930 = CARTESIAN_POINT('',(83.5,151.5,73.));
#931 = LINE('',#932,#933);
#932 = CARTESIAN_POINT('',(44.375,151.5,33.875));
#933 = VECTOR('',#934,1.);
#934 = DIRECTION('',(-0.707106781187,0.,-0.707106781187));
#935 = ORIENTED_EDGE('',*,*,#936,.T.);
#936 = EDGE_CURVE('',#929,#911,#937,.T.);
#937 = LINE('',#938,#939);
#938 = CARTESIAN_POINT('',(85.625,151.5,70.875));
#939 = VECTOR('',#940,1.);
#940 = DIRECTION('',(0.707106781187,0.,-0.707106781187));
#941 = FACE_BOUND('',#942,.T.);
#942 = EDGE_LOOP('',(#943,#953,#961,#969));
#943 = ORIENTED_EDGE('',*,*,#944,.T.);
#944 = EDGE_CURVE('',#945,#947,#949,.T.);
#945 = VERTEX_POINT('',#946);
#946 = CARTESIAN_POINT('',(59.25,151.5,86.));
#947 = VERTEX_POINT('',#948);
#948 = CARTESIAN_POINT('',(68.75,151.5,95.5));
#949 = LINE('',#950,#951);
#950 = CARTESIAN_POINT('',(27.6875,151.5,54.4375));
#951 = VECTOR('',#952,1.);
#952 = DIRECTION('',(0.707106781187,0.,0.707106781187));
#953 = ORIENTED_EDGE('',*,*,#954,.T.);
#954 = EDGE_CURVE('',#947,#955,#957,.T.);
#955 = VERTEX_POINT('',#956);
#956 = CARTESIAN_POINT('',(59.25,151.5,105.));
#957 = LINE('',#958,#959);
#958 = CARTESIAN_POINT('',(70.6875,151.5,93.5625));
#959 = VECTOR('',#960,1.);
#960 = DIRECTION('',(-0.707106781187,-0.,0.707106781187));
#961 = ORIENTED_EDGE('',*,*,#962,.T.);
#962 = EDGE_CURVE('',#955,#963,#965,.T.);
#963 = VERTEX_POINT('',#964);
#964 = CARTESIAN_POINT('',(49.75,151.5,95.5));
#965 = LINE('',#966,#967);
#966 = CARTESIAN_POINT('',(13.4375,151.5,59.1875));
#967 = VECTOR('',#968,1.);
#968 = DIRECTION('',(-0.707106781187,0.,-0.707106781187));
#969 = ORIENTED_EDGE('',*,*,#970,.T.);
#970 = EDGE_CURVE('',#963,#945,#971,.T.);
#971 = LINE('',#972,#973);
#972 = CARTESIAN_POINT('',(65.9375,151.5,79.3125));
#973 = VECTOR('',#974,1.);
#974 = DIRECTION('',(0.707106781187,0.,-0.707106781187));
#975 = FACE_BOUND('',#976,.T.);
#976 = EDGE_LOOP('',(#977,#987,#995,#1003));
#977 = ORIENTED_EDGE('',*,*,#978,.T.);
#978 = EDGE_CURVE('',#979,#981,#983,.T.);
#979 = VERTEX_POINT('',#980);
#980 = CARTESIAN_POINT('',(48.,151.5,108.5));
#981 = VERTEX_POINT('',#982);
#982 = CARTESIAN_POINT('',(57.5,151.5,118.));
#983 = LINE('',#984,#985);
#984 = CARTESIAN_POINT('',(13.625,151.5,74.125));
#985 = VECTOR('',#986,1.);
#986 = DIRECTION('',(0.707106781187,0.,0.707106781187));
#987 = ORIENTED_EDGE('',*,*,#988,.T.);
#988 = EDGE_CURVE('',#981,#989,#991,.T.);
#989 = VERTEX_POINT('',#990);
#990 = CARTESIAN_POINT('',(48.,151.5,127.5));
#991 = LINE('',#992,#993);
#992 = CARTESIAN_POINT('',(67.875,151.5,107.625));
#993 = VECTOR('',#994,1.);
#994 = DIRECTION('',(-0.707106781187,-0.,0.707106781187));
#995 = ORIENTED_EDGE('',*,*,#996,.T.);
#996 = EDGE_CURVE('',#989,#997,#999,.T.);
#997 = VERTEX_POINT('',#998);
#998 = CARTESIAN_POINT('',(38.5,151.5,118.));
#999 = LINE('',#1000,#1001);
#1000 = CARTESIAN_POINT('',(-0.625,151.5,78.875));
#1001 = VECTOR('',#1002,1.);
#1002 = DIRECTION('',(-0.707106781187,0.,-0.707106781187));
#1003 = ORIENTED_EDGE('',*,*,#1004,.T.);
#1004 = EDGE_CURVE('',#997,#979,#1005,.T.);
#1005 = LINE('',#1006,#1007);
#1006 = CARTESIAN_POINT('',(63.125,151.5,93.375));
#1007 = VECTOR('',#1008,1.);
#1008 = DIRECTION('',(0.707106781187,0.,-0.707106781187));
#1009 = FACE_BOUND('',#1010,.T.);
#1010 = EDGE_LOOP('',(#1011,#1021,#1029,#1037));
#1011 = ORIENTED_EDGE('',*,*,#1012,.T.);
#1012 = EDGE_CURVE('',#1013,#1015,#1017,.T.);
#1013 = VERTEX_POINT('',#1014);
#1014 = CARTESIAN_POINT('',(81.75,151.5,86.));
#1015 = VERTEX_POINT('',#1016);
#1016 = CARTESIAN_POINT('',(91.25,151.5,95.5));
#1017 = LINE('',#1018,#1019);
#1018 = CARTESIAN_POINT('',(44.5625,151.5,48.8125));
#1019 = VECTOR('',#1020,1.);
#1020 = DIRECTION('',(0.707106781187,0.,0.707106781187));
#1021 = ORIENTED_EDGE('',*,*,#1022,.T.);
#1022 = EDGE_CURVE('',#1015,#1023,#1025,.T.);
#1023 = VERTEX_POINT('',#1024);
#1024 = CARTESIAN_POINT('',(81.75,151.5,105.));
#1025 = LINE('',#1026,#1027);
#1026 = CARTESIAN_POINT('',(87.5625,151.5,99.1875));
#1027 = VECTOR('',#1028,1.);
#1028 = DIRECTION('',(-0.707106781187,-0.,0.707106781187));
#1029 = ORIENTED_EDGE('',*,*,#1030,.T.);
#1030 = EDGE_CURVE('',#1023,#1031,#1033,.T.);
#1031 = VERTEX_POINT('',#1032);
#1032 = CARTESIAN_POINT('',(72.25,151.5,95.5));
#1033 = LINE('',#1034,#1035);
#1034 = CARTESIAN_POINT('',(30.3125,151.5,53.5625));
#1035 = VECTOR('',#1036,1.);
#1036 = DIRECTION('',(-0.707106781187,0.,-0.707106781187));
#1037 = ORIENTED_EDGE('',*,*,#1038,.T.);
#1038 = EDGE_CURVE('',#1031,#1013,#1039,.T.);
#1039 = LINE('',#1040,#1041);
#1040 = CARTESIAN_POINT('',(82.8125,151.5,84.9375));
#1041 = VECTOR('',#1042,1.);
#1042 = DIRECTION('',(0.707106781187,0.,-0.707106781187));
#1043 = FACE_BOUND('',#1044,.T.);
#1044 = EDGE_LOOP('',(#1045,#1055,#1063,#1071));
#1045 = ORIENTED_EDGE('',*,*,#1046,.T.);
#1046 = EDGE_CURVE('',#1047,#1049,#1051,.T.);
#1047 = VERTEX_POINT('',#1048);
#1048 = CARTESIAN_POINT('',(70.5,151.5,108.5));
#1049 = VERTEX_POINT('',#1050);
#1050 = CARTESIAN_POINT('',(80.,151.5,118.));
#1051 = LINE('',#1052,#1053);
#1052 = CARTESIAN_POINT('',(30.5,151.5,68.5));
#1053 = VECTOR('',#1054,1.);
#1054 = DIRECTION('',(0.707106781187,0.,0.707106781187));
#1055 = ORIENTED_EDGE('',*,*,#1056,.T.);
#1056 = EDGE_CURVE('',#1049,#1057,#1059,.T.);
#1057 = VERTEX_POINT('',#1058);
#1058 = CARTESIAN_POINT('',(70.5,151.5,127.5));
#1059 = LINE('',#1060,#1061);
#1060 = CARTESIAN_POINT('',(84.75,151.5,113.25));
#1061 = VECTOR('',#1062,1.);
#1062 = DIRECTION('',(-0.707106781187,-0.,0.707106781187));
#1063 = ORIENTED_EDGE('',*,*,#1064,.T.);
#1064 = EDGE_CURVE('',#1057,#1065,#1067,.T.);
#1065 = VERTEX_POINT('',#1066);
#1066 = CARTESIAN_POINT('',(61.,151.5,118.));
#1067 = LINE('',#1068,#1069);
#1068 = CARTESIAN_POINT('',(16.25,151.5,73.25));
#1069 = VECTOR('',#1070,1.);
#1070 = DIRECTION('',(-0.707106781187,0.,-0.707106781187));
#1071 = ORIENTED_EDGE('',*,*,#1072,.T.);
#1072 = EDGE_CURVE('',#1065,#1047,#1073,.T.);
#1073 = LINE('',#1074,#1075);
#1074 = CARTESIAN_POINT('',(80.,151.5,99.));
#1075 = VECTOR('',#1076,1.);
#1076 = DIRECTION('',(0.707106781187,0.,-0.707106781187));
#1077 = FACE_BOUND('',#1078,.T.);
#1078 = EDGE_LOOP('',(#1079,#1089,#1097,#1105));
#1079 = ORIENTED_EDGE('',*,*,#1080,.T.);
#1080 = EDGE_CURVE('',#1081,#1083,#1085,.T.);
#1081 = VERTEX_POINT('',#1082);
#1082 = CARTESIAN_POINT('',(93.,151.5,108.5));
#1083 = VERTEX_POINT('',#1084);
#1084 = CARTESIAN_POINT('',(102.5,151.5,118.));
#1085 = LINE('',#1086,#1087);
#1086 = CARTESIAN_POINT('',(47.375,151.5,62.875));
#1087 = VECTOR('',#1088,1.);
#1088 = DIRECTION('',(0.707106781187,0.,0.707106781187));
#1089 = ORIENTED_EDGE('',*,*,#1090,.T.);
#1090 = EDGE_CURVE('',#1083,#1091,#1093,.T.);
#1091 = VERTEX_POINT('',#1092);
#1092 = CARTESIAN_POINT('',(93.,151.5,127.5));
#1093 = LINE('',#1094,#1095);
#1094 = CARTESIAN_POINT('',(101.625,151.5,118.875));
#1095 = VECTOR('',#1096,1.);
#1096 = DIRECTION('',(-0.707106781187,-0.,0.707106781187));
#1097 = ORIENTED_EDGE('',*,*,#1098,.T.);
#1098 = EDGE_CURVE('',#1091,#1099,#1101,.T.);
#1099 = VERTEX_POINT('',#1100);
#1100 = CARTESIAN_POINT('',(83.5,151.5,118.));
#1101 = LINE('',#1102,#1103);
#1102 = CARTESIAN_POINT('',(33.125,151.5,67.625));
#1103 = VECTOR('',#1104,1.);
#1104 = DIRECTION('',(-0.707106781187,0.,-0.707106781187));
#1105 = ORIENTED_EDGE('',*,*,#1106,.T.);
#1106 = EDGE_CURVE('',#1099,#1081,#1107,.T.);
#1107 = LINE('',#1108,#1109);
#1108 = CARTESIAN_POINT('',(96.875,151.5,104.625));
#1109 = VECTOR('',#1110,1.);
#1110 = DIRECTION('',(0.707106781187,0.,-0.707106781187));
#1111 = FACE_BOUND('',#1112,.T.);
#1112 = EDGE_LOOP('',(#1113,#1123,#1131,#1139));
#1113 = ORIENTED_EDGE('',*,*,#1114,.T.);
#1114 = EDGE_CURVE('',#1115,#1117,#1119,.T.);
#1115 = VERTEX_POINT('',#1116);
#1116 = CARTESIAN_POINT('',(115.5,151.5,18.5));
#1117 = VERTEX_POINT('',#1118);
#1118 = CARTESIAN_POINT('',(125.,151.5,28.));
#1119 = LINE('',#1120,#1121);
#1120 = CARTESIAN_POINT('',(86.75,151.5,-10.25));
#1121 = VECTOR('',#1122,1.);
#1122 = DIRECTION('',(0.707106781187,0.,0.707106781187));
#1123 = ORIENTED_EDGE('',*,*,#1124,.T.);
#1124 = EDGE_CURVE('',#1117,#1125,#1127,.T.);
#1125 = VERTEX_POINT('',#1126);
#1126 = CARTESIAN_POINT('',(115.5,151.5,37.5));
#1127 = LINE('',#1128,#1129);
#1128 = CARTESIAN_POINT('',(96.,151.5,57.));
#1129 = VECTOR('',#1130,1.);
#1130 = DIRECTION('',(-0.707106781187,-0.,0.707106781187));
#1131 = ORIENTED_EDGE('',*,*,#1132,.T.);
#1132 = EDGE_CURVE('',#1125,#1133,#1135,.T.);
#1133 = VERTEX_POINT('',#1134);
#1134 = CARTESIAN_POINT('',(106.,151.5,28.));
#1135 = LINE('',#1136,#1137);
#1136 = CARTESIAN_POINT('',(72.5,151.5,-5.5));
#1137 = VECTOR('',#1138,1.);
#1138 = DIRECTION('',(-0.707106781187,0.,-0.707106781187));
#1139 = ORIENTED_EDGE('',*,*,#1140,.T.);
#1140 = EDGE_CURVE('',#1133,#1115,#1141,.T.);
#1141 = LINE('',#1142,#1143);
#1142 = CARTESIAN_POINT('',(91.25,151.5,42.75));
#1143 = VECTOR('',#1144,1.);
#1144 = DIRECTION('',(0.707106781187,0.,-0.707106781187));
#1145 = FACE_BOUND('',#1146,.T.);
#1146 = EDGE_LOOP('',(#1147,#1157,#1165,#1173));
#1147 = ORIENTED_EDGE('',*,*,#1148,.T.);
#1148 = EDGE_CURVE('',#1149,#1151,#1153,.T.);
#1149 = VERTEX_POINT('',#1150);
#1150 = CARTESIAN_POINT('',(104.25,151.5,41.));
#1151 = VERTEX_POINT('',#1152);
#1152 = CARTESIAN_POINT('',(113.75,151.5,50.5));
#1153 = LINE('',#1154,#1155);
#1154 = CARTESIAN_POINT('',(72.6875,151.5,9.4375));
#1155 = VECTOR('',#1156,1.);
#1156 = DIRECTION('',(0.707106781187,0.,0.707106781187));
#1157 = ORIENTED_EDGE('',*,*,#1158,.T.);
#1158 = EDGE_CURVE('',#1151,#1159,#1161,.T.);
#1159 = VERTEX_POINT('',#1160);
#1160 = CARTESIAN_POINT('',(104.25,151.5,60.));
#1161 = LINE('',#1162,#1163);
#1162 = CARTESIAN_POINT('',(93.1875,151.5,71.0625));
#1163 = VECTOR('',#1164,1.);
#1164 = DIRECTION('',(-0.707106781187,-0.,0.707106781187));
#1165 = ORIENTED_EDGE('',*,*,#1166,.T.);
#1166 = EDGE_CURVE('',#1159,#1167,#1169,.T.);
#1167 = VERTEX_POINT('',#1168);
#1168 = CARTESIAN_POINT('',(94.75,151.5,50.5));
#1169 = LINE('',#1170,#1171);
#1170 = CARTESIAN_POINT('',(58.4375,151.5,14.1875));
#1171 = VECTOR('',#1172,1.);
#1172 = DIRECTION('',(-0.707106781187,0.,-0.707106781187));
#1173 = ORIENTED_EDGE('',*,*,#1174,.T.);
#1174 = EDGE_CURVE('',#1167,#1149,#1175,.T.);
#1175 = LINE('',#1176,#1177);
#1176 = CARTESIAN_POINT('',(88.4375,151.5,56.8125));
#1177 = VECTOR('',#1178,1.);
#1178 = DIRECTION('',(0.707106781187,0.,-0.707106781187));
#1179 = FACE_BOUND('',#1180,.T.);
#1180 = EDGE_LOOP('',(#1181,#1191,#1199,#1207));
#1181 = ORIENTED_EDGE('',*,*,#1182,.T.);
#1182 = EDGE_CURVE('',#1183,#1185,#1187,.T.);
#1183 = VERTEX_POINT('',#1184);
#1184 = CARTESIAN_POINT('',(126.75,151.5,41.));
#1185 = VERTEX_POINT('',#1186);
#1186 = CARTESIAN_POINT('',(136.25,151.5,50.5));
#1187 = LINE('',#1188,#1189);
#1188 = CARTESIAN_POINT('',(89.5625,151.5,3.8125));
#1189 = VECTOR('',#1190,1.);
#1190 = DIRECTION('',(0.707106781187,0.,0.707106781187));
#1191 = ORIENTED_EDGE('',*,*,#1192,.T.);
#1192 = EDGE_CURVE('',#1185,#1193,#1195,.T.);
#1193 = VERTEX_POINT('',#1194);
#1194 = CARTESIAN_POINT('',(126.75,151.5,60.));
#1195 = LINE('',#1196,#1197);
#1196 = CARTESIAN_POINT('',(110.0625,151.5,76.6875));
#1197 = VECTOR('',#1198,1.);
#1198 = DIRECTION('',(-0.707106781187,-0.,0.707106781187));
#1199 = ORIENTED_EDGE('',*,*,#1200,.T.);
#1200 = EDGE_CURVE('',#1193,#1201,#1203,.T.);
#1201 = VERTEX_POINT('',#1202);
#1202 = CARTESIAN_POINT('',(117.25,151.5,50.5));
#1203 = LINE('',#1204,#1205);
#1204 = CARTESIAN_POINT('',(75.3125,151.5,8.5625));
#1205 = VECTOR('',#1206,1.);
#1206 = DIRECTION('',(-0.707106781187,0.,-0.707106781187));
#1207 = ORIENTED_EDGE('',*,*,#1208,.T.);
#1208 = EDGE_CURVE('',#1201,#1183,#1209,.T.);
#1209 = LINE('',#1210,#1211);
#1210 = CARTESIAN_POINT('',(105.3125,151.5,62.4375));
#1211 = VECTOR('',#1212,1.);
#1212 = DIRECTION('',(0.707106781187,0.,-0.707106781187));
#1213 = FACE_BOUND('',#1214,.T.);
#1214 = EDGE_LOOP('',(#1215,#1225,#1233,#1241));
#1215 = ORIENTED_EDGE('',*,*,#1216,.T.);
#1216 = EDGE_CURVE('',#1217,#1219,#1221,.T.);
#1217 = VERTEX_POINT('',#1218);
#1218 = CARTESIAN_POINT('',(115.5,151.5,63.5));
#1219 = VERTEX_POINT('',#1220);
#1220 = CARTESIAN_POINT('',(125.,151.5,73.));
#1221 = LINE('',#1222,#1223);
#1222 = CARTESIAN_POINT('',(75.5,151.5,23.5));
#1223 = VECTOR('',#1224,1.);
#1224 = DIRECTION('',(0.707106781187,0.,0.707106781187));
#1225 = ORIENTED_EDGE('',*,*,#1226,.T.);
#1226 = EDGE_CURVE('',#1219,#1227,#1229,.T.);
#1227 = VERTEX_POINT('',#1228);
#1228 = CARTESIAN_POINT('',(115.5,151.5,82.5));
#1229 = LINE('',#1230,#1231);
#1230 = CARTESIAN_POINT('',(107.25,151.5,90.75));
#1231 = VECTOR('',#1232,1.);
#1232 = DIRECTION('',(-0.707106781187,-0.,0.707106781187));
#1233 = ORIENTED_EDGE('',*,*,#1234,.T.);
#1234 = EDGE_CURVE('',#1227,#1235,#1237,.T.);
#1235 = VERTEX_POINT('',#1236);
#1236 = CARTESIAN_POINT('',(106.,151.5,73.));
#1237 = LINE('',#1238,#1239);
#1238 = CARTESIAN_POINT('',(61.25,151.5,28.25));
#1239 = VECTOR('',#1240,1.);
#1240 = DIRECTION('',(-0.707106781187,0.,-0.707106781187));
#1241 = ORIENTED_EDGE('',*,*,#1242,.T.);
#1242 = EDGE_CURVE('',#1235,#1217,#1243,.T.);
#1243 = LINE('',#1244,#1245);
#1244 = CARTESIAN_POINT('',(102.5,151.5,76.5));
#1245 = VECTOR('',#1246,1.);
#1246 = DIRECTION('',(0.707106781187,0.,-0.707106781187));
#1247 = FACE_BOUND('',#1248,.T.);
#1248 = EDGE_LOOP('',(#1249,#1259,#1267,#1275));
#1249 = ORIENTED_EDGE('',*,*,#1250,.T.);
#1250 = EDGE_CURVE('',#1251,#1253,#1255,.T.);
#1251 = VERTEX_POINT('',#1252);
#1252 = CARTESIAN_POINT('',(138.,151.5,18.5));
#1253 = VERTEX_POINT('',#1254);
#1254 = CARTESIAN_POINT('',(147.5,151.5,28.));
#1255 = LINE('',#1256,#1257);
#1256 = CARTESIAN_POINT('',(103.625,151.5,-15.875));
#1257 = VECTOR('',#1258,1.);
#1258 = DIRECTION('',(0.707106781187,0.,0.707106781187));
#1259 = ORIENTED_EDGE('',*,*,#1260,.T.);
#1260 = EDGE_CURVE('',#1253,#1261,#1263,.T.);
#1261 = VERTEX_POINT('',#1262);
#1262 = CARTESIAN_POINT('',(138.,151.5,37.5));
#1263 = LINE('',#1264,#1265);
#1264 = CARTESIAN_POINT('',(112.875,151.5,62.625));
#1265 = VECTOR('',#1266,1.);
#1266 = DIRECTION('',(-0.707106781187,-0.,0.707106781187));
#1267 = ORIENTED_EDGE('',*,*,#1268,.T.);
#1268 = EDGE_CURVE('',#1261,#1269,#1271,.T.);
#1269 = VERTEX_POINT('',#1270);
#1270 = CARTESIAN_POINT('',(128.5,151.5,28.));
#1271 = LINE('',#1272,#1273);
#1272 = CARTESIAN_POINT('',(89.375,151.5,-11.125));
#1273 = VECTOR('',#1274,1.);
#1274 = DIRECTION('',(-0.707106781187,0.,-0.707106781187));
#1275 = ORIENTED_EDGE('',*,*,#1276,.T.);
#1276 = EDGE_CURVE('',#1269,#1251,#1277,.T.);
#1277 = LINE('',#1278,#1279);
#1278 = CARTESIAN_POINT('',(108.125,151.5,48.375));
#1279 = VECTOR('',#1280,1.);
#1280 = DIRECTION('',(0.707106781187,0.,-0.707106781187));
#1281 = FACE_BOUND('',#1282,.T.);
#1282 = EDGE_LOOP('',(#1283,#1293,#1301,#1309));
#1283 = ORIENTED_EDGE('',*,*,#1284,.T.);
#1284 = EDGE_CURVE('',#1285,#1287,#1289,.T.);
#1285 = VERTEX_POINT('',#1286);
#1286 = CARTESIAN_POINT('',(138.,151.5,63.5));
#1287 = VERTEX_POINT('',#1288);
#1288 = CARTESIAN_POINT('',(147.5,151.5,73.));
#1289 = LINE('',#1290,#1291);
#1290 = CARTESIAN_POINT('',(92.375,151.5,17.875));
#1291 = VECTOR('',#1292,1.);
#1292 = DIRECTION('',(0.707106781187,0.,0.707106781187));
#1293 = ORIENTED_EDGE('',*,*,#1294,.T.);
#1294 = EDGE_CURVE('',#1287,#1295,#1297,.T.);
#1295 = VERTEX_POINT('',#1296);
#1296 = CARTESIAN_POINT('',(138.,151.5,82.5));
#1297 = LINE('',#1298,#1299);
#1298 = CARTESIAN_POINT('',(124.125,151.5,96.375));
#1299 = VECTOR('',#1300,1.);
#1300 = DIRECTION('',(-0.707106781187,-0.,0.707106781187));
#1301 = ORIENTED_EDGE('',*,*,#1302,.T.);
#1302 = EDGE_CURVE('',#1295,#1303,#1305,.T.);
#1303 = VERTEX_POINT('',#1304);
#1304 = CARTESIAN_POINT('',(128.5,151.5,73.));
#1305 = LINE('',#1306,#1307);
#1306 = CARTESIAN_POINT('',(78.125,151.5,22.625));
#1307 = VECTOR('',#1308,1.);
#1308 = DIRECTION('',(-0.707106781187,0.,-0.707106781187));
#1309 = ORIENTED_EDGE('',*,*,#1310,.T.);
#1310 = EDGE_CURVE('',#1303,#1285,#1311,.T.);
#1311 = LINE('',#1312,#1313);
#1312 = CARTESIAN_POINT('',(119.375,151.5,82.125));
#1313 = VECTOR('',#1314,1.);
#1314 = DIRECTION('',(0.707106781187,0.,-0.707106781187));
#1315 = FACE_BOUND('',#1316,.T.);
#1316 = EDGE_LOOP('',(#1317,#1327,#1335,#1343));
#1317 = ORIENTED_EDGE('',*,*,#1318,.T.);
#1318 = EDGE_CURVE('',#1319,#1321,#1323,.T.);
#1319 = VERTEX_POINT('',#1320);
#1320 = CARTESIAN_POINT('',(149.25,151.5,41.));
#1321 = VERTEX_POINT('',#1322);
#1322 = CARTESIAN_POINT('',(158.75,151.5,50.5));
#1323 = LINE('',#1324,#1325);
#1324 = CARTESIAN_POINT('',(106.4375,151.5,-1.8125));
#1325 = VECTOR('',#1326,1.);
#1326 = DIRECTION('',(0.707106781187,0.,0.707106781187));
#1327 = ORIENTED_EDGE('',*,*,#1328,.T.);
#1328 = EDGE_CURVE('',#1321,#1329,#1331,.T.);
#1329 = VERTEX_POINT('',#1330);
#1330 = CARTESIAN_POINT('',(149.25,151.5,60.));
#1331 = LINE('',#1332,#1333);
#1332 = CARTESIAN_POINT('',(126.9375,151.5,82.3125));
#1333 = VECTOR('',#1334,1.);
#1334 = DIRECTION('',(-0.707106781187,-0.,0.707106781187));
#1335 = ORIENTED_EDGE('',*,*,#1336,.T.);
#1336 = EDGE_CURVE('',#1329,#1337,#1339,.T.);
#1337 = VERTEX_POINT('',#1338);
#1338 = CARTESIAN_POINT('',(139.75,151.5,50.5));
#1339 = LINE('',#1340,#1341);
#1340 = CARTESIAN_POINT('',(92.1875,151.5,2.9375));
#1341 = VECTOR('',#1342,1.);
#1342 = DIRECTION('',(-0.707106781187,0.,-0.707106781187));
#1343 = ORIENTED_EDGE('',*,*,#1344,.T.);
#1344 = EDGE_CURVE('',#1337,#1319,#1345,.T.);
#1345 = LINE('',#1346,#1347);
#1346 = CARTESIAN_POINT('',(122.1875,151.5,68.0625));
#1347 = VECTOR('',#1348,1.);
#1348 = DIRECTION('',(0.707106781187,0.,-0.707106781187));
#1349 = FACE_BOUND('',#1350,.T.);
#1350 = EDGE_LOOP('',(#1351,#1361,#1369,#1377));
#1351 = ORIENTED_EDGE('',*,*,#1352,.T.);
#1352 = EDGE_CURVE('',#1353,#1355,#1357,.T.);
#1353 = VERTEX_POINT('',#1354);
#1354 = CARTESIAN_POINT('',(104.25,151.5,86.));
#1355 = VERTEX_POINT('',#1356);
#1356 = CARTESIAN_POINT('',(113.75,151.5,95.5));
#1357 = LINE('',#1358,#1359);
#1358 = CARTESIAN_POINT('',(61.4375,151.5,43.1875));
#1359 = VECTOR('',#1360,1.);
#1360 = DIRECTION('',(0.707106781187,0.,0.707106781187));
#1361 = ORIENTED_EDGE('',*,*,#1362,.T.);
#1362 = EDGE_CURVE('',#1355,#1363,#1365,.T.);
#1363 = VERTEX_POINT('',#1364);
#1364 = CARTESIAN_POINT('',(104.25,151.5,105.));
#1365 = LINE('',#1366,#1367);
#1366 = CARTESIAN_POINT('',(104.4375,151.5,104.8125));
#1367 = VECTOR('',#1368,1.);
#1368 = DIRECTION('',(-0.707106781187,-0.,0.707106781187));
#1369 = ORIENTED_EDGE('',*,*,#1370,.T.);
#1370 = EDGE_CURVE('',#1363,#1371,#1373,.T.);
#1371 = VERTEX_POINT('',#1372);
#1372 = CARTESIAN_POINT('',(94.75,151.5,95.5));
#1373 = LINE('',#1374,#1375);
#1374 = CARTESIAN_POINT('',(47.1875,151.5,47.9375));
#1375 = VECTOR('',#1376,1.);
#1376 = DIRECTION('',(-0.707106781187,0.,-0.707106781187));
#1377 = ORIENTED_EDGE('',*,*,#1378,.T.);
#1378 = EDGE_CURVE('',#1371,#1353,#1379,.T.);
#1379 = LINE('',#1380,#1381);
#1380 = CARTESIAN_POINT('',(99.6875,151.5,90.5625));
#1381 = VECTOR('',#1382,1.);
#1382 = DIRECTION('',(0.707106781187,0.,-0.707106781187));
#1383 = FACE_BOUND('',#1384,.T.);
#1384 = EDGE_LOOP('',(#1385,#1395,#1403,#1411));
#1385 = ORIENTED_EDGE('',*,*,#1386,.T.);
#1386 = EDGE_CURVE('',#1387,#1389,#1391,.T.);
#1387 = VERTEX_POINT('',#1388);
#1388 = CARTESIAN_POINT('',(126.75,151.5,86.));
#1389 = VERTEX_POINT('',#1390);
#1390 = CARTESIAN_POINT('',(136.25,151.5,95.5));
#1391 = LINE('',#1392,#1393);
#1392 = CARTESIAN_POINT('',(78.3125,151.5,37.5625));
#1393 = VECTOR('',#1394,1.);
#1394 = DIRECTION('',(0.707106781187,0.,0.707106781187));
#1395 = ORIENTED_EDGE('',*,*,#1396,.T.);
#1396 = EDGE_CURVE('',#1389,#1397,#1399,.T.);
#1397 = VERTEX_POINT('',#1398);
#1398 = CARTESIAN_POINT('',(126.75,151.5,105.));
#1399 = LINE('',#1400,#1401);
#1400 = CARTESIAN_POINT('',(121.3125,151.5,110.4375));
#1401 = VECTOR('',#1402,1.);
#1402 = DIRECTION('',(-0.707106781187,-0.,0.707106781187));
#1403 = ORIENTED_EDGE('',*,*,#1404,.T.);
#1404 = EDGE_CURVE('',#1397,#1405,#1407,.T.);
#1405 = VERTEX_POINT('',#1406);
#1406 = CARTESIAN_POINT('',(117.25,151.5,95.5));
#1407 = LINE('',#1408,#1409);
#1408 = CARTESIAN_POINT('',(64.0625,151.5,42.3125));
#1409 = VECTOR('',#1410,1.);
#1410 = DIRECTION('',(-0.707106781187,0.,-0.707106781187));
#1411 = ORIENTED_EDGE('',*,*,#1412,.T.);
#1412 = EDGE_CURVE('',#1405,#1387,#1413,.T.);
#1413 = LINE('',#1414,#1415);
#1414 = CARTESIAN_POINT('',(116.5625,151.5,96.1875));
#1415 = VECTOR('',#1416,1.);
#1416 = DIRECTION('',(0.707106781187,0.,-0.707106781187));
#1417 = FACE_BOUND('',#1418,.T.);
#1418 = EDGE_LOOP('',(#1419,#1429,#1437,#1445));
#1419 = ORIENTED_EDGE('',*,*,#1420,.T.);
#1420 = EDGE_CURVE('',#1421,#1423,#1425,.T.);
#1421 = VERTEX_POINT('',#1422);
#1422 = CARTESIAN_POINT('',(115.5,151.5,108.5));
#1423 = VERTEX_POINT('',#1424);
#1424 = CARTESIAN_POINT('',(125.,151.5,118.));
#1425 = LINE('',#1426,#1427);
#1426 = CARTESIAN_POINT('',(64.25,151.5,57.25));
#1427 = VECTOR('',#1428,1.);
#1428 = DIRECTION('',(0.707106781187,0.,0.707106781187));
#1429 = ORIENTED_EDGE('',*,*,#1430,.T.);
#1430 = EDGE_CURVE('',#1423,#1431,#1433,.T.);
#1431 = VERTEX_POINT('',#1432);
#1432 = CARTESIAN_POINT('',(115.5,151.5,127.5));
#1433 = LINE('',#1434,#1435);
#1434 = CARTESIAN_POINT('',(118.5,151.5,124.5));
#1435 = VECTOR('',#1436,1.);
#1436 = DIRECTION('',(-0.707106781187,-0.,0.707106781187));
#1437 = ORIENTED_EDGE('',*,*,#1438,.T.);
#1438 = EDGE_CURVE('',#1431,#1439,#1441,.T.);
#1439 = VERTEX_POINT('',#1440);
#1440 = CARTESIAN_POINT('',(106.,151.5,118.));
#1441 = LINE('',#1442,#1443);
#1442 = CARTESIAN_POINT('',(50.,151.5,62.));
#1443 = VECTOR('',#1444,1.);
#1444 = DIRECTION('',(-0.707106781187,0.,-0.707106781187));
#1445 = ORIENTED_EDGE('',*,*,#1446,.T.);
#1446 = EDGE_CURVE('',#1439,#1421,#1447,.T.);
#1447 = LINE('',#1448,#1449);
#1448 = CARTESIAN_POINT('',(113.75,151.5,110.25));
#1449 = VECTOR('',#1450,1.);
#1450 = DIRECTION('',(0.707106781187,0.,-0.707106781187));
#1451 = FACE_BOUND('',#1452,.T.);
#1452 = EDGE_LOOP('',(#1453,#1463,#1471,#1479));
#1453 = ORIENTED_EDGE('',*,*,#1454,.T.);
#1454 = EDGE_CURVE('',#1455,#1457,#1459,.T.);
#1455 = VERTEX_POINT('',#1456);
#1456 = CARTESIAN_POINT('',(149.25,151.5,86.));
#1457 = VERTEX_POINT('',#1458);
#1458 = CARTESIAN_POINT('',(158.75,151.5,95.5));
#1459 = LINE('',#1460,#1461);
#1460 = CARTESIAN_POINT('',(95.1875,151.5,31.9375));
#1461 = VECTOR('',#1462,1.);
#1462 = DIRECTION('',(0.707106781187,0.,0.707106781187));
#1463 = ORIENTED_EDGE('',*,*,#1464,.T.);
#1464 = EDGE_CURVE('',#1457,#1465,#1467,.T.);
#1465 = VERTEX_POINT('',#1466);
#1466 = CARTESIAN_POINT('',(149.25,151.5,105.));
#1467 = LINE('',#1468,#1469);
#1468 = CARTESIAN_POINT('',(138.1875,151.5,116.0625));
#1469 = VECTOR('',#1470,1.);
#1470 = DIRECTION('',(-0.707106781187,-0.,0.707106781187));
#1471 = ORIENTED_EDGE('',*,*,#1472,.T.);
#1472 = EDGE_CURVE('',#1465,#1473,#1475,.T.);
#1473 = VERTEX_POINT('',#1474);
#1474 = CARTESIAN_POINT('',(139.75,151.5,95.5));
#1475 = LINE('',#1476,#1477);
#1476 = CARTESIAN_POINT('',(80.9375,151.5,36.6875));
#1477 = VECTOR('',#1478,1.);
#1478 = DIRECTION('',(-0.707106781187,0.,-0.707106781187));
#1479 = ORIENTED_EDGE('',*,*,#1480,.T.);
#1480 = EDGE_CURVE('',#1473,#1455,#1481,.T.);
#1481 = LINE('',#1482,#1483);
#1482 = CARTESIAN_POINT('',(133.4375,151.5,101.8125));
#1483 = VECTOR('',#1484,1.);
#1484 = DIRECTION('',(0.707106781187,0.,-0.707106781187));
#1485 = FACE_BOUND('',#1486,.T.);
#1486 = EDGE_LOOP('',(#1487,#1497,#1505,#1513));
#1487 = ORIENTED_EDGE('',*,*,#1488,.T.);
#1488 = EDGE_CURVE('',#1489,#1491,#1493,.T.);
#1489 = VERTEX_POINT('',#1490);
#1490 = CARTESIAN_POINT('',(138.,151.5,108.5));
#1491 = VERTEX_POINT('',#1492);
#1492 = CARTESIAN_POINT('',(147.5,151.5,118.));
#1493 = LINE('',#1494,#1495);
#1494 = CARTESIAN_POINT('',(81.125,151.5,51.625));
#1495 = VECTOR('',#1496,1.);
#1496 = DIRECTION('',(0.707106781187,0.,0.707106781187));
#1497 = ORIENTED_EDGE('',*,*,#1498,.T.);
#1498 = EDGE_CURVE('',#1491,#1499,#1501,.T.);
#1499 = VERTEX_POINT('',#1500);
#1500 = CARTESIAN_POINT('',(138.,151.5,127.5));
#1501 = LINE('',#1502,#1503);
#1502 = CARTESIAN_POINT('',(135.375,151.5,130.125));
#1503 = VECTOR('',#1504,1.);
#1504 = DIRECTION('',(-0.707106781187,-0.,0.707106781187));
#1505 = ORIENTED_EDGE('',*,*,#1506,.T.);
#1506 = EDGE_CURVE('',#1499,#1507,#1509,.T.);
#1507 = VERTEX_POINT('',#1508);
#1508 = CARTESIAN_POINT('',(128.5,151.5,118.));
#1509 = LINE('',#1510,#1511);
#1510 = CARTESIAN_POINT('',(66.875,151.5,56.375));
#1511 = VECTOR('',#1512,1.);
#1512 = DIRECTION('',(-0.707106781187,0.,-0.707106781187));
#1513 = ORIENTED_EDGE('',*,*,#1514,.T.);
#1514 = EDGE_CURVE('',#1507,#1489,#1515,.T.);
#1515 = LINE('',#1516,#1517);
#1516 = CARTESIAN_POINT('',(130.625,151.5,115.875));
#1517 = VECTOR('',#1518,1.);
#1518 = DIRECTION('',(0.707106781187,0.,-0.707106781187));
#1519 = PLANE('',#1520);
#1520 = AXIS2_PLACEMENT_3D('',#1521,#1522,#1523);
#1521 = CARTESIAN_POINT('',(0.,151.5,0.));
#1522 = DIRECTION('',(-0.,1.,0.));
#1523 = DIRECTION('',(0.,0.,1.));
#1524 = ADVANCED_FACE('',(#1525,#1536,#1586,#1636,#1686,#1736,#1786,
    #1836,#1886,#1936,#1986,#2036,#2086,#2136,#2186,#2236,#2286,#2336,
    #2386,#2436,#2486,#2536,#2586,#2636,#2686,#2736,#2786,#2836,#2886,
    #2936,#2947),#2981,.F.);
#1525 = FACE_BOUND('',#1526,.F.);
#1526 = EDGE_LOOP('',(#1527,#1528,#1529,#1535));
#1527 = ORIENTED_EDGE('',*,*,#47,.F.);
#1528 = ORIENTED_EDGE('',*,*,#608,.T.);
#1529 = ORIENTED_EDGE('',*,*,#1530,.T.);
#1530 = EDGE_CURVE('',#599,#639,#1531,.T.);
#1531 = LINE('',#1532,#1533);
#1532 = CARTESIAN_POINT('',(186.,0.,0.));
#1533 = VECTOR('',#1534,1.);
#1534 = DIRECTION('',(-0.,1.,0.));
#1535 = ORIENTED_EDGE('',*,*,#648,.F.);
#1536 = FACE_BOUND('',#1537,.F.);
#1537 = EDGE_LOOP('',(#1538,#1548,#1556,#1564,#1572,#1580));
#1538 = ORIENTED_EDGE('',*,*,#1539,.T.);
#1539 = EDGE_CURVE('',#1540,#1542,#1544,.T.);
#1540 = VERTEX_POINT('',#1541);
#1541 = CARTESIAN_POINT('',(19.5,19.376388374866,0.));
#1542 = VERTEX_POINT('',#1543);
#1543 = CARTESIAN_POINT('',(22.75,21.252776749733,0.));
#1544 = LINE('',#1545,#1546);
#1545 = CARTESIAN_POINT('',(9.617388858443,13.670660171992,0.));
#1546 = VECTOR('',#1547,1.);
#1547 = DIRECTION('',(0.866025403784,0.5,-0.));
#1548 = ORIENTED_EDGE('',*,*,#1549,.T.);
#1549 = EDGE_CURVE('',#1542,#1550,#1552,.T.);
#1550 = VERTEX_POINT('',#1551);
#1551 = CARTESIAN_POINT('',(26.,19.376388374866,0.));
#1552 = LINE('',#1553,#1554);
#1553 = CARTESIAN_POINT('',(20.445111141557,22.583504952607,0.));
#1554 = VECTOR('',#1555,1.);
#1555 = DIRECTION('',(0.866025403784,-0.5,0.));
#1556 = ORIENTED_EDGE('',*,*,#1557,.T.);
#1557 = EDGE_CURVE('',#1550,#1558,#1560,.T.);
#1558 = VERTEX_POINT('',#1559);
#1559 = CARTESIAN_POINT('',(26.,15.623611625134,0.));
#1560 = LINE('',#1561,#1562);
#1561 = CARTESIAN_POINT('',(26.,7.811805812567,0.));
#1562 = VECTOR('',#1563,1.);
#1563 = DIRECTION('',(0.,-1.,0.));
#1564 = ORIENTED_EDGE('',*,*,#1565,.T.);
#1565 = EDGE_CURVE('',#1558,#1566,#1568,.T.);
#1566 = VERTEX_POINT('',#1567);
#1567 = CARTESIAN_POINT('',(22.75,13.747223250267,0.));
#1568 = LINE('',#1569,#1570);
#1569 = CARTESIAN_POINT('',(11.242388858443,7.10330085996,0.));
#1570 = VECTOR('',#1571,1.);
#1571 = DIRECTION('',(-0.866025403784,-0.5,0.));
#1572 = ORIENTED_EDGE('',*,*,#1573,.T.);
#1573 = EDGE_CURVE('',#1566,#1574,#1576,.T.);
#1574 = VERTEX_POINT('',#1575);
#1575 = CARTESIAN_POINT('',(19.5,15.623611625134,0.));
#1576 = LINE('',#1577,#1578);
#1577 = CARTESIAN_POINT('',(15.570111141557,17.892534015441,0.));
#1578 = VECTOR('',#1579,1.);
#1579 = DIRECTION('',(-0.866025403784,0.5,0.));
#1580 = ORIENTED_EDGE('',*,*,#1581,.T.);
#1581 = EDGE_CURVE('',#1574,#1540,#1582,.T.);
#1582 = LINE('',#1583,#1584);
#1583 = CARTESIAN_POINT('',(19.5,9.688194187433,0.));
#1584 = VECTOR('',#1585,1.);
#1585 = DIRECTION('',(-0.,1.,0.));
#1586 = FACE_BOUND('',#1587,.F.);
#1587 = EDGE_LOOP('',(#1588,#1598,#1606,#1614,#1622,#1630));
#1588 = ORIENTED_EDGE('',*,*,#1589,.T.);
#1589 = EDGE_CURVE('',#1590,#1592,#1594,.T.);
#1590 = VERTEX_POINT('',#1591);
#1591 = CARTESIAN_POINT('',(15.5,27.376388374866,0.));
#1592 = VERTEX_POINT('',#1593);
#1593 = CARTESIAN_POINT('',(18.75,29.252776749733,0.));
#1594 = LINE('',#1595,#1596);
#1595 = CARTESIAN_POINT('',(5.385338050874,21.536685575776,0.));
#1596 = VECTOR('',#1597,1.);
#1597 = DIRECTION('',(0.866025403784,0.5,-0.));
#1598 = ORIENTED_EDGE('',*,*,#1599,.T.);
#1599 = EDGE_CURVE('',#1592,#1600,#1602,.T.);
#1600 = VERTEX_POINT('',#1601);
#1601 = CARTESIAN_POINT('',(22.,27.376388374866,0.));
#1602 = LINE('',#1603,#1604);
#1603 = CARTESIAN_POINT('',(19.677161949126,28.717479548822,0.));
#1604 = VECTOR('',#1605,1.);
#1605 = DIRECTION('',(0.866025403784,-0.5,0.));
#1606 = ORIENTED_EDGE('',*,*,#1607,.T.);
#1607 = EDGE_CURVE('',#1600,#1608,#1610,.T.);
#1608 = VERTEX_POINT('',#1609);
#1609 = CARTESIAN_POINT('',(22.,23.623611625134,0.));
#1610 = LINE('',#1611,#1612);
#1611 = CARTESIAN_POINT('',(22.,11.811805812567,0.));
#1612 = VECTOR('',#1613,1.);
#1613 = DIRECTION('',(0.,-1.,0.));
#1614 = ORIENTED_EDGE('',*,*,#1615,.T.);
#1615 = EDGE_CURVE('',#1608,#1616,#1618,.T.);
#1616 = VERTEX_POINT('',#1617);
#1617 = CARTESIAN_POINT('',(18.75,21.747223250267,0.));
#1618 = LINE('',#1619,#1620);
#1619 = CARTESIAN_POINT('',(7.010338050874,14.969326263744,0.));
#1620 = VECTOR('',#1621,1.);
#1621 = DIRECTION('',(-0.866025403784,-0.5,0.));
#1622 = ORIENTED_EDGE('',*,*,#1623,.T.);
#1623 = EDGE_CURVE('',#1616,#1624,#1626,.T.);
#1624 = VERTEX_POINT('',#1625);
#1625 = CARTESIAN_POINT('',(15.5,23.623611625134,0.));
#1626 = LINE('',#1627,#1628);
#1627 = CARTESIAN_POINT('',(14.802161949126,24.026508611657,0.));
#1628 = VECTOR('',#1629,1.);
#1629 = DIRECTION('',(-0.866025403784,0.5,0.));
#1630 = ORIENTED_EDGE('',*,*,#1631,.T.);
#1631 = EDGE_CURVE('',#1624,#1590,#1632,.T.);
#1632 = LINE('',#1633,#1634);
#1633 = CARTESIAN_POINT('',(15.5,13.688194187433,0.));
#1634 = VECTOR('',#1635,1.);
#1635 = DIRECTION('',(-0.,1.,0.));
#1636 = FACE_BOUND('',#1637,.F.);
#1637 = EDGE_LOOP('',(#1638,#1648,#1656,#1664,#1672,#1680));
#1638 = ORIENTED_EDGE('',*,*,#1639,.T.);
#1639 = EDGE_CURVE('',#1640,#1642,#1644,.T.);
#1640 = VERTEX_POINT('',#1641);
#1641 = CARTESIAN_POINT('',(28.5,19.376388374866,0.));
#1642 = VERTEX_POINT('',#1643);
#1643 = CARTESIAN_POINT('',(31.75,21.252776749733,0.));
#1644 = LINE('',#1645,#1646);
#1645 = CARTESIAN_POINT('',(15.242388858443,11.722103013477,0.));
#1646 = VECTOR('',#1647,1.);
#1647 = DIRECTION('',(0.866025403784,0.5,-0.));
#1648 = ORIENTED_EDGE('',*,*,#1649,.T.);
#1649 = EDGE_CURVE('',#1642,#1650,#1652,.T.);
#1650 = VERTEX_POINT('',#1651);
#1651 = CARTESIAN_POINT('',(35.,19.376388374866,0.));
#1652 = LINE('',#1653,#1654);
#1653 = CARTESIAN_POINT('',(26.070111141557,24.532062111122,0.));
#1654 = VECTOR('',#1655,1.);
#1655 = DIRECTION('',(0.866025403784,-0.5,0.));
#1656 = ORIENTED_EDGE('',*,*,#1657,.T.);
#1657 = EDGE_CURVE('',#1650,#1658,#1660,.T.);
#1658 = VERTEX_POINT('',#1659);
#1659 = CARTESIAN_POINT('',(35.,15.623611625134,0.));
#1660 = LINE('',#1661,#1662);
#1661 = CARTESIAN_POINT('',(35.,7.811805812567,0.));
#1662 = VECTOR('',#1663,1.);
#1663 = DIRECTION('',(0.,-1.,0.));
#1664 = ORIENTED_EDGE('',*,*,#1665,.T.);
#1665 = EDGE_CURVE('',#1658,#1666,#1668,.T.);
#1666 = VERTEX_POINT('',#1667);
#1667 = CARTESIAN_POINT('',(31.75,13.747223250267,0.));
#1668 = LINE('',#1669,#1670);
#1669 = CARTESIAN_POINT('',(16.867388858443,5.154743701445,0.));
#1670 = VECTOR('',#1671,1.);
#1671 = DIRECTION('',(-0.866025403784,-0.5,0.));
#1672 = ORIENTED_EDGE('',*,*,#1673,.T.);
#1673 = EDGE_CURVE('',#1666,#1674,#1676,.T.);
#1674 = VERTEX_POINT('',#1675);
#1675 = CARTESIAN_POINT('',(28.5,15.623611625134,0.));
#1676 = LINE('',#1677,#1678);
#1677 = CARTESIAN_POINT('',(21.195111141557,19.841091173956,0.));
#1678 = VECTOR('',#1679,1.);
#1679 = DIRECTION('',(-0.866025403784,0.5,0.));
#1680 = ORIENTED_EDGE('',*,*,#1681,.T.);
#1681 = EDGE_CURVE('',#1674,#1640,#1682,.T.);
#1682 = LINE('',#1683,#1684);
#1683 = CARTESIAN_POINT('',(28.5,9.688194187433,0.));
#1684 = VECTOR('',#1685,1.);
#1685 = DIRECTION('',(-0.,1.,0.));
#1686 = FACE_BOUND('',#1687,.F.);
#1687 = EDGE_LOOP('',(#1688,#1698,#1706,#1714,#1722,#1730));
#1688 = ORIENTED_EDGE('',*,*,#1689,.T.);
#1689 = EDGE_CURVE('',#1690,#1692,#1694,.T.);
#1690 = VERTEX_POINT('',#1691);
#1691 = CARTESIAN_POINT('',(37.5,19.376388374866,0.));
#1692 = VERTEX_POINT('',#1693);
#1693 = CARTESIAN_POINT('',(40.75,21.252776749733,0.));
#1694 = LINE('',#1695,#1696);
#1695 = CARTESIAN_POINT('',(20.867388858443,9.773545854962,0.));
#1696 = VECTOR('',#1697,1.);
#1697 = DIRECTION('',(0.866025403784,0.5,-0.));
#1698 = ORIENTED_EDGE('',*,*,#1699,.T.);
#1699 = EDGE_CURVE('',#1692,#1700,#1702,.T.);
#1700 = VERTEX_POINT('',#1701);
#1701 = CARTESIAN_POINT('',(44.,19.376388374866,0.));
#1702 = LINE('',#1703,#1704);
#1703 = CARTESIAN_POINT('',(31.695111141557,26.480619269637,0.));
#1704 = VECTOR('',#1705,1.);
#1705 = DIRECTION('',(0.866025403784,-0.5,0.));
#1706 = ORIENTED_EDGE('',*,*,#1707,.T.);
#1707 = EDGE_CURVE('',#1700,#1708,#1710,.T.);
#1708 = VERTEX_POINT('',#1709);
#1709 = CARTESIAN_POINT('',(44.,15.623611625134,0.));
#1710 = LINE('',#1711,#1712);
#1711 = CARTESIAN_POINT('',(44.,7.811805812567,0.));
#1712 = VECTOR('',#1713,1.);
#1713 = DIRECTION('',(0.,-1.,0.));
#1714 = ORIENTED_EDGE('',*,*,#1715,.T.);
#1715 = EDGE_CURVE('',#1708,#1716,#1718,.T.);
#1716 = VERTEX_POINT('',#1717);
#1717 = CARTESIAN_POINT('',(40.75,13.747223250267,0.));
#1718 = LINE('',#1719,#1720);
#1719 = CARTESIAN_POINT('',(22.492388858443,3.20618654293,0.));
#1720 = VECTOR('',#1721,1.);
#1721 = DIRECTION('',(-0.866025403784,-0.5,0.));
#1722 = ORIENTED_EDGE('',*,*,#1723,.T.);
#1723 = EDGE_CURVE('',#1716,#1724,#1726,.T.);
#1724 = VERTEX_POINT('',#1725);
#1725 = CARTESIAN_POINT('',(37.5,15.623611625134,0.));
#1726 = LINE('',#1727,#1728);
#1727 = CARTESIAN_POINT('',(26.820111141557,21.789648332471,0.));
#1728 = VECTOR('',#1729,1.);
#1729 = DIRECTION('',(-0.866025403784,0.5,0.));
#1730 = ORIENTED_EDGE('',*,*,#1731,.T.);
#1731 = EDGE_CURVE('',#1724,#1690,#1732,.T.);
#1732 = LINE('',#1733,#1734);
#1733 = CARTESIAN_POINT('',(37.5,9.688194187433,0.));
#1734 = VECTOR('',#1735,1.);
#1735 = DIRECTION('',(-0.,1.,0.));
#1736 = FACE_BOUND('',#1737,.F.);
#1737 = EDGE_LOOP('',(#1738,#1748,#1756,#1764,#1772,#1780));
#1738 = ORIENTED_EDGE('',*,*,#1739,.T.);
#1739 = EDGE_CURVE('',#1740,#1742,#1744,.T.);
#1740 = VERTEX_POINT('',#1741);
#1741 = CARTESIAN_POINT('',(24.5,27.376388374866,0.));
#1742 = VERTEX_POINT('',#1743);
#1743 = CARTESIAN_POINT('',(27.75,29.252776749733,0.));
#1744 = LINE('',#1745,#1746);
#1745 = CARTESIAN_POINT('',(11.010338050874,19.588128417261,0.));
#1746 = VECTOR('',#1747,1.);
#1747 = DIRECTION('',(0.866025403784,0.5,-0.));
#1748 = ORIENTED_EDGE('',*,*,#1749,.T.);
#1749 = EDGE_CURVE('',#1742,#1750,#1752,.T.);
#1750 = VERTEX_POINT('',#1751);
#1751 = CARTESIAN_POINT('',(31.,27.376388374866,0.));
#1752 = LINE('',#1753,#1754);
#1753 = CARTESIAN_POINT('',(25.302161949126,30.666036707337,0.));
#1754 = VECTOR('',#1755,1.);
#1755 = DIRECTION('',(0.866025403784,-0.5,0.));
#1756 = ORIENTED_EDGE('',*,*,#1757,.T.);
#1757 = EDGE_CURVE('',#1750,#1758,#1760,.T.);
#1758 = VERTEX_POINT('',#1759);
#1759 = CARTESIAN_POINT('',(31.,23.623611625134,0.));
#1760 = LINE('',#1761,#1762);
#1761 = CARTESIAN_POINT('',(31.,11.811805812567,0.));
#1762 = VECTOR('',#1763,1.);
#1763 = DIRECTION('',(0.,-1.,0.));
#1764 = ORIENTED_EDGE('',*,*,#1765,.T.);
#1765 = EDGE_CURVE('',#1758,#1766,#1768,.T.);
#1766 = VERTEX_POINT('',#1767);
#1767 = CARTESIAN_POINT('',(27.75,21.747223250267,0.));
#1768 = LINE('',#1769,#1770);
#1769 = CARTESIAN_POINT('',(12.635338050874,13.020769105229,0.));
#1770 = VECTOR('',#1771,1.);
#1771 = DIRECTION('',(-0.866025403784,-0.5,0.));
#1772 = ORIENTED_EDGE('',*,*,#1773,.T.);
#1773 = EDGE_CURVE('',#1766,#1774,#1776,.T.);
#1774 = VERTEX_POINT('',#1775);
#1775 = CARTESIAN_POINT('',(24.5,23.623611625134,0.));
#1776 = LINE('',#1777,#1778);
#1777 = CARTESIAN_POINT('',(20.427161949126,25.975065770172,0.));
#1778 = VECTOR('',#1779,1.);
#1779 = DIRECTION('',(-0.866025403784,0.5,0.));
#1780 = ORIENTED_EDGE('',*,*,#1781,.T.);
#1781 = EDGE_CURVE('',#1774,#1740,#1782,.T.);
#1782 = LINE('',#1783,#1784);
#1783 = CARTESIAN_POINT('',(24.5,13.688194187433,0.));
#1784 = VECTOR('',#1785,1.);
#1785 = DIRECTION('',(-0.,1.,0.));
#1786 = FACE_BOUND('',#1787,.F.);
#1787 = EDGE_LOOP('',(#1788,#1798,#1806,#1814,#1822,#1830));
#1788 = ORIENTED_EDGE('',*,*,#1789,.T.);
#1789 = EDGE_CURVE('',#1790,#1792,#1794,.T.);
#1790 = VERTEX_POINT('',#1791);
#1791 = CARTESIAN_POINT('',(33.5,27.376388374866,0.));
#1792 = VERTEX_POINT('',#1793);
#1793 = CARTESIAN_POINT('',(36.75,29.252776749733,0.));
#1794 = LINE('',#1795,#1796);
#1795 = CARTESIAN_POINT('',(16.635338050874,17.639571258746,0.));
#1796 = VECTOR('',#1797,1.);
#1797 = DIRECTION('',(0.866025403784,0.5,-0.));
#1798 = ORIENTED_EDGE('',*,*,#1799,.T.);
#1799 = EDGE_CURVE('',#1792,#1800,#1802,.T.);
#1800 = VERTEX_POINT('',#1801);
#1801 = CARTESIAN_POINT('',(40.,27.376388374866,0.));
#1802 = LINE('',#1803,#1804);
#1803 = CARTESIAN_POINT('',(30.927161949126,32.614593865852,0.));
#1804 = VECTOR('',#1805,1.);
#1805 = DIRECTION('',(0.866025403784,-0.5,0.));
#1806 = ORIENTED_EDGE('',*,*,#1807,.T.);
#1807 = EDGE_CURVE('',#1800,#1808,#1810,.T.);
#1808 = VERTEX_POINT('',#1809);
#1809 = CARTESIAN_POINT('',(40.,23.623611625134,0.));
#1810 = LINE('',#1811,#1812);
#1811 = CARTESIAN_POINT('',(40.,11.811805812567,0.));
#1812 = VECTOR('',#1813,1.);
#1813 = DIRECTION('',(0.,-1.,0.));
#1814 = ORIENTED_EDGE('',*,*,#1815,.T.);
#1815 = EDGE_CURVE('',#1808,#1816,#1818,.T.);
#1816 = VERTEX_POINT('',#1817);
#1817 = CARTESIAN_POINT('',(36.75,21.747223250267,0.));
#1818 = LINE('',#1819,#1820);
#1819 = CARTESIAN_POINT('',(18.260338050874,11.072211946714,0.));
#1820 = VECTOR('',#1821,1.);
#1821 = DIRECTION('',(-0.866025403784,-0.5,0.));
#1822 = ORIENTED_EDGE('',*,*,#1823,.T.);
#1823 = EDGE_CURVE('',#1816,#1824,#1826,.T.);
#1824 = VERTEX_POINT('',#1825);
#1825 = CARTESIAN_POINT('',(33.5,23.623611625134,0.));
#1826 = LINE('',#1827,#1828);
#1827 = CARTESIAN_POINT('',(26.052161949126,27.923622928687,0.));
#1828 = VECTOR('',#1829,1.);
#1829 = DIRECTION('',(-0.866025403784,0.5,0.));
#1830 = ORIENTED_EDGE('',*,*,#1831,.T.);
#1831 = EDGE_CURVE('',#1824,#1790,#1832,.T.);
#1832 = LINE('',#1833,#1834);
#1833 = CARTESIAN_POINT('',(33.5,13.688194187433,0.));
#1834 = VECTOR('',#1835,1.);
#1835 = DIRECTION('',(-0.,1.,0.));
#1836 = FACE_BOUND('',#1837,.F.);
#1837 = EDGE_LOOP('',(#1838,#1848,#1856,#1864,#1872,#1880));
#1838 = ORIENTED_EDGE('',*,*,#1839,.T.);
#1839 = EDGE_CURVE('',#1840,#1842,#1844,.T.);
#1840 = VERTEX_POINT('',#1841);
#1841 = CARTESIAN_POINT('',(42.5,27.376388374866,0.));
#1842 = VERTEX_POINT('',#1843);
#1843 = CARTESIAN_POINT('',(45.75,29.252776749733,0.));
#1844 = LINE('',#1845,#1846);
#1845 = CARTESIAN_POINT('',(22.260338050874,15.691014100231,0.));
#1846 = VECTOR('',#1847,1.);
#1847 = DIRECTION('',(0.866025403784,0.5,-0.));
#1848 = ORIENTED_EDGE('',*,*,#1849,.T.);
#1849 = EDGE_CURVE('',#1842,#1850,#1852,.T.);
#1850 = VERTEX_POINT('',#1851);
#1851 = CARTESIAN_POINT('',(49.,27.376388374866,0.));
#1852 = LINE('',#1853,#1854);
#1853 = CARTESIAN_POINT('',(36.552161949126,34.563151024367,0.));
#1854 = VECTOR('',#1855,1.);
#1855 = DIRECTION('',(0.866025403784,-0.5,0.));
#1856 = ORIENTED_EDGE('',*,*,#1857,.T.);
#1857 = EDGE_CURVE('',#1850,#1858,#1860,.T.);
#1858 = VERTEX_POINT('',#1859);
#1859 = CARTESIAN_POINT('',(49.,23.623611625134,0.));
#1860 = LINE('',#1861,#1862);
#1861 = CARTESIAN_POINT('',(49.,11.811805812567,0.));
#1862 = VECTOR('',#1863,1.);
#1863 = DIRECTION('',(0.,-1.,0.));
#1864 = ORIENTED_EDGE('',*,*,#1865,.T.);
#1865 = EDGE_CURVE('',#1858,#1866,#1868,.T.);
#1866 = VERTEX_POINT('',#1867);
#1867 = CARTESIAN_POINT('',(45.75,21.747223250267,0.));
#1868 = LINE('',#1869,#1870);
#1869 = CARTESIAN_POINT('',(23.885338050874,9.123654788199,0.));
#1870 = VECTOR('',#1871,1.);
#1871 = DIRECTION('',(-0.866025403784,-0.5,0.));
#1872 = ORIENTED_EDGE('',*,*,#1873,.T.);
#1873 = EDGE_CURVE('',#1866,#1874,#1876,.T.);
#1874 = VERTEX_POINT('',#1875);
#1875 = CARTESIAN_POINT('',(42.5,23.623611625134,0.));
#1876 = LINE('',#1877,#1878);
#1877 = CARTESIAN_POINT('',(31.677161949126,29.872180087202,0.));
#1878 = VECTOR('',#1879,1.);
#1879 = DIRECTION('',(-0.866025403784,0.5,0.));
#1880 = ORIENTED_EDGE('',*,*,#1881,.T.);
#1881 = EDGE_CURVE('',#1874,#1840,#1882,.T.);
#1882 = LINE('',#1883,#1884);
#1883 = CARTESIAN_POINT('',(42.5,13.688194187433,0.));
#1884 = VECTOR('',#1885,1.);
#1885 = DIRECTION('',(-0.,1.,0.));
#1886 = FACE_BOUND('',#1887,.F.);
#1887 = EDGE_LOOP('',(#1888,#1898,#1906,#1914,#1922,#1930));
#1888 = ORIENTED_EDGE('',*,*,#1889,.T.);
#1889 = EDGE_CURVE('',#1890,#1892,#1894,.T.);
#1890 = VERTEX_POINT('',#1891);
#1891 = CARTESIAN_POINT('',(19.5,35.376388374866,0.));
#1892 = VERTEX_POINT('',#1893);
#1893 = CARTESIAN_POINT('',(22.75,37.252776749733,0.));
#1894 = LINE('',#1895,#1896);
#1895 = CARTESIAN_POINT('',(6.153287243305,27.670660171992,0.));
#1896 = VECTOR('',#1897,1.);
#1897 = DIRECTION('',(0.866025403784,0.5,-0.));
#1898 = ORIENTED_EDGE('',*,*,#1899,.T.);
#1899 = EDGE_CURVE('',#1892,#1900,#1902,.T.);
#1900 = VERTEX_POINT('',#1901);
#1901 = CARTESIAN_POINT('',(26.,35.376388374866,0.));
#1902 = LINE('',#1903,#1904);
#1903 = CARTESIAN_POINT('',(23.909212756695,36.583504952607,0.));
#1904 = VECTOR('',#1905,1.);
#1905 = DIRECTION('',(0.866025403784,-0.5,0.));
#1906 = ORIENTED_EDGE('',*,*,#1907,.T.);
#1907 = EDGE_CURVE('',#1900,#1908,#1910,.T.);
#1908 = VERTEX_POINT('',#1909);
#1909 = CARTESIAN_POINT('',(26.,31.623611625134,0.));
#1910 = LINE('',#1911,#1912);
#1911 = CARTESIAN_POINT('',(26.,15.811805812567,0.));
#1912 = VECTOR('',#1913,1.);
#1913 = DIRECTION('',(0.,-1.,0.));
#1914 = ORIENTED_EDGE('',*,*,#1915,.T.);
#1915 = EDGE_CURVE('',#1908,#1916,#1918,.T.);
#1916 = VERTEX_POINT('',#1917);
#1917 = CARTESIAN_POINT('',(22.75,29.747223250267,0.));
#1918 = LINE('',#1919,#1920);
#1919 = CARTESIAN_POINT('',(7.778287243305,21.10330085996,0.));
#1920 = VECTOR('',#1921,1.);
#1921 = DIRECTION('',(-0.866025403784,-0.5,0.));
#1922 = ORIENTED_EDGE('',*,*,#1923,.T.);
#1923 = EDGE_CURVE('',#1916,#1924,#1926,.T.);
#1924 = VERTEX_POINT('',#1925);
#1925 = CARTESIAN_POINT('',(19.5,31.623611625134,0.));
#1926 = LINE('',#1927,#1928);
#1927 = CARTESIAN_POINT('',(19.034212756695,31.892534015441,0.));
#1928 = VECTOR('',#1929,1.);
#1929 = DIRECTION('',(-0.866025403784,0.5,0.));
#1930 = ORIENTED_EDGE('',*,*,#1931,.T.);
#1931 = EDGE_CURVE('',#1924,#1890,#1932,.T.);
#1932 = LINE('',#1933,#1934);
#1933 = CARTESIAN_POINT('',(19.5,17.688194187433,0.));
#1934 = VECTOR('',#1935,1.);
#1935 = DIRECTION('',(-0.,1.,0.));
#1936 = FACE_BOUND('',#1937,.F.);
#1937 = EDGE_LOOP('',(#1938,#1948,#1956,#1964,#1972,#1980));
#1938 = ORIENTED_EDGE('',*,*,#1939,.T.);
#1939 = EDGE_CURVE('',#1940,#1942,#1944,.T.);
#1940 = VERTEX_POINT('',#1941);
#1941 = CARTESIAN_POINT('',(15.5,43.376388374866,0.));
#1942 = VERTEX_POINT('',#1943);
#1943 = CARTESIAN_POINT('',(18.75,45.252776749733,0.));
#1944 = LINE('',#1945,#1946);
#1945 = CARTESIAN_POINT('',(1.921236435736,35.536685575776,0.));
#1946 = VECTOR('',#1947,1.);
#1947 = DIRECTION('',(0.866025403784,0.5,-0.));
#1948 = ORIENTED_EDGE('',*,*,#1949,.T.);
#1949 = EDGE_CURVE('',#1942,#1950,#1952,.T.);
#1950 = VERTEX_POINT('',#1951);
#1951 = CARTESIAN_POINT('',(22.,43.376388374866,0.));
#1952 = LINE('',#1953,#1954);
#1953 = CARTESIAN_POINT('',(23.141263564264,42.717479548822,0.));
#1954 = VECTOR('',#1955,1.);
#1955 = DIRECTION('',(0.866025403784,-0.5,0.));
#1956 = ORIENTED_EDGE('',*,*,#1957,.T.);
#1957 = EDGE_CURVE('',#1950,#1958,#1960,.T.);
#1958 = VERTEX_POINT('',#1959);
#1959 = CARTESIAN_POINT('',(22.,39.623611625134,0.));
#1960 = LINE('',#1961,#1962);
#1961 = CARTESIAN_POINT('',(22.,19.811805812567,0.));
#1962 = VECTOR('',#1963,1.);
#1963 = DIRECTION('',(0.,-1.,0.));
#1964 = ORIENTED_EDGE('',*,*,#1965,.T.);
#1965 = EDGE_CURVE('',#1958,#1966,#1968,.T.);
#1966 = VERTEX_POINT('',#1967);
#1967 = CARTESIAN_POINT('',(18.75,37.747223250267,0.));
#1968 = LINE('',#1969,#1970);
#1969 = CARTESIAN_POINT('',(3.546236435736,28.969326263744,0.));
#1970 = VECTOR('',#1971,1.);
#1971 = DIRECTION('',(-0.866025403784,-0.5,0.));
#1972 = ORIENTED_EDGE('',*,*,#1973,.T.);
#1973 = EDGE_CURVE('',#1966,#1974,#1976,.T.);
#1974 = VERTEX_POINT('',#1975);
#1975 = CARTESIAN_POINT('',(15.5,39.623611625134,0.));
#1976 = LINE('',#1977,#1978);
#1977 = CARTESIAN_POINT('',(18.266263564264,38.026508611657,0.));
#1978 = VECTOR('',#1979,1.);
#1979 = DIRECTION('',(-0.866025403784,0.5,0.));
#1980 = ORIENTED_EDGE('',*,*,#1981,.T.);
#1981 = EDGE_CURVE('',#1974,#1940,#1982,.T.);
#1982 = LINE('',#1983,#1984);
#1983 = CARTESIAN_POINT('',(15.5,21.688194187433,0.));
#1984 = VECTOR('',#1985,1.);
#1985 = DIRECTION('',(-0.,1.,0.));
#1986 = FACE_BOUND('',#1987,.F.);
#1987 = EDGE_LOOP('',(#1988,#1998,#2006,#2014,#2022,#2030));
#1988 = ORIENTED_EDGE('',*,*,#1989,.T.);
#1989 = EDGE_CURVE('',#1990,#1992,#1994,.T.);
#1990 = VERTEX_POINT('',#1991);
#1991 = CARTESIAN_POINT('',(28.5,35.376388374866,0.));
#1992 = VERTEX_POINT('',#1993);
#1993 = CARTESIAN_POINT('',(31.75,37.252776749733,0.));
#1994 = LINE('',#1995,#1996);
#1995 = CARTESIAN_POINT('',(11.778287243305,25.722103013477,0.));
#1996 = VECTOR('',#1997,1.);
#1997 = DIRECTION('',(0.866025403784,0.5,-0.));
#1998 = ORIENTED_EDGE('',*,*,#1999,.T.);
#1999 = EDGE_CURVE('',#1992,#2000,#2002,.T.);
#2000 = VERTEX_POINT('',#2001);
#2001 = CARTESIAN_POINT('',(35.,35.376388374866,0.));
#2002 = LINE('',#2003,#2004);
#2003 = CARTESIAN_POINT('',(29.534212756695,38.532062111122,0.));
#2004 = VECTOR('',#2005,1.);
#2005 = DIRECTION('',(0.866025403784,-0.5,0.));
#2006 = ORIENTED_EDGE('',*,*,#2007,.T.);
#2007 = EDGE_CURVE('',#2000,#2008,#2010,.T.);
#2008 = VERTEX_POINT('',#2009);
#2009 = CARTESIAN_POINT('',(35.,31.623611625134,0.));
#2010 = LINE('',#2011,#2012);
#2011 = CARTESIAN_POINT('',(35.,15.811805812567,0.));
#2012 = VECTOR('',#2013,1.);
#2013 = DIRECTION('',(0.,-1.,0.));
#2014 = ORIENTED_EDGE('',*,*,#2015,.T.);
#2015 = EDGE_CURVE('',#2008,#2016,#2018,.T.);
#2016 = VERTEX_POINT('',#2017);
#2017 = CARTESIAN_POINT('',(31.75,29.747223250267,0.));
#2018 = LINE('',#2019,#2020);
#2019 = CARTESIAN_POINT('',(13.403287243305,19.154743701445,0.));
#2020 = VECTOR('',#2021,1.);
#2021 = DIRECTION('',(-0.866025403784,-0.5,0.));
#2022 = ORIENTED_EDGE('',*,*,#2023,.T.);
#2023 = EDGE_CURVE('',#2016,#2024,#2026,.T.);
#2024 = VERTEX_POINT('',#2025);
#2025 = CARTESIAN_POINT('',(28.5,31.623611625134,0.));
#2026 = LINE('',#2027,#2028);
#2027 = CARTESIAN_POINT('',(24.659212756695,33.841091173956,0.));
#2028 = VECTOR('',#2029,1.);
#2029 = DIRECTION('',(-0.866025403784,0.5,0.));
#2030 = ORIENTED_EDGE('',*,*,#2031,.T.);
#2031 = EDGE_CURVE('',#2024,#1990,#2032,.T.);
#2032 = LINE('',#2033,#2034);
#2033 = CARTESIAN_POINT('',(28.5,17.688194187433,0.));
#2034 = VECTOR('',#2035,1.);
#2035 = DIRECTION('',(-0.,1.,0.));
#2036 = FACE_BOUND('',#2037,.F.);
#2037 = EDGE_LOOP('',(#2038,#2048,#2056,#2064,#2072,#2080));
#2038 = ORIENTED_EDGE('',*,*,#2039,.T.);
#2039 = EDGE_CURVE('',#2040,#2042,#2044,.T.);
#2040 = VERTEX_POINT('',#2041);
#2041 = CARTESIAN_POINT('',(37.5,35.376388374866,0.));
#2042 = VERTEX_POINT('',#2043);
#2043 = CARTESIAN_POINT('',(40.75,37.252776749733,0.));
#2044 = LINE('',#2045,#2046);
#2045 = CARTESIAN_POINT('',(17.403287243305,23.773545854962,0.));
#2046 = VECTOR('',#2047,1.);
#2047 = DIRECTION('',(0.866025403784,0.5,-0.));
#2048 = ORIENTED_EDGE('',*,*,#2049,.T.);
#2049 = EDGE_CURVE('',#2042,#2050,#2052,.T.);
#2050 = VERTEX_POINT('',#2051);
#2051 = CARTESIAN_POINT('',(44.,35.376388374866,0.));
#2052 = LINE('',#2053,#2054);
#2053 = CARTESIAN_POINT('',(35.159212756695,40.480619269637,0.));
#2054 = VECTOR('',#2055,1.);
#2055 = DIRECTION('',(0.866025403784,-0.5,0.));
#2056 = ORIENTED_EDGE('',*,*,#2057,.T.);
#2057 = EDGE_CURVE('',#2050,#2058,#2060,.T.);
#2058 = VERTEX_POINT('',#2059);
#2059 = CARTESIAN_POINT('',(44.,31.623611625134,0.));
#2060 = LINE('',#2061,#2062);
#2061 = CARTESIAN_POINT('',(44.,15.811805812567,0.));
#2062 = VECTOR('',#2063,1.);
#2063 = DIRECTION('',(0.,-1.,0.));
#2064 = ORIENTED_EDGE('',*,*,#2065,.T.);
#2065 = EDGE_CURVE('',#2058,#2066,#2068,.T.);
#2066 = VERTEX_POINT('',#2067);
#2067 = CARTESIAN_POINT('',(40.75,29.747223250267,0.));
#2068 = LINE('',#2069,#2070);
#2069 = CARTESIAN_POINT('',(19.028287243305,17.20618654293,0.));
#2070 = VECTOR('',#2071,1.);
#2071 = DIRECTION('',(-0.866025403784,-0.5,0.));
#2072 = ORIENTED_EDGE('',*,*,#2073,.T.);
#2073 = EDGE_CURVE('',#2066,#2074,#2076,.T.);
#2074 = VERTEX_POINT('',#2075);
#2075 = CARTESIAN_POINT('',(37.5,31.623611625134,0.));
#2076 = LINE('',#2077,#2078);
#2077 = CARTESIAN_POINT('',(30.284212756695,35.789648332471,0.));
#2078 = VECTOR('',#2079,1.);
#2079 = DIRECTION('',(-0.866025403784,0.5,0.));
#2080 = ORIENTED_EDGE('',*,*,#2081,.T.);
#2081 = EDGE_CURVE('',#2074,#2040,#2082,.T.);
#2082 = LINE('',#2083,#2084);
#2083 = CARTESIAN_POINT('',(37.5,17.688194187433,0.));
#2084 = VECTOR('',#2085,1.);
#2085 = DIRECTION('',(-0.,1.,0.));
#2086 = FACE_BOUND('',#2087,.F.);
#2087 = EDGE_LOOP('',(#2088,#2098,#2106,#2114,#2122,#2130));
#2088 = ORIENTED_EDGE('',*,*,#2089,.T.);
#2089 = EDGE_CURVE('',#2090,#2092,#2094,.T.);
#2090 = VERTEX_POINT('',#2091);
#2091 = CARTESIAN_POINT('',(24.5,43.376388374866,0.));
#2092 = VERTEX_POINT('',#2093);
#2093 = CARTESIAN_POINT('',(27.75,45.252776749733,0.));
#2094 = LINE('',#2095,#2096);
#2095 = CARTESIAN_POINT('',(7.546236435736,33.588128417261,0.));
#2096 = VECTOR('',#2097,1.);
#2097 = DIRECTION('',(0.866025403784,0.5,-0.));
#2098 = ORIENTED_EDGE('',*,*,#2099,.T.);
#2099 = EDGE_CURVE('',#2092,#2100,#2102,.T.);
#2100 = VERTEX_POINT('',#2101);
#2101 = CARTESIAN_POINT('',(31.,43.376388374866,0.));
#2102 = LINE('',#2103,#2104);
#2103 = CARTESIAN_POINT('',(28.766263564264,44.666036707337,0.));
#2104 = VECTOR('',#2105,1.);
#2105 = DIRECTION('',(0.866025403784,-0.5,0.));
#2106 = ORIENTED_EDGE('',*,*,#2107,.T.);
#2107 = EDGE_CURVE('',#2100,#2108,#2110,.T.);
#2108 = VERTEX_POINT('',#2109);
#2109 = CARTESIAN_POINT('',(31.,39.623611625134,0.));
#2110 = LINE('',#2111,#2112);
#2111 = CARTESIAN_POINT('',(31.,19.811805812567,0.));
#2112 = VECTOR('',#2113,1.);
#2113 = DIRECTION('',(0.,-1.,0.));
#2114 = ORIENTED_EDGE('',*,*,#2115,.T.);
#2115 = EDGE_CURVE('',#2108,#2116,#2118,.T.);
#2116 = VERTEX_POINT('',#2117);
#2117 = CARTESIAN_POINT('',(27.75,37.747223250267,0.));
#2118 = LINE('',#2119,#2120);
#2119 = CARTESIAN_POINT('',(9.171236435736,27.020769105229,0.));
#2120 = VECTOR('',#2121,1.);
#2121 = DIRECTION('',(-0.866025403784,-0.5,0.));
#2122 = ORIENTED_EDGE('',*,*,#2123,.T.);
#2123 = EDGE_CURVE('',#2116,#2124,#2126,.T.);
#2124 = VERTEX_POINT('',#2125);
#2125 = CARTESIAN_POINT('',(24.5,39.623611625134,0.));
#2126 = LINE('',#2127,#2128);
#2127 = CARTESIAN_POINT('',(23.891263564264,39.975065770172,0.));
#2128 = VECTOR('',#2129,1.);
#2129 = DIRECTION('',(-0.866025403784,0.5,0.));
#2130 = ORIENTED_EDGE('',*,*,#2131,.T.);
#2131 = EDGE_CURVE('',#2124,#2090,#2132,.T.);
#2132 = LINE('',#2133,#2134);
#2133 = CARTESIAN_POINT('',(24.5,21.688194187433,0.));
#2134 = VECTOR('',#2135,1.);
#2135 = DIRECTION('',(-0.,1.,0.));
#2136 = FACE_BOUND('',#2137,.F.);
#2137 = EDGE_LOOP('',(#2138,#2148,#2156,#2164,#2172,#2180));
#2138 = ORIENTED_EDGE('',*,*,#2139,.T.);
#2139 = EDGE_CURVE('',#2140,#2142,#2144,.T.);
#2140 = VERTEX_POINT('',#2141);
#2141 = CARTESIAN_POINT('',(33.5,43.376388374866,0.));
#2142 = VERTEX_POINT('',#2143);
#2143 = CARTESIAN_POINT('',(36.75,45.252776749733,0.));
#2144 = LINE('',#2145,#2146);
#2145 = CARTESIAN_POINT('',(13.171236435736,31.639571258746,0.));
#2146 = VECTOR('',#2147,1.);
#2147 = DIRECTION('',(0.866025403784,0.5,-0.));
#2148 = ORIENTED_EDGE('',*,*,#2149,.T.);
#2149 = EDGE_CURVE('',#2142,#2150,#2152,.T.);
#2150 = VERTEX_POINT('',#2151);
#2151 = CARTESIAN_POINT('',(40.,43.376388374866,0.));
#2152 = LINE('',#2153,#2154);
#2153 = CARTESIAN_POINT('',(34.391263564264,46.614593865852,0.));
#2154 = VECTOR('',#2155,1.);
#2155 = DIRECTION('',(0.866025403784,-0.5,0.));
#2156 = ORIENTED_EDGE('',*,*,#2157,.T.);
#2157 = EDGE_CURVE('',#2150,#2158,#2160,.T.);
#2158 = VERTEX_POINT('',#2159);
#2159 = CARTESIAN_POINT('',(40.,39.623611625134,0.));
#2160 = LINE('',#2161,#2162);
#2161 = CARTESIAN_POINT('',(40.,19.811805812567,0.));
#2162 = VECTOR('',#2163,1.);
#2163 = DIRECTION('',(0.,-1.,0.));
#2164 = ORIENTED_EDGE('',*,*,#2165,.T.);
#2165 = EDGE_CURVE('',#2158,#2166,#2168,.T.);
#2166 = VERTEX_POINT('',#2167);
#2167 = CARTESIAN_POINT('',(36.75,37.747223250267,0.));
#2168 = LINE('',#2169,#2170);
#2169 = CARTESIAN_POINT('',(14.796236435736,25.072211946714,0.));
#2170 = VECTOR('',#2171,1.);
#2171 = DIRECTION('',(-0.866025403784,-0.5,0.));
#2172 = ORIENTED_EDGE('',*,*,#2173,.T.);
#2173 = EDGE_CURVE('',#2166,#2174,#2176,.T.);
#2174 = VERTEX_POINT('',#2175);
#2175 = CARTESIAN_POINT('',(33.5,39.623611625134,0.));
#2176 = LINE('',#2177,#2178);
#2177 = CARTESIAN_POINT('',(29.516263564264,41.923622928687,0.));
#2178 = VECTOR('',#2179,1.);
#2179 = DIRECTION('',(-0.866025403784,0.5,0.));
#2180 = ORIENTED_EDGE('',*,*,#2181,.T.);
#2181 = EDGE_CURVE('',#2174,#2140,#2182,.T.);
#2182 = LINE('',#2183,#2184);
#2183 = CARTESIAN_POINT('',(33.5,21.688194187433,0.));
#2184 = VECTOR('',#2185,1.);
#2185 = DIRECTION('',(-0.,1.,0.));
#2186 = FACE_BOUND('',#2187,.F.);
#2187 = EDGE_LOOP('',(#2188,#2198,#2206,#2214,#2222,#2230));
#2188 = ORIENTED_EDGE('',*,*,#2189,.T.);
#2189 = EDGE_CURVE('',#2190,#2192,#2194,.T.);
#2190 = VERTEX_POINT('',#2191);
#2191 = CARTESIAN_POINT('',(42.5,43.376388374866,0.));
#2192 = VERTEX_POINT('',#2193);
#2193 = CARTESIAN_POINT('',(45.75,45.252776749733,0.));
#2194 = LINE('',#2195,#2196);
#2195 = CARTESIAN_POINT('',(18.796236435736,29.691014100231,0.));
#2196 = VECTOR('',#2197,1.);
#2197 = DIRECTION('',(0.866025403784,0.5,-0.));
#2198 = ORIENTED_EDGE('',*,*,#2199,.T.);
#2199 = EDGE_CURVE('',#2192,#2200,#2202,.T.);
#2200 = VERTEX_POINT('',#2201);
#2201 = CARTESIAN_POINT('',(49.,43.376388374866,0.));
#2202 = LINE('',#2203,#2204);
#2203 = CARTESIAN_POINT('',(40.016263564264,48.563151024367,0.));
#2204 = VECTOR('',#2205,1.);
#2205 = DIRECTION('',(0.866025403784,-0.5,0.));
#2206 = ORIENTED_EDGE('',*,*,#2207,.T.);
#2207 = EDGE_CURVE('',#2200,#2208,#2210,.T.);
#2208 = VERTEX_POINT('',#2209);
#2209 = CARTESIAN_POINT('',(49.,39.623611625134,0.));
#2210 = LINE('',#2211,#2212);
#2211 = CARTESIAN_POINT('',(49.,19.811805812567,0.));
#2212 = VECTOR('',#2213,1.);
#2213 = DIRECTION('',(0.,-1.,0.));
#2214 = ORIENTED_EDGE('',*,*,#2215,.T.);
#2215 = EDGE_CURVE('',#2208,#2216,#2218,.T.);
#2216 = VERTEX_POINT('',#2217);
#2217 = CARTESIAN_POINT('',(45.75,37.747223250267,0.));
#2218 = LINE('',#2219,#2220);
#2219 = CARTESIAN_POINT('',(20.421236435736,23.1236547882,0.));
#2220 = VECTOR('',#2221,1.);
#2221 = DIRECTION('',(-0.866025403784,-0.5,0.));
#2222 = ORIENTED_EDGE('',*,*,#2223,.T.);
#2223 = EDGE_CURVE('',#2216,#2224,#2226,.T.);
#2224 = VERTEX_POINT('',#2225);
#2225 = CARTESIAN_POINT('',(42.5,39.623611625134,0.));
#2226 = LINE('',#2227,#2228);
#2227 = CARTESIAN_POINT('',(35.141263564264,43.872180087202,0.));
#2228 = VECTOR('',#2229,1.);
#2229 = DIRECTION('',(-0.866025403784,0.5,0.));
#2230 = ORIENTED_EDGE('',*,*,#2231,.T.);
#2231 = EDGE_CURVE('',#2224,#2190,#2232,.T.);
#2232 = LINE('',#2233,#2234);
#2233 = CARTESIAN_POINT('',(42.5,21.688194187433,0.));
#2234 = VECTOR('',#2235,1.);
#2235 = DIRECTION('',(-0.,1.,0.));
#2236 = FACE_BOUND('',#2237,.F.);
#2237 = EDGE_LOOP('',(#2238,#2248,#2256,#2264,#2272,#2280));
#2238 = ORIENTED_EDGE('',*,*,#2239,.T.);
#2239 = EDGE_CURVE('',#2240,#2242,#2244,.T.);
#2240 = VERTEX_POINT('',#2241);
#2241 = CARTESIAN_POINT('',(46.5,19.376388374866,0.));
#2242 = VERTEX_POINT('',#2243);
#2243 = CARTESIAN_POINT('',(49.75,21.252776749733,0.));
#2244 = LINE('',#2245,#2246);
#2245 = CARTESIAN_POINT('',(26.492388858443,7.824988696447,0.));
#2246 = VECTOR('',#2247,1.);
#2247 = DIRECTION('',(0.866025403784,0.5,-0.));
#2248 = ORIENTED_EDGE('',*,*,#2249,.T.);
#2249 = EDGE_CURVE('',#2242,#2250,#2252,.T.);
#2250 = VERTEX_POINT('',#2251);
#2251 = CARTESIAN_POINT('',(53.,19.376388374866,0.));
#2252 = LINE('',#2253,#2254);
#2253 = CARTESIAN_POINT('',(37.320111141557,28.429176428152,0.));
#2254 = VECTOR('',#2255,1.);
#2255 = DIRECTION('',(0.866025403784,-0.5,0.));
#2256 = ORIENTED_EDGE('',*,*,#2257,.T.);
#2257 = EDGE_CURVE('',#2250,#2258,#2260,.T.);
#2258 = VERTEX_POINT('',#2259);
#2259 = CARTESIAN_POINT('',(53.,15.623611625134,0.));
#2260 = LINE('',#2261,#2262);
#2261 = CARTESIAN_POINT('',(53.,7.811805812567,0.));
#2262 = VECTOR('',#2263,1.);
#2263 = DIRECTION('',(0.,-1.,0.));
#2264 = ORIENTED_EDGE('',*,*,#2265,.T.);
#2265 = EDGE_CURVE('',#2258,#2266,#2268,.T.);
#2266 = VERTEX_POINT('',#2267);
#2267 = CARTESIAN_POINT('',(49.75,13.747223250267,0.));
#2268 = LINE('',#2269,#2270);
#2269 = CARTESIAN_POINT('',(28.117388858443,1.257629384415,0.));
#2270 = VECTOR('',#2271,1.);
#2271 = DIRECTION('',(-0.866025403784,-0.5,0.));
#2272 = ORIENTED_EDGE('',*,*,#2273,.T.);
#2273 = EDGE_CURVE('',#2266,#2274,#2276,.T.);
#2274 = VERTEX_POINT('',#2275);
#2275 = CARTESIAN_POINT('',(46.5,15.623611625134,0.));
#2276 = LINE('',#2277,#2278);
#2277 = CARTESIAN_POINT('',(32.445111141557,23.738205490986,0.));
#2278 = VECTOR('',#2279,1.);
#2279 = DIRECTION('',(-0.866025403784,0.5,0.));
#2280 = ORIENTED_EDGE('',*,*,#2281,.T.);
#2281 = EDGE_CURVE('',#2274,#2240,#2282,.T.);
#2282 = LINE('',#2283,#2284);
#2283 = CARTESIAN_POINT('',(46.5,9.688194187433,0.));
#2284 = VECTOR('',#2285,1.);
#2285 = DIRECTION('',(-0.,1.,0.));
#2286 = FACE_BOUND('',#2287,.F.);
#2287 = EDGE_LOOP('',(#2288,#2298,#2306,#2314,#2322,#2330));
#2288 = ORIENTED_EDGE('',*,*,#2289,.T.);
#2289 = EDGE_CURVE('',#2290,#2292,#2294,.T.);
#2290 = VERTEX_POINT('',#2291);
#2291 = CARTESIAN_POINT('',(55.5,19.376388374866,0.));
#2292 = VERTEX_POINT('',#2293);
#2293 = CARTESIAN_POINT('',(58.75,21.252776749733,0.));
#2294 = LINE('',#2295,#2296);
#2295 = CARTESIAN_POINT('',(32.117388858443,5.876431537932,0.));
#2296 = VECTOR('',#2297,1.);
#2297 = DIRECTION('',(0.866025403784,0.5,-0.));
#2298 = ORIENTED_EDGE('',*,*,#2299,.T.);
#2299 = EDGE_CURVE('',#2292,#2300,#2302,.T.);
#2300 = VERTEX_POINT('',#2301);
#2301 = CARTESIAN_POINT('',(62.,19.376388374866,0.));
#2302 = LINE('',#2303,#2304);
#2303 = CARTESIAN_POINT('',(42.945111141557,30.377733586667,0.));
#2304 = VECTOR('',#2305,1.);
#2305 = DIRECTION('',(0.866025403784,-0.5,0.));
#2306 = ORIENTED_EDGE('',*,*,#2307,.T.);
#2307 = EDGE_CURVE('',#2300,#2308,#2310,.T.);
#2308 = VERTEX_POINT('',#2309);
#2309 = CARTESIAN_POINT('',(62.,15.623611625134,0.));
#2310 = LINE('',#2311,#2312);
#2311 = CARTESIAN_POINT('',(62.,7.811805812567,0.));
#2312 = VECTOR('',#2313,1.);
#2313 = DIRECTION('',(0.,-1.,0.));
#2314 = ORIENTED_EDGE('',*,*,#2315,.T.);
#2315 = EDGE_CURVE('',#2308,#2316,#2318,.T.);
#2316 = VERTEX_POINT('',#2317);
#2317 = CARTESIAN_POINT('',(58.75,13.747223250267,0.));
#2318 = LINE('',#2319,#2320);
#2319 = CARTESIAN_POINT('',(33.742388858443,-0.6909277741,0.));
#2320 = VECTOR('',#2321,1.);
#2321 = DIRECTION('',(-0.866025403784,-0.5,0.));
#2322 = ORIENTED_EDGE('',*,*,#2323,.T.);
#2323 = EDGE_CURVE('',#2316,#2324,#2326,.T.);
#2324 = VERTEX_POINT('',#2325);
#2325 = CARTESIAN_POINT('',(55.5,15.623611625134,0.));
#2326 = LINE('',#2327,#2328);
#2327 = CARTESIAN_POINT('',(38.070111141557,25.686762649501,0.));
#2328 = VECTOR('',#2329,1.);
#2329 = DIRECTION('',(-0.866025403784,0.5,0.));
#2330 = ORIENTED_EDGE('',*,*,#2331,.T.);
#2331 = EDGE_CURVE('',#2324,#2290,#2332,.T.);
#2332 = LINE('',#2333,#2334);
#2333 = CARTESIAN_POINT('',(55.5,9.688194187433,0.));
#2334 = VECTOR('',#2335,1.);
#2335 = DIRECTION('',(-0.,1.,0.));
#2336 = FACE_BOUND('',#2337,.F.);
#2337 = EDGE_LOOP('',(#2338,#2348,#2356,#2364,#2372,#2380));
#2338 = ORIENTED_EDGE('',*,*,#2339,.T.);
#2339 = EDGE_CURVE('',#2340,#2342,#2344,.T.);
#2340 = VERTEX_POINT('',#2341);
#2341 = CARTESIAN_POINT('',(64.5,19.376388374866,0.));
#2342 = VERTEX_POINT('',#2343);
#2343 = CARTESIAN_POINT('',(67.75,21.252776749733,0.));
#2344 = LINE('',#2345,#2346);
#2345 = CARTESIAN_POINT('',(37.742388858443,3.927874379417,0.));
#2346 = VECTOR('',#2347,1.);
#2347 = DIRECTION('',(0.866025403784,0.5,-0.));
#2348 = ORIENTED_EDGE('',*,*,#2349,.T.);
#2349 = EDGE_CURVE('',#2342,#2350,#2352,.T.);
#2350 = VERTEX_POINT('',#2351);
#2351 = CARTESIAN_POINT('',(71.,19.376388374866,0.));
#2352 = LINE('',#2353,#2354);
#2353 = CARTESIAN_POINT('',(48.570111141557,32.326290745182,0.));
#2354 = VECTOR('',#2355,1.);
#2355 = DIRECTION('',(0.866025403784,-0.5,0.));
#2356 = ORIENTED_EDGE('',*,*,#2357,.T.);
#2357 = EDGE_CURVE('',#2350,#2358,#2360,.T.);
#2358 = VERTEX_POINT('',#2359);
#2359 = CARTESIAN_POINT('',(71.,15.623611625134,0.));
#2360 = LINE('',#2361,#2362);
#2361 = CARTESIAN_POINT('',(71.,7.811805812567,0.));
#2362 = VECTOR('',#2363,1.);
#2363 = DIRECTION('',(0.,-1.,0.));
#2364 = ORIENTED_EDGE('',*,*,#2365,.T.);
#2365 = EDGE_CURVE('',#2358,#2366,#2368,.T.);
#2366 = VERTEX_POINT('',#2367);
#2367 = CARTESIAN_POINT('',(67.75,13.747223250267,0.));
#2368 = LINE('',#2369,#2370);
#2369 = CARTESIAN_POINT('',(39.367388858443,-2.639484932615,0.));
#2370 = VECTOR('',#2371,1.);
#2371 = DIRECTION('',(-0.866025403784,-0.5,0.));
#2372 = ORIENTED_EDGE('',*,*,#2373,.T.);
#2373 = EDGE_CURVE('',#2366,#2374,#2376,.T.);
#2374 = VERTEX_POINT('',#2375);
#2375 = CARTESIAN_POINT('',(64.5,15.623611625134,0.));
#2376 = LINE('',#2377,#2378);
#2377 = CARTESIAN_POINT('',(43.695111141557,27.635319808016,0.));
#2378 = VECTOR('',#2379,1.);
#2379 = DIRECTION('',(-0.866025403784,0.5,0.));
#2380 = ORIENTED_EDGE('',*,*,#2381,.T.);
#2381 = EDGE_CURVE('',#2374,#2340,#2382,.T.);
#2382 = LINE('',#2383,#2384);
#2383 = CARTESIAN_POINT('',(64.5,9.688194187433,0.));
#2384 = VECTOR('',#2385,1.);
#2385 = DIRECTION('',(-0.,1.,0.));
#2386 = FACE_BOUND('',#2387,.F.);
#2387 = EDGE_LOOP('',(#2388,#2398,#2406,#2414,#2422,#2430));
#2388 = ORIENTED_EDGE('',*,*,#2389,.T.);
#2389 = EDGE_CURVE('',#2390,#2392,#2394,.T.);
#2390 = VERTEX_POINT('',#2391);
#2391 = CARTESIAN_POINT('',(51.5,27.376388374866,0.));
#2392 = VERTEX_POINT('',#2393);
#2393 = CARTESIAN_POINT('',(54.75,29.252776749733,0.));
#2394 = LINE('',#2395,#2396);
#2395 = CARTESIAN_POINT('',(27.885338050874,13.742456941716,0.));
#2396 = VECTOR('',#2397,1.);
#2397 = DIRECTION('',(0.866025403784,0.5,-0.));
#2398 = ORIENTED_EDGE('',*,*,#2399,.T.);
#2399 = EDGE_CURVE('',#2392,#2400,#2402,.T.);
#2400 = VERTEX_POINT('',#2401);
#2401 = CARTESIAN_POINT('',(58.,27.376388374866,0.));
#2402 = LINE('',#2403,#2404);
#2403 = CARTESIAN_POINT('',(42.177161949126,36.511708182882,0.));
#2404 = VECTOR('',#2405,1.);
#2405 = DIRECTION('',(0.866025403784,-0.5,0.));
#2406 = ORIENTED_EDGE('',*,*,#2407,.T.);
#2407 = EDGE_CURVE('',#2400,#2408,#2410,.T.);
#2408 = VERTEX_POINT('',#2409);
#2409 = CARTESIAN_POINT('',(58.,23.623611625134,0.));
#2410 = LINE('',#2411,#2412);
#2411 = CARTESIAN_POINT('',(58.,11.811805812567,0.));
#2412 = VECTOR('',#2413,1.);
#2413 = DIRECTION('',(0.,-1.,0.));
#2414 = ORIENTED_EDGE('',*,*,#2415,.T.);
#2415 = EDGE_CURVE('',#2408,#2416,#2418,.T.);
#2416 = VERTEX_POINT('',#2417);
#2417 = CARTESIAN_POINT('',(54.75,21.747223250267,0.));
#2418 = LINE('',#2419,#2420);
#2419 = CARTESIAN_POINT('',(29.510338050874,7.175097629684,0.));
#2420 = VECTOR('',#2421,1.);
#2421 = DIRECTION('',(-0.866025403784,-0.5,0.));
#2422 = ORIENTED_EDGE('',*,*,#2423,.T.);
#2423 = EDGE_CURVE('',#2416,#2424,#2426,.T.);
#2424 = VERTEX_POINT('',#2425);
#2425 = CARTESIAN_POINT('',(51.5,23.623611625134,0.));
#2426 = LINE('',#2427,#2428);
#2427 = CARTESIAN_POINT('',(37.302161949126,31.820737245717,0.));
#2428 = VECTOR('',#2429,1.);
#2429 = DIRECTION('',(-0.866025403784,0.5,0.));
#2430 = ORIENTED_EDGE('',*,*,#2431,.T.);
#2431 = EDGE_CURVE('',#2424,#2390,#2432,.T.);
#2432 = LINE('',#2433,#2434);
#2433 = CARTESIAN_POINT('',(51.5,13.688194187433,0.));
#2434 = VECTOR('',#2435,1.);
#2435 = DIRECTION('',(-0.,1.,0.));
#2436 = FACE_BOUND('',#2437,.F.);
#2437 = EDGE_LOOP('',(#2438,#2448,#2456,#2464,#2472,#2480));
#2438 = ORIENTED_EDGE('',*,*,#2439,.T.);
#2439 = EDGE_CURVE('',#2440,#2442,#2444,.T.);
#2440 = VERTEX_POINT('',#2441);
#2441 = CARTESIAN_POINT('',(60.5,27.376388374866,0.));
#2442 = VERTEX_POINT('',#2443);
#2443 = CARTESIAN_POINT('',(63.75,29.252776749733,0.));
#2444 = LINE('',#2445,#2446);
#2445 = CARTESIAN_POINT('',(33.510338050874,11.793899783202,0.));
#2446 = VECTOR('',#2447,1.);
#2447 = DIRECTION('',(0.866025403784,0.5,-0.));
#2448 = ORIENTED_EDGE('',*,*,#2449,.T.);
#2449 = EDGE_CURVE('',#2442,#2450,#2452,.T.);
#2450 = VERTEX_POINT('',#2451);
#2451 = CARTESIAN_POINT('',(67.,27.376388374866,0.));
#2452 = LINE('',#2453,#2454);
#2453 = CARTESIAN_POINT('',(47.802161949126,38.460265341397,0.));
#2454 = VECTOR('',#2455,1.);
#2455 = DIRECTION('',(0.866025403784,-0.5,0.));
#2456 = ORIENTED_EDGE('',*,*,#2457,.T.);
#2457 = EDGE_CURVE('',#2450,#2458,#2460,.T.);
#2458 = VERTEX_POINT('',#2459);
#2459 = CARTESIAN_POINT('',(67.,23.623611625134,0.));
#2460 = LINE('',#2461,#2462);
#2461 = CARTESIAN_POINT('',(67.,11.811805812567,0.));
#2462 = VECTOR('',#2463,1.);
#2463 = DIRECTION('',(0.,-1.,0.));
#2464 = ORIENTED_EDGE('',*,*,#2465,.T.);
#2465 = EDGE_CURVE('',#2458,#2466,#2468,.T.);
#2466 = VERTEX_POINT('',#2467);
#2467 = CARTESIAN_POINT('',(63.75,21.747223250267,0.));
#2468 = LINE('',#2469,#2470);
#2469 = CARTESIAN_POINT('',(35.135338050874,5.22654047117,0.));
#2470 = VECTOR('',#2471,1.);
#2471 = DIRECTION('',(-0.866025403784,-0.5,0.));
#2472 = ORIENTED_EDGE('',*,*,#2473,.T.);
#2473 = EDGE_CURVE('',#2466,#2474,#2476,.T.);
#2474 = VERTEX_POINT('',#2475);
#2475 = CARTESIAN_POINT('',(60.5,23.623611625134,0.));
#2476 = LINE('',#2477,#2478);
#2477 = CARTESIAN_POINT('',(42.927161949126,33.769294404232,0.));
#2478 = VECTOR('',#2479,1.);
#2479 = DIRECTION('',(-0.866025403784,0.5,0.));
#2480 = ORIENTED_EDGE('',*,*,#2481,.T.);
#2481 = EDGE_CURVE('',#2474,#2440,#2482,.T.);
#2482 = LINE('',#2483,#2484);
#2483 = CARTESIAN_POINT('',(60.5,13.688194187433,0.));
#2484 = VECTOR('',#2485,1.);
#2485 = DIRECTION('',(-0.,1.,0.));
#2486 = FACE_BOUND('',#2487,.F.);
#2487 = EDGE_LOOP('',(#2488,#2498,#2506,#2514,#2522,#2530));
#2488 = ORIENTED_EDGE('',*,*,#2489,.T.);
#2489 = EDGE_CURVE('',#2490,#2492,#2494,.T.);
#2490 = VERTEX_POINT('',#2491);
#2491 = CARTESIAN_POINT('',(73.5,19.376388374866,0.));
#2492 = VERTEX_POINT('',#2493);
#2493 = CARTESIAN_POINT('',(76.75,21.252776749733,0.));
#2494 = LINE('',#2495,#2496);
#2495 = CARTESIAN_POINT('',(43.367388858443,1.979317220902,0.));
#2496 = VECTOR('',#2497,1.);
#2497 = DIRECTION('',(0.866025403784,0.5,-0.));
#2498 = ORIENTED_EDGE('',*,*,#2499,.T.);
#2499 = EDGE_CURVE('',#2492,#2500,#2502,.T.);
#2500 = VERTEX_POINT('',#2501);
#2501 = CARTESIAN_POINT('',(80.,19.376388374866,0.));
#2502 = LINE('',#2503,#2504);
#2503 = CARTESIAN_POINT('',(54.195111141557,34.274847903697,0.));
#2504 = VECTOR('',#2505,1.);
#2505 = DIRECTION('',(0.866025403784,-0.5,0.));
#2506 = ORIENTED_EDGE('',*,*,#2507,.T.);
#2507 = EDGE_CURVE('',#2500,#2508,#2510,.T.);
#2508 = VERTEX_POINT('',#2509);
#2509 = CARTESIAN_POINT('',(80.,15.623611625134,0.));
#2510 = LINE('',#2511,#2512);
#2511 = CARTESIAN_POINT('',(80.,7.811805812567,0.));
#2512 = VECTOR('',#2513,1.);
#2513 = DIRECTION('',(0.,-1.,0.));
#2514 = ORIENTED_EDGE('',*,*,#2515,.T.);
#2515 = EDGE_CURVE('',#2508,#2516,#2518,.T.);
#2516 = VERTEX_POINT('',#2517);
#2517 = CARTESIAN_POINT('',(76.75,13.747223250267,0.));
#2518 = LINE('',#2519,#2520);
#2519 = CARTESIAN_POINT('',(44.992388858443,-4.58804209113,0.));
#2520 = VECTOR('',#2521,1.);
#2521 = DIRECTION('',(-0.866025403784,-0.5,0.));
#2522 = ORIENTED_EDGE('',*,*,#2523,.T.);
#2523 = EDGE_CURVE('',#2516,#2524,#2526,.T.);
#2524 = VERTEX_POINT('',#2525);
#2525 = CARTESIAN_POINT('',(73.5,15.623611625134,0.));
#2526 = LINE('',#2527,#2528);
#2527 = CARTESIAN_POINT('',(49.320111141557,29.583876966531,0.));
#2528 = VECTOR('',#2529,1.);
#2529 = DIRECTION('',(-0.866025403784,0.5,0.));
#2530 = ORIENTED_EDGE('',*,*,#2531,.T.);
#2531 = EDGE_CURVE('',#2524,#2490,#2532,.T.);
#2532 = LINE('',#2533,#2534);
#2533 = CARTESIAN_POINT('',(73.5,9.688194187433,0.));
#2534 = VECTOR('',#2535,1.);
#2535 = DIRECTION('',(-0.,1.,0.));
#2536 = FACE_BOUND('',#2537,.F.);
#2537 = EDGE_LOOP('',(#2538,#2548,#2556,#2564,#2572,#2580));
#2538 = ORIENTED_EDGE('',*,*,#2539,.T.);
#2539 = EDGE_CURVE('',#2540,#2542,#2544,.T.);
#2540 = VERTEX_POINT('',#2541);
#2541 = CARTESIAN_POINT('',(69.5,27.376388374866,0.));
#2542 = VERTEX_POINT('',#2543);
#2543 = CARTESIAN_POINT('',(72.75,29.252776749733,0.));
#2544 = LINE('',#2545,#2546);
#2545 = CARTESIAN_POINT('',(39.135338050874,9.845342624687,0.));
#2546 = VECTOR('',#2547,1.);
#2547 = DIRECTION('',(0.866025403784,0.5,-0.));
#2548 = ORIENTED_EDGE('',*,*,#2549,.T.);
#2549 = EDGE_CURVE('',#2542,#2550,#2552,.T.);
#2550 = VERTEX_POINT('',#2551);
#2551 = CARTESIAN_POINT('',(76.,27.376388374866,0.));
#2552 = LINE('',#2553,#2554);
#2553 = CARTESIAN_POINT('',(53.427161949126,40.408822499912,0.));
#2554 = VECTOR('',#2555,1.);
#2555 = DIRECTION('',(0.866025403784,-0.5,0.));
#2556 = ORIENTED_EDGE('',*,*,#2557,.T.);
#2557 = EDGE_CURVE('',#2550,#2558,#2560,.T.);
#2558 = VERTEX_POINT('',#2559);
#2559 = CARTESIAN_POINT('',(76.,23.623611625134,0.));
#2560 = LINE('',#2561,#2562);
#2561 = CARTESIAN_POINT('',(76.,11.811805812567,0.));
#2562 = VECTOR('',#2563,1.);
#2563 = DIRECTION('',(0.,-1.,0.));
#2564 = ORIENTED_EDGE('',*,*,#2565,.T.);
#2565 = EDGE_CURVE('',#2558,#2566,#2568,.T.);
#2566 = VERTEX_POINT('',#2567);
#2567 = CARTESIAN_POINT('',(72.75,21.747223250267,0.));
#2568 = LINE('',#2569,#2570);
#2569 = CARTESIAN_POINT('',(40.760338050874,3.277983312655,0.));
#2570 = VECTOR('',#2571,1.);
#2571 = DIRECTION('',(-0.866025403784,-0.5,0.));
#2572 = ORIENTED_EDGE('',*,*,#2573,.T.);
#2573 = EDGE_CURVE('',#2566,#2574,#2576,.T.);
#2574 = VERTEX_POINT('',#2575);
#2575 = CARTESIAN_POINT('',(69.5,23.623611625134,0.));
#2576 = LINE('',#2577,#2578);
#2577 = CARTESIAN_POINT('',(48.552161949126,35.717851562747,0.));
#2578 = VECTOR('',#2579,1.);
#2579 = DIRECTION('',(-0.866025403784,0.5,0.));
#2580 = ORIENTED_EDGE('',*,*,#2581,.T.);
#2581 = EDGE_CURVE('',#2574,#2540,#2582,.T.);
#2582 = LINE('',#2583,#2584);
#2583 = CARTESIAN_POINT('',(69.5,13.688194187433,0.));
#2584 = VECTOR('',#2585,1.);
#2585 = DIRECTION('',(-0.,1.,0.));
#2586 = FACE_BOUND('',#2587,.F.);
#2587 = EDGE_LOOP('',(#2588,#2598,#2606,#2614,#2622,#2630));
#2588 = ORIENTED_EDGE('',*,*,#2589,.T.);
#2589 = EDGE_CURVE('',#2590,#2592,#2594,.T.);
#2590 = VERTEX_POINT('',#2591);
#2591 = CARTESIAN_POINT('',(46.5,35.376388374866,0.));
#2592 = VERTEX_POINT('',#2593);
#2593 = CARTESIAN_POINT('',(49.75,37.252776749733,0.));
#2594 = LINE('',#2595,#2596);
#2595 = CARTESIAN_POINT('',(23.028287243305,21.824988696447,0.));
#2596 = VECTOR('',#2597,1.);
#2597 = DIRECTION('',(0.866025403784,0.5,-0.));
#2598 = ORIENTED_EDGE('',*,*,#2599,.T.);
#2599 = EDGE_CURVE('',#2592,#2600,#2602,.T.);
#2600 = VERTEX_POINT('',#2601);
#2601 = CARTESIAN_POINT('',(53.,35.376388374866,0.));
#2602 = LINE('',#2603,#2604);
#2603 = CARTESIAN_POINT('',(40.784212756695,42.429176428152,0.));
#2604 = VECTOR('',#2605,1.);
#2605 = DIRECTION('',(0.866025403784,-0.5,0.));
#2606 = ORIENTED_EDGE('',*,*,#2607,.T.);
#2607 = EDGE_CURVE('',#2600,#2608,#2610,.T.);
#2608 = VERTEX_POINT('',#2609);
#2609 = CARTESIAN_POINT('',(53.,31.623611625134,0.));
#2610 = LINE('',#2611,#2612);
#2611 = CARTESIAN_POINT('',(53.,15.811805812567,0.));
#2612 = VECTOR('',#2613,1.);
#2613 = DIRECTION('',(0.,-1.,0.));
#2614 = ORIENTED_EDGE('',*,*,#2615,.T.);
#2615 = EDGE_CURVE('',#2608,#2616,#2618,.T.);
#2616 = VERTEX_POINT('',#2617);
#2617 = CARTESIAN_POINT('',(49.75,29.747223250267,0.));
#2618 = LINE('',#2619,#2620);
#2619 = CARTESIAN_POINT('',(24.653287243305,15.257629384415,0.));
#2620 = VECTOR('',#2621,1.);
#2621 = DIRECTION('',(-0.866025403784,-0.5,0.));
#2622 = ORIENTED_EDGE('',*,*,#2623,.T.);
#2623 = EDGE_CURVE('',#2616,#2624,#2626,.T.);
#2624 = VERTEX_POINT('',#2625);
#2625 = CARTESIAN_POINT('',(46.5,31.623611625134,0.));
#2626 = LINE('',#2627,#2628);
#2627 = CARTESIAN_POINT('',(35.909212756695,37.738205490986,0.));
#2628 = VECTOR('',#2629,1.);
#2629 = DIRECTION('',(-0.866025403784,0.5,0.));
#2630 = ORIENTED_EDGE('',*,*,#2631,.T.);
#2631 = EDGE_CURVE('',#2624,#2590,#2632,.T.);
#2632 = LINE('',#2633,#2634);
#2633 = CARTESIAN_POINT('',(46.5,17.688194187433,0.));
#2634 = VECTOR('',#2635,1.);
#2635 = DIRECTION('',(-0.,1.,0.));
#2636 = FACE_BOUND('',#2637,.F.);
#2637 = EDGE_LOOP('',(#2638,#2648,#2656,#2664,#2672,#2680));
#2638 = ORIENTED_EDGE('',*,*,#2639,.T.);
#2639 = EDGE_CURVE('',#2640,#2642,#2644,.T.);
#2640 = VERTEX_POINT('',#2641);
#2641 = CARTESIAN_POINT('',(55.5,35.376388374866,0.));
#2642 = VERTEX_POINT('',#2643);
#2643 = CARTESIAN_POINT('',(58.75,37.252776749733,0.));
#2644 = LINE('',#2645,#2646);
#2645 = CARTESIAN_POINT('',(28.653287243305,19.876431537932,0.));
#2646 = VECTOR('',#2647,1.);
#2647 = DIRECTION('',(0.866025403784,0.5,-0.));
#2648 = ORIENTED_EDGE('',*,*,#2649,.T.);
#2649 = EDGE_CURVE('',#2642,#2650,#2652,.T.);
#2650 = VERTEX_POINT('',#2651);
#2651 = CARTESIAN_POINT('',(62.,35.376388374866,0.));
#2652 = LINE('',#2653,#2654);
#2653 = CARTESIAN_POINT('',(46.409212756695,44.377733586667,0.));
#2654 = VECTOR('',#2655,1.);
#2655 = DIRECTION('',(0.866025403784,-0.5,0.));
#2656 = ORIENTED_EDGE('',*,*,#2657,.T.);
#2657 = EDGE_CURVE('',#2650,#2658,#2660,.T.);
#2658 = VERTEX_POINT('',#2659);
#2659 = CARTESIAN_POINT('',(62.,31.623611625134,0.));
#2660 = LINE('',#2661,#2662);
#2661 = CARTESIAN_POINT('',(62.,15.811805812567,0.));
#2662 = VECTOR('',#2663,1.);
#2663 = DIRECTION('',(0.,-1.,0.));
#2664 = ORIENTED_EDGE('',*,*,#2665,.T.);
#2665 = EDGE_CURVE('',#2658,#2666,#2668,.T.);
#2666 = VERTEX_POINT('',#2667);
#2667 = CARTESIAN_POINT('',(58.75,29.747223250267,0.));
#2668 = LINE('',#2669,#2670);
#2669 = CARTESIAN_POINT('',(30.278287243305,13.3090722259,0.));
#2670 = VECTOR('',#2671,1.);
#2671 = DIRECTION('',(-0.866025403784,-0.5,0.));
#2672 = ORIENTED_EDGE('',*,*,#2673,.T.);
#2673 = EDGE_CURVE('',#2666,#2674,#2676,.T.);
#2674 = VERTEX_POINT('',#2675);
#2675 = CARTESIAN_POINT('',(55.5,31.623611625134,0.));
#2676 = LINE('',#2677,#2678);
#2677 = CARTESIAN_POINT('',(41.534212756695,39.686762649501,0.));
#2678 = VECTOR('',#2679,1.);
#2679 = DIRECTION('',(-0.866025403784,0.5,0.));
#2680 = ORIENTED_EDGE('',*,*,#2681,.T.);
#2681 = EDGE_CURVE('',#2674,#2640,#2682,.T.);
#2682 = LINE('',#2683,#2684);
#2683 = CARTESIAN_POINT('',(55.5,17.688194187433,0.));
#2684 = VECTOR('',#2685,1.);
#2685 = DIRECTION('',(-0.,1.,0.));
#2686 = FACE_BOUND('',#2687,.F.);
#2687 = EDGE_LOOP('',(#2688,#2698,#2706,#2714,#2722,#2730));
#2688 = ORIENTED_EDGE('',*,*,#2689,.T.);
#2689 = EDGE_CURVE('',#2690,#2692,#2694,.T.);
#2690 = VERTEX_POINT('',#2691);
#2691 = CARTESIAN_POINT('',(64.5,35.376388374866,0.));
#2692 = VERTEX_POINT('',#2693);
#2693 = CARTESIAN_POINT('',(67.75,37.252776749733,0.));
#2694 = LINE('',#2695,#2696);
#2695 = CARTESIAN_POINT('',(34.278287243305,17.927874379417,0.));
#2696 = VECTOR('',#2697,1.);
#2697 = DIRECTION('',(0.866025403784,0.5,-0.));
#2698 = ORIENTED_EDGE('',*,*,#2699,.T.);
#2699 = EDGE_CURVE('',#2692,#2700,#2702,.T.);
#2700 = VERTEX_POINT('',#2701);
#2701 = CARTESIAN_POINT('',(71.,35.376388374866,0.));
#2702 = LINE('',#2703,#2704);
#2703 = CARTESIAN_POINT('',(52.034212756695,46.326290745182,0.));
#2704 = VECTOR('',#2705,1.);
#2705 = DIRECTION('',(0.866025403784,-0.5,0.));
#2706 = ORIENTED_EDGE('',*,*,#2707,.T.);
#2707 = EDGE_CURVE('',#2700,#2708,#2710,.T.);
#2708 = VERTEX_POINT('',#2709);
#2709 = CARTESIAN_POINT('',(71.,31.623611625134,0.));
#2710 = LINE('',#2711,#2712);
#2711 = CARTESIAN_POINT('',(71.,15.811805812567,0.));
#2712 = VECTOR('',#2713,1.);
#2713 = DIRECTION('',(0.,-1.,0.));
#2714 = ORIENTED_EDGE('',*,*,#2715,.T.);
#2715 = EDGE_CURVE('',#2708,#2716,#2718,.T.);
#2716 = VERTEX_POINT('',#2717);
#2717 = CARTESIAN_POINT('',(67.75,29.747223250267,0.));
#2718 = LINE('',#2719,#2720);
#2719 = CARTESIAN_POINT('',(35.903287243305,11.360515067385,0.));
#2720 = VECTOR('',#2721,1.);
#2721 = DIRECTION('',(-0.866025403784,-0.5,0.));
#2722 = ORIENTED_EDGE('',*,*,#2723,.T.);
#2723 = EDGE_CURVE('',#2716,#2724,#2726,.T.);
#2724 = VERTEX_POINT('',#2725);
#2725 = CARTESIAN_POINT('',(64.5,31.623611625134,0.));
#2726 = LINE('',#2727,#2728);
#2727 = CARTESIAN_POINT('',(47.159212756695,41.635319808016,0.));
#2728 = VECTOR('',#2729,1.);
#2729 = DIRECTION('',(-0.866025403784,0.5,0.));
#2730 = ORIENTED_EDGE('',*,*,#2731,.T.);
#2731 = EDGE_CURVE('',#2724,#2690,#2732,.T.);
#2732 = LINE('',#2733,#2734);
#2733 = CARTESIAN_POINT('',(64.5,17.688194187433,0.));
#2734 = VECTOR('',#2735,1.);
#2735 = DIRECTION('',(-0.,1.,0.));
#2736 = FACE_BOUND('',#2737,.F.);
#2737 = EDGE_LOOP('',(#2738,#2748,#2756,#2764,#2772,#2780));
#2738 = ORIENTED_EDGE('',*,*,#2739,.T.);
#2739 = EDGE_CURVE('',#2740,#2742,#2744,.T.);
#2740 = VERTEX_POINT('',#2741);
#2741 = CARTESIAN_POINT('',(51.5,43.376388374866,0.));
#2742 = VERTEX_POINT('',#2743);
#2743 = CARTESIAN_POINT('',(54.75,45.252776749733,0.));
#2744 = LINE('',#2745,#2746);
#2745 = CARTESIAN_POINT('',(24.421236435736,27.742456941716,0.));
#2746 = VECTOR('',#2747,1.);
#2747 = DIRECTION('',(0.866025403784,0.5,-0.));
#2748 = ORIENTED_EDGE('',*,*,#2749,.T.);
#2749 = EDGE_CURVE('',#2742,#2750,#2752,.T.);
#2750 = VERTEX_POINT('',#2751);
#2751 = CARTESIAN_POINT('',(58.,43.376388374866,0.));
#2752 = LINE('',#2753,#2754);
#2753 = CARTESIAN_POINT('',(45.641263564264,50.511708182882,0.));
#2754 = VECTOR('',#2755,1.);
#2755 = DIRECTION('',(0.866025403784,-0.5,0.));
#2756 = ORIENTED_EDGE('',*,*,#2757,.T.);
#2757 = EDGE_CURVE('',#2750,#2758,#2760,.T.);
#2758 = VERTEX_POINT('',#2759);
#2759 = CARTESIAN_POINT('',(58.,39.623611625134,0.));
#2760 = LINE('',#2761,#2762);
#2761 = CARTESIAN_POINT('',(58.,19.811805812567,0.));
#2762 = VECTOR('',#2763,1.);
#2763 = DIRECTION('',(0.,-1.,0.));
#2764 = ORIENTED_EDGE('',*,*,#2765,.T.);
#2765 = EDGE_CURVE('',#2758,#2766,#2768,.T.);
#2766 = VERTEX_POINT('',#2767);
#2767 = CARTESIAN_POINT('',(54.75,37.747223250267,0.));
#2768 = LINE('',#2769,#2770);
#2769 = CARTESIAN_POINT('',(26.046236435736,21.175097629685,0.));
#2770 = VECTOR('',#2771,1.);
#2771 = DIRECTION('',(-0.866025403784,-0.5,0.));
#2772 = ORIENTED_EDGE('',*,*,#2773,.T.);
#2773 = EDGE_CURVE('',#2766,#2774,#2776,.T.);
#2774 = VERTEX_POINT('',#2775);
#2775 = CARTESIAN_POINT('',(51.5,39.623611625134,0.));
#2776 = LINE('',#2777,#2778);
#2777 = CARTESIAN_POINT('',(40.766263564264,45.820737245717,0.));
#2778 = VECTOR('',#2779,1.);
#2779 = DIRECTION('',(-0.866025403784,0.5,0.));
#2780 = ORIENTED_EDGE('',*,*,#2781,.T.);
#2781 = EDGE_CURVE('',#2774,#2740,#2782,.T.);
#2782 = LINE('',#2783,#2784);
#2783 = CARTESIAN_POINT('',(51.5,21.688194187433,0.));
#2784 = VECTOR('',#2785,1.);
#2785 = DIRECTION('',(-0.,1.,0.));
#2786 = FACE_BOUND('',#2787,.F.);
#2787 = EDGE_LOOP('',(#2788,#2798,#2806,#2814,#2822,#2830));
#2788 = ORIENTED_EDGE('',*,*,#2789,.T.);
#2789 = EDGE_CURVE('',#2790,#2792,#2794,.T.);
#2790 = VERTEX_POINT('',#2791);
#2791 = CARTESIAN_POINT('',(60.5,43.376388374866,0.));
#2792 = VERTEX_POINT('',#2793);
#2793 = CARTESIAN_POINT('',(63.75,45.252776749733,0.));
#2794 = LINE('',#2795,#2796);
#2795 = CARTESIAN_POINT('',(30.046236435736,25.793899783201,0.));
#2796 = VECTOR('',#2797,1.);
#2797 = DIRECTION('',(0.866025403784,0.5,-0.));
#2798 = ORIENTED_EDGE('',*,*,#2799,.T.);
#2799 = EDGE_CURVE('',#2792,#2800,#2802,.T.);
#2800 = VERTEX_POINT('',#2801);
#2801 = CARTESIAN_POINT('',(67.,43.376388374866,0.));
#2802 = LINE('',#2803,#2804);
#2803 = CARTESIAN_POINT('',(51.266263564264,52.460265341397,0.));
#2804 = VECTOR('',#2805,1.);
#2805 = DIRECTION('',(0.866025403784,-0.5,0.));
#2806 = ORIENTED_EDGE('',*,*,#2807,.T.);
#2807 = EDGE_CURVE('',#2800,#2808,#2810,.T.);
#2808 = VERTEX_POINT('',#2809);
#2809 = CARTESIAN_POINT('',(67.,39.623611625134,0.));
#2810 = LINE('',#2811,#2812);
#2811 = CARTESIAN_POINT('',(67.,19.811805812567,0.));
#2812 = VECTOR('',#2813,1.);
#2813 = DIRECTION('',(0.,-1.,0.));
#2814 = ORIENTED_EDGE('',*,*,#2815,.T.);
#2815 = EDGE_CURVE('',#2808,#2816,#2818,.T.);
#2816 = VERTEX_POINT('',#2817);
#2817 = CARTESIAN_POINT('',(63.75,37.747223250267,0.));
#2818 = LINE('',#2819,#2820);
#2819 = CARTESIAN_POINT('',(31.671236435736,19.22654047117,0.));
#2820 = VECTOR('',#2821,1.);
#2821 = DIRECTION('',(-0.866025403784,-0.5,0.));
#2822 = ORIENTED_EDGE('',*,*,#2823,.T.);
#2823 = EDGE_CURVE('',#2816,#2824,#2826,.T.);
#2824 = VERTEX_POINT('',#2825);
#2825 = CARTESIAN_POINT('',(60.5,39.623611625134,0.));
#2826 = LINE('',#2827,#2828);
#2827 = CARTESIAN_POINT('',(46.391263564264,47.769294404232,0.));
#2828 = VECTOR('',#2829,1.);
#2829 = DIRECTION('',(-0.866025403784,0.5,0.));
#2830 = ORIENTED_EDGE('',*,*,#2831,.T.);
#2831 = EDGE_CURVE('',#2824,#2790,#2832,.T.);
#2832 = LINE('',#2833,#2834);
#2833 = CARTESIAN_POINT('',(60.5,21.688194187433,0.));
#2834 = VECTOR('',#2835,1.);
#2835 = DIRECTION('',(-0.,1.,0.));
#2836 = FACE_BOUND('',#2837,.F.);
#2837 = EDGE_LOOP('',(#2838,#2848,#2856,#2864,#2872,#2880));
#2838 = ORIENTED_EDGE('',*,*,#2839,.T.);
#2839 = EDGE_CURVE('',#2840,#2842,#2844,.T.);
#2840 = VERTEX_POINT('',#2841);
#2841 = CARTESIAN_POINT('',(73.5,35.376388374866,0.));
#2842 = VERTEX_POINT('',#2843);
#2843 = CARTESIAN_POINT('',(76.75,37.252776749733,0.));
#2844 = LINE('',#2845,#2846);
#2845 = CARTESIAN_POINT('',(39.903287243305,15.979317220902,0.));
#2846 = VECTOR('',#2847,1.);
#2847 = DIRECTION('',(0.866025403784,0.5,-0.));
#2848 = ORIENTED_EDGE('',*,*,#2849,.T.);
#2849 = EDGE_CURVE('',#2842,#2850,#2852,.T.);
#2850 = VERTEX_POINT('',#2851);
#2851 = CARTESIAN_POINT('',(80.,35.376388374866,0.));
#2852 = LINE('',#2853,#2854);
#2853 = CARTESIAN_POINT('',(57.659212756695,48.274847903697,0.));
#2854 = VECTOR('',#2855,1.);
#2855 = DIRECTION('',(0.866025403784,-0.5,0.));
#2856 = ORIENTED_EDGE('',*,*,#2857,.T.);
#2857 = EDGE_CURVE('',#2850,#2858,#2860,.T.);
#2858 = VERTEX_POINT('',#2859);
#2859 = CARTESIAN_POINT('',(80.,31.623611625134,0.));
#2860 = LINE('',#2861,#2862);
#2861 = CARTESIAN_POINT('',(80.,15.811805812567,0.));
#2862 = VECTOR('',#2863,1.);
#2863 = DIRECTION('',(0.,-1.,0.));
#2864 = ORIENTED_EDGE('',*,*,#2865,.T.);
#2865 = EDGE_CURVE('',#2858,#2866,#2868,.T.);
#2866 = VERTEX_POINT('',#2867);
#2867 = CARTESIAN_POINT('',(76.75,29.747223250267,0.));
#2868 = LINE('',#2869,#2870);
#2869 = CARTESIAN_POINT('',(41.528287243305,9.41195790887,0.));
#2870 = VECTOR('',#2871,1.);
#2871 = DIRECTION('',(-0.866025403784,-0.5,0.));
#2872 = ORIENTED_EDGE('',*,*,#2873,.T.);
#2873 = EDGE_CURVE('',#2866,#2874,#2876,.T.);
#2874 = VERTEX_POINT('',#2875);
#2875 = CARTESIAN_POINT('',(73.5,31.623611625134,0.));
#2876 = LINE('',#2877,#2878);
#2877 = CARTESIAN_POINT('',(52.784212756695,43.583876966531,0.));
#2878 = VECTOR('',#2879,1.);
#2879 = DIRECTION('',(-0.866025403784,0.5,0.));
#2880 = ORIENTED_EDGE('',*,*,#2881,.T.);
#2881 = EDGE_CURVE('',#2874,#2840,#2882,.T.);
#2882 = LINE('',#2883,#2884);
#2883 = CARTESIAN_POINT('',(73.5,17.688194187433,0.));
#2884 = VECTOR('',#2885,1.);
#2885 = DIRECTION('',(-0.,1.,0.));
#2886 = FACE_BOUND('',#2887,.F.);
#2887 = EDGE_LOOP('',(#2888,#2898,#2906,#2914,#2922,#2930));
#2888 = ORIENTED_EDGE('',*,*,#2889,.T.);
#2889 = EDGE_CURVE('',#2890,#2892,#2894,.T.);
#2890 = VERTEX_POINT('',#2891);
#2891 = CARTESIAN_POINT('',(69.5,43.376388374866,0.));
#2892 = VERTEX_POINT('',#2893);
#2893 = CARTESIAN_POINT('',(72.75,45.252776749733,0.));
#2894 = LINE('',#2895,#2896);
#2895 = CARTESIAN_POINT('',(35.671236435736,23.845342624686,0.));
#2896 = VECTOR('',#2897,1.);
#2897 = DIRECTION('',(0.866025403784,0.5,-0.));
#2898 = ORIENTED_EDGE('',*,*,#2899,.T.);
#2899 = EDGE_CURVE('',#2892,#2900,#2902,.T.);
#2900 = VERTEX_POINT('',#2901);
#2901 = CARTESIAN_POINT('',(76.,43.376388374866,0.));
#2902 = LINE('',#2903,#2904);
#2903 = CARTESIAN_POINT('',(56.891263564264,54.408822499912,0.));
#2904 = VECTOR('',#2905,1.);
#2905 = DIRECTION('',(0.866025403784,-0.5,0.));
#2906 = ORIENTED_EDGE('',*,*,#2907,.T.);
#2907 = EDGE_CURVE('',#2900,#2908,#2910,.T.);
#2908 = VERTEX_POINT('',#2909);
#2909 = CARTESIAN_POINT('',(76.,39.623611625134,0.));
#2910 = LINE('',#2911,#2912);
#2911 = CARTESIAN_POINT('',(76.,19.811805812567,0.));
#2912 = VECTOR('',#2913,1.);
#2913 = DIRECTION('',(0.,-1.,0.));
#2914 = ORIENTED_EDGE('',*,*,#2915,.T.);
#2915 = EDGE_CURVE('',#2908,#2916,#2918,.T.);
#2916 = VERTEX_POINT('',#2917);
#2917 = CARTESIAN_POINT('',(72.75,37.747223250267,0.));
#2918 = LINE('',#2919,#2920);
#2919 = CARTESIAN_POINT('',(37.296236435736,17.277983312655,0.));
#2920 = VECTOR('',#2921,1.);
#2921 = DIRECTION('',(-0.866025403784,-0.5,0.));
#2922 = ORIENTED_EDGE('',*,*,#2923,.T.);
#2923 = EDGE_CURVE('',#2916,#2924,#2926,.T.);
#2924 = VERTEX_POINT('',#2925);
#2925 = CARTESIAN_POINT('',(69.5,39.623611625134,0.));
#2926 = LINE('',#2927,#2928);
#2927 = CARTESIAN_POINT('',(52.016263564264,49.717851562747,0.));
#2928 = VECTOR('',#2929,1.);
#2929 = DIRECTION('',(-0.866025403784,0.5,0.));
#2930 = ORIENTED_EDGE('',*,*,#2931,.T.);
#2931 = EDGE_CURVE('',#2924,#2890,#2932,.T.);
#2932 = LINE('',#2933,#2934);
#2933 = CARTESIAN_POINT('',(69.5,21.688194187433,0.));
#2934 = VECTOR('',#2935,1.);
#2935 = DIRECTION('',(-0.,1.,0.));
#2936 = FACE_BOUND('',#2937,.F.);
#2937 = EDGE_LOOP('',(#2938));
#2938 = ORIENTED_EDGE('',*,*,#2939,.F.);
#2939 = EDGE_CURVE('',#2940,#2940,#2942,.T.);
#2940 = VERTEX_POINT('',#2941);
#2941 = CARTESIAN_POINT('',(153.1,26.,0.));
#2942 = CIRCLE('',#2943,8.1);
#2943 = AXIS2_PLACEMENT_3D('',#2944,#2945,#2946);
#2944 = CARTESIAN_POINT('',(145.,26.,0.));
#2945 = DIRECTION('',(0.,0.,1.));
#2946 = DIRECTION('',(1.,0.,-0.));
#2947 = FACE_BOUND('',#2948,.F.);
#2948 = EDGE_LOOP('',(#2949,#2959,#2967,#2975));
#2949 = ORIENTED_EDGE('',*,*,#2950,.T.);
#2950 = EDGE_CURVE('',#2951,#2953,#2955,.T.);
#2951 = VERTEX_POINT('',#2952);
#2952 = CARTESIAN_POINT('',(183.,50.5,0.));
#2953 = VERTEX_POINT('',#2954);
#2954 = CARTESIAN_POINT('',(3.,50.5,0.));
#2955 = LINE('',#2956,#2957);
#2956 = CARTESIAN_POINT('',(1.5,50.5,0.));
#2957 = VECTOR('',#2958,1.);
#2958 = DIRECTION('',(-1.,-0.,0.));
#2959 = ORIENTED_EDGE('',*,*,#2960,.T.);
#2960 = EDGE_CURVE('',#2953,#2961,#2963,.T.);
#2961 = VERTEX_POINT('',#2962);
#2962 = CARTESIAN_POINT('',(3.,136.5,0.));
#2963 = LINE('',#2964,#2965);
#2964 = CARTESIAN_POINT('',(3.,25.25,0.));
#2965 = VECTOR('',#2966,1.);
#2966 = DIRECTION('',(-0.,1.,0.));
#2967 = ORIENTED_EDGE('',*,*,#2968,.F.);
#2968 = EDGE_CURVE('',#2969,#2961,#2971,.T.);
#2969 = VERTEX_POINT('',#2970);
#2970 = CARTESIAN_POINT('',(183.,136.5,0.));
#2971 = LINE('',#2972,#2973);
#2972 = CARTESIAN_POINT('',(1.5,136.5,0.));
#2973 = VECTOR('',#2974,1.);
#2974 = DIRECTION('',(-1.,-0.,0.));
#2975 = ORIENTED_EDGE('',*,*,#2976,.F.);
#2976 = EDGE_CURVE('',#2951,#2969,#2977,.T.);
#2977 = LINE('',#2978,#2979);
#2978 = CARTESIAN_POINT('',(183.,25.25,0.));
#2979 = VECTOR('',#2980,1.);
#2980 = DIRECTION('',(-0.,1.,0.));
#2981 = PLANE('',#2982);
#2982 = AXIS2_PLACEMENT_3D('',#2983,#2984,#2985);
#2983 = CARTESIAN_POINT('',(0.,0.,0.));
#2984 = DIRECTION('',(0.,0.,1.));
#2985 = DIRECTION('',(1.,0.,-0.));
#2986 = ADVANCED_FACE('',(#2987),#3012,.T.);
#2987 = FACE_BOUND('',#2988,.T.);
#2988 = EDGE_LOOP('',(#2989,#2990,#2998,#3006));
#2989 = ORIENTED_EDGE('',*,*,#71,.T.);
#2990 = ORIENTED_EDGE('',*,*,#2991,.T.);
#2991 = EDGE_CURVE('',#74,#2992,#2994,.T.);
#2992 = VERTEX_POINT('',#2993);
#2993 = CARTESIAN_POINT('',(20.,122.,49.));
#2994 = LINE('',#2995,#2996);
#2995 = CARTESIAN_POINT('',(-2.,122.,49.));
#2996 = VECTOR('',#2997,1.);
#2997 = DIRECTION('',(1.,0.,0.));
#2998 = ORIENTED_EDGE('',*,*,#2999,.F.);
#2999 = EDGE_CURVE('',#3000,#2992,#3002,.T.);
#3000 = VERTEX_POINT('',#3001);
#3001 = CARTESIAN_POINT('',(20.,113.,40.));
#3002 = LINE('',#3003,#3004);
#3003 = CARTESIAN_POINT('',(20.,95.625,22.625));
#3004 = VECTOR('',#3005,1.);
#3005 = DIRECTION('',(0.,0.707106781187,0.707106781187));
#3006 = ORIENTED_EDGE('',*,*,#3007,.F.);
#3007 = EDGE_CURVE('',#72,#3000,#3008,.T.);
#3008 = LINE('',#3009,#3010);
#3009 = CARTESIAN_POINT('',(-2.,113.,40.));
#3010 = VECTOR('',#3011,1.);
#3011 = DIRECTION('',(1.,0.,0.));
#3012 = PLANE('',#3013);
#3013 = AXIS2_PLACEMENT_3D('',#3014,#3015,#3016);
#3014 = CARTESIAN_POINT('',(-2.,122.,49.));
#3015 = DIRECTION('',(0.,0.707106781187,-0.707106781187));
#3016 = DIRECTION('',(0.,-0.707106781187,-0.707106781187));
#3017 = ADVANCED_FACE('',(#3018),#3036,.T.);
#3018 = FACE_BOUND('',#3019,.T.);
#3019 = EDGE_LOOP('',(#3020,#3021,#3022,#3030));
#3020 = ORIENTED_EDGE('',*,*,#97,.T.);
#3021 = ORIENTED_EDGE('',*,*,#3007,.T.);
#3022 = ORIENTED_EDGE('',*,*,#3023,.F.);
#3023 = EDGE_CURVE('',#3024,#3000,#3026,.T.);
#3024 = VERTEX_POINT('',#3025);
#3025 = CARTESIAN_POINT('',(20.,122.,31.));
#3026 = LINE('',#3027,#3028);
#3027 = CARTESIAN_POINT('',(20.,105.375,47.625));
#3028 = VECTOR('',#3029,1.);
#3029 = DIRECTION('',(0.,-0.707106781187,0.707106781187));
#3030 = ORIENTED_EDGE('',*,*,#3031,.F.);
#3031 = EDGE_CURVE('',#90,#3024,#3032,.T.);
#3032 = LINE('',#3033,#3034);
#3033 = CARTESIAN_POINT('',(-2.,122.,31.));
#3034 = VECTOR('',#3035,1.);
#3035 = DIRECTION('',(1.,0.,0.));
#3036 = PLANE('',#3037);
#3037 = AXIS2_PLACEMENT_3D('',#3038,#3039,#3040);
#3038 = CARTESIAN_POINT('',(-2.,113.,40.));
#3039 = DIRECTION('',(-0.,0.707106781187,0.707106781187));
#3040 = DIRECTION('',(0.,0.707106781187,-0.707106781187));
#3041 = ADVANCED_FACE('',(#3042),#3060,.T.);
#3042 = FACE_BOUND('',#3043,.T.);
#3043 = EDGE_LOOP('',(#3044,#3045,#3053,#3059));
#3044 = ORIENTED_EDGE('',*,*,#81,.T.);
#3045 = ORIENTED_EDGE('',*,*,#3046,.T.);
#3046 = EDGE_CURVE('',#82,#3047,#3049,.T.);
#3047 = VERTEX_POINT('',#3048);
#3048 = CARTESIAN_POINT('',(20.,131.,40.));
#3049 = LINE('',#3050,#3051);
#3050 = CARTESIAN_POINT('',(-2.,131.,40.));
#3051 = VECTOR('',#3052,1.);
#3052 = DIRECTION('',(1.,0.,0.));
#3053 = ORIENTED_EDGE('',*,*,#3054,.F.);
#3054 = EDGE_CURVE('',#2992,#3047,#3055,.T.);
#3055 = LINE('',#3056,#3057);
#3056 = CARTESIAN_POINT('',(20.,118.875,52.125));
#3057 = VECTOR('',#3058,1.);
#3058 = DIRECTION('',(-0.,0.707106781187,-0.707106781187));
#3059 = ORIENTED_EDGE('',*,*,#2991,.F.);
#3060 = PLANE('',#3061);
#3061 = AXIS2_PLACEMENT_3D('',#3062,#3063,#3064);
#3062 = CARTESIAN_POINT('',(-2.,131.,40.));
#3063 = DIRECTION('',(0.,-0.707106781187,-0.707106781187));
#3064 = DIRECTION('',(0.,-0.707106781187,0.707106781187));
#3065 = ADVANCED_FACE('',(#3066),#3077,.T.);
#3066 = FACE_BOUND('',#3067,.T.);
#3067 = EDGE_LOOP('',(#3068,#3069,#3070,#3076));
#3068 = ORIENTED_EDGE('',*,*,#89,.T.);
#3069 = ORIENTED_EDGE('',*,*,#3031,.T.);
#3070 = ORIENTED_EDGE('',*,*,#3071,.F.);
#3071 = EDGE_CURVE('',#3047,#3024,#3072,.T.);
#3072 = LINE('',#3073,#3074);
#3073 = CARTESIAN_POINT('',(20.,100.125,9.125));
#3074 = VECTOR('',#3075,1.);
#3075 = DIRECTION('',(0.,-0.707106781187,-0.707106781187));
#3076 = ORIENTED_EDGE('',*,*,#3046,.F.);
#3077 = PLANE('',#3078);
#3078 = AXIS2_PLACEMENT_3D('',#3079,#3080,#3081);
#3079 = CARTESIAN_POINT('',(-2.,122.,31.));
#3080 = DIRECTION('',(0.,-0.707106781187,0.707106781187));
#3081 = DIRECTION('',(0.,0.707106781187,0.707106781187));
#3082 = ADVANCED_FACE('',(#3083),#3108,.T.);
#3083 = FACE_BOUND('',#3084,.T.);
#3084 = EDGE_LOOP('',(#3085,#3086,#3094,#3102));
#3085 = ORIENTED_EDGE('',*,*,#105,.T.);
#3086 = ORIENTED_EDGE('',*,*,#3087,.T.);
#3087 = EDGE_CURVE('',#108,#3088,#3090,.T.);
#3088 = VERTEX_POINT('',#3089);
#3089 = CARTESIAN_POINT('',(20.,122.,71.));
#3090 = LINE('',#3091,#3092);
#3091 = CARTESIAN_POINT('',(-2.,122.,71.));
#3092 = VECTOR('',#3093,1.);
#3093 = DIRECTION('',(1.,0.,0.));
#3094 = ORIENTED_EDGE('',*,*,#3095,.F.);
#3095 = EDGE_CURVE('',#3096,#3088,#3098,.T.);
#3096 = VERTEX_POINT('',#3097);
#3097 = CARTESIAN_POINT('',(20.,113.,62.));
#3098 = LINE('',#3099,#3100);
#3099 = CARTESIAN_POINT('',(20.,90.125,39.125));
#3100 = VECTOR('',#3101,1.);
#3101 = DIRECTION('',(0.,0.707106781187,0.707106781187));
#3102 = ORIENTED_EDGE('',*,*,#3103,.F.);
#3103 = EDGE_CURVE('',#106,#3096,#3104,.T.);
#3104 = LINE('',#3105,#3106);
#3105 = CARTESIAN_POINT('',(-2.,113.,62.));
#3106 = VECTOR('',#3107,1.);
#3107 = DIRECTION('',(1.,0.,0.));
#3108 = PLANE('',#3109);
#3109 = AXIS2_PLACEMENT_3D('',#3110,#3111,#3112);
#3110 = CARTESIAN_POINT('',(-2.,122.,71.));
#3111 = DIRECTION('',(0.,0.707106781187,-0.707106781187));
#3112 = DIRECTION('',(0.,-0.707106781187,-0.707106781187));
#3113 = ADVANCED_FACE('',(#3114),#3132,.T.);
#3114 = FACE_BOUND('',#3115,.T.);
#3115 = EDGE_LOOP('',(#3116,#3117,#3118,#3126));
#3116 = ORIENTED_EDGE('',*,*,#131,.T.);
#3117 = ORIENTED_EDGE('',*,*,#3103,.T.);
#3118 = ORIENTED_EDGE('',*,*,#3119,.F.);
#3119 = EDGE_CURVE('',#3120,#3096,#3122,.T.);
#3120 = VERTEX_POINT('',#3121);
#3121 = CARTESIAN_POINT('',(20.,122.,53.));
#3122 = LINE('',#3123,#3124);
#3123 = CARTESIAN_POINT('',(20.,110.875,64.125));
#3124 = VECTOR('',#3125,1.);
#3125 = DIRECTION('',(0.,-0.707106781187,0.707106781187));
#3126 = ORIENTED_EDGE('',*,*,#3127,.F.);
#3127 = EDGE_CURVE('',#124,#3120,#3128,.T.);
#3128 = LINE('',#3129,#3130);
#3129 = CARTESIAN_POINT('',(-2.,122.,53.));
#3130 = VECTOR('',#3131,1.);
#3131 = DIRECTION('',(1.,0.,0.));
#3132 = PLANE('',#3133);
#3133 = AXIS2_PLACEMENT_3D('',#3134,#3135,#3136);
#3134 = CARTESIAN_POINT('',(-2.,113.,62.));
#3135 = DIRECTION('',(-0.,0.707106781187,0.707106781187));
#3136 = DIRECTION('',(0.,0.707106781187,-0.707106781187));
#3137 = ADVANCED_FACE('',(#3138),#3156,.T.);
#3138 = FACE_BOUND('',#3139,.T.);
#3139 = EDGE_LOOP('',(#3140,#3141,#3149,#3155));
#3140 = ORIENTED_EDGE('',*,*,#115,.T.);
#3141 = ORIENTED_EDGE('',*,*,#3142,.T.);
#3142 = EDGE_CURVE('',#116,#3143,#3145,.T.);
#3143 = VERTEX_POINT('',#3144);
#3144 = CARTESIAN_POINT('',(20.,131.,62.));
#3145 = LINE('',#3146,#3147);
#3146 = CARTESIAN_POINT('',(-2.,131.,62.));
#3147 = VECTOR('',#3148,1.);
#3148 = DIRECTION('',(1.,0.,0.));
#3149 = ORIENTED_EDGE('',*,*,#3150,.F.);
#3150 = EDGE_CURVE('',#3088,#3143,#3151,.T.);
#3151 = LINE('',#3152,#3153);
#3152 = CARTESIAN_POINT('',(20.,124.375,68.625));
#3153 = VECTOR('',#3154,1.);
#3154 = DIRECTION('',(-0.,0.707106781187,-0.707106781187));
#3155 = ORIENTED_EDGE('',*,*,#3087,.F.);
#3156 = PLANE('',#3157);
#3157 = AXIS2_PLACEMENT_3D('',#3158,#3159,#3160);
#3158 = CARTESIAN_POINT('',(-2.,131.,62.));
#3159 = DIRECTION('',(0.,-0.707106781187,-0.707106781187));
#3160 = DIRECTION('',(0.,-0.707106781187,0.707106781187));
#3161 = ADVANCED_FACE('',(#3162),#3173,.T.);
#3162 = FACE_BOUND('',#3163,.T.);
#3163 = EDGE_LOOP('',(#3164,#3165,#3166,#3172));
#3164 = ORIENTED_EDGE('',*,*,#123,.T.);
#3165 = ORIENTED_EDGE('',*,*,#3127,.T.);
#3166 = ORIENTED_EDGE('',*,*,#3167,.F.);
#3167 = EDGE_CURVE('',#3143,#3120,#3168,.T.);
#3168 = LINE('',#3169,#3170);
#3169 = CARTESIAN_POINT('',(20.,94.625,25.625));
#3170 = VECTOR('',#3171,1.);
#3171 = DIRECTION('',(0.,-0.707106781187,-0.707106781187));
#3172 = ORIENTED_EDGE('',*,*,#3142,.F.);
#3173 = PLANE('',#3174);
#3174 = AXIS2_PLACEMENT_3D('',#3175,#3176,#3177);
#3175 = CARTESIAN_POINT('',(-2.,122.,53.));
#3176 = DIRECTION('',(0.,-0.707106781187,0.707106781187));
#3177 = DIRECTION('',(0.,0.707106781187,0.707106781187));
#3178 = ADVANCED_FACE('',(#3179),#3204,.T.);
#3179 = FACE_BOUND('',#3180,.T.);
#3180 = EDGE_LOOP('',(#3181,#3182,#3190,#3198));
#3181 = ORIENTED_EDGE('',*,*,#139,.T.);
#3182 = ORIENTED_EDGE('',*,*,#3183,.T.);
#3183 = EDGE_CURVE('',#142,#3184,#3186,.T.);
#3184 = VERTEX_POINT('',#3185);
#3185 = CARTESIAN_POINT('',(20.,122.,93.));
#3186 = LINE('',#3187,#3188);
#3187 = CARTESIAN_POINT('',(-2.,122.,93.));
#3188 = VECTOR('',#3189,1.);
#3189 = DIRECTION('',(1.,0.,0.));
#3190 = ORIENTED_EDGE('',*,*,#3191,.F.);
#3191 = EDGE_CURVE('',#3192,#3184,#3194,.T.);
#3192 = VERTEX_POINT('',#3193);
#3193 = CARTESIAN_POINT('',(20.,113.,84.));
#3194 = LINE('',#3195,#3196);
#3195 = CARTESIAN_POINT('',(20.,84.625,55.625));
#3196 = VECTOR('',#3197,1.);
#3197 = DIRECTION('',(0.,0.707106781187,0.707106781187));
#3198 = ORIENTED_EDGE('',*,*,#3199,.F.);
#3199 = EDGE_CURVE('',#140,#3192,#3200,.T.);
#3200 = LINE('',#3201,#3202);
#3201 = CARTESIAN_POINT('',(-2.,113.,84.));
#3202 = VECTOR('',#3203,1.);
#3203 = DIRECTION('',(1.,0.,0.));
#3204 = PLANE('',#3205);
#3205 = AXIS2_PLACEMENT_3D('',#3206,#3207,#3208);
#3206 = CARTESIAN_POINT('',(-2.,122.,93.));
#3207 = DIRECTION('',(0.,0.707106781187,-0.707106781187));
#3208 = DIRECTION('',(0.,-0.707106781187,-0.707106781187));
#3209 = ADVANCED_FACE('',(#3210),#3228,.T.);
#3210 = FACE_BOUND('',#3211,.T.);
#3211 = EDGE_LOOP('',(#3212,#3213,#3214,#3222));
#3212 = ORIENTED_EDGE('',*,*,#165,.T.);
#3213 = ORIENTED_EDGE('',*,*,#3199,.T.);
#3214 = ORIENTED_EDGE('',*,*,#3215,.F.);
#3215 = EDGE_CURVE('',#3216,#3192,#3218,.T.);
#3216 = VERTEX_POINT('',#3217);
#3217 = CARTESIAN_POINT('',(20.,122.,75.));
#3218 = LINE('',#3219,#3220);
#3219 = CARTESIAN_POINT('',(20.,116.375,80.625));
#3220 = VECTOR('',#3221,1.);
#3221 = DIRECTION('',(0.,-0.707106781187,0.707106781187));
#3222 = ORIENTED_EDGE('',*,*,#3223,.F.);
#3223 = EDGE_CURVE('',#158,#3216,#3224,.T.);
#3224 = LINE('',#3225,#3226);
#3225 = CARTESIAN_POINT('',(-2.,122.,75.));
#3226 = VECTOR('',#3227,1.);
#3227 = DIRECTION('',(1.,0.,0.));
#3228 = PLANE('',#3229);
#3229 = AXIS2_PLACEMENT_3D('',#3230,#3231,#3232);
#3230 = CARTESIAN_POINT('',(-2.,113.,84.));
#3231 = DIRECTION('',(-0.,0.707106781187,0.707106781187));
#3232 = DIRECTION('',(0.,0.707106781187,-0.707106781187));
#3233 = ADVANCED_FACE('',(#3234),#3252,.T.);
#3234 = FACE_BOUND('',#3235,.T.);
#3235 = EDGE_LOOP('',(#3236,#3237,#3245,#3251));
#3236 = ORIENTED_EDGE('',*,*,#149,.T.);
#3237 = ORIENTED_EDGE('',*,*,#3238,.T.);
#3238 = EDGE_CURVE('',#150,#3239,#3241,.T.);
#3239 = VERTEX_POINT('',#3240);
#3240 = CARTESIAN_POINT('',(20.,131.,84.));
#3241 = LINE('',#3242,#3243);
#3242 = CARTESIAN_POINT('',(-2.,131.,84.));
#3243 = VECTOR('',#3244,1.);
#3244 = DIRECTION('',(1.,0.,0.));
#3245 = ORIENTED_EDGE('',*,*,#3246,.F.);
#3246 = EDGE_CURVE('',#3184,#3239,#3247,.T.);
#3247 = LINE('',#3248,#3249);
#3248 = CARTESIAN_POINT('',(20.,129.875,85.125));
#3249 = VECTOR('',#3250,1.);
#3250 = DIRECTION('',(-0.,0.707106781187,-0.707106781187));
#3251 = ORIENTED_EDGE('',*,*,#3183,.F.);
#3252 = PLANE('',#3253);
#3253 = AXIS2_PLACEMENT_3D('',#3254,#3255,#3256);
#3254 = CARTESIAN_POINT('',(-2.,131.,84.));
#3255 = DIRECTION('',(0.,-0.707106781187,-0.707106781187));
#3256 = DIRECTION('',(0.,-0.707106781187,0.707106781187));
#3257 = ADVANCED_FACE('',(#3258),#3269,.T.);
#3258 = FACE_BOUND('',#3259,.T.);
#3259 = EDGE_LOOP('',(#3260,#3261,#3262,#3268));
#3260 = ORIENTED_EDGE('',*,*,#157,.T.);
#3261 = ORIENTED_EDGE('',*,*,#3223,.T.);
#3262 = ORIENTED_EDGE('',*,*,#3263,.F.);
#3263 = EDGE_CURVE('',#3239,#3216,#3264,.T.);
#3264 = LINE('',#3265,#3266);
#3265 = CARTESIAN_POINT('',(20.,89.125,42.125));
#3266 = VECTOR('',#3267,1.);
#3267 = DIRECTION('',(0.,-0.707106781187,-0.707106781187));
#3268 = ORIENTED_EDGE('',*,*,#3238,.F.);
#3269 = PLANE('',#3270);
#3270 = AXIS2_PLACEMENT_3D('',#3271,#3272,#3273);
#3271 = CARTESIAN_POINT('',(-2.,122.,75.));
#3272 = DIRECTION('',(0.,-0.707106781187,0.707106781187));
#3273 = DIRECTION('',(0.,0.707106781187,0.707106781187));
#3274 = ADVANCED_FACE('',(#3275),#3300,.T.);
#3275 = FACE_BOUND('',#3276,.T.);
#3276 = EDGE_LOOP('',(#3277,#3278,#3286,#3294));
#3277 = ORIENTED_EDGE('',*,*,#173,.T.);
#3278 = ORIENTED_EDGE('',*,*,#3279,.T.);
#3279 = EDGE_CURVE('',#176,#3280,#3282,.T.);
#3280 = VERTEX_POINT('',#3281);
#3281 = CARTESIAN_POINT('',(20.,122.,115.));
#3282 = LINE('',#3283,#3284);
#3283 = CARTESIAN_POINT('',(-2.,122.,115.));
#3284 = VECTOR('',#3285,1.);
#3285 = DIRECTION('',(1.,0.,0.));
#3286 = ORIENTED_EDGE('',*,*,#3287,.F.);
#3287 = EDGE_CURVE('',#3288,#3280,#3290,.T.);
#3288 = VERTEX_POINT('',#3289);
#3289 = CARTESIAN_POINT('',(20.,113.,106.));
#3290 = LINE('',#3291,#3292);
#3291 = CARTESIAN_POINT('',(20.,79.125,72.125));
#3292 = VECTOR('',#3293,1.);
#3293 = DIRECTION('',(0.,0.707106781187,0.707106781187));
#3294 = ORIENTED_EDGE('',*,*,#3295,.F.);
#3295 = EDGE_CURVE('',#174,#3288,#3296,.T.);
#3296 = LINE('',#3297,#3298);
#3297 = CARTESIAN_POINT('',(-2.,113.,106.));
#3298 = VECTOR('',#3299,1.);
#3299 = DIRECTION('',(1.,0.,0.));
#3300 = PLANE('',#3301);
#3301 = AXIS2_PLACEMENT_3D('',#3302,#3303,#3304);
#3302 = CARTESIAN_POINT('',(-2.,122.,115.));
#3303 = DIRECTION('',(0.,0.707106781187,-0.707106781187));
#3304 = DIRECTION('',(0.,-0.707106781187,-0.707106781187));
#3305 = ADVANCED_FACE('',(#3306),#3324,.T.);
#3306 = FACE_BOUND('',#3307,.T.);
#3307 = EDGE_LOOP('',(#3308,#3309,#3310,#3318));
#3308 = ORIENTED_EDGE('',*,*,#199,.T.);
#3309 = ORIENTED_EDGE('',*,*,#3295,.T.);
#3310 = ORIENTED_EDGE('',*,*,#3311,.F.);
#3311 = EDGE_CURVE('',#3312,#3288,#3314,.T.);
#3312 = VERTEX_POINT('',#3313);
#3313 = CARTESIAN_POINT('',(20.,122.,97.));
#3314 = LINE('',#3315,#3316);
#3315 = CARTESIAN_POINT('',(20.,121.875,97.125));
#3316 = VECTOR('',#3317,1.);
#3317 = DIRECTION('',(0.,-0.707106781187,0.707106781187));
#3318 = ORIENTED_EDGE('',*,*,#3319,.F.);
#3319 = EDGE_CURVE('',#192,#3312,#3320,.T.);
#3320 = LINE('',#3321,#3322);
#3321 = CARTESIAN_POINT('',(-2.,122.,97.));
#3322 = VECTOR('',#3323,1.);
#3323 = DIRECTION('',(1.,0.,0.));
#3324 = PLANE('',#3325);
#3325 = AXIS2_PLACEMENT_3D('',#3326,#3327,#3328);
#3326 = CARTESIAN_POINT('',(-2.,113.,106.));
#3327 = DIRECTION('',(-0.,0.707106781187,0.707106781187));
#3328 = DIRECTION('',(0.,0.707106781187,-0.707106781187));
#3329 = ADVANCED_FACE('',(#3330),#3348,.T.);
#3330 = FACE_BOUND('',#3331,.T.);
#3331 = EDGE_LOOP('',(#3332,#3333,#3341,#3347));
#3332 = ORIENTED_EDGE('',*,*,#183,.T.);
#3333 = ORIENTED_EDGE('',*,*,#3334,.T.);
#3334 = EDGE_CURVE('',#184,#3335,#3337,.T.);
#3335 = VERTEX_POINT('',#3336);
#3336 = CARTESIAN_POINT('',(20.,131.,106.));
#3337 = LINE('',#3338,#3339);
#3338 = CARTESIAN_POINT('',(-2.,131.,106.));
#3339 = VECTOR('',#3340,1.);
#3340 = DIRECTION('',(1.,0.,0.));
#3341 = ORIENTED_EDGE('',*,*,#3342,.F.);
#3342 = EDGE_CURVE('',#3280,#3335,#3343,.T.);
#3343 = LINE('',#3344,#3345);
#3344 = CARTESIAN_POINT('',(20.,135.375,101.625));
#3345 = VECTOR('',#3346,1.);
#3346 = DIRECTION('',(-0.,0.707106781187,-0.707106781187));
#3347 = ORIENTED_EDGE('',*,*,#3279,.F.);
#3348 = PLANE('',#3349);
#3349 = AXIS2_PLACEMENT_3D('',#3350,#3351,#3352);
#3350 = CARTESIAN_POINT('',(-2.,131.,106.));
#3351 = DIRECTION('',(0.,-0.707106781187,-0.707106781187));
#3352 = DIRECTION('',(0.,-0.707106781187,0.707106781187));
#3353 = ADVANCED_FACE('',(#3354),#3365,.T.);
#3354 = FACE_BOUND('',#3355,.T.);
#3355 = EDGE_LOOP('',(#3356,#3357,#3358,#3364));
#3356 = ORIENTED_EDGE('',*,*,#191,.T.);
#3357 = ORIENTED_EDGE('',*,*,#3319,.T.);
#3358 = ORIENTED_EDGE('',*,*,#3359,.F.);
#3359 = EDGE_CURVE('',#3335,#3312,#3360,.T.);
#3360 = LINE('',#3361,#3362);
#3361 = CARTESIAN_POINT('',(20.,83.625,58.625));
#3362 = VECTOR('',#3363,1.);
#3363 = DIRECTION('',(0.,-0.707106781187,-0.707106781187));
#3364 = ORIENTED_EDGE('',*,*,#3334,.F.);
#3365 = PLANE('',#3366);
#3366 = AXIS2_PLACEMENT_3D('',#3367,#3368,#3369);
#3367 = CARTESIAN_POINT('',(-2.,122.,97.));
#3368 = DIRECTION('',(0.,-0.707106781187,0.707106781187));
#3369 = DIRECTION('',(0.,0.707106781187,0.707106781187));
#3370 = ADVANCED_FACE('',(#3371),#3396,.T.);
#3371 = FACE_BOUND('',#3372,.T.);
#3372 = EDGE_LOOP('',(#3373,#3374,#3382,#3390));
#3373 = ORIENTED_EDGE('',*,*,#207,.T.);
#3374 = ORIENTED_EDGE('',*,*,#3375,.T.);
#3375 = EDGE_CURVE('',#210,#3376,#3378,.T.);
#3376 = VERTEX_POINT('',#3377);
#3377 = CARTESIAN_POINT('',(20.,100.,38.));
#3378 = LINE('',#3379,#3380);
#3379 = CARTESIAN_POINT('',(-2.,100.,38.));
#3380 = VECTOR('',#3381,1.);
#3381 = DIRECTION('',(1.,0.,0.));
#3382 = ORIENTED_EDGE('',*,*,#3383,.F.);
#3383 = EDGE_CURVE('',#3384,#3376,#3386,.T.);
#3384 = VERTEX_POINT('',#3385);
#3385 = CARTESIAN_POINT('',(20.,91.,29.));
#3386 = LINE('',#3387,#3388);
#3387 = CARTESIAN_POINT('',(20.,81.875,19.875));
#3388 = VECTOR('',#3389,1.);
#3389 = DIRECTION('',(0.,0.707106781187,0.707106781187));
#3390 = ORIENTED_EDGE('',*,*,#3391,.F.);
#3391 = EDGE_CURVE('',#208,#3384,#3392,.T.);
#3392 = LINE('',#3393,#3394);
#3393 = CARTESIAN_POINT('',(-2.,91.,29.));
#3394 = VECTOR('',#3395,1.);
#3395 = DIRECTION('',(1.,0.,0.));
#3396 = PLANE('',#3397);
#3397 = AXIS2_PLACEMENT_3D('',#3398,#3399,#3400);
#3398 = CARTESIAN_POINT('',(-2.,100.,38.));
#3399 = DIRECTION('',(0.,0.707106781187,-0.707106781187));
#3400 = DIRECTION('',(0.,-0.707106781187,-0.707106781187));
#3401 = ADVANCED_FACE('',(#3402),#3420,.T.);
#3402 = FACE_BOUND('',#3403,.T.);
#3403 = EDGE_LOOP('',(#3404,#3405,#3406,#3414));
#3404 = ORIENTED_EDGE('',*,*,#233,.T.);
#3405 = ORIENTED_EDGE('',*,*,#3391,.T.);
#3406 = ORIENTED_EDGE('',*,*,#3407,.F.);
#3407 = EDGE_CURVE('',#3408,#3384,#3410,.T.);
#3408 = VERTEX_POINT('',#3409);
#3409 = CARTESIAN_POINT('',(20.,100.,20.));
#3410 = LINE('',#3411,#3412);
#3411 = CARTESIAN_POINT('',(20.,86.125,33.875));
#3412 = VECTOR('',#3413,1.);
#3413 = DIRECTION('',(0.,-0.707106781187,0.707106781187));
#3414 = ORIENTED_EDGE('',*,*,#3415,.F.);
#3415 = EDGE_CURVE('',#226,#3408,#3416,.T.);
#3416 = LINE('',#3417,#3418);
#3417 = CARTESIAN_POINT('',(-2.,100.,20.));
#3418 = VECTOR('',#3419,1.);
#3419 = DIRECTION('',(1.,0.,0.));
#3420 = PLANE('',#3421);
#3421 = AXIS2_PLACEMENT_3D('',#3422,#3423,#3424);
#3422 = CARTESIAN_POINT('',(-2.,91.,29.));
#3423 = DIRECTION('',(-0.,0.707106781187,0.707106781187));
#3424 = DIRECTION('',(0.,0.707106781187,-0.707106781187));
#3425 = ADVANCED_FACE('',(#3426),#3444,.T.);
#3426 = FACE_BOUND('',#3427,.T.);
#3427 = EDGE_LOOP('',(#3428,#3429,#3437,#3443));
#3428 = ORIENTED_EDGE('',*,*,#217,.T.);
#3429 = ORIENTED_EDGE('',*,*,#3430,.T.);
#3430 = EDGE_CURVE('',#218,#3431,#3433,.T.);
#3431 = VERTEX_POINT('',#3432);
#3432 = CARTESIAN_POINT('',(20.,109.,29.));
#3433 = LINE('',#3434,#3435);
#3434 = CARTESIAN_POINT('',(-2.,109.,29.));
#3435 = VECTOR('',#3436,1.);
#3436 = DIRECTION('',(1.,0.,0.));
#3437 = ORIENTED_EDGE('',*,*,#3438,.F.);
#3438 = EDGE_CURVE('',#3376,#3431,#3439,.T.);
#3439 = LINE('',#3440,#3441);
#3440 = CARTESIAN_POINT('',(20.,99.625,38.375));
#3441 = VECTOR('',#3442,1.);
#3442 = DIRECTION('',(-0.,0.707106781187,-0.707106781187));
#3443 = ORIENTED_EDGE('',*,*,#3375,.F.);
#3444 = PLANE('',#3445);
#3445 = AXIS2_PLACEMENT_3D('',#3446,#3447,#3448);
#3446 = CARTESIAN_POINT('',(-2.,109.,29.));
#3447 = DIRECTION('',(0.,-0.707106781187,-0.707106781187));
#3448 = DIRECTION('',(0.,-0.707106781187,0.707106781187));
#3449 = ADVANCED_FACE('',(#3450),#3461,.T.);
#3450 = FACE_BOUND('',#3451,.T.);
#3451 = EDGE_LOOP('',(#3452,#3453,#3454,#3460));
#3452 = ORIENTED_EDGE('',*,*,#225,.T.);
#3453 = ORIENTED_EDGE('',*,*,#3415,.T.);
#3454 = ORIENTED_EDGE('',*,*,#3455,.F.);
#3455 = EDGE_CURVE('',#3431,#3408,#3456,.T.);
#3456 = LINE('',#3457,#3458);
#3457 = CARTESIAN_POINT('',(20.,86.375,6.375));
#3458 = VECTOR('',#3459,1.);
#3459 = DIRECTION('',(0.,-0.707106781187,-0.707106781187));
#3460 = ORIENTED_EDGE('',*,*,#3430,.F.);
#3461 = PLANE('',#3462);
#3462 = AXIS2_PLACEMENT_3D('',#3463,#3464,#3465);
#3463 = CARTESIAN_POINT('',(-2.,100.,20.));
#3464 = DIRECTION('',(0.,-0.707106781187,0.707106781187));
#3465 = DIRECTION('',(0.,0.707106781187,0.707106781187));
#3466 = ADVANCED_FACE('',(#3467),#3492,.T.);
#3467 = FACE_BOUND('',#3468,.T.);
#3468 = EDGE_LOOP('',(#3469,#3470,#3478,#3486));
#3469 = ORIENTED_EDGE('',*,*,#241,.T.);
#3470 = ORIENTED_EDGE('',*,*,#3471,.T.);
#3471 = EDGE_CURVE('',#244,#3472,#3474,.T.);
#3472 = VERTEX_POINT('',#3473);
#3473 = CARTESIAN_POINT('',(20.,100.,60.));
#3474 = LINE('',#3475,#3476);
#3475 = CARTESIAN_POINT('',(-2.,100.,60.));
#3476 = VECTOR('',#3477,1.);
#3477 = DIRECTION('',(1.,0.,0.));
#3478 = ORIENTED_EDGE('',*,*,#3479,.F.);
#3479 = EDGE_CURVE('',#3480,#3472,#3482,.T.);
#3480 = VERTEX_POINT('',#3481);
#3481 = CARTESIAN_POINT('',(20.,91.,51.));
#3482 = LINE('',#3483,#3484);
#3483 = CARTESIAN_POINT('',(20.,76.375,36.375));
#3484 = VECTOR('',#3485,1.);
#3485 = DIRECTION('',(0.,0.707106781187,0.707106781187));
#3486 = ORIENTED_EDGE('',*,*,#3487,.F.);
#3487 = EDGE_CURVE('',#242,#3480,#3488,.T.);
#3488 = LINE('',#3489,#3490);
#3489 = CARTESIAN_POINT('',(-2.,91.,51.));
#3490 = VECTOR('',#3491,1.);
#3491 = DIRECTION('',(1.,0.,0.));
#3492 = PLANE('',#3493);
#3493 = AXIS2_PLACEMENT_3D('',#3494,#3495,#3496);
#3494 = CARTESIAN_POINT('',(-2.,100.,60.));
#3495 = DIRECTION('',(0.,0.707106781187,-0.707106781187));
#3496 = DIRECTION('',(0.,-0.707106781187,-0.707106781187));
#3497 = ADVANCED_FACE('',(#3498),#3516,.T.);
#3498 = FACE_BOUND('',#3499,.T.);
#3499 = EDGE_LOOP('',(#3500,#3501,#3502,#3510));
#3500 = ORIENTED_EDGE('',*,*,#267,.T.);
#3501 = ORIENTED_EDGE('',*,*,#3487,.T.);
#3502 = ORIENTED_EDGE('',*,*,#3503,.F.);
#3503 = EDGE_CURVE('',#3504,#3480,#3506,.T.);
#3504 = VERTEX_POINT('',#3505);
#3505 = CARTESIAN_POINT('',(20.,100.,42.));
#3506 = LINE('',#3507,#3508);
#3507 = CARTESIAN_POINT('',(20.,91.625,50.375));
#3508 = VECTOR('',#3509,1.);
#3509 = DIRECTION('',(0.,-0.707106781187,0.707106781187));
#3510 = ORIENTED_EDGE('',*,*,#3511,.F.);
#3511 = EDGE_CURVE('',#260,#3504,#3512,.T.);
#3512 = LINE('',#3513,#3514);
#3513 = CARTESIAN_POINT('',(-2.,100.,42.));
#3514 = VECTOR('',#3515,1.);
#3515 = DIRECTION('',(1.,0.,0.));
#3516 = PLANE('',#3517);
#3517 = AXIS2_PLACEMENT_3D('',#3518,#3519,#3520);
#3518 = CARTESIAN_POINT('',(-2.,91.,51.));
#3519 = DIRECTION('',(-0.,0.707106781187,0.707106781187));
#3520 = DIRECTION('',(0.,0.707106781187,-0.707106781187));
#3521 = ADVANCED_FACE('',(#3522),#3540,.T.);
#3522 = FACE_BOUND('',#3523,.T.);
#3523 = EDGE_LOOP('',(#3524,#3525,#3533,#3539));
#3524 = ORIENTED_EDGE('',*,*,#251,.T.);
#3525 = ORIENTED_EDGE('',*,*,#3526,.T.);
#3526 = EDGE_CURVE('',#252,#3527,#3529,.T.);
#3527 = VERTEX_POINT('',#3528);
#3528 = CARTESIAN_POINT('',(20.,109.,51.));
#3529 = LINE('',#3530,#3531);
#3530 = CARTESIAN_POINT('',(-2.,109.,51.));
#3531 = VECTOR('',#3532,1.);
#3532 = DIRECTION('',(1.,0.,0.));
#3533 = ORIENTED_EDGE('',*,*,#3534,.F.);
#3534 = EDGE_CURVE('',#3472,#3527,#3535,.T.);
#3535 = LINE('',#3536,#3537);
#3536 = CARTESIAN_POINT('',(20.,105.125,54.875));
#3537 = VECTOR('',#3538,1.);
#3538 = DIRECTION('',(-0.,0.707106781187,-0.707106781187));
#3539 = ORIENTED_EDGE('',*,*,#3471,.F.);
#3540 = PLANE('',#3541);
#3541 = AXIS2_PLACEMENT_3D('',#3542,#3543,#3544);
#3542 = CARTESIAN_POINT('',(-2.,109.,51.));
#3543 = DIRECTION('',(0.,-0.707106781187,-0.707106781187));
#3544 = DIRECTION('',(0.,-0.707106781187,0.707106781187));
#3545 = ADVANCED_FACE('',(#3546),#3557,.T.);
#3546 = FACE_BOUND('',#3547,.T.);
#3547 = EDGE_LOOP('',(#3548,#3549,#3550,#3556));
#3548 = ORIENTED_EDGE('',*,*,#259,.T.);
#3549 = ORIENTED_EDGE('',*,*,#3511,.T.);
#3550 = ORIENTED_EDGE('',*,*,#3551,.F.);
#3551 = EDGE_CURVE('',#3527,#3504,#3552,.T.);
#3552 = LINE('',#3553,#3554);
#3553 = CARTESIAN_POINT('',(20.,80.875,22.875));
#3554 = VECTOR('',#3555,1.);
#3555 = DIRECTION('',(0.,-0.707106781187,-0.707106781187));
#3556 = ORIENTED_EDGE('',*,*,#3526,.F.);
#3557 = PLANE('',#3558);
#3558 = AXIS2_PLACEMENT_3D('',#3559,#3560,#3561);
#3559 = CARTESIAN_POINT('',(-2.,100.,42.));
#3560 = DIRECTION('',(0.,-0.707106781187,0.707106781187));
#3561 = DIRECTION('',(0.,0.707106781187,0.707106781187));
#3562 = ADVANCED_FACE('',(#3563),#3588,.T.);
#3563 = FACE_BOUND('',#3564,.T.);
#3564 = EDGE_LOOP('',(#3565,#3566,#3574,#3582));
#3565 = ORIENTED_EDGE('',*,*,#275,.T.);
#3566 = ORIENTED_EDGE('',*,*,#3567,.T.);
#3567 = EDGE_CURVE('',#278,#3568,#3570,.T.);
#3568 = VERTEX_POINT('',#3569);
#3569 = CARTESIAN_POINT('',(20.,100.,82.));
#3570 = LINE('',#3571,#3572);
#3571 = CARTESIAN_POINT('',(-2.,100.,82.));
#3572 = VECTOR('',#3573,1.);
#3573 = DIRECTION('',(1.,0.,0.));
#3574 = ORIENTED_EDGE('',*,*,#3575,.F.);
#3575 = EDGE_CURVE('',#3576,#3568,#3578,.T.);
#3576 = VERTEX_POINT('',#3577);
#3577 = CARTESIAN_POINT('',(20.,91.,73.));
#3578 = LINE('',#3579,#3580);
#3579 = CARTESIAN_POINT('',(20.,70.875,52.875));
#3580 = VECTOR('',#3581,1.);
#3581 = DIRECTION('',(0.,0.707106781187,0.707106781187));
#3582 = ORIENTED_EDGE('',*,*,#3583,.F.);
#3583 = EDGE_CURVE('',#276,#3576,#3584,.T.);
#3584 = LINE('',#3585,#3586);
#3585 = CARTESIAN_POINT('',(-2.,91.,73.));
#3586 = VECTOR('',#3587,1.);
#3587 = DIRECTION('',(1.,0.,0.));
#3588 = PLANE('',#3589);
#3589 = AXIS2_PLACEMENT_3D('',#3590,#3591,#3592);
#3590 = CARTESIAN_POINT('',(-2.,100.,82.));
#3591 = DIRECTION('',(0.,0.707106781187,-0.707106781187));
#3592 = DIRECTION('',(0.,-0.707106781187,-0.707106781187));
#3593 = ADVANCED_FACE('',(#3594),#3612,.T.);
#3594 = FACE_BOUND('',#3595,.T.);
#3595 = EDGE_LOOP('',(#3596,#3597,#3598,#3606));
#3596 = ORIENTED_EDGE('',*,*,#301,.T.);
#3597 = ORIENTED_EDGE('',*,*,#3583,.T.);
#3598 = ORIENTED_EDGE('',*,*,#3599,.F.);
#3599 = EDGE_CURVE('',#3600,#3576,#3602,.T.);
#3600 = VERTEX_POINT('',#3601);
#3601 = CARTESIAN_POINT('',(20.,100.,64.));
#3602 = LINE('',#3603,#3604);
#3603 = CARTESIAN_POINT('',(20.,97.125,66.875));
#3604 = VECTOR('',#3605,1.);
#3605 = DIRECTION('',(0.,-0.707106781187,0.707106781187));
#3606 = ORIENTED_EDGE('',*,*,#3607,.F.);
#3607 = EDGE_CURVE('',#294,#3600,#3608,.T.);
#3608 = LINE('',#3609,#3610);
#3609 = CARTESIAN_POINT('',(-2.,100.,64.));
#3610 = VECTOR('',#3611,1.);
#3611 = DIRECTION('',(1.,0.,0.));
#3612 = PLANE('',#3613);
#3613 = AXIS2_PLACEMENT_3D('',#3614,#3615,#3616);
#3614 = CARTESIAN_POINT('',(-2.,91.,73.));
#3615 = DIRECTION('',(-0.,0.707106781187,0.707106781187));
#3616 = DIRECTION('',(0.,0.707106781187,-0.707106781187));
#3617 = ADVANCED_FACE('',(#3618),#3636,.T.);
#3618 = FACE_BOUND('',#3619,.T.);
#3619 = EDGE_LOOP('',(#3620,#3621,#3629,#3635));
#3620 = ORIENTED_EDGE('',*,*,#285,.T.);
#3621 = ORIENTED_EDGE('',*,*,#3622,.T.);
#3622 = EDGE_CURVE('',#286,#3623,#3625,.T.);
#3623 = VERTEX_POINT('',#3624);
#3624 = CARTESIAN_POINT('',(20.,109.,73.));
#3625 = LINE('',#3626,#3627);
#3626 = CARTESIAN_POINT('',(-2.,109.,73.));
#3627 = VECTOR('',#3628,1.);
#3628 = DIRECTION('',(1.,0.,0.));
#3629 = ORIENTED_EDGE('',*,*,#3630,.F.);
#3630 = EDGE_CURVE('',#3568,#3623,#3631,.T.);
#3631 = LINE('',#3632,#3633);
#3632 = CARTESIAN_POINT('',(20.,110.625,71.375));
#3633 = VECTOR('',#3634,1.);
#3634 = DIRECTION('',(-0.,0.707106781187,-0.707106781187));
#3635 = ORIENTED_EDGE('',*,*,#3567,.F.);
#3636 = PLANE('',#3637);
#3637 = AXIS2_PLACEMENT_3D('',#3638,#3639,#3640);
#3638 = CARTESIAN_POINT('',(-2.,109.,73.));
#3639 = DIRECTION('',(0.,-0.707106781187,-0.707106781187));
#3640 = DIRECTION('',(0.,-0.707106781187,0.707106781187));
#3641 = ADVANCED_FACE('',(#3642),#3653,.T.);
#3642 = FACE_BOUND('',#3643,.T.);
#3643 = EDGE_LOOP('',(#3644,#3645,#3646,#3652));
#3644 = ORIENTED_EDGE('',*,*,#293,.T.);
#3645 = ORIENTED_EDGE('',*,*,#3607,.T.);
#3646 = ORIENTED_EDGE('',*,*,#3647,.F.);
#3647 = EDGE_CURVE('',#3623,#3600,#3648,.T.);
#3648 = LINE('',#3649,#3650);
#3649 = CARTESIAN_POINT('',(20.,75.375,39.375));
#3650 = VECTOR('',#3651,1.);
#3651 = DIRECTION('',(0.,-0.707106781187,-0.707106781187));
#3652 = ORIENTED_EDGE('',*,*,#3622,.F.);
#3653 = PLANE('',#3654);
#3654 = AXIS2_PLACEMENT_3D('',#3655,#3656,#3657);
#3655 = CARTESIAN_POINT('',(-2.,100.,64.));
#3656 = DIRECTION('',(0.,-0.707106781187,0.707106781187));
#3657 = DIRECTION('',(0.,0.707106781187,0.707106781187));
#3658 = ADVANCED_FACE('',(#3659),#3684,.T.);
#3659 = FACE_BOUND('',#3660,.T.);
#3660 = EDGE_LOOP('',(#3661,#3662,#3670,#3678));
#3661 = ORIENTED_EDGE('',*,*,#309,.T.);
#3662 = ORIENTED_EDGE('',*,*,#3663,.T.);
#3663 = EDGE_CURVE('',#312,#3664,#3666,.T.);
#3664 = VERTEX_POINT('',#3665);
#3665 = CARTESIAN_POINT('',(20.,78.,49.));
#3666 = LINE('',#3667,#3668);
#3667 = CARTESIAN_POINT('',(-2.,78.,49.));
#3668 = VECTOR('',#3669,1.);
#3669 = DIRECTION('',(1.,0.,0.));
#3670 = ORIENTED_EDGE('',*,*,#3671,.F.);
#3671 = EDGE_CURVE('',#3672,#3664,#3674,.T.);
#3672 = VERTEX_POINT('',#3673);
#3673 = CARTESIAN_POINT('',(20.,69.,40.));
#3674 = LINE('',#3675,#3676);
#3675 = CARTESIAN_POINT('',(20.,62.625,33.625));
#3676 = VECTOR('',#3677,1.);
#3677 = DIRECTION('',(0.,0.707106781187,0.707106781187));
#3678 = ORIENTED_EDGE('',*,*,#3679,.F.);
#3679 = EDGE_CURVE('',#310,#3672,#3680,.T.);
#3680 = LINE('',#3681,#3682);
#3681 = CARTESIAN_POINT('',(-2.,69.,40.));
#3682 = VECTOR('',#3683,1.);
#3683 = DIRECTION('',(1.,0.,0.));
#3684 = PLANE('',#3685);
#3685 = AXIS2_PLACEMENT_3D('',#3686,#3687,#3688);
#3686 = CARTESIAN_POINT('',(-2.,78.,49.));
#3687 = DIRECTION('',(0.,0.707106781187,-0.707106781187));
#3688 = DIRECTION('',(0.,-0.707106781187,-0.707106781187));
#3689 = ADVANCED_FACE('',(#3690),#3708,.T.);
#3690 = FACE_BOUND('',#3691,.T.);
#3691 = EDGE_LOOP('',(#3692,#3693,#3694,#3702));
#3692 = ORIENTED_EDGE('',*,*,#335,.T.);
#3693 = ORIENTED_EDGE('',*,*,#3679,.T.);
#3694 = ORIENTED_EDGE('',*,*,#3695,.F.);
#3695 = EDGE_CURVE('',#3696,#3672,#3698,.T.);
#3696 = VERTEX_POINT('',#3697);
#3697 = CARTESIAN_POINT('',(20.,78.,31.));
#3698 = LINE('',#3699,#3700);
#3699 = CARTESIAN_POINT('',(20.,72.375,36.625));
#3700 = VECTOR('',#3701,1.);
#3701 = DIRECTION('',(0.,-0.707106781187,0.707106781187));
#3702 = ORIENTED_EDGE('',*,*,#3703,.F.);
#3703 = EDGE_CURVE('',#328,#3696,#3704,.T.);
#3704 = LINE('',#3705,#3706);
#3705 = CARTESIAN_POINT('',(-2.,78.,31.));
#3706 = VECTOR('',#3707,1.);
#3707 = DIRECTION('',(1.,0.,0.));
#3708 = PLANE('',#3709);
#3709 = AXIS2_PLACEMENT_3D('',#3710,#3711,#3712);
#3710 = CARTESIAN_POINT('',(-2.,69.,40.));
#3711 = DIRECTION('',(-0.,0.707106781187,0.707106781187));
#3712 = DIRECTION('',(0.,0.707106781187,-0.707106781187));
#3713 = ADVANCED_FACE('',(#3714),#3732,.T.);
#3714 = FACE_BOUND('',#3715,.T.);
#3715 = EDGE_LOOP('',(#3716,#3717,#3725,#3731));
#3716 = ORIENTED_EDGE('',*,*,#319,.T.);
#3717 = ORIENTED_EDGE('',*,*,#3718,.T.);
#3718 = EDGE_CURVE('',#320,#3719,#3721,.T.);
#3719 = VERTEX_POINT('',#3720);
#3720 = CARTESIAN_POINT('',(20.,87.,40.));
#3721 = LINE('',#3722,#3723);
#3722 = CARTESIAN_POINT('',(-2.,87.,40.));
#3723 = VECTOR('',#3724,1.);
#3724 = DIRECTION('',(1.,0.,0.));
#3725 = ORIENTED_EDGE('',*,*,#3726,.F.);
#3726 = EDGE_CURVE('',#3664,#3719,#3727,.T.);
#3727 = LINE('',#3728,#3729);
#3728 = CARTESIAN_POINT('',(20.,85.875,41.125));
#3729 = VECTOR('',#3730,1.);
#3730 = DIRECTION('',(-0.,0.707106781187,-0.707106781187));
#3731 = ORIENTED_EDGE('',*,*,#3663,.F.);
#3732 = PLANE('',#3733);
#3733 = AXIS2_PLACEMENT_3D('',#3734,#3735,#3736);
#3734 = CARTESIAN_POINT('',(-2.,87.,40.));
#3735 = DIRECTION('',(0.,-0.707106781187,-0.707106781187));
#3736 = DIRECTION('',(0.,-0.707106781187,0.707106781187));
#3737 = ADVANCED_FACE('',(#3738),#3749,.T.);
#3738 = FACE_BOUND('',#3739,.T.);
#3739 = EDGE_LOOP('',(#3740,#3741,#3742,#3748));
#3740 = ORIENTED_EDGE('',*,*,#327,.T.);
#3741 = ORIENTED_EDGE('',*,*,#3703,.T.);
#3742 = ORIENTED_EDGE('',*,*,#3743,.F.);
#3743 = EDGE_CURVE('',#3719,#3696,#3744,.T.);
#3744 = LINE('',#3745,#3746);
#3745 = CARTESIAN_POINT('',(20.,67.125,20.125));
#3746 = VECTOR('',#3747,1.);
#3747 = DIRECTION('',(0.,-0.707106781187,-0.707106781187));
#3748 = ORIENTED_EDGE('',*,*,#3718,.F.);
#3749 = PLANE('',#3750);
#3750 = AXIS2_PLACEMENT_3D('',#3751,#3752,#3753);
#3751 = CARTESIAN_POINT('',(-2.,78.,31.));
#3752 = DIRECTION('',(0.,-0.707106781187,0.707106781187));
#3753 = DIRECTION('',(0.,0.707106781187,0.707106781187));
#3754 = ADVANCED_FACE('',(#3755),#3780,.T.);
#3755 = FACE_BOUND('',#3756,.T.);
#3756 = EDGE_LOOP('',(#3757,#3758,#3766,#3774));
#3757 = ORIENTED_EDGE('',*,*,#343,.T.);
#3758 = ORIENTED_EDGE('',*,*,#3759,.T.);
#3759 = EDGE_CURVE('',#346,#3760,#3762,.T.);
#3760 = VERTEX_POINT('',#3761);
#3761 = CARTESIAN_POINT('',(20.,78.,71.));
#3762 = LINE('',#3763,#3764);
#3763 = CARTESIAN_POINT('',(-2.,78.,71.));
#3764 = VECTOR('',#3765,1.);
#3765 = DIRECTION('',(1.,0.,0.));
#3766 = ORIENTED_EDGE('',*,*,#3767,.F.);
#3767 = EDGE_CURVE('',#3768,#3760,#3770,.T.);
#3768 = VERTEX_POINT('',#3769);
#3769 = CARTESIAN_POINT('',(20.,69.,62.));
#3770 = LINE('',#3771,#3772);
#3771 = CARTESIAN_POINT('',(20.,57.125,50.125));
#3772 = VECTOR('',#3773,1.);
#3773 = DIRECTION('',(0.,0.707106781187,0.707106781187));
#3774 = ORIENTED_EDGE('',*,*,#3775,.F.);
#3775 = EDGE_CURVE('',#344,#3768,#3776,.T.);
#3776 = LINE('',#3777,#3778);
#3777 = CARTESIAN_POINT('',(-2.,69.,62.));
#3778 = VECTOR('',#3779,1.);
#3779 = DIRECTION('',(1.,0.,0.));
#3780 = PLANE('',#3781);
#3781 = AXIS2_PLACEMENT_3D('',#3782,#3783,#3784);
#3782 = CARTESIAN_POINT('',(-2.,78.,71.));
#3783 = DIRECTION('',(0.,0.707106781187,-0.707106781187));
#3784 = DIRECTION('',(0.,-0.707106781187,-0.707106781187));
#3785 = ADVANCED_FACE('',(#3786),#3804,.T.);
#3786 = FACE_BOUND('',#3787,.T.);
#3787 = EDGE_LOOP('',(#3788,#3789,#3790,#3798));
#3788 = ORIENTED_EDGE('',*,*,#369,.T.);
#3789 = ORIENTED_EDGE('',*,*,#3775,.T.);
#3790 = ORIENTED_EDGE('',*,*,#3791,.F.);
#3791 = EDGE_CURVE('',#3792,#3768,#3794,.T.);
#3792 = VERTEX_POINT('',#3793);
#3793 = CARTESIAN_POINT('',(20.,78.,53.));
#3794 = LINE('',#3795,#3796);
#3795 = CARTESIAN_POINT('',(20.,77.875,53.125));
#3796 = VECTOR('',#3797,1.);
#3797 = DIRECTION('',(0.,-0.707106781187,0.707106781187));
#3798 = ORIENTED_EDGE('',*,*,#3799,.F.);
#3799 = EDGE_CURVE('',#362,#3792,#3800,.T.);
#3800 = LINE('',#3801,#3802);
#3801 = CARTESIAN_POINT('',(-2.,78.,53.));
#3802 = VECTOR('',#3803,1.);
#3803 = DIRECTION('',(1.,0.,0.));
#3804 = PLANE('',#3805);
#3805 = AXIS2_PLACEMENT_3D('',#3806,#3807,#3808);
#3806 = CARTESIAN_POINT('',(-2.,69.,62.));
#3807 = DIRECTION('',(-0.,0.707106781187,0.707106781187));
#3808 = DIRECTION('',(0.,0.707106781187,-0.707106781187));
#3809 = ADVANCED_FACE('',(#3810),#3828,.T.);
#3810 = FACE_BOUND('',#3811,.T.);
#3811 = EDGE_LOOP('',(#3812,#3813,#3821,#3827));
#3812 = ORIENTED_EDGE('',*,*,#353,.T.);
#3813 = ORIENTED_EDGE('',*,*,#3814,.T.);
#3814 = EDGE_CURVE('',#354,#3815,#3817,.T.);
#3815 = VERTEX_POINT('',#3816);
#3816 = CARTESIAN_POINT('',(20.,87.,62.));
#3817 = LINE('',#3818,#3819);
#3818 = CARTESIAN_POINT('',(-2.,87.,62.));
#3819 = VECTOR('',#3820,1.);
#3820 = DIRECTION('',(1.,0.,0.));
#3821 = ORIENTED_EDGE('',*,*,#3822,.F.);
#3822 = EDGE_CURVE('',#3760,#3815,#3823,.T.);
#3823 = LINE('',#3824,#3825);
#3824 = CARTESIAN_POINT('',(20.,91.375,57.625));
#3825 = VECTOR('',#3826,1.);
#3826 = DIRECTION('',(-0.,0.707106781187,-0.707106781187));
#3827 = ORIENTED_EDGE('',*,*,#3759,.F.);
#3828 = PLANE('',#3829);
#3829 = AXIS2_PLACEMENT_3D('',#3830,#3831,#3832);
#3830 = CARTESIAN_POINT('',(-2.,87.,62.));
#3831 = DIRECTION('',(0.,-0.707106781187,-0.707106781187));
#3832 = DIRECTION('',(0.,-0.707106781187,0.707106781187));
#3833 = ADVANCED_FACE('',(#3834),#3845,.T.);
#3834 = FACE_BOUND('',#3835,.T.);
#3835 = EDGE_LOOP('',(#3836,#3837,#3838,#3844));
#3836 = ORIENTED_EDGE('',*,*,#361,.T.);
#3837 = ORIENTED_EDGE('',*,*,#3799,.T.);
#3838 = ORIENTED_EDGE('',*,*,#3839,.F.);
#3839 = EDGE_CURVE('',#3815,#3792,#3840,.T.);
#3840 = LINE('',#3841,#3842);
#3841 = CARTESIAN_POINT('',(20.,61.625,36.625));
#3842 = VECTOR('',#3843,1.);
#3843 = DIRECTION('',(0.,-0.707106781187,-0.707106781187));
#3844 = ORIENTED_EDGE('',*,*,#3814,.F.);
#3845 = PLANE('',#3846);
#3846 = AXIS2_PLACEMENT_3D('',#3847,#3848,#3849);
#3847 = CARTESIAN_POINT('',(-2.,78.,53.));
#3848 = DIRECTION('',(0.,-0.707106781187,0.707106781187));
#3849 = DIRECTION('',(0.,0.707106781187,0.707106781187));
#3850 = ADVANCED_FACE('',(#3851),#3876,.T.);
#3851 = FACE_BOUND('',#3852,.T.);
#3852 = EDGE_LOOP('',(#3853,#3854,#3862,#3870));
#3853 = ORIENTED_EDGE('',*,*,#377,.T.);
#3854 = ORIENTED_EDGE('',*,*,#3855,.T.);
#3855 = EDGE_CURVE('',#380,#3856,#3858,.T.);
#3856 = VERTEX_POINT('',#3857);
#3857 = CARTESIAN_POINT('',(20.,100.,104.));
#3858 = LINE('',#3859,#3860);
#3859 = CARTESIAN_POINT('',(-2.,100.,104.));
#3860 = VECTOR('',#3861,1.);
#3861 = DIRECTION('',(1.,0.,0.));
#3862 = ORIENTED_EDGE('',*,*,#3863,.F.);
#3863 = EDGE_CURVE('',#3864,#3856,#3866,.T.);
#3864 = VERTEX_POINT('',#3865);
#3865 = CARTESIAN_POINT('',(20.,91.,95.));
#3866 = LINE('',#3867,#3868);
#3867 = CARTESIAN_POINT('',(20.,65.375,69.375));
#3868 = VECTOR('',#3869,1.);
#3869 = DIRECTION('',(0.,0.707106781187,0.707106781187));
#3870 = ORIENTED_EDGE('',*,*,#3871,.F.);
#3871 = EDGE_CURVE('',#378,#3864,#3872,.T.);
#3872 = LINE('',#3873,#3874);
#3873 = CARTESIAN_POINT('',(-2.,91.,95.));
#3874 = VECTOR('',#3875,1.);
#3875 = DIRECTION('',(1.,0.,0.));
#3876 = PLANE('',#3877);
#3877 = AXIS2_PLACEMENT_3D('',#3878,#3879,#3880);
#3878 = CARTESIAN_POINT('',(-2.,100.,104.));
#3879 = DIRECTION('',(0.,0.707106781187,-0.707106781187));
#3880 = DIRECTION('',(0.,-0.707106781187,-0.707106781187));
#3881 = ADVANCED_FACE('',(#3882),#3900,.T.);
#3882 = FACE_BOUND('',#3883,.T.);
#3883 = EDGE_LOOP('',(#3884,#3885,#3886,#3894));
#3884 = ORIENTED_EDGE('',*,*,#403,.T.);
#3885 = ORIENTED_EDGE('',*,*,#3871,.T.);
#3886 = ORIENTED_EDGE('',*,*,#3887,.F.);
#3887 = EDGE_CURVE('',#3888,#3864,#3890,.T.);
#3888 = VERTEX_POINT('',#3889);
#3889 = CARTESIAN_POINT('',(20.,100.,86.));
#3890 = LINE('',#3891,#3892);
#3891 = CARTESIAN_POINT('',(20.,102.625,83.375));
#3892 = VECTOR('',#3893,1.);
#3893 = DIRECTION('',(0.,-0.707106781187,0.707106781187));
#3894 = ORIENTED_EDGE('',*,*,#3895,.F.);
#3895 = EDGE_CURVE('',#396,#3888,#3896,.T.);
#3896 = LINE('',#3897,#3898);
#3897 = CARTESIAN_POINT('',(-2.,100.,86.));
#3898 = VECTOR('',#3899,1.);
#3899 = DIRECTION('',(1.,0.,0.));
#3900 = PLANE('',#3901);
#3901 = AXIS2_PLACEMENT_3D('',#3902,#3903,#3904);
#3902 = CARTESIAN_POINT('',(-2.,91.,95.));
#3903 = DIRECTION('',(-0.,0.707106781187,0.707106781187));
#3904 = DIRECTION('',(0.,0.707106781187,-0.707106781187));
#3905 = ADVANCED_FACE('',(#3906),#3924,.T.);
#3906 = FACE_BOUND('',#3907,.T.);
#3907 = EDGE_LOOP('',(#3908,#3909,#3917,#3923));
#3908 = ORIENTED_EDGE('',*,*,#387,.T.);
#3909 = ORIENTED_EDGE('',*,*,#3910,.T.);
#3910 = EDGE_CURVE('',#388,#3911,#3913,.T.);
#3911 = VERTEX_POINT('',#3912);
#3912 = CARTESIAN_POINT('',(20.,109.,95.));
#3913 = LINE('',#3914,#3915);
#3914 = CARTESIAN_POINT('',(-2.,109.,95.));
#3915 = VECTOR('',#3916,1.);
#3916 = DIRECTION('',(1.,0.,0.));
#3917 = ORIENTED_EDGE('',*,*,#3918,.F.);
#3918 = EDGE_CURVE('',#3856,#3911,#3919,.T.);
#3919 = LINE('',#3920,#3921);
#3920 = CARTESIAN_POINT('',(20.,116.125,87.875));
#3921 = VECTOR('',#3922,1.);
#3922 = DIRECTION('',(-0.,0.707106781187,-0.707106781187));
#3923 = ORIENTED_EDGE('',*,*,#3855,.F.);
#3924 = PLANE('',#3925);
#3925 = AXIS2_PLACEMENT_3D('',#3926,#3927,#3928);
#3926 = CARTESIAN_POINT('',(-2.,109.,95.));
#3927 = DIRECTION('',(0.,-0.707106781187,-0.707106781187));
#3928 = DIRECTION('',(0.,-0.707106781187,0.707106781187));
#3929 = ADVANCED_FACE('',(#3930),#3941,.T.);
#3930 = FACE_BOUND('',#3931,.T.);
#3931 = EDGE_LOOP('',(#3932,#3933,#3934,#3940));
#3932 = ORIENTED_EDGE('',*,*,#395,.T.);
#3933 = ORIENTED_EDGE('',*,*,#3895,.T.);
#3934 = ORIENTED_EDGE('',*,*,#3935,.F.);
#3935 = EDGE_CURVE('',#3911,#3888,#3936,.T.);
#3936 = LINE('',#3937,#3938);
#3937 = CARTESIAN_POINT('',(20.,69.875,55.875));
#3938 = VECTOR('',#3939,1.);
#3939 = DIRECTION('',(0.,-0.707106781187,-0.707106781187));
#3940 = ORIENTED_EDGE('',*,*,#3910,.F.);
#3941 = PLANE('',#3942);
#3942 = AXIS2_PLACEMENT_3D('',#3943,#3944,#3945);
#3943 = CARTESIAN_POINT('',(-2.,100.,86.));
#3944 = DIRECTION('',(0.,-0.707106781187,0.707106781187));
#3945 = DIRECTION('',(0.,0.707106781187,0.707106781187));
#3946 = ADVANCED_FACE('',(#3947),#3972,.T.);
#3947 = FACE_BOUND('',#3948,.T.);
#3948 = EDGE_LOOP('',(#3949,#3957,#3958,#3966));
#3949 = ORIENTED_EDGE('',*,*,#3950,.F.);
#3950 = EDGE_CURVE('',#412,#3951,#3953,.T.);
#3951 = VERTEX_POINT('',#3952);
#3952 = CARTESIAN_POINT('',(3.,106.2,114.5));
#3953 = LINE('',#3954,#3955);
#3954 = CARTESIAN_POINT('',(-1.,106.2,114.5));
#3955 = VECTOR('',#3956,1.);
#3956 = DIRECTION('',(1.,0.,-0.));
#3957 = ORIENTED_EDGE('',*,*,#411,.T.);
#3958 = ORIENTED_EDGE('',*,*,#3959,.T.);
#3959 = EDGE_CURVE('',#414,#3960,#3962,.T.);
#3960 = VERTEX_POINT('',#3961);
#3961 = CARTESIAN_POINT('',(3.,93.8,114.5));
#3962 = LINE('',#3963,#3964);
#3963 = CARTESIAN_POINT('',(-1.,93.8,114.5));
#3964 = VECTOR('',#3965,1.);
#3965 = DIRECTION('',(1.,0.,-0.));
#3966 = ORIENTED_EDGE('',*,*,#3967,.F.);
#3967 = EDGE_CURVE('',#3951,#3960,#3968,.T.);
#3968 = LINE('',#3969,#3970);
#3969 = CARTESIAN_POINT('',(3.,92.9,114.5));
#3970 = VECTOR('',#3971,1.);
#3971 = DIRECTION('',(0.,-1.,0.));
#3972 = PLANE('',#3973);
#3973 = AXIS2_PLACEMENT_3D('',#3974,#3975,#3976);
#3974 = CARTESIAN_POINT('',(-1.,93.8,114.5));
#3975 = DIRECTION('',(0.,0.,1.));
#3976 = DIRECTION('',(1.,0.,-0.));
#3977 = ADVANCED_FACE('',(#3978),#3996,.F.);
#3978 = FACE_BOUND('',#3979,.F.);
#3979 = EDGE_LOOP('',(#3980,#3981,#3982,#3990));
#3980 = ORIENTED_EDGE('',*,*,#3950,.F.);
#3981 = ORIENTED_EDGE('',*,*,#437,.T.);
#3982 = ORIENTED_EDGE('',*,*,#3983,.T.);
#3983 = EDGE_CURVE('',#430,#3984,#3986,.T.);
#3984 = VERTEX_POINT('',#3985);
#3985 = CARTESIAN_POINT('',(3.,106.2,127.4));
#3986 = LINE('',#3987,#3988);
#3987 = CARTESIAN_POINT('',(-1.,106.2,127.4));
#3988 = VECTOR('',#3989,1.);
#3989 = DIRECTION('',(1.,0.,-0.));
#3990 = ORIENTED_EDGE('',*,*,#3991,.F.);
#3991 = EDGE_CURVE('',#3951,#3984,#3992,.T.);
#3992 = LINE('',#3993,#3994);
#3993 = CARTESIAN_POINT('',(3.,106.2,114.25));
#3994 = VECTOR('',#3995,1.);
#3995 = DIRECTION('',(0.,0.,1.));
#3996 = PLANE('',#3997);
#3997 = AXIS2_PLACEMENT_3D('',#3998,#3999,#4000);
#3998 = CARTESIAN_POINT('',(-1.,106.2,114.5));
#3999 = DIRECTION('',(-0.,1.,0.));
#4000 = DIRECTION('',(0.,0.,1.));
#4001 = ADVANCED_FACE('',(#4002),#4020,.F.);
#4002 = FACE_BOUND('',#4003,.F.);
#4003 = EDGE_LOOP('',(#4004,#4005,#4006,#4014));
#4004 = ORIENTED_EDGE('',*,*,#3983,.F.);
#4005 = ORIENTED_EDGE('',*,*,#429,.T.);
#4006 = ORIENTED_EDGE('',*,*,#4007,.T.);
#4007 = EDGE_CURVE('',#422,#4008,#4010,.T.);
#4008 = VERTEX_POINT('',#4009);
#4009 = CARTESIAN_POINT('',(3.,93.8,127.4));
#4010 = LINE('',#4011,#4012);
#4011 = CARTESIAN_POINT('',(-1.,93.8,127.4));
#4012 = VECTOR('',#4013,1.);
#4013 = DIRECTION('',(1.,0.,-0.));
#4014 = ORIENTED_EDGE('',*,*,#4015,.F.);
#4015 = EDGE_CURVE('',#3984,#4008,#4016,.T.);
#4016 = LINE('',#4017,#4018);
#4017 = CARTESIAN_POINT('',(3.,92.9,127.4));
#4018 = VECTOR('',#4019,1.);
#4019 = DIRECTION('',(0.,-1.,0.));
#4020 = PLANE('',#4021);
#4021 = AXIS2_PLACEMENT_3D('',#4022,#4023,#4024);
#4022 = CARTESIAN_POINT('',(-1.,93.8,127.4));
#4023 = DIRECTION('',(0.,0.,1.));
#4024 = DIRECTION('',(1.,0.,-0.));
#4025 = ADVANCED_FACE('',(#4026),#4037,.T.);
#4026 = FACE_BOUND('',#4027,.T.);
#4027 = EDGE_LOOP('',(#4028,#4029,#4030,#4031));
#4028 = ORIENTED_EDGE('',*,*,#3959,.F.);
#4029 = ORIENTED_EDGE('',*,*,#421,.T.);
#4030 = ORIENTED_EDGE('',*,*,#4007,.T.);
#4031 = ORIENTED_EDGE('',*,*,#4032,.F.);
#4032 = EDGE_CURVE('',#3960,#4008,#4033,.T.);
#4033 = LINE('',#4034,#4035);
#4034 = CARTESIAN_POINT('',(3.,93.8,114.25));
#4035 = VECTOR('',#4036,1.);
#4036 = DIRECTION('',(0.,0.,1.));
#4037 = PLANE('',#4038);
#4038 = AXIS2_PLACEMENT_3D('',#4039,#4040,#4041);
#4039 = CARTESIAN_POINT('',(-1.,93.8,114.5));
#4040 = DIRECTION('',(-0.,1.,0.));
#4041 = DIRECTION('',(0.,0.,1.));
#4042 = ADVANCED_FACE('',(#4043),#4068,.T.);
#4043 = FACE_BOUND('',#4044,.T.);
#4044 = EDGE_LOOP('',(#4045,#4046,#4054,#4062));
#4045 = ORIENTED_EDGE('',*,*,#445,.T.);
#4046 = ORIENTED_EDGE('',*,*,#4047,.T.);
#4047 = EDGE_CURVE('',#448,#4048,#4050,.T.);
#4048 = VERTEX_POINT('',#4049);
#4049 = CARTESIAN_POINT('',(20.,78.,93.));
#4050 = LINE('',#4051,#4052);
#4051 = CARTESIAN_POINT('',(-2.,78.,93.));
#4052 = VECTOR('',#4053,1.);
#4053 = DIRECTION('',(1.,0.,0.));
#4054 = ORIENTED_EDGE('',*,*,#4055,.F.);
#4055 = EDGE_CURVE('',#4056,#4048,#4058,.T.);
#4056 = VERTEX_POINT('',#4057);
#4057 = CARTESIAN_POINT('',(20.,69.,84.));
#4058 = LINE('',#4059,#4060);
#4059 = CARTESIAN_POINT('',(20.,51.625,66.625));
#4060 = VECTOR('',#4061,1.);
#4061 = DIRECTION('',(0.,0.707106781187,0.707106781187));
#4062 = ORIENTED_EDGE('',*,*,#4063,.F.);
#4063 = EDGE_CURVE('',#446,#4056,#4064,.T.);
#4064 = LINE('',#4065,#4066);
#4065 = CARTESIAN_POINT('',(-2.,69.,84.));
#4066 = VECTOR('',#4067,1.);
#4067 = DIRECTION('',(1.,0.,0.));
#4068 = PLANE('',#4069);
#4069 = AXIS2_PLACEMENT_3D('',#4070,#4071,#4072);
#4070 = CARTESIAN_POINT('',(-2.,78.,93.));
#4071 = DIRECTION('',(0.,0.707106781187,-0.707106781187));
#4072 = DIRECTION('',(0.,-0.707106781187,-0.707106781187));
#4073 = ADVANCED_FACE('',(#4074),#4092,.T.);
#4074 = FACE_BOUND('',#4075,.T.);
#4075 = EDGE_LOOP('',(#4076,#4077,#4078,#4086));
#4076 = ORIENTED_EDGE('',*,*,#471,.T.);
#4077 = ORIENTED_EDGE('',*,*,#4063,.T.);
#4078 = ORIENTED_EDGE('',*,*,#4079,.F.);
#4079 = EDGE_CURVE('',#4080,#4056,#4082,.T.);
#4080 = VERTEX_POINT('',#4081);
#4081 = CARTESIAN_POINT('',(20.,78.,75.));
#4082 = LINE('',#4083,#4084);
#4083 = CARTESIAN_POINT('',(20.,83.375,69.625));
#4084 = VECTOR('',#4085,1.);
#4085 = DIRECTION('',(0.,-0.707106781187,0.707106781187));
#4086 = ORIENTED_EDGE('',*,*,#4087,.F.);
#4087 = EDGE_CURVE('',#464,#4080,#4088,.T.);
#4088 = LINE('',#4089,#4090);
#4089 = CARTESIAN_POINT('',(-2.,78.,75.));
#4090 = VECTOR('',#4091,1.);
#4091 = DIRECTION('',(1.,0.,0.));
#4092 = PLANE('',#4093);
#4093 = AXIS2_PLACEMENT_3D('',#4094,#4095,#4096);
#4094 = CARTESIAN_POINT('',(-2.,69.,84.));
#4095 = DIRECTION('',(-0.,0.707106781187,0.707106781187));
#4096 = DIRECTION('',(0.,0.707106781187,-0.707106781187));
#4097 = ADVANCED_FACE('',(#4098),#4116,.T.);
#4098 = FACE_BOUND('',#4099,.T.);
#4099 = EDGE_LOOP('',(#4100,#4101,#4109,#4115));
#4100 = ORIENTED_EDGE('',*,*,#455,.T.);
#4101 = ORIENTED_EDGE('',*,*,#4102,.T.);
#4102 = EDGE_CURVE('',#456,#4103,#4105,.T.);
#4103 = VERTEX_POINT('',#4104);
#4104 = CARTESIAN_POINT('',(20.,87.,84.));
#4105 = LINE('',#4106,#4107);
#4106 = CARTESIAN_POINT('',(-2.,87.,84.));
#4107 = VECTOR('',#4108,1.);
#4108 = DIRECTION('',(1.,0.,0.));
#4109 = ORIENTED_EDGE('',*,*,#4110,.F.);
#4110 = EDGE_CURVE('',#4048,#4103,#4111,.T.);
#4111 = LINE('',#4112,#4113);
#4112 = CARTESIAN_POINT('',(20.,96.875,74.125));
#4113 = VECTOR('',#4114,1.);
#4114 = DIRECTION('',(-0.,0.707106781187,-0.707106781187));
#4115 = ORIENTED_EDGE('',*,*,#4047,.F.);
#4116 = PLANE('',#4117);
#4117 = AXIS2_PLACEMENT_3D('',#4118,#4119,#4120);
#4118 = CARTESIAN_POINT('',(-2.,87.,84.));
#4119 = DIRECTION('',(0.,-0.707106781187,-0.707106781187));
#4120 = DIRECTION('',(0.,-0.707106781187,0.707106781187));
#4121 = ADVANCED_FACE('',(#4122),#4133,.T.);
#4122 = FACE_BOUND('',#4123,.T.);
#4123 = EDGE_LOOP('',(#4124,#4125,#4126,#4132));
#4124 = ORIENTED_EDGE('',*,*,#463,.T.);
#4125 = ORIENTED_EDGE('',*,*,#4087,.T.);
#4126 = ORIENTED_EDGE('',*,*,#4127,.F.);
#4127 = EDGE_CURVE('',#4103,#4080,#4128,.T.);
#4128 = LINE('',#4129,#4130);
#4129 = CARTESIAN_POINT('',(20.,56.125,53.125));
#4130 = VECTOR('',#4131,1.);
#4131 = DIRECTION('',(0.,-0.707106781187,-0.707106781187));
#4132 = ORIENTED_EDGE('',*,*,#4102,.F.);
#4133 = PLANE('',#4134);
#4134 = AXIS2_PLACEMENT_3D('',#4135,#4136,#4137);
#4135 = CARTESIAN_POINT('',(-2.,78.,75.));
#4136 = DIRECTION('',(0.,-0.707106781187,0.707106781187));
#4137 = DIRECTION('',(0.,0.707106781187,0.707106781187));
#4138 = ADVANCED_FACE('',(#4139),#4164,.T.);
#4139 = FACE_BOUND('',#4140,.T.);
#4140 = EDGE_LOOP('',(#4141,#4142,#4150,#4158));
#4141 = ORIENTED_EDGE('',*,*,#479,.T.);
#4142 = ORIENTED_EDGE('',*,*,#4143,.T.);
#4143 = EDGE_CURVE('',#482,#4144,#4146,.T.);
#4144 = VERTEX_POINT('',#4145);
#4145 = CARTESIAN_POINT('',(20.,78.,115.));
#4146 = LINE('',#4147,#4148);
#4147 = CARTESIAN_POINT('',(-2.,78.,115.));
#4148 = VECTOR('',#4149,1.);
#4149 = DIRECTION('',(1.,0.,0.));
#4150 = ORIENTED_EDGE('',*,*,#4151,.F.);
#4151 = EDGE_CURVE('',#4152,#4144,#4154,.T.);
#4152 = VERTEX_POINT('',#4153);
#4153 = CARTESIAN_POINT('',(20.,69.,106.));
#4154 = LINE('',#4155,#4156);
#4155 = CARTESIAN_POINT('',(20.,46.125,83.125));
#4156 = VECTOR('',#4157,1.);
#4157 = DIRECTION('',(0.,0.707106781187,0.707106781187));
#4158 = ORIENTED_EDGE('',*,*,#4159,.F.);
#4159 = EDGE_CURVE('',#480,#4152,#4160,.T.);
#4160 = LINE('',#4161,#4162);
#4161 = CARTESIAN_POINT('',(-2.,69.,106.));
#4162 = VECTOR('',#4163,1.);
#4163 = DIRECTION('',(1.,0.,0.));
#4164 = PLANE('',#4165);
#4165 = AXIS2_PLACEMENT_3D('',#4166,#4167,#4168);
#4166 = CARTESIAN_POINT('',(-2.,78.,115.));
#4167 = DIRECTION('',(0.,0.707106781187,-0.707106781187));
#4168 = DIRECTION('',(0.,-0.707106781187,-0.707106781187));
#4169 = ADVANCED_FACE('',(#4170),#4188,.T.);
#4170 = FACE_BOUND('',#4171,.T.);
#4171 = EDGE_LOOP('',(#4172,#4173,#4174,#4182));
#4172 = ORIENTED_EDGE('',*,*,#505,.T.);
#4173 = ORIENTED_EDGE('',*,*,#4159,.T.);
#4174 = ORIENTED_EDGE('',*,*,#4175,.F.);
#4175 = EDGE_CURVE('',#4176,#4152,#4178,.T.);
#4176 = VERTEX_POINT('',#4177);
#4177 = CARTESIAN_POINT('',(20.,78.,97.));
#4178 = LINE('',#4179,#4180);
#4179 = CARTESIAN_POINT('',(20.,88.875,86.125));
#4180 = VECTOR('',#4181,1.);
#4181 = DIRECTION('',(0.,-0.707106781187,0.707106781187));
#4182 = ORIENTED_EDGE('',*,*,#4183,.F.);
#4183 = EDGE_CURVE('',#498,#4176,#4184,.T.);
#4184 = LINE('',#4185,#4186);
#4185 = CARTESIAN_POINT('',(-2.,78.,97.));
#4186 = VECTOR('',#4187,1.);
#4187 = DIRECTION('',(1.,0.,0.));
#4188 = PLANE('',#4189);
#4189 = AXIS2_PLACEMENT_3D('',#4190,#4191,#4192);
#4190 = CARTESIAN_POINT('',(-2.,69.,106.));
#4191 = DIRECTION('',(-0.,0.707106781187,0.707106781187));
#4192 = DIRECTION('',(0.,0.707106781187,-0.707106781187));
#4193 = ADVANCED_FACE('',(#4194),#4212,.T.);
#4194 = FACE_BOUND('',#4195,.T.);
#4195 = EDGE_LOOP('',(#4196,#4197,#4205,#4211));
#4196 = ORIENTED_EDGE('',*,*,#489,.T.);
#4197 = ORIENTED_EDGE('',*,*,#4198,.T.);
#4198 = EDGE_CURVE('',#490,#4199,#4201,.T.);
#4199 = VERTEX_POINT('',#4200);
#4200 = CARTESIAN_POINT('',(20.,87.,106.));
#4201 = LINE('',#4202,#4203);
#4202 = CARTESIAN_POINT('',(-2.,87.,106.));
#4203 = VECTOR('',#4204,1.);
#4204 = DIRECTION('',(1.,0.,0.));
#4205 = ORIENTED_EDGE('',*,*,#4206,.F.);
#4206 = EDGE_CURVE('',#4144,#4199,#4207,.T.);
#4207 = LINE('',#4208,#4209);
#4208 = CARTESIAN_POINT('',(20.,102.375,90.625));
#4209 = VECTOR('',#4210,1.);
#4210 = DIRECTION('',(-0.,0.707106781187,-0.707106781187));
#4211 = ORIENTED_EDGE('',*,*,#4143,.F.);
#4212 = PLANE('',#4213);
#4213 = AXIS2_PLACEMENT_3D('',#4214,#4215,#4216);
#4214 = CARTESIAN_POINT('',(-2.,87.,106.));
#4215 = DIRECTION('',(0.,-0.707106781187,-0.707106781187));
#4216 = DIRECTION('',(0.,-0.707106781187,0.707106781187));
#4217 = ADVANCED_FACE('',(#4218),#4229,.T.);
#4218 = FACE_BOUND('',#4219,.T.);
#4219 = EDGE_LOOP('',(#4220,#4221,#4222,#4228));
#4220 = ORIENTED_EDGE('',*,*,#497,.T.);
#4221 = ORIENTED_EDGE('',*,*,#4183,.T.);
#4222 = ORIENTED_EDGE('',*,*,#4223,.F.);
#4223 = EDGE_CURVE('',#4199,#4176,#4224,.T.);
#4224 = LINE('',#4225,#4226);
#4225 = CARTESIAN_POINT('',(20.,50.625,69.625));
#4226 = VECTOR('',#4227,1.);
#4227 = DIRECTION('',(0.,-0.707106781187,-0.707106781187));
#4228 = ORIENTED_EDGE('',*,*,#4198,.F.);
#4229 = PLANE('',#4230);
#4230 = AXIS2_PLACEMENT_3D('',#4231,#4232,#4233);
#4231 = CARTESIAN_POINT('',(-2.,78.,97.));
#4232 = DIRECTION('',(0.,-0.707106781187,0.707106781187));
#4233 = DIRECTION('',(0.,0.707106781187,0.707106781187));
#4234 = ADVANCED_FACE('',(#4235),#4292,.F.);
#4235 = FACE_BOUND('',#4236,.F.);
#4236 = EDGE_LOOP('',(#4237,#4247,#4253,#4254,#4262,#4270,#4278,#4286));
#4237 = ORIENTED_EDGE('',*,*,#4238,.F.);
#4238 = EDGE_CURVE('',#4239,#4241,#4243,.T.);
#4239 = VERTEX_POINT('',#4240);
#4240 = CARTESIAN_POINT('',(2.4,2.4,138.));
#4241 = VERTEX_POINT('',#4242);
#4242 = CARTESIAN_POINT('',(2.4,93.,138.));
#4243 = LINE('',#4244,#4245);
#4244 = CARTESIAN_POINT('',(2.4,-1.,138.));
#4245 = VECTOR('',#4246,1.);
#4246 = DIRECTION('',(-0.,1.,0.));
#4247 = ORIENTED_EDGE('',*,*,#4248,.T.);
#4248 = EDGE_CURVE('',#4239,#521,#4249,.T.);
#4249 = LINE('',#4250,#4251);
#4250 = CARTESIAN_POINT('',(2.4,2.4,133.2));
#4251 = VECTOR('',#4252,1.);
#4252 = DIRECTION('',(-0.,0.,-1.));
#4253 = ORIENTED_EDGE('',*,*,#528,.T.);
#4254 = ORIENTED_EDGE('',*,*,#4255,.F.);
#4255 = EDGE_CURVE('',#4256,#529,#4258,.T.);
#4256 = VERTEX_POINT('',#4257);
#4257 = CARTESIAN_POINT('',(2.4,149.1,138.));
#4258 = LINE('',#4259,#4260);
#4259 = CARTESIAN_POINT('',(2.4,149.1,133.2));
#4260 = VECTOR('',#4261,1.);
#4261 = DIRECTION('',(-0.,0.,-1.));
#4262 = ORIENTED_EDGE('',*,*,#4263,.F.);
#4263 = EDGE_CURVE('',#4264,#4256,#4266,.T.);
#4264 = VERTEX_POINT('',#4265);
#4265 = CARTESIAN_POINT('',(2.4,107.,138.));
#4266 = LINE('',#4267,#4268);
#4267 = CARTESIAN_POINT('',(2.4,-1.,138.));
#4268 = VECTOR('',#4269,1.);
#4269 = DIRECTION('',(-0.,1.,0.));
#4270 = ORIENTED_EDGE('',*,*,#4271,.F.);
#4271 = EDGE_CURVE('',#4272,#4264,#4274,.T.);
#4272 = VERTEX_POINT('',#4273);
#4273 = CARTESIAN_POINT('',(2.4,107.,135.5));
#4274 = LINE('',#4275,#4276);
#4275 = CARTESIAN_POINT('',(2.4,107.,134.35));
#4276 = VECTOR('',#4277,1.);
#4277 = DIRECTION('',(0.,0.,1.));
#4278 = ORIENTED_EDGE('',*,*,#4279,.T.);
#4279 = EDGE_CURVE('',#4272,#4280,#4282,.T.);
#4280 = VERTEX_POINT('',#4281);
#4281 = CARTESIAN_POINT('',(2.4,93.,135.5));
#4282 = LINE('',#4283,#4284);
#4283 = CARTESIAN_POINT('',(2.4,45.5,135.5));
#4284 = VECTOR('',#4285,1.);
#4285 = DIRECTION('',(0.,-1.,0.));
#4286 = ORIENTED_EDGE('',*,*,#4287,.T.);
#4287 = EDGE_CURVE('',#4280,#4241,#4288,.T.);
#4288 = LINE('',#4289,#4290);
#4289 = CARTESIAN_POINT('',(2.4,93.,134.35));
#4290 = VECTOR('',#4291,1.);
#4291 = DIRECTION('',(0.,0.,1.));
#4292 = PLANE('',#4293);
#4293 = AXIS2_PLACEMENT_3D('',#4294,#4295,#4296);
#4294 = CARTESIAN_POINT('',(2.4,-2.,133.2));
#4295 = DIRECTION('',(1.,0.,-0.));
#4296 = DIRECTION('',(0.,0.,1.));
#4297 = ADVANCED_FACE('',(#4298),#4316,.T.);
#4298 = FACE_BOUND('',#4299,.T.);
#4299 = EDGE_LOOP('',(#4300,#4308,#4309,#4310));
#4300 = ORIENTED_EDGE('',*,*,#4301,.F.);
#4301 = EDGE_CURVE('',#521,#4302,#4304,.T.);
#4302 = VERTEX_POINT('',#4303);
#4303 = CARTESIAN_POINT('',(183.6,2.4,133.2));
#4304 = LINE('',#4305,#4306);
#4305 = CARTESIAN_POINT('',(-2.,2.4,133.2));
#4306 = VECTOR('',#4307,1.);
#4307 = DIRECTION('',(1.,0.,-0.));
#4308 = ORIENTED_EDGE('',*,*,#560,.F.);
#4309 = ORIENTED_EDGE('',*,*,#616,.T.);
#4310 = ORIENTED_EDGE('',*,*,#4311,.T.);
#4311 = EDGE_CURVE('',#617,#4302,#4312,.T.);
#4312 = LINE('',#4313,#4314);
#4313 = CARTESIAN_POINT('',(183.6,-2.,133.2));
#4314 = VECTOR('',#4315,1.);
#4315 = DIRECTION('',(-0.,1.,0.));
#4316 = PLANE('',#4317);
#4317 = AXIS2_PLACEMENT_3D('',#4318,#4319,#4320);
#4318 = CARTESIAN_POINT('',(-2.,0.,133.2));
#4319 = DIRECTION('',(0.,0.,1.));
#4320 = DIRECTION('',(1.,0.,-0.));
#4321 = ADVANCED_FACE('',(#4322),#4340,.T.);
#4322 = FACE_BOUND('',#4323,.T.);
#4323 = EDGE_LOOP('',(#4324,#4325,#4326,#4334));
#4324 = ORIENTED_EDGE('',*,*,#656,.F.);
#4325 = ORIENTED_EDGE('',*,*,#584,.F.);
#4326 = ORIENTED_EDGE('',*,*,#4327,.T.);
#4327 = EDGE_CURVE('',#529,#4328,#4330,.T.);
#4328 = VERTEX_POINT('',#4329);
#4329 = CARTESIAN_POINT('',(183.6,149.1,133.2));
#4330 = LINE('',#4331,#4332);
#4331 = CARTESIAN_POINT('',(-2.,149.1,133.2));
#4332 = VECTOR('',#4333,1.);
#4333 = DIRECTION('',(1.,0.,-0.));
#4334 = ORIENTED_EDGE('',*,*,#4335,.T.);
#4335 = EDGE_CURVE('',#4328,#657,#4336,.T.);
#4336 = LINE('',#4337,#4338);
#4337 = CARTESIAN_POINT('',(183.6,-2.,133.2));
#4338 = VECTOR('',#4339,1.);
#4339 = DIRECTION('',(-0.,1.,0.));
#4340 = PLANE('',#4341);
#4341 = AXIS2_PLACEMENT_3D('',#4342,#4343,#4344);
#4342 = CARTESIAN_POINT('',(-2.,149.1,133.2));
#4343 = DIRECTION('',(0.,0.,1.));
#4344 = DIRECTION('',(1.,0.,-0.));
#4345 = ADVANCED_FACE('',(#4346,#4373,#4407,#4441,#4475,#4509,#4543,
    #4577,#4611,#4645,#4679,#4713,#4747,#4781),#4815,.T.);
#4346 = FACE_BOUND('',#4347,.T.);
#4347 = EDGE_LOOP('',(#4348,#4358,#4364,#4365,#4366,#4367));
#4348 = ORIENTED_EDGE('',*,*,#4349,.F.);
#4349 = EDGE_CURVE('',#4350,#4352,#4354,.T.);
#4350 = VERTEX_POINT('',#4351);
#4351 = CARTESIAN_POINT('',(186.,2.4,133.2));
#4352 = VERTEX_POINT('',#4353);
#4353 = CARTESIAN_POINT('',(186.,149.1,133.2));
#4354 = LINE('',#4355,#4356);
#4355 = CARTESIAN_POINT('',(186.,-2.,133.2));
#4356 = VECTOR('',#4357,1.);
#4357 = DIRECTION('',(-0.,1.,0.));
#4358 = ORIENTED_EDGE('',*,*,#4359,.T.);
#4359 = EDGE_CURVE('',#4350,#601,#4360,.T.);
#4360 = LINE('',#4361,#4362);
#4361 = CARTESIAN_POINT('',(186.,0.,133.2));
#4362 = VECTOR('',#4363,1.);
#4363 = DIRECTION('',(0.,-1.,0.));
#4364 = ORIENTED_EDGE('',*,*,#598,.F.);
#4365 = ORIENTED_EDGE('',*,*,#1530,.T.);
#4366 = ORIENTED_EDGE('',*,*,#638,.T.);
#4367 = ORIENTED_EDGE('',*,*,#4368,.T.);
#4368 = EDGE_CURVE('',#641,#4352,#4369,.T.);
#4369 = LINE('',#4370,#4371);
#4370 = CARTESIAN_POINT('',(186.,74.55,133.2));
#4371 = VECTOR('',#4372,1.);
#4372 = DIRECTION('',(0.,-1.,0.));
#4373 = FACE_BOUND('',#4374,.T.);
#4374 = EDGE_LOOP('',(#4375,#4385,#4393,#4401));
#4375 = ORIENTED_EDGE('',*,*,#4376,.T.);
#4376 = EDGE_CURVE('',#4377,#4379,#4381,.T.);
#4377 = VERTEX_POINT('',#4378);
#4378 = CARTESIAN_POINT('',(186.,113.,40.));
#4379 = VERTEX_POINT('',#4380);
#4380 = CARTESIAN_POINT('',(186.,122.,49.));
#4381 = LINE('',#4382,#4383);
#4382 = CARTESIAN_POINT('',(186.,79.25,6.25));
#4383 = VECTOR('',#4384,1.);
#4384 = DIRECTION('',(0.,0.707106781187,0.707106781187));
#4385 = ORIENTED_EDGE('',*,*,#4386,.T.);
#4386 = EDGE_CURVE('',#4379,#4387,#4389,.T.);
#4387 = VERTEX_POINT('',#4388);
#4388 = CARTESIAN_POINT('',(186.,131.,40.));
#4389 = LINE('',#4390,#4391);
#4390 = CARTESIAN_POINT('',(186.,108.25,62.75));
#4391 = VECTOR('',#4392,1.);
#4392 = DIRECTION('',(-0.,0.707106781187,-0.707106781187));
#4393 = ORIENTED_EDGE('',*,*,#4394,.T.);
#4394 = EDGE_CURVE('',#4387,#4395,#4397,.T.);
#4395 = VERTEX_POINT('',#4396);
#4396 = CARTESIAN_POINT('',(186.,122.,31.));
#4397 = LINE('',#4398,#4399);
#4398 = CARTESIAN_POINT('',(186.,83.75,-7.25));
#4399 = VECTOR('',#4400,1.);
#4400 = DIRECTION('',(0.,-0.707106781187,-0.707106781187));
#4401 = ORIENTED_EDGE('',*,*,#4402,.T.);
#4402 = EDGE_CURVE('',#4395,#4377,#4403,.T.);
#4403 = LINE('',#4404,#4405);
#4404 = CARTESIAN_POINT('',(186.,94.75,58.25));
#4405 = VECTOR('',#4406,1.);
#4406 = DIRECTION('',(0.,-0.707106781187,0.707106781187));
#4407 = FACE_BOUND('',#4408,.T.);
#4408 = EDGE_LOOP('',(#4409,#4419,#4427,#4435));
#4409 = ORIENTED_EDGE('',*,*,#4410,.T.);
#4410 = EDGE_CURVE('',#4411,#4413,#4415,.T.);
#4411 = VERTEX_POINT('',#4412);
#4412 = CARTESIAN_POINT('',(186.,113.,62.));
#4413 = VERTEX_POINT('',#4414);
#4414 = CARTESIAN_POINT('',(186.,122.,71.));
#4415 = LINE('',#4416,#4417);
#4416 = CARTESIAN_POINT('',(186.,73.75,22.75));
#4417 = VECTOR('',#4418,1.);
#4418 = DIRECTION('',(0.,0.707106781187,0.707106781187));
#4419 = ORIENTED_EDGE('',*,*,#4420,.T.);
#4420 = EDGE_CURVE('',#4413,#4421,#4423,.T.);
#4421 = VERTEX_POINT('',#4422);
#4422 = CARTESIAN_POINT('',(186.,131.,62.));
#4423 = LINE('',#4424,#4425);
#4424 = CARTESIAN_POINT('',(186.,113.75,79.25));
#4425 = VECTOR('',#4426,1.);
#4426 = DIRECTION('',(-0.,0.707106781187,-0.707106781187));
#4427 = ORIENTED_EDGE('',*,*,#4428,.T.);
#4428 = EDGE_CURVE('',#4421,#4429,#4431,.T.);
#4429 = VERTEX_POINT('',#4430);
#4430 = CARTESIAN_POINT('',(186.,122.,53.));
#4431 = LINE('',#4432,#4433);
#4432 = CARTESIAN_POINT('',(186.,78.25,9.25));
#4433 = VECTOR('',#4434,1.);
#4434 = DIRECTION('',(0.,-0.707106781187,-0.707106781187));
#4435 = ORIENTED_EDGE('',*,*,#4436,.T.);
#4436 = EDGE_CURVE('',#4429,#4411,#4437,.T.);
#4437 = LINE('',#4438,#4439);
#4438 = CARTESIAN_POINT('',(186.,100.25,74.75));
#4439 = VECTOR('',#4440,1.);
#4440 = DIRECTION('',(0.,-0.707106781187,0.707106781187));
#4441 = FACE_BOUND('',#4442,.T.);
#4442 = EDGE_LOOP('',(#4443,#4453,#4461,#4469));
#4443 = ORIENTED_EDGE('',*,*,#4444,.T.);
#4444 = EDGE_CURVE('',#4445,#4447,#4449,.T.);
#4445 = VERTEX_POINT('',#4446);
#4446 = CARTESIAN_POINT('',(186.,113.,84.));
#4447 = VERTEX_POINT('',#4448);
#4448 = CARTESIAN_POINT('',(186.,122.,93.));
#4449 = LINE('',#4450,#4451);
#4450 = CARTESIAN_POINT('',(186.,68.25,39.25));
#4451 = VECTOR('',#4452,1.);
#4452 = DIRECTION('',(0.,0.707106781187,0.707106781187));
#4453 = ORIENTED_EDGE('',*,*,#4454,.T.);
#4454 = EDGE_CURVE('',#4447,#4455,#4457,.T.);
#4455 = VERTEX_POINT('',#4456);
#4456 = CARTESIAN_POINT('',(186.,131.,84.));
#4457 = LINE('',#4458,#4459);
#4458 = CARTESIAN_POINT('',(186.,119.25,95.75));
#4459 = VECTOR('',#4460,1.);
#4460 = DIRECTION('',(-0.,0.707106781187,-0.707106781187));
#4461 = ORIENTED_EDGE('',*,*,#4462,.T.);
#4462 = EDGE_CURVE('',#4455,#4463,#4465,.T.);
#4463 = VERTEX_POINT('',#4464);
#4464 = CARTESIAN_POINT('',(186.,122.,75.));
#4465 = LINE('',#4466,#4467);
#4466 = CARTESIAN_POINT('',(186.,72.75,25.75));
#4467 = VECTOR('',#4468,1.);
#4468 = DIRECTION('',(0.,-0.707106781187,-0.707106781187));
#4469 = ORIENTED_EDGE('',*,*,#4470,.T.);
#4470 = EDGE_CURVE('',#4463,#4445,#4471,.T.);
#4471 = LINE('',#4472,#4473);
#4472 = CARTESIAN_POINT('',(186.,105.75,91.25));
#4473 = VECTOR('',#4474,1.);
#4474 = DIRECTION('',(0.,-0.707106781187,0.707106781187));
#4475 = FACE_BOUND('',#4476,.T.);
#4476 = EDGE_LOOP('',(#4477,#4487,#4495,#4503));
#4477 = ORIENTED_EDGE('',*,*,#4478,.T.);
#4478 = EDGE_CURVE('',#4479,#4481,#4483,.T.);
#4479 = VERTEX_POINT('',#4480);
#4480 = CARTESIAN_POINT('',(186.,113.,106.));
#4481 = VERTEX_POINT('',#4482);
#4482 = CARTESIAN_POINT('',(186.,122.,115.));
#4483 = LINE('',#4484,#4485);
#4484 = CARTESIAN_POINT('',(186.,62.75,55.75));
#4485 = VECTOR('',#4486,1.);
#4486 = DIRECTION('',(0.,0.707106781187,0.707106781187));
#4487 = ORIENTED_EDGE('',*,*,#4488,.T.);
#4488 = EDGE_CURVE('',#4481,#4489,#4491,.T.);
#4489 = VERTEX_POINT('',#4490);
#4490 = CARTESIAN_POINT('',(186.,131.,106.));
#4491 = LINE('',#4492,#4493);
#4492 = CARTESIAN_POINT('',(186.,124.75,112.25));
#4493 = VECTOR('',#4494,1.);
#4494 = DIRECTION('',(-0.,0.707106781187,-0.707106781187));
#4495 = ORIENTED_EDGE('',*,*,#4496,.T.);
#4496 = EDGE_CURVE('',#4489,#4497,#4499,.T.);
#4497 = VERTEX_POINT('',#4498);
#4498 = CARTESIAN_POINT('',(186.,122.,97.));
#4499 = LINE('',#4500,#4501);
#4500 = CARTESIAN_POINT('',(186.,67.25,42.25));
#4501 = VECTOR('',#4502,1.);
#4502 = DIRECTION('',(0.,-0.707106781187,-0.707106781187));
#4503 = ORIENTED_EDGE('',*,*,#4504,.T.);
#4504 = EDGE_CURVE('',#4497,#4479,#4505,.T.);
#4505 = LINE('',#4506,#4507);
#4506 = CARTESIAN_POINT('',(186.,111.25,107.75));
#4507 = VECTOR('',#4508,1.);
#4508 = DIRECTION('',(0.,-0.707106781187,0.707106781187));
#4509 = FACE_BOUND('',#4510,.T.);
#4510 = EDGE_LOOP('',(#4511,#4521,#4529,#4537));
#4511 = ORIENTED_EDGE('',*,*,#4512,.T.);
#4512 = EDGE_CURVE('',#4513,#4515,#4517,.T.);
#4513 = VERTEX_POINT('',#4514);
#4514 = CARTESIAN_POINT('',(186.,91.,29.));
#4515 = VERTEX_POINT('',#4516);
#4516 = CARTESIAN_POINT('',(186.,100.,38.));
#4517 = LINE('',#4518,#4519);
#4518 = CARTESIAN_POINT('',(186.,65.5,3.5));
#4519 = VECTOR('',#4520,1.);
#4520 = DIRECTION('',(0.,0.707106781187,0.707106781187));
#4521 = ORIENTED_EDGE('',*,*,#4522,.T.);
#4522 = EDGE_CURVE('',#4515,#4523,#4525,.T.);
#4523 = VERTEX_POINT('',#4524);
#4524 = CARTESIAN_POINT('',(186.,109.,29.));
#4525 = LINE('',#4526,#4527);
#4526 = CARTESIAN_POINT('',(186.,89.,49.));
#4527 = VECTOR('',#4528,1.);
#4528 = DIRECTION('',(-0.,0.707106781187,-0.707106781187));
#4529 = ORIENTED_EDGE('',*,*,#4530,.T.);
#4530 = EDGE_CURVE('',#4523,#4531,#4533,.T.);
#4531 = VERTEX_POINT('',#4532);
#4532 = CARTESIAN_POINT('',(186.,100.,20.));
#4533 = LINE('',#4534,#4535);
#4534 = CARTESIAN_POINT('',(186.,70.,-10.));
#4535 = VECTOR('',#4536,1.);
#4536 = DIRECTION('',(0.,-0.707106781187,-0.707106781187));
#4537 = ORIENTED_EDGE('',*,*,#4538,.T.);
#4538 = EDGE_CURVE('',#4531,#4513,#4539,.T.);
#4539 = LINE('',#4540,#4541);
#4540 = CARTESIAN_POINT('',(186.,75.5,44.5));
#4541 = VECTOR('',#4542,1.);
#4542 = DIRECTION('',(0.,-0.707106781187,0.707106781187));
#4543 = FACE_BOUND('',#4544,.T.);
#4544 = EDGE_LOOP('',(#4545,#4555,#4563,#4571));
#4545 = ORIENTED_EDGE('',*,*,#4546,.T.);
#4546 = EDGE_CURVE('',#4547,#4549,#4551,.T.);
#4547 = VERTEX_POINT('',#4548);
#4548 = CARTESIAN_POINT('',(186.,91.,51.));
#4549 = VERTEX_POINT('',#4550);
#4550 = CARTESIAN_POINT('',(186.,100.,60.));
#4551 = LINE('',#4552,#4553);
#4552 = CARTESIAN_POINT('',(186.,60.,20.));
#4553 = VECTOR('',#4554,1.);
#4554 = DIRECTION('',(0.,0.707106781187,0.707106781187));
#4555 = ORIENTED_EDGE('',*,*,#4556,.T.);
#4556 = EDGE_CURVE('',#4549,#4557,#4559,.T.);
#4557 = VERTEX_POINT('',#4558);
#4558 = CARTESIAN_POINT('',(186.,109.,51.));
#4559 = LINE('',#4560,#4561);
#4560 = CARTESIAN_POINT('',(186.,94.5,65.5));
#4561 = VECTOR('',#4562,1.);
#4562 = DIRECTION('',(-0.,0.707106781187,-0.707106781187));
#4563 = ORIENTED_EDGE('',*,*,#4564,.T.);
#4564 = EDGE_CURVE('',#4557,#4565,#4567,.T.);
#4565 = VERTEX_POINT('',#4566);
#4566 = CARTESIAN_POINT('',(186.,100.,42.));
#4567 = LINE('',#4568,#4569);
#4568 = CARTESIAN_POINT('',(186.,64.5,6.5));
#4569 = VECTOR('',#4570,1.);
#4570 = DIRECTION('',(0.,-0.707106781187,-0.707106781187));
#4571 = ORIENTED_EDGE('',*,*,#4572,.T.);
#4572 = EDGE_CURVE('',#4565,#4547,#4573,.T.);
#4573 = LINE('',#4574,#4575);
#4574 = CARTESIAN_POINT('',(186.,81.,61.));
#4575 = VECTOR('',#4576,1.);
#4576 = DIRECTION('',(0.,-0.707106781187,0.707106781187));
#4577 = FACE_BOUND('',#4578,.T.);
#4578 = EDGE_LOOP('',(#4579,#4589,#4597,#4605));
#4579 = ORIENTED_EDGE('',*,*,#4580,.T.);
#4580 = EDGE_CURVE('',#4581,#4583,#4585,.T.);
#4581 = VERTEX_POINT('',#4582);
#4582 = CARTESIAN_POINT('',(186.,91.,73.));
#4583 = VERTEX_POINT('',#4584);
#4584 = CARTESIAN_POINT('',(186.,100.,82.));
#4585 = LINE('',#4586,#4587);
#4586 = CARTESIAN_POINT('',(186.,54.5,36.5));
#4587 = VECTOR('',#4588,1.);
#4588 = DIRECTION('',(0.,0.707106781187,0.707106781187));
#4589 = ORIENTED_EDGE('',*,*,#4590,.T.);
#4590 = EDGE_CURVE('',#4583,#4591,#4593,.T.);
#4591 = VERTEX_POINT('',#4592);
#4592 = CARTESIAN_POINT('',(186.,109.,73.));
#4593 = LINE('',#4594,#4595);
#4594 = CARTESIAN_POINT('',(186.,100.,82.));
#4595 = VECTOR('',#4596,1.);
#4596 = DIRECTION('',(-0.,0.707106781187,-0.707106781187));
#4597 = ORIENTED_EDGE('',*,*,#4598,.T.);
#4598 = EDGE_CURVE('',#4591,#4599,#4601,.T.);
#4599 = VERTEX_POINT('',#4600);
#4600 = CARTESIAN_POINT('',(186.,100.,64.));
#4601 = LINE('',#4602,#4603);
#4602 = CARTESIAN_POINT('',(186.,59.,23.));
#4603 = VECTOR('',#4604,1.);
#4604 = DIRECTION('',(0.,-0.707106781187,-0.707106781187));
#4605 = ORIENTED_EDGE('',*,*,#4606,.T.);
#4606 = EDGE_CURVE('',#4599,#4581,#4607,.T.);
#4607 = LINE('',#4608,#4609);
#4608 = CARTESIAN_POINT('',(186.,86.5,77.5));
#4609 = VECTOR('',#4610,1.);
#4610 = DIRECTION('',(0.,-0.707106781187,0.707106781187));
#4611 = FACE_BOUND('',#4612,.T.);
#4612 = EDGE_LOOP('',(#4613,#4623,#4631,#4639));
#4613 = ORIENTED_EDGE('',*,*,#4614,.T.);
#4614 = EDGE_CURVE('',#4615,#4617,#4619,.T.);
#4615 = VERTEX_POINT('',#4616);
#4616 = CARTESIAN_POINT('',(186.,69.,40.));
#4617 = VERTEX_POINT('',#4618);
#4618 = CARTESIAN_POINT('',(186.,78.,49.));
#4619 = LINE('',#4620,#4621);
#4620 = CARTESIAN_POINT('',(186.,46.25,17.25));
#4621 = VECTOR('',#4622,1.);
#4622 = DIRECTION('',(0.,0.707106781187,0.707106781187));
#4623 = ORIENTED_EDGE('',*,*,#4624,.T.);
#4624 = EDGE_CURVE('',#4617,#4625,#4627,.T.);
#4625 = VERTEX_POINT('',#4626);
#4626 = CARTESIAN_POINT('',(186.,87.,40.));
#4627 = LINE('',#4628,#4629);
#4628 = CARTESIAN_POINT('',(186.,75.25,51.75));
#4629 = VECTOR('',#4630,1.);
#4630 = DIRECTION('',(-0.,0.707106781187,-0.707106781187));
#4631 = ORIENTED_EDGE('',*,*,#4632,.T.);
#4632 = EDGE_CURVE('',#4625,#4633,#4635,.T.);
#4633 = VERTEX_POINT('',#4634);
#4634 = CARTESIAN_POINT('',(186.,78.,31.));
#4635 = LINE('',#4636,#4637);
#4636 = CARTESIAN_POINT('',(186.,50.75,3.75));
#4637 = VECTOR('',#4638,1.);
#4638 = DIRECTION('',(0.,-0.707106781187,-0.707106781187));
#4639 = ORIENTED_EDGE('',*,*,#4640,.T.);
#4640 = EDGE_CURVE('',#4633,#4615,#4641,.T.);
#4641 = LINE('',#4642,#4643);
#4642 = CARTESIAN_POINT('',(186.,61.75,47.25));
#4643 = VECTOR('',#4644,1.);
#4644 = DIRECTION('',(0.,-0.707106781187,0.707106781187));
#4645 = FACE_BOUND('',#4646,.T.);
#4646 = EDGE_LOOP('',(#4647,#4657,#4665,#4673));
#4647 = ORIENTED_EDGE('',*,*,#4648,.T.);
#4648 = EDGE_CURVE('',#4649,#4651,#4653,.T.);
#4649 = VERTEX_POINT('',#4650);
#4650 = CARTESIAN_POINT('',(186.,69.,62.));
#4651 = VERTEX_POINT('',#4652);
#4652 = CARTESIAN_POINT('',(186.,78.,71.));
#4653 = LINE('',#4654,#4655);
#4654 = CARTESIAN_POINT('',(186.,40.75,33.75));
#4655 = VECTOR('',#4656,1.);
#4656 = DIRECTION('',(0.,0.707106781187,0.707106781187));
#4657 = ORIENTED_EDGE('',*,*,#4658,.T.);
#4658 = EDGE_CURVE('',#4651,#4659,#4661,.T.);
#4659 = VERTEX_POINT('',#4660);
#4660 = CARTESIAN_POINT('',(186.,87.,62.));
#4661 = LINE('',#4662,#4663);
#4662 = CARTESIAN_POINT('',(186.,80.75,68.25));
#4663 = VECTOR('',#4664,1.);
#4664 = DIRECTION('',(-0.,0.707106781187,-0.707106781187));
#4665 = ORIENTED_EDGE('',*,*,#4666,.T.);
#4666 = EDGE_CURVE('',#4659,#4667,#4669,.T.);
#4667 = VERTEX_POINT('',#4668);
#4668 = CARTESIAN_POINT('',(186.,78.,53.));
#4669 = LINE('',#4670,#4671);
#4670 = CARTESIAN_POINT('',(186.,45.25,20.25));
#4671 = VECTOR('',#4672,1.);
#4672 = DIRECTION('',(0.,-0.707106781187,-0.707106781187));
#4673 = ORIENTED_EDGE('',*,*,#4674,.T.);
#4674 = EDGE_CURVE('',#4667,#4649,#4675,.T.);
#4675 = LINE('',#4676,#4677);
#4676 = CARTESIAN_POINT('',(186.,67.25,63.75));
#4677 = VECTOR('',#4678,1.);
#4678 = DIRECTION('',(0.,-0.707106781187,0.707106781187));
#4679 = FACE_BOUND('',#4680,.T.);
#4680 = EDGE_LOOP('',(#4681,#4691,#4699,#4707));
#4681 = ORIENTED_EDGE('',*,*,#4682,.T.);
#4682 = EDGE_CURVE('',#4683,#4685,#4687,.T.);
#4683 = VERTEX_POINT('',#4684);
#4684 = CARTESIAN_POINT('',(186.,91.,95.));
#4685 = VERTEX_POINT('',#4686);
#4686 = CARTESIAN_POINT('',(186.,100.,104.));
#4687 = LINE('',#4688,#4689);
#4688 = CARTESIAN_POINT('',(186.,49.,53.));
#4689 = VECTOR('',#4690,1.);
#4690 = DIRECTION('',(0.,0.707106781187,0.707106781187));
#4691 = ORIENTED_EDGE('',*,*,#4692,.T.);
#4692 = EDGE_CURVE('',#4685,#4693,#4695,.T.);
#4693 = VERTEX_POINT('',#4694);
#4694 = CARTESIAN_POINT('',(186.,109.,95.));
#4695 = LINE('',#4696,#4697);
#4696 = CARTESIAN_POINT('',(186.,105.5,98.5));
#4697 = VECTOR('',#4698,1.);
#4698 = DIRECTION('',(-0.,0.707106781187,-0.707106781187));
#4699 = ORIENTED_EDGE('',*,*,#4700,.T.);
#4700 = EDGE_CURVE('',#4693,#4701,#4703,.T.);
#4701 = VERTEX_POINT('',#4702);
#4702 = CARTESIAN_POINT('',(186.,100.,86.));
#4703 = LINE('',#4704,#4705);
#4704 = CARTESIAN_POINT('',(186.,53.5,39.5));
#4705 = VECTOR('',#4706,1.);
#4706 = DIRECTION('',(0.,-0.707106781187,-0.707106781187));
#4707 = ORIENTED_EDGE('',*,*,#4708,.T.);
#4708 = EDGE_CURVE('',#4701,#4683,#4709,.T.);
#4709 = LINE('',#4710,#4711);
#4710 = CARTESIAN_POINT('',(186.,92.,94.));
#4711 = VECTOR('',#4712,1.);
#4712 = DIRECTION('',(0.,-0.707106781187,0.707106781187));
#4713 = FACE_BOUND('',#4714,.T.);
#4714 = EDGE_LOOP('',(#4715,#4725,#4733,#4741));
#4715 = ORIENTED_EDGE('',*,*,#4716,.T.);
#4716 = EDGE_CURVE('',#4717,#4719,#4721,.T.);
#4717 = VERTEX_POINT('',#4718);
#4718 = CARTESIAN_POINT('',(186.,106.2,114.5));
#4719 = VERTEX_POINT('',#4720);
#4720 = CARTESIAN_POINT('',(186.,93.8,114.5));
#4721 = LINE('',#4722,#4723);
#4722 = CARTESIAN_POINT('',(186.,46.9,114.5));
#4723 = VECTOR('',#4724,1.);
#4724 = DIRECTION('',(0.,-1.,0.));
#4725 = ORIENTED_EDGE('',*,*,#4726,.T.);
#4726 = EDGE_CURVE('',#4719,#4727,#4729,.T.);
#4727 = VERTEX_POINT('',#4728);
#4728 = CARTESIAN_POINT('',(186.,93.8,127.4));
#4729 = LINE('',#4730,#4731);
#4730 = CARTESIAN_POINT('',(186.,93.8,57.25));
#4731 = VECTOR('',#4732,1.);
#4732 = DIRECTION('',(0.,0.,1.));
#4733 = ORIENTED_EDGE('',*,*,#4734,.F.);
#4734 = EDGE_CURVE('',#4735,#4727,#4737,.T.);
#4735 = VERTEX_POINT('',#4736);
#4736 = CARTESIAN_POINT('',(186.,106.2,127.4));
#4737 = LINE('',#4738,#4739);
#4738 = CARTESIAN_POINT('',(186.,46.9,127.4));
#4739 = VECTOR('',#4740,1.);
#4740 = DIRECTION('',(0.,-1.,0.));
#4741 = ORIENTED_EDGE('',*,*,#4742,.F.);
#4742 = EDGE_CURVE('',#4717,#4735,#4743,.T.);
#4743 = LINE('',#4744,#4745);
#4744 = CARTESIAN_POINT('',(186.,106.2,57.25));
#4745 = VECTOR('',#4746,1.);
#4746 = DIRECTION('',(0.,0.,1.));
#4747 = FACE_BOUND('',#4748,.T.);
#4748 = EDGE_LOOP('',(#4749,#4759,#4767,#4775));
#4749 = ORIENTED_EDGE('',*,*,#4750,.T.);
#4750 = EDGE_CURVE('',#4751,#4753,#4755,.T.);
#4751 = VERTEX_POINT('',#4752);
#4752 = CARTESIAN_POINT('',(186.,69.,84.));
#4753 = VERTEX_POINT('',#4754);
#4754 = CARTESIAN_POINT('',(186.,78.,93.));
#4755 = LINE('',#4756,#4757);
#4756 = CARTESIAN_POINT('',(186.,35.25,50.25));
#4757 = VECTOR('',#4758,1.);
#4758 = DIRECTION('',(0.,0.707106781187,0.707106781187));
#4759 = ORIENTED_EDGE('',*,*,#4760,.T.);
#4760 = EDGE_CURVE('',#4753,#4761,#4763,.T.);
#4761 = VERTEX_POINT('',#4762);
#4762 = CARTESIAN_POINT('',(186.,87.,84.));
#4763 = LINE('',#4764,#4765);
#4764 = CARTESIAN_POINT('',(186.,86.25,84.75));
#4765 = VECTOR('',#4766,1.);
#4766 = DIRECTION('',(-0.,0.707106781187,-0.707106781187));
#4767 = ORIENTED_EDGE('',*,*,#4768,.T.);
#4768 = EDGE_CURVE('',#4761,#4769,#4771,.T.);
#4769 = VERTEX_POINT('',#4770);
#4770 = CARTESIAN_POINT('',(186.,78.,75.));
#4771 = LINE('',#4772,#4773);
#4772 = CARTESIAN_POINT('',(186.,39.75,36.75));
#4773 = VECTOR('',#4774,1.);
#4774 = DIRECTION('',(0.,-0.707106781187,-0.707106781187));
#4775 = ORIENTED_EDGE('',*,*,#4776,.T.);
#4776 = EDGE_CURVE('',#4769,#4751,#4777,.T.);
#4777 = LINE('',#4778,#4779);
#4778 = CARTESIAN_POINT('',(186.,72.75,80.25));
#4779 = VECTOR('',#4780,1.);
#4780 = DIRECTION('',(0.,-0.707106781187,0.707106781187));
#4781 = FACE_BOUND('',#4782,.T.);
#4782 = EDGE_LOOP('',(#4783,#4793,#4801,#4809));
#4783 = ORIENTED_EDGE('',*,*,#4784,.T.);
#4784 = EDGE_CURVE('',#4785,#4787,#4789,.T.);
#4785 = VERTEX_POINT('',#4786);
#4786 = CARTESIAN_POINT('',(186.,69.,106.));
#4787 = VERTEX_POINT('',#4788);
#4788 = CARTESIAN_POINT('',(186.,78.,115.));
#4789 = LINE('',#4790,#4791);
#4790 = CARTESIAN_POINT('',(186.,29.75,66.75));
#4791 = VECTOR('',#4792,1.);
#4792 = DIRECTION('',(0.,0.707106781187,0.707106781187));
#4793 = ORIENTED_EDGE('',*,*,#4794,.T.);
#4794 = EDGE_CURVE('',#4787,#4795,#4797,.T.);
#4795 = VERTEX_POINT('',#4796);
#4796 = CARTESIAN_POINT('',(186.,87.,106.));
#4797 = LINE('',#4798,#4799);
#4798 = CARTESIAN_POINT('',(186.,91.75,101.25));
#4799 = VECTOR('',#4800,1.);
#4800 = DIRECTION('',(-0.,0.707106781187,-0.707106781187));
#4801 = ORIENTED_EDGE('',*,*,#4802,.T.);
#4802 = EDGE_CURVE('',#4795,#4803,#4805,.T.);
#4803 = VERTEX_POINT('',#4804);
#4804 = CARTESIAN_POINT('',(186.,78.,97.));
#4805 = LINE('',#4806,#4807);
#4806 = CARTESIAN_POINT('',(186.,34.25,53.25));
#4807 = VECTOR('',#4808,1.);
#4808 = DIRECTION('',(0.,-0.707106781187,-0.707106781187));
#4809 = ORIENTED_EDGE('',*,*,#4810,.T.);
#4810 = EDGE_CURVE('',#4803,#4785,#4811,.T.);
#4811 = LINE('',#4812,#4813);
#4812 = CARTESIAN_POINT('',(186.,78.25,96.75));
#4813 = VECTOR('',#4814,1.);
#4814 = DIRECTION('',(0.,-0.707106781187,0.707106781187));
#4815 = PLANE('',#4816);
#4816 = AXIS2_PLACEMENT_3D('',#4817,#4818,#4819);
#4817 = CARTESIAN_POINT('',(186.,0.,0.));
#4818 = DIRECTION('',(1.,0.,-0.));
#4819 = DIRECTION('',(0.,0.,1.));
#4820 = ADVANCED_FACE('',(#4821),#4832,.T.);
#4821 = FACE_BOUND('',#4822,.T.);
#4822 = EDGE_LOOP('',(#4823,#4829,#4830,#4831));
#4823 = ORIENTED_EDGE('',*,*,#4824,.F.);
#4824 = EDGE_CURVE('',#4302,#4350,#4825,.T.);
#4825 = LINE('',#4826,#4827);
#4826 = CARTESIAN_POINT('',(-2.,2.4,133.2));
#4827 = VECTOR('',#4828,1.);
#4828 = DIRECTION('',(1.,0.,-0.));
#4829 = ORIENTED_EDGE('',*,*,#4311,.F.);
#4830 = ORIENTED_EDGE('',*,*,#624,.T.);
#4831 = ORIENTED_EDGE('',*,*,#4359,.F.);
#4832 = PLANE('',#4833);
#4833 = AXIS2_PLACEMENT_3D('',#4834,#4835,#4836);
#4834 = CARTESIAN_POINT('',(-2.,0.,133.2));
#4835 = DIRECTION('',(0.,0.,1.));
#4836 = DIRECTION('',(1.,0.,-0.));
#4837 = ADVANCED_FACE('',(#4838),#4849,.T.);
#4838 = FACE_BOUND('',#4839,.T.);
#4839 = EDGE_LOOP('',(#4840,#4841,#4842,#4848));
#4840 = ORIENTED_EDGE('',*,*,#664,.F.);
#4841 = ORIENTED_EDGE('',*,*,#4335,.F.);
#4842 = ORIENTED_EDGE('',*,*,#4843,.T.);
#4843 = EDGE_CURVE('',#4328,#4352,#4844,.T.);
#4844 = LINE('',#4845,#4846);
#4845 = CARTESIAN_POINT('',(-2.,149.1,133.2));
#4846 = VECTOR('',#4847,1.);
#4847 = DIRECTION('',(1.,0.,-0.));
#4848 = ORIENTED_EDGE('',*,*,#4368,.F.);
#4849 = PLANE('',#4850);
#4850 = AXIS2_PLACEMENT_3D('',#4851,#4852,#4853);
#4851 = CARTESIAN_POINT('',(-2.,149.1,133.2));
#4852 = DIRECTION('',(0.,0.,1.));
#4853 = DIRECTION('',(1.,0.,-0.));
#4854 = ADVANCED_FACE('',(#4855),#4880,.T.);
#4855 = FACE_BOUND('',#4856,.T.);
#4856 = EDGE_LOOP('',(#4857,#4867,#4873,#4874));
#4857 = ORIENTED_EDGE('',*,*,#4858,.T.);
#4858 = EDGE_CURVE('',#4859,#4861,#4863,.T.);
#4859 = VERTEX_POINT('',#4860);
#4860 = CARTESIAN_POINT('',(48.,148.,18.5));
#4861 = VERTEX_POINT('',#4862);
#4862 = CARTESIAN_POINT('',(57.5,148.,28.));
#4863 = LINE('',#4864,#4865);
#4864 = CARTESIAN_POINT('',(44.,148.,14.5));
#4865 = VECTOR('',#4866,1.);
#4866 = DIRECTION('',(0.707106781187,0.,0.707106781187));
#4867 = ORIENTED_EDGE('',*,*,#4868,.T.);
#4868 = EDGE_CURVE('',#4861,#675,#4869,.T.);
#4869 = LINE('',#4870,#4871);
#4870 = CARTESIAN_POINT('',(57.5,146.,28.));
#4871 = VECTOR('',#4872,1.);
#4872 = DIRECTION('',(0.,1.,0.));
#4873 = ORIENTED_EDGE('',*,*,#672,.F.);
#4874 = ORIENTED_EDGE('',*,*,#4875,.F.);
#4875 = EDGE_CURVE('',#4859,#673,#4876,.T.);
#4876 = LINE('',#4877,#4878);
#4877 = CARTESIAN_POINT('',(48.,146.,18.5));
#4878 = VECTOR('',#4879,1.);
#4879 = DIRECTION('',(0.,1.,0.));
#4880 = PLANE('',#4881);
#4881 = AXIS2_PLACEMENT_3D('',#4882,#4883,#4884);
#4882 = CARTESIAN_POINT('',(57.5,146.,28.));
#4883 = DIRECTION('',(-0.707106781187,0.,0.707106781187));
#4884 = DIRECTION('',(-0.707106781187,0.,-0.707106781187));
#4885 = ADVANCED_FACE('',(#4886),#4904,.T.);
#4886 = FACE_BOUND('',#4887,.T.);
#4887 = EDGE_LOOP('',(#4888,#4896,#4897,#4898));
#4888 = ORIENTED_EDGE('',*,*,#4889,.T.);
#4889 = EDGE_CURVE('',#4890,#4859,#4892,.T.);
#4890 = VERTEX_POINT('',#4891);
#4891 = CARTESIAN_POINT('',(38.5,148.,28.));
#4892 = LINE('',#4893,#4894);
#4893 = CARTESIAN_POINT('',(42.75,148.,23.75));
#4894 = VECTOR('',#4895,1.);
#4895 = DIRECTION('',(0.707106781187,0.,-0.707106781187));
#4896 = ORIENTED_EDGE('',*,*,#4875,.T.);
#4897 = ORIENTED_EDGE('',*,*,#698,.F.);
#4898 = ORIENTED_EDGE('',*,*,#4899,.F.);
#4899 = EDGE_CURVE('',#4890,#691,#4900,.T.);
#4900 = LINE('',#4901,#4902);
#4901 = CARTESIAN_POINT('',(38.5,146.,28.));
#4902 = VECTOR('',#4903,1.);
#4903 = DIRECTION('',(0.,1.,0.));
#4904 = PLANE('',#4905);
#4905 = AXIS2_PLACEMENT_3D('',#4906,#4907,#4908);
#4906 = CARTESIAN_POINT('',(48.,146.,18.5));
#4907 = DIRECTION('',(0.707106781187,-0.,0.707106781187));
#4908 = DIRECTION('',(-0.707106781187,0.,0.707106781187));
#4909 = ADVANCED_FACE('',(#4910),#4928,.T.);
#4910 = FACE_BOUND('',#4911,.T.);
#4911 = EDGE_LOOP('',(#4912,#4920,#4926,#4927));
#4912 = ORIENTED_EDGE('',*,*,#4913,.T.);
#4913 = EDGE_CURVE('',#4861,#4914,#4916,.T.);
#4914 = VERTEX_POINT('',#4915);
#4915 = CARTESIAN_POINT('',(48.,148.,37.5));
#4916 = LINE('',#4917,#4918);
#4917 = CARTESIAN_POINT('',(47.5,148.,38.));
#4918 = VECTOR('',#4919,1.);
#4919 = DIRECTION('',(-0.707106781187,-0.,0.707106781187));
#4920 = ORIENTED_EDGE('',*,*,#4921,.T.);
#4921 = EDGE_CURVE('',#4914,#683,#4922,.T.);
#4922 = LINE('',#4923,#4924);
#4923 = CARTESIAN_POINT('',(48.,146.,37.5));
#4924 = VECTOR('',#4925,1.);
#4925 = DIRECTION('',(0.,1.,0.));
#4926 = ORIENTED_EDGE('',*,*,#682,.F.);
#4927 = ORIENTED_EDGE('',*,*,#4868,.F.);
#4928 = PLANE('',#4929);
#4929 = AXIS2_PLACEMENT_3D('',#4930,#4931,#4932);
#4930 = CARTESIAN_POINT('',(48.,146.,37.5));
#4931 = DIRECTION('',(-0.707106781187,0.,-0.707106781187));
#4932 = DIRECTION('',(0.707106781187,0.,-0.707106781187));
#4933 = ADVANCED_FACE('',(#4934),#4945,.T.);
#4934 = FACE_BOUND('',#4935,.T.);
#4935 = EDGE_LOOP('',(#4936,#4942,#4943,#4944));
#4936 = ORIENTED_EDGE('',*,*,#4937,.T.);
#4937 = EDGE_CURVE('',#4914,#4890,#4938,.T.);
#4938 = LINE('',#4939,#4940);
#4939 = CARTESIAN_POINT('',(29.75,148.,19.25));
#4940 = VECTOR('',#4941,1.);
#4941 = DIRECTION('',(-0.707106781187,0.,-0.707106781187));
#4942 = ORIENTED_EDGE('',*,*,#4899,.T.);
#4943 = ORIENTED_EDGE('',*,*,#690,.F.);
#4944 = ORIENTED_EDGE('',*,*,#4921,.F.);
#4945 = PLANE('',#4946);
#4946 = AXIS2_PLACEMENT_3D('',#4947,#4948,#4949);
#4947 = CARTESIAN_POINT('',(38.5,146.,28.));
#4948 = DIRECTION('',(0.707106781187,0.,-0.707106781187));
#4949 = DIRECTION('',(0.707106781187,0.,0.707106781187));
#4950 = ADVANCED_FACE('',(#4951),#4976,.T.);
#4951 = FACE_BOUND('',#4952,.T.);
#4952 = EDGE_LOOP('',(#4953,#4963,#4969,#4970));
#4953 = ORIENTED_EDGE('',*,*,#4954,.T.);
#4954 = EDGE_CURVE('',#4955,#4957,#4959,.T.);
#4955 = VERTEX_POINT('',#4956);
#4956 = CARTESIAN_POINT('',(48.,148.,63.5));
#4957 = VERTEX_POINT('',#4958);
#4958 = CARTESIAN_POINT('',(57.5,148.,73.));
#4959 = LINE('',#4960,#4961);
#4960 = CARTESIAN_POINT('',(32.75,148.,48.25));
#4961 = VECTOR('',#4962,1.);
#4962 = DIRECTION('',(0.707106781187,0.,0.707106781187));
#4963 = ORIENTED_EDGE('',*,*,#4964,.T.);
#4964 = EDGE_CURVE('',#4957,#709,#4965,.T.);
#4965 = LINE('',#4966,#4967);
#4966 = CARTESIAN_POINT('',(57.5,146.,73.));
#4967 = VECTOR('',#4968,1.);
#4968 = DIRECTION('',(0.,1.,0.));
#4969 = ORIENTED_EDGE('',*,*,#706,.F.);
#4970 = ORIENTED_EDGE('',*,*,#4971,.F.);
#4971 = EDGE_CURVE('',#4955,#707,#4972,.T.);
#4972 = LINE('',#4973,#4974);
#4973 = CARTESIAN_POINT('',(48.,146.,63.5));
#4974 = VECTOR('',#4975,1.);
#4975 = DIRECTION('',(0.,1.,0.));
#4976 = PLANE('',#4977);
#4977 = AXIS2_PLACEMENT_3D('',#4978,#4979,#4980);
#4978 = CARTESIAN_POINT('',(57.5,146.,73.));
#4979 = DIRECTION('',(-0.707106781187,0.,0.707106781187));
#4980 = DIRECTION('',(-0.707106781187,0.,-0.707106781187));
#4981 = ADVANCED_FACE('',(#4982),#5000,.T.);
#4982 = FACE_BOUND('',#4983,.T.);
#4983 = EDGE_LOOP('',(#4984,#4992,#4993,#4994));
#4984 = ORIENTED_EDGE('',*,*,#4985,.T.);
#4985 = EDGE_CURVE('',#4986,#4955,#4988,.T.);
#4986 = VERTEX_POINT('',#4987);
#4987 = CARTESIAN_POINT('',(38.5,148.,73.));
#4988 = LINE('',#4989,#4990);
#4989 = CARTESIAN_POINT('',(54.,148.,57.5));
#4990 = VECTOR('',#4991,1.);
#4991 = DIRECTION('',(0.707106781187,0.,-0.707106781187));
#4992 = ORIENTED_EDGE('',*,*,#4971,.T.);
#4993 = ORIENTED_EDGE('',*,*,#732,.F.);
#4994 = ORIENTED_EDGE('',*,*,#4995,.F.);
#4995 = EDGE_CURVE('',#4986,#725,#4996,.T.);
#4996 = LINE('',#4997,#4998);
#4997 = CARTESIAN_POINT('',(38.5,146.,73.));
#4998 = VECTOR('',#4999,1.);
#4999 = DIRECTION('',(0.,1.,0.));
#5000 = PLANE('',#5001);
#5001 = AXIS2_PLACEMENT_3D('',#5002,#5003,#5004);
#5002 = CARTESIAN_POINT('',(48.,146.,63.5));
#5003 = DIRECTION('',(0.707106781187,-0.,0.707106781187));
#5004 = DIRECTION('',(-0.707106781187,0.,0.707106781187));
#5005 = ADVANCED_FACE('',(#5006),#5024,.T.);
#5006 = FACE_BOUND('',#5007,.T.);
#5007 = EDGE_LOOP('',(#5008,#5016,#5022,#5023));
#5008 = ORIENTED_EDGE('',*,*,#5009,.T.);
#5009 = EDGE_CURVE('',#4957,#5010,#5012,.T.);
#5010 = VERTEX_POINT('',#5011);
#5011 = CARTESIAN_POINT('',(48.,148.,82.5));
#5012 = LINE('',#5013,#5014);
#5013 = CARTESIAN_POINT('',(58.75,148.,71.75));
#5014 = VECTOR('',#5015,1.);
#5015 = DIRECTION('',(-0.707106781187,-0.,0.707106781187));
#5016 = ORIENTED_EDGE('',*,*,#5017,.T.);
#5017 = EDGE_CURVE('',#5010,#717,#5018,.T.);
#5018 = LINE('',#5019,#5020);
#5019 = CARTESIAN_POINT('',(48.,146.,82.5));
#5020 = VECTOR('',#5021,1.);
#5021 = DIRECTION('',(0.,1.,0.));
#5022 = ORIENTED_EDGE('',*,*,#716,.F.);
#5023 = ORIENTED_EDGE('',*,*,#4964,.F.);
#5024 = PLANE('',#5025);
#5025 = AXIS2_PLACEMENT_3D('',#5026,#5027,#5028);
#5026 = CARTESIAN_POINT('',(48.,146.,82.5));
#5027 = DIRECTION('',(-0.707106781187,0.,-0.707106781187));
#5028 = DIRECTION('',(0.707106781187,0.,-0.707106781187));
#5029 = ADVANCED_FACE('',(#5030),#5041,.T.);
#5030 = FACE_BOUND('',#5031,.T.);
#5031 = EDGE_LOOP('',(#5032,#5038,#5039,#5040));
#5032 = ORIENTED_EDGE('',*,*,#5033,.T.);
#5033 = EDGE_CURVE('',#5010,#4986,#5034,.T.);
#5034 = LINE('',#5035,#5036);
#5035 = CARTESIAN_POINT('',(18.5,148.,53.));
#5036 = VECTOR('',#5037,1.);
#5037 = DIRECTION('',(-0.707106781187,0.,-0.707106781187));
#5038 = ORIENTED_EDGE('',*,*,#4995,.T.);
#5039 = ORIENTED_EDGE('',*,*,#724,.F.);
#5040 = ORIENTED_EDGE('',*,*,#5017,.F.);
#5041 = PLANE('',#5042);
#5042 = AXIS2_PLACEMENT_3D('',#5043,#5044,#5045);
#5043 = CARTESIAN_POINT('',(38.5,146.,73.));
#5044 = DIRECTION('',(0.707106781187,0.,-0.707106781187));
#5045 = DIRECTION('',(0.707106781187,0.,0.707106781187));
#5046 = ADVANCED_FACE('',(#5047),#5072,.T.);
#5047 = FACE_BOUND('',#5048,.T.);
#5048 = EDGE_LOOP('',(#5049,#5059,#5065,#5066));
#5049 = ORIENTED_EDGE('',*,*,#5050,.T.);
#5050 = EDGE_CURVE('',#5051,#5053,#5055,.T.);
#5051 = VERTEX_POINT('',#5052);
#5052 = CARTESIAN_POINT('',(59.25,148.,41.));
#5053 = VERTEX_POINT('',#5054);
#5054 = CARTESIAN_POINT('',(68.75,148.,50.5));
#5055 = LINE('',#5056,#5057);
#5056 = CARTESIAN_POINT('',(46.8125,148.,28.5625));
#5057 = VECTOR('',#5058,1.);
#5058 = DIRECTION('',(0.707106781187,0.,0.707106781187));
#5059 = ORIENTED_EDGE('',*,*,#5060,.T.);
#5060 = EDGE_CURVE('',#5053,#743,#5061,.T.);
#5061 = LINE('',#5062,#5063);
#5062 = CARTESIAN_POINT('',(68.75,146.,50.5));
#5063 = VECTOR('',#5064,1.);
#5064 = DIRECTION('',(0.,1.,0.));
#5065 = ORIENTED_EDGE('',*,*,#740,.F.);
#5066 = ORIENTED_EDGE('',*,*,#5067,.F.);
#5067 = EDGE_CURVE('',#5051,#741,#5068,.T.);
#5068 = LINE('',#5069,#5070);
#5069 = CARTESIAN_POINT('',(59.25,146.,41.));
#5070 = VECTOR('',#5071,1.);
#5071 = DIRECTION('',(0.,1.,0.));
#5072 = PLANE('',#5073);
#5073 = AXIS2_PLACEMENT_3D('',#5074,#5075,#5076);
#5074 = CARTESIAN_POINT('',(68.75,146.,50.5));
#5075 = DIRECTION('',(-0.707106781187,0.,0.707106781187));
#5076 = DIRECTION('',(-0.707106781187,0.,-0.707106781187));
#5077 = ADVANCED_FACE('',(#5078),#5096,.T.);
#5078 = FACE_BOUND('',#5079,.T.);
#5079 = EDGE_LOOP('',(#5080,#5088,#5089,#5090));
#5080 = ORIENTED_EDGE('',*,*,#5081,.T.);
#5081 = EDGE_CURVE('',#5082,#5051,#5084,.T.);
#5082 = VERTEX_POINT('',#5083);
#5083 = CARTESIAN_POINT('',(49.75,148.,50.5));
#5084 = LINE('',#5085,#5086);
#5085 = CARTESIAN_POINT('',(56.8125,148.,43.4375));
#5086 = VECTOR('',#5087,1.);
#5087 = DIRECTION('',(0.707106781187,0.,-0.707106781187));
#5088 = ORIENTED_EDGE('',*,*,#5067,.T.);
#5089 = ORIENTED_EDGE('',*,*,#766,.F.);
#5090 = ORIENTED_EDGE('',*,*,#5091,.F.);
#5091 = EDGE_CURVE('',#5082,#759,#5092,.T.);
#5092 = LINE('',#5093,#5094);
#5093 = CARTESIAN_POINT('',(49.75,146.,50.5));
#5094 = VECTOR('',#5095,1.);
#5095 = DIRECTION('',(0.,1.,0.));
#5096 = PLANE('',#5097);
#5097 = AXIS2_PLACEMENT_3D('',#5098,#5099,#5100);
#5098 = CARTESIAN_POINT('',(59.25,146.,41.));
#5099 = DIRECTION('',(0.707106781187,-0.,0.707106781187));
#5100 = DIRECTION('',(-0.707106781187,0.,0.707106781187));
#5101 = ADVANCED_FACE('',(#5102),#5120,.T.);
#5102 = FACE_BOUND('',#5103,.T.);
#5103 = EDGE_LOOP('',(#5104,#5112,#5118,#5119));
#5104 = ORIENTED_EDGE('',*,*,#5105,.T.);
#5105 = EDGE_CURVE('',#5053,#5106,#5108,.T.);
#5106 = VERTEX_POINT('',#5107);
#5107 = CARTESIAN_POINT('',(59.25,148.,60.));
#5108 = LINE('',#5109,#5110);
#5109 = CARTESIAN_POINT('',(61.5625,148.,57.6875));
#5110 = VECTOR('',#5111,1.);
#5111 = DIRECTION('',(-0.707106781187,-0.,0.707106781187));
#5112 = ORIENTED_EDGE('',*,*,#5113,.T.);
#5113 = EDGE_CURVE('',#5106,#751,#5114,.T.);
#5114 = LINE('',#5115,#5116);
#5115 = CARTESIAN_POINT('',(59.25,146.,60.));
#5116 = VECTOR('',#5117,1.);
#5117 = DIRECTION('',(0.,1.,0.));
#5118 = ORIENTED_EDGE('',*,*,#750,.F.);
#5119 = ORIENTED_EDGE('',*,*,#5060,.F.);
#5120 = PLANE('',#5121);
#5121 = AXIS2_PLACEMENT_3D('',#5122,#5123,#5124);
#5122 = CARTESIAN_POINT('',(59.25,146.,60.));
#5123 = DIRECTION('',(-0.707106781187,0.,-0.707106781187));
#5124 = DIRECTION('',(0.707106781187,0.,-0.707106781187));
#5125 = ADVANCED_FACE('',(#5126),#5137,.T.);
#5126 = FACE_BOUND('',#5127,.T.);
#5127 = EDGE_LOOP('',(#5128,#5134,#5135,#5136));
#5128 = ORIENTED_EDGE('',*,*,#5129,.T.);
#5129 = EDGE_CURVE('',#5106,#5082,#5130,.T.);
#5130 = LINE('',#5131,#5132);
#5131 = CARTESIAN_POINT('',(32.5625,148.,33.3125));
#5132 = VECTOR('',#5133,1.);
#5133 = DIRECTION('',(-0.707106781187,0.,-0.707106781187));
#5134 = ORIENTED_EDGE('',*,*,#5091,.T.);
#5135 = ORIENTED_EDGE('',*,*,#758,.F.);
#5136 = ORIENTED_EDGE('',*,*,#5113,.F.);
#5137 = PLANE('',#5138);
#5138 = AXIS2_PLACEMENT_3D('',#5139,#5140,#5141);
#5139 = CARTESIAN_POINT('',(49.75,146.,50.5));
#5140 = DIRECTION('',(0.707106781187,0.,-0.707106781187));
#5141 = DIRECTION('',(0.707106781187,0.,0.707106781187));
#5142 = ADVANCED_FACE('',(#5143),#5168,.T.);
#5143 = FACE_BOUND('',#5144,.T.);
#5144 = EDGE_LOOP('',(#5145,#5155,#5161,#5162));
#5145 = ORIENTED_EDGE('',*,*,#5146,.T.);
#5146 = EDGE_CURVE('',#5147,#5149,#5151,.T.);
#5147 = VERTEX_POINT('',#5148);
#5148 = CARTESIAN_POINT('',(70.5,148.,18.5));
#5149 = VERTEX_POINT('',#5150);
#5150 = CARTESIAN_POINT('',(80.,148.,28.));
#5151 = LINE('',#5152,#5153);
#5152 = CARTESIAN_POINT('',(60.875,148.,8.875));
#5153 = VECTOR('',#5154,1.);
#5154 = DIRECTION('',(0.707106781187,0.,0.707106781187));
#5155 = ORIENTED_EDGE('',*,*,#5156,.T.);
#5156 = EDGE_CURVE('',#5149,#777,#5157,.T.);
#5157 = LINE('',#5158,#5159);
#5158 = CARTESIAN_POINT('',(80.,146.,28.));
#5159 = VECTOR('',#5160,1.);
#5160 = DIRECTION('',(0.,1.,0.));
#5161 = ORIENTED_EDGE('',*,*,#774,.F.);
#5162 = ORIENTED_EDGE('',*,*,#5163,.F.);
#5163 = EDGE_CURVE('',#5147,#775,#5164,.T.);
#5164 = LINE('',#5165,#5166);
#5165 = CARTESIAN_POINT('',(70.5,146.,18.5));
#5166 = VECTOR('',#5167,1.);
#5167 = DIRECTION('',(0.,1.,0.));
#5168 = PLANE('',#5169);
#5169 = AXIS2_PLACEMENT_3D('',#5170,#5171,#5172);
#5170 = CARTESIAN_POINT('',(80.,146.,28.));
#5171 = DIRECTION('',(-0.707106781187,0.,0.707106781187));
#5172 = DIRECTION('',(-0.707106781187,0.,-0.707106781187));
#5173 = ADVANCED_FACE('',(#5174),#5192,.T.);
#5174 = FACE_BOUND('',#5175,.T.);
#5175 = EDGE_LOOP('',(#5176,#5184,#5185,#5186));
#5176 = ORIENTED_EDGE('',*,*,#5177,.T.);
#5177 = EDGE_CURVE('',#5178,#5147,#5180,.T.);
#5178 = VERTEX_POINT('',#5179);
#5179 = CARTESIAN_POINT('',(61.,148.,28.));
#5180 = LINE('',#5181,#5182);
#5181 = CARTESIAN_POINT('',(59.625,148.,29.375));
#5182 = VECTOR('',#5183,1.);
#5183 = DIRECTION('',(0.707106781187,0.,-0.707106781187));
#5184 = ORIENTED_EDGE('',*,*,#5163,.T.);
#5185 = ORIENTED_EDGE('',*,*,#800,.F.);
#5186 = ORIENTED_EDGE('',*,*,#5187,.F.);
#5187 = EDGE_CURVE('',#5178,#793,#5188,.T.);
#5188 = LINE('',#5189,#5190);
#5189 = CARTESIAN_POINT('',(61.,146.,28.));
#5190 = VECTOR('',#5191,1.);
#5191 = DIRECTION('',(0.,1.,0.));
#5192 = PLANE('',#5193);
#5193 = AXIS2_PLACEMENT_3D('',#5194,#5195,#5196);
#5194 = CARTESIAN_POINT('',(70.5,146.,18.5));
#5195 = DIRECTION('',(0.707106781187,-0.,0.707106781187));
#5196 = DIRECTION('',(-0.707106781187,0.,0.707106781187));
#5197 = ADVANCED_FACE('',(#5198),#5216,.T.);
#5198 = FACE_BOUND('',#5199,.T.);
#5199 = EDGE_LOOP('',(#5200,#5208,#5214,#5215));
#5200 = ORIENTED_EDGE('',*,*,#5201,.T.);
#5201 = EDGE_CURVE('',#5149,#5202,#5204,.T.);
#5202 = VERTEX_POINT('',#5203);
#5203 = CARTESIAN_POINT('',(70.5,148.,37.5));
#5204 = LINE('',#5205,#5206);
#5205 = CARTESIAN_POINT('',(64.375,148.,43.625));
#5206 = VECTOR('',#5207,1.);
#5207 = DIRECTION('',(-0.707106781187,-0.,0.707106781187));
#5208 = ORIENTED_EDGE('',*,*,#5209,.T.);
#5209 = EDGE_CURVE('',#5202,#785,#5210,.T.);
#5210 = LINE('',#5211,#5212);
#5211 = CARTESIAN_POINT('',(70.5,146.,37.5));
#5212 = VECTOR('',#5213,1.);
#5213 = DIRECTION('',(0.,1.,0.));
#5214 = ORIENTED_EDGE('',*,*,#784,.F.);
#5215 = ORIENTED_EDGE('',*,*,#5156,.F.);
#5216 = PLANE('',#5217);
#5217 = AXIS2_PLACEMENT_3D('',#5218,#5219,#5220);
#5218 = CARTESIAN_POINT('',(70.5,146.,37.5));
#5219 = DIRECTION('',(-0.707106781187,0.,-0.707106781187));
#5220 = DIRECTION('',(0.707106781187,0.,-0.707106781187));
#5221 = ADVANCED_FACE('',(#5222),#5233,.T.);
#5222 = FACE_BOUND('',#5223,.T.);
#5223 = EDGE_LOOP('',(#5224,#5230,#5231,#5232));
#5224 = ORIENTED_EDGE('',*,*,#5225,.T.);
#5225 = EDGE_CURVE('',#5202,#5178,#5226,.T.);
#5226 = LINE('',#5227,#5228);
#5227 = CARTESIAN_POINT('',(46.625,148.,13.625));
#5228 = VECTOR('',#5229,1.);
#5229 = DIRECTION('',(-0.707106781187,0.,-0.707106781187));
#5230 = ORIENTED_EDGE('',*,*,#5187,.T.);
#5231 = ORIENTED_EDGE('',*,*,#792,.F.);
#5232 = ORIENTED_EDGE('',*,*,#5209,.F.);
#5233 = PLANE('',#5234);
#5234 = AXIS2_PLACEMENT_3D('',#5235,#5236,#5237);
#5235 = CARTESIAN_POINT('',(61.,146.,28.));
#5236 = DIRECTION('',(0.707106781187,0.,-0.707106781187));
#5237 = DIRECTION('',(0.707106781187,0.,0.707106781187));
#5238 = ADVANCED_FACE('',(#5239),#5264,.T.);
#5239 = FACE_BOUND('',#5240,.T.);
#5240 = EDGE_LOOP('',(#5241,#5251,#5257,#5258));
#5241 = ORIENTED_EDGE('',*,*,#5242,.T.);
#5242 = EDGE_CURVE('',#5243,#5245,#5247,.T.);
#5243 = VERTEX_POINT('',#5244);
#5244 = CARTESIAN_POINT('',(93.,148.,18.5));
#5245 = VERTEX_POINT('',#5246);
#5246 = CARTESIAN_POINT('',(102.5,148.,28.));
#5247 = LINE('',#5248,#5249);
#5248 = CARTESIAN_POINT('',(77.75,148.,3.25));
#5249 = VECTOR('',#5250,1.);
#5250 = DIRECTION('',(0.707106781187,0.,0.707106781187));
#5251 = ORIENTED_EDGE('',*,*,#5252,.T.);
#5252 = EDGE_CURVE('',#5245,#811,#5253,.T.);
#5253 = LINE('',#5254,#5255);
#5254 = CARTESIAN_POINT('',(102.5,146.,28.));
#5255 = VECTOR('',#5256,1.);
#5256 = DIRECTION('',(0.,1.,0.));
#5257 = ORIENTED_EDGE('',*,*,#808,.F.);
#5258 = ORIENTED_EDGE('',*,*,#5259,.F.);
#5259 = EDGE_CURVE('',#5243,#809,#5260,.T.);
#5260 = LINE('',#5261,#5262);
#5261 = CARTESIAN_POINT('',(93.,146.,18.5));
#5262 = VECTOR('',#5263,1.);
#5263 = DIRECTION('',(0.,1.,0.));
#5264 = PLANE('',#5265);
#5265 = AXIS2_PLACEMENT_3D('',#5266,#5267,#5268);
#5266 = CARTESIAN_POINT('',(102.5,146.,28.));
#5267 = DIRECTION('',(-0.707106781187,0.,0.707106781187));
#5268 = DIRECTION('',(-0.707106781187,0.,-0.707106781187));
#5269 = ADVANCED_FACE('',(#5270),#5288,.T.);
#5270 = FACE_BOUND('',#5271,.T.);
#5271 = EDGE_LOOP('',(#5272,#5280,#5281,#5282));
#5272 = ORIENTED_EDGE('',*,*,#5273,.T.);
#5273 = EDGE_CURVE('',#5274,#5243,#5276,.T.);
#5274 = VERTEX_POINT('',#5275);
#5275 = CARTESIAN_POINT('',(83.5,148.,28.));
#5276 = LINE('',#5277,#5278);
#5277 = CARTESIAN_POINT('',(76.5,148.,35.));
#5278 = VECTOR('',#5279,1.);
#5279 = DIRECTION('',(0.707106781187,0.,-0.707106781187));
#5280 = ORIENTED_EDGE('',*,*,#5259,.T.);
#5281 = ORIENTED_EDGE('',*,*,#834,.F.);
#5282 = ORIENTED_EDGE('',*,*,#5283,.F.);
#5283 = EDGE_CURVE('',#5274,#827,#5284,.T.);
#5284 = LINE('',#5285,#5286);
#5285 = CARTESIAN_POINT('',(83.5,146.,28.));
#5286 = VECTOR('',#5287,1.);
#5287 = DIRECTION('',(0.,1.,0.));
#5288 = PLANE('',#5289);
#5289 = AXIS2_PLACEMENT_3D('',#5290,#5291,#5292);
#5290 = CARTESIAN_POINT('',(93.,146.,18.5));
#5291 = DIRECTION('',(0.707106781187,-0.,0.707106781187));
#5292 = DIRECTION('',(-0.707106781187,0.,0.707106781187));
#5293 = ADVANCED_FACE('',(#5294),#5312,.T.);
#5294 = FACE_BOUND('',#5295,.T.);
#5295 = EDGE_LOOP('',(#5296,#5304,#5310,#5311));
#5296 = ORIENTED_EDGE('',*,*,#5297,.T.);
#5297 = EDGE_CURVE('',#5245,#5298,#5300,.T.);
#5298 = VERTEX_POINT('',#5299);
#5299 = CARTESIAN_POINT('',(93.,148.,37.5));
#5300 = LINE('',#5301,#5302);
#5301 = CARTESIAN_POINT('',(81.25,148.,49.25));
#5302 = VECTOR('',#5303,1.);
#5303 = DIRECTION('',(-0.707106781187,-0.,0.707106781187));
#5304 = ORIENTED_EDGE('',*,*,#5305,.T.);
#5305 = EDGE_CURVE('',#5298,#819,#5306,.T.);
#5306 = LINE('',#5307,#5308);
#5307 = CARTESIAN_POINT('',(93.,146.,37.5));
#5308 = VECTOR('',#5309,1.);
#5309 = DIRECTION('',(0.,1.,0.));
#5310 = ORIENTED_EDGE('',*,*,#818,.F.);
#5311 = ORIENTED_EDGE('',*,*,#5252,.F.);
#5312 = PLANE('',#5313);
#5313 = AXIS2_PLACEMENT_3D('',#5314,#5315,#5316);
#5314 = CARTESIAN_POINT('',(93.,146.,37.5));
#5315 = DIRECTION('',(-0.707106781187,0.,-0.707106781187));
#5316 = DIRECTION('',(0.707106781187,0.,-0.707106781187));
#5317 = ADVANCED_FACE('',(#5318),#5329,.T.);
#5318 = FACE_BOUND('',#5319,.T.);
#5319 = EDGE_LOOP('',(#5320,#5326,#5327,#5328));
#5320 = ORIENTED_EDGE('',*,*,#5321,.T.);
#5321 = EDGE_CURVE('',#5298,#5274,#5322,.T.);
#5322 = LINE('',#5323,#5324);
#5323 = CARTESIAN_POINT('',(63.5,148.,8.));
#5324 = VECTOR('',#5325,1.);
#5325 = DIRECTION('',(-0.707106781187,0.,-0.707106781187));
#5326 = ORIENTED_EDGE('',*,*,#5283,.T.);
#5327 = ORIENTED_EDGE('',*,*,#826,.F.);
#5328 = ORIENTED_EDGE('',*,*,#5305,.F.);
#5329 = PLANE('',#5330);
#5330 = AXIS2_PLACEMENT_3D('',#5331,#5332,#5333);
#5331 = CARTESIAN_POINT('',(83.5,146.,28.));
#5332 = DIRECTION('',(0.707106781187,0.,-0.707106781187));
#5333 = DIRECTION('',(0.707106781187,0.,0.707106781187));
#5334 = ADVANCED_FACE('',(#5335),#5360,.T.);
#5335 = FACE_BOUND('',#5336,.T.);
#5336 = EDGE_LOOP('',(#5337,#5347,#5353,#5354));
#5337 = ORIENTED_EDGE('',*,*,#5338,.T.);
#5338 = EDGE_CURVE('',#5339,#5341,#5343,.T.);
#5339 = VERTEX_POINT('',#5340);
#5340 = CARTESIAN_POINT('',(81.75,148.,41.));
#5341 = VERTEX_POINT('',#5342);
#5342 = CARTESIAN_POINT('',(91.25,148.,50.5));
#5343 = LINE('',#5344,#5345);
#5344 = CARTESIAN_POINT('',(63.6875,148.,22.9375));
#5345 = VECTOR('',#5346,1.);
#5346 = DIRECTION('',(0.707106781187,0.,0.707106781187));
#5347 = ORIENTED_EDGE('',*,*,#5348,.T.);
#5348 = EDGE_CURVE('',#5341,#845,#5349,.T.);
#5349 = LINE('',#5350,#5351);
#5350 = CARTESIAN_POINT('',(91.25,146.,50.5));
#5351 = VECTOR('',#5352,1.);
#5352 = DIRECTION('',(0.,1.,0.));
#5353 = ORIENTED_EDGE('',*,*,#842,.F.);
#5354 = ORIENTED_EDGE('',*,*,#5355,.F.);
#5355 = EDGE_CURVE('',#5339,#843,#5356,.T.);
#5356 = LINE('',#5357,#5358);
#5357 = CARTESIAN_POINT('',(81.75,146.,41.));
#5358 = VECTOR('',#5359,1.);
#5359 = DIRECTION('',(0.,1.,0.));
#5360 = PLANE('',#5361);
#5361 = AXIS2_PLACEMENT_3D('',#5362,#5363,#5364);
#5362 = CARTESIAN_POINT('',(91.25,146.,50.5));
#5363 = DIRECTION('',(-0.707106781187,0.,0.707106781187));
#5364 = DIRECTION('',(-0.707106781187,0.,-0.707106781187));
#5365 = ADVANCED_FACE('',(#5366),#5384,.T.);
#5366 = FACE_BOUND('',#5367,.T.);
#5367 = EDGE_LOOP('',(#5368,#5376,#5377,#5378));
#5368 = ORIENTED_EDGE('',*,*,#5369,.T.);
#5369 = EDGE_CURVE('',#5370,#5339,#5372,.T.);
#5370 = VERTEX_POINT('',#5371);
#5371 = CARTESIAN_POINT('',(72.25,148.,50.5));
#5372 = LINE('',#5373,#5374);
#5373 = CARTESIAN_POINT('',(73.6875,148.,49.0625));
#5374 = VECTOR('',#5375,1.);
#5375 = DIRECTION('',(0.707106781187,0.,-0.707106781187));
#5376 = ORIENTED_EDGE('',*,*,#5355,.T.);
#5377 = ORIENTED_EDGE('',*,*,#868,.F.);
#5378 = ORIENTED_EDGE('',*,*,#5379,.F.);
#5379 = EDGE_CURVE('',#5370,#861,#5380,.T.);
#5380 = LINE('',#5381,#5382);
#5381 = CARTESIAN_POINT('',(72.25,146.,50.5));
#5382 = VECTOR('',#5383,1.);
#5383 = DIRECTION('',(0.,1.,0.));
#5384 = PLANE('',#5385);
#5385 = AXIS2_PLACEMENT_3D('',#5386,#5387,#5388);
#5386 = CARTESIAN_POINT('',(81.75,146.,41.));
#5387 = DIRECTION('',(0.707106781187,-0.,0.707106781187));
#5388 = DIRECTION('',(-0.707106781187,0.,0.707106781187));
#5389 = ADVANCED_FACE('',(#5390),#5408,.T.);
#5390 = FACE_BOUND('',#5391,.T.);
#5391 = EDGE_LOOP('',(#5392,#5400,#5406,#5407));
#5392 = ORIENTED_EDGE('',*,*,#5393,.T.);
#5393 = EDGE_CURVE('',#5341,#5394,#5396,.T.);
#5394 = VERTEX_POINT('',#5395);
#5395 = CARTESIAN_POINT('',(81.75,148.,60.));
#5396 = LINE('',#5397,#5398);
#5397 = CARTESIAN_POINT('',(78.4375,148.,63.3125));
#5398 = VECTOR('',#5399,1.);
#5399 = DIRECTION('',(-0.707106781187,-0.,0.707106781187));
#5400 = ORIENTED_EDGE('',*,*,#5401,.T.);
#5401 = EDGE_CURVE('',#5394,#853,#5402,.T.);
#5402 = LINE('',#5403,#5404);
#5403 = CARTESIAN_POINT('',(81.75,146.,60.));
#5404 = VECTOR('',#5405,1.);
#5405 = DIRECTION('',(0.,1.,0.));
#5406 = ORIENTED_EDGE('',*,*,#852,.F.);
#5407 = ORIENTED_EDGE('',*,*,#5348,.F.);
#5408 = PLANE('',#5409);
#5409 = AXIS2_PLACEMENT_3D('',#5410,#5411,#5412);
#5410 = CARTESIAN_POINT('',(81.75,146.,60.));
#5411 = DIRECTION('',(-0.707106781187,0.,-0.707106781187));
#5412 = DIRECTION('',(0.707106781187,0.,-0.707106781187));
#5413 = ADVANCED_FACE('',(#5414),#5425,.T.);
#5414 = FACE_BOUND('',#5415,.T.);
#5415 = EDGE_LOOP('',(#5416,#5422,#5423,#5424));
#5416 = ORIENTED_EDGE('',*,*,#5417,.T.);
#5417 = EDGE_CURVE('',#5394,#5370,#5418,.T.);
#5418 = LINE('',#5419,#5420);
#5419 = CARTESIAN_POINT('',(49.4375,148.,27.6875));
#5420 = VECTOR('',#5421,1.);
#5421 = DIRECTION('',(-0.707106781187,0.,-0.707106781187));
#5422 = ORIENTED_EDGE('',*,*,#5379,.T.);
#5423 = ORIENTED_EDGE('',*,*,#860,.F.);
#5424 = ORIENTED_EDGE('',*,*,#5401,.F.);
#5425 = PLANE('',#5426);
#5426 = AXIS2_PLACEMENT_3D('',#5427,#5428,#5429);
#5427 = CARTESIAN_POINT('',(72.25,146.,50.5));
#5428 = DIRECTION('',(0.707106781187,0.,-0.707106781187));
#5429 = DIRECTION('',(0.707106781187,0.,0.707106781187));
#5430 = ADVANCED_FACE('',(#5431),#5456,.T.);
#5431 = FACE_BOUND('',#5432,.T.);
#5432 = EDGE_LOOP('',(#5433,#5443,#5449,#5450));
#5433 = ORIENTED_EDGE('',*,*,#5434,.T.);
#5434 = EDGE_CURVE('',#5435,#5437,#5439,.T.);
#5435 = VERTEX_POINT('',#5436);
#5436 = CARTESIAN_POINT('',(70.5,148.,63.5));
#5437 = VERTEX_POINT('',#5438);
#5438 = CARTESIAN_POINT('',(80.,148.,73.));
#5439 = LINE('',#5440,#5441);
#5440 = CARTESIAN_POINT('',(49.625,148.,42.625));
#5441 = VECTOR('',#5442,1.);
#5442 = DIRECTION('',(0.707106781187,0.,0.707106781187));
#5443 = ORIENTED_EDGE('',*,*,#5444,.T.);
#5444 = EDGE_CURVE('',#5437,#879,#5445,.T.);
#5445 = LINE('',#5446,#5447);
#5446 = CARTESIAN_POINT('',(80.,146.,73.));
#5447 = VECTOR('',#5448,1.);
#5448 = DIRECTION('',(0.,1.,0.));
#5449 = ORIENTED_EDGE('',*,*,#876,.F.);
#5450 = ORIENTED_EDGE('',*,*,#5451,.F.);
#5451 = EDGE_CURVE('',#5435,#877,#5452,.T.);
#5452 = LINE('',#5453,#5454);
#5453 = CARTESIAN_POINT('',(70.5,146.,63.5));
#5454 = VECTOR('',#5455,1.);
#5455 = DIRECTION('',(0.,1.,0.));
#5456 = PLANE('',#5457);
#5457 = AXIS2_PLACEMENT_3D('',#5458,#5459,#5460);
#5458 = CARTESIAN_POINT('',(80.,146.,73.));
#5459 = DIRECTION('',(-0.707106781187,0.,0.707106781187));
#5460 = DIRECTION('',(-0.707106781187,0.,-0.707106781187));
#5461 = ADVANCED_FACE('',(#5462),#5480,.T.);
#5462 = FACE_BOUND('',#5463,.T.);
#5463 = EDGE_LOOP('',(#5464,#5472,#5473,#5474));
#5464 = ORIENTED_EDGE('',*,*,#5465,.T.);
#5465 = EDGE_CURVE('',#5466,#5435,#5468,.T.);
#5466 = VERTEX_POINT('',#5467);
#5467 = CARTESIAN_POINT('',(61.,148.,73.));
#5468 = LINE('',#5469,#5470);
#5469 = CARTESIAN_POINT('',(70.875,148.,63.125));
#5470 = VECTOR('',#5471,1.);
#5471 = DIRECTION('',(0.707106781187,0.,-0.707106781187));
#5472 = ORIENTED_EDGE('',*,*,#5451,.T.);
#5473 = ORIENTED_EDGE('',*,*,#902,.F.);
#5474 = ORIENTED_EDGE('',*,*,#5475,.F.);
#5475 = EDGE_CURVE('',#5466,#895,#5476,.T.);
#5476 = LINE('',#5477,#5478);
#5477 = CARTESIAN_POINT('',(61.,146.,73.));
#5478 = VECTOR('',#5479,1.);
#5479 = DIRECTION('',(0.,1.,0.));
#5480 = PLANE('',#5481);
#5481 = AXIS2_PLACEMENT_3D('',#5482,#5483,#5484);
#5482 = CARTESIAN_POINT('',(70.5,146.,63.5));
#5483 = DIRECTION('',(0.707106781187,-0.,0.707106781187));
#5484 = DIRECTION('',(-0.707106781187,0.,0.707106781187));
#5485 = ADVANCED_FACE('',(#5486),#5504,.T.);
#5486 = FACE_BOUND('',#5487,.T.);
#5487 = EDGE_LOOP('',(#5488,#5496,#5502,#5503));
#5488 = ORIENTED_EDGE('',*,*,#5489,.T.);
#5489 = EDGE_CURVE('',#5437,#5490,#5492,.T.);
#5490 = VERTEX_POINT('',#5491);
#5491 = CARTESIAN_POINT('',(70.5,148.,82.5));
#5492 = LINE('',#5493,#5494);
#5493 = CARTESIAN_POINT('',(75.625,148.,77.375));
#5494 = VECTOR('',#5495,1.);
#5495 = DIRECTION('',(-0.707106781187,-0.,0.707106781187));
#5496 = ORIENTED_EDGE('',*,*,#5497,.T.);
#5497 = EDGE_CURVE('',#5490,#887,#5498,.T.);
#5498 = LINE('',#5499,#5500);
#5499 = CARTESIAN_POINT('',(70.5,146.,82.5));
#5500 = VECTOR('',#5501,1.);
#5501 = DIRECTION('',(0.,1.,0.));
#5502 = ORIENTED_EDGE('',*,*,#886,.F.);
#5503 = ORIENTED_EDGE('',*,*,#5444,.F.);
#5504 = PLANE('',#5505);
#5505 = AXIS2_PLACEMENT_3D('',#5506,#5507,#5508);
#5506 = CARTESIAN_POINT('',(70.5,146.,82.5));
#5507 = DIRECTION('',(-0.707106781187,0.,-0.707106781187));
#5508 = DIRECTION('',(0.707106781187,0.,-0.707106781187));
#5509 = ADVANCED_FACE('',(#5510),#5521,.T.);
#5510 = FACE_BOUND('',#5511,.T.);
#5511 = EDGE_LOOP('',(#5512,#5518,#5519,#5520));
#5512 = ORIENTED_EDGE('',*,*,#5513,.T.);
#5513 = EDGE_CURVE('',#5490,#5466,#5514,.T.);
#5514 = LINE('',#5515,#5516);
#5515 = CARTESIAN_POINT('',(35.375,148.,47.375));
#5516 = VECTOR('',#5517,1.);
#5517 = DIRECTION('',(-0.707106781187,0.,-0.707106781187));
#5518 = ORIENTED_EDGE('',*,*,#5475,.T.);
#5519 = ORIENTED_EDGE('',*,*,#894,.F.);
#5520 = ORIENTED_EDGE('',*,*,#5497,.F.);
#5521 = PLANE('',#5522);
#5522 = AXIS2_PLACEMENT_3D('',#5523,#5524,#5525);
#5523 = CARTESIAN_POINT('',(61.,146.,73.));
#5524 = DIRECTION('',(0.707106781187,0.,-0.707106781187));
#5525 = DIRECTION('',(0.707106781187,0.,0.707106781187));
#5526 = ADVANCED_FACE('',(#5527),#5552,.T.);
#5527 = FACE_BOUND('',#5528,.T.);
#5528 = EDGE_LOOP('',(#5529,#5539,#5545,#5546));
#5529 = ORIENTED_EDGE('',*,*,#5530,.T.);
#5530 = EDGE_CURVE('',#5531,#5533,#5535,.T.);
#5531 = VERTEX_POINT('',#5532);
#5532 = CARTESIAN_POINT('',(93.,148.,63.5));
#5533 = VERTEX_POINT('',#5534);
#5534 = CARTESIAN_POINT('',(102.5,148.,73.));
#5535 = LINE('',#5536,#5537);
#5536 = CARTESIAN_POINT('',(66.5,148.,37.));
#5537 = VECTOR('',#5538,1.);
#5538 = DIRECTION('',(0.707106781187,0.,0.707106781187));
#5539 = ORIENTED_EDGE('',*,*,#5540,.T.);
#5540 = EDGE_CURVE('',#5533,#913,#5541,.T.);
#5541 = LINE('',#5542,#5543);
#5542 = CARTESIAN_POINT('',(102.5,146.,73.));
#5543 = VECTOR('',#5544,1.);
#5544 = DIRECTION('',(0.,1.,0.));
#5545 = ORIENTED_EDGE('',*,*,#910,.F.);
#5546 = ORIENTED_EDGE('',*,*,#5547,.F.);
#5547 = EDGE_CURVE('',#5531,#911,#5548,.T.);
#5548 = LINE('',#5549,#5550);
#5549 = CARTESIAN_POINT('',(93.,146.,63.5));
#5550 = VECTOR('',#5551,1.);
#5551 = DIRECTION('',(0.,1.,0.));
#5552 = PLANE('',#5553);
#5553 = AXIS2_PLACEMENT_3D('',#5554,#5555,#5556);
#5554 = CARTESIAN_POINT('',(102.5,146.,73.));
#5555 = DIRECTION('',(-0.707106781187,0.,0.707106781187));
#5556 = DIRECTION('',(-0.707106781187,0.,-0.707106781187));
#5557 = ADVANCED_FACE('',(#5558),#5576,.T.);
#5558 = FACE_BOUND('',#5559,.T.);
#5559 = EDGE_LOOP('',(#5560,#5568,#5569,#5570));
#5560 = ORIENTED_EDGE('',*,*,#5561,.T.);
#5561 = EDGE_CURVE('',#5562,#5531,#5564,.T.);
#5562 = VERTEX_POINT('',#5563);
#5563 = CARTESIAN_POINT('',(83.5,148.,73.));
#5564 = LINE('',#5565,#5566);
#5565 = CARTESIAN_POINT('',(87.75,148.,68.75));
#5566 = VECTOR('',#5567,1.);
#5567 = DIRECTION('',(0.707106781187,0.,-0.707106781187));
#5568 = ORIENTED_EDGE('',*,*,#5547,.T.);
#5569 = ORIENTED_EDGE('',*,*,#936,.F.);
#5570 = ORIENTED_EDGE('',*,*,#5571,.F.);
#5571 = EDGE_CURVE('',#5562,#929,#5572,.T.);
#5572 = LINE('',#5573,#5574);
#5573 = CARTESIAN_POINT('',(83.5,146.,73.));
#5574 = VECTOR('',#5575,1.);
#5575 = DIRECTION('',(0.,1.,0.));
#5576 = PLANE('',#5577);
#5577 = AXIS2_PLACEMENT_3D('',#5578,#5579,#5580);
#5578 = CARTESIAN_POINT('',(93.,146.,63.5));
#5579 = DIRECTION('',(0.707106781187,-0.,0.707106781187));
#5580 = DIRECTION('',(-0.707106781187,0.,0.707106781187));
#5581 = ADVANCED_FACE('',(#5582),#5600,.T.);
#5582 = FACE_BOUND('',#5583,.T.);
#5583 = EDGE_LOOP('',(#5584,#5592,#5598,#5599));
#5584 = ORIENTED_EDGE('',*,*,#5585,.T.);
#5585 = EDGE_CURVE('',#5533,#5586,#5588,.T.);
#5586 = VERTEX_POINT('',#5587);
#5587 = CARTESIAN_POINT('',(93.,148.,82.5));
#5588 = LINE('',#5589,#5590);
#5589 = CARTESIAN_POINT('',(92.5,148.,83.));
#5590 = VECTOR('',#5591,1.);
#5591 = DIRECTION('',(-0.707106781187,-0.,0.707106781187));
#5592 = ORIENTED_EDGE('',*,*,#5593,.T.);
#5593 = EDGE_CURVE('',#5586,#921,#5594,.T.);
#5594 = LINE('',#5595,#5596);
#5595 = CARTESIAN_POINT('',(93.,146.,82.5));
#5596 = VECTOR('',#5597,1.);
#5597 = DIRECTION('',(0.,1.,0.));
#5598 = ORIENTED_EDGE('',*,*,#920,.F.);
#5599 = ORIENTED_EDGE('',*,*,#5540,.F.);
#5600 = PLANE('',#5601);
#5601 = AXIS2_PLACEMENT_3D('',#5602,#5603,#5604);
#5602 = CARTESIAN_POINT('',(93.,146.,82.5));
#5603 = DIRECTION('',(-0.707106781187,0.,-0.707106781187));
#5604 = DIRECTION('',(0.707106781187,0.,-0.707106781187));
#5605 = ADVANCED_FACE('',(#5606),#5617,.T.);
#5606 = FACE_BOUND('',#5607,.T.);
#5607 = EDGE_LOOP('',(#5608,#5614,#5615,#5616));
#5608 = ORIENTED_EDGE('',*,*,#5609,.T.);
#5609 = EDGE_CURVE('',#5586,#5562,#5610,.T.);
#5610 = LINE('',#5611,#5612);
#5611 = CARTESIAN_POINT('',(52.25,148.,41.75));
#5612 = VECTOR('',#5613,1.);
#5613 = DIRECTION('',(-0.707106781187,0.,-0.707106781187));
#5614 = ORIENTED_EDGE('',*,*,#5571,.T.);
#5615 = ORIENTED_EDGE('',*,*,#928,.F.);
#5616 = ORIENTED_EDGE('',*,*,#5593,.F.);
#5617 = PLANE('',#5618);
#5618 = AXIS2_PLACEMENT_3D('',#5619,#5620,#5621);
#5619 = CARTESIAN_POINT('',(83.5,146.,73.));
#5620 = DIRECTION('',(0.707106781187,0.,-0.707106781187));
#5621 = DIRECTION('',(0.707106781187,0.,0.707106781187));
#5622 = ADVANCED_FACE('',(#5623),#5648,.T.);
#5623 = FACE_BOUND('',#5624,.T.);
#5624 = EDGE_LOOP('',(#5625,#5635,#5641,#5642));
#5625 = ORIENTED_EDGE('',*,*,#5626,.T.);
#5626 = EDGE_CURVE('',#5627,#5629,#5631,.T.);
#5627 = VERTEX_POINT('',#5628);
#5628 = CARTESIAN_POINT('',(59.25,148.,86.));
#5629 = VERTEX_POINT('',#5630);
#5630 = CARTESIAN_POINT('',(68.75,148.,95.5));
#5631 = LINE('',#5632,#5633);
#5632 = CARTESIAN_POINT('',(35.5625,148.,62.3125));
#5633 = VECTOR('',#5634,1.);
#5634 = DIRECTION('',(0.707106781187,0.,0.707106781187));
#5635 = ORIENTED_EDGE('',*,*,#5636,.T.);
#5636 = EDGE_CURVE('',#5629,#947,#5637,.T.);
#5637 = LINE('',#5638,#5639);
#5638 = CARTESIAN_POINT('',(68.75,146.,95.5));
#5639 = VECTOR('',#5640,1.);
#5640 = DIRECTION('',(0.,1.,0.));
#5641 = ORIENTED_EDGE('',*,*,#944,.F.);
#5642 = ORIENTED_EDGE('',*,*,#5643,.F.);
#5643 = EDGE_CURVE('',#5627,#945,#5644,.T.);
#5644 = LINE('',#5645,#5646);
#5645 = CARTESIAN_POINT('',(59.25,146.,86.));
#5646 = VECTOR('',#5647,1.);
#5647 = DIRECTION('',(0.,1.,0.));
#5648 = PLANE('',#5649);
#5649 = AXIS2_PLACEMENT_3D('',#5650,#5651,#5652);
#5650 = CARTESIAN_POINT('',(68.75,146.,95.5));
#5651 = DIRECTION('',(-0.707106781187,0.,0.707106781187));
#5652 = DIRECTION('',(-0.707106781187,0.,-0.707106781187));
#5653 = ADVANCED_FACE('',(#5654),#5672,.T.);
#5654 = FACE_BOUND('',#5655,.T.);
#5655 = EDGE_LOOP('',(#5656,#5664,#5665,#5666));
#5656 = ORIENTED_EDGE('',*,*,#5657,.T.);
#5657 = EDGE_CURVE('',#5658,#5627,#5660,.T.);
#5658 = VERTEX_POINT('',#5659);
#5659 = CARTESIAN_POINT('',(49.75,148.,95.5));
#5660 = LINE('',#5661,#5662);
#5661 = CARTESIAN_POINT('',(68.0625,148.,77.1875));
#5662 = VECTOR('',#5663,1.);
#5663 = DIRECTION('',(0.707106781187,0.,-0.707106781187));
#5664 = ORIENTED_EDGE('',*,*,#5643,.T.);
#5665 = ORIENTED_EDGE('',*,*,#970,.F.);
#5666 = ORIENTED_EDGE('',*,*,#5667,.F.);
#5667 = EDGE_CURVE('',#5658,#963,#5668,.T.);
#5668 = LINE('',#5669,#5670);
#5669 = CARTESIAN_POINT('',(49.75,146.,95.5));
#5670 = VECTOR('',#5671,1.);
#5671 = DIRECTION('',(0.,1.,0.));
#5672 = PLANE('',#5673);
#5673 = AXIS2_PLACEMENT_3D('',#5674,#5675,#5676);
#5674 = CARTESIAN_POINT('',(59.25,146.,86.));
#5675 = DIRECTION('',(0.707106781187,-0.,0.707106781187));
#5676 = DIRECTION('',(-0.707106781187,0.,0.707106781187));
#5677 = ADVANCED_FACE('',(#5678),#5696,.T.);
#5678 = FACE_BOUND('',#5679,.T.);
#5679 = EDGE_LOOP('',(#5680,#5688,#5694,#5695));
#5680 = ORIENTED_EDGE('',*,*,#5681,.T.);
#5681 = EDGE_CURVE('',#5629,#5682,#5684,.T.);
#5682 = VERTEX_POINT('',#5683);
#5683 = CARTESIAN_POINT('',(59.25,148.,105.));
#5684 = LINE('',#5685,#5686);
#5685 = CARTESIAN_POINT('',(72.8125,148.,91.4375));
#5686 = VECTOR('',#5687,1.);
#5687 = DIRECTION('',(-0.707106781187,-0.,0.707106781187));
#5688 = ORIENTED_EDGE('',*,*,#5689,.T.);
#5689 = EDGE_CURVE('',#5682,#955,#5690,.T.);
#5690 = LINE('',#5691,#5692);
#5691 = CARTESIAN_POINT('',(59.25,146.,105.));
#5692 = VECTOR('',#5693,1.);
#5693 = DIRECTION('',(0.,1.,0.));
#5694 = ORIENTED_EDGE('',*,*,#954,.F.);
#5695 = ORIENTED_EDGE('',*,*,#5636,.F.);
#5696 = PLANE('',#5697);
#5697 = AXIS2_PLACEMENT_3D('',#5698,#5699,#5700);
#5698 = CARTESIAN_POINT('',(59.25,146.,105.));
#5699 = DIRECTION('',(-0.707106781187,0.,-0.707106781187));
#5700 = DIRECTION('',(0.707106781187,0.,-0.707106781187));
#5701 = ADVANCED_FACE('',(#5702),#5713,.T.);
#5702 = FACE_BOUND('',#5703,.T.);
#5703 = EDGE_LOOP('',(#5704,#5710,#5711,#5712));
#5704 = ORIENTED_EDGE('',*,*,#5705,.T.);
#5705 = EDGE_CURVE('',#5682,#5658,#5706,.T.);
#5706 = LINE('',#5707,#5708);
#5707 = CARTESIAN_POINT('',(21.3125,148.,67.0625));
#5708 = VECTOR('',#5709,1.);
#5709 = DIRECTION('',(-0.707106781187,0.,-0.707106781187));
#5710 = ORIENTED_EDGE('',*,*,#5667,.T.);
#5711 = ORIENTED_EDGE('',*,*,#962,.F.);
#5712 = ORIENTED_EDGE('',*,*,#5689,.F.);
#5713 = PLANE('',#5714);
#5714 = AXIS2_PLACEMENT_3D('',#5715,#5716,#5717);
#5715 = CARTESIAN_POINT('',(49.75,146.,95.5));
#5716 = DIRECTION('',(0.707106781187,0.,-0.707106781187));
#5717 = DIRECTION('',(0.707106781187,0.,0.707106781187));
#5718 = ADVANCED_FACE('',(#5719),#5744,.T.);
#5719 = FACE_BOUND('',#5720,.T.);
#5720 = EDGE_LOOP('',(#5721,#5731,#5737,#5738));
#5721 = ORIENTED_EDGE('',*,*,#5722,.T.);
#5722 = EDGE_CURVE('',#5723,#5725,#5727,.T.);
#5723 = VERTEX_POINT('',#5724);
#5724 = CARTESIAN_POINT('',(48.,148.,108.5));
#5725 = VERTEX_POINT('',#5726);
#5726 = CARTESIAN_POINT('',(57.5,148.,118.));
#5727 = LINE('',#5728,#5729);
#5728 = CARTESIAN_POINT('',(21.5,148.,82.));
#5729 = VECTOR('',#5730,1.);
#5730 = DIRECTION('',(0.707106781187,0.,0.707106781187));
#5731 = ORIENTED_EDGE('',*,*,#5732,.T.);
#5732 = EDGE_CURVE('',#5725,#981,#5733,.T.);
#5733 = LINE('',#5734,#5735);
#5734 = CARTESIAN_POINT('',(57.5,146.,118.));
#5735 = VECTOR('',#5736,1.);
#5736 = DIRECTION('',(0.,1.,0.));
#5737 = ORIENTED_EDGE('',*,*,#978,.F.);
#5738 = ORIENTED_EDGE('',*,*,#5739,.F.);
#5739 = EDGE_CURVE('',#5723,#979,#5740,.T.);
#5740 = LINE('',#5741,#5742);
#5741 = CARTESIAN_POINT('',(48.,146.,108.5));
#5742 = VECTOR('',#5743,1.);
#5743 = DIRECTION('',(0.,1.,0.));
#5744 = PLANE('',#5745);
#5745 = AXIS2_PLACEMENT_3D('',#5746,#5747,#5748);
#5746 = CARTESIAN_POINT('',(57.5,146.,118.));
#5747 = DIRECTION('',(-0.707106781187,0.,0.707106781187));
#5748 = DIRECTION('',(-0.707106781187,0.,-0.707106781187));
#5749 = ADVANCED_FACE('',(#5750),#5768,.T.);
#5750 = FACE_BOUND('',#5751,.T.);
#5751 = EDGE_LOOP('',(#5752,#5760,#5761,#5762));
#5752 = ORIENTED_EDGE('',*,*,#5753,.T.);
#5753 = EDGE_CURVE('',#5754,#5723,#5756,.T.);
#5754 = VERTEX_POINT('',#5755);
#5755 = CARTESIAN_POINT('',(38.5,148.,118.));
#5756 = LINE('',#5757,#5758);
#5757 = CARTESIAN_POINT('',(65.25,148.,91.25));
#5758 = VECTOR('',#5759,1.);
#5759 = DIRECTION('',(0.707106781187,0.,-0.707106781187));
#5760 = ORIENTED_EDGE('',*,*,#5739,.T.);
#5761 = ORIENTED_EDGE('',*,*,#1004,.F.);
#5762 = ORIENTED_EDGE('',*,*,#5763,.F.);
#5763 = EDGE_CURVE('',#5754,#997,#5764,.T.);
#5764 = LINE('',#5765,#5766);
#5765 = CARTESIAN_POINT('',(38.5,146.,118.));
#5766 = VECTOR('',#5767,1.);
#5767 = DIRECTION('',(0.,1.,0.));
#5768 = PLANE('',#5769);
#5769 = AXIS2_PLACEMENT_3D('',#5770,#5771,#5772);
#5770 = CARTESIAN_POINT('',(48.,146.,108.5));
#5771 = DIRECTION('',(0.707106781187,-0.,0.707106781187));
#5772 = DIRECTION('',(-0.707106781187,0.,0.707106781187));
#5773 = ADVANCED_FACE('',(#5774),#5792,.T.);
#5774 = FACE_BOUND('',#5775,.T.);
#5775 = EDGE_LOOP('',(#5776,#5784,#5790,#5791));
#5776 = ORIENTED_EDGE('',*,*,#5777,.T.);
#5777 = EDGE_CURVE('',#5725,#5778,#5780,.T.);
#5778 = VERTEX_POINT('',#5779);
#5779 = CARTESIAN_POINT('',(48.,148.,127.5));
#5780 = LINE('',#5781,#5782);
#5781 = CARTESIAN_POINT('',(70.,148.,105.5));
#5782 = VECTOR('',#5783,1.);
#5783 = DIRECTION('',(-0.707106781187,-0.,0.707106781187));
#5784 = ORIENTED_EDGE('',*,*,#5785,.T.);
#5785 = EDGE_CURVE('',#5778,#989,#5786,.T.);
#5786 = LINE('',#5787,#5788);
#5787 = CARTESIAN_POINT('',(48.,146.,127.5));
#5788 = VECTOR('',#5789,1.);
#5789 = DIRECTION('',(0.,1.,0.));
#5790 = ORIENTED_EDGE('',*,*,#988,.F.);
#5791 = ORIENTED_EDGE('',*,*,#5732,.F.);
#5792 = PLANE('',#5793);
#5793 = AXIS2_PLACEMENT_3D('',#5794,#5795,#5796);
#5794 = CARTESIAN_POINT('',(48.,146.,127.5));
#5795 = DIRECTION('',(-0.707106781187,0.,-0.707106781187));
#5796 = DIRECTION('',(0.707106781187,0.,-0.707106781187));
#5797 = ADVANCED_FACE('',(#5798),#5809,.T.);
#5798 = FACE_BOUND('',#5799,.T.);
#5799 = EDGE_LOOP('',(#5800,#5806,#5807,#5808));
#5800 = ORIENTED_EDGE('',*,*,#5801,.T.);
#5801 = EDGE_CURVE('',#5778,#5754,#5802,.T.);
#5802 = LINE('',#5803,#5804);
#5803 = CARTESIAN_POINT('',(7.25,148.,86.75));
#5804 = VECTOR('',#5805,1.);
#5805 = DIRECTION('',(-0.707106781187,0.,-0.707106781187));
#5806 = ORIENTED_EDGE('',*,*,#5763,.T.);
#5807 = ORIENTED_EDGE('',*,*,#996,.F.);
#5808 = ORIENTED_EDGE('',*,*,#5785,.F.);
#5809 = PLANE('',#5810);
#5810 = AXIS2_PLACEMENT_3D('',#5811,#5812,#5813);
#5811 = CARTESIAN_POINT('',(38.5,146.,118.));
#5812 = DIRECTION('',(0.707106781187,0.,-0.707106781187));
#5813 = DIRECTION('',(0.707106781187,0.,0.707106781187));
#5814 = ADVANCED_FACE('',(#5815),#5840,.T.);
#5815 = FACE_BOUND('',#5816,.T.);
#5816 = EDGE_LOOP('',(#5817,#5827,#5833,#5834));
#5817 = ORIENTED_EDGE('',*,*,#5818,.T.);
#5818 = EDGE_CURVE('',#5819,#5821,#5823,.T.);
#5819 = VERTEX_POINT('',#5820);
#5820 = CARTESIAN_POINT('',(81.75,148.,86.));
#5821 = VERTEX_POINT('',#5822);
#5822 = CARTESIAN_POINT('',(91.25,148.,95.5));
#5823 = LINE('',#5824,#5825);
#5824 = CARTESIAN_POINT('',(52.4375,148.,56.6875));
#5825 = VECTOR('',#5826,1.);
#5826 = DIRECTION('',(0.707106781187,0.,0.707106781187));
#5827 = ORIENTED_EDGE('',*,*,#5828,.T.);
#5828 = EDGE_CURVE('',#5821,#1015,#5829,.T.);
#5829 = LINE('',#5830,#5831);
#5830 = CARTESIAN_POINT('',(91.25,146.,95.5));
#5831 = VECTOR('',#5832,1.);
#5832 = DIRECTION('',(0.,1.,0.));
#5833 = ORIENTED_EDGE('',*,*,#1012,.F.);
#5834 = ORIENTED_EDGE('',*,*,#5835,.F.);
#5835 = EDGE_CURVE('',#5819,#1013,#5836,.T.);
#5836 = LINE('',#5837,#5838);
#5837 = CARTESIAN_POINT('',(81.75,146.,86.));
#5838 = VECTOR('',#5839,1.);
#5839 = DIRECTION('',(0.,1.,0.));
#5840 = PLANE('',#5841);
#5841 = AXIS2_PLACEMENT_3D('',#5842,#5843,#5844);
#5842 = CARTESIAN_POINT('',(91.25,146.,95.5));
#5843 = DIRECTION('',(-0.707106781187,0.,0.707106781187));
#5844 = DIRECTION('',(-0.707106781187,0.,-0.707106781187));
#5845 = ADVANCED_FACE('',(#5846),#5864,.T.);
#5846 = FACE_BOUND('',#5847,.T.);
#5847 = EDGE_LOOP('',(#5848,#5856,#5857,#5858));
#5848 = ORIENTED_EDGE('',*,*,#5849,.T.);
#5849 = EDGE_CURVE('',#5850,#5819,#5852,.T.);
#5850 = VERTEX_POINT('',#5851);
#5851 = CARTESIAN_POINT('',(72.25,148.,95.5));
#5852 = LINE('',#5853,#5854);
#5853 = CARTESIAN_POINT('',(84.9375,148.,82.8125));
#5854 = VECTOR('',#5855,1.);
#5855 = DIRECTION('',(0.707106781187,0.,-0.707106781187));
#5856 = ORIENTED_EDGE('',*,*,#5835,.T.);
#5857 = ORIENTED_EDGE('',*,*,#1038,.F.);
#5858 = ORIENTED_EDGE('',*,*,#5859,.F.);
#5859 = EDGE_CURVE('',#5850,#1031,#5860,.T.);
#5860 = LINE('',#5861,#5862);
#5861 = CARTESIAN_POINT('',(72.25,146.,95.5));
#5862 = VECTOR('',#5863,1.);
#5863 = DIRECTION('',(0.,1.,0.));
#5864 = PLANE('',#5865);
#5865 = AXIS2_PLACEMENT_3D('',#5866,#5867,#5868);
#5866 = CARTESIAN_POINT('',(81.75,146.,86.));
#5867 = DIRECTION('',(0.707106781187,-0.,0.707106781187));
#5868 = DIRECTION('',(-0.707106781187,0.,0.707106781187));
#5869 = ADVANCED_FACE('',(#5870),#5888,.T.);
#5870 = FACE_BOUND('',#5871,.T.);
#5871 = EDGE_LOOP('',(#5872,#5880,#5886,#5887));
#5872 = ORIENTED_EDGE('',*,*,#5873,.T.);
#5873 = EDGE_CURVE('',#5821,#5874,#5876,.T.);
#5874 = VERTEX_POINT('',#5875);
#5875 = CARTESIAN_POINT('',(81.75,148.,105.));
#5876 = LINE('',#5877,#5878);
#5877 = CARTESIAN_POINT('',(89.6875,148.,97.0625));
#5878 = VECTOR('',#5879,1.);
#5879 = DIRECTION('',(-0.707106781187,-0.,0.707106781187));
#5880 = ORIENTED_EDGE('',*,*,#5881,.T.);
#5881 = EDGE_CURVE('',#5874,#1023,#5882,.T.);
#5882 = LINE('',#5883,#5884);
#5883 = CARTESIAN_POINT('',(81.75,146.,105.));
#5884 = VECTOR('',#5885,1.);
#5885 = DIRECTION('',(0.,1.,0.));
#5886 = ORIENTED_EDGE('',*,*,#1022,.F.);
#5887 = ORIENTED_EDGE('',*,*,#5828,.F.);
#5888 = PLANE('',#5889);
#5889 = AXIS2_PLACEMENT_3D('',#5890,#5891,#5892);
#5890 = CARTESIAN_POINT('',(81.75,146.,105.));
#5891 = DIRECTION('',(-0.707106781187,0.,-0.707106781187));
#5892 = DIRECTION('',(0.707106781187,0.,-0.707106781187));
#5893 = ADVANCED_FACE('',(#5894),#5905,.T.);
#5894 = FACE_BOUND('',#5895,.T.);
#5895 = EDGE_LOOP('',(#5896,#5902,#5903,#5904));
#5896 = ORIENTED_EDGE('',*,*,#5897,.T.);
#5897 = EDGE_CURVE('',#5874,#5850,#5898,.T.);
#5898 = LINE('',#5899,#5900);
#5899 = CARTESIAN_POINT('',(38.1875,148.,61.4375));
#5900 = VECTOR('',#5901,1.);
#5901 = DIRECTION('',(-0.707106781187,0.,-0.707106781187));
#5902 = ORIENTED_EDGE('',*,*,#5859,.T.);
#5903 = ORIENTED_EDGE('',*,*,#1030,.F.);
#5904 = ORIENTED_EDGE('',*,*,#5881,.F.);
#5905 = PLANE('',#5906);
#5906 = AXIS2_PLACEMENT_3D('',#5907,#5908,#5909);
#5907 = CARTESIAN_POINT('',(72.25,146.,95.5));
#5908 = DIRECTION('',(0.707106781187,0.,-0.707106781187));
#5909 = DIRECTION('',(0.707106781187,0.,0.707106781187));
#5910 = ADVANCED_FACE('',(#5911),#5936,.T.);
#5911 = FACE_BOUND('',#5912,.T.);
#5912 = EDGE_LOOP('',(#5913,#5923,#5929,#5930));
#5913 = ORIENTED_EDGE('',*,*,#5914,.T.);
#5914 = EDGE_CURVE('',#5915,#5917,#5919,.T.);
#5915 = VERTEX_POINT('',#5916);
#5916 = CARTESIAN_POINT('',(70.5,148.,108.5));
#5917 = VERTEX_POINT('',#5918);
#5918 = CARTESIAN_POINT('',(80.,148.,118.));
#5919 = LINE('',#5920,#5921);
#5920 = CARTESIAN_POINT('',(38.375,148.,76.375));
#5921 = VECTOR('',#5922,1.);
#5922 = DIRECTION('',(0.707106781187,0.,0.707106781187));
#5923 = ORIENTED_EDGE('',*,*,#5924,.T.);
#5924 = EDGE_CURVE('',#5917,#1049,#5925,.T.);
#5925 = LINE('',#5926,#5927);
#5926 = CARTESIAN_POINT('',(80.,146.,118.));
#5927 = VECTOR('',#5928,1.);
#5928 = DIRECTION('',(0.,1.,0.));
#5929 = ORIENTED_EDGE('',*,*,#1046,.F.);
#5930 = ORIENTED_EDGE('',*,*,#5931,.F.);
#5931 = EDGE_CURVE('',#5915,#1047,#5932,.T.);
#5932 = LINE('',#5933,#5934);
#5933 = CARTESIAN_POINT('',(70.5,146.,108.5));
#5934 = VECTOR('',#5935,1.);
#5935 = DIRECTION('',(0.,1.,0.));
#5936 = PLANE('',#5937);
#5937 = AXIS2_PLACEMENT_3D('',#5938,#5939,#5940);
#5938 = CARTESIAN_POINT('',(80.,146.,118.));
#5939 = DIRECTION('',(-0.707106781187,0.,0.707106781187));
#5940 = DIRECTION('',(-0.707106781187,0.,-0.707106781187));
#5941 = ADVANCED_FACE('',(#5942),#5960,.T.);
#5942 = FACE_BOUND('',#5943,.T.);
#5943 = EDGE_LOOP('',(#5944,#5952,#5953,#5954));
#5944 = ORIENTED_EDGE('',*,*,#5945,.T.);
#5945 = EDGE_CURVE('',#5946,#5915,#5948,.T.);
#5946 = VERTEX_POINT('',#5947);
#5947 = CARTESIAN_POINT('',(61.,148.,118.));
#5948 = LINE('',#5949,#5950);
#5949 = CARTESIAN_POINT('',(82.125,148.,96.875));
#5950 = VECTOR('',#5951,1.);
#5951 = DIRECTION('',(0.707106781187,0.,-0.707106781187));
#5952 = ORIENTED_EDGE('',*,*,#5931,.T.);
#5953 = ORIENTED_EDGE('',*,*,#1072,.F.);
#5954 = ORIENTED_EDGE('',*,*,#5955,.F.);
#5955 = EDGE_CURVE('',#5946,#1065,#5956,.T.);
#5956 = LINE('',#5957,#5958);
#5957 = CARTESIAN_POINT('',(61.,146.,118.));
#5958 = VECTOR('',#5959,1.);
#5959 = DIRECTION('',(0.,1.,0.));
#5960 = PLANE('',#5961);
#5961 = AXIS2_PLACEMENT_3D('',#5962,#5963,#5964);
#5962 = CARTESIAN_POINT('',(70.5,146.,108.5));
#5963 = DIRECTION('',(0.707106781187,-0.,0.707106781187));
#5964 = DIRECTION('',(-0.707106781187,0.,0.707106781187));
#5965 = ADVANCED_FACE('',(#5966),#5984,.T.);
#5966 = FACE_BOUND('',#5967,.T.);
#5967 = EDGE_LOOP('',(#5968,#5976,#5982,#5983));
#5968 = ORIENTED_EDGE('',*,*,#5969,.T.);
#5969 = EDGE_CURVE('',#5917,#5970,#5972,.T.);
#5970 = VERTEX_POINT('',#5971);
#5971 = CARTESIAN_POINT('',(70.5,148.,127.5));
#5972 = LINE('',#5973,#5974);
#5973 = CARTESIAN_POINT('',(86.875,148.,111.125));
#5974 = VECTOR('',#5975,1.);
#5975 = DIRECTION('',(-0.707106781187,-0.,0.707106781187));
#5976 = ORIENTED_EDGE('',*,*,#5977,.T.);
#5977 = EDGE_CURVE('',#5970,#1057,#5978,.T.);
#5978 = LINE('',#5979,#5980);
#5979 = CARTESIAN_POINT('',(70.5,146.,127.5));
#5980 = VECTOR('',#5981,1.);
#5981 = DIRECTION('',(0.,1.,0.));
#5982 = ORIENTED_EDGE('',*,*,#1056,.F.);
#5983 = ORIENTED_EDGE('',*,*,#5924,.F.);
#5984 = PLANE('',#5985);
#5985 = AXIS2_PLACEMENT_3D('',#5986,#5987,#5988);
#5986 = CARTESIAN_POINT('',(70.5,146.,127.5));
#5987 = DIRECTION('',(-0.707106781187,0.,-0.707106781187));
#5988 = DIRECTION('',(0.707106781187,0.,-0.707106781187));
#5989 = ADVANCED_FACE('',(#5990),#6001,.T.);
#5990 = FACE_BOUND('',#5991,.T.);
#5991 = EDGE_LOOP('',(#5992,#5998,#5999,#6000));
#5992 = ORIENTED_EDGE('',*,*,#5993,.T.);
#5993 = EDGE_CURVE('',#5970,#5946,#5994,.T.);
#5994 = LINE('',#5995,#5996);
#5995 = CARTESIAN_POINT('',(24.125,148.,81.125));
#5996 = VECTOR('',#5997,1.);
#5997 = DIRECTION('',(-0.707106781187,0.,-0.707106781187));
#5998 = ORIENTED_EDGE('',*,*,#5955,.T.);
#5999 = ORIENTED_EDGE('',*,*,#1064,.F.);
#6000 = ORIENTED_EDGE('',*,*,#5977,.F.);
#6001 = PLANE('',#6002);
#6002 = AXIS2_PLACEMENT_3D('',#6003,#6004,#6005);
#6003 = CARTESIAN_POINT('',(61.,146.,118.));
#6004 = DIRECTION('',(0.707106781187,0.,-0.707106781187));
#6005 = DIRECTION('',(0.707106781187,0.,0.707106781187));
#6006 = ADVANCED_FACE('',(#6007),#6032,.T.);
#6007 = FACE_BOUND('',#6008,.T.);
#6008 = EDGE_LOOP('',(#6009,#6019,#6025,#6026));
#6009 = ORIENTED_EDGE('',*,*,#6010,.T.);
#6010 = EDGE_CURVE('',#6011,#6013,#6015,.T.);
#6011 = VERTEX_POINT('',#6012);
#6012 = CARTESIAN_POINT('',(93.,148.,108.5));
#6013 = VERTEX_POINT('',#6014);
#6014 = CARTESIAN_POINT('',(102.5,148.,118.));
#6015 = LINE('',#6016,#6017);
#6016 = CARTESIAN_POINT('',(55.25,148.,70.75));
#6017 = VECTOR('',#6018,1.);
#6018 = DIRECTION('',(0.707106781187,0.,0.707106781187));
#6019 = ORIENTED_EDGE('',*,*,#6020,.T.);
#6020 = EDGE_CURVE('',#6013,#1083,#6021,.T.);
#6021 = LINE('',#6022,#6023);
#6022 = CARTESIAN_POINT('',(102.5,146.,118.));
#6023 = VECTOR('',#6024,1.);
#6024 = DIRECTION('',(0.,1.,0.));
#6025 = ORIENTED_EDGE('',*,*,#1080,.F.);
#6026 = ORIENTED_EDGE('',*,*,#6027,.F.);
#6027 = EDGE_CURVE('',#6011,#1081,#6028,.T.);
#6028 = LINE('',#6029,#6030);
#6029 = CARTESIAN_POINT('',(93.,146.,108.5));
#6030 = VECTOR('',#6031,1.);
#6031 = DIRECTION('',(0.,1.,0.));
#6032 = PLANE('',#6033);
#6033 = AXIS2_PLACEMENT_3D('',#6034,#6035,#6036);
#6034 = CARTESIAN_POINT('',(102.5,146.,118.));
#6035 = DIRECTION('',(-0.707106781187,0.,0.707106781187));
#6036 = DIRECTION('',(-0.707106781187,0.,-0.707106781187));
#6037 = ADVANCED_FACE('',(#6038),#6056,.T.);
#6038 = FACE_BOUND('',#6039,.T.);
#6039 = EDGE_LOOP('',(#6040,#6048,#6049,#6050));
#6040 = ORIENTED_EDGE('',*,*,#6041,.T.);
#6041 = EDGE_CURVE('',#6042,#6011,#6044,.T.);
#6042 = VERTEX_POINT('',#6043);
#6043 = CARTESIAN_POINT('',(83.5,148.,118.));
#6044 = LINE('',#6045,#6046);
#6045 = CARTESIAN_POINT('',(99.,148.,102.5));
#6046 = VECTOR('',#6047,1.);
#6047 = DIRECTION('',(0.707106781187,0.,-0.707106781187));
#6048 = ORIENTED_EDGE('',*,*,#6027,.T.);
#6049 = ORIENTED_EDGE('',*,*,#1106,.F.);
#6050 = ORIENTED_EDGE('',*,*,#6051,.F.);
#6051 = EDGE_CURVE('',#6042,#1099,#6052,.T.);
#6052 = LINE('',#6053,#6054);
#6053 = CARTESIAN_POINT('',(83.5,146.,118.));
#6054 = VECTOR('',#6055,1.);
#6055 = DIRECTION('',(0.,1.,0.));
#6056 = PLANE('',#6057);
#6057 = AXIS2_PLACEMENT_3D('',#6058,#6059,#6060);
#6058 = CARTESIAN_POINT('',(93.,146.,108.5));
#6059 = DIRECTION('',(0.707106781187,-0.,0.707106781187));
#6060 = DIRECTION('',(-0.707106781187,0.,0.707106781187));
#6061 = ADVANCED_FACE('',(#6062),#6080,.T.);
#6062 = FACE_BOUND('',#6063,.T.);
#6063 = EDGE_LOOP('',(#6064,#6072,#6078,#6079));
#6064 = ORIENTED_EDGE('',*,*,#6065,.T.);
#6065 = EDGE_CURVE('',#6013,#6066,#6068,.T.);
#6066 = VERTEX_POINT('',#6067);
#6067 = CARTESIAN_POINT('',(93.,148.,127.5));
#6068 = LINE('',#6069,#6070);
#6069 = CARTESIAN_POINT('',(103.75,148.,116.75));
#6070 = VECTOR('',#6071,1.);
#6071 = DIRECTION('',(-0.707106781187,-0.,0.707106781187));
#6072 = ORIENTED_EDGE('',*,*,#6073,.T.);
#6073 = EDGE_CURVE('',#6066,#1091,#6074,.T.);
#6074 = LINE('',#6075,#6076);
#6075 = CARTESIAN_POINT('',(93.,146.,127.5));
#6076 = VECTOR('',#6077,1.);
#6077 = DIRECTION('',(0.,1.,0.));
#6078 = ORIENTED_EDGE('',*,*,#1090,.F.);
#6079 = ORIENTED_EDGE('',*,*,#6020,.F.);
#6080 = PLANE('',#6081);
#6081 = AXIS2_PLACEMENT_3D('',#6082,#6083,#6084);
#6082 = CARTESIAN_POINT('',(93.,146.,127.5));
#6083 = DIRECTION('',(-0.707106781187,0.,-0.707106781187));
#6084 = DIRECTION('',(0.707106781187,0.,-0.707106781187));
#6085 = ADVANCED_FACE('',(#6086),#6097,.T.);
#6086 = FACE_BOUND('',#6087,.T.);
#6087 = EDGE_LOOP('',(#6088,#6094,#6095,#6096));
#6088 = ORIENTED_EDGE('',*,*,#6089,.T.);
#6089 = EDGE_CURVE('',#6066,#6042,#6090,.T.);
#6090 = LINE('',#6091,#6092);
#6091 = CARTESIAN_POINT('',(41.,148.,75.5));
#6092 = VECTOR('',#6093,1.);
#6093 = DIRECTION('',(-0.707106781187,0.,-0.707106781187));
#6094 = ORIENTED_EDGE('',*,*,#6051,.T.);
#6095 = ORIENTED_EDGE('',*,*,#1098,.F.);
#6096 = ORIENTED_EDGE('',*,*,#6073,.F.);
#6097 = PLANE('',#6098);
#6098 = AXIS2_PLACEMENT_3D('',#6099,#6100,#6101);
#6099 = CARTESIAN_POINT('',(83.5,146.,118.));
#6100 = DIRECTION('',(0.707106781187,0.,-0.707106781187));
#6101 = DIRECTION('',(0.707106781187,0.,0.707106781187));
#6102 = ADVANCED_FACE('',(#6103),#6128,.T.);
#6103 = FACE_BOUND('',#6104,.T.);
#6104 = EDGE_LOOP('',(#6105,#6115,#6121,#6122));
#6105 = ORIENTED_EDGE('',*,*,#6106,.T.);
#6106 = EDGE_CURVE('',#6107,#6109,#6111,.T.);
#6107 = VERTEX_POINT('',#6108);
#6108 = CARTESIAN_POINT('',(115.5,148.,18.5));
#6109 = VERTEX_POINT('',#6110);
#6110 = CARTESIAN_POINT('',(125.,148.,28.));
#6111 = LINE('',#6112,#6113);
#6112 = CARTESIAN_POINT('',(94.625,148.,-2.375));
#6113 = VECTOR('',#6114,1.);
#6114 = DIRECTION('',(0.707106781187,0.,0.707106781187));
#6115 = ORIENTED_EDGE('',*,*,#6116,.T.);
#6116 = EDGE_CURVE('',#6109,#1117,#6117,.T.);
#6117 = LINE('',#6118,#6119);
#6118 = CARTESIAN_POINT('',(125.,146.,28.));
#6119 = VECTOR('',#6120,1.);
#6120 = DIRECTION('',(0.,1.,0.));
#6121 = ORIENTED_EDGE('',*,*,#1114,.F.);
#6122 = ORIENTED_EDGE('',*,*,#6123,.F.);
#6123 = EDGE_CURVE('',#6107,#1115,#6124,.T.);
#6124 = LINE('',#6125,#6126);
#6125 = CARTESIAN_POINT('',(115.5,146.,18.5));
#6126 = VECTOR('',#6127,1.);
#6127 = DIRECTION('',(0.,1.,0.));
#6128 = PLANE('',#6129);
#6129 = AXIS2_PLACEMENT_3D('',#6130,#6131,#6132);
#6130 = CARTESIAN_POINT('',(125.,146.,28.));
#6131 = DIRECTION('',(-0.707106781187,0.,0.707106781187));
#6132 = DIRECTION('',(-0.707106781187,0.,-0.707106781187));
#6133 = ADVANCED_FACE('',(#6134),#6152,.T.);
#6134 = FACE_BOUND('',#6135,.T.);
#6135 = EDGE_LOOP('',(#6136,#6144,#6145,#6146));
#6136 = ORIENTED_EDGE('',*,*,#6137,.T.);
#6137 = EDGE_CURVE('',#6138,#6107,#6140,.T.);
#6138 = VERTEX_POINT('',#6139);
#6139 = CARTESIAN_POINT('',(106.,148.,28.));
#6140 = LINE('',#6141,#6142);
#6141 = CARTESIAN_POINT('',(93.375,148.,40.625));
#6142 = VECTOR('',#6143,1.);
#6143 = DIRECTION('',(0.707106781187,0.,-0.707106781187));
#6144 = ORIENTED_EDGE('',*,*,#6123,.T.);
#6145 = ORIENTED_EDGE('',*,*,#1140,.F.);
#6146 = ORIENTED_EDGE('',*,*,#6147,.F.);
#6147 = EDGE_CURVE('',#6138,#1133,#6148,.T.);
#6148 = LINE('',#6149,#6150);
#6149 = CARTESIAN_POINT('',(106.,146.,28.));
#6150 = VECTOR('',#6151,1.);
#6151 = DIRECTION('',(0.,1.,0.));
#6152 = PLANE('',#6153);
#6153 = AXIS2_PLACEMENT_3D('',#6154,#6155,#6156);
#6154 = CARTESIAN_POINT('',(115.5,146.,18.5));
#6155 = DIRECTION('',(0.707106781187,-0.,0.707106781187));
#6156 = DIRECTION('',(-0.707106781187,0.,0.707106781187));
#6157 = ADVANCED_FACE('',(#6158),#6176,.T.);
#6158 = FACE_BOUND('',#6159,.T.);
#6159 = EDGE_LOOP('',(#6160,#6168,#6174,#6175));
#6160 = ORIENTED_EDGE('',*,*,#6161,.T.);
#6161 = EDGE_CURVE('',#6109,#6162,#6164,.T.);
#6162 = VERTEX_POINT('',#6163);
#6163 = CARTESIAN_POINT('',(115.5,148.,37.5));
#6164 = LINE('',#6165,#6166);
#6165 = CARTESIAN_POINT('',(98.125,148.,54.875));
#6166 = VECTOR('',#6167,1.);
#6167 = DIRECTION('',(-0.707106781187,-0.,0.707106781187));
#6168 = ORIENTED_EDGE('',*,*,#6169,.T.);
#6169 = EDGE_CURVE('',#6162,#1125,#6170,.T.);
#6170 = LINE('',#6171,#6172);
#6171 = CARTESIAN_POINT('',(115.5,146.,37.5));
#6172 = VECTOR('',#6173,1.);
#6173 = DIRECTION('',(0.,1.,0.));
#6174 = ORIENTED_EDGE('',*,*,#1124,.F.);
#6175 = ORIENTED_EDGE('',*,*,#6116,.F.);
#6176 = PLANE('',#6177);
#6177 = AXIS2_PLACEMENT_3D('',#6178,#6179,#6180);
#6178 = CARTESIAN_POINT('',(115.5,146.,37.5));
#6179 = DIRECTION('',(-0.707106781187,0.,-0.707106781187));
#6180 = DIRECTION('',(0.707106781187,0.,-0.707106781187));
#6181 = ADVANCED_FACE('',(#6182),#6193,.T.);
#6182 = FACE_BOUND('',#6183,.T.);
#6183 = EDGE_LOOP('',(#6184,#6190,#6191,#6192));
#6184 = ORIENTED_EDGE('',*,*,#6185,.T.);
#6185 = EDGE_CURVE('',#6162,#6138,#6186,.T.);
#6186 = LINE('',#6187,#6188);
#6187 = CARTESIAN_POINT('',(80.375,148.,2.375));
#6188 = VECTOR('',#6189,1.);
#6189 = DIRECTION('',(-0.707106781187,0.,-0.707106781187));
#6190 = ORIENTED_EDGE('',*,*,#6147,.T.);
#6191 = ORIENTED_EDGE('',*,*,#1132,.F.);
#6192 = ORIENTED_EDGE('',*,*,#6169,.F.);
#6193 = PLANE('',#6194);
#6194 = AXIS2_PLACEMENT_3D('',#6195,#6196,#6197);
#6195 = CARTESIAN_POINT('',(106.,146.,28.));
#6196 = DIRECTION('',(0.707106781187,0.,-0.707106781187));
#6197 = DIRECTION('',(0.707106781187,0.,0.707106781187));
#6198 = ADVANCED_FACE('',(#6199),#6224,.T.);
#6199 = FACE_BOUND('',#6200,.T.);
#6200 = EDGE_LOOP('',(#6201,#6211,#6217,#6218));
#6201 = ORIENTED_EDGE('',*,*,#6202,.T.);
#6202 = EDGE_CURVE('',#6203,#6205,#6207,.T.);
#6203 = VERTEX_POINT('',#6204);
#6204 = CARTESIAN_POINT('',(104.25,148.,41.));
#6205 = VERTEX_POINT('',#6206);
#6206 = CARTESIAN_POINT('',(113.75,148.,50.5));
#6207 = LINE('',#6208,#6209);
#6208 = CARTESIAN_POINT('',(80.5625,148.,17.3125));
#6209 = VECTOR('',#6210,1.);
#6210 = DIRECTION('',(0.707106781187,0.,0.707106781187));
#6211 = ORIENTED_EDGE('',*,*,#6212,.T.);
#6212 = EDGE_CURVE('',#6205,#1151,#6213,.T.);
#6213 = LINE('',#6214,#6215);
#6214 = CARTESIAN_POINT('',(113.75,146.,50.5));
#6215 = VECTOR('',#6216,1.);
#6216 = DIRECTION('',(0.,1.,0.));
#6217 = ORIENTED_EDGE('',*,*,#1148,.F.);
#6218 = ORIENTED_EDGE('',*,*,#6219,.F.);
#6219 = EDGE_CURVE('',#6203,#1149,#6220,.T.);
#6220 = LINE('',#6221,#6222);
#6221 = CARTESIAN_POINT('',(104.25,146.,41.));
#6222 = VECTOR('',#6223,1.);
#6223 = DIRECTION('',(0.,1.,0.));
#6224 = PLANE('',#6225);
#6225 = AXIS2_PLACEMENT_3D('',#6226,#6227,#6228);
#6226 = CARTESIAN_POINT('',(113.75,146.,50.5));
#6227 = DIRECTION('',(-0.707106781187,0.,0.707106781187));
#6228 = DIRECTION('',(-0.707106781187,0.,-0.707106781187));
#6229 = ADVANCED_FACE('',(#6230),#6248,.T.);
#6230 = FACE_BOUND('',#6231,.T.);
#6231 = EDGE_LOOP('',(#6232,#6240,#6241,#6242));
#6232 = ORIENTED_EDGE('',*,*,#6233,.T.);
#6233 = EDGE_CURVE('',#6234,#6203,#6236,.T.);
#6234 = VERTEX_POINT('',#6235);
#6235 = CARTESIAN_POINT('',(94.75,148.,50.5));
#6236 = LINE('',#6237,#6238);
#6237 = CARTESIAN_POINT('',(90.5625,148.,54.6875));
#6238 = VECTOR('',#6239,1.);
#6239 = DIRECTION('',(0.707106781187,0.,-0.707106781187));
#6240 = ORIENTED_EDGE('',*,*,#6219,.T.);
#6241 = ORIENTED_EDGE('',*,*,#1174,.F.);
#6242 = ORIENTED_EDGE('',*,*,#6243,.F.);
#6243 = EDGE_CURVE('',#6234,#1167,#6244,.T.);
#6244 = LINE('',#6245,#6246);
#6245 = CARTESIAN_POINT('',(94.75,146.,50.5));
#6246 = VECTOR('',#6247,1.);
#6247 = DIRECTION('',(0.,1.,0.));
#6248 = PLANE('',#6249);
#6249 = AXIS2_PLACEMENT_3D('',#6250,#6251,#6252);
#6250 = CARTESIAN_POINT('',(104.25,146.,41.));
#6251 = DIRECTION('',(0.707106781187,-0.,0.707106781187));
#6252 = DIRECTION('',(-0.707106781187,0.,0.707106781187));
#6253 = ADVANCED_FACE('',(#6254),#6272,.T.);
#6254 = FACE_BOUND('',#6255,.T.);
#6255 = EDGE_LOOP('',(#6256,#6264,#6270,#6271));
#6256 = ORIENTED_EDGE('',*,*,#6257,.T.);
#6257 = EDGE_CURVE('',#6205,#6258,#6260,.T.);
#6258 = VERTEX_POINT('',#6259);
#6259 = CARTESIAN_POINT('',(104.25,148.,60.));
#6260 = LINE('',#6261,#6262);
#6261 = CARTESIAN_POINT('',(95.3125,148.,68.9375));
#6262 = VECTOR('',#6263,1.);
#6263 = DIRECTION('',(-0.707106781187,-0.,0.707106781187));
#6264 = ORIENTED_EDGE('',*,*,#6265,.T.);
#6265 = EDGE_CURVE('',#6258,#1159,#6266,.T.);
#6266 = LINE('',#6267,#6268);
#6267 = CARTESIAN_POINT('',(104.25,146.,60.));
#6268 = VECTOR('',#6269,1.);
#6269 = DIRECTION('',(0.,1.,0.));
#6270 = ORIENTED_EDGE('',*,*,#1158,.F.);
#6271 = ORIENTED_EDGE('',*,*,#6212,.F.);
#6272 = PLANE('',#6273);
#6273 = AXIS2_PLACEMENT_3D('',#6274,#6275,#6276);
#6274 = CARTESIAN_POINT('',(104.25,146.,60.));
#6275 = DIRECTION('',(-0.707106781187,0.,-0.707106781187));
#6276 = DIRECTION('',(0.707106781187,0.,-0.707106781187));
#6277 = ADVANCED_FACE('',(#6278),#6289,.T.);
#6278 = FACE_BOUND('',#6279,.T.);
#6279 = EDGE_LOOP('',(#6280,#6286,#6287,#6288));
#6280 = ORIENTED_EDGE('',*,*,#6281,.T.);
#6281 = EDGE_CURVE('',#6258,#6234,#6282,.T.);
#6282 = LINE('',#6283,#6284);
#6283 = CARTESIAN_POINT('',(66.3125,148.,22.0625));
#6284 = VECTOR('',#6285,1.);
#6285 = DIRECTION('',(-0.707106781187,0.,-0.707106781187));
#6286 = ORIENTED_EDGE('',*,*,#6243,.T.);
#6287 = ORIENTED_EDGE('',*,*,#1166,.F.);
#6288 = ORIENTED_EDGE('',*,*,#6265,.F.);
#6289 = PLANE('',#6290);
#6290 = AXIS2_PLACEMENT_3D('',#6291,#6292,#6293);
#6291 = CARTESIAN_POINT('',(94.75,146.,50.5));
#6292 = DIRECTION('',(0.707106781187,0.,-0.707106781187));
#6293 = DIRECTION('',(0.707106781187,0.,0.707106781187));
#6294 = ADVANCED_FACE('',(#6295),#6320,.T.);
#6295 = FACE_BOUND('',#6296,.T.);
#6296 = EDGE_LOOP('',(#6297,#6307,#6313,#6314));
#6297 = ORIENTED_EDGE('',*,*,#6298,.T.);
#6298 = EDGE_CURVE('',#6299,#6301,#6303,.T.);
#6299 = VERTEX_POINT('',#6300);
#6300 = CARTESIAN_POINT('',(126.75,148.,41.));
#6301 = VERTEX_POINT('',#6302);
#6302 = CARTESIAN_POINT('',(136.25,148.,50.5));
#6303 = LINE('',#6304,#6305);
#6304 = CARTESIAN_POINT('',(97.4375,148.,11.6875));
#6305 = VECTOR('',#6306,1.);
#6306 = DIRECTION('',(0.707106781187,0.,0.707106781187));
#6307 = ORIENTED_EDGE('',*,*,#6308,.T.);
#6308 = EDGE_CURVE('',#6301,#1185,#6309,.T.);
#6309 = LINE('',#6310,#6311);
#6310 = CARTESIAN_POINT('',(136.25,146.,50.5));
#6311 = VECTOR('',#6312,1.);
#6312 = DIRECTION('',(0.,1.,0.));
#6313 = ORIENTED_EDGE('',*,*,#1182,.F.);
#6314 = ORIENTED_EDGE('',*,*,#6315,.F.);
#6315 = EDGE_CURVE('',#6299,#1183,#6316,.T.);
#6316 = LINE('',#6317,#6318);
#6317 = CARTESIAN_POINT('',(126.75,146.,41.));
#6318 = VECTOR('',#6319,1.);
#6319 = DIRECTION('',(0.,1.,0.));
#6320 = PLANE('',#6321);
#6321 = AXIS2_PLACEMENT_3D('',#6322,#6323,#6324);
#6322 = CARTESIAN_POINT('',(136.25,146.,50.5));
#6323 = DIRECTION('',(-0.707106781187,0.,0.707106781187));
#6324 = DIRECTION('',(-0.707106781187,0.,-0.707106781187));
#6325 = ADVANCED_FACE('',(#6326),#6344,.T.);
#6326 = FACE_BOUND('',#6327,.T.);
#6327 = EDGE_LOOP('',(#6328,#6336,#6337,#6338));
#6328 = ORIENTED_EDGE('',*,*,#6329,.T.);
#6329 = EDGE_CURVE('',#6330,#6299,#6332,.T.);
#6330 = VERTEX_POINT('',#6331);
#6331 = CARTESIAN_POINT('',(117.25,148.,50.5));
#6332 = LINE('',#6333,#6334);
#6333 = CARTESIAN_POINT('',(107.4375,148.,60.3125));
#6334 = VECTOR('',#6335,1.);
#6335 = DIRECTION('',(0.707106781187,0.,-0.707106781187));
#6336 = ORIENTED_EDGE('',*,*,#6315,.T.);
#6337 = ORIENTED_EDGE('',*,*,#1208,.F.);
#6338 = ORIENTED_EDGE('',*,*,#6339,.F.);
#6339 = EDGE_CURVE('',#6330,#1201,#6340,.T.);
#6340 = LINE('',#6341,#6342);
#6341 = CARTESIAN_POINT('',(117.25,146.,50.5));
#6342 = VECTOR('',#6343,1.);
#6343 = DIRECTION('',(0.,1.,0.));
#6344 = PLANE('',#6345);
#6345 = AXIS2_PLACEMENT_3D('',#6346,#6347,#6348);
#6346 = CARTESIAN_POINT('',(126.75,146.,41.));
#6347 = DIRECTION('',(0.707106781187,-0.,0.707106781187));
#6348 = DIRECTION('',(-0.707106781187,0.,0.707106781187));
#6349 = ADVANCED_FACE('',(#6350),#6368,.T.);
#6350 = FACE_BOUND('',#6351,.T.);
#6351 = EDGE_LOOP('',(#6352,#6360,#6366,#6367));
#6352 = ORIENTED_EDGE('',*,*,#6353,.T.);
#6353 = EDGE_CURVE('',#6301,#6354,#6356,.T.);
#6354 = VERTEX_POINT('',#6355);
#6355 = CARTESIAN_POINT('',(126.75,148.,60.));
#6356 = LINE('',#6357,#6358);
#6357 = CARTESIAN_POINT('',(112.1875,148.,74.5625));
#6358 = VECTOR('',#6359,1.);
#6359 = DIRECTION('',(-0.707106781187,-0.,0.707106781187));
#6360 = ORIENTED_EDGE('',*,*,#6361,.T.);
#6361 = EDGE_CURVE('',#6354,#1193,#6362,.T.);
#6362 = LINE('',#6363,#6364);
#6363 = CARTESIAN_POINT('',(126.75,146.,60.));
#6364 = VECTOR('',#6365,1.);
#6365 = DIRECTION('',(0.,1.,0.));
#6366 = ORIENTED_EDGE('',*,*,#1192,.F.);
#6367 = ORIENTED_EDGE('',*,*,#6308,.F.);
#6368 = PLANE('',#6369);
#6369 = AXIS2_PLACEMENT_3D('',#6370,#6371,#6372);
#6370 = CARTESIAN_POINT('',(126.75,146.,60.));
#6371 = DIRECTION('',(-0.707106781187,0.,-0.707106781187));
#6372 = DIRECTION('',(0.707106781187,0.,-0.707106781187));
#6373 = ADVANCED_FACE('',(#6374),#6385,.T.);
#6374 = FACE_BOUND('',#6375,.T.);
#6375 = EDGE_LOOP('',(#6376,#6382,#6383,#6384));
#6376 = ORIENTED_EDGE('',*,*,#6377,.T.);
#6377 = EDGE_CURVE('',#6354,#6330,#6378,.T.);
#6378 = LINE('',#6379,#6380);
#6379 = CARTESIAN_POINT('',(83.1875,148.,16.4375));
#6380 = VECTOR('',#6381,1.);
#6381 = DIRECTION('',(-0.707106781187,0.,-0.707106781187));
#6382 = ORIENTED_EDGE('',*,*,#6339,.T.);
#6383 = ORIENTED_EDGE('',*,*,#1200,.F.);
#6384 = ORIENTED_EDGE('',*,*,#6361,.F.);
#6385 = PLANE('',#6386);
#6386 = AXIS2_PLACEMENT_3D('',#6387,#6388,#6389);
#6387 = CARTESIAN_POINT('',(117.25,146.,50.5));
#6388 = DIRECTION('',(0.707106781187,0.,-0.707106781187));
#6389 = DIRECTION('',(0.707106781187,0.,0.707106781187));
#6390 = ADVANCED_FACE('',(#6391),#6416,.T.);
#6391 = FACE_BOUND('',#6392,.T.);
#6392 = EDGE_LOOP('',(#6393,#6403,#6409,#6410));
#6393 = ORIENTED_EDGE('',*,*,#6394,.T.);
#6394 = EDGE_CURVE('',#6395,#6397,#6399,.T.);
#6395 = VERTEX_POINT('',#6396);
#6396 = CARTESIAN_POINT('',(115.5,148.,63.5));
#6397 = VERTEX_POINT('',#6398);
#6398 = CARTESIAN_POINT('',(125.,148.,73.));
#6399 = LINE('',#6400,#6401);
#6400 = CARTESIAN_POINT('',(83.375,148.,31.375));
#6401 = VECTOR('',#6402,1.);
#6402 = DIRECTION('',(0.707106781187,0.,0.707106781187));
#6403 = ORIENTED_EDGE('',*,*,#6404,.T.);
#6404 = EDGE_CURVE('',#6397,#1219,#6405,.T.);
#6405 = LINE('',#6406,#6407);
#6406 = CARTESIAN_POINT('',(125.,146.,73.));
#6407 = VECTOR('',#6408,1.);
#6408 = DIRECTION('',(0.,1.,0.));
#6409 = ORIENTED_EDGE('',*,*,#1216,.F.);
#6410 = ORIENTED_EDGE('',*,*,#6411,.F.);
#6411 = EDGE_CURVE('',#6395,#1217,#6412,.T.);
#6412 = LINE('',#6413,#6414);
#6413 = CARTESIAN_POINT('',(115.5,146.,63.5));
#6414 = VECTOR('',#6415,1.);
#6415 = DIRECTION('',(0.,1.,0.));
#6416 = PLANE('',#6417);
#6417 = AXIS2_PLACEMENT_3D('',#6418,#6419,#6420);
#6418 = CARTESIAN_POINT('',(125.,146.,73.));
#6419 = DIRECTION('',(-0.707106781187,0.,0.707106781187));
#6420 = DIRECTION('',(-0.707106781187,0.,-0.707106781187));
#6421 = ADVANCED_FACE('',(#6422),#6440,.T.);
#6422 = FACE_BOUND('',#6423,.T.);
#6423 = EDGE_LOOP('',(#6424,#6432,#6433,#6434));
#6424 = ORIENTED_EDGE('',*,*,#6425,.T.);
#6425 = EDGE_CURVE('',#6426,#6395,#6428,.T.);
#6426 = VERTEX_POINT('',#6427);
#6427 = CARTESIAN_POINT('',(106.,148.,73.));
#6428 = LINE('',#6429,#6430);
#6429 = CARTESIAN_POINT('',(104.625,148.,74.375));
#6430 = VECTOR('',#6431,1.);
#6431 = DIRECTION('',(0.707106781187,0.,-0.707106781187));
#6432 = ORIENTED_EDGE('',*,*,#6411,.T.);
#6433 = ORIENTED_EDGE('',*,*,#1242,.F.);
#6434 = ORIENTED_EDGE('',*,*,#6435,.F.);
#6435 = EDGE_CURVE('',#6426,#1235,#6436,.T.);
#6436 = LINE('',#6437,#6438);
#6437 = CARTESIAN_POINT('',(106.,146.,73.));
#6438 = VECTOR('',#6439,1.);
#6439 = DIRECTION('',(0.,1.,0.));
#6440 = PLANE('',#6441);
#6441 = AXIS2_PLACEMENT_3D('',#6442,#6443,#6444);
#6442 = CARTESIAN_POINT('',(115.5,146.,63.5));
#6443 = DIRECTION('',(0.707106781187,-0.,0.707106781187));
#6444 = DIRECTION('',(-0.707106781187,0.,0.707106781187));
#6445 = ADVANCED_FACE('',(#6446),#6464,.T.);
#6446 = FACE_BOUND('',#6447,.T.);
#6447 = EDGE_LOOP('',(#6448,#6456,#6462,#6463));
#6448 = ORIENTED_EDGE('',*,*,#6449,.T.);
#6449 = EDGE_CURVE('',#6397,#6450,#6452,.T.);
#6450 = VERTEX_POINT('',#6451);
#6451 = CARTESIAN_POINT('',(115.5,148.,82.5));
#6452 = LINE('',#6453,#6454);
#6453 = CARTESIAN_POINT('',(109.375,148.,88.625));
#6454 = VECTOR('',#6455,1.);
#6455 = DIRECTION('',(-0.707106781187,-0.,0.707106781187));
#6456 = ORIENTED_EDGE('',*,*,#6457,.T.);
#6457 = EDGE_CURVE('',#6450,#1227,#6458,.T.);
#6458 = LINE('',#6459,#6460);
#6459 = CARTESIAN_POINT('',(115.5,146.,82.5));
#6460 = VECTOR('',#6461,1.);
#6461 = DIRECTION('',(0.,1.,0.));
#6462 = ORIENTED_EDGE('',*,*,#1226,.F.);
#6463 = ORIENTED_EDGE('',*,*,#6404,.F.);
#6464 = PLANE('',#6465);
#6465 = AXIS2_PLACEMENT_3D('',#6466,#6467,#6468);
#6466 = CARTESIAN_POINT('',(115.5,146.,82.5));
#6467 = DIRECTION('',(-0.707106781187,0.,-0.707106781187));
#6468 = DIRECTION('',(0.707106781187,0.,-0.707106781187));
#6469 = ADVANCED_FACE('',(#6470),#6481,.T.);
#6470 = FACE_BOUND('',#6471,.T.);
#6471 = EDGE_LOOP('',(#6472,#6478,#6479,#6480));
#6472 = ORIENTED_EDGE('',*,*,#6473,.T.);
#6473 = EDGE_CURVE('',#6450,#6426,#6474,.T.);
#6474 = LINE('',#6475,#6476);
#6475 = CARTESIAN_POINT('',(69.125,148.,36.125));
#6476 = VECTOR('',#6477,1.);
#6477 = DIRECTION('',(-0.707106781187,0.,-0.707106781187));
#6478 = ORIENTED_EDGE('',*,*,#6435,.T.);
#6479 = ORIENTED_EDGE('',*,*,#1234,.F.);
#6480 = ORIENTED_EDGE('',*,*,#6457,.F.);
#6481 = PLANE('',#6482);
#6482 = AXIS2_PLACEMENT_3D('',#6483,#6484,#6485);
#6483 = CARTESIAN_POINT('',(106.,146.,73.));
#6484 = DIRECTION('',(0.707106781187,0.,-0.707106781187));
#6485 = DIRECTION('',(0.707106781187,0.,0.707106781187));
#6486 = ADVANCED_FACE('',(#6487),#6512,.T.);
#6487 = FACE_BOUND('',#6488,.T.);
#6488 = EDGE_LOOP('',(#6489,#6499,#6505,#6506));
#6489 = ORIENTED_EDGE('',*,*,#6490,.T.);
#6490 = EDGE_CURVE('',#6491,#6493,#6495,.T.);
#6491 = VERTEX_POINT('',#6492);
#6492 = CARTESIAN_POINT('',(138.,148.,18.5));
#6493 = VERTEX_POINT('',#6494);
#6494 = CARTESIAN_POINT('',(147.5,148.,28.));
#6495 = LINE('',#6496,#6497);
#6496 = CARTESIAN_POINT('',(111.5,148.,-8.));
#6497 = VECTOR('',#6498,1.);
#6498 = DIRECTION('',(0.707106781187,0.,0.707106781187));
#6499 = ORIENTED_EDGE('',*,*,#6500,.T.);
#6500 = EDGE_CURVE('',#6493,#1253,#6501,.T.);
#6501 = LINE('',#6502,#6503);
#6502 = CARTESIAN_POINT('',(147.5,146.,28.));
#6503 = VECTOR('',#6504,1.);
#6504 = DIRECTION('',(0.,1.,0.));
#6505 = ORIENTED_EDGE('',*,*,#1250,.F.);
#6506 = ORIENTED_EDGE('',*,*,#6507,.F.);
#6507 = EDGE_CURVE('',#6491,#1251,#6508,.T.);
#6508 = LINE('',#6509,#6510);
#6509 = CARTESIAN_POINT('',(138.,146.,18.5));
#6510 = VECTOR('',#6511,1.);
#6511 = DIRECTION('',(0.,1.,0.));
#6512 = PLANE('',#6513);
#6513 = AXIS2_PLACEMENT_3D('',#6514,#6515,#6516);
#6514 = CARTESIAN_POINT('',(147.5,146.,28.));
#6515 = DIRECTION('',(-0.707106781187,0.,0.707106781187));
#6516 = DIRECTION('',(-0.707106781187,0.,-0.707106781187));
#6517 = ADVANCED_FACE('',(#6518),#6536,.T.);
#6518 = FACE_BOUND('',#6519,.T.);
#6519 = EDGE_LOOP('',(#6520,#6528,#6529,#6530));
#6520 = ORIENTED_EDGE('',*,*,#6521,.T.);
#6521 = EDGE_CURVE('',#6522,#6491,#6524,.T.);
#6522 = VERTEX_POINT('',#6523);
#6523 = CARTESIAN_POINT('',(128.5,148.,28.));
#6524 = LINE('',#6525,#6526);
#6525 = CARTESIAN_POINT('',(110.25,148.,46.25));
#6526 = VECTOR('',#6527,1.);
#6527 = DIRECTION('',(0.707106781187,0.,-0.707106781187));
#6528 = ORIENTED_EDGE('',*,*,#6507,.T.);
#6529 = ORIENTED_EDGE('',*,*,#1276,.F.);
#6530 = ORIENTED_EDGE('',*,*,#6531,.F.);
#6531 = EDGE_CURVE('',#6522,#1269,#6532,.T.);
#6532 = LINE('',#6533,#6534);
#6533 = CARTESIAN_POINT('',(128.5,146.,28.));
#6534 = VECTOR('',#6535,1.);
#6535 = DIRECTION('',(0.,1.,0.));
#6536 = PLANE('',#6537);
#6537 = AXIS2_PLACEMENT_3D('',#6538,#6539,#6540);
#6538 = CARTESIAN_POINT('',(138.,146.,18.5));
#6539 = DIRECTION('',(0.707106781187,-0.,0.707106781187));
#6540 = DIRECTION('',(-0.707106781187,0.,0.707106781187));
#6541 = ADVANCED_FACE('',(#6542),#6560,.T.);
#6542 = FACE_BOUND('',#6543,.T.);
#6543 = EDGE_LOOP('',(#6544,#6552,#6558,#6559));
#6544 = ORIENTED_EDGE('',*,*,#6545,.T.);
#6545 = EDGE_CURVE('',#6493,#6546,#6548,.T.);
#6546 = VERTEX_POINT('',#6547);
#6547 = CARTESIAN_POINT('',(138.,148.,37.5));
#6548 = LINE('',#6549,#6550);
#6549 = CARTESIAN_POINT('',(115.,148.,60.5));
#6550 = VECTOR('',#6551,1.);
#6551 = DIRECTION('',(-0.707106781187,-0.,0.707106781187));
#6552 = ORIENTED_EDGE('',*,*,#6553,.T.);
#6553 = EDGE_CURVE('',#6546,#1261,#6554,.T.);
#6554 = LINE('',#6555,#6556);
#6555 = CARTESIAN_POINT('',(138.,146.,37.5));
#6556 = VECTOR('',#6557,1.);
#6557 = DIRECTION('',(0.,1.,0.));
#6558 = ORIENTED_EDGE('',*,*,#1260,.F.);
#6559 = ORIENTED_EDGE('',*,*,#6500,.F.);
#6560 = PLANE('',#6561);
#6561 = AXIS2_PLACEMENT_3D('',#6562,#6563,#6564);
#6562 = CARTESIAN_POINT('',(138.,146.,37.5));
#6563 = DIRECTION('',(-0.707106781187,0.,-0.707106781187));
#6564 = DIRECTION('',(0.707106781187,0.,-0.707106781187));
#6565 = ADVANCED_FACE('',(#6566),#6577,.T.);
#6566 = FACE_BOUND('',#6567,.T.);
#6567 = EDGE_LOOP('',(#6568,#6574,#6575,#6576));
#6568 = ORIENTED_EDGE('',*,*,#6569,.T.);
#6569 = EDGE_CURVE('',#6546,#6522,#6570,.T.);
#6570 = LINE('',#6571,#6572);
#6571 = CARTESIAN_POINT('',(97.25,148.,-3.25));
#6572 = VECTOR('',#6573,1.);
#6573 = DIRECTION('',(-0.707106781187,0.,-0.707106781187));
#6574 = ORIENTED_EDGE('',*,*,#6531,.T.);
#6575 = ORIENTED_EDGE('',*,*,#1268,.F.);
#6576 = ORIENTED_EDGE('',*,*,#6553,.F.);
#6577 = PLANE('',#6578);
#6578 = AXIS2_PLACEMENT_3D('',#6579,#6580,#6581);
#6579 = CARTESIAN_POINT('',(128.5,146.,28.));
#6580 = DIRECTION('',(0.707106781187,0.,-0.707106781187));
#6581 = DIRECTION('',(0.707106781187,0.,0.707106781187));
#6582 = ADVANCED_FACE('',(#6583),#6608,.T.);
#6583 = FACE_BOUND('',#6584,.T.);
#6584 = EDGE_LOOP('',(#6585,#6595,#6601,#6602));
#6585 = ORIENTED_EDGE('',*,*,#6586,.T.);
#6586 = EDGE_CURVE('',#6587,#6589,#6591,.T.);
#6587 = VERTEX_POINT('',#6588);
#6588 = CARTESIAN_POINT('',(138.,148.,63.5));
#6589 = VERTEX_POINT('',#6590);
#6590 = CARTESIAN_POINT('',(147.5,148.,73.));
#6591 = LINE('',#6592,#6593);
#6592 = CARTESIAN_POINT('',(100.25,148.,25.75));
#6593 = VECTOR('',#6594,1.);
#6594 = DIRECTION('',(0.707106781187,0.,0.707106781187));
#6595 = ORIENTED_EDGE('',*,*,#6596,.T.);
#6596 = EDGE_CURVE('',#6589,#1287,#6597,.T.);
#6597 = LINE('',#6598,#6599);
#6598 = CARTESIAN_POINT('',(147.5,146.,73.));
#6599 = VECTOR('',#6600,1.);
#6600 = DIRECTION('',(0.,1.,0.));
#6601 = ORIENTED_EDGE('',*,*,#1284,.F.);
#6602 = ORIENTED_EDGE('',*,*,#6603,.F.);
#6603 = EDGE_CURVE('',#6587,#1285,#6604,.T.);
#6604 = LINE('',#6605,#6606);
#6605 = CARTESIAN_POINT('',(138.,146.,63.5));
#6606 = VECTOR('',#6607,1.);
#6607 = DIRECTION('',(0.,1.,0.));
#6608 = PLANE('',#6609);
#6609 = AXIS2_PLACEMENT_3D('',#6610,#6611,#6612);
#6610 = CARTESIAN_POINT('',(147.5,146.,73.));
#6611 = DIRECTION('',(-0.707106781187,0.,0.707106781187));
#6612 = DIRECTION('',(-0.707106781187,0.,-0.707106781187));
#6613 = ADVANCED_FACE('',(#6614),#6632,.T.);
#6614 = FACE_BOUND('',#6615,.T.);
#6615 = EDGE_LOOP('',(#6616,#6624,#6625,#6626));
#6616 = ORIENTED_EDGE('',*,*,#6617,.T.);
#6617 = EDGE_CURVE('',#6618,#6587,#6620,.T.);
#6618 = VERTEX_POINT('',#6619);
#6619 = CARTESIAN_POINT('',(128.5,148.,73.));
#6620 = LINE('',#6621,#6622);
#6621 = CARTESIAN_POINT('',(121.5,148.,80.));
#6622 = VECTOR('',#6623,1.);
#6623 = DIRECTION('',(0.707106781187,0.,-0.707106781187));
#6624 = ORIENTED_EDGE('',*,*,#6603,.T.);
#6625 = ORIENTED_EDGE('',*,*,#1310,.F.);
#6626 = ORIENTED_EDGE('',*,*,#6627,.F.);
#6627 = EDGE_CURVE('',#6618,#1303,#6628,.T.);
#6628 = LINE('',#6629,#6630);
#6629 = CARTESIAN_POINT('',(128.5,146.,73.));
#6630 = VECTOR('',#6631,1.);
#6631 = DIRECTION('',(0.,1.,0.));
#6632 = PLANE('',#6633);
#6633 = AXIS2_PLACEMENT_3D('',#6634,#6635,#6636);
#6634 = CARTESIAN_POINT('',(138.,146.,63.5));
#6635 = DIRECTION('',(0.707106781187,-0.,0.707106781187));
#6636 = DIRECTION('',(-0.707106781187,0.,0.707106781187));
#6637 = ADVANCED_FACE('',(#6638),#6656,.T.);
#6638 = FACE_BOUND('',#6639,.T.);
#6639 = EDGE_LOOP('',(#6640,#6648,#6654,#6655));
#6640 = ORIENTED_EDGE('',*,*,#6641,.T.);
#6641 = EDGE_CURVE('',#6589,#6642,#6644,.T.);
#6642 = VERTEX_POINT('',#6643);
#6643 = CARTESIAN_POINT('',(138.,148.,82.5));
#6644 = LINE('',#6645,#6646);
#6645 = CARTESIAN_POINT('',(126.25,148.,94.25));
#6646 = VECTOR('',#6647,1.);
#6647 = DIRECTION('',(-0.707106781187,-0.,0.707106781187));
#6648 = ORIENTED_EDGE('',*,*,#6649,.T.);
#6649 = EDGE_CURVE('',#6642,#1295,#6650,.T.);
#6650 = LINE('',#6651,#6652);
#6651 = CARTESIAN_POINT('',(138.,146.,82.5));
#6652 = VECTOR('',#6653,1.);
#6653 = DIRECTION('',(0.,1.,0.));
#6654 = ORIENTED_EDGE('',*,*,#1294,.F.);
#6655 = ORIENTED_EDGE('',*,*,#6596,.F.);
#6656 = PLANE('',#6657);
#6657 = AXIS2_PLACEMENT_3D('',#6658,#6659,#6660);
#6658 = CARTESIAN_POINT('',(138.,146.,82.5));
#6659 = DIRECTION('',(-0.707106781187,0.,-0.707106781187));
#6660 = DIRECTION('',(0.707106781187,0.,-0.707106781187));
#6661 = ADVANCED_FACE('',(#6662),#6673,.T.);
#6662 = FACE_BOUND('',#6663,.T.);
#6663 = EDGE_LOOP('',(#6664,#6670,#6671,#6672));
#6664 = ORIENTED_EDGE('',*,*,#6665,.T.);
#6665 = EDGE_CURVE('',#6642,#6618,#6666,.T.);
#6666 = LINE('',#6667,#6668);
#6667 = CARTESIAN_POINT('',(86.,148.,30.5));
#6668 = VECTOR('',#6669,1.);
#6669 = DIRECTION('',(-0.707106781187,0.,-0.707106781187));
#6670 = ORIENTED_EDGE('',*,*,#6627,.T.);
#6671 = ORIENTED_EDGE('',*,*,#1302,.F.);
#6672 = ORIENTED_EDGE('',*,*,#6649,.F.);
#6673 = PLANE('',#6674);
#6674 = AXIS2_PLACEMENT_3D('',#6675,#6676,#6677);
#6675 = CARTESIAN_POINT('',(128.5,146.,73.));
#6676 = DIRECTION('',(0.707106781187,0.,-0.707106781187));
#6677 = DIRECTION('',(0.707106781187,0.,0.707106781187));
#6678 = ADVANCED_FACE('',(#6679),#6704,.T.);
#6679 = FACE_BOUND('',#6680,.T.);
#6680 = EDGE_LOOP('',(#6681,#6691,#6697,#6698));
#6681 = ORIENTED_EDGE('',*,*,#6682,.T.);
#6682 = EDGE_CURVE('',#6683,#6685,#6687,.T.);
#6683 = VERTEX_POINT('',#6684);
#6684 = CARTESIAN_POINT('',(149.25,148.,41.));
#6685 = VERTEX_POINT('',#6686);
#6686 = CARTESIAN_POINT('',(158.75,148.,50.5));
#6687 = LINE('',#6688,#6689);
#6688 = CARTESIAN_POINT('',(114.3125,148.,6.0625));
#6689 = VECTOR('',#6690,1.);
#6690 = DIRECTION('',(0.707106781187,0.,0.707106781187));
#6691 = ORIENTED_EDGE('',*,*,#6692,.T.);
#6692 = EDGE_CURVE('',#6685,#1321,#6693,.T.);
#6693 = LINE('',#6694,#6695);
#6694 = CARTESIAN_POINT('',(158.75,146.,50.5));
#6695 = VECTOR('',#6696,1.);
#6696 = DIRECTION('',(0.,1.,0.));
#6697 = ORIENTED_EDGE('',*,*,#1318,.F.);
#6698 = ORIENTED_EDGE('',*,*,#6699,.F.);
#6699 = EDGE_CURVE('',#6683,#1319,#6700,.T.);
#6700 = LINE('',#6701,#6702);
#6701 = CARTESIAN_POINT('',(149.25,146.,41.));
#6702 = VECTOR('',#6703,1.);
#6703 = DIRECTION('',(0.,1.,0.));
#6704 = PLANE('',#6705);
#6705 = AXIS2_PLACEMENT_3D('',#6706,#6707,#6708);
#6706 = CARTESIAN_POINT('',(158.75,146.,50.5));
#6707 = DIRECTION('',(-0.707106781187,0.,0.707106781187));
#6708 = DIRECTION('',(-0.707106781187,0.,-0.707106781187));
#6709 = ADVANCED_FACE('',(#6710),#6728,.T.);
#6710 = FACE_BOUND('',#6711,.T.);
#6711 = EDGE_LOOP('',(#6712,#6720,#6721,#6722));
#6712 = ORIENTED_EDGE('',*,*,#6713,.T.);
#6713 = EDGE_CURVE('',#6714,#6683,#6716,.T.);
#6714 = VERTEX_POINT('',#6715);
#6715 = CARTESIAN_POINT('',(139.75,148.,50.5));
#6716 = LINE('',#6717,#6718);
#6717 = CARTESIAN_POINT('',(124.3125,148.,65.9375));
#6718 = VECTOR('',#6719,1.);
#6719 = DIRECTION('',(0.707106781187,0.,-0.707106781187));
#6720 = ORIENTED_EDGE('',*,*,#6699,.T.);
#6721 = ORIENTED_EDGE('',*,*,#1344,.F.);
#6722 = ORIENTED_EDGE('',*,*,#6723,.F.);
#6723 = EDGE_CURVE('',#6714,#1337,#6724,.T.);
#6724 = LINE('',#6725,#6726);
#6725 = CARTESIAN_POINT('',(139.75,146.,50.5));
#6726 = VECTOR('',#6727,1.);
#6727 = DIRECTION('',(0.,1.,0.));
#6728 = PLANE('',#6729);
#6729 = AXIS2_PLACEMENT_3D('',#6730,#6731,#6732);
#6730 = CARTESIAN_POINT('',(149.25,146.,41.));
#6731 = DIRECTION('',(0.707106781187,-0.,0.707106781187));
#6732 = DIRECTION('',(-0.707106781187,0.,0.707106781187));
#6733 = ADVANCED_FACE('',(#6734),#6752,.T.);
#6734 = FACE_BOUND('',#6735,.T.);
#6735 = EDGE_LOOP('',(#6736,#6744,#6750,#6751));
#6736 = ORIENTED_EDGE('',*,*,#6737,.T.);
#6737 = EDGE_CURVE('',#6685,#6738,#6740,.T.);
#6738 = VERTEX_POINT('',#6739);
#6739 = CARTESIAN_POINT('',(149.25,148.,60.));
#6740 = LINE('',#6741,#6742);
#6741 = CARTESIAN_POINT('',(129.0625,148.,80.1875));
#6742 = VECTOR('',#6743,1.);
#6743 = DIRECTION('',(-0.707106781187,-0.,0.707106781187));
#6744 = ORIENTED_EDGE('',*,*,#6745,.T.);
#6745 = EDGE_CURVE('',#6738,#1329,#6746,.T.);
#6746 = LINE('',#6747,#6748);
#6747 = CARTESIAN_POINT('',(149.25,146.,60.));
#6748 = VECTOR('',#6749,1.);
#6749 = DIRECTION('',(0.,1.,0.));
#6750 = ORIENTED_EDGE('',*,*,#1328,.F.);
#6751 = ORIENTED_EDGE('',*,*,#6692,.F.);
#6752 = PLANE('',#6753);
#6753 = AXIS2_PLACEMENT_3D('',#6754,#6755,#6756);
#6754 = CARTESIAN_POINT('',(149.25,146.,60.));
#6755 = DIRECTION('',(-0.707106781187,0.,-0.707106781187));
#6756 = DIRECTION('',(0.707106781187,0.,-0.707106781187));
#6757 = ADVANCED_FACE('',(#6758),#6769,.T.);
#6758 = FACE_BOUND('',#6759,.T.);
#6759 = EDGE_LOOP('',(#6760,#6766,#6767,#6768));
#6760 = ORIENTED_EDGE('',*,*,#6761,.T.);
#6761 = EDGE_CURVE('',#6738,#6714,#6762,.T.);
#6762 = LINE('',#6763,#6764);
#6763 = CARTESIAN_POINT('',(100.0625,148.,10.8125));
#6764 = VECTOR('',#6765,1.);
#6765 = DIRECTION('',(-0.707106781187,0.,-0.707106781187));
#6766 = ORIENTED_EDGE('',*,*,#6723,.T.);
#6767 = ORIENTED_EDGE('',*,*,#1336,.F.);
#6768 = ORIENTED_EDGE('',*,*,#6745,.F.);
#6769 = PLANE('',#6770);
#6770 = AXIS2_PLACEMENT_3D('',#6771,#6772,#6773);
#6771 = CARTESIAN_POINT('',(139.75,146.,50.5));
#6772 = DIRECTION('',(0.707106781187,0.,-0.707106781187));
#6773 = DIRECTION('',(0.707106781187,0.,0.707106781187));
#6774 = ADVANCED_FACE('',(#6775),#6800,.T.);
#6775 = FACE_BOUND('',#6776,.T.);
#6776 = EDGE_LOOP('',(#6777,#6787,#6793,#6794));
#6777 = ORIENTED_EDGE('',*,*,#6778,.T.);
#6778 = EDGE_CURVE('',#6779,#6781,#6783,.T.);
#6779 = VERTEX_POINT('',#6780);
#6780 = CARTESIAN_POINT('',(104.25,148.,86.));
#6781 = VERTEX_POINT('',#6782);
#6782 = CARTESIAN_POINT('',(113.75,148.,95.5));
#6783 = LINE('',#6784,#6785);
#6784 = CARTESIAN_POINT('',(69.3125,148.,51.0625));
#6785 = VECTOR('',#6786,1.);
#6786 = DIRECTION('',(0.707106781187,0.,0.707106781187));
#6787 = ORIENTED_EDGE('',*,*,#6788,.T.);
#6788 = EDGE_CURVE('',#6781,#1355,#6789,.T.);
#6789 = LINE('',#6790,#6791);
#6790 = CARTESIAN_POINT('',(113.75,146.,95.5));
#6791 = VECTOR('',#6792,1.);
#6792 = DIRECTION('',(0.,1.,0.));
#6793 = ORIENTED_EDGE('',*,*,#1352,.F.);
#6794 = ORIENTED_EDGE('',*,*,#6795,.F.);
#6795 = EDGE_CURVE('',#6779,#1353,#6796,.T.);
#6796 = LINE('',#6797,#6798);
#6797 = CARTESIAN_POINT('',(104.25,146.,86.));
#6798 = VECTOR('',#6799,1.);
#6799 = DIRECTION('',(0.,1.,0.));
#6800 = PLANE('',#6801);
#6801 = AXIS2_PLACEMENT_3D('',#6802,#6803,#6804);
#6802 = CARTESIAN_POINT('',(113.75,146.,95.5));
#6803 = DIRECTION('',(-0.707106781187,0.,0.707106781187));
#6804 = DIRECTION('',(-0.707106781187,0.,-0.707106781187));
#6805 = ADVANCED_FACE('',(#6806),#6824,.T.);
#6806 = FACE_BOUND('',#6807,.T.);
#6807 = EDGE_LOOP('',(#6808,#6816,#6817,#6818));
#6808 = ORIENTED_EDGE('',*,*,#6809,.T.);
#6809 = EDGE_CURVE('',#6810,#6779,#6812,.T.);
#6810 = VERTEX_POINT('',#6811);
#6811 = CARTESIAN_POINT('',(94.75,148.,95.5));
#6812 = LINE('',#6813,#6814);
#6813 = CARTESIAN_POINT('',(101.8125,148.,88.4375));
#6814 = VECTOR('',#6815,1.);
#6815 = DIRECTION('',(0.707106781187,0.,-0.707106781187));
#6816 = ORIENTED_EDGE('',*,*,#6795,.T.);
#6817 = ORIENTED_EDGE('',*,*,#1378,.F.);
#6818 = ORIENTED_EDGE('',*,*,#6819,.F.);
#6819 = EDGE_CURVE('',#6810,#1371,#6820,.T.);
#6820 = LINE('',#6821,#6822);
#6821 = CARTESIAN_POINT('',(94.75,146.,95.5));
#6822 = VECTOR('',#6823,1.);
#6823 = DIRECTION('',(0.,1.,0.));
#6824 = PLANE('',#6825);
#6825 = AXIS2_PLACEMENT_3D('',#6826,#6827,#6828);
#6826 = CARTESIAN_POINT('',(104.25,146.,86.));
#6827 = DIRECTION('',(0.707106781187,-0.,0.707106781187));
#6828 = DIRECTION('',(-0.707106781187,0.,0.707106781187));
#6829 = ADVANCED_FACE('',(#6830),#6848,.T.);
#6830 = FACE_BOUND('',#6831,.T.);
#6831 = EDGE_LOOP('',(#6832,#6840,#6846,#6847));
#6832 = ORIENTED_EDGE('',*,*,#6833,.T.);
#6833 = EDGE_CURVE('',#6781,#6834,#6836,.T.);
#6834 = VERTEX_POINT('',#6835);
#6835 = CARTESIAN_POINT('',(104.25,148.,105.));
#6836 = LINE('',#6837,#6838);
#6837 = CARTESIAN_POINT('',(106.5625,148.,102.6875));
#6838 = VECTOR('',#6839,1.);
#6839 = DIRECTION('',(-0.707106781187,-0.,0.707106781187));
#6840 = ORIENTED_EDGE('',*,*,#6841,.T.);
#6841 = EDGE_CURVE('',#6834,#1363,#6842,.T.);
#6842 = LINE('',#6843,#6844);
#6843 = CARTESIAN_POINT('',(104.25,146.,105.));
#6844 = VECTOR('',#6845,1.);
#6845 = DIRECTION('',(0.,1.,0.));
#6846 = ORIENTED_EDGE('',*,*,#1362,.F.);
#6847 = ORIENTED_EDGE('',*,*,#6788,.F.);
#6848 = PLANE('',#6849);
#6849 = AXIS2_PLACEMENT_3D('',#6850,#6851,#6852);
#6850 = CARTESIAN_POINT('',(104.25,146.,105.));
#6851 = DIRECTION('',(-0.707106781187,0.,-0.707106781187));
#6852 = DIRECTION('',(0.707106781187,0.,-0.707106781187));
#6853 = ADVANCED_FACE('',(#6854),#6865,.T.);
#6854 = FACE_BOUND('',#6855,.T.);
#6855 = EDGE_LOOP('',(#6856,#6862,#6863,#6864));
#6856 = ORIENTED_EDGE('',*,*,#6857,.T.);
#6857 = EDGE_CURVE('',#6834,#6810,#6858,.T.);
#6858 = LINE('',#6859,#6860);
#6859 = CARTESIAN_POINT('',(55.0625,148.,55.8125));
#6860 = VECTOR('',#6861,1.);
#6861 = DIRECTION('',(-0.707106781187,0.,-0.707106781187));
#6862 = ORIENTED_EDGE('',*,*,#6819,.T.);
#6863 = ORIENTED_EDGE('',*,*,#1370,.F.);
#6864 = ORIENTED_EDGE('',*,*,#6841,.F.);
#6865 = PLANE('',#6866);
#6866 = AXIS2_PLACEMENT_3D('',#6867,#6868,#6869);
#6867 = CARTESIAN_POINT('',(94.75,146.,95.5));
#6868 = DIRECTION('',(0.707106781187,0.,-0.707106781187));
#6869 = DIRECTION('',(0.707106781187,0.,0.707106781187));
#6870 = ADVANCED_FACE('',(#6871),#6896,.T.);
#6871 = FACE_BOUND('',#6872,.T.);
#6872 = EDGE_LOOP('',(#6873,#6883,#6889,#6890));
#6873 = ORIENTED_EDGE('',*,*,#6874,.T.);
#6874 = EDGE_CURVE('',#6875,#6877,#6879,.T.);
#6875 = VERTEX_POINT('',#6876);
#6876 = CARTESIAN_POINT('',(126.75,148.,86.));
#6877 = VERTEX_POINT('',#6878);
#6878 = CARTESIAN_POINT('',(136.25,148.,95.5));
#6879 = LINE('',#6880,#6881);
#6880 = CARTESIAN_POINT('',(86.1875,148.,45.4375));
#6881 = VECTOR('',#6882,1.);
#6882 = DIRECTION('',(0.707106781187,0.,0.707106781187));
#6883 = ORIENTED_EDGE('',*,*,#6884,.T.);
#6884 = EDGE_CURVE('',#6877,#1389,#6885,.T.);
#6885 = LINE('',#6886,#6887);
#6886 = CARTESIAN_POINT('',(136.25,146.,95.5));
#6887 = VECTOR('',#6888,1.);
#6888 = DIRECTION('',(0.,1.,0.));
#6889 = ORIENTED_EDGE('',*,*,#1386,.F.);
#6890 = ORIENTED_EDGE('',*,*,#6891,.F.);
#6891 = EDGE_CURVE('',#6875,#1387,#6892,.T.);
#6892 = LINE('',#6893,#6894);
#6893 = CARTESIAN_POINT('',(126.75,146.,86.));
#6894 = VECTOR('',#6895,1.);
#6895 = DIRECTION('',(0.,1.,0.));
#6896 = PLANE('',#6897);
#6897 = AXIS2_PLACEMENT_3D('',#6898,#6899,#6900);
#6898 = CARTESIAN_POINT('',(136.25,146.,95.5));
#6899 = DIRECTION('',(-0.707106781187,0.,0.707106781187));
#6900 = DIRECTION('',(-0.707106781187,0.,-0.707106781187));
#6901 = ADVANCED_FACE('',(#6902),#6920,.T.);
#6902 = FACE_BOUND('',#6903,.T.);
#6903 = EDGE_LOOP('',(#6904,#6912,#6913,#6914));
#6904 = ORIENTED_EDGE('',*,*,#6905,.T.);
#6905 = EDGE_CURVE('',#6906,#6875,#6908,.T.);
#6906 = VERTEX_POINT('',#6907);
#6907 = CARTESIAN_POINT('',(117.25,148.,95.5));
#6908 = LINE('',#6909,#6910);
#6909 = CARTESIAN_POINT('',(118.6875,148.,94.0625));
#6910 = VECTOR('',#6911,1.);
#6911 = DIRECTION('',(0.707106781187,0.,-0.707106781187));
#6912 = ORIENTED_EDGE('',*,*,#6891,.T.);
#6913 = ORIENTED_EDGE('',*,*,#1412,.F.);
#6914 = ORIENTED_EDGE('',*,*,#6915,.F.);
#6915 = EDGE_CURVE('',#6906,#1405,#6916,.T.);
#6916 = LINE('',#6917,#6918);
#6917 = CARTESIAN_POINT('',(117.25,146.,95.5));
#6918 = VECTOR('',#6919,1.);
#6919 = DIRECTION('',(0.,1.,0.));
#6920 = PLANE('',#6921);
#6921 = AXIS2_PLACEMENT_3D('',#6922,#6923,#6924);
#6922 = CARTESIAN_POINT('',(126.75,146.,86.));
#6923 = DIRECTION('',(0.707106781187,-0.,0.707106781187));
#6924 = DIRECTION('',(-0.707106781187,0.,0.707106781187));
#6925 = ADVANCED_FACE('',(#6926),#6944,.T.);
#6926 = FACE_BOUND('',#6927,.T.);
#6927 = EDGE_LOOP('',(#6928,#6936,#6942,#6943));
#6928 = ORIENTED_EDGE('',*,*,#6929,.T.);
#6929 = EDGE_CURVE('',#6877,#6930,#6932,.T.);
#6930 = VERTEX_POINT('',#6931);
#6931 = CARTESIAN_POINT('',(126.75,148.,105.));
#6932 = LINE('',#6933,#6934);
#6933 = CARTESIAN_POINT('',(123.4375,148.,108.3125));
#6934 = VECTOR('',#6935,1.);
#6935 = DIRECTION('',(-0.707106781187,-0.,0.707106781187));
#6936 = ORIENTED_EDGE('',*,*,#6937,.T.);
#6937 = EDGE_CURVE('',#6930,#1397,#6938,.T.);
#6938 = LINE('',#6939,#6940);
#6939 = CARTESIAN_POINT('',(126.75,146.,105.));
#6940 = VECTOR('',#6941,1.);
#6941 = DIRECTION('',(0.,1.,0.));
#6942 = ORIENTED_EDGE('',*,*,#1396,.F.);
#6943 = ORIENTED_EDGE('',*,*,#6884,.F.);
#6944 = PLANE('',#6945);
#6945 = AXIS2_PLACEMENT_3D('',#6946,#6947,#6948);
#6946 = CARTESIAN_POINT('',(126.75,146.,105.));
#6947 = DIRECTION('',(-0.707106781187,0.,-0.707106781187));
#6948 = DIRECTION('',(0.707106781187,0.,-0.707106781187));
#6949 = ADVANCED_FACE('',(#6950),#6961,.T.);
#6950 = FACE_BOUND('',#6951,.T.);
#6951 = EDGE_LOOP('',(#6952,#6958,#6959,#6960));
#6952 = ORIENTED_EDGE('',*,*,#6953,.T.);
#6953 = EDGE_CURVE('',#6930,#6906,#6954,.T.);
#6954 = LINE('',#6955,#6956);
#6955 = CARTESIAN_POINT('',(71.9375,148.,50.1875));
#6956 = VECTOR('',#6957,1.);
#6957 = DIRECTION('',(-0.707106781187,0.,-0.707106781187));
#6958 = ORIENTED_EDGE('',*,*,#6915,.T.);
#6959 = ORIENTED_EDGE('',*,*,#1404,.F.);
#6960 = ORIENTED_EDGE('',*,*,#6937,.F.);
#6961 = PLANE('',#6962);
#6962 = AXIS2_PLACEMENT_3D('',#6963,#6964,#6965);
#6963 = CARTESIAN_POINT('',(117.25,146.,95.5));
#6964 = DIRECTION('',(0.707106781187,0.,-0.707106781187));
#6965 = DIRECTION('',(0.707106781187,0.,0.707106781187));
#6966 = ADVANCED_FACE('',(#6967),#6992,.T.);
#6967 = FACE_BOUND('',#6968,.T.);
#6968 = EDGE_LOOP('',(#6969,#6979,#6985,#6986));
#6969 = ORIENTED_EDGE('',*,*,#6970,.T.);
#6970 = EDGE_CURVE('',#6971,#6973,#6975,.T.);
#6971 = VERTEX_POINT('',#6972);
#6972 = CARTESIAN_POINT('',(115.5,148.,108.5));
#6973 = VERTEX_POINT('',#6974);
#6974 = CARTESIAN_POINT('',(125.,148.,118.));
#6975 = LINE('',#6976,#6977);
#6976 = CARTESIAN_POINT('',(72.125,148.,65.125));
#6977 = VECTOR('',#6978,1.);
#6978 = DIRECTION('',(0.707106781187,0.,0.707106781187));
#6979 = ORIENTED_EDGE('',*,*,#6980,.T.);
#6980 = EDGE_CURVE('',#6973,#1423,#6981,.T.);
#6981 = LINE('',#6982,#6983);
#6982 = CARTESIAN_POINT('',(125.,146.,118.));
#6983 = VECTOR('',#6984,1.);
#6984 = DIRECTION('',(0.,1.,0.));
#6985 = ORIENTED_EDGE('',*,*,#1420,.F.);
#6986 = ORIENTED_EDGE('',*,*,#6987,.F.);
#6987 = EDGE_CURVE('',#6971,#1421,#6988,.T.);
#6988 = LINE('',#6989,#6990);
#6989 = CARTESIAN_POINT('',(115.5,146.,108.5));
#6990 = VECTOR('',#6991,1.);
#6991 = DIRECTION('',(0.,1.,0.));
#6992 = PLANE('',#6993);
#6993 = AXIS2_PLACEMENT_3D('',#6994,#6995,#6996);
#6994 = CARTESIAN_POINT('',(125.,146.,118.));
#6995 = DIRECTION('',(-0.707106781187,0.,0.707106781187));
#6996 = DIRECTION('',(-0.707106781187,0.,-0.707106781187));
#6997 = ADVANCED_FACE('',(#6998),#7016,.T.);
#6998 = FACE_BOUND('',#6999,.T.);
#6999 = EDGE_LOOP('',(#7000,#7008,#7009,#7010));
#7000 = ORIENTED_EDGE('',*,*,#7001,.T.);
#7001 = EDGE_CURVE('',#7002,#6971,#7004,.T.);
#7002 = VERTEX_POINT('',#7003);
#7003 = CARTESIAN_POINT('',(106.,148.,118.));
#7004 = LINE('',#7005,#7006);
#7005 = CARTESIAN_POINT('',(115.875,148.,108.125));
#7006 = VECTOR('',#7007,1.);
#7007 = DIRECTION('',(0.707106781187,0.,-0.707106781187));
#7008 = ORIENTED_EDGE('',*,*,#6987,.T.);
#7009 = ORIENTED_EDGE('',*,*,#1446,.F.);
#7010 = ORIENTED_EDGE('',*,*,#7011,.F.);
#7011 = EDGE_CURVE('',#7002,#1439,#7012,.T.);
#7012 = LINE('',#7013,#7014);
#7013 = CARTESIAN_POINT('',(106.,146.,118.));
#7014 = VECTOR('',#7015,1.);
#7015 = DIRECTION('',(0.,1.,0.));
#7016 = PLANE('',#7017);
#7017 = AXIS2_PLACEMENT_3D('',#7018,#7019,#7020);
#7018 = CARTESIAN_POINT('',(115.5,146.,108.5));
#7019 = DIRECTION('',(0.707106781187,-0.,0.707106781187));
#7020 = DIRECTION('',(-0.707106781187,0.,0.707106781187));
#7021 = ADVANCED_FACE('',(#7022),#7040,.T.);
#7022 = FACE_BOUND('',#7023,.T.);
#7023 = EDGE_LOOP('',(#7024,#7032,#7038,#7039));
#7024 = ORIENTED_EDGE('',*,*,#7025,.T.);
#7025 = EDGE_CURVE('',#6973,#7026,#7028,.T.);
#7026 = VERTEX_POINT('',#7027);
#7027 = CARTESIAN_POINT('',(115.5,148.,127.5));
#7028 = LINE('',#7029,#7030);
#7029 = CARTESIAN_POINT('',(120.625,148.,122.375));
#7030 = VECTOR('',#7031,1.);
#7031 = DIRECTION('',(-0.707106781187,-0.,0.707106781187));
#7032 = ORIENTED_EDGE('',*,*,#7033,.T.);
#7033 = EDGE_CURVE('',#7026,#1431,#7034,.T.);
#7034 = LINE('',#7035,#7036);
#7035 = CARTESIAN_POINT('',(115.5,146.,127.5));
#7036 = VECTOR('',#7037,1.);
#7037 = DIRECTION('',(0.,1.,0.));
#7038 = ORIENTED_EDGE('',*,*,#1430,.F.);
#7039 = ORIENTED_EDGE('',*,*,#6980,.F.);
#7040 = PLANE('',#7041);
#7041 = AXIS2_PLACEMENT_3D('',#7042,#7043,#7044);
#7042 = CARTESIAN_POINT('',(115.5,146.,127.5));
#7043 = DIRECTION('',(-0.707106781187,0.,-0.707106781187));
#7044 = DIRECTION('',(0.707106781187,0.,-0.707106781187));
#7045 = ADVANCED_FACE('',(#7046),#7057,.T.);
#7046 = FACE_BOUND('',#7047,.T.);
#7047 = EDGE_LOOP('',(#7048,#7054,#7055,#7056));
#7048 = ORIENTED_EDGE('',*,*,#7049,.T.);
#7049 = EDGE_CURVE('',#7026,#7002,#7050,.T.);
#7050 = LINE('',#7051,#7052);
#7051 = CARTESIAN_POINT('',(57.875,148.,69.875));
#7052 = VECTOR('',#7053,1.);
#7053 = DIRECTION('',(-0.707106781187,0.,-0.707106781187));
#7054 = ORIENTED_EDGE('',*,*,#7011,.T.);
#7055 = ORIENTED_EDGE('',*,*,#1438,.F.);
#7056 = ORIENTED_EDGE('',*,*,#7033,.F.);
#7057 = PLANE('',#7058);
#7058 = AXIS2_PLACEMENT_3D('',#7059,#7060,#7061);
#7059 = CARTESIAN_POINT('',(106.,146.,118.));
#7060 = DIRECTION('',(0.707106781187,0.,-0.707106781187));
#7061 = DIRECTION('',(0.707106781187,0.,0.707106781187));
#7062 = ADVANCED_FACE('',(#7063),#7088,.T.);
#7063 = FACE_BOUND('',#7064,.T.);
#7064 = EDGE_LOOP('',(#7065,#7075,#7081,#7082));
#7065 = ORIENTED_EDGE('',*,*,#7066,.T.);
#7066 = EDGE_CURVE('',#7067,#7069,#7071,.T.);
#7067 = VERTEX_POINT('',#7068);
#7068 = CARTESIAN_POINT('',(149.25,148.,86.));
#7069 = VERTEX_POINT('',#7070);
#7070 = CARTESIAN_POINT('',(158.75,148.,95.5));
#7071 = LINE('',#7072,#7073);
#7072 = CARTESIAN_POINT('',(103.0625,148.,39.8125));
#7073 = VECTOR('',#7074,1.);
#7074 = DIRECTION('',(0.707106781187,0.,0.707106781187));
#7075 = ORIENTED_EDGE('',*,*,#7076,.T.);
#7076 = EDGE_CURVE('',#7069,#1457,#7077,.T.);
#7077 = LINE('',#7078,#7079);
#7078 = CARTESIAN_POINT('',(158.75,146.,95.5));
#7079 = VECTOR('',#7080,1.);
#7080 = DIRECTION('',(0.,1.,0.));
#7081 = ORIENTED_EDGE('',*,*,#1454,.F.);
#7082 = ORIENTED_EDGE('',*,*,#7083,.F.);
#7083 = EDGE_CURVE('',#7067,#1455,#7084,.T.);
#7084 = LINE('',#7085,#7086);
#7085 = CARTESIAN_POINT('',(149.25,146.,86.));
#7086 = VECTOR('',#7087,1.);
#7087 = DIRECTION('',(0.,1.,0.));
#7088 = PLANE('',#7089);
#7089 = AXIS2_PLACEMENT_3D('',#7090,#7091,#7092);
#7090 = CARTESIAN_POINT('',(158.75,146.,95.5));
#7091 = DIRECTION('',(-0.707106781187,0.,0.707106781187));
#7092 = DIRECTION('',(-0.707106781187,0.,-0.707106781187));
#7093 = ADVANCED_FACE('',(#7094),#7112,.T.);
#7094 = FACE_BOUND('',#7095,.T.);
#7095 = EDGE_LOOP('',(#7096,#7104,#7105,#7106));
#7096 = ORIENTED_EDGE('',*,*,#7097,.T.);
#7097 = EDGE_CURVE('',#7098,#7067,#7100,.T.);
#7098 = VERTEX_POINT('',#7099);
#7099 = CARTESIAN_POINT('',(139.75,148.,95.5));
#7100 = LINE('',#7101,#7102);
#7101 = CARTESIAN_POINT('',(135.5625,148.,99.6875));
#7102 = VECTOR('',#7103,1.);
#7103 = DIRECTION('',(0.707106781187,0.,-0.707106781187));
#7104 = ORIENTED_EDGE('',*,*,#7083,.T.);
#7105 = ORIENTED_EDGE('',*,*,#1480,.F.);
#7106 = ORIENTED_EDGE('',*,*,#7107,.F.);
#7107 = EDGE_CURVE('',#7098,#1473,#7108,.T.);
#7108 = LINE('',#7109,#7110);
#7109 = CARTESIAN_POINT('',(139.75,146.,95.5));
#7110 = VECTOR('',#7111,1.);
#7111 = DIRECTION('',(0.,1.,0.));
#7112 = PLANE('',#7113);
#7113 = AXIS2_PLACEMENT_3D('',#7114,#7115,#7116);
#7114 = CARTESIAN_POINT('',(149.25,146.,86.));
#7115 = DIRECTION('',(0.707106781187,-0.,0.707106781187));
#7116 = DIRECTION('',(-0.707106781187,0.,0.707106781187));
#7117 = ADVANCED_FACE('',(#7118),#7136,.T.);
#7118 = FACE_BOUND('',#7119,.T.);
#7119 = EDGE_LOOP('',(#7120,#7128,#7134,#7135));
#7120 = ORIENTED_EDGE('',*,*,#7121,.T.);
#7121 = EDGE_CURVE('',#7069,#7122,#7124,.T.);
#7122 = VERTEX_POINT('',#7123);
#7123 = CARTESIAN_POINT('',(149.25,148.,105.));
#7124 = LINE('',#7125,#7126);
#7125 = CARTESIAN_POINT('',(140.3125,148.,113.9375));
#7126 = VECTOR('',#7127,1.);
#7127 = DIRECTION('',(-0.707106781187,-0.,0.707106781187));
#7128 = ORIENTED_EDGE('',*,*,#7129,.T.);
#7129 = EDGE_CURVE('',#7122,#1465,#7130,.T.);
#7130 = LINE('',#7131,#7132);
#7131 = CARTESIAN_POINT('',(149.25,146.,105.));
#7132 = VECTOR('',#7133,1.);
#7133 = DIRECTION('',(0.,1.,0.));
#7134 = ORIENTED_EDGE('',*,*,#1464,.F.);
#7135 = ORIENTED_EDGE('',*,*,#7076,.F.);
#7136 = PLANE('',#7137);
#7137 = AXIS2_PLACEMENT_3D('',#7138,#7139,#7140);
#7138 = CARTESIAN_POINT('',(149.25,146.,105.));
#7139 = DIRECTION('',(-0.707106781187,0.,-0.707106781187));
#7140 = DIRECTION('',(0.707106781187,0.,-0.707106781187));
#7141 = ADVANCED_FACE('',(#7142),#7153,.T.);
#7142 = FACE_BOUND('',#7143,.T.);
#7143 = EDGE_LOOP('',(#7144,#7150,#7151,#7152));
#7144 = ORIENTED_EDGE('',*,*,#7145,.T.);
#7145 = EDGE_CURVE('',#7122,#7098,#7146,.T.);
#7146 = LINE('',#7147,#7148);
#7147 = CARTESIAN_POINT('',(88.8125,148.,44.5625));
#7148 = VECTOR('',#7149,1.);
#7149 = DIRECTION('',(-0.707106781187,0.,-0.707106781187));
#7150 = ORIENTED_EDGE('',*,*,#7107,.T.);
#7151 = ORIENTED_EDGE('',*,*,#1472,.F.);
#7152 = ORIENTED_EDGE('',*,*,#7129,.F.);
#7153 = PLANE('',#7154);
#7154 = AXIS2_PLACEMENT_3D('',#7155,#7156,#7157);
#7155 = CARTESIAN_POINT('',(139.75,146.,95.5));
#7156 = DIRECTION('',(0.707106781187,0.,-0.707106781187));
#7157 = DIRECTION('',(0.707106781187,0.,0.707106781187));
#7158 = ADVANCED_FACE('',(#7159),#7184,.T.);
#7159 = FACE_BOUND('',#7160,.T.);
#7160 = EDGE_LOOP('',(#7161,#7171,#7177,#7178));
#7161 = ORIENTED_EDGE('',*,*,#7162,.T.);
#7162 = EDGE_CURVE('',#7163,#7165,#7167,.T.);
#7163 = VERTEX_POINT('',#7164);
#7164 = CARTESIAN_POINT('',(138.,148.,108.5));
#7165 = VERTEX_POINT('',#7166);
#7166 = CARTESIAN_POINT('',(147.5,148.,118.));
#7167 = LINE('',#7168,#7169);
#7168 = CARTESIAN_POINT('',(89.,148.,59.5));
#7169 = VECTOR('',#7170,1.);
#7170 = DIRECTION('',(0.707106781187,0.,0.707106781187));
#7171 = ORIENTED_EDGE('',*,*,#7172,.T.);
#7172 = EDGE_CURVE('',#7165,#1491,#7173,.T.);
#7173 = LINE('',#7174,#7175);
#7174 = CARTESIAN_POINT('',(147.5,146.,118.));
#7175 = VECTOR('',#7176,1.);
#7176 = DIRECTION('',(0.,1.,0.));
#7177 = ORIENTED_EDGE('',*,*,#1488,.F.);
#7178 = ORIENTED_EDGE('',*,*,#7179,.F.);
#7179 = EDGE_CURVE('',#7163,#1489,#7180,.T.);
#7180 = LINE('',#7181,#7182);
#7181 = CARTESIAN_POINT('',(138.,146.,108.5));
#7182 = VECTOR('',#7183,1.);
#7183 = DIRECTION('',(0.,1.,0.));
#7184 = PLANE('',#7185);
#7185 = AXIS2_PLACEMENT_3D('',#7186,#7187,#7188);
#7186 = CARTESIAN_POINT('',(147.5,146.,118.));
#7187 = DIRECTION('',(-0.707106781187,0.,0.707106781187));
#7188 = DIRECTION('',(-0.707106781187,0.,-0.707106781187));
#7189 = ADVANCED_FACE('',(#7190),#7208,.T.);
#7190 = FACE_BOUND('',#7191,.T.);
#7191 = EDGE_LOOP('',(#7192,#7200,#7201,#7202));
#7192 = ORIENTED_EDGE('',*,*,#7193,.T.);
#7193 = EDGE_CURVE('',#7194,#7163,#7196,.T.);
#7194 = VERTEX_POINT('',#7195);
#7195 = CARTESIAN_POINT('',(128.5,148.,118.));
#7196 = LINE('',#7197,#7198);
#7197 = CARTESIAN_POINT('',(132.75,148.,113.75));
#7198 = VECTOR('',#7199,1.);
#7199 = DIRECTION('',(0.707106781187,0.,-0.707106781187));
#7200 = ORIENTED_EDGE('',*,*,#7179,.T.);
#7201 = ORIENTED_EDGE('',*,*,#1514,.F.);
#7202 = ORIENTED_EDGE('',*,*,#7203,.F.);
#7203 = EDGE_CURVE('',#7194,#1507,#7204,.T.);
#7204 = LINE('',#7205,#7206);
#7205 = CARTESIAN_POINT('',(128.5,146.,118.));
#7206 = VECTOR('',#7207,1.);
#7207 = DIRECTION('',(0.,1.,0.));
#7208 = PLANE('',#7209);
#7209 = AXIS2_PLACEMENT_3D('',#7210,#7211,#7212);
#7210 = CARTESIAN_POINT('',(138.,146.,108.5));
#7211 = DIRECTION('',(0.707106781187,-0.,0.707106781187));
#7212 = DIRECTION('',(-0.707106781187,0.,0.707106781187));
#7213 = ADVANCED_FACE('',(#7214),#7232,.T.);
#7214 = FACE_BOUND('',#7215,.T.);
#7215 = EDGE_LOOP('',(#7216,#7224,#7230,#7231));
#7216 = ORIENTED_EDGE('',*,*,#7217,.T.);
#7217 = EDGE_CURVE('',#7165,#7218,#7220,.T.);
#7218 = VERTEX_POINT('',#7219);
#7219 = CARTESIAN_POINT('',(138.,148.,127.5));
#7220 = LINE('',#7221,#7222);
#7221 = CARTESIAN_POINT('',(137.5,148.,128.));
#7222 = VECTOR('',#7223,1.);
#7223 = DIRECTION('',(-0.707106781187,-0.,0.707106781187));
#7224 = ORIENTED_EDGE('',*,*,#7225,.T.);
#7225 = EDGE_CURVE('',#7218,#1499,#7226,.T.);
#7226 = LINE('',#7227,#7228);
#7227 = CARTESIAN_POINT('',(138.,146.,127.5));
#7228 = VECTOR('',#7229,1.);
#7229 = DIRECTION('',(0.,1.,0.));
#7230 = ORIENTED_EDGE('',*,*,#1498,.F.);
#7231 = ORIENTED_EDGE('',*,*,#7172,.F.);
#7232 = PLANE('',#7233);
#7233 = AXIS2_PLACEMENT_3D('',#7234,#7235,#7236);
#7234 = CARTESIAN_POINT('',(138.,146.,127.5));
#7235 = DIRECTION('',(-0.707106781187,0.,-0.707106781187));
#7236 = DIRECTION('',(0.707106781187,0.,-0.707106781187));
#7237 = ADVANCED_FACE('',(#7238),#7249,.T.);
#7238 = FACE_BOUND('',#7239,.T.);
#7239 = EDGE_LOOP('',(#7240,#7246,#7247,#7248));
#7240 = ORIENTED_EDGE('',*,*,#7241,.T.);
#7241 = EDGE_CURVE('',#7218,#7194,#7242,.T.);
#7242 = LINE('',#7243,#7244);
#7243 = CARTESIAN_POINT('',(74.75,148.,64.25));
#7244 = VECTOR('',#7245,1.);
#7245 = DIRECTION('',(-0.707106781187,0.,-0.707106781187));
#7246 = ORIENTED_EDGE('',*,*,#7203,.T.);
#7247 = ORIENTED_EDGE('',*,*,#1506,.F.);
#7248 = ORIENTED_EDGE('',*,*,#7225,.F.);
#7249 = PLANE('',#7250);
#7250 = AXIS2_PLACEMENT_3D('',#7251,#7252,#7253);
#7251 = CARTESIAN_POINT('',(128.5,146.,118.));
#7252 = DIRECTION('',(0.707106781187,0.,-0.707106781187));
#7253 = DIRECTION('',(0.707106781187,0.,0.707106781187));
#7254 = ADVANCED_FACE('',(#7255),#7280,.T.);
#7255 = FACE_BOUND('',#7256,.T.);
#7256 = EDGE_LOOP('',(#7257,#7258,#7266,#7274));
#7257 = ORIENTED_EDGE('',*,*,#1539,.T.);
#7258 = ORIENTED_EDGE('',*,*,#7259,.T.);
#7259 = EDGE_CURVE('',#1542,#7260,#7262,.T.);
#7260 = VERTEX_POINT('',#7261);
#7261 = CARTESIAN_POINT('',(22.75,21.252776749733,3.5));
#7262 = LINE('',#7263,#7264);
#7263 = CARTESIAN_POINT('',(22.75,21.252776749733,-2.));
#7264 = VECTOR('',#7265,1.);
#7265 = DIRECTION('',(0.,0.,1.));
#7266 = ORIENTED_EDGE('',*,*,#7267,.F.);
#7267 = EDGE_CURVE('',#7268,#7260,#7270,.T.);
#7268 = VERTEX_POINT('',#7269);
#7269 = CARTESIAN_POINT('',(19.5,19.376388374866,3.5));
#7270 = LINE('',#7271,#7272);
#7271 = CARTESIAN_POINT('',(11.500161086754,14.75767922483,3.5));
#7272 = VECTOR('',#7273,1.);
#7273 = DIRECTION('',(0.866025403784,0.5,-0.));
#7274 = ORIENTED_EDGE('',*,*,#7275,.F.);
#7275 = EDGE_CURVE('',#1540,#7268,#7276,.T.);
#7276 = LINE('',#7277,#7278);
#7277 = CARTESIAN_POINT('',(19.5,19.376388374866,-2.));
#7278 = VECTOR('',#7279,1.);
#7279 = DIRECTION('',(0.,0.,1.));
#7280 = PLANE('',#7281);
#7281 = AXIS2_PLACEMENT_3D('',#7282,#7283,#7284);
#7282 = CARTESIAN_POINT('',(22.75,21.252776749733,-2.));
#7283 = DIRECTION('',(0.5,-0.866025403784,0.));
#7284 = DIRECTION('',(-0.866025403784,-0.5,0.));
#7285 = ADVANCED_FACE('',(#7286),#7304,.T.);
#7286 = FACE_BOUND('',#7287,.T.);
#7287 = EDGE_LOOP('',(#7288,#7289,#7290,#7298));
#7288 = ORIENTED_EDGE('',*,*,#1581,.T.);
#7289 = ORIENTED_EDGE('',*,*,#7275,.T.);
#7290 = ORIENTED_EDGE('',*,*,#7291,.F.);
#7291 = EDGE_CURVE('',#7292,#7268,#7294,.T.);
#7292 = VERTEX_POINT('',#7293);
#7293 = CARTESIAN_POINT('',(19.5,15.623611625134,3.5));
#7294 = LINE('',#7295,#7296);
#7295 = CARTESIAN_POINT('',(19.5,11.438194187433,3.5));
#7296 = VECTOR('',#7297,1.);
#7297 = DIRECTION('',(-0.,1.,0.));
#7298 = ORIENTED_EDGE('',*,*,#7299,.F.);
#7299 = EDGE_CURVE('',#1574,#7292,#7300,.T.);
#7300 = LINE('',#7301,#7302);
#7301 = CARTESIAN_POINT('',(19.5,15.623611625134,-2.));
#7302 = VECTOR('',#7303,1.);
#7303 = DIRECTION('',(0.,0.,1.));
#7304 = PLANE('',#7305);
#7305 = AXIS2_PLACEMENT_3D('',#7306,#7307,#7308);
#7306 = CARTESIAN_POINT('',(19.5,19.376388374866,-2.));
#7307 = DIRECTION('',(1.,0.,-0.));
#7308 = DIRECTION('',(0.,-1.,0.));
#7309 = ADVANCED_FACE('',(#7310),#7328,.T.);
#7310 = FACE_BOUND('',#7311,.T.);
#7311 = EDGE_LOOP('',(#7312,#7313,#7321,#7327));
#7312 = ORIENTED_EDGE('',*,*,#1549,.T.);
#7313 = ORIENTED_EDGE('',*,*,#7314,.T.);
#7314 = EDGE_CURVE('',#1550,#7315,#7317,.T.);
#7315 = VERTEX_POINT('',#7316);
#7316 = CARTESIAN_POINT('',(26.,19.376388374866,3.5));
#7317 = LINE('',#7318,#7319);
#7318 = CARTESIAN_POINT('',(26.,19.376388374866,-2.));
#7319 = VECTOR('',#7320,1.);
#7320 = DIRECTION('',(0.,0.,1.));
#7321 = ORIENTED_EDGE('',*,*,#7322,.F.);
#7322 = EDGE_CURVE('',#7260,#7315,#7323,.T.);
#7323 = LINE('',#7324,#7325);
#7324 = CARTESIAN_POINT('',(20.812338913246,22.371485899769,3.5));
#7325 = VECTOR('',#7326,1.);
#7326 = DIRECTION('',(0.866025403784,-0.5,0.));
#7327 = ORIENTED_EDGE('',*,*,#7259,.F.);
#7328 = PLANE('',#7329);
#7329 = AXIS2_PLACEMENT_3D('',#7330,#7331,#7332);
#7330 = CARTESIAN_POINT('',(26.,19.376388374866,-2.));
#7331 = DIRECTION('',(-0.5,-0.866025403784,0.));
#7332 = DIRECTION('',(-0.866025403784,0.5,0.));
#7333 = ADVANCED_FACE('',(#7334),#7352,.T.);
#7334 = FACE_BOUND('',#7335,.T.);
#7335 = EDGE_LOOP('',(#7336,#7337,#7338,#7346));
#7336 = ORIENTED_EDGE('',*,*,#1573,.T.);
#7337 = ORIENTED_EDGE('',*,*,#7299,.T.);
#7338 = ORIENTED_EDGE('',*,*,#7339,.F.);
#7339 = EDGE_CURVE('',#7340,#7292,#7342,.T.);
#7340 = VERTEX_POINT('',#7341);
#7341 = CARTESIAN_POINT('',(22.75,13.747223250267,3.5));
#7342 = LINE('',#7343,#7344);
#7343 = CARTESIAN_POINT('',(15.937338913246,17.680514962603,3.5));
#7344 = VECTOR('',#7345,1.);
#7345 = DIRECTION('',(-0.866025403784,0.5,0.));
#7346 = ORIENTED_EDGE('',*,*,#7347,.F.);
#7347 = EDGE_CURVE('',#1566,#7340,#7348,.T.);
#7348 = LINE('',#7349,#7350);
#7349 = CARTESIAN_POINT('',(22.75,13.747223250267,-2.));
#7350 = VECTOR('',#7351,1.);
#7351 = DIRECTION('',(0.,0.,1.));
#7352 = PLANE('',#7353);
#7353 = AXIS2_PLACEMENT_3D('',#7354,#7355,#7356);
#7354 = CARTESIAN_POINT('',(19.5,15.623611625134,-2.));
#7355 = DIRECTION('',(0.5,0.866025403784,-0.));
#7356 = DIRECTION('',(0.866025403784,-0.5,0.));
#7357 = ADVANCED_FACE('',(#7358),#7376,.T.);
#7358 = FACE_BOUND('',#7359,.T.);
#7359 = EDGE_LOOP('',(#7360,#7361,#7369,#7375));
#7360 = ORIENTED_EDGE('',*,*,#1557,.T.);
#7361 = ORIENTED_EDGE('',*,*,#7362,.T.);
#7362 = EDGE_CURVE('',#1558,#7363,#7365,.T.);
#7363 = VERTEX_POINT('',#7364);
#7364 = CARTESIAN_POINT('',(26.,15.623611625134,3.5));
#7365 = LINE('',#7366,#7367);
#7366 = CARTESIAN_POINT('',(26.,15.623611625134,-2.));
#7367 = VECTOR('',#7368,1.);
#7368 = DIRECTION('',(0.,0.,1.));
#7369 = ORIENTED_EDGE('',*,*,#7370,.F.);
#7370 = EDGE_CURVE('',#7315,#7363,#7371,.T.);
#7371 = LINE('',#7372,#7373);
#7372 = CARTESIAN_POINT('',(26.,9.561805812567,3.5));
#7373 = VECTOR('',#7374,1.);
#7374 = DIRECTION('',(0.,-1.,0.));
#7375 = ORIENTED_EDGE('',*,*,#7314,.F.);
#7376 = PLANE('',#7377);
#7377 = AXIS2_PLACEMENT_3D('',#7378,#7379,#7380);
#7378 = CARTESIAN_POINT('',(26.,15.623611625134,-2.));
#7379 = DIRECTION('',(-1.,0.,0.));
#7380 = DIRECTION('',(0.,1.,0.));
#7381 = ADVANCED_FACE('',(#7382),#7393,.T.);
#7382 = FACE_BOUND('',#7383,.T.);
#7383 = EDGE_LOOP('',(#7384,#7385,#7386,#7392));
#7384 = ORIENTED_EDGE('',*,*,#1565,.T.);
#7385 = ORIENTED_EDGE('',*,*,#7347,.T.);
#7386 = ORIENTED_EDGE('',*,*,#7387,.F.);
#7387 = EDGE_CURVE('',#7363,#7340,#7388,.T.);
#7388 = LINE('',#7389,#7390);
#7389 = CARTESIAN_POINT('',(13.125161086754,8.190319912798,3.5));
#7390 = VECTOR('',#7391,1.);
#7391 = DIRECTION('',(-0.866025403784,-0.5,0.));
#7392 = ORIENTED_EDGE('',*,*,#7362,.F.);
#7393 = PLANE('',#7394);
#7394 = AXIS2_PLACEMENT_3D('',#7395,#7396,#7397);
#7395 = CARTESIAN_POINT('',(22.75,13.747223250267,-2.));
#7396 = DIRECTION('',(-0.5,0.866025403784,0.));
#7397 = DIRECTION('',(0.866025403784,0.5,0.));
#7398 = ADVANCED_FACE('',(#7399),#7424,.T.);
#7399 = FACE_BOUND('',#7400,.T.);
#7400 = EDGE_LOOP('',(#7401,#7402,#7410,#7418));
#7401 = ORIENTED_EDGE('',*,*,#1589,.T.);
#7402 = ORIENTED_EDGE('',*,*,#7403,.T.);
#7403 = EDGE_CURVE('',#1592,#7404,#7406,.T.);
#7404 = VERTEX_POINT('',#7405);
#7405 = CARTESIAN_POINT('',(18.75,29.252776749733,3.5));
#7406 = LINE('',#7407,#7408);
#7407 = CARTESIAN_POINT('',(18.75,29.252776749733,-2.));
#7408 = VECTOR('',#7409,1.);
#7409 = DIRECTION('',(0.,0.,1.));
#7410 = ORIENTED_EDGE('',*,*,#7411,.F.);
#7411 = EDGE_CURVE('',#7412,#7404,#7414,.T.);
#7412 = VERTEX_POINT('',#7413);
#7413 = CARTESIAN_POINT('',(15.5,27.376388374866,3.5));
#7414 = LINE('',#7415,#7416);
#7415 = CARTESIAN_POINT('',(7.268110279186,22.623704628615,3.5));
#7416 = VECTOR('',#7417,1.);
#7417 = DIRECTION('',(0.866025403784,0.5,-0.));
#7418 = ORIENTED_EDGE('',*,*,#7419,.F.);
#7419 = EDGE_CURVE('',#1590,#7412,#7420,.T.);
#7420 = LINE('',#7421,#7422);
#7421 = CARTESIAN_POINT('',(15.5,27.376388374866,-2.));
#7422 = VECTOR('',#7423,1.);
#7423 = DIRECTION('',(0.,0.,1.));
#7424 = PLANE('',#7425);
#7425 = AXIS2_PLACEMENT_3D('',#7426,#7427,#7428);
#7426 = CARTESIAN_POINT('',(18.75,29.252776749733,-2.));
#7427 = DIRECTION('',(0.5,-0.866025403784,0.));
#7428 = DIRECTION('',(-0.866025403784,-0.5,0.));
#7429 = ADVANCED_FACE('',(#7430),#7448,.T.);
#7430 = FACE_BOUND('',#7431,.T.);
#7431 = EDGE_LOOP('',(#7432,#7433,#7434,#7442));
#7432 = ORIENTED_EDGE('',*,*,#1631,.T.);
#7433 = ORIENTED_EDGE('',*,*,#7419,.T.);
#7434 = ORIENTED_EDGE('',*,*,#7435,.F.);
#7435 = EDGE_CURVE('',#7436,#7412,#7438,.T.);
#7436 = VERTEX_POINT('',#7437);
#7437 = CARTESIAN_POINT('',(15.5,23.623611625134,3.5));
#7438 = LINE('',#7439,#7440);
#7439 = CARTESIAN_POINT('',(15.5,15.438194187433,3.5));
#7440 = VECTOR('',#7441,1.);
#7441 = DIRECTION('',(-0.,1.,0.));
#7442 = ORIENTED_EDGE('',*,*,#7443,.F.);
#7443 = EDGE_CURVE('',#1624,#7436,#7444,.T.);
#7444 = LINE('',#7445,#7446);
#7445 = CARTESIAN_POINT('',(15.5,23.623611625134,-2.));
#7446 = VECTOR('',#7447,1.);
#7447 = DIRECTION('',(0.,0.,1.));
#7448 = PLANE('',#7449);
#7449 = AXIS2_PLACEMENT_3D('',#7450,#7451,#7452);
#7450 = CARTESIAN_POINT('',(15.5,27.376388374866,-2.));
#7451 = DIRECTION('',(1.,0.,-0.));
#7452 = DIRECTION('',(0.,-1.,0.));
#7453 = ADVANCED_FACE('',(#7454),#7472,.T.);
#7454 = FACE_BOUND('',#7455,.T.);
#7455 = EDGE_LOOP('',(#7456,#7457,#7465,#7471));
#7456 = ORIENTED_EDGE('',*,*,#1599,.T.);
#7457 = ORIENTED_EDGE('',*,*,#7458,.T.);
#7458 = EDGE_CURVE('',#1600,#7459,#7461,.T.);
#7459 = VERTEX_POINT('',#7460);
#7460 = CARTESIAN_POINT('',(22.,27.376388374866,3.5));
#7461 = LINE('',#7462,#7463);
#7462 = CARTESIAN_POINT('',(22.,27.376388374866,-2.));
#7463 = VECTOR('',#7464,1.);
#7464 = DIRECTION('',(0.,0.,1.));
#7465 = ORIENTED_EDGE('',*,*,#7466,.F.);
#7466 = EDGE_CURVE('',#7404,#7459,#7467,.T.);
#7467 = LINE('',#7468,#7469);
#7468 = CARTESIAN_POINT('',(20.044389720814,28.505460495984,3.5));
#7469 = VECTOR('',#7470,1.);
#7470 = DIRECTION('',(0.866025403784,-0.5,0.));
#7471 = ORIENTED_EDGE('',*,*,#7403,.F.);
#7472 = PLANE('',#7473);
#7473 = AXIS2_PLACEMENT_3D('',#7474,#7475,#7476);
#7474 = CARTESIAN_POINT('',(22.,27.376388374866,-2.));
#7475 = DIRECTION('',(-0.5,-0.866025403784,0.));
#7476 = DIRECTION('',(-0.866025403784,0.5,0.));
#7477 = ADVANCED_FACE('',(#7478),#7496,.T.);
#7478 = FACE_BOUND('',#7479,.T.);
#7479 = EDGE_LOOP('',(#7480,#7481,#7482,#7490));
#7480 = ORIENTED_EDGE('',*,*,#1623,.T.);
#7481 = ORIENTED_EDGE('',*,*,#7443,.T.);
#7482 = ORIENTED_EDGE('',*,*,#7483,.F.);
#7483 = EDGE_CURVE('',#7484,#7436,#7486,.T.);
#7484 = VERTEX_POINT('',#7485);
#7485 = CARTESIAN_POINT('',(18.75,21.747223250267,3.5));
#7486 = LINE('',#7487,#7488);
#7487 = CARTESIAN_POINT('',(15.169389720814,23.814489558818,3.5));
#7488 = VECTOR('',#7489,1.);
#7489 = DIRECTION('',(-0.866025403784,0.5,0.));
#7490 = ORIENTED_EDGE('',*,*,#7491,.F.);
#7491 = EDGE_CURVE('',#1616,#7484,#7492,.T.);
#7492 = LINE('',#7493,#7494);
#7493 = CARTESIAN_POINT('',(18.75,21.747223250267,-2.));
#7494 = VECTOR('',#7495,1.);
#7495 = DIRECTION('',(0.,0.,1.));
#7496 = PLANE('',#7497);
#7497 = AXIS2_PLACEMENT_3D('',#7498,#7499,#7500);
#7498 = CARTESIAN_POINT('',(15.5,23.623611625134,-2.));
#7499 = DIRECTION('',(0.5,0.866025403784,-0.));
#7500 = DIRECTION('',(0.866025403784,-0.5,0.));
#7501 = ADVANCED_FACE('',(#7502),#7520,.T.);
#7502 = FACE_BOUND('',#7503,.T.);
#7503 = EDGE_LOOP('',(#7504,#7505,#7513,#7519));
#7504 = ORIENTED_EDGE('',*,*,#1607,.T.);
#7505 = ORIENTED_EDGE('',*,*,#7506,.T.);
#7506 = EDGE_CURVE('',#1608,#7507,#7509,.T.);
#7507 = VERTEX_POINT('',#7508);
#7508 = CARTESIAN_POINT('',(22.,23.623611625134,3.5));
#7509 = LINE('',#7510,#7511);
#7510 = CARTESIAN_POINT('',(22.,23.623611625134,-2.));
#7511 = VECTOR('',#7512,1.);
#7512 = DIRECTION('',(0.,0.,1.));
#7513 = ORIENTED_EDGE('',*,*,#7514,.F.);
#7514 = EDGE_CURVE('',#7459,#7507,#7515,.T.);
#7515 = LINE('',#7516,#7517);
#7516 = CARTESIAN_POINT('',(22.,13.561805812567,3.5));
#7517 = VECTOR('',#7518,1.);
#7518 = DIRECTION('',(0.,-1.,0.));
#7519 = ORIENTED_EDGE('',*,*,#7458,.F.);
#7520 = PLANE('',#7521);
#7521 = AXIS2_PLACEMENT_3D('',#7522,#7523,#7524);
#7522 = CARTESIAN_POINT('',(22.,23.623611625134,-2.));
#7523 = DIRECTION('',(-1.,0.,0.));
#7524 = DIRECTION('',(0.,1.,0.));
#7525 = ADVANCED_FACE('',(#7526),#7537,.T.);
#7526 = FACE_BOUND('',#7527,.T.);
#7527 = EDGE_LOOP('',(#7528,#7529,#7530,#7536));
#7528 = ORIENTED_EDGE('',*,*,#1615,.T.);
#7529 = ORIENTED_EDGE('',*,*,#7491,.T.);
#7530 = ORIENTED_EDGE('',*,*,#7531,.F.);
#7531 = EDGE_CURVE('',#7507,#7484,#7532,.T.);
#7532 = LINE('',#7533,#7534);
#7533 = CARTESIAN_POINT('',(8.893110279186,16.056345316583,3.5));
#7534 = VECTOR('',#7535,1.);
#7535 = DIRECTION('',(-0.866025403784,-0.5,0.));
#7536 = ORIENTED_EDGE('',*,*,#7506,.F.);
#7537 = PLANE('',#7538);
#7538 = AXIS2_PLACEMENT_3D('',#7539,#7540,#7541);
#7539 = CARTESIAN_POINT('',(18.75,21.747223250267,-2.));
#7540 = DIRECTION('',(-0.5,0.866025403784,0.));
#7541 = DIRECTION('',(0.866025403784,0.5,0.));
#7542 = ADVANCED_FACE('',(#7543),#7568,.T.);
#7543 = FACE_BOUND('',#7544,.T.);
#7544 = EDGE_LOOP('',(#7545,#7546,#7554,#7562));
#7545 = ORIENTED_EDGE('',*,*,#1639,.T.);
#7546 = ORIENTED_EDGE('',*,*,#7547,.T.);
#7547 = EDGE_CURVE('',#1642,#7548,#7550,.T.);
#7548 = VERTEX_POINT('',#7549);
#7549 = CARTESIAN_POINT('',(31.75,21.252776749733,3.5));
#7550 = LINE('',#7551,#7552);
#7551 = CARTESIAN_POINT('',(31.75,21.252776749733,-2.));
#7552 = VECTOR('',#7553,1.);
#7553 = DIRECTION('',(0.,0.,1.));
#7554 = ORIENTED_EDGE('',*,*,#7555,.F.);
#7555 = EDGE_CURVE('',#7556,#7548,#7558,.T.);
#7556 = VERTEX_POINT('',#7557);
#7557 = CARTESIAN_POINT('',(28.5,19.376388374866,3.5));
#7558 = LINE('',#7559,#7560);
#7559 = CARTESIAN_POINT('',(17.125161086754,12.809122066315,3.5));
#7560 = VECTOR('',#7561,1.);
#7561 = DIRECTION('',(0.866025403784,0.5,-0.));
#7562 = ORIENTED_EDGE('',*,*,#7563,.F.);
#7563 = EDGE_CURVE('',#1640,#7556,#7564,.T.);
#7564 = LINE('',#7565,#7566);
#7565 = CARTESIAN_POINT('',(28.5,19.376388374866,-2.));
#7566 = VECTOR('',#7567,1.);
#7567 = DIRECTION('',(0.,0.,1.));
#7568 = PLANE('',#7569);
#7569 = AXIS2_PLACEMENT_3D('',#7570,#7571,#7572);
#7570 = CARTESIAN_POINT('',(31.75,21.252776749733,-2.));
#7571 = DIRECTION('',(0.5,-0.866025403784,0.));
#7572 = DIRECTION('',(-0.866025403784,-0.5,0.));
#7573 = ADVANCED_FACE('',(#7574),#7592,.T.);
#7574 = FACE_BOUND('',#7575,.T.);
#7575 = EDGE_LOOP('',(#7576,#7577,#7578,#7586));
#7576 = ORIENTED_EDGE('',*,*,#1681,.T.);
#7577 = ORIENTED_EDGE('',*,*,#7563,.T.);
#7578 = ORIENTED_EDGE('',*,*,#7579,.F.);
#7579 = EDGE_CURVE('',#7580,#7556,#7582,.T.);
#7580 = VERTEX_POINT('',#7581);
#7581 = CARTESIAN_POINT('',(28.5,15.623611625134,3.5));
#7582 = LINE('',#7583,#7584);
#7583 = CARTESIAN_POINT('',(28.5,11.438194187433,3.5));
#7584 = VECTOR('',#7585,1.);
#7585 = DIRECTION('',(-0.,1.,0.));
#7586 = ORIENTED_EDGE('',*,*,#7587,.F.);
#7587 = EDGE_CURVE('',#1674,#7580,#7588,.T.);
#7588 = LINE('',#7589,#7590);
#7589 = CARTESIAN_POINT('',(28.5,15.623611625134,-2.));
#7590 = VECTOR('',#7591,1.);
#7591 = DIRECTION('',(0.,0.,1.));
#7592 = PLANE('',#7593);
#7593 = AXIS2_PLACEMENT_3D('',#7594,#7595,#7596);
#7594 = CARTESIAN_POINT('',(28.5,19.376388374866,-2.));
#7595 = DIRECTION('',(1.,0.,-0.));
#7596 = DIRECTION('',(0.,-1.,0.));
#7597 = ADVANCED_FACE('',(#7598),#7616,.T.);
#7598 = FACE_BOUND('',#7599,.T.);
#7599 = EDGE_LOOP('',(#7600,#7601,#7609,#7615));
#7600 = ORIENTED_EDGE('',*,*,#1649,.T.);
#7601 = ORIENTED_EDGE('',*,*,#7602,.T.);
#7602 = EDGE_CURVE('',#1650,#7603,#7605,.T.);
#7603 = VERTEX_POINT('',#7604);
#7604 = CARTESIAN_POINT('',(35.,19.376388374866,3.5));
#7605 = LINE('',#7606,#7607);
#7606 = CARTESIAN_POINT('',(35.,19.376388374866,-2.));
#7607 = VECTOR('',#7608,1.);
#7608 = DIRECTION('',(0.,0.,1.));
#7609 = ORIENTED_EDGE('',*,*,#7610,.F.);
#7610 = EDGE_CURVE('',#7548,#7603,#7611,.T.);
#7611 = LINE('',#7612,#7613);
#7612 = CARTESIAN_POINT('',(26.437338913246,24.320043058284,3.5));
#7613 = VECTOR('',#7614,1.);
#7614 = DIRECTION('',(0.866025403784,-0.5,0.));
#7615 = ORIENTED_EDGE('',*,*,#7547,.F.);
#7616 = PLANE('',#7617);
#7617 = AXIS2_PLACEMENT_3D('',#7618,#7619,#7620);
#7618 = CARTESIAN_POINT('',(35.,19.376388374866,-2.));
#7619 = DIRECTION('',(-0.5,-0.866025403784,0.));
#7620 = DIRECTION('',(-0.866025403784,0.5,0.));
#7621 = ADVANCED_FACE('',(#7622),#7640,.T.);
#7622 = FACE_BOUND('',#7623,.T.);
#7623 = EDGE_LOOP('',(#7624,#7625,#7626,#7634));
#7624 = ORIENTED_EDGE('',*,*,#1673,.T.);
#7625 = ORIENTED_EDGE('',*,*,#7587,.T.);
#7626 = ORIENTED_EDGE('',*,*,#7627,.F.);
#7627 = EDGE_CURVE('',#7628,#7580,#7630,.T.);
#7628 = VERTEX_POINT('',#7629);
#7629 = CARTESIAN_POINT('',(31.75,13.747223250267,3.5));
#7630 = LINE('',#7631,#7632);
#7631 = CARTESIAN_POINT('',(21.562338913246,19.629072121118,3.5));
#7632 = VECTOR('',#7633,1.);
#7633 = DIRECTION('',(-0.866025403784,0.5,0.));
#7634 = ORIENTED_EDGE('',*,*,#7635,.F.);
#7635 = EDGE_CURVE('',#1666,#7628,#7636,.T.);
#7636 = LINE('',#7637,#7638);
#7637 = CARTESIAN_POINT('',(31.75,13.747223250267,-2.));
#7638 = VECTOR('',#7639,1.);
#7639 = DIRECTION('',(0.,0.,1.));
#7640 = PLANE('',#7641);
#7641 = AXIS2_PLACEMENT_3D('',#7642,#7643,#7644);
#7642 = CARTESIAN_POINT('',(28.5,15.623611625134,-2.));
#7643 = DIRECTION('',(0.5,0.866025403784,-0.));
#7644 = DIRECTION('',(0.866025403784,-0.5,0.));
#7645 = ADVANCED_FACE('',(#7646),#7664,.T.);
#7646 = FACE_BOUND('',#7647,.T.);
#7647 = EDGE_LOOP('',(#7648,#7649,#7657,#7663));
#7648 = ORIENTED_EDGE('',*,*,#1657,.T.);
#7649 = ORIENTED_EDGE('',*,*,#7650,.T.);
#7650 = EDGE_CURVE('',#1658,#7651,#7653,.T.);
#7651 = VERTEX_POINT('',#7652);
#7652 = CARTESIAN_POINT('',(35.,15.623611625134,3.5));
#7653 = LINE('',#7654,#7655);
#7654 = CARTESIAN_POINT('',(35.,15.623611625134,-2.));
#7655 = VECTOR('',#7656,1.);
#7656 = DIRECTION('',(0.,0.,1.));
#7657 = ORIENTED_EDGE('',*,*,#7658,.F.);
#7658 = EDGE_CURVE('',#7603,#7651,#7659,.T.);
#7659 = LINE('',#7660,#7661);
#7660 = CARTESIAN_POINT('',(35.,9.561805812567,3.5));
#7661 = VECTOR('',#7662,1.);
#7662 = DIRECTION('',(0.,-1.,0.));
#7663 = ORIENTED_EDGE('',*,*,#7602,.F.);
#7664 = PLANE('',#7665);
#7665 = AXIS2_PLACEMENT_3D('',#7666,#7667,#7668);
#7666 = CARTESIAN_POINT('',(35.,15.623611625134,-2.));
#7667 = DIRECTION('',(-1.,0.,0.));
#7668 = DIRECTION('',(0.,1.,0.));
#7669 = ADVANCED_FACE('',(#7670),#7681,.T.);
#7670 = FACE_BOUND('',#7671,.T.);
#7671 = EDGE_LOOP('',(#7672,#7673,#7674,#7680));
#7672 = ORIENTED_EDGE('',*,*,#1665,.T.);
#7673 = ORIENTED_EDGE('',*,*,#7635,.T.);
#7674 = ORIENTED_EDGE('',*,*,#7675,.F.);
#7675 = EDGE_CURVE('',#7651,#7628,#7676,.T.);
#7676 = LINE('',#7677,#7678);
#7677 = CARTESIAN_POINT('',(18.750161086754,6.241762754283,3.5));
#7678 = VECTOR('',#7679,1.);
#7679 = DIRECTION('',(-0.866025403784,-0.5,0.));
#7680 = ORIENTED_EDGE('',*,*,#7650,.F.);
#7681 = PLANE('',#7682);
#7682 = AXIS2_PLACEMENT_3D('',#7683,#7684,#7685);
#7683 = CARTESIAN_POINT('',(31.75,13.747223250267,-2.));
#7684 = DIRECTION('',(-0.5,0.866025403784,0.));
#7685 = DIRECTION('',(0.866025403784,0.5,0.));
#7686 = ADVANCED_FACE('',(#7687),#7712,.T.);
#7687 = FACE_BOUND('',#7688,.T.);
#7688 = EDGE_LOOP('',(#7689,#7690,#7698,#7706));
#7689 = ORIENTED_EDGE('',*,*,#1689,.T.);
#7690 = ORIENTED_EDGE('',*,*,#7691,.T.);
#7691 = EDGE_CURVE('',#1692,#7692,#7694,.T.);
#7692 = VERTEX_POINT('',#7693);
#7693 = CARTESIAN_POINT('',(40.75,21.252776749733,3.5));
#7694 = LINE('',#7695,#7696);
#7695 = CARTESIAN_POINT('',(40.75,21.252776749733,-2.));
#7696 = VECTOR('',#7697,1.);
#7697 = DIRECTION('',(0.,0.,1.));
#7698 = ORIENTED_EDGE('',*,*,#7699,.F.);
#7699 = EDGE_CURVE('',#7700,#7692,#7702,.T.);
#7700 = VERTEX_POINT('',#7701);
#7701 = CARTESIAN_POINT('',(37.5,19.376388374866,3.5));
#7702 = LINE('',#7703,#7704);
#7703 = CARTESIAN_POINT('',(22.750161086754,10.8605649078,3.5));
#7704 = VECTOR('',#7705,1.);
#7705 = DIRECTION('',(0.866025403784,0.5,-0.));
#7706 = ORIENTED_EDGE('',*,*,#7707,.F.);
#7707 = EDGE_CURVE('',#1690,#7700,#7708,.T.);
#7708 = LINE('',#7709,#7710);
#7709 = CARTESIAN_POINT('',(37.5,19.376388374866,-2.));
#7710 = VECTOR('',#7711,1.);
#7711 = DIRECTION('',(0.,0.,1.));
#7712 = PLANE('',#7713);
#7713 = AXIS2_PLACEMENT_3D('',#7714,#7715,#7716);
#7714 = CARTESIAN_POINT('',(40.75,21.252776749733,-2.));
#7715 = DIRECTION('',(0.5,-0.866025403784,0.));
#7716 = DIRECTION('',(-0.866025403784,-0.5,0.));
#7717 = ADVANCED_FACE('',(#7718),#7736,.T.);
#7718 = FACE_BOUND('',#7719,.T.);
#7719 = EDGE_LOOP('',(#7720,#7721,#7722,#7730));
#7720 = ORIENTED_EDGE('',*,*,#1731,.T.);
#7721 = ORIENTED_EDGE('',*,*,#7707,.T.);
#7722 = ORIENTED_EDGE('',*,*,#7723,.F.);
#7723 = EDGE_CURVE('',#7724,#7700,#7726,.T.);
#7724 = VERTEX_POINT('',#7725);
#7725 = CARTESIAN_POINT('',(37.5,15.623611625134,3.5));
#7726 = LINE('',#7727,#7728);
#7727 = CARTESIAN_POINT('',(37.5,11.438194187433,3.5));
#7728 = VECTOR('',#7729,1.);
#7729 = DIRECTION('',(-0.,1.,0.));
#7730 = ORIENTED_EDGE('',*,*,#7731,.F.);
#7731 = EDGE_CURVE('',#1724,#7724,#7732,.T.);
#7732 = LINE('',#7733,#7734);
#7733 = CARTESIAN_POINT('',(37.5,15.623611625134,-2.));
#7734 = VECTOR('',#7735,1.);
#7735 = DIRECTION('',(0.,0.,1.));
#7736 = PLANE('',#7737);
#7737 = AXIS2_PLACEMENT_3D('',#7738,#7739,#7740);
#7738 = CARTESIAN_POINT('',(37.5,19.376388374866,-2.));
#7739 = DIRECTION('',(1.,0.,-0.));
#7740 = DIRECTION('',(0.,-1.,0.));
#7741 = ADVANCED_FACE('',(#7742),#7760,.T.);
#7742 = FACE_BOUND('',#7743,.T.);
#7743 = EDGE_LOOP('',(#7744,#7745,#7753,#7759));
#7744 = ORIENTED_EDGE('',*,*,#1699,.T.);
#7745 = ORIENTED_EDGE('',*,*,#7746,.T.);
#7746 = EDGE_CURVE('',#1700,#7747,#7749,.T.);
#7747 = VERTEX_POINT('',#7748);
#7748 = CARTESIAN_POINT('',(44.,19.376388374866,3.5));
#7749 = LINE('',#7750,#7751);
#7750 = CARTESIAN_POINT('',(44.,19.376388374866,-2.));
#7751 = VECTOR('',#7752,1.);
#7752 = DIRECTION('',(0.,0.,1.));
#7753 = ORIENTED_EDGE('',*,*,#7754,.F.);
#7754 = EDGE_CURVE('',#7692,#7747,#7755,.T.);
#7755 = LINE('',#7756,#7757);
#7756 = CARTESIAN_POINT('',(32.062338913246,26.268600216798,3.5));
#7757 = VECTOR('',#7758,1.);
#7758 = DIRECTION('',(0.866025403784,-0.5,0.));
#7759 = ORIENTED_EDGE('',*,*,#7691,.F.);
#7760 = PLANE('',#7761);
#7761 = AXIS2_PLACEMENT_3D('',#7762,#7763,#7764);
#7762 = CARTESIAN_POINT('',(44.,19.376388374866,-2.));
#7763 = DIRECTION('',(-0.5,-0.866025403784,0.));
#7764 = DIRECTION('',(-0.866025403784,0.5,0.));
#7765 = ADVANCED_FACE('',(#7766),#7784,.T.);
#7766 = FACE_BOUND('',#7767,.T.);
#7767 = EDGE_LOOP('',(#7768,#7769,#7770,#7778));
#7768 = ORIENTED_EDGE('',*,*,#1723,.T.);
#7769 = ORIENTED_EDGE('',*,*,#7731,.T.);
#7770 = ORIENTED_EDGE('',*,*,#7771,.F.);
#7771 = EDGE_CURVE('',#7772,#7724,#7774,.T.);
#7772 = VERTEX_POINT('',#7773);
#7773 = CARTESIAN_POINT('',(40.75,13.747223250267,3.5));
#7774 = LINE('',#7775,#7776);
#7775 = CARTESIAN_POINT('',(27.187338913246,21.577629279633,3.5));
#7776 = VECTOR('',#7777,1.);
#7777 = DIRECTION('',(-0.866025403784,0.5,0.));
#7778 = ORIENTED_EDGE('',*,*,#7779,.F.);
#7779 = EDGE_CURVE('',#1716,#7772,#7780,.T.);
#7780 = LINE('',#7781,#7782);
#7781 = CARTESIAN_POINT('',(40.75,13.747223250267,-2.));
#7782 = VECTOR('',#7783,1.);
#7783 = DIRECTION('',(0.,0.,1.));
#7784 = PLANE('',#7785);
#7785 = AXIS2_PLACEMENT_3D('',#7786,#7787,#7788);
#7786 = CARTESIAN_POINT('',(37.5,15.623611625134,-2.));
#7787 = DIRECTION('',(0.5,0.866025403784,-0.));
#7788 = DIRECTION('',(0.866025403784,-0.5,0.));
#7789 = ADVANCED_FACE('',(#7790),#7808,.T.);
#7790 = FACE_BOUND('',#7791,.T.);
#7791 = EDGE_LOOP('',(#7792,#7793,#7801,#7807));
#7792 = ORIENTED_EDGE('',*,*,#1707,.T.);
#7793 = ORIENTED_EDGE('',*,*,#7794,.T.);
#7794 = EDGE_CURVE('',#1708,#7795,#7797,.T.);
#7795 = VERTEX_POINT('',#7796);
#7796 = CARTESIAN_POINT('',(44.,15.623611625134,3.5));
#7797 = LINE('',#7798,#7799);
#7798 = CARTESIAN_POINT('',(44.,15.623611625134,-2.));
#7799 = VECTOR('',#7800,1.);
#7800 = DIRECTION('',(0.,0.,1.));
#7801 = ORIENTED_EDGE('',*,*,#7802,.F.);
#7802 = EDGE_CURVE('',#7747,#7795,#7803,.T.);
#7803 = LINE('',#7804,#7805);
#7804 = CARTESIAN_POINT('',(44.,9.561805812567,3.5));
#7805 = VECTOR('',#7806,1.);
#7806 = DIRECTION('',(0.,-1.,0.));
#7807 = ORIENTED_EDGE('',*,*,#7746,.F.);
#7808 = PLANE('',#7809);
#7809 = AXIS2_PLACEMENT_3D('',#7810,#7811,#7812);
#7810 = CARTESIAN_POINT('',(44.,15.623611625134,-2.));
#7811 = DIRECTION('',(-1.,0.,0.));
#7812 = DIRECTION('',(0.,1.,0.));
#7813 = ADVANCED_FACE('',(#7814),#7825,.T.);
#7814 = FACE_BOUND('',#7815,.T.);
#7815 = EDGE_LOOP('',(#7816,#7817,#7818,#7824));
#7816 = ORIENTED_EDGE('',*,*,#1715,.T.);
#7817 = ORIENTED_EDGE('',*,*,#7779,.T.);
#7818 = ORIENTED_EDGE('',*,*,#7819,.F.);
#7819 = EDGE_CURVE('',#7795,#7772,#7820,.T.);
#7820 = LINE('',#7821,#7822);
#7821 = CARTESIAN_POINT('',(24.375161086754,4.293205595768,3.5));
#7822 = VECTOR('',#7823,1.);
#7823 = DIRECTION('',(-0.866025403784,-0.5,0.));
#7824 = ORIENTED_EDGE('',*,*,#7794,.F.);
#7825 = PLANE('',#7826);
#7826 = AXIS2_PLACEMENT_3D('',#7827,#7828,#7829);
#7827 = CARTESIAN_POINT('',(40.75,13.747223250267,-2.));
#7828 = DIRECTION('',(-0.5,0.866025403784,0.));
#7829 = DIRECTION('',(0.866025403784,0.5,0.));
#7830 = ADVANCED_FACE('',(#7831),#7856,.T.);
#7831 = FACE_BOUND('',#7832,.T.);
#7832 = EDGE_LOOP('',(#7833,#7834,#7842,#7850));
#7833 = ORIENTED_EDGE('',*,*,#1739,.T.);
#7834 = ORIENTED_EDGE('',*,*,#7835,.T.);
#7835 = EDGE_CURVE('',#1742,#7836,#7838,.T.);
#7836 = VERTEX_POINT('',#7837);
#7837 = CARTESIAN_POINT('',(27.75,29.252776749733,3.5));
#7838 = LINE('',#7839,#7840);
#7839 = CARTESIAN_POINT('',(27.75,29.252776749733,-2.));
#7840 = VECTOR('',#7841,1.);
#7841 = DIRECTION('',(0.,0.,1.));
#7842 = ORIENTED_EDGE('',*,*,#7843,.F.);
#7843 = EDGE_CURVE('',#7844,#7836,#7846,.T.);
#7844 = VERTEX_POINT('',#7845);
#7845 = CARTESIAN_POINT('',(24.5,27.376388374866,3.5));
#7846 = LINE('',#7847,#7848);
#7847 = CARTESIAN_POINT('',(12.893110279186,20.6751474701,3.5));
#7848 = VECTOR('',#7849,1.);
#7849 = DIRECTION('',(0.866025403784,0.5,-0.));
#7850 = ORIENTED_EDGE('',*,*,#7851,.F.);
#7851 = EDGE_CURVE('',#1740,#7844,#7852,.T.);
#7852 = LINE('',#7853,#7854);
#7853 = CARTESIAN_POINT('',(24.5,27.376388374866,-2.));
#7854 = VECTOR('',#7855,1.);
#7855 = DIRECTION('',(0.,0.,1.));
#7856 = PLANE('',#7857);
#7857 = AXIS2_PLACEMENT_3D('',#7858,#7859,#7860);
#7858 = CARTESIAN_POINT('',(27.75,29.252776749733,-2.));
#7859 = DIRECTION('',(0.5,-0.866025403784,0.));
#7860 = DIRECTION('',(-0.866025403784,-0.5,0.));
#7861 = ADVANCED_FACE('',(#7862),#7880,.T.);
#7862 = FACE_BOUND('',#7863,.T.);
#7863 = EDGE_LOOP('',(#7864,#7865,#7866,#7874));
#7864 = ORIENTED_EDGE('',*,*,#1781,.T.);
#7865 = ORIENTED_EDGE('',*,*,#7851,.T.);
#7866 = ORIENTED_EDGE('',*,*,#7867,.F.);
#7867 = EDGE_CURVE('',#7868,#7844,#7870,.T.);
#7868 = VERTEX_POINT('',#7869);
#7869 = CARTESIAN_POINT('',(24.5,23.623611625134,3.5));
#7870 = LINE('',#7871,#7872);
#7871 = CARTESIAN_POINT('',(24.5,15.438194187433,3.5));
#7872 = VECTOR('',#7873,1.);
#7873 = DIRECTION('',(-0.,1.,0.));
#7874 = ORIENTED_EDGE('',*,*,#7875,.F.);
#7875 = EDGE_CURVE('',#1774,#7868,#7876,.T.);
#7876 = LINE('',#7877,#7878);
#7877 = CARTESIAN_POINT('',(24.5,23.623611625134,-2.));
#7878 = VECTOR('',#7879,1.);
#7879 = DIRECTION('',(0.,0.,1.));
#7880 = PLANE('',#7881);
#7881 = AXIS2_PLACEMENT_3D('',#7882,#7883,#7884);
#7882 = CARTESIAN_POINT('',(24.5,27.376388374866,-2.));
#7883 = DIRECTION('',(1.,0.,-0.));
#7884 = DIRECTION('',(0.,-1.,0.));
#7885 = ADVANCED_FACE('',(#7886),#7904,.T.);
#7886 = FACE_BOUND('',#7887,.T.);
#7887 = EDGE_LOOP('',(#7888,#7889,#7897,#7903));
#7888 = ORIENTED_EDGE('',*,*,#1749,.T.);
#7889 = ORIENTED_EDGE('',*,*,#7890,.T.);
#7890 = EDGE_CURVE('',#1750,#7891,#7893,.T.);
#7891 = VERTEX_POINT('',#7892);
#7892 = CARTESIAN_POINT('',(31.,27.376388374866,3.5));
#7893 = LINE('',#7894,#7895);
#7894 = CARTESIAN_POINT('',(31.,27.376388374866,-2.));
#7895 = VECTOR('',#7896,1.);
#7896 = DIRECTION('',(0.,0.,1.));
#7897 = ORIENTED_EDGE('',*,*,#7898,.F.);
#7898 = EDGE_CURVE('',#7836,#7891,#7899,.T.);
#7899 = LINE('',#7900,#7901);
#7900 = CARTESIAN_POINT('',(25.669389720814,30.454017654499,3.5));
#7901 = VECTOR('',#7902,1.);
#7902 = DIRECTION('',(0.866025403784,-0.5,0.));
#7903 = ORIENTED_EDGE('',*,*,#7835,.F.);
#7904 = PLANE('',#7905);
#7905 = AXIS2_PLACEMENT_3D('',#7906,#7907,#7908);
#7906 = CARTESIAN_POINT('',(31.,27.376388374866,-2.));
#7907 = DIRECTION('',(-0.5,-0.866025403784,0.));
#7908 = DIRECTION('',(-0.866025403784,0.5,0.));
#7909 = ADVANCED_FACE('',(#7910),#7928,.T.);
#7910 = FACE_BOUND('',#7911,.T.);
#7911 = EDGE_LOOP('',(#7912,#7913,#7914,#7922));
#7912 = ORIENTED_EDGE('',*,*,#1773,.T.);
#7913 = ORIENTED_EDGE('',*,*,#7875,.T.);
#7914 = ORIENTED_EDGE('',*,*,#7915,.F.);
#7915 = EDGE_CURVE('',#7916,#7868,#7918,.T.);
#7916 = VERTEX_POINT('',#7917);
#7917 = CARTESIAN_POINT('',(27.75,21.747223250267,3.5));
#7918 = LINE('',#7919,#7920);
#7919 = CARTESIAN_POINT('',(20.794389720814,25.763046717333,3.5));
#7920 = VECTOR('',#7921,1.);
#7921 = DIRECTION('',(-0.866025403784,0.5,0.));
#7922 = ORIENTED_EDGE('',*,*,#7923,.F.);
#7923 = EDGE_CURVE('',#1766,#7916,#7924,.T.);
#7924 = LINE('',#7925,#7926);
#7925 = CARTESIAN_POINT('',(27.75,21.747223250267,-2.));
#7926 = VECTOR('',#7927,1.);
#7927 = DIRECTION('',(0.,0.,1.));
#7928 = PLANE('',#7929);
#7929 = AXIS2_PLACEMENT_3D('',#7930,#7931,#7932);
#7930 = CARTESIAN_POINT('',(24.5,23.623611625134,-2.));
#7931 = DIRECTION('',(0.5,0.866025403784,-0.));
#7932 = DIRECTION('',(0.866025403784,-0.5,0.));
#7933 = ADVANCED_FACE('',(#7934),#7952,.T.);
#7934 = FACE_BOUND('',#7935,.T.);
#7935 = EDGE_LOOP('',(#7936,#7937,#7945,#7951));
#7936 = ORIENTED_EDGE('',*,*,#1757,.T.);
#7937 = ORIENTED_EDGE('',*,*,#7938,.T.);
#7938 = EDGE_CURVE('',#1758,#7939,#7941,.T.);
#7939 = VERTEX_POINT('',#7940);
#7940 = CARTESIAN_POINT('',(31.,23.623611625134,3.5));
#7941 = LINE('',#7942,#7943);
#7942 = CARTESIAN_POINT('',(31.,23.623611625134,-2.));
#7943 = VECTOR('',#7944,1.);
#7944 = DIRECTION('',(0.,0.,1.));
#7945 = ORIENTED_EDGE('',*,*,#7946,.F.);
#7946 = EDGE_CURVE('',#7891,#7939,#7947,.T.);
#7947 = LINE('',#7948,#7949);
#7948 = CARTESIAN_POINT('',(31.,13.561805812567,3.5));
#7949 = VECTOR('',#7950,1.);
#7950 = DIRECTION('',(0.,-1.,0.));
#7951 = ORIENTED_EDGE('',*,*,#7890,.F.);
#7952 = PLANE('',#7953);
#7953 = AXIS2_PLACEMENT_3D('',#7954,#7955,#7956);
#7954 = CARTESIAN_POINT('',(31.,23.623611625134,-2.));
#7955 = DIRECTION('',(-1.,0.,0.));
#7956 = DIRECTION('',(0.,1.,0.));
#7957 = ADVANCED_FACE('',(#7958),#7969,.T.);
#7958 = FACE_BOUND('',#7959,.T.);
#7959 = EDGE_LOOP('',(#7960,#7961,#7962,#7968));
#7960 = ORIENTED_EDGE('',*,*,#1765,.T.);
#7961 = ORIENTED_EDGE('',*,*,#7923,.T.);
#7962 = ORIENTED_EDGE('',*,*,#7963,.F.);
#7963 = EDGE_CURVE('',#7939,#7916,#7964,.T.);
#7964 = LINE('',#7965,#7966);
#7965 = CARTESIAN_POINT('',(14.518110279186,14.107788158068,3.5));
#7966 = VECTOR('',#7967,1.);
#7967 = DIRECTION('',(-0.866025403784,-0.5,0.));
#7968 = ORIENTED_EDGE('',*,*,#7938,.F.);
#7969 = PLANE('',#7970);
#7970 = AXIS2_PLACEMENT_3D('',#7971,#7972,#7973);
#7971 = CARTESIAN_POINT('',(27.75,21.747223250267,-2.));
#7972 = DIRECTION('',(-0.5,0.866025403784,0.));
#7973 = DIRECTION('',(0.866025403784,0.5,0.));
#7974 = ADVANCED_FACE('',(#7975),#8000,.T.);
#7975 = FACE_BOUND('',#7976,.T.);
#7976 = EDGE_LOOP('',(#7977,#7978,#7986,#7994));
#7977 = ORIENTED_EDGE('',*,*,#1789,.T.);
#7978 = ORIENTED_EDGE('',*,*,#7979,.T.);
#7979 = EDGE_CURVE('',#1792,#7980,#7982,.T.);
#7980 = VERTEX_POINT('',#7981);
#7981 = CARTESIAN_POINT('',(36.75,29.252776749733,3.5));
#7982 = LINE('',#7983,#7984);
#7983 = CARTESIAN_POINT('',(36.75,29.252776749733,-2.));
#7984 = VECTOR('',#7985,1.);
#7985 = DIRECTION('',(0.,0.,1.));
#7986 = ORIENTED_EDGE('',*,*,#7987,.F.);
#7987 = EDGE_CURVE('',#7988,#7980,#7990,.T.);
#7988 = VERTEX_POINT('',#7989);
#7989 = CARTESIAN_POINT('',(33.5,27.376388374866,3.5));
#7990 = LINE('',#7991,#7992);
#7991 = CARTESIAN_POINT('',(18.518110279186,18.726590311585,3.5));
#7992 = VECTOR('',#7993,1.);
#7993 = DIRECTION('',(0.866025403784,0.5,-0.));
#7994 = ORIENTED_EDGE('',*,*,#7995,.F.);
#7995 = EDGE_CURVE('',#1790,#7988,#7996,.T.);
#7996 = LINE('',#7997,#7998);
#7997 = CARTESIAN_POINT('',(33.5,27.376388374866,-2.));
#7998 = VECTOR('',#7999,1.);
#7999 = DIRECTION('',(0.,0.,1.));
#8000 = PLANE('',#8001);
#8001 = AXIS2_PLACEMENT_3D('',#8002,#8003,#8004);
#8002 = CARTESIAN_POINT('',(36.75,29.252776749733,-2.));
#8003 = DIRECTION('',(0.5,-0.866025403784,0.));
#8004 = DIRECTION('',(-0.866025403784,-0.5,0.));
#8005 = ADVANCED_FACE('',(#8006),#8024,.T.);
#8006 = FACE_BOUND('',#8007,.T.);
#8007 = EDGE_LOOP('',(#8008,#8009,#8010,#8018));
#8008 = ORIENTED_EDGE('',*,*,#1831,.T.);
#8009 = ORIENTED_EDGE('',*,*,#7995,.T.);
#8010 = ORIENTED_EDGE('',*,*,#8011,.F.);
#8011 = EDGE_CURVE('',#8012,#7988,#8014,.T.);
#8012 = VERTEX_POINT('',#8013);
#8013 = CARTESIAN_POINT('',(33.5,23.623611625134,3.5));
#8014 = LINE('',#8015,#8016);
#8015 = CARTESIAN_POINT('',(33.5,15.438194187433,3.5));
#8016 = VECTOR('',#8017,1.);
#8017 = DIRECTION('',(-0.,1.,0.));
#8018 = ORIENTED_EDGE('',*,*,#8019,.F.);
#8019 = EDGE_CURVE('',#1824,#8012,#8020,.T.);
#8020 = LINE('',#8021,#8022);
#8021 = CARTESIAN_POINT('',(33.5,23.623611625134,-2.));
#8022 = VECTOR('',#8023,1.);
#8023 = DIRECTION('',(0.,0.,1.));
#8024 = PLANE('',#8025);
#8025 = AXIS2_PLACEMENT_3D('',#8026,#8027,#8028);
#8026 = CARTESIAN_POINT('',(33.5,27.376388374866,-2.));
#8027 = DIRECTION('',(1.,0.,-0.));
#8028 = DIRECTION('',(0.,-1.,0.));
#8029 = ADVANCED_FACE('',(#8030),#8048,.T.);
#8030 = FACE_BOUND('',#8031,.T.);
#8031 = EDGE_LOOP('',(#8032,#8033,#8041,#8047));
#8032 = ORIENTED_EDGE('',*,*,#1799,.T.);
#8033 = ORIENTED_EDGE('',*,*,#8034,.T.);
#8034 = EDGE_CURVE('',#1800,#8035,#8037,.T.);
#8035 = VERTEX_POINT('',#8036);
#8036 = CARTESIAN_POINT('',(40.,27.376388374866,3.5));
#8037 = LINE('',#8038,#8039);
#8038 = CARTESIAN_POINT('',(40.,27.376388374866,-2.));
#8039 = VECTOR('',#8040,1.);
#8040 = DIRECTION('',(0.,0.,1.));
#8041 = ORIENTED_EDGE('',*,*,#8042,.F.);
#8042 = EDGE_CURVE('',#7980,#8035,#8043,.T.);
#8043 = LINE('',#8044,#8045);
#8044 = CARTESIAN_POINT('',(31.294389720814,32.402574813014,3.5));
#8045 = VECTOR('',#8046,1.);
#8046 = DIRECTION('',(0.866025403784,-0.5,0.));
#8047 = ORIENTED_EDGE('',*,*,#7979,.F.);
#8048 = PLANE('',#8049);
#8049 = AXIS2_PLACEMENT_3D('',#8050,#8051,#8052);
#8050 = CARTESIAN_POINT('',(40.,27.376388374866,-2.));
#8051 = DIRECTION('',(-0.5,-0.866025403784,0.));
#8052 = DIRECTION('',(-0.866025403784,0.5,0.));
#8053 = ADVANCED_FACE('',(#8054),#8072,.T.);
#8054 = FACE_BOUND('',#8055,.T.);
#8055 = EDGE_LOOP('',(#8056,#8057,#8058,#8066));
#8056 = ORIENTED_EDGE('',*,*,#1823,.T.);
#8057 = ORIENTED_EDGE('',*,*,#8019,.T.);
#8058 = ORIENTED_EDGE('',*,*,#8059,.F.);
#8059 = EDGE_CURVE('',#8060,#8012,#8062,.T.);
#8060 = VERTEX_POINT('',#8061);
#8061 = CARTESIAN_POINT('',(36.75,21.747223250267,3.5));
#8062 = LINE('',#8063,#8064);
#8063 = CARTESIAN_POINT('',(26.419389720814,27.711603875848,3.5));
#8064 = VECTOR('',#8065,1.);
#8065 = DIRECTION('',(-0.866025403784,0.5,0.));
#8066 = ORIENTED_EDGE('',*,*,#8067,.F.);
#8067 = EDGE_CURVE('',#1816,#8060,#8068,.T.);
#8068 = LINE('',#8069,#8070);
#8069 = CARTESIAN_POINT('',(36.75,21.747223250267,-2.));
#8070 = VECTOR('',#8071,1.);
#8071 = DIRECTION('',(0.,0.,1.));
#8072 = PLANE('',#8073);
#8073 = AXIS2_PLACEMENT_3D('',#8074,#8075,#8076);
#8074 = CARTESIAN_POINT('',(33.5,23.623611625134,-2.));
#8075 = DIRECTION('',(0.5,0.866025403784,-0.));
#8076 = DIRECTION('',(0.866025403784,-0.5,0.));
#8077 = ADVANCED_FACE('',(#8078),#8096,.T.);
#8078 = FACE_BOUND('',#8079,.T.);
#8079 = EDGE_LOOP('',(#8080,#8081,#8089,#8095));
#8080 = ORIENTED_EDGE('',*,*,#1807,.T.);
#8081 = ORIENTED_EDGE('',*,*,#8082,.T.);
#8082 = EDGE_CURVE('',#1808,#8083,#8085,.T.);
#8083 = VERTEX_POINT('',#8084);
#8084 = CARTESIAN_POINT('',(40.,23.623611625134,3.5));
#8085 = LINE('',#8086,#8087);
#8086 = CARTESIAN_POINT('',(40.,23.623611625134,-2.));
#8087 = VECTOR('',#8088,1.);
#8088 = DIRECTION('',(0.,0.,1.));
#8089 = ORIENTED_EDGE('',*,*,#8090,.F.);
#8090 = EDGE_CURVE('',#8035,#8083,#8091,.T.);
#8091 = LINE('',#8092,#8093);
#8092 = CARTESIAN_POINT('',(40.,13.561805812567,3.5));
#8093 = VECTOR('',#8094,1.);
#8094 = DIRECTION('',(0.,-1.,0.));
#8095 = ORIENTED_EDGE('',*,*,#8034,.F.);
#8096 = PLANE('',#8097);
#8097 = AXIS2_PLACEMENT_3D('',#8098,#8099,#8100);
#8098 = CARTESIAN_POINT('',(40.,23.623611625134,-2.));
#8099 = DIRECTION('',(-1.,0.,0.));
#8100 = DIRECTION('',(0.,1.,0.));
#8101 = ADVANCED_FACE('',(#8102),#8113,.T.);
#8102 = FACE_BOUND('',#8103,.T.);
#8103 = EDGE_LOOP('',(#8104,#8105,#8106,#8112));
#8104 = ORIENTED_EDGE('',*,*,#1815,.T.);
#8105 = ORIENTED_EDGE('',*,*,#8067,.T.);
#8106 = ORIENTED_EDGE('',*,*,#8107,.F.);
#8107 = EDGE_CURVE('',#8083,#8060,#8108,.T.);
#8108 = LINE('',#8109,#8110);
#8109 = CARTESIAN_POINT('',(20.143110279186,12.159230999553,3.5));
#8110 = VECTOR('',#8111,1.);
#8111 = DIRECTION('',(-0.866025403784,-0.5,0.));
#8112 = ORIENTED_EDGE('',*,*,#8082,.F.);
#8113 = PLANE('',#8114);
#8114 = AXIS2_PLACEMENT_3D('',#8115,#8116,#8117);
#8115 = CARTESIAN_POINT('',(36.75,21.747223250267,-2.));
#8116 = DIRECTION('',(-0.5,0.866025403784,0.));
#8117 = DIRECTION('',(0.866025403784,0.5,0.));
#8118 = ADVANCED_FACE('',(#8119),#8144,.T.);
#8119 = FACE_BOUND('',#8120,.T.);
#8120 = EDGE_LOOP('',(#8121,#8122,#8130,#8138));
#8121 = ORIENTED_EDGE('',*,*,#1839,.T.);
#8122 = ORIENTED_EDGE('',*,*,#8123,.T.);
#8123 = EDGE_CURVE('',#1842,#8124,#8126,.T.);
#8124 = VERTEX_POINT('',#8125);
#8125 = CARTESIAN_POINT('',(45.75,29.252776749733,3.5));
#8126 = LINE('',#8127,#8128);
#8127 = CARTESIAN_POINT('',(45.75,29.252776749733,-2.));
#8128 = VECTOR('',#8129,1.);
#8129 = DIRECTION('',(0.,0.,1.));
#8130 = ORIENTED_EDGE('',*,*,#8131,.F.);
#8131 = EDGE_CURVE('',#8132,#8124,#8134,.T.);
#8132 = VERTEX_POINT('',#8133);
#8133 = CARTESIAN_POINT('',(42.5,27.376388374866,3.5));
#8134 = LINE('',#8135,#8136);
#8135 = CARTESIAN_POINT('',(24.143110279186,16.77803315307,3.5));
#8136 = VECTOR('',#8137,1.);
#8137 = DIRECTION('',(0.866025403784,0.5,-0.));
#8138 = ORIENTED_EDGE('',*,*,#8139,.F.);
#8139 = EDGE_CURVE('',#1840,#8132,#8140,.T.);
#8140 = LINE('',#8141,#8142);
#8141 = CARTESIAN_POINT('',(42.5,27.376388374866,-2.));
#8142 = VECTOR('',#8143,1.);
#8143 = DIRECTION('',(0.,0.,1.));
#8144 = PLANE('',#8145);
#8145 = AXIS2_PLACEMENT_3D('',#8146,#8147,#8148);
#8146 = CARTESIAN_POINT('',(45.75,29.252776749733,-2.));
#8147 = DIRECTION('',(0.5,-0.866025403784,0.));
#8148 = DIRECTION('',(-0.866025403784,-0.5,0.));
#8149 = ADVANCED_FACE('',(#8150),#8168,.T.);
#8150 = FACE_BOUND('',#8151,.T.);
#8151 = EDGE_LOOP('',(#8152,#8153,#8154,#8162));
#8152 = ORIENTED_EDGE('',*,*,#1881,.T.);
#8153 = ORIENTED_EDGE('',*,*,#8139,.T.);
#8154 = ORIENTED_EDGE('',*,*,#8155,.F.);
#8155 = EDGE_CURVE('',#8156,#8132,#8158,.T.);
#8156 = VERTEX_POINT('',#8157);
#8157 = CARTESIAN_POINT('',(42.5,23.623611625134,3.5));
#8158 = LINE('',#8159,#8160);
#8159 = CARTESIAN_POINT('',(42.5,15.438194187433,3.5));
#8160 = VECTOR('',#8161,1.);
#8161 = DIRECTION('',(-0.,1.,0.));
#8162 = ORIENTED_EDGE('',*,*,#8163,.F.);
#8163 = EDGE_CURVE('',#1874,#8156,#8164,.T.);
#8164 = LINE('',#8165,#8166);
#8165 = CARTESIAN_POINT('',(42.5,23.623611625134,-2.));
#8166 = VECTOR('',#8167,1.);
#8167 = DIRECTION('',(0.,0.,1.));
#8168 = PLANE('',#8169);
#8169 = AXIS2_PLACEMENT_3D('',#8170,#8171,#8172);
#8170 = CARTESIAN_POINT('',(42.5,27.376388374866,-2.));
#8171 = DIRECTION('',(1.,0.,-0.));
#8172 = DIRECTION('',(0.,-1.,0.));
#8173 = ADVANCED_FACE('',(#8174),#8192,.T.);
#8174 = FACE_BOUND('',#8175,.T.);
#8175 = EDGE_LOOP('',(#8176,#8177,#8185,#8191));
#8176 = ORIENTED_EDGE('',*,*,#1849,.T.);
#8177 = ORIENTED_EDGE('',*,*,#8178,.T.);
#8178 = EDGE_CURVE('',#1850,#8179,#8181,.T.);
#8179 = VERTEX_POINT('',#8180);
#8180 = CARTESIAN_POINT('',(49.,27.376388374866,3.5));
#8181 = LINE('',#8182,#8183);
#8182 = CARTESIAN_POINT('',(49.,27.376388374866,-2.));
#8183 = VECTOR('',#8184,1.);
#8184 = DIRECTION('',(0.,0.,1.));
#8185 = ORIENTED_EDGE('',*,*,#8186,.F.);
#8186 = EDGE_CURVE('',#8124,#8179,#8187,.T.);
#8187 = LINE('',#8188,#8189);
#8188 = CARTESIAN_POINT('',(36.919389720814,34.351131971529,3.5));
#8189 = VECTOR('',#8190,1.);
#8190 = DIRECTION('',(0.866025403784,-0.5,0.));
#8191 = ORIENTED_EDGE('',*,*,#8123,.F.);
#8192 = PLANE('',#8193);
#8193 = AXIS2_PLACEMENT_3D('',#8194,#8195,#8196);
#8194 = CARTESIAN_POINT('',(49.,27.376388374866,-2.));
#8195 = DIRECTION('',(-0.5,-0.866025403784,0.));
#8196 = DIRECTION('',(-0.866025403784,0.5,0.));
#8197 = ADVANCED_FACE('',(#8198),#8216,.T.);
#8198 = FACE_BOUND('',#8199,.T.);
#8199 = EDGE_LOOP('',(#8200,#8201,#8202,#8210));
#8200 = ORIENTED_EDGE('',*,*,#1873,.T.);
#8201 = ORIENTED_EDGE('',*,*,#8163,.T.);
#8202 = ORIENTED_EDGE('',*,*,#8203,.F.);
#8203 = EDGE_CURVE('',#8204,#8156,#8206,.T.);
#8204 = VERTEX_POINT('',#8205);
#8205 = CARTESIAN_POINT('',(45.75,21.747223250267,3.5));
#8206 = LINE('',#8207,#8208);
#8207 = CARTESIAN_POINT('',(32.044389720814,29.660161034363,3.5));
#8208 = VECTOR('',#8209,1.);
#8209 = DIRECTION('',(-0.866025403784,0.5,0.));
#8210 = ORIENTED_EDGE('',*,*,#8211,.F.);
#8211 = EDGE_CURVE('',#1866,#8204,#8212,.T.);
#8212 = LINE('',#8213,#8214);
#8213 = CARTESIAN_POINT('',(45.75,21.747223250267,-2.));
#8214 = VECTOR('',#8215,1.);
#8215 = DIRECTION('',(0.,0.,1.));
#8216 = PLANE('',#8217);
#8217 = AXIS2_PLACEMENT_3D('',#8218,#8219,#8220);
#8218 = CARTESIAN_POINT('',(42.5,23.623611625134,-2.));
#8219 = DIRECTION('',(0.5,0.866025403784,-0.));
#8220 = DIRECTION('',(0.866025403784,-0.5,0.));
#8221 = ADVANCED_FACE('',(#8222),#8240,.T.);
#8222 = FACE_BOUND('',#8223,.T.);
#8223 = EDGE_LOOP('',(#8224,#8225,#8233,#8239));
#8224 = ORIENTED_EDGE('',*,*,#1857,.T.);
#8225 = ORIENTED_EDGE('',*,*,#8226,.T.);
#8226 = EDGE_CURVE('',#1858,#8227,#8229,.T.);
#8227 = VERTEX_POINT('',#8228);
#8228 = CARTESIAN_POINT('',(49.,23.623611625134,3.5));
#8229 = LINE('',#8230,#8231);
#8230 = CARTESIAN_POINT('',(49.,23.623611625134,-2.));
#8231 = VECTOR('',#8232,1.);
#8232 = DIRECTION('',(0.,0.,1.));
#8233 = ORIENTED_EDGE('',*,*,#8234,.F.);
#8234 = EDGE_CURVE('',#8179,#8227,#8235,.T.);
#8235 = LINE('',#8236,#8237);
#8236 = CARTESIAN_POINT('',(49.,13.561805812567,3.5));
#8237 = VECTOR('',#8238,1.);
#8238 = DIRECTION('',(0.,-1.,0.));
#8239 = ORIENTED_EDGE('',*,*,#8178,.F.);
#8240 = PLANE('',#8241);
#8241 = AXIS2_PLACEMENT_3D('',#8242,#8243,#8244);
#8242 = CARTESIAN_POINT('',(49.,23.623611625134,-2.));
#8243 = DIRECTION('',(-1.,0.,0.));
#8244 = DIRECTION('',(0.,1.,0.));
#8245 = ADVANCED_FACE('',(#8246),#8257,.T.);
#8246 = FACE_BOUND('',#8247,.T.);
#8247 = EDGE_LOOP('',(#8248,#8249,#8250,#8256));
#8248 = ORIENTED_EDGE('',*,*,#1865,.T.);
#8249 = ORIENTED_EDGE('',*,*,#8211,.T.);
#8250 = ORIENTED_EDGE('',*,*,#8251,.F.);
#8251 = EDGE_CURVE('',#8227,#8204,#8252,.T.);
#8252 = LINE('',#8253,#8254);
#8253 = CARTESIAN_POINT('',(25.768110279186,10.210673841038,3.5));
#8254 = VECTOR('',#8255,1.);
#8255 = DIRECTION('',(-0.866025403784,-0.5,0.));
#8256 = ORIENTED_EDGE('',*,*,#8226,.F.);
#8257 = PLANE('',#8258);
#8258 = AXIS2_PLACEMENT_3D('',#8259,#8260,#8261);
#8259 = CARTESIAN_POINT('',(45.75,21.747223250267,-2.));
#8260 = DIRECTION('',(-0.5,0.866025403784,0.));
#8261 = DIRECTION('',(0.866025403784,0.5,0.));
#8262 = ADVANCED_FACE('',(#8263),#8288,.T.);
#8263 = FACE_BOUND('',#8264,.T.);
#8264 = EDGE_LOOP('',(#8265,#8266,#8274,#8282));
#8265 = ORIENTED_EDGE('',*,*,#1889,.T.);
#8266 = ORIENTED_EDGE('',*,*,#8267,.T.);
#8267 = EDGE_CURVE('',#1892,#8268,#8270,.T.);
#8268 = VERTEX_POINT('',#8269);
#8269 = CARTESIAN_POINT('',(22.75,37.252776749733,3.5));
#8270 = LINE('',#8271,#8272);
#8271 = CARTESIAN_POINT('',(22.75,37.252776749733,-2.));
#8272 = VECTOR('',#8273,1.);
#8273 = DIRECTION('',(0.,0.,1.));
#8274 = ORIENTED_EDGE('',*,*,#8275,.F.);
#8275 = EDGE_CURVE('',#8276,#8268,#8278,.T.);
#8276 = VERTEX_POINT('',#8277);
#8277 = CARTESIAN_POINT('',(19.5,35.376388374866,3.5));
#8278 = LINE('',#8279,#8280);
#8279 = CARTESIAN_POINT('',(8.036059471617,28.75767922483,3.5));
#8280 = VECTOR('',#8281,1.);
#8281 = DIRECTION('',(0.866025403784,0.5,-0.));
#8282 = ORIENTED_EDGE('',*,*,#8283,.F.);
#8283 = EDGE_CURVE('',#1890,#8276,#8284,.T.);
#8284 = LINE('',#8285,#8286);
#8285 = CARTESIAN_POINT('',(19.5,35.376388374866,-2.));
#8286 = VECTOR('',#8287,1.);
#8287 = DIRECTION('',(0.,0.,1.));
#8288 = PLANE('',#8289);
#8289 = AXIS2_PLACEMENT_3D('',#8290,#8291,#8292);
#8290 = CARTESIAN_POINT('',(22.75,37.252776749733,-2.));
#8291 = DIRECTION('',(0.5,-0.866025403784,0.));
#8292 = DIRECTION('',(-0.866025403784,-0.5,0.));
#8293 = ADVANCED_FACE('',(#8294),#8312,.T.);
#8294 = FACE_BOUND('',#8295,.T.);
#8295 = EDGE_LOOP('',(#8296,#8297,#8298,#8306));
#8296 = ORIENTED_EDGE('',*,*,#1931,.T.);
#8297 = ORIENTED_EDGE('',*,*,#8283,.T.);
#8298 = ORIENTED_EDGE('',*,*,#8299,.F.);
#8299 = EDGE_CURVE('',#8300,#8276,#8302,.T.);
#8300 = VERTEX_POINT('',#8301);
#8301 = CARTESIAN_POINT('',(19.5,31.623611625134,3.5));
#8302 = LINE('',#8303,#8304);
#8303 = CARTESIAN_POINT('',(19.5,19.438194187433,3.5));
#8304 = VECTOR('',#8305,1.);
#8305 = DIRECTION('',(-0.,1.,0.));
#8306 = ORIENTED_EDGE('',*,*,#8307,.F.);
#8307 = EDGE_CURVE('',#1924,#8300,#8308,.T.);
#8308 = LINE('',#8309,#8310);
#8309 = CARTESIAN_POINT('',(19.5,31.623611625134,-2.));
#8310 = VECTOR('',#8311,1.);
#8311 = DIRECTION('',(0.,0.,1.));
#8312 = PLANE('',#8313);
#8313 = AXIS2_PLACEMENT_3D('',#8314,#8315,#8316);
#8314 = CARTESIAN_POINT('',(19.5,35.376388374866,-2.));
#8315 = DIRECTION('',(1.,0.,-0.));
#8316 = DIRECTION('',(0.,-1.,0.));
#8317 = ADVANCED_FACE('',(#8318),#8336,.T.);
#8318 = FACE_BOUND('',#8319,.T.);
#8319 = EDGE_LOOP('',(#8320,#8321,#8329,#8335));
#8320 = ORIENTED_EDGE('',*,*,#1899,.T.);
#8321 = ORIENTED_EDGE('',*,*,#8322,.T.);
#8322 = EDGE_CURVE('',#1900,#8323,#8325,.T.);
#8323 = VERTEX_POINT('',#8324);
#8324 = CARTESIAN_POINT('',(26.,35.376388374866,3.5));
#8325 = LINE('',#8326,#8327);
#8326 = CARTESIAN_POINT('',(26.,35.376388374866,-2.));
#8327 = VECTOR('',#8328,1.);
#8328 = DIRECTION('',(0.,0.,1.));
#8329 = ORIENTED_EDGE('',*,*,#8330,.F.);
#8330 = EDGE_CURVE('',#8268,#8323,#8331,.T.);
#8331 = LINE('',#8332,#8333);
#8332 = CARTESIAN_POINT('',(24.276440528383,36.371485899769,3.5));
#8333 = VECTOR('',#8334,1.);
#8334 = DIRECTION('',(0.866025403784,-0.5,0.));
#8335 = ORIENTED_EDGE('',*,*,#8267,.F.);
#8336 = PLANE('',#8337);
#8337 = AXIS2_PLACEMENT_3D('',#8338,#8339,#8340);
#8338 = CARTESIAN_POINT('',(26.,35.376388374866,-2.));
#8339 = DIRECTION('',(-0.5,-0.866025403784,0.));
#8340 = DIRECTION('',(-0.866025403784,0.5,0.));
#8341 = ADVANCED_FACE('',(#8342),#8360,.T.);
#8342 = FACE_BOUND('',#8343,.T.);
#8343 = EDGE_LOOP('',(#8344,#8345,#8346,#8354));
#8344 = ORIENTED_EDGE('',*,*,#1923,.T.);
#8345 = ORIENTED_EDGE('',*,*,#8307,.T.);
#8346 = ORIENTED_EDGE('',*,*,#8347,.F.);
#8347 = EDGE_CURVE('',#8348,#8300,#8350,.T.);
#8348 = VERTEX_POINT('',#8349);
#8349 = CARTESIAN_POINT('',(22.75,29.747223250267,3.5));
#8350 = LINE('',#8351,#8352);
#8351 = CARTESIAN_POINT('',(19.401440528383,31.680514962603,3.5));
#8352 = VECTOR('',#8353,1.);
#8353 = DIRECTION('',(-0.866025403784,0.5,0.));
#8354 = ORIENTED_EDGE('',*,*,#8355,.F.);
#8355 = EDGE_CURVE('',#1916,#8348,#8356,.T.);
#8356 = LINE('',#8357,#8358);
#8357 = CARTESIAN_POINT('',(22.75,29.747223250267,-2.));
#8358 = VECTOR('',#8359,1.);
#8359 = DIRECTION('',(0.,0.,1.));
#8360 = PLANE('',#8361);
#8361 = AXIS2_PLACEMENT_3D('',#8362,#8363,#8364);
#8362 = CARTESIAN_POINT('',(19.5,31.623611625134,-2.));
#8363 = DIRECTION('',(0.5,0.866025403784,-0.));
#8364 = DIRECTION('',(0.866025403784,-0.5,0.));
#8365 = ADVANCED_FACE('',(#8366),#8384,.T.);
#8366 = FACE_BOUND('',#8367,.T.);
#8367 = EDGE_LOOP('',(#8368,#8369,#8377,#8383));
#8368 = ORIENTED_EDGE('',*,*,#1907,.T.);
#8369 = ORIENTED_EDGE('',*,*,#8370,.T.);
#8370 = EDGE_CURVE('',#1908,#8371,#8373,.T.);
#8371 = VERTEX_POINT('',#8372);
#8372 = CARTESIAN_POINT('',(26.,31.623611625134,3.5));
#8373 = LINE('',#8374,#8375);
#8374 = CARTESIAN_POINT('',(26.,31.623611625134,-2.));
#8375 = VECTOR('',#8376,1.);
#8376 = DIRECTION('',(0.,0.,1.));
#8377 = ORIENTED_EDGE('',*,*,#8378,.F.);
#8378 = EDGE_CURVE('',#8323,#8371,#8379,.T.);
#8379 = LINE('',#8380,#8381);
#8380 = CARTESIAN_POINT('',(26.,17.561805812567,3.5));
#8381 = VECTOR('',#8382,1.);
#8382 = DIRECTION('',(0.,-1.,0.));
#8383 = ORIENTED_EDGE('',*,*,#8322,.F.);
#8384 = PLANE('',#8385);
#8385 = AXIS2_PLACEMENT_3D('',#8386,#8387,#8388);
#8386 = CARTESIAN_POINT('',(26.,31.623611625134,-2.));
#8387 = DIRECTION('',(-1.,0.,0.));
#8388 = DIRECTION('',(0.,1.,0.));
#8389 = ADVANCED_FACE('',(#8390),#8401,.T.);
#8390 = FACE_BOUND('',#8391,.T.);
#8391 = EDGE_LOOP('',(#8392,#8393,#8394,#8400));
#8392 = ORIENTED_EDGE('',*,*,#1915,.T.);
#8393 = ORIENTED_EDGE('',*,*,#8355,.T.);
#8394 = ORIENTED_EDGE('',*,*,#8395,.F.);
#8395 = EDGE_CURVE('',#8371,#8348,#8396,.T.);
#8396 = LINE('',#8397,#8398);
#8397 = CARTESIAN_POINT('',(9.661059471617,22.190319912798,3.5));
#8398 = VECTOR('',#8399,1.);
#8399 = DIRECTION('',(-0.866025403784,-0.5,0.));
#8400 = ORIENTED_EDGE('',*,*,#8370,.F.);
#8401 = PLANE('',#8402);
#8402 = AXIS2_PLACEMENT_3D('',#8403,#8404,#8405);
#8403 = CARTESIAN_POINT('',(22.75,29.747223250267,-2.));
#8404 = DIRECTION('',(-0.5,0.866025403784,0.));
#8405 = DIRECTION('',(0.866025403784,0.5,0.));
#8406 = ADVANCED_FACE('',(#8407),#8432,.T.);
#8407 = FACE_BOUND('',#8408,.T.);
#8408 = EDGE_LOOP('',(#8409,#8410,#8418,#8426));
#8409 = ORIENTED_EDGE('',*,*,#1939,.T.);
#8410 = ORIENTED_EDGE('',*,*,#8411,.T.);
#8411 = EDGE_CURVE('',#1942,#8412,#8414,.T.);
#8412 = VERTEX_POINT('',#8413);
#8413 = CARTESIAN_POINT('',(18.75,45.252776749733,3.5));
#8414 = LINE('',#8415,#8416);
#8415 = CARTESIAN_POINT('',(18.75,45.252776749733,-2.));
#8416 = VECTOR('',#8417,1.);
#8417 = DIRECTION('',(0.,0.,1.));
#8418 = ORIENTED_EDGE('',*,*,#8419,.F.);
#8419 = EDGE_CURVE('',#8420,#8412,#8422,.T.);
#8420 = VERTEX_POINT('',#8421);
#8421 = CARTESIAN_POINT('',(15.5,43.376388374866,3.5));
#8422 = LINE('',#8423,#8424);
#8423 = CARTESIAN_POINT('',(3.804008664048,36.623704628615,3.5));
#8424 = VECTOR('',#8425,1.);
#8425 = DIRECTION('',(0.866025403784,0.5,-0.));
#8426 = ORIENTED_EDGE('',*,*,#8427,.F.);
#8427 = EDGE_CURVE('',#1940,#8420,#8428,.T.);
#8428 = LINE('',#8429,#8430);
#8429 = CARTESIAN_POINT('',(15.5,43.376388374866,-2.));
#8430 = VECTOR('',#8431,1.);
#8431 = DIRECTION('',(0.,0.,1.));
#8432 = PLANE('',#8433);
#8433 = AXIS2_PLACEMENT_3D('',#8434,#8435,#8436);
#8434 = CARTESIAN_POINT('',(18.75,45.252776749733,-2.));
#8435 = DIRECTION('',(0.5,-0.866025403784,0.));
#8436 = DIRECTION('',(-0.866025403784,-0.5,0.));
#8437 = ADVANCED_FACE('',(#8438),#8456,.T.);
#8438 = FACE_BOUND('',#8439,.T.);
#8439 = EDGE_LOOP('',(#8440,#8441,#8442,#8450));
#8440 = ORIENTED_EDGE('',*,*,#1981,.T.);
#8441 = ORIENTED_EDGE('',*,*,#8427,.T.);
#8442 = ORIENTED_EDGE('',*,*,#8443,.F.);
#8443 = EDGE_CURVE('',#8444,#8420,#8446,.T.);
#8444 = VERTEX_POINT('',#8445);
#8445 = CARTESIAN_POINT('',(15.5,39.623611625134,3.5));
#8446 = LINE('',#8447,#8448);
#8447 = CARTESIAN_POINT('',(15.5,23.438194187433,3.5));
#8448 = VECTOR('',#8449,1.);
#8449 = DIRECTION('',(-0.,1.,0.));
#8450 = ORIENTED_EDGE('',*,*,#8451,.F.);
#8451 = EDGE_CURVE('',#1974,#8444,#8452,.T.);
#8452 = LINE('',#8453,#8454);
#8453 = CARTESIAN_POINT('',(15.5,39.623611625134,-2.));
#8454 = VECTOR('',#8455,1.);
#8455 = DIRECTION('',(0.,0.,1.));
#8456 = PLANE('',#8457);
#8457 = AXIS2_PLACEMENT_3D('',#8458,#8459,#8460);
#8458 = CARTESIAN_POINT('',(15.5,43.376388374866,-2.));
#8459 = DIRECTION('',(1.,0.,-0.));
#8460 = DIRECTION('',(0.,-1.,0.));
#8461 = ADVANCED_FACE('',(#8462),#8480,.T.);
#8462 = FACE_BOUND('',#8463,.T.);
#8463 = EDGE_LOOP('',(#8464,#8465,#8473,#8479));
#8464 = ORIENTED_EDGE('',*,*,#1949,.T.);
#8465 = ORIENTED_EDGE('',*,*,#8466,.T.);
#8466 = EDGE_CURVE('',#1950,#8467,#8469,.T.);
#8467 = VERTEX_POINT('',#8468);
#8468 = CARTESIAN_POINT('',(22.,43.376388374866,3.5));
#8469 = LINE('',#8470,#8471);
#8470 = CARTESIAN_POINT('',(22.,43.376388374866,-2.));
#8471 = VECTOR('',#8472,1.);
#8472 = DIRECTION('',(0.,0.,1.));
#8473 = ORIENTED_EDGE('',*,*,#8474,.F.);
#8474 = EDGE_CURVE('',#8412,#8467,#8475,.T.);
#8475 = LINE('',#8476,#8477);
#8476 = CARTESIAN_POINT('',(23.508491335952,42.505460495984,3.5));
#8477 = VECTOR('',#8478,1.);
#8478 = DIRECTION('',(0.866025403784,-0.5,0.));
#8479 = ORIENTED_EDGE('',*,*,#8411,.F.);
#8480 = PLANE('',#8481);
#8481 = AXIS2_PLACEMENT_3D('',#8482,#8483,#8484);
#8482 = CARTESIAN_POINT('',(22.,43.376388374866,-2.));
#8483 = DIRECTION('',(-0.5,-0.866025403784,0.));
#8484 = DIRECTION('',(-0.866025403784,0.5,0.));
#8485 = ADVANCED_FACE('',(#8486),#8504,.T.);
#8486 = FACE_BOUND('',#8487,.T.);
#8487 = EDGE_LOOP('',(#8488,#8489,#8490,#8498));
#8488 = ORIENTED_EDGE('',*,*,#1973,.T.);
#8489 = ORIENTED_EDGE('',*,*,#8451,.T.);
#8490 = ORIENTED_EDGE('',*,*,#8491,.F.);
#8491 = EDGE_CURVE('',#8492,#8444,#8494,.T.);
#8492 = VERTEX_POINT('',#8493);
#8493 = CARTESIAN_POINT('',(18.75,37.747223250267,3.5));
#8494 = LINE('',#8495,#8496);
#8495 = CARTESIAN_POINT('',(18.633491335952,37.814489558818,3.5));
#8496 = VECTOR('',#8497,1.);
#8497 = DIRECTION('',(-0.866025403784,0.5,0.));
#8498 = ORIENTED_EDGE('',*,*,#8499,.F.);
#8499 = EDGE_CURVE('',#1966,#8492,#8500,.T.);
#8500 = LINE('',#8501,#8502);
#8501 = CARTESIAN_POINT('',(18.75,37.747223250267,-2.));
#8502 = VECTOR('',#8503,1.);
#8503 = DIRECTION('',(0.,0.,1.));
#8504 = PLANE('',#8505);
#8505 = AXIS2_PLACEMENT_3D('',#8506,#8507,#8508);
#8506 = CARTESIAN_POINT('',(15.5,39.623611625134,-2.));
#8507 = DIRECTION('',(0.5,0.866025403784,-0.));
#8508 = DIRECTION('',(0.866025403784,-0.5,0.));
#8509 = ADVANCED_FACE('',(#8510),#8528,.T.);
#8510 = FACE_BOUND('',#8511,.T.);
#8511 = EDGE_LOOP('',(#8512,#8513,#8521,#8527));
#8512 = ORIENTED_EDGE('',*,*,#1957,.T.);
#8513 = ORIENTED_EDGE('',*,*,#8514,.T.);
#8514 = EDGE_CURVE('',#1958,#8515,#8517,.T.);
#8515 = VERTEX_POINT('',#8516);
#8516 = CARTESIAN_POINT('',(22.,39.623611625134,3.5));
#8517 = LINE('',#8518,#8519);
#8518 = CARTESIAN_POINT('',(22.,39.623611625134,-2.));
#8519 = VECTOR('',#8520,1.);
#8520 = DIRECTION('',(0.,0.,1.));
#8521 = ORIENTED_EDGE('',*,*,#8522,.F.);
#8522 = EDGE_CURVE('',#8467,#8515,#8523,.T.);
#8523 = LINE('',#8524,#8525);
#8524 = CARTESIAN_POINT('',(22.,21.561805812567,3.5));
#8525 = VECTOR('',#8526,1.);
#8526 = DIRECTION('',(0.,-1.,0.));
#8527 = ORIENTED_EDGE('',*,*,#8466,.F.);
#8528 = PLANE('',#8529);
#8529 = AXIS2_PLACEMENT_3D('',#8530,#8531,#8532);
#8530 = CARTESIAN_POINT('',(22.,39.623611625134,-2.));
#8531 = DIRECTION('',(-1.,0.,0.));
#8532 = DIRECTION('',(0.,1.,0.));
#8533 = ADVANCED_FACE('',(#8534),#8545,.T.);
#8534 = FACE_BOUND('',#8535,.T.);
#8535 = EDGE_LOOP('',(#8536,#8537,#8538,#8544));
#8536 = ORIENTED_EDGE('',*,*,#1965,.T.);
#8537 = ORIENTED_EDGE('',*,*,#8499,.T.);
#8538 = ORIENTED_EDGE('',*,*,#8539,.F.);
#8539 = EDGE_CURVE('',#8515,#8492,#8540,.T.);
#8540 = LINE('',#8541,#8542);
#8541 = CARTESIAN_POINT('',(5.429008664048,30.056345316583,3.5));
#8542 = VECTOR('',#8543,1.);
#8543 = DIRECTION('',(-0.866025403784,-0.5,0.));
#8544 = ORIENTED_EDGE('',*,*,#8514,.F.);
#8545 = PLANE('',#8546);
#8546 = AXIS2_PLACEMENT_3D('',#8547,#8548,#8549);
#8547 = CARTESIAN_POINT('',(18.75,37.747223250267,-2.));
#8548 = DIRECTION('',(-0.5,0.866025403784,0.));
#8549 = DIRECTION('',(0.866025403784,0.5,0.));
#8550 = ADVANCED_FACE('',(#8551),#8576,.T.);
#8551 = FACE_BOUND('',#8552,.T.);
#8552 = EDGE_LOOP('',(#8553,#8554,#8562,#8570));
#8553 = ORIENTED_EDGE('',*,*,#1989,.T.);
#8554 = ORIENTED_EDGE('',*,*,#8555,.T.);
#8555 = EDGE_CURVE('',#1992,#8556,#8558,.T.);
#8556 = VERTEX_POINT('',#8557);
#8557 = CARTESIAN_POINT('',(31.75,37.252776749733,3.5));
#8558 = LINE('',#8559,#8560);
#8559 = CARTESIAN_POINT('',(31.75,37.252776749733,-2.));
#8560 = VECTOR('',#8561,1.);
#8561 = DIRECTION('',(0.,0.,1.));
#8562 = ORIENTED_EDGE('',*,*,#8563,.F.);
#8563 = EDGE_CURVE('',#8564,#8556,#8566,.T.);
#8564 = VERTEX_POINT('',#8565);
#8565 = CARTESIAN_POINT('',(28.5,35.376388374866,3.5));
#8566 = LINE('',#8567,#8568);
#8567 = CARTESIAN_POINT('',(13.661059471617,26.809122066315,3.5));
#8568 = VECTOR('',#8569,1.);
#8569 = DIRECTION('',(0.866025403784,0.5,-0.));
#8570 = ORIENTED_EDGE('',*,*,#8571,.F.);
#8571 = EDGE_CURVE('',#1990,#8564,#8572,.T.);
#8572 = LINE('',#8573,#8574);
#8573 = CARTESIAN_POINT('',(28.5,35.376388374866,-2.));
#8574 = VECTOR('',#8575,1.);
#8575 = DIRECTION('',(0.,0.,1.));
#8576 = PLANE('',#8577);
#8577 = AXIS2_PLACEMENT_3D('',#8578,#8579,#8580);
#8578 = CARTESIAN_POINT('',(31.75,37.252776749733,-2.));
#8579 = DIRECTION('',(0.5,-0.866025403784,0.));
#8580 = DIRECTION('',(-0.866025403784,-0.5,0.));
#8581 = ADVANCED_FACE('',(#8582),#8600,.T.);
#8582 = FACE_BOUND('',#8583,.T.);
#8583 = EDGE_LOOP('',(#8584,#8585,#8586,#8594));
#8584 = ORIENTED_EDGE('',*,*,#2031,.T.);
#8585 = ORIENTED_EDGE('',*,*,#8571,.T.);
#8586 = ORIENTED_EDGE('',*,*,#8587,.F.);
#8587 = EDGE_CURVE('',#8588,#8564,#8590,.T.);
#8588 = VERTEX_POINT('',#8589);
#8589 = CARTESIAN_POINT('',(28.5,31.623611625134,3.5));
#8590 = LINE('',#8591,#8592);
#8591 = CARTESIAN_POINT('',(28.5,19.438194187433,3.5));
#8592 = VECTOR('',#8593,1.);
#8593 = DIRECTION('',(-0.,1.,0.));
#8594 = ORIENTED_EDGE('',*,*,#8595,.F.);
#8595 = EDGE_CURVE('',#2024,#8588,#8596,.T.);
#8596 = LINE('',#8597,#8598);
#8597 = CARTESIAN_POINT('',(28.5,31.623611625134,-2.));
#8598 = VECTOR('',#8599,1.);
#8599 = DIRECTION('',(0.,0.,1.));
#8600 = PLANE('',#8601);
#8601 = AXIS2_PLACEMENT_3D('',#8602,#8603,#8604);
#8602 = CARTESIAN_POINT('',(28.5,35.376388374866,-2.));
#8603 = DIRECTION('',(1.,0.,-0.));
#8604 = DIRECTION('',(0.,-1.,0.));
#8605 = ADVANCED_FACE('',(#8606),#8624,.T.);
#8606 = FACE_BOUND('',#8607,.T.);
#8607 = EDGE_LOOP('',(#8608,#8609,#8617,#8623));
#8608 = ORIENTED_EDGE('',*,*,#1999,.T.);
#8609 = ORIENTED_EDGE('',*,*,#8610,.T.);
#8610 = EDGE_CURVE('',#2000,#8611,#8613,.T.);
#8611 = VERTEX_POINT('',#8612);
#8612 = CARTESIAN_POINT('',(35.,35.376388374866,3.5));
#8613 = LINE('',#8614,#8615);
#8614 = CARTESIAN_POINT('',(35.,35.376388374866,-2.));
#8615 = VECTOR('',#8616,1.);
#8616 = DIRECTION('',(0.,0.,1.));
#8617 = ORIENTED_EDGE('',*,*,#8618,.F.);
#8618 = EDGE_CURVE('',#8556,#8611,#8619,.T.);
#8619 = LINE('',#8620,#8621);
#8620 = CARTESIAN_POINT('',(29.901440528383,38.320043058284,3.5));
#8621 = VECTOR('',#8622,1.);
#8622 = DIRECTION('',(0.866025403784,-0.5,0.));
#8623 = ORIENTED_EDGE('',*,*,#8555,.F.);
#8624 = PLANE('',#8625);
#8625 = AXIS2_PLACEMENT_3D('',#8626,#8627,#8628);
#8626 = CARTESIAN_POINT('',(35.,35.376388374866,-2.));
#8627 = DIRECTION('',(-0.5,-0.866025403784,0.));
#8628 = DIRECTION('',(-0.866025403784,0.5,0.));
#8629 = ADVANCED_FACE('',(#8630),#8648,.T.);
#8630 = FACE_BOUND('',#8631,.T.);
#8631 = EDGE_LOOP('',(#8632,#8633,#8634,#8642));
#8632 = ORIENTED_EDGE('',*,*,#2023,.T.);
#8633 = ORIENTED_EDGE('',*,*,#8595,.T.);
#8634 = ORIENTED_EDGE('',*,*,#8635,.F.);
#8635 = EDGE_CURVE('',#8636,#8588,#8638,.T.);
#8636 = VERTEX_POINT('',#8637);
#8637 = CARTESIAN_POINT('',(31.75,29.747223250267,3.5));
#8638 = LINE('',#8639,#8640);
#8639 = CARTESIAN_POINT('',(25.026440528383,33.629072121118,3.5));
#8640 = VECTOR('',#8641,1.);
#8641 = DIRECTION('',(-0.866025403784,0.5,0.));
#8642 = ORIENTED_EDGE('',*,*,#8643,.F.);
#8643 = EDGE_CURVE('',#2016,#8636,#8644,.T.);
#8644 = LINE('',#8645,#8646);
#8645 = CARTESIAN_POINT('',(31.75,29.747223250267,-2.));
#8646 = VECTOR('',#8647,1.);
#8647 = DIRECTION('',(0.,0.,1.));
#8648 = PLANE('',#8649);
#8649 = AXIS2_PLACEMENT_3D('',#8650,#8651,#8652);
#8650 = CARTESIAN_POINT('',(28.5,31.623611625134,-2.));
#8651 = DIRECTION('',(0.5,0.866025403784,-0.));
#8652 = DIRECTION('',(0.866025403784,-0.5,0.));
#8653 = ADVANCED_FACE('',(#8654),#8672,.T.);
#8654 = FACE_BOUND('',#8655,.T.);
#8655 = EDGE_LOOP('',(#8656,#8657,#8665,#8671));
#8656 = ORIENTED_EDGE('',*,*,#2007,.T.);
#8657 = ORIENTED_EDGE('',*,*,#8658,.T.);
#8658 = EDGE_CURVE('',#2008,#8659,#8661,.T.);
#8659 = VERTEX_POINT('',#8660);
#8660 = CARTESIAN_POINT('',(35.,31.623611625134,3.5));
#8661 = LINE('',#8662,#8663);
#8662 = CARTESIAN_POINT('',(35.,31.623611625134,-2.));
#8663 = VECTOR('',#8664,1.);
#8664 = DIRECTION('',(0.,0.,1.));
#8665 = ORIENTED_EDGE('',*,*,#8666,.F.);
#8666 = EDGE_CURVE('',#8611,#8659,#8667,.T.);
#8667 = LINE('',#8668,#8669);
#8668 = CARTESIAN_POINT('',(35.,17.561805812567,3.5));
#8669 = VECTOR('',#8670,1.);
#8670 = DIRECTION('',(0.,-1.,0.));
#8671 = ORIENTED_EDGE('',*,*,#8610,.F.);
#8672 = PLANE('',#8673);
#8673 = AXIS2_PLACEMENT_3D('',#8674,#8675,#8676);
#8674 = CARTESIAN_POINT('',(35.,31.623611625134,-2.));
#8675 = DIRECTION('',(-1.,0.,0.));
#8676 = DIRECTION('',(0.,1.,0.));
#8677 = ADVANCED_FACE('',(#8678),#8689,.T.);
#8678 = FACE_BOUND('',#8679,.T.);
#8679 = EDGE_LOOP('',(#8680,#8681,#8682,#8688));
#8680 = ORIENTED_EDGE('',*,*,#2015,.T.);
#8681 = ORIENTED_EDGE('',*,*,#8643,.T.);
#8682 = ORIENTED_EDGE('',*,*,#8683,.F.);
#8683 = EDGE_CURVE('',#8659,#8636,#8684,.T.);
#8684 = LINE('',#8685,#8686);
#8685 = CARTESIAN_POINT('',(15.286059471617,20.241762754283,3.5));
#8686 = VECTOR('',#8687,1.);
#8687 = DIRECTION('',(-0.866025403784,-0.5,0.));
#8688 = ORIENTED_EDGE('',*,*,#8658,.F.);
#8689 = PLANE('',#8690);
#8690 = AXIS2_PLACEMENT_3D('',#8691,#8692,#8693);
#8691 = CARTESIAN_POINT('',(31.75,29.747223250267,-2.));
#8692 = DIRECTION('',(-0.5,0.866025403784,0.));
#8693 = DIRECTION('',(0.866025403784,0.5,0.));
#8694 = ADVANCED_FACE('',(#8695),#8720,.T.);
#8695 = FACE_BOUND('',#8696,.T.);
#8696 = EDGE_LOOP('',(#8697,#8698,#8706,#8714));
#8697 = ORIENTED_EDGE('',*,*,#2039,.T.);
#8698 = ORIENTED_EDGE('',*,*,#8699,.T.);
#8699 = EDGE_CURVE('',#2042,#8700,#8702,.T.);
#8700 = VERTEX_POINT('',#8701);
#8701 = CARTESIAN_POINT('',(40.75,37.252776749733,3.5));
#8702 = LINE('',#8703,#8704);
#8703 = CARTESIAN_POINT('',(40.75,37.252776749733,-2.));
#8704 = VECTOR('',#8705,1.);
#8705 = DIRECTION('',(0.,0.,1.));
#8706 = ORIENTED_EDGE('',*,*,#8707,.F.);
#8707 = EDGE_CURVE('',#8708,#8700,#8710,.T.);
#8708 = VERTEX_POINT('',#8709);
#8709 = CARTESIAN_POINT('',(37.5,35.376388374866,3.5));
#8710 = LINE('',#8711,#8712);
#8711 = CARTESIAN_POINT('',(19.286059471617,24.8605649078,3.5));
#8712 = VECTOR('',#8713,1.);
#8713 = DIRECTION('',(0.866025403784,0.5,-0.));
#8714 = ORIENTED_EDGE('',*,*,#8715,.F.);
#8715 = EDGE_CURVE('',#2040,#8708,#8716,.T.);
#8716 = LINE('',#8717,#8718);
#8717 = CARTESIAN_POINT('',(37.5,35.376388374866,-2.));
#8718 = VECTOR('',#8719,1.);
#8719 = DIRECTION('',(0.,0.,1.));
#8720 = PLANE('',#8721);
#8721 = AXIS2_PLACEMENT_3D('',#8722,#8723,#8724);
#8722 = CARTESIAN_POINT('',(40.75,37.252776749733,-2.));
#8723 = DIRECTION('',(0.5,-0.866025403784,0.));
#8724 = DIRECTION('',(-0.866025403784,-0.5,0.));
#8725 = ADVANCED_FACE('',(#8726),#8744,.T.);
#8726 = FACE_BOUND('',#8727,.T.);
#8727 = EDGE_LOOP('',(#8728,#8729,#8730,#8738));
#8728 = ORIENTED_EDGE('',*,*,#2081,.T.);
#8729 = ORIENTED_EDGE('',*,*,#8715,.T.);
#8730 = ORIENTED_EDGE('',*,*,#8731,.F.);
#8731 = EDGE_CURVE('',#8732,#8708,#8734,.T.);
#8732 = VERTEX_POINT('',#8733);
#8733 = CARTESIAN_POINT('',(37.5,31.623611625134,3.5));
#8734 = LINE('',#8735,#8736);
#8735 = CARTESIAN_POINT('',(37.5,19.438194187433,3.5));
#8736 = VECTOR('',#8737,1.);
#8737 = DIRECTION('',(-0.,1.,0.));
#8738 = ORIENTED_EDGE('',*,*,#8739,.F.);
#8739 = EDGE_CURVE('',#2074,#8732,#8740,.T.);
#8740 = LINE('',#8741,#8742);
#8741 = CARTESIAN_POINT('',(37.5,31.623611625134,-2.));
#8742 = VECTOR('',#8743,1.);
#8743 = DIRECTION('',(0.,0.,1.));
#8744 = PLANE('',#8745);
#8745 = AXIS2_PLACEMENT_3D('',#8746,#8747,#8748);
#8746 = CARTESIAN_POINT('',(37.5,35.376388374866,-2.));
#8747 = DIRECTION('',(1.,0.,-0.));
#8748 = DIRECTION('',(0.,-1.,0.));
#8749 = ADVANCED_FACE('',(#8750),#8768,.T.);
#8750 = FACE_BOUND('',#8751,.T.);
#8751 = EDGE_LOOP('',(#8752,#8753,#8761,#8767));
#8752 = ORIENTED_EDGE('',*,*,#2049,.T.);
#8753 = ORIENTED_EDGE('',*,*,#8754,.T.);
#8754 = EDGE_CURVE('',#2050,#8755,#8757,.T.);
#8755 = VERTEX_POINT('',#8756);
#8756 = CARTESIAN_POINT('',(44.,35.376388374866,3.5));
#8757 = LINE('',#8758,#8759);
#8758 = CARTESIAN_POINT('',(44.,35.376388374866,-2.));
#8759 = VECTOR('',#8760,1.);
#8760 = DIRECTION('',(0.,0.,1.));
#8761 = ORIENTED_EDGE('',*,*,#8762,.F.);
#8762 = EDGE_CURVE('',#8700,#8755,#8763,.T.);
#8763 = LINE('',#8764,#8765);
#8764 = CARTESIAN_POINT('',(35.526440528383,40.268600216798,3.5));
#8765 = VECTOR('',#8766,1.);
#8766 = DIRECTION('',(0.866025403784,-0.5,0.));
#8767 = ORIENTED_EDGE('',*,*,#8699,.F.);
#8768 = PLANE('',#8769);
#8769 = AXIS2_PLACEMENT_3D('',#8770,#8771,#8772);
#8770 = CARTESIAN_POINT('',(44.,35.376388374866,-2.));
#8771 = DIRECTION('',(-0.5,-0.866025403784,0.));
#8772 = DIRECTION('',(-0.866025403784,0.5,0.));
#8773 = ADVANCED_FACE('',(#8774),#8792,.T.);
#8774 = FACE_BOUND('',#8775,.T.);
#8775 = EDGE_LOOP('',(#8776,#8777,#8778,#8786));
#8776 = ORIENTED_EDGE('',*,*,#2073,.T.);
#8777 = ORIENTED_EDGE('',*,*,#8739,.T.);
#8778 = ORIENTED_EDGE('',*,*,#8779,.F.);
#8779 = EDGE_CURVE('',#8780,#8732,#8782,.T.);
#8780 = VERTEX_POINT('',#8781);
#8781 = CARTESIAN_POINT('',(40.75,29.747223250267,3.5));
#8782 = LINE('',#8783,#8784);
#8783 = CARTESIAN_POINT('',(30.651440528383,35.577629279633,3.5));
#8784 = VECTOR('',#8785,1.);
#8785 = DIRECTION('',(-0.866025403784,0.5,0.));
#8786 = ORIENTED_EDGE('',*,*,#8787,.F.);
#8787 = EDGE_CURVE('',#2066,#8780,#8788,.T.);
#8788 = LINE('',#8789,#8790);
#8789 = CARTESIAN_POINT('',(40.75,29.747223250267,-2.));
#8790 = VECTOR('',#8791,1.);
#8791 = DIRECTION('',(0.,0.,1.));
#8792 = PLANE('',#8793);
#8793 = AXIS2_PLACEMENT_3D('',#8794,#8795,#8796);
#8794 = CARTESIAN_POINT('',(37.5,31.623611625134,-2.));
#8795 = DIRECTION('',(0.5,0.866025403784,-0.));
#8796 = DIRECTION('',(0.866025403784,-0.5,0.));
#8797 = ADVANCED_FACE('',(#8798),#8816,.T.);
#8798 = FACE_BOUND('',#8799,.T.);
#8799 = EDGE_LOOP('',(#8800,#8801,#8809,#8815));
#8800 = ORIENTED_EDGE('',*,*,#2057,.T.);
#8801 = ORIENTED_EDGE('',*,*,#8802,.T.);
#8802 = EDGE_CURVE('',#2058,#8803,#8805,.T.);
#8803 = VERTEX_POINT('',#8804);
#8804 = CARTESIAN_POINT('',(44.,31.623611625134,3.5));
#8805 = LINE('',#8806,#8807);
#8806 = CARTESIAN_POINT('',(44.,31.623611625134,-2.));
#8807 = VECTOR('',#8808,1.);
#8808 = DIRECTION('',(0.,0.,1.));
#8809 = ORIENTED_EDGE('',*,*,#8810,.F.);
#8810 = EDGE_CURVE('',#8755,#8803,#8811,.T.);
#8811 = LINE('',#8812,#8813);
#8812 = CARTESIAN_POINT('',(44.,17.561805812567,3.5));
#8813 = VECTOR('',#8814,1.);
#8814 = DIRECTION('',(0.,-1.,0.));
#8815 = ORIENTED_EDGE('',*,*,#8754,.F.);
#8816 = PLANE('',#8817);
#8817 = AXIS2_PLACEMENT_3D('',#8818,#8819,#8820);
#8818 = CARTESIAN_POINT('',(44.,31.623611625134,-2.));
#8819 = DIRECTION('',(-1.,0.,0.));
#8820 = DIRECTION('',(0.,1.,0.));
#8821 = ADVANCED_FACE('',(#8822),#8833,.T.);
#8822 = FACE_BOUND('',#8823,.T.);
#8823 = EDGE_LOOP('',(#8824,#8825,#8826,#8832));
#8824 = ORIENTED_EDGE('',*,*,#2065,.T.);
#8825 = ORIENTED_EDGE('',*,*,#8787,.T.);
#8826 = ORIENTED_EDGE('',*,*,#8827,.F.);
#8827 = EDGE_CURVE('',#8803,#8780,#8828,.T.);
#8828 = LINE('',#8829,#8830);
#8829 = CARTESIAN_POINT('',(20.911059471617,18.293205595768,3.5));
#8830 = VECTOR('',#8831,1.);
#8831 = DIRECTION('',(-0.866025403784,-0.5,0.));
#8832 = ORIENTED_EDGE('',*,*,#8802,.F.);
#8833 = PLANE('',#8834);
#8834 = AXIS2_PLACEMENT_3D('',#8835,#8836,#8837);
#8835 = CARTESIAN_POINT('',(40.75,29.747223250267,-2.));
#8836 = DIRECTION('',(-0.5,0.866025403784,0.));
#8837 = DIRECTION('',(0.866025403784,0.5,0.));
#8838 = ADVANCED_FACE('',(#8839),#8864,.T.);
#8839 = FACE_BOUND('',#8840,.T.);
#8840 = EDGE_LOOP('',(#8841,#8842,#8850,#8858));
#8841 = ORIENTED_EDGE('',*,*,#2089,.T.);
#8842 = ORIENTED_EDGE('',*,*,#8843,.T.);
#8843 = EDGE_CURVE('',#2092,#8844,#8846,.T.);
#8844 = VERTEX_POINT('',#8845);
#8845 = CARTESIAN_POINT('',(27.75,45.252776749733,3.5));
#8846 = LINE('',#8847,#8848);
#8847 = CARTESIAN_POINT('',(27.75,45.252776749733,-2.));
#8848 = VECTOR('',#8849,1.);
#8849 = DIRECTION('',(0.,0.,1.));
#8850 = ORIENTED_EDGE('',*,*,#8851,.F.);
#8851 = EDGE_CURVE('',#8852,#8844,#8854,.T.);
#8852 = VERTEX_POINT('',#8853);
#8853 = CARTESIAN_POINT('',(24.5,43.376388374866,3.5));
#8854 = LINE('',#8855,#8856);
#8855 = CARTESIAN_POINT('',(9.429008664048,34.6751474701,3.5));
#8856 = VECTOR('',#8857,1.);
#8857 = DIRECTION('',(0.866025403784,0.5,-0.));
#8858 = ORIENTED_EDGE('',*,*,#8859,.F.);
#8859 = EDGE_CURVE('',#2090,#8852,#8860,.T.);
#8860 = LINE('',#8861,#8862);
#8861 = CARTESIAN_POINT('',(24.5,43.376388374866,-2.));
#8862 = VECTOR('',#8863,1.);
#8863 = DIRECTION('',(0.,0.,1.));
#8864 = PLANE('',#8865);
#8865 = AXIS2_PLACEMENT_3D('',#8866,#8867,#8868);
#8866 = CARTESIAN_POINT('',(27.75,45.252776749733,-2.));
#8867 = DIRECTION('',(0.5,-0.866025403784,0.));
#8868 = DIRECTION('',(-0.866025403784,-0.5,0.));
#8869 = ADVANCED_FACE('',(#8870),#8888,.T.);
#8870 = FACE_BOUND('',#8871,.T.);
#8871 = EDGE_LOOP('',(#8872,#8873,#8874,#8882));
#8872 = ORIENTED_EDGE('',*,*,#2131,.T.);
#8873 = ORIENTED_EDGE('',*,*,#8859,.T.);
#8874 = ORIENTED_EDGE('',*,*,#8875,.F.);
#8875 = EDGE_CURVE('',#8876,#8852,#8878,.T.);
#8876 = VERTEX_POINT('',#8877);
#8877 = CARTESIAN_POINT('',(24.5,39.623611625134,3.5));
#8878 = LINE('',#8879,#8880);
#8879 = CARTESIAN_POINT('',(24.5,23.438194187433,3.5));
#8880 = VECTOR('',#8881,1.);
#8881 = DIRECTION('',(-0.,1.,0.));
#8882 = ORIENTED_EDGE('',*,*,#8883,.F.);
#8883 = EDGE_CURVE('',#2124,#8876,#8884,.T.);
#8884 = LINE('',#8885,#8886);
#8885 = CARTESIAN_POINT('',(24.5,39.623611625134,-2.));
#8886 = VECTOR('',#8887,1.);
#8887 = DIRECTION('',(0.,0.,1.));
#8888 = PLANE('',#8889);
#8889 = AXIS2_PLACEMENT_3D('',#8890,#8891,#8892);
#8890 = CARTESIAN_POINT('',(24.5,43.376388374866,-2.));
#8891 = DIRECTION('',(1.,0.,-0.));
#8892 = DIRECTION('',(0.,-1.,0.));
#8893 = ADVANCED_FACE('',(#8894),#8912,.T.);
#8894 = FACE_BOUND('',#8895,.T.);
#8895 = EDGE_LOOP('',(#8896,#8897,#8905,#8911));
#8896 = ORIENTED_EDGE('',*,*,#2099,.T.);
#8897 = ORIENTED_EDGE('',*,*,#8898,.T.);
#8898 = EDGE_CURVE('',#2100,#8899,#8901,.T.);
#8899 = VERTEX_POINT('',#8900);
#8900 = CARTESIAN_POINT('',(31.,43.376388374866,3.5));
#8901 = LINE('',#8902,#8903);
#8902 = CARTESIAN_POINT('',(31.,43.376388374866,-2.));
#8903 = VECTOR('',#8904,1.);
#8904 = DIRECTION('',(0.,0.,1.));
#8905 = ORIENTED_EDGE('',*,*,#8906,.F.);
#8906 = EDGE_CURVE('',#8844,#8899,#8907,.T.);
#8907 = LINE('',#8908,#8909);
#8908 = CARTESIAN_POINT('',(29.133491335952,44.454017654499,3.5));
#8909 = VECTOR('',#8910,1.);
#8910 = DIRECTION('',(0.866025403784,-0.5,0.));
#8911 = ORIENTED_EDGE('',*,*,#8843,.F.);
#8912 = PLANE('',#8913);
#8913 = AXIS2_PLACEMENT_3D('',#8914,#8915,#8916);
#8914 = CARTESIAN_POINT('',(31.,43.376388374866,-2.));
#8915 = DIRECTION('',(-0.5,-0.866025403784,0.));
#8916 = DIRECTION('',(-0.866025403784,0.5,0.));
#8917 = ADVANCED_FACE('',(#8918),#8936,.T.);
#8918 = FACE_BOUND('',#8919,.T.);
#8919 = EDGE_LOOP('',(#8920,#8921,#8922,#8930));
#8920 = ORIENTED_EDGE('',*,*,#2123,.T.);
#8921 = ORIENTED_EDGE('',*,*,#8883,.T.);
#8922 = ORIENTED_EDGE('',*,*,#8923,.F.);
#8923 = EDGE_CURVE('',#8924,#8876,#8926,.T.);
#8924 = VERTEX_POINT('',#8925);
#8925 = CARTESIAN_POINT('',(27.75,37.747223250267,3.5));
#8926 = LINE('',#8927,#8928);
#8927 = CARTESIAN_POINT('',(24.258491335952,39.763046717333,3.5));
#8928 = VECTOR('',#8929,1.);
#8929 = DIRECTION('',(-0.866025403784,0.5,0.));
#8930 = ORIENTED_EDGE('',*,*,#8931,.F.);
#8931 = EDGE_CURVE('',#2116,#8924,#8932,.T.);
#8932 = LINE('',#8933,#8934);
#8933 = CARTESIAN_POINT('',(27.75,37.747223250267,-2.));
#8934 = VECTOR('',#8935,1.);
#8935 = DIRECTION('',(0.,0.,1.));
#8936 = PLANE('',#8937);
#8937 = AXIS2_PLACEMENT_3D('',#8938,#8939,#8940);
#8938 = CARTESIAN_POINT('',(24.5,39.623611625134,-2.));
#8939 = DIRECTION('',(0.5,0.866025403784,-0.));
#8940 = DIRECTION('',(0.866025403784,-0.5,0.));
#8941 = ADVANCED_FACE('',(#8942),#8960,.T.);
#8942 = FACE_BOUND('',#8943,.T.);
#8943 = EDGE_LOOP('',(#8944,#8945,#8953,#8959));
#8944 = ORIENTED_EDGE('',*,*,#2107,.T.);
#8945 = ORIENTED_EDGE('',*,*,#8946,.T.);
#8946 = EDGE_CURVE('',#2108,#8947,#8949,.T.);
#8947 = VERTEX_POINT('',#8948);
#8948 = CARTESIAN_POINT('',(31.,39.623611625134,3.5));
#8949 = LINE('',#8950,#8951);
#8950 = CARTESIAN_POINT('',(31.,39.623611625134,-2.));
#8951 = VECTOR('',#8952,1.);
#8952 = DIRECTION('',(0.,0.,1.));
#8953 = ORIENTED_EDGE('',*,*,#8954,.F.);
#8954 = EDGE_CURVE('',#8899,#8947,#8955,.T.);
#8955 = LINE('',#8956,#8957);
#8956 = CARTESIAN_POINT('',(31.,21.561805812567,3.5));
#8957 = VECTOR('',#8958,1.);
#8958 = DIRECTION('',(0.,-1.,0.));
#8959 = ORIENTED_EDGE('',*,*,#8898,.F.);
#8960 = PLANE('',#8961);
#8961 = AXIS2_PLACEMENT_3D('',#8962,#8963,#8964);
#8962 = CARTESIAN_POINT('',(31.,39.623611625134,-2.));
#8963 = DIRECTION('',(-1.,0.,0.));
#8964 = DIRECTION('',(0.,1.,0.));
#8965 = ADVANCED_FACE('',(#8966),#8977,.T.);
#8966 = FACE_BOUND('',#8967,.T.);
#8967 = EDGE_LOOP('',(#8968,#8969,#8970,#8976));
#8968 = ORIENTED_EDGE('',*,*,#2115,.T.);
#8969 = ORIENTED_EDGE('',*,*,#8931,.T.);
#8970 = ORIENTED_EDGE('',*,*,#8971,.F.);
#8971 = EDGE_CURVE('',#8947,#8924,#8972,.T.);
#8972 = LINE('',#8973,#8974);
#8973 = CARTESIAN_POINT('',(11.054008664048,28.107788158068,3.5));
#8974 = VECTOR('',#8975,1.);
#8975 = DIRECTION('',(-0.866025403784,-0.5,0.));
#8976 = ORIENTED_EDGE('',*,*,#8946,.F.);
#8977 = PLANE('',#8978);
#8978 = AXIS2_PLACEMENT_3D('',#8979,#8980,#8981);
#8979 = CARTESIAN_POINT('',(27.75,37.747223250267,-2.));
#8980 = DIRECTION('',(-0.5,0.866025403784,0.));
#8981 = DIRECTION('',(0.866025403784,0.5,0.));
#8982 = ADVANCED_FACE('',(#8983),#9008,.T.);
#8983 = FACE_BOUND('',#8984,.T.);
#8984 = EDGE_LOOP('',(#8985,#8986,#8994,#9002));
#8985 = ORIENTED_EDGE('',*,*,#2139,.T.);
#8986 = ORIENTED_EDGE('',*,*,#8987,.T.);
#8987 = EDGE_CURVE('',#2142,#8988,#8990,.T.);
#8988 = VERTEX_POINT('',#8989);
#8989 = CARTESIAN_POINT('',(36.75,45.252776749733,3.5));
#8990 = LINE('',#8991,#8992);
#8991 = CARTESIAN_POINT('',(36.75,45.252776749733,-2.));
#8992 = VECTOR('',#8993,1.);
#8993 = DIRECTION('',(0.,0.,1.));
#8994 = ORIENTED_EDGE('',*,*,#8995,.F.);
#8995 = EDGE_CURVE('',#8996,#8988,#8998,.T.);
#8996 = VERTEX_POINT('',#8997);
#8997 = CARTESIAN_POINT('',(33.5,43.376388374866,3.5));
#8998 = LINE('',#8999,#9000);
#8999 = CARTESIAN_POINT('',(15.054008664048,32.726590311585,3.5));
#9000 = VECTOR('',#9001,1.);
#9001 = DIRECTION('',(0.866025403784,0.5,-0.));
#9002 = ORIENTED_EDGE('',*,*,#9003,.F.);
#9003 = EDGE_CURVE('',#2140,#8996,#9004,.T.);
#9004 = LINE('',#9005,#9006);
#9005 = CARTESIAN_POINT('',(33.5,43.376388374866,-2.));
#9006 = VECTOR('',#9007,1.);
#9007 = DIRECTION('',(0.,0.,1.));
#9008 = PLANE('',#9009);
#9009 = AXIS2_PLACEMENT_3D('',#9010,#9011,#9012);
#9010 = CARTESIAN_POINT('',(36.75,45.252776749733,-2.));
#9011 = DIRECTION('',(0.5,-0.866025403784,0.));
#9012 = DIRECTION('',(-0.866025403784,-0.5,0.));
#9013 = ADVANCED_FACE('',(#9014),#9032,.T.);
#9014 = FACE_BOUND('',#9015,.T.);
#9015 = EDGE_LOOP('',(#9016,#9017,#9018,#9026));
#9016 = ORIENTED_EDGE('',*,*,#2181,.T.);
#9017 = ORIENTED_EDGE('',*,*,#9003,.T.);
#9018 = ORIENTED_EDGE('',*,*,#9019,.F.);
#9019 = EDGE_CURVE('',#9020,#8996,#9022,.T.);
#9020 = VERTEX_POINT('',#9021);
#9021 = CARTESIAN_POINT('',(33.5,39.623611625134,3.5));
#9022 = LINE('',#9023,#9024);
#9023 = CARTESIAN_POINT('',(33.5,23.438194187433,3.5));
#9024 = VECTOR('',#9025,1.);
#9025 = DIRECTION('',(-0.,1.,0.));
#9026 = ORIENTED_EDGE('',*,*,#9027,.F.);
#9027 = EDGE_CURVE('',#2174,#9020,#9028,.T.);
#9028 = LINE('',#9029,#9030);
#9029 = CARTESIAN_POINT('',(33.5,39.623611625134,-2.));
#9030 = VECTOR('',#9031,1.);
#9031 = DIRECTION('',(0.,0.,1.));
#9032 = PLANE('',#9033);
#9033 = AXIS2_PLACEMENT_3D('',#9034,#9035,#9036);
#9034 = CARTESIAN_POINT('',(33.5,43.376388374866,-2.));
#9035 = DIRECTION('',(1.,0.,-0.));
#9036 = DIRECTION('',(0.,-1.,0.));
#9037 = ADVANCED_FACE('',(#9038),#9056,.T.);
#9038 = FACE_BOUND('',#9039,.T.);
#9039 = EDGE_LOOP('',(#9040,#9041,#9049,#9055));
#9040 = ORIENTED_EDGE('',*,*,#2149,.T.);
#9041 = ORIENTED_EDGE('',*,*,#9042,.T.);
#9042 = EDGE_CURVE('',#2150,#9043,#9045,.T.);
#9043 = VERTEX_POINT('',#9044);
#9044 = CARTESIAN_POINT('',(40.,43.376388374866,3.5));
#9045 = LINE('',#9046,#9047);
#9046 = CARTESIAN_POINT('',(40.,43.376388374866,-2.));
#9047 = VECTOR('',#9048,1.);
#9048 = DIRECTION('',(0.,0.,1.));
#9049 = ORIENTED_EDGE('',*,*,#9050,.F.);
#9050 = EDGE_CURVE('',#8988,#9043,#9051,.T.);
#9051 = LINE('',#9052,#9053);
#9052 = CARTESIAN_POINT('',(34.758491335952,46.402574813014,3.5));
#9053 = VECTOR('',#9054,1.);
#9054 = DIRECTION('',(0.866025403784,-0.5,0.));
#9055 = ORIENTED_EDGE('',*,*,#8987,.F.);
#9056 = PLANE('',#9057);
#9057 = AXIS2_PLACEMENT_3D('',#9058,#9059,#9060);
#9058 = CARTESIAN_POINT('',(40.,43.376388374866,-2.));
#9059 = DIRECTION('',(-0.5,-0.866025403784,0.));
#9060 = DIRECTION('',(-0.866025403784,0.5,0.));
#9061 = ADVANCED_FACE('',(#9062),#9080,.T.);
#9062 = FACE_BOUND('',#9063,.T.);
#9063 = EDGE_LOOP('',(#9064,#9065,#9066,#9074));
#9064 = ORIENTED_EDGE('',*,*,#2173,.T.);
#9065 = ORIENTED_EDGE('',*,*,#9027,.T.);
#9066 = ORIENTED_EDGE('',*,*,#9067,.F.);
#9067 = EDGE_CURVE('',#9068,#9020,#9070,.T.);
#9068 = VERTEX_POINT('',#9069);
#9069 = CARTESIAN_POINT('',(36.75,37.747223250267,3.5));
#9070 = LINE('',#9071,#9072);
#9071 = CARTESIAN_POINT('',(29.883491335952,41.711603875848,3.5));
#9072 = VECTOR('',#9073,1.);
#9073 = DIRECTION('',(-0.866025403784,0.5,0.));
#9074 = ORIENTED_EDGE('',*,*,#9075,.F.);
#9075 = EDGE_CURVE('',#2166,#9068,#9076,.T.);
#9076 = LINE('',#9077,#9078);
#9077 = CARTESIAN_POINT('',(36.75,37.747223250267,-2.));
#9078 = VECTOR('',#9079,1.);
#9079 = DIRECTION('',(0.,0.,1.));
#9080 = PLANE('',#9081);
#9081 = AXIS2_PLACEMENT_3D('',#9082,#9083,#9084);
#9082 = CARTESIAN_POINT('',(33.5,39.623611625134,-2.));
#9083 = DIRECTION('',(0.5,0.866025403784,-0.));
#9084 = DIRECTION('',(0.866025403784,-0.5,0.));
#9085 = ADVANCED_FACE('',(#9086),#9104,.T.);
#9086 = FACE_BOUND('',#9087,.T.);
#9087 = EDGE_LOOP('',(#9088,#9089,#9097,#9103));
#9088 = ORIENTED_EDGE('',*,*,#2157,.T.);
#9089 = ORIENTED_EDGE('',*,*,#9090,.T.);
#9090 = EDGE_CURVE('',#2158,#9091,#9093,.T.);
#9091 = VERTEX_POINT('',#9092);
#9092 = CARTESIAN_POINT('',(40.,39.623611625134,3.5));
#9093 = LINE('',#9094,#9095);
#9094 = CARTESIAN_POINT('',(40.,39.623611625134,-2.));
#9095 = VECTOR('',#9096,1.);
#9096 = DIRECTION('',(0.,0.,1.));
#9097 = ORIENTED_EDGE('',*,*,#9098,.F.);
#9098 = EDGE_CURVE('',#9043,#9091,#9099,.T.);
#9099 = LINE('',#9100,#9101);
#9100 = CARTESIAN_POINT('',(40.,21.561805812567,3.5));
#9101 = VECTOR('',#9102,1.);
#9102 = DIRECTION('',(0.,-1.,0.));
#9103 = ORIENTED_EDGE('',*,*,#9042,.F.);
#9104 = PLANE('',#9105);
#9105 = AXIS2_PLACEMENT_3D('',#9106,#9107,#9108);
#9106 = CARTESIAN_POINT('',(40.,39.623611625134,-2.));
#9107 = DIRECTION('',(-1.,0.,0.));
#9108 = DIRECTION('',(0.,1.,0.));
#9109 = ADVANCED_FACE('',(#9110),#9121,.T.);
#9110 = FACE_BOUND('',#9111,.T.);
#9111 = EDGE_LOOP('',(#9112,#9113,#9114,#9120));
#9112 = ORIENTED_EDGE('',*,*,#2165,.T.);
#9113 = ORIENTED_EDGE('',*,*,#9075,.T.);
#9114 = ORIENTED_EDGE('',*,*,#9115,.F.);
#9115 = EDGE_CURVE('',#9091,#9068,#9116,.T.);
#9116 = LINE('',#9117,#9118);
#9117 = CARTESIAN_POINT('',(16.679008664048,26.159230999553,3.5));
#9118 = VECTOR('',#9119,1.);
#9119 = DIRECTION('',(-0.866025403784,-0.5,0.));
#9120 = ORIENTED_EDGE('',*,*,#9090,.F.);
#9121 = PLANE('',#9122);
#9122 = AXIS2_PLACEMENT_3D('',#9123,#9124,#9125);
#9123 = CARTESIAN_POINT('',(36.75,37.747223250267,-2.));
#9124 = DIRECTION('',(-0.5,0.866025403784,0.));
#9125 = DIRECTION('',(0.866025403784,0.5,0.));
#9126 = ADVANCED_FACE('',(#9127),#9152,.T.);
#9127 = FACE_BOUND('',#9128,.T.);
#9128 = EDGE_LOOP('',(#9129,#9130,#9138,#9146));
#9129 = ORIENTED_EDGE('',*,*,#2189,.T.);
#9130 = ORIENTED_EDGE('',*,*,#9131,.T.);
#9131 = EDGE_CURVE('',#2192,#9132,#9134,.T.);
#9132 = VERTEX_POINT('',#9133);
#9133 = CARTESIAN_POINT('',(45.75,45.252776749733,3.5));
#9134 = LINE('',#9135,#9136);
#9135 = CARTESIAN_POINT('',(45.75,45.252776749733,-2.));
#9136 = VECTOR('',#9137,1.);
#9137 = DIRECTION('',(0.,0.,1.));
#9138 = ORIENTED_EDGE('',*,*,#9139,.F.);
#9139 = EDGE_CURVE('',#9140,#9132,#9142,.T.);
#9140 = VERTEX_POINT('',#9141);
#9141 = CARTESIAN_POINT('',(42.5,43.376388374866,3.5));
#9142 = LINE('',#9143,#9144);
#9143 = CARTESIAN_POINT('',(20.679008664048,30.77803315307,3.5));
#9144 = VECTOR('',#9145,1.);
#9145 = DIRECTION('',(0.866025403784,0.5,-0.));
#9146 = ORIENTED_EDGE('',*,*,#9147,.F.);
#9147 = EDGE_CURVE('',#2190,#9140,#9148,.T.);
#9148 = LINE('',#9149,#9150);
#9149 = CARTESIAN_POINT('',(42.5,43.376388374866,-2.));
#9150 = VECTOR('',#9151,1.);
#9151 = DIRECTION('',(0.,0.,1.));
#9152 = PLANE('',#9153);
#9153 = AXIS2_PLACEMENT_3D('',#9154,#9155,#9156);
#9154 = CARTESIAN_POINT('',(45.75,45.252776749733,-2.));
#9155 = DIRECTION('',(0.5,-0.866025403784,0.));
#9156 = DIRECTION('',(-0.866025403784,-0.5,0.));
#9157 = ADVANCED_FACE('',(#9158),#9176,.T.);
#9158 = FACE_BOUND('',#9159,.T.);
#9159 = EDGE_LOOP('',(#9160,#9161,#9162,#9170));
#9160 = ORIENTED_EDGE('',*,*,#2231,.T.);
#9161 = ORIENTED_EDGE('',*,*,#9147,.T.);
#9162 = ORIENTED_EDGE('',*,*,#9163,.F.);
#9163 = EDGE_CURVE('',#9164,#9140,#9166,.T.);
#9164 = VERTEX_POINT('',#9165);
#9165 = CARTESIAN_POINT('',(42.5,39.623611625134,3.5));
#9166 = LINE('',#9167,#9168);
#9167 = CARTESIAN_POINT('',(42.5,23.438194187433,3.5));
#9168 = VECTOR('',#9169,1.);
#9169 = DIRECTION('',(-0.,1.,0.));
#9170 = ORIENTED_EDGE('',*,*,#9171,.F.);
#9171 = EDGE_CURVE('',#2224,#9164,#9172,.T.);
#9172 = LINE('',#9173,#9174);
#9173 = CARTESIAN_POINT('',(42.5,39.623611625134,-2.));
#9174 = VECTOR('',#9175,1.);
#9175 = DIRECTION('',(0.,0.,1.));
#9176 = PLANE('',#9177);
#9177 = AXIS2_PLACEMENT_3D('',#9178,#9179,#9180);
#9178 = CARTESIAN_POINT('',(42.5,43.376388374866,-2.));
#9179 = DIRECTION('',(1.,0.,-0.));
#9180 = DIRECTION('',(0.,-1.,0.));
#9181 = ADVANCED_FACE('',(#9182),#9200,.T.);
#9182 = FACE_BOUND('',#9183,.T.);
#9183 = EDGE_LOOP('',(#9184,#9185,#9193,#9199));
#9184 = ORIENTED_EDGE('',*,*,#2199,.T.);
#9185 = ORIENTED_EDGE('',*,*,#9186,.T.);
#9186 = EDGE_CURVE('',#2200,#9187,#9189,.T.);
#9187 = VERTEX_POINT('',#9188);
#9188 = CARTESIAN_POINT('',(49.,43.376388374866,3.5));
#9189 = LINE('',#9190,#9191);
#9190 = CARTESIAN_POINT('',(49.,43.376388374866,-2.));
#9191 = VECTOR('',#9192,1.);
#9192 = DIRECTION('',(0.,0.,1.));
#9193 = ORIENTED_EDGE('',*,*,#9194,.F.);
#9194 = EDGE_CURVE('',#9132,#9187,#9195,.T.);
#9195 = LINE('',#9196,#9197);
#9196 = CARTESIAN_POINT('',(40.383491335952,48.351131971529,3.5));
#9197 = VECTOR('',#9198,1.);
#9198 = DIRECTION('',(0.866025403784,-0.5,0.));
#9199 = ORIENTED_EDGE('',*,*,#9131,.F.);
#9200 = PLANE('',#9201);
#9201 = AXIS2_PLACEMENT_3D('',#9202,#9203,#9204);
#9202 = CARTESIAN_POINT('',(49.,43.376388374866,-2.));
#9203 = DIRECTION('',(-0.5,-0.866025403784,0.));
#9204 = DIRECTION('',(-0.866025403784,0.5,0.));
#9205 = ADVANCED_FACE('',(#9206),#9224,.T.);
#9206 = FACE_BOUND('',#9207,.T.);
#9207 = EDGE_LOOP('',(#9208,#9209,#9210,#9218));
#9208 = ORIENTED_EDGE('',*,*,#2223,.T.);
#9209 = ORIENTED_EDGE('',*,*,#9171,.T.);
#9210 = ORIENTED_EDGE('',*,*,#9211,.F.);
#9211 = EDGE_CURVE('',#9212,#9164,#9214,.T.);
#9212 = VERTEX_POINT('',#9213);
#9213 = CARTESIAN_POINT('',(45.75,37.747223250267,3.5));
#9214 = LINE('',#9215,#9216);
#9215 = CARTESIAN_POINT('',(35.508491335952,43.660161034363,3.5));
#9216 = VECTOR('',#9217,1.);
#9217 = DIRECTION('',(-0.866025403784,0.5,0.));
#9218 = ORIENTED_EDGE('',*,*,#9219,.F.);
#9219 = EDGE_CURVE('',#2216,#9212,#9220,.T.);
#9220 = LINE('',#9221,#9222);
#9221 = CARTESIAN_POINT('',(45.75,37.747223250267,-2.));
#9222 = VECTOR('',#9223,1.);
#9223 = DIRECTION('',(0.,0.,1.));
#9224 = PLANE('',#9225);
#9225 = AXIS2_PLACEMENT_3D('',#9226,#9227,#9228);
#9226 = CARTESIAN_POINT('',(42.5,39.623611625134,-2.));
#9227 = DIRECTION('',(0.5,0.866025403784,-0.));
#9228 = DIRECTION('',(0.866025403784,-0.5,0.));
#9229 = ADVANCED_FACE('',(#9230),#9248,.T.);
#9230 = FACE_BOUND('',#9231,.T.);
#9231 = EDGE_LOOP('',(#9232,#9233,#9241,#9247));
#9232 = ORIENTED_EDGE('',*,*,#2207,.T.);
#9233 = ORIENTED_EDGE('',*,*,#9234,.T.);
#9234 = EDGE_CURVE('',#2208,#9235,#9237,.T.);
#9235 = VERTEX_POINT('',#9236);
#9236 = CARTESIAN_POINT('',(49.,39.623611625134,3.5));
#9237 = LINE('',#9238,#9239);
#9238 = CARTESIAN_POINT('',(49.,39.623611625134,-2.));
#9239 = VECTOR('',#9240,1.);
#9240 = DIRECTION('',(0.,0.,1.));
#9241 = ORIENTED_EDGE('',*,*,#9242,.F.);
#9242 = EDGE_CURVE('',#9187,#9235,#9243,.T.);
#9243 = LINE('',#9244,#9245);
#9244 = CARTESIAN_POINT('',(49.,21.561805812567,3.5));
#9245 = VECTOR('',#9246,1.);
#9246 = DIRECTION('',(0.,-1.,0.));
#9247 = ORIENTED_EDGE('',*,*,#9186,.F.);
#9248 = PLANE('',#9249);
#9249 = AXIS2_PLACEMENT_3D('',#9250,#9251,#9252);
#9250 = CARTESIAN_POINT('',(49.,39.623611625134,-2.));
#9251 = DIRECTION('',(-1.,0.,0.));
#9252 = DIRECTION('',(0.,1.,0.));
#9253 = ADVANCED_FACE('',(#9254),#9265,.T.);
#9254 = FACE_BOUND('',#9255,.T.);
#9255 = EDGE_LOOP('',(#9256,#9257,#9258,#9264));
#9256 = ORIENTED_EDGE('',*,*,#2215,.T.);
#9257 = ORIENTED_EDGE('',*,*,#9219,.T.);
#9258 = ORIENTED_EDGE('',*,*,#9259,.F.);
#9259 = EDGE_CURVE('',#9235,#9212,#9260,.T.);
#9260 = LINE('',#9261,#9262);
#9261 = CARTESIAN_POINT('',(22.304008664048,24.210673841038,3.5));
#9262 = VECTOR('',#9263,1.);
#9263 = DIRECTION('',(-0.866025403784,-0.5,0.));
#9264 = ORIENTED_EDGE('',*,*,#9234,.F.);
#9265 = PLANE('',#9266);
#9266 = AXIS2_PLACEMENT_3D('',#9267,#9268,#9269);
#9267 = CARTESIAN_POINT('',(45.75,37.747223250267,-2.));
#9268 = DIRECTION('',(-0.5,0.866025403784,0.));
#9269 = DIRECTION('',(0.866025403784,0.5,0.));
#9270 = ADVANCED_FACE('',(#9271),#9296,.T.);
#9271 = FACE_BOUND('',#9272,.T.);
#9272 = EDGE_LOOP('',(#9273,#9274,#9282,#9290));
#9273 = ORIENTED_EDGE('',*,*,#2239,.T.);
#9274 = ORIENTED_EDGE('',*,*,#9275,.T.);
#9275 = EDGE_CURVE('',#2242,#9276,#9278,.T.);
#9276 = VERTEX_POINT('',#9277);
#9277 = CARTESIAN_POINT('',(49.75,21.252776749733,3.5));
#9278 = LINE('',#9279,#9280);
#9279 = CARTESIAN_POINT('',(49.75,21.252776749733,-2.));
#9280 = VECTOR('',#9281,1.);
#9281 = DIRECTION('',(0.,0.,1.));
#9282 = ORIENTED_EDGE('',*,*,#9283,.F.);
#9283 = EDGE_CURVE('',#9284,#9276,#9286,.T.);
#9284 = VERTEX_POINT('',#9285);
#9285 = CARTESIAN_POINT('',(46.5,19.376388374866,3.5));
#9286 = LINE('',#9287,#9288);
#9287 = CARTESIAN_POINT('',(28.375161086754,8.912007749285,3.5));
#9288 = VECTOR('',#9289,1.);
#9289 = DIRECTION('',(0.866025403784,0.5,-0.));
#9290 = ORIENTED_EDGE('',*,*,#9291,.F.);
#9291 = EDGE_CURVE('',#2240,#9284,#9292,.T.);
#9292 = LINE('',#9293,#9294);
#9293 = CARTESIAN_POINT('',(46.5,19.376388374866,-2.));
#9294 = VECTOR('',#9295,1.);
#9295 = DIRECTION('',(0.,0.,1.));
#9296 = PLANE('',#9297);
#9297 = AXIS2_PLACEMENT_3D('',#9298,#9299,#9300);
#9298 = CARTESIAN_POINT('',(49.75,21.252776749733,-2.));
#9299 = DIRECTION('',(0.5,-0.866025403784,0.));
#9300 = DIRECTION('',(-0.866025403784,-0.5,0.));
#9301 = ADVANCED_FACE('',(#9302),#9320,.T.);
#9302 = FACE_BOUND('',#9303,.T.);
#9303 = EDGE_LOOP('',(#9304,#9305,#9306,#9314));
#9304 = ORIENTED_EDGE('',*,*,#2281,.T.);
#9305 = ORIENTED_EDGE('',*,*,#9291,.T.);
#9306 = ORIENTED_EDGE('',*,*,#9307,.F.);
#9307 = EDGE_CURVE('',#9308,#9284,#9310,.T.);
#9308 = VERTEX_POINT('',#9309);
#9309 = CARTESIAN_POINT('',(46.5,15.623611625134,3.5));
#9310 = LINE('',#9311,#9312);
#9311 = CARTESIAN_POINT('',(46.5,11.438194187433,3.5));
#9312 = VECTOR('',#9313,1.);
#9313 = DIRECTION('',(-0.,1.,0.));
#9314 = ORIENTED_EDGE('',*,*,#9315,.F.);
#9315 = EDGE_CURVE('',#2274,#9308,#9316,.T.);
#9316 = LINE('',#9317,#9318);
#9317 = CARTESIAN_POINT('',(46.5,15.623611625134,-2.));
#9318 = VECTOR('',#9319,1.);
#9319 = DIRECTION('',(0.,0.,1.));
#9320 = PLANE('',#9321);
#9321 = AXIS2_PLACEMENT_3D('',#9322,#9323,#9324);
#9322 = CARTESIAN_POINT('',(46.5,19.376388374866,-2.));
#9323 = DIRECTION('',(1.,0.,-0.));
#9324 = DIRECTION('',(0.,-1.,0.));
#9325 = ADVANCED_FACE('',(#9326),#9344,.T.);
#9326 = FACE_BOUND('',#9327,.T.);
#9327 = EDGE_LOOP('',(#9328,#9329,#9337,#9343));
#9328 = ORIENTED_EDGE('',*,*,#2249,.T.);
#9329 = ORIENTED_EDGE('',*,*,#9330,.T.);
#9330 = EDGE_CURVE('',#2250,#9331,#9333,.T.);
#9331 = VERTEX_POINT('',#9332);
#9332 = CARTESIAN_POINT('',(53.,19.376388374866,3.5));
#9333 = LINE('',#9334,#9335);
#9334 = CARTESIAN_POINT('',(53.,19.376388374866,-2.));
#9335 = VECTOR('',#9336,1.);
#9336 = DIRECTION('',(0.,0.,1.));
#9337 = ORIENTED_EDGE('',*,*,#9338,.F.);
#9338 = EDGE_CURVE('',#9276,#9331,#9339,.T.);
#9339 = LINE('',#9340,#9341);
#9340 = CARTESIAN_POINT('',(37.687338913246,28.217157375313,3.5));
#9341 = VECTOR('',#9342,1.);
#9342 = DIRECTION('',(0.866025403784,-0.5,0.));
#9343 = ORIENTED_EDGE('',*,*,#9275,.F.);
#9344 = PLANE('',#9345);
#9345 = AXIS2_PLACEMENT_3D('',#9346,#9347,#9348);
#9346 = CARTESIAN_POINT('',(53.,19.376388374866,-2.));
#9347 = DIRECTION('',(-0.5,-0.866025403784,0.));
#9348 = DIRECTION('',(-0.866025403784,0.5,0.));
#9349 = ADVANCED_FACE('',(#9350),#9368,.T.);
#9350 = FACE_BOUND('',#9351,.T.);
#9351 = EDGE_LOOP('',(#9352,#9353,#9354,#9362));
#9352 = ORIENTED_EDGE('',*,*,#2273,.T.);
#9353 = ORIENTED_EDGE('',*,*,#9315,.T.);
#9354 = ORIENTED_EDGE('',*,*,#9355,.F.);
#9355 = EDGE_CURVE('',#9356,#9308,#9358,.T.);
#9356 = VERTEX_POINT('',#9357);
#9357 = CARTESIAN_POINT('',(49.75,13.747223250267,3.5));
#9358 = LINE('',#9359,#9360);
#9359 = CARTESIAN_POINT('',(32.812338913246,23.526186438148,3.5));
#9360 = VECTOR('',#9361,1.);
#9361 = DIRECTION('',(-0.866025403784,0.5,0.));
#9362 = ORIENTED_EDGE('',*,*,#9363,.F.);
#9363 = EDGE_CURVE('',#2266,#9356,#9364,.T.);
#9364 = LINE('',#9365,#9366);
#9365 = CARTESIAN_POINT('',(49.75,13.747223250267,-2.));
#9366 = VECTOR('',#9367,1.);
#9367 = DIRECTION('',(0.,0.,1.));
#9368 = PLANE('',#9369);
#9369 = AXIS2_PLACEMENT_3D('',#9370,#9371,#9372);
#9370 = CARTESIAN_POINT('',(46.5,15.623611625134,-2.));
#9371 = DIRECTION('',(0.5,0.866025403784,-0.));
#9372 = DIRECTION('',(0.866025403784,-0.5,0.));
#9373 = ADVANCED_FACE('',(#9374),#9392,.T.);
#9374 = FACE_BOUND('',#9375,.T.);
#9375 = EDGE_LOOP('',(#9376,#9377,#9385,#9391));
#9376 = ORIENTED_EDGE('',*,*,#2257,.T.);
#9377 = ORIENTED_EDGE('',*,*,#9378,.T.);
#9378 = EDGE_CURVE('',#2258,#9379,#9381,.T.);
#9379 = VERTEX_POINT('',#9380);
#9380 = CARTESIAN_POINT('',(53.,15.623611625134,3.5));
#9381 = LINE('',#9382,#9383);
#9382 = CARTESIAN_POINT('',(53.,15.623611625134,-2.));
#9383 = VECTOR('',#9384,1.);
#9384 = DIRECTION('',(0.,0.,1.));
#9385 = ORIENTED_EDGE('',*,*,#9386,.F.);
#9386 = EDGE_CURVE('',#9331,#9379,#9387,.T.);
#9387 = LINE('',#9388,#9389);
#9388 = CARTESIAN_POINT('',(53.,9.561805812567,3.5));
#9389 = VECTOR('',#9390,1.);
#9390 = DIRECTION('',(0.,-1.,0.));
#9391 = ORIENTED_EDGE('',*,*,#9330,.F.);
#9392 = PLANE('',#9393);
#9393 = AXIS2_PLACEMENT_3D('',#9394,#9395,#9396);
#9394 = CARTESIAN_POINT('',(53.,15.623611625134,-2.));
#9395 = DIRECTION('',(-1.,0.,0.));
#9396 = DIRECTION('',(0.,1.,0.));
#9397 = ADVANCED_FACE('',(#9398),#9409,.T.);
#9398 = FACE_BOUND('',#9399,.T.);
#9399 = EDGE_LOOP('',(#9400,#9401,#9402,#9408));
#9400 = ORIENTED_EDGE('',*,*,#2265,.T.);
#9401 = ORIENTED_EDGE('',*,*,#9363,.T.);
#9402 = ORIENTED_EDGE('',*,*,#9403,.F.);
#9403 = EDGE_CURVE('',#9379,#9356,#9404,.T.);
#9404 = LINE('',#9405,#9406);
#9405 = CARTESIAN_POINT('',(30.000161086754,2.344648437253,3.5));
#9406 = VECTOR('',#9407,1.);
#9407 = DIRECTION('',(-0.866025403784,-0.5,0.));
#9408 = ORIENTED_EDGE('',*,*,#9378,.F.);
#9409 = PLANE('',#9410);
#9410 = AXIS2_PLACEMENT_3D('',#9411,#9412,#9413);
#9411 = CARTESIAN_POINT('',(49.75,13.747223250267,-2.));
#9412 = DIRECTION('',(-0.5,0.866025403784,0.));
#9413 = DIRECTION('',(0.866025403784,0.5,0.));
#9414 = ADVANCED_FACE('',(#9415),#9440,.T.);
#9415 = FACE_BOUND('',#9416,.T.);
#9416 = EDGE_LOOP('',(#9417,#9418,#9426,#9434));
#9417 = ORIENTED_EDGE('',*,*,#2289,.T.);
#9418 = ORIENTED_EDGE('',*,*,#9419,.T.);
#9419 = EDGE_CURVE('',#2292,#9420,#9422,.T.);
#9420 = VERTEX_POINT('',#9421);
#9421 = CARTESIAN_POINT('',(58.75,21.252776749733,3.5));
#9422 = LINE('',#9423,#9424);
#9423 = CARTESIAN_POINT('',(58.75,21.252776749733,-2.));
#9424 = VECTOR('',#9425,1.);
#9425 = DIRECTION('',(0.,0.,1.));
#9426 = ORIENTED_EDGE('',*,*,#9427,.F.);
#9427 = EDGE_CURVE('',#9428,#9420,#9430,.T.);
#9428 = VERTEX_POINT('',#9429);
#9429 = CARTESIAN_POINT('',(55.5,19.376388374866,3.5));
#9430 = LINE('',#9431,#9432);
#9431 = CARTESIAN_POINT('',(34.000161086754,6.96345059077,3.5));
#9432 = VECTOR('',#9433,1.);
#9433 = DIRECTION('',(0.866025403784,0.5,-0.));
#9434 = ORIENTED_EDGE('',*,*,#9435,.F.);
#9435 = EDGE_CURVE('',#2290,#9428,#9436,.T.);
#9436 = LINE('',#9437,#9438);
#9437 = CARTESIAN_POINT('',(55.5,19.376388374866,-2.));
#9438 = VECTOR('',#9439,1.);
#9439 = DIRECTION('',(0.,0.,1.));
#9440 = PLANE('',#9441);
#9441 = AXIS2_PLACEMENT_3D('',#9442,#9443,#9444);
#9442 = CARTESIAN_POINT('',(58.75,21.252776749733,-2.));
#9443 = DIRECTION('',(0.5,-0.866025403784,0.));
#9444 = DIRECTION('',(-0.866025403784,-0.5,0.));
#9445 = ADVANCED_FACE('',(#9446),#9464,.T.);
#9446 = FACE_BOUND('',#9447,.T.);
#9447 = EDGE_LOOP('',(#9448,#9449,#9450,#9458));
#9448 = ORIENTED_EDGE('',*,*,#2331,.T.);
#9449 = ORIENTED_EDGE('',*,*,#9435,.T.);
#9450 = ORIENTED_EDGE('',*,*,#9451,.F.);
#9451 = EDGE_CURVE('',#9452,#9428,#9454,.T.);
#9452 = VERTEX_POINT('',#9453);
#9453 = CARTESIAN_POINT('',(55.5,15.623611625134,3.5));
#9454 = LINE('',#9455,#9456);
#9455 = CARTESIAN_POINT('',(55.5,11.438194187433,3.5));
#9456 = VECTOR('',#9457,1.);
#9457 = DIRECTION('',(-0.,1.,0.));
#9458 = ORIENTED_EDGE('',*,*,#9459,.F.);
#9459 = EDGE_CURVE('',#2324,#9452,#9460,.T.);
#9460 = LINE('',#9461,#9462);
#9461 = CARTESIAN_POINT('',(55.5,15.623611625134,-2.));
#9462 = VECTOR('',#9463,1.);
#9463 = DIRECTION('',(0.,0.,1.));
#9464 = PLANE('',#9465);
#9465 = AXIS2_PLACEMENT_3D('',#9466,#9467,#9468);
#9466 = CARTESIAN_POINT('',(55.5,19.376388374866,-2.));
#9467 = DIRECTION('',(1.,0.,-0.));
#9468 = DIRECTION('',(0.,-1.,0.));
#9469 = ADVANCED_FACE('',(#9470),#9488,.T.);
#9470 = FACE_BOUND('',#9471,.T.);
#9471 = EDGE_LOOP('',(#9472,#9473,#9481,#9487));
#9472 = ORIENTED_EDGE('',*,*,#2299,.T.);
#9473 = ORIENTED_EDGE('',*,*,#9474,.T.);
#9474 = EDGE_CURVE('',#2300,#9475,#9477,.T.);
#9475 = VERTEX_POINT('',#9476);
#9476 = CARTESIAN_POINT('',(62.,19.376388374866,3.5));
#9477 = LINE('',#9478,#9479);
#9478 = CARTESIAN_POINT('',(62.,19.376388374866,-2.));
#9479 = VECTOR('',#9480,1.);
#9480 = DIRECTION('',(0.,0.,1.));
#9481 = ORIENTED_EDGE('',*,*,#9482,.F.);
#9482 = EDGE_CURVE('',#9420,#9475,#9483,.T.);
#9483 = LINE('',#9484,#9485);
#9484 = CARTESIAN_POINT('',(43.312338913246,30.165714533828,3.5));
#9485 = VECTOR('',#9486,1.);
#9486 = DIRECTION('',(0.866025403784,-0.5,0.));
#9487 = ORIENTED_EDGE('',*,*,#9419,.F.);
#9488 = PLANE('',#9489);
#9489 = AXIS2_PLACEMENT_3D('',#9490,#9491,#9492);
#9490 = CARTESIAN_POINT('',(62.,19.376388374866,-2.));
#9491 = DIRECTION('',(-0.5,-0.866025403784,0.));
#9492 = DIRECTION('',(-0.866025403784,0.5,0.));
#9493 = ADVANCED_FACE('',(#9494),#9512,.T.);
#9494 = FACE_BOUND('',#9495,.T.);
#9495 = EDGE_LOOP('',(#9496,#9497,#9498,#9506));
#9496 = ORIENTED_EDGE('',*,*,#2323,.T.);
#9497 = ORIENTED_EDGE('',*,*,#9459,.T.);
#9498 = ORIENTED_EDGE('',*,*,#9499,.F.);
#9499 = EDGE_CURVE('',#9500,#9452,#9502,.T.);
#9500 = VERTEX_POINT('',#9501);
#9501 = CARTESIAN_POINT('',(58.75,13.747223250267,3.5));
#9502 = LINE('',#9503,#9504);
#9503 = CARTESIAN_POINT('',(38.437338913246,25.474743596663,3.5));
#9504 = VECTOR('',#9505,1.);
#9505 = DIRECTION('',(-0.866025403784,0.5,0.));
#9506 = ORIENTED_EDGE('',*,*,#9507,.F.);
#9507 = EDGE_CURVE('',#2316,#9500,#9508,.T.);
#9508 = LINE('',#9509,#9510);
#9509 = CARTESIAN_POINT('',(58.75,13.747223250267,-2.));
#9510 = VECTOR('',#9511,1.);
#9511 = DIRECTION('',(0.,0.,1.));
#9512 = PLANE('',#9513);
#9513 = AXIS2_PLACEMENT_3D('',#9514,#9515,#9516);
#9514 = CARTESIAN_POINT('',(55.5,15.623611625134,-2.));
#9515 = DIRECTION('',(0.5,0.866025403784,-0.));
#9516 = DIRECTION('',(0.866025403784,-0.5,0.));
#9517 = ADVANCED_FACE('',(#9518),#9536,.T.);
#9518 = FACE_BOUND('',#9519,.T.);
#9519 = EDGE_LOOP('',(#9520,#9521,#9529,#9535));
#9520 = ORIENTED_EDGE('',*,*,#2307,.T.);
#9521 = ORIENTED_EDGE('',*,*,#9522,.T.);
#9522 = EDGE_CURVE('',#2308,#9523,#9525,.T.);
#9523 = VERTEX_POINT('',#9524);
#9524 = CARTESIAN_POINT('',(62.,15.623611625134,3.5));
#9525 = LINE('',#9526,#9527);
#9526 = CARTESIAN_POINT('',(62.,15.623611625134,-2.));
#9527 = VECTOR('',#9528,1.);
#9528 = DIRECTION('',(0.,0.,1.));
#9529 = ORIENTED_EDGE('',*,*,#9530,.F.);
#9530 = EDGE_CURVE('',#9475,#9523,#9531,.T.);
#9531 = LINE('',#9532,#9533);
#9532 = CARTESIAN_POINT('',(62.,9.561805812567,3.5));
#9533 = VECTOR('',#9534,1.);
#9534 = DIRECTION('',(0.,-1.,0.));
#9535 = ORIENTED_EDGE('',*,*,#9474,.F.);
#9536 = PLANE('',#9537);
#9537 = AXIS2_PLACEMENT_3D('',#9538,#9539,#9540);
#9538 = CARTESIAN_POINT('',(62.,15.623611625134,-2.));
#9539 = DIRECTION('',(-1.,0.,0.));
#9540 = DIRECTION('',(0.,1.,0.));
#9541 = ADVANCED_FACE('',(#9542),#9553,.T.);
#9542 = FACE_BOUND('',#9543,.T.);
#9543 = EDGE_LOOP('',(#9544,#9545,#9546,#9552));
#9544 = ORIENTED_EDGE('',*,*,#2315,.T.);
#9545 = ORIENTED_EDGE('',*,*,#9507,.T.);
#9546 = ORIENTED_EDGE('',*,*,#9547,.F.);
#9547 = EDGE_CURVE('',#9523,#9500,#9548,.T.);
#9548 = LINE('',#9549,#9550);
#9549 = CARTESIAN_POINT('',(35.625161086754,0.396091278738,3.5));
#9550 = VECTOR('',#9551,1.);
#9551 = DIRECTION('',(-0.866025403784,-0.5,0.));
#9552 = ORIENTED_EDGE('',*,*,#9522,.F.);
#9553 = PLANE('',#9554);
#9554 = AXIS2_PLACEMENT_3D('',#9555,#9556,#9557);
#9555 = CARTESIAN_POINT('',(58.75,13.747223250267,-2.));
#9556 = DIRECTION('',(-0.5,0.866025403784,0.));
#9557 = DIRECTION('',(0.866025403784,0.5,0.));
#9558 = ADVANCED_FACE('',(#9559),#9584,.T.);
#9559 = FACE_BOUND('',#9560,.T.);
#9560 = EDGE_LOOP('',(#9561,#9562,#9570,#9578));
#9561 = ORIENTED_EDGE('',*,*,#2339,.T.);
#9562 = ORIENTED_EDGE('',*,*,#9563,.T.);
#9563 = EDGE_CURVE('',#2342,#9564,#9566,.T.);
#9564 = VERTEX_POINT('',#9565);
#9565 = CARTESIAN_POINT('',(67.75,21.252776749733,3.5));
#9566 = LINE('',#9567,#9568);
#9567 = CARTESIAN_POINT('',(67.75,21.252776749733,-2.));
#9568 = VECTOR('',#9569,1.);
#9569 = DIRECTION('',(0.,0.,1.));
#9570 = ORIENTED_EDGE('',*,*,#9571,.F.);
#9571 = EDGE_CURVE('',#9572,#9564,#9574,.T.);
#9572 = VERTEX_POINT('',#9573);
#9573 = CARTESIAN_POINT('',(64.5,19.376388374866,3.5));
#9574 = LINE('',#9575,#9576);
#9575 = CARTESIAN_POINT('',(39.625161086754,5.014893432255,3.5));
#9576 = VECTOR('',#9577,1.);
#9577 = DIRECTION('',(0.866025403784,0.5,-0.));
#9578 = ORIENTED_EDGE('',*,*,#9579,.F.);
#9579 = EDGE_CURVE('',#2340,#9572,#9580,.T.);
#9580 = LINE('',#9581,#9582);
#9581 = CARTESIAN_POINT('',(64.5,19.376388374866,-2.));
#9582 = VECTOR('',#9583,1.);
#9583 = DIRECTION('',(0.,0.,1.));
#9584 = PLANE('',#9585);
#9585 = AXIS2_PLACEMENT_3D('',#9586,#9587,#9588);
#9586 = CARTESIAN_POINT('',(67.75,21.252776749733,-2.));
#9587 = DIRECTION('',(0.5,-0.866025403784,0.));
#9588 = DIRECTION('',(-0.866025403784,-0.5,0.));
#9589 = ADVANCED_FACE('',(#9590),#9608,.T.);
#9590 = FACE_BOUND('',#9591,.T.);
#9591 = EDGE_LOOP('',(#9592,#9593,#9594,#9602));
#9592 = ORIENTED_EDGE('',*,*,#2381,.T.);
#9593 = ORIENTED_EDGE('',*,*,#9579,.T.);
#9594 = ORIENTED_EDGE('',*,*,#9595,.F.);
#9595 = EDGE_CURVE('',#9596,#9572,#9598,.T.);
#9596 = VERTEX_POINT('',#9597);
#9597 = CARTESIAN_POINT('',(64.5,15.623611625134,3.5));
#9598 = LINE('',#9599,#9600);
#9599 = CARTESIAN_POINT('',(64.5,11.438194187433,3.5));
#9600 = VECTOR('',#9601,1.);
#9601 = DIRECTION('',(-0.,1.,0.));
#9602 = ORIENTED_EDGE('',*,*,#9603,.F.);
#9603 = EDGE_CURVE('',#2374,#9596,#9604,.T.);
#9604 = LINE('',#9605,#9606);
#9605 = CARTESIAN_POINT('',(64.5,15.623611625134,-2.));
#9606 = VECTOR('',#9607,1.);
#9607 = DIRECTION('',(0.,0.,1.));
#9608 = PLANE('',#9609);
#9609 = AXIS2_PLACEMENT_3D('',#9610,#9611,#9612);
#9610 = CARTESIAN_POINT('',(64.5,19.376388374866,-2.));
#9611 = DIRECTION('',(1.,0.,-0.));
#9612 = DIRECTION('',(0.,-1.,0.));
#9613 = ADVANCED_FACE('',(#9614),#9632,.T.);
#9614 = FACE_BOUND('',#9615,.T.);
#9615 = EDGE_LOOP('',(#9616,#9617,#9625,#9631));
#9616 = ORIENTED_EDGE('',*,*,#2349,.T.);
#9617 = ORIENTED_EDGE('',*,*,#9618,.T.);
#9618 = EDGE_CURVE('',#2350,#9619,#9621,.T.);
#9619 = VERTEX_POINT('',#9620);
#9620 = CARTESIAN_POINT('',(71.,19.376388374866,3.5));
#9621 = LINE('',#9622,#9623);
#9622 = CARTESIAN_POINT('',(71.,19.376388374866,-2.));
#9623 = VECTOR('',#9624,1.);
#9624 = DIRECTION('',(0.,0.,1.));
#9625 = ORIENTED_EDGE('',*,*,#9626,.F.);
#9626 = EDGE_CURVE('',#9564,#9619,#9627,.T.);
#9627 = LINE('',#9628,#9629);
#9628 = CARTESIAN_POINT('',(48.937338913246,32.114271692343,3.5));
#9629 = VECTOR('',#9630,1.);
#9630 = DIRECTION('',(0.866025403784,-0.5,0.));
#9631 = ORIENTED_EDGE('',*,*,#9563,.F.);
#9632 = PLANE('',#9633);
#9633 = AXIS2_PLACEMENT_3D('',#9634,#9635,#9636);
#9634 = CARTESIAN_POINT('',(71.,19.376388374866,-2.));
#9635 = DIRECTION('',(-0.5,-0.866025403784,0.));
#9636 = DIRECTION('',(-0.866025403784,0.5,0.));
#9637 = ADVANCED_FACE('',(#9638),#9656,.T.);
#9638 = FACE_BOUND('',#9639,.T.);
#9639 = EDGE_LOOP('',(#9640,#9641,#9642,#9650));
#9640 = ORIENTED_EDGE('',*,*,#2373,.T.);
#9641 = ORIENTED_EDGE('',*,*,#9603,.T.);
#9642 = ORIENTED_EDGE('',*,*,#9643,.F.);
#9643 = EDGE_CURVE('',#9644,#9596,#9646,.T.);
#9644 = VERTEX_POINT('',#9645);
#9645 = CARTESIAN_POINT('',(67.75,13.747223250267,3.5));
#9646 = LINE('',#9647,#9648);
#9647 = CARTESIAN_POINT('',(44.062338913246,27.423300755178,3.5));
#9648 = VECTOR('',#9649,1.);
#9649 = DIRECTION('',(-0.866025403784,0.5,0.));
#9650 = ORIENTED_EDGE('',*,*,#9651,.F.);
#9651 = EDGE_CURVE('',#2366,#9644,#9652,.T.);
#9652 = LINE('',#9653,#9654);
#9653 = CARTESIAN_POINT('',(67.75,13.747223250267,-2.));
#9654 = VECTOR('',#9655,1.);
#9655 = DIRECTION('',(0.,0.,1.));
#9656 = PLANE('',#9657);
#9657 = AXIS2_PLACEMENT_3D('',#9658,#9659,#9660);
#9658 = CARTESIAN_POINT('',(64.5,15.623611625134,-2.));
#9659 = DIRECTION('',(0.5,0.866025403784,-0.));
#9660 = DIRECTION('',(0.866025403784,-0.5,0.));
#9661 = ADVANCED_FACE('',(#9662),#9680,.T.);
#9662 = FACE_BOUND('',#9663,.T.);
#9663 = EDGE_LOOP('',(#9664,#9665,#9673,#9679));
#9664 = ORIENTED_EDGE('',*,*,#2357,.T.);
#9665 = ORIENTED_EDGE('',*,*,#9666,.T.);
#9666 = EDGE_CURVE('',#2358,#9667,#9669,.T.);
#9667 = VERTEX_POINT('',#9668);
#9668 = CARTESIAN_POINT('',(71.,15.623611625134,3.5));
#9669 = LINE('',#9670,#9671);
#9670 = CARTESIAN_POINT('',(71.,15.623611625134,-2.));
#9671 = VECTOR('',#9672,1.);
#9672 = DIRECTION('',(0.,0.,1.));
#9673 = ORIENTED_EDGE('',*,*,#9674,.F.);
#9674 = EDGE_CURVE('',#9619,#9667,#9675,.T.);
#9675 = LINE('',#9676,#9677);
#9676 = CARTESIAN_POINT('',(71.,9.561805812567,3.5));
#9677 = VECTOR('',#9678,1.);
#9678 = DIRECTION('',(0.,-1.,0.));
#9679 = ORIENTED_EDGE('',*,*,#9618,.F.);
#9680 = PLANE('',#9681);
#9681 = AXIS2_PLACEMENT_3D('',#9682,#9683,#9684);
#9682 = CARTESIAN_POINT('',(71.,15.623611625134,-2.));
#9683 = DIRECTION('',(-1.,0.,0.));
#9684 = DIRECTION('',(0.,1.,0.));
#9685 = ADVANCED_FACE('',(#9686),#9697,.T.);
#9686 = FACE_BOUND('',#9687,.T.);
#9687 = EDGE_LOOP('',(#9688,#9689,#9690,#9696));
#9688 = ORIENTED_EDGE('',*,*,#2365,.T.);
#9689 = ORIENTED_EDGE('',*,*,#9651,.T.);
#9690 = ORIENTED_EDGE('',*,*,#9691,.F.);
#9691 = EDGE_CURVE('',#9667,#9644,#9692,.T.);
#9692 = LINE('',#9693,#9694);
#9693 = CARTESIAN_POINT('',(41.250161086754,-1.552465879777,3.5));
#9694 = VECTOR('',#9695,1.);
#9695 = DIRECTION('',(-0.866025403784,-0.5,0.));
#9696 = ORIENTED_EDGE('',*,*,#9666,.F.);
#9697 = PLANE('',#9698);
#9698 = AXIS2_PLACEMENT_3D('',#9699,#9700,#9701);
#9699 = CARTESIAN_POINT('',(67.75,13.747223250267,-2.));
#9700 = DIRECTION('',(-0.5,0.866025403784,0.));
#9701 = DIRECTION('',(0.866025403784,0.5,0.));
#9702 = ADVANCED_FACE('',(#9703),#9728,.T.);
#9703 = FACE_BOUND('',#9704,.T.);
#9704 = EDGE_LOOP('',(#9705,#9706,#9714,#9722));
#9705 = ORIENTED_EDGE('',*,*,#2389,.T.);
#9706 = ORIENTED_EDGE('',*,*,#9707,.T.);
#9707 = EDGE_CURVE('',#2392,#9708,#9710,.T.);
#9708 = VERTEX_POINT('',#9709);
#9709 = CARTESIAN_POINT('',(54.75,29.252776749733,3.5));
#9710 = LINE('',#9711,#9712);
#9711 = CARTESIAN_POINT('',(54.75,29.252776749733,-2.));
#9712 = VECTOR('',#9713,1.);
#9713 = DIRECTION('',(0.,0.,1.));
#9714 = ORIENTED_EDGE('',*,*,#9715,.F.);
#9715 = EDGE_CURVE('',#9716,#9708,#9718,.T.);
#9716 = VERTEX_POINT('',#9717);
#9717 = CARTESIAN_POINT('',(51.5,27.376388374866,3.5));
#9718 = LINE('',#9719,#9720);
#9719 = CARTESIAN_POINT('',(29.768110279186,14.829475994555,3.5));
#9720 = VECTOR('',#9721,1.);
#9721 = DIRECTION('',(0.866025403784,0.5,-0.));
#9722 = ORIENTED_EDGE('',*,*,#9723,.F.);
#9723 = EDGE_CURVE('',#2390,#9716,#9724,.T.);
#9724 = LINE('',#9725,#9726);
#9725 = CARTESIAN_POINT('',(51.5,27.376388374866,-2.));
#9726 = VECTOR('',#9727,1.);
#9727 = DIRECTION('',(0.,0.,1.));
#9728 = PLANE('',#9729);
#9729 = AXIS2_PLACEMENT_3D('',#9730,#9731,#9732);
#9730 = CARTESIAN_POINT('',(54.75,29.252776749733,-2.));
#9731 = DIRECTION('',(0.5,-0.866025403784,0.));
#9732 = DIRECTION('',(-0.866025403784,-0.5,0.));
#9733 = ADVANCED_FACE('',(#9734),#9752,.T.);
#9734 = FACE_BOUND('',#9735,.T.);
#9735 = EDGE_LOOP('',(#9736,#9737,#9738,#9746));
#9736 = ORIENTED_EDGE('',*,*,#2431,.T.);
#9737 = ORIENTED_EDGE('',*,*,#9723,.T.);
#9738 = ORIENTED_EDGE('',*,*,#9739,.F.);
#9739 = EDGE_CURVE('',#9740,#9716,#9742,.T.);
#9740 = VERTEX_POINT('',#9741);
#9741 = CARTESIAN_POINT('',(51.5,23.623611625134,3.5));
#9742 = LINE('',#9743,#9744);
#9743 = CARTESIAN_POINT('',(51.5,15.438194187433,3.5));
#9744 = VECTOR('',#9745,1.);
#9745 = DIRECTION('',(-0.,1.,0.));
#9746 = ORIENTED_EDGE('',*,*,#9747,.F.);
#9747 = EDGE_CURVE('',#2424,#9740,#9748,.T.);
#9748 = LINE('',#9749,#9750);
#9749 = CARTESIAN_POINT('',(51.5,23.623611625134,-2.));
#9750 = VECTOR('',#9751,1.);
#9751 = DIRECTION('',(0.,0.,1.));
#9752 = PLANE('',#9753);
#9753 = AXIS2_PLACEMENT_3D('',#9754,#9755,#9756);
#9754 = CARTESIAN_POINT('',(51.5,27.376388374866,-2.));
#9755 = DIRECTION('',(1.,0.,-0.));
#9756 = DIRECTION('',(0.,-1.,0.));
#9757 = ADVANCED_FACE('',(#9758),#9776,.T.);
#9758 = FACE_BOUND('',#9759,.T.);
#9759 = EDGE_LOOP('',(#9760,#9761,#9769,#9775));
#9760 = ORIENTED_EDGE('',*,*,#2399,.T.);
#9761 = ORIENTED_EDGE('',*,*,#9762,.T.);
#9762 = EDGE_CURVE('',#2400,#9763,#9765,.T.);
#9763 = VERTEX_POINT('',#9764);
#9764 = CARTESIAN_POINT('',(58.,27.376388374866,3.5));
#9765 = LINE('',#9766,#9767);
#9766 = CARTESIAN_POINT('',(58.,27.376388374866,-2.));
#9767 = VECTOR('',#9768,1.);
#9768 = DIRECTION('',(0.,0.,1.));
#9769 = ORIENTED_EDGE('',*,*,#9770,.F.);
#9770 = EDGE_CURVE('',#9708,#9763,#9771,.T.);
#9771 = LINE('',#9772,#9773);
#9772 = CARTESIAN_POINT('',(42.544389720814,36.299689130044,3.5));
#9773 = VECTOR('',#9774,1.);
#9774 = DIRECTION('',(0.866025403784,-0.5,0.));
#9775 = ORIENTED_EDGE('',*,*,#9707,.F.);
#9776 = PLANE('',#9777);
#9777 = AXIS2_PLACEMENT_3D('',#9778,#9779,#9780);
#9778 = CARTESIAN_POINT('',(58.,27.376388374866,-2.));
#9779 = DIRECTION('',(-0.5,-0.866025403784,0.));
#9780 = DIRECTION('',(-0.866025403784,0.5,0.));
#9781 = ADVANCED_FACE('',(#9782),#9800,.T.);
#9782 = FACE_BOUND('',#9783,.T.);
#9783 = EDGE_LOOP('',(#9784,#9785,#9786,#9794));
#9784 = ORIENTED_EDGE('',*,*,#2423,.T.);
#9785 = ORIENTED_EDGE('',*,*,#9747,.T.);
#9786 = ORIENTED_EDGE('',*,*,#9787,.F.);
#9787 = EDGE_CURVE('',#9788,#9740,#9790,.T.);
#9788 = VERTEX_POINT('',#9789);
#9789 = CARTESIAN_POINT('',(54.75,21.747223250267,3.5));
#9790 = LINE('',#9791,#9792);
#9791 = CARTESIAN_POINT('',(37.669389720814,31.608718192878,3.5));
#9792 = VECTOR('',#9793,1.);
#9793 = DIRECTION('',(-0.866025403784,0.5,0.));
#9794 = ORIENTED_EDGE('',*,*,#9795,.F.);
#9795 = EDGE_CURVE('',#2416,#9788,#9796,.T.);
#9796 = LINE('',#9797,#9798);
#9797 = CARTESIAN_POINT('',(54.75,21.747223250267,-2.));
#9798 = VECTOR('',#9799,1.);
#9799 = DIRECTION('',(0.,0.,1.));
#9800 = PLANE('',#9801);
#9801 = AXIS2_PLACEMENT_3D('',#9802,#9803,#9804);
#9802 = CARTESIAN_POINT('',(51.5,23.623611625134,-2.));
#9803 = DIRECTION('',(0.5,0.866025403784,-0.));
#9804 = DIRECTION('',(0.866025403784,-0.5,0.));
#9805 = ADVANCED_FACE('',(#9806),#9824,.T.);
#9806 = FACE_BOUND('',#9807,.T.);
#9807 = EDGE_LOOP('',(#9808,#9809,#9817,#9823));
#9808 = ORIENTED_EDGE('',*,*,#2407,.T.);
#9809 = ORIENTED_EDGE('',*,*,#9810,.T.);
#9810 = EDGE_CURVE('',#2408,#9811,#9813,.T.);
#9811 = VERTEX_POINT('',#9812);
#9812 = CARTESIAN_POINT('',(58.,23.623611625134,3.5));
#9813 = LINE('',#9814,#9815);
#9814 = CARTESIAN_POINT('',(58.,23.623611625134,-2.));
#9815 = VECTOR('',#9816,1.);
#9816 = DIRECTION('',(0.,0.,1.));
#9817 = ORIENTED_EDGE('',*,*,#9818,.F.);
#9818 = EDGE_CURVE('',#9763,#9811,#9819,.T.);
#9819 = LINE('',#9820,#9821);
#9820 = CARTESIAN_POINT('',(58.,13.561805812567,3.5));
#9821 = VECTOR('',#9822,1.);
#9822 = DIRECTION('',(0.,-1.,0.));
#9823 = ORIENTED_EDGE('',*,*,#9762,.F.);
#9824 = PLANE('',#9825);
#9825 = AXIS2_PLACEMENT_3D('',#9826,#9827,#9828);
#9826 = CARTESIAN_POINT('',(58.,23.623611625134,-2.));
#9827 = DIRECTION('',(-1.,0.,0.));
#9828 = DIRECTION('',(0.,1.,0.));
#9829 = ADVANCED_FACE('',(#9830),#9841,.T.);
#9830 = FACE_BOUND('',#9831,.T.);
#9831 = EDGE_LOOP('',(#9832,#9833,#9834,#9840));
#9832 = ORIENTED_EDGE('',*,*,#2415,.T.);
#9833 = ORIENTED_EDGE('',*,*,#9795,.T.);
#9834 = ORIENTED_EDGE('',*,*,#9835,.F.);
#9835 = EDGE_CURVE('',#9811,#9788,#9836,.T.);
#9836 = LINE('',#9837,#9838);
#9837 = CARTESIAN_POINT('',(31.393110279186,8.262116682523,3.5));
#9838 = VECTOR('',#9839,1.);
#9839 = DIRECTION('',(-0.866025403784,-0.5,0.));
#9840 = ORIENTED_EDGE('',*,*,#9810,.F.);
#9841 = PLANE('',#9842);
#9842 = AXIS2_PLACEMENT_3D('',#9843,#9844,#9845);
#9843 = CARTESIAN_POINT('',(54.75,21.747223250267,-2.));
#9844 = DIRECTION('',(-0.5,0.866025403784,0.));
#9845 = DIRECTION('',(0.866025403784,0.5,0.));
#9846 = ADVANCED_FACE('',(#9847),#9872,.T.);
#9847 = FACE_BOUND('',#9848,.T.);
#9848 = EDGE_LOOP('',(#9849,#9850,#9858,#9866));
#9849 = ORIENTED_EDGE('',*,*,#2439,.T.);
#9850 = ORIENTED_EDGE('',*,*,#9851,.T.);
#9851 = EDGE_CURVE('',#2442,#9852,#9854,.T.);
#9852 = VERTEX_POINT('',#9853);
#9853 = CARTESIAN_POINT('',(63.75,29.252776749733,3.5));
#9854 = LINE('',#9855,#9856);
#9855 = CARTESIAN_POINT('',(63.75,29.252776749733,-2.));
#9856 = VECTOR('',#9857,1.);
#9857 = DIRECTION('',(0.,0.,1.));
#9858 = ORIENTED_EDGE('',*,*,#9859,.F.);
#9859 = EDGE_CURVE('',#9860,#9852,#9862,.T.);
#9860 = VERTEX_POINT('',#9861);
#9861 = CARTESIAN_POINT('',(60.5,27.376388374866,3.5));
#9862 = LINE('',#9863,#9864);
#9863 = CARTESIAN_POINT('',(35.393110279186,12.88091883604,3.5));
#9864 = VECTOR('',#9865,1.);
#9865 = DIRECTION('',(0.866025403784,0.5,-0.));
#9866 = ORIENTED_EDGE('',*,*,#9867,.F.);
#9867 = EDGE_CURVE('',#2440,#9860,#9868,.T.);
#9868 = LINE('',#9869,#9870);
#9869 = CARTESIAN_POINT('',(60.5,27.376388374866,-2.));
#9870 = VECTOR('',#9871,1.);
#9871 = DIRECTION('',(0.,0.,1.));
#9872 = PLANE('',#9873);
#9873 = AXIS2_PLACEMENT_3D('',#9874,#9875,#9876);
#9874 = CARTESIAN_POINT('',(63.75,29.252776749733,-2.));
#9875 = DIRECTION('',(0.5,-0.866025403784,0.));
#9876 = DIRECTION('',(-0.866025403784,-0.5,0.));
#9877 = ADVANCED_FACE('',(#9878),#9896,.T.);
#9878 = FACE_BOUND('',#9879,.T.);
#9879 = EDGE_LOOP('',(#9880,#9881,#9882,#9890));
#9880 = ORIENTED_EDGE('',*,*,#2481,.T.);
#9881 = ORIENTED_EDGE('',*,*,#9867,.T.);
#9882 = ORIENTED_EDGE('',*,*,#9883,.F.);
#9883 = EDGE_CURVE('',#9884,#9860,#9886,.T.);
#9884 = VERTEX_POINT('',#9885);
#9885 = CARTESIAN_POINT('',(60.5,23.623611625134,3.5));
#9886 = LINE('',#9887,#9888);
#9887 = CARTESIAN_POINT('',(60.5,15.438194187433,3.5));
#9888 = VECTOR('',#9889,1.);
#9889 = DIRECTION('',(-0.,1.,0.));
#9890 = ORIENTED_EDGE('',*,*,#9891,.F.);
#9891 = EDGE_CURVE('',#2474,#9884,#9892,.T.);
#9892 = LINE('',#9893,#9894);
#9893 = CARTESIAN_POINT('',(60.5,23.623611625134,-2.));
#9894 = VECTOR('',#9895,1.);
#9895 = DIRECTION('',(0.,0.,1.));
#9896 = PLANE('',#9897);
#9897 = AXIS2_PLACEMENT_3D('',#9898,#9899,#9900);
#9898 = CARTESIAN_POINT('',(60.5,27.376388374866,-2.));
#9899 = DIRECTION('',(1.,0.,-0.));
#9900 = DIRECTION('',(0.,-1.,0.));
#9901 = ADVANCED_FACE('',(#9902),#9920,.T.);
#9902 = FACE_BOUND('',#9903,.T.);
#9903 = EDGE_LOOP('',(#9904,#9905,#9913,#9919));
#9904 = ORIENTED_EDGE('',*,*,#2449,.T.);
#9905 = ORIENTED_EDGE('',*,*,#9906,.T.);
#9906 = EDGE_CURVE('',#2450,#9907,#9909,.T.);
#9907 = VERTEX_POINT('',#9908);
#9908 = CARTESIAN_POINT('',(67.,27.376388374866,3.5));
#9909 = LINE('',#9910,#9911);
#9910 = CARTESIAN_POINT('',(67.,27.376388374866,-2.));
#9911 = VECTOR('',#9912,1.);
#9912 = DIRECTION('',(0.,0.,1.));
#9913 = ORIENTED_EDGE('',*,*,#9914,.F.);
#9914 = EDGE_CURVE('',#9852,#9907,#9915,.T.);
#9915 = LINE('',#9916,#9917);
#9916 = CARTESIAN_POINT('',(48.169389720814,38.248246288559,3.5));
#9917 = VECTOR('',#9918,1.);
#9918 = DIRECTION('',(0.866025403784,-0.5,0.));
#9919 = ORIENTED_EDGE('',*,*,#9851,.F.);
#9920 = PLANE('',#9921);
#9921 = AXIS2_PLACEMENT_3D('',#9922,#9923,#9924);
#9922 = CARTESIAN_POINT('',(67.,27.376388374866,-2.));
#9923 = DIRECTION('',(-0.5,-0.866025403784,0.));
#9924 = DIRECTION('',(-0.866025403784,0.5,0.));
#9925 = ADVANCED_FACE('',(#9926),#9944,.T.);
#9926 = FACE_BOUND('',#9927,.T.);
#9927 = EDGE_LOOP('',(#9928,#9929,#9930,#9938));
#9928 = ORIENTED_EDGE('',*,*,#2473,.T.);
#9929 = ORIENTED_EDGE('',*,*,#9891,.T.);
#9930 = ORIENTED_EDGE('',*,*,#9931,.F.);
#9931 = EDGE_CURVE('',#9932,#9884,#9934,.T.);
#9932 = VERTEX_POINT('',#9933);
#9933 = CARTESIAN_POINT('',(63.75,21.747223250267,3.5));
#9934 = LINE('',#9935,#9936);
#9935 = CARTESIAN_POINT('',(43.294389720814,33.557275351393,3.5));
#9936 = VECTOR('',#9937,1.);
#9937 = DIRECTION('',(-0.866025403784,0.5,0.));
#9938 = ORIENTED_EDGE('',*,*,#9939,.F.);
#9939 = EDGE_CURVE('',#2466,#9932,#9940,.T.);
#9940 = LINE('',#9941,#9942);
#9941 = CARTESIAN_POINT('',(63.75,21.747223250267,-2.));
#9942 = VECTOR('',#9943,1.);
#9943 = DIRECTION('',(0.,0.,1.));
#9944 = PLANE('',#9945);
#9945 = AXIS2_PLACEMENT_3D('',#9946,#9947,#9948);
#9946 = CARTESIAN_POINT('',(60.5,23.623611625134,-2.));
#9947 = DIRECTION('',(0.5,0.866025403784,-0.));
#9948 = DIRECTION('',(0.866025403784,-0.5,0.));
#9949 = ADVANCED_FACE('',(#9950),#9968,.T.);
#9950 = FACE_BOUND('',#9951,.T.);
#9951 = EDGE_LOOP('',(#9952,#9953,#9961,#9967));
#9952 = ORIENTED_EDGE('',*,*,#2457,.T.);
#9953 = ORIENTED_EDGE('',*,*,#9954,.T.);
#9954 = EDGE_CURVE('',#2458,#9955,#9957,.T.);
#9955 = VERTEX_POINT('',#9956);
#9956 = CARTESIAN_POINT('',(67.,23.623611625134,3.5));
#9957 = LINE('',#9958,#9959);
#9958 = CARTESIAN_POINT('',(67.,23.623611625134,-2.));
#9959 = VECTOR('',#9960,1.);
#9960 = DIRECTION('',(0.,0.,1.));
#9961 = ORIENTED_EDGE('',*,*,#9962,.F.);
#9962 = EDGE_CURVE('',#9907,#9955,#9963,.T.);
#9963 = LINE('',#9964,#9965);
#9964 = CARTESIAN_POINT('',(67.,13.561805812567,3.5));
#9965 = VECTOR('',#9966,1.);
#9966 = DIRECTION('',(0.,-1.,0.));
#9967 = ORIENTED_EDGE('',*,*,#9906,.F.);
#9968 = PLANE('',#9969);
#9969 = AXIS2_PLACEMENT_3D('',#9970,#9971,#9972);
#9970 = CARTESIAN_POINT('',(67.,23.623611625134,-2.));
#9971 = DIRECTION('',(-1.,0.,0.));
#9972 = DIRECTION('',(0.,1.,0.));
#9973 = ADVANCED_FACE('',(#9974),#9985,.T.);
#9974 = FACE_BOUND('',#9975,.T.);
#9975 = EDGE_LOOP('',(#9976,#9977,#9978,#9984));
#9976 = ORIENTED_EDGE('',*,*,#2465,.T.);
#9977 = ORIENTED_EDGE('',*,*,#9939,.T.);
#9978 = ORIENTED_EDGE('',*,*,#9979,.F.);
#9979 = EDGE_CURVE('',#9955,#9932,#9980,.T.);
#9980 = LINE('',#9981,#9982);
#9981 = CARTESIAN_POINT('',(37.018110279186,6.313559524008,3.5));
#9982 = VECTOR('',#9983,1.);
#9983 = DIRECTION('',(-0.866025403784,-0.5,0.));
#9984 = ORIENTED_EDGE('',*,*,#9954,.F.);
#9985 = PLANE('',#9986);
#9986 = AXIS2_PLACEMENT_3D('',#9987,#9988,#9989);
#9987 = CARTESIAN_POINT('',(63.75,21.747223250267,-2.));
#9988 = DIRECTION('',(-0.5,0.866025403784,0.));
#9989 = DIRECTION('',(0.866025403784,0.5,0.));
#9990 = ADVANCED_FACE('',(#9991),#10016,.T.);
#9991 = FACE_BOUND('',#9992,.T.);
#9992 = EDGE_LOOP('',(#9993,#9994,#10002,#10010));
#9993 = ORIENTED_EDGE('',*,*,#2489,.T.);
#9994 = ORIENTED_EDGE('',*,*,#9995,.T.);
#9995 = EDGE_CURVE('',#2492,#9996,#9998,.T.);
#9996 = VERTEX_POINT('',#9997);
#9997 = CARTESIAN_POINT('',(76.75,21.252776749733,3.5));
#9998 = LINE('',#9999,#10000);
#9999 = CARTESIAN_POINT('',(76.75,21.252776749733,-2.));
#10000 = VECTOR('',#10001,1.);
#10001 = DIRECTION('',(0.,0.,1.));
#10002 = ORIENTED_EDGE('',*,*,#10003,.F.);
#10003 = EDGE_CURVE('',#10004,#9996,#10006,.T.);
#10004 = VERTEX_POINT('',#10005);
#10005 = CARTESIAN_POINT('',(73.5,19.376388374866,3.5));
#10006 = LINE('',#10007,#10008);
#10007 = CARTESIAN_POINT('',(45.250161086754,3.06633627374,3.5));
#10008 = VECTOR('',#10009,1.);
#10009 = DIRECTION('',(0.866025403784,0.5,-0.));
#10010 = ORIENTED_EDGE('',*,*,#10011,.F.);
#10011 = EDGE_CURVE('',#2490,#10004,#10012,.T.);
#10012 = LINE('',#10013,#10014);
#10013 = CARTESIAN_POINT('',(73.5,19.376388374866,-2.));
#10014 = VECTOR('',#10015,1.);
#10015 = DIRECTION('',(0.,0.,1.));
#10016 = PLANE('',#10017);
#10017 = AXIS2_PLACEMENT_3D('',#10018,#10019,#10020);
#10018 = CARTESIAN_POINT('',(76.75,21.252776749733,-2.));
#10019 = DIRECTION('',(0.5,-0.866025403784,0.));
#10020 = DIRECTION('',(-0.866025403784,-0.5,0.));
#10021 = ADVANCED_FACE('',(#10022),#10040,.T.);
#10022 = FACE_BOUND('',#10023,.T.);
#10023 = EDGE_LOOP('',(#10024,#10025,#10026,#10034));
#10024 = ORIENTED_EDGE('',*,*,#2531,.T.);
#10025 = ORIENTED_EDGE('',*,*,#10011,.T.);
#10026 = ORIENTED_EDGE('',*,*,#10027,.F.);
#10027 = EDGE_CURVE('',#10028,#10004,#10030,.T.);
#10028 = VERTEX_POINT('',#10029);
#10029 = CARTESIAN_POINT('',(73.5,15.623611625134,3.5));
#10030 = LINE('',#10031,#10032);
#10031 = CARTESIAN_POINT('',(73.5,11.438194187433,3.5));
#10032 = VECTOR('',#10033,1.);
#10033 = DIRECTION('',(-0.,1.,0.));
#10034 = ORIENTED_EDGE('',*,*,#10035,.F.);
#10035 = EDGE_CURVE('',#2524,#10028,#10036,.T.);
#10036 = LINE('',#10037,#10038);
#10037 = CARTESIAN_POINT('',(73.5,15.623611625134,-2.));
#10038 = VECTOR('',#10039,1.);
#10039 = DIRECTION('',(0.,0.,1.));
#10040 = PLANE('',#10041);
#10041 = AXIS2_PLACEMENT_3D('',#10042,#10043,#10044);
#10042 = CARTESIAN_POINT('',(73.5,19.376388374866,-2.));
#10043 = DIRECTION('',(1.,0.,-0.));
#10044 = DIRECTION('',(0.,-1.,0.));
#10045 = ADVANCED_FACE('',(#10046),#10064,.T.);
#10046 = FACE_BOUND('',#10047,.T.);
#10047 = EDGE_LOOP('',(#10048,#10049,#10057,#10063));
#10048 = ORIENTED_EDGE('',*,*,#2499,.T.);
#10049 = ORIENTED_EDGE('',*,*,#10050,.T.);
#10050 = EDGE_CURVE('',#2500,#10051,#10053,.T.);
#10051 = VERTEX_POINT('',#10052);
#10052 = CARTESIAN_POINT('',(80.,19.376388374866,3.5));
#10053 = LINE('',#10054,#10055);
#10054 = CARTESIAN_POINT('',(80.,19.376388374866,-2.));
#10055 = VECTOR('',#10056,1.);
#10056 = DIRECTION('',(0.,0.,1.));
#10057 = ORIENTED_EDGE('',*,*,#10058,.F.);
#10058 = EDGE_CURVE('',#9996,#10051,#10059,.T.);
#10059 = LINE('',#10060,#10061);
#10060 = CARTESIAN_POINT('',(54.562338913246,34.062828850858,3.5));
#10061 = VECTOR('',#10062,1.);
#10062 = DIRECTION('',(0.866025403784,-0.5,0.));
#10063 = ORIENTED_EDGE('',*,*,#9995,.F.);
#10064 = PLANE('',#10065);
#10065 = AXIS2_PLACEMENT_3D('',#10066,#10067,#10068);
#10066 = CARTESIAN_POINT('',(80.,19.376388374866,-2.));
#10067 = DIRECTION('',(-0.5,-0.866025403784,0.));
#10068 = DIRECTION('',(-0.866025403784,0.5,0.));
#10069 = ADVANCED_FACE('',(#10070),#10088,.T.);
#10070 = FACE_BOUND('',#10071,.T.);
#10071 = EDGE_LOOP('',(#10072,#10073,#10074,#10082));
#10072 = ORIENTED_EDGE('',*,*,#2523,.T.);
#10073 = ORIENTED_EDGE('',*,*,#10035,.T.);
#10074 = ORIENTED_EDGE('',*,*,#10075,.F.);
#10075 = EDGE_CURVE('',#10076,#10028,#10078,.T.);
#10076 = VERTEX_POINT('',#10077);
#10077 = CARTESIAN_POINT('',(76.75,13.747223250267,3.5));
#10078 = LINE('',#10079,#10080);
#10079 = CARTESIAN_POINT('',(49.687338913246,29.371857913693,3.5));
#10080 = VECTOR('',#10081,1.);
#10081 = DIRECTION('',(-0.866025403784,0.5,0.));
#10082 = ORIENTED_EDGE('',*,*,#10083,.F.);
#10083 = EDGE_CURVE('',#2516,#10076,#10084,.T.);
#10084 = LINE('',#10085,#10086);
#10085 = CARTESIAN_POINT('',(76.75,13.747223250267,-2.));
#10086 = VECTOR('',#10087,1.);
#10087 = DIRECTION('',(0.,0.,1.));
#10088 = PLANE('',#10089);
#10089 = AXIS2_PLACEMENT_3D('',#10090,#10091,#10092);
#10090 = CARTESIAN_POINT('',(73.5,15.623611625134,-2.));
#10091 = DIRECTION('',(0.5,0.866025403784,-0.));
#10092 = DIRECTION('',(0.866025403784,-0.5,0.));
#10093 = ADVANCED_FACE('',(#10094),#10112,.T.);
#10094 = FACE_BOUND('',#10095,.T.);
#10095 = EDGE_LOOP('',(#10096,#10097,#10105,#10111));
#10096 = ORIENTED_EDGE('',*,*,#2507,.T.);
#10097 = ORIENTED_EDGE('',*,*,#10098,.T.);
#10098 = EDGE_CURVE('',#2508,#10099,#10101,.T.);
#10099 = VERTEX_POINT('',#10100);
#10100 = CARTESIAN_POINT('',(80.,15.623611625134,3.5));
#10101 = LINE('',#10102,#10103);
#10102 = CARTESIAN_POINT('',(80.,15.623611625134,-2.));
#10103 = VECTOR('',#10104,1.);
#10104 = DIRECTION('',(0.,0.,1.));
#10105 = ORIENTED_EDGE('',*,*,#10106,.F.);
#10106 = EDGE_CURVE('',#10051,#10099,#10107,.T.);
#10107 = LINE('',#10108,#10109);
#10108 = CARTESIAN_POINT('',(80.,9.561805812567,3.5));
#10109 = VECTOR('',#10110,1.);
#10110 = DIRECTION('',(0.,-1.,0.));
#10111 = ORIENTED_EDGE('',*,*,#10050,.F.);
#10112 = PLANE('',#10113);
#10113 = AXIS2_PLACEMENT_3D('',#10114,#10115,#10116);
#10114 = CARTESIAN_POINT('',(80.,15.623611625134,-2.));
#10115 = DIRECTION('',(-1.,0.,0.));
#10116 = DIRECTION('',(0.,1.,0.));
#10117 = ADVANCED_FACE('',(#10118),#10129,.T.);
#10118 = FACE_BOUND('',#10119,.T.);
#10119 = EDGE_LOOP('',(#10120,#10121,#10122,#10128));
#10120 = ORIENTED_EDGE('',*,*,#2515,.T.);
#10121 = ORIENTED_EDGE('',*,*,#10083,.T.);
#10122 = ORIENTED_EDGE('',*,*,#10123,.F.);
#10123 = EDGE_CURVE('',#10099,#10076,#10124,.T.);
#10124 = LINE('',#10125,#10126);
#10125 = CARTESIAN_POINT('',(46.875161086754,-3.501023038292,3.5));
#10126 = VECTOR('',#10127,1.);
#10127 = DIRECTION('',(-0.866025403784,-0.5,0.));
#10128 = ORIENTED_EDGE('',*,*,#10098,.F.);
#10129 = PLANE('',#10130);
#10130 = AXIS2_PLACEMENT_3D('',#10131,#10132,#10133);
#10131 = CARTESIAN_POINT('',(76.75,13.747223250267,-2.));
#10132 = DIRECTION('',(-0.5,0.866025403784,0.));
#10133 = DIRECTION('',(0.866025403784,0.5,0.));
#10134 = ADVANCED_FACE('',(#10135),#10160,.T.);
#10135 = FACE_BOUND('',#10136,.T.);
#10136 = EDGE_LOOP('',(#10137,#10138,#10146,#10154));
#10137 = ORIENTED_EDGE('',*,*,#2539,.T.);
#10138 = ORIENTED_EDGE('',*,*,#10139,.T.);
#10139 = EDGE_CURVE('',#2542,#10140,#10142,.T.);
#10140 = VERTEX_POINT('',#10141);
#10141 = CARTESIAN_POINT('',(72.75,29.252776749733,3.5));
#10142 = LINE('',#10143,#10144);
#10143 = CARTESIAN_POINT('',(72.75,29.252776749733,-2.));
#10144 = VECTOR('',#10145,1.);
#10145 = DIRECTION('',(0.,0.,1.));
#10146 = ORIENTED_EDGE('',*,*,#10147,.F.);
#10147 = EDGE_CURVE('',#10148,#10140,#10150,.T.);
#10148 = VERTEX_POINT('',#10149);
#10149 = CARTESIAN_POINT('',(69.5,27.376388374866,3.5));
#10150 = LINE('',#10151,#10152);
#10151 = CARTESIAN_POINT('',(41.018110279186,10.932361677525,3.5));
#10152 = VECTOR('',#10153,1.);
#10153 = DIRECTION('',(0.866025403784,0.5,-0.));
#10154 = ORIENTED_EDGE('',*,*,#10155,.F.);
#10155 = EDGE_CURVE('',#2540,#10148,#10156,.T.);
#10156 = LINE('',#10157,#10158);
#10157 = CARTESIAN_POINT('',(69.5,27.376388374866,-2.));
#10158 = VECTOR('',#10159,1.);
#10159 = DIRECTION('',(0.,0.,1.));
#10160 = PLANE('',#10161);
#10161 = AXIS2_PLACEMENT_3D('',#10162,#10163,#10164);
#10162 = CARTESIAN_POINT('',(72.75,29.252776749733,-2.));
#10163 = DIRECTION('',(0.5,-0.866025403784,0.));
#10164 = DIRECTION('',(-0.866025403784,-0.5,0.));
#10165 = ADVANCED_FACE('',(#10166),#10184,.T.);
#10166 = FACE_BOUND('',#10167,.T.);
#10167 = EDGE_LOOP('',(#10168,#10169,#10170,#10178));
#10168 = ORIENTED_EDGE('',*,*,#2581,.T.);
#10169 = ORIENTED_EDGE('',*,*,#10155,.T.);
#10170 = ORIENTED_EDGE('',*,*,#10171,.F.);
#10171 = EDGE_CURVE('',#10172,#10148,#10174,.T.);
#10172 = VERTEX_POINT('',#10173);
#10173 = CARTESIAN_POINT('',(69.5,23.623611625134,3.5));
#10174 = LINE('',#10175,#10176);
#10175 = CARTESIAN_POINT('',(69.5,15.438194187433,3.5));
#10176 = VECTOR('',#10177,1.);
#10177 = DIRECTION('',(-0.,1.,0.));
#10178 = ORIENTED_EDGE('',*,*,#10179,.F.);
#10179 = EDGE_CURVE('',#2574,#10172,#10180,.T.);
#10180 = LINE('',#10181,#10182);
#10181 = CARTESIAN_POINT('',(69.5,23.623611625134,-2.));
#10182 = VECTOR('',#10183,1.);
#10183 = DIRECTION('',(0.,0.,1.));
#10184 = PLANE('',#10185);
#10185 = AXIS2_PLACEMENT_3D('',#10186,#10187,#10188);
#10186 = CARTESIAN_POINT('',(69.5,27.376388374866,-2.));
#10187 = DIRECTION('',(1.,0.,-0.));
#10188 = DIRECTION('',(0.,-1.,0.));
#10189 = ADVANCED_FACE('',(#10190),#10208,.T.);
#10190 = FACE_BOUND('',#10191,.T.);
#10191 = EDGE_LOOP('',(#10192,#10193,#10201,#10207));
#10192 = ORIENTED_EDGE('',*,*,#2549,.T.);
#10193 = ORIENTED_EDGE('',*,*,#10194,.T.);
#10194 = EDGE_CURVE('',#2550,#10195,#10197,.T.);
#10195 = VERTEX_POINT('',#10196);
#10196 = CARTESIAN_POINT('',(76.,27.376388374866,3.5));
#10197 = LINE('',#10198,#10199);
#10198 = CARTESIAN_POINT('',(76.,27.376388374866,-2.));
#10199 = VECTOR('',#10200,1.);
#10200 = DIRECTION('',(0.,0.,1.));
#10201 = ORIENTED_EDGE('',*,*,#10202,.F.);
#10202 = EDGE_CURVE('',#10140,#10195,#10203,.T.);
#10203 = LINE('',#10204,#10205);
#10204 = CARTESIAN_POINT('',(53.794389720814,40.196803447074,3.5));
#10205 = VECTOR('',#10206,1.);
#10206 = DIRECTION('',(0.866025403784,-0.5,0.));
#10207 = ORIENTED_EDGE('',*,*,#10139,.F.);
#10208 = PLANE('',#10209);
#10209 = AXIS2_PLACEMENT_3D('',#10210,#10211,#10212);
#10210 = CARTESIAN_POINT('',(76.,27.376388374866,-2.));
#10211 = DIRECTION('',(-0.5,-0.866025403784,0.));
#10212 = DIRECTION('',(-0.866025403784,0.5,0.));
#10213 = ADVANCED_FACE('',(#10214),#10232,.T.);
#10214 = FACE_BOUND('',#10215,.T.);
#10215 = EDGE_LOOP('',(#10216,#10217,#10218,#10226));
#10216 = ORIENTED_EDGE('',*,*,#2573,.T.);
#10217 = ORIENTED_EDGE('',*,*,#10179,.T.);
#10218 = ORIENTED_EDGE('',*,*,#10219,.F.);
#10219 = EDGE_CURVE('',#10220,#10172,#10222,.T.);
#10220 = VERTEX_POINT('',#10221);
#10221 = CARTESIAN_POINT('',(72.75,21.747223250267,3.5));
#10222 = LINE('',#10223,#10224);
#10223 = CARTESIAN_POINT('',(48.919389720814,35.505832509908,3.5));
#10224 = VECTOR('',#10225,1.);
#10225 = DIRECTION('',(-0.866025403784,0.5,0.));
#10226 = ORIENTED_EDGE('',*,*,#10227,.F.);
#10227 = EDGE_CURVE('',#2566,#10220,#10228,.T.);
#10228 = LINE('',#10229,#10230);
#10229 = CARTESIAN_POINT('',(72.75,21.747223250267,-2.));
#10230 = VECTOR('',#10231,1.);
#10231 = DIRECTION('',(0.,0.,1.));
#10232 = PLANE('',#10233);
#10233 = AXIS2_PLACEMENT_3D('',#10234,#10235,#10236);
#10234 = CARTESIAN_POINT('',(69.5,23.623611625134,-2.));
#10235 = DIRECTION('',(0.5,0.866025403784,-0.));
#10236 = DIRECTION('',(0.866025403784,-0.5,0.));
#10237 = ADVANCED_FACE('',(#10238),#10256,.T.);
#10238 = FACE_BOUND('',#10239,.T.);
#10239 = EDGE_LOOP('',(#10240,#10241,#10249,#10255));
#10240 = ORIENTED_EDGE('',*,*,#2557,.T.);
#10241 = ORIENTED_EDGE('',*,*,#10242,.T.);
#10242 = EDGE_CURVE('',#2558,#10243,#10245,.T.);
#10243 = VERTEX_POINT('',#10244);
#10244 = CARTESIAN_POINT('',(76.,23.623611625134,3.5));
#10245 = LINE('',#10246,#10247);
#10246 = CARTESIAN_POINT('',(76.,23.623611625134,-2.));
#10247 = VECTOR('',#10248,1.);
#10248 = DIRECTION('',(0.,0.,1.));
#10249 = ORIENTED_EDGE('',*,*,#10250,.F.);
#10250 = EDGE_CURVE('',#10195,#10243,#10251,.T.);
#10251 = LINE('',#10252,#10253);
#10252 = CARTESIAN_POINT('',(76.,13.561805812567,3.5));
#10253 = VECTOR('',#10254,1.);
#10254 = DIRECTION('',(0.,-1.,0.));
#10255 = ORIENTED_EDGE('',*,*,#10194,.F.);
#10256 = PLANE('',#10257);
#10257 = AXIS2_PLACEMENT_3D('',#10258,#10259,#10260);
#10258 = CARTESIAN_POINT('',(76.,23.623611625134,-2.));
#10259 = DIRECTION('',(-1.,0.,0.));
#10260 = DIRECTION('',(0.,1.,0.));
#10261 = ADVANCED_FACE('',(#10262),#10273,.T.);
#10262 = FACE_BOUND('',#10263,.T.);
#10263 = EDGE_LOOP('',(#10264,#10265,#10266,#10272));
#10264 = ORIENTED_EDGE('',*,*,#2565,.T.);
#10265 = ORIENTED_EDGE('',*,*,#10227,.T.);
#10266 = ORIENTED_EDGE('',*,*,#10267,.F.);
#10267 = EDGE_CURVE('',#10243,#10220,#10268,.T.);
#10268 = LINE('',#10269,#10270);
#10269 = CARTESIAN_POINT('',(42.643110279186,4.365002365493,3.5));
#10270 = VECTOR('',#10271,1.);
#10271 = DIRECTION('',(-0.866025403784,-0.5,0.));
#10272 = ORIENTED_EDGE('',*,*,#10242,.F.);
#10273 = PLANE('',#10274);
#10274 = AXIS2_PLACEMENT_3D('',#10275,#10276,#10277);
#10275 = CARTESIAN_POINT('',(72.75,21.747223250267,-2.));
#10276 = DIRECTION('',(-0.5,0.866025403784,0.));
#10277 = DIRECTION('',(0.866025403784,0.5,0.));
#10278 = ADVANCED_FACE('',(#10279),#10304,.T.);
#10279 = FACE_BOUND('',#10280,.T.);
#10280 = EDGE_LOOP('',(#10281,#10282,#10290,#10298));
#10281 = ORIENTED_EDGE('',*,*,#2589,.T.);
#10282 = ORIENTED_EDGE('',*,*,#10283,.T.);
#10283 = EDGE_CURVE('',#2592,#10284,#10286,.T.);
#10284 = VERTEX_POINT('',#10285);
#10285 = CARTESIAN_POINT('',(49.75,37.252776749733,3.5));
#10286 = LINE('',#10287,#10288);
#10287 = CARTESIAN_POINT('',(49.75,37.252776749733,-2.));
#10288 = VECTOR('',#10289,1.);
#10289 = DIRECTION('',(0.,0.,1.));
#10290 = ORIENTED_EDGE('',*,*,#10291,.F.);
#10291 = EDGE_CURVE('',#10292,#10284,#10294,.T.);
#10292 = VERTEX_POINT('',#10293);
#10293 = CARTESIAN_POINT('',(46.5,35.376388374866,3.5));
#10294 = LINE('',#10295,#10296);
#10295 = CARTESIAN_POINT('',(24.911059471617,22.912007749285,3.5));
#10296 = VECTOR('',#10297,1.);
#10297 = DIRECTION('',(0.866025403784,0.5,-0.));
#10298 = ORIENTED_EDGE('',*,*,#10299,.F.);
#10299 = EDGE_CURVE('',#2590,#10292,#10300,.T.);
#10300 = LINE('',#10301,#10302);
#10301 = CARTESIAN_POINT('',(46.5,35.376388374866,-2.));
#10302 = VECTOR('',#10303,1.);
#10303 = DIRECTION('',(0.,0.,1.));
#10304 = PLANE('',#10305);
#10305 = AXIS2_PLACEMENT_3D('',#10306,#10307,#10308);
#10306 = CARTESIAN_POINT('',(49.75,37.252776749733,-2.));
#10307 = DIRECTION('',(0.5,-0.866025403784,0.));
#10308 = DIRECTION('',(-0.866025403784,-0.5,0.));
#10309 = ADVANCED_FACE('',(#10310),#10328,.T.);
#10310 = FACE_BOUND('',#10311,.T.);
#10311 = EDGE_LOOP('',(#10312,#10313,#10314,#10322));
#10312 = ORIENTED_EDGE('',*,*,#2631,.T.);
#10313 = ORIENTED_EDGE('',*,*,#10299,.T.);
#10314 = ORIENTED_EDGE('',*,*,#10315,.F.);
#10315 = EDGE_CURVE('',#10316,#10292,#10318,.T.);
#10316 = VERTEX_POINT('',#10317);
#10317 = CARTESIAN_POINT('',(46.5,31.623611625134,3.5));
#10318 = LINE('',#10319,#10320);
#10319 = CARTESIAN_POINT('',(46.5,19.438194187433,3.5));
#10320 = VECTOR('',#10321,1.);
#10321 = DIRECTION('',(-0.,1.,0.));
#10322 = ORIENTED_EDGE('',*,*,#10323,.F.);
#10323 = EDGE_CURVE('',#2624,#10316,#10324,.T.);
#10324 = LINE('',#10325,#10326);
#10325 = CARTESIAN_POINT('',(46.5,31.623611625134,-2.));
#10326 = VECTOR('',#10327,1.);
#10327 = DIRECTION('',(0.,0.,1.));
#10328 = PLANE('',#10329);
#10329 = AXIS2_PLACEMENT_3D('',#10330,#10331,#10332);
#10330 = CARTESIAN_POINT('',(46.5,35.376388374866,-2.));
#10331 = DIRECTION('',(1.,0.,-0.));
#10332 = DIRECTION('',(0.,-1.,0.));
#10333 = ADVANCED_FACE('',(#10334),#10352,.T.);
#10334 = FACE_BOUND('',#10335,.T.);
#10335 = EDGE_LOOP('',(#10336,#10337,#10345,#10351));
#10336 = ORIENTED_EDGE('',*,*,#2599,.T.);
#10337 = ORIENTED_EDGE('',*,*,#10338,.T.);
#10338 = EDGE_CURVE('',#2600,#10339,#10341,.T.);
#10339 = VERTEX_POINT('',#10340);
#10340 = CARTESIAN_POINT('',(53.,35.376388374866,3.5));
#10341 = LINE('',#10342,#10343);
#10342 = CARTESIAN_POINT('',(53.,35.376388374866,-2.));
#10343 = VECTOR('',#10344,1.);
#10344 = DIRECTION('',(0.,0.,1.));
#10345 = ORIENTED_EDGE('',*,*,#10346,.F.);
#10346 = EDGE_CURVE('',#10284,#10339,#10347,.T.);
#10347 = LINE('',#10348,#10349);
#10348 = CARTESIAN_POINT('',(41.151440528383,42.217157375313,3.5));
#10349 = VECTOR('',#10350,1.);
#10350 = DIRECTION('',(0.866025403784,-0.5,0.));
#10351 = ORIENTED_EDGE('',*,*,#10283,.F.);
#10352 = PLANE('',#10353);
#10353 = AXIS2_PLACEMENT_3D('',#10354,#10355,#10356);
#10354 = CARTESIAN_POINT('',(53.,35.376388374866,-2.));
#10355 = DIRECTION('',(-0.5,-0.866025403784,0.));
#10356 = DIRECTION('',(-0.866025403784,0.5,0.));
#10357 = ADVANCED_FACE('',(#10358),#10376,.T.);
#10358 = FACE_BOUND('',#10359,.T.);
#10359 = EDGE_LOOP('',(#10360,#10361,#10362,#10370));
#10360 = ORIENTED_EDGE('',*,*,#2623,.T.);
#10361 = ORIENTED_EDGE('',*,*,#10323,.T.);
#10362 = ORIENTED_EDGE('',*,*,#10363,.F.);
#10363 = EDGE_CURVE('',#10364,#10316,#10366,.T.);
#10364 = VERTEX_POINT('',#10365);
#10365 = CARTESIAN_POINT('',(49.75,29.747223250267,3.5));
#10366 = LINE('',#10367,#10368);
#10367 = CARTESIAN_POINT('',(36.276440528383,37.526186438148,3.5));
#10368 = VECTOR('',#10369,1.);
#10369 = DIRECTION('',(-0.866025403784,0.5,0.));
#10370 = ORIENTED_EDGE('',*,*,#10371,.F.);
#10371 = EDGE_CURVE('',#2616,#10364,#10372,.T.);
#10372 = LINE('',#10373,#10374);
#10373 = CARTESIAN_POINT('',(49.75,29.747223250267,-2.));
#10374 = VECTOR('',#10375,1.);
#10375 = DIRECTION('',(0.,0.,1.));
#10376 = PLANE('',#10377);
#10377 = AXIS2_PLACEMENT_3D('',#10378,#10379,#10380);
#10378 = CARTESIAN_POINT('',(46.5,31.623611625134,-2.));
#10379 = DIRECTION('',(0.5,0.866025403784,-0.));
#10380 = DIRECTION('',(0.866025403784,-0.5,0.));
#10381 = ADVANCED_FACE('',(#10382),#10400,.T.);
#10382 = FACE_BOUND('',#10383,.T.);
#10383 = EDGE_LOOP('',(#10384,#10385,#10393,#10399));
#10384 = ORIENTED_EDGE('',*,*,#2607,.T.);
#10385 = ORIENTED_EDGE('',*,*,#10386,.T.);
#10386 = EDGE_CURVE('',#2608,#10387,#10389,.T.);
#10387 = VERTEX_POINT('',#10388);
#10388 = CARTESIAN_POINT('',(53.,31.623611625134,3.5));
#10389 = LINE('',#10390,#10391);
#10390 = CARTESIAN_POINT('',(53.,31.623611625134,-2.));
#10391 = VECTOR('',#10392,1.);
#10392 = DIRECTION('',(0.,0.,1.));
#10393 = ORIENTED_EDGE('',*,*,#10394,.F.);
#10394 = EDGE_CURVE('',#10339,#10387,#10395,.T.);
#10395 = LINE('',#10396,#10397);
#10396 = CARTESIAN_POINT('',(53.,17.561805812567,3.5));
#10397 = VECTOR('',#10398,1.);
#10398 = DIRECTION('',(0.,-1.,0.));
#10399 = ORIENTED_EDGE('',*,*,#10338,.F.);
#10400 = PLANE('',#10401);
#10401 = AXIS2_PLACEMENT_3D('',#10402,#10403,#10404);
#10402 = CARTESIAN_POINT('',(53.,31.623611625134,-2.));
#10403 = DIRECTION('',(-1.,0.,0.));
#10404 = DIRECTION('',(0.,1.,0.));
#10405 = ADVANCED_FACE('',(#10406),#10417,.T.);
#10406 = FACE_BOUND('',#10407,.T.);
#10407 = EDGE_LOOP('',(#10408,#10409,#10410,#10416));
#10408 = ORIENTED_EDGE('',*,*,#2615,.T.);
#10409 = ORIENTED_EDGE('',*,*,#10371,.T.);
#10410 = ORIENTED_EDGE('',*,*,#10411,.F.);
#10411 = EDGE_CURVE('',#10387,#10364,#10412,.T.);
#10412 = LINE('',#10413,#10414);
#10413 = CARTESIAN_POINT('',(26.536059471617,16.344648437253,3.5));
#10414 = VECTOR('',#10415,1.);
#10415 = DIRECTION('',(-0.866025403784,-0.5,0.));
#10416 = ORIENTED_EDGE('',*,*,#10386,.F.);
#10417 = PLANE('',#10418);
#10418 = AXIS2_PLACEMENT_3D('',#10419,#10420,#10421);
#10419 = CARTESIAN_POINT('',(49.75,29.747223250267,-2.));
#10420 = DIRECTION('',(-0.5,0.866025403784,0.));
#10421 = DIRECTION('',(0.866025403784,0.5,0.));
#10422 = ADVANCED_FACE('',(#10423),#10448,.T.);
#10423 = FACE_BOUND('',#10424,.T.);
#10424 = EDGE_LOOP('',(#10425,#10426,#10434,#10442));
#10425 = ORIENTED_EDGE('',*,*,#2639,.T.);
#10426 = ORIENTED_EDGE('',*,*,#10427,.T.);
#10427 = EDGE_CURVE('',#2642,#10428,#10430,.T.);
#10428 = VERTEX_POINT('',#10429);
#10429 = CARTESIAN_POINT('',(58.75,37.252776749733,3.5));
#10430 = LINE('',#10431,#10432);
#10431 = CARTESIAN_POINT('',(58.75,37.252776749733,-2.));
#10432 = VECTOR('',#10433,1.);
#10433 = DIRECTION('',(0.,0.,1.));
#10434 = ORIENTED_EDGE('',*,*,#10435,.F.);
#10435 = EDGE_CURVE('',#10436,#10428,#10438,.T.);
#10436 = VERTEX_POINT('',#10437);
#10437 = CARTESIAN_POINT('',(55.5,35.376388374866,3.5));
#10438 = LINE('',#10439,#10440);
#10439 = CARTESIAN_POINT('',(30.536059471617,20.96345059077,3.5));
#10440 = VECTOR('',#10441,1.);
#10441 = DIRECTION('',(0.866025403784,0.5,-0.));
#10442 = ORIENTED_EDGE('',*,*,#10443,.F.);
#10443 = EDGE_CURVE('',#2640,#10436,#10444,.T.);
#10444 = LINE('',#10445,#10446);
#10445 = CARTESIAN_POINT('',(55.5,35.376388374866,-2.));
#10446 = VECTOR('',#10447,1.);
#10447 = DIRECTION('',(0.,0.,1.));
#10448 = PLANE('',#10449);
#10449 = AXIS2_PLACEMENT_3D('',#10450,#10451,#10452);
#10450 = CARTESIAN_POINT('',(58.75,37.252776749733,-2.));
#10451 = DIRECTION('',(0.5,-0.866025403784,0.));
#10452 = DIRECTION('',(-0.866025403784,-0.5,0.));
#10453 = ADVANCED_FACE('',(#10454),#10472,.T.);
#10454 = FACE_BOUND('',#10455,.T.);
#10455 = EDGE_LOOP('',(#10456,#10457,#10458,#10466));
#10456 = ORIENTED_EDGE('',*,*,#2681,.T.);
#10457 = ORIENTED_EDGE('',*,*,#10443,.T.);
#10458 = ORIENTED_EDGE('',*,*,#10459,.F.);
#10459 = EDGE_CURVE('',#10460,#10436,#10462,.T.);
#10460 = VERTEX_POINT('',#10461);
#10461 = CARTESIAN_POINT('',(55.5,31.623611625134,3.5));
#10462 = LINE('',#10463,#10464);
#10463 = CARTESIAN_POINT('',(55.5,19.438194187433,3.5));
#10464 = VECTOR('',#10465,1.);
#10465 = DIRECTION('',(-0.,1.,0.));
#10466 = ORIENTED_EDGE('',*,*,#10467,.F.);
#10467 = EDGE_CURVE('',#2674,#10460,#10468,.T.);
#10468 = LINE('',#10469,#10470);
#10469 = CARTESIAN_POINT('',(55.5,31.623611625134,-2.));
#10470 = VECTOR('',#10471,1.);
#10471 = DIRECTION('',(0.,0.,1.));
#10472 = PLANE('',#10473);
#10473 = AXIS2_PLACEMENT_3D('',#10474,#10475,#10476);
#10474 = CARTESIAN_POINT('',(55.5,35.376388374866,-2.));
#10475 = DIRECTION('',(1.,0.,-0.));
#10476 = DIRECTION('',(0.,-1.,0.));
#10477 = ADVANCED_FACE('',(#10478),#10496,.T.);
#10478 = FACE_BOUND('',#10479,.T.);
#10479 = EDGE_LOOP('',(#10480,#10481,#10489,#10495));
#10480 = ORIENTED_EDGE('',*,*,#2649,.T.);
#10481 = ORIENTED_EDGE('',*,*,#10482,.T.);
#10482 = EDGE_CURVE('',#2650,#10483,#10485,.T.);
#10483 = VERTEX_POINT('',#10484);
#10484 = CARTESIAN_POINT('',(62.,35.376388374866,3.5));
#10485 = LINE('',#10486,#10487);
#10486 = CARTESIAN_POINT('',(62.,35.376388374866,-2.));
#10487 = VECTOR('',#10488,1.);
#10488 = DIRECTION('',(0.,0.,1.));
#10489 = ORIENTED_EDGE('',*,*,#10490,.F.);
#10490 = EDGE_CURVE('',#10428,#10483,#10491,.T.);
#10491 = LINE('',#10492,#10493);
#10492 = CARTESIAN_POINT('',(46.776440528383,44.165714533828,3.5));
#10493 = VECTOR('',#10494,1.);
#10494 = DIRECTION('',(0.866025403784,-0.5,0.));
#10495 = ORIENTED_EDGE('',*,*,#10427,.F.);
#10496 = PLANE('',#10497);
#10497 = AXIS2_PLACEMENT_3D('',#10498,#10499,#10500);
#10498 = CARTESIAN_POINT('',(62.,35.376388374866,-2.));
#10499 = DIRECTION('',(-0.5,-0.866025403784,0.));
#10500 = DIRECTION('',(-0.866025403784,0.5,0.));
#10501 = ADVANCED_FACE('',(#10502),#10520,.T.);
#10502 = FACE_BOUND('',#10503,.T.);
#10503 = EDGE_LOOP('',(#10504,#10505,#10506,#10514));
#10504 = ORIENTED_EDGE('',*,*,#2673,.T.);
#10505 = ORIENTED_EDGE('',*,*,#10467,.T.);
#10506 = ORIENTED_EDGE('',*,*,#10507,.F.);
#10507 = EDGE_CURVE('',#10508,#10460,#10510,.T.);
#10508 = VERTEX_POINT('',#10509);
#10509 = CARTESIAN_POINT('',(58.75,29.747223250267,3.5));
#10510 = LINE('',#10511,#10512);
#10511 = CARTESIAN_POINT('',(41.901440528383,39.474743596663,3.5));
#10512 = VECTOR('',#10513,1.);
#10513 = DIRECTION('',(-0.866025403784,0.5,0.));
#10514 = ORIENTED_EDGE('',*,*,#10515,.F.);
#10515 = EDGE_CURVE('',#2666,#10508,#10516,.T.);
#10516 = LINE('',#10517,#10518);
#10517 = CARTESIAN_POINT('',(58.75,29.747223250267,-2.));
#10518 = VECTOR('',#10519,1.);
#10519 = DIRECTION('',(0.,0.,1.));
#10520 = PLANE('',#10521);
#10521 = AXIS2_PLACEMENT_3D('',#10522,#10523,#10524);
#10522 = CARTESIAN_POINT('',(55.5,31.623611625134,-2.));
#10523 = DIRECTION('',(0.5,0.866025403784,-0.));
#10524 = DIRECTION('',(0.866025403784,-0.5,0.));
#10525 = ADVANCED_FACE('',(#10526),#10544,.T.);
#10526 = FACE_BOUND('',#10527,.T.);
#10527 = EDGE_LOOP('',(#10528,#10529,#10537,#10543));
#10528 = ORIENTED_EDGE('',*,*,#2657,.T.);
#10529 = ORIENTED_EDGE('',*,*,#10530,.T.);
#10530 = EDGE_CURVE('',#2658,#10531,#10533,.T.);
#10531 = VERTEX_POINT('',#10532);
#10532 = CARTESIAN_POINT('',(62.,31.623611625134,3.5));
#10533 = LINE('',#10534,#10535);
#10534 = CARTESIAN_POINT('',(62.,31.623611625134,-2.));
#10535 = VECTOR('',#10536,1.);
#10536 = DIRECTION('',(0.,0.,1.));
#10537 = ORIENTED_EDGE('',*,*,#10538,.F.);
#10538 = EDGE_CURVE('',#10483,#10531,#10539,.T.);
#10539 = LINE('',#10540,#10541);
#10540 = CARTESIAN_POINT('',(62.,17.561805812567,3.5));
#10541 = VECTOR('',#10542,1.);
#10542 = DIRECTION('',(0.,-1.,0.));
#10543 = ORIENTED_EDGE('',*,*,#10482,.F.);
#10544 = PLANE('',#10545);
#10545 = AXIS2_PLACEMENT_3D('',#10546,#10547,#10548);
#10546 = CARTESIAN_POINT('',(62.,31.623611625134,-2.));
#10547 = DIRECTION('',(-1.,0.,0.));
#10548 = DIRECTION('',(0.,1.,0.));
#10549 = ADVANCED_FACE('',(#10550),#10561,.T.);
#10550 = FACE_BOUND('',#10551,.T.);
#10551 = EDGE_LOOP('',(#10552,#10553,#10554,#10560));
#10552 = ORIENTED_EDGE('',*,*,#2665,.T.);
#10553 = ORIENTED_EDGE('',*,*,#10515,.T.);
#10554 = ORIENTED_EDGE('',*,*,#10555,.F.);
#10555 = EDGE_CURVE('',#10531,#10508,#10556,.T.);
#10556 = LINE('',#10557,#10558);
#10557 = CARTESIAN_POINT('',(32.161059471617,14.396091278738,3.5));
#10558 = VECTOR('',#10559,1.);
#10559 = DIRECTION('',(-0.866025403784,-0.5,0.));
#10560 = ORIENTED_EDGE('',*,*,#10530,.F.);
#10561 = PLANE('',#10562);
#10562 = AXIS2_PLACEMENT_3D('',#10563,#10564,#10565);
#10563 = CARTESIAN_POINT('',(58.75,29.747223250267,-2.));
#10564 = DIRECTION('',(-0.5,0.866025403784,0.));
#10565 = DIRECTION('',(0.866025403784,0.5,0.));
#10566 = ADVANCED_FACE('',(#10567),#10592,.T.);
#10567 = FACE_BOUND('',#10568,.T.);
#10568 = EDGE_LOOP('',(#10569,#10570,#10578,#10586));
#10569 = ORIENTED_EDGE('',*,*,#2689,.T.);
#10570 = ORIENTED_EDGE('',*,*,#10571,.T.);
#10571 = EDGE_CURVE('',#2692,#10572,#10574,.T.);
#10572 = VERTEX_POINT('',#10573);
#10573 = CARTESIAN_POINT('',(67.75,37.252776749733,3.5));
#10574 = LINE('',#10575,#10576);
#10575 = CARTESIAN_POINT('',(67.75,37.252776749733,-2.));
#10576 = VECTOR('',#10577,1.);
#10577 = DIRECTION('',(0.,0.,1.));
#10578 = ORIENTED_EDGE('',*,*,#10579,.F.);
#10579 = EDGE_CURVE('',#10580,#10572,#10582,.T.);
#10580 = VERTEX_POINT('',#10581);
#10581 = CARTESIAN_POINT('',(64.5,35.376388374866,3.5));
#10582 = LINE('',#10583,#10584);
#10583 = CARTESIAN_POINT('',(36.161059471617,19.014893432255,3.5));
#10584 = VECTOR('',#10585,1.);
#10585 = DIRECTION('',(0.866025403784,0.5,-0.));
#10586 = ORIENTED_EDGE('',*,*,#10587,.F.);
#10587 = EDGE_CURVE('',#2690,#10580,#10588,.T.);
#10588 = LINE('',#10589,#10590);
#10589 = CARTESIAN_POINT('',(64.5,35.376388374866,-2.));
#10590 = VECTOR('',#10591,1.);
#10591 = DIRECTION('',(0.,0.,1.));
#10592 = PLANE('',#10593);
#10593 = AXIS2_PLACEMENT_3D('',#10594,#10595,#10596);
#10594 = CARTESIAN_POINT('',(67.75,37.252776749733,-2.));
#10595 = DIRECTION('',(0.5,-0.866025403784,0.));
#10596 = DIRECTION('',(-0.866025403784,-0.5,0.));
#10597 = ADVANCED_FACE('',(#10598),#10616,.T.);
#10598 = FACE_BOUND('',#10599,.T.);
#10599 = EDGE_LOOP('',(#10600,#10601,#10602,#10610));
#10600 = ORIENTED_EDGE('',*,*,#2731,.T.);
#10601 = ORIENTED_EDGE('',*,*,#10587,.T.);
#10602 = ORIENTED_EDGE('',*,*,#10603,.F.);
#10603 = EDGE_CURVE('',#10604,#10580,#10606,.T.);
#10604 = VERTEX_POINT('',#10605);
#10605 = CARTESIAN_POINT('',(64.5,31.623611625134,3.5));
#10606 = LINE('',#10607,#10608);
#10607 = CARTESIAN_POINT('',(64.5,19.438194187433,3.5));
#10608 = VECTOR('',#10609,1.);
#10609 = DIRECTION('',(-0.,1.,0.));
#10610 = ORIENTED_EDGE('',*,*,#10611,.F.);
#10611 = EDGE_CURVE('',#2724,#10604,#10612,.T.);
#10612 = LINE('',#10613,#10614);
#10613 = CARTESIAN_POINT('',(64.5,31.623611625134,-2.));
#10614 = VECTOR('',#10615,1.);
#10615 = DIRECTION('',(0.,0.,1.));
#10616 = PLANE('',#10617);
#10617 = AXIS2_PLACEMENT_3D('',#10618,#10619,#10620);
#10618 = CARTESIAN_POINT('',(64.5,35.376388374866,-2.));
#10619 = DIRECTION('',(1.,0.,-0.));
#10620 = DIRECTION('',(0.,-1.,0.));
#10621 = ADVANCED_FACE('',(#10622),#10640,.T.);
#10622 = FACE_BOUND('',#10623,.T.);
#10623 = EDGE_LOOP('',(#10624,#10625,#10633,#10639));
#10624 = ORIENTED_EDGE('',*,*,#2699,.T.);
#10625 = ORIENTED_EDGE('',*,*,#10626,.T.);
#10626 = EDGE_CURVE('',#2700,#10627,#10629,.T.);
#10627 = VERTEX_POINT('',#10628);
#10628 = CARTESIAN_POINT('',(71.,35.376388374866,3.5));
#10629 = LINE('',#10630,#10631);
#10630 = CARTESIAN_POINT('',(71.,35.376388374866,-2.));
#10631 = VECTOR('',#10632,1.);
#10632 = DIRECTION('',(0.,0.,1.));
#10633 = ORIENTED_EDGE('',*,*,#10634,.F.);
#10634 = EDGE_CURVE('',#10572,#10627,#10635,.T.);
#10635 = LINE('',#10636,#10637);
#10636 = CARTESIAN_POINT('',(52.401440528383,46.114271692343,3.5));
#10637 = VECTOR('',#10638,1.);
#10638 = DIRECTION('',(0.866025403784,-0.5,0.));
#10639 = ORIENTED_EDGE('',*,*,#10571,.F.);
#10640 = PLANE('',#10641);
#10641 = AXIS2_PLACEMENT_3D('',#10642,#10643,#10644);
#10642 = CARTESIAN_POINT('',(71.,35.376388374866,-2.));
#10643 = DIRECTION('',(-0.5,-0.866025403784,0.));
#10644 = DIRECTION('',(-0.866025403784,0.5,0.));
#10645 = ADVANCED_FACE('',(#10646),#10664,.T.);
#10646 = FACE_BOUND('',#10647,.T.);
#10647 = EDGE_LOOP('',(#10648,#10649,#10650,#10658));
#10648 = ORIENTED_EDGE('',*,*,#2723,.T.);
#10649 = ORIENTED_EDGE('',*,*,#10611,.T.);
#10650 = ORIENTED_EDGE('',*,*,#10651,.F.);
#10651 = EDGE_CURVE('',#10652,#10604,#10654,.T.);
#10652 = VERTEX_POINT('',#10653);
#10653 = CARTESIAN_POINT('',(67.75,29.747223250267,3.5));
#10654 = LINE('',#10655,#10656);
#10655 = CARTESIAN_POINT('',(47.526440528383,41.423300755178,3.5));
#10656 = VECTOR('',#10657,1.);
#10657 = DIRECTION('',(-0.866025403784,0.5,0.));
#10658 = ORIENTED_EDGE('',*,*,#10659,.F.);
#10659 = EDGE_CURVE('',#2716,#10652,#10660,.T.);
#10660 = LINE('',#10661,#10662);
#10661 = CARTESIAN_POINT('',(67.75,29.747223250267,-2.));
#10662 = VECTOR('',#10663,1.);
#10663 = DIRECTION('',(0.,0.,1.));
#10664 = PLANE('',#10665);
#10665 = AXIS2_PLACEMENT_3D('',#10666,#10667,#10668);
#10666 = CARTESIAN_POINT('',(64.5,31.623611625134,-2.));
#10667 = DIRECTION('',(0.5,0.866025403784,-0.));
#10668 = DIRECTION('',(0.866025403784,-0.5,0.));
#10669 = ADVANCED_FACE('',(#10670),#10688,.T.);
#10670 = FACE_BOUND('',#10671,.T.);
#10671 = EDGE_LOOP('',(#10672,#10673,#10681,#10687));
#10672 = ORIENTED_EDGE('',*,*,#2707,.T.);
#10673 = ORIENTED_EDGE('',*,*,#10674,.T.);
#10674 = EDGE_CURVE('',#2708,#10675,#10677,.T.);
#10675 = VERTEX_POINT('',#10676);
#10676 = CARTESIAN_POINT('',(71.,31.623611625134,3.5));
#10677 = LINE('',#10678,#10679);
#10678 = CARTESIAN_POINT('',(71.,31.623611625134,-2.));
#10679 = VECTOR('',#10680,1.);
#10680 = DIRECTION('',(0.,0.,1.));
#10681 = ORIENTED_EDGE('',*,*,#10682,.F.);
#10682 = EDGE_CURVE('',#10627,#10675,#10683,.T.);
#10683 = LINE('',#10684,#10685);
#10684 = CARTESIAN_POINT('',(71.,17.561805812567,3.5));
#10685 = VECTOR('',#10686,1.);
#10686 = DIRECTION('',(0.,-1.,0.));
#10687 = ORIENTED_EDGE('',*,*,#10626,.F.);
#10688 = PLANE('',#10689);
#10689 = AXIS2_PLACEMENT_3D('',#10690,#10691,#10692);
#10690 = CARTESIAN_POINT('',(71.,31.623611625134,-2.));
#10691 = DIRECTION('',(-1.,0.,0.));
#10692 = DIRECTION('',(0.,1.,0.));
#10693 = ADVANCED_FACE('',(#10694),#10705,.T.);
#10694 = FACE_BOUND('',#10695,.T.);
#10695 = EDGE_LOOP('',(#10696,#10697,#10698,#10704));
#10696 = ORIENTED_EDGE('',*,*,#2715,.T.);
#10697 = ORIENTED_EDGE('',*,*,#10659,.T.);
#10698 = ORIENTED_EDGE('',*,*,#10699,.F.);
#10699 = EDGE_CURVE('',#10675,#10652,#10700,.T.);
#10700 = LINE('',#10701,#10702);
#10701 = CARTESIAN_POINT('',(37.786059471617,12.447534120223,3.5));
#10702 = VECTOR('',#10703,1.);
#10703 = DIRECTION('',(-0.866025403784,-0.5,0.));
#10704 = ORIENTED_EDGE('',*,*,#10674,.F.);
#10705 = PLANE('',#10706);
#10706 = AXIS2_PLACEMENT_3D('',#10707,#10708,#10709);
#10707 = CARTESIAN_POINT('',(67.75,29.747223250267,-2.));
#10708 = DIRECTION('',(-0.5,0.866025403784,0.));
#10709 = DIRECTION('',(0.866025403784,0.5,0.));
#10710 = ADVANCED_FACE('',(#10711),#10736,.T.);
#10711 = FACE_BOUND('',#10712,.T.);
#10712 = EDGE_LOOP('',(#10713,#10714,#10722,#10730));
#10713 = ORIENTED_EDGE('',*,*,#2739,.T.);
#10714 = ORIENTED_EDGE('',*,*,#10715,.T.);
#10715 = EDGE_CURVE('',#2742,#10716,#10718,.T.);
#10716 = VERTEX_POINT('',#10717);
#10717 = CARTESIAN_POINT('',(54.75,45.252776749733,3.5));
#10718 = LINE('',#10719,#10720);
#10719 = CARTESIAN_POINT('',(54.75,45.252776749733,-2.));
#10720 = VECTOR('',#10721,1.);
#10721 = DIRECTION('',(0.,0.,1.));
#10722 = ORIENTED_EDGE('',*,*,#10723,.F.);
#10723 = EDGE_CURVE('',#10724,#10716,#10726,.T.);
#10724 = VERTEX_POINT('',#10725);
#10725 = CARTESIAN_POINT('',(51.5,43.376388374866,3.5));
#10726 = LINE('',#10727,#10728);
#10727 = CARTESIAN_POINT('',(26.304008664048,28.829475994555,3.5));
#10728 = VECTOR('',#10729,1.);
#10729 = DIRECTION('',(0.866025403784,0.5,-0.));
#10730 = ORIENTED_EDGE('',*,*,#10731,.F.);
#10731 = EDGE_CURVE('',#2740,#10724,#10732,.T.);
#10732 = LINE('',#10733,#10734);
#10733 = CARTESIAN_POINT('',(51.5,43.376388374866,-2.));
#10734 = VECTOR('',#10735,1.);
#10735 = DIRECTION('',(0.,0.,1.));
#10736 = PLANE('',#10737);
#10737 = AXIS2_PLACEMENT_3D('',#10738,#10739,#10740);
#10738 = CARTESIAN_POINT('',(54.75,45.252776749733,-2.));
#10739 = DIRECTION('',(0.5,-0.866025403784,0.));
#10740 = DIRECTION('',(-0.866025403784,-0.5,0.));
#10741 = ADVANCED_FACE('',(#10742),#10760,.T.);
#10742 = FACE_BOUND('',#10743,.T.);
#10743 = EDGE_LOOP('',(#10744,#10745,#10746,#10754));
#10744 = ORIENTED_EDGE('',*,*,#2781,.T.);
#10745 = ORIENTED_EDGE('',*,*,#10731,.T.);
#10746 = ORIENTED_EDGE('',*,*,#10747,.F.);
#10747 = EDGE_CURVE('',#10748,#10724,#10750,.T.);
#10748 = VERTEX_POINT('',#10749);
#10749 = CARTESIAN_POINT('',(51.5,39.623611625134,3.5));
#10750 = LINE('',#10751,#10752);
#10751 = CARTESIAN_POINT('',(51.5,23.438194187433,3.5));
#10752 = VECTOR('',#10753,1.);
#10753 = DIRECTION('',(-0.,1.,0.));
#10754 = ORIENTED_EDGE('',*,*,#10755,.F.);
#10755 = EDGE_CURVE('',#2774,#10748,#10756,.T.);
#10756 = LINE('',#10757,#10758);
#10757 = CARTESIAN_POINT('',(51.5,39.623611625134,-2.));
#10758 = VECTOR('',#10759,1.);
#10759 = DIRECTION('',(0.,0.,1.));
#10760 = PLANE('',#10761);
#10761 = AXIS2_PLACEMENT_3D('',#10762,#10763,#10764);
#10762 = CARTESIAN_POINT('',(51.5,43.376388374866,-2.));
#10763 = DIRECTION('',(1.,0.,-0.));
#10764 = DIRECTION('',(0.,-1.,0.));
#10765 = ADVANCED_FACE('',(#10766),#10784,.T.);
#10766 = FACE_BOUND('',#10767,.T.);
#10767 = EDGE_LOOP('',(#10768,#10769,#10777,#10783));
#10768 = ORIENTED_EDGE('',*,*,#2749,.T.);
#10769 = ORIENTED_EDGE('',*,*,#10770,.T.);
#10770 = EDGE_CURVE('',#2750,#10771,#10773,.T.);
#10771 = VERTEX_POINT('',#10772);
#10772 = CARTESIAN_POINT('',(58.,43.376388374866,3.5));
#10773 = LINE('',#10774,#10775);
#10774 = CARTESIAN_POINT('',(58.,43.376388374866,-2.));
#10775 = VECTOR('',#10776,1.);
#10776 = DIRECTION('',(0.,0.,1.));
#10777 = ORIENTED_EDGE('',*,*,#10778,.F.);
#10778 = EDGE_CURVE('',#10716,#10771,#10779,.T.);
#10779 = LINE('',#10780,#10781);
#10780 = CARTESIAN_POINT('',(46.008491335952,50.299689130044,3.5));
#10781 = VECTOR('',#10782,1.);
#10782 = DIRECTION('',(0.866025403784,-0.5,0.));
#10783 = ORIENTED_EDGE('',*,*,#10715,.F.);
#10784 = PLANE('',#10785);
#10785 = AXIS2_PLACEMENT_3D('',#10786,#10787,#10788);
#10786 = CARTESIAN_POINT('',(58.,43.376388374866,-2.));
#10787 = DIRECTION('',(-0.5,-0.866025403784,0.));
#10788 = DIRECTION('',(-0.866025403784,0.5,0.));
#10789 = ADVANCED_FACE('',(#10790),#10808,.T.);
#10790 = FACE_BOUND('',#10791,.T.);
#10791 = EDGE_LOOP('',(#10792,#10793,#10794,#10802));
#10792 = ORIENTED_EDGE('',*,*,#2773,.T.);
#10793 = ORIENTED_EDGE('',*,*,#10755,.T.);
#10794 = ORIENTED_EDGE('',*,*,#10795,.F.);
#10795 = EDGE_CURVE('',#10796,#10748,#10798,.T.);
#10796 = VERTEX_POINT('',#10797);
#10797 = CARTESIAN_POINT('',(54.75,37.747223250267,3.5));
#10798 = LINE('',#10799,#10800);
#10799 = CARTESIAN_POINT('',(41.133491335952,45.608718192878,3.5));
#10800 = VECTOR('',#10801,1.);
#10801 = DIRECTION('',(-0.866025403784,0.5,0.));
#10802 = ORIENTED_EDGE('',*,*,#10803,.F.);
#10803 = EDGE_CURVE('',#2766,#10796,#10804,.T.);
#10804 = LINE('',#10805,#10806);
#10805 = CARTESIAN_POINT('',(54.75,37.747223250267,-2.));
#10806 = VECTOR('',#10807,1.);
#10807 = DIRECTION('',(0.,0.,1.));
#10808 = PLANE('',#10809);
#10809 = AXIS2_PLACEMENT_3D('',#10810,#10811,#10812);
#10810 = CARTESIAN_POINT('',(51.5,39.623611625134,-2.));
#10811 = DIRECTION('',(0.5,0.866025403784,-0.));
#10812 = DIRECTION('',(0.866025403784,-0.5,0.));
#10813 = ADVANCED_FACE('',(#10814),#10832,.T.);
#10814 = FACE_BOUND('',#10815,.T.);
#10815 = EDGE_LOOP('',(#10816,#10817,#10825,#10831));
#10816 = ORIENTED_EDGE('',*,*,#2757,.T.);
#10817 = ORIENTED_EDGE('',*,*,#10818,.T.);
#10818 = EDGE_CURVE('',#2758,#10819,#10821,.T.);
#10819 = VERTEX_POINT('',#10820);
#10820 = CARTESIAN_POINT('',(58.,39.623611625134,3.5));
#10821 = LINE('',#10822,#10823);
#10822 = CARTESIAN_POINT('',(58.,39.623611625134,-2.));
#10823 = VECTOR('',#10824,1.);
#10824 = DIRECTION('',(0.,0.,1.));
#10825 = ORIENTED_EDGE('',*,*,#10826,.F.);
#10826 = EDGE_CURVE('',#10771,#10819,#10827,.T.);
#10827 = LINE('',#10828,#10829);
#10828 = CARTESIAN_POINT('',(58.,21.561805812567,3.5));
#10829 = VECTOR('',#10830,1.);
#10830 = DIRECTION('',(0.,-1.,0.));
#10831 = ORIENTED_EDGE('',*,*,#10770,.F.);
#10832 = PLANE('',#10833);
#10833 = AXIS2_PLACEMENT_3D('',#10834,#10835,#10836);
#10834 = CARTESIAN_POINT('',(58.,39.623611625134,-2.));
#10835 = DIRECTION('',(-1.,0.,0.));
#10836 = DIRECTION('',(0.,1.,0.));
#10837 = ADVANCED_FACE('',(#10838),#10849,.T.);
#10838 = FACE_BOUND('',#10839,.T.);
#10839 = EDGE_LOOP('',(#10840,#10841,#10842,#10848));
#10840 = ORIENTED_EDGE('',*,*,#2765,.T.);
#10841 = ORIENTED_EDGE('',*,*,#10803,.T.);
#10842 = ORIENTED_EDGE('',*,*,#10843,.F.);
#10843 = EDGE_CURVE('',#10819,#10796,#10844,.T.);
#10844 = LINE('',#10845,#10846);
#10845 = CARTESIAN_POINT('',(27.929008664048,22.262116682523,3.5));
#10846 = VECTOR('',#10847,1.);
#10847 = DIRECTION('',(-0.866025403784,-0.5,0.));
#10848 = ORIENTED_EDGE('',*,*,#10818,.F.);
#10849 = PLANE('',#10850);
#10850 = AXIS2_PLACEMENT_3D('',#10851,#10852,#10853);
#10851 = CARTESIAN_POINT('',(54.75,37.747223250267,-2.));
#10852 = DIRECTION('',(-0.5,0.866025403784,0.));
#10853 = DIRECTION('',(0.866025403784,0.5,0.));
#10854 = ADVANCED_FACE('',(#10855),#10880,.T.);
#10855 = FACE_BOUND('',#10856,.T.);
#10856 = EDGE_LOOP('',(#10857,#10858,#10866,#10874));
#10857 = ORIENTED_EDGE('',*,*,#2789,.T.);
#10858 = ORIENTED_EDGE('',*,*,#10859,.T.);
#10859 = EDGE_CURVE('',#2792,#10860,#10862,.T.);
#10860 = VERTEX_POINT('',#10861);
#10861 = CARTESIAN_POINT('',(63.75,45.252776749733,3.5));
#10862 = LINE('',#10863,#10864);
#10863 = CARTESIAN_POINT('',(63.75,45.252776749733,-2.));
#10864 = VECTOR('',#10865,1.);
#10865 = DIRECTION('',(0.,0.,1.));
#10866 = ORIENTED_EDGE('',*,*,#10867,.F.);
#10867 = EDGE_CURVE('',#10868,#10860,#10870,.T.);
#10868 = VERTEX_POINT('',#10869);
#10869 = CARTESIAN_POINT('',(60.5,43.376388374866,3.5));
#10870 = LINE('',#10871,#10872);
#10871 = CARTESIAN_POINT('',(31.929008664048,26.88091883604,3.5));
#10872 = VECTOR('',#10873,1.);
#10873 = DIRECTION('',(0.866025403784,0.5,-0.));
#10874 = ORIENTED_EDGE('',*,*,#10875,.F.);
#10875 = EDGE_CURVE('',#2790,#10868,#10876,.T.);
#10876 = LINE('',#10877,#10878);
#10877 = CARTESIAN_POINT('',(60.5,43.376388374866,-2.));
#10878 = VECTOR('',#10879,1.);
#10879 = DIRECTION('',(0.,0.,1.));
#10880 = PLANE('',#10881);
#10881 = AXIS2_PLACEMENT_3D('',#10882,#10883,#10884);
#10882 = CARTESIAN_POINT('',(63.75,45.252776749733,-2.));
#10883 = DIRECTION('',(0.5,-0.866025403784,0.));
#10884 = DIRECTION('',(-0.866025403784,-0.5,0.));
#10885 = ADVANCED_FACE('',(#10886),#10904,.T.);
#10886 = FACE_BOUND('',#10887,.T.);
#10887 = EDGE_LOOP('',(#10888,#10889,#10890,#10898));
#10888 = ORIENTED_EDGE('',*,*,#2831,.T.);
#10889 = ORIENTED_EDGE('',*,*,#10875,.T.);
#10890 = ORIENTED_EDGE('',*,*,#10891,.F.);
#10891 = EDGE_CURVE('',#10892,#10868,#10894,.T.);
#10892 = VERTEX_POINT('',#10893);
#10893 = CARTESIAN_POINT('',(60.5,39.623611625134,3.5));
#10894 = LINE('',#10895,#10896);
#10895 = CARTESIAN_POINT('',(60.5,23.438194187433,3.5));
#10896 = VECTOR('',#10897,1.);
#10897 = DIRECTION('',(-0.,1.,0.));
#10898 = ORIENTED_EDGE('',*,*,#10899,.F.);
#10899 = EDGE_CURVE('',#2824,#10892,#10900,.T.);
#10900 = LINE('',#10901,#10902);
#10901 = CARTESIAN_POINT('',(60.5,39.623611625134,-2.));
#10902 = VECTOR('',#10903,1.);
#10903 = DIRECTION('',(0.,0.,1.));
#10904 = PLANE('',#10905);
#10905 = AXIS2_PLACEMENT_3D('',#10906,#10907,#10908);
#10906 = CARTESIAN_POINT('',(60.5,43.376388374866,-2.));
#10907 = DIRECTION('',(1.,0.,-0.));
#10908 = DIRECTION('',(0.,-1.,0.));
#10909 = ADVANCED_FACE('',(#10910),#10928,.T.);
#10910 = FACE_BOUND('',#10911,.T.);
#10911 = EDGE_LOOP('',(#10912,#10913,#10921,#10927));
#10912 = ORIENTED_EDGE('',*,*,#2799,.T.);
#10913 = ORIENTED_EDGE('',*,*,#10914,.T.);
#10914 = EDGE_CURVE('',#2800,#10915,#10917,.T.);
#10915 = VERTEX_POINT('',#10916);
#10916 = CARTESIAN_POINT('',(67.,43.376388374866,3.5));
#10917 = LINE('',#10918,#10919);
#10918 = CARTESIAN_POINT('',(67.,43.376388374866,-2.));
#10919 = VECTOR('',#10920,1.);
#10920 = DIRECTION('',(0.,0.,1.));
#10921 = ORIENTED_EDGE('',*,*,#10922,.F.);
#10922 = EDGE_CURVE('',#10860,#10915,#10923,.T.);
#10923 = LINE('',#10924,#10925);
#10924 = CARTESIAN_POINT('',(51.633491335952,52.248246288559,3.5));
#10925 = VECTOR('',#10926,1.);
#10926 = DIRECTION('',(0.866025403784,-0.5,0.));
#10927 = ORIENTED_EDGE('',*,*,#10859,.F.);
#10928 = PLANE('',#10929);
#10929 = AXIS2_PLACEMENT_3D('',#10930,#10931,#10932);
#10930 = CARTESIAN_POINT('',(67.,43.376388374866,-2.));
#10931 = DIRECTION('',(-0.5,-0.866025403784,0.));
#10932 = DIRECTION('',(-0.866025403784,0.5,0.));
#10933 = ADVANCED_FACE('',(#10934),#10952,.T.);
#10934 = FACE_BOUND('',#10935,.T.);
#10935 = EDGE_LOOP('',(#10936,#10937,#10938,#10946));
#10936 = ORIENTED_EDGE('',*,*,#2823,.T.);
#10937 = ORIENTED_EDGE('',*,*,#10899,.T.);
#10938 = ORIENTED_EDGE('',*,*,#10939,.F.);
#10939 = EDGE_CURVE('',#10940,#10892,#10942,.T.);
#10940 = VERTEX_POINT('',#10941);
#10941 = CARTESIAN_POINT('',(63.75,37.747223250267,3.5));
#10942 = LINE('',#10943,#10944);
#10943 = CARTESIAN_POINT('',(46.758491335952,47.557275351393,3.5));
#10944 = VECTOR('',#10945,1.);
#10945 = DIRECTION('',(-0.866025403784,0.5,0.));
#10946 = ORIENTED_EDGE('',*,*,#10947,.F.);
#10947 = EDGE_CURVE('',#2816,#10940,#10948,.T.);
#10948 = LINE('',#10949,#10950);
#10949 = CARTESIAN_POINT('',(63.75,37.747223250267,-2.));
#10950 = VECTOR('',#10951,1.);
#10951 = DIRECTION('',(0.,0.,1.));
#10952 = PLANE('',#10953);
#10953 = AXIS2_PLACEMENT_3D('',#10954,#10955,#10956);
#10954 = CARTESIAN_POINT('',(60.5,39.623611625134,-2.));
#10955 = DIRECTION('',(0.5,0.866025403784,-0.));
#10956 = DIRECTION('',(0.866025403784,-0.5,0.));
#10957 = ADVANCED_FACE('',(#10958),#10976,.T.);
#10958 = FACE_BOUND('',#10959,.T.);
#10959 = EDGE_LOOP('',(#10960,#10961,#10969,#10975));
#10960 = ORIENTED_EDGE('',*,*,#2807,.T.);
#10961 = ORIENTED_EDGE('',*,*,#10962,.T.);
#10962 = EDGE_CURVE('',#2808,#10963,#10965,.T.);
#10963 = VERTEX_POINT('',#10964);
#10964 = CARTESIAN_POINT('',(67.,39.623611625134,3.5));
#10965 = LINE('',#10966,#10967);
#10966 = CARTESIAN_POINT('',(67.,39.623611625134,-2.));
#10967 = VECTOR('',#10968,1.);
#10968 = DIRECTION('',(0.,0.,1.));
#10969 = ORIENTED_EDGE('',*,*,#10970,.F.);
#10970 = EDGE_CURVE('',#10915,#10963,#10971,.T.);
#10971 = LINE('',#10972,#10973);
#10972 = CARTESIAN_POINT('',(67.,21.561805812567,3.5));
#10973 = VECTOR('',#10974,1.);
#10974 = DIRECTION('',(0.,-1.,0.));
#10975 = ORIENTED_EDGE('',*,*,#10914,.F.);
#10976 = PLANE('',#10977);
#10977 = AXIS2_PLACEMENT_3D('',#10978,#10979,#10980);
#10978 = CARTESIAN_POINT('',(67.,39.623611625134,-2.));
#10979 = DIRECTION('',(-1.,0.,0.));
#10980 = DIRECTION('',(0.,1.,0.));
#10981 = ADVANCED_FACE('',(#10982),#10993,.T.);
#10982 = FACE_BOUND('',#10983,.T.);
#10983 = EDGE_LOOP('',(#10984,#10985,#10986,#10992));
#10984 = ORIENTED_EDGE('',*,*,#2815,.T.);
#10985 = ORIENTED_EDGE('',*,*,#10947,.T.);
#10986 = ORIENTED_EDGE('',*,*,#10987,.F.);
#10987 = EDGE_CURVE('',#10963,#10940,#10988,.T.);
#10988 = LINE('',#10989,#10990);
#10989 = CARTESIAN_POINT('',(33.554008664048,20.313559524008,3.5));
#10990 = VECTOR('',#10991,1.);
#10991 = DIRECTION('',(-0.866025403784,-0.5,0.));
#10992 = ORIENTED_EDGE('',*,*,#10962,.F.);
#10993 = PLANE('',#10994);
#10994 = AXIS2_PLACEMENT_3D('',#10995,#10996,#10997);
#10995 = CARTESIAN_POINT('',(63.75,37.747223250267,-2.));
#10996 = DIRECTION('',(-0.5,0.866025403784,0.));
#10997 = DIRECTION('',(0.866025403784,0.5,0.));
#10998 = ADVANCED_FACE('',(#10999),#11024,.T.);
#10999 = FACE_BOUND('',#11000,.T.);
#11000 = EDGE_LOOP('',(#11001,#11002,#11010,#11018));
#11001 = ORIENTED_EDGE('',*,*,#2839,.T.);
#11002 = ORIENTED_EDGE('',*,*,#11003,.T.);
#11003 = EDGE_CURVE('',#2842,#11004,#11006,.T.);
#11004 = VERTEX_POINT('',#11005);
#11005 = CARTESIAN_POINT('',(76.75,37.252776749733,3.5));
#11006 = LINE('',#11007,#11008);
#11007 = CARTESIAN_POINT('',(76.75,37.252776749733,-2.));
#11008 = VECTOR('',#11009,1.);
#11009 = DIRECTION('',(0.,0.,1.));
#11010 = ORIENTED_EDGE('',*,*,#11011,.F.);
#11011 = EDGE_CURVE('',#11012,#11004,#11014,.T.);
#11012 = VERTEX_POINT('',#11013);
#11013 = CARTESIAN_POINT('',(73.5,35.376388374866,3.5));
#11014 = LINE('',#11015,#11016);
#11015 = CARTESIAN_POINT('',(41.786059471617,17.06633627374,3.5));
#11016 = VECTOR('',#11017,1.);
#11017 = DIRECTION('',(0.866025403784,0.5,-0.));
#11018 = ORIENTED_EDGE('',*,*,#11019,.F.);
#11019 = EDGE_CURVE('',#2840,#11012,#11020,.T.);
#11020 = LINE('',#11021,#11022);
#11021 = CARTESIAN_POINT('',(73.5,35.376388374866,-2.));
#11022 = VECTOR('',#11023,1.);
#11023 = DIRECTION('',(0.,0.,1.));
#11024 = PLANE('',#11025);
#11025 = AXIS2_PLACEMENT_3D('',#11026,#11027,#11028);
#11026 = CARTESIAN_POINT('',(76.75,37.252776749733,-2.));
#11027 = DIRECTION('',(0.5,-0.866025403784,0.));
#11028 = DIRECTION('',(-0.866025403784,-0.5,0.));
#11029 = ADVANCED_FACE('',(#11030),#11048,.T.);
#11030 = FACE_BOUND('',#11031,.T.);
#11031 = EDGE_LOOP('',(#11032,#11033,#11034,#11042));
#11032 = ORIENTED_EDGE('',*,*,#2881,.T.);
#11033 = ORIENTED_EDGE('',*,*,#11019,.T.);
#11034 = ORIENTED_EDGE('',*,*,#11035,.F.);
#11035 = EDGE_CURVE('',#11036,#11012,#11038,.T.);
#11036 = VERTEX_POINT('',#11037);
#11037 = CARTESIAN_POINT('',(73.5,31.623611625134,3.5));
#11038 = LINE('',#11039,#11040);
#11039 = CARTESIAN_POINT('',(73.5,19.438194187433,3.5));
#11040 = VECTOR('',#11041,1.);
#11041 = DIRECTION('',(-0.,1.,0.));
#11042 = ORIENTED_EDGE('',*,*,#11043,.F.);
#11043 = EDGE_CURVE('',#2874,#11036,#11044,.T.);
#11044 = LINE('',#11045,#11046);
#11045 = CARTESIAN_POINT('',(73.5,31.623611625134,-2.));
#11046 = VECTOR('',#11047,1.);
#11047 = DIRECTION('',(0.,0.,1.));
#11048 = PLANE('',#11049);
#11049 = AXIS2_PLACEMENT_3D('',#11050,#11051,#11052);
#11050 = CARTESIAN_POINT('',(73.5,35.376388374866,-2.));
#11051 = DIRECTION('',(1.,0.,-0.));
#11052 = DIRECTION('',(0.,-1.,0.));
#11053 = ADVANCED_FACE('',(#11054),#11072,.T.);
#11054 = FACE_BOUND('',#11055,.T.);
#11055 = EDGE_LOOP('',(#11056,#11057,#11065,#11071));
#11056 = ORIENTED_EDGE('',*,*,#2849,.T.);
#11057 = ORIENTED_EDGE('',*,*,#11058,.T.);
#11058 = EDGE_CURVE('',#2850,#11059,#11061,.T.);
#11059 = VERTEX_POINT('',#11060);
#11060 = CARTESIAN_POINT('',(80.,35.376388374866,3.5));
#11061 = LINE('',#11062,#11063);
#11062 = CARTESIAN_POINT('',(80.,35.376388374866,-2.));
#11063 = VECTOR('',#11064,1.);
#11064 = DIRECTION('',(0.,0.,1.));
#11065 = ORIENTED_EDGE('',*,*,#11066,.F.);
#11066 = EDGE_CURVE('',#11004,#11059,#11067,.T.);
#11067 = LINE('',#11068,#11069);
#11068 = CARTESIAN_POINT('',(58.026440528383,48.062828850858,3.5));
#11069 = VECTOR('',#11070,1.);
#11070 = DIRECTION('',(0.866025403784,-0.5,0.));
#11071 = ORIENTED_EDGE('',*,*,#11003,.F.);
#11072 = PLANE('',#11073);
#11073 = AXIS2_PLACEMENT_3D('',#11074,#11075,#11076);
#11074 = CARTESIAN_POINT('',(80.,35.376388374866,-2.));
#11075 = DIRECTION('',(-0.5,-0.866025403784,0.));
#11076 = DIRECTION('',(-0.866025403784,0.5,0.));
#11077 = ADVANCED_FACE('',(#11078),#11096,.T.);
#11078 = FACE_BOUND('',#11079,.T.);
#11079 = EDGE_LOOP('',(#11080,#11081,#11082,#11090));
#11080 = ORIENTED_EDGE('',*,*,#2873,.T.);
#11081 = ORIENTED_EDGE('',*,*,#11043,.T.);
#11082 = ORIENTED_EDGE('',*,*,#11083,.F.);
#11083 = EDGE_CURVE('',#11084,#11036,#11086,.T.);
#11084 = VERTEX_POINT('',#11085);
#11085 = CARTESIAN_POINT('',(76.75,29.747223250267,3.5));
#11086 = LINE('',#11087,#11088);
#11087 = CARTESIAN_POINT('',(53.151440528383,43.371857913693,3.5));
#11088 = VECTOR('',#11089,1.);
#11089 = DIRECTION('',(-0.866025403784,0.5,0.));
#11090 = ORIENTED_EDGE('',*,*,#11091,.F.);
#11091 = EDGE_CURVE('',#2866,#11084,#11092,.T.);
#11092 = LINE('',#11093,#11094);
#11093 = CARTESIAN_POINT('',(76.75,29.747223250267,-2.));
#11094 = VECTOR('',#11095,1.);
#11095 = DIRECTION('',(0.,0.,1.));
#11096 = PLANE('',#11097);
#11097 = AXIS2_PLACEMENT_3D('',#11098,#11099,#11100);
#11098 = CARTESIAN_POINT('',(73.5,31.623611625134,-2.));
#11099 = DIRECTION('',(0.5,0.866025403784,-0.));
#11100 = DIRECTION('',(0.866025403784,-0.5,0.));
#11101 = ADVANCED_FACE('',(#11102),#11120,.T.);
#11102 = FACE_BOUND('',#11103,.T.);
#11103 = EDGE_LOOP('',(#11104,#11105,#11113,#11119));
#11104 = ORIENTED_EDGE('',*,*,#2857,.T.);
#11105 = ORIENTED_EDGE('',*,*,#11106,.T.);
#11106 = EDGE_CURVE('',#2858,#11107,#11109,.T.);
#11107 = VERTEX_POINT('',#11108);
#11108 = CARTESIAN_POINT('',(80.,31.623611625134,3.5));
#11109 = LINE('',#11110,#11111);
#11110 = CARTESIAN_POINT('',(80.,31.623611625134,-2.));
#11111 = VECTOR('',#11112,1.);
#11112 = DIRECTION('',(0.,0.,1.));
#11113 = ORIENTED_EDGE('',*,*,#11114,.F.);
#11114 = EDGE_CURVE('',#11059,#11107,#11115,.T.);
#11115 = LINE('',#11116,#11117);
#11116 = CARTESIAN_POINT('',(80.,17.561805812567,3.5));
#11117 = VECTOR('',#11118,1.);
#11118 = DIRECTION('',(0.,-1.,0.));
#11119 = ORIENTED_EDGE('',*,*,#11058,.F.);
#11120 = PLANE('',#11121);
#11121 = AXIS2_PLACEMENT_3D('',#11122,#11123,#11124);
#11122 = CARTESIAN_POINT('',(80.,31.623611625134,-2.));
#11123 = DIRECTION('',(-1.,0.,0.));
#11124 = DIRECTION('',(0.,1.,0.));
#11125 = ADVANCED_FACE('',(#11126),#11137,.T.);
#11126 = FACE_BOUND('',#11127,.T.);
#11127 = EDGE_LOOP('',(#11128,#11129,#11130,#11136));
#11128 = ORIENTED_EDGE('',*,*,#2865,.T.);
#11129 = ORIENTED_EDGE('',*,*,#11091,.T.);
#11130 = ORIENTED_EDGE('',*,*,#11131,.F.);
#11131 = EDGE_CURVE('',#11107,#11084,#11132,.T.);
#11132 = LINE('',#11133,#11134);
#11133 = CARTESIAN_POINT('',(43.411059471617,10.498976961708,3.5));
#11134 = VECTOR('',#11135,1.);
#11135 = DIRECTION('',(-0.866025403784,-0.5,0.));
#11136 = ORIENTED_EDGE('',*,*,#11106,.F.);
#11137 = PLANE('',#11138);
#11138 = AXIS2_PLACEMENT_3D('',#11139,#11140,#11141);
#11139 = CARTESIAN_POINT('',(76.75,29.747223250267,-2.));
#11140 = DIRECTION('',(-0.5,0.866025403784,0.));
#11141 = DIRECTION('',(0.866025403784,0.5,0.));
#11142 = ADVANCED_FACE('',(#11143),#11168,.T.);
#11143 = FACE_BOUND('',#11144,.T.);
#11144 = EDGE_LOOP('',(#11145,#11146,#11154,#11162));
#11145 = ORIENTED_EDGE('',*,*,#2889,.T.);
#11146 = ORIENTED_EDGE('',*,*,#11147,.T.);
#11147 = EDGE_CURVE('',#2892,#11148,#11150,.T.);
#11148 = VERTEX_POINT('',#11149);
#11149 = CARTESIAN_POINT('',(72.75,45.252776749733,3.5));
#11150 = LINE('',#11151,#11152);
#11151 = CARTESIAN_POINT('',(72.75,45.252776749733,-2.));
#11152 = VECTOR('',#11153,1.);
#11153 = DIRECTION('',(0.,0.,1.));
#11154 = ORIENTED_EDGE('',*,*,#11155,.F.);
#11155 = EDGE_CURVE('',#11156,#11148,#11158,.T.);
#11156 = VERTEX_POINT('',#11157);
#11157 = CARTESIAN_POINT('',(69.5,43.376388374866,3.5));
#11158 = LINE('',#11159,#11160);
#11159 = CARTESIAN_POINT('',(37.554008664048,24.932361677525,3.5));
#11160 = VECTOR('',#11161,1.);
#11161 = DIRECTION('',(0.866025403784,0.5,-0.));
#11162 = ORIENTED_EDGE('',*,*,#11163,.F.);
#11163 = EDGE_CURVE('',#2890,#11156,#11164,.T.);
#11164 = LINE('',#11165,#11166);
#11165 = CARTESIAN_POINT('',(69.5,43.376388374866,-2.));
#11166 = VECTOR('',#11167,1.);
#11167 = DIRECTION('',(0.,0.,1.));
#11168 = PLANE('',#11169);
#11169 = AXIS2_PLACEMENT_3D('',#11170,#11171,#11172);
#11170 = CARTESIAN_POINT('',(72.75,45.252776749733,-2.));
#11171 = DIRECTION('',(0.5,-0.866025403784,0.));
#11172 = DIRECTION('',(-0.866025403784,-0.5,0.));
#11173 = ADVANCED_FACE('',(#11174),#11192,.T.);
#11174 = FACE_BOUND('',#11175,.T.);
#11175 = EDGE_LOOP('',(#11176,#11177,#11178,#11186));
#11176 = ORIENTED_EDGE('',*,*,#2931,.T.);
#11177 = ORIENTED_EDGE('',*,*,#11163,.T.);
#11178 = ORIENTED_EDGE('',*,*,#11179,.F.);
#11179 = EDGE_CURVE('',#11180,#11156,#11182,.T.);
#11180 = VERTEX_POINT('',#11181);
#11181 = CARTESIAN_POINT('',(69.5,39.623611625134,3.5));
#11182 = LINE('',#11183,#11184);
#11183 = CARTESIAN_POINT('',(69.5,23.438194187433,3.5));
#11184 = VECTOR('',#11185,1.);
#11185 = DIRECTION('',(-0.,1.,0.));
#11186 = ORIENTED_EDGE('',*,*,#11187,.F.);
#11187 = EDGE_CURVE('',#2924,#11180,#11188,.T.);
#11188 = LINE('',#11189,#11190);
#11189 = CARTESIAN_POINT('',(69.5,39.623611625134,-2.));
#11190 = VECTOR('',#11191,1.);
#11191 = DIRECTION('',(0.,0.,1.));
#11192 = PLANE('',#11193);
#11193 = AXIS2_PLACEMENT_3D('',#11194,#11195,#11196);
#11194 = CARTESIAN_POINT('',(69.5,43.376388374866,-2.));
#11195 = DIRECTION('',(1.,0.,-0.));
#11196 = DIRECTION('',(0.,-1.,0.));
#11197 = ADVANCED_FACE('',(#11198),#11216,.T.);
#11198 = FACE_BOUND('',#11199,.T.);
#11199 = EDGE_LOOP('',(#11200,#11201,#11202,#11210));
#11200 = ORIENTED_EDGE('',*,*,#2923,.T.);
#11201 = ORIENTED_EDGE('',*,*,#11187,.T.);
#11202 = ORIENTED_EDGE('',*,*,#11203,.F.);
#11203 = EDGE_CURVE('',#11204,#11180,#11206,.T.);
#11204 = VERTEX_POINT('',#11205);
#11205 = CARTESIAN_POINT('',(72.75,37.747223250267,3.5));
#11206 = LINE('',#11207,#11208);
#11207 = CARTESIAN_POINT('',(52.383491335952,49.505832509908,3.5));
#11208 = VECTOR('',#11209,1.);
#11209 = DIRECTION('',(-0.866025403784,0.5,0.));
#11210 = ORIENTED_EDGE('',*,*,#11211,.F.);
#11211 = EDGE_CURVE('',#2916,#11204,#11212,.T.);
#11212 = LINE('',#11213,#11214);
#11213 = CARTESIAN_POINT('',(72.75,37.747223250267,-2.));
#11214 = VECTOR('',#11215,1.);
#11215 = DIRECTION('',(0.,0.,1.));
#11216 = PLANE('',#11217);
#11217 = AXIS2_PLACEMENT_3D('',#11218,#11219,#11220);
#11218 = CARTESIAN_POINT('',(69.5,39.623611625134,-2.));
#11219 = DIRECTION('',(0.5,0.866025403784,-0.));
#11220 = DIRECTION('',(0.866025403784,-0.5,0.));
#11221 = ADVANCED_FACE('',(#11222),#11240,.T.);
#11222 = FACE_BOUND('',#11223,.T.);
#11223 = EDGE_LOOP('',(#11224,#11225,#11226,#11234));
#11224 = ORIENTED_EDGE('',*,*,#2915,.T.);
#11225 = ORIENTED_EDGE('',*,*,#11211,.T.);
#11226 = ORIENTED_EDGE('',*,*,#11227,.F.);
#11227 = EDGE_CURVE('',#11228,#11204,#11230,.T.);
#11228 = VERTEX_POINT('',#11229);
#11229 = CARTESIAN_POINT('',(76.,39.623611625134,3.5));
#11230 = LINE('',#11231,#11232);
#11231 = CARTESIAN_POINT('',(39.179008664048,18.365002365493,3.5));
#11232 = VECTOR('',#11233,1.);
#11233 = DIRECTION('',(-0.866025403784,-0.5,0.));
#11234 = ORIENTED_EDGE('',*,*,#11235,.F.);
#11235 = EDGE_CURVE('',#2908,#11228,#11236,.T.);
#11236 = LINE('',#11237,#11238);
#11237 = CARTESIAN_POINT('',(76.,39.623611625134,-2.));
#11238 = VECTOR('',#11239,1.);
#11239 = DIRECTION('',(0.,0.,1.));
#11240 = PLANE('',#11241);
#11241 = AXIS2_PLACEMENT_3D('',#11242,#11243,#11244);
#11242 = CARTESIAN_POINT('',(72.75,37.747223250267,-2.));
#11243 = DIRECTION('',(-0.5,0.866025403784,0.));
#11244 = DIRECTION('',(0.866025403784,0.5,0.));
#11245 = ADVANCED_FACE('',(#11246),#11264,.T.);
#11246 = FACE_BOUND('',#11247,.T.);
#11247 = EDGE_LOOP('',(#11248,#11249,#11250,#11258));
#11248 = ORIENTED_EDGE('',*,*,#2907,.T.);
#11249 = ORIENTED_EDGE('',*,*,#11235,.T.);
#11250 = ORIENTED_EDGE('',*,*,#11251,.F.);
#11251 = EDGE_CURVE('',#11252,#11228,#11254,.T.);
#11252 = VERTEX_POINT('',#11253);
#11253 = CARTESIAN_POINT('',(76.,43.376388374866,3.5));
#11254 = LINE('',#11255,#11256);
#11255 = CARTESIAN_POINT('',(76.,21.561805812567,3.5));
#11256 = VECTOR('',#11257,1.);
#11257 = DIRECTION('',(0.,-1.,0.));
#11258 = ORIENTED_EDGE('',*,*,#11259,.F.);
#11259 = EDGE_CURVE('',#2900,#11252,#11260,.T.);
#11260 = LINE('',#11261,#11262);
#11261 = CARTESIAN_POINT('',(76.,43.376388374866,-2.));
#11262 = VECTOR('',#11263,1.);
#11263 = DIRECTION('',(0.,0.,1.));
#11264 = PLANE('',#11265);
#11265 = AXIS2_PLACEMENT_3D('',#11266,#11267,#11268);
#11266 = CARTESIAN_POINT('',(76.,39.623611625134,-2.));
#11267 = DIRECTION('',(-1.,0.,0.));
#11268 = DIRECTION('',(0.,1.,0.));
#11269 = ADVANCED_FACE('',(#11270),#11281,.T.);
#11270 = FACE_BOUND('',#11271,.T.);
#11271 = EDGE_LOOP('',(#11272,#11273,#11274,#11280));
#11272 = ORIENTED_EDGE('',*,*,#2899,.T.);
#11273 = ORIENTED_EDGE('',*,*,#11259,.T.);
#11274 = ORIENTED_EDGE('',*,*,#11275,.F.);
#11275 = EDGE_CURVE('',#11148,#11252,#11276,.T.);
#11276 = LINE('',#11277,#11278);
#11277 = CARTESIAN_POINT('',(57.258491335952,54.196803447074,3.5));
#11278 = VECTOR('',#11279,1.);
#11279 = DIRECTION('',(0.866025403784,-0.5,0.));
#11280 = ORIENTED_EDGE('',*,*,#11147,.F.);
#11281 = PLANE('',#11282);
#11282 = AXIS2_PLACEMENT_3D('',#11283,#11284,#11285);
#11283 = CARTESIAN_POINT('',(76.,43.376388374866,-2.));
#11284 = DIRECTION('',(-0.5,-0.866025403784,0.));
#11285 = DIRECTION('',(-0.866025403784,0.5,0.));
#11286 = ADVANCED_FACE('',(#11287),#11306,.F.);
#11287 = FACE_BOUND('',#11288,.F.);
#11288 = EDGE_LOOP('',(#11289,#11298,#11304,#11305));
#11289 = ORIENTED_EDGE('',*,*,#11290,.F.);
#11290 = EDGE_CURVE('',#11291,#11291,#11293,.T.);
#11291 = VERTEX_POINT('',#11292);
#11292 = CARTESIAN_POINT('',(153.1,26.,3.5));
#11293 = CIRCLE('',#11294,8.1);
#11294 = AXIS2_PLACEMENT_3D('',#11295,#11296,#11297);
#11295 = CARTESIAN_POINT('',(145.,26.,3.5));
#11296 = DIRECTION('',(0.,0.,1.));
#11297 = DIRECTION('',(1.,0.,-0.));
#11298 = ORIENTED_EDGE('',*,*,#11299,.F.);
#11299 = EDGE_CURVE('',#2940,#11291,#11300,.T.);
#11300 = LINE('',#11301,#11302);
#11301 = CARTESIAN_POINT('',(153.1,26.,-2.));
#11302 = VECTOR('',#11303,1.);
#11303 = DIRECTION('',(0.,0.,1.));
#11304 = ORIENTED_EDGE('',*,*,#2939,.T.);
#11305 = ORIENTED_EDGE('',*,*,#11299,.T.);
#11306 = CYLINDRICAL_SURFACE('',#11307,8.1);
#11307 = AXIS2_PLACEMENT_3D('',#11308,#11309,#11310);
#11308 = CARTESIAN_POINT('',(145.,26.,-2.));
#11309 = DIRECTION('',(0.,0.,1.));
#11310 = DIRECTION('',(1.,0.,-0.));
#11311 = ADVANCED_FACE('',(#11312),#11337,.T.);
#11312 = FACE_BOUND('',#11313,.T.);
#11313 = EDGE_LOOP('',(#11314,#11322,#11323,#11331));
#11314 = ORIENTED_EDGE('',*,*,#11315,.F.);
#11315 = EDGE_CURVE('',#2951,#11316,#11318,.T.);
#11316 = VERTEX_POINT('',#11317);
#11317 = CARTESIAN_POINT('',(183.,50.5,11.5));
#11318 = LINE('',#11319,#11320);
#11319 = CARTESIAN_POINT('',(183.,50.5,-2.));
#11320 = VECTOR('',#11321,1.);
#11321 = DIRECTION('',(0.,0.,1.));
#11322 = ORIENTED_EDGE('',*,*,#2950,.T.);
#11323 = ORIENTED_EDGE('',*,*,#11324,.T.);
#11324 = EDGE_CURVE('',#2953,#11325,#11327,.T.);
#11325 = VERTEX_POINT('',#11326);
#11326 = CARTESIAN_POINT('',(3.,50.5,11.5));
#11327 = LINE('',#11328,#11329);
#11328 = CARTESIAN_POINT('',(3.,50.5,-2.));
#11329 = VECTOR('',#11330,1.);
#11330 = DIRECTION('',(0.,0.,1.));
#11331 = ORIENTED_EDGE('',*,*,#11332,.T.);
#11332 = EDGE_CURVE('',#11325,#11316,#11333,.T.);
#11333 = LINE('',#11334,#11335);
#11334 = CARTESIAN_POINT('',(3.,50.5,11.5));
#11335 = VECTOR('',#11336,1.);
#11336 = DIRECTION('',(1.,0.,-0.));
#11337 = PLANE('',#11338);
#11338 = AXIS2_PLACEMENT_3D('',#11339,#11340,#11341);
#11339 = CARTESIAN_POINT('',(3.,50.5,-2.));
#11340 = DIRECTION('',(-0.,1.,0.));
#11341 = DIRECTION('',(0.,0.,1.));
#11342 = ADVANCED_FACE('',(#11343),#11361,.F.);
#11343 = FACE_BOUND('',#11344,.F.);
#11344 = EDGE_LOOP('',(#11345,#11346,#11347,#11355));
#11345 = ORIENTED_EDGE('',*,*,#11315,.F.);
#11346 = ORIENTED_EDGE('',*,*,#2976,.T.);
#11347 = ORIENTED_EDGE('',*,*,#11348,.T.);
#11348 = EDGE_CURVE('',#2969,#11349,#11351,.T.);
#11349 = VERTEX_POINT('',#11350);
#11350 = CARTESIAN_POINT('',(183.,136.5,11.5));
#11351 = LINE('',#11352,#11353);
#11352 = CARTESIAN_POINT('',(183.,136.5,-2.));
#11353 = VECTOR('',#11354,1.);
#11354 = DIRECTION('',(0.,0.,1.));
#11355 = ORIENTED_EDGE('',*,*,#11356,.F.);
#11356 = EDGE_CURVE('',#11316,#11349,#11357,.T.);
#11357 = LINE('',#11358,#11359);
#11358 = CARTESIAN_POINT('',(183.,50.5,11.5));
#11359 = VECTOR('',#11360,1.);
#11360 = DIRECTION('',(-0.,1.,0.));
#11361 = PLANE('',#11362);
#11362 = AXIS2_PLACEMENT_3D('',#11363,#11364,#11365);
#11363 = CARTESIAN_POINT('',(183.,50.5,-2.));
#11364 = DIRECTION('',(1.,0.,-0.));
#11365 = DIRECTION('',(0.,0.,1.));
#11366 = ADVANCED_FACE('',(#11367),#11385,.T.);
#11367 = FACE_BOUND('',#11368,.T.);
#11368 = EDGE_LOOP('',(#11369,#11370,#11371,#11379));
#11369 = ORIENTED_EDGE('',*,*,#11324,.F.);
#11370 = ORIENTED_EDGE('',*,*,#2960,.T.);
#11371 = ORIENTED_EDGE('',*,*,#11372,.T.);
#11372 = EDGE_CURVE('',#2961,#11373,#11375,.T.);
#11373 = VERTEX_POINT('',#11374);
#11374 = CARTESIAN_POINT('',(3.,136.5,11.5));
#11375 = LINE('',#11376,#11377);
#11376 = CARTESIAN_POINT('',(3.,136.5,-2.));
#11377 = VECTOR('',#11378,1.);
#11378 = DIRECTION('',(0.,0.,1.));
#11379 = ORIENTED_EDGE('',*,*,#11380,.F.);
#11380 = EDGE_CURVE('',#11325,#11373,#11381,.T.);
#11381 = LINE('',#11382,#11383);
#11382 = CARTESIAN_POINT('',(3.,50.5,11.5));
#11383 = VECTOR('',#11384,1.);
#11384 = DIRECTION('',(-0.,1.,0.));
#11385 = PLANE('',#11386);
#11386 = AXIS2_PLACEMENT_3D('',#11387,#11388,#11389);
#11387 = CARTESIAN_POINT('',(3.,50.5,-2.));
#11388 = DIRECTION('',(1.,0.,-0.));
#11389 = DIRECTION('',(0.,0.,1.));
#11390 = ADVANCED_FACE('',(#11391),#11418,.F.);
#11391 = FACE_BOUND('',#11392,.F.);
#11392 = EDGE_LOOP('',(#11393,#11394,#11395,#11396,#11404,#11412));
#11393 = ORIENTED_EDGE('',*,*,#11348,.F.);
#11394 = ORIENTED_EDGE('',*,*,#2968,.T.);
#11395 = ORIENTED_EDGE('',*,*,#11372,.T.);
#11396 = ORIENTED_EDGE('',*,*,#11397,.T.);
#11397 = EDGE_CURVE('',#11373,#11398,#11400,.T.);
#11398 = VERTEX_POINT('',#11399);
#11399 = CARTESIAN_POINT('',(20.,136.5,11.5));
#11400 = LINE('',#11401,#11402);
#11401 = CARTESIAN_POINT('',(3.,136.5,11.5));
#11402 = VECTOR('',#11403,1.);
#11403 = DIRECTION('',(1.,0.,-0.));
#11404 = ORIENTED_EDGE('',*,*,#11405,.T.);
#11405 = EDGE_CURVE('',#11398,#11406,#11408,.T.);
#11406 = VERTEX_POINT('',#11407);
#11407 = CARTESIAN_POINT('',(166.,136.5,11.5));
#11408 = LINE('',#11409,#11410);
#11409 = CARTESIAN_POINT('',(3.,136.5,11.5));
#11410 = VECTOR('',#11411,1.);
#11411 = DIRECTION('',(1.,0.,-0.));
#11412 = ORIENTED_EDGE('',*,*,#11413,.T.);
#11413 = EDGE_CURVE('',#11406,#11349,#11414,.T.);
#11414 = LINE('',#11415,#11416);
#11415 = CARTESIAN_POINT('',(3.,136.5,11.5));
#11416 = VECTOR('',#11417,1.);
#11417 = DIRECTION('',(1.,0.,-0.));
#11418 = PLANE('',#11419);
#11419 = AXIS2_PLACEMENT_3D('',#11420,#11421,#11422);
#11420 = CARTESIAN_POINT('',(3.,136.5,-2.));
#11421 = DIRECTION('',(-0.,1.,0.));
#11422 = DIRECTION('',(0.,0.,1.));
#11423 = ADVANCED_FACE('',(#11424,#11472,#11478,#11484,#11490,#11496,
    #11502,#11508,#11514,#11520,#11526,#11532,#11538),#11544,.T.);
#11424 = FACE_BOUND('',#11425,.T.);
#11425 = EDGE_LOOP('',(#11426,#11436,#11444,#11450,#11458,#11466));
#11426 = ORIENTED_EDGE('',*,*,#11427,.F.);
#11427 = EDGE_CURVE('',#11428,#11430,#11432,.T.);
#11428 = VERTEX_POINT('',#11429);
#11429 = CARTESIAN_POINT('',(20.,55.5,17.5));
#11430 = VERTEX_POINT('',#11431);
#11431 = CARTESIAN_POINT('',(20.,55.5,138.));
#11432 = LINE('',#11433,#11434);
#11433 = CARTESIAN_POINT('',(20.,55.5,17.5));
#11434 = VECTOR('',#11435,1.);
#11435 = DIRECTION('',(0.,0.,1.));
#11436 = ORIENTED_EDGE('',*,*,#11437,.T.);
#11437 = EDGE_CURVE('',#11428,#11438,#11440,.T.);
#11438 = VERTEX_POINT('',#11439);
#11439 = CARTESIAN_POINT('',(20.,54.,11.5));
#11440 = LINE('',#11441,#11442);
#11441 = CARTESIAN_POINT('',(20.,55.5,17.5));
#11442 = VECTOR('',#11443,1.);
#11443 = DIRECTION('',(0.,-0.242535625036,-0.970142500145));
#11444 = ORIENTED_EDGE('',*,*,#11445,.T.);
#11445 = EDGE_CURVE('',#11438,#11398,#11446,.T.);
#11446 = LINE('',#11447,#11448);
#11447 = CARTESIAN_POINT('',(20.,54.,11.5));
#11448 = VECTOR('',#11449,1.);
#11449 = DIRECTION('',(-0.,1.,0.));
#11450 = ORIENTED_EDGE('',*,*,#11451,.T.);
#11451 = EDGE_CURVE('',#11398,#11452,#11454,.T.);
#11452 = VERTEX_POINT('',#11453);
#11453 = CARTESIAN_POINT('',(20.,148.,11.5));
#11454 = LINE('',#11455,#11456);
#11455 = CARTESIAN_POINT('',(20.,54.,11.5));
#11456 = VECTOR('',#11457,1.);
#11457 = DIRECTION('',(-0.,1.,0.));
#11458 = ORIENTED_EDGE('',*,*,#11459,.T.);
#11459 = EDGE_CURVE('',#11452,#11460,#11462,.T.);
#11460 = VERTEX_POINT('',#11461);
#11461 = CARTESIAN_POINT('',(20.,148.,138.));
#11462 = LINE('',#11463,#11464);
#11463 = CARTESIAN_POINT('',(20.,148.,11.5));
#11464 = VECTOR('',#11465,1.);
#11465 = DIRECTION('',(0.,0.,1.));
#11466 = ORIENTED_EDGE('',*,*,#11467,.F.);
#11467 = EDGE_CURVE('',#11430,#11460,#11468,.T.);
#11468 = LINE('',#11469,#11470);
#11469 = CARTESIAN_POINT('',(20.,27.,138.));
#11470 = VECTOR('',#11471,1.);
#11471 = DIRECTION('',(-0.,1.,0.));
#11472 = FACE_BOUND('',#11473,.T.);
#11473 = EDGE_LOOP('',(#11474,#11475,#11476,#11477));
#11474 = ORIENTED_EDGE('',*,*,#2999,.T.);
#11475 = ORIENTED_EDGE('',*,*,#3054,.T.);
#11476 = ORIENTED_EDGE('',*,*,#3071,.T.);
#11477 = ORIENTED_EDGE('',*,*,#3023,.T.);
#11478 = FACE_BOUND('',#11479,.T.);
#11479 = EDGE_LOOP('',(#11480,#11481,#11482,#11483));
#11480 = ORIENTED_EDGE('',*,*,#3095,.T.);
#11481 = ORIENTED_EDGE('',*,*,#3150,.T.);
#11482 = ORIENTED_EDGE('',*,*,#3167,.T.);
#11483 = ORIENTED_EDGE('',*,*,#3119,.T.);
#11484 = FACE_BOUND('',#11485,.T.);
#11485 = EDGE_LOOP('',(#11486,#11487,#11488,#11489));
#11486 = ORIENTED_EDGE('',*,*,#3191,.T.);
#11487 = ORIENTED_EDGE('',*,*,#3246,.T.);
#11488 = ORIENTED_EDGE('',*,*,#3263,.T.);
#11489 = ORIENTED_EDGE('',*,*,#3215,.T.);
#11490 = FACE_BOUND('',#11491,.T.);
#11491 = EDGE_LOOP('',(#11492,#11493,#11494,#11495));
#11492 = ORIENTED_EDGE('',*,*,#3287,.T.);
#11493 = ORIENTED_EDGE('',*,*,#3342,.T.);
#11494 = ORIENTED_EDGE('',*,*,#3359,.T.);
#11495 = ORIENTED_EDGE('',*,*,#3311,.T.);
#11496 = FACE_BOUND('',#11497,.T.);
#11497 = EDGE_LOOP('',(#11498,#11499,#11500,#11501));
#11498 = ORIENTED_EDGE('',*,*,#3863,.T.);
#11499 = ORIENTED_EDGE('',*,*,#3918,.T.);
#11500 = ORIENTED_EDGE('',*,*,#3935,.T.);
#11501 = ORIENTED_EDGE('',*,*,#3887,.T.);
#11502 = FACE_BOUND('',#11503,.T.);
#11503 = EDGE_LOOP('',(#11504,#11505,#11506,#11507));
#11504 = ORIENTED_EDGE('',*,*,#3383,.T.);
#11505 = ORIENTED_EDGE('',*,*,#3438,.T.);
#11506 = ORIENTED_EDGE('',*,*,#3455,.T.);
#11507 = ORIENTED_EDGE('',*,*,#3407,.T.);
#11508 = FACE_BOUND('',#11509,.T.);
#11509 = EDGE_LOOP('',(#11510,#11511,#11512,#11513));
#11510 = ORIENTED_EDGE('',*,*,#3479,.T.);
#11511 = ORIENTED_EDGE('',*,*,#3534,.T.);
#11512 = ORIENTED_EDGE('',*,*,#3551,.T.);
#11513 = ORIENTED_EDGE('',*,*,#3503,.T.);
#11514 = FACE_BOUND('',#11515,.T.);
#11515 = EDGE_LOOP('',(#11516,#11517,#11518,#11519));
#11516 = ORIENTED_EDGE('',*,*,#3671,.T.);
#11517 = ORIENTED_EDGE('',*,*,#3726,.T.);
#11518 = ORIENTED_EDGE('',*,*,#3743,.T.);
#11519 = ORIENTED_EDGE('',*,*,#3695,.T.);
#11520 = FACE_BOUND('',#11521,.T.);
#11521 = EDGE_LOOP('',(#11522,#11523,#11524,#11525));
#11522 = ORIENTED_EDGE('',*,*,#3767,.T.);
#11523 = ORIENTED_EDGE('',*,*,#3822,.T.);
#11524 = ORIENTED_EDGE('',*,*,#3839,.T.);
#11525 = ORIENTED_EDGE('',*,*,#3791,.T.);
#11526 = FACE_BOUND('',#11527,.T.);
#11527 = EDGE_LOOP('',(#11528,#11529,#11530,#11531));
#11528 = ORIENTED_EDGE('',*,*,#3575,.T.);
#11529 = ORIENTED_EDGE('',*,*,#3630,.T.);
#11530 = ORIENTED_EDGE('',*,*,#3647,.T.);
#11531 = ORIENTED_EDGE('',*,*,#3599,.T.);
#11532 = FACE_BOUND('',#11533,.T.);
#11533 = EDGE_LOOP('',(#11534,#11535,#11536,#11537));
#11534 = ORIENTED_EDGE('',*,*,#4055,.T.);
#11535 = ORIENTED_EDGE('',*,*,#4110,.T.);
#11536 = ORIENTED_EDGE('',*,*,#4127,.T.);
#11537 = ORIENTED_EDGE('',*,*,#4079,.T.);
#11538 = FACE_BOUND('',#11539,.T.);
#11539 = EDGE_LOOP('',(#11540,#11541,#11542,#11543));
#11540 = ORIENTED_EDGE('',*,*,#4151,.T.);
#11541 = ORIENTED_EDGE('',*,*,#4206,.T.);
#11542 = ORIENTED_EDGE('',*,*,#4223,.T.);
#11543 = ORIENTED_EDGE('',*,*,#4175,.T.);
#11544 = PLANE('',#11545);
#11545 = AXIS2_PLACEMENT_3D('',#11546,#11547,#11548);
#11546 = CARTESIAN_POINT('',(20.,54.,11.5));
#11547 = DIRECTION('',(1.,0.,-0.));
#11548 = DIRECTION('',(0.,0.,1.));
#11549 = ADVANCED_FACE('',(#11550,#11616),#11622,.T.);
#11550 = FACE_BOUND('',#11551,.T.);
#11551 = EDGE_LOOP('',(#11552,#11562,#11570,#11578,#11586,#11594,#11602,
    #11610));
#11552 = ORIENTED_EDGE('',*,*,#11553,.F.);
#11553 = EDGE_CURVE('',#11554,#11556,#11558,.T.);
#11554 = VERTEX_POINT('',#11555);
#11555 = CARTESIAN_POINT('',(3.,92.,114.));
#11556 = VERTEX_POINT('',#11557);
#11557 = CARTESIAN_POINT('',(3.,92.,138.));
#11558 = LINE('',#11559,#11560);
#11559 = CARTESIAN_POINT('',(3.,92.,114.));
#11560 = VECTOR('',#11561,1.);
#11561 = DIRECTION('',(0.,0.,1.));
#11562 = ORIENTED_EDGE('',*,*,#11563,.T.);
#11563 = EDGE_CURVE('',#11554,#11564,#11566,.T.);
#11564 = VERTEX_POINT('',#11565);
#11565 = CARTESIAN_POINT('',(3.,108.,114.));
#11566 = LINE('',#11567,#11568);
#11567 = CARTESIAN_POINT('',(3.,92.,114.));
#11568 = VECTOR('',#11569,1.);
#11569 = DIRECTION('',(-0.,1.,0.));
#11570 = ORIENTED_EDGE('',*,*,#11571,.T.);
#11571 = EDGE_CURVE('',#11564,#11572,#11574,.T.);
#11572 = VERTEX_POINT('',#11573);
#11573 = CARTESIAN_POINT('',(3.,108.,138.));
#11574 = LINE('',#11575,#11576);
#11575 = CARTESIAN_POINT('',(3.,108.,114.));
#11576 = VECTOR('',#11577,1.);
#11577 = DIRECTION('',(0.,0.,1.));
#11578 = ORIENTED_EDGE('',*,*,#11579,.F.);
#11579 = EDGE_CURVE('',#11580,#11572,#11582,.T.);
#11580 = VERTEX_POINT('',#11581);
#11581 = CARTESIAN_POINT('',(3.,107.,138.));
#11582 = LINE('',#11583,#11584);
#11583 = CARTESIAN_POINT('',(3.,46.,138.));
#11584 = VECTOR('',#11585,1.);
#11585 = DIRECTION('',(-0.,1.,0.));
#11586 = ORIENTED_EDGE('',*,*,#11587,.F.);
#11587 = EDGE_CURVE('',#11588,#11580,#11590,.T.);
#11588 = VERTEX_POINT('',#11589);
#11589 = CARTESIAN_POINT('',(3.,107.,135.5));
#11590 = LINE('',#11591,#11592);
#11591 = CARTESIAN_POINT('',(3.,107.,124.75));
#11592 = VECTOR('',#11593,1.);
#11593 = DIRECTION('',(0.,0.,1.));
#11594 = ORIENTED_EDGE('',*,*,#11595,.T.);
#11595 = EDGE_CURVE('',#11588,#11596,#11598,.T.);
#11596 = VERTEX_POINT('',#11597);
#11597 = CARTESIAN_POINT('',(3.,93.,135.5));
#11598 = LINE('',#11599,#11600);
#11599 = CARTESIAN_POINT('',(3.,92.5,135.5));
#11600 = VECTOR('',#11601,1.);
#11601 = DIRECTION('',(0.,-1.,0.));
#11602 = ORIENTED_EDGE('',*,*,#11603,.T.);
#11603 = EDGE_CURVE('',#11596,#11604,#11606,.T.);
#11604 = VERTEX_POINT('',#11605);
#11605 = CARTESIAN_POINT('',(3.,93.,138.));
#11606 = LINE('',#11607,#11608);
#11607 = CARTESIAN_POINT('',(3.,93.,124.75));
#11608 = VECTOR('',#11609,1.);
#11609 = DIRECTION('',(0.,0.,1.));
#11610 = ORIENTED_EDGE('',*,*,#11611,.F.);
#11611 = EDGE_CURVE('',#11556,#11604,#11612,.T.);
#11612 = LINE('',#11613,#11614);
#11613 = CARTESIAN_POINT('',(3.,46.,138.));
#11614 = VECTOR('',#11615,1.);
#11615 = DIRECTION('',(-0.,1.,0.));
#11616 = FACE_BOUND('',#11617,.T.);
#11617 = EDGE_LOOP('',(#11618,#11619,#11620,#11621));
#11618 = ORIENTED_EDGE('',*,*,#3967,.T.);
#11619 = ORIENTED_EDGE('',*,*,#4032,.T.);
#11620 = ORIENTED_EDGE('',*,*,#4015,.F.);
#11621 = ORIENTED_EDGE('',*,*,#3991,.F.);
#11622 = PLANE('',#11623);
#11623 = AXIS2_PLACEMENT_3D('',#11624,#11625,#11626);
#11624 = CARTESIAN_POINT('',(3.,92.,114.));
#11625 = DIRECTION('',(1.,0.,-0.));
#11626 = DIRECTION('',(0.,0.,1.));
#11627 = ADVANCED_FACE('',(#11628,#11754,#11804),#11925,.T.);
#11628 = FACE_BOUND('',#11629,.T.);
#11629 = EDGE_LOOP('',(#11630,#11631,#11639,#11647,#11655,#11663,#11671,
    #11679,#11687,#11695,#11703,#11711,#11717,#11718,#11724,#11725,
    #11733,#11741,#11747,#11748));
#11630 = ORIENTED_EDGE('',*,*,#4238,.F.);
#11631 = ORIENTED_EDGE('',*,*,#11632,.F.);
#11632 = EDGE_CURVE('',#11633,#4239,#11635,.T.);
#11633 = VERTEX_POINT('',#11634);
#11634 = CARTESIAN_POINT('',(183.6,2.4,138.));
#11635 = LINE('',#11636,#11637);
#11636 = CARTESIAN_POINT('',(-1.,2.4,138.));
#11637 = VECTOR('',#11638,1.);
#11638 = DIRECTION('',(-1.,-0.,0.));
#11639 = ORIENTED_EDGE('',*,*,#11640,.T.);
#11640 = EDGE_CURVE('',#11633,#11641,#11643,.T.);
#11641 = VERTEX_POINT('',#11642);
#11642 = CARTESIAN_POINT('',(183.6,93.,138.));
#11643 = LINE('',#11644,#11645);
#11644 = CARTESIAN_POINT('',(183.6,-1.,138.));
#11645 = VECTOR('',#11646,1.);
#11646 = DIRECTION('',(-0.,1.,0.));
#11647 = ORIENTED_EDGE('',*,*,#11648,.F.);
#11648 = EDGE_CURVE('',#11649,#11641,#11651,.T.);
#11649 = VERTEX_POINT('',#11650);
#11650 = CARTESIAN_POINT('',(183.,93.,138.));
#11651 = LINE('',#11652,#11653);
#11652 = CARTESIAN_POINT('',(182.,93.,138.));
#11653 = VECTOR('',#11654,1.);
#11654 = DIRECTION('',(1.,0.,-0.));
#11655 = ORIENTED_EDGE('',*,*,#11656,.F.);
#11656 = EDGE_CURVE('',#11657,#11649,#11659,.T.);
#11657 = VERTEX_POINT('',#11658);
#11658 = CARTESIAN_POINT('',(183.,92.,138.));
#11659 = LINE('',#11660,#11661);
#11660 = CARTESIAN_POINT('',(183.,46.,138.));
#11661 = VECTOR('',#11662,1.);
#11662 = DIRECTION('',(-0.,1.,0.));
#11663 = ORIENTED_EDGE('',*,*,#11664,.T.);
#11664 = EDGE_CURVE('',#11657,#11665,#11667,.T.);
#11665 = VERTEX_POINT('',#11666);
#11666 = CARTESIAN_POINT('',(171.,92.,138.));
#11667 = LINE('',#11668,#11669);
#11668 = CARTESIAN_POINT('',(85.5,92.,138.));
#11669 = VECTOR('',#11670,1.);
#11670 = DIRECTION('',(-1.,-0.,0.));
#11671 = ORIENTED_EDGE('',*,*,#11672,.T.);
#11672 = EDGE_CURVE('',#11665,#11673,#11675,.T.);
#11673 = VERTEX_POINT('',#11674);
#11674 = CARTESIAN_POINT('',(171.,108.,138.));
#11675 = LINE('',#11676,#11677);
#11676 = CARTESIAN_POINT('',(171.,46.,138.));
#11677 = VECTOR('',#11678,1.);
#11678 = DIRECTION('',(-0.,1.,0.));
#11679 = ORIENTED_EDGE('',*,*,#11680,.F.);
#11680 = EDGE_CURVE('',#11681,#11673,#11683,.T.);
#11681 = VERTEX_POINT('',#11682);
#11682 = CARTESIAN_POINT('',(183.,108.,138.));
#11683 = LINE('',#11684,#11685);
#11684 = CARTESIAN_POINT('',(85.5,108.,138.));
#11685 = VECTOR('',#11686,1.);
#11686 = DIRECTION('',(-1.,-0.,0.));
#11687 = ORIENTED_EDGE('',*,*,#11688,.F.);
#11688 = EDGE_CURVE('',#11689,#11681,#11691,.T.);
#11689 = VERTEX_POINT('',#11690);
#11690 = CARTESIAN_POINT('',(183.,107.,138.));
#11691 = LINE('',#11692,#11693);
#11692 = CARTESIAN_POINT('',(183.,46.,138.));
#11693 = VECTOR('',#11694,1.);
#11694 = DIRECTION('',(-0.,1.,0.));
#11695 = ORIENTED_EDGE('',*,*,#11696,.T.);
#11696 = EDGE_CURVE('',#11689,#11697,#11699,.T.);
#11697 = VERTEX_POINT('',#11698);
#11698 = CARTESIAN_POINT('',(183.6,107.,138.));
#11699 = LINE('',#11700,#11701);
#11700 = CARTESIAN_POINT('',(182.,107.,138.));
#11701 = VECTOR('',#11702,1.);
#11702 = DIRECTION('',(1.,0.,-0.));
#11703 = ORIENTED_EDGE('',*,*,#11704,.T.);
#11704 = EDGE_CURVE('',#11697,#11705,#11707,.T.);
#11705 = VERTEX_POINT('',#11706);
#11706 = CARTESIAN_POINT('',(183.6,149.1,138.));
#11707 = LINE('',#11708,#11709);
#11708 = CARTESIAN_POINT('',(183.6,-1.,138.));
#11709 = VECTOR('',#11710,1.);
#11710 = DIRECTION('',(-0.,1.,0.));
#11711 = ORIENTED_EDGE('',*,*,#11712,.T.);
#11712 = EDGE_CURVE('',#11705,#4256,#11713,.T.);
#11713 = LINE('',#11714,#11715);
#11714 = CARTESIAN_POINT('',(-1.,149.1,138.));
#11715 = VECTOR('',#11716,1.);
#11716 = DIRECTION('',(-1.,-0.,0.));
#11717 = ORIENTED_EDGE('',*,*,#4263,.F.);
#11718 = ORIENTED_EDGE('',*,*,#11719,.T.);
#11719 = EDGE_CURVE('',#4264,#11580,#11720,.T.);
#11720 = LINE('',#11721,#11722);
#11721 = CARTESIAN_POINT('',(2.,107.,138.));
#11722 = VECTOR('',#11723,1.);
#11723 = DIRECTION('',(1.,0.,-0.));
#11724 = ORIENTED_EDGE('',*,*,#11579,.T.);
#11725 = ORIENTED_EDGE('',*,*,#11726,.F.);
#11726 = EDGE_CURVE('',#11727,#11572,#11729,.T.);
#11727 = VERTEX_POINT('',#11728);
#11728 = CARTESIAN_POINT('',(15.,108.,138.));
#11729 = LINE('',#11730,#11731);
#11730 = CARTESIAN_POINT('',(1.5,108.,138.));
#11731 = VECTOR('',#11732,1.);
#11732 = DIRECTION('',(-1.,-0.,0.));
#11733 = ORIENTED_EDGE('',*,*,#11734,.F.);
#11734 = EDGE_CURVE('',#11735,#11727,#11737,.T.);
#11735 = VERTEX_POINT('',#11736);
#11736 = CARTESIAN_POINT('',(15.,92.,138.));
#11737 = LINE('',#11738,#11739);
#11738 = CARTESIAN_POINT('',(15.,46.,138.));
#11739 = VECTOR('',#11740,1.);
#11740 = DIRECTION('',(-0.,1.,0.));
#11741 = ORIENTED_EDGE('',*,*,#11742,.T.);
#11742 = EDGE_CURVE('',#11735,#11556,#11743,.T.);
#11743 = LINE('',#11744,#11745);
#11744 = CARTESIAN_POINT('',(1.5,92.,138.));
#11745 = VECTOR('',#11746,1.);
#11746 = DIRECTION('',(-1.,-0.,0.));
#11747 = ORIENTED_EDGE('',*,*,#11611,.T.);
#11748 = ORIENTED_EDGE('',*,*,#11749,.F.);
#11749 = EDGE_CURVE('',#4241,#11604,#11750,.T.);
#11750 = LINE('',#11751,#11752);
#11751 = CARTESIAN_POINT('',(2.,93.,138.));
#11752 = VECTOR('',#11753,1.);
#11753 = DIRECTION('',(1.,0.,-0.));
#11754 = FACE_BOUND('',#11755,.T.);
#11755 = EDGE_LOOP('',(#11756,#11766,#11774,#11782,#11790,#11798));
#11756 = ORIENTED_EDGE('',*,*,#11757,.T.);
#11757 = EDGE_CURVE('',#11758,#11760,#11762,.T.);
#11758 = VERTEX_POINT('',#11759);
#11759 = CARTESIAN_POINT('',(183.,3.5,138.));
#11760 = VERTEX_POINT('',#11761);
#11761 = CARTESIAN_POINT('',(170.,3.5,138.));
#11762 = LINE('',#11763,#11764);
#11763 = CARTESIAN_POINT('',(1.5,3.5,138.));
#11764 = VECTOR('',#11765,1.);
#11765 = DIRECTION('',(-1.,-0.,0.));
#11766 = ORIENTED_EDGE('',*,*,#11767,.T.);
#11767 = EDGE_CURVE('',#11760,#11768,#11770,.T.);
#11768 = VERTEX_POINT('',#11769);
#11769 = CARTESIAN_POINT('',(3.,3.5,138.));
#11770 = LINE('',#11771,#11772);
#11771 = CARTESIAN_POINT('',(1.5,3.5,138.));
#11772 = VECTOR('',#11773,1.);
#11773 = DIRECTION('',(-1.,-0.,0.));
#11774 = ORIENTED_EDGE('',*,*,#11775,.T.);
#11775 = EDGE_CURVE('',#11768,#11776,#11778,.T.);
#11776 = VERTEX_POINT('',#11777);
#11777 = CARTESIAN_POINT('',(3.,48.5,138.));
#11778 = LINE('',#11779,#11780);
#11779 = CARTESIAN_POINT('',(3.,1.75,138.));
#11780 = VECTOR('',#11781,1.);
#11781 = DIRECTION('',(-0.,1.,0.));
#11782 = ORIENTED_EDGE('',*,*,#11783,.F.);
#11783 = EDGE_CURVE('',#11784,#11776,#11786,.T.);
#11784 = VERTEX_POINT('',#11785);
#11785 = CARTESIAN_POINT('',(183.,48.5,138.));
#11786 = LINE('',#11787,#11788);
#11787 = CARTESIAN_POINT('',(1.5,48.5,138.));
#11788 = VECTOR('',#11789,1.);
#11789 = DIRECTION('',(-1.,-0.,0.));
#11790 = ORIENTED_EDGE('',*,*,#11791,.F.);
#11791 = EDGE_CURVE('',#11792,#11784,#11794,.T.);
#11792 = VERTEX_POINT('',#11793);
#11793 = CARTESIAN_POINT('',(183.,14.5,138.));
#11794 = LINE('',#11795,#11796);
#11795 = CARTESIAN_POINT('',(183.,1.75,138.));
#11796 = VECTOR('',#11797,1.);
#11797 = DIRECTION('',(-0.,1.,0.));
#11798 = ORIENTED_EDGE('',*,*,#11799,.F.);
#11799 = EDGE_CURVE('',#11758,#11792,#11800,.T.);
#11800 = LINE('',#11801,#11802);
#11801 = CARTESIAN_POINT('',(183.,1.75,138.));
#11802 = VECTOR('',#11803,1.);
#11803 = DIRECTION('',(-0.,1.,0.));
#11804 = FACE_BOUND('',#11805,.T.);
#11805 = EDGE_LOOP('',(#11806,#11816,#11824,#11832,#11840,#11848,#11856,
    #11864,#11872,#11880,#11888,#11896,#11904,#11910,#11911,#11919));
#11806 = ORIENTED_EDGE('',*,*,#11807,.F.);
#11807 = EDGE_CURVE('',#11808,#11810,#11812,.T.);
#11808 = VERTEX_POINT('',#11809);
#11809 = CARTESIAN_POINT('',(166.,54.,138.));
#11810 = VERTEX_POINT('',#11811);
#11811 = CARTESIAN_POINT('',(166.,55.5,138.));
#11812 = LINE('',#11813,#11814);
#11813 = CARTESIAN_POINT('',(166.,27.,138.));
#11814 = VECTOR('',#11815,1.);
#11815 = DIRECTION('',(-0.,1.,0.));
#11816 = ORIENTED_EDGE('',*,*,#11817,.T.);
#11817 = EDGE_CURVE('',#11808,#11818,#11820,.T.);
#11818 = VERTEX_POINT('',#11819);
#11819 = CARTESIAN_POINT('',(160.,54.,138.));
#11820 = LINE('',#11821,#11822);
#11821 = CARTESIAN_POINT('',(10.,54.,138.));
#11822 = VECTOR('',#11823,1.);
#11823 = DIRECTION('',(-1.,-0.,0.));
#11824 = ORIENTED_EDGE('',*,*,#11825,.T.);
#11825 = EDGE_CURVE('',#11818,#11826,#11828,.T.);
#11826 = VERTEX_POINT('',#11827);
#11827 = CARTESIAN_POINT('',(127.5,54.,138.));
#11828 = LINE('',#11829,#11830);
#11829 = CARTESIAN_POINT('',(10.,54.,138.));
#11830 = VECTOR('',#11831,1.);
#11831 = DIRECTION('',(-1.,-0.,0.));
#11832 = ORIENTED_EDGE('',*,*,#11833,.F.);
#11833 = EDGE_CURVE('',#11834,#11826,#11836,.T.);
#11834 = VERTEX_POINT('',#11835);
#11835 = CARTESIAN_POINT('',(127.5,51.5,138.));
#11836 = LINE('',#11837,#11838);
#11837 = CARTESIAN_POINT('',(127.5,25.75,138.));
#11838 = VECTOR('',#11839,1.);
#11839 = DIRECTION('',(-0.,1.,0.));
#11840 = ORIENTED_EDGE('',*,*,#11841,.T.);
#11841 = EDGE_CURVE('',#11834,#11842,#11844,.T.);
#11842 = VERTEX_POINT('',#11843);
#11843 = CARTESIAN_POINT('',(111.5,51.5,138.));
#11844 = LINE('',#11845,#11846);
#11845 = CARTESIAN_POINT('',(55.75,51.5,138.));
#11846 = VECTOR('',#11847,1.);
#11847 = DIRECTION('',(-1.,-0.,0.));
#11848 = ORIENTED_EDGE('',*,*,#11849,.T.);
#11849 = EDGE_CURVE('',#11842,#11850,#11852,.T.);
#11850 = VERTEX_POINT('',#11851);
#11851 = CARTESIAN_POINT('',(111.5,54.,138.));
#11852 = LINE('',#11853,#11854);
#11853 = CARTESIAN_POINT('',(111.5,25.75,138.));
#11854 = VECTOR('',#11855,1.);
#11855 = DIRECTION('',(-0.,1.,0.));
#11856 = ORIENTED_EDGE('',*,*,#11857,.T.);
#11857 = EDGE_CURVE('',#11850,#11858,#11860,.T.);
#11858 = VERTEX_POINT('',#11859);
#11859 = CARTESIAN_POINT('',(73.25,54.,138.));
#11860 = LINE('',#11861,#11862);
#11861 = CARTESIAN_POINT('',(10.,54.,138.));
#11862 = VECTOR('',#11863,1.);
#11863 = DIRECTION('',(-1.,-0.,0.));
#11864 = ORIENTED_EDGE('',*,*,#11865,.F.);
#11865 = EDGE_CURVE('',#11866,#11858,#11868,.T.);
#11866 = VERTEX_POINT('',#11867);
#11867 = CARTESIAN_POINT('',(73.25,51.5,138.));
#11868 = LINE('',#11869,#11870);
#11869 = CARTESIAN_POINT('',(73.25,25.75,138.));
#11870 = VECTOR('',#11871,1.);
#11871 = DIRECTION('',(-0.,1.,0.));
#11872 = ORIENTED_EDGE('',*,*,#11873,.T.);
#11873 = EDGE_CURVE('',#11866,#11874,#11876,.T.);
#11874 = VERTEX_POINT('',#11875);
#11875 = CARTESIAN_POINT('',(57.25,51.5,138.));
#11876 = LINE('',#11877,#11878);
#11877 = CARTESIAN_POINT('',(28.625,51.5,138.));
#11878 = VECTOR('',#11879,1.);
#11879 = DIRECTION('',(-1.,-0.,0.));
#11880 = ORIENTED_EDGE('',*,*,#11881,.T.);
#11881 = EDGE_CURVE('',#11874,#11882,#11884,.T.);
#11882 = VERTEX_POINT('',#11883);
#11883 = CARTESIAN_POINT('',(57.25,54.,138.));
#11884 = LINE('',#11885,#11886);
#11885 = CARTESIAN_POINT('',(57.25,25.75,138.));
#11886 = VECTOR('',#11887,1.);
#11887 = DIRECTION('',(-0.,1.,0.));
#11888 = ORIENTED_EDGE('',*,*,#11889,.T.);
#11889 = EDGE_CURVE('',#11882,#11890,#11892,.T.);
#11890 = VERTEX_POINT('',#11891);
#11891 = CARTESIAN_POINT('',(26.,54.,138.));
#11892 = LINE('',#11893,#11894);
#11893 = CARTESIAN_POINT('',(10.,54.,138.));
#11894 = VECTOR('',#11895,1.);
#11895 = DIRECTION('',(-1.,-0.,0.));
#11896 = ORIENTED_EDGE('',*,*,#11897,.T.);
#11897 = EDGE_CURVE('',#11890,#11898,#11900,.T.);
#11898 = VERTEX_POINT('',#11899);
#11899 = CARTESIAN_POINT('',(20.,54.,138.));
#11900 = LINE('',#11901,#11902);
#11901 = CARTESIAN_POINT('',(10.,54.,138.));
#11902 = VECTOR('',#11903,1.);
#11903 = DIRECTION('',(-1.,-0.,0.));
#11904 = ORIENTED_EDGE('',*,*,#11905,.T.);
#11905 = EDGE_CURVE('',#11898,#11430,#11906,.T.);
#11906 = LINE('',#11907,#11908);
#11907 = CARTESIAN_POINT('',(20.,27.,138.));
#11908 = VECTOR('',#11909,1.);
#11909 = DIRECTION('',(-0.,1.,0.));
#11910 = ORIENTED_EDGE('',*,*,#11467,.T.);
#11911 = ORIENTED_EDGE('',*,*,#11912,.F.);
#11912 = EDGE_CURVE('',#11913,#11460,#11915,.T.);
#11913 = VERTEX_POINT('',#11914);
#11914 = CARTESIAN_POINT('',(166.,148.,138.));
#11915 = LINE('',#11916,#11917);
#11916 = CARTESIAN_POINT('',(10.,148.,138.));
#11917 = VECTOR('',#11918,1.);
#11918 = DIRECTION('',(-1.,-0.,0.));
#11919 = ORIENTED_EDGE('',*,*,#11920,.F.);
#11920 = EDGE_CURVE('',#11810,#11913,#11921,.T.);
#11921 = LINE('',#11922,#11923);
#11922 = CARTESIAN_POINT('',(166.,27.,138.));
#11923 = VECTOR('',#11924,1.);
#11924 = DIRECTION('',(-0.,1.,0.));
#11925 = PLANE('',#11926);
#11926 = AXIS2_PLACEMENT_3D('',#11927,#11928,#11929);
#11927 = CARTESIAN_POINT('',(0.,0.,138.));
#11928 = DIRECTION('',(0.,0.,1.));
#11929 = DIRECTION('',(1.,0.,-0.));
#11930 = ADVANCED_FACE('',(#11931),#11942,.T.);
#11931 = FACE_BOUND('',#11932,.T.);
#11932 = EDGE_LOOP('',(#11933,#11939,#11940,#11941));
#11933 = ORIENTED_EDGE('',*,*,#11934,.F.);
#11934 = EDGE_CURVE('',#4280,#11596,#11935,.T.);
#11935 = LINE('',#11936,#11937);
#11936 = CARTESIAN_POINT('',(2.,93.,135.5));
#11937 = VECTOR('',#11938,1.);
#11938 = DIRECTION('',(1.,0.,-0.));
#11939 = ORIENTED_EDGE('',*,*,#4287,.T.);
#11940 = ORIENTED_EDGE('',*,*,#11749,.T.);
#11941 = ORIENTED_EDGE('',*,*,#11603,.F.);
#11942 = PLANE('',#11943);
#11943 = AXIS2_PLACEMENT_3D('',#11944,#11945,#11946);
#11944 = CARTESIAN_POINT('',(2.,93.,135.5));
#11945 = DIRECTION('',(-0.,1.,0.));
#11946 = DIRECTION('',(0.,0.,1.));
#11947 = ADVANCED_FACE('',(#11948),#11959,.T.);
#11948 = FACE_BOUND('',#11949,.T.);
#11949 = EDGE_LOOP('',(#11950,#11956,#11957,#11958));
#11950 = ORIENTED_EDGE('',*,*,#11951,.F.);
#11951 = EDGE_CURVE('',#4272,#11588,#11952,.T.);
#11952 = LINE('',#11953,#11954);
#11953 = CARTESIAN_POINT('',(2.,107.,135.5));
#11954 = VECTOR('',#11955,1.);
#11955 = DIRECTION('',(1.,0.,-0.));
#11956 = ORIENTED_EDGE('',*,*,#4279,.T.);
#11957 = ORIENTED_EDGE('',*,*,#11934,.T.);
#11958 = ORIENTED_EDGE('',*,*,#11595,.F.);
#11959 = PLANE('',#11960);
#11960 = AXIS2_PLACEMENT_3D('',#11961,#11962,#11963);
#11961 = CARTESIAN_POINT('',(2.,93.,135.5));
#11962 = DIRECTION('',(0.,0.,1.));
#11963 = DIRECTION('',(1.,0.,-0.));
#11964 = ADVANCED_FACE('',(#11965),#11971,.F.);
#11965 = FACE_BOUND('',#11966,.F.);
#11966 = EDGE_LOOP('',(#11967,#11968,#11969,#11970));
#11967 = ORIENTED_EDGE('',*,*,#11951,.F.);
#11968 = ORIENTED_EDGE('',*,*,#4271,.T.);
#11969 = ORIENTED_EDGE('',*,*,#11719,.T.);
#11970 = ORIENTED_EDGE('',*,*,#11587,.F.);
#11971 = PLANE('',#11972);
#11972 = AXIS2_PLACEMENT_3D('',#11973,#11974,#11975);
#11973 = CARTESIAN_POINT('',(2.,107.,135.5));
#11974 = DIRECTION('',(-0.,1.,0.));
#11975 = DIRECTION('',(0.,0.,1.));
#11976 = ADVANCED_FACE('',(#11977),#11988,.T.);
#11977 = FACE_BOUND('',#11978,.T.);
#11978 = EDGE_LOOP('',(#11979,#11980,#11981,#11982));
#11979 = ORIENTED_EDGE('',*,*,#4327,.F.);
#11980 = ORIENTED_EDGE('',*,*,#4255,.F.);
#11981 = ORIENTED_EDGE('',*,*,#11712,.F.);
#11982 = ORIENTED_EDGE('',*,*,#11983,.T.);
#11983 = EDGE_CURVE('',#11705,#4328,#11984,.T.);
#11984 = LINE('',#11985,#11986);
#11985 = CARTESIAN_POINT('',(183.6,149.1,133.2));
#11986 = VECTOR('',#11987,1.);
#11987 = DIRECTION('',(-0.,0.,-1.));
#11988 = PLANE('',#11989);
#11989 = AXIS2_PLACEMENT_3D('',#11990,#11991,#11992);
#11990 = CARTESIAN_POINT('',(-2.,149.1,133.2));
#11991 = DIRECTION('',(-0.,1.,0.));
#11992 = DIRECTION('',(0.,0.,1.));
#11993 = ADVANCED_FACE('',(#11994),#12005,.F.);
#11994 = FACE_BOUND('',#11995,.F.);
#11995 = EDGE_LOOP('',(#11996,#11997,#11998,#11999));
#11996 = ORIENTED_EDGE('',*,*,#4301,.F.);
#11997 = ORIENTED_EDGE('',*,*,#4248,.F.);
#11998 = ORIENTED_EDGE('',*,*,#11632,.F.);
#11999 = ORIENTED_EDGE('',*,*,#12000,.T.);
#12000 = EDGE_CURVE('',#11633,#4302,#12001,.T.);
#12001 = LINE('',#12002,#12003);
#12002 = CARTESIAN_POINT('',(183.6,2.4,133.2));
#12003 = VECTOR('',#12004,1.);
#12004 = DIRECTION('',(-0.,0.,-1.));
#12005 = PLANE('',#12006);
#12006 = AXIS2_PLACEMENT_3D('',#12007,#12008,#12009);
#12007 = CARTESIAN_POINT('',(-2.,2.4,133.2));
#12008 = DIRECTION('',(-0.,1.,0.));
#12009 = DIRECTION('',(0.,0.,1.));
#12010 = ADVANCED_FACE('',(#12011),#12022,.T.);
#12011 = FACE_BOUND('',#12012,.T.);
#12012 = EDGE_LOOP('',(#12013,#12019,#12020,#12021));
#12013 = ORIENTED_EDGE('',*,*,#12014,.F.);
#12014 = EDGE_CURVE('',#4302,#4328,#12015,.T.);
#12015 = LINE('',#12016,#12017);
#12016 = CARTESIAN_POINT('',(183.6,-2.,133.2));
#12017 = VECTOR('',#12018,1.);
#12018 = DIRECTION('',(-0.,1.,0.));
#12019 = ORIENTED_EDGE('',*,*,#4824,.T.);
#12020 = ORIENTED_EDGE('',*,*,#4349,.T.);
#12021 = ORIENTED_EDGE('',*,*,#4843,.F.);
#12022 = PLANE('',#12023);
#12023 = AXIS2_PLACEMENT_3D('',#12024,#12025,#12026);
#12024 = CARTESIAN_POINT('',(183.6,-2.,133.2));
#12025 = DIRECTION('',(0.,0.,1.));
#12026 = DIRECTION('',(1.,0.,-0.));
#12027 = ADVANCED_FACE('',(#12028),#12053,.T.);
#12028 = FACE_BOUND('',#12029,.T.);
#12029 = EDGE_LOOP('',(#12030,#12040,#12046,#12047));
#12030 = ORIENTED_EDGE('',*,*,#12031,.T.);
#12031 = EDGE_CURVE('',#12032,#12034,#12036,.T.);
#12032 = VERTEX_POINT('',#12033);
#12033 = CARTESIAN_POINT('',(166.,113.,40.));
#12034 = VERTEX_POINT('',#12035);
#12035 = CARTESIAN_POINT('',(166.,122.,49.));
#12036 = LINE('',#12037,#12038);
#12037 = CARTESIAN_POINT('',(166.,95.625,22.625));
#12038 = VECTOR('',#12039,1.);
#12039 = DIRECTION('',(0.,0.707106781187,0.707106781187));
#12040 = ORIENTED_EDGE('',*,*,#12041,.T.);
#12041 = EDGE_CURVE('',#12034,#4379,#12042,.T.);
#12042 = LINE('',#12043,#12044);
#12043 = CARTESIAN_POINT('',(164.,122.,49.));
#12044 = VECTOR('',#12045,1.);
#12045 = DIRECTION('',(1.,0.,0.));
#12046 = ORIENTED_EDGE('',*,*,#4376,.F.);
#12047 = ORIENTED_EDGE('',*,*,#12048,.F.);
#12048 = EDGE_CURVE('',#12032,#4377,#12049,.T.);
#12049 = LINE('',#12050,#12051);
#12050 = CARTESIAN_POINT('',(164.,113.,40.));
#12051 = VECTOR('',#12052,1.);
#12052 = DIRECTION('',(1.,0.,0.));
#12053 = PLANE('',#12054);
#12054 = AXIS2_PLACEMENT_3D('',#12055,#12056,#12057);
#12055 = CARTESIAN_POINT('',(164.,122.,49.));
#12056 = DIRECTION('',(0.,0.707106781187,-0.707106781187));
#12057 = DIRECTION('',(0.,-0.707106781187,-0.707106781187));
#12058 = ADVANCED_FACE('',(#12059),#12077,.T.);
#12059 = FACE_BOUND('',#12060,.T.);
#12060 = EDGE_LOOP('',(#12061,#12069,#12070,#12071));
#12061 = ORIENTED_EDGE('',*,*,#12062,.T.);
#12062 = EDGE_CURVE('',#12063,#12032,#12065,.T.);
#12063 = VERTEX_POINT('',#12064);
#12064 = CARTESIAN_POINT('',(166.,122.,31.));
#12065 = LINE('',#12066,#12067);
#12066 = CARTESIAN_POINT('',(166.,105.375,47.625));
#12067 = VECTOR('',#12068,1.);
#12068 = DIRECTION('',(0.,-0.707106781187,0.707106781187));
#12069 = ORIENTED_EDGE('',*,*,#12048,.T.);
#12070 = ORIENTED_EDGE('',*,*,#4402,.F.);
#12071 = ORIENTED_EDGE('',*,*,#12072,.F.);
#12072 = EDGE_CURVE('',#12063,#4395,#12073,.T.);
#12073 = LINE('',#12074,#12075);
#12074 = CARTESIAN_POINT('',(164.,122.,31.));
#12075 = VECTOR('',#12076,1.);
#12076 = DIRECTION('',(1.,0.,0.));
#12077 = PLANE('',#12078);
#12078 = AXIS2_PLACEMENT_3D('',#12079,#12080,#12081);
#12079 = CARTESIAN_POINT('',(164.,113.,40.));
#12080 = DIRECTION('',(-0.,0.707106781187,0.707106781187));
#12081 = DIRECTION('',(0.,0.707106781187,-0.707106781187));
#12082 = ADVANCED_FACE('',(#12083),#12101,.T.);
#12083 = FACE_BOUND('',#12084,.T.);
#12084 = EDGE_LOOP('',(#12085,#12093,#12099,#12100));
#12085 = ORIENTED_EDGE('',*,*,#12086,.T.);
#12086 = EDGE_CURVE('',#12034,#12087,#12089,.T.);
#12087 = VERTEX_POINT('',#12088);
#12088 = CARTESIAN_POINT('',(166.,131.,40.));
#12089 = LINE('',#12090,#12091);
#12090 = CARTESIAN_POINT('',(166.,118.875,52.125));
#12091 = VECTOR('',#12092,1.);
#12092 = DIRECTION('',(-0.,0.707106781187,-0.707106781187));
#12093 = ORIENTED_EDGE('',*,*,#12094,.T.);
#12094 = EDGE_CURVE('',#12087,#4387,#12095,.T.);
#12095 = LINE('',#12096,#12097);
#12096 = CARTESIAN_POINT('',(164.,131.,40.));
#12097 = VECTOR('',#12098,1.);
#12098 = DIRECTION('',(1.,0.,0.));
#12099 = ORIENTED_EDGE('',*,*,#4386,.F.);
#12100 = ORIENTED_EDGE('',*,*,#12041,.F.);
#12101 = PLANE('',#12102);
#12102 = AXIS2_PLACEMENT_3D('',#12103,#12104,#12105);
#12103 = CARTESIAN_POINT('',(164.,131.,40.));
#12104 = DIRECTION('',(0.,-0.707106781187,-0.707106781187));
#12105 = DIRECTION('',(0.,-0.707106781187,0.707106781187));
#12106 = ADVANCED_FACE('',(#12107),#12118,.T.);
#12107 = FACE_BOUND('',#12108,.T.);
#12108 = EDGE_LOOP('',(#12109,#12115,#12116,#12117));
#12109 = ORIENTED_EDGE('',*,*,#12110,.T.);
#12110 = EDGE_CURVE('',#12087,#12063,#12111,.T.);
#12111 = LINE('',#12112,#12113);
#12112 = CARTESIAN_POINT('',(166.,100.125,9.125));
#12113 = VECTOR('',#12114,1.);
#12114 = DIRECTION('',(0.,-0.707106781187,-0.707106781187));
#12115 = ORIENTED_EDGE('',*,*,#12072,.T.);
#12116 = ORIENTED_EDGE('',*,*,#4394,.F.);
#12117 = ORIENTED_EDGE('',*,*,#12094,.F.);
#12118 = PLANE('',#12119);
#12119 = AXIS2_PLACEMENT_3D('',#12120,#12121,#12122);
#12120 = CARTESIAN_POINT('',(164.,122.,31.));
#12121 = DIRECTION('',(0.,-0.707106781187,0.707106781187));
#12122 = DIRECTION('',(0.,0.707106781187,0.707106781187));
#12123 = ADVANCED_FACE('',(#12124),#12149,.T.);
#12124 = FACE_BOUND('',#12125,.T.);
#12125 = EDGE_LOOP('',(#12126,#12136,#12142,#12143));
#12126 = ORIENTED_EDGE('',*,*,#12127,.T.);
#12127 = EDGE_CURVE('',#12128,#12130,#12132,.T.);
#12128 = VERTEX_POINT('',#12129);
#12129 = CARTESIAN_POINT('',(166.,113.,62.));
#12130 = VERTEX_POINT('',#12131);
#12131 = CARTESIAN_POINT('',(166.,122.,71.));
#12132 = LINE('',#12133,#12134);
#12133 = CARTESIAN_POINT('',(166.,90.125,39.125));
#12134 = VECTOR('',#12135,1.);
#12135 = DIRECTION('',(0.,0.707106781187,0.707106781187));
#12136 = ORIENTED_EDGE('',*,*,#12137,.T.);
#12137 = EDGE_CURVE('',#12130,#4413,#12138,.T.);
#12138 = LINE('',#12139,#12140);
#12139 = CARTESIAN_POINT('',(164.,122.,71.));
#12140 = VECTOR('',#12141,1.);
#12141 = DIRECTION('',(1.,0.,0.));
#12142 = ORIENTED_EDGE('',*,*,#4410,.F.);
#12143 = ORIENTED_EDGE('',*,*,#12144,.F.);
#12144 = EDGE_CURVE('',#12128,#4411,#12145,.T.);
#12145 = LINE('',#12146,#12147);
#12146 = CARTESIAN_POINT('',(164.,113.,62.));
#12147 = VECTOR('',#12148,1.);
#12148 = DIRECTION('',(1.,0.,0.));
#12149 = PLANE('',#12150);
#12150 = AXIS2_PLACEMENT_3D('',#12151,#12152,#12153);
#12151 = CARTESIAN_POINT('',(164.,122.,71.));
#12152 = DIRECTION('',(0.,0.707106781187,-0.707106781187));
#12153 = DIRECTION('',(0.,-0.707106781187,-0.707106781187));
#12154 = ADVANCED_FACE('',(#12155),#12173,.T.);
#12155 = FACE_BOUND('',#12156,.T.);
#12156 = EDGE_LOOP('',(#12157,#12165,#12166,#12167));
#12157 = ORIENTED_EDGE('',*,*,#12158,.T.);
#12158 = EDGE_CURVE('',#12159,#12128,#12161,.T.);
#12159 = VERTEX_POINT('',#12160);
#12160 = CARTESIAN_POINT('',(166.,122.,53.));
#12161 = LINE('',#12162,#12163);
#12162 = CARTESIAN_POINT('',(166.,110.875,64.125));
#12163 = VECTOR('',#12164,1.);
#12164 = DIRECTION('',(0.,-0.707106781187,0.707106781187));
#12165 = ORIENTED_EDGE('',*,*,#12144,.T.);
#12166 = ORIENTED_EDGE('',*,*,#4436,.F.);
#12167 = ORIENTED_EDGE('',*,*,#12168,.F.);
#12168 = EDGE_CURVE('',#12159,#4429,#12169,.T.);
#12169 = LINE('',#12170,#12171);
#12170 = CARTESIAN_POINT('',(164.,122.,53.));
#12171 = VECTOR('',#12172,1.);
#12172 = DIRECTION('',(1.,0.,0.));
#12173 = PLANE('',#12174);
#12174 = AXIS2_PLACEMENT_3D('',#12175,#12176,#12177);
#12175 = CARTESIAN_POINT('',(164.,113.,62.));
#12176 = DIRECTION('',(-0.,0.707106781187,0.707106781187));
#12177 = DIRECTION('',(0.,0.707106781187,-0.707106781187));
#12178 = ADVANCED_FACE('',(#12179),#12197,.T.);
#12179 = FACE_BOUND('',#12180,.T.);
#12180 = EDGE_LOOP('',(#12181,#12189,#12195,#12196));
#12181 = ORIENTED_EDGE('',*,*,#12182,.T.);
#12182 = EDGE_CURVE('',#12130,#12183,#12185,.T.);
#12183 = VERTEX_POINT('',#12184);
#12184 = CARTESIAN_POINT('',(166.,131.,62.));
#12185 = LINE('',#12186,#12187);
#12186 = CARTESIAN_POINT('',(166.,124.375,68.625));
#12187 = VECTOR('',#12188,1.);
#12188 = DIRECTION('',(-0.,0.707106781187,-0.707106781187));
#12189 = ORIENTED_EDGE('',*,*,#12190,.T.);
#12190 = EDGE_CURVE('',#12183,#4421,#12191,.T.);
#12191 = LINE('',#12192,#12193);
#12192 = CARTESIAN_POINT('',(164.,131.,62.));
#12193 = VECTOR('',#12194,1.);
#12194 = DIRECTION('',(1.,0.,0.));
#12195 = ORIENTED_EDGE('',*,*,#4420,.F.);
#12196 = ORIENTED_EDGE('',*,*,#12137,.F.);
#12197 = PLANE('',#12198);
#12198 = AXIS2_PLACEMENT_3D('',#12199,#12200,#12201);
#12199 = CARTESIAN_POINT('',(164.,131.,62.));
#12200 = DIRECTION('',(0.,-0.707106781187,-0.707106781187));
#12201 = DIRECTION('',(0.,-0.707106781187,0.707106781187));
#12202 = ADVANCED_FACE('',(#12203),#12214,.T.);
#12203 = FACE_BOUND('',#12204,.T.);
#12204 = EDGE_LOOP('',(#12205,#12211,#12212,#12213));
#12205 = ORIENTED_EDGE('',*,*,#12206,.T.);
#12206 = EDGE_CURVE('',#12183,#12159,#12207,.T.);
#12207 = LINE('',#12208,#12209);
#12208 = CARTESIAN_POINT('',(166.,94.625,25.625));
#12209 = VECTOR('',#12210,1.);
#12210 = DIRECTION('',(0.,-0.707106781187,-0.707106781187));
#12211 = ORIENTED_EDGE('',*,*,#12168,.T.);
#12212 = ORIENTED_EDGE('',*,*,#4428,.F.);
#12213 = ORIENTED_EDGE('',*,*,#12190,.F.);
#12214 = PLANE('',#12215);
#12215 = AXIS2_PLACEMENT_3D('',#12216,#12217,#12218);
#12216 = CARTESIAN_POINT('',(164.,122.,53.));
#12217 = DIRECTION('',(0.,-0.707106781187,0.707106781187));
#12218 = DIRECTION('',(0.,0.707106781187,0.707106781187));
#12219 = ADVANCED_FACE('',(#12220),#12245,.T.);
#12220 = FACE_BOUND('',#12221,.T.);
#12221 = EDGE_LOOP('',(#12222,#12232,#12238,#12239));
#12222 = ORIENTED_EDGE('',*,*,#12223,.T.);
#12223 = EDGE_CURVE('',#12224,#12226,#12228,.T.);
#12224 = VERTEX_POINT('',#12225);
#12225 = CARTESIAN_POINT('',(166.,113.,84.));
#12226 = VERTEX_POINT('',#12227);
#12227 = CARTESIAN_POINT('',(166.,122.,93.));
#12228 = LINE('',#12229,#12230);
#12229 = CARTESIAN_POINT('',(166.,84.625,55.625));
#12230 = VECTOR('',#12231,1.);
#12231 = DIRECTION('',(0.,0.707106781187,0.707106781187));
#12232 = ORIENTED_EDGE('',*,*,#12233,.T.);
#12233 = EDGE_CURVE('',#12226,#4447,#12234,.T.);
#12234 = LINE('',#12235,#12236);
#12235 = CARTESIAN_POINT('',(164.,122.,93.));
#12236 = VECTOR('',#12237,1.);
#12237 = DIRECTION('',(1.,0.,0.));
#12238 = ORIENTED_EDGE('',*,*,#4444,.F.);
#12239 = ORIENTED_EDGE('',*,*,#12240,.F.);
#12240 = EDGE_CURVE('',#12224,#4445,#12241,.T.);
#12241 = LINE('',#12242,#12243);
#12242 = CARTESIAN_POINT('',(164.,113.,84.));
#12243 = VECTOR('',#12244,1.);
#12244 = DIRECTION('',(1.,0.,0.));
#12245 = PLANE('',#12246);
#12246 = AXIS2_PLACEMENT_3D('',#12247,#12248,#12249);
#12247 = CARTESIAN_POINT('',(164.,122.,93.));
#12248 = DIRECTION('',(0.,0.707106781187,-0.707106781187));
#12249 = DIRECTION('',(0.,-0.707106781187,-0.707106781187));
#12250 = ADVANCED_FACE('',(#12251),#12269,.T.);
#12251 = FACE_BOUND('',#12252,.T.);
#12252 = EDGE_LOOP('',(#12253,#12261,#12262,#12263));
#12253 = ORIENTED_EDGE('',*,*,#12254,.T.);
#12254 = EDGE_CURVE('',#12255,#12224,#12257,.T.);
#12255 = VERTEX_POINT('',#12256);
#12256 = CARTESIAN_POINT('',(166.,122.,75.));
#12257 = LINE('',#12258,#12259);
#12258 = CARTESIAN_POINT('',(166.,116.375,80.625));
#12259 = VECTOR('',#12260,1.);
#12260 = DIRECTION('',(0.,-0.707106781187,0.707106781187));
#12261 = ORIENTED_EDGE('',*,*,#12240,.T.);
#12262 = ORIENTED_EDGE('',*,*,#4470,.F.);
#12263 = ORIENTED_EDGE('',*,*,#12264,.F.);
#12264 = EDGE_CURVE('',#12255,#4463,#12265,.T.);
#12265 = LINE('',#12266,#12267);
#12266 = CARTESIAN_POINT('',(164.,122.,75.));
#12267 = VECTOR('',#12268,1.);
#12268 = DIRECTION('',(1.,0.,0.));
#12269 = PLANE('',#12270);
#12270 = AXIS2_PLACEMENT_3D('',#12271,#12272,#12273);
#12271 = CARTESIAN_POINT('',(164.,113.,84.));
#12272 = DIRECTION('',(-0.,0.707106781187,0.707106781187));
#12273 = DIRECTION('',(0.,0.707106781187,-0.707106781187));
#12274 = ADVANCED_FACE('',(#12275),#12293,.T.);
#12275 = FACE_BOUND('',#12276,.T.);
#12276 = EDGE_LOOP('',(#12277,#12285,#12291,#12292));
#12277 = ORIENTED_EDGE('',*,*,#12278,.T.);
#12278 = EDGE_CURVE('',#12226,#12279,#12281,.T.);
#12279 = VERTEX_POINT('',#12280);
#12280 = CARTESIAN_POINT('',(166.,131.,84.));
#12281 = LINE('',#12282,#12283);
#12282 = CARTESIAN_POINT('',(166.,129.875,85.125));
#12283 = VECTOR('',#12284,1.);
#12284 = DIRECTION('',(-0.,0.707106781187,-0.707106781187));
#12285 = ORIENTED_EDGE('',*,*,#12286,.T.);
#12286 = EDGE_CURVE('',#12279,#4455,#12287,.T.);
#12287 = LINE('',#12288,#12289);
#12288 = CARTESIAN_POINT('',(164.,131.,84.));
#12289 = VECTOR('',#12290,1.);
#12290 = DIRECTION('',(1.,0.,0.));
#12291 = ORIENTED_EDGE('',*,*,#4454,.F.);
#12292 = ORIENTED_EDGE('',*,*,#12233,.F.);
#12293 = PLANE('',#12294);
#12294 = AXIS2_PLACEMENT_3D('',#12295,#12296,#12297);
#12295 = CARTESIAN_POINT('',(164.,131.,84.));
#12296 = DIRECTION('',(0.,-0.707106781187,-0.707106781187));
#12297 = DIRECTION('',(0.,-0.707106781187,0.707106781187));
#12298 = ADVANCED_FACE('',(#12299),#12310,.T.);
#12299 = FACE_BOUND('',#12300,.T.);
#12300 = EDGE_LOOP('',(#12301,#12307,#12308,#12309));
#12301 = ORIENTED_EDGE('',*,*,#12302,.T.);
#12302 = EDGE_CURVE('',#12279,#12255,#12303,.T.);
#12303 = LINE('',#12304,#12305);
#12304 = CARTESIAN_POINT('',(166.,89.125,42.125));
#12305 = VECTOR('',#12306,1.);
#12306 = DIRECTION('',(0.,-0.707106781187,-0.707106781187));
#12307 = ORIENTED_EDGE('',*,*,#12264,.T.);
#12308 = ORIENTED_EDGE('',*,*,#4462,.F.);
#12309 = ORIENTED_EDGE('',*,*,#12286,.F.);
#12310 = PLANE('',#12311);
#12311 = AXIS2_PLACEMENT_3D('',#12312,#12313,#12314);
#12312 = CARTESIAN_POINT('',(164.,122.,75.));
#12313 = DIRECTION('',(0.,-0.707106781187,0.707106781187));
#12314 = DIRECTION('',(0.,0.707106781187,0.707106781187));
#12315 = ADVANCED_FACE('',(#12316),#12341,.T.);
#12316 = FACE_BOUND('',#12317,.T.);
#12317 = EDGE_LOOP('',(#12318,#12328,#12334,#12335));
#12318 = ORIENTED_EDGE('',*,*,#12319,.T.);
#12319 = EDGE_CURVE('',#12320,#12322,#12324,.T.);
#12320 = VERTEX_POINT('',#12321);
#12321 = CARTESIAN_POINT('',(166.,113.,106.));
#12322 = VERTEX_POINT('',#12323);
#12323 = CARTESIAN_POINT('',(166.,122.,115.));
#12324 = LINE('',#12325,#12326);
#12325 = CARTESIAN_POINT('',(166.,79.125,72.125));
#12326 = VECTOR('',#12327,1.);
#12327 = DIRECTION('',(0.,0.707106781187,0.707106781187));
#12328 = ORIENTED_EDGE('',*,*,#12329,.T.);
#12329 = EDGE_CURVE('',#12322,#4481,#12330,.T.);
#12330 = LINE('',#12331,#12332);
#12331 = CARTESIAN_POINT('',(164.,122.,115.));
#12332 = VECTOR('',#12333,1.);
#12333 = DIRECTION('',(1.,0.,0.));
#12334 = ORIENTED_EDGE('',*,*,#4478,.F.);
#12335 = ORIENTED_EDGE('',*,*,#12336,.F.);
#12336 = EDGE_CURVE('',#12320,#4479,#12337,.T.);
#12337 = LINE('',#12338,#12339);
#12338 = CARTESIAN_POINT('',(164.,113.,106.));
#12339 = VECTOR('',#12340,1.);
#12340 = DIRECTION('',(1.,0.,0.));
#12341 = PLANE('',#12342);
#12342 = AXIS2_PLACEMENT_3D('',#12343,#12344,#12345);
#12343 = CARTESIAN_POINT('',(164.,122.,115.));
#12344 = DIRECTION('',(0.,0.707106781187,-0.707106781187));
#12345 = DIRECTION('',(0.,-0.707106781187,-0.707106781187));
#12346 = ADVANCED_FACE('',(#12347),#12365,.T.);
#12347 = FACE_BOUND('',#12348,.T.);
#12348 = EDGE_LOOP('',(#12349,#12357,#12358,#12359));
#12349 = ORIENTED_EDGE('',*,*,#12350,.T.);
#12350 = EDGE_CURVE('',#12351,#12320,#12353,.T.);
#12351 = VERTEX_POINT('',#12352);
#12352 = CARTESIAN_POINT('',(166.,122.,97.));
#12353 = LINE('',#12354,#12355);
#12354 = CARTESIAN_POINT('',(166.,121.875,97.125));
#12355 = VECTOR('',#12356,1.);
#12356 = DIRECTION('',(0.,-0.707106781187,0.707106781187));
#12357 = ORIENTED_EDGE('',*,*,#12336,.T.);
#12358 = ORIENTED_EDGE('',*,*,#4504,.F.);
#12359 = ORIENTED_EDGE('',*,*,#12360,.F.);
#12360 = EDGE_CURVE('',#12351,#4497,#12361,.T.);
#12361 = LINE('',#12362,#12363);
#12362 = CARTESIAN_POINT('',(164.,122.,97.));
#12363 = VECTOR('',#12364,1.);
#12364 = DIRECTION('',(1.,0.,0.));
#12365 = PLANE('',#12366);
#12366 = AXIS2_PLACEMENT_3D('',#12367,#12368,#12369);
#12367 = CARTESIAN_POINT('',(164.,113.,106.));
#12368 = DIRECTION('',(-0.,0.707106781187,0.707106781187));
#12369 = DIRECTION('',(0.,0.707106781187,-0.707106781187));
#12370 = ADVANCED_FACE('',(#12371),#12389,.T.);
#12371 = FACE_BOUND('',#12372,.T.);
#12372 = EDGE_LOOP('',(#12373,#12381,#12387,#12388));
#12373 = ORIENTED_EDGE('',*,*,#12374,.T.);
#12374 = EDGE_CURVE('',#12322,#12375,#12377,.T.);
#12375 = VERTEX_POINT('',#12376);
#12376 = CARTESIAN_POINT('',(166.,131.,106.));
#12377 = LINE('',#12378,#12379);
#12378 = CARTESIAN_POINT('',(166.,135.375,101.625));
#12379 = VECTOR('',#12380,1.);
#12380 = DIRECTION('',(-0.,0.707106781187,-0.707106781187));
#12381 = ORIENTED_EDGE('',*,*,#12382,.T.);
#12382 = EDGE_CURVE('',#12375,#4489,#12383,.T.);
#12383 = LINE('',#12384,#12385);
#12384 = CARTESIAN_POINT('',(164.,131.,106.));
#12385 = VECTOR('',#12386,1.);
#12386 = DIRECTION('',(1.,0.,0.));
#12387 = ORIENTED_EDGE('',*,*,#4488,.F.);
#12388 = ORIENTED_EDGE('',*,*,#12329,.F.);
#12389 = PLANE('',#12390);
#12390 = AXIS2_PLACEMENT_3D('',#12391,#12392,#12393);
#12391 = CARTESIAN_POINT('',(164.,131.,106.));
#12392 = DIRECTION('',(0.,-0.707106781187,-0.707106781187));
#12393 = DIRECTION('',(0.,-0.707106781187,0.707106781187));
#12394 = ADVANCED_FACE('',(#12395),#12406,.T.);
#12395 = FACE_BOUND('',#12396,.T.);
#12396 = EDGE_LOOP('',(#12397,#12403,#12404,#12405));
#12397 = ORIENTED_EDGE('',*,*,#12398,.T.);
#12398 = EDGE_CURVE('',#12375,#12351,#12399,.T.);
#12399 = LINE('',#12400,#12401);
#12400 = CARTESIAN_POINT('',(166.,83.625,58.625));
#12401 = VECTOR('',#12402,1.);
#12402 = DIRECTION('',(0.,-0.707106781187,-0.707106781187));
#12403 = ORIENTED_EDGE('',*,*,#12360,.T.);
#12404 = ORIENTED_EDGE('',*,*,#4496,.F.);
#12405 = ORIENTED_EDGE('',*,*,#12382,.F.);
#12406 = PLANE('',#12407);
#12407 = AXIS2_PLACEMENT_3D('',#12408,#12409,#12410);
#12408 = CARTESIAN_POINT('',(164.,122.,97.));
#12409 = DIRECTION('',(0.,-0.707106781187,0.707106781187));
#12410 = DIRECTION('',(0.,0.707106781187,0.707106781187));
#12411 = ADVANCED_FACE('',(#12412),#12437,.T.);
#12412 = FACE_BOUND('',#12413,.T.);
#12413 = EDGE_LOOP('',(#12414,#12424,#12430,#12431));
#12414 = ORIENTED_EDGE('',*,*,#12415,.T.);
#12415 = EDGE_CURVE('',#12416,#12418,#12420,.T.);
#12416 = VERTEX_POINT('',#12417);
#12417 = CARTESIAN_POINT('',(166.,91.,29.));
#12418 = VERTEX_POINT('',#12419);
#12419 = CARTESIAN_POINT('',(166.,100.,38.));
#12420 = LINE('',#12421,#12422);
#12421 = CARTESIAN_POINT('',(166.,81.875,19.875));
#12422 = VECTOR('',#12423,1.);
#12423 = DIRECTION('',(0.,0.707106781187,0.707106781187));
#12424 = ORIENTED_EDGE('',*,*,#12425,.T.);
#12425 = EDGE_CURVE('',#12418,#4515,#12426,.T.);
#12426 = LINE('',#12427,#12428);
#12427 = CARTESIAN_POINT('',(164.,100.,38.));
#12428 = VECTOR('',#12429,1.);
#12429 = DIRECTION('',(1.,0.,0.));
#12430 = ORIENTED_EDGE('',*,*,#4512,.F.);
#12431 = ORIENTED_EDGE('',*,*,#12432,.F.);
#12432 = EDGE_CURVE('',#12416,#4513,#12433,.T.);
#12433 = LINE('',#12434,#12435);
#12434 = CARTESIAN_POINT('',(164.,91.,29.));
#12435 = VECTOR('',#12436,1.);
#12436 = DIRECTION('',(1.,0.,0.));
#12437 = PLANE('',#12438);
#12438 = AXIS2_PLACEMENT_3D('',#12439,#12440,#12441);
#12439 = CARTESIAN_POINT('',(164.,100.,38.));
#12440 = DIRECTION('',(0.,0.707106781187,-0.707106781187));
#12441 = DIRECTION('',(0.,-0.707106781187,-0.707106781187));
#12442 = ADVANCED_FACE('',(#12443),#12461,.T.);
#12443 = FACE_BOUND('',#12444,.T.);
#12444 = EDGE_LOOP('',(#12445,#12453,#12454,#12455));
#12445 = ORIENTED_EDGE('',*,*,#12446,.T.);
#12446 = EDGE_CURVE('',#12447,#12416,#12449,.T.);
#12447 = VERTEX_POINT('',#12448);
#12448 = CARTESIAN_POINT('',(166.,100.,20.));
#12449 = LINE('',#12450,#12451);
#12450 = CARTESIAN_POINT('',(166.,86.125,33.875));
#12451 = VECTOR('',#12452,1.);
#12452 = DIRECTION('',(0.,-0.707106781187,0.707106781187));
#12453 = ORIENTED_EDGE('',*,*,#12432,.T.);
#12454 = ORIENTED_EDGE('',*,*,#4538,.F.);
#12455 = ORIENTED_EDGE('',*,*,#12456,.F.);
#12456 = EDGE_CURVE('',#12447,#4531,#12457,.T.);
#12457 = LINE('',#12458,#12459);
#12458 = CARTESIAN_POINT('',(164.,100.,20.));
#12459 = VECTOR('',#12460,1.);
#12460 = DIRECTION('',(1.,0.,0.));
#12461 = PLANE('',#12462);
#12462 = AXIS2_PLACEMENT_3D('',#12463,#12464,#12465);
#12463 = CARTESIAN_POINT('',(164.,91.,29.));
#12464 = DIRECTION('',(-0.,0.707106781187,0.707106781187));
#12465 = DIRECTION('',(0.,0.707106781187,-0.707106781187));
#12466 = ADVANCED_FACE('',(#12467),#12485,.T.);
#12467 = FACE_BOUND('',#12468,.T.);
#12468 = EDGE_LOOP('',(#12469,#12477,#12483,#12484));
#12469 = ORIENTED_EDGE('',*,*,#12470,.T.);
#12470 = EDGE_CURVE('',#12418,#12471,#12473,.T.);
#12471 = VERTEX_POINT('',#12472);
#12472 = CARTESIAN_POINT('',(166.,109.,29.));
#12473 = LINE('',#12474,#12475);
#12474 = CARTESIAN_POINT('',(166.,99.625,38.375));
#12475 = VECTOR('',#12476,1.);
#12476 = DIRECTION('',(-0.,0.707106781187,-0.707106781187));
#12477 = ORIENTED_EDGE('',*,*,#12478,.T.);
#12478 = EDGE_CURVE('',#12471,#4523,#12479,.T.);
#12479 = LINE('',#12480,#12481);
#12480 = CARTESIAN_POINT('',(164.,109.,29.));
#12481 = VECTOR('',#12482,1.);
#12482 = DIRECTION('',(1.,0.,0.));
#12483 = ORIENTED_EDGE('',*,*,#4522,.F.);
#12484 = ORIENTED_EDGE('',*,*,#12425,.F.);
#12485 = PLANE('',#12486);
#12486 = AXIS2_PLACEMENT_3D('',#12487,#12488,#12489);
#12487 = CARTESIAN_POINT('',(164.,109.,29.));
#12488 = DIRECTION('',(0.,-0.707106781187,-0.707106781187));
#12489 = DIRECTION('',(0.,-0.707106781187,0.707106781187));
#12490 = ADVANCED_FACE('',(#12491),#12502,.T.);
#12491 = FACE_BOUND('',#12492,.T.);
#12492 = EDGE_LOOP('',(#12493,#12499,#12500,#12501));
#12493 = ORIENTED_EDGE('',*,*,#12494,.T.);
#12494 = EDGE_CURVE('',#12471,#12447,#12495,.T.);
#12495 = LINE('',#12496,#12497);
#12496 = CARTESIAN_POINT('',(166.,86.375,6.375));
#12497 = VECTOR('',#12498,1.);
#12498 = DIRECTION('',(0.,-0.707106781187,-0.707106781187));
#12499 = ORIENTED_EDGE('',*,*,#12456,.T.);
#12500 = ORIENTED_EDGE('',*,*,#4530,.F.);
#12501 = ORIENTED_EDGE('',*,*,#12478,.F.);
#12502 = PLANE('',#12503);
#12503 = AXIS2_PLACEMENT_3D('',#12504,#12505,#12506);
#12504 = CARTESIAN_POINT('',(164.,100.,20.));
#12505 = DIRECTION('',(0.,-0.707106781187,0.707106781187));
#12506 = DIRECTION('',(0.,0.707106781187,0.707106781187));
#12507 = ADVANCED_FACE('',(#12508),#12533,.T.);
#12508 = FACE_BOUND('',#12509,.T.);
#12509 = EDGE_LOOP('',(#12510,#12520,#12526,#12527));
#12510 = ORIENTED_EDGE('',*,*,#12511,.T.);
#12511 = EDGE_CURVE('',#12512,#12514,#12516,.T.);
#12512 = VERTEX_POINT('',#12513);
#12513 = CARTESIAN_POINT('',(166.,91.,51.));
#12514 = VERTEX_POINT('',#12515);
#12515 = CARTESIAN_POINT('',(166.,100.,60.));
#12516 = LINE('',#12517,#12518);
#12517 = CARTESIAN_POINT('',(166.,76.375,36.375));
#12518 = VECTOR('',#12519,1.);
#12519 = DIRECTION('',(0.,0.707106781187,0.707106781187));
#12520 = ORIENTED_EDGE('',*,*,#12521,.T.);
#12521 = EDGE_CURVE('',#12514,#4549,#12522,.T.);
#12522 = LINE('',#12523,#12524);
#12523 = CARTESIAN_POINT('',(164.,100.,60.));
#12524 = VECTOR('',#12525,1.);
#12525 = DIRECTION('',(1.,0.,0.));
#12526 = ORIENTED_EDGE('',*,*,#4546,.F.);
#12527 = ORIENTED_EDGE('',*,*,#12528,.F.);
#12528 = EDGE_CURVE('',#12512,#4547,#12529,.T.);
#12529 = LINE('',#12530,#12531);
#12530 = CARTESIAN_POINT('',(164.,91.,51.));
#12531 = VECTOR('',#12532,1.);
#12532 = DIRECTION('',(1.,0.,0.));
#12533 = PLANE('',#12534);
#12534 = AXIS2_PLACEMENT_3D('',#12535,#12536,#12537);
#12535 = CARTESIAN_POINT('',(164.,100.,60.));
#12536 = DIRECTION('',(0.,0.707106781187,-0.707106781187));
#12537 = DIRECTION('',(0.,-0.707106781187,-0.707106781187));
#12538 = ADVANCED_FACE('',(#12539),#12557,.T.);
#12539 = FACE_BOUND('',#12540,.T.);
#12540 = EDGE_LOOP('',(#12541,#12549,#12550,#12551));
#12541 = ORIENTED_EDGE('',*,*,#12542,.T.);
#12542 = EDGE_CURVE('',#12543,#12512,#12545,.T.);
#12543 = VERTEX_POINT('',#12544);
#12544 = CARTESIAN_POINT('',(166.,100.,42.));
#12545 = LINE('',#12546,#12547);
#12546 = CARTESIAN_POINT('',(166.,91.625,50.375));
#12547 = VECTOR('',#12548,1.);
#12548 = DIRECTION('',(0.,-0.707106781187,0.707106781187));
#12549 = ORIENTED_EDGE('',*,*,#12528,.T.);
#12550 = ORIENTED_EDGE('',*,*,#4572,.F.);
#12551 = ORIENTED_EDGE('',*,*,#12552,.F.);
#12552 = EDGE_CURVE('',#12543,#4565,#12553,.T.);
#12553 = LINE('',#12554,#12555);
#12554 = CARTESIAN_POINT('',(164.,100.,42.));
#12555 = VECTOR('',#12556,1.);
#12556 = DIRECTION('',(1.,0.,0.));
#12557 = PLANE('',#12558);
#12558 = AXIS2_PLACEMENT_3D('',#12559,#12560,#12561);
#12559 = CARTESIAN_POINT('',(164.,91.,51.));
#12560 = DIRECTION('',(-0.,0.707106781187,0.707106781187));
#12561 = DIRECTION('',(0.,0.707106781187,-0.707106781187));
#12562 = ADVANCED_FACE('',(#12563),#12581,.T.);
#12563 = FACE_BOUND('',#12564,.T.);
#12564 = EDGE_LOOP('',(#12565,#12573,#12579,#12580));
#12565 = ORIENTED_EDGE('',*,*,#12566,.T.);
#12566 = EDGE_CURVE('',#12514,#12567,#12569,.T.);
#12567 = VERTEX_POINT('',#12568);
#12568 = CARTESIAN_POINT('',(166.,109.,51.));
#12569 = LINE('',#12570,#12571);
#12570 = CARTESIAN_POINT('',(166.,105.125,54.875));
#12571 = VECTOR('',#12572,1.);
#12572 = DIRECTION('',(-0.,0.707106781187,-0.707106781187));
#12573 = ORIENTED_EDGE('',*,*,#12574,.T.);
#12574 = EDGE_CURVE('',#12567,#4557,#12575,.T.);
#12575 = LINE('',#12576,#12577);
#12576 = CARTESIAN_POINT('',(164.,109.,51.));
#12577 = VECTOR('',#12578,1.);
#12578 = DIRECTION('',(1.,0.,0.));
#12579 = ORIENTED_EDGE('',*,*,#4556,.F.);
#12580 = ORIENTED_EDGE('',*,*,#12521,.F.);
#12581 = PLANE('',#12582);
#12582 = AXIS2_PLACEMENT_3D('',#12583,#12584,#12585);
#12583 = CARTESIAN_POINT('',(164.,109.,51.));
#12584 = DIRECTION('',(0.,-0.707106781187,-0.707106781187));
#12585 = DIRECTION('',(0.,-0.707106781187,0.707106781187));
#12586 = ADVANCED_FACE('',(#12587),#12598,.T.);
#12587 = FACE_BOUND('',#12588,.T.);
#12588 = EDGE_LOOP('',(#12589,#12595,#12596,#12597));
#12589 = ORIENTED_EDGE('',*,*,#12590,.T.);
#12590 = EDGE_CURVE('',#12567,#12543,#12591,.T.);
#12591 = LINE('',#12592,#12593);
#12592 = CARTESIAN_POINT('',(166.,80.875,22.875));
#12593 = VECTOR('',#12594,1.);
#12594 = DIRECTION('',(0.,-0.707106781187,-0.707106781187));
#12595 = ORIENTED_EDGE('',*,*,#12552,.T.);
#12596 = ORIENTED_EDGE('',*,*,#4564,.F.);
#12597 = ORIENTED_EDGE('',*,*,#12574,.F.);
#12598 = PLANE('',#12599);
#12599 = AXIS2_PLACEMENT_3D('',#12600,#12601,#12602);
#12600 = CARTESIAN_POINT('',(164.,100.,42.));
#12601 = DIRECTION('',(0.,-0.707106781187,0.707106781187));
#12602 = DIRECTION('',(0.,0.707106781187,0.707106781187));
#12603 = ADVANCED_FACE('',(#12604),#12629,.T.);
#12604 = FACE_BOUND('',#12605,.T.);
#12605 = EDGE_LOOP('',(#12606,#12616,#12622,#12623));
#12606 = ORIENTED_EDGE('',*,*,#12607,.T.);
#12607 = EDGE_CURVE('',#12608,#12610,#12612,.T.);
#12608 = VERTEX_POINT('',#12609);
#12609 = CARTESIAN_POINT('',(166.,91.,73.));
#12610 = VERTEX_POINT('',#12611);
#12611 = CARTESIAN_POINT('',(166.,100.,82.));
#12612 = LINE('',#12613,#12614);
#12613 = CARTESIAN_POINT('',(166.,70.875,52.875));
#12614 = VECTOR('',#12615,1.);
#12615 = DIRECTION('',(0.,0.707106781187,0.707106781187));
#12616 = ORIENTED_EDGE('',*,*,#12617,.T.);
#12617 = EDGE_CURVE('',#12610,#4583,#12618,.T.);
#12618 = LINE('',#12619,#12620);
#12619 = CARTESIAN_POINT('',(164.,100.,82.));
#12620 = VECTOR('',#12621,1.);
#12621 = DIRECTION('',(1.,0.,0.));
#12622 = ORIENTED_EDGE('',*,*,#4580,.F.);
#12623 = ORIENTED_EDGE('',*,*,#12624,.F.);
#12624 = EDGE_CURVE('',#12608,#4581,#12625,.T.);
#12625 = LINE('',#12626,#12627);
#12626 = CARTESIAN_POINT('',(164.,91.,73.));
#12627 = VECTOR('',#12628,1.);
#12628 = DIRECTION('',(1.,0.,0.));
#12629 = PLANE('',#12630);
#12630 = AXIS2_PLACEMENT_3D('',#12631,#12632,#12633);
#12631 = CARTESIAN_POINT('',(164.,100.,82.));
#12632 = DIRECTION('',(0.,0.707106781187,-0.707106781187));
#12633 = DIRECTION('',(0.,-0.707106781187,-0.707106781187));
#12634 = ADVANCED_FACE('',(#12635),#12653,.T.);
#12635 = FACE_BOUND('',#12636,.T.);
#12636 = EDGE_LOOP('',(#12637,#12645,#12646,#12647));
#12637 = ORIENTED_EDGE('',*,*,#12638,.T.);
#12638 = EDGE_CURVE('',#12639,#12608,#12641,.T.);
#12639 = VERTEX_POINT('',#12640);
#12640 = CARTESIAN_POINT('',(166.,100.,64.));
#12641 = LINE('',#12642,#12643);
#12642 = CARTESIAN_POINT('',(166.,97.125,66.875));
#12643 = VECTOR('',#12644,1.);
#12644 = DIRECTION('',(0.,-0.707106781187,0.707106781187));
#12645 = ORIENTED_EDGE('',*,*,#12624,.T.);
#12646 = ORIENTED_EDGE('',*,*,#4606,.F.);
#12647 = ORIENTED_EDGE('',*,*,#12648,.F.);
#12648 = EDGE_CURVE('',#12639,#4599,#12649,.T.);
#12649 = LINE('',#12650,#12651);
#12650 = CARTESIAN_POINT('',(164.,100.,64.));
#12651 = VECTOR('',#12652,1.);
#12652 = DIRECTION('',(1.,0.,0.));
#12653 = PLANE('',#12654);
#12654 = AXIS2_PLACEMENT_3D('',#12655,#12656,#12657);
#12655 = CARTESIAN_POINT('',(164.,91.,73.));
#12656 = DIRECTION('',(-0.,0.707106781187,0.707106781187));
#12657 = DIRECTION('',(0.,0.707106781187,-0.707106781187));
#12658 = ADVANCED_FACE('',(#12659),#12677,.T.);
#12659 = FACE_BOUND('',#12660,.T.);
#12660 = EDGE_LOOP('',(#12661,#12669,#12675,#12676));
#12661 = ORIENTED_EDGE('',*,*,#12662,.T.);
#12662 = EDGE_CURVE('',#12610,#12663,#12665,.T.);
#12663 = VERTEX_POINT('',#12664);
#12664 = CARTESIAN_POINT('',(166.,109.,73.));
#12665 = LINE('',#12666,#12667);
#12666 = CARTESIAN_POINT('',(166.,110.625,71.375));
#12667 = VECTOR('',#12668,1.);
#12668 = DIRECTION('',(-0.,0.707106781187,-0.707106781187));
#12669 = ORIENTED_EDGE('',*,*,#12670,.T.);
#12670 = EDGE_CURVE('',#12663,#4591,#12671,.T.);
#12671 = LINE('',#12672,#12673);
#12672 = CARTESIAN_POINT('',(164.,109.,73.));
#12673 = VECTOR('',#12674,1.);
#12674 = DIRECTION('',(1.,0.,0.));
#12675 = ORIENTED_EDGE('',*,*,#4590,.F.);
#12676 = ORIENTED_EDGE('',*,*,#12617,.F.);
#12677 = PLANE('',#12678);
#12678 = AXIS2_PLACEMENT_3D('',#12679,#12680,#12681);
#12679 = CARTESIAN_POINT('',(164.,109.,73.));
#12680 = DIRECTION('',(0.,-0.707106781187,-0.707106781187));
#12681 = DIRECTION('',(0.,-0.707106781187,0.707106781187));
#12682 = ADVANCED_FACE('',(#12683),#12694,.T.);
#12683 = FACE_BOUND('',#12684,.T.);
#12684 = EDGE_LOOP('',(#12685,#12691,#12692,#12693));
#12685 = ORIENTED_EDGE('',*,*,#12686,.T.);
#12686 = EDGE_CURVE('',#12663,#12639,#12687,.T.);
#12687 = LINE('',#12688,#12689);
#12688 = CARTESIAN_POINT('',(166.,75.375,39.375));
#12689 = VECTOR('',#12690,1.);
#12690 = DIRECTION('',(0.,-0.707106781187,-0.707106781187));
#12691 = ORIENTED_EDGE('',*,*,#12648,.T.);
#12692 = ORIENTED_EDGE('',*,*,#4598,.F.);
#12693 = ORIENTED_EDGE('',*,*,#12670,.F.);
#12694 = PLANE('',#12695);
#12695 = AXIS2_PLACEMENT_3D('',#12696,#12697,#12698);
#12696 = CARTESIAN_POINT('',(164.,100.,64.));
#12697 = DIRECTION('',(0.,-0.707106781187,0.707106781187));
#12698 = DIRECTION('',(0.,0.707106781187,0.707106781187));
#12699 = ADVANCED_FACE('',(#12700),#12725,.T.);
#12700 = FACE_BOUND('',#12701,.T.);
#12701 = EDGE_LOOP('',(#12702,#12712,#12718,#12719));
#12702 = ORIENTED_EDGE('',*,*,#12703,.T.);
#12703 = EDGE_CURVE('',#12704,#12706,#12708,.T.);
#12704 = VERTEX_POINT('',#12705);
#12705 = CARTESIAN_POINT('',(166.,69.,40.));
#12706 = VERTEX_POINT('',#12707);
#12707 = CARTESIAN_POINT('',(166.,78.,49.));
#12708 = LINE('',#12709,#12710);
#12709 = CARTESIAN_POINT('',(166.,62.625,33.625));
#12710 = VECTOR('',#12711,1.);
#12711 = DIRECTION('',(0.,0.707106781187,0.707106781187));
#12712 = ORIENTED_EDGE('',*,*,#12713,.T.);
#12713 = EDGE_CURVE('',#12706,#4617,#12714,.T.);
#12714 = LINE('',#12715,#12716);
#12715 = CARTESIAN_POINT('',(164.,78.,49.));
#12716 = VECTOR('',#12717,1.);
#12717 = DIRECTION('',(1.,0.,0.));
#12718 = ORIENTED_EDGE('',*,*,#4614,.F.);
#12719 = ORIENTED_EDGE('',*,*,#12720,.F.);
#12720 = EDGE_CURVE('',#12704,#4615,#12721,.T.);
#12721 = LINE('',#12722,#12723);
#12722 = CARTESIAN_POINT('',(164.,69.,40.));
#12723 = VECTOR('',#12724,1.);
#12724 = DIRECTION('',(1.,0.,0.));
#12725 = PLANE('',#12726);
#12726 = AXIS2_PLACEMENT_3D('',#12727,#12728,#12729);
#12727 = CARTESIAN_POINT('',(164.,78.,49.));
#12728 = DIRECTION('',(0.,0.707106781187,-0.707106781187));
#12729 = DIRECTION('',(0.,-0.707106781187,-0.707106781187));
#12730 = ADVANCED_FACE('',(#12731),#12749,.T.);
#12731 = FACE_BOUND('',#12732,.T.);
#12732 = EDGE_LOOP('',(#12733,#12741,#12742,#12743));
#12733 = ORIENTED_EDGE('',*,*,#12734,.T.);
#12734 = EDGE_CURVE('',#12735,#12704,#12737,.T.);
#12735 = VERTEX_POINT('',#12736);
#12736 = CARTESIAN_POINT('',(166.,78.,31.));
#12737 = LINE('',#12738,#12739);
#12738 = CARTESIAN_POINT('',(166.,72.375,36.625));
#12739 = VECTOR('',#12740,1.);
#12740 = DIRECTION('',(0.,-0.707106781187,0.707106781187));
#12741 = ORIENTED_EDGE('',*,*,#12720,.T.);
#12742 = ORIENTED_EDGE('',*,*,#4640,.F.);
#12743 = ORIENTED_EDGE('',*,*,#12744,.F.);
#12744 = EDGE_CURVE('',#12735,#4633,#12745,.T.);
#12745 = LINE('',#12746,#12747);
#12746 = CARTESIAN_POINT('',(164.,78.,31.));
#12747 = VECTOR('',#12748,1.);
#12748 = DIRECTION('',(1.,0.,0.));
#12749 = PLANE('',#12750);
#12750 = AXIS2_PLACEMENT_3D('',#12751,#12752,#12753);
#12751 = CARTESIAN_POINT('',(164.,69.,40.));
#12752 = DIRECTION('',(-0.,0.707106781187,0.707106781187));
#12753 = DIRECTION('',(0.,0.707106781187,-0.707106781187));
#12754 = ADVANCED_FACE('',(#12755),#12773,.T.);
#12755 = FACE_BOUND('',#12756,.T.);
#12756 = EDGE_LOOP('',(#12757,#12765,#12771,#12772));
#12757 = ORIENTED_EDGE('',*,*,#12758,.T.);
#12758 = EDGE_CURVE('',#12706,#12759,#12761,.T.);
#12759 = VERTEX_POINT('',#12760);
#12760 = CARTESIAN_POINT('',(166.,87.,40.));
#12761 = LINE('',#12762,#12763);
#12762 = CARTESIAN_POINT('',(166.,85.875,41.125));
#12763 = VECTOR('',#12764,1.);
#12764 = DIRECTION('',(-0.,0.707106781187,-0.707106781187));
#12765 = ORIENTED_EDGE('',*,*,#12766,.T.);
#12766 = EDGE_CURVE('',#12759,#4625,#12767,.T.);
#12767 = LINE('',#12768,#12769);
#12768 = CARTESIAN_POINT('',(164.,87.,40.));
#12769 = VECTOR('',#12770,1.);
#12770 = DIRECTION('',(1.,0.,0.));
#12771 = ORIENTED_EDGE('',*,*,#4624,.F.);
#12772 = ORIENTED_EDGE('',*,*,#12713,.F.);
#12773 = PLANE('',#12774);
#12774 = AXIS2_PLACEMENT_3D('',#12775,#12776,#12777);
#12775 = CARTESIAN_POINT('',(164.,87.,40.));
#12776 = DIRECTION('',(0.,-0.707106781187,-0.707106781187));
#12777 = DIRECTION('',(0.,-0.707106781187,0.707106781187));
#12778 = ADVANCED_FACE('',(#12779),#12790,.T.);
#12779 = FACE_BOUND('',#12780,.T.);
#12780 = EDGE_LOOP('',(#12781,#12787,#12788,#12789));
#12781 = ORIENTED_EDGE('',*,*,#12782,.T.);
#12782 = EDGE_CURVE('',#12759,#12735,#12783,.T.);
#12783 = LINE('',#12784,#12785);
#12784 = CARTESIAN_POINT('',(166.,67.125,20.125));
#12785 = VECTOR('',#12786,1.);
#12786 = DIRECTION('',(0.,-0.707106781187,-0.707106781187));
#12787 = ORIENTED_EDGE('',*,*,#12744,.T.);
#12788 = ORIENTED_EDGE('',*,*,#4632,.F.);
#12789 = ORIENTED_EDGE('',*,*,#12766,.F.);
#12790 = PLANE('',#12791);
#12791 = AXIS2_PLACEMENT_3D('',#12792,#12793,#12794);
#12792 = CARTESIAN_POINT('',(164.,78.,31.));
#12793 = DIRECTION('',(0.,-0.707106781187,0.707106781187));
#12794 = DIRECTION('',(0.,0.707106781187,0.707106781187));
#12795 = ADVANCED_FACE('',(#12796),#12821,.T.);
#12796 = FACE_BOUND('',#12797,.T.);
#12797 = EDGE_LOOP('',(#12798,#12808,#12814,#12815));
#12798 = ORIENTED_EDGE('',*,*,#12799,.T.);
#12799 = EDGE_CURVE('',#12800,#12802,#12804,.T.);
#12800 = VERTEX_POINT('',#12801);
#12801 = CARTESIAN_POINT('',(166.,69.,62.));
#12802 = VERTEX_POINT('',#12803);
#12803 = CARTESIAN_POINT('',(166.,78.,71.));
#12804 = LINE('',#12805,#12806);
#12805 = CARTESIAN_POINT('',(166.,57.125,50.125));
#12806 = VECTOR('',#12807,1.);
#12807 = DIRECTION('',(0.,0.707106781187,0.707106781187));
#12808 = ORIENTED_EDGE('',*,*,#12809,.T.);
#12809 = EDGE_CURVE('',#12802,#4651,#12810,.T.);
#12810 = LINE('',#12811,#12812);
#12811 = CARTESIAN_POINT('',(164.,78.,71.));
#12812 = VECTOR('',#12813,1.);
#12813 = DIRECTION('',(1.,0.,0.));
#12814 = ORIENTED_EDGE('',*,*,#4648,.F.);
#12815 = ORIENTED_EDGE('',*,*,#12816,.F.);
#12816 = EDGE_CURVE('',#12800,#4649,#12817,.T.);
#12817 = LINE('',#12818,#12819);
#12818 = CARTESIAN_POINT('',(164.,69.,62.));
#12819 = VECTOR('',#12820,1.);
#12820 = DIRECTION('',(1.,0.,0.));
#12821 = PLANE('',#12822);
#12822 = AXIS2_PLACEMENT_3D('',#12823,#12824,#12825);
#12823 = CARTESIAN_POINT('',(164.,78.,71.));
#12824 = DIRECTION('',(0.,0.707106781187,-0.707106781187));
#12825 = DIRECTION('',(0.,-0.707106781187,-0.707106781187));
#12826 = ADVANCED_FACE('',(#12827),#12845,.T.);
#12827 = FACE_BOUND('',#12828,.T.);
#12828 = EDGE_LOOP('',(#12829,#12837,#12838,#12839));
#12829 = ORIENTED_EDGE('',*,*,#12830,.T.);
#12830 = EDGE_CURVE('',#12831,#12800,#12833,.T.);
#12831 = VERTEX_POINT('',#12832);
#12832 = CARTESIAN_POINT('',(166.,78.,53.));
#12833 = LINE('',#12834,#12835);
#12834 = CARTESIAN_POINT('',(166.,77.875,53.125));
#12835 = VECTOR('',#12836,1.);
#12836 = DIRECTION('',(0.,-0.707106781187,0.707106781187));
#12837 = ORIENTED_EDGE('',*,*,#12816,.T.);
#12838 = ORIENTED_EDGE('',*,*,#4674,.F.);
#12839 = ORIENTED_EDGE('',*,*,#12840,.F.);
#12840 = EDGE_CURVE('',#12831,#4667,#12841,.T.);
#12841 = LINE('',#12842,#12843);
#12842 = CARTESIAN_POINT('',(164.,78.,53.));
#12843 = VECTOR('',#12844,1.);
#12844 = DIRECTION('',(1.,0.,0.));
#12845 = PLANE('',#12846);
#12846 = AXIS2_PLACEMENT_3D('',#12847,#12848,#12849);
#12847 = CARTESIAN_POINT('',(164.,69.,62.));
#12848 = DIRECTION('',(-0.,0.707106781187,0.707106781187));
#12849 = DIRECTION('',(0.,0.707106781187,-0.707106781187));
#12850 = ADVANCED_FACE('',(#12851),#12869,.T.);
#12851 = FACE_BOUND('',#12852,.T.);
#12852 = EDGE_LOOP('',(#12853,#12861,#12867,#12868));
#12853 = ORIENTED_EDGE('',*,*,#12854,.T.);
#12854 = EDGE_CURVE('',#12802,#12855,#12857,.T.);
#12855 = VERTEX_POINT('',#12856);
#12856 = CARTESIAN_POINT('',(166.,87.,62.));
#12857 = LINE('',#12858,#12859);
#12858 = CARTESIAN_POINT('',(166.,91.375,57.625));
#12859 = VECTOR('',#12860,1.);
#12860 = DIRECTION('',(-0.,0.707106781187,-0.707106781187));
#12861 = ORIENTED_EDGE('',*,*,#12862,.T.);
#12862 = EDGE_CURVE('',#12855,#4659,#12863,.T.);
#12863 = LINE('',#12864,#12865);
#12864 = CARTESIAN_POINT('',(164.,87.,62.));
#12865 = VECTOR('',#12866,1.);
#12866 = DIRECTION('',(1.,0.,0.));
#12867 = ORIENTED_EDGE('',*,*,#4658,.F.);
#12868 = ORIENTED_EDGE('',*,*,#12809,.F.);
#12869 = PLANE('',#12870);
#12870 = AXIS2_PLACEMENT_3D('',#12871,#12872,#12873);
#12871 = CARTESIAN_POINT('',(164.,87.,62.));
#12872 = DIRECTION('',(0.,-0.707106781187,-0.707106781187));
#12873 = DIRECTION('',(0.,-0.707106781187,0.707106781187));
#12874 = ADVANCED_FACE('',(#12875),#12886,.T.);
#12875 = FACE_BOUND('',#12876,.T.);
#12876 = EDGE_LOOP('',(#12877,#12883,#12884,#12885));
#12877 = ORIENTED_EDGE('',*,*,#12878,.T.);
#12878 = EDGE_CURVE('',#12855,#12831,#12879,.T.);
#12879 = LINE('',#12880,#12881);
#12880 = CARTESIAN_POINT('',(166.,61.625,36.625));
#12881 = VECTOR('',#12882,1.);
#12882 = DIRECTION('',(0.,-0.707106781187,-0.707106781187));
#12883 = ORIENTED_EDGE('',*,*,#12840,.T.);
#12884 = ORIENTED_EDGE('',*,*,#4666,.F.);
#12885 = ORIENTED_EDGE('',*,*,#12862,.F.);
#12886 = PLANE('',#12887);
#12887 = AXIS2_PLACEMENT_3D('',#12888,#12889,#12890);
#12888 = CARTESIAN_POINT('',(164.,78.,53.));
#12889 = DIRECTION('',(0.,-0.707106781187,0.707106781187));
#12890 = DIRECTION('',(0.,0.707106781187,0.707106781187));
#12891 = ADVANCED_FACE('',(#12892),#12917,.T.);
#12892 = FACE_BOUND('',#12893,.T.);
#12893 = EDGE_LOOP('',(#12894,#12904,#12910,#12911));
#12894 = ORIENTED_EDGE('',*,*,#12895,.T.);
#12895 = EDGE_CURVE('',#12896,#12898,#12900,.T.);
#12896 = VERTEX_POINT('',#12897);
#12897 = CARTESIAN_POINT('',(166.,91.,95.));
#12898 = VERTEX_POINT('',#12899);
#12899 = CARTESIAN_POINT('',(166.,100.,104.));
#12900 = LINE('',#12901,#12902);
#12901 = CARTESIAN_POINT('',(166.,65.375,69.375));
#12902 = VECTOR('',#12903,1.);
#12903 = DIRECTION('',(0.,0.707106781187,0.707106781187));
#12904 = ORIENTED_EDGE('',*,*,#12905,.T.);
#12905 = EDGE_CURVE('',#12898,#4685,#12906,.T.);
#12906 = LINE('',#12907,#12908);
#12907 = CARTESIAN_POINT('',(164.,100.,104.));
#12908 = VECTOR('',#12909,1.);
#12909 = DIRECTION('',(1.,0.,0.));
#12910 = ORIENTED_EDGE('',*,*,#4682,.F.);
#12911 = ORIENTED_EDGE('',*,*,#12912,.F.);
#12912 = EDGE_CURVE('',#12896,#4683,#12913,.T.);
#12913 = LINE('',#12914,#12915);
#12914 = CARTESIAN_POINT('',(164.,91.,95.));
#12915 = VECTOR('',#12916,1.);
#12916 = DIRECTION('',(1.,0.,0.));
#12917 = PLANE('',#12918);
#12918 = AXIS2_PLACEMENT_3D('',#12919,#12920,#12921);
#12919 = CARTESIAN_POINT('',(164.,100.,104.));
#12920 = DIRECTION('',(0.,0.707106781187,-0.707106781187));
#12921 = DIRECTION('',(0.,-0.707106781187,-0.707106781187));
#12922 = ADVANCED_FACE('',(#12923),#12941,.T.);
#12923 = FACE_BOUND('',#12924,.T.);
#12924 = EDGE_LOOP('',(#12925,#12933,#12934,#12935));
#12925 = ORIENTED_EDGE('',*,*,#12926,.T.);
#12926 = EDGE_CURVE('',#12927,#12896,#12929,.T.);
#12927 = VERTEX_POINT('',#12928);
#12928 = CARTESIAN_POINT('',(166.,100.,86.));
#12929 = LINE('',#12930,#12931);
#12930 = CARTESIAN_POINT('',(166.,102.625,83.375));
#12931 = VECTOR('',#12932,1.);
#12932 = DIRECTION('',(0.,-0.707106781187,0.707106781187));
#12933 = ORIENTED_EDGE('',*,*,#12912,.T.);
#12934 = ORIENTED_EDGE('',*,*,#4708,.F.);
#12935 = ORIENTED_EDGE('',*,*,#12936,.F.);
#12936 = EDGE_CURVE('',#12927,#4701,#12937,.T.);
#12937 = LINE('',#12938,#12939);
#12938 = CARTESIAN_POINT('',(164.,100.,86.));
#12939 = VECTOR('',#12940,1.);
#12940 = DIRECTION('',(1.,0.,0.));
#12941 = PLANE('',#12942);
#12942 = AXIS2_PLACEMENT_3D('',#12943,#12944,#12945);
#12943 = CARTESIAN_POINT('',(164.,91.,95.));
#12944 = DIRECTION('',(-0.,0.707106781187,0.707106781187));
#12945 = DIRECTION('',(0.,0.707106781187,-0.707106781187));
#12946 = ADVANCED_FACE('',(#12947),#12965,.T.);
#12947 = FACE_BOUND('',#12948,.T.);
#12948 = EDGE_LOOP('',(#12949,#12957,#12963,#12964));
#12949 = ORIENTED_EDGE('',*,*,#12950,.T.);
#12950 = EDGE_CURVE('',#12898,#12951,#12953,.T.);
#12951 = VERTEX_POINT('',#12952);
#12952 = CARTESIAN_POINT('',(166.,109.,95.));
#12953 = LINE('',#12954,#12955);
#12954 = CARTESIAN_POINT('',(166.,116.125,87.875));
#12955 = VECTOR('',#12956,1.);
#12956 = DIRECTION('',(-0.,0.707106781187,-0.707106781187));
#12957 = ORIENTED_EDGE('',*,*,#12958,.T.);
#12958 = EDGE_CURVE('',#12951,#4693,#12959,.T.);
#12959 = LINE('',#12960,#12961);
#12960 = CARTESIAN_POINT('',(164.,109.,95.));
#12961 = VECTOR('',#12962,1.);
#12962 = DIRECTION('',(1.,0.,0.));
#12963 = ORIENTED_EDGE('',*,*,#4692,.F.);
#12964 = ORIENTED_EDGE('',*,*,#12905,.F.);
#12965 = PLANE('',#12966);
#12966 = AXIS2_PLACEMENT_3D('',#12967,#12968,#12969);
#12967 = CARTESIAN_POINT('',(164.,109.,95.));
#12968 = DIRECTION('',(0.,-0.707106781187,-0.707106781187));
#12969 = DIRECTION('',(0.,-0.707106781187,0.707106781187));
#12970 = ADVANCED_FACE('',(#12971),#12982,.T.);
#12971 = FACE_BOUND('',#12972,.T.);
#12972 = EDGE_LOOP('',(#12973,#12979,#12980,#12981));
#12973 = ORIENTED_EDGE('',*,*,#12974,.T.);
#12974 = EDGE_CURVE('',#12951,#12927,#12975,.T.);
#12975 = LINE('',#12976,#12977);
#12976 = CARTESIAN_POINT('',(166.,69.875,55.875));
#12977 = VECTOR('',#12978,1.);
#12978 = DIRECTION('',(0.,-0.707106781187,-0.707106781187));
#12979 = ORIENTED_EDGE('',*,*,#12936,.T.);
#12980 = ORIENTED_EDGE('',*,*,#4700,.F.);
#12981 = ORIENTED_EDGE('',*,*,#12958,.F.);
#12982 = PLANE('',#12983);
#12983 = AXIS2_PLACEMENT_3D('',#12984,#12985,#12986);
#12984 = CARTESIAN_POINT('',(164.,100.,86.));
#12985 = DIRECTION('',(0.,-0.707106781187,0.707106781187));
#12986 = DIRECTION('',(0.,0.707106781187,0.707106781187));
#12987 = ADVANCED_FACE('',(#12988),#13013,.T.);
#12988 = FACE_BOUND('',#12989,.T.);
#12989 = EDGE_LOOP('',(#12990,#12998,#13006,#13012));
#12990 = ORIENTED_EDGE('',*,*,#12991,.F.);
#12991 = EDGE_CURVE('',#12992,#4717,#12994,.T.);
#12992 = VERTEX_POINT('',#12993);
#12993 = CARTESIAN_POINT('',(183.,106.2,114.5));
#12994 = LINE('',#12995,#12996);
#12995 = CARTESIAN_POINT('',(181.5,106.2,114.5));
#12996 = VECTOR('',#12997,1.);
#12997 = DIRECTION('',(1.,0.,-0.));
#12998 = ORIENTED_EDGE('',*,*,#12999,.T.);
#12999 = EDGE_CURVE('',#12992,#13000,#13002,.T.);
#13000 = VERTEX_POINT('',#13001);
#13001 = CARTESIAN_POINT('',(183.,93.8,114.5));
#13002 = LINE('',#13003,#13004);
#13003 = CARTESIAN_POINT('',(183.,92.9,114.5));
#13004 = VECTOR('',#13005,1.);
#13005 = DIRECTION('',(0.,-1.,0.));
#13006 = ORIENTED_EDGE('',*,*,#13007,.T.);
#13007 = EDGE_CURVE('',#13000,#4719,#13008,.T.);
#13008 = LINE('',#13009,#13010);
#13009 = CARTESIAN_POINT('',(181.5,93.8,114.5));
#13010 = VECTOR('',#13011,1.);
#13011 = DIRECTION('',(1.,0.,-0.));
#13012 = ORIENTED_EDGE('',*,*,#4716,.F.);
#13013 = PLANE('',#13014);
#13014 = AXIS2_PLACEMENT_3D('',#13015,#13016,#13017);
#13015 = CARTESIAN_POINT('',(181.5,93.8,114.5));
#13016 = DIRECTION('',(0.,0.,1.));
#13017 = DIRECTION('',(1.,0.,-0.));
#13018 = ADVANCED_FACE('',(#13019),#13037,.F.);
#13019 = FACE_BOUND('',#13020,.F.);
#13020 = EDGE_LOOP('',(#13021,#13022,#13030,#13036));
#13021 = ORIENTED_EDGE('',*,*,#12991,.F.);
#13022 = ORIENTED_EDGE('',*,*,#13023,.T.);
#13023 = EDGE_CURVE('',#12992,#13024,#13026,.T.);
#13024 = VERTEX_POINT('',#13025);
#13025 = CARTESIAN_POINT('',(183.,106.2,127.4));
#13026 = LINE('',#13027,#13028);
#13027 = CARTESIAN_POINT('',(183.,106.2,114.25));
#13028 = VECTOR('',#13029,1.);
#13029 = DIRECTION('',(0.,0.,1.));
#13030 = ORIENTED_EDGE('',*,*,#13031,.T.);
#13031 = EDGE_CURVE('',#13024,#4735,#13032,.T.);
#13032 = LINE('',#13033,#13034);
#13033 = CARTESIAN_POINT('',(181.5,106.2,127.4));
#13034 = VECTOR('',#13035,1.);
#13035 = DIRECTION('',(1.,0.,-0.));
#13036 = ORIENTED_EDGE('',*,*,#4742,.F.);
#13037 = PLANE('',#13038);
#13038 = AXIS2_PLACEMENT_3D('',#13039,#13040,#13041);
#13039 = CARTESIAN_POINT('',(181.5,106.2,114.5));
#13040 = DIRECTION('',(-0.,1.,0.));
#13041 = DIRECTION('',(0.,0.,1.));
#13042 = ADVANCED_FACE('',(#13043),#13061,.F.);
#13043 = FACE_BOUND('',#13044,.F.);
#13044 = EDGE_LOOP('',(#13045,#13046,#13054,#13060));
#13045 = ORIENTED_EDGE('',*,*,#13031,.F.);
#13046 = ORIENTED_EDGE('',*,*,#13047,.T.);
#13047 = EDGE_CURVE('',#13024,#13048,#13050,.T.);
#13048 = VERTEX_POINT('',#13049);
#13049 = CARTESIAN_POINT('',(183.,93.8,127.4));
#13050 = LINE('',#13051,#13052);
#13051 = CARTESIAN_POINT('',(183.,92.9,127.4));
#13052 = VECTOR('',#13053,1.);
#13053 = DIRECTION('',(0.,-1.,0.));
#13054 = ORIENTED_EDGE('',*,*,#13055,.T.);
#13055 = EDGE_CURVE('',#13048,#4727,#13056,.T.);
#13056 = LINE('',#13057,#13058);
#13057 = CARTESIAN_POINT('',(181.5,93.8,127.4));
#13058 = VECTOR('',#13059,1.);
#13059 = DIRECTION('',(1.,0.,-0.));
#13060 = ORIENTED_EDGE('',*,*,#4734,.F.);
#13061 = PLANE('',#13062);
#13062 = AXIS2_PLACEMENT_3D('',#13063,#13064,#13065);
#13063 = CARTESIAN_POINT('',(181.5,93.8,127.4));
#13064 = DIRECTION('',(0.,0.,1.));
#13065 = DIRECTION('',(1.,0.,-0.));
#13066 = ADVANCED_FACE('',(#13067),#13078,.T.);
#13067 = FACE_BOUND('',#13068,.T.);
#13068 = EDGE_LOOP('',(#13069,#13070,#13076,#13077));
#13069 = ORIENTED_EDGE('',*,*,#13007,.F.);
#13070 = ORIENTED_EDGE('',*,*,#13071,.T.);
#13071 = EDGE_CURVE('',#13000,#13048,#13072,.T.);
#13072 = LINE('',#13073,#13074);
#13073 = CARTESIAN_POINT('',(183.,93.8,114.25));
#13074 = VECTOR('',#13075,1.);
#13075 = DIRECTION('',(0.,0.,1.));
#13076 = ORIENTED_EDGE('',*,*,#13055,.T.);
#13077 = ORIENTED_EDGE('',*,*,#4726,.F.);
#13078 = PLANE('',#13079);
#13079 = AXIS2_PLACEMENT_3D('',#13080,#13081,#13082);
#13080 = CARTESIAN_POINT('',(181.5,93.8,114.5));
#13081 = DIRECTION('',(-0.,1.,0.));
#13082 = DIRECTION('',(0.,0.,1.));
#13083 = ADVANCED_FACE('',(#13084),#13109,.T.);
#13084 = FACE_BOUND('',#13085,.T.);
#13085 = EDGE_LOOP('',(#13086,#13096,#13102,#13103));
#13086 = ORIENTED_EDGE('',*,*,#13087,.T.);
#13087 = EDGE_CURVE('',#13088,#13090,#13092,.T.);
#13088 = VERTEX_POINT('',#13089);
#13089 = CARTESIAN_POINT('',(166.,69.,84.));
#13090 = VERTEX_POINT('',#13091);
#13091 = CARTESIAN_POINT('',(166.,78.,93.));
#13092 = LINE('',#13093,#13094);
#13093 = CARTESIAN_POINT('',(166.,51.625,66.625));
#13094 = VECTOR('',#13095,1.);
#13095 = DIRECTION('',(0.,0.707106781187,0.707106781187));
#13096 = ORIENTED_EDGE('',*,*,#13097,.T.);
#13097 = EDGE_CURVE('',#13090,#4753,#13098,.T.);
#13098 = LINE('',#13099,#13100);
#13099 = CARTESIAN_POINT('',(164.,78.,93.));
#13100 = VECTOR('',#13101,1.);
#13101 = DIRECTION('',(1.,0.,0.));
#13102 = ORIENTED_EDGE('',*,*,#4750,.F.);
#13103 = ORIENTED_EDGE('',*,*,#13104,.F.);
#13104 = EDGE_CURVE('',#13088,#4751,#13105,.T.);
#13105 = LINE('',#13106,#13107);
#13106 = CARTESIAN_POINT('',(164.,69.,84.));
#13107 = VECTOR('',#13108,1.);
#13108 = DIRECTION('',(1.,0.,0.));
#13109 = PLANE('',#13110);
#13110 = AXIS2_PLACEMENT_3D('',#13111,#13112,#13113);
#13111 = CARTESIAN_POINT('',(164.,78.,93.));
#13112 = DIRECTION('',(0.,0.707106781187,-0.707106781187));
#13113 = DIRECTION('',(0.,-0.707106781187,-0.707106781187));
#13114 = ADVANCED_FACE('',(#13115),#13133,.T.);
#13115 = FACE_BOUND('',#13116,.T.);
#13116 = EDGE_LOOP('',(#13117,#13125,#13126,#13127));
#13117 = ORIENTED_EDGE('',*,*,#13118,.T.);
#13118 = EDGE_CURVE('',#13119,#13088,#13121,.T.);
#13119 = VERTEX_POINT('',#13120);
#13120 = CARTESIAN_POINT('',(166.,78.,75.));
#13121 = LINE('',#13122,#13123);
#13122 = CARTESIAN_POINT('',(166.,83.375,69.625));
#13123 = VECTOR('',#13124,1.);
#13124 = DIRECTION('',(0.,-0.707106781187,0.707106781187));
#13125 = ORIENTED_EDGE('',*,*,#13104,.T.);
#13126 = ORIENTED_EDGE('',*,*,#4776,.F.);
#13127 = ORIENTED_EDGE('',*,*,#13128,.F.);
#13128 = EDGE_CURVE('',#13119,#4769,#13129,.T.);
#13129 = LINE('',#13130,#13131);
#13130 = CARTESIAN_POINT('',(164.,78.,75.));
#13131 = VECTOR('',#13132,1.);
#13132 = DIRECTION('',(1.,0.,0.));
#13133 = PLANE('',#13134);
#13134 = AXIS2_PLACEMENT_3D('',#13135,#13136,#13137);
#13135 = CARTESIAN_POINT('',(164.,69.,84.));
#13136 = DIRECTION('',(-0.,0.707106781187,0.707106781187));
#13137 = DIRECTION('',(0.,0.707106781187,-0.707106781187));
#13138 = ADVANCED_FACE('',(#13139),#13157,.T.);
#13139 = FACE_BOUND('',#13140,.T.);
#13140 = EDGE_LOOP('',(#13141,#13149,#13155,#13156));
#13141 = ORIENTED_EDGE('',*,*,#13142,.T.);
#13142 = EDGE_CURVE('',#13090,#13143,#13145,.T.);
#13143 = VERTEX_POINT('',#13144);
#13144 = CARTESIAN_POINT('',(166.,87.,84.));
#13145 = LINE('',#13146,#13147);
#13146 = CARTESIAN_POINT('',(166.,96.875,74.125));
#13147 = VECTOR('',#13148,1.);
#13148 = DIRECTION('',(-0.,0.707106781187,-0.707106781187));
#13149 = ORIENTED_EDGE('',*,*,#13150,.T.);
#13150 = EDGE_CURVE('',#13143,#4761,#13151,.T.);
#13151 = LINE('',#13152,#13153);
#13152 = CARTESIAN_POINT('',(164.,87.,84.));
#13153 = VECTOR('',#13154,1.);
#13154 = DIRECTION('',(1.,0.,0.));
#13155 = ORIENTED_EDGE('',*,*,#4760,.F.);
#13156 = ORIENTED_EDGE('',*,*,#13097,.F.);
#13157 = PLANE('',#13158);
#13158 = AXIS2_PLACEMENT_3D('',#13159,#13160,#13161);
#13159 = CARTESIAN_POINT('',(164.,87.,84.));
#13160 = DIRECTION('',(0.,-0.707106781187,-0.707106781187));
#13161 = DIRECTION('',(0.,-0.707106781187,0.707106781187));
#13162 = ADVANCED_FACE('',(#13163),#13174,.T.);
#13163 = FACE_BOUND('',#13164,.T.);
#13164 = EDGE_LOOP('',(#13165,#13171,#13172,#13173));
#13165 = ORIENTED_EDGE('',*,*,#13166,.T.);
#13166 = EDGE_CURVE('',#13143,#13119,#13167,.T.);
#13167 = LINE('',#13168,#13169);
#13168 = CARTESIAN_POINT('',(166.,56.125,53.125));
#13169 = VECTOR('',#13170,1.);
#13170 = DIRECTION('',(0.,-0.707106781187,-0.707106781187));
#13171 = ORIENTED_EDGE('',*,*,#13128,.T.);
#13172 = ORIENTED_EDGE('',*,*,#4768,.F.);
#13173 = ORIENTED_EDGE('',*,*,#13150,.F.);
#13174 = PLANE('',#13175);
#13175 = AXIS2_PLACEMENT_3D('',#13176,#13177,#13178);
#13176 = CARTESIAN_POINT('',(164.,78.,75.));
#13177 = DIRECTION('',(0.,-0.707106781187,0.707106781187));
#13178 = DIRECTION('',(0.,0.707106781187,0.707106781187));
#13179 = ADVANCED_FACE('',(#13180),#13205,.T.);
#13180 = FACE_BOUND('',#13181,.T.);
#13181 = EDGE_LOOP('',(#13182,#13192,#13198,#13199));
#13182 = ORIENTED_EDGE('',*,*,#13183,.T.);
#13183 = EDGE_CURVE('',#13184,#13186,#13188,.T.);
#13184 = VERTEX_POINT('',#13185);
#13185 = CARTESIAN_POINT('',(166.,69.,106.));
#13186 = VERTEX_POINT('',#13187);
#13187 = CARTESIAN_POINT('',(166.,78.,115.));
#13188 = LINE('',#13189,#13190);
#13189 = CARTESIAN_POINT('',(166.,46.125,83.125));
#13190 = VECTOR('',#13191,1.);
#13191 = DIRECTION('',(0.,0.707106781187,0.707106781187));
#13192 = ORIENTED_EDGE('',*,*,#13193,.T.);
#13193 = EDGE_CURVE('',#13186,#4787,#13194,.T.);
#13194 = LINE('',#13195,#13196);
#13195 = CARTESIAN_POINT('',(164.,78.,115.));
#13196 = VECTOR('',#13197,1.);
#13197 = DIRECTION('',(1.,0.,0.));
#13198 = ORIENTED_EDGE('',*,*,#4784,.F.);
#13199 = ORIENTED_EDGE('',*,*,#13200,.F.);
#13200 = EDGE_CURVE('',#13184,#4785,#13201,.T.);
#13201 = LINE('',#13202,#13203);
#13202 = CARTESIAN_POINT('',(164.,69.,106.));
#13203 = VECTOR('',#13204,1.);
#13204 = DIRECTION('',(1.,0.,0.));
#13205 = PLANE('',#13206);
#13206 = AXIS2_PLACEMENT_3D('',#13207,#13208,#13209);
#13207 = CARTESIAN_POINT('',(164.,78.,115.));
#13208 = DIRECTION('',(0.,0.707106781187,-0.707106781187));
#13209 = DIRECTION('',(0.,-0.707106781187,-0.707106781187));
#13210 = ADVANCED_FACE('',(#13211),#13229,.T.);
#13211 = FACE_BOUND('',#13212,.T.);
#13212 = EDGE_LOOP('',(#13213,#13221,#13222,#13223));
#13213 = ORIENTED_EDGE('',*,*,#13214,.T.);
#13214 = EDGE_CURVE('',#13215,#13184,#13217,.T.);
#13215 = VERTEX_POINT('',#13216);
#13216 = CARTESIAN_POINT('',(166.,78.,97.));
#13217 = LINE('',#13218,#13219);
#13218 = CARTESIAN_POINT('',(166.,88.875,86.125));
#13219 = VECTOR('',#13220,1.);
#13220 = DIRECTION('',(0.,-0.707106781187,0.707106781187));
#13221 = ORIENTED_EDGE('',*,*,#13200,.T.);
#13222 = ORIENTED_EDGE('',*,*,#4810,.F.);
#13223 = ORIENTED_EDGE('',*,*,#13224,.F.);
#13224 = EDGE_CURVE('',#13215,#4803,#13225,.T.);
#13225 = LINE('',#13226,#13227);
#13226 = CARTESIAN_POINT('',(164.,78.,97.));
#13227 = VECTOR('',#13228,1.);
#13228 = DIRECTION('',(1.,0.,0.));
#13229 = PLANE('',#13230);
#13230 = AXIS2_PLACEMENT_3D('',#13231,#13232,#13233);
#13231 = CARTESIAN_POINT('',(164.,69.,106.));
#13232 = DIRECTION('',(-0.,0.707106781187,0.707106781187));
#13233 = DIRECTION('',(0.,0.707106781187,-0.707106781187));
#13234 = ADVANCED_FACE('',(#13235),#13253,.T.);
#13235 = FACE_BOUND('',#13236,.T.);
#13236 = EDGE_LOOP('',(#13237,#13245,#13251,#13252));
#13237 = ORIENTED_EDGE('',*,*,#13238,.T.);
#13238 = EDGE_CURVE('',#13186,#13239,#13241,.T.);
#13239 = VERTEX_POINT('',#13240);
#13240 = CARTESIAN_POINT('',(166.,87.,106.));
#13241 = LINE('',#13242,#13243);
#13242 = CARTESIAN_POINT('',(166.,102.375,90.625));
#13243 = VECTOR('',#13244,1.);
#13244 = DIRECTION('',(-0.,0.707106781187,-0.707106781187));
#13245 = ORIENTED_EDGE('',*,*,#13246,.T.);
#13246 = EDGE_CURVE('',#13239,#4795,#13247,.T.);
#13247 = LINE('',#13248,#13249);
#13248 = CARTESIAN_POINT('',(164.,87.,106.));
#13249 = VECTOR('',#13250,1.);
#13250 = DIRECTION('',(1.,0.,0.));
#13251 = ORIENTED_EDGE('',*,*,#4794,.F.);
#13252 = ORIENTED_EDGE('',*,*,#13193,.F.);
#13253 = PLANE('',#13254);
#13254 = AXIS2_PLACEMENT_3D('',#13255,#13256,#13257);
#13255 = CARTESIAN_POINT('',(164.,87.,106.));
#13256 = DIRECTION('',(0.,-0.707106781187,-0.707106781187));
#13257 = DIRECTION('',(0.,-0.707106781187,0.707106781187));
#13258 = ADVANCED_FACE('',(#13259),#13270,.T.);
#13259 = FACE_BOUND('',#13260,.T.);
#13260 = EDGE_LOOP('',(#13261,#13267,#13268,#13269));
#13261 = ORIENTED_EDGE('',*,*,#13262,.T.);
#13262 = EDGE_CURVE('',#13239,#13215,#13263,.T.);
#13263 = LINE('',#13264,#13265);
#13264 = CARTESIAN_POINT('',(166.,50.625,69.625));
#13265 = VECTOR('',#13266,1.);
#13266 = DIRECTION('',(0.,-0.707106781187,-0.707106781187));
#13267 = ORIENTED_EDGE('',*,*,#13224,.T.);
#13268 = ORIENTED_EDGE('',*,*,#4802,.F.);
#13269 = ORIENTED_EDGE('',*,*,#13246,.F.);
#13270 = PLANE('',#13271);
#13271 = AXIS2_PLACEMENT_3D('',#13272,#13273,#13274);
#13272 = CARTESIAN_POINT('',(164.,78.,97.));
#13273 = DIRECTION('',(0.,-0.707106781187,0.707106781187));
#13274 = DIRECTION('',(0.,0.707106781187,0.707106781187));
#13275 = ADVANCED_FACE('',(#13276,#13294,#13300,#13306,#13312,#13318,
    #13324,#13330,#13336,#13342,#13348,#13354,#13360,#13366,#13372,
    #13378,#13384,#13390,#13396,#13402,#13408,#13414,#13420,#13426,
    #13432,#13438),#13444,.F.);
#13276 = FACE_BOUND('',#13277,.F.);
#13277 = EDGE_LOOP('',(#13278,#13286,#13292,#13293));
#13278 = ORIENTED_EDGE('',*,*,#13279,.F.);
#13279 = EDGE_CURVE('',#13280,#11913,#13282,.T.);
#13280 = VERTEX_POINT('',#13281);
#13281 = CARTESIAN_POINT('',(166.,148.,11.5));
#13282 = LINE('',#13283,#13284);
#13283 = CARTESIAN_POINT('',(166.,148.,11.5));
#13284 = VECTOR('',#13285,1.);
#13285 = DIRECTION('',(0.,0.,1.));
#13286 = ORIENTED_EDGE('',*,*,#13287,.F.);
#13287 = EDGE_CURVE('',#11452,#13280,#13288,.T.);
#13288 = LINE('',#13289,#13290);
#13289 = CARTESIAN_POINT('',(20.,148.,11.5));
#13290 = VECTOR('',#13291,1.);
#13291 = DIRECTION('',(1.,0.,-0.));
#13292 = ORIENTED_EDGE('',*,*,#11459,.T.);
#13293 = ORIENTED_EDGE('',*,*,#11912,.F.);
#13294 = FACE_BOUND('',#13295,.F.);
#13295 = EDGE_LOOP('',(#13296,#13297,#13298,#13299));
#13296 = ORIENTED_EDGE('',*,*,#4858,.T.);
#13297 = ORIENTED_EDGE('',*,*,#4913,.T.);
#13298 = ORIENTED_EDGE('',*,*,#4937,.T.);
#13299 = ORIENTED_EDGE('',*,*,#4889,.T.);
#13300 = FACE_BOUND('',#13301,.F.);
#13301 = EDGE_LOOP('',(#13302,#13303,#13304,#13305));
#13302 = ORIENTED_EDGE('',*,*,#5050,.T.);
#13303 = ORIENTED_EDGE('',*,*,#5105,.T.);
#13304 = ORIENTED_EDGE('',*,*,#5129,.T.);
#13305 = ORIENTED_EDGE('',*,*,#5081,.T.);
#13306 = FACE_BOUND('',#13307,.F.);
#13307 = EDGE_LOOP('',(#13308,#13309,#13310,#13311));
#13308 = ORIENTED_EDGE('',*,*,#5146,.T.);
#13309 = ORIENTED_EDGE('',*,*,#5201,.T.);
#13310 = ORIENTED_EDGE('',*,*,#5225,.T.);
#13311 = ORIENTED_EDGE('',*,*,#5177,.T.);
#13312 = FACE_BOUND('',#13313,.F.);
#13313 = EDGE_LOOP('',(#13314,#13315,#13316,#13317));
#13314 = ORIENTED_EDGE('',*,*,#5242,.T.);
#13315 = ORIENTED_EDGE('',*,*,#5297,.T.);
#13316 = ORIENTED_EDGE('',*,*,#5321,.T.);
#13317 = ORIENTED_EDGE('',*,*,#5273,.T.);
#13318 = FACE_BOUND('',#13319,.F.);
#13319 = EDGE_LOOP('',(#13320,#13321,#13322,#13323));
#13320 = ORIENTED_EDGE('',*,*,#5338,.T.);
#13321 = ORIENTED_EDGE('',*,*,#5393,.T.);
#13322 = ORIENTED_EDGE('',*,*,#5417,.T.);
#13323 = ORIENTED_EDGE('',*,*,#5369,.T.);
#13324 = FACE_BOUND('',#13325,.F.);
#13325 = EDGE_LOOP('',(#13326,#13327,#13328,#13329));
#13326 = ORIENTED_EDGE('',*,*,#4954,.T.);
#13327 = ORIENTED_EDGE('',*,*,#5009,.T.);
#13328 = ORIENTED_EDGE('',*,*,#5033,.T.);
#13329 = ORIENTED_EDGE('',*,*,#4985,.T.);
#13330 = FACE_BOUND('',#13331,.F.);
#13331 = EDGE_LOOP('',(#13332,#13333,#13334,#13335));
#13332 = ORIENTED_EDGE('',*,*,#5626,.T.);
#13333 = ORIENTED_EDGE('',*,*,#5681,.T.);
#13334 = ORIENTED_EDGE('',*,*,#5705,.T.);
#13335 = ORIENTED_EDGE('',*,*,#5657,.T.);
#13336 = FACE_BOUND('',#13337,.F.);
#13337 = EDGE_LOOP('',(#13338,#13339,#13340,#13341));
#13338 = ORIENTED_EDGE('',*,*,#5722,.T.);
#13339 = ORIENTED_EDGE('',*,*,#5777,.T.);
#13340 = ORIENTED_EDGE('',*,*,#5801,.T.);
#13341 = ORIENTED_EDGE('',*,*,#5753,.T.);
#13342 = FACE_BOUND('',#13343,.F.);
#13343 = EDGE_LOOP('',(#13344,#13345,#13346,#13347));
#13344 = ORIENTED_EDGE('',*,*,#5434,.T.);
#13345 = ORIENTED_EDGE('',*,*,#5489,.T.);
#13346 = ORIENTED_EDGE('',*,*,#5513,.T.);
#13347 = ORIENTED_EDGE('',*,*,#5465,.T.);
#13348 = FACE_BOUND('',#13349,.F.);
#13349 = EDGE_LOOP('',(#13350,#13351,#13352,#13353));
#13350 = ORIENTED_EDGE('',*,*,#5818,.T.);
#13351 = ORIENTED_EDGE('',*,*,#5873,.T.);
#13352 = ORIENTED_EDGE('',*,*,#5897,.T.);
#13353 = ORIENTED_EDGE('',*,*,#5849,.T.);
#13354 = FACE_BOUND('',#13355,.F.);
#13355 = EDGE_LOOP('',(#13356,#13357,#13358,#13359));
#13356 = ORIENTED_EDGE('',*,*,#5530,.T.);
#13357 = ORIENTED_EDGE('',*,*,#5585,.T.);
#13358 = ORIENTED_EDGE('',*,*,#5609,.T.);
#13359 = ORIENTED_EDGE('',*,*,#5561,.T.);
#13360 = FACE_BOUND('',#13361,.F.);
#13361 = EDGE_LOOP('',(#13362,#13363,#13364,#13365));
#13362 = ORIENTED_EDGE('',*,*,#5914,.T.);
#13363 = ORIENTED_EDGE('',*,*,#5969,.T.);
#13364 = ORIENTED_EDGE('',*,*,#5993,.T.);
#13365 = ORIENTED_EDGE('',*,*,#5945,.T.);
#13366 = FACE_BOUND('',#13367,.F.);
#13367 = EDGE_LOOP('',(#13368,#13369,#13370,#13371));
#13368 = ORIENTED_EDGE('',*,*,#6010,.T.);
#13369 = ORIENTED_EDGE('',*,*,#6065,.T.);
#13370 = ORIENTED_EDGE('',*,*,#6089,.T.);
#13371 = ORIENTED_EDGE('',*,*,#6041,.T.);
#13372 = FACE_BOUND('',#13373,.F.);
#13373 = EDGE_LOOP('',(#13374,#13375,#13376,#13377));
#13374 = ORIENTED_EDGE('',*,*,#6106,.T.);
#13375 = ORIENTED_EDGE('',*,*,#6161,.T.);
#13376 = ORIENTED_EDGE('',*,*,#6185,.T.);
#13377 = ORIENTED_EDGE('',*,*,#6137,.T.);
#13378 = FACE_BOUND('',#13379,.F.);
#13379 = EDGE_LOOP('',(#13380,#13381,#13382,#13383));
#13380 = ORIENTED_EDGE('',*,*,#6202,.T.);
#13381 = ORIENTED_EDGE('',*,*,#6257,.T.);
#13382 = ORIENTED_EDGE('',*,*,#6281,.T.);
#13383 = ORIENTED_EDGE('',*,*,#6233,.T.);
#13384 = FACE_BOUND('',#13385,.F.);
#13385 = EDGE_LOOP('',(#13386,#13387,#13388,#13389));
#13386 = ORIENTED_EDGE('',*,*,#6298,.T.);
#13387 = ORIENTED_EDGE('',*,*,#6353,.T.);
#13388 = ORIENTED_EDGE('',*,*,#6377,.T.);
#13389 = ORIENTED_EDGE('',*,*,#6329,.T.);
#13390 = FACE_BOUND('',#13391,.F.);
#13391 = EDGE_LOOP('',(#13392,#13393,#13394,#13395));
#13392 = ORIENTED_EDGE('',*,*,#6490,.T.);
#13393 = ORIENTED_EDGE('',*,*,#6545,.T.);
#13394 = ORIENTED_EDGE('',*,*,#6569,.T.);
#13395 = ORIENTED_EDGE('',*,*,#6521,.T.);
#13396 = FACE_BOUND('',#13397,.F.);
#13397 = EDGE_LOOP('',(#13398,#13399,#13400,#13401));
#13398 = ORIENTED_EDGE('',*,*,#6682,.T.);
#13399 = ORIENTED_EDGE('',*,*,#6737,.T.);
#13400 = ORIENTED_EDGE('',*,*,#6761,.T.);
#13401 = ORIENTED_EDGE('',*,*,#6713,.T.);
#13402 = FACE_BOUND('',#13403,.F.);
#13403 = EDGE_LOOP('',(#13404,#13405,#13406,#13407));
#13404 = ORIENTED_EDGE('',*,*,#6778,.T.);
#13405 = ORIENTED_EDGE('',*,*,#6833,.T.);
#13406 = ORIENTED_EDGE('',*,*,#6857,.T.);
#13407 = ORIENTED_EDGE('',*,*,#6809,.T.);
#13408 = FACE_BOUND('',#13409,.F.);
#13409 = EDGE_LOOP('',(#13410,#13411,#13412,#13413));
#13410 = ORIENTED_EDGE('',*,*,#6394,.T.);
#13411 = ORIENTED_EDGE('',*,*,#6449,.T.);
#13412 = ORIENTED_EDGE('',*,*,#6473,.T.);
#13413 = ORIENTED_EDGE('',*,*,#6425,.T.);
#13414 = FACE_BOUND('',#13415,.F.);
#13415 = EDGE_LOOP('',(#13416,#13417,#13418,#13419));
#13416 = ORIENTED_EDGE('',*,*,#6874,.T.);
#13417 = ORIENTED_EDGE('',*,*,#6929,.T.);
#13418 = ORIENTED_EDGE('',*,*,#6953,.T.);
#13419 = ORIENTED_EDGE('',*,*,#6905,.T.);
#13420 = FACE_BOUND('',#13421,.F.);
#13421 = EDGE_LOOP('',(#13422,#13423,#13424,#13425));
#13422 = ORIENTED_EDGE('',*,*,#6970,.T.);
#13423 = ORIENTED_EDGE('',*,*,#7025,.T.);
#13424 = ORIENTED_EDGE('',*,*,#7049,.T.);
#13425 = ORIENTED_EDGE('',*,*,#7001,.T.);
#13426 = FACE_BOUND('',#13427,.F.);
#13427 = EDGE_LOOP('',(#13428,#13429,#13430,#13431));
#13428 = ORIENTED_EDGE('',*,*,#6586,.T.);
#13429 = ORIENTED_EDGE('',*,*,#6641,.T.);
#13430 = ORIENTED_EDGE('',*,*,#6665,.T.);
#13431 = ORIENTED_EDGE('',*,*,#6617,.T.);
#13432 = FACE_BOUND('',#13433,.F.);
#13433 = EDGE_LOOP('',(#13434,#13435,#13436,#13437));
#13434 = ORIENTED_EDGE('',*,*,#7066,.T.);
#13435 = ORIENTED_EDGE('',*,*,#7121,.T.);
#13436 = ORIENTED_EDGE('',*,*,#7145,.T.);
#13437 = ORIENTED_EDGE('',*,*,#7097,.T.);
#13438 = FACE_BOUND('',#13439,.F.);
#13439 = EDGE_LOOP('',(#13440,#13441,#13442,#13443));
#13440 = ORIENTED_EDGE('',*,*,#7162,.T.);
#13441 = ORIENTED_EDGE('',*,*,#7217,.T.);
#13442 = ORIENTED_EDGE('',*,*,#7241,.T.);
#13443 = ORIENTED_EDGE('',*,*,#7193,.T.);
#13444 = PLANE('',#13445);
#13445 = AXIS2_PLACEMENT_3D('',#13446,#13447,#13448);
#13446 = CARTESIAN_POINT('',(20.,148.,11.5));
#13447 = DIRECTION('',(-0.,1.,0.));
#13448 = DIRECTION('',(0.,0.,1.));
#13449 = ADVANCED_FACE('',(#13450,#13484,#13492,#13500,#13508,#13516,
    #13524,#13532,#13540,#13548,#13556,#13564,#13572,#13580,#13588,
    #13596,#13599,#13607,#13615,#13623,#13631,#13639,#13647,#13655,
    #13663,#13671,#13679,#13687,#13695,#13703),#13711,.T.);
#13450 = FACE_BOUND('',#13451,.T.);
#13451 = EDGE_LOOP('',(#13452,#13462,#13470,#13478));
#13452 = ORIENTED_EDGE('',*,*,#13453,.F.);
#13453 = EDGE_CURVE('',#13454,#13456,#13458,.T.);
#13454 = VERTEX_POINT('',#13455);
#13455 = CARTESIAN_POINT('',(3.,3.5,3.5));
#13456 = VERTEX_POINT('',#13457);
#13457 = CARTESIAN_POINT('',(3.,48.5,3.5));
#13458 = LINE('',#13459,#13460);
#13459 = CARTESIAN_POINT('',(3.,3.5,3.5));
#13460 = VECTOR('',#13461,1.);
#13461 = DIRECTION('',(-0.,1.,0.));
#13462 = ORIENTED_EDGE('',*,*,#13463,.T.);
#13463 = EDGE_CURVE('',#13454,#13464,#13466,.T.);
#13464 = VERTEX_POINT('',#13465);
#13465 = CARTESIAN_POINT('',(183.,3.5,3.5));
#13466 = LINE('',#13467,#13468);
#13467 = CARTESIAN_POINT('',(3.,3.5,3.5));
#13468 = VECTOR('',#13469,1.);
#13469 = DIRECTION('',(1.,0.,-0.));
#13470 = ORIENTED_EDGE('',*,*,#13471,.T.);
#13471 = EDGE_CURVE('',#13464,#13472,#13474,.T.);
#13472 = VERTEX_POINT('',#13473);
#13473 = CARTESIAN_POINT('',(183.,48.5,3.5));
#13474 = LINE('',#13475,#13476);
#13475 = CARTESIAN_POINT('',(183.,3.5,3.5));
#13476 = VECTOR('',#13477,1.);
#13477 = DIRECTION('',(-0.,1.,0.));
#13478 = ORIENTED_EDGE('',*,*,#13479,.F.);
#13479 = EDGE_CURVE('',#13456,#13472,#13480,.T.);
#13480 = LINE('',#13481,#13482);
#13481 = CARTESIAN_POINT('',(3.,48.5,3.5));
#13482 = VECTOR('',#13483,1.);
#13483 = DIRECTION('',(1.,0.,-0.));
#13484 = FACE_BOUND('',#13485,.T.);
#13485 = EDGE_LOOP('',(#13486,#13487,#13488,#13489,#13490,#13491));
#13486 = ORIENTED_EDGE('',*,*,#7267,.T.);
#13487 = ORIENTED_EDGE('',*,*,#7322,.T.);
#13488 = ORIENTED_EDGE('',*,*,#7370,.T.);
#13489 = ORIENTED_EDGE('',*,*,#7387,.T.);
#13490 = ORIENTED_EDGE('',*,*,#7339,.T.);
#13491 = ORIENTED_EDGE('',*,*,#7291,.T.);
#13492 = FACE_BOUND('',#13493,.T.);
#13493 = EDGE_LOOP('',(#13494,#13495,#13496,#13497,#13498,#13499));
#13494 = ORIENTED_EDGE('',*,*,#7555,.T.);
#13495 = ORIENTED_EDGE('',*,*,#7610,.T.);
#13496 = ORIENTED_EDGE('',*,*,#7658,.T.);
#13497 = ORIENTED_EDGE('',*,*,#7675,.T.);
#13498 = ORIENTED_EDGE('',*,*,#7627,.T.);
#13499 = ORIENTED_EDGE('',*,*,#7579,.T.);
#13500 = FACE_BOUND('',#13501,.T.);
#13501 = EDGE_LOOP('',(#13502,#13503,#13504,#13505,#13506,#13507));
#13502 = ORIENTED_EDGE('',*,*,#7699,.T.);
#13503 = ORIENTED_EDGE('',*,*,#7754,.T.);
#13504 = ORIENTED_EDGE('',*,*,#7802,.T.);
#13505 = ORIENTED_EDGE('',*,*,#7819,.T.);
#13506 = ORIENTED_EDGE('',*,*,#7771,.T.);
#13507 = ORIENTED_EDGE('',*,*,#7723,.T.);
#13508 = FACE_BOUND('',#13509,.T.);
#13509 = EDGE_LOOP('',(#13510,#13511,#13512,#13513,#13514,#13515));
#13510 = ORIENTED_EDGE('',*,*,#9283,.T.);
#13511 = ORIENTED_EDGE('',*,*,#9338,.T.);
#13512 = ORIENTED_EDGE('',*,*,#9386,.T.);
#13513 = ORIENTED_EDGE('',*,*,#9403,.T.);
#13514 = ORIENTED_EDGE('',*,*,#9355,.T.);
#13515 = ORIENTED_EDGE('',*,*,#9307,.T.);
#13516 = FACE_BOUND('',#13517,.T.);
#13517 = EDGE_LOOP('',(#13518,#13519,#13520,#13521,#13522,#13523));
#13518 = ORIENTED_EDGE('',*,*,#9427,.T.);
#13519 = ORIENTED_EDGE('',*,*,#9482,.T.);
#13520 = ORIENTED_EDGE('',*,*,#9530,.T.);
#13521 = ORIENTED_EDGE('',*,*,#9547,.T.);
#13522 = ORIENTED_EDGE('',*,*,#9499,.T.);
#13523 = ORIENTED_EDGE('',*,*,#9451,.T.);
#13524 = FACE_BOUND('',#13525,.T.);
#13525 = EDGE_LOOP('',(#13526,#13527,#13528,#13529,#13530,#13531));
#13526 = ORIENTED_EDGE('',*,*,#9571,.T.);
#13527 = ORIENTED_EDGE('',*,*,#9626,.T.);
#13528 = ORIENTED_EDGE('',*,*,#9674,.T.);
#13529 = ORIENTED_EDGE('',*,*,#9691,.T.);
#13530 = ORIENTED_EDGE('',*,*,#9643,.T.);
#13531 = ORIENTED_EDGE('',*,*,#9595,.T.);
#13532 = FACE_BOUND('',#13533,.T.);
#13533 = EDGE_LOOP('',(#13534,#13535,#13536,#13537,#13538,#13539));
#13534 = ORIENTED_EDGE('',*,*,#10003,.T.);
#13535 = ORIENTED_EDGE('',*,*,#10058,.T.);
#13536 = ORIENTED_EDGE('',*,*,#10106,.T.);
#13537 = ORIENTED_EDGE('',*,*,#10123,.T.);
#13538 = ORIENTED_EDGE('',*,*,#10075,.T.);
#13539 = ORIENTED_EDGE('',*,*,#10027,.T.);
#13540 = FACE_BOUND('',#13541,.T.);
#13541 = EDGE_LOOP('',(#13542,#13543,#13544,#13545,#13546,#13547));
#13542 = ORIENTED_EDGE('',*,*,#7411,.T.);
#13543 = ORIENTED_EDGE('',*,*,#7466,.T.);
#13544 = ORIENTED_EDGE('',*,*,#7514,.T.);
#13545 = ORIENTED_EDGE('',*,*,#7531,.T.);
#13546 = ORIENTED_EDGE('',*,*,#7483,.T.);
#13547 = ORIENTED_EDGE('',*,*,#7435,.T.);
#13548 = FACE_BOUND('',#13549,.T.);
#13549 = EDGE_LOOP('',(#13550,#13551,#13552,#13553,#13554,#13555));
#13550 = ORIENTED_EDGE('',*,*,#7843,.T.);
#13551 = ORIENTED_EDGE('',*,*,#7898,.T.);
#13552 = ORIENTED_EDGE('',*,*,#7946,.T.);
#13553 = ORIENTED_EDGE('',*,*,#7963,.T.);
#13554 = ORIENTED_EDGE('',*,*,#7915,.T.);
#13555 = ORIENTED_EDGE('',*,*,#7867,.T.);
#13556 = FACE_BOUND('',#13557,.T.);
#13557 = EDGE_LOOP('',(#13558,#13559,#13560,#13561,#13562,#13563));
#13558 = ORIENTED_EDGE('',*,*,#7987,.T.);
#13559 = ORIENTED_EDGE('',*,*,#8042,.T.);
#13560 = ORIENTED_EDGE('',*,*,#8090,.T.);
#13561 = ORIENTED_EDGE('',*,*,#8107,.T.);
#13562 = ORIENTED_EDGE('',*,*,#8059,.T.);
#13563 = ORIENTED_EDGE('',*,*,#8011,.T.);
#13564 = FACE_BOUND('',#13565,.T.);
#13565 = EDGE_LOOP('',(#13566,#13567,#13568,#13569,#13570,#13571));
#13566 = ORIENTED_EDGE('',*,*,#8131,.T.);
#13567 = ORIENTED_EDGE('',*,*,#8186,.T.);
#13568 = ORIENTED_EDGE('',*,*,#8234,.T.);
#13569 = ORIENTED_EDGE('',*,*,#8251,.T.);
#13570 = ORIENTED_EDGE('',*,*,#8203,.T.);
#13571 = ORIENTED_EDGE('',*,*,#8155,.T.);
#13572 = FACE_BOUND('',#13573,.T.);
#13573 = EDGE_LOOP('',(#13574,#13575,#13576,#13577,#13578,#13579));
#13574 = ORIENTED_EDGE('',*,*,#9715,.T.);
#13575 = ORIENTED_EDGE('',*,*,#9770,.T.);
#13576 = ORIENTED_EDGE('',*,*,#9818,.T.);
#13577 = ORIENTED_EDGE('',*,*,#9835,.T.);
#13578 = ORIENTED_EDGE('',*,*,#9787,.T.);
#13579 = ORIENTED_EDGE('',*,*,#9739,.T.);
#13580 = FACE_BOUND('',#13581,.T.);
#13581 = EDGE_LOOP('',(#13582,#13583,#13584,#13585,#13586,#13587));
#13582 = ORIENTED_EDGE('',*,*,#9859,.T.);
#13583 = ORIENTED_EDGE('',*,*,#9914,.T.);
#13584 = ORIENTED_EDGE('',*,*,#9962,.T.);
#13585 = ORIENTED_EDGE('',*,*,#9979,.T.);
#13586 = ORIENTED_EDGE('',*,*,#9931,.T.);
#13587 = ORIENTED_EDGE('',*,*,#9883,.T.);
#13588 = FACE_BOUND('',#13589,.T.);
#13589 = EDGE_LOOP('',(#13590,#13591,#13592,#13593,#13594,#13595));
#13590 = ORIENTED_EDGE('',*,*,#10147,.T.);
#13591 = ORIENTED_EDGE('',*,*,#10202,.T.);
#13592 = ORIENTED_EDGE('',*,*,#10250,.T.);
#13593 = ORIENTED_EDGE('',*,*,#10267,.T.);
#13594 = ORIENTED_EDGE('',*,*,#10219,.T.);
#13595 = ORIENTED_EDGE('',*,*,#10171,.T.);
#13596 = FACE_BOUND('',#13597,.T.);
#13597 = EDGE_LOOP('',(#13598));
#13598 = ORIENTED_EDGE('',*,*,#11290,.F.);
#13599 = FACE_BOUND('',#13600,.T.);
#13600 = EDGE_LOOP('',(#13601,#13602,#13603,#13604,#13605,#13606));
#13601 = ORIENTED_EDGE('',*,*,#8275,.T.);
#13602 = ORIENTED_EDGE('',*,*,#8330,.T.);
#13603 = ORIENTED_EDGE('',*,*,#8378,.T.);
#13604 = ORIENTED_EDGE('',*,*,#8395,.T.);
#13605 = ORIENTED_EDGE('',*,*,#8347,.T.);
#13606 = ORIENTED_EDGE('',*,*,#8299,.T.);
#13607 = FACE_BOUND('',#13608,.T.);
#13608 = EDGE_LOOP('',(#13609,#13610,#13611,#13612,#13613,#13614));
#13609 = ORIENTED_EDGE('',*,*,#8563,.T.);
#13610 = ORIENTED_EDGE('',*,*,#8618,.T.);
#13611 = ORIENTED_EDGE('',*,*,#8666,.T.);
#13612 = ORIENTED_EDGE('',*,*,#8683,.T.);
#13613 = ORIENTED_EDGE('',*,*,#8635,.T.);
#13614 = ORIENTED_EDGE('',*,*,#8587,.T.);
#13615 = FACE_BOUND('',#13616,.T.);
#13616 = EDGE_LOOP('',(#13617,#13618,#13619,#13620,#13621,#13622));
#13617 = ORIENTED_EDGE('',*,*,#8707,.T.);
#13618 = ORIENTED_EDGE('',*,*,#8762,.T.);
#13619 = ORIENTED_EDGE('',*,*,#8810,.T.);
#13620 = ORIENTED_EDGE('',*,*,#8827,.T.);
#13621 = ORIENTED_EDGE('',*,*,#8779,.T.);
#13622 = ORIENTED_EDGE('',*,*,#8731,.T.);
#13623 = FACE_BOUND('',#13624,.T.);
#13624 = EDGE_LOOP('',(#13625,#13626,#13627,#13628,#13629,#13630));
#13625 = ORIENTED_EDGE('',*,*,#10291,.T.);
#13626 = ORIENTED_EDGE('',*,*,#10346,.T.);
#13627 = ORIENTED_EDGE('',*,*,#10394,.T.);
#13628 = ORIENTED_EDGE('',*,*,#10411,.T.);
#13629 = ORIENTED_EDGE('',*,*,#10363,.T.);
#13630 = ORIENTED_EDGE('',*,*,#10315,.T.);
#13631 = FACE_BOUND('',#13632,.T.);
#13632 = EDGE_LOOP('',(#13633,#13634,#13635,#13636,#13637,#13638));
#13633 = ORIENTED_EDGE('',*,*,#10435,.T.);
#13634 = ORIENTED_EDGE('',*,*,#10490,.T.);
#13635 = ORIENTED_EDGE('',*,*,#10538,.T.);
#13636 = ORIENTED_EDGE('',*,*,#10555,.T.);
#13637 = ORIENTED_EDGE('',*,*,#10507,.T.);
#13638 = ORIENTED_EDGE('',*,*,#10459,.T.);
#13639 = FACE_BOUND('',#13640,.T.);
#13640 = EDGE_LOOP('',(#13641,#13642,#13643,#13644,#13645,#13646));
#13641 = ORIENTED_EDGE('',*,*,#10579,.T.);
#13642 = ORIENTED_EDGE('',*,*,#10634,.T.);
#13643 = ORIENTED_EDGE('',*,*,#10682,.T.);
#13644 = ORIENTED_EDGE('',*,*,#10699,.T.);
#13645 = ORIENTED_EDGE('',*,*,#10651,.T.);
#13646 = ORIENTED_EDGE('',*,*,#10603,.T.);
#13647 = FACE_BOUND('',#13648,.T.);
#13648 = EDGE_LOOP('',(#13649,#13650,#13651,#13652,#13653,#13654));
#13649 = ORIENTED_EDGE('',*,*,#11011,.T.);
#13650 = ORIENTED_EDGE('',*,*,#11066,.T.);
#13651 = ORIENTED_EDGE('',*,*,#11114,.T.);
#13652 = ORIENTED_EDGE('',*,*,#11131,.T.);
#13653 = ORIENTED_EDGE('',*,*,#11083,.T.);
#13654 = ORIENTED_EDGE('',*,*,#11035,.T.);
#13655 = FACE_BOUND('',#13656,.T.);
#13656 = EDGE_LOOP('',(#13657,#13658,#13659,#13660,#13661,#13662));
#13657 = ORIENTED_EDGE('',*,*,#8419,.T.);
#13658 = ORIENTED_EDGE('',*,*,#8474,.T.);
#13659 = ORIENTED_EDGE('',*,*,#8522,.T.);
#13660 = ORIENTED_EDGE('',*,*,#8539,.T.);
#13661 = ORIENTED_EDGE('',*,*,#8491,.T.);
#13662 = ORIENTED_EDGE('',*,*,#8443,.T.);
#13663 = FACE_BOUND('',#13664,.T.);
#13664 = EDGE_LOOP('',(#13665,#13666,#13667,#13668,#13669,#13670));
#13665 = ORIENTED_EDGE('',*,*,#8851,.T.);
#13666 = ORIENTED_EDGE('',*,*,#8906,.T.);
#13667 = ORIENTED_EDGE('',*,*,#8954,.T.);
#13668 = ORIENTED_EDGE('',*,*,#8971,.T.);
#13669 = ORIENTED_EDGE('',*,*,#8923,.T.);
#13670 = ORIENTED_EDGE('',*,*,#8875,.T.);
#13671 = FACE_BOUND('',#13672,.T.);
#13672 = EDGE_LOOP('',(#13673,#13674,#13675,#13676,#13677,#13678));
#13673 = ORIENTED_EDGE('',*,*,#8995,.T.);
#13674 = ORIENTED_EDGE('',*,*,#9050,.T.);
#13675 = ORIENTED_EDGE('',*,*,#9098,.T.);
#13676 = ORIENTED_EDGE('',*,*,#9115,.T.);
#13677 = ORIENTED_EDGE('',*,*,#9067,.T.);
#13678 = ORIENTED_EDGE('',*,*,#9019,.T.);
#13679 = FACE_BOUND('',#13680,.T.);
#13680 = EDGE_LOOP('',(#13681,#13682,#13683,#13684,#13685,#13686));
#13681 = ORIENTED_EDGE('',*,*,#9139,.T.);
#13682 = ORIENTED_EDGE('',*,*,#9194,.T.);
#13683 = ORIENTED_EDGE('',*,*,#9242,.T.);
#13684 = ORIENTED_EDGE('',*,*,#9259,.T.);
#13685 = ORIENTED_EDGE('',*,*,#9211,.T.);
#13686 = ORIENTED_EDGE('',*,*,#9163,.T.);
#13687 = FACE_BOUND('',#13688,.T.);
#13688 = EDGE_LOOP('',(#13689,#13690,#13691,#13692,#13693,#13694));
#13689 = ORIENTED_EDGE('',*,*,#10723,.T.);
#13690 = ORIENTED_EDGE('',*,*,#10778,.T.);
#13691 = ORIENTED_EDGE('',*,*,#10826,.T.);
#13692 = ORIENTED_EDGE('',*,*,#10843,.T.);
#13693 = ORIENTED_EDGE('',*,*,#10795,.T.);
#13694 = ORIENTED_EDGE('',*,*,#10747,.T.);
#13695 = FACE_BOUND('',#13696,.T.);
#13696 = EDGE_LOOP('',(#13697,#13698,#13699,#13700,#13701,#13702));
#13697 = ORIENTED_EDGE('',*,*,#10867,.T.);
#13698 = ORIENTED_EDGE('',*,*,#10922,.T.);
#13699 = ORIENTED_EDGE('',*,*,#10970,.T.);
#13700 = ORIENTED_EDGE('',*,*,#10987,.T.);
#13701 = ORIENTED_EDGE('',*,*,#10939,.T.);
#13702 = ORIENTED_EDGE('',*,*,#10891,.T.);
#13703 = FACE_BOUND('',#13704,.T.);
#13704 = EDGE_LOOP('',(#13705,#13706,#13707,#13708,#13709,#13710));
#13705 = ORIENTED_EDGE('',*,*,#11155,.T.);
#13706 = ORIENTED_EDGE('',*,*,#11275,.T.);
#13707 = ORIENTED_EDGE('',*,*,#11251,.T.);
#13708 = ORIENTED_EDGE('',*,*,#11227,.T.);
#13709 = ORIENTED_EDGE('',*,*,#11203,.T.);
#13710 = ORIENTED_EDGE('',*,*,#11179,.T.);
#13711 = PLANE('',#13712);
#13712 = AXIS2_PLACEMENT_3D('',#13713,#13714,#13715);
#13713 = CARTESIAN_POINT('',(3.,3.5,3.5));
#13714 = DIRECTION('',(0.,0.,1.));
#13715 = DIRECTION('',(1.,0.,-0.));
#13716 = ADVANCED_FACE('',(#13717),#13819,.F.);
#13717 = FACE_BOUND('',#13718,.F.);
#13718 = EDGE_LOOP('',(#13719,#13720,#13721,#13722,#13723,#13724,#13732,
    #13740,#13748,#13756,#13764,#13772,#13780,#13788,#13796,#13804,
    #13812,#13818));
#13719 = ORIENTED_EDGE('',*,*,#11397,.F.);
#13720 = ORIENTED_EDGE('',*,*,#11380,.F.);
#13721 = ORIENTED_EDGE('',*,*,#11332,.T.);
#13722 = ORIENTED_EDGE('',*,*,#11356,.T.);
#13723 = ORIENTED_EDGE('',*,*,#11413,.F.);
#13724 = ORIENTED_EDGE('',*,*,#13725,.F.);
#13725 = EDGE_CURVE('',#13726,#11406,#13728,.T.);
#13726 = VERTEX_POINT('',#13727);
#13727 = CARTESIAN_POINT('',(166.,54.,11.5));
#13728 = LINE('',#13729,#13730);
#13729 = CARTESIAN_POINT('',(166.,54.,11.5));
#13730 = VECTOR('',#13731,1.);
#13731 = DIRECTION('',(-0.,1.,0.));
#13732 = ORIENTED_EDGE('',*,*,#13733,.F.);
#13733 = EDGE_CURVE('',#13734,#13726,#13736,.T.);
#13734 = VERTEX_POINT('',#13735);
#13735 = CARTESIAN_POINT('',(160.,54.,11.5));
#13736 = LINE('',#13737,#13738);
#13737 = CARTESIAN_POINT('',(20.,54.,11.5));
#13738 = VECTOR('',#13739,1.);
#13739 = DIRECTION('',(1.,0.,-0.));
#13740 = ORIENTED_EDGE('',*,*,#13741,.F.);
#13741 = EDGE_CURVE('',#13742,#13734,#13744,.T.);
#13742 = VERTEX_POINT('',#13743);
#13743 = CARTESIAN_POINT('',(127.5,54.,11.5));
#13744 = LINE('',#13745,#13746);
#13745 = CARTESIAN_POINT('',(20.,54.,11.5));
#13746 = VECTOR('',#13747,1.);
#13747 = DIRECTION('',(1.,0.,-0.));
#13748 = ORIENTED_EDGE('',*,*,#13749,.F.);
#13749 = EDGE_CURVE('',#13750,#13742,#13752,.T.);
#13750 = VERTEX_POINT('',#13751);
#13751 = CARTESIAN_POINT('',(127.5,51.5,11.5));
#13752 = LINE('',#13753,#13754);
#13753 = CARTESIAN_POINT('',(127.5,51.,11.5));
#13754 = VECTOR('',#13755,1.);
#13755 = DIRECTION('',(-0.,1.,0.));
#13756 = ORIENTED_EDGE('',*,*,#13757,.T.);
#13757 = EDGE_CURVE('',#13750,#13758,#13760,.T.);
#13758 = VERTEX_POINT('',#13759);
#13759 = CARTESIAN_POINT('',(111.5,51.5,11.5));
#13760 = LINE('',#13761,#13762);
#13761 = CARTESIAN_POINT('',(57.25,51.5,11.5));
#13762 = VECTOR('',#13763,1.);
#13763 = DIRECTION('',(-1.,-0.,0.));
#13764 = ORIENTED_EDGE('',*,*,#13765,.T.);
#13765 = EDGE_CURVE('',#13758,#13766,#13768,.T.);
#13766 = VERTEX_POINT('',#13767);
#13767 = CARTESIAN_POINT('',(111.5,54.,11.5));
#13768 = LINE('',#13769,#13770);
#13769 = CARTESIAN_POINT('',(111.5,51.,11.5));
#13770 = VECTOR('',#13771,1.);
#13771 = DIRECTION('',(-0.,1.,0.));
#13772 = ORIENTED_EDGE('',*,*,#13773,.F.);
#13773 = EDGE_CURVE('',#13774,#13766,#13776,.T.);
#13774 = VERTEX_POINT('',#13775);
#13775 = CARTESIAN_POINT('',(73.25,54.,11.5));
#13776 = LINE('',#13777,#13778);
#13777 = CARTESIAN_POINT('',(20.,54.,11.5));
#13778 = VECTOR('',#13779,1.);
#13779 = DIRECTION('',(1.,0.,-0.));
#13780 = ORIENTED_EDGE('',*,*,#13781,.F.);
#13781 = EDGE_CURVE('',#13782,#13774,#13784,.T.);
#13782 = VERTEX_POINT('',#13783);
#13783 = CARTESIAN_POINT('',(73.25,51.5,11.5));
#13784 = LINE('',#13785,#13786);
#13785 = CARTESIAN_POINT('',(73.25,51.,11.5));
#13786 = VECTOR('',#13787,1.);
#13787 = DIRECTION('',(-0.,1.,0.));
#13788 = ORIENTED_EDGE('',*,*,#13789,.T.);
#13789 = EDGE_CURVE('',#13782,#13790,#13792,.T.);
#13790 = VERTEX_POINT('',#13791);
#13791 = CARTESIAN_POINT('',(57.25,51.5,11.5));
#13792 = LINE('',#13793,#13794);
#13793 = CARTESIAN_POINT('',(30.125,51.5,11.5));
#13794 = VECTOR('',#13795,1.);
#13795 = DIRECTION('',(-1.,-0.,0.));
#13796 = ORIENTED_EDGE('',*,*,#13797,.T.);
#13797 = EDGE_CURVE('',#13790,#13798,#13800,.T.);
#13798 = VERTEX_POINT('',#13799);
#13799 = CARTESIAN_POINT('',(57.25,54.,11.5));
#13800 = LINE('',#13801,#13802);
#13801 = CARTESIAN_POINT('',(57.25,51.,11.5));
#13802 = VECTOR('',#13803,1.);
#13803 = DIRECTION('',(-0.,1.,0.));
#13804 = ORIENTED_EDGE('',*,*,#13805,.F.);
#13805 = EDGE_CURVE('',#13806,#13798,#13808,.T.);
#13806 = VERTEX_POINT('',#13807);
#13807 = CARTESIAN_POINT('',(26.,54.,11.5));
#13808 = LINE('',#13809,#13810);
#13809 = CARTESIAN_POINT('',(20.,54.,11.5));
#13810 = VECTOR('',#13811,1.);
#13811 = DIRECTION('',(1.,0.,-0.));
#13812 = ORIENTED_EDGE('',*,*,#13813,.F.);
#13813 = EDGE_CURVE('',#11438,#13806,#13814,.T.);
#13814 = LINE('',#13815,#13816);
#13815 = CARTESIAN_POINT('',(20.,54.,11.5));
#13816 = VECTOR('',#13817,1.);
#13817 = DIRECTION('',(1.,0.,-0.));
#13818 = ORIENTED_EDGE('',*,*,#11445,.T.);
#13819 = PLANE('',#13820);
#13820 = AXIS2_PLACEMENT_3D('',#13821,#13822,#13823);
#13821 = CARTESIAN_POINT('',(3.,50.5,11.5));
#13822 = DIRECTION('',(0.,0.,1.));
#13823 = DIRECTION('',(1.,0.,-0.));
#13824 = ADVANCED_FACE('',(#13825),#13836,.T.);
#13825 = FACE_BOUND('',#13826,.T.);
#13826 = EDGE_LOOP('',(#13827,#13828,#13829,#13835));
#13827 = ORIENTED_EDGE('',*,*,#11451,.F.);
#13828 = ORIENTED_EDGE('',*,*,#11405,.T.);
#13829 = ORIENTED_EDGE('',*,*,#13830,.T.);
#13830 = EDGE_CURVE('',#11406,#13280,#13831,.T.);
#13831 = LINE('',#13832,#13833);
#13832 = CARTESIAN_POINT('',(166.,54.,11.5));
#13833 = VECTOR('',#13834,1.);
#13834 = DIRECTION('',(-0.,1.,0.));
#13835 = ORIENTED_EDGE('',*,*,#13287,.F.);
#13836 = PLANE('',#13837);
#13837 = AXIS2_PLACEMENT_3D('',#13838,#13839,#13840);
#13838 = CARTESIAN_POINT('',(20.,54.,11.5));
#13839 = DIRECTION('',(0.,0.,1.));
#13840 = DIRECTION('',(1.,0.,-0.));
#13841 = ADVANCED_FACE('',(#13842),#13867,.T.);
#13842 = FACE_BOUND('',#13843,.T.);
#13843 = EDGE_LOOP('',(#13844,#13852,#13853,#13861));
#13844 = ORIENTED_EDGE('',*,*,#13845,.F.);
#13845 = EDGE_CURVE('',#11428,#13846,#13848,.T.);
#13846 = VERTEX_POINT('',#13847);
#13847 = CARTESIAN_POINT('',(26.,55.5,17.5));
#13848 = LINE('',#13849,#13850);
#13849 = CARTESIAN_POINT('',(20.,55.5,17.5));
#13850 = VECTOR('',#13851,1.);
#13851 = DIRECTION('',(1.,0.,0.));
#13852 = ORIENTED_EDGE('',*,*,#11427,.T.);
#13853 = ORIENTED_EDGE('',*,*,#13854,.T.);
#13854 = EDGE_CURVE('',#11430,#13855,#13857,.T.);
#13855 = VERTEX_POINT('',#13856);
#13856 = CARTESIAN_POINT('',(26.,55.5,138.));
#13857 = LINE('',#13858,#13859);
#13858 = CARTESIAN_POINT('',(20.,55.5,138.));
#13859 = VECTOR('',#13860,1.);
#13860 = DIRECTION('',(1.,0.,-0.));
#13861 = ORIENTED_EDGE('',*,*,#13862,.F.);
#13862 = EDGE_CURVE('',#13846,#13855,#13863,.T.);
#13863 = LINE('',#13864,#13865);
#13864 = CARTESIAN_POINT('',(26.,55.5,17.5));
#13865 = VECTOR('',#13866,1.);
#13866 = DIRECTION('',(0.,0.,1.));
#13867 = PLANE('',#13868);
#13868 = AXIS2_PLACEMENT_3D('',#13869,#13870,#13871);
#13869 = CARTESIAN_POINT('',(20.,55.5,17.5));
#13870 = DIRECTION('',(-0.,1.,0.));
#13871 = DIRECTION('',(0.,0.,1.));
#13872 = ADVANCED_FACE('',(#13873),#13884,.T.);
#13873 = FACE_BOUND('',#13874,.T.);
#13874 = EDGE_LOOP('',(#13875,#13876,#13882,#13883));
#13875 = ORIENTED_EDGE('',*,*,#13845,.T.);
#13876 = ORIENTED_EDGE('',*,*,#13877,.T.);
#13877 = EDGE_CURVE('',#13846,#13806,#13878,.T.);
#13878 = LINE('',#13879,#13880);
#13879 = CARTESIAN_POINT('',(26.,55.5,17.5));
#13880 = VECTOR('',#13881,1.);
#13881 = DIRECTION('',(0.,-0.242535625036,-0.970142500145));
#13882 = ORIENTED_EDGE('',*,*,#13813,.F.);
#13883 = ORIENTED_EDGE('',*,*,#11437,.F.);
#13884 = PLANE('',#13885);
#13885 = AXIS2_PLACEMENT_3D('',#13886,#13887,#13888);
#13886 = CARTESIAN_POINT('',(20.,55.5,17.5));
#13887 = DIRECTION('',(0.,0.970142500145,-0.242535625036));
#13888 = DIRECTION('',(0.,-0.242535625036,-0.970142500145));
#13889 = ADVANCED_FACE('',(#13890),#13908,.T.);
#13890 = FACE_BOUND('',#13891,.T.);
#13891 = EDGE_LOOP('',(#13892,#13900,#13906,#13907));
#13892 = ORIENTED_EDGE('',*,*,#13893,.F.);
#13893 = EDGE_CURVE('',#13894,#11735,#13896,.T.);
#13894 = VERTEX_POINT('',#13895);
#13895 = CARTESIAN_POINT('',(15.,92.,114.));
#13896 = LINE('',#13897,#13898);
#13897 = CARTESIAN_POINT('',(15.,92.,114.));
#13898 = VECTOR('',#13899,1.);
#13899 = DIRECTION('',(0.,0.,1.));
#13900 = ORIENTED_EDGE('',*,*,#13901,.F.);
#13901 = EDGE_CURVE('',#11554,#13894,#13902,.T.);
#13902 = LINE('',#13903,#13904);
#13903 = CARTESIAN_POINT('',(3.,92.,114.));
#13904 = VECTOR('',#13905,1.);
#13905 = DIRECTION('',(1.,0.,-0.));
#13906 = ORIENTED_EDGE('',*,*,#11553,.T.);
#13907 = ORIENTED_EDGE('',*,*,#11742,.F.);
#13908 = PLANE('',#13909);
#13909 = AXIS2_PLACEMENT_3D('',#13910,#13911,#13912);
#13910 = CARTESIAN_POINT('',(3.,92.,114.));
#13911 = DIRECTION('',(-0.,1.,0.));
#13912 = DIRECTION('',(0.,0.,1.));
#13913 = ADVANCED_FACE('',(#13914),#13932,.F.);
#13914 = FACE_BOUND('',#13915,.F.);
#13915 = EDGE_LOOP('',(#13916,#13924,#13930,#13931));
#13916 = ORIENTED_EDGE('',*,*,#13917,.F.);
#13917 = EDGE_CURVE('',#13918,#11727,#13920,.T.);
#13918 = VERTEX_POINT('',#13919);
#13919 = CARTESIAN_POINT('',(15.,108.,114.));
#13920 = LINE('',#13921,#13922);
#13921 = CARTESIAN_POINT('',(15.,108.,114.));
#13922 = VECTOR('',#13923,1.);
#13923 = DIRECTION('',(0.,0.,1.));
#13924 = ORIENTED_EDGE('',*,*,#13925,.F.);
#13925 = EDGE_CURVE('',#11564,#13918,#13926,.T.);
#13926 = LINE('',#13927,#13928);
#13927 = CARTESIAN_POINT('',(3.,108.,114.));
#13928 = VECTOR('',#13929,1.);
#13929 = DIRECTION('',(1.,0.,-0.));
#13930 = ORIENTED_EDGE('',*,*,#11571,.T.);
#13931 = ORIENTED_EDGE('',*,*,#11726,.F.);
#13932 = PLANE('',#13933);
#13933 = AXIS2_PLACEMENT_3D('',#13934,#13935,#13936);
#13934 = CARTESIAN_POINT('',(3.,108.,114.));
#13935 = DIRECTION('',(-0.,1.,0.));
#13936 = DIRECTION('',(0.,0.,1.));
#13937 = ADVANCED_FACE('',(#13938),#13949,.T.);
#13938 = FACE_BOUND('',#13939,.T.);
#13939 = EDGE_LOOP('',(#13940,#13941,#13942,#13948));
#13940 = ORIENTED_EDGE('',*,*,#11563,.F.);
#13941 = ORIENTED_EDGE('',*,*,#13901,.T.);
#13942 = ORIENTED_EDGE('',*,*,#13943,.T.);
#13943 = EDGE_CURVE('',#13894,#13918,#13944,.T.);
#13944 = LINE('',#13945,#13946);
#13945 = CARTESIAN_POINT('',(15.,92.,114.));
#13946 = VECTOR('',#13947,1.);
#13947 = DIRECTION('',(-0.,1.,0.));
#13948 = ORIENTED_EDGE('',*,*,#13925,.F.);
#13949 = PLANE('',#13950);
#13950 = AXIS2_PLACEMENT_3D('',#13951,#13952,#13953);
#13951 = CARTESIAN_POINT('',(3.,92.,114.));
#13952 = DIRECTION('',(0.,0.,1.));
#13953 = DIRECTION('',(1.,0.,-0.));
#13954 = ADVANCED_FACE('',(#13955),#13961,.F.);
#13955 = FACE_BOUND('',#13956,.F.);
#13956 = EDGE_LOOP('',(#13957,#13958,#13959,#13960));
#13957 = ORIENTED_EDGE('',*,*,#13893,.F.);
#13958 = ORIENTED_EDGE('',*,*,#13943,.T.);
#13959 = ORIENTED_EDGE('',*,*,#13917,.T.);
#13960 = ORIENTED_EDGE('',*,*,#11734,.F.);
#13961 = PLANE('',#13962);
#13962 = AXIS2_PLACEMENT_3D('',#13963,#13964,#13965);
#13963 = CARTESIAN_POINT('',(15.,92.,114.));
#13964 = DIRECTION('',(1.,0.,-0.));
#13965 = DIRECTION('',(0.,0.,1.));
#13966 = ADVANCED_FACE('',(#13967),#13996,.T.);
#13967 = FACE_BOUND('',#13968,.T.);
#13968 = EDGE_LOOP('',(#13969,#13970,#13971,#13972,#13973,#13974,#13982,
    #13990));
#13969 = ORIENTED_EDGE('',*,*,#11640,.F.);
#13970 = ORIENTED_EDGE('',*,*,#12000,.T.);
#13971 = ORIENTED_EDGE('',*,*,#12014,.T.);
#13972 = ORIENTED_EDGE('',*,*,#11983,.F.);
#13973 = ORIENTED_EDGE('',*,*,#11704,.F.);
#13974 = ORIENTED_EDGE('',*,*,#13975,.F.);
#13975 = EDGE_CURVE('',#13976,#11697,#13978,.T.);
#13976 = VERTEX_POINT('',#13977);
#13977 = CARTESIAN_POINT('',(183.6,107.,135.5));
#13978 = LINE('',#13979,#13980);
#13979 = CARTESIAN_POINT('',(183.6,107.,134.35));
#13980 = VECTOR('',#13981,1.);
#13981 = DIRECTION('',(0.,0.,1.));
#13982 = ORIENTED_EDGE('',*,*,#13983,.T.);
#13983 = EDGE_CURVE('',#13976,#13984,#13986,.T.);
#13984 = VERTEX_POINT('',#13985);
#13985 = CARTESIAN_POINT('',(183.6,93.,135.5));
#13986 = LINE('',#13987,#13988);
#13987 = CARTESIAN_POINT('',(183.6,45.5,135.5));
#13988 = VECTOR('',#13989,1.);
#13989 = DIRECTION('',(0.,-1.,0.));
#13990 = ORIENTED_EDGE('',*,*,#13991,.T.);
#13991 = EDGE_CURVE('',#13984,#11641,#13992,.T.);
#13992 = LINE('',#13993,#13994);
#13993 = CARTESIAN_POINT('',(183.6,93.,134.35));
#13994 = VECTOR('',#13995,1.);
#13995 = DIRECTION('',(0.,0.,1.));
#13996 = PLANE('',#13997);
#13997 = AXIS2_PLACEMENT_3D('',#13998,#13999,#14000);
#13998 = CARTESIAN_POINT('',(183.6,-2.,133.2));
#13999 = DIRECTION('',(1.,0.,-0.));
#14000 = DIRECTION('',(0.,0.,1.));
#14001 = ADVANCED_FACE('',(#14002),#14020,.F.);
#14002 = FACE_BOUND('',#14003,.F.);
#14003 = EDGE_LOOP('',(#14004,#14012,#14018,#14019));
#14004 = ORIENTED_EDGE('',*,*,#14005,.F.);
#14005 = EDGE_CURVE('',#14006,#13976,#14008,.T.);
#14006 = VERTEX_POINT('',#14007);
#14007 = CARTESIAN_POINT('',(183.,107.,135.5));
#14008 = LINE('',#14009,#14010);
#14009 = CARTESIAN_POINT('',(182.,107.,135.5));
#14010 = VECTOR('',#14011,1.);
#14011 = DIRECTION('',(1.,0.,-0.));
#14012 = ORIENTED_EDGE('',*,*,#14013,.T.);
#14013 = EDGE_CURVE('',#14006,#11689,#14014,.T.);
#14014 = LINE('',#14015,#14016);
#14015 = CARTESIAN_POINT('',(183.,107.,124.75));
#14016 = VECTOR('',#14017,1.);
#14017 = DIRECTION('',(0.,0.,1.));
#14018 = ORIENTED_EDGE('',*,*,#11696,.T.);
#14019 = ORIENTED_EDGE('',*,*,#13975,.F.);
#14020 = PLANE('',#14021);
#14021 = AXIS2_PLACEMENT_3D('',#14022,#14023,#14024);
#14022 = CARTESIAN_POINT('',(182.,107.,135.5));
#14023 = DIRECTION('',(-0.,1.,0.));
#14024 = DIRECTION('',(0.,0.,1.));
#14025 = ADVANCED_FACE('',(#14026,#14067),#14073,.F.);
#14026 = FACE_BOUND('',#14027,.F.);
#14027 = EDGE_LOOP('',(#14028,#14036,#14044,#14050,#14051,#14052,#14060,
    #14066));
#14028 = ORIENTED_EDGE('',*,*,#14029,.F.);
#14029 = EDGE_CURVE('',#14030,#11657,#14032,.T.);
#14030 = VERTEX_POINT('',#14031);
#14031 = CARTESIAN_POINT('',(183.,92.,114.));
#14032 = LINE('',#14033,#14034);
#14033 = CARTESIAN_POINT('',(183.,92.,114.));
#14034 = VECTOR('',#14035,1.);
#14035 = DIRECTION('',(0.,0.,1.));
#14036 = ORIENTED_EDGE('',*,*,#14037,.T.);
#14037 = EDGE_CURVE('',#14030,#14038,#14040,.T.);
#14038 = VERTEX_POINT('',#14039);
#14039 = CARTESIAN_POINT('',(183.,108.,114.));
#14040 = LINE('',#14041,#14042);
#14041 = CARTESIAN_POINT('',(183.,92.,114.));
#14042 = VECTOR('',#14043,1.);
#14043 = DIRECTION('',(-0.,1.,0.));
#14044 = ORIENTED_EDGE('',*,*,#14045,.T.);
#14045 = EDGE_CURVE('',#14038,#11681,#14046,.T.);
#14046 = LINE('',#14047,#14048);
#14047 = CARTESIAN_POINT('',(183.,108.,114.));
#14048 = VECTOR('',#14049,1.);
#14049 = DIRECTION('',(0.,0.,1.));
#14050 = ORIENTED_EDGE('',*,*,#11688,.F.);
#14051 = ORIENTED_EDGE('',*,*,#14013,.F.);
#14052 = ORIENTED_EDGE('',*,*,#14053,.T.);
#14053 = EDGE_CURVE('',#14006,#14054,#14056,.T.);
#14054 = VERTEX_POINT('',#14055);
#14055 = CARTESIAN_POINT('',(183.,93.,135.5));
#14056 = LINE('',#14057,#14058);
#14057 = CARTESIAN_POINT('',(183.,92.5,135.5));
#14058 = VECTOR('',#14059,1.);
#14059 = DIRECTION('',(0.,-1.,0.));
#14060 = ORIENTED_EDGE('',*,*,#14061,.T.);
#14061 = EDGE_CURVE('',#14054,#11649,#14062,.T.);
#14062 = LINE('',#14063,#14064);
#14063 = CARTESIAN_POINT('',(183.,93.,124.75));
#14064 = VECTOR('',#14065,1.);
#14065 = DIRECTION('',(0.,0.,1.));
#14066 = ORIENTED_EDGE('',*,*,#11656,.F.);
#14067 = FACE_BOUND('',#14068,.F.);
#14068 = EDGE_LOOP('',(#14069,#14070,#14071,#14072));
#14069 = ORIENTED_EDGE('',*,*,#12999,.T.);
#14070 = ORIENTED_EDGE('',*,*,#13071,.T.);
#14071 = ORIENTED_EDGE('',*,*,#13047,.F.);
#14072 = ORIENTED_EDGE('',*,*,#13023,.F.);
#14073 = PLANE('',#14074);
#14074 = AXIS2_PLACEMENT_3D('',#14075,#14076,#14077);
#14075 = CARTESIAN_POINT('',(183.,92.,114.));
#14076 = DIRECTION('',(1.,0.,-0.));
#14077 = DIRECTION('',(0.,0.,1.));
#14078 = ADVANCED_FACE('',(#14079),#14097,.F.);
#14079 = FACE_BOUND('',#14080,.F.);
#14080 = EDGE_LOOP('',(#14081,#14082,#14090,#14096));
#14081 = ORIENTED_EDGE('',*,*,#14045,.F.);
#14082 = ORIENTED_EDGE('',*,*,#14083,.F.);
#14083 = EDGE_CURVE('',#14084,#14038,#14086,.T.);
#14084 = VERTEX_POINT('',#14085);
#14085 = CARTESIAN_POINT('',(171.,108.,114.));
#14086 = LINE('',#14087,#14088);
#14087 = CARTESIAN_POINT('',(171.,108.,114.));
#14088 = VECTOR('',#14089,1.);
#14089 = DIRECTION('',(1.,0.,-0.));
#14090 = ORIENTED_EDGE('',*,*,#14091,.T.);
#14091 = EDGE_CURVE('',#14084,#11673,#14092,.T.);
#14092 = LINE('',#14093,#14094);
#14093 = CARTESIAN_POINT('',(171.,108.,114.));
#14094 = VECTOR('',#14095,1.);
#14095 = DIRECTION('',(0.,0.,1.));
#14096 = ORIENTED_EDGE('',*,*,#11680,.F.);
#14097 = PLANE('',#14098);
#14098 = AXIS2_PLACEMENT_3D('',#14099,#14100,#14101);
#14099 = CARTESIAN_POINT('',(171.,108.,114.));
#14100 = DIRECTION('',(-0.,1.,0.));
#14101 = DIRECTION('',(0.,0.,1.));
#14102 = ADVANCED_FACE('',(#14103),#14121,.T.);
#14103 = FACE_BOUND('',#14104,.T.);
#14104 = EDGE_LOOP('',(#14105,#14113,#14119,#14120));
#14105 = ORIENTED_EDGE('',*,*,#14106,.F.);
#14106 = EDGE_CURVE('',#14107,#11665,#14109,.T.);
#14107 = VERTEX_POINT('',#14108);
#14108 = CARTESIAN_POINT('',(171.,92.,114.));
#14109 = LINE('',#14110,#14111);
#14110 = CARTESIAN_POINT('',(171.,92.,114.));
#14111 = VECTOR('',#14112,1.);
#14112 = DIRECTION('',(0.,0.,1.));
#14113 = ORIENTED_EDGE('',*,*,#14114,.T.);
#14114 = EDGE_CURVE('',#14107,#14084,#14115,.T.);
#14115 = LINE('',#14116,#14117);
#14116 = CARTESIAN_POINT('',(171.,92.,114.));
#14117 = VECTOR('',#14118,1.);
#14118 = DIRECTION('',(-0.,1.,0.));
#14119 = ORIENTED_EDGE('',*,*,#14091,.T.);
#14120 = ORIENTED_EDGE('',*,*,#11672,.F.);
#14121 = PLANE('',#14122);
#14122 = AXIS2_PLACEMENT_3D('',#14123,#14124,#14125);
#14123 = CARTESIAN_POINT('',(171.,92.,114.));
#14124 = DIRECTION('',(1.,0.,-0.));
#14125 = DIRECTION('',(0.,0.,1.));
#14126 = ADVANCED_FACE('',(#14127),#14138,.T.);
#14127 = FACE_BOUND('',#14128,.T.);
#14128 = EDGE_LOOP('',(#14129,#14130,#14136,#14137));
#14129 = ORIENTED_EDGE('',*,*,#14029,.F.);
#14130 = ORIENTED_EDGE('',*,*,#14131,.F.);
#14131 = EDGE_CURVE('',#14107,#14030,#14132,.T.);
#14132 = LINE('',#14133,#14134);
#14133 = CARTESIAN_POINT('',(171.,92.,114.));
#14134 = VECTOR('',#14135,1.);
#14135 = DIRECTION('',(1.,0.,-0.));
#14136 = ORIENTED_EDGE('',*,*,#14106,.T.);
#14137 = ORIENTED_EDGE('',*,*,#11664,.F.);
#14138 = PLANE('',#14139);
#14139 = AXIS2_PLACEMENT_3D('',#14140,#14141,#14142);
#14140 = CARTESIAN_POINT('',(171.,92.,114.));
#14141 = DIRECTION('',(-0.,1.,0.));
#14142 = DIRECTION('',(0.,0.,1.));
#14143 = ADVANCED_FACE('',(#14144),#14155,.T.);
#14144 = FACE_BOUND('',#14145,.T.);
#14145 = EDGE_LOOP('',(#14146,#14152,#14153,#14154));
#14146 = ORIENTED_EDGE('',*,*,#14147,.F.);
#14147 = EDGE_CURVE('',#14054,#13984,#14148,.T.);
#14148 = LINE('',#14149,#14150);
#14149 = CARTESIAN_POINT('',(182.,93.,135.5));
#14150 = VECTOR('',#14151,1.);
#14151 = DIRECTION('',(1.,0.,-0.));
#14152 = ORIENTED_EDGE('',*,*,#14061,.T.);
#14153 = ORIENTED_EDGE('',*,*,#11648,.T.);
#14154 = ORIENTED_EDGE('',*,*,#13991,.F.);
#14155 = PLANE('',#14156);
#14156 = AXIS2_PLACEMENT_3D('',#14157,#14158,#14159);
#14157 = CARTESIAN_POINT('',(182.,93.,135.5));
#14158 = DIRECTION('',(-0.,1.,0.));
#14159 = DIRECTION('',(0.,0.,1.));
#14160 = ADVANCED_FACE('',(#14161,#14179),#14213,.T.);
#14161 = FACE_BOUND('',#14162,.T.);
#14162 = EDGE_LOOP('',(#14163,#14171,#14172,#14173));
#14163 = ORIENTED_EDGE('',*,*,#14164,.F.);
#14164 = EDGE_CURVE('',#11760,#14165,#14167,.T.);
#14165 = VERTEX_POINT('',#14166);
#14166 = CARTESIAN_POINT('',(170.,14.5,138.));
#14167 = LINE('',#14168,#14169);
#14168 = CARTESIAN_POINT('',(170.,3.5,138.));
#14169 = VECTOR('',#14170,1.);
#14170 = DIRECTION('',(-0.,1.,0.));
#14171 = ORIENTED_EDGE('',*,*,#11757,.F.);
#14172 = ORIENTED_EDGE('',*,*,#11799,.T.);
#14173 = ORIENTED_EDGE('',*,*,#14174,.F.);
#14174 = EDGE_CURVE('',#14165,#11792,#14175,.T.);
#14175 = LINE('',#14176,#14177);
#14176 = CARTESIAN_POINT('',(170.,14.5,138.));
#14177 = VECTOR('',#14178,1.);
#14178 = DIRECTION('',(1.,0.,-0.));
#14179 = FACE_BOUND('',#14180,.T.);
#14180 = EDGE_LOOP('',(#14181,#14191,#14199,#14207));
#14181 = ORIENTED_EDGE('',*,*,#14182,.T.);
#14182 = EDGE_CURVE('',#14183,#14185,#14187,.T.);
#14183 = VERTEX_POINT('',#14184);
#14184 = CARTESIAN_POINT('',(181.8,4.7,138.));
#14185 = VERTEX_POINT('',#14186);
#14186 = CARTESIAN_POINT('',(171.8,4.7,138.));
#14187 = LINE('',#14188,#14189);
#14188 = CARTESIAN_POINT('',(170.9,4.7,138.));
#14189 = VECTOR('',#14190,1.);
#14190 = DIRECTION('',(-1.,-0.,0.));
#14191 = ORIENTED_EDGE('',*,*,#14192,.T.);
#14192 = EDGE_CURVE('',#14185,#14193,#14195,.T.);
#14193 = VERTEX_POINT('',#14194);
#14194 = CARTESIAN_POINT('',(171.8,13.2,138.));
#14195 = LINE('',#14196,#14197);
#14196 = CARTESIAN_POINT('',(171.8,4.1,138.));
#14197 = VECTOR('',#14198,1.);
#14198 = DIRECTION('',(-0.,1.,0.));
#14199 = ORIENTED_EDGE('',*,*,#14200,.F.);
#14200 = EDGE_CURVE('',#14201,#14193,#14203,.T.);
#14201 = VERTEX_POINT('',#14202);
#14202 = CARTESIAN_POINT('',(181.8,13.2,138.));
#14203 = LINE('',#14204,#14205);
#14204 = CARTESIAN_POINT('',(170.9,13.2,138.));
#14205 = VECTOR('',#14206,1.);
#14206 = DIRECTION('',(-1.,-0.,0.));
#14207 = ORIENTED_EDGE('',*,*,#14208,.F.);
#14208 = EDGE_CURVE('',#14183,#14201,#14209,.T.);
#14209 = LINE('',#14210,#14211);
#14210 = CARTESIAN_POINT('',(181.8,4.1,138.));
#14211 = VECTOR('',#14212,1.);
#14212 = DIRECTION('',(-0.,1.,0.));
#14213 = PLANE('',#14214);
#14214 = AXIS2_PLACEMENT_3D('',#14215,#14216,#14217);
#14215 = CARTESIAN_POINT('',(170.,3.5,138.));
#14216 = DIRECTION('',(0.,0.,1.));
#14217 = DIRECTION('',(1.,0.,-0.));
#14218 = ADVANCED_FACE('',(#14219),#14283,.T.);
#14219 = FACE_BOUND('',#14220,.T.);
#14220 = EDGE_LOOP('',(#14221,#14229,#14230,#14238,#14246,#14254,#14262,
    #14268,#14269,#14277));
#14221 = ORIENTED_EDGE('',*,*,#14222,.F.);
#14222 = EDGE_CURVE('',#13464,#14223,#14225,.T.);
#14223 = VERTEX_POINT('',#14224);
#14224 = CARTESIAN_POINT('',(183.,3.5,128.));
#14225 = LINE('',#14226,#14227);
#14226 = CARTESIAN_POINT('',(183.,3.5,3.5));
#14227 = VECTOR('',#14228,1.);
#14228 = DIRECTION('',(0.,0.,1.));
#14229 = ORIENTED_EDGE('',*,*,#13463,.F.);
#14230 = ORIENTED_EDGE('',*,*,#14231,.T.);
#14231 = EDGE_CURVE('',#13454,#14232,#14234,.T.);
#14232 = VERTEX_POINT('',#14233);
#14233 = CARTESIAN_POINT('',(3.,3.5,70.));
#14234 = LINE('',#14235,#14236);
#14235 = CARTESIAN_POINT('',(3.,3.5,3.5));
#14236 = VECTOR('',#14237,1.);
#14237 = DIRECTION('',(0.,0.,1.));
#14238 = ORIENTED_EDGE('',*,*,#14239,.T.);
#14239 = EDGE_CURVE('',#14232,#14240,#14242,.T.);
#14240 = VERTEX_POINT('',#14241);
#14241 = CARTESIAN_POINT('',(88.5,3.5,70.));
#14242 = LINE('',#14243,#14244);
#14243 = CARTESIAN_POINT('',(3.,3.5,70.));
#14244 = VECTOR('',#14245,1.);
#14245 = DIRECTION('',(1.,0.,-0.));
#14246 = ORIENTED_EDGE('',*,*,#14247,.T.);
#14247 = EDGE_CURVE('',#14240,#14248,#14250,.T.);
#14248 = VERTEX_POINT('',#14249);
#14249 = CARTESIAN_POINT('',(88.5,3.5,85.));
#14250 = LINE('',#14251,#14252);
#14251 = CARTESIAN_POINT('',(88.5,3.5,70.));
#14252 = VECTOR('',#14253,1.);
#14253 = DIRECTION('',(0.,0.,1.));
#14254 = ORIENTED_EDGE('',*,*,#14255,.F.);
#14255 = EDGE_CURVE('',#14256,#14248,#14258,.T.);
#14256 = VERTEX_POINT('',#14257);
#14257 = CARTESIAN_POINT('',(3.,3.5,85.));
#14258 = LINE('',#14259,#14260);
#14259 = CARTESIAN_POINT('',(3.,3.5,85.));
#14260 = VECTOR('',#14261,1.);
#14261 = DIRECTION('',(1.,0.,-0.));
#14262 = ORIENTED_EDGE('',*,*,#14263,.T.);
#14263 = EDGE_CURVE('',#14256,#11768,#14264,.T.);
#14264 = LINE('',#14265,#14266);
#14265 = CARTESIAN_POINT('',(3.,3.5,3.5));
#14266 = VECTOR('',#14267,1.);
#14267 = DIRECTION('',(0.,0.,1.));
#14268 = ORIENTED_EDGE('',*,*,#11767,.F.);
#14269 = ORIENTED_EDGE('',*,*,#14270,.F.);
#14270 = EDGE_CURVE('',#14271,#11760,#14273,.T.);
#14271 = VERTEX_POINT('',#14272);
#14272 = CARTESIAN_POINT('',(170.,3.5,128.));
#14273 = LINE('',#14274,#14275);
#14274 = CARTESIAN_POINT('',(170.,3.5,128.));
#14275 = VECTOR('',#14276,1.);
#14276 = DIRECTION('',(0.,0.,1.));
#14277 = ORIENTED_EDGE('',*,*,#14278,.T.);
#14278 = EDGE_CURVE('',#14271,#14223,#14279,.T.);
#14279 = LINE('',#14280,#14281);
#14280 = CARTESIAN_POINT('',(170.,3.5,128.));
#14281 = VECTOR('',#14282,1.);
#14282 = DIRECTION('',(1.,0.,-0.));
#14283 = PLANE('',#14284);
#14284 = AXIS2_PLACEMENT_3D('',#14285,#14286,#14287);
#14285 = CARTESIAN_POINT('',(3.,3.5,3.5));
#14286 = DIRECTION('',(-0.,1.,0.));
#14287 = DIRECTION('',(0.,0.,1.));
#14288 = ADVANCED_FACE('',(#14289),#14314,.F.);
#14289 = FACE_BOUND('',#14290,.F.);
#14290 = EDGE_LOOP('',(#14291,#14292,#14293,#14299,#14300,#14308));
#14291 = ORIENTED_EDGE('',*,*,#14222,.F.);
#14292 = ORIENTED_EDGE('',*,*,#13471,.T.);
#14293 = ORIENTED_EDGE('',*,*,#14294,.T.);
#14294 = EDGE_CURVE('',#13472,#11784,#14295,.T.);
#14295 = LINE('',#14296,#14297);
#14296 = CARTESIAN_POINT('',(183.,48.5,3.5));
#14297 = VECTOR('',#14298,1.);
#14298 = DIRECTION('',(0.,0.,1.));
#14299 = ORIENTED_EDGE('',*,*,#11791,.F.);
#14300 = ORIENTED_EDGE('',*,*,#14301,.F.);
#14301 = EDGE_CURVE('',#14302,#11792,#14304,.T.);
#14302 = VERTEX_POINT('',#14303);
#14303 = CARTESIAN_POINT('',(183.,14.5,128.));
#14304 = LINE('',#14305,#14306);
#14305 = CARTESIAN_POINT('',(183.,14.5,128.));
#14306 = VECTOR('',#14307,1.);
#14307 = DIRECTION('',(0.,0.,1.));
#14308 = ORIENTED_EDGE('',*,*,#14309,.F.);
#14309 = EDGE_CURVE('',#14223,#14302,#14310,.T.);
#14310 = LINE('',#14311,#14312);
#14311 = CARTESIAN_POINT('',(183.,3.5,128.));
#14312 = VECTOR('',#14313,1.);
#14313 = DIRECTION('',(-0.,1.,0.));
#14314 = PLANE('',#14315);
#14315 = AXIS2_PLACEMENT_3D('',#14316,#14317,#14318);
#14316 = CARTESIAN_POINT('',(183.,3.5,3.5));
#14317 = DIRECTION('',(1.,0.,-0.));
#14318 = DIRECTION('',(0.,0.,1.));
#14319 = ADVANCED_FACE('',(#14320),#14354,.T.);
#14320 = FACE_BOUND('',#14321,.T.);
#14321 = EDGE_LOOP('',(#14322,#14323,#14324,#14330,#14331,#14332,#14340,
    #14348));
#14322 = ORIENTED_EDGE('',*,*,#14231,.F.);
#14323 = ORIENTED_EDGE('',*,*,#13453,.T.);
#14324 = ORIENTED_EDGE('',*,*,#14325,.T.);
#14325 = EDGE_CURVE('',#13456,#11776,#14326,.T.);
#14326 = LINE('',#14327,#14328);
#14327 = CARTESIAN_POINT('',(3.,48.5,3.5));
#14328 = VECTOR('',#14329,1.);
#14329 = DIRECTION('',(0.,0.,1.));
#14330 = ORIENTED_EDGE('',*,*,#11775,.F.);
#14331 = ORIENTED_EDGE('',*,*,#14263,.F.);
#14332 = ORIENTED_EDGE('',*,*,#14333,.T.);
#14333 = EDGE_CURVE('',#14256,#14334,#14336,.T.);
#14334 = VERTEX_POINT('',#14335);
#14335 = CARTESIAN_POINT('',(3.,5.5,85.));
#14336 = LINE('',#14337,#14338);
#14337 = CARTESIAN_POINT('',(3.,3.5,85.));
#14338 = VECTOR('',#14339,1.);
#14339 = DIRECTION('',(-0.,1.,0.));
#14340 = ORIENTED_EDGE('',*,*,#14341,.F.);
#14341 = EDGE_CURVE('',#14342,#14334,#14344,.T.);
#14342 = VERTEX_POINT('',#14343);
#14343 = CARTESIAN_POINT('',(3.,5.5,70.));
#14344 = LINE('',#14345,#14346);
#14345 = CARTESIAN_POINT('',(3.,5.5,70.));
#14346 = VECTOR('',#14347,1.);
#14347 = DIRECTION('',(0.,0.,1.));
#14348 = ORIENTED_EDGE('',*,*,#14349,.F.);
#14349 = EDGE_CURVE('',#14232,#14342,#14350,.T.);
#14350 = LINE('',#14351,#14352);
#14351 = CARTESIAN_POINT('',(3.,3.5,70.));
#14352 = VECTOR('',#14353,1.);
#14353 = DIRECTION('',(-0.,1.,0.));
#14354 = PLANE('',#14355);
#14355 = AXIS2_PLACEMENT_3D('',#14356,#14357,#14358);
#14356 = CARTESIAN_POINT('',(3.,3.5,3.5));
#14357 = DIRECTION('',(1.,0.,-0.));
#14358 = DIRECTION('',(0.,0.,1.));
#14359 = ADVANCED_FACE('',(#14360),#14366,.F.);
#14360 = FACE_BOUND('',#14361,.F.);
#14361 = EDGE_LOOP('',(#14362,#14363,#14364,#14365));
#14362 = ORIENTED_EDGE('',*,*,#14294,.F.);
#14363 = ORIENTED_EDGE('',*,*,#13479,.F.);
#14364 = ORIENTED_EDGE('',*,*,#14325,.T.);
#14365 = ORIENTED_EDGE('',*,*,#11783,.F.);
#14366 = PLANE('',#14367);
#14367 = AXIS2_PLACEMENT_3D('',#14368,#14369,#14370);
#14368 = CARTESIAN_POINT('',(3.,48.5,3.5));
#14369 = DIRECTION('',(-0.,1.,0.));
#14370 = DIRECTION('',(0.,0.,1.));
#14371 = ADVANCED_FACE('',(#14372),#14390,.T.);
#14372 = FACE_BOUND('',#14373,.T.);
#14373 = EDGE_LOOP('',(#14374,#14382,#14383,#14384));
#14374 = ORIENTED_EDGE('',*,*,#14375,.F.);
#14375 = EDGE_CURVE('',#11818,#14376,#14378,.T.);
#14376 = VERTEX_POINT('',#14377);
#14377 = CARTESIAN_POINT('',(160.,55.5,138.));
#14378 = LINE('',#14379,#14380);
#14379 = CARTESIAN_POINT('',(160.,54.,138.));
#14380 = VECTOR('',#14381,1.);
#14381 = DIRECTION('',(-0.,1.,0.));
#14382 = ORIENTED_EDGE('',*,*,#11817,.F.);
#14383 = ORIENTED_EDGE('',*,*,#11807,.T.);
#14384 = ORIENTED_EDGE('',*,*,#14385,.F.);
#14385 = EDGE_CURVE('',#14376,#11810,#14386,.T.);
#14386 = LINE('',#14387,#14388);
#14387 = CARTESIAN_POINT('',(160.,55.5,138.));
#14388 = VECTOR('',#14389,1.);
#14389 = DIRECTION('',(1.,0.,-0.));
#14390 = PLANE('',#14391);
#14391 = AXIS2_PLACEMENT_3D('',#14392,#14393,#14394);
#14392 = CARTESIAN_POINT('',(160.,54.,138.));
#14393 = DIRECTION('',(0.,0.,1.));
#14394 = DIRECTION('',(1.,0.,-0.));
#14395 = ADVANCED_FACE('',(#14396,#14416,#14422,#14428,#14434,#14440,
    #14446,#14452,#14458,#14464,#14470,#14476,#14482),#14488,.F.);
#14396 = FACE_BOUND('',#14397,.F.);
#14397 = EDGE_LOOP('',(#14398,#14406,#14412,#14413,#14414,#14415));
#14398 = ORIENTED_EDGE('',*,*,#14399,.F.);
#14399 = EDGE_CURVE('',#14400,#11810,#14402,.T.);
#14400 = VERTEX_POINT('',#14401);
#14401 = CARTESIAN_POINT('',(166.,55.5,17.5));
#14402 = LINE('',#14403,#14404);
#14403 = CARTESIAN_POINT('',(166.,55.5,17.5));
#14404 = VECTOR('',#14405,1.);
#14405 = DIRECTION('',(0.,0.,1.));
#14406 = ORIENTED_EDGE('',*,*,#14407,.T.);
#14407 = EDGE_CURVE('',#14400,#13726,#14408,.T.);
#14408 = LINE('',#14409,#14410);
#14409 = CARTESIAN_POINT('',(166.,55.5,17.5));
#14410 = VECTOR('',#14411,1.);
#14411 = DIRECTION('',(0.,-0.242535625036,-0.970142500145));
#14412 = ORIENTED_EDGE('',*,*,#13725,.T.);
#14413 = ORIENTED_EDGE('',*,*,#13830,.T.);
#14414 = ORIENTED_EDGE('',*,*,#13279,.T.);
#14415 = ORIENTED_EDGE('',*,*,#11920,.F.);
#14416 = FACE_BOUND('',#14417,.F.);
#14417 = EDGE_LOOP('',(#14418,#14419,#14420,#14421));
#14418 = ORIENTED_EDGE('',*,*,#12031,.T.);
#14419 = ORIENTED_EDGE('',*,*,#12086,.T.);
#14420 = ORIENTED_EDGE('',*,*,#12110,.T.);
#14421 = ORIENTED_EDGE('',*,*,#12062,.T.);
#14422 = FACE_BOUND('',#14423,.F.);
#14423 = EDGE_LOOP('',(#14424,#14425,#14426,#14427));
#14424 = ORIENTED_EDGE('',*,*,#12127,.T.);
#14425 = ORIENTED_EDGE('',*,*,#12182,.T.);
#14426 = ORIENTED_EDGE('',*,*,#12206,.T.);
#14427 = ORIENTED_EDGE('',*,*,#12158,.T.);
#14428 = FACE_BOUND('',#14429,.F.);
#14429 = EDGE_LOOP('',(#14430,#14431,#14432,#14433));
#14430 = ORIENTED_EDGE('',*,*,#12223,.T.);
#14431 = ORIENTED_EDGE('',*,*,#12278,.T.);
#14432 = ORIENTED_EDGE('',*,*,#12302,.T.);
#14433 = ORIENTED_EDGE('',*,*,#12254,.T.);
#14434 = FACE_BOUND('',#14435,.F.);
#14435 = EDGE_LOOP('',(#14436,#14437,#14438,#14439));
#14436 = ORIENTED_EDGE('',*,*,#12319,.T.);
#14437 = ORIENTED_EDGE('',*,*,#12374,.T.);
#14438 = ORIENTED_EDGE('',*,*,#12398,.T.);
#14439 = ORIENTED_EDGE('',*,*,#12350,.T.);
#14440 = FACE_BOUND('',#14441,.F.);
#14441 = EDGE_LOOP('',(#14442,#14443,#14444,#14445));
#14442 = ORIENTED_EDGE('',*,*,#12895,.T.);
#14443 = ORIENTED_EDGE('',*,*,#12950,.T.);
#14444 = ORIENTED_EDGE('',*,*,#12974,.T.);
#14445 = ORIENTED_EDGE('',*,*,#12926,.T.);
#14446 = FACE_BOUND('',#14447,.F.);
#14447 = EDGE_LOOP('',(#14448,#14449,#14450,#14451));
#14448 = ORIENTED_EDGE('',*,*,#12415,.T.);
#14449 = ORIENTED_EDGE('',*,*,#12470,.T.);
#14450 = ORIENTED_EDGE('',*,*,#12494,.T.);
#14451 = ORIENTED_EDGE('',*,*,#12446,.T.);
#14452 = FACE_BOUND('',#14453,.F.);
#14453 = EDGE_LOOP('',(#14454,#14455,#14456,#14457));
#14454 = ORIENTED_EDGE('',*,*,#12511,.T.);
#14455 = ORIENTED_EDGE('',*,*,#12566,.T.);
#14456 = ORIENTED_EDGE('',*,*,#12590,.T.);
#14457 = ORIENTED_EDGE('',*,*,#12542,.T.);
#14458 = FACE_BOUND('',#14459,.F.);
#14459 = EDGE_LOOP('',(#14460,#14461,#14462,#14463));
#14460 = ORIENTED_EDGE('',*,*,#12703,.T.);
#14461 = ORIENTED_EDGE('',*,*,#12758,.T.);
#14462 = ORIENTED_EDGE('',*,*,#12782,.T.);
#14463 = ORIENTED_EDGE('',*,*,#12734,.T.);
#14464 = FACE_BOUND('',#14465,.F.);
#14465 = EDGE_LOOP('',(#14466,#14467,#14468,#14469));
#14466 = ORIENTED_EDGE('',*,*,#12799,.T.);
#14467 = ORIENTED_EDGE('',*,*,#12854,.T.);
#14468 = ORIENTED_EDGE('',*,*,#12878,.T.);
#14469 = ORIENTED_EDGE('',*,*,#12830,.T.);
#14470 = FACE_BOUND('',#14471,.F.);
#14471 = EDGE_LOOP('',(#14472,#14473,#14474,#14475));
#14472 = ORIENTED_EDGE('',*,*,#12607,.T.);
#14473 = ORIENTED_EDGE('',*,*,#12662,.T.);
#14474 = ORIENTED_EDGE('',*,*,#12686,.T.);
#14475 = ORIENTED_EDGE('',*,*,#12638,.T.);
#14476 = FACE_BOUND('',#14477,.F.);
#14477 = EDGE_LOOP('',(#14478,#14479,#14480,#14481));
#14478 = ORIENTED_EDGE('',*,*,#13087,.T.);
#14479 = ORIENTED_EDGE('',*,*,#13142,.T.);
#14480 = ORIENTED_EDGE('',*,*,#13166,.T.);
#14481 = ORIENTED_EDGE('',*,*,#13118,.T.);
#14482 = FACE_BOUND('',#14483,.F.);
#14483 = EDGE_LOOP('',(#14484,#14485,#14486,#14487));
#14484 = ORIENTED_EDGE('',*,*,#13183,.T.);
#14485 = ORIENTED_EDGE('',*,*,#13238,.T.);
#14486 = ORIENTED_EDGE('',*,*,#13262,.T.);
#14487 = ORIENTED_EDGE('',*,*,#13214,.T.);
#14488 = PLANE('',#14489);
#14489 = AXIS2_PLACEMENT_3D('',#14490,#14491,#14492);
#14490 = CARTESIAN_POINT('',(166.,54.,11.5));
#14491 = DIRECTION('',(1.,0.,-0.));
#14492 = DIRECTION('',(0.,0.,1.));
#14493 = ADVANCED_FACE('',(#14494),#14518,.T.);
#14494 = FACE_BOUND('',#14495,.T.);
#14495 = EDGE_LOOP('',(#14496,#14504,#14510,#14511,#14517));
#14496 = ORIENTED_EDGE('',*,*,#14497,.F.);
#14497 = EDGE_CURVE('',#14498,#11818,#14500,.T.);
#14498 = VERTEX_POINT('',#14499);
#14499 = CARTESIAN_POINT('',(160.,54.,17.5));
#14500 = LINE('',#14501,#14502);
#14501 = CARTESIAN_POINT('',(160.,54.,17.5));
#14502 = VECTOR('',#14503,1.);
#14503 = DIRECTION('',(0.,0.,1.));
#14504 = ORIENTED_EDGE('',*,*,#14505,.F.);
#14505 = EDGE_CURVE('',#13734,#14498,#14506,.T.);
#14506 = LINE('',#14507,#14508);
#14507 = CARTESIAN_POINT('',(160.,54.,11.5));
#14508 = VECTOR('',#14509,1.);
#14509 = DIRECTION('',(0.,0.,1.));
#14510 = ORIENTED_EDGE('',*,*,#13741,.F.);
#14511 = ORIENTED_EDGE('',*,*,#14512,.F.);
#14512 = EDGE_CURVE('',#11826,#13742,#14513,.T.);
#14513 = LINE('',#14514,#14515);
#14514 = CARTESIAN_POINT('',(127.5,54.,11.));
#14515 = VECTOR('',#14516,1.);
#14516 = DIRECTION('',(-0.,0.,-1.));
#14517 = ORIENTED_EDGE('',*,*,#11825,.F.);
#14518 = PLANE('',#14519);
#14519 = AXIS2_PLACEMENT_3D('',#14520,#14521,#14522);
#14520 = CARTESIAN_POINT('',(20.,54.,11.5));
#14521 = DIRECTION('',(-0.,1.,0.));
#14522 = DIRECTION('',(0.,0.,1.));
#14523 = ADVANCED_FACE('',(#14524),#14535,.F.);
#14524 = FACE_BOUND('',#14525,.F.);
#14525 = EDGE_LOOP('',(#14526,#14532,#14533,#14534));
#14526 = ORIENTED_EDGE('',*,*,#14527,.F.);
#14527 = EDGE_CURVE('',#13750,#11834,#14528,.T.);
#14528 = LINE('',#14529,#14530);
#14529 = CARTESIAN_POINT('',(127.5,51.5,10.5));
#14530 = VECTOR('',#14531,1.);
#14531 = DIRECTION('',(0.,0.,1.));
#14532 = ORIENTED_EDGE('',*,*,#13749,.T.);
#14533 = ORIENTED_EDGE('',*,*,#14512,.F.);
#14534 = ORIENTED_EDGE('',*,*,#11833,.F.);
#14535 = PLANE('',#14536);
#14536 = AXIS2_PLACEMENT_3D('',#14537,#14538,#14539);
#14537 = CARTESIAN_POINT('',(127.5,51.5,10.5));
#14538 = DIRECTION('',(1.,0.,-0.));
#14539 = DIRECTION('',(0.,0.,1.));
#14540 = ADVANCED_FACE('',(#14541),#14552,.T.);
#14541 = FACE_BOUND('',#14542,.T.);
#14542 = EDGE_LOOP('',(#14543,#14544,#14545,#14551));
#14543 = ORIENTED_EDGE('',*,*,#14527,.F.);
#14544 = ORIENTED_EDGE('',*,*,#13757,.T.);
#14545 = ORIENTED_EDGE('',*,*,#14546,.T.);
#14546 = EDGE_CURVE('',#13758,#11842,#14547,.T.);
#14547 = LINE('',#14548,#14549);
#14548 = CARTESIAN_POINT('',(111.5,51.5,10.5));
#14549 = VECTOR('',#14550,1.);
#14550 = DIRECTION('',(0.,0.,1.));
#14551 = ORIENTED_EDGE('',*,*,#11841,.F.);
#14552 = PLANE('',#14553);
#14553 = AXIS2_PLACEMENT_3D('',#14554,#14555,#14556);
#14554 = CARTESIAN_POINT('',(111.5,51.5,10.5));
#14555 = DIRECTION('',(-0.,1.,0.));
#14556 = DIRECTION('',(0.,0.,1.));
#14557 = ADVANCED_FACE('',(#14558),#14569,.T.);
#14558 = FACE_BOUND('',#14559,.T.);
#14559 = EDGE_LOOP('',(#14560,#14561,#14562,#14568));
#14560 = ORIENTED_EDGE('',*,*,#11905,.F.);
#14561 = ORIENTED_EDGE('',*,*,#11897,.F.);
#14562 = ORIENTED_EDGE('',*,*,#14563,.T.);
#14563 = EDGE_CURVE('',#11890,#13855,#14564,.T.);
#14564 = LINE('',#14565,#14566);
#14565 = CARTESIAN_POINT('',(26.,54.,138.));
#14566 = VECTOR('',#14567,1.);
#14567 = DIRECTION('',(-0.,1.,0.));
#14568 = ORIENTED_EDGE('',*,*,#13854,.F.);
#14569 = PLANE('',#14570);
#14570 = AXIS2_PLACEMENT_3D('',#14571,#14572,#14573);
#14571 = CARTESIAN_POINT('',(20.,54.,138.));
#14572 = DIRECTION('',(0.,0.,1.));
#14573 = DIRECTION('',(1.,0.,-0.));
#14574 = ADVANCED_FACE('',(#14575),#14586,.T.);
#14575 = FACE_BOUND('',#14576,.T.);
#14576 = EDGE_LOOP('',(#14577,#14578,#14579,#14585));
#14577 = ORIENTED_EDGE('',*,*,#14546,.F.);
#14578 = ORIENTED_EDGE('',*,*,#13765,.T.);
#14579 = ORIENTED_EDGE('',*,*,#14580,.F.);
#14580 = EDGE_CURVE('',#11850,#13766,#14581,.T.);
#14581 = LINE('',#14582,#14583);
#14582 = CARTESIAN_POINT('',(111.5,54.,11.));
#14583 = VECTOR('',#14584,1.);
#14584 = DIRECTION('',(-0.,0.,-1.));
#14585 = ORIENTED_EDGE('',*,*,#11849,.F.);
#14586 = PLANE('',#14587);
#14587 = AXIS2_PLACEMENT_3D('',#14588,#14589,#14590);
#14588 = CARTESIAN_POINT('',(111.5,51.5,10.5));
#14589 = DIRECTION('',(1.,0.,-0.));
#14590 = DIRECTION('',(0.,0.,1.));
#14591 = ADVANCED_FACE('',(#14592),#14603,.T.);
#14592 = FACE_BOUND('',#14593,.T.);
#14593 = EDGE_LOOP('',(#14594,#14595,#14596,#14597));
#14594 = ORIENTED_EDGE('',*,*,#11857,.F.);
#14595 = ORIENTED_EDGE('',*,*,#14580,.T.);
#14596 = ORIENTED_EDGE('',*,*,#13773,.F.);
#14597 = ORIENTED_EDGE('',*,*,#14598,.F.);
#14598 = EDGE_CURVE('',#11858,#13774,#14599,.T.);
#14599 = LINE('',#14600,#14601);
#14600 = CARTESIAN_POINT('',(73.25,54.,11.));
#14601 = VECTOR('',#14602,1.);
#14602 = DIRECTION('',(-0.,0.,-1.));
#14603 = PLANE('',#14604);
#14604 = AXIS2_PLACEMENT_3D('',#14605,#14606,#14607);
#14605 = CARTESIAN_POINT('',(20.,54.,11.5));
#14606 = DIRECTION('',(-0.,1.,0.));
#14607 = DIRECTION('',(0.,0.,1.));
#14608 = ADVANCED_FACE('',(#14609),#14633,.T.);
#14609 = FACE_BOUND('',#14610,.T.);
#14610 = EDGE_LOOP('',(#14611,#14612,#14618,#14619,#14627));
#14611 = ORIENTED_EDGE('',*,*,#11889,.F.);
#14612 = ORIENTED_EDGE('',*,*,#14613,.T.);
#14613 = EDGE_CURVE('',#11882,#13798,#14614,.T.);
#14614 = LINE('',#14615,#14616);
#14615 = CARTESIAN_POINT('',(57.25,54.,11.));
#14616 = VECTOR('',#14617,1.);
#14617 = DIRECTION('',(-0.,0.,-1.));
#14618 = ORIENTED_EDGE('',*,*,#13805,.F.);
#14619 = ORIENTED_EDGE('',*,*,#14620,.T.);
#14620 = EDGE_CURVE('',#13806,#14621,#14623,.T.);
#14621 = VERTEX_POINT('',#14622);
#14622 = CARTESIAN_POINT('',(26.,54.,17.5));
#14623 = LINE('',#14624,#14625);
#14624 = CARTESIAN_POINT('',(26.,54.,11.5));
#14625 = VECTOR('',#14626,1.);
#14626 = DIRECTION('',(0.,0.,1.));
#14627 = ORIENTED_EDGE('',*,*,#14628,.T.);
#14628 = EDGE_CURVE('',#14621,#11890,#14629,.T.);
#14629 = LINE('',#14630,#14631);
#14630 = CARTESIAN_POINT('',(26.,54.,17.5));
#14631 = VECTOR('',#14632,1.);
#14632 = DIRECTION('',(0.,0.,1.));
#14633 = PLANE('',#14634);
#14634 = AXIS2_PLACEMENT_3D('',#14635,#14636,#14637);
#14635 = CARTESIAN_POINT('',(20.,54.,11.5));
#14636 = DIRECTION('',(-0.,1.,0.));
#14637 = DIRECTION('',(0.,0.,1.));
#14638 = ADVANCED_FACE('',(#14639),#14650,.F.);
#14639 = FACE_BOUND('',#14640,.F.);
#14640 = EDGE_LOOP('',(#14641,#14647,#14648,#14649));
#14641 = ORIENTED_EDGE('',*,*,#14642,.F.);
#14642 = EDGE_CURVE('',#13782,#11866,#14643,.T.);
#14643 = LINE('',#14644,#14645);
#14644 = CARTESIAN_POINT('',(73.25,51.5,10.5));
#14645 = VECTOR('',#14646,1.);
#14646 = DIRECTION('',(0.,0.,1.));
#14647 = ORIENTED_EDGE('',*,*,#13781,.T.);
#14648 = ORIENTED_EDGE('',*,*,#14598,.F.);
#14649 = ORIENTED_EDGE('',*,*,#11865,.F.);
#14650 = PLANE('',#14651);
#14651 = AXIS2_PLACEMENT_3D('',#14652,#14653,#14654);
#14652 = CARTESIAN_POINT('',(73.25,51.5,10.5));
#14653 = DIRECTION('',(1.,0.,-0.));
#14654 = DIRECTION('',(0.,0.,1.));
#14655 = ADVANCED_FACE('',(#14656),#14667,.T.);
#14656 = FACE_BOUND('',#14657,.T.);
#14657 = EDGE_LOOP('',(#14658,#14664,#14665,#14666));
#14658 = ORIENTED_EDGE('',*,*,#14659,.F.);
#14659 = EDGE_CURVE('',#13790,#11874,#14660,.T.);
#14660 = LINE('',#14661,#14662);
#14661 = CARTESIAN_POINT('',(57.25,51.5,10.5));
#14662 = VECTOR('',#14663,1.);
#14663 = DIRECTION('',(0.,0.,1.));
#14664 = ORIENTED_EDGE('',*,*,#13797,.T.);
#14665 = ORIENTED_EDGE('',*,*,#14613,.F.);
#14666 = ORIENTED_EDGE('',*,*,#11881,.F.);
#14667 = PLANE('',#14668);
#14668 = AXIS2_PLACEMENT_3D('',#14669,#14670,#14671);
#14669 = CARTESIAN_POINT('',(57.25,51.5,10.5));
#14670 = DIRECTION('',(1.,0.,-0.));
#14671 = DIRECTION('',(0.,0.,1.));
#14672 = ADVANCED_FACE('',(#14673),#14679,.T.);
#14673 = FACE_BOUND('',#14674,.T.);
#14674 = EDGE_LOOP('',(#14675,#14676,#14677,#14678));
#14675 = ORIENTED_EDGE('',*,*,#14642,.F.);
#14676 = ORIENTED_EDGE('',*,*,#13789,.T.);
#14677 = ORIENTED_EDGE('',*,*,#14659,.T.);
#14678 = ORIENTED_EDGE('',*,*,#11873,.F.);
#14679 = PLANE('',#14680);
#14680 = AXIS2_PLACEMENT_3D('',#14681,#14682,#14683);
#14681 = CARTESIAN_POINT('',(57.25,51.5,10.5));
#14682 = DIRECTION('',(-0.,1.,0.));
#14683 = DIRECTION('',(0.,0.,1.));
#14684 = ADVANCED_FACE('',(#14685),#14703,.T.);
#14685 = FACE_BOUND('',#14686,.T.);
#14686 = EDGE_LOOP('',(#14687,#14695,#14696,#14697));
#14687 = ORIENTED_EDGE('',*,*,#14688,.T.);
#14688 = EDGE_CURVE('',#14689,#14400,#14691,.T.);
#14689 = VERTEX_POINT('',#14690);
#14690 = CARTESIAN_POINT('',(160.,55.5,17.5));
#14691 = LINE('',#14692,#14693);
#14692 = CARTESIAN_POINT('',(160.,55.5,17.5));
#14693 = VECTOR('',#14694,1.);
#14694 = DIRECTION('',(1.,0.,0.));
#14695 = ORIENTED_EDGE('',*,*,#14407,.T.);
#14696 = ORIENTED_EDGE('',*,*,#13733,.F.);
#14697 = ORIENTED_EDGE('',*,*,#14698,.F.);
#14698 = EDGE_CURVE('',#14689,#13734,#14699,.T.);
#14699 = LINE('',#14700,#14701);
#14700 = CARTESIAN_POINT('',(160.,55.5,17.5));
#14701 = VECTOR('',#14702,1.);
#14702 = DIRECTION('',(0.,-0.242535625036,-0.970142500145));
#14703 = PLANE('',#14704);
#14704 = AXIS2_PLACEMENT_3D('',#14705,#14706,#14707);
#14705 = CARTESIAN_POINT('',(160.,55.5,17.5));
#14706 = DIRECTION('',(0.,0.970142500145,-0.242535625036));
#14707 = DIRECTION('',(0.,-0.242535625036,-0.970142500145));
#14708 = ADVANCED_FACE('',(#14709),#14720,.T.);
#14709 = FACE_BOUND('',#14710,.T.);
#14710 = EDGE_LOOP('',(#14711,#14712,#14718,#14719));
#14711 = ORIENTED_EDGE('',*,*,#14628,.F.);
#14712 = ORIENTED_EDGE('',*,*,#14713,.T.);
#14713 = EDGE_CURVE('',#14621,#13846,#14714,.T.);
#14714 = LINE('',#14715,#14716);
#14715 = CARTESIAN_POINT('',(26.,54.,17.5));
#14716 = VECTOR('',#14717,1.);
#14717 = DIRECTION('',(0.,1.,0.));
#14718 = ORIENTED_EDGE('',*,*,#13862,.T.);
#14719 = ORIENTED_EDGE('',*,*,#14563,.F.);
#14720 = PLANE('',#14721);
#14721 = AXIS2_PLACEMENT_3D('',#14722,#14723,#14724);
#14722 = CARTESIAN_POINT('',(26.,54.,17.5));
#14723 = DIRECTION('',(1.,0.,-0.));
#14724 = DIRECTION('',(0.,0.,1.));
#14725 = ADVANCED_FACE('',(#14726),#14731,.F.);
#14726 = FACE_BOUND('',#14727,.F.);
#14727 = EDGE_LOOP('',(#14728,#14729,#14730));
#14728 = ORIENTED_EDGE('',*,*,#14620,.T.);
#14729 = ORIENTED_EDGE('',*,*,#14713,.T.);
#14730 = ORIENTED_EDGE('',*,*,#13877,.T.);
#14731 = PLANE('',#14732);
#14732 = AXIS2_PLACEMENT_3D('',#14733,#14734,#14735);
#14733 = CARTESIAN_POINT('',(26.,54.421164609607,14.828835390393));
#14734 = DIRECTION('',(-1.,-0.,-0.));
#14735 = DIRECTION('',(0.,0.,-1.));
#14736 = ADVANCED_FACE('',(#14737),#14743,.T.);
#14737 = FACE_BOUND('',#14738,.T.);
#14738 = EDGE_LOOP('',(#14739,#14740,#14741,#14742));
#14739 = ORIENTED_EDGE('',*,*,#14005,.F.);
#14740 = ORIENTED_EDGE('',*,*,#14053,.T.);
#14741 = ORIENTED_EDGE('',*,*,#14147,.T.);
#14742 = ORIENTED_EDGE('',*,*,#13983,.F.);
#14743 = PLANE('',#14744);
#14744 = AXIS2_PLACEMENT_3D('',#14745,#14746,#14747);
#14745 = CARTESIAN_POINT('',(182.,93.,135.5));
#14746 = DIRECTION('',(0.,0.,1.));
#14747 = DIRECTION('',(1.,0.,-0.));
#14748 = ADVANCED_FACE('',(#14749),#14755,.T.);
#14749 = FACE_BOUND('',#14750,.T.);
#14750 = EDGE_LOOP('',(#14751,#14752,#14753,#14754));
#14751 = ORIENTED_EDGE('',*,*,#14114,.F.);
#14752 = ORIENTED_EDGE('',*,*,#14131,.T.);
#14753 = ORIENTED_EDGE('',*,*,#14037,.T.);
#14754 = ORIENTED_EDGE('',*,*,#14083,.F.);
#14755 = PLANE('',#14756);
#14756 = AXIS2_PLACEMENT_3D('',#14757,#14758,#14759);
#14757 = CARTESIAN_POINT('',(171.,92.,114.));
#14758 = DIRECTION('',(0.,0.,1.));
#14759 = DIRECTION('',(1.,0.,-0.));
#14760 = ADVANCED_FACE('',(#14761),#14779,.F.);
#14761 = FACE_BOUND('',#14762,.F.);
#14762 = EDGE_LOOP('',(#14763,#14764,#14772,#14778));
#14763 = ORIENTED_EDGE('',*,*,#14270,.F.);
#14764 = ORIENTED_EDGE('',*,*,#14765,.T.);
#14765 = EDGE_CURVE('',#14271,#14766,#14768,.T.);
#14766 = VERTEX_POINT('',#14767);
#14767 = CARTESIAN_POINT('',(170.,14.5,128.));
#14768 = LINE('',#14769,#14770);
#14769 = CARTESIAN_POINT('',(170.,3.5,128.));
#14770 = VECTOR('',#14771,1.);
#14771 = DIRECTION('',(-0.,1.,0.));
#14772 = ORIENTED_EDGE('',*,*,#14773,.T.);
#14773 = EDGE_CURVE('',#14766,#14165,#14774,.T.);
#14774 = LINE('',#14775,#14776);
#14775 = CARTESIAN_POINT('',(170.,14.5,128.));
#14776 = VECTOR('',#14777,1.);
#14777 = DIRECTION('',(0.,0.,1.));
#14778 = ORIENTED_EDGE('',*,*,#14164,.F.);
#14779 = PLANE('',#14780);
#14780 = AXIS2_PLACEMENT_3D('',#14781,#14782,#14783);
#14781 = CARTESIAN_POINT('',(170.,3.5,128.));
#14782 = DIRECTION('',(1.,0.,-0.));
#14783 = DIRECTION('',(0.,0.,1.));
#14784 = ADVANCED_FACE('',(#14785),#14796,.T.);
#14785 = FACE_BOUND('',#14786,.T.);
#14786 = EDGE_LOOP('',(#14787,#14793,#14794,#14795));
#14787 = ORIENTED_EDGE('',*,*,#14788,.F.);
#14788 = EDGE_CURVE('',#14766,#14302,#14789,.T.);
#14789 = LINE('',#14790,#14791);
#14790 = CARTESIAN_POINT('',(170.,14.5,128.));
#14791 = VECTOR('',#14792,1.);
#14792 = DIRECTION('',(1.,0.,-0.));
#14793 = ORIENTED_EDGE('',*,*,#14773,.T.);
#14794 = ORIENTED_EDGE('',*,*,#14174,.T.);
#14795 = ORIENTED_EDGE('',*,*,#14301,.F.);
#14796 = PLANE('',#14797);
#14797 = AXIS2_PLACEMENT_3D('',#14798,#14799,#14800);
#14798 = CARTESIAN_POINT('',(170.,14.5,128.));
#14799 = DIRECTION('',(-0.,1.,0.));
#14800 = DIRECTION('',(0.,0.,1.));
#14801 = ADVANCED_FACE('',(#14802),#14827,.T.);
#14802 = FACE_BOUND('',#14803,.T.);
#14803 = EDGE_LOOP('',(#14804,#14812,#14820,#14826));
#14804 = ORIENTED_EDGE('',*,*,#14805,.F.);
#14805 = EDGE_CURVE('',#14806,#14183,#14808,.T.);
#14806 = VERTEX_POINT('',#14807);
#14807 = CARTESIAN_POINT('',(181.8,4.7,129.5));
#14808 = LINE('',#14809,#14810);
#14809 = CARTESIAN_POINT('',(181.8,4.7,129.5));
#14810 = VECTOR('',#14811,1.);
#14811 = DIRECTION('',(0.,0.,1.));
#14812 = ORIENTED_EDGE('',*,*,#14813,.F.);
#14813 = EDGE_CURVE('',#14814,#14806,#14816,.T.);
#14814 = VERTEX_POINT('',#14815);
#14815 = CARTESIAN_POINT('',(171.8,4.7,129.5));
#14816 = LINE('',#14817,#14818);
#14817 = CARTESIAN_POINT('',(171.8,4.7,129.5));
#14818 = VECTOR('',#14819,1.);
#14819 = DIRECTION('',(1.,0.,-0.));
#14820 = ORIENTED_EDGE('',*,*,#14821,.T.);
#14821 = EDGE_CURVE('',#14814,#14185,#14822,.T.);
#14822 = LINE('',#14823,#14824);
#14823 = CARTESIAN_POINT('',(171.8,4.7,129.5));
#14824 = VECTOR('',#14825,1.);
#14825 = DIRECTION('',(0.,0.,1.));
#14826 = ORIENTED_EDGE('',*,*,#14182,.F.);
#14827 = PLANE('',#14828);
#14828 = AXIS2_PLACEMENT_3D('',#14829,#14830,#14831);
#14829 = CARTESIAN_POINT('',(171.8,4.7,129.5));
#14830 = DIRECTION('',(-0.,1.,0.));
#14831 = DIRECTION('',(0.,0.,1.));
#14832 = ADVANCED_FACE('',(#14833),#14851,.F.);
#14833 = FACE_BOUND('',#14834,.F.);
#14834 = EDGE_LOOP('',(#14835,#14836,#14844,#14850));
#14835 = ORIENTED_EDGE('',*,*,#14805,.F.);
#14836 = ORIENTED_EDGE('',*,*,#14837,.T.);
#14837 = EDGE_CURVE('',#14806,#14838,#14840,.T.);
#14838 = VERTEX_POINT('',#14839);
#14839 = CARTESIAN_POINT('',(181.8,13.2,129.5));
#14840 = LINE('',#14841,#14842);
#14841 = CARTESIAN_POINT('',(181.8,4.7,129.5));
#14842 = VECTOR('',#14843,1.);
#14843 = DIRECTION('',(-0.,1.,0.));
#14844 = ORIENTED_EDGE('',*,*,#14845,.T.);
#14845 = EDGE_CURVE('',#14838,#14201,#14846,.T.);
#14846 = LINE('',#14847,#14848);
#14847 = CARTESIAN_POINT('',(181.8,13.2,129.5));
#14848 = VECTOR('',#14849,1.);
#14849 = DIRECTION('',(0.,0.,1.));
#14850 = ORIENTED_EDGE('',*,*,#14208,.F.);
#14851 = PLANE('',#14852);
#14852 = AXIS2_PLACEMENT_3D('',#14853,#14854,#14855);
#14853 = CARTESIAN_POINT('',(181.8,4.7,129.5));
#14854 = DIRECTION('',(1.,0.,-0.));
#14855 = DIRECTION('',(0.,0.,1.));
#14856 = ADVANCED_FACE('',(#14857),#14875,.F.);
#14857 = FACE_BOUND('',#14858,.F.);
#14858 = EDGE_LOOP('',(#14859,#14860,#14868,#14874));
#14859 = ORIENTED_EDGE('',*,*,#14845,.F.);
#14860 = ORIENTED_EDGE('',*,*,#14861,.F.);
#14861 = EDGE_CURVE('',#14862,#14838,#14864,.T.);
#14862 = VERTEX_POINT('',#14863);
#14863 = CARTESIAN_POINT('',(171.8,13.2,129.5));
#14864 = LINE('',#14865,#14866);
#14865 = CARTESIAN_POINT('',(171.8,13.2,129.5));
#14866 = VECTOR('',#14867,1.);
#14867 = DIRECTION('',(1.,0.,-0.));
#14868 = ORIENTED_EDGE('',*,*,#14869,.T.);
#14869 = EDGE_CURVE('',#14862,#14193,#14870,.T.);
#14870 = LINE('',#14871,#14872);
#14871 = CARTESIAN_POINT('',(171.8,13.2,129.5));
#14872 = VECTOR('',#14873,1.);
#14873 = DIRECTION('',(0.,0.,1.));
#14874 = ORIENTED_EDGE('',*,*,#14200,.F.);
#14875 = PLANE('',#14876);
#14876 = AXIS2_PLACEMENT_3D('',#14877,#14878,#14879);
#14877 = CARTESIAN_POINT('',(171.8,13.2,129.5));
#14878 = DIRECTION('',(-0.,1.,0.));
#14879 = DIRECTION('',(0.,0.,1.));
#14880 = ADVANCED_FACE('',(#14881),#14892,.T.);
#14881 = FACE_BOUND('',#14882,.T.);
#14882 = EDGE_LOOP('',(#14883,#14884,#14890,#14891));
#14883 = ORIENTED_EDGE('',*,*,#14821,.F.);
#14884 = ORIENTED_EDGE('',*,*,#14885,.T.);
#14885 = EDGE_CURVE('',#14814,#14862,#14886,.T.);
#14886 = LINE('',#14887,#14888);
#14887 = CARTESIAN_POINT('',(171.8,4.7,129.5));
#14888 = VECTOR('',#14889,1.);
#14889 = DIRECTION('',(-0.,1.,0.));
#14890 = ORIENTED_EDGE('',*,*,#14869,.T.);
#14891 = ORIENTED_EDGE('',*,*,#14192,.F.);
#14892 = PLANE('',#14893);
#14893 = AXIS2_PLACEMENT_3D('',#14894,#14895,#14896);
#14894 = CARTESIAN_POINT('',(171.8,4.7,129.5));
#14895 = DIRECTION('',(1.,0.,-0.));
#14896 = DIRECTION('',(0.,0.,1.));
#14897 = ADVANCED_FACE('',(#14898),#14904,.F.);
#14898 = FACE_BOUND('',#14899,.F.);
#14899 = EDGE_LOOP('',(#14900,#14901,#14902,#14903));
#14900 = ORIENTED_EDGE('',*,*,#14765,.F.);
#14901 = ORIENTED_EDGE('',*,*,#14278,.T.);
#14902 = ORIENTED_EDGE('',*,*,#14309,.T.);
#14903 = ORIENTED_EDGE('',*,*,#14788,.F.);
#14904 = PLANE('',#14905);
#14905 = AXIS2_PLACEMENT_3D('',#14906,#14907,#14908);
#14906 = CARTESIAN_POINT('',(170.,3.5,128.));
#14907 = DIRECTION('',(0.,0.,1.));
#14908 = DIRECTION('',(1.,0.,-0.));
#14909 = ADVANCED_FACE('',(#14910),#14928,.T.);
#14910 = FACE_BOUND('',#14911,.T.);
#14911 = EDGE_LOOP('',(#14912,#14913,#14914,#14922));
#14912 = ORIENTED_EDGE('',*,*,#14333,.F.);
#14913 = ORIENTED_EDGE('',*,*,#14255,.T.);
#14914 = ORIENTED_EDGE('',*,*,#14915,.T.);
#14915 = EDGE_CURVE('',#14248,#14916,#14918,.T.);
#14916 = VERTEX_POINT('',#14917);
#14917 = CARTESIAN_POINT('',(88.5,5.5,85.));
#14918 = LINE('',#14919,#14920);
#14919 = CARTESIAN_POINT('',(88.5,3.5,85.));
#14920 = VECTOR('',#14921,1.);
#14921 = DIRECTION('',(-0.,1.,0.));
#14922 = ORIENTED_EDGE('',*,*,#14923,.F.);
#14923 = EDGE_CURVE('',#14334,#14916,#14924,.T.);
#14924 = LINE('',#14925,#14926);
#14925 = CARTESIAN_POINT('',(3.,5.5,85.));
#14926 = VECTOR('',#14927,1.);
#14927 = DIRECTION('',(1.,0.,-0.));
#14928 = PLANE('',#14929);
#14929 = AXIS2_PLACEMENT_3D('',#14930,#14931,#14932);
#14930 = CARTESIAN_POINT('',(3.,3.5,85.));
#14931 = DIRECTION('',(0.,0.,1.));
#14932 = DIRECTION('',(1.,0.,-0.));
#14933 = ADVANCED_FACE('',(#14934),#14952,.T.);
#14934 = FACE_BOUND('',#14935,.T.);
#14935 = EDGE_LOOP('',(#14936,#14937,#14945,#14951));
#14936 = ORIENTED_EDGE('',*,*,#14247,.F.);
#14937 = ORIENTED_EDGE('',*,*,#14938,.T.);
#14938 = EDGE_CURVE('',#14240,#14939,#14941,.T.);
#14939 = VERTEX_POINT('',#14940);
#14940 = CARTESIAN_POINT('',(88.5,5.5,70.));
#14941 = LINE('',#14942,#14943);
#14942 = CARTESIAN_POINT('',(88.5,3.5,70.));
#14943 = VECTOR('',#14944,1.);
#14944 = DIRECTION('',(-0.,1.,0.));
#14945 = ORIENTED_EDGE('',*,*,#14946,.T.);
#14946 = EDGE_CURVE('',#14939,#14916,#14947,.T.);
#14947 = LINE('',#14948,#14949);
#14948 = CARTESIAN_POINT('',(88.5,5.5,70.));
#14949 = VECTOR('',#14950,1.);
#14950 = DIRECTION('',(0.,0.,1.));
#14951 = ORIENTED_EDGE('',*,*,#14915,.F.);
#14952 = PLANE('',#14953);
#14953 = AXIS2_PLACEMENT_3D('',#14954,#14955,#14956);
#14954 = CARTESIAN_POINT('',(88.5,3.5,70.));
#14955 = DIRECTION('',(1.,0.,-0.));
#14956 = DIRECTION('',(0.,0.,1.));
#14957 = ADVANCED_FACE('',(#14958),#14969,.F.);
#14958 = FACE_BOUND('',#14959,.F.);
#14959 = EDGE_LOOP('',(#14960,#14961,#14962,#14963));
#14960 = ORIENTED_EDGE('',*,*,#14349,.F.);
#14961 = ORIENTED_EDGE('',*,*,#14239,.T.);
#14962 = ORIENTED_EDGE('',*,*,#14938,.T.);
#14963 = ORIENTED_EDGE('',*,*,#14964,.F.);
#14964 = EDGE_CURVE('',#14342,#14939,#14965,.T.);
#14965 = LINE('',#14966,#14967);
#14966 = CARTESIAN_POINT('',(3.,5.5,70.));
#14967 = VECTOR('',#14968,1.);
#14968 = DIRECTION('',(1.,0.,-0.));
#14969 = PLANE('',#14970);
#14970 = AXIS2_PLACEMENT_3D('',#14971,#14972,#14973);
#14971 = CARTESIAN_POINT('',(3.,3.5,70.));
#14972 = DIRECTION('',(0.,0.,1.));
#14973 = DIRECTION('',(1.,0.,-0.));
#14974 = ADVANCED_FACE('',(#14975),#14981,.T.);
#14975 = FACE_BOUND('',#14976,.T.);
#14976 = EDGE_LOOP('',(#14977,#14978,#14979,#14980));
#14977 = ORIENTED_EDGE('',*,*,#14964,.F.);
#14978 = ORIENTED_EDGE('',*,*,#14341,.T.);
#14979 = ORIENTED_EDGE('',*,*,#14923,.T.);
#14980 = ORIENTED_EDGE('',*,*,#14946,.F.);
#14981 = PLANE('',#14982);
#14982 = AXIS2_PLACEMENT_3D('',#14983,#14984,#14985);
#14983 = CARTESIAN_POINT('',(3.,5.5,70.));
#14984 = DIRECTION('',(-0.,1.,0.));
#14985 = DIRECTION('',(0.,0.,1.));
#14986 = ADVANCED_FACE('',(#14987),#15003,.F.);
#14987 = FACE_BOUND('',#14988,.F.);
#14988 = EDGE_LOOP('',(#14989,#14990,#14996,#15002));
#14989 = ORIENTED_EDGE('',*,*,#14497,.F.);
#14990 = ORIENTED_EDGE('',*,*,#14991,.T.);
#14991 = EDGE_CURVE('',#14498,#14689,#14992,.T.);
#14992 = LINE('',#14993,#14994);
#14993 = CARTESIAN_POINT('',(160.,54.,17.5));
#14994 = VECTOR('',#14995,1.);
#14995 = DIRECTION('',(0.,1.,0.));
#14996 = ORIENTED_EDGE('',*,*,#14997,.T.);
#14997 = EDGE_CURVE('',#14689,#14376,#14998,.T.);
#14998 = LINE('',#14999,#15000);
#14999 = CARTESIAN_POINT('',(160.,55.5,17.5));
#15000 = VECTOR('',#15001,1.);
#15001 = DIRECTION('',(0.,0.,1.));
#15002 = ORIENTED_EDGE('',*,*,#14375,.F.);
#15003 = PLANE('',#15004);
#15004 = AXIS2_PLACEMENT_3D('',#15005,#15006,#15007);
#15005 = CARTESIAN_POINT('',(160.,54.,17.5));
#15006 = DIRECTION('',(1.,0.,-0.));
#15007 = DIRECTION('',(0.,0.,1.));
#15008 = ADVANCED_FACE('',(#15009),#15015,.T.);
#15009 = FACE_BOUND('',#15010,.T.);
#15010 = EDGE_LOOP('',(#15011,#15012,#15013,#15014));
#15011 = ORIENTED_EDGE('',*,*,#14688,.F.);
#15012 = ORIENTED_EDGE('',*,*,#14997,.T.);
#15013 = ORIENTED_EDGE('',*,*,#14385,.T.);
#15014 = ORIENTED_EDGE('',*,*,#14399,.F.);
#15015 = PLANE('',#15016);
#15016 = AXIS2_PLACEMENT_3D('',#15017,#15018,#15019);
#15017 = CARTESIAN_POINT('',(160.,55.5,17.5));
#15018 = DIRECTION('',(-0.,1.,0.));
#15019 = DIRECTION('',(0.,0.,1.));
#15020 = ADVANCED_FACE('',(#15021),#15026,.T.);
#15021 = FACE_BOUND('',#15022,.T.);
#15022 = EDGE_LOOP('',(#15023,#15024,#15025));
#15023 = ORIENTED_EDGE('',*,*,#14505,.T.);
#15024 = ORIENTED_EDGE('',*,*,#14991,.T.);
#15025 = ORIENTED_EDGE('',*,*,#14698,.T.);
#15026 = PLANE('',#15027);
#15027 = AXIS2_PLACEMENT_3D('',#15028,#15029,#15030);
#15028 = CARTESIAN_POINT('',(160.,54.421164609607,14.828835390393));
#15029 = DIRECTION('',(-1.,-0.,-0.));
#15030 = DIRECTION('',(0.,0.,-1.));
#15031 = ADVANCED_FACE('',(#15032),#15038,.T.);
#15032 = FACE_BOUND('',#15033,.T.);
#15033 = EDGE_LOOP('',(#15034,#15035,#15036,#15037));
#15034 = ORIENTED_EDGE('',*,*,#14885,.F.);
#15035 = ORIENTED_EDGE('',*,*,#14813,.T.);
#15036 = ORIENTED_EDGE('',*,*,#14837,.T.);
#15037 = ORIENTED_EDGE('',*,*,#14861,.F.);
#15038 = PLANE('',#15039);
#15039 = AXIS2_PLACEMENT_3D('',#15040,#15041,#15042);
#15040 = CARTESIAN_POINT('',(171.8,4.7,129.5));
#15041 = DIRECTION('',(0.,0.,1.));
#15042 = DIRECTION('',(1.,0.,-0.));
#15043 = ( GEOMETRIC_REPRESENTATION_CONTEXT(3) 
GLOBAL_UNCERTAINTY_ASSIGNED_CONTEXT((#15047)) 
GLOBAL_UNIT_ASSIGNED_CONTEXT((#15044,#15045,#15046)) 
REPRESENTATION_CONTEXT('Context #1',
  '3D Context with UNIT and UNCERTAINTY') );
#15044 = ( LENGTH_UNIT() NAMED_UNIT(*) SI_UNIT(.MILLI.,.METRE.) );
#15045 = ( NAMED_UNIT(*) PLANE_ANGLE_UNIT() SI_UNIT($,.RADIAN.) );
#15046 = ( NAMED_UNIT(*) SI_UNIT($,.STERADIAN.) SOLID_ANGLE_UNIT() );
#15047 = UNCERTAINTY_MEASURE_WITH_UNIT(LENGTH_MEASURE(2.E-07),#15044,
  'distance_accuracy_value','confusion accuracy');
#15048 = PRODUCT_RELATED_PRODUCT_CATEGORY('part',$,(#7));
ENDSEC;
END-ISO-10303-21;
