ISO-10303-21;
HEADER;
FILE_DESCRIPTION(('FreeCAD Model'),'2;1');
FILE_NAME('Open CASCADE Shape Model','2026-10-01T15:05:58',('FreeCAD'),(
    'FreeCAD'),'Open CASCADE STEP processor 7.9','FreeCAD','Unknown');
FILE_SCHEMA(('AUTOMOTIVE_DESIGN { 1 0 10303 214 1 1 1 1 }'));
ENDSEC;
DATA;
#1 = APPLICATION_PROTOCOL_DEFINITION('international standard',
  'automotive_design',2000,#2);
#2 = APPLICATION_CONTEXT(
  'core data for automotive mechanical design processes');
#3 = SHAPE_DEFINITION_REPRESENTATION(#4,#10);
#4 = PRODUCT_DEFINITION_SHAPE('','',#5);
#5 = PRODUCT_DEFINITION('design','',#6,#9);
#6 = PRODUCT_DEFINITION_FORMATION('','',#7);
#7 = PRODUCT('Open CASCADE STEP translator 7.9 2',
  'Open CASCADE STEP translator 7.9 2','',(#8));
#8 = PRODUCT_CONTEXT('',#2,'mechanical');
#9 = PRODUCT_DEFINITION_CONTEXT('part definition',#2,'design');
#10 = ADVANCED_BREP_SHAPE_REPRESENTATION('',(#11,#15),#11291);
#11 = AXIS2_PLACEMENT_3D('',#12,#13,#14);
#12 = CARTESIAN_POINT('',(0.,0.,0.));
#13 = DIRECTION('',(0.,0.,1.));
#14 = DIRECTION('',(1.,0.,-0.));
#15 = MANIFOLD_SOLID_BREP('',#16);
#16 = CLOSED_SHELL('',(#17,#89,#120,#1592,#1682,#1720,#1732,#1756,#1805,
    #1836,#1861,#1885,#1910,#1934,#1958,#1983,#2008,#2025,#2050,#2081,
    #2105,#2129,#2146,#2177,#2201,#2225,#2242,#2273,#2297,#2321,#2338,
    #2363,#2394,#2418,#2442,#2459,#2490,#2514,#2538,#2555,#2586,#2610,
    #2634,#2651,#2682,#2706,#2730,#2747,#2778,#2802,#2826,#2843,#2874,
    #2898,#2922,#2939,#2970,#2994,#3018,#3035,#3066,#3090,#3114,#3131,
    #3162,#3186,#3210,#3227,#3258,#3282,#3306,#3323,#3354,#3378,#3402,
    #3419,#3444,#3475,#3499,#3523,#3540,#3571,#3595,#3619,#3636,#3667,
    #3691,#3715,#3732,#3763,#3787,#3811,#3828,#3859,#3883,#3907,#3924,
    #3955,#3979,#4003,#4020,#4051,#4075,#4099,#4116,#4147,#4171,#4195,
    #4212,#4243,#4267,#4291,#4308,#4339,#4363,#4387,#4404,#4435,#4459,
    #4483,#4500,#4531,#4555,#4579,#4596,#4627,#4651,#4675,#4692,#4723,
    #4747,#4771,#4788,#4819,#4843,#4867,#4884,#4915,#4939,#4963,#4980,
    #5011,#5035,#5059,#5076,#5107,#5131,#5155,#5172,#5203,#5227,#5251,
    #5268,#5299,#5323,#5347,#5364,#5395,#5419,#5443,#5460,#5491,#5515,
    #5539,#5556,#5587,#5611,#5635,#5652,#5683,#5707,#5731,#5748,#5773,
    #5804,#5828,#5852,#5869,#5893,#5940,#5964,#5988,#6012,#6052,#6076,
    #6164,#6181,#6232,#6251,#6263,#6314,#6600,#6635,#6675,#6783,#6816,
    #6856,#6880,#6913,#6953,#6977,#7010,#7041,#7081,#7105,#7138,#7201,
    #7259,#7322,#7355,#7386,#7476,#7826,#7843,#7860,#7877,#7889,#7901,
    #7913,#7935,#7952,#7969,#7981,#7993,#8005,#8163,#8180,#8197,#8221,
    #8245,#8262,#8284,#8317,#8341,#8367,#8379,#8410,#8427,#8444,#8520,
    #8544,#8568,#8599,#8623,#8647,#8678,#8702,#8726,#8743,#8774,#8798,
    #8822,#8942,#8966,#8990,#9014,#9046,#9070,#9108,#9132,#9211,#9234,
    #9256,#9274,#9298,#9336,#9360,#9385,#9416,#9440,#9464,#9481,#9536,
    #9560,#9608,#9663,#9687,#9735,#9781,#9834,#9851,#9868,#9885,#9897,
    #9914,#9931,#9948,#9965,#9977,#9989,#10001,#10021,#10039,#10056,
    #10073,#10090,#10103,#10126,#10139,#10151,#10169,#10181,#10193,
    #10205,#10222,#10341,#10358,#10370,#10387,#10506,#10523,#10535,
    #10566,#10590,#10614,#10631,#10662,#10686,#10710,#10727,#10758,
    #10782,#10806,#10823,#10854,#10878,#10902,#10919,#10950,#10974,
    #10998,#11015,#11046,#11070,#11094,#11111,#11142,#11166,#11190,
    #11207,#11219,#11231,#11243,#11255,#11267,#11279));
#17 = ADVANCED_FACE('',(#18),#84,.F.);
#18 = FACE_BOUND('',#19,.F.);
#19 = EDGE_LOOP('',(#20,#30,#38,#46,#54,#62,#70,#78));
#20 = ORIENTED_EDGE('',*,*,#21,.F.);
#21 = EDGE_CURVE('',#22,#24,#26,.T.);
#22 = VERTEX_POINT('',#23);
#23 = CARTESIAN_POINT('',(0.,0.,138.));
#24 = VERTEX_POINT('',#25);
#25 = CARTESIAN_POINT('',(0.,0.,215.));
#26 = LINE('',#27,#28);
#27 = CARTESIAN_POINT('',(0.,0.,138.));
#28 = VECTOR('',#29,1.);
#29 = DIRECTION('',(0.,0.,1.));
#30 = ORIENTED_EDGE('',*,*,#31,.T.);
#31 = EDGE_CURVE('',#22,#32,#34,.T.);
#32 = VERTEX_POINT('',#33);
#33 = CARTESIAN_POINT('',(0.,94.5,138.));
#34 = LINE('',#35,#36);
#35 = CARTESIAN_POINT('',(0.,0.,138.));
#36 = VECTOR('',#37,1.);
#37 = DIRECTION('',(-0.,1.,0.));
#38 = ORIENTED_EDGE('',*,*,#39,.T.);
#39 = EDGE_CURVE('',#32,#40,#42,.T.);
#40 = VERTEX_POINT('',#41);
#41 = CARTESIAN_POINT('',(0.,94.5,142.));
#42 = LINE('',#43,#44);
#43 = CARTESIAN_POINT('',(0.,94.5,138.));
#44 = VECTOR('',#45,1.);
#45 = DIRECTION('',(0.,0.,1.));
#46 = ORIENTED_EDGE('',*,*,#47,.T.);
#47 = EDGE_CURVE('',#40,#48,#50,.T.);
#48 = VERTEX_POINT('',#49);
#49 = CARTESIAN_POINT('',(0.,105.5,142.));
#50 = LINE('',#51,#52);
#51 = CARTESIAN_POINT('',(0.,94.5,142.));
#52 = VECTOR('',#53,1.);
#53 = DIRECTION('',(0.,1.,0.));
#54 = ORIENTED_EDGE('',*,*,#55,.F.);
#55 = EDGE_CURVE('',#56,#48,#58,.T.);
#56 = VERTEX_POINT('',#57);
#57 = CARTESIAN_POINT('',(0.,105.5,138.));
#58 = LINE('',#59,#60);
#59 = CARTESIAN_POINT('',(0.,105.5,138.));
#60 = VECTOR('',#61,1.);
#61 = DIRECTION('',(0.,0.,1.));
#62 = ORIENTED_EDGE('',*,*,#63,.T.);
#63 = EDGE_CURVE('',#56,#64,#66,.T.);
#64 = VERTEX_POINT('',#65);
#65 = CARTESIAN_POINT('',(0.,151.5,138.));
#66 = LINE('',#67,#68);
#67 = CARTESIAN_POINT('',(0.,0.,138.));
#68 = VECTOR('',#69,1.);
#69 = DIRECTION('',(-0.,1.,0.));
#70 = ORIENTED_EDGE('',*,*,#71,.T.);
#71 = EDGE_CURVE('',#64,#72,#74,.T.);
#72 = VERTEX_POINT('',#73);
#73 = CARTESIAN_POINT('',(0.,151.5,215.));
#74 = LINE('',#75,#76);
#75 = CARTESIAN_POINT('',(0.,151.5,138.));
#76 = VECTOR('',#77,1.);
#77 = DIRECTION('',(0.,0.,1.));
#78 = ORIENTED_EDGE('',*,*,#79,.F.);
#79 = EDGE_CURVE('',#24,#72,#80,.T.);
#80 = LINE('',#81,#82);
#81 = CARTESIAN_POINT('',(0.,0.,215.));
#82 = VECTOR('',#83,1.);
#83 = DIRECTION('',(-0.,1.,0.));
#84 = PLANE('',#85);
#85 = AXIS2_PLACEMENT_3D('',#86,#87,#88);
#86 = CARTESIAN_POINT('',(0.,0.,138.));
#87 = DIRECTION('',(1.,0.,-0.));
#88 = DIRECTION('',(0.,0.,1.));
#89 = ADVANCED_FACE('',(#90),#115,.F.);
#90 = FACE_BOUND('',#91,.F.);
#91 = EDGE_LOOP('',(#92,#100,#101,#109));
#92 = ORIENTED_EDGE('',*,*,#93,.F.);
#93 = EDGE_CURVE('',#22,#94,#96,.T.);
#94 = VERTEX_POINT('',#95);
#95 = CARTESIAN_POINT('',(186.,0.,138.));
#96 = LINE('',#97,#98);
#97 = CARTESIAN_POINT('',(0.,0.,138.));
#98 = VECTOR('',#99,1.);
#99 = DIRECTION('',(1.,0.,-0.));
#100 = ORIENTED_EDGE('',*,*,#21,.T.);
#101 = ORIENTED_EDGE('',*,*,#102,.T.);
#102 = EDGE_CURVE('',#24,#103,#105,.T.);
#103 = VERTEX_POINT('',#104);
#104 = CARTESIAN_POINT('',(186.,0.,215.));
#105 = LINE('',#106,#107);
#106 = CARTESIAN_POINT('',(0.,0.,215.));
#107 = VECTOR('',#108,1.);
#108 = DIRECTION('',(1.,0.,-0.));
#109 = ORIENTED_EDGE('',*,*,#110,.F.);
#110 = EDGE_CURVE('',#94,#103,#111,.T.);
#111 = LINE('',#112,#113);
#112 = CARTESIAN_POINT('',(186.,0.,138.));
#113 = VECTOR('',#114,1.);
#114 = DIRECTION('',(0.,0.,1.));
#115 = PLANE('',#116);
#116 = AXIS2_PLACEMENT_3D('',#117,#118,#119);
#117 = CARTESIAN_POINT('',(0.,0.,138.));
#118 = DIRECTION('',(-0.,1.,0.));
#119 = DIRECTION('',(0.,0.,1.));
#120 = ADVANCED_FACE('',(#121,#139,#217,#228,#262,#296,#330,#341,#375,
    #409,#443,#477,#511,#545,#579,#613,#647,#681,#715,#726,#760,#794,
    #828,#862,#896,#930,#964,#998,#1032,#1066,#1100,#1134,#1168,#1202,
    #1236,#1270,#1304,#1338,#1372,#1406,#1440,#1474,#1508,#1542,#1553),
  #1587,.T.);
#121 = FACE_BOUND('',#122,.T.);
#122 = EDGE_LOOP('',(#123,#124,#125,#133));
#123 = ORIENTED_EDGE('',*,*,#79,.F.);
#124 = ORIENTED_EDGE('',*,*,#102,.T.);
#125 = ORIENTED_EDGE('',*,*,#126,.T.);
#126 = EDGE_CURVE('',#103,#127,#129,.T.);
#127 = VERTEX_POINT('',#128);
#128 = CARTESIAN_POINT('',(186.,151.5,215.));
#129 = LINE('',#130,#131);
#130 = CARTESIAN_POINT('',(186.,0.,215.));
#131 = VECTOR('',#132,1.);
#132 = DIRECTION('',(-0.,1.,0.));
#133 = ORIENTED_EDGE('',*,*,#134,.F.);
#134 = EDGE_CURVE('',#72,#127,#135,.T.);
#135 = LINE('',#136,#137);
#136 = CARTESIAN_POINT('',(0.,151.5,215.));
#137 = VECTOR('',#138,1.);
#138 = DIRECTION('',(1.,0.,-0.));
#139 = FACE_BOUND('',#140,.T.);
#140 = EDGE_LOOP('',(#141,#151,#160,#169,#177,#186,#194,#203,#211));
#141 = ORIENTED_EDGE('',*,*,#142,.F.);
#142 = EDGE_CURVE('',#143,#145,#147,.T.);
#143 = VERTEX_POINT('',#144);
#144 = CARTESIAN_POINT('',(81.75,11.4,215.));
#145 = VERTEX_POINT('',#146);
#146 = CARTESIAN_POINT('',(81.75,41.5,215.));
#147 = LINE('',#148,#149);
#148 = CARTESIAN_POINT('',(81.75,4.75,215.));
#149 = VECTOR('',#150,1.);
#150 = DIRECTION('',(-0.,1.,0.));
#151 = ORIENTED_EDGE('',*,*,#152,.F.);
#152 = EDGE_CURVE('',#153,#143,#155,.T.);
#153 = VERTEX_POINT('',#154);
#154 = CARTESIAN_POINT('',(83.65,9.5,215.));
#155 = CIRCLE('',#156,1.9);
#156 = AXIS2_PLACEMENT_3D('',#157,#158,#159);
#157 = CARTESIAN_POINT('',(81.75,9.5,215.));
#158 = DIRECTION('',(0.,0.,1.));
#159 = DIRECTION('',(1.,0.,-0.));
#160 = ORIENTED_EDGE('',*,*,#161,.F.);
#161 = EDGE_CURVE('',#162,#153,#164,.T.);
#162 = VERTEX_POINT('',#163);
#163 = CARTESIAN_POINT('',(79.85,9.5,215.));
#164 = CIRCLE('',#165,1.9);
#165 = AXIS2_PLACEMENT_3D('',#166,#167,#168);
#166 = CARTESIAN_POINT('',(81.75,9.5,215.));
#167 = DIRECTION('',(0.,0.,1.));
#168 = DIRECTION('',(1.,0.,-0.));
#169 = ORIENTED_EDGE('',*,*,#170,.T.);
#170 = EDGE_CURVE('',#162,#171,#173,.T.);
#171 = VERTEX_POINT('',#172);
#172 = CARTESIAN_POINT('',(11.65,9.5,215.));
#173 = LINE('',#174,#175);
#174 = CARTESIAN_POINT('',(4.875,9.5,215.));
#175 = VECTOR('',#176,1.);
#176 = DIRECTION('',(-1.,-0.,0.));
#177 = ORIENTED_EDGE('',*,*,#178,.F.);
#178 = EDGE_CURVE('',#179,#171,#181,.T.);
#179 = VERTEX_POINT('',#180);
#180 = CARTESIAN_POINT('',(9.75,11.4,215.));
#181 = CIRCLE('',#182,1.9);
#182 = AXIS2_PLACEMENT_3D('',#183,#184,#185);
#183 = CARTESIAN_POINT('',(9.75,9.5,215.));
#184 = DIRECTION('',(0.,0.,1.));
#185 = DIRECTION('',(1.,0.,-0.));
#186 = ORIENTED_EDGE('',*,*,#187,.T.);
#187 = EDGE_CURVE('',#179,#188,#190,.T.);
#188 = VERTEX_POINT('',#189);
#189 = CARTESIAN_POINT('',(9.75,37.6,215.));
#190 = LINE('',#191,#192);
#191 = CARTESIAN_POINT('',(9.75,4.75,215.));
#192 = VECTOR('',#193,1.);
#193 = DIRECTION('',(-0.,1.,0.));
#194 = ORIENTED_EDGE('',*,*,#195,.F.);
#195 = EDGE_CURVE('',#196,#188,#198,.T.);
#196 = VERTEX_POINT('',#197);
#197 = CARTESIAN_POINT('',(9.75,41.4,215.));
#198 = CIRCLE('',#199,1.9);
#199 = AXIS2_PLACEMENT_3D('',#200,#201,#202);
#200 = CARTESIAN_POINT('',(9.75,39.5,215.));
#201 = DIRECTION('',(0.,0.,1.));
#202 = DIRECTION('',(1.,0.,-0.));
#203 = ORIENTED_EDGE('',*,*,#204,.T.);
#204 = EDGE_CURVE('',#196,#205,#207,.T.);
#205 = VERTEX_POINT('',#206);
#206 = CARTESIAN_POINT('',(9.75,41.5,215.));
#207 = LINE('',#208,#209);
#208 = CARTESIAN_POINT('',(9.75,4.75,215.));
#209 = VECTOR('',#210,1.);
#210 = DIRECTION('',(-0.,1.,0.));
#211 = ORIENTED_EDGE('',*,*,#212,.F.);
#212 = EDGE_CURVE('',#145,#205,#213,.T.);
#213 = LINE('',#214,#215);
#214 = CARTESIAN_POINT('',(4.875,41.5,215.));
#215 = VECTOR('',#216,1.);
#216 = DIRECTION('',(-1.,-0.,0.));
#217 = FACE_BOUND('',#218,.T.);
#218 = EDGE_LOOP('',(#219));
#219 = ORIENTED_EDGE('',*,*,#220,.F.);
#220 = EDGE_CURVE('',#221,#221,#223,.T.);
#221 = VERTEX_POINT('',#222);
#222 = CARTESIAN_POINT('',(53.85,59.75,215.));
#223 = CIRCLE('',#224,2.1);
#224 = AXIS2_PLACEMENT_3D('',#225,#226,#227);
#225 = CARTESIAN_POINT('',(51.75,59.75,215.));
#226 = DIRECTION('',(0.,0.,1.));
#227 = DIRECTION('',(1.,0.,-0.));
#228 = FACE_BOUND('',#229,.T.);
#229 = EDGE_LOOP('',(#230,#240,#248,#256));
#230 = ORIENTED_EDGE('',*,*,#231,.F.);
#231 = EDGE_CURVE('',#232,#234,#236,.T.);
#232 = VERTEX_POINT('',#233);
#233 = CARTESIAN_POINT('',(83.5,69.,215.));
#234 = VERTEX_POINT('',#235);
#235 = CARTESIAN_POINT('',(77.,75.5,215.));
#236 = LINE('',#237,#238);
#237 = CARTESIAN_POINT('',(76.625,75.875,215.));
#238 = VECTOR('',#239,1.);
#239 = DIRECTION('',(-0.707106781187,0.707106781187,0.));
#240 = ORIENTED_EDGE('',*,*,#241,.F.);
#241 = EDGE_CURVE('',#242,#232,#244,.T.);
#242 = VERTEX_POINT('',#243);
#243 = CARTESIAN_POINT('',(77.,62.5,215.));
#244 = LINE('',#245,#246);
#245 = CARTESIAN_POINT('',(45.375,30.875,215.));
#246 = VECTOR('',#247,1.);
#247 = DIRECTION('',(0.707106781187,0.707106781187,-0.));
#248 = ORIENTED_EDGE('',*,*,#249,.F.);
#249 = EDGE_CURVE('',#250,#242,#252,.T.);
#250 = VERTEX_POINT('',#251);
#251 = CARTESIAN_POINT('',(70.5,69.,215.));
#252 = LINE('',#253,#254);
#253 = CARTESIAN_POINT('',(73.375,66.125,215.));
#254 = VECTOR('',#255,1.);
#255 = DIRECTION('',(0.707106781187,-0.707106781187,0.));
#256 = ORIENTED_EDGE('',*,*,#257,.F.);
#257 = EDGE_CURVE('',#234,#250,#258,.T.);
#258 = LINE('',#259,#260);
#259 = CARTESIAN_POINT('',(35.625,34.125,215.));
#260 = VECTOR('',#261,1.);
#261 = DIRECTION('',(-0.707106781187,-0.707106781187,0.));
#262 = FACE_BOUND('',#263,.T.);
#263 = EDGE_LOOP('',(#264,#274,#282,#290));
#264 = ORIENTED_EDGE('',*,*,#265,.F.);
#265 = EDGE_CURVE('',#266,#268,#270,.T.);
#266 = VERTEX_POINT('',#267);
#267 = CARTESIAN_POINT('',(99.5,69.,215.));
#268 = VERTEX_POINT('',#269);
#269 = CARTESIAN_POINT('',(93.,75.5,215.));
#270 = LINE('',#271,#272);
#271 = CARTESIAN_POINT('',(88.625,79.875,215.));
#272 = VECTOR('',#273,1.);
#273 = DIRECTION('',(-0.707106781187,0.707106781187,0.));
#274 = ORIENTED_EDGE('',*,*,#275,.F.);
#275 = EDGE_CURVE('',#276,#266,#278,.T.);
#276 = VERTEX_POINT('',#277);
#277 = CARTESIAN_POINT('',(93.,62.5,215.));
#278 = LINE('',#279,#280);
#279 = CARTESIAN_POINT('',(57.375,26.875,215.));
#280 = VECTOR('',#281,1.);
#281 = DIRECTION('',(0.707106781187,0.707106781187,-0.));
#282 = ORIENTED_EDGE('',*,*,#283,.F.);
#283 = EDGE_CURVE('',#284,#276,#286,.T.);
#284 = VERTEX_POINT('',#285);
#285 = CARTESIAN_POINT('',(86.5,69.,215.));
#286 = LINE('',#287,#288);
#287 = CARTESIAN_POINT('',(85.375,70.125,215.));
#288 = VECTOR('',#289,1.);
#289 = DIRECTION('',(0.707106781187,-0.707106781187,0.));
#290 = ORIENTED_EDGE('',*,*,#291,.F.);
#291 = EDGE_CURVE('',#268,#284,#292,.T.);
#292 = LINE('',#293,#294);
#293 = CARTESIAN_POINT('',(47.625,30.125,215.));
#294 = VECTOR('',#295,1.);
#295 = DIRECTION('',(-0.707106781187,-0.707106781187,0.));
#296 = FACE_BOUND('',#297,.T.);
#297 = EDGE_LOOP('',(#298,#308,#316,#324));
#298 = ORIENTED_EDGE('',*,*,#299,.F.);
#299 = EDGE_CURVE('',#300,#302,#304,.T.);
#300 = VERTEX_POINT('',#301);
#301 = CARTESIAN_POINT('',(115.5,69.,215.));
#302 = VERTEX_POINT('',#303);
#303 = CARTESIAN_POINT('',(109.,75.5,215.));
#304 = LINE('',#305,#306);
#305 = CARTESIAN_POINT('',(100.625,83.875,215.));
#306 = VECTOR('',#307,1.);
#307 = DIRECTION('',(-0.707106781187,0.707106781187,0.));
#308 = ORIENTED_EDGE('',*,*,#309,.F.);
#309 = EDGE_CURVE('',#310,#300,#312,.T.);
#310 = VERTEX_POINT('',#311);
#311 = CARTESIAN_POINT('',(109.,62.5,215.));
#312 = LINE('',#313,#314);
#313 = CARTESIAN_POINT('',(69.375,22.875,215.));
#314 = VECTOR('',#315,1.);
#315 = DIRECTION('',(0.707106781187,0.707106781187,-0.));
#316 = ORIENTED_EDGE('',*,*,#317,.F.);
#317 = EDGE_CURVE('',#318,#310,#320,.T.);
#318 = VERTEX_POINT('',#319);
#319 = CARTESIAN_POINT('',(102.5,69.,215.));
#320 = LINE('',#321,#322);
#321 = CARTESIAN_POINT('',(97.375,74.125,215.));
#322 = VECTOR('',#323,1.);
#323 = DIRECTION('',(0.707106781187,-0.707106781187,0.));
#324 = ORIENTED_EDGE('',*,*,#325,.F.);
#325 = EDGE_CURVE('',#302,#318,#326,.T.);
#326 = LINE('',#327,#328);
#327 = CARTESIAN_POINT('',(59.625,26.125,215.));
#328 = VECTOR('',#329,1.);
#329 = DIRECTION('',(-0.707106781187,-0.707106781187,0.));
#330 = FACE_BOUND('',#331,.T.);
#331 = EDGE_LOOP('',(#332));
#332 = ORIENTED_EDGE('',*,*,#333,.F.);
#333 = EDGE_CURVE('',#334,#334,#336,.T.);
#334 = VERTEX_POINT('',#335);
#335 = CARTESIAN_POINT('',(136.35,59.75,215.));
#336 = CIRCLE('',#337,2.1);
#337 = AXIS2_PLACEMENT_3D('',#338,#339,#340);
#338 = CARTESIAN_POINT('',(134.25,59.75,215.));
#339 = DIRECTION('',(0.,0.,1.));
#340 = DIRECTION('',(1.,0.,-0.));
#341 = FACE_BOUND('',#342,.T.);
#342 = EDGE_LOOP('',(#343,#353,#361,#369));
#343 = ORIENTED_EDGE('',*,*,#344,.F.);
#344 = EDGE_CURVE('',#345,#347,#349,.T.);
#345 = VERTEX_POINT('',#346);
#346 = CARTESIAN_POINT('',(67.5,85.,215.));
#347 = VERTEX_POINT('',#348);
#348 = CARTESIAN_POINT('',(61.,91.5,215.));
#349 = LINE('',#350,#351);
#350 = CARTESIAN_POINT('',(68.625,83.875,215.));
#351 = VECTOR('',#352,1.);
#352 = DIRECTION('',(-0.707106781187,0.707106781187,0.));
#353 = ORIENTED_EDGE('',*,*,#354,.F.);
#354 = EDGE_CURVE('',#355,#345,#357,.T.);
#355 = VERTEX_POINT('',#356);
#356 = CARTESIAN_POINT('',(61.,78.5,215.));
#357 = LINE('',#358,#359);
#358 = CARTESIAN_POINT('',(29.375,46.875,215.));
#359 = VECTOR('',#360,1.);
#360 = DIRECTION('',(0.707106781187,0.707106781187,-0.));
#361 = ORIENTED_EDGE('',*,*,#362,.F.);
#362 = EDGE_CURVE('',#363,#355,#365,.T.);
#363 = VERTEX_POINT('',#364);
#364 = CARTESIAN_POINT('',(54.5,85.,215.));
#365 = LINE('',#366,#367);
#366 = CARTESIAN_POINT('',(65.375,74.125,215.));
#367 = VECTOR('',#368,1.);
#368 = DIRECTION('',(0.707106781187,-0.707106781187,0.));
#369 = ORIENTED_EDGE('',*,*,#370,.F.);
#370 = EDGE_CURVE('',#347,#363,#371,.T.);
#371 = LINE('',#372,#373);
#372 = CARTESIAN_POINT('',(19.625,50.125,215.));
#373 = VECTOR('',#374,1.);
#374 = DIRECTION('',(-0.707106781187,-0.707106781187,0.));
#375 = FACE_BOUND('',#376,.T.);
#376 = EDGE_LOOP('',(#377,#387,#395,#403));
#377 = ORIENTED_EDGE('',*,*,#378,.F.);
#378 = EDGE_CURVE('',#379,#381,#383,.T.);
#379 = VERTEX_POINT('',#380);
#380 = CARTESIAN_POINT('',(75.5,77.,215.));
#381 = VERTEX_POINT('',#382);
#382 = CARTESIAN_POINT('',(69.,83.5,215.));
#383 = LINE('',#384,#385);
#384 = CARTESIAN_POINT('',(72.625,79.875,215.));
#385 = VECTOR('',#386,1.);
#386 = DIRECTION('',(-0.707106781187,0.707106781187,0.));
#387 = ORIENTED_EDGE('',*,*,#388,.F.);
#388 = EDGE_CURVE('',#389,#379,#391,.T.);
#389 = VERTEX_POINT('',#390);
#390 = CARTESIAN_POINT('',(69.,70.5,215.));
#391 = LINE('',#392,#393);
#392 = CARTESIAN_POINT('',(37.375,38.875,215.));
#393 = VECTOR('',#394,1.);
#394 = DIRECTION('',(0.707106781187,0.707106781187,-0.));
#395 = ORIENTED_EDGE('',*,*,#396,.F.);
#396 = EDGE_CURVE('',#397,#389,#399,.T.);
#397 = VERTEX_POINT('',#398);
#398 = CARTESIAN_POINT('',(62.5,77.,215.));
#399 = LINE('',#400,#401);
#400 = CARTESIAN_POINT('',(69.375,70.125,215.));
#401 = VECTOR('',#402,1.);
#402 = DIRECTION('',(0.707106781187,-0.707106781187,0.));
#403 = ORIENTED_EDGE('',*,*,#404,.F.);
#404 = EDGE_CURVE('',#381,#397,#405,.T.);
#405 = LINE('',#406,#407);
#406 = CARTESIAN_POINT('',(27.625,42.125,215.));
#407 = VECTOR('',#408,1.);
#408 = DIRECTION('',(-0.707106781187,-0.707106781187,0.));
#409 = FACE_BOUND('',#410,.T.);
#410 = EDGE_LOOP('',(#411,#421,#429,#437));
#411 = ORIENTED_EDGE('',*,*,#412,.F.);
#412 = EDGE_CURVE('',#413,#415,#417,.T.);
#413 = VERTEX_POINT('',#414);
#414 = CARTESIAN_POINT('',(75.5,93.,215.));
#415 = VERTEX_POINT('',#416);
#416 = CARTESIAN_POINT('',(69.,99.5,215.));
#417 = LINE('',#418,#419);
#418 = CARTESIAN_POINT('',(76.625,91.875,215.));
#419 = VECTOR('',#420,1.);
#420 = DIRECTION('',(-0.707106781187,0.707106781187,0.));
#421 = ORIENTED_EDGE('',*,*,#422,.F.);
#422 = EDGE_CURVE('',#423,#413,#425,.T.);
#423 = VERTEX_POINT('',#424);
#424 = CARTESIAN_POINT('',(69.,86.5,215.));
#425 = LINE('',#426,#427);
#426 = CARTESIAN_POINT('',(33.375,50.875,215.));
#427 = VECTOR('',#428,1.);
#428 = DIRECTION('',(0.707106781187,0.707106781187,-0.));
#429 = ORIENTED_EDGE('',*,*,#430,.F.);
#430 = EDGE_CURVE('',#431,#423,#433,.T.);
#431 = VERTEX_POINT('',#432);
#432 = CARTESIAN_POINT('',(62.5,93.,215.));
#433 = LINE('',#434,#435);
#434 = CARTESIAN_POINT('',(73.375,82.125,215.));
#435 = VECTOR('',#436,1.);
#436 = DIRECTION('',(0.707106781187,-0.707106781187,0.));
#437 = ORIENTED_EDGE('',*,*,#438,.F.);
#438 = EDGE_CURVE('',#415,#431,#439,.T.);
#439 = LINE('',#440,#441);
#440 = CARTESIAN_POINT('',(23.625,54.125,215.));
#441 = VECTOR('',#442,1.);
#442 = DIRECTION('',(-0.707106781187,-0.707106781187,0.));
#443 = FACE_BOUND('',#444,.T.);
#444 = EDGE_LOOP('',(#445,#455,#463,#471));
#445 = ORIENTED_EDGE('',*,*,#446,.F.);
#446 = EDGE_CURVE('',#447,#449,#451,.T.);
#447 = VERTEX_POINT('',#448);
#448 = CARTESIAN_POINT('',(83.5,85.,215.));
#449 = VERTEX_POINT('',#450);
#450 = CARTESIAN_POINT('',(77.,91.5,215.));
#451 = LINE('',#452,#453);
#452 = CARTESIAN_POINT('',(80.625,87.875,215.));
#453 = VECTOR('',#454,1.);
#454 = DIRECTION('',(-0.707106781187,0.707106781187,0.));
#455 = ORIENTED_EDGE('',*,*,#456,.F.);
#456 = EDGE_CURVE('',#457,#447,#459,.T.);
#457 = VERTEX_POINT('',#458);
#458 = CARTESIAN_POINT('',(77.,78.5,215.));
#459 = LINE('',#460,#461);
#460 = CARTESIAN_POINT('',(41.375,42.875,215.));
#461 = VECTOR('',#462,1.);
#462 = DIRECTION('',(0.707106781187,0.707106781187,-0.));
#463 = ORIENTED_EDGE('',*,*,#464,.F.);
#464 = EDGE_CURVE('',#465,#457,#467,.T.);
#465 = VERTEX_POINT('',#466);
#466 = CARTESIAN_POINT('',(70.5,85.,215.));
#467 = LINE('',#468,#469);
#468 = CARTESIAN_POINT('',(77.375,78.125,215.));
#469 = VECTOR('',#470,1.);
#470 = DIRECTION('',(0.707106781187,-0.707106781187,0.));
#471 = ORIENTED_EDGE('',*,*,#472,.F.);
#472 = EDGE_CURVE('',#449,#465,#473,.T.);
#473 = LINE('',#474,#475);
#474 = CARTESIAN_POINT('',(31.625,46.125,215.));
#475 = VECTOR('',#476,1.);
#476 = DIRECTION('',(-0.707106781187,-0.707106781187,0.));
#477 = FACE_BOUND('',#478,.T.);
#478 = EDGE_LOOP('',(#479,#489,#497,#505));
#479 = ORIENTED_EDGE('',*,*,#480,.F.);
#480 = EDGE_CURVE('',#481,#483,#485,.T.);
#481 = VERTEX_POINT('',#482);
#482 = CARTESIAN_POINT('',(67.5,101.,215.));
#483 = VERTEX_POINT('',#484);
#484 = CARTESIAN_POINT('',(61.,107.5,215.));
#485 = LINE('',#486,#487);
#486 = CARTESIAN_POINT('',(72.625,95.875,215.));
#487 = VECTOR('',#488,1.);
#488 = DIRECTION('',(-0.707106781187,0.707106781187,0.));
#489 = ORIENTED_EDGE('',*,*,#490,.F.);
#490 = EDGE_CURVE('',#491,#481,#493,.T.);
#491 = VERTEX_POINT('',#492);
#492 = CARTESIAN_POINT('',(61.,94.5,215.));
#493 = LINE('',#494,#495);
#494 = CARTESIAN_POINT('',(25.375,58.875,215.));
#495 = VECTOR('',#496,1.);
#496 = DIRECTION('',(0.707106781187,0.707106781187,-0.));
#497 = ORIENTED_EDGE('',*,*,#498,.F.);
#498 = EDGE_CURVE('',#499,#491,#501,.T.);
#499 = VERTEX_POINT('',#500);
#500 = CARTESIAN_POINT('',(54.5,101.,215.));
#501 = LINE('',#502,#503);
#502 = CARTESIAN_POINT('',(69.375,86.125,215.));
#503 = VECTOR('',#504,1.);
#504 = DIRECTION('',(0.707106781187,-0.707106781187,0.));
#505 = ORIENTED_EDGE('',*,*,#506,.F.);
#506 = EDGE_CURVE('',#483,#499,#507,.T.);
#507 = LINE('',#508,#509);
#508 = CARTESIAN_POINT('',(15.625,62.125,215.));
#509 = VECTOR('',#510,1.);
#510 = DIRECTION('',(-0.707106781187,-0.707106781187,0.));
#511 = FACE_BOUND('',#512,.T.);
#512 = EDGE_LOOP('',(#513,#523,#531,#539));
#513 = ORIENTED_EDGE('',*,*,#514,.F.);
#514 = EDGE_CURVE('',#515,#517,#519,.T.);
#515 = VERTEX_POINT('',#516);
#516 = CARTESIAN_POINT('',(83.5,101.,215.));
#517 = VERTEX_POINT('',#518);
#518 = CARTESIAN_POINT('',(77.,107.5,215.));
#519 = LINE('',#520,#521);
#520 = CARTESIAN_POINT('',(84.625,99.875,215.));
#521 = VECTOR('',#522,1.);
#522 = DIRECTION('',(-0.707106781187,0.707106781187,0.));
#523 = ORIENTED_EDGE('',*,*,#524,.F.);
#524 = EDGE_CURVE('',#525,#515,#527,.T.);
#525 = VERTEX_POINT('',#526);
#526 = CARTESIAN_POINT('',(77.,94.5,215.));
#527 = LINE('',#528,#529);
#528 = CARTESIAN_POINT('',(37.375,54.875,215.));
#529 = VECTOR('',#530,1.);
#530 = DIRECTION('',(0.707106781187,0.707106781187,-0.));
#531 = ORIENTED_EDGE('',*,*,#532,.F.);
#532 = EDGE_CURVE('',#533,#525,#535,.T.);
#533 = VERTEX_POINT('',#534);
#534 = CARTESIAN_POINT('',(70.5,101.,215.));
#535 = LINE('',#536,#537);
#536 = CARTESIAN_POINT('',(81.375,90.125,215.));
#537 = VECTOR('',#538,1.);
#538 = DIRECTION('',(0.707106781187,-0.707106781187,0.));
#539 = ORIENTED_EDGE('',*,*,#540,.F.);
#540 = EDGE_CURVE('',#517,#533,#541,.T.);
#541 = LINE('',#542,#543);
#542 = CARTESIAN_POINT('',(27.625,58.125,215.));
#543 = VECTOR('',#544,1.);
#544 = DIRECTION('',(-0.707106781187,-0.707106781187,0.));
#545 = FACE_BOUND('',#546,.T.);
#546 = EDGE_LOOP('',(#547,#557,#565,#573));
#547 = ORIENTED_EDGE('',*,*,#548,.F.);
#548 = EDGE_CURVE('',#549,#551,#553,.T.);
#549 = VERTEX_POINT('',#550);
#550 = CARTESIAN_POINT('',(75.5,109.,215.));
#551 = VERTEX_POINT('',#552);
#552 = CARTESIAN_POINT('',(69.,115.5,215.));
#553 = LINE('',#554,#555);
#554 = CARTESIAN_POINT('',(80.625,103.875,215.));
#555 = VECTOR('',#556,1.);
#556 = DIRECTION('',(-0.707106781187,0.707106781187,0.));
#557 = ORIENTED_EDGE('',*,*,#558,.F.);
#558 = EDGE_CURVE('',#559,#549,#561,.T.);
#559 = VERTEX_POINT('',#560);
#560 = CARTESIAN_POINT('',(69.,102.5,215.));
#561 = LINE('',#562,#563);
#562 = CARTESIAN_POINT('',(29.375,62.875,215.));
#563 = VECTOR('',#564,1.);
#564 = DIRECTION('',(0.707106781187,0.707106781187,-0.));
#565 = ORIENTED_EDGE('',*,*,#566,.F.);
#566 = EDGE_CURVE('',#567,#559,#569,.T.);
#567 = VERTEX_POINT('',#568);
#568 = CARTESIAN_POINT('',(62.5,109.,215.));
#569 = LINE('',#570,#571);
#570 = CARTESIAN_POINT('',(77.375,94.125,215.));
#571 = VECTOR('',#572,1.);
#572 = DIRECTION('',(0.707106781187,-0.707106781187,0.));
#573 = ORIENTED_EDGE('',*,*,#574,.F.);
#574 = EDGE_CURVE('',#551,#567,#575,.T.);
#575 = LINE('',#576,#577);
#576 = CARTESIAN_POINT('',(19.625,66.125,215.));
#577 = VECTOR('',#578,1.);
#578 = DIRECTION('',(-0.707106781187,-0.707106781187,0.));
#579 = FACE_BOUND('',#580,.T.);
#580 = EDGE_LOOP('',(#581,#591,#599,#607));
#581 = ORIENTED_EDGE('',*,*,#582,.T.);
#582 = EDGE_CURVE('',#583,#585,#587,.T.);
#583 = VERTEX_POINT('',#584);
#584 = CARTESIAN_POINT('',(44.,126.,215.));
#585 = VERTEX_POINT('',#586);
#586 = CARTESIAN_POINT('',(26.,126.,215.));
#587 = LINE('',#588,#589);
#588 = CARTESIAN_POINT('',(13.,126.,215.));
#589 = VECTOR('',#590,1.);
#590 = DIRECTION('',(-1.,-0.,0.));
#591 = ORIENTED_EDGE('',*,*,#592,.T.);
#592 = EDGE_CURVE('',#585,#593,#595,.T.);
#593 = VERTEX_POINT('',#594);
#594 = CARTESIAN_POINT('',(26.,140.,215.));
#595 = LINE('',#596,#597);
#596 = CARTESIAN_POINT('',(26.,63.,215.));
#597 = VECTOR('',#598,1.);
#598 = DIRECTION('',(-0.,1.,0.));
#599 = ORIENTED_EDGE('',*,*,#600,.F.);
#600 = EDGE_CURVE('',#601,#593,#603,.T.);
#601 = VERTEX_POINT('',#602);
#602 = CARTESIAN_POINT('',(44.,140.,215.));
#603 = LINE('',#604,#605);
#604 = CARTESIAN_POINT('',(13.,140.,215.));
#605 = VECTOR('',#606,1.);
#606 = DIRECTION('',(-1.,-0.,0.));
#607 = ORIENTED_EDGE('',*,*,#608,.F.);
#608 = EDGE_CURVE('',#583,#601,#609,.T.);
#609 = LINE('',#610,#611);
#610 = CARTESIAN_POINT('',(44.,63.,215.));
#611 = VECTOR('',#612,1.);
#612 = DIRECTION('',(-0.,1.,0.));
#613 = FACE_BOUND('',#614,.T.);
#614 = EDGE_LOOP('',(#615,#625,#633,#641));
#615 = ORIENTED_EDGE('',*,*,#616,.F.);
#616 = EDGE_CURVE('',#617,#619,#621,.T.);
#617 = VERTEX_POINT('',#618);
#618 = CARTESIAN_POINT('',(67.5,117.,215.));
#619 = VERTEX_POINT('',#620);
#620 = CARTESIAN_POINT('',(61.,123.5,215.));
#621 = LINE('',#622,#623);
#622 = CARTESIAN_POINT('',(76.625,107.875,215.));
#623 = VECTOR('',#624,1.);
#624 = DIRECTION('',(-0.707106781187,0.707106781187,0.));
#625 = ORIENTED_EDGE('',*,*,#626,.F.);
#626 = EDGE_CURVE('',#627,#617,#629,.T.);
#627 = VERTEX_POINT('',#628);
#628 = CARTESIAN_POINT('',(61.,110.5,215.));
#629 = LINE('',#630,#631);
#630 = CARTESIAN_POINT('',(21.375,70.875,215.));
#631 = VECTOR('',#632,1.);
#632 = DIRECTION('',(0.707106781187,0.707106781187,-0.));
#633 = ORIENTED_EDGE('',*,*,#634,.F.);
#634 = EDGE_CURVE('',#635,#627,#637,.T.);
#635 = VERTEX_POINT('',#636);
#636 = CARTESIAN_POINT('',(54.5,117.,215.));
#637 = LINE('',#638,#639);
#638 = CARTESIAN_POINT('',(73.375,98.125,215.));
#639 = VECTOR('',#640,1.);
#640 = DIRECTION('',(0.707106781187,-0.707106781187,0.));
#641 = ORIENTED_EDGE('',*,*,#642,.F.);
#642 = EDGE_CURVE('',#619,#635,#643,.T.);
#643 = LINE('',#644,#645);
#644 = CARTESIAN_POINT('',(11.625,74.125,215.));
#645 = VECTOR('',#646,1.);
#646 = DIRECTION('',(-0.707106781187,-0.707106781187,0.));
#647 = FACE_BOUND('',#648,.T.);
#648 = EDGE_LOOP('',(#649,#659,#667,#675));
#649 = ORIENTED_EDGE('',*,*,#650,.F.);
#650 = EDGE_CURVE('',#651,#653,#655,.T.);
#651 = VERTEX_POINT('',#652);
#652 = CARTESIAN_POINT('',(83.5,117.,215.));
#653 = VERTEX_POINT('',#654);
#654 = CARTESIAN_POINT('',(77.,123.5,215.));
#655 = LINE('',#656,#657);
#656 = CARTESIAN_POINT('',(88.625,111.875,215.));
#657 = VECTOR('',#658,1.);
#658 = DIRECTION('',(-0.707106781187,0.707106781187,0.));
#659 = ORIENTED_EDGE('',*,*,#660,.F.);
#660 = EDGE_CURVE('',#661,#651,#663,.T.);
#661 = VERTEX_POINT('',#662);
#662 = CARTESIAN_POINT('',(77.,110.5,215.));
#663 = LINE('',#664,#665);
#664 = CARTESIAN_POINT('',(33.375,66.875,215.));
#665 = VECTOR('',#666,1.);
#666 = DIRECTION('',(0.707106781187,0.707106781187,-0.));
#667 = ORIENTED_EDGE('',*,*,#668,.F.);
#668 = EDGE_CURVE('',#669,#661,#671,.T.);
#669 = VERTEX_POINT('',#670);
#670 = CARTESIAN_POINT('',(70.5,117.,215.));
#671 = LINE('',#672,#673);
#672 = CARTESIAN_POINT('',(85.375,102.125,215.));
#673 = VECTOR('',#674,1.);
#674 = DIRECTION('',(0.707106781187,-0.707106781187,0.));
#675 = ORIENTED_EDGE('',*,*,#676,.F.);
#676 = EDGE_CURVE('',#653,#669,#677,.T.);
#677 = LINE('',#678,#679);
#678 = CARTESIAN_POINT('',(23.625,70.125,215.));
#679 = VECTOR('',#680,1.);
#680 = DIRECTION('',(-0.707106781187,-0.707106781187,0.));
#681 = FACE_BOUND('',#682,.T.);
#682 = EDGE_LOOP('',(#683,#693,#701,#709));
#683 = ORIENTED_EDGE('',*,*,#684,.F.);
#684 = EDGE_CURVE('',#685,#687,#689,.T.);
#685 = VERTEX_POINT('',#686);
#686 = CARTESIAN_POINT('',(75.5,125.,215.));
#687 = VERTEX_POINT('',#688);
#688 = CARTESIAN_POINT('',(69.,131.5,215.));
#689 = LINE('',#690,#691);
#690 = CARTESIAN_POINT('',(84.625,115.875,215.));
#691 = VECTOR('',#692,1.);
#692 = DIRECTION('',(-0.707106781187,0.707106781187,0.));
#693 = ORIENTED_EDGE('',*,*,#694,.F.);
#694 = EDGE_CURVE('',#695,#685,#697,.T.);
#695 = VERTEX_POINT('',#696);
#696 = CARTESIAN_POINT('',(69.,118.5,215.));
#697 = LINE('',#698,#699);
#698 = CARTESIAN_POINT('',(25.375,74.875,215.));
#699 = VECTOR('',#700,1.);
#700 = DIRECTION('',(0.707106781187,0.707106781187,-0.));
#701 = ORIENTED_EDGE('',*,*,#702,.F.);
#702 = EDGE_CURVE('',#703,#695,#705,.T.);
#703 = VERTEX_POINT('',#704);
#704 = CARTESIAN_POINT('',(62.5,125.,215.));
#705 = LINE('',#706,#707);
#706 = CARTESIAN_POINT('',(81.375,106.125,215.));
#707 = VECTOR('',#708,1.);
#708 = DIRECTION('',(0.707106781187,-0.707106781187,0.));
#709 = ORIENTED_EDGE('',*,*,#710,.F.);
#710 = EDGE_CURVE('',#687,#703,#711,.T.);
#711 = LINE('',#712,#713);
#712 = CARTESIAN_POINT('',(15.625,78.125,215.));
#713 = VECTOR('',#714,1.);
#714 = DIRECTION('',(-0.707106781187,-0.707106781187,0.));
#715 = FACE_BOUND('',#716,.T.);
#716 = EDGE_LOOP('',(#717));
#717 = ORIENTED_EDGE('',*,*,#718,.F.);
#718 = EDGE_CURVE('',#719,#719,#721,.T.);
#719 = VERTEX_POINT('',#720);
#720 = CARTESIAN_POINT('',(53.85,142.25,215.));
#721 = CIRCLE('',#722,2.1);
#722 = AXIS2_PLACEMENT_3D('',#723,#724,#725);
#723 = CARTESIAN_POINT('',(51.75,142.25,215.));
#724 = DIRECTION('',(0.,0.,1.));
#725 = DIRECTION('',(1.,0.,-0.));
#726 = FACE_BOUND('',#727,.T.);
#727 = EDGE_LOOP('',(#728,#738,#746,#754));
#728 = ORIENTED_EDGE('',*,*,#729,.F.);
#729 = EDGE_CURVE('',#730,#732,#734,.T.);
#730 = VERTEX_POINT('',#731);
#731 = CARTESIAN_POINT('',(83.5,133.,215.));
#732 = VERTEX_POINT('',#733);
#733 = CARTESIAN_POINT('',(77.,139.5,215.));
#734 = LINE('',#735,#736);
#735 = CARTESIAN_POINT('',(92.625,123.875,215.));
#736 = VECTOR('',#737,1.);
#737 = DIRECTION('',(-0.707106781187,0.707106781187,0.));
#738 = ORIENTED_EDGE('',*,*,#739,.F.);
#739 = EDGE_CURVE('',#740,#730,#742,.T.);
#740 = VERTEX_POINT('',#741);
#741 = CARTESIAN_POINT('',(77.,126.5,215.));
#742 = LINE('',#743,#744);
#743 = CARTESIAN_POINT('',(29.375,78.875,215.));
#744 = VECTOR('',#745,1.);
#745 = DIRECTION('',(0.707106781187,0.707106781187,-0.));
#746 = ORIENTED_EDGE('',*,*,#747,.F.);
#747 = EDGE_CURVE('',#748,#740,#750,.T.);
#748 = VERTEX_POINT('',#749);
#749 = CARTESIAN_POINT('',(70.5,133.,215.));
#750 = LINE('',#751,#752);
#751 = CARTESIAN_POINT('',(89.375,114.125,215.));
#752 = VECTOR('',#753,1.);
#753 = DIRECTION('',(0.707106781187,-0.707106781187,0.));
#754 = ORIENTED_EDGE('',*,*,#755,.F.);
#755 = EDGE_CURVE('',#732,#748,#756,.T.);
#756 = LINE('',#757,#758);
#757 = CARTESIAN_POINT('',(19.625,82.125,215.));
#758 = VECTOR('',#759,1.);
#759 = DIRECTION('',(-0.707106781187,-0.707106781187,0.));
#760 = FACE_BOUND('',#761,.T.);
#761 = EDGE_LOOP('',(#762,#772,#780,#788));
#762 = ORIENTED_EDGE('',*,*,#763,.F.);
#763 = EDGE_CURVE('',#764,#766,#768,.T.);
#764 = VERTEX_POINT('',#765);
#765 = CARTESIAN_POINT('',(91.5,77.,215.));
#766 = VERTEX_POINT('',#767);
#767 = CARTESIAN_POINT('',(85.,83.5,215.));
#768 = LINE('',#769,#770);
#769 = CARTESIAN_POINT('',(84.625,83.875,215.));
#770 = VECTOR('',#771,1.);
#771 = DIRECTION('',(-0.707106781187,0.707106781187,0.));
#772 = ORIENTED_EDGE('',*,*,#773,.F.);
#773 = EDGE_CURVE('',#774,#764,#776,.T.);
#774 = VERTEX_POINT('',#775);
#775 = CARTESIAN_POINT('',(85.,70.5,215.));
#776 = LINE('',#777,#778);
#777 = CARTESIAN_POINT('',(49.375,34.875,215.));
#778 = VECTOR('',#779,1.);
#779 = DIRECTION('',(0.707106781187,0.707106781187,-0.));
#780 = ORIENTED_EDGE('',*,*,#781,.F.);
#781 = EDGE_CURVE('',#782,#774,#784,.T.);
#782 = VERTEX_POINT('',#783);
#783 = CARTESIAN_POINT('',(78.5,77.,215.));
#784 = LINE('',#785,#786);
#785 = CARTESIAN_POINT('',(81.375,74.125,215.));
#786 = VECTOR('',#787,1.);
#787 = DIRECTION('',(0.707106781187,-0.707106781187,0.));
#788 = ORIENTED_EDGE('',*,*,#789,.F.);
#789 = EDGE_CURVE('',#766,#782,#790,.T.);
#790 = LINE('',#791,#792);
#791 = CARTESIAN_POINT('',(39.625,38.125,215.));
#792 = VECTOR('',#793,1.);
#793 = DIRECTION('',(-0.707106781187,-0.707106781187,0.));
#794 = FACE_BOUND('',#795,.T.);
#795 = EDGE_LOOP('',(#796,#806,#814,#822));
#796 = ORIENTED_EDGE('',*,*,#797,.F.);
#797 = EDGE_CURVE('',#798,#800,#802,.T.);
#798 = VERTEX_POINT('',#799);
#799 = CARTESIAN_POINT('',(107.5,77.,215.));
#800 = VERTEX_POINT('',#801);
#801 = CARTESIAN_POINT('',(101.,83.5,215.));
#802 = LINE('',#803,#804);
#803 = CARTESIAN_POINT('',(96.625,87.875,215.));
#804 = VECTOR('',#805,1.);
#805 = DIRECTION('',(-0.707106781187,0.707106781187,0.));
#806 = ORIENTED_EDGE('',*,*,#807,.F.);
#807 = EDGE_CURVE('',#808,#798,#810,.T.);
#808 = VERTEX_POINT('',#809);
#809 = CARTESIAN_POINT('',(101.,70.5,215.));
#810 = LINE('',#811,#812);
#811 = CARTESIAN_POINT('',(61.375,30.875,215.));
#812 = VECTOR('',#813,1.);
#813 = DIRECTION('',(0.707106781187,0.707106781187,-0.));
#814 = ORIENTED_EDGE('',*,*,#815,.F.);
#815 = EDGE_CURVE('',#816,#808,#818,.T.);
#816 = VERTEX_POINT('',#817);
#817 = CARTESIAN_POINT('',(94.5,77.,215.));
#818 = LINE('',#819,#820);
#819 = CARTESIAN_POINT('',(93.375,78.125,215.));
#820 = VECTOR('',#821,1.);
#821 = DIRECTION('',(0.707106781187,-0.707106781187,0.));
#822 = ORIENTED_EDGE('',*,*,#823,.F.);
#823 = EDGE_CURVE('',#800,#816,#824,.T.);
#824 = LINE('',#825,#826);
#825 = CARTESIAN_POINT('',(51.625,34.125,215.));
#826 = VECTOR('',#827,1.);
#827 = DIRECTION('',(-0.707106781187,-0.707106781187,0.));
#828 = FACE_BOUND('',#829,.T.);
#829 = EDGE_LOOP('',(#830,#840,#848,#856));
#830 = ORIENTED_EDGE('',*,*,#831,.F.);
#831 = EDGE_CURVE('',#832,#834,#836,.T.);
#832 = VERTEX_POINT('',#833);
#833 = CARTESIAN_POINT('',(99.5,85.,215.));
#834 = VERTEX_POINT('',#835);
#835 = CARTESIAN_POINT('',(93.,91.5,215.));
#836 = LINE('',#837,#838);
#837 = CARTESIAN_POINT('',(92.625,91.875,215.));
#838 = VECTOR('',#839,1.);
#839 = DIRECTION('',(-0.707106781187,0.707106781187,0.));
#840 = ORIENTED_EDGE('',*,*,#841,.F.);
#841 = EDGE_CURVE('',#842,#832,#844,.T.);
#842 = VERTEX_POINT('',#843);
#843 = CARTESIAN_POINT('',(93.,78.5,215.));
#844 = LINE('',#845,#846);
#845 = CARTESIAN_POINT('',(53.375,38.875,215.));
#846 = VECTOR('',#847,1.);
#847 = DIRECTION('',(0.707106781187,0.707106781187,-0.));
#848 = ORIENTED_EDGE('',*,*,#849,.F.);
#849 = EDGE_CURVE('',#850,#842,#852,.T.);
#850 = VERTEX_POINT('',#851);
#851 = CARTESIAN_POINT('',(86.5,85.,215.));
#852 = LINE('',#853,#854);
#853 = CARTESIAN_POINT('',(89.375,82.125,215.));
#854 = VECTOR('',#855,1.);
#855 = DIRECTION('',(0.707106781187,-0.707106781187,0.));
#856 = ORIENTED_EDGE('',*,*,#857,.F.);
#857 = EDGE_CURVE('',#834,#850,#858,.T.);
#858 = LINE('',#859,#860);
#859 = CARTESIAN_POINT('',(43.625,42.125,215.));
#860 = VECTOR('',#861,1.);
#861 = DIRECTION('',(-0.707106781187,-0.707106781187,0.));
#862 = FACE_BOUND('',#863,.T.);
#863 = EDGE_LOOP('',(#864,#874,#882,#890));
#864 = ORIENTED_EDGE('',*,*,#865,.F.);
#865 = EDGE_CURVE('',#866,#868,#870,.T.);
#866 = VERTEX_POINT('',#867);
#867 = CARTESIAN_POINT('',(91.5,93.,215.));
#868 = VERTEX_POINT('',#869);
#869 = CARTESIAN_POINT('',(85.,99.5,215.));
#870 = LINE('',#871,#872);
#871 = CARTESIAN_POINT('',(88.625,95.875,215.));
#872 = VECTOR('',#873,1.);
#873 = DIRECTION('',(-0.707106781187,0.707106781187,0.));
#874 = ORIENTED_EDGE('',*,*,#875,.F.);
#875 = EDGE_CURVE('',#876,#866,#878,.T.);
#876 = VERTEX_POINT('',#877);
#877 = CARTESIAN_POINT('',(85.,86.5,215.));
#878 = LINE('',#879,#880);
#879 = CARTESIAN_POINT('',(45.375,46.875,215.));
#880 = VECTOR('',#881,1.);
#881 = DIRECTION('',(0.707106781187,0.707106781187,-0.));
#882 = ORIENTED_EDGE('',*,*,#883,.F.);
#883 = EDGE_CURVE('',#884,#876,#886,.T.);
#884 = VERTEX_POINT('',#885);
#885 = CARTESIAN_POINT('',(78.5,93.,215.));
#886 = LINE('',#887,#888);
#887 = CARTESIAN_POINT('',(85.375,86.125,215.));
#888 = VECTOR('',#889,1.);
#889 = DIRECTION('',(0.707106781187,-0.707106781187,0.));
#890 = ORIENTED_EDGE('',*,*,#891,.F.);
#891 = EDGE_CURVE('',#868,#884,#892,.T.);
#892 = LINE('',#893,#894);
#893 = CARTESIAN_POINT('',(35.625,50.125,215.));
#894 = VECTOR('',#895,1.);
#895 = DIRECTION('',(-0.707106781187,-0.707106781187,0.));
#896 = FACE_BOUND('',#897,.T.);
#897 = EDGE_LOOP('',(#898,#908,#916,#924));
#898 = ORIENTED_EDGE('',*,*,#899,.F.);
#899 = EDGE_CURVE('',#900,#902,#904,.T.);
#900 = VERTEX_POINT('',#901);
#901 = CARTESIAN_POINT('',(107.5,93.,215.));
#902 = VERTEX_POINT('',#903);
#903 = CARTESIAN_POINT('',(101.,99.5,215.));
#904 = LINE('',#905,#906);
#905 = CARTESIAN_POINT('',(100.625,99.875,215.));
#906 = VECTOR('',#907,1.);
#907 = DIRECTION('',(-0.707106781187,0.707106781187,0.));
#908 = ORIENTED_EDGE('',*,*,#909,.F.);
#909 = EDGE_CURVE('',#910,#900,#912,.T.);
#910 = VERTEX_POINT('',#911);
#911 = CARTESIAN_POINT('',(101.,86.5,215.));
#912 = LINE('',#913,#914);
#913 = CARTESIAN_POINT('',(57.375,42.875,215.));
#914 = VECTOR('',#915,1.);
#915 = DIRECTION('',(0.707106781187,0.707106781187,-0.));
#916 = ORIENTED_EDGE('',*,*,#917,.F.);
#917 = EDGE_CURVE('',#918,#910,#920,.T.);
#918 = VERTEX_POINT('',#919);
#919 = CARTESIAN_POINT('',(94.5,93.,215.));
#920 = LINE('',#921,#922);
#921 = CARTESIAN_POINT('',(97.375,90.125,215.));
#922 = VECTOR('',#923,1.);
#923 = DIRECTION('',(0.707106781187,-0.707106781187,0.));
#924 = ORIENTED_EDGE('',*,*,#925,.F.);
#925 = EDGE_CURVE('',#902,#918,#926,.T.);
#926 = LINE('',#927,#928);
#927 = CARTESIAN_POINT('',(47.625,46.125,215.));
#928 = VECTOR('',#929,1.);
#929 = DIRECTION('',(-0.707106781187,-0.707106781187,0.));
#930 = FACE_BOUND('',#931,.T.);
#931 = EDGE_LOOP('',(#932,#942,#950,#958));
#932 = ORIENTED_EDGE('',*,*,#933,.F.);
#933 = EDGE_CURVE('',#934,#936,#938,.T.);
#934 = VERTEX_POINT('',#935);
#935 = CARTESIAN_POINT('',(123.5,77.,215.));
#936 = VERTEX_POINT('',#937);
#937 = CARTESIAN_POINT('',(117.,83.5,215.));
#938 = LINE('',#939,#940);
#939 = CARTESIAN_POINT('',(108.625,91.875,215.));
#940 = VECTOR('',#941,1.);
#941 = DIRECTION('',(-0.707106781187,0.707106781187,0.));
#942 = ORIENTED_EDGE('',*,*,#943,.F.);
#943 = EDGE_CURVE('',#944,#934,#946,.T.);
#944 = VERTEX_POINT('',#945);
#945 = CARTESIAN_POINT('',(117.,70.5,215.));
#946 = LINE('',#947,#948);
#947 = CARTESIAN_POINT('',(73.375,26.875,215.));
#948 = VECTOR('',#949,1.);
#949 = DIRECTION('',(0.707106781187,0.707106781187,-0.));
#950 = ORIENTED_EDGE('',*,*,#951,.F.);
#951 = EDGE_CURVE('',#952,#944,#954,.T.);
#952 = VERTEX_POINT('',#953);
#953 = CARTESIAN_POINT('',(110.5,77.,215.));
#954 = LINE('',#955,#956);
#955 = CARTESIAN_POINT('',(105.375,82.125,215.));
#956 = VECTOR('',#957,1.);
#957 = DIRECTION('',(0.707106781187,-0.707106781187,0.));
#958 = ORIENTED_EDGE('',*,*,#959,.F.);
#959 = EDGE_CURVE('',#936,#952,#960,.T.);
#960 = LINE('',#961,#962);
#961 = CARTESIAN_POINT('',(63.625,30.125,215.));
#962 = VECTOR('',#963,1.);
#963 = DIRECTION('',(-0.707106781187,-0.707106781187,0.));
#964 = FACE_BOUND('',#965,.T.);
#965 = EDGE_LOOP('',(#966,#976,#984,#992));
#966 = ORIENTED_EDGE('',*,*,#967,.F.);
#967 = EDGE_CURVE('',#968,#970,#972,.T.);
#968 = VERTEX_POINT('',#969);
#969 = CARTESIAN_POINT('',(115.5,85.,215.));
#970 = VERTEX_POINT('',#971);
#971 = CARTESIAN_POINT('',(109.,91.5,215.));
#972 = LINE('',#973,#974);
#973 = CARTESIAN_POINT('',(104.625,95.875,215.));
#974 = VECTOR('',#975,1.);
#975 = DIRECTION('',(-0.707106781187,0.707106781187,0.));
#976 = ORIENTED_EDGE('',*,*,#977,.F.);
#977 = EDGE_CURVE('',#978,#968,#980,.T.);
#978 = VERTEX_POINT('',#979);
#979 = CARTESIAN_POINT('',(109.,78.5,215.));
#980 = LINE('',#981,#982);
#981 = CARTESIAN_POINT('',(65.375,34.875,215.));
#982 = VECTOR('',#983,1.);
#983 = DIRECTION('',(0.707106781187,0.707106781187,-0.));
#984 = ORIENTED_EDGE('',*,*,#985,.F.);
#985 = EDGE_CURVE('',#986,#978,#988,.T.);
#986 = VERTEX_POINT('',#987);
#987 = CARTESIAN_POINT('',(102.5,85.,215.));
#988 = LINE('',#989,#990);
#989 = CARTESIAN_POINT('',(101.375,86.125,215.));
#990 = VECTOR('',#991,1.);
#991 = DIRECTION('',(0.707106781187,-0.707106781187,0.));
#992 = ORIENTED_EDGE('',*,*,#993,.F.);
#993 = EDGE_CURVE('',#970,#986,#994,.T.);
#994 = LINE('',#995,#996);
#995 = CARTESIAN_POINT('',(55.625,38.125,215.));
#996 = VECTOR('',#997,1.);
#997 = DIRECTION('',(-0.707106781187,-0.707106781187,0.));
#998 = FACE_BOUND('',#999,.T.);
#999 = EDGE_LOOP('',(#1000,#1010,#1018,#1026));
#1000 = ORIENTED_EDGE('',*,*,#1001,.F.);
#1001 = EDGE_CURVE('',#1002,#1004,#1006,.T.);
#1002 = VERTEX_POINT('',#1003);
#1003 = CARTESIAN_POINT('',(123.5,93.,215.));
#1004 = VERTEX_POINT('',#1005);
#1005 = CARTESIAN_POINT('',(117.,99.5,215.));
#1006 = LINE('',#1007,#1008);
#1007 = CARTESIAN_POINT('',(112.625,103.875,215.));
#1008 = VECTOR('',#1009,1.);
#1009 = DIRECTION('',(-0.707106781187,0.707106781187,0.));
#1010 = ORIENTED_EDGE('',*,*,#1011,.F.);
#1011 = EDGE_CURVE('',#1012,#1002,#1014,.T.);
#1012 = VERTEX_POINT('',#1013);
#1013 = CARTESIAN_POINT('',(117.,86.5,215.));
#1014 = LINE('',#1015,#1016);
#1015 = CARTESIAN_POINT('',(69.375,38.875,215.));
#1016 = VECTOR('',#1017,1.);
#1017 = DIRECTION('',(0.707106781187,0.707106781187,-0.));
#1018 = ORIENTED_EDGE('',*,*,#1019,.F.);
#1019 = EDGE_CURVE('',#1020,#1012,#1022,.T.);
#1020 = VERTEX_POINT('',#1021);
#1021 = CARTESIAN_POINT('',(110.5,93.,215.));
#1022 = LINE('',#1023,#1024);
#1023 = CARTESIAN_POINT('',(109.375,94.125,215.));
#1024 = VECTOR('',#1025,1.);
#1025 = DIRECTION('',(0.707106781187,-0.707106781187,0.));
#1026 = ORIENTED_EDGE('',*,*,#1027,.F.);
#1027 = EDGE_CURVE('',#1004,#1020,#1028,.T.);
#1028 = LINE('',#1029,#1030);
#1029 = CARTESIAN_POINT('',(59.625,42.125,215.));
#1030 = VECTOR('',#1031,1.);
#1031 = DIRECTION('',(-0.707106781187,-0.707106781187,0.));
#1032 = FACE_BOUND('',#1033,.T.);
#1033 = EDGE_LOOP('',(#1034,#1044,#1052,#1060));
#1034 = ORIENTED_EDGE('',*,*,#1035,.F.);
#1035 = EDGE_CURVE('',#1036,#1038,#1040,.T.);
#1036 = VERTEX_POINT('',#1037);
#1037 = CARTESIAN_POINT('',(99.5,101.,215.));
#1038 = VERTEX_POINT('',#1039);
#1039 = CARTESIAN_POINT('',(93.,107.5,215.));
#1040 = LINE('',#1041,#1042);
#1041 = CARTESIAN_POINT('',(96.625,103.875,215.));
#1042 = VECTOR('',#1043,1.);
#1043 = DIRECTION('',(-0.707106781187,0.707106781187,0.));
#1044 = ORIENTED_EDGE('',*,*,#1045,.F.);
#1045 = EDGE_CURVE('',#1046,#1036,#1048,.T.);
#1046 = VERTEX_POINT('',#1047);
#1047 = CARTESIAN_POINT('',(93.,94.5,215.));
#1048 = LINE('',#1049,#1050);
#1049 = CARTESIAN_POINT('',(49.375,50.875,215.));
#1050 = VECTOR('',#1051,1.);
#1051 = DIRECTION('',(0.707106781187,0.707106781187,-0.));
#1052 = ORIENTED_EDGE('',*,*,#1053,.F.);
#1053 = EDGE_CURVE('',#1054,#1046,#1056,.T.);
#1054 = VERTEX_POINT('',#1055);
#1055 = CARTESIAN_POINT('',(86.5,101.,215.));
#1056 = LINE('',#1057,#1058);
#1057 = CARTESIAN_POINT('',(93.375,94.125,215.));
#1058 = VECTOR('',#1059,1.);
#1059 = DIRECTION('',(0.707106781187,-0.707106781187,0.));
#1060 = ORIENTED_EDGE('',*,*,#1061,.F.);
#1061 = EDGE_CURVE('',#1038,#1054,#1062,.T.);
#1062 = LINE('',#1063,#1064);
#1063 = CARTESIAN_POINT('',(39.625,54.125,215.));
#1064 = VECTOR('',#1065,1.);
#1065 = DIRECTION('',(-0.707106781187,-0.707106781187,0.));
#1066 = FACE_BOUND('',#1067,.T.);
#1067 = EDGE_LOOP('',(#1068,#1078,#1086,#1094));
#1068 = ORIENTED_EDGE('',*,*,#1069,.F.);
#1069 = EDGE_CURVE('',#1070,#1072,#1074,.T.);
#1070 = VERTEX_POINT('',#1071);
#1071 = CARTESIAN_POINT('',(91.5,109.,215.));
#1072 = VERTEX_POINT('',#1073);
#1073 = CARTESIAN_POINT('',(85.,115.5,215.));
#1074 = LINE('',#1075,#1076);
#1075 = CARTESIAN_POINT('',(92.625,107.875,215.));
#1076 = VECTOR('',#1077,1.);
#1077 = DIRECTION('',(-0.707106781187,0.707106781187,0.));
#1078 = ORIENTED_EDGE('',*,*,#1079,.F.);
#1079 = EDGE_CURVE('',#1080,#1070,#1082,.T.);
#1080 = VERTEX_POINT('',#1081);
#1081 = CARTESIAN_POINT('',(85.,102.5,215.));
#1082 = LINE('',#1083,#1084);
#1083 = CARTESIAN_POINT('',(41.375,58.875,215.));
#1084 = VECTOR('',#1085,1.);
#1085 = DIRECTION('',(0.707106781187,0.707106781187,-0.));
#1086 = ORIENTED_EDGE('',*,*,#1087,.F.);
#1087 = EDGE_CURVE('',#1088,#1080,#1090,.T.);
#1088 = VERTEX_POINT('',#1089);
#1089 = CARTESIAN_POINT('',(78.5,109.,215.));
#1090 = LINE('',#1091,#1092);
#1091 = CARTESIAN_POINT('',(89.375,98.125,215.));
#1092 = VECTOR('',#1093,1.);
#1093 = DIRECTION('',(0.707106781187,-0.707106781187,0.));
#1094 = ORIENTED_EDGE('',*,*,#1095,.F.);
#1095 = EDGE_CURVE('',#1072,#1088,#1096,.T.);
#1096 = LINE('',#1097,#1098);
#1097 = CARTESIAN_POINT('',(31.625,62.125,215.));
#1098 = VECTOR('',#1099,1.);
#1099 = DIRECTION('',(-0.707106781187,-0.707106781187,0.));
#1100 = FACE_BOUND('',#1101,.T.);
#1101 = EDGE_LOOP('',(#1102,#1112,#1120,#1128));
#1102 = ORIENTED_EDGE('',*,*,#1103,.F.);
#1103 = EDGE_CURVE('',#1104,#1106,#1108,.T.);
#1104 = VERTEX_POINT('',#1105);
#1105 = CARTESIAN_POINT('',(107.5,109.,215.));
#1106 = VERTEX_POINT('',#1107);
#1107 = CARTESIAN_POINT('',(101.,115.5,215.));
#1108 = LINE('',#1109,#1110);
#1109 = CARTESIAN_POINT('',(104.625,111.875,215.));
#1110 = VECTOR('',#1111,1.);
#1111 = DIRECTION('',(-0.707106781187,0.707106781187,0.));
#1112 = ORIENTED_EDGE('',*,*,#1113,.F.);
#1113 = EDGE_CURVE('',#1114,#1104,#1116,.T.);
#1114 = VERTEX_POINT('',#1115);
#1115 = CARTESIAN_POINT('',(101.,102.5,215.));
#1116 = LINE('',#1117,#1118);
#1117 = CARTESIAN_POINT('',(53.375,54.875,215.));
#1118 = VECTOR('',#1119,1.);
#1119 = DIRECTION('',(0.707106781187,0.707106781187,-0.));
#1120 = ORIENTED_EDGE('',*,*,#1121,.F.);
#1121 = EDGE_CURVE('',#1122,#1114,#1124,.T.);
#1122 = VERTEX_POINT('',#1123);
#1123 = CARTESIAN_POINT('',(94.5,109.,215.));
#1124 = LINE('',#1125,#1126);
#1125 = CARTESIAN_POINT('',(101.375,102.125,215.));
#1126 = VECTOR('',#1127,1.);
#1127 = DIRECTION('',(0.707106781187,-0.707106781187,0.));
#1128 = ORIENTED_EDGE('',*,*,#1129,.F.);
#1129 = EDGE_CURVE('',#1106,#1122,#1130,.T.);
#1130 = LINE('',#1131,#1132);
#1131 = CARTESIAN_POINT('',(43.625,58.125,215.));
#1132 = VECTOR('',#1133,1.);
#1133 = DIRECTION('',(-0.707106781187,-0.707106781187,0.));
#1134 = FACE_BOUND('',#1135,.T.);
#1135 = EDGE_LOOP('',(#1136,#1146,#1154,#1162));
#1136 = ORIENTED_EDGE('',*,*,#1137,.F.);
#1137 = EDGE_CURVE('',#1138,#1140,#1142,.T.);
#1138 = VERTEX_POINT('',#1139);
#1139 = CARTESIAN_POINT('',(115.5,101.,215.));
#1140 = VERTEX_POINT('',#1141);
#1141 = CARTESIAN_POINT('',(109.,107.5,215.));
#1142 = LINE('',#1143,#1144);
#1143 = CARTESIAN_POINT('',(108.625,107.875,215.));
#1144 = VECTOR('',#1145,1.);
#1145 = DIRECTION('',(-0.707106781187,0.707106781187,0.));
#1146 = ORIENTED_EDGE('',*,*,#1147,.F.);
#1147 = EDGE_CURVE('',#1148,#1138,#1150,.T.);
#1148 = VERTEX_POINT('',#1149);
#1149 = CARTESIAN_POINT('',(109.,94.5,215.));
#1150 = LINE('',#1151,#1152);
#1151 = CARTESIAN_POINT('',(61.375,46.875,215.));
#1152 = VECTOR('',#1153,1.);
#1153 = DIRECTION('',(0.707106781187,0.707106781187,-0.));
#1154 = ORIENTED_EDGE('',*,*,#1155,.F.);
#1155 = EDGE_CURVE('',#1156,#1148,#1158,.T.);
#1156 = VERTEX_POINT('',#1157);
#1157 = CARTESIAN_POINT('',(102.5,101.,215.));
#1158 = LINE('',#1159,#1160);
#1159 = CARTESIAN_POINT('',(105.375,98.125,215.));
#1160 = VECTOR('',#1161,1.);
#1161 = DIRECTION('',(0.707106781187,-0.707106781187,0.));
#1162 = ORIENTED_EDGE('',*,*,#1163,.F.);
#1163 = EDGE_CURVE('',#1140,#1156,#1164,.T.);
#1164 = LINE('',#1165,#1166);
#1165 = CARTESIAN_POINT('',(51.625,50.125,215.));
#1166 = VECTOR('',#1167,1.);
#1167 = DIRECTION('',(-0.707106781187,-0.707106781187,0.));
#1168 = FACE_BOUND('',#1169,.T.);
#1169 = EDGE_LOOP('',(#1170,#1180,#1188,#1196));
#1170 = ORIENTED_EDGE('',*,*,#1171,.F.);
#1171 = EDGE_CURVE('',#1172,#1174,#1176,.T.);
#1172 = VERTEX_POINT('',#1173);
#1173 = CARTESIAN_POINT('',(123.5,109.,215.));
#1174 = VERTEX_POINT('',#1175);
#1175 = CARTESIAN_POINT('',(117.,115.5,215.));
#1176 = LINE('',#1177,#1178);
#1177 = CARTESIAN_POINT('',(116.625,115.875,215.));
#1178 = VECTOR('',#1179,1.);
#1179 = DIRECTION('',(-0.707106781187,0.707106781187,0.));
#1180 = ORIENTED_EDGE('',*,*,#1181,.F.);
#1181 = EDGE_CURVE('',#1182,#1172,#1184,.T.);
#1182 = VERTEX_POINT('',#1183);
#1183 = CARTESIAN_POINT('',(117.,102.5,215.));
#1184 = LINE('',#1185,#1186);
#1185 = CARTESIAN_POINT('',(65.375,50.875,215.));
#1186 = VECTOR('',#1187,1.);
#1187 = DIRECTION('',(0.707106781187,0.707106781187,-0.));
#1188 = ORIENTED_EDGE('',*,*,#1189,.F.);
#1189 = EDGE_CURVE('',#1190,#1182,#1192,.T.);
#1190 = VERTEX_POINT('',#1191);
#1191 = CARTESIAN_POINT('',(110.5,109.,215.));
#1192 = LINE('',#1193,#1194);
#1193 = CARTESIAN_POINT('',(113.375,106.125,215.));
#1194 = VECTOR('',#1195,1.);
#1195 = DIRECTION('',(0.707106781187,-0.707106781187,0.));
#1196 = ORIENTED_EDGE('',*,*,#1197,.F.);
#1197 = EDGE_CURVE('',#1174,#1190,#1198,.T.);
#1198 = LINE('',#1199,#1200);
#1199 = CARTESIAN_POINT('',(55.625,54.125,215.));
#1200 = VECTOR('',#1201,1.);
#1201 = DIRECTION('',(-0.707106781187,-0.707106781187,0.));
#1202 = FACE_BOUND('',#1203,.T.);
#1203 = EDGE_LOOP('',(#1204,#1214,#1222,#1230));
#1204 = ORIENTED_EDGE('',*,*,#1205,.F.);
#1205 = EDGE_CURVE('',#1206,#1208,#1210,.T.);
#1206 = VERTEX_POINT('',#1207);
#1207 = CARTESIAN_POINT('',(131.5,85.,215.));
#1208 = VERTEX_POINT('',#1209);
#1209 = CARTESIAN_POINT('',(125.,91.5,215.));
#1210 = LINE('',#1211,#1212);
#1211 = CARTESIAN_POINT('',(116.625,99.875,215.));
#1212 = VECTOR('',#1213,1.);
#1213 = DIRECTION('',(-0.707106781187,0.707106781187,0.));
#1214 = ORIENTED_EDGE('',*,*,#1215,.F.);
#1215 = EDGE_CURVE('',#1216,#1206,#1218,.T.);
#1216 = VERTEX_POINT('',#1217);
#1217 = CARTESIAN_POINT('',(125.,78.5,215.));
#1218 = LINE('',#1219,#1220);
#1219 = CARTESIAN_POINT('',(77.375,30.875,215.));
#1220 = VECTOR('',#1221,1.);
#1221 = DIRECTION('',(0.707106781187,0.707106781187,-0.));
#1222 = ORIENTED_EDGE('',*,*,#1223,.F.);
#1223 = EDGE_CURVE('',#1224,#1216,#1226,.T.);
#1224 = VERTEX_POINT('',#1225);
#1225 = CARTESIAN_POINT('',(118.5,85.,215.));
#1226 = LINE('',#1227,#1228);
#1227 = CARTESIAN_POINT('',(113.375,90.125,215.));
#1228 = VECTOR('',#1229,1.);
#1229 = DIRECTION('',(0.707106781187,-0.707106781187,0.));
#1230 = ORIENTED_EDGE('',*,*,#1231,.F.);
#1231 = EDGE_CURVE('',#1208,#1224,#1232,.T.);
#1232 = LINE('',#1233,#1234);
#1233 = CARTESIAN_POINT('',(67.625,34.125,215.));
#1234 = VECTOR('',#1235,1.);
#1235 = DIRECTION('',(-0.707106781187,-0.707106781187,0.));
#1236 = FACE_BOUND('',#1237,.T.);
#1237 = EDGE_LOOP('',(#1238,#1248,#1256,#1264));
#1238 = ORIENTED_EDGE('',*,*,#1239,.F.);
#1239 = EDGE_CURVE('',#1240,#1242,#1244,.T.);
#1240 = VERTEX_POINT('',#1241);
#1241 = CARTESIAN_POINT('',(131.5,101.,215.));
#1242 = VERTEX_POINT('',#1243);
#1243 = CARTESIAN_POINT('',(125.,107.5,215.));
#1244 = LINE('',#1245,#1246);
#1245 = CARTESIAN_POINT('',(120.625,111.875,215.));
#1246 = VECTOR('',#1247,1.);
#1247 = DIRECTION('',(-0.707106781187,0.707106781187,0.));
#1248 = ORIENTED_EDGE('',*,*,#1249,.F.);
#1249 = EDGE_CURVE('',#1250,#1240,#1252,.T.);
#1250 = VERTEX_POINT('',#1251);
#1251 = CARTESIAN_POINT('',(125.,94.5,215.));
#1252 = LINE('',#1253,#1254);
#1253 = CARTESIAN_POINT('',(73.375,42.875,215.));
#1254 = VECTOR('',#1255,1.);
#1255 = DIRECTION('',(0.707106781187,0.707106781187,-0.));
#1256 = ORIENTED_EDGE('',*,*,#1257,.F.);
#1257 = EDGE_CURVE('',#1258,#1250,#1260,.T.);
#1258 = VERTEX_POINT('',#1259);
#1259 = CARTESIAN_POINT('',(118.5,101.,215.));
#1260 = LINE('',#1261,#1262);
#1261 = CARTESIAN_POINT('',(117.375,102.125,215.));
#1262 = VECTOR('',#1263,1.);
#1263 = DIRECTION('',(0.707106781187,-0.707106781187,0.));
#1264 = ORIENTED_EDGE('',*,*,#1265,.F.);
#1265 = EDGE_CURVE('',#1242,#1258,#1266,.T.);
#1266 = LINE('',#1267,#1268);
#1267 = CARTESIAN_POINT('',(63.625,46.125,215.));
#1268 = VECTOR('',#1269,1.);
#1269 = DIRECTION('',(-0.707106781187,-0.707106781187,0.));
#1270 = FACE_BOUND('',#1271,.T.);
#1271 = EDGE_LOOP('',(#1272,#1282,#1290,#1298));
#1272 = ORIENTED_EDGE('',*,*,#1273,.F.);
#1273 = EDGE_CURVE('',#1274,#1276,#1278,.T.);
#1274 = VERTEX_POINT('',#1275);
#1275 = CARTESIAN_POINT('',(99.5,117.,215.));
#1276 = VERTEX_POINT('',#1277);
#1277 = CARTESIAN_POINT('',(93.,123.5,215.));
#1278 = LINE('',#1279,#1280);
#1279 = CARTESIAN_POINT('',(100.625,115.875,215.));
#1280 = VECTOR('',#1281,1.);
#1281 = DIRECTION('',(-0.707106781187,0.707106781187,0.));
#1282 = ORIENTED_EDGE('',*,*,#1283,.F.);
#1283 = EDGE_CURVE('',#1284,#1274,#1286,.T.);
#1284 = VERTEX_POINT('',#1285);
#1285 = CARTESIAN_POINT('',(93.,110.5,215.));
#1286 = LINE('',#1287,#1288);
#1287 = CARTESIAN_POINT('',(45.375,62.875,215.));
#1288 = VECTOR('',#1289,1.);
#1289 = DIRECTION('',(0.707106781187,0.707106781187,-0.));
#1290 = ORIENTED_EDGE('',*,*,#1291,.F.);
#1291 = EDGE_CURVE('',#1292,#1284,#1294,.T.);
#1292 = VERTEX_POINT('',#1293);
#1293 = CARTESIAN_POINT('',(86.5,117.,215.));
#1294 = LINE('',#1295,#1296);
#1295 = CARTESIAN_POINT('',(97.375,106.125,215.));
#1296 = VECTOR('',#1297,1.);
#1297 = DIRECTION('',(0.707106781187,-0.707106781187,0.));
#1298 = ORIENTED_EDGE('',*,*,#1299,.F.);
#1299 = EDGE_CURVE('',#1276,#1292,#1300,.T.);
#1300 = LINE('',#1301,#1302);
#1301 = CARTESIAN_POINT('',(35.625,66.125,215.));
#1302 = VECTOR('',#1303,1.);
#1303 = DIRECTION('',(-0.707106781187,-0.707106781187,0.));
#1304 = FACE_BOUND('',#1305,.T.);
#1305 = EDGE_LOOP('',(#1306,#1316,#1324,#1332));
#1306 = ORIENTED_EDGE('',*,*,#1307,.F.);
#1307 = EDGE_CURVE('',#1308,#1310,#1312,.T.);
#1308 = VERTEX_POINT('',#1309);
#1309 = CARTESIAN_POINT('',(91.5,125.,215.));
#1310 = VERTEX_POINT('',#1311);
#1311 = CARTESIAN_POINT('',(85.,131.5,215.));
#1312 = LINE('',#1313,#1314);
#1313 = CARTESIAN_POINT('',(96.625,119.875,215.));
#1314 = VECTOR('',#1315,1.);
#1315 = DIRECTION('',(-0.707106781187,0.707106781187,0.));
#1316 = ORIENTED_EDGE('',*,*,#1317,.F.);
#1317 = EDGE_CURVE('',#1318,#1308,#1320,.T.);
#1318 = VERTEX_POINT('',#1319);
#1319 = CARTESIAN_POINT('',(85.,118.5,215.));
#1320 = LINE('',#1321,#1322);
#1321 = CARTESIAN_POINT('',(37.375,70.875,215.));
#1322 = VECTOR('',#1323,1.);
#1323 = DIRECTION('',(0.707106781187,0.707106781187,-0.));
#1324 = ORIENTED_EDGE('',*,*,#1325,.F.);
#1325 = EDGE_CURVE('',#1326,#1318,#1328,.T.);
#1326 = VERTEX_POINT('',#1327);
#1327 = CARTESIAN_POINT('',(78.5,125.,215.));
#1328 = LINE('',#1329,#1330);
#1329 = CARTESIAN_POINT('',(93.375,110.125,215.));
#1330 = VECTOR('',#1331,1.);
#1331 = DIRECTION('',(0.707106781187,-0.707106781187,0.));
#1332 = ORIENTED_EDGE('',*,*,#1333,.F.);
#1333 = EDGE_CURVE('',#1310,#1326,#1334,.T.);
#1334 = LINE('',#1335,#1336);
#1335 = CARTESIAN_POINT('',(27.625,74.125,215.));
#1336 = VECTOR('',#1337,1.);
#1337 = DIRECTION('',(-0.707106781187,-0.707106781187,0.));
#1338 = FACE_BOUND('',#1339,.T.);
#1339 = EDGE_LOOP('',(#1340,#1350,#1358,#1366));
#1340 = ORIENTED_EDGE('',*,*,#1341,.F.);
#1341 = EDGE_CURVE('',#1342,#1344,#1346,.T.);
#1342 = VERTEX_POINT('',#1343);
#1343 = CARTESIAN_POINT('',(107.5,125.,215.));
#1344 = VERTEX_POINT('',#1345);
#1345 = CARTESIAN_POINT('',(101.,131.5,215.));
#1346 = LINE('',#1347,#1348);
#1347 = CARTESIAN_POINT('',(108.625,123.875,215.));
#1348 = VECTOR('',#1349,1.);
#1349 = DIRECTION('',(-0.707106781187,0.707106781187,0.));
#1350 = ORIENTED_EDGE('',*,*,#1351,.F.);
#1351 = EDGE_CURVE('',#1352,#1342,#1354,.T.);
#1352 = VERTEX_POINT('',#1353);
#1353 = CARTESIAN_POINT('',(101.,118.5,215.));
#1354 = LINE('',#1355,#1356);
#1355 = CARTESIAN_POINT('',(49.375,66.875,215.));
#1356 = VECTOR('',#1357,1.);
#1357 = DIRECTION('',(0.707106781187,0.707106781187,-0.));
#1358 = ORIENTED_EDGE('',*,*,#1359,.F.);
#1359 = EDGE_CURVE('',#1360,#1352,#1362,.T.);
#1360 = VERTEX_POINT('',#1361);
#1361 = CARTESIAN_POINT('',(94.5,125.,215.));
#1362 = LINE('',#1363,#1364);
#1363 = CARTESIAN_POINT('',(105.375,114.125,215.));
#1364 = VECTOR('',#1365,1.);
#1365 = DIRECTION('',(0.707106781187,-0.707106781187,0.));
#1366 = ORIENTED_EDGE('',*,*,#1367,.F.);
#1367 = EDGE_CURVE('',#1344,#1360,#1368,.T.);
#1368 = LINE('',#1369,#1370);
#1369 = CARTESIAN_POINT('',(39.625,70.125,215.));
#1370 = VECTOR('',#1371,1.);
#1371 = DIRECTION('',(-0.707106781187,-0.707106781187,0.));
#1372 = FACE_BOUND('',#1373,.T.);
#1373 = EDGE_LOOP('',(#1374,#1384,#1392,#1400));
#1374 = ORIENTED_EDGE('',*,*,#1375,.F.);
#1375 = EDGE_CURVE('',#1376,#1378,#1380,.T.);
#1376 = VERTEX_POINT('',#1377);
#1377 = CARTESIAN_POINT('',(115.5,117.,215.));
#1378 = VERTEX_POINT('',#1379);
#1379 = CARTESIAN_POINT('',(109.,123.5,215.));
#1380 = LINE('',#1381,#1382);
#1381 = CARTESIAN_POINT('',(112.625,119.875,215.));
#1382 = VECTOR('',#1383,1.);
#1383 = DIRECTION('',(-0.707106781187,0.707106781187,0.));
#1384 = ORIENTED_EDGE('',*,*,#1385,.F.);
#1385 = EDGE_CURVE('',#1386,#1376,#1388,.T.);
#1386 = VERTEX_POINT('',#1387);
#1387 = CARTESIAN_POINT('',(109.,110.5,215.));
#1388 = LINE('',#1389,#1390);
#1389 = CARTESIAN_POINT('',(57.375,58.875,215.));
#1390 = VECTOR('',#1391,1.);
#1391 = DIRECTION('',(0.707106781187,0.707106781187,-0.));
#1392 = ORIENTED_EDGE('',*,*,#1393,.F.);
#1393 = EDGE_CURVE('',#1394,#1386,#1396,.T.);
#1394 = VERTEX_POINT('',#1395);
#1395 = CARTESIAN_POINT('',(102.5,117.,215.));
#1396 = LINE('',#1397,#1398);
#1397 = CARTESIAN_POINT('',(109.375,110.125,215.));
#1398 = VECTOR('',#1399,1.);
#1399 = DIRECTION('',(0.707106781187,-0.707106781187,0.));
#1400 = ORIENTED_EDGE('',*,*,#1401,.F.);
#1401 = EDGE_CURVE('',#1378,#1394,#1402,.T.);
#1402 = LINE('',#1403,#1404);
#1403 = CARTESIAN_POINT('',(47.625,62.125,215.));
#1404 = VECTOR('',#1405,1.);
#1405 = DIRECTION('',(-0.707106781187,-0.707106781187,0.));
#1406 = FACE_BOUND('',#1407,.T.);
#1407 = EDGE_LOOP('',(#1408,#1418,#1426,#1434));
#1408 = ORIENTED_EDGE('',*,*,#1409,.F.);
#1409 = EDGE_CURVE('',#1410,#1412,#1414,.T.);
#1410 = VERTEX_POINT('',#1411);
#1411 = CARTESIAN_POINT('',(123.5,125.,215.));
#1412 = VERTEX_POINT('',#1413);
#1413 = CARTESIAN_POINT('',(117.,131.5,215.));
#1414 = LINE('',#1415,#1416);
#1415 = CARTESIAN_POINT('',(120.625,127.875,215.));
#1416 = VECTOR('',#1417,1.);
#1417 = DIRECTION('',(-0.707106781187,0.707106781187,0.));
#1418 = ORIENTED_EDGE('',*,*,#1419,.F.);
#1419 = EDGE_CURVE('',#1420,#1410,#1422,.T.);
#1420 = VERTEX_POINT('',#1421);
#1421 = CARTESIAN_POINT('',(117.,118.5,215.));
#1422 = LINE('',#1423,#1424);
#1423 = CARTESIAN_POINT('',(61.375,62.875,215.));
#1424 = VECTOR('',#1425,1.);
#1425 = DIRECTION('',(0.707106781187,0.707106781187,-0.));
#1426 = ORIENTED_EDGE('',*,*,#1427,.F.);
#1427 = EDGE_CURVE('',#1428,#1420,#1430,.T.);
#1428 = VERTEX_POINT('',#1429);
#1429 = CARTESIAN_POINT('',(110.5,125.,215.));
#1430 = LINE('',#1431,#1432);
#1431 = CARTESIAN_POINT('',(117.375,118.125,215.));
#1432 = VECTOR('',#1433,1.);
#1433 = DIRECTION('',(0.707106781187,-0.707106781187,0.));
#1434 = ORIENTED_EDGE('',*,*,#1435,.F.);
#1435 = EDGE_CURVE('',#1412,#1428,#1436,.T.);
#1436 = LINE('',#1437,#1438);
#1437 = CARTESIAN_POINT('',(51.625,66.125,215.));
#1438 = VECTOR('',#1439,1.);
#1439 = DIRECTION('',(-0.707106781187,-0.707106781187,0.));
#1440 = FACE_BOUND('',#1441,.T.);
#1441 = EDGE_LOOP('',(#1442,#1452,#1460,#1468));
#1442 = ORIENTED_EDGE('',*,*,#1443,.F.);
#1443 = EDGE_CURVE('',#1444,#1446,#1448,.T.);
#1444 = VERTEX_POINT('',#1445);
#1445 = CARTESIAN_POINT('',(99.5,133.,215.));
#1446 = VERTEX_POINT('',#1447);
#1447 = CARTESIAN_POINT('',(93.,139.5,215.));
#1448 = LINE('',#1449,#1450);
#1449 = CARTESIAN_POINT('',(104.625,127.875,215.));
#1450 = VECTOR('',#1451,1.);
#1451 = DIRECTION('',(-0.707106781187,0.707106781187,0.));
#1452 = ORIENTED_EDGE('',*,*,#1453,.F.);
#1453 = EDGE_CURVE('',#1454,#1444,#1456,.T.);
#1454 = VERTEX_POINT('',#1455);
#1455 = CARTESIAN_POINT('',(93.,126.5,215.));
#1456 = LINE('',#1457,#1458);
#1457 = CARTESIAN_POINT('',(41.375,74.875,215.));
#1458 = VECTOR('',#1459,1.);
#1459 = DIRECTION('',(0.707106781187,0.707106781187,-0.));
#1460 = ORIENTED_EDGE('',*,*,#1461,.F.);
#1461 = EDGE_CURVE('',#1462,#1454,#1464,.T.);
#1462 = VERTEX_POINT('',#1463);
#1463 = CARTESIAN_POINT('',(86.5,133.,215.));
#1464 = LINE('',#1465,#1466);
#1465 = CARTESIAN_POINT('',(101.375,118.125,215.));
#1466 = VECTOR('',#1467,1.);
#1467 = DIRECTION('',(0.707106781187,-0.707106781187,0.));
#1468 = ORIENTED_EDGE('',*,*,#1469,.F.);
#1469 = EDGE_CURVE('',#1446,#1462,#1470,.T.);
#1470 = LINE('',#1471,#1472);
#1471 = CARTESIAN_POINT('',(31.625,78.125,215.));
#1472 = VECTOR('',#1473,1.);
#1473 = DIRECTION('',(-0.707106781187,-0.707106781187,0.));
#1474 = FACE_BOUND('',#1475,.T.);
#1475 = EDGE_LOOP('',(#1476,#1486,#1494,#1502));
#1476 = ORIENTED_EDGE('',*,*,#1477,.F.);
#1477 = EDGE_CURVE('',#1478,#1480,#1482,.T.);
#1478 = VERTEX_POINT('',#1479);
#1479 = CARTESIAN_POINT('',(115.5,133.,215.));
#1480 = VERTEX_POINT('',#1481);
#1481 = CARTESIAN_POINT('',(109.,139.5,215.));
#1482 = LINE('',#1483,#1484);
#1483 = CARTESIAN_POINT('',(116.625,131.875,215.));
#1484 = VECTOR('',#1485,1.);
#1485 = DIRECTION('',(-0.707106781187,0.707106781187,0.));
#1486 = ORIENTED_EDGE('',*,*,#1487,.F.);
#1487 = EDGE_CURVE('',#1488,#1478,#1490,.T.);
#1488 = VERTEX_POINT('',#1489);
#1489 = CARTESIAN_POINT('',(109.,126.5,215.));
#1490 = LINE('',#1491,#1492);
#1491 = CARTESIAN_POINT('',(53.375,70.875,215.));
#1492 = VECTOR('',#1493,1.);
#1493 = DIRECTION('',(0.707106781187,0.707106781187,-0.));
#1494 = ORIENTED_EDGE('',*,*,#1495,.F.);
#1495 = EDGE_CURVE('',#1496,#1488,#1498,.T.);
#1496 = VERTEX_POINT('',#1497);
#1497 = CARTESIAN_POINT('',(102.5,133.,215.));
#1498 = LINE('',#1499,#1500);
#1499 = CARTESIAN_POINT('',(113.375,122.125,215.));
#1500 = VECTOR('',#1501,1.);
#1501 = DIRECTION('',(0.707106781187,-0.707106781187,0.));
#1502 = ORIENTED_EDGE('',*,*,#1503,.F.);
#1503 = EDGE_CURVE('',#1480,#1496,#1504,.T.);
#1504 = LINE('',#1505,#1506);
#1505 = CARTESIAN_POINT('',(43.625,74.125,215.));
#1506 = VECTOR('',#1507,1.);
#1507 = DIRECTION('',(-0.707106781187,-0.707106781187,0.));
#1508 = FACE_BOUND('',#1509,.T.);
#1509 = EDGE_LOOP('',(#1510,#1520,#1528,#1536));
#1510 = ORIENTED_EDGE('',*,*,#1511,.F.);
#1511 = EDGE_CURVE('',#1512,#1514,#1516,.T.);
#1512 = VERTEX_POINT('',#1513);
#1513 = CARTESIAN_POINT('',(131.5,117.,215.));
#1514 = VERTEX_POINT('',#1515);
#1515 = CARTESIAN_POINT('',(125.,123.5,215.));
#1516 = LINE('',#1517,#1518);
#1517 = CARTESIAN_POINT('',(124.625,123.875,215.));
#1518 = VECTOR('',#1519,1.);
#1519 = DIRECTION('',(-0.707106781187,0.707106781187,0.));
#1520 = ORIENTED_EDGE('',*,*,#1521,.F.);
#1521 = EDGE_CURVE('',#1522,#1512,#1524,.T.);
#1522 = VERTEX_POINT('',#1523);
#1523 = CARTESIAN_POINT('',(125.,110.5,215.));
#1524 = LINE('',#1525,#1526);
#1525 = CARTESIAN_POINT('',(69.375,54.875,215.));
#1526 = VECTOR('',#1527,1.);
#1527 = DIRECTION('',(0.707106781187,0.707106781187,-0.));
#1528 = ORIENTED_EDGE('',*,*,#1529,.F.);
#1529 = EDGE_CURVE('',#1530,#1522,#1532,.T.);
#1530 = VERTEX_POINT('',#1531);
#1531 = CARTESIAN_POINT('',(118.5,117.,215.));
#1532 = LINE('',#1533,#1534);
#1533 = CARTESIAN_POINT('',(121.375,114.125,215.));
#1534 = VECTOR('',#1535,1.);
#1535 = DIRECTION('',(0.707106781187,-0.707106781187,0.));
#1536 = ORIENTED_EDGE('',*,*,#1537,.F.);
#1537 = EDGE_CURVE('',#1514,#1530,#1538,.T.);
#1538 = LINE('',#1539,#1540);
#1539 = CARTESIAN_POINT('',(59.625,58.125,215.));
#1540 = VECTOR('',#1541,1.);
#1541 = DIRECTION('',(-0.707106781187,-0.707106781187,0.));
#1542 = FACE_BOUND('',#1543,.T.);
#1543 = EDGE_LOOP('',(#1544));
#1544 = ORIENTED_EDGE('',*,*,#1545,.F.);
#1545 = EDGE_CURVE('',#1546,#1546,#1548,.T.);
#1546 = VERTEX_POINT('',#1547);
#1547 = CARTESIAN_POINT('',(136.35,142.25,215.));
#1548 = CIRCLE('',#1549,2.1);
#1549 = AXIS2_PLACEMENT_3D('',#1550,#1551,#1552);
#1550 = CARTESIAN_POINT('',(134.25,142.25,215.));
#1551 = DIRECTION('',(0.,0.,1.));
#1552 = DIRECTION('',(1.,0.,-0.));
#1553 = FACE_BOUND('',#1554,.T.);
#1554 = EDGE_LOOP('',(#1555,#1565,#1573,#1581));
#1555 = ORIENTED_EDGE('',*,*,#1556,.T.);
#1556 = EDGE_CURVE('',#1557,#1559,#1561,.T.);
#1557 = VERTEX_POINT('',#1558);
#1558 = CARTESIAN_POINT('',(160.,126.,215.));
#1559 = VERTEX_POINT('',#1560);
#1560 = CARTESIAN_POINT('',(142.,126.,215.));
#1561 = LINE('',#1562,#1563);
#1562 = CARTESIAN_POINT('',(71.,126.,215.));
#1563 = VECTOR('',#1564,1.);
#1564 = DIRECTION('',(-1.,-0.,0.));
#1565 = ORIENTED_EDGE('',*,*,#1566,.T.);
#1566 = EDGE_CURVE('',#1559,#1567,#1569,.T.);
#1567 = VERTEX_POINT('',#1568);
#1568 = CARTESIAN_POINT('',(142.,140.,215.));
#1569 = LINE('',#1570,#1571);
#1570 = CARTESIAN_POINT('',(142.,63.,215.));
#1571 = VECTOR('',#1572,1.);
#1572 = DIRECTION('',(-0.,1.,0.));
#1573 = ORIENTED_EDGE('',*,*,#1574,.F.);
#1574 = EDGE_CURVE('',#1575,#1567,#1577,.T.);
#1575 = VERTEX_POINT('',#1576);
#1576 = CARTESIAN_POINT('',(160.,140.,215.));
#1577 = LINE('',#1578,#1579);
#1578 = CARTESIAN_POINT('',(71.,140.,215.));
#1579 = VECTOR('',#1580,1.);
#1580 = DIRECTION('',(-1.,-0.,0.));
#1581 = ORIENTED_EDGE('',*,*,#1582,.F.);
#1582 = EDGE_CURVE('',#1557,#1575,#1583,.T.);
#1583 = LINE('',#1584,#1585);
#1584 = CARTESIAN_POINT('',(160.,63.,215.));
#1585 = VECTOR('',#1586,1.);
#1586 = DIRECTION('',(-0.,1.,0.));
#1587 = PLANE('',#1588);
#1588 = AXIS2_PLACEMENT_3D('',#1589,#1590,#1591);
#1589 = CARTESIAN_POINT('',(0.,0.,215.));
#1590 = DIRECTION('',(0.,0.,1.));
#1591 = DIRECTION('',(1.,0.,-0.));
#1592 = ADVANCED_FACE('',(#1593,#1611),#1677,.T.);
#1593 = FACE_BOUND('',#1594,.T.);
#1594 = EDGE_LOOP('',(#1595,#1603,#1604,#1605));
#1595 = ORIENTED_EDGE('',*,*,#1596,.F.);
#1596 = EDGE_CURVE('',#64,#1597,#1599,.T.);
#1597 = VERTEX_POINT('',#1598);
#1598 = CARTESIAN_POINT('',(186.,151.5,138.));
#1599 = LINE('',#1600,#1601);
#1600 = CARTESIAN_POINT('',(0.,151.5,138.));
#1601 = VECTOR('',#1602,1.);
#1602 = DIRECTION('',(1.,0.,-0.));
#1603 = ORIENTED_EDGE('',*,*,#71,.T.);
#1604 = ORIENTED_EDGE('',*,*,#134,.T.);
#1605 = ORIENTED_EDGE('',*,*,#1606,.F.);
#1606 = EDGE_CURVE('',#1597,#127,#1607,.T.);
#1607 = LINE('',#1608,#1609);
#1608 = CARTESIAN_POINT('',(186.,151.5,138.));
#1609 = VECTOR('',#1610,1.);
#1610 = DIRECTION('',(0.,0.,1.));
#1611 = FACE_BOUND('',#1612,.T.);
#1612 = EDGE_LOOP('',(#1613,#1623,#1631,#1639,#1647,#1655,#1663,#1671));
#1613 = ORIENTED_EDGE('',*,*,#1614,.F.);
#1614 = EDGE_CURVE('',#1615,#1617,#1619,.T.);
#1615 = VERTEX_POINT('',#1616);
#1616 = CARTESIAN_POINT('',(21.1,151.5,209.5));
#1617 = VERTEX_POINT('',#1618);
#1618 = CARTESIAN_POINT('',(85.,151.5,209.5));
#1619 = LINE('',#1620,#1621);
#1620 = CARTESIAN_POINT('',(10.55,151.5,209.5));
#1621 = VECTOR('',#1622,1.);
#1622 = DIRECTION('',(1.,0.,-0.));
#1623 = ORIENTED_EDGE('',*,*,#1624,.T.);
#1624 = EDGE_CURVE('',#1615,#1625,#1627,.T.);
#1625 = VERTEX_POINT('',#1626);
#1626 = CARTESIAN_POINT('',(21.1,151.5,165.));
#1627 = LINE('',#1628,#1629);
#1628 = CARTESIAN_POINT('',(21.1,151.5,151.5));
#1629 = VECTOR('',#1630,1.);
#1630 = DIRECTION('',(-0.,0.,-1.));
#1631 = ORIENTED_EDGE('',*,*,#1632,.T.);
#1632 = EDGE_CURVE('',#1625,#1633,#1635,.T.);
#1633 = VERTEX_POINT('',#1634);
#1634 = CARTESIAN_POINT('',(164.9,151.5,165.));
#1635 = LINE('',#1636,#1637);
#1636 = CARTESIAN_POINT('',(10.55,151.5,165.));
#1637 = VECTOR('',#1638,1.);
#1638 = DIRECTION('',(1.,0.,-0.));
#1639 = ORIENTED_EDGE('',*,*,#1640,.F.);
#1640 = EDGE_CURVE('',#1641,#1633,#1643,.T.);
#1641 = VERTEX_POINT('',#1642);
#1642 = CARTESIAN_POINT('',(164.9,151.5,209.5));
#1643 = LINE('',#1644,#1645);
#1644 = CARTESIAN_POINT('',(164.9,151.5,151.5));
#1645 = VECTOR('',#1646,1.);
#1646 = DIRECTION('',(-0.,0.,-1.));
#1647 = ORIENTED_EDGE('',*,*,#1648,.F.);
#1648 = EDGE_CURVE('',#1649,#1641,#1651,.T.);
#1649 = VERTEX_POINT('',#1650);
#1650 = CARTESIAN_POINT('',(101.,151.5,209.5));
#1651 = LINE('',#1652,#1653);
#1652 = CARTESIAN_POINT('',(10.55,151.5,209.5));
#1653 = VECTOR('',#1654,1.);
#1654 = DIRECTION('',(1.,0.,-0.));
#1655 = ORIENTED_EDGE('',*,*,#1656,.F.);
#1656 = EDGE_CURVE('',#1657,#1649,#1659,.T.);
#1657 = VERTEX_POINT('',#1658);
#1658 = CARTESIAN_POINT('',(101.,151.5,212.));
#1659 = LINE('',#1660,#1661);
#1660 = CARTESIAN_POINT('',(101.,151.5,173.25));
#1661 = VECTOR('',#1662,1.);
#1662 = DIRECTION('',(-0.,0.,-1.));
#1663 = ORIENTED_EDGE('',*,*,#1664,.F.);
#1664 = EDGE_CURVE('',#1665,#1657,#1667,.T.);
#1665 = VERTEX_POINT('',#1666);
#1666 = CARTESIAN_POINT('',(85.,151.5,212.));
#1667 = LINE('',#1668,#1669);
#1668 = CARTESIAN_POINT('',(42.5,151.5,212.));
#1669 = VECTOR('',#1670,1.);
#1670 = DIRECTION('',(1.,0.,-0.));
#1671 = ORIENTED_EDGE('',*,*,#1672,.T.);
#1672 = EDGE_CURVE('',#1665,#1617,#1673,.T.);
#1673 = LINE('',#1674,#1675);
#1674 = CARTESIAN_POINT('',(85.,151.5,173.25));
#1675 = VECTOR('',#1676,1.);
#1676 = DIRECTION('',(-0.,0.,-1.));
#1677 = PLANE('',#1678);
#1678 = AXIS2_PLACEMENT_3D('',#1679,#1680,#1681);
#1679 = CARTESIAN_POINT('',(0.,151.5,138.));
#1680 = DIRECTION('',(-0.,1.,0.));
#1681 = DIRECTION('',(0.,0.,1.));
#1682 = ADVANCED_FACE('',(#1683),#1715,.F.);
#1683 = FACE_BOUND('',#1684,.F.);
#1684 = EDGE_LOOP('',(#1685,#1693,#1701,#1707,#1708,#1714));
#1685 = ORIENTED_EDGE('',*,*,#1686,.F.);
#1686 = EDGE_CURVE('',#1687,#22,#1689,.T.);
#1687 = VERTEX_POINT('',#1688);
#1688 = CARTESIAN_POINT('',(0.,0.,133.5));
#1689 = LINE('',#1690,#1691);
#1690 = CARTESIAN_POINT('',(0.,0.,133.5));
#1691 = VECTOR('',#1692,1.);
#1692 = DIRECTION('',(0.,0.,1.));
#1693 = ORIENTED_EDGE('',*,*,#1694,.T.);
#1694 = EDGE_CURVE('',#1687,#1695,#1697,.T.);
#1695 = VERTEX_POINT('',#1696);
#1696 = CARTESIAN_POINT('',(0.,151.5,133.5));
#1697 = LINE('',#1698,#1699);
#1698 = CARTESIAN_POINT('',(0.,0.,133.5));
#1699 = VECTOR('',#1700,1.);
#1700 = DIRECTION('',(-0.,1.,0.));
#1701 = ORIENTED_EDGE('',*,*,#1702,.T.);
#1702 = EDGE_CURVE('',#1695,#64,#1703,.T.);
#1703 = LINE('',#1704,#1705);
#1704 = CARTESIAN_POINT('',(0.,151.5,133.5));
#1705 = VECTOR('',#1706,1.);
#1706 = DIRECTION('',(0.,0.,1.));
#1707 = ORIENTED_EDGE('',*,*,#63,.F.);
#1708 = ORIENTED_EDGE('',*,*,#1709,.F.);
#1709 = EDGE_CURVE('',#32,#56,#1710,.T.);
#1710 = LINE('',#1711,#1712);
#1711 = CARTESIAN_POINT('',(0.,0.,138.));
#1712 = VECTOR('',#1713,1.);
#1713 = DIRECTION('',(-0.,1.,0.));
#1714 = ORIENTED_EDGE('',*,*,#31,.F.);
#1715 = PLANE('',#1716);
#1716 = AXIS2_PLACEMENT_3D('',#1717,#1718,#1719);
#1717 = CARTESIAN_POINT('',(0.,0.,133.5));
#1718 = DIRECTION('',(1.,0.,-0.));
#1719 = DIRECTION('',(0.,0.,1.));
#1720 = ADVANCED_FACE('',(#1721),#1727,.F.);
#1721 = FACE_BOUND('',#1722,.F.);
#1722 = EDGE_LOOP('',(#1723,#1724,#1725,#1726));
#1723 = ORIENTED_EDGE('',*,*,#39,.F.);
#1724 = ORIENTED_EDGE('',*,*,#1709,.T.);
#1725 = ORIENTED_EDGE('',*,*,#55,.T.);
#1726 = ORIENTED_EDGE('',*,*,#47,.F.);
#1727 = PLANE('',#1728);
#1728 = AXIS2_PLACEMENT_3D('',#1729,#1730,#1731);
#1729 = CARTESIAN_POINT('',(0.,0.,138.));
#1730 = DIRECTION('',(1.,0.,-0.));
#1731 = DIRECTION('',(0.,0.,1.));
#1732 = ADVANCED_FACE('',(#1733),#1751,.F.);
#1733 = FACE_BOUND('',#1734,.F.);
#1734 = EDGE_LOOP('',(#1735,#1743,#1744,#1745));
#1735 = ORIENTED_EDGE('',*,*,#1736,.F.);
#1736 = EDGE_CURVE('',#1687,#1737,#1739,.T.);
#1737 = VERTEX_POINT('',#1738);
#1738 = CARTESIAN_POINT('',(186.,0.,133.5));
#1739 = LINE('',#1740,#1741);
#1740 = CARTESIAN_POINT('',(0.,0.,133.5));
#1741 = VECTOR('',#1742,1.);
#1742 = DIRECTION('',(1.,0.,-0.));
#1743 = ORIENTED_EDGE('',*,*,#1686,.T.);
#1744 = ORIENTED_EDGE('',*,*,#93,.T.);
#1745 = ORIENTED_EDGE('',*,*,#1746,.F.);
#1746 = EDGE_CURVE('',#1737,#94,#1747,.T.);
#1747 = LINE('',#1748,#1749);
#1748 = CARTESIAN_POINT('',(186.,0.,133.5));
#1749 = VECTOR('',#1750,1.);
#1750 = DIRECTION('',(0.,0.,1.));
#1751 = PLANE('',#1752);
#1752 = AXIS2_PLACEMENT_3D('',#1753,#1754,#1755);
#1753 = CARTESIAN_POINT('',(0.,0.,133.5));
#1754 = DIRECTION('',(-0.,1.,0.));
#1755 = DIRECTION('',(0.,0.,1.));
#1756 = ADVANCED_FACE('',(#1757),#1800,.T.);
#1757 = FACE_BOUND('',#1758,.T.);
#1758 = EDGE_LOOP('',(#1759,#1760,#1768,#1776,#1784,#1792,#1798,#1799));
#1759 = ORIENTED_EDGE('',*,*,#110,.F.);
#1760 = ORIENTED_EDGE('',*,*,#1761,.T.);
#1761 = EDGE_CURVE('',#94,#1762,#1764,.T.);
#1762 = VERTEX_POINT('',#1763);
#1763 = CARTESIAN_POINT('',(186.,94.5,138.));
#1764 = LINE('',#1765,#1766);
#1765 = CARTESIAN_POINT('',(186.,0.,138.));
#1766 = VECTOR('',#1767,1.);
#1767 = DIRECTION('',(-0.,1.,0.));
#1768 = ORIENTED_EDGE('',*,*,#1769,.T.);
#1769 = EDGE_CURVE('',#1762,#1770,#1772,.T.);
#1770 = VERTEX_POINT('',#1771);
#1771 = CARTESIAN_POINT('',(186.,94.5,142.));
#1772 = LINE('',#1773,#1774);
#1773 = CARTESIAN_POINT('',(186.,94.5,138.));
#1774 = VECTOR('',#1775,1.);
#1775 = DIRECTION('',(0.,0.,1.));
#1776 = ORIENTED_EDGE('',*,*,#1777,.T.);
#1777 = EDGE_CURVE('',#1770,#1778,#1780,.T.);
#1778 = VERTEX_POINT('',#1779);
#1779 = CARTESIAN_POINT('',(186.,105.5,142.));
#1780 = LINE('',#1781,#1782);
#1781 = CARTESIAN_POINT('',(186.,94.5,142.));
#1782 = VECTOR('',#1783,1.);
#1783 = DIRECTION('',(0.,1.,0.));
#1784 = ORIENTED_EDGE('',*,*,#1785,.F.);
#1785 = EDGE_CURVE('',#1786,#1778,#1788,.T.);
#1786 = VERTEX_POINT('',#1787);
#1787 = CARTESIAN_POINT('',(186.,105.5,138.));
#1788 = LINE('',#1789,#1790);
#1789 = CARTESIAN_POINT('',(186.,105.5,138.));
#1790 = VECTOR('',#1791,1.);
#1791 = DIRECTION('',(0.,0.,1.));
#1792 = ORIENTED_EDGE('',*,*,#1793,.T.);
#1793 = EDGE_CURVE('',#1786,#1597,#1794,.T.);
#1794 = LINE('',#1795,#1796);
#1795 = CARTESIAN_POINT('',(186.,0.,138.));
#1796 = VECTOR('',#1797,1.);
#1797 = DIRECTION('',(-0.,1.,0.));
#1798 = ORIENTED_EDGE('',*,*,#1606,.T.);
#1799 = ORIENTED_EDGE('',*,*,#126,.F.);
#1800 = PLANE('',#1801);
#1801 = AXIS2_PLACEMENT_3D('',#1802,#1803,#1804);
#1802 = CARTESIAN_POINT('',(186.,0.,138.));
#1803 = DIRECTION('',(1.,0.,-0.));
#1804 = DIRECTION('',(0.,0.,1.));
#1805 = ADVANCED_FACE('',(#1806),#1831,.F.);
#1806 = FACE_BOUND('',#1807,.F.);
#1807 = EDGE_LOOP('',(#1808,#1816,#1824,#1830));
#1808 = ORIENTED_EDGE('',*,*,#1809,.F.);
#1809 = EDGE_CURVE('',#1810,#143,#1812,.T.);
#1810 = VERTEX_POINT('',#1811);
#1811 = CARTESIAN_POINT('',(81.75,11.4,210.));
#1812 = LINE('',#1813,#1814);
#1813 = CARTESIAN_POINT('',(81.75,11.4,208.));
#1814 = VECTOR('',#1815,1.);
#1815 = DIRECTION('',(0.,0.,1.));
#1816 = ORIENTED_EDGE('',*,*,#1817,.T.);
#1817 = EDGE_CURVE('',#1810,#1818,#1820,.T.);
#1818 = VERTEX_POINT('',#1819);
#1819 = CARTESIAN_POINT('',(81.75,41.5,210.));
#1820 = LINE('',#1821,#1822);
#1821 = CARTESIAN_POINT('',(81.75,6.5,210.));
#1822 = VECTOR('',#1823,1.);
#1823 = DIRECTION('',(-0.,1.,0.));
#1824 = ORIENTED_EDGE('',*,*,#1825,.T.);
#1825 = EDGE_CURVE('',#1818,#145,#1826,.T.);
#1826 = LINE('',#1827,#1828);
#1827 = CARTESIAN_POINT('',(81.75,41.5,208.));
#1828 = VECTOR('',#1829,1.);
#1829 = DIRECTION('',(0.,0.,1.));
#1830 = ORIENTED_EDGE('',*,*,#142,.F.);
#1831 = PLANE('',#1832);
#1832 = AXIS2_PLACEMENT_3D('',#1833,#1834,#1835);
#1833 = CARTESIAN_POINT('',(81.75,9.5,208.));
#1834 = DIRECTION('',(1.,0.,-0.));
#1835 = DIRECTION('',(0.,0.,1.));
#1836 = ADVANCED_FACE('',(#1837),#1856,.F.);
#1837 = FACE_BOUND('',#1838,.F.);
#1838 = EDGE_LOOP('',(#1839,#1840,#1848,#1855));
#1839 = ORIENTED_EDGE('',*,*,#152,.F.);
#1840 = ORIENTED_EDGE('',*,*,#1841,.F.);
#1841 = EDGE_CURVE('',#1842,#153,#1844,.T.);
#1842 = VERTEX_POINT('',#1843);
#1843 = CARTESIAN_POINT('',(83.65,9.5,210.));
#1844 = LINE('',#1845,#1846);
#1845 = CARTESIAN_POINT('',(83.65,9.5,208.));
#1846 = VECTOR('',#1847,1.);
#1847 = DIRECTION('',(0.,0.,1.));
#1848 = ORIENTED_EDGE('',*,*,#1849,.T.);
#1849 = EDGE_CURVE('',#1842,#1810,#1850,.T.);
#1850 = CIRCLE('',#1851,1.9);
#1851 = AXIS2_PLACEMENT_3D('',#1852,#1853,#1854);
#1852 = CARTESIAN_POINT('',(81.75,9.5,210.));
#1853 = DIRECTION('',(0.,0.,1.));
#1854 = DIRECTION('',(1.,0.,-0.));
#1855 = ORIENTED_EDGE('',*,*,#1809,.T.);
#1856 = CYLINDRICAL_SURFACE('',#1857,1.9);
#1857 = AXIS2_PLACEMENT_3D('',#1858,#1859,#1860);
#1858 = CARTESIAN_POINT('',(81.75,9.5,208.));
#1859 = DIRECTION('',(0.,0.,1.));
#1860 = DIRECTION('',(1.,0.,-0.));
#1861 = ADVANCED_FACE('',(#1862),#1880,.F.);
#1862 = FACE_BOUND('',#1863,.F.);
#1863 = EDGE_LOOP('',(#1864,#1865,#1873,#1879));
#1864 = ORIENTED_EDGE('',*,*,#1825,.F.);
#1865 = ORIENTED_EDGE('',*,*,#1866,.T.);
#1866 = EDGE_CURVE('',#1818,#1867,#1869,.T.);
#1867 = VERTEX_POINT('',#1868);
#1868 = CARTESIAN_POINT('',(9.75,41.5,210.));
#1869 = LINE('',#1870,#1871);
#1870 = CARTESIAN_POINT('',(6.375,41.5,210.));
#1871 = VECTOR('',#1872,1.);
#1872 = DIRECTION('',(-1.,-0.,0.));
#1873 = ORIENTED_EDGE('',*,*,#1874,.T.);
#1874 = EDGE_CURVE('',#1867,#205,#1875,.T.);
#1875 = LINE('',#1876,#1877);
#1876 = CARTESIAN_POINT('',(9.75,41.5,208.));
#1877 = VECTOR('',#1878,1.);
#1878 = DIRECTION('',(0.,0.,1.));
#1879 = ORIENTED_EDGE('',*,*,#212,.F.);
#1880 = PLANE('',#1881);
#1881 = AXIS2_PLACEMENT_3D('',#1882,#1883,#1884);
#1882 = CARTESIAN_POINT('',(9.75,41.5,208.));
#1883 = DIRECTION('',(-0.,1.,0.));
#1884 = DIRECTION('',(0.,0.,1.));
#1885 = ADVANCED_FACE('',(#1886),#1905,.F.);
#1886 = FACE_BOUND('',#1887,.F.);
#1887 = EDGE_LOOP('',(#1888,#1889,#1890,#1898));
#1888 = ORIENTED_EDGE('',*,*,#1841,.T.);
#1889 = ORIENTED_EDGE('',*,*,#161,.F.);
#1890 = ORIENTED_EDGE('',*,*,#1891,.F.);
#1891 = EDGE_CURVE('',#1892,#162,#1894,.T.);
#1892 = VERTEX_POINT('',#1893);
#1893 = CARTESIAN_POINT('',(79.85,9.5,210.));
#1894 = LINE('',#1895,#1896);
#1895 = CARTESIAN_POINT('',(79.85,9.5,208.));
#1896 = VECTOR('',#1897,1.);
#1897 = DIRECTION('',(0.,0.,1.));
#1898 = ORIENTED_EDGE('',*,*,#1899,.T.);
#1899 = EDGE_CURVE('',#1892,#1842,#1900,.T.);
#1900 = CIRCLE('',#1901,1.9);
#1901 = AXIS2_PLACEMENT_3D('',#1902,#1903,#1904);
#1902 = CARTESIAN_POINT('',(81.75,9.5,210.));
#1903 = DIRECTION('',(0.,0.,1.));
#1904 = DIRECTION('',(1.,0.,-0.));
#1905 = CYLINDRICAL_SURFACE('',#1906,1.9);
#1906 = AXIS2_PLACEMENT_3D('',#1907,#1908,#1909);
#1907 = CARTESIAN_POINT('',(81.75,9.5,208.));
#1908 = DIRECTION('',(0.,0.,1.));
#1909 = DIRECTION('',(1.,0.,-0.));
#1910 = ADVANCED_FACE('',(#1911),#1929,.T.);
#1911 = FACE_BOUND('',#1912,.T.);
#1912 = EDGE_LOOP('',(#1913,#1921,#1927,#1928));
#1913 = ORIENTED_EDGE('',*,*,#1914,.F.);
#1914 = EDGE_CURVE('',#1915,#196,#1917,.T.);
#1915 = VERTEX_POINT('',#1916);
#1916 = CARTESIAN_POINT('',(9.75,41.4,210.));
#1917 = LINE('',#1918,#1919);
#1918 = CARTESIAN_POINT('',(9.75,41.4,208.));
#1919 = VECTOR('',#1920,1.);
#1920 = DIRECTION('',(0.,0.,1.));
#1921 = ORIENTED_EDGE('',*,*,#1922,.T.);
#1922 = EDGE_CURVE('',#1915,#1867,#1923,.T.);
#1923 = LINE('',#1924,#1925);
#1924 = CARTESIAN_POINT('',(9.75,6.5,210.));
#1925 = VECTOR('',#1926,1.);
#1926 = DIRECTION('',(-0.,1.,0.));
#1927 = ORIENTED_EDGE('',*,*,#1874,.T.);
#1928 = ORIENTED_EDGE('',*,*,#204,.F.);
#1929 = PLANE('',#1930);
#1930 = AXIS2_PLACEMENT_3D('',#1931,#1932,#1933);
#1931 = CARTESIAN_POINT('',(9.75,9.5,208.));
#1932 = DIRECTION('',(1.,0.,-0.));
#1933 = DIRECTION('',(0.,0.,1.));
#1934 = ADVANCED_FACE('',(#1935),#1953,.T.);
#1935 = FACE_BOUND('',#1936,.T.);
#1936 = EDGE_LOOP('',(#1937,#1938,#1946,#1952));
#1937 = ORIENTED_EDGE('',*,*,#1891,.F.);
#1938 = ORIENTED_EDGE('',*,*,#1939,.T.);
#1939 = EDGE_CURVE('',#1892,#1940,#1942,.T.);
#1940 = VERTEX_POINT('',#1941);
#1941 = CARTESIAN_POINT('',(11.65,9.5,210.));
#1942 = LINE('',#1943,#1944);
#1943 = CARTESIAN_POINT('',(6.375,9.5,210.));
#1944 = VECTOR('',#1945,1.);
#1945 = DIRECTION('',(-1.,-0.,0.));
#1946 = ORIENTED_EDGE('',*,*,#1947,.T.);
#1947 = EDGE_CURVE('',#1940,#171,#1948,.T.);
#1948 = LINE('',#1949,#1950);
#1949 = CARTESIAN_POINT('',(11.65,9.5,208.));
#1950 = VECTOR('',#1951,1.);
#1951 = DIRECTION('',(0.,0.,1.));
#1952 = ORIENTED_EDGE('',*,*,#170,.F.);
#1953 = PLANE('',#1954);
#1954 = AXIS2_PLACEMENT_3D('',#1955,#1956,#1957);
#1955 = CARTESIAN_POINT('',(9.75,9.5,208.));
#1956 = DIRECTION('',(-0.,1.,0.));
#1957 = DIRECTION('',(0.,0.,1.));
#1958 = ADVANCED_FACE('',(#1959),#1978,.F.);
#1959 = FACE_BOUND('',#1960,.F.);
#1960 = EDGE_LOOP('',(#1961,#1962,#1963,#1972));
#1961 = ORIENTED_EDGE('',*,*,#195,.F.);
#1962 = ORIENTED_EDGE('',*,*,#1914,.F.);
#1963 = ORIENTED_EDGE('',*,*,#1964,.T.);
#1964 = EDGE_CURVE('',#1915,#1965,#1967,.T.);
#1965 = VERTEX_POINT('',#1966);
#1966 = CARTESIAN_POINT('',(9.75,37.6,210.));
#1967 = CIRCLE('',#1968,1.9);
#1968 = AXIS2_PLACEMENT_3D('',#1969,#1970,#1971);
#1969 = CARTESIAN_POINT('',(9.75,39.5,210.));
#1970 = DIRECTION('',(0.,0.,1.));
#1971 = DIRECTION('',(1.,0.,-0.));
#1972 = ORIENTED_EDGE('',*,*,#1973,.T.);
#1973 = EDGE_CURVE('',#1965,#188,#1974,.T.);
#1974 = LINE('',#1975,#1976);
#1975 = CARTESIAN_POINT('',(9.75,37.6,208.));
#1976 = VECTOR('',#1977,1.);
#1977 = DIRECTION('',(0.,0.,1.));
#1978 = CYLINDRICAL_SURFACE('',#1979,1.9);
#1979 = AXIS2_PLACEMENT_3D('',#1980,#1981,#1982);
#1980 = CARTESIAN_POINT('',(9.75,39.5,208.));
#1981 = DIRECTION('',(0.,0.,1.));
#1982 = DIRECTION('',(1.,0.,-0.));
#1983 = ADVANCED_FACE('',(#1984),#2003,.F.);
#1984 = FACE_BOUND('',#1985,.F.);
#1985 = EDGE_LOOP('',(#1986,#1987,#1988,#1996));
#1986 = ORIENTED_EDGE('',*,*,#1947,.T.);
#1987 = ORIENTED_EDGE('',*,*,#178,.F.);
#1988 = ORIENTED_EDGE('',*,*,#1989,.F.);
#1989 = EDGE_CURVE('',#1990,#179,#1992,.T.);
#1990 = VERTEX_POINT('',#1991);
#1991 = CARTESIAN_POINT('',(9.75,11.4,210.));
#1992 = LINE('',#1993,#1994);
#1993 = CARTESIAN_POINT('',(9.75,11.4,208.));
#1994 = VECTOR('',#1995,1.);
#1995 = DIRECTION('',(0.,0.,1.));
#1996 = ORIENTED_EDGE('',*,*,#1997,.T.);
#1997 = EDGE_CURVE('',#1990,#1940,#1998,.T.);
#1998 = CIRCLE('',#1999,1.9);
#1999 = AXIS2_PLACEMENT_3D('',#2000,#2001,#2002);
#2000 = CARTESIAN_POINT('',(9.75,9.5,210.));
#2001 = DIRECTION('',(0.,0.,1.));
#2002 = DIRECTION('',(1.,0.,-0.));
#2003 = CYLINDRICAL_SURFACE('',#2004,1.9);
#2004 = AXIS2_PLACEMENT_3D('',#2005,#2006,#2007);
#2005 = CARTESIAN_POINT('',(9.75,9.5,208.));
#2006 = DIRECTION('',(0.,0.,1.));
#2007 = DIRECTION('',(1.,0.,-0.));
#2008 = ADVANCED_FACE('',(#2009),#2020,.T.);
#2009 = FACE_BOUND('',#2010,.T.);
#2010 = EDGE_LOOP('',(#2011,#2012,#2018,#2019));
#2011 = ORIENTED_EDGE('',*,*,#1989,.F.);
#2012 = ORIENTED_EDGE('',*,*,#2013,.T.);
#2013 = EDGE_CURVE('',#1990,#1965,#2014,.T.);
#2014 = LINE('',#2015,#2016);
#2015 = CARTESIAN_POINT('',(9.75,6.5,210.));
#2016 = VECTOR('',#2017,1.);
#2017 = DIRECTION('',(-0.,1.,0.));
#2018 = ORIENTED_EDGE('',*,*,#1973,.T.);
#2019 = ORIENTED_EDGE('',*,*,#187,.F.);
#2020 = PLANE('',#2021);
#2021 = AXIS2_PLACEMENT_3D('',#2022,#2023,#2024);
#2022 = CARTESIAN_POINT('',(9.75,9.5,208.));
#2023 = DIRECTION('',(1.,0.,-0.));
#2024 = DIRECTION('',(0.,0.,1.));
#2025 = ADVANCED_FACE('',(#2026),#2045,.F.);
#2026 = FACE_BOUND('',#2027,.F.);
#2027 = EDGE_LOOP('',(#2028,#2029,#2037,#2044));
#2028 = ORIENTED_EDGE('',*,*,#220,.F.);
#2029 = ORIENTED_EDGE('',*,*,#2030,.F.);
#2030 = EDGE_CURVE('',#2031,#221,#2033,.T.);
#2031 = VERTEX_POINT('',#2032);
#2032 = CARTESIAN_POINT('',(53.85,59.75,212.));
#2033 = LINE('',#2034,#2035);
#2034 = CARTESIAN_POINT('',(53.85,59.75,208.));
#2035 = VECTOR('',#2036,1.);
#2036 = DIRECTION('',(0.,0.,1.));
#2037 = ORIENTED_EDGE('',*,*,#2038,.T.);
#2038 = EDGE_CURVE('',#2031,#2031,#2039,.T.);
#2039 = CIRCLE('',#2040,2.1);
#2040 = AXIS2_PLACEMENT_3D('',#2041,#2042,#2043);
#2041 = CARTESIAN_POINT('',(51.75,59.75,212.));
#2042 = DIRECTION('',(0.,0.,1.));
#2043 = DIRECTION('',(1.,0.,-0.));
#2044 = ORIENTED_EDGE('',*,*,#2030,.T.);
#2045 = CYLINDRICAL_SURFACE('',#2046,2.1);
#2046 = AXIS2_PLACEMENT_3D('',#2047,#2048,#2049);
#2047 = CARTESIAN_POINT('',(51.75,59.75,208.));
#2048 = DIRECTION('',(0.,0.,1.));
#2049 = DIRECTION('',(1.,0.,-0.));
#2050 = ADVANCED_FACE('',(#2051),#2076,.F.);
#2051 = FACE_BOUND('',#2052,.F.);
#2052 = EDGE_LOOP('',(#2053,#2063,#2069,#2070));
#2053 = ORIENTED_EDGE('',*,*,#2054,.T.);
#2054 = EDGE_CURVE('',#2055,#2057,#2059,.T.);
#2055 = VERTEX_POINT('',#2056);
#2056 = CARTESIAN_POINT('',(83.5,69.,212.));
#2057 = VERTEX_POINT('',#2058);
#2058 = CARTESIAN_POINT('',(77.,75.5,212.));
#2059 = LINE('',#2060,#2061);
#2060 = CARTESIAN_POINT('',(68.125,84.375,212.));
#2061 = VECTOR('',#2062,1.);
#2062 = DIRECTION('',(-0.707106781187,0.707106781187,0.));
#2063 = ORIENTED_EDGE('',*,*,#2064,.T.);
#2064 = EDGE_CURVE('',#2057,#234,#2065,.T.);
#2065 = LINE('',#2066,#2067);
#2066 = CARTESIAN_POINT('',(77.,75.5,208.));
#2067 = VECTOR('',#2068,1.);
#2068 = DIRECTION('',(0.,0.,1.));
#2069 = ORIENTED_EDGE('',*,*,#231,.F.);
#2070 = ORIENTED_EDGE('',*,*,#2071,.F.);
#2071 = EDGE_CURVE('',#2055,#232,#2072,.T.);
#2072 = LINE('',#2073,#2074);
#2073 = CARTESIAN_POINT('',(83.5,69.,208.));
#2074 = VECTOR('',#2075,1.);
#2075 = DIRECTION('',(0.,0.,1.));
#2076 = PLANE('',#2077);
#2077 = AXIS2_PLACEMENT_3D('',#2078,#2079,#2080);
#2078 = CARTESIAN_POINT('',(77.,75.5,208.));
#2079 = DIRECTION('',(0.707106781187,0.707106781187,-0.));
#2080 = DIRECTION('',(0.707106781187,-0.707106781187,0.));
#2081 = ADVANCED_FACE('',(#2082),#2100,.F.);
#2082 = FACE_BOUND('',#2083,.F.);
#2083 = EDGE_LOOP('',(#2084,#2092,#2093,#2094));
#2084 = ORIENTED_EDGE('',*,*,#2085,.T.);
#2085 = EDGE_CURVE('',#2086,#2055,#2088,.T.);
#2086 = VERTEX_POINT('',#2087);
#2087 = CARTESIAN_POINT('',(77.,62.5,212.));
#2088 = LINE('',#2089,#2090);
#2089 = CARTESIAN_POINT('',(63.875,49.375,212.));
#2090 = VECTOR('',#2091,1.);
#2091 = DIRECTION('',(0.707106781187,0.707106781187,-0.));
#2092 = ORIENTED_EDGE('',*,*,#2071,.T.);
#2093 = ORIENTED_EDGE('',*,*,#241,.F.);
#2094 = ORIENTED_EDGE('',*,*,#2095,.F.);
#2095 = EDGE_CURVE('',#2086,#242,#2096,.T.);
#2096 = LINE('',#2097,#2098);
#2097 = CARTESIAN_POINT('',(77.,62.5,208.));
#2098 = VECTOR('',#2099,1.);
#2099 = DIRECTION('',(0.,0.,1.));
#2100 = PLANE('',#2101);
#2101 = AXIS2_PLACEMENT_3D('',#2102,#2103,#2104);
#2102 = CARTESIAN_POINT('',(83.5,69.,208.));
#2103 = DIRECTION('',(0.707106781187,-0.707106781187,0.));
#2104 = DIRECTION('',(-0.707106781187,-0.707106781187,0.));
#2105 = ADVANCED_FACE('',(#2106),#2124,.F.);
#2106 = FACE_BOUND('',#2107,.F.);
#2107 = EDGE_LOOP('',(#2108,#2116,#2122,#2123));
#2108 = ORIENTED_EDGE('',*,*,#2109,.T.);
#2109 = EDGE_CURVE('',#2057,#2110,#2112,.T.);
#2110 = VERTEX_POINT('',#2111);
#2111 = CARTESIAN_POINT('',(70.5,69.,212.));
#2112 = LINE('',#2113,#2114);
#2113 = CARTESIAN_POINT('',(54.125,52.625,212.));
#2114 = VECTOR('',#2115,1.);
#2115 = DIRECTION('',(-0.707106781187,-0.707106781187,0.));
#2116 = ORIENTED_EDGE('',*,*,#2117,.T.);
#2117 = EDGE_CURVE('',#2110,#250,#2118,.T.);
#2118 = LINE('',#2119,#2120);
#2119 = CARTESIAN_POINT('',(70.5,69.,208.));
#2120 = VECTOR('',#2121,1.);
#2121 = DIRECTION('',(0.,0.,1.));
#2122 = ORIENTED_EDGE('',*,*,#257,.F.);
#2123 = ORIENTED_EDGE('',*,*,#2064,.F.);
#2124 = PLANE('',#2125);
#2125 = AXIS2_PLACEMENT_3D('',#2126,#2127,#2128);
#2126 = CARTESIAN_POINT('',(70.5,69.,208.));
#2127 = DIRECTION('',(-0.707106781187,0.707106781187,0.));
#2128 = DIRECTION('',(0.707106781187,0.707106781187,0.));
#2129 = ADVANCED_FACE('',(#2130),#2141,.F.);
#2130 = FACE_BOUND('',#2131,.F.);
#2131 = EDGE_LOOP('',(#2132,#2138,#2139,#2140));
#2132 = ORIENTED_EDGE('',*,*,#2133,.T.);
#2133 = EDGE_CURVE('',#2110,#2086,#2134,.T.);
#2134 = LINE('',#2135,#2136);
#2135 = CARTESIAN_POINT('',(64.875,74.625,212.));
#2136 = VECTOR('',#2137,1.);
#2137 = DIRECTION('',(0.707106781187,-0.707106781187,0.));
#2138 = ORIENTED_EDGE('',*,*,#2095,.T.);
#2139 = ORIENTED_EDGE('',*,*,#249,.F.);
#2140 = ORIENTED_EDGE('',*,*,#2117,.F.);
#2141 = PLANE('',#2142);
#2142 = AXIS2_PLACEMENT_3D('',#2143,#2144,#2145);
#2143 = CARTESIAN_POINT('',(77.,62.5,208.));
#2144 = DIRECTION('',(-0.707106781187,-0.707106781187,0.));
#2145 = DIRECTION('',(-0.707106781187,0.707106781187,0.));
#2146 = ADVANCED_FACE('',(#2147),#2172,.F.);
#2147 = FACE_BOUND('',#2148,.F.);
#2148 = EDGE_LOOP('',(#2149,#2159,#2165,#2166));
#2149 = ORIENTED_EDGE('',*,*,#2150,.T.);
#2150 = EDGE_CURVE('',#2151,#2153,#2155,.T.);
#2151 = VERTEX_POINT('',#2152);
#2152 = CARTESIAN_POINT('',(99.5,69.,212.));
#2153 = VERTEX_POINT('',#2154);
#2154 = CARTESIAN_POINT('',(93.,75.5,212.));
#2155 = LINE('',#2156,#2157);
#2156 = CARTESIAN_POINT('',(80.125,88.375,212.));
#2157 = VECTOR('',#2158,1.);
#2158 = DIRECTION('',(-0.707106781187,0.707106781187,0.));
#2159 = ORIENTED_EDGE('',*,*,#2160,.T.);
#2160 = EDGE_CURVE('',#2153,#268,#2161,.T.);
#2161 = LINE('',#2162,#2163);
#2162 = CARTESIAN_POINT('',(93.,75.5,208.));
#2163 = VECTOR('',#2164,1.);
#2164 = DIRECTION('',(0.,0.,1.));
#2165 = ORIENTED_EDGE('',*,*,#265,.F.);
#2166 = ORIENTED_EDGE('',*,*,#2167,.F.);
#2167 = EDGE_CURVE('',#2151,#266,#2168,.T.);
#2168 = LINE('',#2169,#2170);
#2169 = CARTESIAN_POINT('',(99.5,69.,208.));
#2170 = VECTOR('',#2171,1.);
#2171 = DIRECTION('',(0.,0.,1.));
#2172 = PLANE('',#2173);
#2173 = AXIS2_PLACEMENT_3D('',#2174,#2175,#2176);
#2174 = CARTESIAN_POINT('',(93.,75.5,208.));
#2175 = DIRECTION('',(0.707106781187,0.707106781187,-0.));
#2176 = DIRECTION('',(0.707106781187,-0.707106781187,0.));
#2177 = ADVANCED_FACE('',(#2178),#2196,.F.);
#2178 = FACE_BOUND('',#2179,.F.);
#2179 = EDGE_LOOP('',(#2180,#2188,#2189,#2190));
#2180 = ORIENTED_EDGE('',*,*,#2181,.T.);
#2181 = EDGE_CURVE('',#2182,#2151,#2184,.T.);
#2182 = VERTEX_POINT('',#2183);
#2183 = CARTESIAN_POINT('',(93.,62.5,212.));
#2184 = LINE('',#2185,#2186);
#2185 = CARTESIAN_POINT('',(75.875,45.375,212.));
#2186 = VECTOR('',#2187,1.);
#2187 = DIRECTION('',(0.707106781187,0.707106781187,-0.));
#2188 = ORIENTED_EDGE('',*,*,#2167,.T.);
#2189 = ORIENTED_EDGE('',*,*,#275,.F.);
#2190 = ORIENTED_EDGE('',*,*,#2191,.F.);
#2191 = EDGE_CURVE('',#2182,#276,#2192,.T.);
#2192 = LINE('',#2193,#2194);
#2193 = CARTESIAN_POINT('',(93.,62.5,208.));
#2194 = VECTOR('',#2195,1.);
#2195 = DIRECTION('',(0.,0.,1.));
#2196 = PLANE('',#2197);
#2197 = AXIS2_PLACEMENT_3D('',#2198,#2199,#2200);
#2198 = CARTESIAN_POINT('',(99.5,69.,208.));
#2199 = DIRECTION('',(0.707106781187,-0.707106781187,0.));
#2200 = DIRECTION('',(-0.707106781187,-0.707106781187,0.));
#2201 = ADVANCED_FACE('',(#2202),#2220,.F.);
#2202 = FACE_BOUND('',#2203,.F.);
#2203 = EDGE_LOOP('',(#2204,#2212,#2218,#2219));
#2204 = ORIENTED_EDGE('',*,*,#2205,.T.);
#2205 = EDGE_CURVE('',#2153,#2206,#2208,.T.);
#2206 = VERTEX_POINT('',#2207);
#2207 = CARTESIAN_POINT('',(86.5,69.,212.));
#2208 = LINE('',#2209,#2210);
#2209 = CARTESIAN_POINT('',(66.125,48.625,212.));
#2210 = VECTOR('',#2211,1.);
#2211 = DIRECTION('',(-0.707106781187,-0.707106781187,0.));
#2212 = ORIENTED_EDGE('',*,*,#2213,.T.);
#2213 = EDGE_CURVE('',#2206,#284,#2214,.T.);
#2214 = LINE('',#2215,#2216);
#2215 = CARTESIAN_POINT('',(86.5,69.,208.));
#2216 = VECTOR('',#2217,1.);
#2217 = DIRECTION('',(0.,0.,1.));
#2218 = ORIENTED_EDGE('',*,*,#291,.F.);
#2219 = ORIENTED_EDGE('',*,*,#2160,.F.);
#2220 = PLANE('',#2221);
#2221 = AXIS2_PLACEMENT_3D('',#2222,#2223,#2224);
#2222 = CARTESIAN_POINT('',(86.5,69.,208.));
#2223 = DIRECTION('',(-0.707106781187,0.707106781187,0.));
#2224 = DIRECTION('',(0.707106781187,0.707106781187,0.));
#2225 = ADVANCED_FACE('',(#2226),#2237,.F.);
#2226 = FACE_BOUND('',#2227,.F.);
#2227 = EDGE_LOOP('',(#2228,#2234,#2235,#2236));
#2228 = ORIENTED_EDGE('',*,*,#2229,.T.);
#2229 = EDGE_CURVE('',#2206,#2182,#2230,.T.);
#2230 = LINE('',#2231,#2232);
#2231 = CARTESIAN_POINT('',(76.875,78.625,212.));
#2232 = VECTOR('',#2233,1.);
#2233 = DIRECTION('',(0.707106781187,-0.707106781187,0.));
#2234 = ORIENTED_EDGE('',*,*,#2191,.T.);
#2235 = ORIENTED_EDGE('',*,*,#283,.F.);
#2236 = ORIENTED_EDGE('',*,*,#2213,.F.);
#2237 = PLANE('',#2238);
#2238 = AXIS2_PLACEMENT_3D('',#2239,#2240,#2241);
#2239 = CARTESIAN_POINT('',(93.,62.5,208.));
#2240 = DIRECTION('',(-0.707106781187,-0.707106781187,0.));
#2241 = DIRECTION('',(-0.707106781187,0.707106781187,0.));
#2242 = ADVANCED_FACE('',(#2243),#2268,.F.);
#2243 = FACE_BOUND('',#2244,.F.);
#2244 = EDGE_LOOP('',(#2245,#2255,#2261,#2262));
#2245 = ORIENTED_EDGE('',*,*,#2246,.T.);
#2246 = EDGE_CURVE('',#2247,#2249,#2251,.T.);
#2247 = VERTEX_POINT('',#2248);
#2248 = CARTESIAN_POINT('',(115.5,69.,212.));
#2249 = VERTEX_POINT('',#2250);
#2250 = CARTESIAN_POINT('',(109.,75.5,212.));
#2251 = LINE('',#2252,#2253);
#2252 = CARTESIAN_POINT('',(92.125,92.375,212.));
#2253 = VECTOR('',#2254,1.);
#2254 = DIRECTION('',(-0.707106781187,0.707106781187,0.));
#2255 = ORIENTED_EDGE('',*,*,#2256,.T.);
#2256 = EDGE_CURVE('',#2249,#302,#2257,.T.);
#2257 = LINE('',#2258,#2259);
#2258 = CARTESIAN_POINT('',(109.,75.5,208.));
#2259 = VECTOR('',#2260,1.);
#2260 = DIRECTION('',(0.,0.,1.));
#2261 = ORIENTED_EDGE('',*,*,#299,.F.);
#2262 = ORIENTED_EDGE('',*,*,#2263,.F.);
#2263 = EDGE_CURVE('',#2247,#300,#2264,.T.);
#2264 = LINE('',#2265,#2266);
#2265 = CARTESIAN_POINT('',(115.5,69.,208.));
#2266 = VECTOR('',#2267,1.);
#2267 = DIRECTION('',(0.,0.,1.));
#2268 = PLANE('',#2269);
#2269 = AXIS2_PLACEMENT_3D('',#2270,#2271,#2272);
#2270 = CARTESIAN_POINT('',(109.,75.5,208.));
#2271 = DIRECTION('',(0.707106781187,0.707106781187,-0.));
#2272 = DIRECTION('',(0.707106781187,-0.707106781187,0.));
#2273 = ADVANCED_FACE('',(#2274),#2292,.F.);
#2274 = FACE_BOUND('',#2275,.F.);
#2275 = EDGE_LOOP('',(#2276,#2284,#2285,#2286));
#2276 = ORIENTED_EDGE('',*,*,#2277,.T.);
#2277 = EDGE_CURVE('',#2278,#2247,#2280,.T.);
#2278 = VERTEX_POINT('',#2279);
#2279 = CARTESIAN_POINT('',(109.,62.5,212.));
#2280 = LINE('',#2281,#2282);
#2281 = CARTESIAN_POINT('',(87.875,41.375,212.));
#2282 = VECTOR('',#2283,1.);
#2283 = DIRECTION('',(0.707106781187,0.707106781187,-0.));
#2284 = ORIENTED_EDGE('',*,*,#2263,.T.);
#2285 = ORIENTED_EDGE('',*,*,#309,.F.);
#2286 = ORIENTED_EDGE('',*,*,#2287,.F.);
#2287 = EDGE_CURVE('',#2278,#310,#2288,.T.);
#2288 = LINE('',#2289,#2290);
#2289 = CARTESIAN_POINT('',(109.,62.5,208.));
#2290 = VECTOR('',#2291,1.);
#2291 = DIRECTION('',(0.,0.,1.));
#2292 = PLANE('',#2293);
#2293 = AXIS2_PLACEMENT_3D('',#2294,#2295,#2296);
#2294 = CARTESIAN_POINT('',(115.5,69.,208.));
#2295 = DIRECTION('',(0.707106781187,-0.707106781187,0.));
#2296 = DIRECTION('',(-0.707106781187,-0.707106781187,0.));
#2297 = ADVANCED_FACE('',(#2298),#2316,.F.);
#2298 = FACE_BOUND('',#2299,.F.);
#2299 = EDGE_LOOP('',(#2300,#2308,#2314,#2315));
#2300 = ORIENTED_EDGE('',*,*,#2301,.T.);
#2301 = EDGE_CURVE('',#2249,#2302,#2304,.T.);
#2302 = VERTEX_POINT('',#2303);
#2303 = CARTESIAN_POINT('',(102.5,69.,212.));
#2304 = LINE('',#2305,#2306);
#2305 = CARTESIAN_POINT('',(78.125,44.625,212.));
#2306 = VECTOR('',#2307,1.);
#2307 = DIRECTION('',(-0.707106781187,-0.707106781187,0.));
#2308 = ORIENTED_EDGE('',*,*,#2309,.T.);
#2309 = EDGE_CURVE('',#2302,#318,#2310,.T.);
#2310 = LINE('',#2311,#2312);
#2311 = CARTESIAN_POINT('',(102.5,69.,208.));
#2312 = VECTOR('',#2313,1.);
#2313 = DIRECTION('',(0.,0.,1.));
#2314 = ORIENTED_EDGE('',*,*,#325,.F.);
#2315 = ORIENTED_EDGE('',*,*,#2256,.F.);
#2316 = PLANE('',#2317);
#2317 = AXIS2_PLACEMENT_3D('',#2318,#2319,#2320);
#2318 = CARTESIAN_POINT('',(102.5,69.,208.));
#2319 = DIRECTION('',(-0.707106781187,0.707106781187,0.));
#2320 = DIRECTION('',(0.707106781187,0.707106781187,0.));
#2321 = ADVANCED_FACE('',(#2322),#2333,.F.);
#2322 = FACE_BOUND('',#2323,.F.);
#2323 = EDGE_LOOP('',(#2324,#2330,#2331,#2332));
#2324 = ORIENTED_EDGE('',*,*,#2325,.T.);
#2325 = EDGE_CURVE('',#2302,#2278,#2326,.T.);
#2326 = LINE('',#2327,#2328);
#2327 = CARTESIAN_POINT('',(88.875,82.625,212.));
#2328 = VECTOR('',#2329,1.);
#2329 = DIRECTION('',(0.707106781187,-0.707106781187,0.));
#2330 = ORIENTED_EDGE('',*,*,#2287,.T.);
#2331 = ORIENTED_EDGE('',*,*,#317,.F.);
#2332 = ORIENTED_EDGE('',*,*,#2309,.F.);
#2333 = PLANE('',#2334);
#2334 = AXIS2_PLACEMENT_3D('',#2335,#2336,#2337);
#2335 = CARTESIAN_POINT('',(109.,62.5,208.));
#2336 = DIRECTION('',(-0.707106781187,-0.707106781187,0.));
#2337 = DIRECTION('',(-0.707106781187,0.707106781187,0.));
#2338 = ADVANCED_FACE('',(#2339),#2358,.F.);
#2339 = FACE_BOUND('',#2340,.F.);
#2340 = EDGE_LOOP('',(#2341,#2342,#2350,#2357));
#2341 = ORIENTED_EDGE('',*,*,#333,.F.);
#2342 = ORIENTED_EDGE('',*,*,#2343,.F.);
#2343 = EDGE_CURVE('',#2344,#334,#2346,.T.);
#2344 = VERTEX_POINT('',#2345);
#2345 = CARTESIAN_POINT('',(136.35,59.75,212.));
#2346 = LINE('',#2347,#2348);
#2347 = CARTESIAN_POINT('',(136.35,59.75,208.));
#2348 = VECTOR('',#2349,1.);
#2349 = DIRECTION('',(0.,0.,1.));
#2350 = ORIENTED_EDGE('',*,*,#2351,.T.);
#2351 = EDGE_CURVE('',#2344,#2344,#2352,.T.);
#2352 = CIRCLE('',#2353,2.1);
#2353 = AXIS2_PLACEMENT_3D('',#2354,#2355,#2356);
#2354 = CARTESIAN_POINT('',(134.25,59.75,212.));
#2355 = DIRECTION('',(0.,0.,1.));
#2356 = DIRECTION('',(1.,0.,-0.));
#2357 = ORIENTED_EDGE('',*,*,#2343,.T.);
#2358 = CYLINDRICAL_SURFACE('',#2359,2.1);
#2359 = AXIS2_PLACEMENT_3D('',#2360,#2361,#2362);
#2360 = CARTESIAN_POINT('',(134.25,59.75,208.));
#2361 = DIRECTION('',(0.,0.,1.));
#2362 = DIRECTION('',(1.,0.,-0.));
#2363 = ADVANCED_FACE('',(#2364),#2389,.F.);
#2364 = FACE_BOUND('',#2365,.F.);
#2365 = EDGE_LOOP('',(#2366,#2376,#2382,#2383));
#2366 = ORIENTED_EDGE('',*,*,#2367,.T.);
#2367 = EDGE_CURVE('',#2368,#2370,#2372,.T.);
#2368 = VERTEX_POINT('',#2369);
#2369 = CARTESIAN_POINT('',(67.5,85.,212.));
#2370 = VERTEX_POINT('',#2371);
#2371 = CARTESIAN_POINT('',(61.,91.5,212.));
#2372 = LINE('',#2373,#2374);
#2373 = CARTESIAN_POINT('',(60.125,92.375,212.));
#2374 = VECTOR('',#2375,1.);
#2375 = DIRECTION('',(-0.707106781187,0.707106781187,0.));
#2376 = ORIENTED_EDGE('',*,*,#2377,.T.);
#2377 = EDGE_CURVE('',#2370,#347,#2378,.T.);
#2378 = LINE('',#2379,#2380);
#2379 = CARTESIAN_POINT('',(61.,91.5,208.));
#2380 = VECTOR('',#2381,1.);
#2381 = DIRECTION('',(0.,0.,1.));
#2382 = ORIENTED_EDGE('',*,*,#344,.F.);
#2383 = ORIENTED_EDGE('',*,*,#2384,.F.);
#2384 = EDGE_CURVE('',#2368,#345,#2385,.T.);
#2385 = LINE('',#2386,#2387);
#2386 = CARTESIAN_POINT('',(67.5,85.,208.));
#2387 = VECTOR('',#2388,1.);
#2388 = DIRECTION('',(0.,0.,1.));
#2389 = PLANE('',#2390);
#2390 = AXIS2_PLACEMENT_3D('',#2391,#2392,#2393);
#2391 = CARTESIAN_POINT('',(61.,91.5,208.));
#2392 = DIRECTION('',(0.707106781187,0.707106781187,-0.));
#2393 = DIRECTION('',(0.707106781187,-0.707106781187,0.));
#2394 = ADVANCED_FACE('',(#2395),#2413,.F.);
#2395 = FACE_BOUND('',#2396,.F.);
#2396 = EDGE_LOOP('',(#2397,#2405,#2406,#2407));
#2397 = ORIENTED_EDGE('',*,*,#2398,.T.);
#2398 = EDGE_CURVE('',#2399,#2368,#2401,.T.);
#2399 = VERTEX_POINT('',#2400);
#2400 = CARTESIAN_POINT('',(61.,78.5,212.));
#2401 = LINE('',#2402,#2403);
#2402 = CARTESIAN_POINT('',(47.875,65.375,212.));
#2403 = VECTOR('',#2404,1.);
#2404 = DIRECTION('',(0.707106781187,0.707106781187,-0.));
#2405 = ORIENTED_EDGE('',*,*,#2384,.T.);
#2406 = ORIENTED_EDGE('',*,*,#354,.F.);
#2407 = ORIENTED_EDGE('',*,*,#2408,.F.);
#2408 = EDGE_CURVE('',#2399,#355,#2409,.T.);
#2409 = LINE('',#2410,#2411);
#2410 = CARTESIAN_POINT('',(61.,78.5,208.));
#2411 = VECTOR('',#2412,1.);
#2412 = DIRECTION('',(0.,0.,1.));
#2413 = PLANE('',#2414);
#2414 = AXIS2_PLACEMENT_3D('',#2415,#2416,#2417);
#2415 = CARTESIAN_POINT('',(67.5,85.,208.));
#2416 = DIRECTION('',(0.707106781187,-0.707106781187,0.));
#2417 = DIRECTION('',(-0.707106781187,-0.707106781187,0.));
#2418 = ADVANCED_FACE('',(#2419),#2437,.F.);
#2419 = FACE_BOUND('',#2420,.F.);
#2420 = EDGE_LOOP('',(#2421,#2429,#2435,#2436));
#2421 = ORIENTED_EDGE('',*,*,#2422,.T.);
#2422 = EDGE_CURVE('',#2370,#2423,#2425,.T.);
#2423 = VERTEX_POINT('',#2424);
#2424 = CARTESIAN_POINT('',(54.5,85.,212.));
#2425 = LINE('',#2426,#2427);
#2426 = CARTESIAN_POINT('',(38.125,68.625,212.));
#2427 = VECTOR('',#2428,1.);
#2428 = DIRECTION('',(-0.707106781187,-0.707106781187,0.));
#2429 = ORIENTED_EDGE('',*,*,#2430,.T.);
#2430 = EDGE_CURVE('',#2423,#363,#2431,.T.);
#2431 = LINE('',#2432,#2433);
#2432 = CARTESIAN_POINT('',(54.5,85.,208.));
#2433 = VECTOR('',#2434,1.);
#2434 = DIRECTION('',(0.,0.,1.));
#2435 = ORIENTED_EDGE('',*,*,#370,.F.);
#2436 = ORIENTED_EDGE('',*,*,#2377,.F.);
#2437 = PLANE('',#2438);
#2438 = AXIS2_PLACEMENT_3D('',#2439,#2440,#2441);
#2439 = CARTESIAN_POINT('',(54.5,85.,208.));
#2440 = DIRECTION('',(-0.707106781187,0.707106781187,0.));
#2441 = DIRECTION('',(0.707106781187,0.707106781187,0.));
#2442 = ADVANCED_FACE('',(#2443),#2454,.F.);
#2443 = FACE_BOUND('',#2444,.F.);
#2444 = EDGE_LOOP('',(#2445,#2451,#2452,#2453));
#2445 = ORIENTED_EDGE('',*,*,#2446,.T.);
#2446 = EDGE_CURVE('',#2423,#2399,#2447,.T.);
#2447 = LINE('',#2448,#2449);
#2448 = CARTESIAN_POINT('',(56.875,82.625,212.));
#2449 = VECTOR('',#2450,1.);
#2450 = DIRECTION('',(0.707106781187,-0.707106781187,0.));
#2451 = ORIENTED_EDGE('',*,*,#2408,.T.);
#2452 = ORIENTED_EDGE('',*,*,#362,.F.);
#2453 = ORIENTED_EDGE('',*,*,#2430,.F.);
#2454 = PLANE('',#2455);
#2455 = AXIS2_PLACEMENT_3D('',#2456,#2457,#2458);
#2456 = CARTESIAN_POINT('',(61.,78.5,208.));
#2457 = DIRECTION('',(-0.707106781187,-0.707106781187,0.));
#2458 = DIRECTION('',(-0.707106781187,0.707106781187,0.));
#2459 = ADVANCED_FACE('',(#2460),#2485,.F.);
#2460 = FACE_BOUND('',#2461,.F.);
#2461 = EDGE_LOOP('',(#2462,#2472,#2478,#2479));
#2462 = ORIENTED_EDGE('',*,*,#2463,.T.);
#2463 = EDGE_CURVE('',#2464,#2466,#2468,.T.);
#2464 = VERTEX_POINT('',#2465);
#2465 = CARTESIAN_POINT('',(75.5,77.,212.));
#2466 = VERTEX_POINT('',#2467);
#2467 = CARTESIAN_POINT('',(69.,83.5,212.));
#2468 = LINE('',#2469,#2470);
#2469 = CARTESIAN_POINT('',(64.125,88.375,212.));
#2470 = VECTOR('',#2471,1.);
#2471 = DIRECTION('',(-0.707106781187,0.707106781187,0.));
#2472 = ORIENTED_EDGE('',*,*,#2473,.T.);
#2473 = EDGE_CURVE('',#2466,#381,#2474,.T.);
#2474 = LINE('',#2475,#2476);
#2475 = CARTESIAN_POINT('',(69.,83.5,208.));
#2476 = VECTOR('',#2477,1.);
#2477 = DIRECTION('',(0.,0.,1.));
#2478 = ORIENTED_EDGE('',*,*,#378,.F.);
#2479 = ORIENTED_EDGE('',*,*,#2480,.F.);
#2480 = EDGE_CURVE('',#2464,#379,#2481,.T.);
#2481 = LINE('',#2482,#2483);
#2482 = CARTESIAN_POINT('',(75.5,77.,208.));
#2483 = VECTOR('',#2484,1.);
#2484 = DIRECTION('',(0.,0.,1.));
#2485 = PLANE('',#2486);
#2486 = AXIS2_PLACEMENT_3D('',#2487,#2488,#2489);
#2487 = CARTESIAN_POINT('',(69.,83.5,208.));
#2488 = DIRECTION('',(0.707106781187,0.707106781187,-0.));
#2489 = DIRECTION('',(0.707106781187,-0.707106781187,0.));
#2490 = ADVANCED_FACE('',(#2491),#2509,.F.);
#2491 = FACE_BOUND('',#2492,.F.);
#2492 = EDGE_LOOP('',(#2493,#2501,#2502,#2503));
#2493 = ORIENTED_EDGE('',*,*,#2494,.T.);
#2494 = EDGE_CURVE('',#2495,#2464,#2497,.T.);
#2495 = VERTEX_POINT('',#2496);
#2496 = CARTESIAN_POINT('',(69.,70.5,212.));
#2497 = LINE('',#2498,#2499);
#2498 = CARTESIAN_POINT('',(55.875,57.375,212.));
#2499 = VECTOR('',#2500,1.);
#2500 = DIRECTION('',(0.707106781187,0.707106781187,-0.));
#2501 = ORIENTED_EDGE('',*,*,#2480,.T.);
#2502 = ORIENTED_EDGE('',*,*,#388,.F.);
#2503 = ORIENTED_EDGE('',*,*,#2504,.F.);
#2504 = EDGE_CURVE('',#2495,#389,#2505,.T.);
#2505 = LINE('',#2506,#2507);
#2506 = CARTESIAN_POINT('',(69.,70.5,208.));
#2507 = VECTOR('',#2508,1.);
#2508 = DIRECTION('',(0.,0.,1.));
#2509 = PLANE('',#2510);
#2510 = AXIS2_PLACEMENT_3D('',#2511,#2512,#2513);
#2511 = CARTESIAN_POINT('',(75.5,77.,208.));
#2512 = DIRECTION('',(0.707106781187,-0.707106781187,0.));
#2513 = DIRECTION('',(-0.707106781187,-0.707106781187,0.));
#2514 = ADVANCED_FACE('',(#2515),#2533,.F.);
#2515 = FACE_BOUND('',#2516,.F.);
#2516 = EDGE_LOOP('',(#2517,#2525,#2531,#2532));
#2517 = ORIENTED_EDGE('',*,*,#2518,.T.);
#2518 = EDGE_CURVE('',#2466,#2519,#2521,.T.);
#2519 = VERTEX_POINT('',#2520);
#2520 = CARTESIAN_POINT('',(62.5,77.,212.));
#2521 = LINE('',#2522,#2523);
#2522 = CARTESIAN_POINT('',(46.125,60.625,212.));
#2523 = VECTOR('',#2524,1.);
#2524 = DIRECTION('',(-0.707106781187,-0.707106781187,0.));
#2525 = ORIENTED_EDGE('',*,*,#2526,.T.);
#2526 = EDGE_CURVE('',#2519,#397,#2527,.T.);
#2527 = LINE('',#2528,#2529);
#2528 = CARTESIAN_POINT('',(62.5,77.,208.));
#2529 = VECTOR('',#2530,1.);
#2530 = DIRECTION('',(0.,0.,1.));
#2531 = ORIENTED_EDGE('',*,*,#404,.F.);
#2532 = ORIENTED_EDGE('',*,*,#2473,.F.);
#2533 = PLANE('',#2534);
#2534 = AXIS2_PLACEMENT_3D('',#2535,#2536,#2537);
#2535 = CARTESIAN_POINT('',(62.5,77.,208.));
#2536 = DIRECTION('',(-0.707106781187,0.707106781187,0.));
#2537 = DIRECTION('',(0.707106781187,0.707106781187,0.));
#2538 = ADVANCED_FACE('',(#2539),#2550,.F.);
#2539 = FACE_BOUND('',#2540,.F.);
#2540 = EDGE_LOOP('',(#2541,#2547,#2548,#2549));
#2541 = ORIENTED_EDGE('',*,*,#2542,.T.);
#2542 = EDGE_CURVE('',#2519,#2495,#2543,.T.);
#2543 = LINE('',#2544,#2545);
#2544 = CARTESIAN_POINT('',(60.875,78.625,212.));
#2545 = VECTOR('',#2546,1.);
#2546 = DIRECTION('',(0.707106781187,-0.707106781187,0.));
#2547 = ORIENTED_EDGE('',*,*,#2504,.T.);
#2548 = ORIENTED_EDGE('',*,*,#396,.F.);
#2549 = ORIENTED_EDGE('',*,*,#2526,.F.);
#2550 = PLANE('',#2551);
#2551 = AXIS2_PLACEMENT_3D('',#2552,#2553,#2554);
#2552 = CARTESIAN_POINT('',(69.,70.5,208.));
#2553 = DIRECTION('',(-0.707106781187,-0.707106781187,0.));
#2554 = DIRECTION('',(-0.707106781187,0.707106781187,0.));
#2555 = ADVANCED_FACE('',(#2556),#2581,.F.);
#2556 = FACE_BOUND('',#2557,.F.);
#2557 = EDGE_LOOP('',(#2558,#2568,#2574,#2575));
#2558 = ORIENTED_EDGE('',*,*,#2559,.T.);
#2559 = EDGE_CURVE('',#2560,#2562,#2564,.T.);
#2560 = VERTEX_POINT('',#2561);
#2561 = CARTESIAN_POINT('',(75.5,93.,212.));
#2562 = VERTEX_POINT('',#2563);
#2563 = CARTESIAN_POINT('',(69.,99.5,212.));
#2564 = LINE('',#2565,#2566);
#2565 = CARTESIAN_POINT('',(68.125,100.375,212.));
#2566 = VECTOR('',#2567,1.);
#2567 = DIRECTION('',(-0.707106781187,0.707106781187,0.));
#2568 = ORIENTED_EDGE('',*,*,#2569,.T.);
#2569 = EDGE_CURVE('',#2562,#415,#2570,.T.);
#2570 = LINE('',#2571,#2572);
#2571 = CARTESIAN_POINT('',(69.,99.5,208.));
#2572 = VECTOR('',#2573,1.);
#2573 = DIRECTION('',(0.,0.,1.));
#2574 = ORIENTED_EDGE('',*,*,#412,.F.);
#2575 = ORIENTED_EDGE('',*,*,#2576,.F.);
#2576 = EDGE_CURVE('',#2560,#413,#2577,.T.);
#2577 = LINE('',#2578,#2579);
#2578 = CARTESIAN_POINT('',(75.5,93.,208.));
#2579 = VECTOR('',#2580,1.);
#2580 = DIRECTION('',(0.,0.,1.));
#2581 = PLANE('',#2582);
#2582 = AXIS2_PLACEMENT_3D('',#2583,#2584,#2585);
#2583 = CARTESIAN_POINT('',(69.,99.5,208.));
#2584 = DIRECTION('',(0.707106781187,0.707106781187,-0.));
#2585 = DIRECTION('',(0.707106781187,-0.707106781187,0.));
#2586 = ADVANCED_FACE('',(#2587),#2605,.F.);
#2587 = FACE_BOUND('',#2588,.F.);
#2588 = EDGE_LOOP('',(#2589,#2597,#2598,#2599));
#2589 = ORIENTED_EDGE('',*,*,#2590,.T.);
#2590 = EDGE_CURVE('',#2591,#2560,#2593,.T.);
#2591 = VERTEX_POINT('',#2592);
#2592 = CARTESIAN_POINT('',(69.,86.5,212.));
#2593 = LINE('',#2594,#2595);
#2594 = CARTESIAN_POINT('',(51.875,69.375,212.));
#2595 = VECTOR('',#2596,1.);
#2596 = DIRECTION('',(0.707106781187,0.707106781187,-0.));
#2597 = ORIENTED_EDGE('',*,*,#2576,.T.);
#2598 = ORIENTED_EDGE('',*,*,#422,.F.);
#2599 = ORIENTED_EDGE('',*,*,#2600,.F.);
#2600 = EDGE_CURVE('',#2591,#423,#2601,.T.);
#2601 = LINE('',#2602,#2603);
#2602 = CARTESIAN_POINT('',(69.,86.5,208.));
#2603 = VECTOR('',#2604,1.);
#2604 = DIRECTION('',(0.,0.,1.));
#2605 = PLANE('',#2606);
#2606 = AXIS2_PLACEMENT_3D('',#2607,#2608,#2609);
#2607 = CARTESIAN_POINT('',(75.5,93.,208.));
#2608 = DIRECTION('',(0.707106781187,-0.707106781187,0.));
#2609 = DIRECTION('',(-0.707106781187,-0.707106781187,0.));
#2610 = ADVANCED_FACE('',(#2611),#2629,.F.);
#2611 = FACE_BOUND('',#2612,.F.);
#2612 = EDGE_LOOP('',(#2613,#2621,#2627,#2628));
#2613 = ORIENTED_EDGE('',*,*,#2614,.T.);
#2614 = EDGE_CURVE('',#2562,#2615,#2617,.T.);
#2615 = VERTEX_POINT('',#2616);
#2616 = CARTESIAN_POINT('',(62.5,93.,212.));
#2617 = LINE('',#2618,#2619);
#2618 = CARTESIAN_POINT('',(42.125,72.625,212.));
#2619 = VECTOR('',#2620,1.);
#2620 = DIRECTION('',(-0.707106781187,-0.707106781187,0.));
#2621 = ORIENTED_EDGE('',*,*,#2622,.T.);
#2622 = EDGE_CURVE('',#2615,#431,#2623,.T.);
#2623 = LINE('',#2624,#2625);
#2624 = CARTESIAN_POINT('',(62.5,93.,208.));
#2625 = VECTOR('',#2626,1.);
#2626 = DIRECTION('',(0.,0.,1.));
#2627 = ORIENTED_EDGE('',*,*,#438,.F.);
#2628 = ORIENTED_EDGE('',*,*,#2569,.F.);
#2629 = PLANE('',#2630);
#2630 = AXIS2_PLACEMENT_3D('',#2631,#2632,#2633);
#2631 = CARTESIAN_POINT('',(62.5,93.,208.));
#2632 = DIRECTION('',(-0.707106781187,0.707106781187,0.));
#2633 = DIRECTION('',(0.707106781187,0.707106781187,0.));
#2634 = ADVANCED_FACE('',(#2635),#2646,.F.);
#2635 = FACE_BOUND('',#2636,.F.);
#2636 = EDGE_LOOP('',(#2637,#2643,#2644,#2645));
#2637 = ORIENTED_EDGE('',*,*,#2638,.T.);
#2638 = EDGE_CURVE('',#2615,#2591,#2639,.T.);
#2639 = LINE('',#2640,#2641);
#2640 = CARTESIAN_POINT('',(64.875,90.625,212.));
#2641 = VECTOR('',#2642,1.);
#2642 = DIRECTION('',(0.707106781187,-0.707106781187,0.));
#2643 = ORIENTED_EDGE('',*,*,#2600,.T.);
#2644 = ORIENTED_EDGE('',*,*,#430,.F.);
#2645 = ORIENTED_EDGE('',*,*,#2622,.F.);
#2646 = PLANE('',#2647);
#2647 = AXIS2_PLACEMENT_3D('',#2648,#2649,#2650);
#2648 = CARTESIAN_POINT('',(69.,86.5,208.));
#2649 = DIRECTION('',(-0.707106781187,-0.707106781187,0.));
#2650 = DIRECTION('',(-0.707106781187,0.707106781187,0.));
#2651 = ADVANCED_FACE('',(#2652),#2677,.F.);
#2652 = FACE_BOUND('',#2653,.F.);
#2653 = EDGE_LOOP('',(#2654,#2664,#2670,#2671));
#2654 = ORIENTED_EDGE('',*,*,#2655,.T.);
#2655 = EDGE_CURVE('',#2656,#2658,#2660,.T.);
#2656 = VERTEX_POINT('',#2657);
#2657 = CARTESIAN_POINT('',(83.5,85.,212.));
#2658 = VERTEX_POINT('',#2659);
#2659 = CARTESIAN_POINT('',(77.,91.5,212.));
#2660 = LINE('',#2661,#2662);
#2661 = CARTESIAN_POINT('',(72.125,96.375,212.));
#2662 = VECTOR('',#2663,1.);
#2663 = DIRECTION('',(-0.707106781187,0.707106781187,0.));
#2664 = ORIENTED_EDGE('',*,*,#2665,.T.);
#2665 = EDGE_CURVE('',#2658,#449,#2666,.T.);
#2666 = LINE('',#2667,#2668);
#2667 = CARTESIAN_POINT('',(77.,91.5,208.));
#2668 = VECTOR('',#2669,1.);
#2669 = DIRECTION('',(0.,0.,1.));
#2670 = ORIENTED_EDGE('',*,*,#446,.F.);
#2671 = ORIENTED_EDGE('',*,*,#2672,.F.);
#2672 = EDGE_CURVE('',#2656,#447,#2673,.T.);
#2673 = LINE('',#2674,#2675);
#2674 = CARTESIAN_POINT('',(83.5,85.,208.));
#2675 = VECTOR('',#2676,1.);
#2676 = DIRECTION('',(0.,0.,1.));
#2677 = PLANE('',#2678);
#2678 = AXIS2_PLACEMENT_3D('',#2679,#2680,#2681);
#2679 = CARTESIAN_POINT('',(77.,91.5,208.));
#2680 = DIRECTION('',(0.707106781187,0.707106781187,-0.));
#2681 = DIRECTION('',(0.707106781187,-0.707106781187,0.));
#2682 = ADVANCED_FACE('',(#2683),#2701,.F.);
#2683 = FACE_BOUND('',#2684,.F.);
#2684 = EDGE_LOOP('',(#2685,#2693,#2694,#2695));
#2685 = ORIENTED_EDGE('',*,*,#2686,.T.);
#2686 = EDGE_CURVE('',#2687,#2656,#2689,.T.);
#2687 = VERTEX_POINT('',#2688);
#2688 = CARTESIAN_POINT('',(77.,78.5,212.));
#2689 = LINE('',#2690,#2691);
#2690 = CARTESIAN_POINT('',(59.875,61.375,212.));
#2691 = VECTOR('',#2692,1.);
#2692 = DIRECTION('',(0.707106781187,0.707106781187,-0.));
#2693 = ORIENTED_EDGE('',*,*,#2672,.T.);
#2694 = ORIENTED_EDGE('',*,*,#456,.F.);
#2695 = ORIENTED_EDGE('',*,*,#2696,.F.);
#2696 = EDGE_CURVE('',#2687,#457,#2697,.T.);
#2697 = LINE('',#2698,#2699);
#2698 = CARTESIAN_POINT('',(77.,78.5,208.));
#2699 = VECTOR('',#2700,1.);
#2700 = DIRECTION('',(0.,0.,1.));
#2701 = PLANE('',#2702);
#2702 = AXIS2_PLACEMENT_3D('',#2703,#2704,#2705);
#2703 = CARTESIAN_POINT('',(83.5,85.,208.));
#2704 = DIRECTION('',(0.707106781187,-0.707106781187,0.));
#2705 = DIRECTION('',(-0.707106781187,-0.707106781187,0.));
#2706 = ADVANCED_FACE('',(#2707),#2725,.F.);
#2707 = FACE_BOUND('',#2708,.F.);
#2708 = EDGE_LOOP('',(#2709,#2717,#2723,#2724));
#2709 = ORIENTED_EDGE('',*,*,#2710,.T.);
#2710 = EDGE_CURVE('',#2658,#2711,#2713,.T.);
#2711 = VERTEX_POINT('',#2712);
#2712 = CARTESIAN_POINT('',(70.5,85.,212.));
#2713 = LINE('',#2714,#2715);
#2714 = CARTESIAN_POINT('',(50.125,64.625,212.));
#2715 = VECTOR('',#2716,1.);
#2716 = DIRECTION('',(-0.707106781187,-0.707106781187,0.));
#2717 = ORIENTED_EDGE('',*,*,#2718,.T.);
#2718 = EDGE_CURVE('',#2711,#465,#2719,.T.);
#2719 = LINE('',#2720,#2721);
#2720 = CARTESIAN_POINT('',(70.5,85.,208.));
#2721 = VECTOR('',#2722,1.);
#2722 = DIRECTION('',(0.,0.,1.));
#2723 = ORIENTED_EDGE('',*,*,#472,.F.);
#2724 = ORIENTED_EDGE('',*,*,#2665,.F.);
#2725 = PLANE('',#2726);
#2726 = AXIS2_PLACEMENT_3D('',#2727,#2728,#2729);
#2727 = CARTESIAN_POINT('',(70.5,85.,208.));
#2728 = DIRECTION('',(-0.707106781187,0.707106781187,0.));
#2729 = DIRECTION('',(0.707106781187,0.707106781187,0.));
#2730 = ADVANCED_FACE('',(#2731),#2742,.F.);
#2731 = FACE_BOUND('',#2732,.F.);
#2732 = EDGE_LOOP('',(#2733,#2739,#2740,#2741));
#2733 = ORIENTED_EDGE('',*,*,#2734,.T.);
#2734 = EDGE_CURVE('',#2711,#2687,#2735,.T.);
#2735 = LINE('',#2736,#2737);
#2736 = CARTESIAN_POINT('',(68.875,86.625,212.));
#2737 = VECTOR('',#2738,1.);
#2738 = DIRECTION('',(0.707106781187,-0.707106781187,0.));
#2739 = ORIENTED_EDGE('',*,*,#2696,.T.);
#2740 = ORIENTED_EDGE('',*,*,#464,.F.);
#2741 = ORIENTED_EDGE('',*,*,#2718,.F.);
#2742 = PLANE('',#2743);
#2743 = AXIS2_PLACEMENT_3D('',#2744,#2745,#2746);
#2744 = CARTESIAN_POINT('',(77.,78.5,208.));
#2745 = DIRECTION('',(-0.707106781187,-0.707106781187,0.));
#2746 = DIRECTION('',(-0.707106781187,0.707106781187,0.));
#2747 = ADVANCED_FACE('',(#2748),#2773,.F.);
#2748 = FACE_BOUND('',#2749,.F.);
#2749 = EDGE_LOOP('',(#2750,#2760,#2766,#2767));
#2750 = ORIENTED_EDGE('',*,*,#2751,.T.);
#2751 = EDGE_CURVE('',#2752,#2754,#2756,.T.);
#2752 = VERTEX_POINT('',#2753);
#2753 = CARTESIAN_POINT('',(67.5,101.,212.));
#2754 = VERTEX_POINT('',#2755);
#2755 = CARTESIAN_POINT('',(61.,107.5,212.));
#2756 = LINE('',#2757,#2758);
#2757 = CARTESIAN_POINT('',(64.125,104.375,212.));
#2758 = VECTOR('',#2759,1.);
#2759 = DIRECTION('',(-0.707106781187,0.707106781187,0.));
#2760 = ORIENTED_EDGE('',*,*,#2761,.T.);
#2761 = EDGE_CURVE('',#2754,#483,#2762,.T.);
#2762 = LINE('',#2763,#2764);
#2763 = CARTESIAN_POINT('',(61.,107.5,208.));
#2764 = VECTOR('',#2765,1.);
#2765 = DIRECTION('',(0.,0.,1.));
#2766 = ORIENTED_EDGE('',*,*,#480,.F.);
#2767 = ORIENTED_EDGE('',*,*,#2768,.F.);
#2768 = EDGE_CURVE('',#2752,#481,#2769,.T.);
#2769 = LINE('',#2770,#2771);
#2770 = CARTESIAN_POINT('',(67.5,101.,208.));
#2771 = VECTOR('',#2772,1.);
#2772 = DIRECTION('',(0.,0.,1.));
#2773 = PLANE('',#2774);
#2774 = AXIS2_PLACEMENT_3D('',#2775,#2776,#2777);
#2775 = CARTESIAN_POINT('',(61.,107.5,208.));
#2776 = DIRECTION('',(0.707106781187,0.707106781187,-0.));
#2777 = DIRECTION('',(0.707106781187,-0.707106781187,0.));
#2778 = ADVANCED_FACE('',(#2779),#2797,.F.);
#2779 = FACE_BOUND('',#2780,.F.);
#2780 = EDGE_LOOP('',(#2781,#2789,#2790,#2791));
#2781 = ORIENTED_EDGE('',*,*,#2782,.T.);
#2782 = EDGE_CURVE('',#2783,#2752,#2785,.T.);
#2783 = VERTEX_POINT('',#2784);
#2784 = CARTESIAN_POINT('',(61.,94.5,212.));
#2785 = LINE('',#2786,#2787);
#2786 = CARTESIAN_POINT('',(43.875,77.375,212.));
#2787 = VECTOR('',#2788,1.);
#2788 = DIRECTION('',(0.707106781187,0.707106781187,-0.));
#2789 = ORIENTED_EDGE('',*,*,#2768,.T.);
#2790 = ORIENTED_EDGE('',*,*,#490,.F.);
#2791 = ORIENTED_EDGE('',*,*,#2792,.F.);
#2792 = EDGE_CURVE('',#2783,#491,#2793,.T.);
#2793 = LINE('',#2794,#2795);
#2794 = CARTESIAN_POINT('',(61.,94.5,208.));
#2795 = VECTOR('',#2796,1.);
#2796 = DIRECTION('',(0.,0.,1.));
#2797 = PLANE('',#2798);
#2798 = AXIS2_PLACEMENT_3D('',#2799,#2800,#2801);
#2799 = CARTESIAN_POINT('',(67.5,101.,208.));
#2800 = DIRECTION('',(0.707106781187,-0.707106781187,0.));
#2801 = DIRECTION('',(-0.707106781187,-0.707106781187,0.));
#2802 = ADVANCED_FACE('',(#2803),#2821,.F.);
#2803 = FACE_BOUND('',#2804,.F.);
#2804 = EDGE_LOOP('',(#2805,#2813,#2819,#2820));
#2805 = ORIENTED_EDGE('',*,*,#2806,.T.);
#2806 = EDGE_CURVE('',#2754,#2807,#2809,.T.);
#2807 = VERTEX_POINT('',#2808);
#2808 = CARTESIAN_POINT('',(54.5,101.,212.));
#2809 = LINE('',#2810,#2811);
#2810 = CARTESIAN_POINT('',(34.125,80.625,212.));
#2811 = VECTOR('',#2812,1.);
#2812 = DIRECTION('',(-0.707106781187,-0.707106781187,0.));
#2813 = ORIENTED_EDGE('',*,*,#2814,.T.);
#2814 = EDGE_CURVE('',#2807,#499,#2815,.T.);
#2815 = LINE('',#2816,#2817);
#2816 = CARTESIAN_POINT('',(54.5,101.,208.));
#2817 = VECTOR('',#2818,1.);
#2818 = DIRECTION('',(0.,0.,1.));
#2819 = ORIENTED_EDGE('',*,*,#506,.F.);
#2820 = ORIENTED_EDGE('',*,*,#2761,.F.);
#2821 = PLANE('',#2822);
#2822 = AXIS2_PLACEMENT_3D('',#2823,#2824,#2825);
#2823 = CARTESIAN_POINT('',(54.5,101.,208.));
#2824 = DIRECTION('',(-0.707106781187,0.707106781187,0.));
#2825 = DIRECTION('',(0.707106781187,0.707106781187,0.));
#2826 = ADVANCED_FACE('',(#2827),#2838,.F.);
#2827 = FACE_BOUND('',#2828,.F.);
#2828 = EDGE_LOOP('',(#2829,#2835,#2836,#2837));
#2829 = ORIENTED_EDGE('',*,*,#2830,.T.);
#2830 = EDGE_CURVE('',#2807,#2783,#2831,.T.);
#2831 = LINE('',#2832,#2833);
#2832 = CARTESIAN_POINT('',(60.875,94.625,212.));
#2833 = VECTOR('',#2834,1.);
#2834 = DIRECTION('',(0.707106781187,-0.707106781187,0.));
#2835 = ORIENTED_EDGE('',*,*,#2792,.T.);
#2836 = ORIENTED_EDGE('',*,*,#498,.F.);
#2837 = ORIENTED_EDGE('',*,*,#2814,.F.);
#2838 = PLANE('',#2839);
#2839 = AXIS2_PLACEMENT_3D('',#2840,#2841,#2842);
#2840 = CARTESIAN_POINT('',(61.,94.5,208.));
#2841 = DIRECTION('',(-0.707106781187,-0.707106781187,0.));
#2842 = DIRECTION('',(-0.707106781187,0.707106781187,0.));
#2843 = ADVANCED_FACE('',(#2844),#2869,.F.);
#2844 = FACE_BOUND('',#2845,.F.);
#2845 = EDGE_LOOP('',(#2846,#2856,#2862,#2863));
#2846 = ORIENTED_EDGE('',*,*,#2847,.T.);
#2847 = EDGE_CURVE('',#2848,#2850,#2852,.T.);
#2848 = VERTEX_POINT('',#2849);
#2849 = CARTESIAN_POINT('',(83.5,101.,212.));
#2850 = VERTEX_POINT('',#2851);
#2851 = CARTESIAN_POINT('',(77.,107.5,212.));
#2852 = LINE('',#2853,#2854);
#2853 = CARTESIAN_POINT('',(76.125,108.375,212.));
#2854 = VECTOR('',#2855,1.);
#2855 = DIRECTION('',(-0.707106781187,0.707106781187,0.));
#2856 = ORIENTED_EDGE('',*,*,#2857,.T.);
#2857 = EDGE_CURVE('',#2850,#517,#2858,.T.);
#2858 = LINE('',#2859,#2860);
#2859 = CARTESIAN_POINT('',(77.,107.5,208.));
#2860 = VECTOR('',#2861,1.);
#2861 = DIRECTION('',(0.,0.,1.));
#2862 = ORIENTED_EDGE('',*,*,#514,.F.);
#2863 = ORIENTED_EDGE('',*,*,#2864,.F.);
#2864 = EDGE_CURVE('',#2848,#515,#2865,.T.);
#2865 = LINE('',#2866,#2867);
#2866 = CARTESIAN_POINT('',(83.5,101.,208.));
#2867 = VECTOR('',#2868,1.);
#2868 = DIRECTION('',(0.,0.,1.));
#2869 = PLANE('',#2870);
#2870 = AXIS2_PLACEMENT_3D('',#2871,#2872,#2873);
#2871 = CARTESIAN_POINT('',(77.,107.5,208.));
#2872 = DIRECTION('',(0.707106781187,0.707106781187,-0.));
#2873 = DIRECTION('',(0.707106781187,-0.707106781187,0.));
#2874 = ADVANCED_FACE('',(#2875),#2893,.F.);
#2875 = FACE_BOUND('',#2876,.F.);
#2876 = EDGE_LOOP('',(#2877,#2885,#2886,#2887));
#2877 = ORIENTED_EDGE('',*,*,#2878,.T.);
#2878 = EDGE_CURVE('',#2879,#2848,#2881,.T.);
#2879 = VERTEX_POINT('',#2880);
#2880 = CARTESIAN_POINT('',(77.,94.5,212.));
#2881 = LINE('',#2882,#2883);
#2882 = CARTESIAN_POINT('',(55.875,73.375,212.));
#2883 = VECTOR('',#2884,1.);
#2884 = DIRECTION('',(0.707106781187,0.707106781187,-0.));
#2885 = ORIENTED_EDGE('',*,*,#2864,.T.);
#2886 = ORIENTED_EDGE('',*,*,#524,.F.);
#2887 = ORIENTED_EDGE('',*,*,#2888,.F.);
#2888 = EDGE_CURVE('',#2879,#525,#2889,.T.);
#2889 = LINE('',#2890,#2891);
#2890 = CARTESIAN_POINT('',(77.,94.5,208.));
#2891 = VECTOR('',#2892,1.);
#2892 = DIRECTION('',(0.,0.,1.));
#2893 = PLANE('',#2894);
#2894 = AXIS2_PLACEMENT_3D('',#2895,#2896,#2897);
#2895 = CARTESIAN_POINT('',(83.5,101.,208.));
#2896 = DIRECTION('',(0.707106781187,-0.707106781187,0.));
#2897 = DIRECTION('',(-0.707106781187,-0.707106781187,0.));
#2898 = ADVANCED_FACE('',(#2899),#2917,.F.);
#2899 = FACE_BOUND('',#2900,.F.);
#2900 = EDGE_LOOP('',(#2901,#2909,#2915,#2916));
#2901 = ORIENTED_EDGE('',*,*,#2902,.T.);
#2902 = EDGE_CURVE('',#2850,#2903,#2905,.T.);
#2903 = VERTEX_POINT('',#2904);
#2904 = CARTESIAN_POINT('',(70.5,101.,212.));
#2905 = LINE('',#2906,#2907);
#2906 = CARTESIAN_POINT('',(46.125,76.625,212.));
#2907 = VECTOR('',#2908,1.);
#2908 = DIRECTION('',(-0.707106781187,-0.707106781187,0.));
#2909 = ORIENTED_EDGE('',*,*,#2910,.T.);
#2910 = EDGE_CURVE('',#2903,#533,#2911,.T.);
#2911 = LINE('',#2912,#2913);
#2912 = CARTESIAN_POINT('',(70.5,101.,208.));
#2913 = VECTOR('',#2914,1.);
#2914 = DIRECTION('',(0.,0.,1.));
#2915 = ORIENTED_EDGE('',*,*,#540,.F.);
#2916 = ORIENTED_EDGE('',*,*,#2857,.F.);
#2917 = PLANE('',#2918);
#2918 = AXIS2_PLACEMENT_3D('',#2919,#2920,#2921);
#2919 = CARTESIAN_POINT('',(70.5,101.,208.));
#2920 = DIRECTION('',(-0.707106781187,0.707106781187,0.));
#2921 = DIRECTION('',(0.707106781187,0.707106781187,0.));
#2922 = ADVANCED_FACE('',(#2923),#2934,.F.);
#2923 = FACE_BOUND('',#2924,.F.);
#2924 = EDGE_LOOP('',(#2925,#2931,#2932,#2933));
#2925 = ORIENTED_EDGE('',*,*,#2926,.T.);
#2926 = EDGE_CURVE('',#2903,#2879,#2927,.T.);
#2927 = LINE('',#2928,#2929);
#2928 = CARTESIAN_POINT('',(72.875,98.625,212.));
#2929 = VECTOR('',#2930,1.);
#2930 = DIRECTION('',(0.707106781187,-0.707106781187,0.));
#2931 = ORIENTED_EDGE('',*,*,#2888,.T.);
#2932 = ORIENTED_EDGE('',*,*,#532,.F.);
#2933 = ORIENTED_EDGE('',*,*,#2910,.F.);
#2934 = PLANE('',#2935);
#2935 = AXIS2_PLACEMENT_3D('',#2936,#2937,#2938);
#2936 = CARTESIAN_POINT('',(77.,94.5,208.));
#2937 = DIRECTION('',(-0.707106781187,-0.707106781187,0.));
#2938 = DIRECTION('',(-0.707106781187,0.707106781187,0.));
#2939 = ADVANCED_FACE('',(#2940),#2965,.F.);
#2940 = FACE_BOUND('',#2941,.F.);
#2941 = EDGE_LOOP('',(#2942,#2952,#2958,#2959));
#2942 = ORIENTED_EDGE('',*,*,#2943,.T.);
#2943 = EDGE_CURVE('',#2944,#2946,#2948,.T.);
#2944 = VERTEX_POINT('',#2945);
#2945 = CARTESIAN_POINT('',(75.5,109.,212.));
#2946 = VERTEX_POINT('',#2947);
#2947 = CARTESIAN_POINT('',(69.,115.5,212.));
#2948 = LINE('',#2949,#2950);
#2949 = CARTESIAN_POINT('',(72.125,112.375,212.));
#2950 = VECTOR('',#2951,1.);
#2951 = DIRECTION('',(-0.707106781187,0.707106781187,0.));
#2952 = ORIENTED_EDGE('',*,*,#2953,.T.);
#2953 = EDGE_CURVE('',#2946,#551,#2954,.T.);
#2954 = LINE('',#2955,#2956);
#2955 = CARTESIAN_POINT('',(69.,115.5,208.));
#2956 = VECTOR('',#2957,1.);
#2957 = DIRECTION('',(0.,0.,1.));
#2958 = ORIENTED_EDGE('',*,*,#548,.F.);
#2959 = ORIENTED_EDGE('',*,*,#2960,.F.);
#2960 = EDGE_CURVE('',#2944,#549,#2961,.T.);
#2961 = LINE('',#2962,#2963);
#2962 = CARTESIAN_POINT('',(75.5,109.,208.));
#2963 = VECTOR('',#2964,1.);
#2964 = DIRECTION('',(0.,0.,1.));
#2965 = PLANE('',#2966);
#2966 = AXIS2_PLACEMENT_3D('',#2967,#2968,#2969);
#2967 = CARTESIAN_POINT('',(69.,115.5,208.));
#2968 = DIRECTION('',(0.707106781187,0.707106781187,-0.));
#2969 = DIRECTION('',(0.707106781187,-0.707106781187,0.));
#2970 = ADVANCED_FACE('',(#2971),#2989,.F.);
#2971 = FACE_BOUND('',#2972,.F.);
#2972 = EDGE_LOOP('',(#2973,#2981,#2982,#2983));
#2973 = ORIENTED_EDGE('',*,*,#2974,.T.);
#2974 = EDGE_CURVE('',#2975,#2944,#2977,.T.);
#2975 = VERTEX_POINT('',#2976);
#2976 = CARTESIAN_POINT('',(69.,102.5,212.));
#2977 = LINE('',#2978,#2979);
#2978 = CARTESIAN_POINT('',(47.875,81.375,212.));
#2979 = VECTOR('',#2980,1.);
#2980 = DIRECTION('',(0.707106781187,0.707106781187,-0.));
#2981 = ORIENTED_EDGE('',*,*,#2960,.T.);
#2982 = ORIENTED_EDGE('',*,*,#558,.F.);
#2983 = ORIENTED_EDGE('',*,*,#2984,.F.);
#2984 = EDGE_CURVE('',#2975,#559,#2985,.T.);
#2985 = LINE('',#2986,#2987);
#2986 = CARTESIAN_POINT('',(69.,102.5,208.));
#2987 = VECTOR('',#2988,1.);
#2988 = DIRECTION('',(0.,0.,1.));
#2989 = PLANE('',#2990);
#2990 = AXIS2_PLACEMENT_3D('',#2991,#2992,#2993);
#2991 = CARTESIAN_POINT('',(75.5,109.,208.));
#2992 = DIRECTION('',(0.707106781187,-0.707106781187,0.));
#2993 = DIRECTION('',(-0.707106781187,-0.707106781187,0.));
#2994 = ADVANCED_FACE('',(#2995),#3013,.F.);
#2995 = FACE_BOUND('',#2996,.F.);
#2996 = EDGE_LOOP('',(#2997,#3005,#3011,#3012));
#2997 = ORIENTED_EDGE('',*,*,#2998,.T.);
#2998 = EDGE_CURVE('',#2946,#2999,#3001,.T.);
#2999 = VERTEX_POINT('',#3000);
#3000 = CARTESIAN_POINT('',(62.5,109.,212.));
#3001 = LINE('',#3002,#3003);
#3002 = CARTESIAN_POINT('',(38.125,84.625,212.));
#3003 = VECTOR('',#3004,1.);
#3004 = DIRECTION('',(-0.707106781187,-0.707106781187,0.));
#3005 = ORIENTED_EDGE('',*,*,#3006,.T.);
#3006 = EDGE_CURVE('',#2999,#567,#3007,.T.);
#3007 = LINE('',#3008,#3009);
#3008 = CARTESIAN_POINT('',(62.5,109.,208.));
#3009 = VECTOR('',#3010,1.);
#3010 = DIRECTION('',(0.,0.,1.));
#3011 = ORIENTED_EDGE('',*,*,#574,.F.);
#3012 = ORIENTED_EDGE('',*,*,#2953,.F.);
#3013 = PLANE('',#3014);
#3014 = AXIS2_PLACEMENT_3D('',#3015,#3016,#3017);
#3015 = CARTESIAN_POINT('',(62.5,109.,208.));
#3016 = DIRECTION('',(-0.707106781187,0.707106781187,0.));
#3017 = DIRECTION('',(0.707106781187,0.707106781187,0.));
#3018 = ADVANCED_FACE('',(#3019),#3030,.F.);
#3019 = FACE_BOUND('',#3020,.F.);
#3020 = EDGE_LOOP('',(#3021,#3027,#3028,#3029));
#3021 = ORIENTED_EDGE('',*,*,#3022,.T.);
#3022 = EDGE_CURVE('',#2999,#2975,#3023,.T.);
#3023 = LINE('',#3024,#3025);
#3024 = CARTESIAN_POINT('',(68.875,102.625,212.));
#3025 = VECTOR('',#3026,1.);
#3026 = DIRECTION('',(0.707106781187,-0.707106781187,0.));
#3027 = ORIENTED_EDGE('',*,*,#2984,.T.);
#3028 = ORIENTED_EDGE('',*,*,#566,.F.);
#3029 = ORIENTED_EDGE('',*,*,#3006,.F.);
#3030 = PLANE('',#3031);
#3031 = AXIS2_PLACEMENT_3D('',#3032,#3033,#3034);
#3032 = CARTESIAN_POINT('',(69.,102.5,208.));
#3033 = DIRECTION('',(-0.707106781187,-0.707106781187,0.));
#3034 = DIRECTION('',(-0.707106781187,0.707106781187,0.));
#3035 = ADVANCED_FACE('',(#3036),#3061,.T.);
#3036 = FACE_BOUND('',#3037,.T.);
#3037 = EDGE_LOOP('',(#3038,#3046,#3054,#3060));
#3038 = ORIENTED_EDGE('',*,*,#3039,.F.);
#3039 = EDGE_CURVE('',#3040,#583,#3042,.T.);
#3040 = VERTEX_POINT('',#3041);
#3041 = CARTESIAN_POINT('',(44.,126.,212.));
#3042 = LINE('',#3043,#3044);
#3043 = CARTESIAN_POINT('',(44.,126.,208.));
#3044 = VECTOR('',#3045,1.);
#3045 = DIRECTION('',(0.,0.,1.));
#3046 = ORIENTED_EDGE('',*,*,#3047,.T.);
#3047 = EDGE_CURVE('',#3040,#3048,#3050,.T.);
#3048 = VERTEX_POINT('',#3049);
#3049 = CARTESIAN_POINT('',(26.,126.,212.));
#3050 = LINE('',#3051,#3052);
#3051 = CARTESIAN_POINT('',(23.,126.,212.));
#3052 = VECTOR('',#3053,1.);
#3053 = DIRECTION('',(-1.,-0.,0.));
#3054 = ORIENTED_EDGE('',*,*,#3055,.T.);
#3055 = EDGE_CURVE('',#3048,#585,#3056,.T.);
#3056 = LINE('',#3057,#3058);
#3057 = CARTESIAN_POINT('',(26.,126.,208.));
#3058 = VECTOR('',#3059,1.);
#3059 = DIRECTION('',(0.,0.,1.));
#3060 = ORIENTED_EDGE('',*,*,#582,.F.);
#3061 = PLANE('',#3062);
#3062 = AXIS2_PLACEMENT_3D('',#3063,#3064,#3065);
#3063 = CARTESIAN_POINT('',(26.,126.,208.));
#3064 = DIRECTION('',(-0.,1.,0.));
#3065 = DIRECTION('',(0.,0.,1.));
#3066 = ADVANCED_FACE('',(#3067),#3085,.F.);
#3067 = FACE_BOUND('',#3068,.F.);
#3068 = EDGE_LOOP('',(#3069,#3070,#3078,#3084));
#3069 = ORIENTED_EDGE('',*,*,#3039,.F.);
#3070 = ORIENTED_EDGE('',*,*,#3071,.T.);
#3071 = EDGE_CURVE('',#3040,#3072,#3074,.T.);
#3072 = VERTEX_POINT('',#3073);
#3073 = CARTESIAN_POINT('',(44.,140.,212.));
#3074 = LINE('',#3075,#3076);
#3075 = CARTESIAN_POINT('',(44.,90.,212.));
#3076 = VECTOR('',#3077,1.);
#3077 = DIRECTION('',(-0.,1.,0.));
#3078 = ORIENTED_EDGE('',*,*,#3079,.T.);
#3079 = EDGE_CURVE('',#3072,#601,#3080,.T.);
#3080 = LINE('',#3081,#3082);
#3081 = CARTESIAN_POINT('',(44.,140.,208.));
#3082 = VECTOR('',#3083,1.);
#3083 = DIRECTION('',(0.,0.,1.));
#3084 = ORIENTED_EDGE('',*,*,#608,.F.);
#3085 = PLANE('',#3086);
#3086 = AXIS2_PLACEMENT_3D('',#3087,#3088,#3089);
#3087 = CARTESIAN_POINT('',(44.,126.,208.));
#3088 = DIRECTION('',(1.,0.,-0.));
#3089 = DIRECTION('',(0.,0.,1.));
#3090 = ADVANCED_FACE('',(#3091),#3109,.T.);
#3091 = FACE_BOUND('',#3092,.T.);
#3092 = EDGE_LOOP('',(#3093,#3094,#3102,#3108));
#3093 = ORIENTED_EDGE('',*,*,#3055,.F.);
#3094 = ORIENTED_EDGE('',*,*,#3095,.T.);
#3095 = EDGE_CURVE('',#3048,#3096,#3098,.T.);
#3096 = VERTEX_POINT('',#3097);
#3097 = CARTESIAN_POINT('',(26.,140.,212.));
#3098 = LINE('',#3099,#3100);
#3099 = CARTESIAN_POINT('',(26.,90.,212.));
#3100 = VECTOR('',#3101,1.);
#3101 = DIRECTION('',(-0.,1.,0.));
#3102 = ORIENTED_EDGE('',*,*,#3103,.T.);
#3103 = EDGE_CURVE('',#3096,#593,#3104,.T.);
#3104 = LINE('',#3105,#3106);
#3105 = CARTESIAN_POINT('',(26.,140.,208.));
#3106 = VECTOR('',#3107,1.);
#3107 = DIRECTION('',(0.,0.,1.));
#3108 = ORIENTED_EDGE('',*,*,#592,.F.);
#3109 = PLANE('',#3110);
#3110 = AXIS2_PLACEMENT_3D('',#3111,#3112,#3113);
#3111 = CARTESIAN_POINT('',(26.,126.,208.));
#3112 = DIRECTION('',(1.,0.,-0.));
#3113 = DIRECTION('',(0.,0.,1.));
#3114 = ADVANCED_FACE('',(#3115),#3126,.F.);
#3115 = FACE_BOUND('',#3116,.F.);
#3116 = EDGE_LOOP('',(#3117,#3118,#3124,#3125));
#3117 = ORIENTED_EDGE('',*,*,#3079,.F.);
#3118 = ORIENTED_EDGE('',*,*,#3119,.T.);
#3119 = EDGE_CURVE('',#3072,#3096,#3120,.T.);
#3120 = LINE('',#3121,#3122);
#3121 = CARTESIAN_POINT('',(23.,140.,212.));
#3122 = VECTOR('',#3123,1.);
#3123 = DIRECTION('',(-1.,-0.,0.));
#3124 = ORIENTED_EDGE('',*,*,#3103,.T.);
#3125 = ORIENTED_EDGE('',*,*,#600,.F.);
#3126 = PLANE('',#3127);
#3127 = AXIS2_PLACEMENT_3D('',#3128,#3129,#3130);
#3128 = CARTESIAN_POINT('',(26.,140.,208.));
#3129 = DIRECTION('',(-0.,1.,0.));
#3130 = DIRECTION('',(0.,0.,1.));
#3131 = ADVANCED_FACE('',(#3132),#3157,.F.);
#3132 = FACE_BOUND('',#3133,.F.);
#3133 = EDGE_LOOP('',(#3134,#3144,#3150,#3151));
#3134 = ORIENTED_EDGE('',*,*,#3135,.T.);
#3135 = EDGE_CURVE('',#3136,#3138,#3140,.T.);
#3136 = VERTEX_POINT('',#3137);
#3137 = CARTESIAN_POINT('',(67.5,117.,212.));
#3138 = VERTEX_POINT('',#3139);
#3139 = CARTESIAN_POINT('',(61.,123.5,212.));
#3140 = LINE('',#3141,#3142);
#3141 = CARTESIAN_POINT('',(68.125,116.375,212.));
#3142 = VECTOR('',#3143,1.);
#3143 = DIRECTION('',(-0.707106781187,0.707106781187,0.));
#3144 = ORIENTED_EDGE('',*,*,#3145,.T.);
#3145 = EDGE_CURVE('',#3138,#619,#3146,.T.);
#3146 = LINE('',#3147,#3148);
#3147 = CARTESIAN_POINT('',(61.,123.5,208.));
#3148 = VECTOR('',#3149,1.);
#3149 = DIRECTION('',(0.,0.,1.));
#3150 = ORIENTED_EDGE('',*,*,#616,.F.);
#3151 = ORIENTED_EDGE('',*,*,#3152,.F.);
#3152 = EDGE_CURVE('',#3136,#617,#3153,.T.);
#3153 = LINE('',#3154,#3155);
#3154 = CARTESIAN_POINT('',(67.5,117.,208.));
#3155 = VECTOR('',#3156,1.);
#3156 = DIRECTION('',(0.,0.,1.));
#3157 = PLANE('',#3158);
#3158 = AXIS2_PLACEMENT_3D('',#3159,#3160,#3161);
#3159 = CARTESIAN_POINT('',(61.,123.5,208.));
#3160 = DIRECTION('',(0.707106781187,0.707106781187,-0.));
#3161 = DIRECTION('',(0.707106781187,-0.707106781187,0.));
#3162 = ADVANCED_FACE('',(#3163),#3181,.F.);
#3163 = FACE_BOUND('',#3164,.F.);
#3164 = EDGE_LOOP('',(#3165,#3173,#3174,#3175));
#3165 = ORIENTED_EDGE('',*,*,#3166,.T.);
#3166 = EDGE_CURVE('',#3167,#3136,#3169,.T.);
#3167 = VERTEX_POINT('',#3168);
#3168 = CARTESIAN_POINT('',(61.,110.5,212.));
#3169 = LINE('',#3170,#3171);
#3170 = CARTESIAN_POINT('',(39.875,89.375,212.));
#3171 = VECTOR('',#3172,1.);
#3172 = DIRECTION('',(0.707106781187,0.707106781187,-0.));
#3173 = ORIENTED_EDGE('',*,*,#3152,.T.);
#3174 = ORIENTED_EDGE('',*,*,#626,.F.);
#3175 = ORIENTED_EDGE('',*,*,#3176,.F.);
#3176 = EDGE_CURVE('',#3167,#627,#3177,.T.);
#3177 = LINE('',#3178,#3179);
#3178 = CARTESIAN_POINT('',(61.,110.5,208.));
#3179 = VECTOR('',#3180,1.);
#3180 = DIRECTION('',(0.,0.,1.));
#3181 = PLANE('',#3182);
#3182 = AXIS2_PLACEMENT_3D('',#3183,#3184,#3185);
#3183 = CARTESIAN_POINT('',(67.5,117.,208.));
#3184 = DIRECTION('',(0.707106781187,-0.707106781187,0.));
#3185 = DIRECTION('',(-0.707106781187,-0.707106781187,0.));
#3186 = ADVANCED_FACE('',(#3187),#3205,.F.);
#3187 = FACE_BOUND('',#3188,.F.);
#3188 = EDGE_LOOP('',(#3189,#3197,#3203,#3204));
#3189 = ORIENTED_EDGE('',*,*,#3190,.T.);
#3190 = EDGE_CURVE('',#3138,#3191,#3193,.T.);
#3191 = VERTEX_POINT('',#3192);
#3192 = CARTESIAN_POINT('',(54.5,117.,212.));
#3193 = LINE('',#3194,#3195);
#3194 = CARTESIAN_POINT('',(30.125,92.625,212.));
#3195 = VECTOR('',#3196,1.);
#3196 = DIRECTION('',(-0.707106781187,-0.707106781187,0.));
#3197 = ORIENTED_EDGE('',*,*,#3198,.T.);
#3198 = EDGE_CURVE('',#3191,#635,#3199,.T.);
#3199 = LINE('',#3200,#3201);
#3200 = CARTESIAN_POINT('',(54.5,117.,208.));
#3201 = VECTOR('',#3202,1.);
#3202 = DIRECTION('',(0.,0.,1.));
#3203 = ORIENTED_EDGE('',*,*,#642,.F.);
#3204 = ORIENTED_EDGE('',*,*,#3145,.F.);
#3205 = PLANE('',#3206);
#3206 = AXIS2_PLACEMENT_3D('',#3207,#3208,#3209);
#3207 = CARTESIAN_POINT('',(54.5,117.,208.));
#3208 = DIRECTION('',(-0.707106781187,0.707106781187,0.));
#3209 = DIRECTION('',(0.707106781187,0.707106781187,0.));
#3210 = ADVANCED_FACE('',(#3211),#3222,.F.);
#3211 = FACE_BOUND('',#3212,.F.);
#3212 = EDGE_LOOP('',(#3213,#3219,#3220,#3221));
#3213 = ORIENTED_EDGE('',*,*,#3214,.T.);
#3214 = EDGE_CURVE('',#3191,#3167,#3215,.T.);
#3215 = LINE('',#3216,#3217);
#3216 = CARTESIAN_POINT('',(64.875,106.625,212.));
#3217 = VECTOR('',#3218,1.);
#3218 = DIRECTION('',(0.707106781187,-0.707106781187,0.));
#3219 = ORIENTED_EDGE('',*,*,#3176,.T.);
#3220 = ORIENTED_EDGE('',*,*,#634,.F.);
#3221 = ORIENTED_EDGE('',*,*,#3198,.F.);
#3222 = PLANE('',#3223);
#3223 = AXIS2_PLACEMENT_3D('',#3224,#3225,#3226);
#3224 = CARTESIAN_POINT('',(61.,110.5,208.));
#3225 = DIRECTION('',(-0.707106781187,-0.707106781187,0.));
#3226 = DIRECTION('',(-0.707106781187,0.707106781187,0.));
#3227 = ADVANCED_FACE('',(#3228),#3253,.F.);
#3228 = FACE_BOUND('',#3229,.F.);
#3229 = EDGE_LOOP('',(#3230,#3240,#3246,#3247));
#3230 = ORIENTED_EDGE('',*,*,#3231,.T.);
#3231 = EDGE_CURVE('',#3232,#3234,#3236,.T.);
#3232 = VERTEX_POINT('',#3233);
#3233 = CARTESIAN_POINT('',(83.5,117.,212.));
#3234 = VERTEX_POINT('',#3235);
#3235 = CARTESIAN_POINT('',(77.,123.5,212.));
#3236 = LINE('',#3237,#3238);
#3237 = CARTESIAN_POINT('',(80.125,120.375,212.));
#3238 = VECTOR('',#3239,1.);
#3239 = DIRECTION('',(-0.707106781187,0.707106781187,0.));
#3240 = ORIENTED_EDGE('',*,*,#3241,.T.);
#3241 = EDGE_CURVE('',#3234,#653,#3242,.T.);
#3242 = LINE('',#3243,#3244);
#3243 = CARTESIAN_POINT('',(77.,123.5,208.));
#3244 = VECTOR('',#3245,1.);
#3245 = DIRECTION('',(0.,0.,1.));
#3246 = ORIENTED_EDGE('',*,*,#650,.F.);
#3247 = ORIENTED_EDGE('',*,*,#3248,.F.);
#3248 = EDGE_CURVE('',#3232,#651,#3249,.T.);
#3249 = LINE('',#3250,#3251);
#3250 = CARTESIAN_POINT('',(83.5,117.,208.));
#3251 = VECTOR('',#3252,1.);
#3252 = DIRECTION('',(0.,0.,1.));
#3253 = PLANE('',#3254);
#3254 = AXIS2_PLACEMENT_3D('',#3255,#3256,#3257);
#3255 = CARTESIAN_POINT('',(77.,123.5,208.));
#3256 = DIRECTION('',(0.707106781187,0.707106781187,-0.));
#3257 = DIRECTION('',(0.707106781187,-0.707106781187,0.));
#3258 = ADVANCED_FACE('',(#3259),#3277,.F.);
#3259 = FACE_BOUND('',#3260,.F.);
#3260 = EDGE_LOOP('',(#3261,#3269,#3270,#3271));
#3261 = ORIENTED_EDGE('',*,*,#3262,.T.);
#3262 = EDGE_CURVE('',#3263,#3232,#3265,.T.);
#3263 = VERTEX_POINT('',#3264);
#3264 = CARTESIAN_POINT('',(77.,110.5,212.));
#3265 = LINE('',#3266,#3267);
#3266 = CARTESIAN_POINT('',(51.875,85.375,212.));
#3267 = VECTOR('',#3268,1.);
#3268 = DIRECTION('',(0.707106781187,0.707106781187,-0.));
#3269 = ORIENTED_EDGE('',*,*,#3248,.T.);
#3270 = ORIENTED_EDGE('',*,*,#660,.F.);
#3271 = ORIENTED_EDGE('',*,*,#3272,.F.);
#3272 = EDGE_CURVE('',#3263,#661,#3273,.T.);
#3273 = LINE('',#3274,#3275);
#3274 = CARTESIAN_POINT('',(77.,110.5,208.));
#3275 = VECTOR('',#3276,1.);
#3276 = DIRECTION('',(0.,0.,1.));
#3277 = PLANE('',#3278);
#3278 = AXIS2_PLACEMENT_3D('',#3279,#3280,#3281);
#3279 = CARTESIAN_POINT('',(83.5,117.,208.));
#3280 = DIRECTION('',(0.707106781187,-0.707106781187,0.));
#3281 = DIRECTION('',(-0.707106781187,-0.707106781187,0.));
#3282 = ADVANCED_FACE('',(#3283),#3301,.F.);
#3283 = FACE_BOUND('',#3284,.F.);
#3284 = EDGE_LOOP('',(#3285,#3293,#3299,#3300));
#3285 = ORIENTED_EDGE('',*,*,#3286,.T.);
#3286 = EDGE_CURVE('',#3234,#3287,#3289,.T.);
#3287 = VERTEX_POINT('',#3288);
#3288 = CARTESIAN_POINT('',(70.5,117.,212.));
#3289 = LINE('',#3290,#3291);
#3290 = CARTESIAN_POINT('',(42.125,88.625,212.));
#3291 = VECTOR('',#3292,1.);
#3292 = DIRECTION('',(-0.707106781187,-0.707106781187,0.));
#3293 = ORIENTED_EDGE('',*,*,#3294,.T.);
#3294 = EDGE_CURVE('',#3287,#669,#3295,.T.);
#3295 = LINE('',#3296,#3297);
#3296 = CARTESIAN_POINT('',(70.5,117.,208.));
#3297 = VECTOR('',#3298,1.);
#3298 = DIRECTION('',(0.,0.,1.));
#3299 = ORIENTED_EDGE('',*,*,#676,.F.);
#3300 = ORIENTED_EDGE('',*,*,#3241,.F.);
#3301 = PLANE('',#3302);
#3302 = AXIS2_PLACEMENT_3D('',#3303,#3304,#3305);
#3303 = CARTESIAN_POINT('',(70.5,117.,208.));
#3304 = DIRECTION('',(-0.707106781187,0.707106781187,0.));
#3305 = DIRECTION('',(0.707106781187,0.707106781187,0.));
#3306 = ADVANCED_FACE('',(#3307),#3318,.F.);
#3307 = FACE_BOUND('',#3308,.F.);
#3308 = EDGE_LOOP('',(#3309,#3315,#3316,#3317));
#3309 = ORIENTED_EDGE('',*,*,#3310,.T.);
#3310 = EDGE_CURVE('',#3287,#3263,#3311,.T.);
#3311 = LINE('',#3312,#3313);
#3312 = CARTESIAN_POINT('',(76.875,110.625,212.));
#3313 = VECTOR('',#3314,1.);
#3314 = DIRECTION('',(0.707106781187,-0.707106781187,0.));
#3315 = ORIENTED_EDGE('',*,*,#3272,.T.);
#3316 = ORIENTED_EDGE('',*,*,#668,.F.);
#3317 = ORIENTED_EDGE('',*,*,#3294,.F.);
#3318 = PLANE('',#3319);
#3319 = AXIS2_PLACEMENT_3D('',#3320,#3321,#3322);
#3320 = CARTESIAN_POINT('',(77.,110.5,208.));
#3321 = DIRECTION('',(-0.707106781187,-0.707106781187,0.));
#3322 = DIRECTION('',(-0.707106781187,0.707106781187,0.));
#3323 = ADVANCED_FACE('',(#3324),#3349,.F.);
#3324 = FACE_BOUND('',#3325,.F.);
#3325 = EDGE_LOOP('',(#3326,#3336,#3342,#3343));
#3326 = ORIENTED_EDGE('',*,*,#3327,.T.);
#3327 = EDGE_CURVE('',#3328,#3330,#3332,.T.);
#3328 = VERTEX_POINT('',#3329);
#3329 = CARTESIAN_POINT('',(75.5,125.,212.));
#3330 = VERTEX_POINT('',#3331);
#3331 = CARTESIAN_POINT('',(69.,131.5,212.));
#3332 = LINE('',#3333,#3334);
#3333 = CARTESIAN_POINT('',(76.125,124.375,212.));
#3334 = VECTOR('',#3335,1.);
#3335 = DIRECTION('',(-0.707106781187,0.707106781187,0.));
#3336 = ORIENTED_EDGE('',*,*,#3337,.T.);
#3337 = EDGE_CURVE('',#3330,#687,#3338,.T.);
#3338 = LINE('',#3339,#3340);
#3339 = CARTESIAN_POINT('',(69.,131.5,208.));
#3340 = VECTOR('',#3341,1.);
#3341 = DIRECTION('',(0.,0.,1.));
#3342 = ORIENTED_EDGE('',*,*,#684,.F.);
#3343 = ORIENTED_EDGE('',*,*,#3344,.F.);
#3344 = EDGE_CURVE('',#3328,#685,#3345,.T.);
#3345 = LINE('',#3346,#3347);
#3346 = CARTESIAN_POINT('',(75.5,125.,208.));
#3347 = VECTOR('',#3348,1.);
#3348 = DIRECTION('',(0.,0.,1.));
#3349 = PLANE('',#3350);
#3350 = AXIS2_PLACEMENT_3D('',#3351,#3352,#3353);
#3351 = CARTESIAN_POINT('',(69.,131.5,208.));
#3352 = DIRECTION('',(0.707106781187,0.707106781187,-0.));
#3353 = DIRECTION('',(0.707106781187,-0.707106781187,0.));
#3354 = ADVANCED_FACE('',(#3355),#3373,.F.);
#3355 = FACE_BOUND('',#3356,.F.);
#3356 = EDGE_LOOP('',(#3357,#3365,#3366,#3367));
#3357 = ORIENTED_EDGE('',*,*,#3358,.T.);
#3358 = EDGE_CURVE('',#3359,#3328,#3361,.T.);
#3359 = VERTEX_POINT('',#3360);
#3360 = CARTESIAN_POINT('',(69.,118.5,212.));
#3361 = LINE('',#3362,#3363);
#3362 = CARTESIAN_POINT('',(43.875,93.375,212.));
#3363 = VECTOR('',#3364,1.);
#3364 = DIRECTION('',(0.707106781187,0.707106781187,-0.));
#3365 = ORIENTED_EDGE('',*,*,#3344,.T.);
#3366 = ORIENTED_EDGE('',*,*,#694,.F.);
#3367 = ORIENTED_EDGE('',*,*,#3368,.F.);
#3368 = EDGE_CURVE('',#3359,#695,#3369,.T.);
#3369 = LINE('',#3370,#3371);
#3370 = CARTESIAN_POINT('',(69.,118.5,208.));
#3371 = VECTOR('',#3372,1.);
#3372 = DIRECTION('',(0.,0.,1.));
#3373 = PLANE('',#3374);
#3374 = AXIS2_PLACEMENT_3D('',#3375,#3376,#3377);
#3375 = CARTESIAN_POINT('',(75.5,125.,208.));
#3376 = DIRECTION('',(0.707106781187,-0.707106781187,0.));
#3377 = DIRECTION('',(-0.707106781187,-0.707106781187,0.));
#3378 = ADVANCED_FACE('',(#3379),#3397,.F.);
#3379 = FACE_BOUND('',#3380,.F.);
#3380 = EDGE_LOOP('',(#3381,#3389,#3395,#3396));
#3381 = ORIENTED_EDGE('',*,*,#3382,.T.);
#3382 = EDGE_CURVE('',#3330,#3383,#3385,.T.);
#3383 = VERTEX_POINT('',#3384);
#3384 = CARTESIAN_POINT('',(62.5,125.,212.));
#3385 = LINE('',#3386,#3387);
#3386 = CARTESIAN_POINT('',(34.125,96.625,212.));
#3387 = VECTOR('',#3388,1.);
#3388 = DIRECTION('',(-0.707106781187,-0.707106781187,0.));
#3389 = ORIENTED_EDGE('',*,*,#3390,.T.);
#3390 = EDGE_CURVE('',#3383,#703,#3391,.T.);
#3391 = LINE('',#3392,#3393);
#3392 = CARTESIAN_POINT('',(62.5,125.,208.));
#3393 = VECTOR('',#3394,1.);
#3394 = DIRECTION('',(0.,0.,1.));
#3395 = ORIENTED_EDGE('',*,*,#710,.F.);
#3396 = ORIENTED_EDGE('',*,*,#3337,.F.);
#3397 = PLANE('',#3398);
#3398 = AXIS2_PLACEMENT_3D('',#3399,#3400,#3401);
#3399 = CARTESIAN_POINT('',(62.5,125.,208.));
#3400 = DIRECTION('',(-0.707106781187,0.707106781187,0.));
#3401 = DIRECTION('',(0.707106781187,0.707106781187,0.));
#3402 = ADVANCED_FACE('',(#3403),#3414,.F.);
#3403 = FACE_BOUND('',#3404,.F.);
#3404 = EDGE_LOOP('',(#3405,#3411,#3412,#3413));
#3405 = ORIENTED_EDGE('',*,*,#3406,.T.);
#3406 = EDGE_CURVE('',#3383,#3359,#3407,.T.);
#3407 = LINE('',#3408,#3409);
#3408 = CARTESIAN_POINT('',(72.875,114.625,212.));
#3409 = VECTOR('',#3410,1.);
#3410 = DIRECTION('',(0.707106781187,-0.707106781187,0.));
#3411 = ORIENTED_EDGE('',*,*,#3368,.T.);
#3412 = ORIENTED_EDGE('',*,*,#702,.F.);
#3413 = ORIENTED_EDGE('',*,*,#3390,.F.);
#3414 = PLANE('',#3415);
#3415 = AXIS2_PLACEMENT_3D('',#3416,#3417,#3418);
#3416 = CARTESIAN_POINT('',(69.,118.5,208.));
#3417 = DIRECTION('',(-0.707106781187,-0.707106781187,0.));
#3418 = DIRECTION('',(-0.707106781187,0.707106781187,0.));
#3419 = ADVANCED_FACE('',(#3420),#3439,.F.);
#3420 = FACE_BOUND('',#3421,.F.);
#3421 = EDGE_LOOP('',(#3422,#3423,#3431,#3438));
#3422 = ORIENTED_EDGE('',*,*,#718,.F.);
#3423 = ORIENTED_EDGE('',*,*,#3424,.F.);
#3424 = EDGE_CURVE('',#3425,#719,#3427,.T.);
#3425 = VERTEX_POINT('',#3426);
#3426 = CARTESIAN_POINT('',(53.85,142.25,212.));
#3427 = LINE('',#3428,#3429);
#3428 = CARTESIAN_POINT('',(53.85,142.25,208.));
#3429 = VECTOR('',#3430,1.);
#3430 = DIRECTION('',(0.,0.,1.));
#3431 = ORIENTED_EDGE('',*,*,#3432,.T.);
#3432 = EDGE_CURVE('',#3425,#3425,#3433,.T.);
#3433 = CIRCLE('',#3434,2.1);
#3434 = AXIS2_PLACEMENT_3D('',#3435,#3436,#3437);
#3435 = CARTESIAN_POINT('',(51.75,142.25,212.));
#3436 = DIRECTION('',(0.,0.,1.));
#3437 = DIRECTION('',(1.,0.,-0.));
#3438 = ORIENTED_EDGE('',*,*,#3424,.T.);
#3439 = CYLINDRICAL_SURFACE('',#3440,2.1);
#3440 = AXIS2_PLACEMENT_3D('',#3441,#3442,#3443);
#3441 = CARTESIAN_POINT('',(51.75,142.25,208.));
#3442 = DIRECTION('',(0.,0.,1.));
#3443 = DIRECTION('',(1.,0.,-0.));
#3444 = ADVANCED_FACE('',(#3445),#3470,.F.);
#3445 = FACE_BOUND('',#3446,.F.);
#3446 = EDGE_LOOP('',(#3447,#3457,#3463,#3464));
#3447 = ORIENTED_EDGE('',*,*,#3448,.T.);
#3448 = EDGE_CURVE('',#3449,#3451,#3453,.T.);
#3449 = VERTEX_POINT('',#3450);
#3450 = CARTESIAN_POINT('',(83.5,133.,212.));
#3451 = VERTEX_POINT('',#3452);
#3452 = CARTESIAN_POINT('',(77.,139.5,212.));
#3453 = LINE('',#3454,#3455);
#3454 = CARTESIAN_POINT('',(84.125,132.375,212.));
#3455 = VECTOR('',#3456,1.);
#3456 = DIRECTION('',(-0.707106781187,0.707106781187,0.));
#3457 = ORIENTED_EDGE('',*,*,#3458,.T.);
#3458 = EDGE_CURVE('',#3451,#732,#3459,.T.);
#3459 = LINE('',#3460,#3461);
#3460 = CARTESIAN_POINT('',(77.,139.5,208.));
#3461 = VECTOR('',#3462,1.);
#3462 = DIRECTION('',(0.,0.,1.));
#3463 = ORIENTED_EDGE('',*,*,#729,.F.);
#3464 = ORIENTED_EDGE('',*,*,#3465,.F.);
#3465 = EDGE_CURVE('',#3449,#730,#3466,.T.);
#3466 = LINE('',#3467,#3468);
#3467 = CARTESIAN_POINT('',(83.5,133.,208.));
#3468 = VECTOR('',#3469,1.);
#3469 = DIRECTION('',(0.,0.,1.));
#3470 = PLANE('',#3471);
#3471 = AXIS2_PLACEMENT_3D('',#3472,#3473,#3474);
#3472 = CARTESIAN_POINT('',(77.,139.5,208.));
#3473 = DIRECTION('',(0.707106781187,0.707106781187,-0.));
#3474 = DIRECTION('',(0.707106781187,-0.707106781187,0.));
#3475 = ADVANCED_FACE('',(#3476),#3494,.F.);
#3476 = FACE_BOUND('',#3477,.F.);
#3477 = EDGE_LOOP('',(#3478,#3486,#3487,#3488));
#3478 = ORIENTED_EDGE('',*,*,#3479,.T.);
#3479 = EDGE_CURVE('',#3480,#3449,#3482,.T.);
#3480 = VERTEX_POINT('',#3481);
#3481 = CARTESIAN_POINT('',(77.,126.5,212.));
#3482 = LINE('',#3483,#3484);
#3483 = CARTESIAN_POINT('',(47.875,97.375,212.));
#3484 = VECTOR('',#3485,1.);
#3485 = DIRECTION('',(0.707106781187,0.707106781187,-0.));
#3486 = ORIENTED_EDGE('',*,*,#3465,.T.);
#3487 = ORIENTED_EDGE('',*,*,#739,.F.);
#3488 = ORIENTED_EDGE('',*,*,#3489,.F.);
#3489 = EDGE_CURVE('',#3480,#740,#3490,.T.);
#3490 = LINE('',#3491,#3492);
#3491 = CARTESIAN_POINT('',(77.,126.5,208.));
#3492 = VECTOR('',#3493,1.);
#3493 = DIRECTION('',(0.,0.,1.));
#3494 = PLANE('',#3495);
#3495 = AXIS2_PLACEMENT_3D('',#3496,#3497,#3498);
#3496 = CARTESIAN_POINT('',(83.5,133.,208.));
#3497 = DIRECTION('',(0.707106781187,-0.707106781187,0.));
#3498 = DIRECTION('',(-0.707106781187,-0.707106781187,0.));
#3499 = ADVANCED_FACE('',(#3500),#3518,.F.);
#3500 = FACE_BOUND('',#3501,.F.);
#3501 = EDGE_LOOP('',(#3502,#3510,#3516,#3517));
#3502 = ORIENTED_EDGE('',*,*,#3503,.T.);
#3503 = EDGE_CURVE('',#3451,#3504,#3506,.T.);
#3504 = VERTEX_POINT('',#3505);
#3505 = CARTESIAN_POINT('',(70.5,133.,212.));
#3506 = LINE('',#3507,#3508);
#3507 = CARTESIAN_POINT('',(38.125,100.625,212.));
#3508 = VECTOR('',#3509,1.);
#3509 = DIRECTION('',(-0.707106781187,-0.707106781187,0.));
#3510 = ORIENTED_EDGE('',*,*,#3511,.T.);
#3511 = EDGE_CURVE('',#3504,#748,#3512,.T.);
#3512 = LINE('',#3513,#3514);
#3513 = CARTESIAN_POINT('',(70.5,133.,208.));
#3514 = VECTOR('',#3515,1.);
#3515 = DIRECTION('',(0.,0.,1.));
#3516 = ORIENTED_EDGE('',*,*,#755,.F.);
#3517 = ORIENTED_EDGE('',*,*,#3458,.F.);
#3518 = PLANE('',#3519);
#3519 = AXIS2_PLACEMENT_3D('',#3520,#3521,#3522);
#3520 = CARTESIAN_POINT('',(70.5,133.,208.));
#3521 = DIRECTION('',(-0.707106781187,0.707106781187,0.));
#3522 = DIRECTION('',(0.707106781187,0.707106781187,0.));
#3523 = ADVANCED_FACE('',(#3524),#3535,.F.);
#3524 = FACE_BOUND('',#3525,.F.);
#3525 = EDGE_LOOP('',(#3526,#3532,#3533,#3534));
#3526 = ORIENTED_EDGE('',*,*,#3527,.T.);
#3527 = EDGE_CURVE('',#3504,#3480,#3528,.T.);
#3528 = LINE('',#3529,#3530);
#3529 = CARTESIAN_POINT('',(80.875,122.625,212.));
#3530 = VECTOR('',#3531,1.);
#3531 = DIRECTION('',(0.707106781187,-0.707106781187,0.));
#3532 = ORIENTED_EDGE('',*,*,#3489,.T.);
#3533 = ORIENTED_EDGE('',*,*,#747,.F.);
#3534 = ORIENTED_EDGE('',*,*,#3511,.F.);
#3535 = PLANE('',#3536);
#3536 = AXIS2_PLACEMENT_3D('',#3537,#3538,#3539);
#3537 = CARTESIAN_POINT('',(77.,126.5,208.));
#3538 = DIRECTION('',(-0.707106781187,-0.707106781187,0.));
#3539 = DIRECTION('',(-0.707106781187,0.707106781187,0.));
#3540 = ADVANCED_FACE('',(#3541),#3566,.F.);
#3541 = FACE_BOUND('',#3542,.F.);
#3542 = EDGE_LOOP('',(#3543,#3553,#3559,#3560));
#3543 = ORIENTED_EDGE('',*,*,#3544,.T.);
#3544 = EDGE_CURVE('',#3545,#3547,#3549,.T.);
#3545 = VERTEX_POINT('',#3546);
#3546 = CARTESIAN_POINT('',(91.5,77.,212.));
#3547 = VERTEX_POINT('',#3548);
#3548 = CARTESIAN_POINT('',(85.,83.5,212.));
#3549 = LINE('',#3550,#3551);
#3550 = CARTESIAN_POINT('',(76.125,92.375,212.));
#3551 = VECTOR('',#3552,1.);
#3552 = DIRECTION('',(-0.707106781187,0.707106781187,0.));
#3553 = ORIENTED_EDGE('',*,*,#3554,.T.);
#3554 = EDGE_CURVE('',#3547,#766,#3555,.T.);
#3555 = LINE('',#3556,#3557);
#3556 = CARTESIAN_POINT('',(85.,83.5,208.));
#3557 = VECTOR('',#3558,1.);
#3558 = DIRECTION('',(0.,0.,1.));
#3559 = ORIENTED_EDGE('',*,*,#763,.F.);
#3560 = ORIENTED_EDGE('',*,*,#3561,.F.);
#3561 = EDGE_CURVE('',#3545,#764,#3562,.T.);
#3562 = LINE('',#3563,#3564);
#3563 = CARTESIAN_POINT('',(91.5,77.,208.));
#3564 = VECTOR('',#3565,1.);
#3565 = DIRECTION('',(0.,0.,1.));
#3566 = PLANE('',#3567);
#3567 = AXIS2_PLACEMENT_3D('',#3568,#3569,#3570);
#3568 = CARTESIAN_POINT('',(85.,83.5,208.));
#3569 = DIRECTION('',(0.707106781187,0.707106781187,-0.));
#3570 = DIRECTION('',(0.707106781187,-0.707106781187,0.));
#3571 = ADVANCED_FACE('',(#3572),#3590,.F.);
#3572 = FACE_BOUND('',#3573,.F.);
#3573 = EDGE_LOOP('',(#3574,#3582,#3583,#3584));
#3574 = ORIENTED_EDGE('',*,*,#3575,.T.);
#3575 = EDGE_CURVE('',#3576,#3545,#3578,.T.);
#3576 = VERTEX_POINT('',#3577);
#3577 = CARTESIAN_POINT('',(85.,70.5,212.));
#3578 = LINE('',#3579,#3580);
#3579 = CARTESIAN_POINT('',(67.875,53.375,212.));
#3580 = VECTOR('',#3581,1.);
#3581 = DIRECTION('',(0.707106781187,0.707106781187,-0.));
#3582 = ORIENTED_EDGE('',*,*,#3561,.T.);
#3583 = ORIENTED_EDGE('',*,*,#773,.F.);
#3584 = ORIENTED_EDGE('',*,*,#3585,.F.);
#3585 = EDGE_CURVE('',#3576,#774,#3586,.T.);
#3586 = LINE('',#3587,#3588);
#3587 = CARTESIAN_POINT('',(85.,70.5,208.));
#3588 = VECTOR('',#3589,1.);
#3589 = DIRECTION('',(0.,0.,1.));
#3590 = PLANE('',#3591);
#3591 = AXIS2_PLACEMENT_3D('',#3592,#3593,#3594);
#3592 = CARTESIAN_POINT('',(91.5,77.,208.));
#3593 = DIRECTION('',(0.707106781187,-0.707106781187,0.));
#3594 = DIRECTION('',(-0.707106781187,-0.707106781187,0.));
#3595 = ADVANCED_FACE('',(#3596),#3614,.F.);
#3596 = FACE_BOUND('',#3597,.F.);
#3597 = EDGE_LOOP('',(#3598,#3606,#3612,#3613));
#3598 = ORIENTED_EDGE('',*,*,#3599,.T.);
#3599 = EDGE_CURVE('',#3547,#3600,#3602,.T.);
#3600 = VERTEX_POINT('',#3601);
#3601 = CARTESIAN_POINT('',(78.5,77.,212.));
#3602 = LINE('',#3603,#3604);
#3603 = CARTESIAN_POINT('',(58.125,56.625,212.));
#3604 = VECTOR('',#3605,1.);
#3605 = DIRECTION('',(-0.707106781187,-0.707106781187,0.));
#3606 = ORIENTED_EDGE('',*,*,#3607,.T.);
#3607 = EDGE_CURVE('',#3600,#782,#3608,.T.);
#3608 = LINE('',#3609,#3610);
#3609 = CARTESIAN_POINT('',(78.5,77.,208.));
#3610 = VECTOR('',#3611,1.);
#3611 = DIRECTION('',(0.,0.,1.));
#3612 = ORIENTED_EDGE('',*,*,#789,.F.);
#3613 = ORIENTED_EDGE('',*,*,#3554,.F.);
#3614 = PLANE('',#3615);
#3615 = AXIS2_PLACEMENT_3D('',#3616,#3617,#3618);
#3616 = CARTESIAN_POINT('',(78.5,77.,208.));
#3617 = DIRECTION('',(-0.707106781187,0.707106781187,0.));
#3618 = DIRECTION('',(0.707106781187,0.707106781187,0.));
#3619 = ADVANCED_FACE('',(#3620),#3631,.F.);
#3620 = FACE_BOUND('',#3621,.F.);
#3621 = EDGE_LOOP('',(#3622,#3628,#3629,#3630));
#3622 = ORIENTED_EDGE('',*,*,#3623,.T.);
#3623 = EDGE_CURVE('',#3600,#3576,#3624,.T.);
#3624 = LINE('',#3625,#3626);
#3625 = CARTESIAN_POINT('',(72.875,82.625,212.));
#3626 = VECTOR('',#3627,1.);
#3627 = DIRECTION('',(0.707106781187,-0.707106781187,0.));
#3628 = ORIENTED_EDGE('',*,*,#3585,.T.);
#3629 = ORIENTED_EDGE('',*,*,#781,.F.);
#3630 = ORIENTED_EDGE('',*,*,#3607,.F.);
#3631 = PLANE('',#3632);
#3632 = AXIS2_PLACEMENT_3D('',#3633,#3634,#3635);
#3633 = CARTESIAN_POINT('',(85.,70.5,208.));
#3634 = DIRECTION('',(-0.707106781187,-0.707106781187,0.));
#3635 = DIRECTION('',(-0.707106781187,0.707106781187,0.));
#3636 = ADVANCED_FACE('',(#3637),#3662,.F.);
#3637 = FACE_BOUND('',#3638,.F.);
#3638 = EDGE_LOOP('',(#3639,#3649,#3655,#3656));
#3639 = ORIENTED_EDGE('',*,*,#3640,.T.);
#3640 = EDGE_CURVE('',#3641,#3643,#3645,.T.);
#3641 = VERTEX_POINT('',#3642);
#3642 = CARTESIAN_POINT('',(107.5,77.,212.));
#3643 = VERTEX_POINT('',#3644);
#3644 = CARTESIAN_POINT('',(101.,83.5,212.));
#3645 = LINE('',#3646,#3647);
#3646 = CARTESIAN_POINT('',(88.125,96.375,212.));
#3647 = VECTOR('',#3648,1.);
#3648 = DIRECTION('',(-0.707106781187,0.707106781187,0.));
#3649 = ORIENTED_EDGE('',*,*,#3650,.T.);
#3650 = EDGE_CURVE('',#3643,#800,#3651,.T.);
#3651 = LINE('',#3652,#3653);
#3652 = CARTESIAN_POINT('',(101.,83.5,208.));
#3653 = VECTOR('',#3654,1.);
#3654 = DIRECTION('',(0.,0.,1.));
#3655 = ORIENTED_EDGE('',*,*,#797,.F.);
#3656 = ORIENTED_EDGE('',*,*,#3657,.F.);
#3657 = EDGE_CURVE('',#3641,#798,#3658,.T.);
#3658 = LINE('',#3659,#3660);
#3659 = CARTESIAN_POINT('',(107.5,77.,208.));
#3660 = VECTOR('',#3661,1.);
#3661 = DIRECTION('',(0.,0.,1.));
#3662 = PLANE('',#3663);
#3663 = AXIS2_PLACEMENT_3D('',#3664,#3665,#3666);
#3664 = CARTESIAN_POINT('',(101.,83.5,208.));
#3665 = DIRECTION('',(0.707106781187,0.707106781187,-0.));
#3666 = DIRECTION('',(0.707106781187,-0.707106781187,0.));
#3667 = ADVANCED_FACE('',(#3668),#3686,.F.);
#3668 = FACE_BOUND('',#3669,.F.);
#3669 = EDGE_LOOP('',(#3670,#3678,#3679,#3680));
#3670 = ORIENTED_EDGE('',*,*,#3671,.T.);
#3671 = EDGE_CURVE('',#3672,#3641,#3674,.T.);
#3672 = VERTEX_POINT('',#3673);
#3673 = CARTESIAN_POINT('',(101.,70.5,212.));
#3674 = LINE('',#3675,#3676);
#3675 = CARTESIAN_POINT('',(79.875,49.375,212.));
#3676 = VECTOR('',#3677,1.);
#3677 = DIRECTION('',(0.707106781187,0.707106781187,-0.));
#3678 = ORIENTED_EDGE('',*,*,#3657,.T.);
#3679 = ORIENTED_EDGE('',*,*,#807,.F.);
#3680 = ORIENTED_EDGE('',*,*,#3681,.F.);
#3681 = EDGE_CURVE('',#3672,#808,#3682,.T.);
#3682 = LINE('',#3683,#3684);
#3683 = CARTESIAN_POINT('',(101.,70.5,208.));
#3684 = VECTOR('',#3685,1.);
#3685 = DIRECTION('',(0.,0.,1.));
#3686 = PLANE('',#3687);
#3687 = AXIS2_PLACEMENT_3D('',#3688,#3689,#3690);
#3688 = CARTESIAN_POINT('',(107.5,77.,208.));
#3689 = DIRECTION('',(0.707106781187,-0.707106781187,0.));
#3690 = DIRECTION('',(-0.707106781187,-0.707106781187,0.));
#3691 = ADVANCED_FACE('',(#3692),#3710,.F.);
#3692 = FACE_BOUND('',#3693,.F.);
#3693 = EDGE_LOOP('',(#3694,#3702,#3708,#3709));
#3694 = ORIENTED_EDGE('',*,*,#3695,.T.);
#3695 = EDGE_CURVE('',#3643,#3696,#3698,.T.);
#3696 = VERTEX_POINT('',#3697);
#3697 = CARTESIAN_POINT('',(94.5,77.,212.));
#3698 = LINE('',#3699,#3700);
#3699 = CARTESIAN_POINT('',(70.125,52.625,212.));
#3700 = VECTOR('',#3701,1.);
#3701 = DIRECTION('',(-0.707106781187,-0.707106781187,0.));
#3702 = ORIENTED_EDGE('',*,*,#3703,.T.);
#3703 = EDGE_CURVE('',#3696,#816,#3704,.T.);
#3704 = LINE('',#3705,#3706);
#3705 = CARTESIAN_POINT('',(94.5,77.,208.));
#3706 = VECTOR('',#3707,1.);
#3707 = DIRECTION('',(0.,0.,1.));
#3708 = ORIENTED_EDGE('',*,*,#823,.F.);
#3709 = ORIENTED_EDGE('',*,*,#3650,.F.);
#3710 = PLANE('',#3711);
#3711 = AXIS2_PLACEMENT_3D('',#3712,#3713,#3714);
#3712 = CARTESIAN_POINT('',(94.5,77.,208.));
#3713 = DIRECTION('',(-0.707106781187,0.707106781187,0.));
#3714 = DIRECTION('',(0.707106781187,0.707106781187,0.));
#3715 = ADVANCED_FACE('',(#3716),#3727,.F.);
#3716 = FACE_BOUND('',#3717,.F.);
#3717 = EDGE_LOOP('',(#3718,#3724,#3725,#3726));
#3718 = ORIENTED_EDGE('',*,*,#3719,.T.);
#3719 = EDGE_CURVE('',#3696,#3672,#3720,.T.);
#3720 = LINE('',#3721,#3722);
#3721 = CARTESIAN_POINT('',(84.875,86.625,212.));
#3722 = VECTOR('',#3723,1.);
#3723 = DIRECTION('',(0.707106781187,-0.707106781187,0.));
#3724 = ORIENTED_EDGE('',*,*,#3681,.T.);
#3725 = ORIENTED_EDGE('',*,*,#815,.F.);
#3726 = ORIENTED_EDGE('',*,*,#3703,.F.);
#3727 = PLANE('',#3728);
#3728 = AXIS2_PLACEMENT_3D('',#3729,#3730,#3731);
#3729 = CARTESIAN_POINT('',(101.,70.5,208.));
#3730 = DIRECTION('',(-0.707106781187,-0.707106781187,0.));
#3731 = DIRECTION('',(-0.707106781187,0.707106781187,0.));
#3732 = ADVANCED_FACE('',(#3733),#3758,.F.);
#3733 = FACE_BOUND('',#3734,.F.);
#3734 = EDGE_LOOP('',(#3735,#3745,#3751,#3752));
#3735 = ORIENTED_EDGE('',*,*,#3736,.T.);
#3736 = EDGE_CURVE('',#3737,#3739,#3741,.T.);
#3737 = VERTEX_POINT('',#3738);
#3738 = CARTESIAN_POINT('',(99.5,85.,212.));
#3739 = VERTEX_POINT('',#3740);
#3740 = CARTESIAN_POINT('',(93.,91.5,212.));
#3741 = LINE('',#3742,#3743);
#3742 = CARTESIAN_POINT('',(84.125,100.375,212.));
#3743 = VECTOR('',#3744,1.);
#3744 = DIRECTION('',(-0.707106781187,0.707106781187,0.));
#3745 = ORIENTED_EDGE('',*,*,#3746,.T.);
#3746 = EDGE_CURVE('',#3739,#834,#3747,.T.);
#3747 = LINE('',#3748,#3749);
#3748 = CARTESIAN_POINT('',(93.,91.5,208.));
#3749 = VECTOR('',#3750,1.);
#3750 = DIRECTION('',(0.,0.,1.));
#3751 = ORIENTED_EDGE('',*,*,#831,.F.);
#3752 = ORIENTED_EDGE('',*,*,#3753,.F.);
#3753 = EDGE_CURVE('',#3737,#832,#3754,.T.);
#3754 = LINE('',#3755,#3756);
#3755 = CARTESIAN_POINT('',(99.5,85.,208.));
#3756 = VECTOR('',#3757,1.);
#3757 = DIRECTION('',(0.,0.,1.));
#3758 = PLANE('',#3759);
#3759 = AXIS2_PLACEMENT_3D('',#3760,#3761,#3762);
#3760 = CARTESIAN_POINT('',(93.,91.5,208.));
#3761 = DIRECTION('',(0.707106781187,0.707106781187,-0.));
#3762 = DIRECTION('',(0.707106781187,-0.707106781187,0.));
#3763 = ADVANCED_FACE('',(#3764),#3782,.F.);
#3764 = FACE_BOUND('',#3765,.F.);
#3765 = EDGE_LOOP('',(#3766,#3774,#3775,#3776));
#3766 = ORIENTED_EDGE('',*,*,#3767,.T.);
#3767 = EDGE_CURVE('',#3768,#3737,#3770,.T.);
#3768 = VERTEX_POINT('',#3769);
#3769 = CARTESIAN_POINT('',(93.,78.5,212.));
#3770 = LINE('',#3771,#3772);
#3771 = CARTESIAN_POINT('',(71.875,57.375,212.));
#3772 = VECTOR('',#3773,1.);
#3773 = DIRECTION('',(0.707106781187,0.707106781187,-0.));
#3774 = ORIENTED_EDGE('',*,*,#3753,.T.);
#3775 = ORIENTED_EDGE('',*,*,#841,.F.);
#3776 = ORIENTED_EDGE('',*,*,#3777,.F.);
#3777 = EDGE_CURVE('',#3768,#842,#3778,.T.);
#3778 = LINE('',#3779,#3780);
#3779 = CARTESIAN_POINT('',(93.,78.5,208.));
#3780 = VECTOR('',#3781,1.);
#3781 = DIRECTION('',(0.,0.,1.));
#3782 = PLANE('',#3783);
#3783 = AXIS2_PLACEMENT_3D('',#3784,#3785,#3786);
#3784 = CARTESIAN_POINT('',(99.5,85.,208.));
#3785 = DIRECTION('',(0.707106781187,-0.707106781187,0.));
#3786 = DIRECTION('',(-0.707106781187,-0.707106781187,0.));
#3787 = ADVANCED_FACE('',(#3788),#3806,.F.);
#3788 = FACE_BOUND('',#3789,.F.);
#3789 = EDGE_LOOP('',(#3790,#3798,#3804,#3805));
#3790 = ORIENTED_EDGE('',*,*,#3791,.T.);
#3791 = EDGE_CURVE('',#3739,#3792,#3794,.T.);
#3792 = VERTEX_POINT('',#3793);
#3793 = CARTESIAN_POINT('',(86.5,85.,212.));
#3794 = LINE('',#3795,#3796);
#3795 = CARTESIAN_POINT('',(62.125,60.625,212.));
#3796 = VECTOR('',#3797,1.);
#3797 = DIRECTION('',(-0.707106781187,-0.707106781187,0.));
#3798 = ORIENTED_EDGE('',*,*,#3799,.T.);
#3799 = EDGE_CURVE('',#3792,#850,#3800,.T.);
#3800 = LINE('',#3801,#3802);
#3801 = CARTESIAN_POINT('',(86.5,85.,208.));
#3802 = VECTOR('',#3803,1.);
#3803 = DIRECTION('',(0.,0.,1.));
#3804 = ORIENTED_EDGE('',*,*,#857,.F.);
#3805 = ORIENTED_EDGE('',*,*,#3746,.F.);
#3806 = PLANE('',#3807);
#3807 = AXIS2_PLACEMENT_3D('',#3808,#3809,#3810);
#3808 = CARTESIAN_POINT('',(86.5,85.,208.));
#3809 = DIRECTION('',(-0.707106781187,0.707106781187,0.));
#3810 = DIRECTION('',(0.707106781187,0.707106781187,0.));
#3811 = ADVANCED_FACE('',(#3812),#3823,.F.);
#3812 = FACE_BOUND('',#3813,.F.);
#3813 = EDGE_LOOP('',(#3814,#3820,#3821,#3822));
#3814 = ORIENTED_EDGE('',*,*,#3815,.T.);
#3815 = EDGE_CURVE('',#3792,#3768,#3816,.T.);
#3816 = LINE('',#3817,#3818);
#3817 = CARTESIAN_POINT('',(80.875,90.625,212.));
#3818 = VECTOR('',#3819,1.);
#3819 = DIRECTION('',(0.707106781187,-0.707106781187,0.));
#3820 = ORIENTED_EDGE('',*,*,#3777,.T.);
#3821 = ORIENTED_EDGE('',*,*,#849,.F.);
#3822 = ORIENTED_EDGE('',*,*,#3799,.F.);
#3823 = PLANE('',#3824);
#3824 = AXIS2_PLACEMENT_3D('',#3825,#3826,#3827);
#3825 = CARTESIAN_POINT('',(93.,78.5,208.));
#3826 = DIRECTION('',(-0.707106781187,-0.707106781187,0.));
#3827 = DIRECTION('',(-0.707106781187,0.707106781187,0.));
#3828 = ADVANCED_FACE('',(#3829),#3854,.F.);
#3829 = FACE_BOUND('',#3830,.F.);
#3830 = EDGE_LOOP('',(#3831,#3841,#3847,#3848));
#3831 = ORIENTED_EDGE('',*,*,#3832,.T.);
#3832 = EDGE_CURVE('',#3833,#3835,#3837,.T.);
#3833 = VERTEX_POINT('',#3834);
#3834 = CARTESIAN_POINT('',(91.5,93.,212.));
#3835 = VERTEX_POINT('',#3836);
#3836 = CARTESIAN_POINT('',(85.,99.5,212.));
#3837 = LINE('',#3838,#3839);
#3838 = CARTESIAN_POINT('',(80.125,104.375,212.));
#3839 = VECTOR('',#3840,1.);
#3840 = DIRECTION('',(-0.707106781187,0.707106781187,0.));
#3841 = ORIENTED_EDGE('',*,*,#3842,.T.);
#3842 = EDGE_CURVE('',#3835,#868,#3843,.T.);
#3843 = LINE('',#3844,#3845);
#3844 = CARTESIAN_POINT('',(85.,99.5,208.));
#3845 = VECTOR('',#3846,1.);
#3846 = DIRECTION('',(0.,0.,1.));
#3847 = ORIENTED_EDGE('',*,*,#865,.F.);
#3848 = ORIENTED_EDGE('',*,*,#3849,.F.);
#3849 = EDGE_CURVE('',#3833,#866,#3850,.T.);
#3850 = LINE('',#3851,#3852);
#3851 = CARTESIAN_POINT('',(91.5,93.,208.));
#3852 = VECTOR('',#3853,1.);
#3853 = DIRECTION('',(0.,0.,1.));
#3854 = PLANE('',#3855);
#3855 = AXIS2_PLACEMENT_3D('',#3856,#3857,#3858);
#3856 = CARTESIAN_POINT('',(85.,99.5,208.));
#3857 = DIRECTION('',(0.707106781187,0.707106781187,-0.));
#3858 = DIRECTION('',(0.707106781187,-0.707106781187,0.));
#3859 = ADVANCED_FACE('',(#3860),#3878,.F.);
#3860 = FACE_BOUND('',#3861,.F.);
#3861 = EDGE_LOOP('',(#3862,#3870,#3871,#3872));
#3862 = ORIENTED_EDGE('',*,*,#3863,.T.);
#3863 = EDGE_CURVE('',#3864,#3833,#3866,.T.);
#3864 = VERTEX_POINT('',#3865);
#3865 = CARTESIAN_POINT('',(85.,86.5,212.));
#3866 = LINE('',#3867,#3868);
#3867 = CARTESIAN_POINT('',(63.875,65.375,212.));
#3868 = VECTOR('',#3869,1.);
#3869 = DIRECTION('',(0.707106781187,0.707106781187,-0.));
#3870 = ORIENTED_EDGE('',*,*,#3849,.T.);
#3871 = ORIENTED_EDGE('',*,*,#875,.F.);
#3872 = ORIENTED_EDGE('',*,*,#3873,.F.);
#3873 = EDGE_CURVE('',#3864,#876,#3874,.T.);
#3874 = LINE('',#3875,#3876);
#3875 = CARTESIAN_POINT('',(85.,86.5,208.));
#3876 = VECTOR('',#3877,1.);
#3877 = DIRECTION('',(0.,0.,1.));
#3878 = PLANE('',#3879);
#3879 = AXIS2_PLACEMENT_3D('',#3880,#3881,#3882);
#3880 = CARTESIAN_POINT('',(91.5,93.,208.));
#3881 = DIRECTION('',(0.707106781187,-0.707106781187,0.));
#3882 = DIRECTION('',(-0.707106781187,-0.707106781187,0.));
#3883 = ADVANCED_FACE('',(#3884),#3902,.F.);
#3884 = FACE_BOUND('',#3885,.F.);
#3885 = EDGE_LOOP('',(#3886,#3894,#3900,#3901));
#3886 = ORIENTED_EDGE('',*,*,#3887,.T.);
#3887 = EDGE_CURVE('',#3835,#3888,#3890,.T.);
#3888 = VERTEX_POINT('',#3889);
#3889 = CARTESIAN_POINT('',(78.5,93.,212.));
#3890 = LINE('',#3891,#3892);
#3891 = CARTESIAN_POINT('',(54.125,68.625,212.));
#3892 = VECTOR('',#3893,1.);
#3893 = DIRECTION('',(-0.707106781187,-0.707106781187,0.));
#3894 = ORIENTED_EDGE('',*,*,#3895,.T.);
#3895 = EDGE_CURVE('',#3888,#884,#3896,.T.);
#3896 = LINE('',#3897,#3898);
#3897 = CARTESIAN_POINT('',(78.5,93.,208.));
#3898 = VECTOR('',#3899,1.);
#3899 = DIRECTION('',(0.,0.,1.));
#3900 = ORIENTED_EDGE('',*,*,#891,.F.);
#3901 = ORIENTED_EDGE('',*,*,#3842,.F.);
#3902 = PLANE('',#3903);
#3903 = AXIS2_PLACEMENT_3D('',#3904,#3905,#3906);
#3904 = CARTESIAN_POINT('',(78.5,93.,208.));
#3905 = DIRECTION('',(-0.707106781187,0.707106781187,0.));
#3906 = DIRECTION('',(0.707106781187,0.707106781187,0.));
#3907 = ADVANCED_FACE('',(#3908),#3919,.F.);
#3908 = FACE_BOUND('',#3909,.F.);
#3909 = EDGE_LOOP('',(#3910,#3916,#3917,#3918));
#3910 = ORIENTED_EDGE('',*,*,#3911,.T.);
#3911 = EDGE_CURVE('',#3888,#3864,#3912,.T.);
#3912 = LINE('',#3913,#3914);
#3913 = CARTESIAN_POINT('',(76.875,94.625,212.));
#3914 = VECTOR('',#3915,1.);
#3915 = DIRECTION('',(0.707106781187,-0.707106781187,0.));
#3916 = ORIENTED_EDGE('',*,*,#3873,.T.);
#3917 = ORIENTED_EDGE('',*,*,#883,.F.);
#3918 = ORIENTED_EDGE('',*,*,#3895,.F.);
#3919 = PLANE('',#3920);
#3920 = AXIS2_PLACEMENT_3D('',#3921,#3922,#3923);
#3921 = CARTESIAN_POINT('',(85.,86.5,208.));
#3922 = DIRECTION('',(-0.707106781187,-0.707106781187,0.));
#3923 = DIRECTION('',(-0.707106781187,0.707106781187,0.));
#3924 = ADVANCED_FACE('',(#3925),#3950,.F.);
#3925 = FACE_BOUND('',#3926,.F.);
#3926 = EDGE_LOOP('',(#3927,#3937,#3943,#3944));
#3927 = ORIENTED_EDGE('',*,*,#3928,.T.);
#3928 = EDGE_CURVE('',#3929,#3931,#3933,.T.);
#3929 = VERTEX_POINT('',#3930);
#3930 = CARTESIAN_POINT('',(107.5,93.,212.));
#3931 = VERTEX_POINT('',#3932);
#3932 = CARTESIAN_POINT('',(101.,99.5,212.));
#3933 = LINE('',#3934,#3935);
#3934 = CARTESIAN_POINT('',(92.125,108.375,212.));
#3935 = VECTOR('',#3936,1.);
#3936 = DIRECTION('',(-0.707106781187,0.707106781187,0.));
#3937 = ORIENTED_EDGE('',*,*,#3938,.T.);
#3938 = EDGE_CURVE('',#3931,#902,#3939,.T.);
#3939 = LINE('',#3940,#3941);
#3940 = CARTESIAN_POINT('',(101.,99.5,208.));
#3941 = VECTOR('',#3942,1.);
#3942 = DIRECTION('',(0.,0.,1.));
#3943 = ORIENTED_EDGE('',*,*,#899,.F.);
#3944 = ORIENTED_EDGE('',*,*,#3945,.F.);
#3945 = EDGE_CURVE('',#3929,#900,#3946,.T.);
#3946 = LINE('',#3947,#3948);
#3947 = CARTESIAN_POINT('',(107.5,93.,208.));
#3948 = VECTOR('',#3949,1.);
#3949 = DIRECTION('',(0.,0.,1.));
#3950 = PLANE('',#3951);
#3951 = AXIS2_PLACEMENT_3D('',#3952,#3953,#3954);
#3952 = CARTESIAN_POINT('',(101.,99.5,208.));
#3953 = DIRECTION('',(0.707106781187,0.707106781187,-0.));
#3954 = DIRECTION('',(0.707106781187,-0.707106781187,0.));
#3955 = ADVANCED_FACE('',(#3956),#3974,.F.);
#3956 = FACE_BOUND('',#3957,.F.);
#3957 = EDGE_LOOP('',(#3958,#3966,#3967,#3968));
#3958 = ORIENTED_EDGE('',*,*,#3959,.T.);
#3959 = EDGE_CURVE('',#3960,#3929,#3962,.T.);
#3960 = VERTEX_POINT('',#3961);
#3961 = CARTESIAN_POINT('',(101.,86.5,212.));
#3962 = LINE('',#3963,#3964);
#3963 = CARTESIAN_POINT('',(75.875,61.375,212.));
#3964 = VECTOR('',#3965,1.);
#3965 = DIRECTION('',(0.707106781187,0.707106781187,-0.));
#3966 = ORIENTED_EDGE('',*,*,#3945,.T.);
#3967 = ORIENTED_EDGE('',*,*,#909,.F.);
#3968 = ORIENTED_EDGE('',*,*,#3969,.F.);
#3969 = EDGE_CURVE('',#3960,#910,#3970,.T.);
#3970 = LINE('',#3971,#3972);
#3971 = CARTESIAN_POINT('',(101.,86.5,208.));
#3972 = VECTOR('',#3973,1.);
#3973 = DIRECTION('',(0.,0.,1.));
#3974 = PLANE('',#3975);
#3975 = AXIS2_PLACEMENT_3D('',#3976,#3977,#3978);
#3976 = CARTESIAN_POINT('',(107.5,93.,208.));
#3977 = DIRECTION('',(0.707106781187,-0.707106781187,0.));
#3978 = DIRECTION('',(-0.707106781187,-0.707106781187,0.));
#3979 = ADVANCED_FACE('',(#3980),#3998,.F.);
#3980 = FACE_BOUND('',#3981,.F.);
#3981 = EDGE_LOOP('',(#3982,#3990,#3996,#3997));
#3982 = ORIENTED_EDGE('',*,*,#3983,.T.);
#3983 = EDGE_CURVE('',#3931,#3984,#3986,.T.);
#3984 = VERTEX_POINT('',#3985);
#3985 = CARTESIAN_POINT('',(94.5,93.,212.));
#3986 = LINE('',#3987,#3988);
#3987 = CARTESIAN_POINT('',(66.125,64.625,212.));
#3988 = VECTOR('',#3989,1.);
#3989 = DIRECTION('',(-0.707106781187,-0.707106781187,0.));
#3990 = ORIENTED_EDGE('',*,*,#3991,.T.);
#3991 = EDGE_CURVE('',#3984,#918,#3992,.T.);
#3992 = LINE('',#3993,#3994);
#3993 = CARTESIAN_POINT('',(94.5,93.,208.));
#3994 = VECTOR('',#3995,1.);
#3995 = DIRECTION('',(0.,0.,1.));
#3996 = ORIENTED_EDGE('',*,*,#925,.F.);
#3997 = ORIENTED_EDGE('',*,*,#3938,.F.);
#3998 = PLANE('',#3999);
#3999 = AXIS2_PLACEMENT_3D('',#4000,#4001,#4002);
#4000 = CARTESIAN_POINT('',(94.5,93.,208.));
#4001 = DIRECTION('',(-0.707106781187,0.707106781187,0.));
#4002 = DIRECTION('',(0.707106781187,0.707106781187,0.));
#4003 = ADVANCED_FACE('',(#4004),#4015,.F.);
#4004 = FACE_BOUND('',#4005,.F.);
#4005 = EDGE_LOOP('',(#4006,#4012,#4013,#4014));
#4006 = ORIENTED_EDGE('',*,*,#4007,.T.);
#4007 = EDGE_CURVE('',#3984,#3960,#4008,.T.);
#4008 = LINE('',#4009,#4010);
#4009 = CARTESIAN_POINT('',(88.875,98.625,212.));
#4010 = VECTOR('',#4011,1.);
#4011 = DIRECTION('',(0.707106781187,-0.707106781187,0.));
#4012 = ORIENTED_EDGE('',*,*,#3969,.T.);
#4013 = ORIENTED_EDGE('',*,*,#917,.F.);
#4014 = ORIENTED_EDGE('',*,*,#3991,.F.);
#4015 = PLANE('',#4016);
#4016 = AXIS2_PLACEMENT_3D('',#4017,#4018,#4019);
#4017 = CARTESIAN_POINT('',(101.,86.5,208.));
#4018 = DIRECTION('',(-0.707106781187,-0.707106781187,0.));
#4019 = DIRECTION('',(-0.707106781187,0.707106781187,0.));
#4020 = ADVANCED_FACE('',(#4021),#4046,.F.);
#4021 = FACE_BOUND('',#4022,.F.);
#4022 = EDGE_LOOP('',(#4023,#4033,#4039,#4040));
#4023 = ORIENTED_EDGE('',*,*,#4024,.T.);
#4024 = EDGE_CURVE('',#4025,#4027,#4029,.T.);
#4025 = VERTEX_POINT('',#4026);
#4026 = CARTESIAN_POINT('',(123.5,77.,212.));
#4027 = VERTEX_POINT('',#4028);
#4028 = CARTESIAN_POINT('',(117.,83.5,212.));
#4029 = LINE('',#4030,#4031);
#4030 = CARTESIAN_POINT('',(100.125,100.375,212.));
#4031 = VECTOR('',#4032,1.);
#4032 = DIRECTION('',(-0.707106781187,0.707106781187,0.));
#4033 = ORIENTED_EDGE('',*,*,#4034,.T.);
#4034 = EDGE_CURVE('',#4027,#936,#4035,.T.);
#4035 = LINE('',#4036,#4037);
#4036 = CARTESIAN_POINT('',(117.,83.5,208.));
#4037 = VECTOR('',#4038,1.);
#4038 = DIRECTION('',(0.,0.,1.));
#4039 = ORIENTED_EDGE('',*,*,#933,.F.);
#4040 = ORIENTED_EDGE('',*,*,#4041,.F.);
#4041 = EDGE_CURVE('',#4025,#934,#4042,.T.);
#4042 = LINE('',#4043,#4044);
#4043 = CARTESIAN_POINT('',(123.5,77.,208.));
#4044 = VECTOR('',#4045,1.);
#4045 = DIRECTION('',(0.,0.,1.));
#4046 = PLANE('',#4047);
#4047 = AXIS2_PLACEMENT_3D('',#4048,#4049,#4050);
#4048 = CARTESIAN_POINT('',(117.,83.5,208.));
#4049 = DIRECTION('',(0.707106781187,0.707106781187,-0.));
#4050 = DIRECTION('',(0.707106781187,-0.707106781187,0.));
#4051 = ADVANCED_FACE('',(#4052),#4070,.F.);
#4052 = FACE_BOUND('',#4053,.F.);
#4053 = EDGE_LOOP('',(#4054,#4062,#4063,#4064));
#4054 = ORIENTED_EDGE('',*,*,#4055,.T.);
#4055 = EDGE_CURVE('',#4056,#4025,#4058,.T.);
#4056 = VERTEX_POINT('',#4057);
#4057 = CARTESIAN_POINT('',(117.,70.5,212.));
#4058 = LINE('',#4059,#4060);
#4059 = CARTESIAN_POINT('',(91.875,45.375,212.));
#4060 = VECTOR('',#4061,1.);
#4061 = DIRECTION('',(0.707106781187,0.707106781187,-0.));
#4062 = ORIENTED_EDGE('',*,*,#4041,.T.);
#4063 = ORIENTED_EDGE('',*,*,#943,.F.);
#4064 = ORIENTED_EDGE('',*,*,#4065,.F.);
#4065 = EDGE_CURVE('',#4056,#944,#4066,.T.);
#4066 = LINE('',#4067,#4068);
#4067 = CARTESIAN_POINT('',(117.,70.5,208.));
#4068 = VECTOR('',#4069,1.);
#4069 = DIRECTION('',(0.,0.,1.));
#4070 = PLANE('',#4071);
#4071 = AXIS2_PLACEMENT_3D('',#4072,#4073,#4074);
#4072 = CARTESIAN_POINT('',(123.5,77.,208.));
#4073 = DIRECTION('',(0.707106781187,-0.707106781187,0.));
#4074 = DIRECTION('',(-0.707106781187,-0.707106781187,0.));
#4075 = ADVANCED_FACE('',(#4076),#4094,.F.);
#4076 = FACE_BOUND('',#4077,.F.);
#4077 = EDGE_LOOP('',(#4078,#4086,#4092,#4093));
#4078 = ORIENTED_EDGE('',*,*,#4079,.T.);
#4079 = EDGE_CURVE('',#4027,#4080,#4082,.T.);
#4080 = VERTEX_POINT('',#4081);
#4081 = CARTESIAN_POINT('',(110.5,77.,212.));
#4082 = LINE('',#4083,#4084);
#4083 = CARTESIAN_POINT('',(82.125,48.625,212.));
#4084 = VECTOR('',#4085,1.);
#4085 = DIRECTION('',(-0.707106781187,-0.707106781187,0.));
#4086 = ORIENTED_EDGE('',*,*,#4087,.T.);
#4087 = EDGE_CURVE('',#4080,#952,#4088,.T.);
#4088 = LINE('',#4089,#4090);
#4089 = CARTESIAN_POINT('',(110.5,77.,208.));
#4090 = VECTOR('',#4091,1.);
#4091 = DIRECTION('',(0.,0.,1.));
#4092 = ORIENTED_EDGE('',*,*,#959,.F.);
#4093 = ORIENTED_EDGE('',*,*,#4034,.F.);
#4094 = PLANE('',#4095);
#4095 = AXIS2_PLACEMENT_3D('',#4096,#4097,#4098);
#4096 = CARTESIAN_POINT('',(110.5,77.,208.));
#4097 = DIRECTION('',(-0.707106781187,0.707106781187,0.));
#4098 = DIRECTION('',(0.707106781187,0.707106781187,0.));
#4099 = ADVANCED_FACE('',(#4100),#4111,.F.);
#4100 = FACE_BOUND('',#4101,.F.);
#4101 = EDGE_LOOP('',(#4102,#4108,#4109,#4110));
#4102 = ORIENTED_EDGE('',*,*,#4103,.T.);
#4103 = EDGE_CURVE('',#4080,#4056,#4104,.T.);
#4104 = LINE('',#4105,#4106);
#4105 = CARTESIAN_POINT('',(96.875,90.625,212.));
#4106 = VECTOR('',#4107,1.);
#4107 = DIRECTION('',(0.707106781187,-0.707106781187,0.));
#4108 = ORIENTED_EDGE('',*,*,#4065,.T.);
#4109 = ORIENTED_EDGE('',*,*,#951,.F.);
#4110 = ORIENTED_EDGE('',*,*,#4087,.F.);
#4111 = PLANE('',#4112);
#4112 = AXIS2_PLACEMENT_3D('',#4113,#4114,#4115);
#4113 = CARTESIAN_POINT('',(117.,70.5,208.));
#4114 = DIRECTION('',(-0.707106781187,-0.707106781187,0.));
#4115 = DIRECTION('',(-0.707106781187,0.707106781187,0.));
#4116 = ADVANCED_FACE('',(#4117),#4142,.F.);
#4117 = FACE_BOUND('',#4118,.F.);
#4118 = EDGE_LOOP('',(#4119,#4129,#4135,#4136));
#4119 = ORIENTED_EDGE('',*,*,#4120,.T.);
#4120 = EDGE_CURVE('',#4121,#4123,#4125,.T.);
#4121 = VERTEX_POINT('',#4122);
#4122 = CARTESIAN_POINT('',(115.5,85.,212.));
#4123 = VERTEX_POINT('',#4124);
#4124 = CARTESIAN_POINT('',(109.,91.5,212.));
#4125 = LINE('',#4126,#4127);
#4126 = CARTESIAN_POINT('',(96.125,104.375,212.));
#4127 = VECTOR('',#4128,1.);
#4128 = DIRECTION('',(-0.707106781187,0.707106781187,0.));
#4129 = ORIENTED_EDGE('',*,*,#4130,.T.);
#4130 = EDGE_CURVE('',#4123,#970,#4131,.T.);
#4131 = LINE('',#4132,#4133);
#4132 = CARTESIAN_POINT('',(109.,91.5,208.));
#4133 = VECTOR('',#4134,1.);
#4134 = DIRECTION('',(0.,0.,1.));
#4135 = ORIENTED_EDGE('',*,*,#967,.F.);
#4136 = ORIENTED_EDGE('',*,*,#4137,.F.);
#4137 = EDGE_CURVE('',#4121,#968,#4138,.T.);
#4138 = LINE('',#4139,#4140);
#4139 = CARTESIAN_POINT('',(115.5,85.,208.));
#4140 = VECTOR('',#4141,1.);
#4141 = DIRECTION('',(0.,0.,1.));
#4142 = PLANE('',#4143);
#4143 = AXIS2_PLACEMENT_3D('',#4144,#4145,#4146);
#4144 = CARTESIAN_POINT('',(109.,91.5,208.));
#4145 = DIRECTION('',(0.707106781187,0.707106781187,-0.));
#4146 = DIRECTION('',(0.707106781187,-0.707106781187,0.));
#4147 = ADVANCED_FACE('',(#4148),#4166,.F.);
#4148 = FACE_BOUND('',#4149,.F.);
#4149 = EDGE_LOOP('',(#4150,#4158,#4159,#4160));
#4150 = ORIENTED_EDGE('',*,*,#4151,.T.);
#4151 = EDGE_CURVE('',#4152,#4121,#4154,.T.);
#4152 = VERTEX_POINT('',#4153);
#4153 = CARTESIAN_POINT('',(109.,78.5,212.));
#4154 = LINE('',#4155,#4156);
#4155 = CARTESIAN_POINT('',(83.875,53.375,212.));
#4156 = VECTOR('',#4157,1.);
#4157 = DIRECTION('',(0.707106781187,0.707106781187,-0.));
#4158 = ORIENTED_EDGE('',*,*,#4137,.T.);
#4159 = ORIENTED_EDGE('',*,*,#977,.F.);
#4160 = ORIENTED_EDGE('',*,*,#4161,.F.);
#4161 = EDGE_CURVE('',#4152,#978,#4162,.T.);
#4162 = LINE('',#4163,#4164);
#4163 = CARTESIAN_POINT('',(109.,78.5,208.));
#4164 = VECTOR('',#4165,1.);
#4165 = DIRECTION('',(0.,0.,1.));
#4166 = PLANE('',#4167);
#4167 = AXIS2_PLACEMENT_3D('',#4168,#4169,#4170);
#4168 = CARTESIAN_POINT('',(115.5,85.,208.));
#4169 = DIRECTION('',(0.707106781187,-0.707106781187,0.));
#4170 = DIRECTION('',(-0.707106781187,-0.707106781187,0.));
#4171 = ADVANCED_FACE('',(#4172),#4190,.F.);
#4172 = FACE_BOUND('',#4173,.F.);
#4173 = EDGE_LOOP('',(#4174,#4182,#4188,#4189));
#4174 = ORIENTED_EDGE('',*,*,#4175,.T.);
#4175 = EDGE_CURVE('',#4123,#4176,#4178,.T.);
#4176 = VERTEX_POINT('',#4177);
#4177 = CARTESIAN_POINT('',(102.5,85.,212.));
#4178 = LINE('',#4179,#4180);
#4179 = CARTESIAN_POINT('',(74.125,56.625,212.));
#4180 = VECTOR('',#4181,1.);
#4181 = DIRECTION('',(-0.707106781187,-0.707106781187,0.));
#4182 = ORIENTED_EDGE('',*,*,#4183,.T.);
#4183 = EDGE_CURVE('',#4176,#986,#4184,.T.);
#4184 = LINE('',#4185,#4186);
#4185 = CARTESIAN_POINT('',(102.5,85.,208.));
#4186 = VECTOR('',#4187,1.);
#4187 = DIRECTION('',(0.,0.,1.));
#4188 = ORIENTED_EDGE('',*,*,#993,.F.);
#4189 = ORIENTED_EDGE('',*,*,#4130,.F.);
#4190 = PLANE('',#4191);
#4191 = AXIS2_PLACEMENT_3D('',#4192,#4193,#4194);
#4192 = CARTESIAN_POINT('',(102.5,85.,208.));
#4193 = DIRECTION('',(-0.707106781187,0.707106781187,0.));
#4194 = DIRECTION('',(0.707106781187,0.707106781187,0.));
#4195 = ADVANCED_FACE('',(#4196),#4207,.F.);
#4196 = FACE_BOUND('',#4197,.F.);
#4197 = EDGE_LOOP('',(#4198,#4204,#4205,#4206));
#4198 = ORIENTED_EDGE('',*,*,#4199,.T.);
#4199 = EDGE_CURVE('',#4176,#4152,#4200,.T.);
#4200 = LINE('',#4201,#4202);
#4201 = CARTESIAN_POINT('',(92.875,94.625,212.));
#4202 = VECTOR('',#4203,1.);
#4203 = DIRECTION('',(0.707106781187,-0.707106781187,0.));
#4204 = ORIENTED_EDGE('',*,*,#4161,.T.);
#4205 = ORIENTED_EDGE('',*,*,#985,.F.);
#4206 = ORIENTED_EDGE('',*,*,#4183,.F.);
#4207 = PLANE('',#4208);
#4208 = AXIS2_PLACEMENT_3D('',#4209,#4210,#4211);
#4209 = CARTESIAN_POINT('',(109.,78.5,208.));
#4210 = DIRECTION('',(-0.707106781187,-0.707106781187,0.));
#4211 = DIRECTION('',(-0.707106781187,0.707106781187,0.));
#4212 = ADVANCED_FACE('',(#4213),#4238,.F.);
#4213 = FACE_BOUND('',#4214,.F.);
#4214 = EDGE_LOOP('',(#4215,#4225,#4231,#4232));
#4215 = ORIENTED_EDGE('',*,*,#4216,.T.);
#4216 = EDGE_CURVE('',#4217,#4219,#4221,.T.);
#4217 = VERTEX_POINT('',#4218);
#4218 = CARTESIAN_POINT('',(123.5,93.,212.));
#4219 = VERTEX_POINT('',#4220);
#4220 = CARTESIAN_POINT('',(117.,99.5,212.));
#4221 = LINE('',#4222,#4223);
#4222 = CARTESIAN_POINT('',(104.125,112.375,212.));
#4223 = VECTOR('',#4224,1.);
#4224 = DIRECTION('',(-0.707106781187,0.707106781187,0.));
#4225 = ORIENTED_EDGE('',*,*,#4226,.T.);
#4226 = EDGE_CURVE('',#4219,#1004,#4227,.T.);
#4227 = LINE('',#4228,#4229);
#4228 = CARTESIAN_POINT('',(117.,99.5,208.));
#4229 = VECTOR('',#4230,1.);
#4230 = DIRECTION('',(0.,0.,1.));
#4231 = ORIENTED_EDGE('',*,*,#1001,.F.);
#4232 = ORIENTED_EDGE('',*,*,#4233,.F.);
#4233 = EDGE_CURVE('',#4217,#1002,#4234,.T.);
#4234 = LINE('',#4235,#4236);
#4235 = CARTESIAN_POINT('',(123.5,93.,208.));
#4236 = VECTOR('',#4237,1.);
#4237 = DIRECTION('',(0.,0.,1.));
#4238 = PLANE('',#4239);
#4239 = AXIS2_PLACEMENT_3D('',#4240,#4241,#4242);
#4240 = CARTESIAN_POINT('',(117.,99.5,208.));
#4241 = DIRECTION('',(0.707106781187,0.707106781187,-0.));
#4242 = DIRECTION('',(0.707106781187,-0.707106781187,0.));
#4243 = ADVANCED_FACE('',(#4244),#4262,.F.);
#4244 = FACE_BOUND('',#4245,.F.);
#4245 = EDGE_LOOP('',(#4246,#4254,#4255,#4256));
#4246 = ORIENTED_EDGE('',*,*,#4247,.T.);
#4247 = EDGE_CURVE('',#4248,#4217,#4250,.T.);
#4248 = VERTEX_POINT('',#4249);
#4249 = CARTESIAN_POINT('',(117.,86.5,212.));
#4250 = LINE('',#4251,#4252);
#4251 = CARTESIAN_POINT('',(87.875,57.375,212.));
#4252 = VECTOR('',#4253,1.);
#4253 = DIRECTION('',(0.707106781187,0.707106781187,-0.));
#4254 = ORIENTED_EDGE('',*,*,#4233,.T.);
#4255 = ORIENTED_EDGE('',*,*,#1011,.F.);
#4256 = ORIENTED_EDGE('',*,*,#4257,.F.);
#4257 = EDGE_CURVE('',#4248,#1012,#4258,.T.);
#4258 = LINE('',#4259,#4260);
#4259 = CARTESIAN_POINT('',(117.,86.5,208.));
#4260 = VECTOR('',#4261,1.);
#4261 = DIRECTION('',(0.,0.,1.));
#4262 = PLANE('',#4263);
#4263 = AXIS2_PLACEMENT_3D('',#4264,#4265,#4266);
#4264 = CARTESIAN_POINT('',(123.5,93.,208.));
#4265 = DIRECTION('',(0.707106781187,-0.707106781187,0.));
#4266 = DIRECTION('',(-0.707106781187,-0.707106781187,0.));
#4267 = ADVANCED_FACE('',(#4268),#4286,.F.);
#4268 = FACE_BOUND('',#4269,.F.);
#4269 = EDGE_LOOP('',(#4270,#4278,#4284,#4285));
#4270 = ORIENTED_EDGE('',*,*,#4271,.T.);
#4271 = EDGE_CURVE('',#4219,#4272,#4274,.T.);
#4272 = VERTEX_POINT('',#4273);
#4273 = CARTESIAN_POINT('',(110.5,93.,212.));
#4274 = LINE('',#4275,#4276);
#4275 = CARTESIAN_POINT('',(78.125,60.625,212.));
#4276 = VECTOR('',#4277,1.);
#4277 = DIRECTION('',(-0.707106781187,-0.707106781187,0.));
#4278 = ORIENTED_EDGE('',*,*,#4279,.T.);
#4279 = EDGE_CURVE('',#4272,#1020,#4280,.T.);
#4280 = LINE('',#4281,#4282);
#4281 = CARTESIAN_POINT('',(110.5,93.,208.));
#4282 = VECTOR('',#4283,1.);
#4283 = DIRECTION('',(0.,0.,1.));
#4284 = ORIENTED_EDGE('',*,*,#1027,.F.);
#4285 = ORIENTED_EDGE('',*,*,#4226,.F.);
#4286 = PLANE('',#4287);
#4287 = AXIS2_PLACEMENT_3D('',#4288,#4289,#4290);
#4288 = CARTESIAN_POINT('',(110.5,93.,208.));
#4289 = DIRECTION('',(-0.707106781187,0.707106781187,0.));
#4290 = DIRECTION('',(0.707106781187,0.707106781187,0.));
#4291 = ADVANCED_FACE('',(#4292),#4303,.F.);
#4292 = FACE_BOUND('',#4293,.F.);
#4293 = EDGE_LOOP('',(#4294,#4300,#4301,#4302));
#4294 = ORIENTED_EDGE('',*,*,#4295,.T.);
#4295 = EDGE_CURVE('',#4272,#4248,#4296,.T.);
#4296 = LINE('',#4297,#4298);
#4297 = CARTESIAN_POINT('',(100.875,102.625,212.));
#4298 = VECTOR('',#4299,1.);
#4299 = DIRECTION('',(0.707106781187,-0.707106781187,0.));
#4300 = ORIENTED_EDGE('',*,*,#4257,.T.);
#4301 = ORIENTED_EDGE('',*,*,#1019,.F.);
#4302 = ORIENTED_EDGE('',*,*,#4279,.F.);
#4303 = PLANE('',#4304);
#4304 = AXIS2_PLACEMENT_3D('',#4305,#4306,#4307);
#4305 = CARTESIAN_POINT('',(117.,86.5,208.));
#4306 = DIRECTION('',(-0.707106781187,-0.707106781187,0.));
#4307 = DIRECTION('',(-0.707106781187,0.707106781187,0.));
#4308 = ADVANCED_FACE('',(#4309),#4334,.F.);
#4309 = FACE_BOUND('',#4310,.F.);
#4310 = EDGE_LOOP('',(#4311,#4321,#4327,#4328));
#4311 = ORIENTED_EDGE('',*,*,#4312,.T.);
#4312 = EDGE_CURVE('',#4313,#4315,#4317,.T.);
#4313 = VERTEX_POINT('',#4314);
#4314 = CARTESIAN_POINT('',(99.5,101.,212.));
#4315 = VERTEX_POINT('',#4316);
#4316 = CARTESIAN_POINT('',(93.,107.5,212.));
#4317 = LINE('',#4318,#4319);
#4318 = CARTESIAN_POINT('',(88.125,112.375,212.));
#4319 = VECTOR('',#4320,1.);
#4320 = DIRECTION('',(-0.707106781187,0.707106781187,0.));
#4321 = ORIENTED_EDGE('',*,*,#4322,.T.);
#4322 = EDGE_CURVE('',#4315,#1038,#4323,.T.);
#4323 = LINE('',#4324,#4325);
#4324 = CARTESIAN_POINT('',(93.,107.5,208.));
#4325 = VECTOR('',#4326,1.);
#4326 = DIRECTION('',(0.,0.,1.));
#4327 = ORIENTED_EDGE('',*,*,#1035,.F.);
#4328 = ORIENTED_EDGE('',*,*,#4329,.F.);
#4329 = EDGE_CURVE('',#4313,#1036,#4330,.T.);
#4330 = LINE('',#4331,#4332);
#4331 = CARTESIAN_POINT('',(99.5,101.,208.));
#4332 = VECTOR('',#4333,1.);
#4333 = DIRECTION('',(0.,0.,1.));
#4334 = PLANE('',#4335);
#4335 = AXIS2_PLACEMENT_3D('',#4336,#4337,#4338);
#4336 = CARTESIAN_POINT('',(93.,107.5,208.));
#4337 = DIRECTION('',(0.707106781187,0.707106781187,-0.));
#4338 = DIRECTION('',(0.707106781187,-0.707106781187,0.));
#4339 = ADVANCED_FACE('',(#4340),#4358,.F.);
#4340 = FACE_BOUND('',#4341,.F.);
#4341 = EDGE_LOOP('',(#4342,#4350,#4351,#4352));
#4342 = ORIENTED_EDGE('',*,*,#4343,.T.);
#4343 = EDGE_CURVE('',#4344,#4313,#4346,.T.);
#4344 = VERTEX_POINT('',#4345);
#4345 = CARTESIAN_POINT('',(93.,94.5,212.));
#4346 = LINE('',#4347,#4348);
#4347 = CARTESIAN_POINT('',(67.875,69.375,212.));
#4348 = VECTOR('',#4349,1.);
#4349 = DIRECTION('',(0.707106781187,0.707106781187,-0.));
#4350 = ORIENTED_EDGE('',*,*,#4329,.T.);
#4351 = ORIENTED_EDGE('',*,*,#1045,.F.);
#4352 = ORIENTED_EDGE('',*,*,#4353,.F.);
#4353 = EDGE_CURVE('',#4344,#1046,#4354,.T.);
#4354 = LINE('',#4355,#4356);
#4355 = CARTESIAN_POINT('',(93.,94.5,208.));
#4356 = VECTOR('',#4357,1.);
#4357 = DIRECTION('',(0.,0.,1.));
#4358 = PLANE('',#4359);
#4359 = AXIS2_PLACEMENT_3D('',#4360,#4361,#4362);
#4360 = CARTESIAN_POINT('',(99.5,101.,208.));
#4361 = DIRECTION('',(0.707106781187,-0.707106781187,0.));
#4362 = DIRECTION('',(-0.707106781187,-0.707106781187,0.));
#4363 = ADVANCED_FACE('',(#4364),#4382,.F.);
#4364 = FACE_BOUND('',#4365,.F.);
#4365 = EDGE_LOOP('',(#4366,#4374,#4380,#4381));
#4366 = ORIENTED_EDGE('',*,*,#4367,.T.);
#4367 = EDGE_CURVE('',#4315,#4368,#4370,.T.);
#4368 = VERTEX_POINT('',#4369);
#4369 = CARTESIAN_POINT('',(86.5,101.,212.));
#4370 = LINE('',#4371,#4372);
#4371 = CARTESIAN_POINT('',(58.125,72.625,212.));
#4372 = VECTOR('',#4373,1.);
#4373 = DIRECTION('',(-0.707106781187,-0.707106781187,0.));
#4374 = ORIENTED_EDGE('',*,*,#4375,.T.);
#4375 = EDGE_CURVE('',#4368,#1054,#4376,.T.);
#4376 = LINE('',#4377,#4378);
#4377 = CARTESIAN_POINT('',(86.5,101.,208.));
#4378 = VECTOR('',#4379,1.);
#4379 = DIRECTION('',(0.,0.,1.));
#4380 = ORIENTED_EDGE('',*,*,#1061,.F.);
#4381 = ORIENTED_EDGE('',*,*,#4322,.F.);
#4382 = PLANE('',#4383);
#4383 = AXIS2_PLACEMENT_3D('',#4384,#4385,#4386);
#4384 = CARTESIAN_POINT('',(86.5,101.,208.));
#4385 = DIRECTION('',(-0.707106781187,0.707106781187,0.));
#4386 = DIRECTION('',(0.707106781187,0.707106781187,0.));
#4387 = ADVANCED_FACE('',(#4388),#4399,.F.);
#4388 = FACE_BOUND('',#4389,.F.);
#4389 = EDGE_LOOP('',(#4390,#4396,#4397,#4398));
#4390 = ORIENTED_EDGE('',*,*,#4391,.T.);
#4391 = EDGE_CURVE('',#4368,#4344,#4392,.T.);
#4392 = LINE('',#4393,#4394);
#4393 = CARTESIAN_POINT('',(84.875,102.625,212.));
#4394 = VECTOR('',#4395,1.);
#4395 = DIRECTION('',(0.707106781187,-0.707106781187,0.));
#4396 = ORIENTED_EDGE('',*,*,#4353,.T.);
#4397 = ORIENTED_EDGE('',*,*,#1053,.F.);
#4398 = ORIENTED_EDGE('',*,*,#4375,.F.);
#4399 = PLANE('',#4400);
#4400 = AXIS2_PLACEMENT_3D('',#4401,#4402,#4403);
#4401 = CARTESIAN_POINT('',(93.,94.5,208.));
#4402 = DIRECTION('',(-0.707106781187,-0.707106781187,0.));
#4403 = DIRECTION('',(-0.707106781187,0.707106781187,0.));
#4404 = ADVANCED_FACE('',(#4405),#4430,.F.);
#4405 = FACE_BOUND('',#4406,.F.);
#4406 = EDGE_LOOP('',(#4407,#4417,#4423,#4424));
#4407 = ORIENTED_EDGE('',*,*,#4408,.T.);
#4408 = EDGE_CURVE('',#4409,#4411,#4413,.T.);
#4409 = VERTEX_POINT('',#4410);
#4410 = CARTESIAN_POINT('',(91.5,109.,212.));
#4411 = VERTEX_POINT('',#4412);
#4412 = CARTESIAN_POINT('',(85.,115.5,212.));
#4413 = LINE('',#4414,#4415);
#4414 = CARTESIAN_POINT('',(84.125,116.375,212.));
#4415 = VECTOR('',#4416,1.);
#4416 = DIRECTION('',(-0.707106781187,0.707106781187,0.));
#4417 = ORIENTED_EDGE('',*,*,#4418,.T.);
#4418 = EDGE_CURVE('',#4411,#1072,#4419,.T.);
#4419 = LINE('',#4420,#4421);
#4420 = CARTESIAN_POINT('',(85.,115.5,208.));
#4421 = VECTOR('',#4422,1.);
#4422 = DIRECTION('',(0.,0.,1.));
#4423 = ORIENTED_EDGE('',*,*,#1069,.F.);
#4424 = ORIENTED_EDGE('',*,*,#4425,.F.);
#4425 = EDGE_CURVE('',#4409,#1070,#4426,.T.);
#4426 = LINE('',#4427,#4428);
#4427 = CARTESIAN_POINT('',(91.5,109.,208.));
#4428 = VECTOR('',#4429,1.);
#4429 = DIRECTION('',(0.,0.,1.));
#4430 = PLANE('',#4431);
#4431 = AXIS2_PLACEMENT_3D('',#4432,#4433,#4434);
#4432 = CARTESIAN_POINT('',(85.,115.5,208.));
#4433 = DIRECTION('',(0.707106781187,0.707106781187,-0.));
#4434 = DIRECTION('',(0.707106781187,-0.707106781187,0.));
#4435 = ADVANCED_FACE('',(#4436),#4454,.F.);
#4436 = FACE_BOUND('',#4437,.F.);
#4437 = EDGE_LOOP('',(#4438,#4446,#4447,#4448));
#4438 = ORIENTED_EDGE('',*,*,#4439,.T.);
#4439 = EDGE_CURVE('',#4440,#4409,#4442,.T.);
#4440 = VERTEX_POINT('',#4441);
#4441 = CARTESIAN_POINT('',(85.,102.5,212.));
#4442 = LINE('',#4443,#4444);
#4443 = CARTESIAN_POINT('',(59.875,77.375,212.));
#4444 = VECTOR('',#4445,1.);
#4445 = DIRECTION('',(0.707106781187,0.707106781187,-0.));
#4446 = ORIENTED_EDGE('',*,*,#4425,.T.);
#4447 = ORIENTED_EDGE('',*,*,#1079,.F.);
#4448 = ORIENTED_EDGE('',*,*,#4449,.F.);
#4449 = EDGE_CURVE('',#4440,#1080,#4450,.T.);
#4450 = LINE('',#4451,#4452);
#4451 = CARTESIAN_POINT('',(85.,102.5,208.));
#4452 = VECTOR('',#4453,1.);
#4453 = DIRECTION('',(0.,0.,1.));
#4454 = PLANE('',#4455);
#4455 = AXIS2_PLACEMENT_3D('',#4456,#4457,#4458);
#4456 = CARTESIAN_POINT('',(91.5,109.,208.));
#4457 = DIRECTION('',(0.707106781187,-0.707106781187,0.));
#4458 = DIRECTION('',(-0.707106781187,-0.707106781187,0.));
#4459 = ADVANCED_FACE('',(#4460),#4478,.F.);
#4460 = FACE_BOUND('',#4461,.F.);
#4461 = EDGE_LOOP('',(#4462,#4470,#4476,#4477));
#4462 = ORIENTED_EDGE('',*,*,#4463,.T.);
#4463 = EDGE_CURVE('',#4411,#4464,#4466,.T.);
#4464 = VERTEX_POINT('',#4465);
#4465 = CARTESIAN_POINT('',(78.5,109.,212.));
#4466 = LINE('',#4467,#4468);
#4467 = CARTESIAN_POINT('',(50.125,80.625,212.));
#4468 = VECTOR('',#4469,1.);
#4469 = DIRECTION('',(-0.707106781187,-0.707106781187,0.));
#4470 = ORIENTED_EDGE('',*,*,#4471,.T.);
#4471 = EDGE_CURVE('',#4464,#1088,#4472,.T.);
#4472 = LINE('',#4473,#4474);
#4473 = CARTESIAN_POINT('',(78.5,109.,208.));
#4474 = VECTOR('',#4475,1.);
#4475 = DIRECTION('',(0.,0.,1.));
#4476 = ORIENTED_EDGE('',*,*,#1095,.F.);
#4477 = ORIENTED_EDGE('',*,*,#4418,.F.);
#4478 = PLANE('',#4479);
#4479 = AXIS2_PLACEMENT_3D('',#4480,#4481,#4482);
#4480 = CARTESIAN_POINT('',(78.5,109.,208.));
#4481 = DIRECTION('',(-0.707106781187,0.707106781187,0.));
#4482 = DIRECTION('',(0.707106781187,0.707106781187,0.));
#4483 = ADVANCED_FACE('',(#4484),#4495,.F.);
#4484 = FACE_BOUND('',#4485,.F.);
#4485 = EDGE_LOOP('',(#4486,#4492,#4493,#4494));
#4486 = ORIENTED_EDGE('',*,*,#4487,.T.);
#4487 = EDGE_CURVE('',#4464,#4440,#4488,.T.);
#4488 = LINE('',#4489,#4490);
#4489 = CARTESIAN_POINT('',(80.875,106.625,212.));
#4490 = VECTOR('',#4491,1.);
#4491 = DIRECTION('',(0.707106781187,-0.707106781187,0.));
#4492 = ORIENTED_EDGE('',*,*,#4449,.T.);
#4493 = ORIENTED_EDGE('',*,*,#1087,.F.);
#4494 = ORIENTED_EDGE('',*,*,#4471,.F.);
#4495 = PLANE('',#4496);
#4496 = AXIS2_PLACEMENT_3D('',#4497,#4498,#4499);
#4497 = CARTESIAN_POINT('',(85.,102.5,208.));
#4498 = DIRECTION('',(-0.707106781187,-0.707106781187,0.));
#4499 = DIRECTION('',(-0.707106781187,0.707106781187,0.));
#4500 = ADVANCED_FACE('',(#4501),#4526,.F.);
#4501 = FACE_BOUND('',#4502,.F.);
#4502 = EDGE_LOOP('',(#4503,#4513,#4519,#4520));
#4503 = ORIENTED_EDGE('',*,*,#4504,.T.);
#4504 = EDGE_CURVE('',#4505,#4507,#4509,.T.);
#4505 = VERTEX_POINT('',#4506);
#4506 = CARTESIAN_POINT('',(107.5,109.,212.));
#4507 = VERTEX_POINT('',#4508);
#4508 = CARTESIAN_POINT('',(101.,115.5,212.));
#4509 = LINE('',#4510,#4511);
#4510 = CARTESIAN_POINT('',(96.125,120.375,212.));
#4511 = VECTOR('',#4512,1.);
#4512 = DIRECTION('',(-0.707106781187,0.707106781187,0.));
#4513 = ORIENTED_EDGE('',*,*,#4514,.T.);
#4514 = EDGE_CURVE('',#4507,#1106,#4515,.T.);
#4515 = LINE('',#4516,#4517);
#4516 = CARTESIAN_POINT('',(101.,115.5,208.));
#4517 = VECTOR('',#4518,1.);
#4518 = DIRECTION('',(0.,0.,1.));
#4519 = ORIENTED_EDGE('',*,*,#1103,.F.);
#4520 = ORIENTED_EDGE('',*,*,#4521,.F.);
#4521 = EDGE_CURVE('',#4505,#1104,#4522,.T.);
#4522 = LINE('',#4523,#4524);
#4523 = CARTESIAN_POINT('',(107.5,109.,208.));
#4524 = VECTOR('',#4525,1.);
#4525 = DIRECTION('',(0.,0.,1.));
#4526 = PLANE('',#4527);
#4527 = AXIS2_PLACEMENT_3D('',#4528,#4529,#4530);
#4528 = CARTESIAN_POINT('',(101.,115.5,208.));
#4529 = DIRECTION('',(0.707106781187,0.707106781187,-0.));
#4530 = DIRECTION('',(0.707106781187,-0.707106781187,0.));
#4531 = ADVANCED_FACE('',(#4532),#4550,.F.);
#4532 = FACE_BOUND('',#4533,.F.);
#4533 = EDGE_LOOP('',(#4534,#4542,#4543,#4544));
#4534 = ORIENTED_EDGE('',*,*,#4535,.T.);
#4535 = EDGE_CURVE('',#4536,#4505,#4538,.T.);
#4536 = VERTEX_POINT('',#4537);
#4537 = CARTESIAN_POINT('',(101.,102.5,212.));
#4538 = LINE('',#4539,#4540);
#4539 = CARTESIAN_POINT('',(71.875,73.375,212.));
#4540 = VECTOR('',#4541,1.);
#4541 = DIRECTION('',(0.707106781187,0.707106781187,-0.));
#4542 = ORIENTED_EDGE('',*,*,#4521,.T.);
#4543 = ORIENTED_EDGE('',*,*,#1113,.F.);
#4544 = ORIENTED_EDGE('',*,*,#4545,.F.);
#4545 = EDGE_CURVE('',#4536,#1114,#4546,.T.);
#4546 = LINE('',#4547,#4548);
#4547 = CARTESIAN_POINT('',(101.,102.5,208.));
#4548 = VECTOR('',#4549,1.);
#4549 = DIRECTION('',(0.,0.,1.));
#4550 = PLANE('',#4551);
#4551 = AXIS2_PLACEMENT_3D('',#4552,#4553,#4554);
#4552 = CARTESIAN_POINT('',(107.5,109.,208.));
#4553 = DIRECTION('',(0.707106781187,-0.707106781187,0.));
#4554 = DIRECTION('',(-0.707106781187,-0.707106781187,0.));
#4555 = ADVANCED_FACE('',(#4556),#4574,.F.);
#4556 = FACE_BOUND('',#4557,.F.);
#4557 = EDGE_LOOP('',(#4558,#4566,#4572,#4573));
#4558 = ORIENTED_EDGE('',*,*,#4559,.T.);
#4559 = EDGE_CURVE('',#4507,#4560,#4562,.T.);
#4560 = VERTEX_POINT('',#4561);
#4561 = CARTESIAN_POINT('',(94.5,109.,212.));
#4562 = LINE('',#4563,#4564);
#4563 = CARTESIAN_POINT('',(62.125,76.625,212.));
#4564 = VECTOR('',#4565,1.);
#4565 = DIRECTION('',(-0.707106781187,-0.707106781187,0.));
#4566 = ORIENTED_EDGE('',*,*,#4567,.T.);
#4567 = EDGE_CURVE('',#4560,#1122,#4568,.T.);
#4568 = LINE('',#4569,#4570);
#4569 = CARTESIAN_POINT('',(94.5,109.,208.));
#4570 = VECTOR('',#4571,1.);
#4571 = DIRECTION('',(0.,0.,1.));
#4572 = ORIENTED_EDGE('',*,*,#1129,.F.);
#4573 = ORIENTED_EDGE('',*,*,#4514,.F.);
#4574 = PLANE('',#4575);
#4575 = AXIS2_PLACEMENT_3D('',#4576,#4577,#4578);
#4576 = CARTESIAN_POINT('',(94.5,109.,208.));
#4577 = DIRECTION('',(-0.707106781187,0.707106781187,0.));
#4578 = DIRECTION('',(0.707106781187,0.707106781187,0.));
#4579 = ADVANCED_FACE('',(#4580),#4591,.F.);
#4580 = FACE_BOUND('',#4581,.F.);
#4581 = EDGE_LOOP('',(#4582,#4588,#4589,#4590));
#4582 = ORIENTED_EDGE('',*,*,#4583,.T.);
#4583 = EDGE_CURVE('',#4560,#4536,#4584,.T.);
#4584 = LINE('',#4585,#4586);
#4585 = CARTESIAN_POINT('',(92.875,110.625,212.));
#4586 = VECTOR('',#4587,1.);
#4587 = DIRECTION('',(0.707106781187,-0.707106781187,0.));
#4588 = ORIENTED_EDGE('',*,*,#4545,.T.);
#4589 = ORIENTED_EDGE('',*,*,#1121,.F.);
#4590 = ORIENTED_EDGE('',*,*,#4567,.F.);
#4591 = PLANE('',#4592);
#4592 = AXIS2_PLACEMENT_3D('',#4593,#4594,#4595);
#4593 = CARTESIAN_POINT('',(101.,102.5,208.));
#4594 = DIRECTION('',(-0.707106781187,-0.707106781187,0.));
#4595 = DIRECTION('',(-0.707106781187,0.707106781187,0.));
#4596 = ADVANCED_FACE('',(#4597),#4622,.F.);
#4597 = FACE_BOUND('',#4598,.F.);
#4598 = EDGE_LOOP('',(#4599,#4609,#4615,#4616));
#4599 = ORIENTED_EDGE('',*,*,#4600,.T.);
#4600 = EDGE_CURVE('',#4601,#4603,#4605,.T.);
#4601 = VERTEX_POINT('',#4602);
#4602 = CARTESIAN_POINT('',(115.5,101.,212.));
#4603 = VERTEX_POINT('',#4604);
#4604 = CARTESIAN_POINT('',(109.,107.5,212.));
#4605 = LINE('',#4606,#4607);
#4606 = CARTESIAN_POINT('',(100.125,116.375,212.));
#4607 = VECTOR('',#4608,1.);
#4608 = DIRECTION('',(-0.707106781187,0.707106781187,0.));
#4609 = ORIENTED_EDGE('',*,*,#4610,.T.);
#4610 = EDGE_CURVE('',#4603,#1140,#4611,.T.);
#4611 = LINE('',#4612,#4613);
#4612 = CARTESIAN_POINT('',(109.,107.5,208.));
#4613 = VECTOR('',#4614,1.);
#4614 = DIRECTION('',(0.,0.,1.));
#4615 = ORIENTED_EDGE('',*,*,#1137,.F.);
#4616 = ORIENTED_EDGE('',*,*,#4617,.F.);
#4617 = EDGE_CURVE('',#4601,#1138,#4618,.T.);
#4618 = LINE('',#4619,#4620);
#4619 = CARTESIAN_POINT('',(115.5,101.,208.));
#4620 = VECTOR('',#4621,1.);
#4621 = DIRECTION('',(0.,0.,1.));
#4622 = PLANE('',#4623);
#4623 = AXIS2_PLACEMENT_3D('',#4624,#4625,#4626);
#4624 = CARTESIAN_POINT('',(109.,107.5,208.));
#4625 = DIRECTION('',(0.707106781187,0.707106781187,-0.));
#4626 = DIRECTION('',(0.707106781187,-0.707106781187,0.));
#4627 = ADVANCED_FACE('',(#4628),#4646,.F.);
#4628 = FACE_BOUND('',#4629,.F.);
#4629 = EDGE_LOOP('',(#4630,#4638,#4639,#4640));
#4630 = ORIENTED_EDGE('',*,*,#4631,.T.);
#4631 = EDGE_CURVE('',#4632,#4601,#4634,.T.);
#4632 = VERTEX_POINT('',#4633);
#4633 = CARTESIAN_POINT('',(109.,94.5,212.));
#4634 = LINE('',#4635,#4636);
#4635 = CARTESIAN_POINT('',(79.875,65.375,212.));
#4636 = VECTOR('',#4637,1.);
#4637 = DIRECTION('',(0.707106781187,0.707106781187,-0.));
#4638 = ORIENTED_EDGE('',*,*,#4617,.T.);
#4639 = ORIENTED_EDGE('',*,*,#1147,.F.);
#4640 = ORIENTED_EDGE('',*,*,#4641,.F.);
#4641 = EDGE_CURVE('',#4632,#1148,#4642,.T.);
#4642 = LINE('',#4643,#4644);
#4643 = CARTESIAN_POINT('',(109.,94.5,208.));
#4644 = VECTOR('',#4645,1.);
#4645 = DIRECTION('',(0.,0.,1.));
#4646 = PLANE('',#4647);
#4647 = AXIS2_PLACEMENT_3D('',#4648,#4649,#4650);
#4648 = CARTESIAN_POINT('',(115.5,101.,208.));
#4649 = DIRECTION('',(0.707106781187,-0.707106781187,0.));
#4650 = DIRECTION('',(-0.707106781187,-0.707106781187,0.));
#4651 = ADVANCED_FACE('',(#4652),#4670,.F.);
#4652 = FACE_BOUND('',#4653,.F.);
#4653 = EDGE_LOOP('',(#4654,#4662,#4668,#4669));
#4654 = ORIENTED_EDGE('',*,*,#4655,.T.);
#4655 = EDGE_CURVE('',#4603,#4656,#4658,.T.);
#4656 = VERTEX_POINT('',#4657);
#4657 = CARTESIAN_POINT('',(102.5,101.,212.));
#4658 = LINE('',#4659,#4660);
#4659 = CARTESIAN_POINT('',(70.125,68.625,212.));
#4660 = VECTOR('',#4661,1.);
#4661 = DIRECTION('',(-0.707106781187,-0.707106781187,0.));
#4662 = ORIENTED_EDGE('',*,*,#4663,.T.);
#4663 = EDGE_CURVE('',#4656,#1156,#4664,.T.);
#4664 = LINE('',#4665,#4666);
#4665 = CARTESIAN_POINT('',(102.5,101.,208.));
#4666 = VECTOR('',#4667,1.);
#4667 = DIRECTION('',(0.,0.,1.));
#4668 = ORIENTED_EDGE('',*,*,#1163,.F.);
#4669 = ORIENTED_EDGE('',*,*,#4610,.F.);
#4670 = PLANE('',#4671);
#4671 = AXIS2_PLACEMENT_3D('',#4672,#4673,#4674);
#4672 = CARTESIAN_POINT('',(102.5,101.,208.));
#4673 = DIRECTION('',(-0.707106781187,0.707106781187,0.));
#4674 = DIRECTION('',(0.707106781187,0.707106781187,0.));
#4675 = ADVANCED_FACE('',(#4676),#4687,.F.);
#4676 = FACE_BOUND('',#4677,.F.);
#4677 = EDGE_LOOP('',(#4678,#4684,#4685,#4686));
#4678 = ORIENTED_EDGE('',*,*,#4679,.T.);
#4679 = EDGE_CURVE('',#4656,#4632,#4680,.T.);
#4680 = LINE('',#4681,#4682);
#4681 = CARTESIAN_POINT('',(96.875,106.625,212.));
#4682 = VECTOR('',#4683,1.);
#4683 = DIRECTION('',(0.707106781187,-0.707106781187,0.));
#4684 = ORIENTED_EDGE('',*,*,#4641,.T.);
#4685 = ORIENTED_EDGE('',*,*,#1155,.F.);
#4686 = ORIENTED_EDGE('',*,*,#4663,.F.);
#4687 = PLANE('',#4688);
#4688 = AXIS2_PLACEMENT_3D('',#4689,#4690,#4691);
#4689 = CARTESIAN_POINT('',(109.,94.5,208.));
#4690 = DIRECTION('',(-0.707106781187,-0.707106781187,0.));
#4691 = DIRECTION('',(-0.707106781187,0.707106781187,0.));
#4692 = ADVANCED_FACE('',(#4693),#4718,.F.);
#4693 = FACE_BOUND('',#4694,.F.);
#4694 = EDGE_LOOP('',(#4695,#4705,#4711,#4712));
#4695 = ORIENTED_EDGE('',*,*,#4696,.T.);
#4696 = EDGE_CURVE('',#4697,#4699,#4701,.T.);
#4697 = VERTEX_POINT('',#4698);
#4698 = CARTESIAN_POINT('',(123.5,109.,212.));
#4699 = VERTEX_POINT('',#4700);
#4700 = CARTESIAN_POINT('',(117.,115.5,212.));
#4701 = LINE('',#4702,#4703);
#4702 = CARTESIAN_POINT('',(108.125,124.375,212.));
#4703 = VECTOR('',#4704,1.);
#4704 = DIRECTION('',(-0.707106781187,0.707106781187,0.));
#4705 = ORIENTED_EDGE('',*,*,#4706,.T.);
#4706 = EDGE_CURVE('',#4699,#1174,#4707,.T.);
#4707 = LINE('',#4708,#4709);
#4708 = CARTESIAN_POINT('',(117.,115.5,208.));
#4709 = VECTOR('',#4710,1.);
#4710 = DIRECTION('',(0.,0.,1.));
#4711 = ORIENTED_EDGE('',*,*,#1171,.F.);
#4712 = ORIENTED_EDGE('',*,*,#4713,.F.);
#4713 = EDGE_CURVE('',#4697,#1172,#4714,.T.);
#4714 = LINE('',#4715,#4716);
#4715 = CARTESIAN_POINT('',(123.5,109.,208.));
#4716 = VECTOR('',#4717,1.);
#4717 = DIRECTION('',(0.,0.,1.));
#4718 = PLANE('',#4719);
#4719 = AXIS2_PLACEMENT_3D('',#4720,#4721,#4722);
#4720 = CARTESIAN_POINT('',(117.,115.5,208.));
#4721 = DIRECTION('',(0.707106781187,0.707106781187,-0.));
#4722 = DIRECTION('',(0.707106781187,-0.707106781187,0.));
#4723 = ADVANCED_FACE('',(#4724),#4742,.F.);
#4724 = FACE_BOUND('',#4725,.F.);
#4725 = EDGE_LOOP('',(#4726,#4734,#4735,#4736));
#4726 = ORIENTED_EDGE('',*,*,#4727,.T.);
#4727 = EDGE_CURVE('',#4728,#4697,#4730,.T.);
#4728 = VERTEX_POINT('',#4729);
#4729 = CARTESIAN_POINT('',(117.,102.5,212.));
#4730 = LINE('',#4731,#4732);
#4731 = CARTESIAN_POINT('',(83.875,69.375,212.));
#4732 = VECTOR('',#4733,1.);
#4733 = DIRECTION('',(0.707106781187,0.707106781187,-0.));
#4734 = ORIENTED_EDGE('',*,*,#4713,.T.);
#4735 = ORIENTED_EDGE('',*,*,#1181,.F.);
#4736 = ORIENTED_EDGE('',*,*,#4737,.F.);
#4737 = EDGE_CURVE('',#4728,#1182,#4738,.T.);
#4738 = LINE('',#4739,#4740);
#4739 = CARTESIAN_POINT('',(117.,102.5,208.));
#4740 = VECTOR('',#4741,1.);
#4741 = DIRECTION('',(0.,0.,1.));
#4742 = PLANE('',#4743);
#4743 = AXIS2_PLACEMENT_3D('',#4744,#4745,#4746);
#4744 = CARTESIAN_POINT('',(123.5,109.,208.));
#4745 = DIRECTION('',(0.707106781187,-0.707106781187,0.));
#4746 = DIRECTION('',(-0.707106781187,-0.707106781187,0.));
#4747 = ADVANCED_FACE('',(#4748),#4766,.F.);
#4748 = FACE_BOUND('',#4749,.F.);
#4749 = EDGE_LOOP('',(#4750,#4758,#4764,#4765));
#4750 = ORIENTED_EDGE('',*,*,#4751,.T.);
#4751 = EDGE_CURVE('',#4699,#4752,#4754,.T.);
#4752 = VERTEX_POINT('',#4753);
#4753 = CARTESIAN_POINT('',(110.5,109.,212.));
#4754 = LINE('',#4755,#4756);
#4755 = CARTESIAN_POINT('',(74.125,72.625,212.));
#4756 = VECTOR('',#4757,1.);
#4757 = DIRECTION('',(-0.707106781187,-0.707106781187,0.));
#4758 = ORIENTED_EDGE('',*,*,#4759,.T.);
#4759 = EDGE_CURVE('',#4752,#1190,#4760,.T.);
#4760 = LINE('',#4761,#4762);
#4761 = CARTESIAN_POINT('',(110.5,109.,208.));
#4762 = VECTOR('',#4763,1.);
#4763 = DIRECTION('',(0.,0.,1.));
#4764 = ORIENTED_EDGE('',*,*,#1197,.F.);
#4765 = ORIENTED_EDGE('',*,*,#4706,.F.);
#4766 = PLANE('',#4767);
#4767 = AXIS2_PLACEMENT_3D('',#4768,#4769,#4770);
#4768 = CARTESIAN_POINT('',(110.5,109.,208.));
#4769 = DIRECTION('',(-0.707106781187,0.707106781187,0.));
#4770 = DIRECTION('',(0.707106781187,0.707106781187,0.));
#4771 = ADVANCED_FACE('',(#4772),#4783,.F.);
#4772 = FACE_BOUND('',#4773,.F.);
#4773 = EDGE_LOOP('',(#4774,#4780,#4781,#4782));
#4774 = ORIENTED_EDGE('',*,*,#4775,.T.);
#4775 = EDGE_CURVE('',#4752,#4728,#4776,.T.);
#4776 = LINE('',#4777,#4778);
#4777 = CARTESIAN_POINT('',(104.875,114.625,212.));
#4778 = VECTOR('',#4779,1.);
#4779 = DIRECTION('',(0.707106781187,-0.707106781187,0.));
#4780 = ORIENTED_EDGE('',*,*,#4737,.T.);
#4781 = ORIENTED_EDGE('',*,*,#1189,.F.);
#4782 = ORIENTED_EDGE('',*,*,#4759,.F.);
#4783 = PLANE('',#4784);
#4784 = AXIS2_PLACEMENT_3D('',#4785,#4786,#4787);
#4785 = CARTESIAN_POINT('',(117.,102.5,208.));
#4786 = DIRECTION('',(-0.707106781187,-0.707106781187,0.));
#4787 = DIRECTION('',(-0.707106781187,0.707106781187,0.));
#4788 = ADVANCED_FACE('',(#4789),#4814,.F.);
#4789 = FACE_BOUND('',#4790,.F.);
#4790 = EDGE_LOOP('',(#4791,#4801,#4807,#4808));
#4791 = ORIENTED_EDGE('',*,*,#4792,.T.);
#4792 = EDGE_CURVE('',#4793,#4795,#4797,.T.);
#4793 = VERTEX_POINT('',#4794);
#4794 = CARTESIAN_POINT('',(131.5,85.,212.));
#4795 = VERTEX_POINT('',#4796);
#4796 = CARTESIAN_POINT('',(125.,91.5,212.));
#4797 = LINE('',#4798,#4799);
#4798 = CARTESIAN_POINT('',(108.125,108.375,212.));
#4799 = VECTOR('',#4800,1.);
#4800 = DIRECTION('',(-0.707106781187,0.707106781187,0.));
#4801 = ORIENTED_EDGE('',*,*,#4802,.T.);
#4802 = EDGE_CURVE('',#4795,#1208,#4803,.T.);
#4803 = LINE('',#4804,#4805);
#4804 = CARTESIAN_POINT('',(125.,91.5,208.));
#4805 = VECTOR('',#4806,1.);
#4806 = DIRECTION('',(0.,0.,1.));
#4807 = ORIENTED_EDGE('',*,*,#1205,.F.);
#4808 = ORIENTED_EDGE('',*,*,#4809,.F.);
#4809 = EDGE_CURVE('',#4793,#1206,#4810,.T.);
#4810 = LINE('',#4811,#4812);
#4811 = CARTESIAN_POINT('',(131.5,85.,208.));
#4812 = VECTOR('',#4813,1.);
#4813 = DIRECTION('',(0.,0.,1.));
#4814 = PLANE('',#4815);
#4815 = AXIS2_PLACEMENT_3D('',#4816,#4817,#4818);
#4816 = CARTESIAN_POINT('',(125.,91.5,208.));
#4817 = DIRECTION('',(0.707106781187,0.707106781187,-0.));
#4818 = DIRECTION('',(0.707106781187,-0.707106781187,0.));
#4819 = ADVANCED_FACE('',(#4820),#4838,.F.);
#4820 = FACE_BOUND('',#4821,.F.);
#4821 = EDGE_LOOP('',(#4822,#4830,#4831,#4832));
#4822 = ORIENTED_EDGE('',*,*,#4823,.T.);
#4823 = EDGE_CURVE('',#4824,#4793,#4826,.T.);
#4824 = VERTEX_POINT('',#4825);
#4825 = CARTESIAN_POINT('',(125.,78.5,212.));
#4826 = LINE('',#4827,#4828);
#4827 = CARTESIAN_POINT('',(95.875,49.375,212.));
#4828 = VECTOR('',#4829,1.);
#4829 = DIRECTION('',(0.707106781187,0.707106781187,-0.));
#4830 = ORIENTED_EDGE('',*,*,#4809,.T.);
#4831 = ORIENTED_EDGE('',*,*,#1215,.F.);
#4832 = ORIENTED_EDGE('',*,*,#4833,.F.);
#4833 = EDGE_CURVE('',#4824,#1216,#4834,.T.);
#4834 = LINE('',#4835,#4836);
#4835 = CARTESIAN_POINT('',(125.,78.5,208.));
#4836 = VECTOR('',#4837,1.);
#4837 = DIRECTION('',(0.,0.,1.));
#4838 = PLANE('',#4839);
#4839 = AXIS2_PLACEMENT_3D('',#4840,#4841,#4842);
#4840 = CARTESIAN_POINT('',(131.5,85.,208.));
#4841 = DIRECTION('',(0.707106781187,-0.707106781187,0.));
#4842 = DIRECTION('',(-0.707106781187,-0.707106781187,0.));
#4843 = ADVANCED_FACE('',(#4844),#4862,.F.);
#4844 = FACE_BOUND('',#4845,.F.);
#4845 = EDGE_LOOP('',(#4846,#4854,#4860,#4861));
#4846 = ORIENTED_EDGE('',*,*,#4847,.T.);
#4847 = EDGE_CURVE('',#4795,#4848,#4850,.T.);
#4848 = VERTEX_POINT('',#4849);
#4849 = CARTESIAN_POINT('',(118.5,85.,212.));
#4850 = LINE('',#4851,#4852);
#4851 = CARTESIAN_POINT('',(86.125,52.625,212.));
#4852 = VECTOR('',#4853,1.);
#4853 = DIRECTION('',(-0.707106781187,-0.707106781187,0.));
#4854 = ORIENTED_EDGE('',*,*,#4855,.T.);
#4855 = EDGE_CURVE('',#4848,#1224,#4856,.T.);
#4856 = LINE('',#4857,#4858);
#4857 = CARTESIAN_POINT('',(118.5,85.,208.));
#4858 = VECTOR('',#4859,1.);
#4859 = DIRECTION('',(0.,0.,1.));
#4860 = ORIENTED_EDGE('',*,*,#1231,.F.);
#4861 = ORIENTED_EDGE('',*,*,#4802,.F.);
#4862 = PLANE('',#4863);
#4863 = AXIS2_PLACEMENT_3D('',#4864,#4865,#4866);
#4864 = CARTESIAN_POINT('',(118.5,85.,208.));
#4865 = DIRECTION('',(-0.707106781187,0.707106781187,0.));
#4866 = DIRECTION('',(0.707106781187,0.707106781187,0.));
#4867 = ADVANCED_FACE('',(#4868),#4879,.F.);
#4868 = FACE_BOUND('',#4869,.F.);
#4869 = EDGE_LOOP('',(#4870,#4876,#4877,#4878));
#4870 = ORIENTED_EDGE('',*,*,#4871,.T.);
#4871 = EDGE_CURVE('',#4848,#4824,#4872,.T.);
#4872 = LINE('',#4873,#4874);
#4873 = CARTESIAN_POINT('',(104.875,98.625,212.));
#4874 = VECTOR('',#4875,1.);
#4875 = DIRECTION('',(0.707106781187,-0.707106781187,0.));
#4876 = ORIENTED_EDGE('',*,*,#4833,.T.);
#4877 = ORIENTED_EDGE('',*,*,#1223,.F.);
#4878 = ORIENTED_EDGE('',*,*,#4855,.F.);
#4879 = PLANE('',#4880);
#4880 = AXIS2_PLACEMENT_3D('',#4881,#4882,#4883);
#4881 = CARTESIAN_POINT('',(125.,78.5,208.));
#4882 = DIRECTION('',(-0.707106781187,-0.707106781187,0.));
#4883 = DIRECTION('',(-0.707106781187,0.707106781187,0.));
#4884 = ADVANCED_FACE('',(#4885),#4910,.F.);
#4885 = FACE_BOUND('',#4886,.F.);
#4886 = EDGE_LOOP('',(#4887,#4897,#4903,#4904));
#4887 = ORIENTED_EDGE('',*,*,#4888,.T.);
#4888 = EDGE_CURVE('',#4889,#4891,#4893,.T.);
#4889 = VERTEX_POINT('',#4890);
#4890 = CARTESIAN_POINT('',(131.5,101.,212.));
#4891 = VERTEX_POINT('',#4892);
#4892 = CARTESIAN_POINT('',(125.,107.5,212.));
#4893 = LINE('',#4894,#4895);
#4894 = CARTESIAN_POINT('',(112.125,120.375,212.));
#4895 = VECTOR('',#4896,1.);
#4896 = DIRECTION('',(-0.707106781187,0.707106781187,0.));
#4897 = ORIENTED_EDGE('',*,*,#4898,.T.);
#4898 = EDGE_CURVE('',#4891,#1242,#4899,.T.);
#4899 = LINE('',#4900,#4901);
#4900 = CARTESIAN_POINT('',(125.,107.5,208.));
#4901 = VECTOR('',#4902,1.);
#4902 = DIRECTION('',(0.,0.,1.));
#4903 = ORIENTED_EDGE('',*,*,#1239,.F.);
#4904 = ORIENTED_EDGE('',*,*,#4905,.F.);
#4905 = EDGE_CURVE('',#4889,#1240,#4906,.T.);
#4906 = LINE('',#4907,#4908);
#4907 = CARTESIAN_POINT('',(131.5,101.,208.));
#4908 = VECTOR('',#4909,1.);
#4909 = DIRECTION('',(0.,0.,1.));
#4910 = PLANE('',#4911);
#4911 = AXIS2_PLACEMENT_3D('',#4912,#4913,#4914);
#4912 = CARTESIAN_POINT('',(125.,107.5,208.));
#4913 = DIRECTION('',(0.707106781187,0.707106781187,-0.));
#4914 = DIRECTION('',(0.707106781187,-0.707106781187,0.));
#4915 = ADVANCED_FACE('',(#4916),#4934,.F.);
#4916 = FACE_BOUND('',#4917,.F.);
#4917 = EDGE_LOOP('',(#4918,#4926,#4927,#4928));
#4918 = ORIENTED_EDGE('',*,*,#4919,.T.);
#4919 = EDGE_CURVE('',#4920,#4889,#4922,.T.);
#4920 = VERTEX_POINT('',#4921);
#4921 = CARTESIAN_POINT('',(125.,94.5,212.));
#4922 = LINE('',#4923,#4924);
#4923 = CARTESIAN_POINT('',(91.875,61.375,212.));
#4924 = VECTOR('',#4925,1.);
#4925 = DIRECTION('',(0.707106781187,0.707106781187,-0.));
#4926 = ORIENTED_EDGE('',*,*,#4905,.T.);
#4927 = ORIENTED_EDGE('',*,*,#1249,.F.);
#4928 = ORIENTED_EDGE('',*,*,#4929,.F.);
#4929 = EDGE_CURVE('',#4920,#1250,#4930,.T.);
#4930 = LINE('',#4931,#4932);
#4931 = CARTESIAN_POINT('',(125.,94.5,208.));
#4932 = VECTOR('',#4933,1.);
#4933 = DIRECTION('',(0.,0.,1.));
#4934 = PLANE('',#4935);
#4935 = AXIS2_PLACEMENT_3D('',#4936,#4937,#4938);
#4936 = CARTESIAN_POINT('',(131.5,101.,208.));
#4937 = DIRECTION('',(0.707106781187,-0.707106781187,0.));
#4938 = DIRECTION('',(-0.707106781187,-0.707106781187,0.));
#4939 = ADVANCED_FACE('',(#4940),#4958,.F.);
#4940 = FACE_BOUND('',#4941,.F.);
#4941 = EDGE_LOOP('',(#4942,#4950,#4956,#4957));
#4942 = ORIENTED_EDGE('',*,*,#4943,.T.);
#4943 = EDGE_CURVE('',#4891,#4944,#4946,.T.);
#4944 = VERTEX_POINT('',#4945);
#4945 = CARTESIAN_POINT('',(118.5,101.,212.));
#4946 = LINE('',#4947,#4948);
#4947 = CARTESIAN_POINT('',(82.125,64.625,212.));
#4948 = VECTOR('',#4949,1.);
#4949 = DIRECTION('',(-0.707106781187,-0.707106781187,0.));
#4950 = ORIENTED_EDGE('',*,*,#4951,.T.);
#4951 = EDGE_CURVE('',#4944,#1258,#4952,.T.);
#4952 = LINE('',#4953,#4954);
#4953 = CARTESIAN_POINT('',(118.5,101.,208.));
#4954 = VECTOR('',#4955,1.);
#4955 = DIRECTION('',(0.,0.,1.));
#4956 = ORIENTED_EDGE('',*,*,#1265,.F.);
#4957 = ORIENTED_EDGE('',*,*,#4898,.F.);
#4958 = PLANE('',#4959);
#4959 = AXIS2_PLACEMENT_3D('',#4960,#4961,#4962);
#4960 = CARTESIAN_POINT('',(118.5,101.,208.));
#4961 = DIRECTION('',(-0.707106781187,0.707106781187,0.));
#4962 = DIRECTION('',(0.707106781187,0.707106781187,0.));
#4963 = ADVANCED_FACE('',(#4964),#4975,.F.);
#4964 = FACE_BOUND('',#4965,.F.);
#4965 = EDGE_LOOP('',(#4966,#4972,#4973,#4974));
#4966 = ORIENTED_EDGE('',*,*,#4967,.T.);
#4967 = EDGE_CURVE('',#4944,#4920,#4968,.T.);
#4968 = LINE('',#4969,#4970);
#4969 = CARTESIAN_POINT('',(108.875,110.625,212.));
#4970 = VECTOR('',#4971,1.);
#4971 = DIRECTION('',(0.707106781187,-0.707106781187,0.));
#4972 = ORIENTED_EDGE('',*,*,#4929,.T.);
#4973 = ORIENTED_EDGE('',*,*,#1257,.F.);
#4974 = ORIENTED_EDGE('',*,*,#4951,.F.);
#4975 = PLANE('',#4976);
#4976 = AXIS2_PLACEMENT_3D('',#4977,#4978,#4979);
#4977 = CARTESIAN_POINT('',(125.,94.5,208.));
#4978 = DIRECTION('',(-0.707106781187,-0.707106781187,0.));
#4979 = DIRECTION('',(-0.707106781187,0.707106781187,0.));
#4980 = ADVANCED_FACE('',(#4981),#5006,.F.);
#4981 = FACE_BOUND('',#4982,.F.);
#4982 = EDGE_LOOP('',(#4983,#4993,#4999,#5000));
#4983 = ORIENTED_EDGE('',*,*,#4984,.T.);
#4984 = EDGE_CURVE('',#4985,#4987,#4989,.T.);
#4985 = VERTEX_POINT('',#4986);
#4986 = CARTESIAN_POINT('',(99.5,117.,212.));
#4987 = VERTEX_POINT('',#4988);
#4988 = CARTESIAN_POINT('',(93.,123.5,212.));
#4989 = LINE('',#4990,#4991);
#4990 = CARTESIAN_POINT('',(92.125,124.375,212.));
#4991 = VECTOR('',#4992,1.);
#4992 = DIRECTION('',(-0.707106781187,0.707106781187,0.));
#4993 = ORIENTED_EDGE('',*,*,#4994,.T.);
#4994 = EDGE_CURVE('',#4987,#1276,#4995,.T.);
#4995 = LINE('',#4996,#4997);
#4996 = CARTESIAN_POINT('',(93.,123.5,208.));
#4997 = VECTOR('',#4998,1.);
#4998 = DIRECTION('',(0.,0.,1.));
#4999 = ORIENTED_EDGE('',*,*,#1273,.F.);
#5000 = ORIENTED_EDGE('',*,*,#5001,.F.);
#5001 = EDGE_CURVE('',#4985,#1274,#5002,.T.);
#5002 = LINE('',#5003,#5004);
#5003 = CARTESIAN_POINT('',(99.5,117.,208.));
#5004 = VECTOR('',#5005,1.);
#5005 = DIRECTION('',(0.,0.,1.));
#5006 = PLANE('',#5007);
#5007 = AXIS2_PLACEMENT_3D('',#5008,#5009,#5010);
#5008 = CARTESIAN_POINT('',(93.,123.5,208.));
#5009 = DIRECTION('',(0.707106781187,0.707106781187,-0.));
#5010 = DIRECTION('',(0.707106781187,-0.707106781187,0.));
#5011 = ADVANCED_FACE('',(#5012),#5030,.F.);
#5012 = FACE_BOUND('',#5013,.F.);
#5013 = EDGE_LOOP('',(#5014,#5022,#5023,#5024));
#5014 = ORIENTED_EDGE('',*,*,#5015,.T.);
#5015 = EDGE_CURVE('',#5016,#4985,#5018,.T.);
#5016 = VERTEX_POINT('',#5017);
#5017 = CARTESIAN_POINT('',(93.,110.5,212.));
#5018 = LINE('',#5019,#5020);
#5019 = CARTESIAN_POINT('',(63.875,81.375,212.));
#5020 = VECTOR('',#5021,1.);
#5021 = DIRECTION('',(0.707106781187,0.707106781187,-0.));
#5022 = ORIENTED_EDGE('',*,*,#5001,.T.);
#5023 = ORIENTED_EDGE('',*,*,#1283,.F.);
#5024 = ORIENTED_EDGE('',*,*,#5025,.F.);
#5025 = EDGE_CURVE('',#5016,#1284,#5026,.T.);
#5026 = LINE('',#5027,#5028);
#5027 = CARTESIAN_POINT('',(93.,110.5,208.));
#5028 = VECTOR('',#5029,1.);
#5029 = DIRECTION('',(0.,0.,1.));
#5030 = PLANE('',#5031);
#5031 = AXIS2_PLACEMENT_3D('',#5032,#5033,#5034);
#5032 = CARTESIAN_POINT('',(99.5,117.,208.));
#5033 = DIRECTION('',(0.707106781187,-0.707106781187,0.));
#5034 = DIRECTION('',(-0.707106781187,-0.707106781187,0.));
#5035 = ADVANCED_FACE('',(#5036),#5054,.F.);
#5036 = FACE_BOUND('',#5037,.F.);
#5037 = EDGE_LOOP('',(#5038,#5046,#5052,#5053));
#5038 = ORIENTED_EDGE('',*,*,#5039,.T.);
#5039 = EDGE_CURVE('',#4987,#5040,#5042,.T.);
#5040 = VERTEX_POINT('',#5041);
#5041 = CARTESIAN_POINT('',(86.5,117.,212.));
#5042 = LINE('',#5043,#5044);
#5043 = CARTESIAN_POINT('',(54.125,84.625,212.));
#5044 = VECTOR('',#5045,1.);
#5045 = DIRECTION('',(-0.707106781187,-0.707106781187,0.));
#5046 = ORIENTED_EDGE('',*,*,#5047,.T.);
#5047 = EDGE_CURVE('',#5040,#1292,#5048,.T.);
#5048 = LINE('',#5049,#5050);
#5049 = CARTESIAN_POINT('',(86.5,117.,208.));
#5050 = VECTOR('',#5051,1.);
#5051 = DIRECTION('',(0.,0.,1.));
#5052 = ORIENTED_EDGE('',*,*,#1299,.F.);
#5053 = ORIENTED_EDGE('',*,*,#4994,.F.);
#5054 = PLANE('',#5055);
#5055 = AXIS2_PLACEMENT_3D('',#5056,#5057,#5058);
#5056 = CARTESIAN_POINT('',(86.5,117.,208.));
#5057 = DIRECTION('',(-0.707106781187,0.707106781187,0.));
#5058 = DIRECTION('',(0.707106781187,0.707106781187,0.));
#5059 = ADVANCED_FACE('',(#5060),#5071,.F.);
#5060 = FACE_BOUND('',#5061,.F.);
#5061 = EDGE_LOOP('',(#5062,#5068,#5069,#5070));
#5062 = ORIENTED_EDGE('',*,*,#5063,.T.);
#5063 = EDGE_CURVE('',#5040,#5016,#5064,.T.);
#5064 = LINE('',#5065,#5066);
#5065 = CARTESIAN_POINT('',(88.875,114.625,212.));
#5066 = VECTOR('',#5067,1.);
#5067 = DIRECTION('',(0.707106781187,-0.707106781187,0.));
#5068 = ORIENTED_EDGE('',*,*,#5025,.T.);
#5069 = ORIENTED_EDGE('',*,*,#1291,.F.);
#5070 = ORIENTED_EDGE('',*,*,#5047,.F.);
#5071 = PLANE('',#5072);
#5072 = AXIS2_PLACEMENT_3D('',#5073,#5074,#5075);
#5073 = CARTESIAN_POINT('',(93.,110.5,208.));
#5074 = DIRECTION('',(-0.707106781187,-0.707106781187,0.));
#5075 = DIRECTION('',(-0.707106781187,0.707106781187,0.));
#5076 = ADVANCED_FACE('',(#5077),#5102,.F.);
#5077 = FACE_BOUND('',#5078,.F.);
#5078 = EDGE_LOOP('',(#5079,#5089,#5095,#5096));
#5079 = ORIENTED_EDGE('',*,*,#5080,.T.);
#5080 = EDGE_CURVE('',#5081,#5083,#5085,.T.);
#5081 = VERTEX_POINT('',#5082);
#5082 = CARTESIAN_POINT('',(91.5,125.,212.));
#5083 = VERTEX_POINT('',#5084);
#5084 = CARTESIAN_POINT('',(85.,131.5,212.));
#5085 = LINE('',#5086,#5087);
#5086 = CARTESIAN_POINT('',(88.125,128.375,212.));
#5087 = VECTOR('',#5088,1.);
#5088 = DIRECTION('',(-0.707106781187,0.707106781187,0.));
#5089 = ORIENTED_EDGE('',*,*,#5090,.T.);
#5090 = EDGE_CURVE('',#5083,#1310,#5091,.T.);
#5091 = LINE('',#5092,#5093);
#5092 = CARTESIAN_POINT('',(85.,131.5,208.));
#5093 = VECTOR('',#5094,1.);
#5094 = DIRECTION('',(0.,0.,1.));
#5095 = ORIENTED_EDGE('',*,*,#1307,.F.);
#5096 = ORIENTED_EDGE('',*,*,#5097,.F.);
#5097 = EDGE_CURVE('',#5081,#1308,#5098,.T.);
#5098 = LINE('',#5099,#5100);
#5099 = CARTESIAN_POINT('',(91.5,125.,208.));
#5100 = VECTOR('',#5101,1.);
#5101 = DIRECTION('',(0.,0.,1.));
#5102 = PLANE('',#5103);
#5103 = AXIS2_PLACEMENT_3D('',#5104,#5105,#5106);
#5104 = CARTESIAN_POINT('',(85.,131.5,208.));
#5105 = DIRECTION('',(0.707106781187,0.707106781187,-0.));
#5106 = DIRECTION('',(0.707106781187,-0.707106781187,0.));
#5107 = ADVANCED_FACE('',(#5108),#5126,.F.);
#5108 = FACE_BOUND('',#5109,.F.);
#5109 = EDGE_LOOP('',(#5110,#5118,#5119,#5120));
#5110 = ORIENTED_EDGE('',*,*,#5111,.T.);
#5111 = EDGE_CURVE('',#5112,#5081,#5114,.T.);
#5112 = VERTEX_POINT('',#5113);
#5113 = CARTESIAN_POINT('',(85.,118.5,212.));
#5114 = LINE('',#5115,#5116);
#5115 = CARTESIAN_POINT('',(55.875,89.375,212.));
#5116 = VECTOR('',#5117,1.);
#5117 = DIRECTION('',(0.707106781187,0.707106781187,-0.));
#5118 = ORIENTED_EDGE('',*,*,#5097,.T.);
#5119 = ORIENTED_EDGE('',*,*,#1317,.F.);
#5120 = ORIENTED_EDGE('',*,*,#5121,.F.);
#5121 = EDGE_CURVE('',#5112,#1318,#5122,.T.);
#5122 = LINE('',#5123,#5124);
#5123 = CARTESIAN_POINT('',(85.,118.5,208.));
#5124 = VECTOR('',#5125,1.);
#5125 = DIRECTION('',(0.,0.,1.));
#5126 = PLANE('',#5127);
#5127 = AXIS2_PLACEMENT_3D('',#5128,#5129,#5130);
#5128 = CARTESIAN_POINT('',(91.5,125.,208.));
#5129 = DIRECTION('',(0.707106781187,-0.707106781187,0.));
#5130 = DIRECTION('',(-0.707106781187,-0.707106781187,0.));
#5131 = ADVANCED_FACE('',(#5132),#5150,.F.);
#5132 = FACE_BOUND('',#5133,.F.);
#5133 = EDGE_LOOP('',(#5134,#5142,#5148,#5149));
#5134 = ORIENTED_EDGE('',*,*,#5135,.T.);
#5135 = EDGE_CURVE('',#5083,#5136,#5138,.T.);
#5136 = VERTEX_POINT('',#5137);
#5137 = CARTESIAN_POINT('',(78.5,125.,212.));
#5138 = LINE('',#5139,#5140);
#5139 = CARTESIAN_POINT('',(46.125,92.625,212.));
#5140 = VECTOR('',#5141,1.);
#5141 = DIRECTION('',(-0.707106781187,-0.707106781187,0.));
#5142 = ORIENTED_EDGE('',*,*,#5143,.T.);
#5143 = EDGE_CURVE('',#5136,#1326,#5144,.T.);
#5144 = LINE('',#5145,#5146);
#5145 = CARTESIAN_POINT('',(78.5,125.,208.));
#5146 = VECTOR('',#5147,1.);
#5147 = DIRECTION('',(0.,0.,1.));
#5148 = ORIENTED_EDGE('',*,*,#1333,.F.);
#5149 = ORIENTED_EDGE('',*,*,#5090,.F.);
#5150 = PLANE('',#5151);
#5151 = AXIS2_PLACEMENT_3D('',#5152,#5153,#5154);
#5152 = CARTESIAN_POINT('',(78.5,125.,208.));
#5153 = DIRECTION('',(-0.707106781187,0.707106781187,0.));
#5154 = DIRECTION('',(0.707106781187,0.707106781187,0.));
#5155 = ADVANCED_FACE('',(#5156),#5167,.F.);
#5156 = FACE_BOUND('',#5157,.F.);
#5157 = EDGE_LOOP('',(#5158,#5164,#5165,#5166));
#5158 = ORIENTED_EDGE('',*,*,#5159,.T.);
#5159 = EDGE_CURVE('',#5136,#5112,#5160,.T.);
#5160 = LINE('',#5161,#5162);
#5161 = CARTESIAN_POINT('',(84.875,118.625,212.));
#5162 = VECTOR('',#5163,1.);
#5163 = DIRECTION('',(0.707106781187,-0.707106781187,0.));
#5164 = ORIENTED_EDGE('',*,*,#5121,.T.);
#5165 = ORIENTED_EDGE('',*,*,#1325,.F.);
#5166 = ORIENTED_EDGE('',*,*,#5143,.F.);
#5167 = PLANE('',#5168);
#5168 = AXIS2_PLACEMENT_3D('',#5169,#5170,#5171);
#5169 = CARTESIAN_POINT('',(85.,118.5,208.));
#5170 = DIRECTION('',(-0.707106781187,-0.707106781187,0.));
#5171 = DIRECTION('',(-0.707106781187,0.707106781187,0.));
#5172 = ADVANCED_FACE('',(#5173),#5198,.F.);
#5173 = FACE_BOUND('',#5174,.F.);
#5174 = EDGE_LOOP('',(#5175,#5185,#5191,#5192));
#5175 = ORIENTED_EDGE('',*,*,#5176,.T.);
#5176 = EDGE_CURVE('',#5177,#5179,#5181,.T.);
#5177 = VERTEX_POINT('',#5178);
#5178 = CARTESIAN_POINT('',(107.5,125.,212.));
#5179 = VERTEX_POINT('',#5180);
#5180 = CARTESIAN_POINT('',(101.,131.5,212.));
#5181 = LINE('',#5182,#5183);
#5182 = CARTESIAN_POINT('',(100.125,132.375,212.));
#5183 = VECTOR('',#5184,1.);
#5184 = DIRECTION('',(-0.707106781187,0.707106781187,0.));
#5185 = ORIENTED_EDGE('',*,*,#5186,.T.);
#5186 = EDGE_CURVE('',#5179,#1344,#5187,.T.);
#5187 = LINE('',#5188,#5189);
#5188 = CARTESIAN_POINT('',(101.,131.5,208.));
#5189 = VECTOR('',#5190,1.);
#5190 = DIRECTION('',(0.,0.,1.));
#5191 = ORIENTED_EDGE('',*,*,#1341,.F.);
#5192 = ORIENTED_EDGE('',*,*,#5193,.F.);
#5193 = EDGE_CURVE('',#5177,#1342,#5194,.T.);
#5194 = LINE('',#5195,#5196);
#5195 = CARTESIAN_POINT('',(107.5,125.,208.));
#5196 = VECTOR('',#5197,1.);
#5197 = DIRECTION('',(0.,0.,1.));
#5198 = PLANE('',#5199);
#5199 = AXIS2_PLACEMENT_3D('',#5200,#5201,#5202);
#5200 = CARTESIAN_POINT('',(101.,131.5,208.));
#5201 = DIRECTION('',(0.707106781187,0.707106781187,-0.));
#5202 = DIRECTION('',(0.707106781187,-0.707106781187,0.));
#5203 = ADVANCED_FACE('',(#5204),#5222,.F.);
#5204 = FACE_BOUND('',#5205,.F.);
#5205 = EDGE_LOOP('',(#5206,#5214,#5215,#5216));
#5206 = ORIENTED_EDGE('',*,*,#5207,.T.);
#5207 = EDGE_CURVE('',#5208,#5177,#5210,.T.);
#5208 = VERTEX_POINT('',#5209);
#5209 = CARTESIAN_POINT('',(101.,118.5,212.));
#5210 = LINE('',#5211,#5212);
#5211 = CARTESIAN_POINT('',(67.875,85.375,212.));
#5212 = VECTOR('',#5213,1.);
#5213 = DIRECTION('',(0.707106781187,0.707106781187,-0.));
#5214 = ORIENTED_EDGE('',*,*,#5193,.T.);
#5215 = ORIENTED_EDGE('',*,*,#1351,.F.);
#5216 = ORIENTED_EDGE('',*,*,#5217,.F.);
#5217 = EDGE_CURVE('',#5208,#1352,#5218,.T.);
#5218 = LINE('',#5219,#5220);
#5219 = CARTESIAN_POINT('',(101.,118.5,208.));
#5220 = VECTOR('',#5221,1.);
#5221 = DIRECTION('',(0.,0.,1.));
#5222 = PLANE('',#5223);
#5223 = AXIS2_PLACEMENT_3D('',#5224,#5225,#5226);
#5224 = CARTESIAN_POINT('',(107.5,125.,208.));
#5225 = DIRECTION('',(0.707106781187,-0.707106781187,0.));
#5226 = DIRECTION('',(-0.707106781187,-0.707106781187,0.));
#5227 = ADVANCED_FACE('',(#5228),#5246,.F.);
#5228 = FACE_BOUND('',#5229,.F.);
#5229 = EDGE_LOOP('',(#5230,#5238,#5244,#5245));
#5230 = ORIENTED_EDGE('',*,*,#5231,.T.);
#5231 = EDGE_CURVE('',#5179,#5232,#5234,.T.);
#5232 = VERTEX_POINT('',#5233);
#5233 = CARTESIAN_POINT('',(94.5,125.,212.));
#5234 = LINE('',#5235,#5236);
#5235 = CARTESIAN_POINT('',(58.125,88.625,212.));
#5236 = VECTOR('',#5237,1.);
#5237 = DIRECTION('',(-0.707106781187,-0.707106781187,0.));
#5238 = ORIENTED_EDGE('',*,*,#5239,.T.);
#5239 = EDGE_CURVE('',#5232,#1360,#5240,.T.);
#5240 = LINE('',#5241,#5242);
#5241 = CARTESIAN_POINT('',(94.5,125.,208.));
#5242 = VECTOR('',#5243,1.);
#5243 = DIRECTION('',(0.,0.,1.));
#5244 = ORIENTED_EDGE('',*,*,#1367,.F.);
#5245 = ORIENTED_EDGE('',*,*,#5186,.F.);
#5246 = PLANE('',#5247);
#5247 = AXIS2_PLACEMENT_3D('',#5248,#5249,#5250);
#5248 = CARTESIAN_POINT('',(94.5,125.,208.));
#5249 = DIRECTION('',(-0.707106781187,0.707106781187,0.));
#5250 = DIRECTION('',(0.707106781187,0.707106781187,0.));
#5251 = ADVANCED_FACE('',(#5252),#5263,.F.);
#5252 = FACE_BOUND('',#5253,.F.);
#5253 = EDGE_LOOP('',(#5254,#5260,#5261,#5262));
#5254 = ORIENTED_EDGE('',*,*,#5255,.T.);
#5255 = EDGE_CURVE('',#5232,#5208,#5256,.T.);
#5256 = LINE('',#5257,#5258);
#5257 = CARTESIAN_POINT('',(96.875,122.625,212.));
#5258 = VECTOR('',#5259,1.);
#5259 = DIRECTION('',(0.707106781187,-0.707106781187,0.));
#5260 = ORIENTED_EDGE('',*,*,#5217,.T.);
#5261 = ORIENTED_EDGE('',*,*,#1359,.F.);
#5262 = ORIENTED_EDGE('',*,*,#5239,.F.);
#5263 = PLANE('',#5264);
#5264 = AXIS2_PLACEMENT_3D('',#5265,#5266,#5267);
#5265 = CARTESIAN_POINT('',(101.,118.5,208.));
#5266 = DIRECTION('',(-0.707106781187,-0.707106781187,0.));
#5267 = DIRECTION('',(-0.707106781187,0.707106781187,0.));
#5268 = ADVANCED_FACE('',(#5269),#5294,.F.);
#5269 = FACE_BOUND('',#5270,.F.);
#5270 = EDGE_LOOP('',(#5271,#5281,#5287,#5288));
#5271 = ORIENTED_EDGE('',*,*,#5272,.T.);
#5272 = EDGE_CURVE('',#5273,#5275,#5277,.T.);
#5273 = VERTEX_POINT('',#5274);
#5274 = CARTESIAN_POINT('',(115.5,117.,212.));
#5275 = VERTEX_POINT('',#5276);
#5276 = CARTESIAN_POINT('',(109.,123.5,212.));
#5277 = LINE('',#5278,#5279);
#5278 = CARTESIAN_POINT('',(104.125,128.375,212.));
#5279 = VECTOR('',#5280,1.);
#5280 = DIRECTION('',(-0.707106781187,0.707106781187,0.));
#5281 = ORIENTED_EDGE('',*,*,#5282,.T.);
#5282 = EDGE_CURVE('',#5275,#1378,#5283,.T.);
#5283 = LINE('',#5284,#5285);
#5284 = CARTESIAN_POINT('',(109.,123.5,208.));
#5285 = VECTOR('',#5286,1.);
#5286 = DIRECTION('',(0.,0.,1.));
#5287 = ORIENTED_EDGE('',*,*,#1375,.F.);
#5288 = ORIENTED_EDGE('',*,*,#5289,.F.);
#5289 = EDGE_CURVE('',#5273,#1376,#5290,.T.);
#5290 = LINE('',#5291,#5292);
#5291 = CARTESIAN_POINT('',(115.5,117.,208.));
#5292 = VECTOR('',#5293,1.);
#5293 = DIRECTION('',(0.,0.,1.));
#5294 = PLANE('',#5295);
#5295 = AXIS2_PLACEMENT_3D('',#5296,#5297,#5298);
#5296 = CARTESIAN_POINT('',(109.,123.5,208.));
#5297 = DIRECTION('',(0.707106781187,0.707106781187,-0.));
#5298 = DIRECTION('',(0.707106781187,-0.707106781187,0.));
#5299 = ADVANCED_FACE('',(#5300),#5318,.F.);
#5300 = FACE_BOUND('',#5301,.F.);
#5301 = EDGE_LOOP('',(#5302,#5310,#5311,#5312));
#5302 = ORIENTED_EDGE('',*,*,#5303,.T.);
#5303 = EDGE_CURVE('',#5304,#5273,#5306,.T.);
#5304 = VERTEX_POINT('',#5305);
#5305 = CARTESIAN_POINT('',(109.,110.5,212.));
#5306 = LINE('',#5307,#5308);
#5307 = CARTESIAN_POINT('',(75.875,77.375,212.));
#5308 = VECTOR('',#5309,1.);
#5309 = DIRECTION('',(0.707106781187,0.707106781187,-0.));
#5310 = ORIENTED_EDGE('',*,*,#5289,.T.);
#5311 = ORIENTED_EDGE('',*,*,#1385,.F.);
#5312 = ORIENTED_EDGE('',*,*,#5313,.F.);
#5313 = EDGE_CURVE('',#5304,#1386,#5314,.T.);
#5314 = LINE('',#5315,#5316);
#5315 = CARTESIAN_POINT('',(109.,110.5,208.));
#5316 = VECTOR('',#5317,1.);
#5317 = DIRECTION('',(0.,0.,1.));
#5318 = PLANE('',#5319);
#5319 = AXIS2_PLACEMENT_3D('',#5320,#5321,#5322);
#5320 = CARTESIAN_POINT('',(115.5,117.,208.));
#5321 = DIRECTION('',(0.707106781187,-0.707106781187,0.));
#5322 = DIRECTION('',(-0.707106781187,-0.707106781187,0.));
#5323 = ADVANCED_FACE('',(#5324),#5342,.F.);
#5324 = FACE_BOUND('',#5325,.F.);
#5325 = EDGE_LOOP('',(#5326,#5334,#5340,#5341));
#5326 = ORIENTED_EDGE('',*,*,#5327,.T.);
#5327 = EDGE_CURVE('',#5275,#5328,#5330,.T.);
#5328 = VERTEX_POINT('',#5329);
#5329 = CARTESIAN_POINT('',(102.5,117.,212.));
#5330 = LINE('',#5331,#5332);
#5331 = CARTESIAN_POINT('',(66.125,80.625,212.));
#5332 = VECTOR('',#5333,1.);
#5333 = DIRECTION('',(-0.707106781187,-0.707106781187,0.));
#5334 = ORIENTED_EDGE('',*,*,#5335,.T.);
#5335 = EDGE_CURVE('',#5328,#1394,#5336,.T.);
#5336 = LINE('',#5337,#5338);
#5337 = CARTESIAN_POINT('',(102.5,117.,208.));
#5338 = VECTOR('',#5339,1.);
#5339 = DIRECTION('',(0.,0.,1.));
#5340 = ORIENTED_EDGE('',*,*,#1401,.F.);
#5341 = ORIENTED_EDGE('',*,*,#5282,.F.);
#5342 = PLANE('',#5343);
#5343 = AXIS2_PLACEMENT_3D('',#5344,#5345,#5346);
#5344 = CARTESIAN_POINT('',(102.5,117.,208.));
#5345 = DIRECTION('',(-0.707106781187,0.707106781187,0.));
#5346 = DIRECTION('',(0.707106781187,0.707106781187,0.));
#5347 = ADVANCED_FACE('',(#5348),#5359,.F.);
#5348 = FACE_BOUND('',#5349,.F.);
#5349 = EDGE_LOOP('',(#5350,#5356,#5357,#5358));
#5350 = ORIENTED_EDGE('',*,*,#5351,.T.);
#5351 = EDGE_CURVE('',#5328,#5304,#5352,.T.);
#5352 = LINE('',#5353,#5354);
#5353 = CARTESIAN_POINT('',(100.875,118.625,212.));
#5354 = VECTOR('',#5355,1.);
#5355 = DIRECTION('',(0.707106781187,-0.707106781187,0.));
#5356 = ORIENTED_EDGE('',*,*,#5313,.T.);
#5357 = ORIENTED_EDGE('',*,*,#1393,.F.);
#5358 = ORIENTED_EDGE('',*,*,#5335,.F.);
#5359 = PLANE('',#5360);
#5360 = AXIS2_PLACEMENT_3D('',#5361,#5362,#5363);
#5361 = CARTESIAN_POINT('',(109.,110.5,208.));
#5362 = DIRECTION('',(-0.707106781187,-0.707106781187,0.));
#5363 = DIRECTION('',(-0.707106781187,0.707106781187,0.));
#5364 = ADVANCED_FACE('',(#5365),#5390,.F.);
#5365 = FACE_BOUND('',#5366,.F.);
#5366 = EDGE_LOOP('',(#5367,#5377,#5383,#5384));
#5367 = ORIENTED_EDGE('',*,*,#5368,.T.);
#5368 = EDGE_CURVE('',#5369,#5371,#5373,.T.);
#5369 = VERTEX_POINT('',#5370);
#5370 = CARTESIAN_POINT('',(123.5,125.,212.));
#5371 = VERTEX_POINT('',#5372);
#5372 = CARTESIAN_POINT('',(117.,131.5,212.));
#5373 = LINE('',#5374,#5375);
#5374 = CARTESIAN_POINT('',(112.125,136.375,212.));
#5375 = VECTOR('',#5376,1.);
#5376 = DIRECTION('',(-0.707106781187,0.707106781187,0.));
#5377 = ORIENTED_EDGE('',*,*,#5378,.T.);
#5378 = EDGE_CURVE('',#5371,#1412,#5379,.T.);
#5379 = LINE('',#5380,#5381);
#5380 = CARTESIAN_POINT('',(117.,131.5,208.));
#5381 = VECTOR('',#5382,1.);
#5382 = DIRECTION('',(0.,0.,1.));
#5383 = ORIENTED_EDGE('',*,*,#1409,.F.);
#5384 = ORIENTED_EDGE('',*,*,#5385,.F.);
#5385 = EDGE_CURVE('',#5369,#1410,#5386,.T.);
#5386 = LINE('',#5387,#5388);
#5387 = CARTESIAN_POINT('',(123.5,125.,208.));
#5388 = VECTOR('',#5389,1.);
#5389 = DIRECTION('',(0.,0.,1.));
#5390 = PLANE('',#5391);
#5391 = AXIS2_PLACEMENT_3D('',#5392,#5393,#5394);
#5392 = CARTESIAN_POINT('',(117.,131.5,208.));
#5393 = DIRECTION('',(0.707106781187,0.707106781187,-0.));
#5394 = DIRECTION('',(0.707106781187,-0.707106781187,0.));
#5395 = ADVANCED_FACE('',(#5396),#5414,.F.);
#5396 = FACE_BOUND('',#5397,.F.);
#5397 = EDGE_LOOP('',(#5398,#5406,#5407,#5408));
#5398 = ORIENTED_EDGE('',*,*,#5399,.T.);
#5399 = EDGE_CURVE('',#5400,#5369,#5402,.T.);
#5400 = VERTEX_POINT('',#5401);
#5401 = CARTESIAN_POINT('',(117.,118.5,212.));
#5402 = LINE('',#5403,#5404);
#5403 = CARTESIAN_POINT('',(79.875,81.375,212.));
#5404 = VECTOR('',#5405,1.);
#5405 = DIRECTION('',(0.707106781187,0.707106781187,-0.));
#5406 = ORIENTED_EDGE('',*,*,#5385,.T.);
#5407 = ORIENTED_EDGE('',*,*,#1419,.F.);
#5408 = ORIENTED_EDGE('',*,*,#5409,.F.);
#5409 = EDGE_CURVE('',#5400,#1420,#5410,.T.);
#5410 = LINE('',#5411,#5412);
#5411 = CARTESIAN_POINT('',(117.,118.5,208.));
#5412 = VECTOR('',#5413,1.);
#5413 = DIRECTION('',(0.,0.,1.));
#5414 = PLANE('',#5415);
#5415 = AXIS2_PLACEMENT_3D('',#5416,#5417,#5418);
#5416 = CARTESIAN_POINT('',(123.5,125.,208.));
#5417 = DIRECTION('',(0.707106781187,-0.707106781187,0.));
#5418 = DIRECTION('',(-0.707106781187,-0.707106781187,0.));
#5419 = ADVANCED_FACE('',(#5420),#5438,.F.);
#5420 = FACE_BOUND('',#5421,.F.);
#5421 = EDGE_LOOP('',(#5422,#5430,#5436,#5437));
#5422 = ORIENTED_EDGE('',*,*,#5423,.T.);
#5423 = EDGE_CURVE('',#5371,#5424,#5426,.T.);
#5424 = VERTEX_POINT('',#5425);
#5425 = CARTESIAN_POINT('',(110.5,125.,212.));
#5426 = LINE('',#5427,#5428);
#5427 = CARTESIAN_POINT('',(70.125,84.625,212.));
#5428 = VECTOR('',#5429,1.);
#5429 = DIRECTION('',(-0.707106781187,-0.707106781187,0.));
#5430 = ORIENTED_EDGE('',*,*,#5431,.T.);
#5431 = EDGE_CURVE('',#5424,#1428,#5432,.T.);
#5432 = LINE('',#5433,#5434);
#5433 = CARTESIAN_POINT('',(110.5,125.,208.));
#5434 = VECTOR('',#5435,1.);
#5435 = DIRECTION('',(0.,0.,1.));
#5436 = ORIENTED_EDGE('',*,*,#1435,.F.);
#5437 = ORIENTED_EDGE('',*,*,#5378,.F.);
#5438 = PLANE('',#5439);
#5439 = AXIS2_PLACEMENT_3D('',#5440,#5441,#5442);
#5440 = CARTESIAN_POINT('',(110.5,125.,208.));
#5441 = DIRECTION('',(-0.707106781187,0.707106781187,0.));
#5442 = DIRECTION('',(0.707106781187,0.707106781187,0.));
#5443 = ADVANCED_FACE('',(#5444),#5455,.F.);
#5444 = FACE_BOUND('',#5445,.F.);
#5445 = EDGE_LOOP('',(#5446,#5452,#5453,#5454));
#5446 = ORIENTED_EDGE('',*,*,#5447,.T.);
#5447 = EDGE_CURVE('',#5424,#5400,#5448,.T.);
#5448 = LINE('',#5449,#5450);
#5449 = CARTESIAN_POINT('',(108.875,126.625,212.));
#5450 = VECTOR('',#5451,1.);
#5451 = DIRECTION('',(0.707106781187,-0.707106781187,0.));
#5452 = ORIENTED_EDGE('',*,*,#5409,.T.);
#5453 = ORIENTED_EDGE('',*,*,#1427,.F.);
#5454 = ORIENTED_EDGE('',*,*,#5431,.F.);
#5455 = PLANE('',#5456);
#5456 = AXIS2_PLACEMENT_3D('',#5457,#5458,#5459);
#5457 = CARTESIAN_POINT('',(117.,118.5,208.));
#5458 = DIRECTION('',(-0.707106781187,-0.707106781187,0.));
#5459 = DIRECTION('',(-0.707106781187,0.707106781187,0.));
#5460 = ADVANCED_FACE('',(#5461),#5486,.F.);
#5461 = FACE_BOUND('',#5462,.F.);
#5462 = EDGE_LOOP('',(#5463,#5473,#5479,#5480));
#5463 = ORIENTED_EDGE('',*,*,#5464,.T.);
#5464 = EDGE_CURVE('',#5465,#5467,#5469,.T.);
#5465 = VERTEX_POINT('',#5466);
#5466 = CARTESIAN_POINT('',(99.5,133.,212.));
#5467 = VERTEX_POINT('',#5468);
#5468 = CARTESIAN_POINT('',(93.,139.5,212.));
#5469 = LINE('',#5470,#5471);
#5470 = CARTESIAN_POINT('',(96.125,136.375,212.));
#5471 = VECTOR('',#5472,1.);
#5472 = DIRECTION('',(-0.707106781187,0.707106781187,0.));
#5473 = ORIENTED_EDGE('',*,*,#5474,.T.);
#5474 = EDGE_CURVE('',#5467,#1446,#5475,.T.);
#5475 = LINE('',#5476,#5477);
#5476 = CARTESIAN_POINT('',(93.,139.5,208.));
#5477 = VECTOR('',#5478,1.);
#5478 = DIRECTION('',(0.,0.,1.));
#5479 = ORIENTED_EDGE('',*,*,#1443,.F.);
#5480 = ORIENTED_EDGE('',*,*,#5481,.F.);
#5481 = EDGE_CURVE('',#5465,#1444,#5482,.T.);
#5482 = LINE('',#5483,#5484);
#5483 = CARTESIAN_POINT('',(99.5,133.,208.));
#5484 = VECTOR('',#5485,1.);
#5485 = DIRECTION('',(0.,0.,1.));
#5486 = PLANE('',#5487);
#5487 = AXIS2_PLACEMENT_3D('',#5488,#5489,#5490);
#5488 = CARTESIAN_POINT('',(93.,139.5,208.));
#5489 = DIRECTION('',(0.707106781187,0.707106781187,-0.));
#5490 = DIRECTION('',(0.707106781187,-0.707106781187,0.));
#5491 = ADVANCED_FACE('',(#5492),#5510,.F.);
#5492 = FACE_BOUND('',#5493,.F.);
#5493 = EDGE_LOOP('',(#5494,#5502,#5503,#5504));
#5494 = ORIENTED_EDGE('',*,*,#5495,.T.);
#5495 = EDGE_CURVE('',#5496,#5465,#5498,.T.);
#5496 = VERTEX_POINT('',#5497);
#5497 = CARTESIAN_POINT('',(93.,126.5,212.));
#5498 = LINE('',#5499,#5500);
#5499 = CARTESIAN_POINT('',(59.875,93.375,212.));
#5500 = VECTOR('',#5501,1.);
#5501 = DIRECTION('',(0.707106781187,0.707106781187,-0.));
#5502 = ORIENTED_EDGE('',*,*,#5481,.T.);
#5503 = ORIENTED_EDGE('',*,*,#1453,.F.);
#5504 = ORIENTED_EDGE('',*,*,#5505,.F.);
#5505 = EDGE_CURVE('',#5496,#1454,#5506,.T.);
#5506 = LINE('',#5507,#5508);
#5507 = CARTESIAN_POINT('',(93.,126.5,208.));
#5508 = VECTOR('',#5509,1.);
#5509 = DIRECTION('',(0.,0.,1.));
#5510 = PLANE('',#5511);
#5511 = AXIS2_PLACEMENT_3D('',#5512,#5513,#5514);
#5512 = CARTESIAN_POINT('',(99.5,133.,208.));
#5513 = DIRECTION('',(0.707106781187,-0.707106781187,0.));
#5514 = DIRECTION('',(-0.707106781187,-0.707106781187,0.));
#5515 = ADVANCED_FACE('',(#5516),#5534,.F.);
#5516 = FACE_BOUND('',#5517,.F.);
#5517 = EDGE_LOOP('',(#5518,#5526,#5532,#5533));
#5518 = ORIENTED_EDGE('',*,*,#5519,.T.);
#5519 = EDGE_CURVE('',#5467,#5520,#5522,.T.);
#5520 = VERTEX_POINT('',#5521);
#5521 = CARTESIAN_POINT('',(86.5,133.,212.));
#5522 = LINE('',#5523,#5524);
#5523 = CARTESIAN_POINT('',(50.125,96.625,212.));
#5524 = VECTOR('',#5525,1.);
#5525 = DIRECTION('',(-0.707106781187,-0.707106781187,0.));
#5526 = ORIENTED_EDGE('',*,*,#5527,.T.);
#5527 = EDGE_CURVE('',#5520,#1462,#5528,.T.);
#5528 = LINE('',#5529,#5530);
#5529 = CARTESIAN_POINT('',(86.5,133.,208.));
#5530 = VECTOR('',#5531,1.);
#5531 = DIRECTION('',(0.,0.,1.));
#5532 = ORIENTED_EDGE('',*,*,#1469,.F.);
#5533 = ORIENTED_EDGE('',*,*,#5474,.F.);
#5534 = PLANE('',#5535);
#5535 = AXIS2_PLACEMENT_3D('',#5536,#5537,#5538);
#5536 = CARTESIAN_POINT('',(86.5,133.,208.));
#5537 = DIRECTION('',(-0.707106781187,0.707106781187,0.));
#5538 = DIRECTION('',(0.707106781187,0.707106781187,0.));
#5539 = ADVANCED_FACE('',(#5540),#5551,.F.);
#5540 = FACE_BOUND('',#5541,.F.);
#5541 = EDGE_LOOP('',(#5542,#5548,#5549,#5550));
#5542 = ORIENTED_EDGE('',*,*,#5543,.T.);
#5543 = EDGE_CURVE('',#5520,#5496,#5544,.T.);
#5544 = LINE('',#5545,#5546);
#5545 = CARTESIAN_POINT('',(92.875,126.625,212.));
#5546 = VECTOR('',#5547,1.);
#5547 = DIRECTION('',(0.707106781187,-0.707106781187,0.));
#5548 = ORIENTED_EDGE('',*,*,#5505,.T.);
#5549 = ORIENTED_EDGE('',*,*,#1461,.F.);
#5550 = ORIENTED_EDGE('',*,*,#5527,.F.);
#5551 = PLANE('',#5552);
#5552 = AXIS2_PLACEMENT_3D('',#5553,#5554,#5555);
#5553 = CARTESIAN_POINT('',(93.,126.5,208.));
#5554 = DIRECTION('',(-0.707106781187,-0.707106781187,0.));
#5555 = DIRECTION('',(-0.707106781187,0.707106781187,0.));
#5556 = ADVANCED_FACE('',(#5557),#5582,.F.);
#5557 = FACE_BOUND('',#5558,.F.);
#5558 = EDGE_LOOP('',(#5559,#5569,#5575,#5576));
#5559 = ORIENTED_EDGE('',*,*,#5560,.T.);
#5560 = EDGE_CURVE('',#5561,#5563,#5565,.T.);
#5561 = VERTEX_POINT('',#5562);
#5562 = CARTESIAN_POINT('',(115.5,133.,212.));
#5563 = VERTEX_POINT('',#5564);
#5564 = CARTESIAN_POINT('',(109.,139.5,212.));
#5565 = LINE('',#5566,#5567);
#5566 = CARTESIAN_POINT('',(108.125,140.375,212.));
#5567 = VECTOR('',#5568,1.);
#5568 = DIRECTION('',(-0.707106781187,0.707106781187,0.));
#5569 = ORIENTED_EDGE('',*,*,#5570,.T.);
#5570 = EDGE_CURVE('',#5563,#1480,#5571,.T.);
#5571 = LINE('',#5572,#5573);
#5572 = CARTESIAN_POINT('',(109.,139.5,208.));
#5573 = VECTOR('',#5574,1.);
#5574 = DIRECTION('',(0.,0.,1.));
#5575 = ORIENTED_EDGE('',*,*,#1477,.F.);
#5576 = ORIENTED_EDGE('',*,*,#5577,.F.);
#5577 = EDGE_CURVE('',#5561,#1478,#5578,.T.);
#5578 = LINE('',#5579,#5580);
#5579 = CARTESIAN_POINT('',(115.5,133.,208.));
#5580 = VECTOR('',#5581,1.);
#5581 = DIRECTION('',(0.,0.,1.));
#5582 = PLANE('',#5583);
#5583 = AXIS2_PLACEMENT_3D('',#5584,#5585,#5586);
#5584 = CARTESIAN_POINT('',(109.,139.5,208.));
#5585 = DIRECTION('',(0.707106781187,0.707106781187,-0.));
#5586 = DIRECTION('',(0.707106781187,-0.707106781187,0.));
#5587 = ADVANCED_FACE('',(#5588),#5606,.F.);
#5588 = FACE_BOUND('',#5589,.F.);
#5589 = EDGE_LOOP('',(#5590,#5598,#5599,#5600));
#5590 = ORIENTED_EDGE('',*,*,#5591,.T.);
#5591 = EDGE_CURVE('',#5592,#5561,#5594,.T.);
#5592 = VERTEX_POINT('',#5593);
#5593 = CARTESIAN_POINT('',(109.,126.5,212.));
#5594 = LINE('',#5595,#5596);
#5595 = CARTESIAN_POINT('',(71.875,89.375,212.));
#5596 = VECTOR('',#5597,1.);
#5597 = DIRECTION('',(0.707106781187,0.707106781187,-0.));
#5598 = ORIENTED_EDGE('',*,*,#5577,.T.);
#5599 = ORIENTED_EDGE('',*,*,#1487,.F.);
#5600 = ORIENTED_EDGE('',*,*,#5601,.F.);
#5601 = EDGE_CURVE('',#5592,#1488,#5602,.T.);
#5602 = LINE('',#5603,#5604);
#5603 = CARTESIAN_POINT('',(109.,126.5,208.));
#5604 = VECTOR('',#5605,1.);
#5605 = DIRECTION('',(0.,0.,1.));
#5606 = PLANE('',#5607);
#5607 = AXIS2_PLACEMENT_3D('',#5608,#5609,#5610);
#5608 = CARTESIAN_POINT('',(115.5,133.,208.));
#5609 = DIRECTION('',(0.707106781187,-0.707106781187,0.));
#5610 = DIRECTION('',(-0.707106781187,-0.707106781187,0.));
#5611 = ADVANCED_FACE('',(#5612),#5630,.F.);
#5612 = FACE_BOUND('',#5613,.F.);
#5613 = EDGE_LOOP('',(#5614,#5622,#5628,#5629));
#5614 = ORIENTED_EDGE('',*,*,#5615,.T.);
#5615 = EDGE_CURVE('',#5563,#5616,#5618,.T.);
#5616 = VERTEX_POINT('',#5617);
#5617 = CARTESIAN_POINT('',(102.5,133.,212.));
#5618 = LINE('',#5619,#5620);
#5619 = CARTESIAN_POINT('',(62.125,92.625,212.));
#5620 = VECTOR('',#5621,1.);
#5621 = DIRECTION('',(-0.707106781187,-0.707106781187,0.));
#5622 = ORIENTED_EDGE('',*,*,#5623,.T.);
#5623 = EDGE_CURVE('',#5616,#1496,#5624,.T.);
#5624 = LINE('',#5625,#5626);
#5625 = CARTESIAN_POINT('',(102.5,133.,208.));
#5626 = VECTOR('',#5627,1.);
#5627 = DIRECTION('',(0.,0.,1.));
#5628 = ORIENTED_EDGE('',*,*,#1503,.F.);
#5629 = ORIENTED_EDGE('',*,*,#5570,.F.);
#5630 = PLANE('',#5631);
#5631 = AXIS2_PLACEMENT_3D('',#5632,#5633,#5634);
#5632 = CARTESIAN_POINT('',(102.5,133.,208.));
#5633 = DIRECTION('',(-0.707106781187,0.707106781187,0.));
#5634 = DIRECTION('',(0.707106781187,0.707106781187,0.));
#5635 = ADVANCED_FACE('',(#5636),#5647,.F.);
#5636 = FACE_BOUND('',#5637,.F.);
#5637 = EDGE_LOOP('',(#5638,#5644,#5645,#5646));
#5638 = ORIENTED_EDGE('',*,*,#5639,.T.);
#5639 = EDGE_CURVE('',#5616,#5592,#5640,.T.);
#5640 = LINE('',#5641,#5642);
#5641 = CARTESIAN_POINT('',(104.875,130.625,212.));
#5642 = VECTOR('',#5643,1.);
#5643 = DIRECTION('',(0.707106781187,-0.707106781187,0.));
#5644 = ORIENTED_EDGE('',*,*,#5601,.T.);
#5645 = ORIENTED_EDGE('',*,*,#1495,.F.);
#5646 = ORIENTED_EDGE('',*,*,#5623,.F.);
#5647 = PLANE('',#5648);
#5648 = AXIS2_PLACEMENT_3D('',#5649,#5650,#5651);
#5649 = CARTESIAN_POINT('',(109.,126.5,208.));
#5650 = DIRECTION('',(-0.707106781187,-0.707106781187,0.));
#5651 = DIRECTION('',(-0.707106781187,0.707106781187,0.));
#5652 = ADVANCED_FACE('',(#5653),#5678,.F.);
#5653 = FACE_BOUND('',#5654,.F.);
#5654 = EDGE_LOOP('',(#5655,#5665,#5671,#5672));
#5655 = ORIENTED_EDGE('',*,*,#5656,.T.);
#5656 = EDGE_CURVE('',#5657,#5659,#5661,.T.);
#5657 = VERTEX_POINT('',#5658);
#5658 = CARTESIAN_POINT('',(131.5,117.,212.));
#5659 = VERTEX_POINT('',#5660);
#5660 = CARTESIAN_POINT('',(125.,123.5,212.));
#5661 = LINE('',#5662,#5663);
#5662 = CARTESIAN_POINT('',(116.125,132.375,212.));
#5663 = VECTOR('',#5664,1.);
#5664 = DIRECTION('',(-0.707106781187,0.707106781187,0.));
#5665 = ORIENTED_EDGE('',*,*,#5666,.T.);
#5666 = EDGE_CURVE('',#5659,#1514,#5667,.T.);
#5667 = LINE('',#5668,#5669);
#5668 = CARTESIAN_POINT('',(125.,123.5,208.));
#5669 = VECTOR('',#5670,1.);
#5670 = DIRECTION('',(0.,0.,1.));
#5671 = ORIENTED_EDGE('',*,*,#1511,.F.);
#5672 = ORIENTED_EDGE('',*,*,#5673,.F.);
#5673 = EDGE_CURVE('',#5657,#1512,#5674,.T.);
#5674 = LINE('',#5675,#5676);
#5675 = CARTESIAN_POINT('',(131.5,117.,208.));
#5676 = VECTOR('',#5677,1.);
#5677 = DIRECTION('',(0.,0.,1.));
#5678 = PLANE('',#5679);
#5679 = AXIS2_PLACEMENT_3D('',#5680,#5681,#5682);
#5680 = CARTESIAN_POINT('',(125.,123.5,208.));
#5681 = DIRECTION('',(0.707106781187,0.707106781187,-0.));
#5682 = DIRECTION('',(0.707106781187,-0.707106781187,0.));
#5683 = ADVANCED_FACE('',(#5684),#5702,.F.);
#5684 = FACE_BOUND('',#5685,.F.);
#5685 = EDGE_LOOP('',(#5686,#5694,#5695,#5696));
#5686 = ORIENTED_EDGE('',*,*,#5687,.T.);
#5687 = EDGE_CURVE('',#5688,#5657,#5690,.T.);
#5688 = VERTEX_POINT('',#5689);
#5689 = CARTESIAN_POINT('',(125.,110.5,212.));
#5690 = LINE('',#5691,#5692);
#5691 = CARTESIAN_POINT('',(87.875,73.375,212.));
#5692 = VECTOR('',#5693,1.);
#5693 = DIRECTION('',(0.707106781187,0.707106781187,-0.));
#5694 = ORIENTED_EDGE('',*,*,#5673,.T.);
#5695 = ORIENTED_EDGE('',*,*,#1521,.F.);
#5696 = ORIENTED_EDGE('',*,*,#5697,.F.);
#5697 = EDGE_CURVE('',#5688,#1522,#5698,.T.);
#5698 = LINE('',#5699,#5700);
#5699 = CARTESIAN_POINT('',(125.,110.5,208.));
#5700 = VECTOR('',#5701,1.);
#5701 = DIRECTION('',(0.,0.,1.));
#5702 = PLANE('',#5703);
#5703 = AXIS2_PLACEMENT_3D('',#5704,#5705,#5706);
#5704 = CARTESIAN_POINT('',(131.5,117.,208.));
#5705 = DIRECTION('',(0.707106781187,-0.707106781187,0.));
#5706 = DIRECTION('',(-0.707106781187,-0.707106781187,0.));
#5707 = ADVANCED_FACE('',(#5708),#5726,.F.);
#5708 = FACE_BOUND('',#5709,.F.);
#5709 = EDGE_LOOP('',(#5710,#5718,#5724,#5725));
#5710 = ORIENTED_EDGE('',*,*,#5711,.T.);
#5711 = EDGE_CURVE('',#5659,#5712,#5714,.T.);
#5712 = VERTEX_POINT('',#5713);
#5713 = CARTESIAN_POINT('',(118.5,117.,212.));
#5714 = LINE('',#5715,#5716);
#5715 = CARTESIAN_POINT('',(78.125,76.625,212.));
#5716 = VECTOR('',#5717,1.);
#5717 = DIRECTION('',(-0.707106781187,-0.707106781187,0.));
#5718 = ORIENTED_EDGE('',*,*,#5719,.T.);
#5719 = EDGE_CURVE('',#5712,#1530,#5720,.T.);
#5720 = LINE('',#5721,#5722);
#5721 = CARTESIAN_POINT('',(118.5,117.,208.));
#5722 = VECTOR('',#5723,1.);
#5723 = DIRECTION('',(0.,0.,1.));
#5724 = ORIENTED_EDGE('',*,*,#1537,.F.);
#5725 = ORIENTED_EDGE('',*,*,#5666,.F.);
#5726 = PLANE('',#5727);
#5727 = AXIS2_PLACEMENT_3D('',#5728,#5729,#5730);
#5728 = CARTESIAN_POINT('',(118.5,117.,208.));
#5729 = DIRECTION('',(-0.707106781187,0.707106781187,0.));
#5730 = DIRECTION('',(0.707106781187,0.707106781187,0.));
#5731 = ADVANCED_FACE('',(#5732),#5743,.F.);
#5732 = FACE_BOUND('',#5733,.F.);
#5733 = EDGE_LOOP('',(#5734,#5740,#5741,#5742));
#5734 = ORIENTED_EDGE('',*,*,#5735,.T.);
#5735 = EDGE_CURVE('',#5712,#5688,#5736,.T.);
#5736 = LINE('',#5737,#5738);
#5737 = CARTESIAN_POINT('',(112.875,122.625,212.));
#5738 = VECTOR('',#5739,1.);
#5739 = DIRECTION('',(0.707106781187,-0.707106781187,0.));
#5740 = ORIENTED_EDGE('',*,*,#5697,.T.);
#5741 = ORIENTED_EDGE('',*,*,#1529,.F.);
#5742 = ORIENTED_EDGE('',*,*,#5719,.F.);
#5743 = PLANE('',#5744);
#5744 = AXIS2_PLACEMENT_3D('',#5745,#5746,#5747);
#5745 = CARTESIAN_POINT('',(125.,110.5,208.));
#5746 = DIRECTION('',(-0.707106781187,-0.707106781187,0.));
#5747 = DIRECTION('',(-0.707106781187,0.707106781187,0.));
#5748 = ADVANCED_FACE('',(#5749),#5768,.F.);
#5749 = FACE_BOUND('',#5750,.F.);
#5750 = EDGE_LOOP('',(#5751,#5752,#5760,#5767));
#5751 = ORIENTED_EDGE('',*,*,#1545,.F.);
#5752 = ORIENTED_EDGE('',*,*,#5753,.F.);
#5753 = EDGE_CURVE('',#5754,#1546,#5756,.T.);
#5754 = VERTEX_POINT('',#5755);
#5755 = CARTESIAN_POINT('',(136.35,142.25,212.));
#5756 = LINE('',#5757,#5758);
#5757 = CARTESIAN_POINT('',(136.35,142.25,208.));
#5758 = VECTOR('',#5759,1.);
#5759 = DIRECTION('',(0.,0.,1.));
#5760 = ORIENTED_EDGE('',*,*,#5761,.T.);
#5761 = EDGE_CURVE('',#5754,#5754,#5762,.T.);
#5762 = CIRCLE('',#5763,2.1);
#5763 = AXIS2_PLACEMENT_3D('',#5764,#5765,#5766);
#5764 = CARTESIAN_POINT('',(134.25,142.25,212.));
#5765 = DIRECTION('',(0.,0.,1.));
#5766 = DIRECTION('',(1.,0.,-0.));
#5767 = ORIENTED_EDGE('',*,*,#5753,.T.);
#5768 = CYLINDRICAL_SURFACE('',#5769,2.1);
#5769 = AXIS2_PLACEMENT_3D('',#5770,#5771,#5772);
#5770 = CARTESIAN_POINT('',(134.25,142.25,208.));
#5771 = DIRECTION('',(0.,0.,1.));
#5772 = DIRECTION('',(1.,0.,-0.));
#5773 = ADVANCED_FACE('',(#5774),#5799,.T.);
#5774 = FACE_BOUND('',#5775,.T.);
#5775 = EDGE_LOOP('',(#5776,#5784,#5792,#5798));
#5776 = ORIENTED_EDGE('',*,*,#5777,.F.);
#5777 = EDGE_CURVE('',#5778,#1557,#5780,.T.);
#5778 = VERTEX_POINT('',#5779);
#5779 = CARTESIAN_POINT('',(160.,126.,212.));
#5780 = LINE('',#5781,#5782);
#5781 = CARTESIAN_POINT('',(160.,126.,208.));
#5782 = VECTOR('',#5783,1.);
#5783 = DIRECTION('',(0.,0.,1.));
#5784 = ORIENTED_EDGE('',*,*,#5785,.T.);
#5785 = EDGE_CURVE('',#5778,#5786,#5788,.T.);
#5786 = VERTEX_POINT('',#5787);
#5787 = CARTESIAN_POINT('',(142.,126.,212.));
#5788 = LINE('',#5789,#5790);
#5789 = CARTESIAN_POINT('',(81.,126.,212.));
#5790 = VECTOR('',#5791,1.);
#5791 = DIRECTION('',(-1.,-0.,0.));
#5792 = ORIENTED_EDGE('',*,*,#5793,.T.);
#5793 = EDGE_CURVE('',#5786,#1559,#5794,.T.);
#5794 = LINE('',#5795,#5796);
#5795 = CARTESIAN_POINT('',(142.,126.,208.));
#5796 = VECTOR('',#5797,1.);
#5797 = DIRECTION('',(0.,0.,1.));
#5798 = ORIENTED_EDGE('',*,*,#1556,.F.);
#5799 = PLANE('',#5800);
#5800 = AXIS2_PLACEMENT_3D('',#5801,#5802,#5803);
#5801 = CARTESIAN_POINT('',(142.,126.,208.));
#5802 = DIRECTION('',(-0.,1.,0.));
#5803 = DIRECTION('',(0.,0.,1.));
#5804 = ADVANCED_FACE('',(#5805),#5823,.F.);
#5805 = FACE_BOUND('',#5806,.F.);
#5806 = EDGE_LOOP('',(#5807,#5808,#5816,#5822));
#5807 = ORIENTED_EDGE('',*,*,#5777,.F.);
#5808 = ORIENTED_EDGE('',*,*,#5809,.T.);
#5809 = EDGE_CURVE('',#5778,#5810,#5812,.T.);
#5810 = VERTEX_POINT('',#5811);
#5811 = CARTESIAN_POINT('',(160.,140.,212.));
#5812 = LINE('',#5813,#5814);
#5813 = CARTESIAN_POINT('',(160.,90.,212.));
#5814 = VECTOR('',#5815,1.);
#5815 = DIRECTION('',(-0.,1.,0.));
#5816 = ORIENTED_EDGE('',*,*,#5817,.T.);
#5817 = EDGE_CURVE('',#5810,#1575,#5818,.T.);
#5818 = LINE('',#5819,#5820);
#5819 = CARTESIAN_POINT('',(160.,140.,208.));
#5820 = VECTOR('',#5821,1.);
#5821 = DIRECTION('',(0.,0.,1.));
#5822 = ORIENTED_EDGE('',*,*,#1582,.F.);
#5823 = PLANE('',#5824);
#5824 = AXIS2_PLACEMENT_3D('',#5825,#5826,#5827);
#5825 = CARTESIAN_POINT('',(160.,126.,208.));
#5826 = DIRECTION('',(1.,0.,-0.));
#5827 = DIRECTION('',(0.,0.,1.));
#5828 = ADVANCED_FACE('',(#5829),#5847,.F.);
#5829 = FACE_BOUND('',#5830,.F.);
#5830 = EDGE_LOOP('',(#5831,#5832,#5840,#5846));
#5831 = ORIENTED_EDGE('',*,*,#5817,.F.);
#5832 = ORIENTED_EDGE('',*,*,#5833,.T.);
#5833 = EDGE_CURVE('',#5810,#5834,#5836,.T.);
#5834 = VERTEX_POINT('',#5835);
#5835 = CARTESIAN_POINT('',(142.,140.,212.));
#5836 = LINE('',#5837,#5838);
#5837 = CARTESIAN_POINT('',(81.,140.,212.));
#5838 = VECTOR('',#5839,1.);
#5839 = DIRECTION('',(-1.,-0.,0.));
#5840 = ORIENTED_EDGE('',*,*,#5841,.T.);
#5841 = EDGE_CURVE('',#5834,#1567,#5842,.T.);
#5842 = LINE('',#5843,#5844);
#5843 = CARTESIAN_POINT('',(142.,140.,208.));
#5844 = VECTOR('',#5845,1.);
#5845 = DIRECTION('',(0.,0.,1.));
#5846 = ORIENTED_EDGE('',*,*,#1574,.F.);
#5847 = PLANE('',#5848);
#5848 = AXIS2_PLACEMENT_3D('',#5849,#5850,#5851);
#5849 = CARTESIAN_POINT('',(142.,140.,208.));
#5850 = DIRECTION('',(-0.,1.,0.));
#5851 = DIRECTION('',(0.,0.,1.));
#5852 = ADVANCED_FACE('',(#5853),#5864,.T.);
#5853 = FACE_BOUND('',#5854,.T.);
#5854 = EDGE_LOOP('',(#5855,#5856,#5862,#5863));
#5855 = ORIENTED_EDGE('',*,*,#5793,.F.);
#5856 = ORIENTED_EDGE('',*,*,#5857,.T.);
#5857 = EDGE_CURVE('',#5786,#5834,#5858,.T.);
#5858 = LINE('',#5859,#5860);
#5859 = CARTESIAN_POINT('',(142.,90.,212.));
#5860 = VECTOR('',#5861,1.);
#5861 = DIRECTION('',(-0.,1.,0.));
#5862 = ORIENTED_EDGE('',*,*,#5841,.T.);
#5863 = ORIENTED_EDGE('',*,*,#1566,.F.);
#5864 = PLANE('',#5865);
#5865 = AXIS2_PLACEMENT_3D('',#5866,#5867,#5868);
#5866 = CARTESIAN_POINT('',(142.,126.,208.));
#5867 = DIRECTION('',(1.,0.,-0.));
#5868 = DIRECTION('',(0.,0.,1.));
#5869 = ADVANCED_FACE('',(#5870),#5888,.T.);
#5870 = FACE_BOUND('',#5871,.T.);
#5871 = EDGE_LOOP('',(#5872,#5880,#5881,#5882));
#5872 = ORIENTED_EDGE('',*,*,#5873,.F.);
#5873 = EDGE_CURVE('',#1695,#5874,#5876,.T.);
#5874 = VERTEX_POINT('',#5875);
#5875 = CARTESIAN_POINT('',(186.,151.5,133.5));
#5876 = LINE('',#5877,#5878);
#5877 = CARTESIAN_POINT('',(0.,151.5,133.5));
#5878 = VECTOR('',#5879,1.);
#5879 = DIRECTION('',(1.,0.,-0.));
#5880 = ORIENTED_EDGE('',*,*,#1702,.T.);
#5881 = ORIENTED_EDGE('',*,*,#1596,.T.);
#5882 = ORIENTED_EDGE('',*,*,#5883,.F.);
#5883 = EDGE_CURVE('',#5874,#1597,#5884,.T.);
#5884 = LINE('',#5885,#5886);
#5885 = CARTESIAN_POINT('',(186.,151.5,133.5));
#5886 = VECTOR('',#5887,1.);
#5887 = DIRECTION('',(0.,0.,1.));
#5888 = PLANE('',#5889);
#5889 = AXIS2_PLACEMENT_3D('',#5890,#5891,#5892);
#5890 = CARTESIAN_POINT('',(0.,151.5,133.5));
#5891 = DIRECTION('',(-0.,1.,0.));
#5892 = DIRECTION('',(0.,0.,1.));
#5893 = ADVANCED_FACE('',(#5894),#5935,.F.);
#5894 = FACE_BOUND('',#5895,.F.);
#5895 = EDGE_LOOP('',(#5896,#5904,#5912,#5920,#5928,#5934));
#5896 = ORIENTED_EDGE('',*,*,#5897,.F.);
#5897 = EDGE_CURVE('',#5898,#1615,#5900,.T.);
#5898 = VERTEX_POINT('',#5899);
#5899 = CARTESIAN_POINT('',(21.1,149.7,209.5));
#5900 = LINE('',#5901,#5902);
#5901 = CARTESIAN_POINT('',(21.1,149.7,209.5));
#5902 = VECTOR('',#5903,1.);
#5903 = DIRECTION('',(-0.,1.,0.));
#5904 = ORIENTED_EDGE('',*,*,#5905,.T.);
#5905 = EDGE_CURVE('',#5898,#5906,#5908,.T.);
#5906 = VERTEX_POINT('',#5907);
#5907 = CARTESIAN_POINT('',(85.5,149.7,209.5));
#5908 = LINE('',#5909,#5910);
#5909 = CARTESIAN_POINT('',(21.1,149.7,209.5));
#5910 = VECTOR('',#5911,1.);
#5911 = DIRECTION('',(1.,0.,-0.));
#5912 = ORIENTED_EDGE('',*,*,#5913,.T.);
#5913 = EDGE_CURVE('',#5906,#5914,#5916,.T.);
#5914 = VERTEX_POINT('',#5915);
#5915 = CARTESIAN_POINT('',(85.5,150.5,209.5));
#5916 = LINE('',#5917,#5918);
#5917 = CARTESIAN_POINT('',(85.5,149.1,209.5));
#5918 = VECTOR('',#5919,1.);
#5919 = DIRECTION('',(-0.,1.,0.));
#5920 = ORIENTED_EDGE('',*,*,#5921,.T.);
#5921 = EDGE_CURVE('',#5914,#5922,#5924,.T.);
#5922 = VERTEX_POINT('',#5923);
#5923 = CARTESIAN_POINT('',(85.,150.5,209.5));
#5924 = LINE('',#5925,#5926);
#5925 = CARTESIAN_POINT('',(53.05,150.5,209.5));
#5926 = VECTOR('',#5927,1.);
#5927 = DIRECTION('',(-1.,-0.,0.));
#5928 = ORIENTED_EDGE('',*,*,#5929,.T.);
#5929 = EDGE_CURVE('',#5922,#1617,#5930,.T.);
#5930 = LINE('',#5931,#5932);
#5931 = CARTESIAN_POINT('',(85.,150.1,209.5));
#5932 = VECTOR('',#5933,1.);
#5933 = DIRECTION('',(-0.,1.,0.));
#5934 = ORIENTED_EDGE('',*,*,#1614,.F.);
#5935 = PLANE('',#5936);
#5936 = AXIS2_PLACEMENT_3D('',#5937,#5938,#5939);
#5937 = CARTESIAN_POINT('',(21.1,149.7,209.5));
#5938 = DIRECTION('',(0.,0.,1.));
#5939 = DIRECTION('',(1.,0.,-0.));
#5940 = ADVANCED_FACE('',(#5941),#5959,.T.);
#5941 = FACE_BOUND('',#5942,.T.);
#5942 = EDGE_LOOP('',(#5943,#5951,#5952,#5953));
#5943 = ORIENTED_EDGE('',*,*,#5944,.F.);
#5944 = EDGE_CURVE('',#5922,#5945,#5947,.T.);
#5945 = VERTEX_POINT('',#5946);
#5946 = CARTESIAN_POINT('',(85.,150.5,212.));
#5947 = LINE('',#5948,#5949);
#5948 = CARTESIAN_POINT('',(85.,150.5,208.5));
#5949 = VECTOR('',#5950,1.);
#5950 = DIRECTION('',(0.,0.,1.));
#5951 = ORIENTED_EDGE('',*,*,#5929,.T.);
#5952 = ORIENTED_EDGE('',*,*,#1672,.F.);
#5953 = ORIENTED_EDGE('',*,*,#5954,.F.);
#5954 = EDGE_CURVE('',#5945,#1665,#5955,.T.);
#5955 = LINE('',#5956,#5957);
#5956 = CARTESIAN_POINT('',(85.,150.5,212.));
#5957 = VECTOR('',#5958,1.);
#5958 = DIRECTION('',(-0.,1.,0.));
#5959 = PLANE('',#5960);
#5960 = AXIS2_PLACEMENT_3D('',#5961,#5962,#5963);
#5961 = CARTESIAN_POINT('',(85.,150.5,208.5));
#5962 = DIRECTION('',(1.,0.,-0.));
#5963 = DIRECTION('',(0.,0.,1.));
#5964 = ADVANCED_FACE('',(#5965),#5983,.F.);
#5965 = FACE_BOUND('',#5966,.F.);
#5966 = EDGE_LOOP('',(#5967,#5968,#5976,#5982));
#5967 = ORIENTED_EDGE('',*,*,#5954,.F.);
#5968 = ORIENTED_EDGE('',*,*,#5969,.T.);
#5969 = EDGE_CURVE('',#5945,#5970,#5972,.T.);
#5970 = VERTEX_POINT('',#5971);
#5971 = CARTESIAN_POINT('',(101.,150.5,212.));
#5972 = LINE('',#5973,#5974);
#5973 = CARTESIAN_POINT('',(85.,150.5,212.));
#5974 = VECTOR('',#5975,1.);
#5975 = DIRECTION('',(1.,0.,-0.));
#5976 = ORIENTED_EDGE('',*,*,#5977,.T.);
#5977 = EDGE_CURVE('',#5970,#1657,#5978,.T.);
#5978 = LINE('',#5979,#5980);
#5979 = CARTESIAN_POINT('',(101.,150.5,212.));
#5980 = VECTOR('',#5981,1.);
#5981 = DIRECTION('',(-0.,1.,0.));
#5982 = ORIENTED_EDGE('',*,*,#1664,.F.);
#5983 = PLANE('',#5984);
#5984 = AXIS2_PLACEMENT_3D('',#5985,#5986,#5987);
#5985 = CARTESIAN_POINT('',(85.,150.5,212.));
#5986 = DIRECTION('',(0.,0.,1.));
#5987 = DIRECTION('',(1.,0.,-0.));
#5988 = ADVANCED_FACE('',(#5989),#6007,.F.);
#5989 = FACE_BOUND('',#5990,.F.);
#5990 = EDGE_LOOP('',(#5991,#5999,#6005,#6006));
#5991 = ORIENTED_EDGE('',*,*,#5992,.F.);
#5992 = EDGE_CURVE('',#5993,#5970,#5995,.T.);
#5993 = VERTEX_POINT('',#5994);
#5994 = CARTESIAN_POINT('',(101.,150.5,209.5));
#5995 = LINE('',#5996,#5997);
#5996 = CARTESIAN_POINT('',(101.,150.5,208.5));
#5997 = VECTOR('',#5998,1.);
#5998 = DIRECTION('',(0.,0.,1.));
#5999 = ORIENTED_EDGE('',*,*,#6000,.T.);
#6000 = EDGE_CURVE('',#5993,#1649,#6001,.T.);
#6001 = LINE('',#6002,#6003);
#6002 = CARTESIAN_POINT('',(101.,150.1,209.5));
#6003 = VECTOR('',#6004,1.);
#6004 = DIRECTION('',(-0.,1.,0.));
#6005 = ORIENTED_EDGE('',*,*,#1656,.F.);
#6006 = ORIENTED_EDGE('',*,*,#5977,.F.);
#6007 = PLANE('',#6008);
#6008 = AXIS2_PLACEMENT_3D('',#6009,#6010,#6011);
#6009 = CARTESIAN_POINT('',(101.,150.5,208.5));
#6010 = DIRECTION('',(1.,0.,-0.));
#6011 = DIRECTION('',(0.,0.,1.));
#6012 = ADVANCED_FACE('',(#6013),#6047,.F.);
#6013 = FACE_BOUND('',#6014,.F.);
#6014 = EDGE_LOOP('',(#6015,#6025,#6033,#6039,#6040,#6041));
#6015 = ORIENTED_EDGE('',*,*,#6016,.F.);
#6016 = EDGE_CURVE('',#6017,#6019,#6021,.T.);
#6017 = VERTEX_POINT('',#6018);
#6018 = CARTESIAN_POINT('',(100.5,149.7,209.5));
#6019 = VERTEX_POINT('',#6020);
#6020 = CARTESIAN_POINT('',(100.5,150.5,209.5));
#6021 = LINE('',#6022,#6023);
#6022 = CARTESIAN_POINT('',(100.5,149.1,209.5));
#6023 = VECTOR('',#6024,1.);
#6024 = DIRECTION('',(-0.,1.,0.));
#6025 = ORIENTED_EDGE('',*,*,#6026,.T.);
#6026 = EDGE_CURVE('',#6017,#6027,#6029,.T.);
#6027 = VERTEX_POINT('',#6028);
#6028 = CARTESIAN_POINT('',(164.9,149.7,209.5));
#6029 = LINE('',#6030,#6031);
#6030 = CARTESIAN_POINT('',(21.1,149.7,209.5));
#6031 = VECTOR('',#6032,1.);
#6032 = DIRECTION('',(1.,0.,-0.));
#6033 = ORIENTED_EDGE('',*,*,#6034,.T.);
#6034 = EDGE_CURVE('',#6027,#1641,#6035,.T.);
#6035 = LINE('',#6036,#6037);
#6036 = CARTESIAN_POINT('',(164.9,149.7,209.5));
#6037 = VECTOR('',#6038,1.);
#6038 = DIRECTION('',(-0.,1.,0.));
#6039 = ORIENTED_EDGE('',*,*,#1648,.F.);
#6040 = ORIENTED_EDGE('',*,*,#6000,.F.);
#6041 = ORIENTED_EDGE('',*,*,#6042,.T.);
#6042 = EDGE_CURVE('',#5993,#6019,#6043,.T.);
#6043 = LINE('',#6044,#6045);
#6044 = CARTESIAN_POINT('',(53.05,150.5,209.5));
#6045 = VECTOR('',#6046,1.);
#6046 = DIRECTION('',(-1.,-0.,0.));
#6047 = PLANE('',#6048);
#6048 = AXIS2_PLACEMENT_3D('',#6049,#6050,#6051);
#6049 = CARTESIAN_POINT('',(21.1,149.7,209.5));
#6050 = DIRECTION('',(0.,0.,1.));
#6051 = DIRECTION('',(1.,0.,-0.));
#6052 = ADVANCED_FACE('',(#6053),#6071,.F.);
#6053 = FACE_BOUND('',#6054,.F.);
#6054 = EDGE_LOOP('',(#6055,#6056,#6064,#6070));
#6055 = ORIENTED_EDGE('',*,*,#6034,.F.);
#6056 = ORIENTED_EDGE('',*,*,#6057,.F.);
#6057 = EDGE_CURVE('',#6058,#6027,#6060,.T.);
#6058 = VERTEX_POINT('',#6059);
#6059 = CARTESIAN_POINT('',(164.9,149.7,165.));
#6060 = LINE('',#6061,#6062);
#6061 = CARTESIAN_POINT('',(164.9,149.7,165.));
#6062 = VECTOR('',#6063,1.);
#6063 = DIRECTION('',(0.,0.,1.));
#6064 = ORIENTED_EDGE('',*,*,#6065,.T.);
#6065 = EDGE_CURVE('',#6058,#1633,#6066,.T.);
#6066 = LINE('',#6067,#6068);
#6067 = CARTESIAN_POINT('',(164.9,149.7,165.));
#6068 = VECTOR('',#6069,1.);
#6069 = DIRECTION('',(-0.,1.,0.));
#6070 = ORIENTED_EDGE('',*,*,#1640,.F.);
#6071 = PLANE('',#6072);
#6072 = AXIS2_PLACEMENT_3D('',#6073,#6074,#6075);
#6073 = CARTESIAN_POINT('',(164.9,149.7,165.));
#6074 = DIRECTION('',(1.,0.,-0.));
#6075 = DIRECTION('',(0.,0.,1.));
#6076 = ADVANCED_FACE('',(#6077),#6159,.T.);
#6077 = FACE_BOUND('',#6078,.T.);
#6078 = EDGE_LOOP('',(#6079,#6087,#6095,#6103,#6111,#6119,#6127,#6135,
    #6143,#6151,#6157,#6158));
#6079 = ORIENTED_EDGE('',*,*,#6080,.F.);
#6080 = EDGE_CURVE('',#6081,#1625,#6083,.T.);
#6081 = VERTEX_POINT('',#6082);
#6082 = CARTESIAN_POINT('',(21.1,149.7,165.));
#6083 = LINE('',#6084,#6085);
#6084 = CARTESIAN_POINT('',(21.1,149.7,165.));
#6085 = VECTOR('',#6086,1.);
#6086 = DIRECTION('',(-0.,1.,0.));
#6087 = ORIENTED_EDGE('',*,*,#6088,.T.);
#6088 = EDGE_CURVE('',#6081,#6089,#6091,.T.);
#6089 = VERTEX_POINT('',#6090);
#6090 = CARTESIAN_POINT('',(42.5,149.7,165.));
#6091 = LINE('',#6092,#6093);
#6092 = CARTESIAN_POINT('',(21.1,149.7,165.));
#6093 = VECTOR('',#6094,1.);
#6094 = DIRECTION('',(1.,0.,-0.));
#6095 = ORIENTED_EDGE('',*,*,#6096,.T.);
#6096 = EDGE_CURVE('',#6089,#6097,#6099,.T.);
#6097 = VERTEX_POINT('',#6098);
#6098 = CARTESIAN_POINT('',(42.5,149.8,165.));
#6099 = LINE('',#6100,#6101);
#6100 = CARTESIAN_POINT('',(42.5,148.85,165.));
#6101 = VECTOR('',#6102,1.);
#6102 = DIRECTION('',(-0.,1.,0.));
#6103 = ORIENTED_EDGE('',*,*,#6104,.F.);
#6104 = EDGE_CURVE('',#6105,#6097,#6107,.T.);
#6105 = VERTEX_POINT('',#6106);
#6106 = CARTESIAN_POINT('',(61.5,149.8,165.));
#6107 = LINE('',#6108,#6109);
#6108 = CARTESIAN_POINT('',(31.8,149.8,165.));
#6109 = VECTOR('',#6110,1.);
#6110 = DIRECTION('',(-1.,-0.,0.));
#6111 = ORIENTED_EDGE('',*,*,#6112,.F.);
#6112 = EDGE_CURVE('',#6113,#6105,#6115,.T.);
#6113 = VERTEX_POINT('',#6114);
#6114 = CARTESIAN_POINT('',(61.5,149.7,165.));
#6115 = LINE('',#6116,#6117);
#6116 = CARTESIAN_POINT('',(61.5,148.85,165.));
#6117 = VECTOR('',#6118,1.);
#6118 = DIRECTION('',(-0.,1.,0.));
#6119 = ORIENTED_EDGE('',*,*,#6120,.T.);
#6120 = EDGE_CURVE('',#6113,#6121,#6123,.T.);
#6121 = VERTEX_POINT('',#6122);
#6122 = CARTESIAN_POINT('',(124.5,149.7,165.));
#6123 = LINE('',#6124,#6125);
#6124 = CARTESIAN_POINT('',(21.1,149.7,165.));
#6125 = VECTOR('',#6126,1.);
#6126 = DIRECTION('',(1.,0.,-0.));
#6127 = ORIENTED_EDGE('',*,*,#6128,.T.);
#6128 = EDGE_CURVE('',#6121,#6129,#6131,.T.);
#6129 = VERTEX_POINT('',#6130);
#6130 = CARTESIAN_POINT('',(124.5,149.8,165.));
#6131 = LINE('',#6132,#6133);
#6132 = CARTESIAN_POINT('',(124.5,148.85,165.));
#6133 = VECTOR('',#6134,1.);
#6134 = DIRECTION('',(-0.,1.,0.));
#6135 = ORIENTED_EDGE('',*,*,#6136,.F.);
#6136 = EDGE_CURVE('',#6137,#6129,#6139,.T.);
#6137 = VERTEX_POINT('',#6138);
#6138 = CARTESIAN_POINT('',(143.5,149.8,165.));
#6139 = LINE('',#6140,#6141);
#6140 = CARTESIAN_POINT('',(72.8,149.8,165.));
#6141 = VECTOR('',#6142,1.);
#6142 = DIRECTION('',(-1.,-0.,0.));
#6143 = ORIENTED_EDGE('',*,*,#6144,.F.);
#6144 = EDGE_CURVE('',#6145,#6137,#6147,.T.);
#6145 = VERTEX_POINT('',#6146);
#6146 = CARTESIAN_POINT('',(143.5,149.7,165.));
#6147 = LINE('',#6148,#6149);
#6148 = CARTESIAN_POINT('',(143.5,148.85,165.));
#6149 = VECTOR('',#6150,1.);
#6150 = DIRECTION('',(-0.,1.,0.));
#6151 = ORIENTED_EDGE('',*,*,#6152,.T.);
#6152 = EDGE_CURVE('',#6145,#6058,#6153,.T.);
#6153 = LINE('',#6154,#6155);
#6154 = CARTESIAN_POINT('',(21.1,149.7,165.));
#6155 = VECTOR('',#6156,1.);
#6156 = DIRECTION('',(1.,0.,-0.));
#6157 = ORIENTED_EDGE('',*,*,#6065,.T.);
#6158 = ORIENTED_EDGE('',*,*,#1632,.F.);
#6159 = PLANE('',#6160);
#6160 = AXIS2_PLACEMENT_3D('',#6161,#6162,#6163);
#6161 = CARTESIAN_POINT('',(21.1,149.7,165.));
#6162 = DIRECTION('',(0.,0.,1.));
#6163 = DIRECTION('',(1.,0.,-0.));
#6164 = ADVANCED_FACE('',(#6165),#6176,.T.);
#6165 = FACE_BOUND('',#6166,.T.);
#6166 = EDGE_LOOP('',(#6167,#6168,#6174,#6175));
#6167 = ORIENTED_EDGE('',*,*,#5897,.F.);
#6168 = ORIENTED_EDGE('',*,*,#6169,.F.);
#6169 = EDGE_CURVE('',#6081,#5898,#6170,.T.);
#6170 = LINE('',#6171,#6172);
#6171 = CARTESIAN_POINT('',(21.1,149.7,165.));
#6172 = VECTOR('',#6173,1.);
#6173 = DIRECTION('',(0.,0.,1.));
#6174 = ORIENTED_EDGE('',*,*,#6080,.T.);
#6175 = ORIENTED_EDGE('',*,*,#1624,.F.);
#6176 = PLANE('',#6177);
#6177 = AXIS2_PLACEMENT_3D('',#6178,#6179,#6180);
#6178 = CARTESIAN_POINT('',(21.1,149.7,165.));
#6179 = DIRECTION('',(1.,0.,-0.));
#6180 = DIRECTION('',(0.,0.,1.));
#6181 = ADVANCED_FACE('',(#6182,#6193),#6227,.F.);
#6182 = FACE_BOUND('',#6183,.F.);
#6183 = EDGE_LOOP('',(#6184,#6185,#6186,#6192));
#6184 = ORIENTED_EDGE('',*,*,#1694,.F.);
#6185 = ORIENTED_EDGE('',*,*,#1736,.T.);
#6186 = ORIENTED_EDGE('',*,*,#6187,.T.);
#6187 = EDGE_CURVE('',#1737,#5874,#6188,.T.);
#6188 = LINE('',#6189,#6190);
#6189 = CARTESIAN_POINT('',(186.,0.,133.5));
#6190 = VECTOR('',#6191,1.);
#6191 = DIRECTION('',(-0.,1.,0.));
#6192 = ORIENTED_EDGE('',*,*,#5873,.F.);
#6193 = FACE_BOUND('',#6194,.F.);
#6194 = EDGE_LOOP('',(#6195,#6205,#6213,#6221));
#6195 = ORIENTED_EDGE('',*,*,#6196,.T.);
#6196 = EDGE_CURVE('',#6197,#6199,#6201,.T.);
#6197 = VERTEX_POINT('',#6198);
#6198 = CARTESIAN_POINT('',(183.9,2.1,133.5));
#6199 = VERTEX_POINT('',#6200);
#6200 = CARTESIAN_POINT('',(2.1,2.1,133.5));
#6201 = LINE('',#6202,#6203);
#6202 = CARTESIAN_POINT('',(1.05,2.1,133.5));
#6203 = VECTOR('',#6204,1.);
#6204 = DIRECTION('',(-1.,-0.,0.));
#6205 = ORIENTED_EDGE('',*,*,#6206,.T.);
#6206 = EDGE_CURVE('',#6199,#6207,#6209,.T.);
#6207 = VERTEX_POINT('',#6208);
#6208 = CARTESIAN_POINT('',(2.1,149.4,133.5));
#6209 = LINE('',#6210,#6211);
#6210 = CARTESIAN_POINT('',(2.1,1.05,133.5));
#6211 = VECTOR('',#6212,1.);
#6212 = DIRECTION('',(-0.,1.,0.));
#6213 = ORIENTED_EDGE('',*,*,#6214,.F.);
#6214 = EDGE_CURVE('',#6215,#6207,#6217,.T.);
#6215 = VERTEX_POINT('',#6216);
#6216 = CARTESIAN_POINT('',(183.9,149.4,133.5));
#6217 = LINE('',#6218,#6219);
#6218 = CARTESIAN_POINT('',(1.05,149.4,133.5));
#6219 = VECTOR('',#6220,1.);
#6220 = DIRECTION('',(-1.,-0.,0.));
#6221 = ORIENTED_EDGE('',*,*,#6222,.F.);
#6222 = EDGE_CURVE('',#6197,#6215,#6223,.T.);
#6223 = LINE('',#6224,#6225);
#6224 = CARTESIAN_POINT('',(183.9,1.05,133.5));
#6225 = VECTOR('',#6226,1.);
#6226 = DIRECTION('',(-0.,1.,0.));
#6227 = PLANE('',#6228);
#6228 = AXIS2_PLACEMENT_3D('',#6229,#6230,#6231);
#6229 = CARTESIAN_POINT('',(0.,0.,133.5));
#6230 = DIRECTION('',(0.,0.,1.));
#6231 = DIRECTION('',(1.,0.,-0.));
#6232 = ADVANCED_FACE('',(#6233),#6246,.T.);
#6233 = FACE_BOUND('',#6234,.T.);
#6234 = EDGE_LOOP('',(#6235,#6236,#6237,#6238,#6239,#6245));
#6235 = ORIENTED_EDGE('',*,*,#1746,.F.);
#6236 = ORIENTED_EDGE('',*,*,#6187,.T.);
#6237 = ORIENTED_EDGE('',*,*,#5883,.T.);
#6238 = ORIENTED_EDGE('',*,*,#1793,.F.);
#6239 = ORIENTED_EDGE('',*,*,#6240,.F.);
#6240 = EDGE_CURVE('',#1762,#1786,#6241,.T.);
#6241 = LINE('',#6242,#6243);
#6242 = CARTESIAN_POINT('',(186.,0.,138.));
#6243 = VECTOR('',#6244,1.);
#6244 = DIRECTION('',(-0.,1.,0.));
#6245 = ORIENTED_EDGE('',*,*,#1761,.F.);
#6246 = PLANE('',#6247);
#6247 = AXIS2_PLACEMENT_3D('',#6248,#6249,#6250);
#6248 = CARTESIAN_POINT('',(186.,0.,133.5));
#6249 = DIRECTION('',(1.,0.,-0.));
#6250 = DIRECTION('',(0.,0.,1.));
#6251 = ADVANCED_FACE('',(#6252),#6258,.T.);
#6252 = FACE_BOUND('',#6253,.T.);
#6253 = EDGE_LOOP('',(#6254,#6255,#6256,#6257));
#6254 = ORIENTED_EDGE('',*,*,#1769,.F.);
#6255 = ORIENTED_EDGE('',*,*,#6240,.T.);
#6256 = ORIENTED_EDGE('',*,*,#1785,.T.);
#6257 = ORIENTED_EDGE('',*,*,#1777,.F.);
#6258 = PLANE('',#6259);
#6259 = AXIS2_PLACEMENT_3D('',#6260,#6261,#6262);
#6260 = CARTESIAN_POINT('',(186.,0.,138.));
#6261 = DIRECTION('',(1.,0.,-0.));
#6262 = DIRECTION('',(0.,0.,1.));
#6263 = ADVANCED_FACE('',(#6264,#6298),#6309,.F.);
#6264 = FACE_BOUND('',#6265,.F.);
#6265 = EDGE_LOOP('',(#6266,#6276,#6284,#6292));
#6266 = ORIENTED_EDGE('',*,*,#6267,.F.);
#6267 = EDGE_CURVE('',#6268,#6270,#6272,.T.);
#6268 = VERTEX_POINT('',#6269);
#6269 = CARTESIAN_POINT('',(3.,3.5,210.));
#6270 = VERTEX_POINT('',#6271);
#6271 = CARTESIAN_POINT('',(3.,48.5,210.));
#6272 = LINE('',#6273,#6274);
#6273 = CARTESIAN_POINT('',(3.,3.5,210.));
#6274 = VECTOR('',#6275,1.);
#6275 = DIRECTION('',(-0.,1.,0.));
#6276 = ORIENTED_EDGE('',*,*,#6277,.T.);
#6277 = EDGE_CURVE('',#6268,#6278,#6280,.T.);
#6278 = VERTEX_POINT('',#6279);
#6279 = CARTESIAN_POINT('',(183.,3.5,210.));
#6280 = LINE('',#6281,#6282);
#6281 = CARTESIAN_POINT('',(3.,3.5,210.));
#6282 = VECTOR('',#6283,1.);
#6283 = DIRECTION('',(1.,0.,-0.));
#6284 = ORIENTED_EDGE('',*,*,#6285,.T.);
#6285 = EDGE_CURVE('',#6278,#6286,#6288,.T.);
#6286 = VERTEX_POINT('',#6287);
#6287 = CARTESIAN_POINT('',(183.,48.5,210.));
#6288 = LINE('',#6289,#6290);
#6289 = CARTESIAN_POINT('',(183.,3.5,210.));
#6290 = VECTOR('',#6291,1.);
#6291 = DIRECTION('',(-0.,1.,0.));
#6292 = ORIENTED_EDGE('',*,*,#6293,.F.);
#6293 = EDGE_CURVE('',#6270,#6286,#6294,.T.);
#6294 = LINE('',#6295,#6296);
#6295 = CARTESIAN_POINT('',(3.,48.5,210.));
#6296 = VECTOR('',#6297,1.);
#6297 = DIRECTION('',(1.,0.,-0.));
#6298 = FACE_BOUND('',#6299,.F.);
#6299 = EDGE_LOOP('',(#6300,#6301,#6302,#6303,#6304,#6305,#6306,#6307,
    #6308));
#6300 = ORIENTED_EDGE('',*,*,#1817,.F.);
#6301 = ORIENTED_EDGE('',*,*,#1849,.F.);
#6302 = ORIENTED_EDGE('',*,*,#1899,.F.);
#6303 = ORIENTED_EDGE('',*,*,#1939,.T.);
#6304 = ORIENTED_EDGE('',*,*,#1997,.F.);
#6305 = ORIENTED_EDGE('',*,*,#2013,.T.);
#6306 = ORIENTED_EDGE('',*,*,#1964,.F.);
#6307 = ORIENTED_EDGE('',*,*,#1922,.T.);
#6308 = ORIENTED_EDGE('',*,*,#1866,.F.);
#6309 = PLANE('',#6310);
#6310 = AXIS2_PLACEMENT_3D('',#6311,#6312,#6313);
#6311 = CARTESIAN_POINT('',(3.,3.5,210.));
#6312 = DIRECTION('',(0.,0.,1.));
#6313 = DIRECTION('',(1.,0.,-0.));
#6314 = ADVANCED_FACE('',(#6315,#6349,#6352,#6358,#6364,#6370,#6376,
    #6382,#6388,#6394,#6400,#6406,#6412,#6418,#6421,#6427,#6433,#6439,
    #6445,#6451,#6457,#6463,#6469,#6475,#6481,#6487,#6493,#6496,#6502,
    #6508,#6514,#6520,#6526,#6532,#6538,#6544,#6550,#6556,#6562,#6568,
    #6574,#6580,#6586,#6592),#6595,.F.);
#6315 = FACE_BOUND('',#6316,.F.);
#6316 = EDGE_LOOP('',(#6317,#6327,#6335,#6343));
#6317 = ORIENTED_EDGE('',*,*,#6318,.F.);
#6318 = EDGE_CURVE('',#6319,#6321,#6323,.T.);
#6319 = VERTEX_POINT('',#6320);
#6320 = CARTESIAN_POINT('',(20.,54.,212.));
#6321 = VERTEX_POINT('',#6322);
#6322 = CARTESIAN_POINT('',(20.,148.,212.));
#6323 = LINE('',#6324,#6325);
#6324 = CARTESIAN_POINT('',(20.,54.,212.));
#6325 = VECTOR('',#6326,1.);
#6326 = DIRECTION('',(-0.,1.,0.));
#6327 = ORIENTED_EDGE('',*,*,#6328,.T.);
#6328 = EDGE_CURVE('',#6319,#6329,#6331,.T.);
#6329 = VERTEX_POINT('',#6330);
#6330 = CARTESIAN_POINT('',(166.,54.,212.));
#6331 = LINE('',#6332,#6333);
#6332 = CARTESIAN_POINT('',(20.,54.,212.));
#6333 = VECTOR('',#6334,1.);
#6334 = DIRECTION('',(1.,0.,-0.));
#6335 = ORIENTED_EDGE('',*,*,#6336,.T.);
#6336 = EDGE_CURVE('',#6329,#6337,#6339,.T.);
#6337 = VERTEX_POINT('',#6338);
#6338 = CARTESIAN_POINT('',(166.,148.,212.));
#6339 = LINE('',#6340,#6341);
#6340 = CARTESIAN_POINT('',(166.,54.,212.));
#6341 = VECTOR('',#6342,1.);
#6342 = DIRECTION('',(-0.,1.,0.));
#6343 = ORIENTED_EDGE('',*,*,#6344,.F.);
#6344 = EDGE_CURVE('',#6321,#6337,#6345,.T.);
#6345 = LINE('',#6346,#6347);
#6346 = CARTESIAN_POINT('',(20.,148.,212.));
#6347 = VECTOR('',#6348,1.);
#6348 = DIRECTION('',(1.,0.,-0.));
#6349 = FACE_BOUND('',#6350,.F.);
#6350 = EDGE_LOOP('',(#6351));
#6351 = ORIENTED_EDGE('',*,*,#2038,.F.);
#6352 = FACE_BOUND('',#6353,.F.);
#6353 = EDGE_LOOP('',(#6354,#6355,#6356,#6357));
#6354 = ORIENTED_EDGE('',*,*,#2463,.F.);
#6355 = ORIENTED_EDGE('',*,*,#2494,.F.);
#6356 = ORIENTED_EDGE('',*,*,#2542,.F.);
#6357 = ORIENTED_EDGE('',*,*,#2518,.F.);
#6358 = FACE_BOUND('',#6359,.F.);
#6359 = EDGE_LOOP('',(#6360,#6361,#6362,#6363));
#6360 = ORIENTED_EDGE('',*,*,#2054,.F.);
#6361 = ORIENTED_EDGE('',*,*,#2085,.F.);
#6362 = ORIENTED_EDGE('',*,*,#2133,.F.);
#6363 = ORIENTED_EDGE('',*,*,#2109,.F.);
#6364 = FACE_BOUND('',#6365,.F.);
#6365 = EDGE_LOOP('',(#6366,#6367,#6368,#6369));
#6366 = ORIENTED_EDGE('',*,*,#3544,.F.);
#6367 = ORIENTED_EDGE('',*,*,#3575,.F.);
#6368 = ORIENTED_EDGE('',*,*,#3623,.F.);
#6369 = ORIENTED_EDGE('',*,*,#3599,.F.);
#6370 = FACE_BOUND('',#6371,.F.);
#6371 = EDGE_LOOP('',(#6372,#6373,#6374,#6375));
#6372 = ORIENTED_EDGE('',*,*,#2367,.F.);
#6373 = ORIENTED_EDGE('',*,*,#2398,.F.);
#6374 = ORIENTED_EDGE('',*,*,#2446,.F.);
#6375 = ORIENTED_EDGE('',*,*,#2422,.F.);
#6376 = FACE_BOUND('',#6377,.F.);
#6377 = EDGE_LOOP('',(#6378,#6379,#6380,#6381));
#6378 = ORIENTED_EDGE('',*,*,#2655,.F.);
#6379 = ORIENTED_EDGE('',*,*,#2686,.F.);
#6380 = ORIENTED_EDGE('',*,*,#2734,.F.);
#6381 = ORIENTED_EDGE('',*,*,#2710,.F.);
#6382 = FACE_BOUND('',#6383,.F.);
#6383 = EDGE_LOOP('',(#6384,#6385,#6386,#6387));
#6384 = ORIENTED_EDGE('',*,*,#2559,.F.);
#6385 = ORIENTED_EDGE('',*,*,#2590,.F.);
#6386 = ORIENTED_EDGE('',*,*,#2638,.F.);
#6387 = ORIENTED_EDGE('',*,*,#2614,.F.);
#6388 = FACE_BOUND('',#6389,.F.);
#6389 = EDGE_LOOP('',(#6390,#6391,#6392,#6393));
#6390 = ORIENTED_EDGE('',*,*,#3832,.F.);
#6391 = ORIENTED_EDGE('',*,*,#3863,.F.);
#6392 = ORIENTED_EDGE('',*,*,#3911,.F.);
#6393 = ORIENTED_EDGE('',*,*,#3887,.F.);
#6394 = FACE_BOUND('',#6395,.F.);
#6395 = EDGE_LOOP('',(#6396,#6397,#6398,#6399));
#6396 = ORIENTED_EDGE('',*,*,#2150,.F.);
#6397 = ORIENTED_EDGE('',*,*,#2181,.F.);
#6398 = ORIENTED_EDGE('',*,*,#2229,.F.);
#6399 = ORIENTED_EDGE('',*,*,#2205,.F.);
#6400 = FACE_BOUND('',#6401,.F.);
#6401 = EDGE_LOOP('',(#6402,#6403,#6404,#6405));
#6402 = ORIENTED_EDGE('',*,*,#2246,.F.);
#6403 = ORIENTED_EDGE('',*,*,#2277,.F.);
#6404 = ORIENTED_EDGE('',*,*,#2325,.F.);
#6405 = ORIENTED_EDGE('',*,*,#2301,.F.);
#6406 = FACE_BOUND('',#6407,.F.);
#6407 = EDGE_LOOP('',(#6408,#6409,#6410,#6411));
#6408 = ORIENTED_EDGE('',*,*,#3640,.F.);
#6409 = ORIENTED_EDGE('',*,*,#3671,.F.);
#6410 = ORIENTED_EDGE('',*,*,#3719,.F.);
#6411 = ORIENTED_EDGE('',*,*,#3695,.F.);
#6412 = FACE_BOUND('',#6413,.F.);
#6413 = EDGE_LOOP('',(#6414,#6415,#6416,#6417));
#6414 = ORIENTED_EDGE('',*,*,#4024,.F.);
#6415 = ORIENTED_EDGE('',*,*,#4055,.F.);
#6416 = ORIENTED_EDGE('',*,*,#4103,.F.);
#6417 = ORIENTED_EDGE('',*,*,#4079,.F.);
#6418 = FACE_BOUND('',#6419,.F.);
#6419 = EDGE_LOOP('',(#6420));
#6420 = ORIENTED_EDGE('',*,*,#2351,.F.);
#6421 = FACE_BOUND('',#6422,.F.);
#6422 = EDGE_LOOP('',(#6423,#6424,#6425,#6426));
#6423 = ORIENTED_EDGE('',*,*,#3736,.F.);
#6424 = ORIENTED_EDGE('',*,*,#3767,.F.);
#6425 = ORIENTED_EDGE('',*,*,#3815,.F.);
#6426 = ORIENTED_EDGE('',*,*,#3791,.F.);
#6427 = FACE_BOUND('',#6428,.F.);
#6428 = EDGE_LOOP('',(#6429,#6430,#6431,#6432));
#6429 = ORIENTED_EDGE('',*,*,#4120,.F.);
#6430 = ORIENTED_EDGE('',*,*,#4151,.F.);
#6431 = ORIENTED_EDGE('',*,*,#4199,.F.);
#6432 = ORIENTED_EDGE('',*,*,#4175,.F.);
#6433 = FACE_BOUND('',#6434,.F.);
#6434 = EDGE_LOOP('',(#6435,#6436,#6437,#6438));
#6435 = ORIENTED_EDGE('',*,*,#4792,.F.);
#6436 = ORIENTED_EDGE('',*,*,#4823,.F.);
#6437 = ORIENTED_EDGE('',*,*,#4871,.F.);
#6438 = ORIENTED_EDGE('',*,*,#4847,.F.);
#6439 = FACE_BOUND('',#6440,.F.);
#6440 = EDGE_LOOP('',(#6441,#6442,#6443,#6444));
#6441 = ORIENTED_EDGE('',*,*,#3928,.F.);
#6442 = ORIENTED_EDGE('',*,*,#3959,.F.);
#6443 = ORIENTED_EDGE('',*,*,#4007,.F.);
#6444 = ORIENTED_EDGE('',*,*,#3983,.F.);
#6445 = FACE_BOUND('',#6446,.F.);
#6446 = EDGE_LOOP('',(#6447,#6448,#6449,#6450));
#6447 = ORIENTED_EDGE('',*,*,#4216,.F.);
#6448 = ORIENTED_EDGE('',*,*,#4247,.F.);
#6449 = ORIENTED_EDGE('',*,*,#4295,.F.);
#6450 = ORIENTED_EDGE('',*,*,#4271,.F.);
#6451 = FACE_BOUND('',#6452,.F.);
#6452 = EDGE_LOOP('',(#6453,#6454,#6455,#6456));
#6453 = ORIENTED_EDGE('',*,*,#2751,.F.);
#6454 = ORIENTED_EDGE('',*,*,#2782,.F.);
#6455 = ORIENTED_EDGE('',*,*,#2830,.F.);
#6456 = ORIENTED_EDGE('',*,*,#2806,.F.);
#6457 = FACE_BOUND('',#6458,.F.);
#6458 = EDGE_LOOP('',(#6459,#6460,#6461,#6462));
#6459 = ORIENTED_EDGE('',*,*,#2943,.F.);
#6460 = ORIENTED_EDGE('',*,*,#2974,.F.);
#6461 = ORIENTED_EDGE('',*,*,#3022,.F.);
#6462 = ORIENTED_EDGE('',*,*,#2998,.F.);
#6463 = FACE_BOUND('',#6464,.F.);
#6464 = EDGE_LOOP('',(#6465,#6466,#6467,#6468));
#6465 = ORIENTED_EDGE('',*,*,#2847,.F.);
#6466 = ORIENTED_EDGE('',*,*,#2878,.F.);
#6467 = ORIENTED_EDGE('',*,*,#2926,.F.);
#6468 = ORIENTED_EDGE('',*,*,#2902,.F.);
#6469 = FACE_BOUND('',#6470,.F.);
#6470 = EDGE_LOOP('',(#6471,#6472,#6473,#6474));
#6471 = ORIENTED_EDGE('',*,*,#4408,.F.);
#6472 = ORIENTED_EDGE('',*,*,#4439,.F.);
#6473 = ORIENTED_EDGE('',*,*,#4487,.F.);
#6474 = ORIENTED_EDGE('',*,*,#4463,.F.);
#6475 = FACE_BOUND('',#6476,.F.);
#6476 = EDGE_LOOP('',(#6477,#6478,#6479,#6480));
#6477 = ORIENTED_EDGE('',*,*,#3135,.F.);
#6478 = ORIENTED_EDGE('',*,*,#3166,.F.);
#6479 = ORIENTED_EDGE('',*,*,#3214,.F.);
#6480 = ORIENTED_EDGE('',*,*,#3190,.F.);
#6481 = FACE_BOUND('',#6482,.F.);
#6482 = EDGE_LOOP('',(#6483,#6484,#6485,#6486));
#6483 = ORIENTED_EDGE('',*,*,#3231,.F.);
#6484 = ORIENTED_EDGE('',*,*,#3262,.F.);
#6485 = ORIENTED_EDGE('',*,*,#3310,.F.);
#6486 = ORIENTED_EDGE('',*,*,#3286,.F.);
#6487 = FACE_BOUND('',#6488,.F.);
#6488 = EDGE_LOOP('',(#6489,#6490,#6491,#6492));
#6489 = ORIENTED_EDGE('',*,*,#3047,.T.);
#6490 = ORIENTED_EDGE('',*,*,#3095,.T.);
#6491 = ORIENTED_EDGE('',*,*,#3119,.F.);
#6492 = ORIENTED_EDGE('',*,*,#3071,.F.);
#6493 = FACE_BOUND('',#6494,.F.);
#6494 = EDGE_LOOP('',(#6495));
#6495 = ORIENTED_EDGE('',*,*,#3432,.F.);
#6496 = FACE_BOUND('',#6497,.F.);
#6497 = EDGE_LOOP('',(#6498,#6499,#6500,#6501));
#6498 = ORIENTED_EDGE('',*,*,#3327,.F.);
#6499 = ORIENTED_EDGE('',*,*,#3358,.F.);
#6500 = ORIENTED_EDGE('',*,*,#3406,.F.);
#6501 = ORIENTED_EDGE('',*,*,#3382,.F.);
#6502 = FACE_BOUND('',#6503,.F.);
#6503 = EDGE_LOOP('',(#6504,#6505,#6506,#6507));
#6504 = ORIENTED_EDGE('',*,*,#5080,.F.);
#6505 = ORIENTED_EDGE('',*,*,#5111,.F.);
#6506 = ORIENTED_EDGE('',*,*,#5159,.F.);
#6507 = ORIENTED_EDGE('',*,*,#5135,.F.);
#6508 = FACE_BOUND('',#6509,.F.);
#6509 = EDGE_LOOP('',(#6510,#6511,#6512,#6513));
#6510 = ORIENTED_EDGE('',*,*,#3448,.F.);
#6511 = ORIENTED_EDGE('',*,*,#3479,.F.);
#6512 = ORIENTED_EDGE('',*,*,#3527,.F.);
#6513 = ORIENTED_EDGE('',*,*,#3503,.F.);
#6514 = FACE_BOUND('',#6515,.F.);
#6515 = EDGE_LOOP('',(#6516,#6517,#6518,#6519));
#6516 = ORIENTED_EDGE('',*,*,#4312,.F.);
#6517 = ORIENTED_EDGE('',*,*,#4343,.F.);
#6518 = ORIENTED_EDGE('',*,*,#4391,.F.);
#6519 = ORIENTED_EDGE('',*,*,#4367,.F.);
#6520 = FACE_BOUND('',#6521,.F.);
#6521 = EDGE_LOOP('',(#6522,#6523,#6524,#6525));
#6522 = ORIENTED_EDGE('',*,*,#4600,.F.);
#6523 = ORIENTED_EDGE('',*,*,#4631,.F.);
#6524 = ORIENTED_EDGE('',*,*,#4679,.F.);
#6525 = ORIENTED_EDGE('',*,*,#4655,.F.);
#6526 = FACE_BOUND('',#6527,.F.);
#6527 = EDGE_LOOP('',(#6528,#6529,#6530,#6531));
#6528 = ORIENTED_EDGE('',*,*,#4504,.F.);
#6529 = ORIENTED_EDGE('',*,*,#4535,.F.);
#6530 = ORIENTED_EDGE('',*,*,#4583,.F.);
#6531 = ORIENTED_EDGE('',*,*,#4559,.F.);
#6532 = FACE_BOUND('',#6533,.F.);
#6533 = EDGE_LOOP('',(#6534,#6535,#6536,#6537));
#6534 = ORIENTED_EDGE('',*,*,#4888,.F.);
#6535 = ORIENTED_EDGE('',*,*,#4919,.F.);
#6536 = ORIENTED_EDGE('',*,*,#4967,.F.);
#6537 = ORIENTED_EDGE('',*,*,#4943,.F.);
#6538 = FACE_BOUND('',#6539,.F.);
#6539 = EDGE_LOOP('',(#6540,#6541,#6542,#6543));
#6540 = ORIENTED_EDGE('',*,*,#4696,.F.);
#6541 = ORIENTED_EDGE('',*,*,#4727,.F.);
#6542 = ORIENTED_EDGE('',*,*,#4775,.F.);
#6543 = ORIENTED_EDGE('',*,*,#4751,.F.);
#6544 = FACE_BOUND('',#6545,.F.);
#6545 = EDGE_LOOP('',(#6546,#6547,#6548,#6549));
#6546 = ORIENTED_EDGE('',*,*,#4984,.F.);
#6547 = ORIENTED_EDGE('',*,*,#5015,.F.);
#6548 = ORIENTED_EDGE('',*,*,#5063,.F.);
#6549 = ORIENTED_EDGE('',*,*,#5039,.F.);
#6550 = FACE_BOUND('',#6551,.F.);
#6551 = EDGE_LOOP('',(#6552,#6553,#6554,#6555));
#6552 = ORIENTED_EDGE('',*,*,#5272,.F.);
#6553 = ORIENTED_EDGE('',*,*,#5303,.F.);
#6554 = ORIENTED_EDGE('',*,*,#5351,.F.);
#6555 = ORIENTED_EDGE('',*,*,#5327,.F.);
#6556 = FACE_BOUND('',#6557,.F.);
#6557 = EDGE_LOOP('',(#6558,#6559,#6560,#6561));
#6558 = ORIENTED_EDGE('',*,*,#5656,.F.);
#6559 = ORIENTED_EDGE('',*,*,#5687,.F.);
#6560 = ORIENTED_EDGE('',*,*,#5735,.F.);
#6561 = ORIENTED_EDGE('',*,*,#5711,.F.);
#6562 = FACE_BOUND('',#6563,.F.);
#6563 = EDGE_LOOP('',(#6564,#6565,#6566,#6567));
#6564 = ORIENTED_EDGE('',*,*,#5176,.F.);
#6565 = ORIENTED_EDGE('',*,*,#5207,.F.);
#6566 = ORIENTED_EDGE('',*,*,#5255,.F.);
#6567 = ORIENTED_EDGE('',*,*,#5231,.F.);
#6568 = FACE_BOUND('',#6569,.F.);
#6569 = EDGE_LOOP('',(#6570,#6571,#6572,#6573));
#6570 = ORIENTED_EDGE('',*,*,#5464,.F.);
#6571 = ORIENTED_EDGE('',*,*,#5495,.F.);
#6572 = ORIENTED_EDGE('',*,*,#5543,.F.);
#6573 = ORIENTED_EDGE('',*,*,#5519,.F.);
#6574 = FACE_BOUND('',#6575,.F.);
#6575 = EDGE_LOOP('',(#6576,#6577,#6578,#6579));
#6576 = ORIENTED_EDGE('',*,*,#5560,.F.);
#6577 = ORIENTED_EDGE('',*,*,#5591,.F.);
#6578 = ORIENTED_EDGE('',*,*,#5639,.F.);
#6579 = ORIENTED_EDGE('',*,*,#5615,.F.);
#6580 = FACE_BOUND('',#6581,.F.);
#6581 = EDGE_LOOP('',(#6582,#6583,#6584,#6585));
#6582 = ORIENTED_EDGE('',*,*,#5368,.F.);
#6583 = ORIENTED_EDGE('',*,*,#5399,.F.);
#6584 = ORIENTED_EDGE('',*,*,#5447,.F.);
#6585 = ORIENTED_EDGE('',*,*,#5423,.F.);
#6586 = FACE_BOUND('',#6587,.F.);
#6587 = EDGE_LOOP('',(#6588,#6589,#6590,#6591));
#6588 = ORIENTED_EDGE('',*,*,#5785,.T.);
#6589 = ORIENTED_EDGE('',*,*,#5857,.T.);
#6590 = ORIENTED_EDGE('',*,*,#5833,.F.);
#6591 = ORIENTED_EDGE('',*,*,#5809,.F.);
#6592 = FACE_BOUND('',#6593,.F.);
#6593 = EDGE_LOOP('',(#6594));
#6594 = ORIENTED_EDGE('',*,*,#5761,.F.);
#6595 = PLANE('',#6596);
#6596 = AXIS2_PLACEMENT_3D('',#6597,#6598,#6599);
#6597 = CARTESIAN_POINT('',(20.,54.,212.));
#6598 = DIRECTION('',(0.,0.,1.));
#6599 = DIRECTION('',(1.,0.,-0.));
#6600 = ADVANCED_FACE('',(#6601),#6630,.T.);
#6601 = FACE_BOUND('',#6602,.T.);
#6602 = EDGE_LOOP('',(#6603,#6604,#6605,#6613,#6621,#6627,#6628,#6629));
#6603 = ORIENTED_EDGE('',*,*,#5992,.F.);
#6604 = ORIENTED_EDGE('',*,*,#6042,.T.);
#6605 = ORIENTED_EDGE('',*,*,#6606,.T.);
#6606 = EDGE_CURVE('',#6019,#6607,#6609,.T.);
#6607 = VERTEX_POINT('',#6608);
#6608 = CARTESIAN_POINT('',(100.5,150.5,211.5));
#6609 = LINE('',#6610,#6611);
#6610 = CARTESIAN_POINT('',(100.5,150.5,208.75));
#6611 = VECTOR('',#6612,1.);
#6612 = DIRECTION('',(0.,0.,1.));
#6613 = ORIENTED_EDGE('',*,*,#6614,.T.);
#6614 = EDGE_CURVE('',#6607,#6615,#6617,.T.);
#6615 = VERTEX_POINT('',#6616);
#6616 = CARTESIAN_POINT('',(85.5,150.5,211.5));
#6617 = LINE('',#6618,#6619);
#6618 = CARTESIAN_POINT('',(85.25,150.5,211.5));
#6619 = VECTOR('',#6620,1.);
#6620 = DIRECTION('',(-1.,-0.,0.));
#6621 = ORIENTED_EDGE('',*,*,#6622,.F.);
#6622 = EDGE_CURVE('',#5914,#6615,#6623,.T.);
#6623 = LINE('',#6624,#6625);
#6624 = CARTESIAN_POINT('',(85.5,150.5,208.75));
#6625 = VECTOR('',#6626,1.);
#6626 = DIRECTION('',(0.,0.,1.));
#6627 = ORIENTED_EDGE('',*,*,#5921,.T.);
#6628 = ORIENTED_EDGE('',*,*,#5944,.T.);
#6629 = ORIENTED_EDGE('',*,*,#5969,.T.);
#6630 = PLANE('',#6631);
#6631 = AXIS2_PLACEMENT_3D('',#6632,#6633,#6634);
#6632 = CARTESIAN_POINT('',(85.,150.5,208.5));
#6633 = DIRECTION('',(-0.,1.,0.));
#6634 = DIRECTION('',(0.,0.,1.));
#6635 = ADVANCED_FACE('',(#6636),#6670,.T.);
#6636 = FACE_BOUND('',#6637,.T.);
#6637 = EDGE_LOOP('',(#6638,#6646,#6654,#6662,#6668,#6669));
#6638 = ORIENTED_EDGE('',*,*,#6639,.F.);
#6639 = EDGE_CURVE('',#6640,#6615,#6642,.T.);
#6640 = VERTEX_POINT('',#6641);
#6641 = CARTESIAN_POINT('',(85.5,148.5,211.5));
#6642 = LINE('',#6643,#6644);
#6643 = CARTESIAN_POINT('',(85.5,148.5,211.5));
#6644 = VECTOR('',#6645,1.);
#6645 = DIRECTION('',(-0.,1.,0.));
#6646 = ORIENTED_EDGE('',*,*,#6647,.F.);
#6647 = EDGE_CURVE('',#6648,#6640,#6650,.T.);
#6648 = VERTEX_POINT('',#6649);
#6649 = CARTESIAN_POINT('',(85.5,148.5,209.));
#6650 = LINE('',#6651,#6652);
#6651 = CARTESIAN_POINT('',(85.5,148.5,209.));
#6652 = VECTOR('',#6653,1.);
#6653 = DIRECTION('',(0.,0.,1.));
#6654 = ORIENTED_EDGE('',*,*,#6655,.T.);
#6655 = EDGE_CURVE('',#6648,#6656,#6658,.T.);
#6656 = VERTEX_POINT('',#6657);
#6657 = CARTESIAN_POINT('',(85.5,149.7,209.));
#6658 = LINE('',#6659,#6660);
#6659 = CARTESIAN_POINT('',(85.5,148.5,209.));
#6660 = VECTOR('',#6661,1.);
#6661 = DIRECTION('',(-0.,1.,0.));
#6662 = ORIENTED_EDGE('',*,*,#6663,.F.);
#6663 = EDGE_CURVE('',#5906,#6656,#6664,.T.);
#6664 = LINE('',#6665,#6666);
#6665 = CARTESIAN_POINT('',(85.5,149.7,187.));
#6666 = VECTOR('',#6667,1.);
#6667 = DIRECTION('',(-0.,0.,-1.));
#6668 = ORIENTED_EDGE('',*,*,#5913,.T.);
#6669 = ORIENTED_EDGE('',*,*,#6622,.T.);
#6670 = PLANE('',#6671);
#6671 = AXIS2_PLACEMENT_3D('',#6672,#6673,#6674);
#6672 = CARTESIAN_POINT('',(85.5,148.5,209.));
#6673 = DIRECTION('',(1.,0.,-0.));
#6674 = DIRECTION('',(0.,0.,1.));
#6675 = ADVANCED_FACE('',(#6676,#6744),#6778,.T.);
#6676 = FACE_BOUND('',#6677,.T.);
#6677 = EDGE_LOOP('',(#6678,#6679,#6680,#6681,#6682,#6690,#6696,#6697,
    #6698,#6699,#6707,#6715,#6721,#6722,#6730,#6738));
#6678 = ORIENTED_EDGE('',*,*,#6088,.F.);
#6679 = ORIENTED_EDGE('',*,*,#6169,.T.);
#6680 = ORIENTED_EDGE('',*,*,#5905,.T.);
#6681 = ORIENTED_EDGE('',*,*,#6663,.T.);
#6682 = ORIENTED_EDGE('',*,*,#6683,.T.);
#6683 = EDGE_CURVE('',#6656,#6684,#6686,.T.);
#6684 = VERTEX_POINT('',#6685);
#6685 = CARTESIAN_POINT('',(100.5,149.7,209.));
#6686 = LINE('',#6687,#6688);
#6687 = CARTESIAN_POINT('',(53.3,149.7,209.));
#6688 = VECTOR('',#6689,1.);
#6689 = DIRECTION('',(1.,0.,-0.));
#6690 = ORIENTED_EDGE('',*,*,#6691,.F.);
#6691 = EDGE_CURVE('',#6017,#6684,#6692,.T.);
#6692 = LINE('',#6693,#6694);
#6693 = CARTESIAN_POINT('',(100.5,149.7,187.));
#6694 = VECTOR('',#6695,1.);
#6695 = DIRECTION('',(-0.,0.,-1.));
#6696 = ORIENTED_EDGE('',*,*,#6026,.T.);
#6697 = ORIENTED_EDGE('',*,*,#6057,.F.);
#6698 = ORIENTED_EDGE('',*,*,#6152,.F.);
#6699 = ORIENTED_EDGE('',*,*,#6700,.F.);
#6700 = EDGE_CURVE('',#6701,#6145,#6703,.T.);
#6701 = VERTEX_POINT('',#6702);
#6702 = CARTESIAN_POINT('',(143.5,149.7,165.7));
#6703 = LINE('',#6704,#6705);
#6704 = CARTESIAN_POINT('',(143.5,149.7,163.25));
#6705 = VECTOR('',#6706,1.);
#6706 = DIRECTION('',(-0.,0.,-1.));
#6707 = ORIENTED_EDGE('',*,*,#6708,.F.);
#6708 = EDGE_CURVE('',#6709,#6701,#6711,.T.);
#6709 = VERTEX_POINT('',#6710);
#6710 = CARTESIAN_POINT('',(124.5,149.7,165.7));
#6711 = LINE('',#6712,#6713);
#6712 = CARTESIAN_POINT('',(72.8,149.7,165.7));
#6713 = VECTOR('',#6714,1.);
#6714 = DIRECTION('',(1.,0.,-0.));
#6715 = ORIENTED_EDGE('',*,*,#6716,.T.);
#6716 = EDGE_CURVE('',#6709,#6121,#6717,.T.);
#6717 = LINE('',#6718,#6719);
#6718 = CARTESIAN_POINT('',(124.5,149.7,163.25));
#6719 = VECTOR('',#6720,1.);
#6720 = DIRECTION('',(-0.,0.,-1.));
#6721 = ORIENTED_EDGE('',*,*,#6120,.F.);
#6722 = ORIENTED_EDGE('',*,*,#6723,.F.);
#6723 = EDGE_CURVE('',#6724,#6113,#6726,.T.);
#6724 = VERTEX_POINT('',#6725);
#6725 = CARTESIAN_POINT('',(61.5,149.7,165.7));
#6726 = LINE('',#6727,#6728);
#6727 = CARTESIAN_POINT('',(61.5,149.7,163.25));
#6728 = VECTOR('',#6729,1.);
#6729 = DIRECTION('',(-0.,0.,-1.));
#6730 = ORIENTED_EDGE('',*,*,#6731,.F.);
#6731 = EDGE_CURVE('',#6732,#6724,#6734,.T.);
#6732 = VERTEX_POINT('',#6733);
#6733 = CARTESIAN_POINT('',(42.5,149.7,165.7));
#6734 = LINE('',#6735,#6736);
#6735 = CARTESIAN_POINT('',(31.8,149.7,165.7));
#6736 = VECTOR('',#6737,1.);
#6737 = DIRECTION('',(1.,0.,-0.));
#6738 = ORIENTED_EDGE('',*,*,#6739,.T.);
#6739 = EDGE_CURVE('',#6732,#6089,#6740,.T.);
#6740 = LINE('',#6741,#6742);
#6741 = CARTESIAN_POINT('',(42.5,149.7,163.25));
#6742 = VECTOR('',#6743,1.);
#6743 = DIRECTION('',(-0.,0.,-1.));
#6744 = FACE_BOUND('',#6745,.T.);
#6745 = EDGE_LOOP('',(#6746,#6756,#6764,#6772));
#6746 = ORIENTED_EDGE('',*,*,#6747,.T.);
#6747 = EDGE_CURVE('',#6748,#6750,#6752,.T.);
#6748 = VERTEX_POINT('',#6749);
#6749 = CARTESIAN_POINT('',(160.9,149.7,168.));
#6750 = VERTEX_POINT('',#6751);
#6751 = CARTESIAN_POINT('',(160.9,149.7,208.5));
#6752 = LINE('',#6753,#6754);
#6753 = CARTESIAN_POINT('',(160.9,149.7,166.5));
#6754 = VECTOR('',#6755,1.);
#6755 = DIRECTION('',(0.,0.,1.));
#6756 = ORIENTED_EDGE('',*,*,#6757,.T.);
#6757 = EDGE_CURVE('',#6750,#6758,#6760,.T.);
#6758 = VERTEX_POINT('',#6759);
#6759 = CARTESIAN_POINT('',(25.1,149.7,208.5));
#6760 = LINE('',#6761,#6762);
#6761 = CARTESIAN_POINT('',(23.1,149.7,208.5));
#6762 = VECTOR('',#6763,1.);
#6763 = DIRECTION('',(-1.,-0.,0.));
#6764 = ORIENTED_EDGE('',*,*,#6765,.F.);
#6765 = EDGE_CURVE('',#6766,#6758,#6768,.T.);
#6766 = VERTEX_POINT('',#6767);
#6767 = CARTESIAN_POINT('',(25.1,149.7,168.));
#6768 = LINE('',#6769,#6770);
#6769 = CARTESIAN_POINT('',(25.1,149.7,166.5));
#6770 = VECTOR('',#6771,1.);
#6771 = DIRECTION('',(0.,0.,1.));
#6772 = ORIENTED_EDGE('',*,*,#6773,.F.);
#6773 = EDGE_CURVE('',#6748,#6766,#6774,.T.);
#6774 = LINE('',#6775,#6776);
#6775 = CARTESIAN_POINT('',(23.1,149.7,168.));
#6776 = VECTOR('',#6777,1.);
#6777 = DIRECTION('',(-1.,-0.,0.));
#6778 = PLANE('',#6779);
#6779 = AXIS2_PLACEMENT_3D('',#6780,#6781,#6782);
#6780 = CARTESIAN_POINT('',(21.1,149.7,165.));
#6781 = DIRECTION('',(-0.,1.,0.));
#6782 = DIRECTION('',(0.,0.,1.));
#6783 = ADVANCED_FACE('',(#6784),#6811,.F.);
#6784 = FACE_BOUND('',#6785,.F.);
#6785 = EDGE_LOOP('',(#6786,#6794,#6802,#6808,#6809,#6810));
#6786 = ORIENTED_EDGE('',*,*,#6787,.F.);
#6787 = EDGE_CURVE('',#6788,#6607,#6790,.T.);
#6788 = VERTEX_POINT('',#6789);
#6789 = CARTESIAN_POINT('',(100.5,148.5,211.5));
#6790 = LINE('',#6791,#6792);
#6791 = CARTESIAN_POINT('',(100.5,148.5,211.5));
#6792 = VECTOR('',#6793,1.);
#6793 = DIRECTION('',(-0.,1.,0.));
#6794 = ORIENTED_EDGE('',*,*,#6795,.F.);
#6795 = EDGE_CURVE('',#6796,#6788,#6798,.T.);
#6796 = VERTEX_POINT('',#6797);
#6797 = CARTESIAN_POINT('',(100.5,148.5,209.));
#6798 = LINE('',#6799,#6800);
#6799 = CARTESIAN_POINT('',(100.5,148.5,209.));
#6800 = VECTOR('',#6801,1.);
#6801 = DIRECTION('',(0.,0.,1.));
#6802 = ORIENTED_EDGE('',*,*,#6803,.T.);
#6803 = EDGE_CURVE('',#6796,#6684,#6804,.T.);
#6804 = LINE('',#6805,#6806);
#6805 = CARTESIAN_POINT('',(100.5,148.5,209.));
#6806 = VECTOR('',#6807,1.);
#6807 = DIRECTION('',(-0.,1.,0.));
#6808 = ORIENTED_EDGE('',*,*,#6691,.F.);
#6809 = ORIENTED_EDGE('',*,*,#6016,.T.);
#6810 = ORIENTED_EDGE('',*,*,#6606,.T.);
#6811 = PLANE('',#6812);
#6812 = AXIS2_PLACEMENT_3D('',#6813,#6814,#6815);
#6813 = CARTESIAN_POINT('',(100.5,148.5,209.));
#6814 = DIRECTION('',(1.,0.,-0.));
#6815 = DIRECTION('',(0.,0.,1.));
#6816 = ADVANCED_FACE('',(#6817),#6851,.F.);
#6817 = FACE_BOUND('',#6818,.F.);
#6818 = EDGE_LOOP('',(#6819,#6829,#6837,#6843,#6844,#6845));
#6819 = ORIENTED_EDGE('',*,*,#6820,.F.);
#6820 = EDGE_CURVE('',#6821,#6823,#6825,.T.);
#6821 = VERTEX_POINT('',#6822);
#6822 = CARTESIAN_POINT('',(143.5,148.,161.5));
#6823 = VERTEX_POINT('',#6824);
#6824 = CARTESIAN_POINT('',(143.5,148.,165.7));
#6825 = LINE('',#6826,#6827);
#6826 = CARTESIAN_POINT('',(143.5,148.,161.5));
#6827 = VECTOR('',#6828,1.);
#6828 = DIRECTION('',(0.,0.,1.));
#6829 = ORIENTED_EDGE('',*,*,#6830,.T.);
#6830 = EDGE_CURVE('',#6821,#6831,#6833,.T.);
#6831 = VERTEX_POINT('',#6832);
#6832 = CARTESIAN_POINT('',(143.5,149.8,161.5));
#6833 = LINE('',#6834,#6835);
#6834 = CARTESIAN_POINT('',(143.5,148.,161.5));
#6835 = VECTOR('',#6836,1.);
#6836 = DIRECTION('',(-0.,1.,0.));
#6837 = ORIENTED_EDGE('',*,*,#6838,.T.);
#6838 = EDGE_CURVE('',#6831,#6137,#6839,.T.);
#6839 = LINE('',#6840,#6841);
#6840 = CARTESIAN_POINT('',(143.5,149.8,161.5));
#6841 = VECTOR('',#6842,1.);
#6842 = DIRECTION('',(0.,0.,1.));
#6843 = ORIENTED_EDGE('',*,*,#6144,.F.);
#6844 = ORIENTED_EDGE('',*,*,#6700,.F.);
#6845 = ORIENTED_EDGE('',*,*,#6846,.F.);
#6846 = EDGE_CURVE('',#6823,#6701,#6847,.T.);
#6847 = LINE('',#6848,#6849);
#6848 = CARTESIAN_POINT('',(143.5,148.,165.7));
#6849 = VECTOR('',#6850,1.);
#6850 = DIRECTION('',(-0.,1.,0.));
#6851 = PLANE('',#6852);
#6852 = AXIS2_PLACEMENT_3D('',#6853,#6854,#6855);
#6853 = CARTESIAN_POINT('',(143.5,148.,161.5));
#6854 = DIRECTION('',(1.,0.,-0.));
#6855 = DIRECTION('',(0.,0.,1.));
#6856 = ADVANCED_FACE('',(#6857),#6875,.F.);
#6857 = FACE_BOUND('',#6858,.F.);
#6858 = EDGE_LOOP('',(#6859,#6860,#6868,#6874));
#6859 = ORIENTED_EDGE('',*,*,#6838,.F.);
#6860 = ORIENTED_EDGE('',*,*,#6861,.F.);
#6861 = EDGE_CURVE('',#6862,#6831,#6864,.T.);
#6862 = VERTEX_POINT('',#6863);
#6863 = CARTESIAN_POINT('',(124.5,149.8,161.5));
#6864 = LINE('',#6865,#6866);
#6865 = CARTESIAN_POINT('',(124.5,149.8,161.5));
#6866 = VECTOR('',#6867,1.);
#6867 = DIRECTION('',(1.,0.,-0.));
#6868 = ORIENTED_EDGE('',*,*,#6869,.T.);
#6869 = EDGE_CURVE('',#6862,#6129,#6870,.T.);
#6870 = LINE('',#6871,#6872);
#6871 = CARTESIAN_POINT('',(124.5,149.8,161.5));
#6872 = VECTOR('',#6873,1.);
#6873 = DIRECTION('',(0.,0.,1.));
#6874 = ORIENTED_EDGE('',*,*,#6136,.F.);
#6875 = PLANE('',#6876);
#6876 = AXIS2_PLACEMENT_3D('',#6877,#6878,#6879);
#6877 = CARTESIAN_POINT('',(124.5,149.8,161.5));
#6878 = DIRECTION('',(-0.,1.,0.));
#6879 = DIRECTION('',(0.,0.,1.));
#6880 = ADVANCED_FACE('',(#6881),#6908,.T.);
#6881 = FACE_BOUND('',#6882,.T.);
#6882 = EDGE_LOOP('',(#6883,#6893,#6899,#6900,#6901,#6902));
#6883 = ORIENTED_EDGE('',*,*,#6884,.F.);
#6884 = EDGE_CURVE('',#6885,#6887,#6889,.T.);
#6885 = VERTEX_POINT('',#6886);
#6886 = CARTESIAN_POINT('',(124.5,148.,161.5));
#6887 = VERTEX_POINT('',#6888);
#6888 = CARTESIAN_POINT('',(124.5,148.,165.7));
#6889 = LINE('',#6890,#6891);
#6890 = CARTESIAN_POINT('',(124.5,148.,161.5));
#6891 = VECTOR('',#6892,1.);
#6892 = DIRECTION('',(0.,0.,1.));
#6893 = ORIENTED_EDGE('',*,*,#6894,.T.);
#6894 = EDGE_CURVE('',#6885,#6862,#6895,.T.);
#6895 = LINE('',#6896,#6897);
#6896 = CARTESIAN_POINT('',(124.5,148.,161.5));
#6897 = VECTOR('',#6898,1.);
#6898 = DIRECTION('',(-0.,1.,0.));
#6899 = ORIENTED_EDGE('',*,*,#6869,.T.);
#6900 = ORIENTED_EDGE('',*,*,#6128,.F.);
#6901 = ORIENTED_EDGE('',*,*,#6716,.F.);
#6902 = ORIENTED_EDGE('',*,*,#6903,.F.);
#6903 = EDGE_CURVE('',#6887,#6709,#6904,.T.);
#6904 = LINE('',#6905,#6906);
#6905 = CARTESIAN_POINT('',(124.5,148.,165.7));
#6906 = VECTOR('',#6907,1.);
#6907 = DIRECTION('',(-0.,1.,0.));
#6908 = PLANE('',#6909);
#6909 = AXIS2_PLACEMENT_3D('',#6910,#6911,#6912);
#6910 = CARTESIAN_POINT('',(124.5,148.,161.5));
#6911 = DIRECTION('',(1.,0.,-0.));
#6912 = DIRECTION('',(0.,0.,1.));
#6913 = ADVANCED_FACE('',(#6914),#6948,.F.);
#6914 = FACE_BOUND('',#6915,.F.);
#6915 = EDGE_LOOP('',(#6916,#6926,#6934,#6940,#6941,#6942));
#6916 = ORIENTED_EDGE('',*,*,#6917,.F.);
#6917 = EDGE_CURVE('',#6918,#6920,#6922,.T.);
#6918 = VERTEX_POINT('',#6919);
#6919 = CARTESIAN_POINT('',(61.5,148.,161.5));
#6920 = VERTEX_POINT('',#6921);
#6921 = CARTESIAN_POINT('',(61.5,148.,165.7));
#6922 = LINE('',#6923,#6924);
#6923 = CARTESIAN_POINT('',(61.5,148.,161.5));
#6924 = VECTOR('',#6925,1.);
#6925 = DIRECTION('',(0.,0.,1.));
#6926 = ORIENTED_EDGE('',*,*,#6927,.T.);
#6927 = EDGE_CURVE('',#6918,#6928,#6930,.T.);
#6928 = VERTEX_POINT('',#6929);
#6929 = CARTESIAN_POINT('',(61.5,149.8,161.5));
#6930 = LINE('',#6931,#6932);
#6931 = CARTESIAN_POINT('',(61.5,148.,161.5));
#6932 = VECTOR('',#6933,1.);
#6933 = DIRECTION('',(-0.,1.,0.));
#6934 = ORIENTED_EDGE('',*,*,#6935,.T.);
#6935 = EDGE_CURVE('',#6928,#6105,#6936,.T.);
#6936 = LINE('',#6937,#6938);
#6937 = CARTESIAN_POINT('',(61.5,149.8,161.5));
#6938 = VECTOR('',#6939,1.);
#6939 = DIRECTION('',(0.,0.,1.));
#6940 = ORIENTED_EDGE('',*,*,#6112,.F.);
#6941 = ORIENTED_EDGE('',*,*,#6723,.F.);
#6942 = ORIENTED_EDGE('',*,*,#6943,.F.);
#6943 = EDGE_CURVE('',#6920,#6724,#6944,.T.);
#6944 = LINE('',#6945,#6946);
#6945 = CARTESIAN_POINT('',(61.5,148.,165.7));
#6946 = VECTOR('',#6947,1.);
#6947 = DIRECTION('',(-0.,1.,0.));
#6948 = PLANE('',#6949);
#6949 = AXIS2_PLACEMENT_3D('',#6950,#6951,#6952);
#6950 = CARTESIAN_POINT('',(61.5,148.,161.5));
#6951 = DIRECTION('',(1.,0.,-0.));
#6952 = DIRECTION('',(0.,0.,1.));
#6953 = ADVANCED_FACE('',(#6954),#6972,.F.);
#6954 = FACE_BOUND('',#6955,.F.);
#6955 = EDGE_LOOP('',(#6956,#6957,#6965,#6971));
#6956 = ORIENTED_EDGE('',*,*,#6935,.F.);
#6957 = ORIENTED_EDGE('',*,*,#6958,.F.);
#6958 = EDGE_CURVE('',#6959,#6928,#6961,.T.);
#6959 = VERTEX_POINT('',#6960);
#6960 = CARTESIAN_POINT('',(42.5,149.8,161.5));
#6961 = LINE('',#6962,#6963);
#6962 = CARTESIAN_POINT('',(42.5,149.8,161.5));
#6963 = VECTOR('',#6964,1.);
#6964 = DIRECTION('',(1.,0.,-0.));
#6965 = ORIENTED_EDGE('',*,*,#6966,.T.);
#6966 = EDGE_CURVE('',#6959,#6097,#6967,.T.);
#6967 = LINE('',#6968,#6969);
#6968 = CARTESIAN_POINT('',(42.5,149.8,161.5));
#6969 = VECTOR('',#6970,1.);
#6970 = DIRECTION('',(0.,0.,1.));
#6971 = ORIENTED_EDGE('',*,*,#6104,.F.);
#6972 = PLANE('',#6973);
#6973 = AXIS2_PLACEMENT_3D('',#6974,#6975,#6976);
#6974 = CARTESIAN_POINT('',(42.5,149.8,161.5));
#6975 = DIRECTION('',(-0.,1.,0.));
#6976 = DIRECTION('',(0.,0.,1.));
#6977 = ADVANCED_FACE('',(#6978),#7005,.T.);
#6978 = FACE_BOUND('',#6979,.T.);
#6979 = EDGE_LOOP('',(#6980,#6990,#6996,#6997,#6998,#6999));
#6980 = ORIENTED_EDGE('',*,*,#6981,.F.);
#6981 = EDGE_CURVE('',#6982,#6984,#6986,.T.);
#6982 = VERTEX_POINT('',#6983);
#6983 = CARTESIAN_POINT('',(42.5,148.,161.5));
#6984 = VERTEX_POINT('',#6985);
#6985 = CARTESIAN_POINT('',(42.5,148.,165.7));
#6986 = LINE('',#6987,#6988);
#6987 = CARTESIAN_POINT('',(42.5,148.,161.5));
#6988 = VECTOR('',#6989,1.);
#6989 = DIRECTION('',(0.,0.,1.));
#6990 = ORIENTED_EDGE('',*,*,#6991,.T.);
#6991 = EDGE_CURVE('',#6982,#6959,#6992,.T.);
#6992 = LINE('',#6993,#6994);
#6993 = CARTESIAN_POINT('',(42.5,148.,161.5));
#6994 = VECTOR('',#6995,1.);
#6995 = DIRECTION('',(-0.,1.,0.));
#6996 = ORIENTED_EDGE('',*,*,#6966,.T.);
#6997 = ORIENTED_EDGE('',*,*,#6096,.F.);
#6998 = ORIENTED_EDGE('',*,*,#6739,.F.);
#6999 = ORIENTED_EDGE('',*,*,#7000,.F.);
#7000 = EDGE_CURVE('',#6984,#6732,#7001,.T.);
#7001 = LINE('',#7002,#7003);
#7002 = CARTESIAN_POINT('',(42.5,148.,165.7));
#7003 = VECTOR('',#7004,1.);
#7004 = DIRECTION('',(-0.,1.,0.));
#7005 = PLANE('',#7006);
#7006 = AXIS2_PLACEMENT_3D('',#7007,#7008,#7009);
#7007 = CARTESIAN_POINT('',(42.5,148.,161.5));
#7008 = DIRECTION('',(1.,0.,-0.));
#7009 = DIRECTION('',(0.,0.,1.));
#7010 = ADVANCED_FACE('',(#7011),#7036,.T.);
#7011 = FACE_BOUND('',#7012,.T.);
#7012 = EDGE_LOOP('',(#7013,#7021,#7022,#7030));
#7013 = ORIENTED_EDGE('',*,*,#7014,.F.);
#7014 = EDGE_CURVE('',#6197,#7015,#7017,.T.);
#7015 = VERTEX_POINT('',#7016);
#7016 = CARTESIAN_POINT('',(183.9,2.1,138.));
#7017 = LINE('',#7018,#7019);
#7018 = CARTESIAN_POINT('',(183.9,2.1,132.5));
#7019 = VECTOR('',#7020,1.);
#7020 = DIRECTION('',(0.,0.,1.));
#7021 = ORIENTED_EDGE('',*,*,#6196,.T.);
#7022 = ORIENTED_EDGE('',*,*,#7023,.T.);
#7023 = EDGE_CURVE('',#6199,#7024,#7026,.T.);
#7024 = VERTEX_POINT('',#7025);
#7025 = CARTESIAN_POINT('',(2.1,2.1,138.));
#7026 = LINE('',#7027,#7028);
#7027 = CARTESIAN_POINT('',(2.1,2.1,132.5));
#7028 = VECTOR('',#7029,1.);
#7029 = DIRECTION('',(0.,0.,1.));
#7030 = ORIENTED_EDGE('',*,*,#7031,.F.);
#7031 = EDGE_CURVE('',#7015,#7024,#7032,.T.);
#7032 = LINE('',#7033,#7034);
#7033 = CARTESIAN_POINT('',(1.05,2.1,138.));
#7034 = VECTOR('',#7035,1.);
#7035 = DIRECTION('',(-1.,-0.,0.));
#7036 = PLANE('',#7037);
#7037 = AXIS2_PLACEMENT_3D('',#7038,#7039,#7040);
#7038 = CARTESIAN_POINT('',(2.1,2.1,132.5));
#7039 = DIRECTION('',(-0.,1.,0.));
#7040 = DIRECTION('',(0.,0.,1.));
#7041 = ADVANCED_FACE('',(#7042),#7076,.F.);
#7042 = FACE_BOUND('',#7043,.F.);
#7043 = EDGE_LOOP('',(#7044,#7045,#7046,#7054,#7062,#7070));
#7044 = ORIENTED_EDGE('',*,*,#7014,.F.);
#7045 = ORIENTED_EDGE('',*,*,#6222,.T.);
#7046 = ORIENTED_EDGE('',*,*,#7047,.T.);
#7047 = EDGE_CURVE('',#6215,#7048,#7050,.T.);
#7048 = VERTEX_POINT('',#7049);
#7049 = CARTESIAN_POINT('',(183.9,149.4,138.));
#7050 = LINE('',#7051,#7052);
#7051 = CARTESIAN_POINT('',(183.9,149.4,132.5));
#7052 = VECTOR('',#7053,1.);
#7053 = DIRECTION('',(0.,0.,1.));
#7054 = ORIENTED_EDGE('',*,*,#7055,.F.);
#7055 = EDGE_CURVE('',#7056,#7048,#7058,.T.);
#7056 = VERTEX_POINT('',#7057);
#7057 = CARTESIAN_POINT('',(183.9,105.5,138.));
#7058 = LINE('',#7059,#7060);
#7059 = CARTESIAN_POINT('',(183.9,1.05,138.));
#7060 = VECTOR('',#7061,1.);
#7061 = DIRECTION('',(-0.,1.,0.));
#7062 = ORIENTED_EDGE('',*,*,#7063,.F.);
#7063 = EDGE_CURVE('',#7064,#7056,#7066,.T.);
#7064 = VERTEX_POINT('',#7065);
#7065 = CARTESIAN_POINT('',(183.9,94.5,138.));
#7066 = LINE('',#7067,#7068);
#7067 = CARTESIAN_POINT('',(183.9,1.05,138.));
#7068 = VECTOR('',#7069,1.);
#7069 = DIRECTION('',(-0.,1.,0.));
#7070 = ORIENTED_EDGE('',*,*,#7071,.F.);
#7071 = EDGE_CURVE('',#7015,#7064,#7072,.T.);
#7072 = LINE('',#7073,#7074);
#7073 = CARTESIAN_POINT('',(183.9,1.05,138.));
#7074 = VECTOR('',#7075,1.);
#7075 = DIRECTION('',(-0.,1.,0.));
#7076 = PLANE('',#7077);
#7077 = AXIS2_PLACEMENT_3D('',#7078,#7079,#7080);
#7078 = CARTESIAN_POINT('',(183.9,2.1,132.5));
#7079 = DIRECTION('',(1.,0.,-0.));
#7080 = DIRECTION('',(0.,0.,1.));
#7081 = ADVANCED_FACE('',(#7082),#7100,.F.);
#7082 = FACE_BOUND('',#7083,.F.);
#7083 = EDGE_LOOP('',(#7084,#7085,#7086,#7094));
#7084 = ORIENTED_EDGE('',*,*,#7047,.F.);
#7085 = ORIENTED_EDGE('',*,*,#6214,.T.);
#7086 = ORIENTED_EDGE('',*,*,#7087,.T.);
#7087 = EDGE_CURVE('',#6207,#7088,#7090,.T.);
#7088 = VERTEX_POINT('',#7089);
#7089 = CARTESIAN_POINT('',(2.1,149.4,138.));
#7090 = LINE('',#7091,#7092);
#7091 = CARTESIAN_POINT('',(2.1,149.4,132.5));
#7092 = VECTOR('',#7093,1.);
#7093 = DIRECTION('',(0.,0.,1.));
#7094 = ORIENTED_EDGE('',*,*,#7095,.F.);
#7095 = EDGE_CURVE('',#7048,#7088,#7096,.T.);
#7096 = LINE('',#7097,#7098);
#7097 = CARTESIAN_POINT('',(1.05,149.4,138.));
#7098 = VECTOR('',#7099,1.);
#7099 = DIRECTION('',(-1.,-0.,0.));
#7100 = PLANE('',#7101);
#7101 = AXIS2_PLACEMENT_3D('',#7102,#7103,#7104);
#7102 = CARTESIAN_POINT('',(2.1,149.4,132.5));
#7103 = DIRECTION('',(-0.,1.,0.));
#7104 = DIRECTION('',(0.,0.,1.));
#7105 = ADVANCED_FACE('',(#7106),#7133,.T.);
#7106 = FACE_BOUND('',#7107,.T.);
#7107 = EDGE_LOOP('',(#7108,#7109,#7110,#7111,#7119,#7127));
#7108 = ORIENTED_EDGE('',*,*,#7023,.F.);
#7109 = ORIENTED_EDGE('',*,*,#6206,.T.);
#7110 = ORIENTED_EDGE('',*,*,#7087,.T.);
#7111 = ORIENTED_EDGE('',*,*,#7112,.F.);
#7112 = EDGE_CURVE('',#7113,#7088,#7115,.T.);
#7113 = VERTEX_POINT('',#7114);
#7114 = CARTESIAN_POINT('',(2.1,105.5,138.));
#7115 = LINE('',#7116,#7117);
#7116 = CARTESIAN_POINT('',(2.1,1.05,138.));
#7117 = VECTOR('',#7118,1.);
#7118 = DIRECTION('',(-0.,1.,0.));
#7119 = ORIENTED_EDGE('',*,*,#7120,.F.);
#7120 = EDGE_CURVE('',#7121,#7113,#7123,.T.);
#7121 = VERTEX_POINT('',#7122);
#7122 = CARTESIAN_POINT('',(2.1,94.5,138.));
#7123 = LINE('',#7124,#7125);
#7124 = CARTESIAN_POINT('',(2.1,1.05,138.));
#7125 = VECTOR('',#7126,1.);
#7126 = DIRECTION('',(-0.,1.,0.));
#7127 = ORIENTED_EDGE('',*,*,#7128,.F.);
#7128 = EDGE_CURVE('',#7024,#7121,#7129,.T.);
#7129 = LINE('',#7130,#7131);
#7130 = CARTESIAN_POINT('',(2.1,1.05,138.));
#7131 = VECTOR('',#7132,1.);
#7132 = DIRECTION('',(-0.,1.,0.));
#7133 = PLANE('',#7134);
#7134 = AXIS2_PLACEMENT_3D('',#7135,#7136,#7137);
#7135 = CARTESIAN_POINT('',(2.1,2.1,132.5));
#7136 = DIRECTION('',(1.,0.,-0.));
#7137 = DIRECTION('',(0.,0.,1.));
#7138 = ADVANCED_FACE('',(#7139),#7196,.T.);
#7139 = FACE_BOUND('',#7140,.T.);
#7140 = EDGE_LOOP('',(#7141,#7151,#7159,#7165,#7166,#7174,#7182,#7190));
#7141 = ORIENTED_EDGE('',*,*,#7142,.F.);
#7142 = EDGE_CURVE('',#7143,#7145,#7147,.T.);
#7143 = VERTEX_POINT('',#7144);
#7144 = CARTESIAN_POINT('',(3.,3.5,138.));
#7145 = VERTEX_POINT('',#7146);
#7146 = CARTESIAN_POINT('',(3.,3.5,185.));
#7147 = LINE('',#7148,#7149);
#7148 = CARTESIAN_POINT('',(3.,3.5,137.));
#7149 = VECTOR('',#7150,1.);
#7150 = DIRECTION('',(0.,0.,1.));
#7151 = ORIENTED_EDGE('',*,*,#7152,.T.);
#7152 = EDGE_CURVE('',#7143,#7153,#7155,.T.);
#7153 = VERTEX_POINT('',#7154);
#7154 = CARTESIAN_POINT('',(3.,48.5,138.));
#7155 = LINE('',#7156,#7157);
#7156 = CARTESIAN_POINT('',(3.,1.75,138.));
#7157 = VECTOR('',#7158,1.);
#7158 = DIRECTION('',(-0.,1.,0.));
#7159 = ORIENTED_EDGE('',*,*,#7160,.T.);
#7160 = EDGE_CURVE('',#7153,#6270,#7161,.T.);
#7161 = LINE('',#7162,#7163);
#7162 = CARTESIAN_POINT('',(3.,48.5,137.));
#7163 = VECTOR('',#7164,1.);
#7164 = DIRECTION('',(0.,0.,1.));
#7165 = ORIENTED_EDGE('',*,*,#6267,.F.);
#7166 = ORIENTED_EDGE('',*,*,#7167,.F.);
#7167 = EDGE_CURVE('',#7168,#6268,#7170,.T.);
#7168 = VERTEX_POINT('',#7169);
#7169 = CARTESIAN_POINT('',(3.,3.5,200.));
#7170 = LINE('',#7171,#7172);
#7171 = CARTESIAN_POINT('',(3.,3.5,137.));
#7172 = VECTOR('',#7173,1.);
#7173 = DIRECTION('',(0.,0.,1.));
#7174 = ORIENTED_EDGE('',*,*,#7175,.T.);
#7175 = EDGE_CURVE('',#7168,#7176,#7178,.T.);
#7176 = VERTEX_POINT('',#7177);
#7177 = CARTESIAN_POINT('',(3.,5.5,200.));
#7178 = LINE('',#7179,#7180);
#7179 = CARTESIAN_POINT('',(3.,3.5,200.));
#7180 = VECTOR('',#7181,1.);
#7181 = DIRECTION('',(-0.,1.,0.));
#7182 = ORIENTED_EDGE('',*,*,#7183,.F.);
#7183 = EDGE_CURVE('',#7184,#7176,#7186,.T.);
#7184 = VERTEX_POINT('',#7185);
#7185 = CARTESIAN_POINT('',(3.,5.5,185.));
#7186 = LINE('',#7187,#7188);
#7187 = CARTESIAN_POINT('',(3.,5.5,185.));
#7188 = VECTOR('',#7189,1.);
#7189 = DIRECTION('',(0.,0.,1.));
#7190 = ORIENTED_EDGE('',*,*,#7191,.F.);
#7191 = EDGE_CURVE('',#7145,#7184,#7192,.T.);
#7192 = LINE('',#7193,#7194);
#7193 = CARTESIAN_POINT('',(3.,3.5,185.));
#7194 = VECTOR('',#7195,1.);
#7195 = DIRECTION('',(-0.,1.,0.));
#7196 = PLANE('',#7197);
#7197 = AXIS2_PLACEMENT_3D('',#7198,#7199,#7200);
#7198 = CARTESIAN_POINT('',(3.,3.5,137.));
#7199 = DIRECTION('',(1.,0.,-0.));
#7200 = DIRECTION('',(0.,0.,1.));
#7201 = ADVANCED_FACE('',(#7202,#7220),#7254,.F.);
#7202 = FACE_BOUND('',#7203,.F.);
#7203 = EDGE_LOOP('',(#7204,#7212,#7218,#7219));
#7204 = ORIENTED_EDGE('',*,*,#7205,.F.);
#7205 = EDGE_CURVE('',#7206,#6286,#7208,.T.);
#7206 = VERTEX_POINT('',#7207);
#7207 = CARTESIAN_POINT('',(183.,48.5,138.));
#7208 = LINE('',#7209,#7210);
#7209 = CARTESIAN_POINT('',(183.,48.5,137.));
#7210 = VECTOR('',#7211,1.);
#7211 = DIRECTION('',(0.,0.,1.));
#7212 = ORIENTED_EDGE('',*,*,#7213,.T.);
#7213 = EDGE_CURVE('',#7206,#7153,#7214,.T.);
#7214 = LINE('',#7215,#7216);
#7215 = CARTESIAN_POINT('',(1.5,48.5,138.));
#7216 = VECTOR('',#7217,1.);
#7217 = DIRECTION('',(-1.,-0.,0.));
#7218 = ORIENTED_EDGE('',*,*,#7160,.T.);
#7219 = ORIENTED_EDGE('',*,*,#6293,.T.);
#7220 = FACE_BOUND('',#7221,.F.);
#7221 = EDGE_LOOP('',(#7222,#7232,#7240,#7248));
#7222 = ORIENTED_EDGE('',*,*,#7223,.F.);
#7223 = EDGE_CURVE('',#7224,#7226,#7228,.T.);
#7224 = VERTEX_POINT('',#7225);
#7225 = CARTESIAN_POINT('',(134.,48.5,166.));
#7226 = VERTEX_POINT('',#7227);
#7227 = CARTESIAN_POINT('',(164.,48.5,166.));
#7228 = LINE('',#7229,#7230);
#7229 = CARTESIAN_POINT('',(68.5,48.5,166.));
#7230 = VECTOR('',#7231,1.);
#7231 = DIRECTION('',(1.,0.,-0.));
#7232 = ORIENTED_EDGE('',*,*,#7233,.T.);
#7233 = EDGE_CURVE('',#7224,#7234,#7236,.T.);
#7234 = VERTEX_POINT('',#7235);
#7235 = CARTESIAN_POINT('',(134.,48.5,140.));
#7236 = LINE('',#7237,#7238);
#7237 = CARTESIAN_POINT('',(134.,48.5,138.5));
#7238 = VECTOR('',#7239,1.);
#7239 = DIRECTION('',(-0.,0.,-1.));
#7240 = ORIENTED_EDGE('',*,*,#7241,.T.);
#7241 = EDGE_CURVE('',#7234,#7242,#7244,.T.);
#7242 = VERTEX_POINT('',#7243);
#7243 = CARTESIAN_POINT('',(164.,48.5,140.));
#7244 = LINE('',#7245,#7246);
#7245 = CARTESIAN_POINT('',(68.5,48.5,140.));
#7246 = VECTOR('',#7247,1.);
#7247 = DIRECTION('',(1.,0.,-0.));
#7248 = ORIENTED_EDGE('',*,*,#7249,.F.);
#7249 = EDGE_CURVE('',#7226,#7242,#7250,.T.);
#7250 = LINE('',#7251,#7252);
#7251 = CARTESIAN_POINT('',(164.,48.5,138.5));
#7252 = VECTOR('',#7253,1.);
#7253 = DIRECTION('',(-0.,0.,-1.));
#7254 = PLANE('',#7255);
#7255 = AXIS2_PLACEMENT_3D('',#7256,#7257,#7258);
#7256 = CARTESIAN_POINT('',(3.,48.5,137.));
#7257 = DIRECTION('',(-0.,1.,0.));
#7258 = DIRECTION('',(0.,0.,1.));
#7259 = ADVANCED_FACE('',(#7260),#7317,.T.);
#7260 = FACE_BOUND('',#7261,.T.);
#7261 = EDGE_LOOP('',(#7262,#7270,#7278,#7286,#7292,#7293,#7301,#7309,
    #7315,#7316));
#7262 = ORIENTED_EDGE('',*,*,#7263,.F.);
#7263 = EDGE_CURVE('',#7264,#6278,#7266,.T.);
#7264 = VERTEX_POINT('',#7265);
#7265 = CARTESIAN_POINT('',(183.,3.5,146.));
#7266 = LINE('',#7267,#7268);
#7267 = CARTESIAN_POINT('',(183.,3.5,137.));
#7268 = VECTOR('',#7269,1.);
#7269 = DIRECTION('',(0.,0.,1.));
#7270 = ORIENTED_EDGE('',*,*,#7271,.F.);
#7271 = EDGE_CURVE('',#7272,#7264,#7274,.T.);
#7272 = VERTEX_POINT('',#7273);
#7273 = CARTESIAN_POINT('',(170.,3.5,146.));
#7274 = LINE('',#7275,#7276);
#7275 = CARTESIAN_POINT('',(170.,3.5,146.));
#7276 = VECTOR('',#7277,1.);
#7277 = DIRECTION('',(1.,0.,-0.));
#7278 = ORIENTED_EDGE('',*,*,#7279,.F.);
#7279 = EDGE_CURVE('',#7280,#7272,#7282,.T.);
#7280 = VERTEX_POINT('',#7281);
#7281 = CARTESIAN_POINT('',(170.,3.5,138.));
#7282 = LINE('',#7283,#7284);
#7283 = CARTESIAN_POINT('',(170.,3.5,138.));
#7284 = VECTOR('',#7285,1.);
#7285 = DIRECTION('',(0.,0.,1.));
#7286 = ORIENTED_EDGE('',*,*,#7287,.T.);
#7287 = EDGE_CURVE('',#7280,#7143,#7288,.T.);
#7288 = LINE('',#7289,#7290);
#7289 = CARTESIAN_POINT('',(1.5,3.5,138.));
#7290 = VECTOR('',#7291,1.);
#7291 = DIRECTION('',(-1.,-0.,0.));
#7292 = ORIENTED_EDGE('',*,*,#7142,.T.);
#7293 = ORIENTED_EDGE('',*,*,#7294,.T.);
#7294 = EDGE_CURVE('',#7145,#7295,#7297,.T.);
#7295 = VERTEX_POINT('',#7296);
#7296 = CARTESIAN_POINT('',(88.5,3.5,185.));
#7297 = LINE('',#7298,#7299);
#7298 = CARTESIAN_POINT('',(3.,3.5,185.));
#7299 = VECTOR('',#7300,1.);
#7300 = DIRECTION('',(1.,0.,-0.));
#7301 = ORIENTED_EDGE('',*,*,#7302,.T.);
#7302 = EDGE_CURVE('',#7295,#7303,#7305,.T.);
#7303 = VERTEX_POINT('',#7304);
#7304 = CARTESIAN_POINT('',(88.5,3.5,200.));
#7305 = LINE('',#7306,#7307);
#7306 = CARTESIAN_POINT('',(88.5,3.5,185.));
#7307 = VECTOR('',#7308,1.);
#7308 = DIRECTION('',(0.,0.,1.));
#7309 = ORIENTED_EDGE('',*,*,#7310,.F.);
#7310 = EDGE_CURVE('',#7168,#7303,#7311,.T.);
#7311 = LINE('',#7312,#7313);
#7312 = CARTESIAN_POINT('',(3.,3.5,200.));
#7313 = VECTOR('',#7314,1.);
#7314 = DIRECTION('',(1.,0.,-0.));
#7315 = ORIENTED_EDGE('',*,*,#7167,.T.);
#7316 = ORIENTED_EDGE('',*,*,#6277,.T.);
#7317 = PLANE('',#7318);
#7318 = AXIS2_PLACEMENT_3D('',#7319,#7320,#7321);
#7319 = CARTESIAN_POINT('',(3.,3.5,137.));
#7320 = DIRECTION('',(-0.,1.,0.));
#7321 = DIRECTION('',(0.,0.,1.));
#7322 = ADVANCED_FACE('',(#7323),#7350,.F.);
#7323 = FACE_BOUND('',#7324,.F.);
#7324 = EDGE_LOOP('',(#7325,#7326,#7334,#7342,#7348,#7349));
#7325 = ORIENTED_EDGE('',*,*,#7263,.F.);
#7326 = ORIENTED_EDGE('',*,*,#7327,.T.);
#7327 = EDGE_CURVE('',#7264,#7328,#7330,.T.);
#7328 = VERTEX_POINT('',#7329);
#7329 = CARTESIAN_POINT('',(183.,14.5,146.));
#7330 = LINE('',#7331,#7332);
#7331 = CARTESIAN_POINT('',(183.,3.5,146.));
#7332 = VECTOR('',#7333,1.);
#7333 = DIRECTION('',(-0.,1.,0.));
#7334 = ORIENTED_EDGE('',*,*,#7335,.F.);
#7335 = EDGE_CURVE('',#7336,#7328,#7338,.T.);
#7336 = VERTEX_POINT('',#7337);
#7337 = CARTESIAN_POINT('',(183.,14.5,138.));
#7338 = LINE('',#7339,#7340);
#7339 = CARTESIAN_POINT('',(183.,14.5,138.));
#7340 = VECTOR('',#7341,1.);
#7341 = DIRECTION('',(0.,0.,1.));
#7342 = ORIENTED_EDGE('',*,*,#7343,.T.);
#7343 = EDGE_CURVE('',#7336,#7206,#7344,.T.);
#7344 = LINE('',#7345,#7346);
#7345 = CARTESIAN_POINT('',(183.,1.75,138.));
#7346 = VECTOR('',#7347,1.);
#7347 = DIRECTION('',(-0.,1.,0.));
#7348 = ORIENTED_EDGE('',*,*,#7205,.T.);
#7349 = ORIENTED_EDGE('',*,*,#6285,.F.);
#7350 = PLANE('',#7351);
#7351 = AXIS2_PLACEMENT_3D('',#7352,#7353,#7354);
#7352 = CARTESIAN_POINT('',(183.,3.5,137.));
#7353 = DIRECTION('',(1.,0.,-0.));
#7354 = DIRECTION('',(0.,0.,1.));
#7355 = ADVANCED_FACE('',(#7356),#7381,.T.);
#7356 = FACE_BOUND('',#7357,.T.);
#7357 = EDGE_LOOP('',(#7358,#7366,#7374,#7380));
#7358 = ORIENTED_EDGE('',*,*,#7359,.F.);
#7359 = EDGE_CURVE('',#7360,#6319,#7362,.T.);
#7360 = VERTEX_POINT('',#7361);
#7361 = CARTESIAN_POINT('',(20.,54.,141.));
#7362 = LINE('',#7363,#7364);
#7363 = CARTESIAN_POINT('',(20.,54.,137.));
#7364 = VECTOR('',#7365,1.);
#7365 = DIRECTION('',(0.,0.,1.));
#7366 = ORIENTED_EDGE('',*,*,#7367,.T.);
#7367 = EDGE_CURVE('',#7360,#7368,#7370,.T.);
#7368 = VERTEX_POINT('',#7369);
#7369 = CARTESIAN_POINT('',(20.,148.,141.));
#7370 = LINE('',#7371,#7372);
#7371 = CARTESIAN_POINT('',(20.,54.,141.));
#7372 = VECTOR('',#7373,1.);
#7373 = DIRECTION('',(-0.,1.,0.));
#7374 = ORIENTED_EDGE('',*,*,#7375,.T.);
#7375 = EDGE_CURVE('',#7368,#6321,#7376,.T.);
#7376 = LINE('',#7377,#7378);
#7377 = CARTESIAN_POINT('',(20.,148.,137.));
#7378 = VECTOR('',#7379,1.);
#7379 = DIRECTION('',(0.,0.,1.));
#7380 = ORIENTED_EDGE('',*,*,#6318,.F.);
#7381 = PLANE('',#7382);
#7382 = AXIS2_PLACEMENT_3D('',#7383,#7384,#7385);
#7383 = CARTESIAN_POINT('',(20.,54.,137.));
#7384 = DIRECTION('',(1.,0.,-0.));
#7385 = DIRECTION('',(0.,0.,1.));
#7386 = ADVANCED_FACE('',(#7387,#7405,#7421,#7437),#7471,.F.);
#7387 = FACE_BOUND('',#7388,.F.);
#7388 = EDGE_LOOP('',(#7389,#7397,#7403,#7404));
#7389 = ORIENTED_EDGE('',*,*,#7390,.F.);
#7390 = EDGE_CURVE('',#7391,#6337,#7393,.T.);
#7391 = VERTEX_POINT('',#7392);
#7392 = CARTESIAN_POINT('',(166.,148.,141.));
#7393 = LINE('',#7394,#7395);
#7394 = CARTESIAN_POINT('',(166.,148.,137.));
#7395 = VECTOR('',#7396,1.);
#7396 = DIRECTION('',(0.,0.,1.));
#7397 = ORIENTED_EDGE('',*,*,#7398,.F.);
#7398 = EDGE_CURVE('',#7368,#7391,#7399,.T.);
#7399 = LINE('',#7400,#7401);
#7400 = CARTESIAN_POINT('',(20.,148.,141.));
#7401 = VECTOR('',#7402,1.);
#7402 = DIRECTION('',(1.,0.,-0.));
#7403 = ORIENTED_EDGE('',*,*,#7375,.T.);
#7404 = ORIENTED_EDGE('',*,*,#6344,.T.);
#7405 = FACE_BOUND('',#7406,.F.);
#7406 = EDGE_LOOP('',(#7407,#7408,#7414,#7415));
#7407 = ORIENTED_EDGE('',*,*,#6981,.F.);
#7408 = ORIENTED_EDGE('',*,*,#7409,.T.);
#7409 = EDGE_CURVE('',#6982,#6918,#7410,.T.);
#7410 = LINE('',#7411,#7412);
#7411 = CARTESIAN_POINT('',(42.5,148.,161.5));
#7412 = VECTOR('',#7413,1.);
#7413 = DIRECTION('',(1.,0.,-0.));
#7414 = ORIENTED_EDGE('',*,*,#6917,.T.);
#7415 = ORIENTED_EDGE('',*,*,#7416,.F.);
#7416 = EDGE_CURVE('',#6984,#6920,#7417,.T.);
#7417 = LINE('',#7418,#7419);
#7418 = CARTESIAN_POINT('',(42.5,148.,165.7));
#7419 = VECTOR('',#7420,1.);
#7420 = DIRECTION('',(1.,0.,-0.));
#7421 = FACE_BOUND('',#7422,.F.);
#7422 = EDGE_LOOP('',(#7423,#7424,#7430,#7431));
#7423 = ORIENTED_EDGE('',*,*,#6884,.F.);
#7424 = ORIENTED_EDGE('',*,*,#7425,.T.);
#7425 = EDGE_CURVE('',#6885,#6821,#7426,.T.);
#7426 = LINE('',#7427,#7428);
#7427 = CARTESIAN_POINT('',(124.5,148.,161.5));
#7428 = VECTOR('',#7429,1.);
#7429 = DIRECTION('',(1.,0.,-0.));
#7430 = ORIENTED_EDGE('',*,*,#6820,.T.);
#7431 = ORIENTED_EDGE('',*,*,#7432,.F.);
#7432 = EDGE_CURVE('',#6887,#6823,#7433,.T.);
#7433 = LINE('',#7434,#7435);
#7434 = CARTESIAN_POINT('',(124.5,148.,165.7));
#7435 = VECTOR('',#7436,1.);
#7436 = DIRECTION('',(1.,0.,-0.));
#7437 = FACE_BOUND('',#7438,.F.);
#7438 = EDGE_LOOP('',(#7439,#7449,#7457,#7465));
#7439 = ORIENTED_EDGE('',*,*,#7440,.F.);
#7440 = EDGE_CURVE('',#7441,#7443,#7445,.T.);
#7441 = VERTEX_POINT('',#7442);
#7442 = CARTESIAN_POINT('',(25.1,148.,208.5));
#7443 = VERTEX_POINT('',#7444);
#7444 = CARTESIAN_POINT('',(160.9,148.,208.5));
#7445 = LINE('',#7446,#7447);
#7446 = CARTESIAN_POINT('',(22.55,148.,208.5));
#7447 = VECTOR('',#7448,1.);
#7448 = DIRECTION('',(1.,0.,-0.));
#7449 = ORIENTED_EDGE('',*,*,#7450,.T.);
#7450 = EDGE_CURVE('',#7441,#7451,#7453,.T.);
#7451 = VERTEX_POINT('',#7452);
#7452 = CARTESIAN_POINT('',(25.1,148.,168.));
#7453 = LINE('',#7454,#7455);
#7454 = CARTESIAN_POINT('',(25.1,148.,152.5));
#7455 = VECTOR('',#7456,1.);
#7456 = DIRECTION('',(-0.,0.,-1.));
#7457 = ORIENTED_EDGE('',*,*,#7458,.T.);
#7458 = EDGE_CURVE('',#7451,#7459,#7461,.T.);
#7459 = VERTEX_POINT('',#7460);
#7460 = CARTESIAN_POINT('',(160.9,148.,168.));
#7461 = LINE('',#7462,#7463);
#7462 = CARTESIAN_POINT('',(22.55,148.,168.));
#7463 = VECTOR('',#7464,1.);
#7464 = DIRECTION('',(1.,0.,-0.));
#7465 = ORIENTED_EDGE('',*,*,#7466,.F.);
#7466 = EDGE_CURVE('',#7443,#7459,#7467,.T.);
#7467 = LINE('',#7468,#7469);
#7468 = CARTESIAN_POINT('',(160.9,148.,152.5));
#7469 = VECTOR('',#7470,1.);
#7470 = DIRECTION('',(-0.,0.,-1.));
#7471 = PLANE('',#7472);
#7472 = AXIS2_PLACEMENT_3D('',#7473,#7474,#7475);
#7473 = CARTESIAN_POINT('',(20.,148.,137.));
#7474 = DIRECTION('',(-0.,1.,0.));
#7475 = DIRECTION('',(0.,0.,1.));
#7476 = ADVANCED_FACE('',(#7477,#7591,#7625,#7787),#7821,.T.);
#7477 = FACE_BOUND('',#7478,.T.);
#7478 = EDGE_LOOP('',(#7479,#7487,#7495,#7503,#7511,#7519,#7527,#7535,
    #7543,#7551,#7559,#7567,#7575,#7583,#7589,#7590));
#7479 = ORIENTED_EDGE('',*,*,#7480,.F.);
#7480 = EDGE_CURVE('',#7481,#6329,#7483,.T.);
#7481 = VERTEX_POINT('',#7482);
#7482 = CARTESIAN_POINT('',(166.,54.,141.));
#7483 = LINE('',#7484,#7485);
#7484 = CARTESIAN_POINT('',(166.,54.,137.));
#7485 = VECTOR('',#7486,1.);
#7486 = DIRECTION('',(0.,0.,1.));
#7487 = ORIENTED_EDGE('',*,*,#7488,.F.);
#7488 = EDGE_CURVE('',#7489,#7481,#7491,.T.);
#7489 = VERTEX_POINT('',#7490);
#7490 = CARTESIAN_POINT('',(164.,54.,141.));
#7491 = LINE('',#7492,#7493);
#7492 = CARTESIAN_POINT('',(20.,54.,141.));
#7493 = VECTOR('',#7494,1.);
#7494 = DIRECTION('',(1.,0.,-0.));
#7495 = ORIENTED_EDGE('',*,*,#7496,.F.);
#7496 = EDGE_CURVE('',#7497,#7489,#7499,.T.);
#7497 = VERTEX_POINT('',#7498);
#7498 = CARTESIAN_POINT('',(164.,54.,166.));
#7499 = LINE('',#7500,#7501);
#7500 = CARTESIAN_POINT('',(164.,54.,138.5));
#7501 = VECTOR('',#7502,1.);
#7502 = DIRECTION('',(-0.,0.,-1.));
#7503 = ORIENTED_EDGE('',*,*,#7504,.F.);
#7504 = EDGE_CURVE('',#7505,#7497,#7507,.T.);
#7505 = VERTEX_POINT('',#7506);
#7506 = CARTESIAN_POINT('',(134.,54.,166.));
#7507 = LINE('',#7508,#7509);
#7508 = CARTESIAN_POINT('',(77.,54.,166.));
#7509 = VECTOR('',#7510,1.);
#7510 = DIRECTION('',(1.,0.,-0.));
#7511 = ORIENTED_EDGE('',*,*,#7512,.T.);
#7512 = EDGE_CURVE('',#7505,#7513,#7515,.T.);
#7513 = VERTEX_POINT('',#7514);
#7514 = CARTESIAN_POINT('',(134.,54.,141.));
#7515 = LINE('',#7516,#7517);
#7516 = CARTESIAN_POINT('',(134.,54.,138.5));
#7517 = VECTOR('',#7518,1.);
#7518 = DIRECTION('',(-0.,0.,-1.));
#7519 = ORIENTED_EDGE('',*,*,#7520,.F.);
#7520 = EDGE_CURVE('',#7521,#7513,#7523,.T.);
#7521 = VERTEX_POINT('',#7522);
#7522 = CARTESIAN_POINT('',(132.5,54.,141.));
#7523 = LINE('',#7524,#7525);
#7524 = CARTESIAN_POINT('',(20.,54.,141.));
#7525 = VECTOR('',#7526,1.);
#7526 = DIRECTION('',(1.,0.,-0.));
#7527 = ORIENTED_EDGE('',*,*,#7528,.F.);
#7528 = EDGE_CURVE('',#7529,#7521,#7531,.T.);
#7529 = VERTEX_POINT('',#7530);
#7530 = CARTESIAN_POINT('',(132.5,54.,138.));
#7531 = LINE('',#7532,#7533);
#7532 = CARTESIAN_POINT('',(132.5,54.,137.));
#7533 = VECTOR('',#7534,1.);
#7534 = DIRECTION('',(0.,0.,1.));
#7535 = ORIENTED_EDGE('',*,*,#7536,.T.);
#7536 = EDGE_CURVE('',#7529,#7537,#7539,.T.);
#7537 = VERTEX_POINT('',#7538);
#7538 = CARTESIAN_POINT('',(98.5,54.,138.));
#7539 = LINE('',#7540,#7541);
#7540 = CARTESIAN_POINT('',(10.,54.,138.));
#7541 = VECTOR('',#7542,1.);
#7542 = DIRECTION('',(-1.,-0.,0.));
#7543 = ORIENTED_EDGE('',*,*,#7544,.T.);
#7544 = EDGE_CURVE('',#7537,#7545,#7547,.T.);
#7545 = VERTEX_POINT('',#7546);
#7546 = CARTESIAN_POINT('',(98.5,54.,141.));
#7547 = LINE('',#7548,#7549);
#7548 = CARTESIAN_POINT('',(98.5,54.,137.));
#7549 = VECTOR('',#7550,1.);
#7550 = DIRECTION('',(0.,0.,1.));
#7551 = ORIENTED_EDGE('',*,*,#7552,.F.);
#7552 = EDGE_CURVE('',#7553,#7545,#7555,.T.);
#7553 = VERTEX_POINT('',#7554);
#7554 = CARTESIAN_POINT('',(87.,54.,141.));
#7555 = LINE('',#7556,#7557);
#7556 = CARTESIAN_POINT('',(20.,54.,141.));
#7557 = VECTOR('',#7558,1.);
#7558 = DIRECTION('',(1.,0.,-0.));
#7559 = ORIENTED_EDGE('',*,*,#7560,.F.);
#7560 = EDGE_CURVE('',#7561,#7553,#7563,.T.);
#7561 = VERTEX_POINT('',#7562);
#7562 = CARTESIAN_POINT('',(87.,54.,138.));
#7563 = LINE('',#7564,#7565);
#7564 = CARTESIAN_POINT('',(87.,54.,137.));
#7565 = VECTOR('',#7566,1.);
#7566 = DIRECTION('',(0.,0.,1.));
#7567 = ORIENTED_EDGE('',*,*,#7568,.T.);
#7568 = EDGE_CURVE('',#7561,#7569,#7571,.T.);
#7569 = VERTEX_POINT('',#7570);
#7570 = CARTESIAN_POINT('',(53.,54.,138.));
#7571 = LINE('',#7572,#7573);
#7572 = CARTESIAN_POINT('',(10.,54.,138.));
#7573 = VECTOR('',#7574,1.);
#7574 = DIRECTION('',(-1.,-0.,0.));
#7575 = ORIENTED_EDGE('',*,*,#7576,.T.);
#7576 = EDGE_CURVE('',#7569,#7577,#7579,.T.);
#7577 = VERTEX_POINT('',#7578);
#7578 = CARTESIAN_POINT('',(53.,54.,141.));
#7579 = LINE('',#7580,#7581);
#7580 = CARTESIAN_POINT('',(53.,54.,137.));
#7581 = VECTOR('',#7582,1.);
#7582 = DIRECTION('',(0.,0.,1.));
#7583 = ORIENTED_EDGE('',*,*,#7584,.F.);
#7584 = EDGE_CURVE('',#7360,#7577,#7585,.T.);
#7585 = LINE('',#7586,#7587);
#7586 = CARTESIAN_POINT('',(20.,54.,141.));
#7587 = VECTOR('',#7588,1.);
#7588 = DIRECTION('',(1.,0.,-0.));
#7589 = ORIENTED_EDGE('',*,*,#7359,.T.);
#7590 = ORIENTED_EDGE('',*,*,#6328,.T.);
#7591 = FACE_BOUND('',#7592,.T.);
#7592 = EDGE_LOOP('',(#7593,#7603,#7611,#7619));
#7593 = ORIENTED_EDGE('',*,*,#7594,.F.);
#7594 = EDGE_CURVE('',#7595,#7597,#7599,.T.);
#7595 = VERTEX_POINT('',#7596);
#7596 = CARTESIAN_POINT('',(55.,54.,142.));
#7597 = VERTEX_POINT('',#7598);
#7598 = CARTESIAN_POINT('',(55.,54.,166.));
#7599 = LINE('',#7600,#7601);
#7600 = CARTESIAN_POINT('',(55.,54.,142.));
#7601 = VECTOR('',#7602,1.);
#7602 = DIRECTION('',(0.,0.,1.));
#7603 = ORIENTED_EDGE('',*,*,#7604,.T.);
#7604 = EDGE_CURVE('',#7595,#7605,#7607,.T.);
#7605 = VERTEX_POINT('',#7606);
#7606 = CARTESIAN_POINT('',(85.,54.,142.));
#7607 = LINE('',#7608,#7609);
#7608 = CARTESIAN_POINT('',(55.,54.,142.));
#7609 = VECTOR('',#7610,1.);
#7610 = DIRECTION('',(1.,0.,-0.));
#7611 = ORIENTED_EDGE('',*,*,#7612,.T.);
#7612 = EDGE_CURVE('',#7605,#7613,#7615,.T.);
#7613 = VERTEX_POINT('',#7614);
#7614 = CARTESIAN_POINT('',(85.,54.,166.));
#7615 = LINE('',#7616,#7617);
#7616 = CARTESIAN_POINT('',(85.,54.,142.));
#7617 = VECTOR('',#7618,1.);
#7618 = DIRECTION('',(0.,0.,1.));
#7619 = ORIENTED_EDGE('',*,*,#7620,.F.);
#7620 = EDGE_CURVE('',#7597,#7613,#7621,.T.);
#7621 = LINE('',#7622,#7623);
#7622 = CARTESIAN_POINT('',(55.,54.,166.));
#7623 = VECTOR('',#7624,1.);
#7624 = DIRECTION('',(1.,0.,-0.));
#7625 = FACE_BOUND('',#7626,.T.);
#7626 = EDGE_LOOP('',(#7627,#7637,#7645,#7653,#7661,#7669,#7677,#7685,
    #7693,#7701,#7709,#7717,#7725,#7733,#7741,#7749,#7757,#7765,#7773,
    #7781));
#7627 = ORIENTED_EDGE('',*,*,#7628,.F.);
#7628 = EDGE_CURVE('',#7629,#7631,#7633,.T.);
#7629 = VERTEX_POINT('',#7630);
#7630 = CARTESIAN_POINT('',(46.6,54.,196.));
#7631 = VERTEX_POINT('',#7632);
#7632 = CARTESIAN_POINT('',(46.6,54.,209.1));
#7633 = LINE('',#7634,#7635);
#7634 = CARTESIAN_POINT('',(46.6,54.,184.6));
#7635 = VECTOR('',#7636,1.);
#7636 = DIRECTION('',(0.,0.,1.));
#7637 = ORIENTED_EDGE('',*,*,#7638,.F.);
#7638 = EDGE_CURVE('',#7639,#7629,#7641,.T.);
#7639 = VERTEX_POINT('',#7640);
#7640 = CARTESIAN_POINT('',(43.8,54.,196.));
#7641 = LINE('',#7642,#7643);
#7642 = CARTESIAN_POINT('',(43.8,54.,196.));
#7643 = VECTOR('',#7644,1.);
#7644 = DIRECTION('',(1.,0.,-0.));
#7645 = ORIENTED_EDGE('',*,*,#7646,.F.);
#7646 = EDGE_CURVE('',#7647,#7639,#7649,.T.);
#7647 = VERTEX_POINT('',#7648);
#7648 = CARTESIAN_POINT('',(43.8,54.,184.6));
#7649 = LINE('',#7650,#7651);
#7650 = CARTESIAN_POINT('',(43.8,54.,184.6));
#7651 = VECTOR('',#7652,1.);
#7652 = DIRECTION('',(0.,0.,1.));
#7653 = ORIENTED_EDGE('',*,*,#7654,.T.);
#7654 = EDGE_CURVE('',#7647,#7655,#7657,.T.);
#7655 = VERTEX_POINT('',#7656);
#7656 = CARTESIAN_POINT('',(45.2,54.,184.6));
#7657 = LINE('',#7658,#7659);
#7658 = CARTESIAN_POINT('',(43.8,54.,184.6));
#7659 = VECTOR('',#7660,1.);
#7660 = DIRECTION('',(1.,0.,-0.));
#7661 = ORIENTED_EDGE('',*,*,#7662,.F.);
#7662 = EDGE_CURVE('',#7663,#7655,#7665,.T.);
#7663 = VERTEX_POINT('',#7664);
#7664 = CARTESIAN_POINT('',(45.2,54.,182.2));
#7665 = LINE('',#7666,#7667);
#7666 = CARTESIAN_POINT('',(45.2,54.,182.2));
#7667 = VECTOR('',#7668,1.);
#7668 = DIRECTION('',(0.,0.,1.));
#7669 = ORIENTED_EDGE('',*,*,#7670,.T.);
#7670 = EDGE_CURVE('',#7663,#7671,#7673,.T.);
#7671 = VERTEX_POINT('',#7672);
#7672 = CARTESIAN_POINT('',(47.,54.,182.2));
#7673 = LINE('',#7674,#7675);
#7674 = CARTESIAN_POINT('',(45.2,54.,182.2));
#7675 = VECTOR('',#7676,1.);
#7676 = DIRECTION('',(1.,0.,-0.));
#7677 = ORIENTED_EDGE('',*,*,#7678,.T.);
#7678 = EDGE_CURVE('',#7671,#7679,#7681,.T.);
#7679 = VERTEX_POINT('',#7680);
#7680 = CARTESIAN_POINT('',(47.,54.,184.6));
#7681 = LINE('',#7682,#7683);
#7682 = CARTESIAN_POINT('',(47.,54.,182.));
#7683 = VECTOR('',#7684,1.);
#7684 = DIRECTION('',(0.,0.,1.));
#7685 = ORIENTED_EDGE('',*,*,#7686,.T.);
#7686 = EDGE_CURVE('',#7679,#7687,#7689,.T.);
#7687 = VERTEX_POINT('',#7688);
#7688 = CARTESIAN_POINT('',(53.5,54.,184.6));
#7689 = LINE('',#7690,#7691);
#7690 = CARTESIAN_POINT('',(46.6,54.,184.6));
#7691 = VECTOR('',#7692,1.);
#7692 = DIRECTION('',(1.,0.,-0.));
#7693 = ORIENTED_EDGE('',*,*,#7694,.F.);
#7694 = EDGE_CURVE('',#7695,#7687,#7697,.T.);
#7695 = VERTEX_POINT('',#7696);
#7696 = CARTESIAN_POINT('',(53.5,54.,182.2));
#7697 = LINE('',#7698,#7699);
#7698 = CARTESIAN_POINT('',(53.5,54.,182.));
#7699 = VECTOR('',#7700,1.);
#7700 = DIRECTION('',(0.,0.,1.));
#7701 = ORIENTED_EDGE('',*,*,#7702,.T.);
#7702 = EDGE_CURVE('',#7695,#7703,#7705,.T.);
#7703 = VERTEX_POINT('',#7704);
#7704 = CARTESIAN_POINT('',(140.8,54.,182.2));
#7705 = LINE('',#7706,#7707);
#7706 = CARTESIAN_POINT('',(45.2,54.,182.2));
#7707 = VECTOR('',#7708,1.);
#7708 = DIRECTION('',(1.,0.,-0.));
#7709 = ORIENTED_EDGE('',*,*,#7710,.T.);
#7710 = EDGE_CURVE('',#7703,#7711,#7713,.T.);
#7711 = VERTEX_POINT('',#7712);
#7712 = CARTESIAN_POINT('',(140.8,54.,184.6));
#7713 = LINE('',#7714,#7715);
#7714 = CARTESIAN_POINT('',(140.8,54.,182.2));
#7715 = VECTOR('',#7716,1.);
#7716 = DIRECTION('',(0.,0.,1.));
#7717 = ORIENTED_EDGE('',*,*,#7718,.T.);
#7718 = EDGE_CURVE('',#7711,#7719,#7721,.T.);
#7719 = VERTEX_POINT('',#7720);
#7720 = CARTESIAN_POINT('',(142.2,54.,184.6));
#7721 = LINE('',#7722,#7723);
#7722 = CARTESIAN_POINT('',(139.4,54.,184.6));
#7723 = VECTOR('',#7724,1.);
#7724 = DIRECTION('',(1.,0.,-0.));
#7725 = ORIENTED_EDGE('',*,*,#7726,.T.);
#7726 = EDGE_CURVE('',#7719,#7727,#7729,.T.);
#7727 = VERTEX_POINT('',#7728);
#7728 = CARTESIAN_POINT('',(142.2,54.,196.));
#7729 = LINE('',#7730,#7731);
#7730 = CARTESIAN_POINT('',(142.2,54.,184.6));
#7731 = VECTOR('',#7732,1.);
#7732 = DIRECTION('',(0.,0.,1.));
#7733 = ORIENTED_EDGE('',*,*,#7734,.F.);
#7734 = EDGE_CURVE('',#7735,#7727,#7737,.T.);
#7735 = VERTEX_POINT('',#7736);
#7736 = CARTESIAN_POINT('',(139.4,54.,196.));
#7737 = LINE('',#7738,#7739);
#7738 = CARTESIAN_POINT('',(139.4,54.,196.));
#7739 = VECTOR('',#7740,1.);
#7740 = DIRECTION('',(1.,0.,-0.));
#7741 = ORIENTED_EDGE('',*,*,#7742,.T.);
#7742 = EDGE_CURVE('',#7735,#7743,#7745,.T.);
#7743 = VERTEX_POINT('',#7744);
#7744 = CARTESIAN_POINT('',(139.4,54.,209.1));
#7745 = LINE('',#7746,#7747);
#7746 = CARTESIAN_POINT('',(139.4,54.,184.6));
#7747 = VECTOR('',#7748,1.);
#7748 = DIRECTION('',(0.,0.,1.));
#7749 = ORIENTED_EDGE('',*,*,#7750,.F.);
#7750 = EDGE_CURVE('',#7751,#7743,#7753,.T.);
#7751 = VERTEX_POINT('',#7752);
#7752 = CARTESIAN_POINT('',(124.,54.,209.1));
#7753 = LINE('',#7754,#7755);
#7754 = CARTESIAN_POINT('',(124.,54.,209.1));
#7755 = VECTOR('',#7756,1.);
#7756 = DIRECTION('',(1.,0.,-0.));
#7757 = ORIENTED_EDGE('',*,*,#7758,.F.);
#7758 = EDGE_CURVE('',#7759,#7751,#7761,.T.);
#7759 = VERTEX_POINT('',#7760);
#7760 = CARTESIAN_POINT('',(124.,54.,184.6));
#7761 = LINE('',#7762,#7763);
#7762 = CARTESIAN_POINT('',(124.,54.,184.6));
#7763 = VECTOR('',#7764,1.);
#7764 = DIRECTION('',(0.,0.,1.));
#7765 = ORIENTED_EDGE('',*,*,#7766,.F.);
#7766 = EDGE_CURVE('',#7767,#7759,#7769,.T.);
#7767 = VERTEX_POINT('',#7768);
#7768 = CARTESIAN_POINT('',(62.,54.,184.6));
#7769 = LINE('',#7770,#7771);
#7770 = CARTESIAN_POINT('',(45.2,54.,184.6));
#7771 = VECTOR('',#7772,1.);
#7772 = DIRECTION('',(1.,0.,-0.));
#7773 = ORIENTED_EDGE('',*,*,#7774,.T.);
#7774 = EDGE_CURVE('',#7767,#7775,#7777,.T.);
#7775 = VERTEX_POINT('',#7776);
#7776 = CARTESIAN_POINT('',(62.,54.,209.1));
#7777 = LINE('',#7778,#7779);
#7778 = CARTESIAN_POINT('',(62.,54.,184.6));
#7779 = VECTOR('',#7780,1.);
#7780 = DIRECTION('',(0.,0.,1.));
#7781 = ORIENTED_EDGE('',*,*,#7782,.F.);
#7782 = EDGE_CURVE('',#7631,#7775,#7783,.T.);
#7783 = LINE('',#7784,#7785);
#7784 = CARTESIAN_POINT('',(46.6,54.,209.1));
#7785 = VECTOR('',#7786,1.);
#7786 = DIRECTION('',(1.,0.,-0.));
#7787 = FACE_BOUND('',#7788,.T.);
#7788 = EDGE_LOOP('',(#7789,#7799,#7807,#7815));
#7789 = ORIENTED_EDGE('',*,*,#7790,.F.);
#7790 = EDGE_CURVE('',#7791,#7793,#7795,.T.);
#7791 = VERTEX_POINT('',#7792);
#7792 = CARTESIAN_POINT('',(100.5,54.,142.));
#7793 = VERTEX_POINT('',#7794);
#7794 = CARTESIAN_POINT('',(100.5,54.,166.));
#7795 = LINE('',#7796,#7797);
#7796 = CARTESIAN_POINT('',(100.5,54.,142.));
#7797 = VECTOR('',#7798,1.);
#7798 = DIRECTION('',(0.,0.,1.));
#7799 = ORIENTED_EDGE('',*,*,#7800,.T.);
#7800 = EDGE_CURVE('',#7791,#7801,#7803,.T.);
#7801 = VERTEX_POINT('',#7802);
#7802 = CARTESIAN_POINT('',(130.5,54.,142.));
#7803 = LINE('',#7804,#7805);
#7804 = CARTESIAN_POINT('',(100.5,54.,142.));
#7805 = VECTOR('',#7806,1.);
#7806 = DIRECTION('',(1.,0.,-0.));
#7807 = ORIENTED_EDGE('',*,*,#7808,.T.);
#7808 = EDGE_CURVE('',#7801,#7809,#7811,.T.);
#7809 = VERTEX_POINT('',#7810);
#7810 = CARTESIAN_POINT('',(130.5,54.,166.));
#7811 = LINE('',#7812,#7813);
#7812 = CARTESIAN_POINT('',(130.5,54.,142.));
#7813 = VECTOR('',#7814,1.);
#7814 = DIRECTION('',(0.,0.,1.));
#7815 = ORIENTED_EDGE('',*,*,#7816,.F.);
#7816 = EDGE_CURVE('',#7793,#7809,#7817,.T.);
#7817 = LINE('',#7818,#7819);
#7818 = CARTESIAN_POINT('',(100.5,54.,166.));
#7819 = VECTOR('',#7820,1.);
#7820 = DIRECTION('',(1.,0.,-0.));
#7821 = PLANE('',#7822);
#7822 = AXIS2_PLACEMENT_3D('',#7823,#7824,#7825);
#7823 = CARTESIAN_POINT('',(20.,54.,137.));
#7824 = DIRECTION('',(-0.,1.,0.));
#7825 = DIRECTION('',(0.,0.,1.));
#7826 = ADVANCED_FACE('',(#7827),#7838,.F.);
#7827 = FACE_BOUND('',#7828,.F.);
#7828 = EDGE_LOOP('',(#7829,#7830,#7836,#7837));
#7829 = ORIENTED_EDGE('',*,*,#7480,.F.);
#7830 = ORIENTED_EDGE('',*,*,#7831,.T.);
#7831 = EDGE_CURVE('',#7481,#7391,#7832,.T.);
#7832 = LINE('',#7833,#7834);
#7833 = CARTESIAN_POINT('',(166.,54.,141.));
#7834 = VECTOR('',#7835,1.);
#7835 = DIRECTION('',(-0.,1.,0.));
#7836 = ORIENTED_EDGE('',*,*,#7390,.T.);
#7837 = ORIENTED_EDGE('',*,*,#6336,.F.);
#7838 = PLANE('',#7839);
#7839 = AXIS2_PLACEMENT_3D('',#7840,#7841,#7842);
#7840 = CARTESIAN_POINT('',(166.,54.,137.));
#7841 = DIRECTION('',(1.,0.,-0.));
#7842 = DIRECTION('',(0.,0.,1.));
#7843 = ADVANCED_FACE('',(#7844),#7855,.F.);
#7844 = FACE_BOUND('',#7845,.F.);
#7845 = EDGE_LOOP('',(#7846,#7847,#7853,#7854));
#7846 = ORIENTED_EDGE('',*,*,#6639,.F.);
#7847 = ORIENTED_EDGE('',*,*,#7848,.T.);
#7848 = EDGE_CURVE('',#6640,#6788,#7849,.T.);
#7849 = LINE('',#7850,#7851);
#7850 = CARTESIAN_POINT('',(85.5,148.5,211.5));
#7851 = VECTOR('',#7852,1.);
#7852 = DIRECTION('',(1.,0.,-0.));
#7853 = ORIENTED_EDGE('',*,*,#6787,.T.);
#7854 = ORIENTED_EDGE('',*,*,#6614,.T.);
#7855 = PLANE('',#7856);
#7856 = AXIS2_PLACEMENT_3D('',#7857,#7858,#7859);
#7857 = CARTESIAN_POINT('',(85.5,148.5,211.5));
#7858 = DIRECTION('',(0.,0.,1.));
#7859 = DIRECTION('',(1.,0.,-0.));
#7860 = ADVANCED_FACE('',(#7861),#7872,.T.);
#7861 = FACE_BOUND('',#7862,.T.);
#7862 = EDGE_LOOP('',(#7863,#7864,#7870,#7871));
#7863 = ORIENTED_EDGE('',*,*,#6655,.F.);
#7864 = ORIENTED_EDGE('',*,*,#7865,.T.);
#7865 = EDGE_CURVE('',#6648,#6796,#7866,.T.);
#7866 = LINE('',#7867,#7868);
#7867 = CARTESIAN_POINT('',(85.5,148.5,209.));
#7868 = VECTOR('',#7869,1.);
#7869 = DIRECTION('',(1.,0.,-0.));
#7870 = ORIENTED_EDGE('',*,*,#6803,.T.);
#7871 = ORIENTED_EDGE('',*,*,#6683,.F.);
#7872 = PLANE('',#7873);
#7873 = AXIS2_PLACEMENT_3D('',#7874,#7875,#7876);
#7874 = CARTESIAN_POINT('',(85.5,148.5,209.));
#7875 = DIRECTION('',(0.,0.,1.));
#7876 = DIRECTION('',(1.,0.,-0.));
#7877 = ADVANCED_FACE('',(#7878),#7884,.T.);
#7878 = FACE_BOUND('',#7879,.T.);
#7879 = EDGE_LOOP('',(#7880,#7881,#7882,#7883));
#7880 = ORIENTED_EDGE('',*,*,#7865,.F.);
#7881 = ORIENTED_EDGE('',*,*,#6647,.T.);
#7882 = ORIENTED_EDGE('',*,*,#7848,.T.);
#7883 = ORIENTED_EDGE('',*,*,#6795,.F.);
#7884 = PLANE('',#7885);
#7885 = AXIS2_PLACEMENT_3D('',#7886,#7887,#7888);
#7886 = CARTESIAN_POINT('',(85.5,148.5,209.));
#7887 = DIRECTION('',(-0.,1.,0.));
#7888 = DIRECTION('',(0.,0.,1.));
#7889 = ADVANCED_FACE('',(#7890),#7896,.F.);
#7890 = FACE_BOUND('',#7891,.F.);
#7891 = EDGE_LOOP('',(#7892,#7893,#7894,#7895));
#7892 = ORIENTED_EDGE('',*,*,#7000,.F.);
#7893 = ORIENTED_EDGE('',*,*,#7416,.T.);
#7894 = ORIENTED_EDGE('',*,*,#6943,.T.);
#7895 = ORIENTED_EDGE('',*,*,#6731,.F.);
#7896 = PLANE('',#7897);
#7897 = AXIS2_PLACEMENT_3D('',#7898,#7899,#7900);
#7898 = CARTESIAN_POINT('',(42.5,148.,165.7));
#7899 = DIRECTION('',(0.,0.,1.));
#7900 = DIRECTION('',(1.,0.,-0.));
#7901 = ADVANCED_FACE('',(#7902),#7908,.F.);
#7902 = FACE_BOUND('',#7903,.F.);
#7903 = EDGE_LOOP('',(#7904,#7905,#7906,#7907));
#7904 = ORIENTED_EDGE('',*,*,#6903,.F.);
#7905 = ORIENTED_EDGE('',*,*,#7432,.T.);
#7906 = ORIENTED_EDGE('',*,*,#6846,.T.);
#7907 = ORIENTED_EDGE('',*,*,#6708,.F.);
#7908 = PLANE('',#7909);
#7909 = AXIS2_PLACEMENT_3D('',#7910,#7911,#7912);
#7910 = CARTESIAN_POINT('',(124.5,148.,165.7));
#7911 = DIRECTION('',(0.,0.,1.));
#7912 = DIRECTION('',(1.,0.,-0.));
#7913 = ADVANCED_FACE('',(#7914),#7930,.F.);
#7914 = FACE_BOUND('',#7915,.F.);
#7915 = EDGE_LOOP('',(#7916,#7922,#7923,#7929));
#7916 = ORIENTED_EDGE('',*,*,#7917,.F.);
#7917 = EDGE_CURVE('',#7443,#6750,#7918,.T.);
#7918 = LINE('',#7919,#7920);
#7919 = CARTESIAN_POINT('',(160.9,147.,208.5));
#7920 = VECTOR('',#7921,1.);
#7921 = DIRECTION('',(-0.,1.,0.));
#7922 = ORIENTED_EDGE('',*,*,#7466,.T.);
#7923 = ORIENTED_EDGE('',*,*,#7924,.T.);
#7924 = EDGE_CURVE('',#7459,#6748,#7925,.T.);
#7925 = LINE('',#7926,#7927);
#7926 = CARTESIAN_POINT('',(160.9,147.,168.));
#7927 = VECTOR('',#7928,1.);
#7928 = DIRECTION('',(-0.,1.,0.));
#7929 = ORIENTED_EDGE('',*,*,#6747,.T.);
#7930 = PLANE('',#7931);
#7931 = AXIS2_PLACEMENT_3D('',#7932,#7933,#7934);
#7932 = CARTESIAN_POINT('',(160.9,147.,168.));
#7933 = DIRECTION('',(1.,0.,-0.));
#7934 = DIRECTION('',(0.,0.,1.));
#7935 = ADVANCED_FACE('',(#7936),#7947,.T.);
#7936 = FACE_BOUND('',#7937,.T.);
#7937 = EDGE_LOOP('',(#7938,#7944,#7945,#7946));
#7938 = ORIENTED_EDGE('',*,*,#7939,.F.);
#7939 = EDGE_CURVE('',#7451,#6766,#7940,.T.);
#7940 = LINE('',#7941,#7942);
#7941 = CARTESIAN_POINT('',(25.1,147.,168.));
#7942 = VECTOR('',#7943,1.);
#7943 = DIRECTION('',(-0.,1.,0.));
#7944 = ORIENTED_EDGE('',*,*,#7458,.T.);
#7945 = ORIENTED_EDGE('',*,*,#7924,.T.);
#7946 = ORIENTED_EDGE('',*,*,#6773,.T.);
#7947 = PLANE('',#7948);
#7948 = AXIS2_PLACEMENT_3D('',#7949,#7950,#7951);
#7949 = CARTESIAN_POINT('',(25.1,147.,168.));
#7950 = DIRECTION('',(0.,0.,1.));
#7951 = DIRECTION('',(1.,0.,-0.));
#7952 = ADVANCED_FACE('',(#7953),#7964,.F.);
#7953 = FACE_BOUND('',#7954,.F.);
#7954 = EDGE_LOOP('',(#7955,#7961,#7962,#7963));
#7955 = ORIENTED_EDGE('',*,*,#7956,.F.);
#7956 = EDGE_CURVE('',#7441,#6758,#7957,.T.);
#7957 = LINE('',#7958,#7959);
#7958 = CARTESIAN_POINT('',(25.1,147.,208.5));
#7959 = VECTOR('',#7960,1.);
#7960 = DIRECTION('',(-0.,1.,0.));
#7961 = ORIENTED_EDGE('',*,*,#7440,.T.);
#7962 = ORIENTED_EDGE('',*,*,#7917,.T.);
#7963 = ORIENTED_EDGE('',*,*,#6757,.T.);
#7964 = PLANE('',#7965);
#7965 = AXIS2_PLACEMENT_3D('',#7966,#7967,#7968);
#7966 = CARTESIAN_POINT('',(25.1,147.,208.5));
#7967 = DIRECTION('',(0.,0.,1.));
#7968 = DIRECTION('',(1.,0.,-0.));
#7969 = ADVANCED_FACE('',(#7970),#7976,.T.);
#7970 = FACE_BOUND('',#7971,.T.);
#7971 = EDGE_LOOP('',(#7972,#7973,#7974,#7975));
#7972 = ORIENTED_EDGE('',*,*,#7956,.F.);
#7973 = ORIENTED_EDGE('',*,*,#7450,.T.);
#7974 = ORIENTED_EDGE('',*,*,#7939,.T.);
#7975 = ORIENTED_EDGE('',*,*,#6765,.T.);
#7976 = PLANE('',#7977);
#7977 = AXIS2_PLACEMENT_3D('',#7978,#7979,#7980);
#7978 = CARTESIAN_POINT('',(25.1,147.,168.));
#7979 = DIRECTION('',(1.,0.,-0.));
#7980 = DIRECTION('',(0.,0.,1.));
#7981 = ADVANCED_FACE('',(#7982),#7988,.T.);
#7982 = FACE_BOUND('',#7983,.T.);
#7983 = EDGE_LOOP('',(#7984,#7985,#7986,#7987));
#7984 = ORIENTED_EDGE('',*,*,#6894,.F.);
#7985 = ORIENTED_EDGE('',*,*,#7425,.T.);
#7986 = ORIENTED_EDGE('',*,*,#6830,.T.);
#7987 = ORIENTED_EDGE('',*,*,#6861,.F.);
#7988 = PLANE('',#7989);
#7989 = AXIS2_PLACEMENT_3D('',#7990,#7991,#7992);
#7990 = CARTESIAN_POINT('',(124.5,148.,161.5));
#7991 = DIRECTION('',(0.,0.,1.));
#7992 = DIRECTION('',(1.,0.,-0.));
#7993 = ADVANCED_FACE('',(#7994),#8000,.T.);
#7994 = FACE_BOUND('',#7995,.T.);
#7995 = EDGE_LOOP('',(#7996,#7997,#7998,#7999));
#7996 = ORIENTED_EDGE('',*,*,#6991,.F.);
#7997 = ORIENTED_EDGE('',*,*,#7409,.T.);
#7998 = ORIENTED_EDGE('',*,*,#6927,.T.);
#7999 = ORIENTED_EDGE('',*,*,#6958,.F.);
#8000 = PLANE('',#8001);
#8001 = AXIS2_PLACEMENT_3D('',#8002,#8003,#8004);
#8002 = CARTESIAN_POINT('',(42.5,148.,161.5));
#8003 = DIRECTION('',(0.,0.,1.));
#8004 = DIRECTION('',(1.,0.,-0.));
#8005 = ADVANCED_FACE('',(#8006,#8090,#8110),#8158,.F.);
#8006 = FACE_BOUND('',#8007,.F.);
#8007 = EDGE_LOOP('',(#8008,#8009,#8010,#8018,#8026,#8034,#8042,#8048,
    #8049,#8050,#8051,#8059,#8067,#8075,#8083,#8089));
#8008 = ORIENTED_EDGE('',*,*,#7031,.F.);
#8009 = ORIENTED_EDGE('',*,*,#7071,.T.);
#8010 = ORIENTED_EDGE('',*,*,#8011,.F.);
#8011 = EDGE_CURVE('',#8012,#7064,#8014,.T.);
#8012 = VERTEX_POINT('',#8013);
#8013 = CARTESIAN_POINT('',(182.7,94.5,138.));
#8014 = LINE('',#8015,#8016);
#8015 = CARTESIAN_POINT('',(182.7,94.5,138.));
#8016 = VECTOR('',#8017,1.);
#8017 = DIRECTION('',(1.,0.,0.));
#8018 = ORIENTED_EDGE('',*,*,#8019,.F.);
#8019 = EDGE_CURVE('',#8020,#8012,#8022,.T.);
#8020 = VERTEX_POINT('',#8021);
#8021 = CARTESIAN_POINT('',(180.3,94.5,138.));
#8022 = LINE('',#8023,#8024);
#8023 = CARTESIAN_POINT('',(91.298381490812,94.5,138.));
#8024 = VECTOR('',#8025,1.);
#8025 = DIRECTION('',(1.,0.,0.));
#8026 = ORIENTED_EDGE('',*,*,#8027,.T.);
#8027 = EDGE_CURVE('',#8020,#8028,#8030,.T.);
#8028 = VERTEX_POINT('',#8029);
#8029 = CARTESIAN_POINT('',(180.3,105.5,138.));
#8030 = LINE('',#8031,#8032);
#8031 = CARTESIAN_POINT('',(180.3,94.5,138.));
#8032 = VECTOR('',#8033,1.);
#8033 = DIRECTION('',(0.,1.,0.));
#8034 = ORIENTED_EDGE('',*,*,#8035,.T.);
#8035 = EDGE_CURVE('',#8028,#8036,#8038,.T.);
#8036 = VERTEX_POINT('',#8037);
#8037 = CARTESIAN_POINT('',(182.7,105.5,138.));
#8038 = LINE('',#8039,#8040);
#8039 = CARTESIAN_POINT('',(91.298381490812,105.5,138.));
#8040 = VECTOR('',#8041,1.);
#8041 = DIRECTION('',(1.,0.,0.));
#8042 = ORIENTED_EDGE('',*,*,#8043,.T.);
#8043 = EDGE_CURVE('',#8036,#7056,#8044,.T.);
#8044 = LINE('',#8045,#8046);
#8045 = CARTESIAN_POINT('',(182.7,105.5,138.));
#8046 = VECTOR('',#8047,1.);
#8047 = DIRECTION('',(1.,0.,0.));
#8048 = ORIENTED_EDGE('',*,*,#7055,.T.);
#8049 = ORIENTED_EDGE('',*,*,#7095,.T.);
#8050 = ORIENTED_EDGE('',*,*,#7112,.F.);
#8051 = ORIENTED_EDGE('',*,*,#8052,.F.);
#8052 = EDGE_CURVE('',#8053,#7113,#8055,.T.);
#8053 = VERTEX_POINT('',#8054);
#8054 = CARTESIAN_POINT('',(3.3,105.5,138.));
#8055 = LINE('',#8056,#8057);
#8056 = CARTESIAN_POINT('',(3.3,105.5,138.));
#8057 = VECTOR('',#8058,1.);
#8058 = DIRECTION('',(-1.,0.,0.));
#8059 = ORIENTED_EDGE('',*,*,#8060,.F.);
#8060 = EDGE_CURVE('',#8061,#8053,#8063,.T.);
#8061 = VERTEX_POINT('',#8062);
#8062 = CARTESIAN_POINT('',(5.7,105.5,138.));
#8063 = LINE('',#8064,#8065);
#8064 = CARTESIAN_POINT('',(1.701618509188,105.5,138.));
#8065 = VECTOR('',#8066,1.);
#8066 = DIRECTION('',(-1.,0.,0.));
#8067 = ORIENTED_EDGE('',*,*,#8068,.F.);
#8068 = EDGE_CURVE('',#8069,#8061,#8071,.T.);
#8069 = VERTEX_POINT('',#8070);
#8070 = CARTESIAN_POINT('',(5.7,94.5,138.));
#8071 = LINE('',#8072,#8073);
#8072 = CARTESIAN_POINT('',(5.7,94.5,138.));
#8073 = VECTOR('',#8074,1.);
#8074 = DIRECTION('',(0.,1.,0.));
#8075 = ORIENTED_EDGE('',*,*,#8076,.T.);
#8076 = EDGE_CURVE('',#8069,#8077,#8079,.T.);
#8077 = VERTEX_POINT('',#8078);
#8078 = CARTESIAN_POINT('',(3.3,94.5,138.));
#8079 = LINE('',#8080,#8081);
#8080 = CARTESIAN_POINT('',(1.701618509188,94.5,138.));
#8081 = VECTOR('',#8082,1.);
#8082 = DIRECTION('',(-1.,0.,0.));
#8083 = ORIENTED_EDGE('',*,*,#8084,.T.);
#8084 = EDGE_CURVE('',#8077,#7121,#8085,.T.);
#8085 = LINE('',#8086,#8087);
#8086 = CARTESIAN_POINT('',(3.3,94.5,138.));
#8087 = VECTOR('',#8088,1.);
#8088 = DIRECTION('',(-1.,0.,0.));
#8089 = ORIENTED_EDGE('',*,*,#7128,.F.);
#8090 = FACE_BOUND('',#8091,.F.);
#8091 = EDGE_LOOP('',(#8092,#8100,#8101,#8102,#8103,#8104));
#8092 = ORIENTED_EDGE('',*,*,#8093,.T.);
#8093 = EDGE_CURVE('',#8094,#7280,#8096,.T.);
#8094 = VERTEX_POINT('',#8095);
#8095 = CARTESIAN_POINT('',(183.,3.5,138.));
#8096 = LINE('',#8097,#8098);
#8097 = CARTESIAN_POINT('',(1.5,3.5,138.));
#8098 = VECTOR('',#8099,1.);
#8099 = DIRECTION('',(-1.,-0.,0.));
#8100 = ORIENTED_EDGE('',*,*,#7287,.T.);
#8101 = ORIENTED_EDGE('',*,*,#7152,.T.);
#8102 = ORIENTED_EDGE('',*,*,#7213,.F.);
#8103 = ORIENTED_EDGE('',*,*,#7343,.F.);
#8104 = ORIENTED_EDGE('',*,*,#8105,.F.);
#8105 = EDGE_CURVE('',#8094,#7336,#8106,.T.);
#8106 = LINE('',#8107,#8108);
#8107 = CARTESIAN_POINT('',(183.,1.75,138.));
#8108 = VECTOR('',#8109,1.);
#8109 = DIRECTION('',(-0.,1.,0.));
#8110 = FACE_BOUND('',#8111,.F.);
#8111 = EDGE_LOOP('',(#8112,#8120,#8121,#8127,#8128,#8136,#8144,#8152));
#8112 = ORIENTED_EDGE('',*,*,#8113,.T.);
#8113 = EDGE_CURVE('',#8114,#7529,#8116,.T.);
#8114 = VERTEX_POINT('',#8115);
#8115 = CARTESIAN_POINT('',(166.,54.,138.));
#8116 = LINE('',#8117,#8118);
#8117 = CARTESIAN_POINT('',(10.,54.,138.));
#8118 = VECTOR('',#8119,1.);
#8119 = DIRECTION('',(-1.,-0.,0.));
#8120 = ORIENTED_EDGE('',*,*,#7536,.T.);
#8121 = ORIENTED_EDGE('',*,*,#8122,.T.);
#8122 = EDGE_CURVE('',#7537,#7561,#8123,.T.);
#8123 = LINE('',#8124,#8125);
#8124 = CARTESIAN_POINT('',(10.,54.,138.));
#8125 = VECTOR('',#8126,1.);
#8126 = DIRECTION('',(-1.,-0.,0.));
#8127 = ORIENTED_EDGE('',*,*,#7568,.T.);
#8128 = ORIENTED_EDGE('',*,*,#8129,.T.);
#8129 = EDGE_CURVE('',#7569,#8130,#8132,.T.);
#8130 = VERTEX_POINT('',#8131);
#8131 = CARTESIAN_POINT('',(20.,54.,138.));
#8132 = LINE('',#8133,#8134);
#8133 = CARTESIAN_POINT('',(10.,54.,138.));
#8134 = VECTOR('',#8135,1.);
#8135 = DIRECTION('',(-1.,-0.,0.));
#8136 = ORIENTED_EDGE('',*,*,#8137,.T.);
#8137 = EDGE_CURVE('',#8130,#8138,#8140,.T.);
#8138 = VERTEX_POINT('',#8139);
#8139 = CARTESIAN_POINT('',(20.,148.,138.));
#8140 = LINE('',#8141,#8142);
#8141 = CARTESIAN_POINT('',(20.,27.,138.));
#8142 = VECTOR('',#8143,1.);
#8143 = DIRECTION('',(-0.,1.,0.));
#8144 = ORIENTED_EDGE('',*,*,#8145,.F.);
#8145 = EDGE_CURVE('',#8146,#8138,#8148,.T.);
#8146 = VERTEX_POINT('',#8147);
#8147 = CARTESIAN_POINT('',(166.,148.,138.));
#8148 = LINE('',#8149,#8150);
#8149 = CARTESIAN_POINT('',(10.,148.,138.));
#8150 = VECTOR('',#8151,1.);
#8151 = DIRECTION('',(-1.,-0.,0.));
#8152 = ORIENTED_EDGE('',*,*,#8153,.F.);
#8153 = EDGE_CURVE('',#8114,#8146,#8154,.T.);
#8154 = LINE('',#8155,#8156);
#8155 = CARTESIAN_POINT('',(166.,27.,138.));
#8156 = VECTOR('',#8157,1.);
#8157 = DIRECTION('',(-0.,1.,0.));
#8158 = PLANE('',#8159);
#8159 = AXIS2_PLACEMENT_3D('',#8160,#8161,#8162);
#8160 = CARTESIAN_POINT('',(0.,0.,138.));
#8161 = DIRECTION('',(0.,0.,1.));
#8162 = DIRECTION('',(1.,0.,-0.));
#8163 = ADVANCED_FACE('',(#8164),#8175,.F.);
#8164 = FACE_BOUND('',#8165,.F.);
#8165 = EDGE_LOOP('',(#8166,#8167,#8168,#8169));
#8166 = ORIENTED_EDGE('',*,*,#8011,.T.);
#8167 = ORIENTED_EDGE('',*,*,#7063,.T.);
#8168 = ORIENTED_EDGE('',*,*,#8043,.F.);
#8169 = ORIENTED_EDGE('',*,*,#8170,.F.);
#8170 = EDGE_CURVE('',#8012,#8036,#8171,.T.);
#8171 = LINE('',#8172,#8173);
#8172 = CARTESIAN_POINT('',(182.7,94.5,138.));
#8173 = VECTOR('',#8174,1.);
#8174 = DIRECTION('',(0.,1.,0.));
#8175 = PLANE('',#8176);
#8176 = AXIS2_PLACEMENT_3D('',#8177,#8178,#8179);
#8177 = CARTESIAN_POINT('',(0.,0.,138.));
#8178 = DIRECTION('',(0.,0.,1.));
#8179 = DIRECTION('',(1.,0.,-0.));
#8180 = ADVANCED_FACE('',(#8181),#8192,.F.);
#8181 = FACE_BOUND('',#8182,.F.);
#8182 = EDGE_LOOP('',(#8183,#8184,#8185,#8191));
#8183 = ORIENTED_EDGE('',*,*,#7120,.F.);
#8184 = ORIENTED_EDGE('',*,*,#8084,.F.);
#8185 = ORIENTED_EDGE('',*,*,#8186,.T.);
#8186 = EDGE_CURVE('',#8077,#8053,#8187,.T.);
#8187 = LINE('',#8188,#8189);
#8188 = CARTESIAN_POINT('',(3.3,94.5,138.));
#8189 = VECTOR('',#8190,1.);
#8190 = DIRECTION('',(0.,1.,0.));
#8191 = ORIENTED_EDGE('',*,*,#8052,.T.);
#8192 = PLANE('',#8193);
#8193 = AXIS2_PLACEMENT_3D('',#8194,#8195,#8196);
#8194 = CARTESIAN_POINT('',(0.,0.,138.));
#8195 = DIRECTION('',(0.,0.,1.));
#8196 = DIRECTION('',(1.,0.,-0.));
#8197 = ADVANCED_FACE('',(#8198),#8216,.F.);
#8198 = FACE_BOUND('',#8199,.F.);
#8199 = EDGE_LOOP('',(#8200,#8201,#8202,#8210));
#8200 = ORIENTED_EDGE('',*,*,#7191,.F.);
#8201 = ORIENTED_EDGE('',*,*,#7294,.T.);
#8202 = ORIENTED_EDGE('',*,*,#8203,.T.);
#8203 = EDGE_CURVE('',#7295,#8204,#8206,.T.);
#8204 = VERTEX_POINT('',#8205);
#8205 = CARTESIAN_POINT('',(88.5,5.5,185.));
#8206 = LINE('',#8207,#8208);
#8207 = CARTESIAN_POINT('',(88.5,3.5,185.));
#8208 = VECTOR('',#8209,1.);
#8209 = DIRECTION('',(-0.,1.,0.));
#8210 = ORIENTED_EDGE('',*,*,#8211,.F.);
#8211 = EDGE_CURVE('',#7184,#8204,#8212,.T.);
#8212 = LINE('',#8213,#8214);
#8213 = CARTESIAN_POINT('',(3.,5.5,185.));
#8214 = VECTOR('',#8215,1.);
#8215 = DIRECTION('',(1.,0.,-0.));
#8216 = PLANE('',#8217);
#8217 = AXIS2_PLACEMENT_3D('',#8218,#8219,#8220);
#8218 = CARTESIAN_POINT('',(3.,3.5,185.));
#8219 = DIRECTION('',(0.,0.,1.));
#8220 = DIRECTION('',(1.,0.,-0.));
#8221 = ADVANCED_FACE('',(#8222),#8240,.T.);
#8222 = FACE_BOUND('',#8223,.T.);
#8223 = EDGE_LOOP('',(#8224,#8225,#8226,#8234));
#8224 = ORIENTED_EDGE('',*,*,#8211,.F.);
#8225 = ORIENTED_EDGE('',*,*,#7183,.T.);
#8226 = ORIENTED_EDGE('',*,*,#8227,.T.);
#8227 = EDGE_CURVE('',#7176,#8228,#8230,.T.);
#8228 = VERTEX_POINT('',#8229);
#8229 = CARTESIAN_POINT('',(88.5,5.5,200.));
#8230 = LINE('',#8231,#8232);
#8231 = CARTESIAN_POINT('',(3.,5.5,200.));
#8232 = VECTOR('',#8233,1.);
#8233 = DIRECTION('',(1.,0.,-0.));
#8234 = ORIENTED_EDGE('',*,*,#8235,.F.);
#8235 = EDGE_CURVE('',#8204,#8228,#8236,.T.);
#8236 = LINE('',#8237,#8238);
#8237 = CARTESIAN_POINT('',(88.5,5.5,185.));
#8238 = VECTOR('',#8239,1.);
#8239 = DIRECTION('',(0.,0.,1.));
#8240 = PLANE('',#8241);
#8241 = AXIS2_PLACEMENT_3D('',#8242,#8243,#8244);
#8242 = CARTESIAN_POINT('',(3.,5.5,185.));
#8243 = DIRECTION('',(-0.,1.,0.));
#8244 = DIRECTION('',(0.,0.,1.));
#8245 = ADVANCED_FACE('',(#8246),#8257,.T.);
#8246 = FACE_BOUND('',#8247,.T.);
#8247 = EDGE_LOOP('',(#8248,#8249,#8250,#8256));
#8248 = ORIENTED_EDGE('',*,*,#7175,.F.);
#8249 = ORIENTED_EDGE('',*,*,#7310,.T.);
#8250 = ORIENTED_EDGE('',*,*,#8251,.T.);
#8251 = EDGE_CURVE('',#7303,#8228,#8252,.T.);
#8252 = LINE('',#8253,#8254);
#8253 = CARTESIAN_POINT('',(88.5,3.5,200.));
#8254 = VECTOR('',#8255,1.);
#8255 = DIRECTION('',(-0.,1.,0.));
#8256 = ORIENTED_EDGE('',*,*,#8227,.F.);
#8257 = PLANE('',#8258);
#8258 = AXIS2_PLACEMENT_3D('',#8259,#8260,#8261);
#8259 = CARTESIAN_POINT('',(3.,3.5,200.));
#8260 = DIRECTION('',(0.,0.,1.));
#8261 = DIRECTION('',(1.,0.,-0.));
#8262 = ADVANCED_FACE('',(#8263),#8279,.F.);
#8263 = FACE_BOUND('',#8264,.F.);
#8264 = EDGE_LOOP('',(#8265,#8271,#8272,#8278));
#8265 = ORIENTED_EDGE('',*,*,#8266,.F.);
#8266 = EDGE_CURVE('',#7224,#7505,#8267,.T.);
#8267 = LINE('',#8268,#8269);
#8268 = CARTESIAN_POINT('',(134.,46.5,166.));
#8269 = VECTOR('',#8270,1.);
#8270 = DIRECTION('',(-0.,1.,0.));
#8271 = ORIENTED_EDGE('',*,*,#7223,.T.);
#8272 = ORIENTED_EDGE('',*,*,#8273,.T.);
#8273 = EDGE_CURVE('',#7226,#7497,#8274,.T.);
#8274 = LINE('',#8275,#8276);
#8275 = CARTESIAN_POINT('',(164.,46.5,166.));
#8276 = VECTOR('',#8277,1.);
#8277 = DIRECTION('',(-0.,1.,0.));
#8278 = ORIENTED_EDGE('',*,*,#7504,.F.);
#8279 = PLANE('',#8280);
#8280 = AXIS2_PLACEMENT_3D('',#8281,#8282,#8283);
#8281 = CARTESIAN_POINT('',(134.,46.5,166.));
#8282 = DIRECTION('',(0.,0.,1.));
#8283 = DIRECTION('',(1.,0.,-0.));
#8284 = ADVANCED_FACE('',(#8285),#8312,.F.);
#8285 = FACE_BOUND('',#8286,.F.);
#8286 = EDGE_LOOP('',(#8287,#8288,#8289,#8297,#8305,#8311));
#8287 = ORIENTED_EDGE('',*,*,#8273,.F.);
#8288 = ORIENTED_EDGE('',*,*,#7249,.T.);
#8289 = ORIENTED_EDGE('',*,*,#8290,.T.);
#8290 = EDGE_CURVE('',#7242,#8291,#8293,.T.);
#8291 = VERTEX_POINT('',#8292);
#8292 = CARTESIAN_POINT('',(164.,56.,140.));
#8293 = LINE('',#8294,#8295);
#8294 = CARTESIAN_POINT('',(164.,46.5,140.));
#8295 = VECTOR('',#8296,1.);
#8296 = DIRECTION('',(-0.,1.,0.));
#8297 = ORIENTED_EDGE('',*,*,#8298,.T.);
#8298 = EDGE_CURVE('',#8291,#8299,#8301,.T.);
#8299 = VERTEX_POINT('',#8300);
#8300 = CARTESIAN_POINT('',(164.,56.,141.));
#8301 = LINE('',#8302,#8303);
#8302 = CARTESIAN_POINT('',(164.,56.,140.));
#8303 = VECTOR('',#8304,1.);
#8304 = DIRECTION('',(0.,0.,1.));
#8305 = ORIENTED_EDGE('',*,*,#8306,.F.);
#8306 = EDGE_CURVE('',#7489,#8299,#8307,.T.);
#8307 = LINE('',#8308,#8309);
#8308 = CARTESIAN_POINT('',(164.,50.25,141.));
#8309 = VECTOR('',#8310,1.);
#8310 = DIRECTION('',(-0.,1.,0.));
#8311 = ORIENTED_EDGE('',*,*,#7496,.F.);
#8312 = PLANE('',#8313);
#8313 = AXIS2_PLACEMENT_3D('',#8314,#8315,#8316);
#8314 = CARTESIAN_POINT('',(164.,46.5,140.));
#8315 = DIRECTION('',(1.,0.,-0.));
#8316 = DIRECTION('',(0.,0.,1.));
#8317 = ADVANCED_FACE('',(#8318),#8336,.T.);
#8318 = FACE_BOUND('',#8319,.T.);
#8319 = EDGE_LOOP('',(#8320,#8328,#8329,#8330));
#8320 = ORIENTED_EDGE('',*,*,#8321,.F.);
#8321 = EDGE_CURVE('',#7234,#8322,#8324,.T.);
#8322 = VERTEX_POINT('',#8323);
#8323 = CARTESIAN_POINT('',(134.,56.,140.));
#8324 = LINE('',#8325,#8326);
#8325 = CARTESIAN_POINT('',(134.,46.5,140.));
#8326 = VECTOR('',#8327,1.);
#8327 = DIRECTION('',(-0.,1.,0.));
#8328 = ORIENTED_EDGE('',*,*,#7241,.T.);
#8329 = ORIENTED_EDGE('',*,*,#8290,.T.);
#8330 = ORIENTED_EDGE('',*,*,#8331,.F.);
#8331 = EDGE_CURVE('',#8322,#8291,#8332,.T.);
#8332 = LINE('',#8333,#8334);
#8333 = CARTESIAN_POINT('',(134.,56.,140.));
#8334 = VECTOR('',#8335,1.);
#8335 = DIRECTION('',(1.,0.,-0.));
#8336 = PLANE('',#8337);
#8337 = AXIS2_PLACEMENT_3D('',#8338,#8339,#8340);
#8338 = CARTESIAN_POINT('',(134.,46.5,140.));
#8339 = DIRECTION('',(0.,0.,1.));
#8340 = DIRECTION('',(1.,0.,-0.));
#8341 = ADVANCED_FACE('',(#8342),#8362,.T.);
#8342 = FACE_BOUND('',#8343,.T.);
#8343 = EDGE_LOOP('',(#8344,#8345,#8346,#8347,#8355,#8361));
#8344 = ORIENTED_EDGE('',*,*,#8266,.F.);
#8345 = ORIENTED_EDGE('',*,*,#7233,.T.);
#8346 = ORIENTED_EDGE('',*,*,#8321,.T.);
#8347 = ORIENTED_EDGE('',*,*,#8348,.T.);
#8348 = EDGE_CURVE('',#8322,#8349,#8351,.T.);
#8349 = VERTEX_POINT('',#8350);
#8350 = CARTESIAN_POINT('',(134.,56.,141.));
#8351 = LINE('',#8352,#8353);
#8352 = CARTESIAN_POINT('',(134.,56.,140.));
#8353 = VECTOR('',#8354,1.);
#8354 = DIRECTION('',(0.,0.,1.));
#8355 = ORIENTED_EDGE('',*,*,#8356,.F.);
#8356 = EDGE_CURVE('',#7513,#8349,#8357,.T.);
#8357 = LINE('',#8358,#8359);
#8358 = CARTESIAN_POINT('',(134.,50.25,141.));
#8359 = VECTOR('',#8360,1.);
#8360 = DIRECTION('',(-0.,1.,0.));
#8361 = ORIENTED_EDGE('',*,*,#7512,.F.);
#8362 = PLANE('',#8363);
#8363 = AXIS2_PLACEMENT_3D('',#8364,#8365,#8366);
#8364 = CARTESIAN_POINT('',(134.,46.5,140.));
#8365 = DIRECTION('',(1.,0.,-0.));
#8366 = DIRECTION('',(0.,0.,1.));
#8367 = ADVANCED_FACE('',(#8368),#8374,.T.);
#8368 = FACE_BOUND('',#8369,.T.);
#8369 = EDGE_LOOP('',(#8370,#8371,#8372,#8373));
#8370 = ORIENTED_EDGE('',*,*,#7302,.F.);
#8371 = ORIENTED_EDGE('',*,*,#8203,.T.);
#8372 = ORIENTED_EDGE('',*,*,#8235,.T.);
#8373 = ORIENTED_EDGE('',*,*,#8251,.F.);
#8374 = PLANE('',#8375);
#8375 = AXIS2_PLACEMENT_3D('',#8376,#8377,#8378);
#8376 = CARTESIAN_POINT('',(88.5,3.5,185.));
#8377 = DIRECTION('',(1.,0.,-0.));
#8378 = DIRECTION('',(0.,0.,1.));
#8379 = ADVANCED_FACE('',(#8380),#8405,.F.);
#8380 = FACE_BOUND('',#8381,.F.);
#8381 = EDGE_LOOP('',(#8382,#8383,#8391,#8399));
#8382 = ORIENTED_EDGE('',*,*,#7279,.F.);
#8383 = ORIENTED_EDGE('',*,*,#8384,.T.);
#8384 = EDGE_CURVE('',#7280,#8385,#8387,.T.);
#8385 = VERTEX_POINT('',#8386);
#8386 = CARTESIAN_POINT('',(170.,14.5,138.));
#8387 = LINE('',#8388,#8389);
#8388 = CARTESIAN_POINT('',(170.,3.5,138.));
#8389 = VECTOR('',#8390,1.);
#8390 = DIRECTION('',(-0.,1.,0.));
#8391 = ORIENTED_EDGE('',*,*,#8392,.T.);
#8392 = EDGE_CURVE('',#8385,#8393,#8395,.T.);
#8393 = VERTEX_POINT('',#8394);
#8394 = CARTESIAN_POINT('',(170.,14.5,146.));
#8395 = LINE('',#8396,#8397);
#8396 = CARTESIAN_POINT('',(170.,14.5,138.));
#8397 = VECTOR('',#8398,1.);
#8398 = DIRECTION('',(0.,0.,1.));
#8399 = ORIENTED_EDGE('',*,*,#8400,.F.);
#8400 = EDGE_CURVE('',#7272,#8393,#8401,.T.);
#8401 = LINE('',#8402,#8403);
#8402 = CARTESIAN_POINT('',(170.,3.5,146.));
#8403 = VECTOR('',#8404,1.);
#8404 = DIRECTION('',(-0.,1.,0.));
#8405 = PLANE('',#8406);
#8406 = AXIS2_PLACEMENT_3D('',#8407,#8408,#8409);
#8407 = CARTESIAN_POINT('',(170.,3.5,138.));
#8408 = DIRECTION('',(1.,0.,-0.));
#8409 = DIRECTION('',(0.,0.,1.));
#8410 = ADVANCED_FACE('',(#8411),#8422,.T.);
#8411 = FACE_BOUND('',#8412,.T.);
#8412 = EDGE_LOOP('',(#8413,#8414,#8415,#8416));
#8413 = ORIENTED_EDGE('',*,*,#8400,.F.);
#8414 = ORIENTED_EDGE('',*,*,#7271,.T.);
#8415 = ORIENTED_EDGE('',*,*,#7327,.T.);
#8416 = ORIENTED_EDGE('',*,*,#8417,.F.);
#8417 = EDGE_CURVE('',#8393,#7328,#8418,.T.);
#8418 = LINE('',#8419,#8420);
#8419 = CARTESIAN_POINT('',(170.,14.5,146.));
#8420 = VECTOR('',#8421,1.);
#8421 = DIRECTION('',(1.,0.,-0.));
#8422 = PLANE('',#8423);
#8423 = AXIS2_PLACEMENT_3D('',#8424,#8425,#8426);
#8424 = CARTESIAN_POINT('',(170.,3.5,146.));
#8425 = DIRECTION('',(0.,0.,1.));
#8426 = DIRECTION('',(1.,0.,-0.));
#8427 = ADVANCED_FACE('',(#8428),#8439,.T.);
#8428 = FACE_BOUND('',#8429,.T.);
#8429 = EDGE_LOOP('',(#8430,#8436,#8437,#8438));
#8430 = ORIENTED_EDGE('',*,*,#8431,.F.);
#8431 = EDGE_CURVE('',#8385,#7336,#8432,.T.);
#8432 = LINE('',#8433,#8434);
#8433 = CARTESIAN_POINT('',(170.,14.5,138.));
#8434 = VECTOR('',#8435,1.);
#8435 = DIRECTION('',(1.,0.,-0.));
#8436 = ORIENTED_EDGE('',*,*,#8392,.T.);
#8437 = ORIENTED_EDGE('',*,*,#8417,.T.);
#8438 = ORIENTED_EDGE('',*,*,#7335,.F.);
#8439 = PLANE('',#8440);
#8440 = AXIS2_PLACEMENT_3D('',#8441,#8442,#8443);
#8441 = CARTESIAN_POINT('',(170.,14.5,138.));
#8442 = DIRECTION('',(-0.,1.,0.));
#8443 = DIRECTION('',(0.,0.,1.));
#8444 = ADVANCED_FACE('',(#8445),#8515,.T.);
#8445 = FACE_BOUND('',#8446,.T.);
#8446 = EDGE_LOOP('',(#8447,#8448,#8449,#8450,#8451,#8452,#8460,#8468,
    #8476,#8484,#8492,#8500,#8506,#8507,#8508,#8514));
#8447 = ORIENTED_EDGE('',*,*,#7488,.T.);
#8448 = ORIENTED_EDGE('',*,*,#7831,.T.);
#8449 = ORIENTED_EDGE('',*,*,#7398,.F.);
#8450 = ORIENTED_EDGE('',*,*,#7367,.F.);
#8451 = ORIENTED_EDGE('',*,*,#7584,.T.);
#8452 = ORIENTED_EDGE('',*,*,#8453,.T.);
#8453 = EDGE_CURVE('',#7577,#8454,#8456,.T.);
#8454 = VERTEX_POINT('',#8455);
#8455 = CARTESIAN_POINT('',(53.,62.,141.));
#8456 = LINE('',#8457,#8458);
#8457 = CARTESIAN_POINT('',(53.,54.,141.));
#8458 = VECTOR('',#8459,1.);
#8459 = DIRECTION('',(-0.,1.,0.));
#8460 = ORIENTED_EDGE('',*,*,#8461,.T.);
#8461 = EDGE_CURVE('',#8454,#8462,#8464,.T.);
#8462 = VERTEX_POINT('',#8463);
#8463 = CARTESIAN_POINT('',(30.,62.,141.));
#8464 = LINE('',#8465,#8466);
#8465 = CARTESIAN_POINT('',(25.,62.,141.));
#8466 = VECTOR('',#8467,1.);
#8467 = DIRECTION('',(-1.,-0.,0.));
#8468 = ORIENTED_EDGE('',*,*,#8469,.T.);
#8469 = EDGE_CURVE('',#8462,#8470,#8472,.T.);
#8470 = VERTEX_POINT('',#8471);
#8471 = CARTESIAN_POINT('',(30.,140.,141.));
#8472 = LINE('',#8473,#8474);
#8473 = CARTESIAN_POINT('',(30.,58.,141.));
#8474 = VECTOR('',#8475,1.);
#8475 = DIRECTION('',(-0.,1.,0.));
#8476 = ORIENTED_EDGE('',*,*,#8477,.F.);
#8477 = EDGE_CURVE('',#8478,#8470,#8480,.T.);
#8478 = VERTEX_POINT('',#8479);
#8479 = CARTESIAN_POINT('',(156.,140.,141.));
#8480 = LINE('',#8481,#8482);
#8481 = CARTESIAN_POINT('',(25.,140.,141.));
#8482 = VECTOR('',#8483,1.);
#8483 = DIRECTION('',(-1.,-0.,0.));
#8484 = ORIENTED_EDGE('',*,*,#8485,.F.);
#8485 = EDGE_CURVE('',#8486,#8478,#8488,.T.);
#8486 = VERTEX_POINT('',#8487);
#8487 = CARTESIAN_POINT('',(156.,62.,141.));
#8488 = LINE('',#8489,#8490);
#8489 = CARTESIAN_POINT('',(156.,58.,141.));
#8490 = VECTOR('',#8491,1.);
#8491 = DIRECTION('',(-0.,1.,0.));
#8492 = ORIENTED_EDGE('',*,*,#8493,.T.);
#8493 = EDGE_CURVE('',#8486,#8494,#8496,.T.);
#8494 = VERTEX_POINT('',#8495);
#8495 = CARTESIAN_POINT('',(132.5,62.,141.));
#8496 = LINE('',#8497,#8498);
#8497 = CARTESIAN_POINT('',(25.,62.,141.));
#8498 = VECTOR('',#8499,1.);
#8499 = DIRECTION('',(-1.,-0.,0.));
#8500 = ORIENTED_EDGE('',*,*,#8501,.F.);
#8501 = EDGE_CURVE('',#7521,#8494,#8502,.T.);
#8502 = LINE('',#8503,#8504);
#8503 = CARTESIAN_POINT('',(132.5,54.,141.));
#8504 = VECTOR('',#8505,1.);
#8505 = DIRECTION('',(-0.,1.,0.));
#8506 = ORIENTED_EDGE('',*,*,#7520,.T.);
#8507 = ORIENTED_EDGE('',*,*,#8356,.T.);
#8508 = ORIENTED_EDGE('',*,*,#8509,.F.);
#8509 = EDGE_CURVE('',#8299,#8349,#8510,.T.);
#8510 = LINE('',#8511,#8512);
#8511 = CARTESIAN_POINT('',(77.,56.,141.));
#8512 = VECTOR('',#8513,1.);
#8513 = DIRECTION('',(-1.,-0.,0.));
#8514 = ORIENTED_EDGE('',*,*,#8306,.F.);
#8515 = PLANE('',#8516);
#8516 = AXIS2_PLACEMENT_3D('',#8517,#8518,#8519);
#8517 = CARTESIAN_POINT('',(20.,54.,141.));
#8518 = DIRECTION('',(0.,0.,1.));
#8519 = DIRECTION('',(1.,0.,-0.));
#8520 = ADVANCED_FACE('',(#8521),#8539,.T.);
#8521 = FACE_BOUND('',#8522,.T.);
#8522 = EDGE_LOOP('',(#8523,#8524,#8532,#8538));
#8523 = ORIENTED_EDGE('',*,*,#7576,.F.);
#8524 = ORIENTED_EDGE('',*,*,#8525,.T.);
#8525 = EDGE_CURVE('',#7569,#8526,#8528,.T.);
#8526 = VERTEX_POINT('',#8527);
#8527 = CARTESIAN_POINT('',(53.,62.,138.));
#8528 = LINE('',#8529,#8530);
#8529 = CARTESIAN_POINT('',(53.,54.,138.));
#8530 = VECTOR('',#8531,1.);
#8531 = DIRECTION('',(-0.,1.,0.));
#8532 = ORIENTED_EDGE('',*,*,#8533,.T.);
#8533 = EDGE_CURVE('',#8526,#8454,#8534,.T.);
#8534 = LINE('',#8535,#8536);
#8535 = CARTESIAN_POINT('',(53.,62.,137.));
#8536 = VECTOR('',#8537,1.);
#8537 = DIRECTION('',(0.,0.,1.));
#8538 = ORIENTED_EDGE('',*,*,#8453,.F.);
#8539 = PLANE('',#8540);
#8540 = AXIS2_PLACEMENT_3D('',#8541,#8542,#8543);
#8541 = CARTESIAN_POINT('',(53.,54.,137.));
#8542 = DIRECTION('',(1.,0.,-0.));
#8543 = DIRECTION('',(0.,0.,1.));
#8544 = ADVANCED_FACE('',(#8545),#8563,.F.);
#8545 = FACE_BOUND('',#8546,.F.);
#8546 = EDGE_LOOP('',(#8547,#8548,#8556,#8562));
#8547 = ORIENTED_EDGE('',*,*,#7528,.F.);
#8548 = ORIENTED_EDGE('',*,*,#8549,.T.);
#8549 = EDGE_CURVE('',#7529,#8550,#8552,.T.);
#8550 = VERTEX_POINT('',#8551);
#8551 = CARTESIAN_POINT('',(132.5,62.,138.));
#8552 = LINE('',#8553,#8554);
#8553 = CARTESIAN_POINT('',(132.5,54.,138.));
#8554 = VECTOR('',#8555,1.);
#8555 = DIRECTION('',(-0.,1.,0.));
#8556 = ORIENTED_EDGE('',*,*,#8557,.T.);
#8557 = EDGE_CURVE('',#8550,#8494,#8558,.T.);
#8558 = LINE('',#8559,#8560);
#8559 = CARTESIAN_POINT('',(132.5,62.,137.));
#8560 = VECTOR('',#8561,1.);
#8561 = DIRECTION('',(0.,0.,1.));
#8562 = ORIENTED_EDGE('',*,*,#8501,.F.);
#8563 = PLANE('',#8564);
#8564 = AXIS2_PLACEMENT_3D('',#8565,#8566,#8567);
#8565 = CARTESIAN_POINT('',(132.5,54.,137.));
#8566 = DIRECTION('',(1.,0.,-0.));
#8567 = DIRECTION('',(0.,0.,1.));
#8568 = ADVANCED_FACE('',(#8569),#8594,.F.);
#8569 = FACE_BOUND('',#8570,.F.);
#8570 = EDGE_LOOP('',(#8571,#8572,#8580,#8588));
#8571 = ORIENTED_EDGE('',*,*,#7560,.F.);
#8572 = ORIENTED_EDGE('',*,*,#8573,.T.);
#8573 = EDGE_CURVE('',#7561,#8574,#8576,.T.);
#8574 = VERTEX_POINT('',#8575);
#8575 = CARTESIAN_POINT('',(87.,62.,138.));
#8576 = LINE('',#8577,#8578);
#8577 = CARTESIAN_POINT('',(87.,54.,138.));
#8578 = VECTOR('',#8579,1.);
#8579 = DIRECTION('',(-0.,1.,0.));
#8580 = ORIENTED_EDGE('',*,*,#8581,.T.);
#8581 = EDGE_CURVE('',#8574,#8582,#8584,.T.);
#8582 = VERTEX_POINT('',#8583);
#8583 = CARTESIAN_POINT('',(87.,62.,141.));
#8584 = LINE('',#8585,#8586);
#8585 = CARTESIAN_POINT('',(87.,62.,137.));
#8586 = VECTOR('',#8587,1.);
#8587 = DIRECTION('',(0.,0.,1.));
#8588 = ORIENTED_EDGE('',*,*,#8589,.F.);
#8589 = EDGE_CURVE('',#7553,#8582,#8590,.T.);
#8590 = LINE('',#8591,#8592);
#8591 = CARTESIAN_POINT('',(87.,54.,141.));
#8592 = VECTOR('',#8593,1.);
#8593 = DIRECTION('',(-0.,1.,0.));
#8594 = PLANE('',#8595);
#8595 = AXIS2_PLACEMENT_3D('',#8596,#8597,#8598);
#8596 = CARTESIAN_POINT('',(87.,54.,137.));
#8597 = DIRECTION('',(1.,0.,-0.));
#8598 = DIRECTION('',(0.,0.,1.));
#8599 = ADVANCED_FACE('',(#8600),#8618,.T.);
#8600 = FACE_BOUND('',#8601,.T.);
#8601 = EDGE_LOOP('',(#8602,#8603,#8611,#8617));
#8602 = ORIENTED_EDGE('',*,*,#7552,.T.);
#8603 = ORIENTED_EDGE('',*,*,#8604,.T.);
#8604 = EDGE_CURVE('',#7545,#8605,#8607,.T.);
#8605 = VERTEX_POINT('',#8606);
#8606 = CARTESIAN_POINT('',(98.5,62.,141.));
#8607 = LINE('',#8608,#8609);
#8608 = CARTESIAN_POINT('',(98.5,54.,141.));
#8609 = VECTOR('',#8610,1.);
#8610 = DIRECTION('',(-0.,1.,0.));
#8611 = ORIENTED_EDGE('',*,*,#8612,.T.);
#8612 = EDGE_CURVE('',#8605,#8582,#8613,.T.);
#8613 = LINE('',#8614,#8615);
#8614 = CARTESIAN_POINT('',(25.,62.,141.));
#8615 = VECTOR('',#8616,1.);
#8616 = DIRECTION('',(-1.,-0.,0.));
#8617 = ORIENTED_EDGE('',*,*,#8589,.F.);
#8618 = PLANE('',#8619);
#8619 = AXIS2_PLACEMENT_3D('',#8620,#8621,#8622);
#8620 = CARTESIAN_POINT('',(20.,54.,141.));
#8621 = DIRECTION('',(0.,0.,1.));
#8622 = DIRECTION('',(1.,0.,-0.));
#8623 = ADVANCED_FACE('',(#8624),#8642,.T.);
#8624 = FACE_BOUND('',#8625,.T.);
#8625 = EDGE_LOOP('',(#8626,#8627,#8635,#8641));
#8626 = ORIENTED_EDGE('',*,*,#7544,.F.);
#8627 = ORIENTED_EDGE('',*,*,#8628,.T.);
#8628 = EDGE_CURVE('',#7537,#8629,#8631,.T.);
#8629 = VERTEX_POINT('',#8630);
#8630 = CARTESIAN_POINT('',(98.5,62.,138.));
#8631 = LINE('',#8632,#8633);
#8632 = CARTESIAN_POINT('',(98.5,54.,138.));
#8633 = VECTOR('',#8634,1.);
#8634 = DIRECTION('',(-0.,1.,0.));
#8635 = ORIENTED_EDGE('',*,*,#8636,.T.);
#8636 = EDGE_CURVE('',#8629,#8605,#8637,.T.);
#8637 = LINE('',#8638,#8639);
#8638 = CARTESIAN_POINT('',(98.5,62.,137.));
#8639 = VECTOR('',#8640,1.);
#8640 = DIRECTION('',(0.,0.,1.));
#8641 = ORIENTED_EDGE('',*,*,#8604,.F.);
#8642 = PLANE('',#8643);
#8643 = AXIS2_PLACEMENT_3D('',#8644,#8645,#8646);
#8644 = CARTESIAN_POINT('',(98.5,54.,137.));
#8645 = DIRECTION('',(1.,0.,-0.));
#8646 = DIRECTION('',(0.,0.,1.));
#8647 = ADVANCED_FACE('',(#8648),#8673,.F.);
#8648 = FACE_BOUND('',#8649,.F.);
#8649 = EDGE_LOOP('',(#8650,#8651,#8659,#8667));
#8650 = ORIENTED_EDGE('',*,*,#7594,.F.);
#8651 = ORIENTED_EDGE('',*,*,#8652,.T.);
#8652 = EDGE_CURVE('',#7595,#8653,#8655,.T.);
#8653 = VERTEX_POINT('',#8654);
#8654 = CARTESIAN_POINT('',(55.,55.5,142.));
#8655 = LINE('',#8656,#8657);
#8656 = CARTESIAN_POINT('',(55.,54.,142.));
#8657 = VECTOR('',#8658,1.);
#8658 = DIRECTION('',(-0.,1.,0.));
#8659 = ORIENTED_EDGE('',*,*,#8660,.T.);
#8660 = EDGE_CURVE('',#8653,#8661,#8663,.T.);
#8661 = VERTEX_POINT('',#8662);
#8662 = CARTESIAN_POINT('',(55.,55.5,166.));
#8663 = LINE('',#8664,#8665);
#8664 = CARTESIAN_POINT('',(55.,55.5,142.));
#8665 = VECTOR('',#8666,1.);
#8666 = DIRECTION('',(0.,0.,1.));
#8667 = ORIENTED_EDGE('',*,*,#8668,.F.);
#8668 = EDGE_CURVE('',#7597,#8661,#8669,.T.);
#8669 = LINE('',#8670,#8671);
#8670 = CARTESIAN_POINT('',(55.,54.,166.));
#8671 = VECTOR('',#8672,1.);
#8672 = DIRECTION('',(-0.,1.,0.));
#8673 = PLANE('',#8674);
#8674 = AXIS2_PLACEMENT_3D('',#8675,#8676,#8677);
#8675 = CARTESIAN_POINT('',(55.,54.,142.));
#8676 = DIRECTION('',(1.,0.,-0.));
#8677 = DIRECTION('',(0.,0.,1.));
#8678 = ADVANCED_FACE('',(#8679),#8697,.F.);
#8679 = FACE_BOUND('',#8680,.F.);
#8680 = EDGE_LOOP('',(#8681,#8682,#8683,#8691));
#8681 = ORIENTED_EDGE('',*,*,#8652,.F.);
#8682 = ORIENTED_EDGE('',*,*,#7604,.T.);
#8683 = ORIENTED_EDGE('',*,*,#8684,.T.);
#8684 = EDGE_CURVE('',#7605,#8685,#8687,.T.);
#8685 = VERTEX_POINT('',#8686);
#8686 = CARTESIAN_POINT('',(85.,55.5,142.));
#8687 = LINE('',#8688,#8689);
#8688 = CARTESIAN_POINT('',(85.,54.,142.));
#8689 = VECTOR('',#8690,1.);
#8690 = DIRECTION('',(-0.,1.,0.));
#8691 = ORIENTED_EDGE('',*,*,#8692,.F.);
#8692 = EDGE_CURVE('',#8653,#8685,#8693,.T.);
#8693 = LINE('',#8694,#8695);
#8694 = CARTESIAN_POINT('',(55.,55.5,142.));
#8695 = VECTOR('',#8696,1.);
#8696 = DIRECTION('',(1.,0.,-0.));
#8697 = PLANE('',#8698);
#8698 = AXIS2_PLACEMENT_3D('',#8699,#8700,#8701);
#8699 = CARTESIAN_POINT('',(55.,54.,142.));
#8700 = DIRECTION('',(0.,0.,1.));
#8701 = DIRECTION('',(1.,0.,-0.));
#8702 = ADVANCED_FACE('',(#8703),#8721,.T.);
#8703 = FACE_BOUND('',#8704,.T.);
#8704 = EDGE_LOOP('',(#8705,#8706,#8707,#8715));
#8705 = ORIENTED_EDGE('',*,*,#8668,.F.);
#8706 = ORIENTED_EDGE('',*,*,#7620,.T.);
#8707 = ORIENTED_EDGE('',*,*,#8708,.T.);
#8708 = EDGE_CURVE('',#7613,#8709,#8711,.T.);
#8709 = VERTEX_POINT('',#8710);
#8710 = CARTESIAN_POINT('',(85.,55.5,166.));
#8711 = LINE('',#8712,#8713);
#8712 = CARTESIAN_POINT('',(85.,54.,166.));
#8713 = VECTOR('',#8714,1.);
#8714 = DIRECTION('',(-0.,1.,0.));
#8715 = ORIENTED_EDGE('',*,*,#8716,.F.);
#8716 = EDGE_CURVE('',#8661,#8709,#8717,.T.);
#8717 = LINE('',#8718,#8719);
#8718 = CARTESIAN_POINT('',(55.,55.5,166.));
#8719 = VECTOR('',#8720,1.);
#8720 = DIRECTION('',(1.,0.,-0.));
#8721 = PLANE('',#8722);
#8722 = AXIS2_PLACEMENT_3D('',#8723,#8724,#8725);
#8723 = CARTESIAN_POINT('',(55.,54.,166.));
#8724 = DIRECTION('',(0.,0.,1.));
#8725 = DIRECTION('',(1.,0.,-0.));
#8726 = ADVANCED_FACE('',(#8727),#8738,.T.);
#8727 = FACE_BOUND('',#8728,.T.);
#8728 = EDGE_LOOP('',(#8729,#8730,#8731,#8737));
#8729 = ORIENTED_EDGE('',*,*,#7612,.F.);
#8730 = ORIENTED_EDGE('',*,*,#8684,.T.);
#8731 = ORIENTED_EDGE('',*,*,#8732,.T.);
#8732 = EDGE_CURVE('',#8685,#8709,#8733,.T.);
#8733 = LINE('',#8734,#8735);
#8734 = CARTESIAN_POINT('',(85.,55.5,142.));
#8735 = VECTOR('',#8736,1.);
#8736 = DIRECTION('',(0.,0.,1.));
#8737 = ORIENTED_EDGE('',*,*,#8708,.F.);
#8738 = PLANE('',#8739);
#8739 = AXIS2_PLACEMENT_3D('',#8740,#8741,#8742);
#8740 = CARTESIAN_POINT('',(85.,54.,142.));
#8741 = DIRECTION('',(1.,0.,-0.));
#8742 = DIRECTION('',(0.,0.,1.));
#8743 = ADVANCED_FACE('',(#8744),#8769,.F.);
#8744 = FACE_BOUND('',#8745,.F.);
#8745 = EDGE_LOOP('',(#8746,#8747,#8755,#8763));
#8746 = ORIENTED_EDGE('',*,*,#7628,.F.);
#8747 = ORIENTED_EDGE('',*,*,#8748,.T.);
#8748 = EDGE_CURVE('',#7629,#8749,#8751,.T.);
#8749 = VERTEX_POINT('',#8750);
#8750 = CARTESIAN_POINT('',(46.6,55.,196.));
#8751 = LINE('',#8752,#8753);
#8752 = CARTESIAN_POINT('',(46.6,54.,196.));
#8753 = VECTOR('',#8754,1.);
#8754 = DIRECTION('',(-0.,1.,0.));
#8755 = ORIENTED_EDGE('',*,*,#8756,.T.);
#8756 = EDGE_CURVE('',#8749,#8757,#8759,.T.);
#8757 = VERTEX_POINT('',#8758);
#8758 = CARTESIAN_POINT('',(46.6,55.,209.1));
#8759 = LINE('',#8760,#8761);
#8760 = CARTESIAN_POINT('',(46.6,55.,184.6));
#8761 = VECTOR('',#8762,1.);
#8762 = DIRECTION('',(0.,0.,1.));
#8763 = ORIENTED_EDGE('',*,*,#8764,.F.);
#8764 = EDGE_CURVE('',#7631,#8757,#8765,.T.);
#8765 = LINE('',#8766,#8767);
#8766 = CARTESIAN_POINT('',(46.6,54.,209.1));
#8767 = VECTOR('',#8768,1.);
#8768 = DIRECTION('',(-0.,1.,0.));
#8769 = PLANE('',#8770);
#8770 = AXIS2_PLACEMENT_3D('',#8771,#8772,#8773);
#8771 = CARTESIAN_POINT('',(46.6,54.,184.6));
#8772 = DIRECTION('',(1.,0.,-0.));
#8773 = DIRECTION('',(0.,0.,1.));
#8774 = ADVANCED_FACE('',(#8775),#8793,.T.);
#8775 = FACE_BOUND('',#8776,.T.);
#8776 = EDGE_LOOP('',(#8777,#8778,#8779,#8787));
#8777 = ORIENTED_EDGE('',*,*,#8764,.F.);
#8778 = ORIENTED_EDGE('',*,*,#7782,.T.);
#8779 = ORIENTED_EDGE('',*,*,#8780,.T.);
#8780 = EDGE_CURVE('',#7775,#8781,#8783,.T.);
#8781 = VERTEX_POINT('',#8782);
#8782 = CARTESIAN_POINT('',(62.,55.,209.1));
#8783 = LINE('',#8784,#8785);
#8784 = CARTESIAN_POINT('',(62.,54.,209.1));
#8785 = VECTOR('',#8786,1.);
#8786 = DIRECTION('',(-0.,1.,0.));
#8787 = ORIENTED_EDGE('',*,*,#8788,.F.);
#8788 = EDGE_CURVE('',#8757,#8781,#8789,.T.);
#8789 = LINE('',#8790,#8791);
#8790 = CARTESIAN_POINT('',(46.6,55.,209.1));
#8791 = VECTOR('',#8792,1.);
#8792 = DIRECTION('',(1.,0.,-0.));
#8793 = PLANE('',#8794);
#8794 = AXIS2_PLACEMENT_3D('',#8795,#8796,#8797);
#8795 = CARTESIAN_POINT('',(46.6,54.,209.1));
#8796 = DIRECTION('',(0.,0.,1.));
#8797 = DIRECTION('',(1.,0.,-0.));
#8798 = ADVANCED_FACE('',(#8799),#8817,.T.);
#8799 = FACE_BOUND('',#8800,.T.);
#8800 = EDGE_LOOP('',(#8801,#8802,#8810,#8816));
#8801 = ORIENTED_EDGE('',*,*,#7774,.F.);
#8802 = ORIENTED_EDGE('',*,*,#8803,.T.);
#8803 = EDGE_CURVE('',#7767,#8804,#8806,.T.);
#8804 = VERTEX_POINT('',#8805);
#8805 = CARTESIAN_POINT('',(62.,55.,184.6));
#8806 = LINE('',#8807,#8808);
#8807 = CARTESIAN_POINT('',(62.,54.,184.6));
#8808 = VECTOR('',#8809,1.);
#8809 = DIRECTION('',(-0.,1.,0.));
#8810 = ORIENTED_EDGE('',*,*,#8811,.T.);
#8811 = EDGE_CURVE('',#8804,#8781,#8812,.T.);
#8812 = LINE('',#8813,#8814);
#8813 = CARTESIAN_POINT('',(62.,55.,184.6));
#8814 = VECTOR('',#8815,1.);
#8815 = DIRECTION('',(0.,0.,1.));
#8816 = ORIENTED_EDGE('',*,*,#8780,.F.);
#8817 = PLANE('',#8818);
#8818 = AXIS2_PLACEMENT_3D('',#8819,#8820,#8821);
#8819 = CARTESIAN_POINT('',(62.,54.,184.6));
#8820 = DIRECTION('',(1.,0.,-0.));
#8821 = DIRECTION('',(0.,0.,1.));
#8822 = ADVANCED_FACE('',(#8823),#8937,.T.);
#8823 = FACE_BOUND('',#8824,.T.);
#8824 = EDGE_LOOP('',(#8825,#8835,#8843,#8851,#8859,#8867,#8875,#8881,
    #8882,#8883,#8891,#8899,#8907,#8915,#8923,#8931));
#8825 = ORIENTED_EDGE('',*,*,#8826,.F.);
#8826 = EDGE_CURVE('',#8827,#8829,#8831,.T.);
#8827 = VERTEX_POINT('',#8828);
#8828 = CARTESIAN_POINT('',(46.6,63.,184.6));
#8829 = VERTEX_POINT('',#8830);
#8830 = CARTESIAN_POINT('',(65.,63.,184.6));
#8831 = LINE('',#8832,#8833);
#8832 = CARTESIAN_POINT('',(45.2,63.,184.6));
#8833 = VECTOR('',#8834,1.);
#8834 = DIRECTION('',(1.,0.,-0.));
#8835 = ORIENTED_EDGE('',*,*,#8836,.F.);
#8836 = EDGE_CURVE('',#8837,#8827,#8839,.T.);
#8837 = VERTEX_POINT('',#8838);
#8838 = CARTESIAN_POINT('',(46.6,55.,184.6));
#8839 = LINE('',#8840,#8841);
#8840 = CARTESIAN_POINT('',(46.6,54.,184.6));
#8841 = VECTOR('',#8842,1.);
#8842 = DIRECTION('',(-0.,1.,0.));
#8843 = ORIENTED_EDGE('',*,*,#8844,.T.);
#8844 = EDGE_CURVE('',#8837,#8845,#8847,.T.);
#8845 = VERTEX_POINT('',#8846);
#8846 = CARTESIAN_POINT('',(47.,55.,184.6));
#8847 = LINE('',#8848,#8849);
#8848 = CARTESIAN_POINT('',(46.6,55.,184.6));
#8849 = VECTOR('',#8850,1.);
#8850 = DIRECTION('',(1.,0.,-0.));
#8851 = ORIENTED_EDGE('',*,*,#8852,.T.);
#8852 = EDGE_CURVE('',#8845,#8853,#8855,.T.);
#8853 = VERTEX_POINT('',#8854);
#8854 = CARTESIAN_POINT('',(47.,58.,184.6));
#8855 = LINE('',#8856,#8857);
#8856 = CARTESIAN_POINT('',(47.,54.,184.6));
#8857 = VECTOR('',#8858,1.);
#8858 = DIRECTION('',(-0.,1.,0.));
#8859 = ORIENTED_EDGE('',*,*,#8860,.F.);
#8860 = EDGE_CURVE('',#8861,#8853,#8863,.T.);
#8861 = VERTEX_POINT('',#8862);
#8862 = CARTESIAN_POINT('',(53.5,58.,184.6));
#8863 = LINE('',#8864,#8865);
#8864 = CARTESIAN_POINT('',(46.1,58.,184.6));
#8865 = VECTOR('',#8866,1.);
#8866 = DIRECTION('',(-1.,-0.,0.));
#8867 = ORIENTED_EDGE('',*,*,#8868,.F.);
#8868 = EDGE_CURVE('',#8869,#8861,#8871,.T.);
#8869 = VERTEX_POINT('',#8870);
#8870 = CARTESIAN_POINT('',(53.5,55.,184.6));
#8871 = LINE('',#8872,#8873);
#8872 = CARTESIAN_POINT('',(53.5,54.,184.6));
#8873 = VECTOR('',#8874,1.);
#8874 = DIRECTION('',(-0.,1.,0.));
#8875 = ORIENTED_EDGE('',*,*,#8876,.T.);
#8876 = EDGE_CURVE('',#8869,#8804,#8877,.T.);
#8877 = LINE('',#8878,#8879);
#8878 = CARTESIAN_POINT('',(46.6,55.,184.6));
#8879 = VECTOR('',#8880,1.);
#8880 = DIRECTION('',(1.,0.,-0.));
#8881 = ORIENTED_EDGE('',*,*,#8803,.F.);
#8882 = ORIENTED_EDGE('',*,*,#7766,.T.);
#8883 = ORIENTED_EDGE('',*,*,#8884,.T.);
#8884 = EDGE_CURVE('',#7759,#8885,#8887,.T.);
#8885 = VERTEX_POINT('',#8886);
#8886 = CARTESIAN_POINT('',(124.,55.,184.6));
#8887 = LINE('',#8888,#8889);
#8888 = CARTESIAN_POINT('',(124.,54.,184.6));
#8889 = VECTOR('',#8890,1.);
#8890 = DIRECTION('',(-0.,1.,0.));
#8891 = ORIENTED_EDGE('',*,*,#8892,.T.);
#8892 = EDGE_CURVE('',#8885,#8893,#8895,.T.);
#8893 = VERTEX_POINT('',#8894);
#8894 = CARTESIAN_POINT('',(139.4,55.,184.6));
#8895 = LINE('',#8896,#8897);
#8896 = CARTESIAN_POINT('',(124.,55.,184.6));
#8897 = VECTOR('',#8898,1.);
#8898 = DIRECTION('',(1.,0.,-0.));
#8899 = ORIENTED_EDGE('',*,*,#8900,.T.);
#8900 = EDGE_CURVE('',#8893,#8901,#8903,.T.);
#8901 = VERTEX_POINT('',#8902);
#8902 = CARTESIAN_POINT('',(139.4,63.,184.6));
#8903 = LINE('',#8904,#8905);
#8904 = CARTESIAN_POINT('',(139.4,54.,184.6));
#8905 = VECTOR('',#8906,1.);
#8906 = DIRECTION('',(-0.,1.,0.));
#8907 = ORIENTED_EDGE('',*,*,#8908,.F.);
#8908 = EDGE_CURVE('',#8909,#8901,#8911,.T.);
#8909 = VERTEX_POINT('',#8910);
#8910 = CARTESIAN_POINT('',(121.,63.,184.6));
#8911 = LINE('',#8912,#8913);
#8912 = CARTESIAN_POINT('',(45.2,63.,184.6));
#8913 = VECTOR('',#8914,1.);
#8914 = DIRECTION('',(1.,0.,-0.));
#8915 = ORIENTED_EDGE('',*,*,#8916,.F.);
#8916 = EDGE_CURVE('',#8917,#8909,#8919,.T.);
#8917 = VERTEX_POINT('',#8918);
#8918 = CARTESIAN_POINT('',(121.,57.5,184.6));
#8919 = LINE('',#8920,#8921);
#8920 = CARTESIAN_POINT('',(121.,55.75,184.6));
#8921 = VECTOR('',#8922,1.);
#8922 = DIRECTION('',(-0.,1.,0.));
#8923 = ORIENTED_EDGE('',*,*,#8924,.T.);
#8924 = EDGE_CURVE('',#8917,#8925,#8927,.T.);
#8925 = VERTEX_POINT('',#8926);
#8926 = CARTESIAN_POINT('',(65.,57.5,184.6));
#8927 = LINE('',#8928,#8929);
#8928 = CARTESIAN_POINT('',(55.1,57.5,184.6));
#8929 = VECTOR('',#8930,1.);
#8930 = DIRECTION('',(-1.,-0.,0.));
#8931 = ORIENTED_EDGE('',*,*,#8932,.T.);
#8932 = EDGE_CURVE('',#8925,#8829,#8933,.T.);
#8933 = LINE('',#8934,#8935);
#8934 = CARTESIAN_POINT('',(65.,55.75,184.6));
#8935 = VECTOR('',#8936,1.);
#8936 = DIRECTION('',(-0.,1.,0.));
#8937 = PLANE('',#8938);
#8938 = AXIS2_PLACEMENT_3D('',#8939,#8940,#8941);
#8939 = CARTESIAN_POINT('',(45.2,54.,184.6));
#8940 = DIRECTION('',(0.,0.,1.));
#8941 = DIRECTION('',(1.,0.,-0.));
#8942 = ADVANCED_FACE('',(#8943),#8961,.F.);
#8943 = FACE_BOUND('',#8944,.F.);
#8944 = EDGE_LOOP('',(#8945,#8946,#8947,#8955));
#8945 = ORIENTED_EDGE('',*,*,#7758,.F.);
#8946 = ORIENTED_EDGE('',*,*,#8884,.T.);
#8947 = ORIENTED_EDGE('',*,*,#8948,.T.);
#8948 = EDGE_CURVE('',#8885,#8949,#8951,.T.);
#8949 = VERTEX_POINT('',#8950);
#8950 = CARTESIAN_POINT('',(124.,55.,209.1));
#8951 = LINE('',#8952,#8953);
#8952 = CARTESIAN_POINT('',(124.,55.,184.6));
#8953 = VECTOR('',#8954,1.);
#8954 = DIRECTION('',(0.,0.,1.));
#8955 = ORIENTED_EDGE('',*,*,#8956,.F.);
#8956 = EDGE_CURVE('',#7751,#8949,#8957,.T.);
#8957 = LINE('',#8958,#8959);
#8958 = CARTESIAN_POINT('',(124.,54.,209.1));
#8959 = VECTOR('',#8960,1.);
#8960 = DIRECTION('',(-0.,1.,0.));
#8961 = PLANE('',#8962);
#8962 = AXIS2_PLACEMENT_3D('',#8963,#8964,#8965);
#8963 = CARTESIAN_POINT('',(124.,54.,184.6));
#8964 = DIRECTION('',(1.,0.,-0.));
#8965 = DIRECTION('',(0.,0.,1.));
#8966 = ADVANCED_FACE('',(#8967),#8985,.T.);
#8967 = FACE_BOUND('',#8968,.T.);
#8968 = EDGE_LOOP('',(#8969,#8970,#8971,#8979));
#8969 = ORIENTED_EDGE('',*,*,#8956,.F.);
#8970 = ORIENTED_EDGE('',*,*,#7750,.T.);
#8971 = ORIENTED_EDGE('',*,*,#8972,.T.);
#8972 = EDGE_CURVE('',#7743,#8973,#8975,.T.);
#8973 = VERTEX_POINT('',#8974);
#8974 = CARTESIAN_POINT('',(139.4,55.,209.1));
#8975 = LINE('',#8976,#8977);
#8976 = CARTESIAN_POINT('',(139.4,54.,209.1));
#8977 = VECTOR('',#8978,1.);
#8978 = DIRECTION('',(-0.,1.,0.));
#8979 = ORIENTED_EDGE('',*,*,#8980,.F.);
#8980 = EDGE_CURVE('',#8949,#8973,#8981,.T.);
#8981 = LINE('',#8982,#8983);
#8982 = CARTESIAN_POINT('',(124.,55.,209.1));
#8983 = VECTOR('',#8984,1.);
#8984 = DIRECTION('',(1.,0.,-0.));
#8985 = PLANE('',#8986);
#8986 = AXIS2_PLACEMENT_3D('',#8987,#8988,#8989);
#8987 = CARTESIAN_POINT('',(124.,54.,209.1));
#8988 = DIRECTION('',(0.,0.,1.));
#8989 = DIRECTION('',(1.,0.,-0.));
#8990 = ADVANCED_FACE('',(#8991),#9009,.T.);
#8991 = FACE_BOUND('',#8992,.T.);
#8992 = EDGE_LOOP('',(#8993,#8994,#9002,#9008));
#8993 = ORIENTED_EDGE('',*,*,#7742,.F.);
#8994 = ORIENTED_EDGE('',*,*,#8995,.T.);
#8995 = EDGE_CURVE('',#7735,#8996,#8998,.T.);
#8996 = VERTEX_POINT('',#8997);
#8997 = CARTESIAN_POINT('',(139.4,55.,196.));
#8998 = LINE('',#8999,#9000);
#8999 = CARTESIAN_POINT('',(139.4,54.,196.));
#9000 = VECTOR('',#9001,1.);
#9001 = DIRECTION('',(-0.,1.,0.));
#9002 = ORIENTED_EDGE('',*,*,#9003,.T.);
#9003 = EDGE_CURVE('',#8996,#8973,#9004,.T.);
#9004 = LINE('',#9005,#9006);
#9005 = CARTESIAN_POINT('',(139.4,55.,184.6));
#9006 = VECTOR('',#9007,1.);
#9007 = DIRECTION('',(0.,0.,1.));
#9008 = ORIENTED_EDGE('',*,*,#8972,.F.);
#9009 = PLANE('',#9010);
#9010 = AXIS2_PLACEMENT_3D('',#9011,#9012,#9013);
#9011 = CARTESIAN_POINT('',(139.4,54.,184.6));
#9012 = DIRECTION('',(1.,0.,-0.));
#9013 = DIRECTION('',(0.,0.,1.));
#9014 = ADVANCED_FACE('',(#9015),#9041,.T.);
#9015 = FACE_BOUND('',#9016,.T.);
#9016 = EDGE_LOOP('',(#9017,#9018,#9019,#9027,#9035));
#9017 = ORIENTED_EDGE('',*,*,#8995,.F.);
#9018 = ORIENTED_EDGE('',*,*,#7734,.T.);
#9019 = ORIENTED_EDGE('',*,*,#9020,.T.);
#9020 = EDGE_CURVE('',#7727,#9021,#9023,.T.);
#9021 = VERTEX_POINT('',#9022);
#9022 = CARTESIAN_POINT('',(142.2,64.5,196.));
#9023 = LINE('',#9024,#9025);
#9024 = CARTESIAN_POINT('',(142.2,54.,196.));
#9025 = VECTOR('',#9026,1.);
#9026 = DIRECTION('',(-0.,1.,0.));
#9027 = ORIENTED_EDGE('',*,*,#9028,.F.);
#9028 = EDGE_CURVE('',#9029,#9021,#9031,.T.);
#9029 = VERTEX_POINT('',#9030);
#9030 = CARTESIAN_POINT('',(139.4,64.5,196.));
#9031 = LINE('',#9032,#9033);
#9032 = CARTESIAN_POINT('',(139.4,64.5,196.));
#9033 = VECTOR('',#9034,1.);
#9034 = DIRECTION('',(1.,0.,-0.));
#9035 = ORIENTED_EDGE('',*,*,#9036,.F.);
#9036 = EDGE_CURVE('',#8996,#9029,#9037,.T.);
#9037 = LINE('',#9038,#9039);
#9038 = CARTESIAN_POINT('',(139.4,54.,196.));
#9039 = VECTOR('',#9040,1.);
#9040 = DIRECTION('',(-0.,1.,0.));
#9041 = PLANE('',#9042);
#9042 = AXIS2_PLACEMENT_3D('',#9043,#9044,#9045);
#9043 = CARTESIAN_POINT('',(139.4,54.,196.));
#9044 = DIRECTION('',(0.,0.,1.));
#9045 = DIRECTION('',(1.,0.,-0.));
#9046 = ADVANCED_FACE('',(#9047),#9065,.T.);
#9047 = FACE_BOUND('',#9048,.T.);
#9048 = EDGE_LOOP('',(#9049,#9050,#9058,#9064));
#9049 = ORIENTED_EDGE('',*,*,#7726,.F.);
#9050 = ORIENTED_EDGE('',*,*,#9051,.T.);
#9051 = EDGE_CURVE('',#7719,#9052,#9054,.T.);
#9052 = VERTEX_POINT('',#9053);
#9053 = CARTESIAN_POINT('',(142.2,64.5,184.6));
#9054 = LINE('',#9055,#9056);
#9055 = CARTESIAN_POINT('',(142.2,54.,184.6));
#9056 = VECTOR('',#9057,1.);
#9057 = DIRECTION('',(-0.,1.,0.));
#9058 = ORIENTED_EDGE('',*,*,#9059,.T.);
#9059 = EDGE_CURVE('',#9052,#9021,#9060,.T.);
#9060 = LINE('',#9061,#9062);
#9061 = CARTESIAN_POINT('',(142.2,64.5,184.6));
#9062 = VECTOR('',#9063,1.);
#9063 = DIRECTION('',(0.,0.,1.));
#9064 = ORIENTED_EDGE('',*,*,#9020,.F.);
#9065 = PLANE('',#9066);
#9066 = AXIS2_PLACEMENT_3D('',#9067,#9068,#9069);
#9067 = CARTESIAN_POINT('',(142.2,54.,184.6));
#9068 = DIRECTION('',(1.,0.,-0.));
#9069 = DIRECTION('',(0.,0.,1.));
#9070 = ADVANCED_FACE('',(#9071),#9103,.F.);
#9071 = FACE_BOUND('',#9072,.F.);
#9072 = EDGE_LOOP('',(#9073,#9081,#9082,#9083,#9091,#9097));
#9073 = ORIENTED_EDGE('',*,*,#9074,.F.);
#9074 = EDGE_CURVE('',#7711,#9075,#9077,.T.);
#9075 = VERTEX_POINT('',#9076);
#9076 = CARTESIAN_POINT('',(140.8,63.,184.6));
#9077 = LINE('',#9078,#9079);
#9078 = CARTESIAN_POINT('',(140.8,54.,184.6));
#9079 = VECTOR('',#9080,1.);
#9080 = DIRECTION('',(-0.,1.,0.));
#9081 = ORIENTED_EDGE('',*,*,#7718,.T.);
#9082 = ORIENTED_EDGE('',*,*,#9051,.T.);
#9083 = ORIENTED_EDGE('',*,*,#9084,.F.);
#9084 = EDGE_CURVE('',#9085,#9052,#9087,.T.);
#9085 = VERTEX_POINT('',#9086);
#9086 = CARTESIAN_POINT('',(139.4,64.5,184.6));
#9087 = LINE('',#9088,#9089);
#9088 = CARTESIAN_POINT('',(139.4,64.5,184.6));
#9089 = VECTOR('',#9090,1.);
#9090 = DIRECTION('',(1.,0.,-0.));
#9091 = ORIENTED_EDGE('',*,*,#9092,.F.);
#9092 = EDGE_CURVE('',#8901,#9085,#9093,.T.);
#9093 = LINE('',#9094,#9095);
#9094 = CARTESIAN_POINT('',(139.4,54.,184.6));
#9095 = VECTOR('',#9096,1.);
#9096 = DIRECTION('',(-0.,1.,0.));
#9097 = ORIENTED_EDGE('',*,*,#9098,.T.);
#9098 = EDGE_CURVE('',#8901,#9075,#9099,.T.);
#9099 = LINE('',#9100,#9101);
#9100 = CARTESIAN_POINT('',(45.2,63.,184.6));
#9101 = VECTOR('',#9102,1.);
#9102 = DIRECTION('',(1.,0.,-0.));
#9103 = PLANE('',#9104);
#9104 = AXIS2_PLACEMENT_3D('',#9105,#9106,#9107);
#9105 = CARTESIAN_POINT('',(139.4,54.,184.6));
#9106 = DIRECTION('',(0.,0.,1.));
#9107 = DIRECTION('',(1.,0.,-0.));
#9108 = ADVANCED_FACE('',(#9109),#9127,.T.);
#9109 = FACE_BOUND('',#9110,.T.);
#9110 = EDGE_LOOP('',(#9111,#9112,#9120,#9126));
#9111 = ORIENTED_EDGE('',*,*,#7710,.F.);
#9112 = ORIENTED_EDGE('',*,*,#9113,.T.);
#9113 = EDGE_CURVE('',#7703,#9114,#9116,.T.);
#9114 = VERTEX_POINT('',#9115);
#9115 = CARTESIAN_POINT('',(140.8,63.,182.2));
#9116 = LINE('',#9117,#9118);
#9117 = CARTESIAN_POINT('',(140.8,54.,182.2));
#9118 = VECTOR('',#9119,1.);
#9119 = DIRECTION('',(-0.,1.,0.));
#9120 = ORIENTED_EDGE('',*,*,#9121,.T.);
#9121 = EDGE_CURVE('',#9114,#9075,#9122,.T.);
#9122 = LINE('',#9123,#9124);
#9123 = CARTESIAN_POINT('',(140.8,63.,182.2));
#9124 = VECTOR('',#9125,1.);
#9125 = DIRECTION('',(0.,0.,1.));
#9126 = ORIENTED_EDGE('',*,*,#9074,.F.);
#9127 = PLANE('',#9128);
#9128 = AXIS2_PLACEMENT_3D('',#9129,#9130,#9131);
#9129 = CARTESIAN_POINT('',(140.8,54.,182.2));
#9130 = DIRECTION('',(1.,0.,-0.));
#9131 = DIRECTION('',(0.,0.,1.));
#9132 = ADVANCED_FACE('',(#9133),#9206,.F.);
#9133 = FACE_BOUND('',#9134,.F.);
#9134 = EDGE_LOOP('',(#9135,#9145,#9151,#9152,#9160,#9168,#9174,#9175,
    #9176,#9184,#9192,#9200));
#9135 = ORIENTED_EDGE('',*,*,#9136,.F.);
#9136 = EDGE_CURVE('',#9137,#9139,#9141,.T.);
#9137 = VERTEX_POINT('',#9138);
#9138 = CARTESIAN_POINT('',(45.2,63.,182.2));
#9139 = VERTEX_POINT('',#9140);
#9140 = CARTESIAN_POINT('',(65.,63.,182.2));
#9141 = LINE('',#9142,#9143);
#9142 = CARTESIAN_POINT('',(45.2,63.,182.2));
#9143 = VECTOR('',#9144,1.);
#9144 = DIRECTION('',(1.,0.,-0.));
#9145 = ORIENTED_EDGE('',*,*,#9146,.F.);
#9146 = EDGE_CURVE('',#7663,#9137,#9147,.T.);
#9147 = LINE('',#9148,#9149);
#9148 = CARTESIAN_POINT('',(45.2,54.,182.2));
#9149 = VECTOR('',#9150,1.);
#9150 = DIRECTION('',(-0.,1.,0.));
#9151 = ORIENTED_EDGE('',*,*,#7670,.T.);
#9152 = ORIENTED_EDGE('',*,*,#9153,.T.);
#9153 = EDGE_CURVE('',#7671,#9154,#9156,.T.);
#9154 = VERTEX_POINT('',#9155);
#9155 = CARTESIAN_POINT('',(47.,58.,182.2));
#9156 = LINE('',#9157,#9158);
#9157 = CARTESIAN_POINT('',(47.,54.,182.2));
#9158 = VECTOR('',#9159,1.);
#9159 = DIRECTION('',(-0.,1.,0.));
#9160 = ORIENTED_EDGE('',*,*,#9161,.F.);
#9161 = EDGE_CURVE('',#9162,#9154,#9164,.T.);
#9162 = VERTEX_POINT('',#9163);
#9163 = CARTESIAN_POINT('',(53.5,58.,182.2));
#9164 = LINE('',#9165,#9166);
#9165 = CARTESIAN_POINT('',(46.1,58.,182.2));
#9166 = VECTOR('',#9167,1.);
#9167 = DIRECTION('',(-1.,-0.,0.));
#9168 = ORIENTED_EDGE('',*,*,#9169,.F.);
#9169 = EDGE_CURVE('',#7695,#9162,#9170,.T.);
#9170 = LINE('',#9171,#9172);
#9171 = CARTESIAN_POINT('',(53.5,54.,182.2));
#9172 = VECTOR('',#9173,1.);
#9173 = DIRECTION('',(-0.,1.,0.));
#9174 = ORIENTED_EDGE('',*,*,#7702,.T.);
#9175 = ORIENTED_EDGE('',*,*,#9113,.T.);
#9176 = ORIENTED_EDGE('',*,*,#9177,.F.);
#9177 = EDGE_CURVE('',#9178,#9114,#9180,.T.);
#9178 = VERTEX_POINT('',#9179);
#9179 = CARTESIAN_POINT('',(121.,63.,182.2));
#9180 = LINE('',#9181,#9182);
#9181 = CARTESIAN_POINT('',(45.2,63.,182.2));
#9182 = VECTOR('',#9183,1.);
#9183 = DIRECTION('',(1.,0.,-0.));
#9184 = ORIENTED_EDGE('',*,*,#9185,.F.);
#9185 = EDGE_CURVE('',#9186,#9178,#9188,.T.);
#9186 = VERTEX_POINT('',#9187);
#9187 = CARTESIAN_POINT('',(121.,57.5,182.2));
#9188 = LINE('',#9189,#9190);
#9189 = CARTESIAN_POINT('',(121.,55.75,182.2));
#9190 = VECTOR('',#9191,1.);
#9191 = DIRECTION('',(-0.,1.,0.));
#9192 = ORIENTED_EDGE('',*,*,#9193,.T.);
#9193 = EDGE_CURVE('',#9186,#9194,#9196,.T.);
#9194 = VERTEX_POINT('',#9195);
#9195 = CARTESIAN_POINT('',(65.,57.5,182.2));
#9196 = LINE('',#9197,#9198);
#9197 = CARTESIAN_POINT('',(55.1,57.5,182.2));
#9198 = VECTOR('',#9199,1.);
#9199 = DIRECTION('',(-1.,-0.,0.));
#9200 = ORIENTED_EDGE('',*,*,#9201,.T.);
#9201 = EDGE_CURVE('',#9194,#9139,#9202,.T.);
#9202 = LINE('',#9203,#9204);
#9203 = CARTESIAN_POINT('',(65.,55.75,182.2));
#9204 = VECTOR('',#9205,1.);
#9205 = DIRECTION('',(-0.,1.,0.));
#9206 = PLANE('',#9207);
#9207 = AXIS2_PLACEMENT_3D('',#9208,#9209,#9210);
#9208 = CARTESIAN_POINT('',(45.2,54.,182.2));
#9209 = DIRECTION('',(0.,0.,1.));
#9210 = DIRECTION('',(1.,0.,-0.));
#9211 = ADVANCED_FACE('',(#9212),#9229,.F.);
#9212 = FACE_BOUND('',#9213,.F.);
#9213 = EDGE_LOOP('',(#9214,#9215,#9216,#9222,#9223));
#9214 = ORIENTED_EDGE('',*,*,#7694,.F.);
#9215 = ORIENTED_EDGE('',*,*,#9169,.T.);
#9216 = ORIENTED_EDGE('',*,*,#9217,.T.);
#9217 = EDGE_CURVE('',#9162,#8861,#9218,.T.);
#9218 = LINE('',#9219,#9220);
#9219 = CARTESIAN_POINT('',(53.5,58.,182.));
#9220 = VECTOR('',#9221,1.);
#9221 = DIRECTION('',(0.,0.,1.));
#9222 = ORIENTED_EDGE('',*,*,#8868,.F.);
#9223 = ORIENTED_EDGE('',*,*,#9224,.F.);
#9224 = EDGE_CURVE('',#7687,#8869,#9225,.T.);
#9225 = LINE('',#9226,#9227);
#9226 = CARTESIAN_POINT('',(53.5,54.,184.6));
#9227 = VECTOR('',#9228,1.);
#9228 = DIRECTION('',(-0.,1.,0.));
#9229 = PLANE('',#9230);
#9230 = AXIS2_PLACEMENT_3D('',#9231,#9232,#9233);
#9231 = CARTESIAN_POINT('',(53.5,54.,182.));
#9232 = DIRECTION('',(1.,0.,-0.));
#9233 = DIRECTION('',(0.,0.,1.));
#9234 = ADVANCED_FACE('',(#9235),#9251,.F.);
#9235 = FACE_BOUND('',#9236,.F.);
#9236 = EDGE_LOOP('',(#9237,#9243,#9244,#9245));
#9237 = ORIENTED_EDGE('',*,*,#9238,.F.);
#9238 = EDGE_CURVE('',#7679,#8845,#9239,.T.);
#9239 = LINE('',#9240,#9241);
#9240 = CARTESIAN_POINT('',(47.,54.,184.6));
#9241 = VECTOR('',#9242,1.);
#9242 = DIRECTION('',(-0.,1.,0.));
#9243 = ORIENTED_EDGE('',*,*,#7686,.T.);
#9244 = ORIENTED_EDGE('',*,*,#9224,.T.);
#9245 = ORIENTED_EDGE('',*,*,#9246,.F.);
#9246 = EDGE_CURVE('',#8845,#8869,#9247,.T.);
#9247 = LINE('',#9248,#9249);
#9248 = CARTESIAN_POINT('',(46.6,55.,184.6));
#9249 = VECTOR('',#9250,1.);
#9250 = DIRECTION('',(1.,0.,-0.));
#9251 = PLANE('',#9252);
#9252 = AXIS2_PLACEMENT_3D('',#9253,#9254,#9255);
#9253 = CARTESIAN_POINT('',(46.6,54.,184.6));
#9254 = DIRECTION('',(0.,0.,1.));
#9255 = DIRECTION('',(1.,0.,-0.));
#9256 = ADVANCED_FACE('',(#9257),#9269,.T.);
#9257 = FACE_BOUND('',#9258,.T.);
#9258 = EDGE_LOOP('',(#9259,#9260,#9261,#9267,#9268));
#9259 = ORIENTED_EDGE('',*,*,#7678,.F.);
#9260 = ORIENTED_EDGE('',*,*,#9153,.T.);
#9261 = ORIENTED_EDGE('',*,*,#9262,.T.);
#9262 = EDGE_CURVE('',#9154,#8853,#9263,.T.);
#9263 = LINE('',#9264,#9265);
#9264 = CARTESIAN_POINT('',(47.,58.,182.));
#9265 = VECTOR('',#9266,1.);
#9266 = DIRECTION('',(0.,0.,1.));
#9267 = ORIENTED_EDGE('',*,*,#8852,.F.);
#9268 = ORIENTED_EDGE('',*,*,#9238,.F.);
#9269 = PLANE('',#9270);
#9270 = AXIS2_PLACEMENT_3D('',#9271,#9272,#9273);
#9271 = CARTESIAN_POINT('',(47.,54.,182.));
#9272 = DIRECTION('',(1.,0.,-0.));
#9273 = DIRECTION('',(0.,0.,1.));
#9274 = ADVANCED_FACE('',(#9275),#9293,.F.);
#9275 = FACE_BOUND('',#9276,.F.);
#9276 = EDGE_LOOP('',(#9277,#9278,#9279,#9287));
#9277 = ORIENTED_EDGE('',*,*,#7662,.F.);
#9278 = ORIENTED_EDGE('',*,*,#9146,.T.);
#9279 = ORIENTED_EDGE('',*,*,#9280,.T.);
#9280 = EDGE_CURVE('',#9137,#9281,#9283,.T.);
#9281 = VERTEX_POINT('',#9282);
#9282 = CARTESIAN_POINT('',(45.2,63.,184.6));
#9283 = LINE('',#9284,#9285);
#9284 = CARTESIAN_POINT('',(45.2,63.,182.2));
#9285 = VECTOR('',#9286,1.);
#9286 = DIRECTION('',(0.,0.,1.));
#9287 = ORIENTED_EDGE('',*,*,#9288,.F.);
#9288 = EDGE_CURVE('',#7655,#9281,#9289,.T.);
#9289 = LINE('',#9290,#9291);
#9290 = CARTESIAN_POINT('',(45.2,54.,184.6));
#9291 = VECTOR('',#9292,1.);
#9292 = DIRECTION('',(-0.,1.,0.));
#9293 = PLANE('',#9294);
#9294 = AXIS2_PLACEMENT_3D('',#9295,#9296,#9297);
#9295 = CARTESIAN_POINT('',(45.2,54.,182.2));
#9296 = DIRECTION('',(1.,0.,-0.));
#9297 = DIRECTION('',(0.,0.,1.));
#9298 = ADVANCED_FACE('',(#9299),#9331,.F.);
#9299 = FACE_BOUND('',#9300,.F.);
#9300 = EDGE_LOOP('',(#9301,#9309,#9310,#9311,#9317,#9325));
#9301 = ORIENTED_EDGE('',*,*,#9302,.F.);
#9302 = EDGE_CURVE('',#7647,#9303,#9305,.T.);
#9303 = VERTEX_POINT('',#9304);
#9304 = CARTESIAN_POINT('',(43.8,64.5,184.6));
#9305 = LINE('',#9306,#9307);
#9306 = CARTESIAN_POINT('',(43.8,54.,184.6));
#9307 = VECTOR('',#9308,1.);
#9308 = DIRECTION('',(-0.,1.,0.));
#9309 = ORIENTED_EDGE('',*,*,#7654,.T.);
#9310 = ORIENTED_EDGE('',*,*,#9288,.T.);
#9311 = ORIENTED_EDGE('',*,*,#9312,.T.);
#9312 = EDGE_CURVE('',#9281,#8827,#9313,.T.);
#9313 = LINE('',#9314,#9315);
#9314 = CARTESIAN_POINT('',(45.2,63.,184.6));
#9315 = VECTOR('',#9316,1.);
#9316 = DIRECTION('',(1.,0.,-0.));
#9317 = ORIENTED_EDGE('',*,*,#9318,.T.);
#9318 = EDGE_CURVE('',#8827,#9319,#9321,.T.);
#9319 = VERTEX_POINT('',#9320);
#9320 = CARTESIAN_POINT('',(46.6,64.5,184.6));
#9321 = LINE('',#9322,#9323);
#9322 = CARTESIAN_POINT('',(46.6,54.,184.6));
#9323 = VECTOR('',#9324,1.);
#9324 = DIRECTION('',(-0.,1.,0.));
#9325 = ORIENTED_EDGE('',*,*,#9326,.F.);
#9326 = EDGE_CURVE('',#9303,#9319,#9327,.T.);
#9327 = LINE('',#9328,#9329);
#9328 = CARTESIAN_POINT('',(43.8,64.5,184.6));
#9329 = VECTOR('',#9330,1.);
#9330 = DIRECTION('',(1.,0.,-0.));
#9331 = PLANE('',#9332);
#9332 = AXIS2_PLACEMENT_3D('',#9333,#9334,#9335);
#9333 = CARTESIAN_POINT('',(43.8,54.,184.6));
#9334 = DIRECTION('',(0.,0.,1.));
#9335 = DIRECTION('',(1.,0.,-0.));
#9336 = ADVANCED_FACE('',(#9337),#9355,.F.);
#9337 = FACE_BOUND('',#9338,.F.);
#9338 = EDGE_LOOP('',(#9339,#9340,#9341,#9349));
#9339 = ORIENTED_EDGE('',*,*,#7646,.F.);
#9340 = ORIENTED_EDGE('',*,*,#9302,.T.);
#9341 = ORIENTED_EDGE('',*,*,#9342,.T.);
#9342 = EDGE_CURVE('',#9303,#9343,#9345,.T.);
#9343 = VERTEX_POINT('',#9344);
#9344 = CARTESIAN_POINT('',(43.8,64.5,196.));
#9345 = LINE('',#9346,#9347);
#9346 = CARTESIAN_POINT('',(43.8,64.5,184.6));
#9347 = VECTOR('',#9348,1.);
#9348 = DIRECTION('',(0.,0.,1.));
#9349 = ORIENTED_EDGE('',*,*,#9350,.F.);
#9350 = EDGE_CURVE('',#7639,#9343,#9351,.T.);
#9351 = LINE('',#9352,#9353);
#9352 = CARTESIAN_POINT('',(43.8,54.,196.));
#9353 = VECTOR('',#9354,1.);
#9354 = DIRECTION('',(-0.,1.,0.));
#9355 = PLANE('',#9356);
#9356 = AXIS2_PLACEMENT_3D('',#9357,#9358,#9359);
#9357 = CARTESIAN_POINT('',(43.8,54.,184.6));
#9358 = DIRECTION('',(1.,0.,-0.));
#9359 = DIRECTION('',(0.,0.,1.));
#9360 = ADVANCED_FACE('',(#9361),#9380,.T.);
#9361 = FACE_BOUND('',#9362,.T.);
#9362 = EDGE_LOOP('',(#9363,#9364,#9365,#9366,#9374));
#9363 = ORIENTED_EDGE('',*,*,#9350,.F.);
#9364 = ORIENTED_EDGE('',*,*,#7638,.T.);
#9365 = ORIENTED_EDGE('',*,*,#8748,.T.);
#9366 = ORIENTED_EDGE('',*,*,#9367,.T.);
#9367 = EDGE_CURVE('',#8749,#9368,#9370,.T.);
#9368 = VERTEX_POINT('',#9369);
#9369 = CARTESIAN_POINT('',(46.6,64.5,196.));
#9370 = LINE('',#9371,#9372);
#9371 = CARTESIAN_POINT('',(46.6,54.,196.));
#9372 = VECTOR('',#9373,1.);
#9373 = DIRECTION('',(-0.,1.,0.));
#9374 = ORIENTED_EDGE('',*,*,#9375,.F.);
#9375 = EDGE_CURVE('',#9343,#9368,#9376,.T.);
#9376 = LINE('',#9377,#9378);
#9377 = CARTESIAN_POINT('',(43.8,64.5,196.));
#9378 = VECTOR('',#9379,1.);
#9379 = DIRECTION('',(1.,0.,-0.));
#9380 = PLANE('',#9381);
#9381 = AXIS2_PLACEMENT_3D('',#9382,#9383,#9384);
#9382 = CARTESIAN_POINT('',(43.8,54.,196.));
#9383 = DIRECTION('',(0.,0.,1.));
#9384 = DIRECTION('',(1.,0.,-0.));
#9385 = ADVANCED_FACE('',(#9386),#9411,.F.);
#9386 = FACE_BOUND('',#9387,.F.);
#9387 = EDGE_LOOP('',(#9388,#9389,#9397,#9405));
#9388 = ORIENTED_EDGE('',*,*,#7790,.F.);
#9389 = ORIENTED_EDGE('',*,*,#9390,.T.);
#9390 = EDGE_CURVE('',#7791,#9391,#9393,.T.);
#9391 = VERTEX_POINT('',#9392);
#9392 = CARTESIAN_POINT('',(100.5,55.5,142.));
#9393 = LINE('',#9394,#9395);
#9394 = CARTESIAN_POINT('',(100.5,54.,142.));
#9395 = VECTOR('',#9396,1.);
#9396 = DIRECTION('',(-0.,1.,0.));
#9397 = ORIENTED_EDGE('',*,*,#9398,.T.);
#9398 = EDGE_CURVE('',#9391,#9399,#9401,.T.);
#9399 = VERTEX_POINT('',#9400);
#9400 = CARTESIAN_POINT('',(100.5,55.5,166.));
#9401 = LINE('',#9402,#9403);
#9402 = CARTESIAN_POINT('',(100.5,55.5,142.));
#9403 = VECTOR('',#9404,1.);
#9404 = DIRECTION('',(0.,0.,1.));
#9405 = ORIENTED_EDGE('',*,*,#9406,.F.);
#9406 = EDGE_CURVE('',#7793,#9399,#9407,.T.);
#9407 = LINE('',#9408,#9409);
#9408 = CARTESIAN_POINT('',(100.5,54.,166.));
#9409 = VECTOR('',#9410,1.);
#9410 = DIRECTION('',(-0.,1.,0.));
#9411 = PLANE('',#9412);
#9412 = AXIS2_PLACEMENT_3D('',#9413,#9414,#9415);
#9413 = CARTESIAN_POINT('',(100.5,54.,142.));
#9414 = DIRECTION('',(1.,0.,-0.));
#9415 = DIRECTION('',(0.,0.,1.));
#9416 = ADVANCED_FACE('',(#9417),#9435,.F.);
#9417 = FACE_BOUND('',#9418,.F.);
#9418 = EDGE_LOOP('',(#9419,#9420,#9421,#9429));
#9419 = ORIENTED_EDGE('',*,*,#9390,.F.);
#9420 = ORIENTED_EDGE('',*,*,#7800,.T.);
#9421 = ORIENTED_EDGE('',*,*,#9422,.T.);
#9422 = EDGE_CURVE('',#7801,#9423,#9425,.T.);
#9423 = VERTEX_POINT('',#9424);
#9424 = CARTESIAN_POINT('',(130.5,55.5,142.));
#9425 = LINE('',#9426,#9427);
#9426 = CARTESIAN_POINT('',(130.5,54.,142.));
#9427 = VECTOR('',#9428,1.);
#9428 = DIRECTION('',(-0.,1.,0.));
#9429 = ORIENTED_EDGE('',*,*,#9430,.F.);
#9430 = EDGE_CURVE('',#9391,#9423,#9431,.T.);
#9431 = LINE('',#9432,#9433);
#9432 = CARTESIAN_POINT('',(100.5,55.5,142.));
#9433 = VECTOR('',#9434,1.);
#9434 = DIRECTION('',(1.,0.,-0.));
#9435 = PLANE('',#9436);
#9436 = AXIS2_PLACEMENT_3D('',#9437,#9438,#9439);
#9437 = CARTESIAN_POINT('',(100.5,54.,142.));
#9438 = DIRECTION('',(0.,0.,1.));
#9439 = DIRECTION('',(1.,0.,-0.));
#9440 = ADVANCED_FACE('',(#9441),#9459,.T.);
#9441 = FACE_BOUND('',#9442,.T.);
#9442 = EDGE_LOOP('',(#9443,#9444,#9445,#9453));
#9443 = ORIENTED_EDGE('',*,*,#9406,.F.);
#9444 = ORIENTED_EDGE('',*,*,#7816,.T.);
#9445 = ORIENTED_EDGE('',*,*,#9446,.T.);
#9446 = EDGE_CURVE('',#7809,#9447,#9449,.T.);
#9447 = VERTEX_POINT('',#9448);
#9448 = CARTESIAN_POINT('',(130.5,55.5,166.));
#9449 = LINE('',#9450,#9451);
#9450 = CARTESIAN_POINT('',(130.5,54.,166.));
#9451 = VECTOR('',#9452,1.);
#9452 = DIRECTION('',(-0.,1.,0.));
#9453 = ORIENTED_EDGE('',*,*,#9454,.F.);
#9454 = EDGE_CURVE('',#9399,#9447,#9455,.T.);
#9455 = LINE('',#9456,#9457);
#9456 = CARTESIAN_POINT('',(100.5,55.5,166.));
#9457 = VECTOR('',#9458,1.);
#9458 = DIRECTION('',(1.,0.,-0.));
#9459 = PLANE('',#9460);
#9460 = AXIS2_PLACEMENT_3D('',#9461,#9462,#9463);
#9461 = CARTESIAN_POINT('',(100.5,54.,166.));
#9462 = DIRECTION('',(0.,0.,1.));
#9463 = DIRECTION('',(1.,0.,-0.));
#9464 = ADVANCED_FACE('',(#9465),#9476,.T.);
#9465 = FACE_BOUND('',#9466,.T.);
#9466 = EDGE_LOOP('',(#9467,#9468,#9469,#9475));
#9467 = ORIENTED_EDGE('',*,*,#7808,.F.);
#9468 = ORIENTED_EDGE('',*,*,#9422,.T.);
#9469 = ORIENTED_EDGE('',*,*,#9470,.T.);
#9470 = EDGE_CURVE('',#9423,#9447,#9471,.T.);
#9471 = LINE('',#9472,#9473);
#9472 = CARTESIAN_POINT('',(130.5,55.5,142.));
#9473 = VECTOR('',#9474,1.);
#9474 = DIRECTION('',(0.,0.,1.));
#9475 = ORIENTED_EDGE('',*,*,#9446,.F.);
#9476 = PLANE('',#9477);
#9477 = AXIS2_PLACEMENT_3D('',#9478,#9479,#9480);
#9478 = CARTESIAN_POINT('',(130.5,54.,142.));
#9479 = DIRECTION('',(1.,0.,-0.));
#9480 = DIRECTION('',(0.,0.,1.));
#9481 = ADVANCED_FACE('',(#9482),#9531,.F.);
#9482 = FACE_BOUND('',#9483,.F.);
#9483 = EDGE_LOOP('',(#9484,#9485,#9493,#9501,#9509,#9517,#9525));
#9484 = ORIENTED_EDGE('',*,*,#8076,.F.);
#9485 = ORIENTED_EDGE('',*,*,#9486,.T.);
#9486 = EDGE_CURVE('',#8069,#9487,#9489,.T.);
#9487 = VERTEX_POINT('',#9488);
#9488 = CARTESIAN_POINT('',(5.1,94.5,115.));
#9489 = LINE('',#9490,#9491);
#9490 = CARTESIAN_POINT('',(5.7,94.5,138.));
#9491 = VECTOR('',#9492,1.);
#9492 = DIRECTION('',(-2.607808458056E-02,0.,-0.999659908921));
#9493 = ORIENTED_EDGE('',*,*,#9494,.T.);
#9494 = EDGE_CURVE('',#9487,#9495,#9497,.T.);
#9495 = VERTEX_POINT('',#9496);
#9496 = CARTESIAN_POINT('',(3.3,94.5,115.));
#9497 = LINE('',#9498,#9499);
#9498 = CARTESIAN_POINT('',(5.1,94.5,115.));
#9499 = VECTOR('',#9500,1.);
#9500 = DIRECTION('',(-1.,0.,0.));
#9501 = ORIENTED_EDGE('',*,*,#9502,.T.);
#9502 = EDGE_CURVE('',#9495,#9503,#9505,.T.);
#9503 = VERTEX_POINT('',#9504);
#9504 = CARTESIAN_POINT('',(0.4,94.5,121.));
#9505 = LINE('',#9506,#9507);
#9506 = CARTESIAN_POINT('',(3.3,94.5,115.));
#9507 = VECTOR('',#9508,1.);
#9508 = DIRECTION('',(-0.43516866054,0.,0.900348952842));
#9509 = ORIENTED_EDGE('',*,*,#9510,.T.);
#9510 = EDGE_CURVE('',#9503,#9511,#9513,.T.);
#9511 = VERTEX_POINT('',#9512);
#9512 = CARTESIAN_POINT('',(0.4,94.5,127.));
#9513 = LINE('',#9514,#9515);
#9514 = CARTESIAN_POINT('',(0.4,94.5,121.));
#9515 = VECTOR('',#9516,1.);
#9516 = DIRECTION('',(0.,0.,1.));
#9517 = ORIENTED_EDGE('',*,*,#9518,.T.);
#9518 = EDGE_CURVE('',#9511,#9519,#9521,.T.);
#9519 = VERTEX_POINT('',#9520);
#9520 = CARTESIAN_POINT('',(3.3,94.5,127.));
#9521 = LINE('',#9522,#9523);
#9522 = CARTESIAN_POINT('',(0.4,94.5,127.));
#9523 = VECTOR('',#9524,1.);
#9524 = DIRECTION('',(1.,0.,0.));
#9525 = ORIENTED_EDGE('',*,*,#9526,.T.);
#9526 = EDGE_CURVE('',#9519,#8077,#9527,.T.);
#9527 = LINE('',#9528,#9529);
#9528 = CARTESIAN_POINT('',(3.3,94.5,127.));
#9529 = VECTOR('',#9530,1.);
#9530 = DIRECTION('',(0.,0.,1.));
#9531 = PLANE('',#9532);
#9532 = AXIS2_PLACEMENT_3D('',#9533,#9534,#9535);
#9533 = CARTESIAN_POINT('',(3.403237018377,94.5,129.56273882517));
#9534 = DIRECTION('',(0.,1.,0.));
#9535 = DIRECTION('',(0.,-0.,1.));
#9536 = ADVANCED_FACE('',(#9537),#9555,.F.);
#9537 = FACE_BOUND('',#9538,.F.);
#9538 = EDGE_LOOP('',(#9539,#9540,#9548,#9554));
#9539 = ORIENTED_EDGE('',*,*,#8068,.T.);
#9540 = ORIENTED_EDGE('',*,*,#9541,.T.);
#9541 = EDGE_CURVE('',#8061,#9542,#9544,.T.);
#9542 = VERTEX_POINT('',#9543);
#9543 = CARTESIAN_POINT('',(5.1,105.5,115.));
#9544 = LINE('',#9545,#9546);
#9545 = CARTESIAN_POINT('',(5.7,105.5,138.));
#9546 = VECTOR('',#9547,1.);
#9547 = DIRECTION('',(-2.607808458056E-02,0.,-0.999659908921));
#9548 = ORIENTED_EDGE('',*,*,#9549,.F.);
#9549 = EDGE_CURVE('',#9487,#9542,#9550,.T.);
#9550 = LINE('',#9551,#9552);
#9551 = CARTESIAN_POINT('',(5.1,94.5,115.));
#9552 = VECTOR('',#9553,1.);
#9553 = DIRECTION('',(0.,1.,0.));
#9554 = ORIENTED_EDGE('',*,*,#9486,.F.);
#9555 = PLANE('',#9556);
#9556 = AXIS2_PLACEMENT_3D('',#9557,#9558,#9559);
#9557 = CARTESIAN_POINT('',(5.7,94.5,138.));
#9558 = DIRECTION('',(-0.999659908921,0.,2.607808458056E-02));
#9559 = DIRECTION('',(-2.607808458056E-02,0.,-0.999659908921));
#9560 = ADVANCED_FACE('',(#9561),#9603,.T.);
#9561 = FACE_BOUND('',#9562,.T.);
#9562 = EDGE_LOOP('',(#9563,#9564,#9565,#9573,#9581,#9589,#9597));
#9563 = ORIENTED_EDGE('',*,*,#8060,.F.);
#9564 = ORIENTED_EDGE('',*,*,#9541,.T.);
#9565 = ORIENTED_EDGE('',*,*,#9566,.T.);
#9566 = EDGE_CURVE('',#9542,#9567,#9569,.T.);
#9567 = VERTEX_POINT('',#9568);
#9568 = CARTESIAN_POINT('',(3.3,105.5,115.));
#9569 = LINE('',#9570,#9571);
#9570 = CARTESIAN_POINT('',(5.1,105.5,115.));
#9571 = VECTOR('',#9572,1.);
#9572 = DIRECTION('',(-1.,0.,0.));
#9573 = ORIENTED_EDGE('',*,*,#9574,.T.);
#9574 = EDGE_CURVE('',#9567,#9575,#9577,.T.);
#9575 = VERTEX_POINT('',#9576);
#9576 = CARTESIAN_POINT('',(0.4,105.5,121.));
#9577 = LINE('',#9578,#9579);
#9578 = CARTESIAN_POINT('',(3.3,105.5,115.));
#9579 = VECTOR('',#9580,1.);
#9580 = DIRECTION('',(-0.43516866054,0.,0.900348952842));
#9581 = ORIENTED_EDGE('',*,*,#9582,.T.);
#9582 = EDGE_CURVE('',#9575,#9583,#9585,.T.);
#9583 = VERTEX_POINT('',#9584);
#9584 = CARTESIAN_POINT('',(0.4,105.5,127.));
#9585 = LINE('',#9586,#9587);
#9586 = CARTESIAN_POINT('',(0.4,105.5,121.));
#9587 = VECTOR('',#9588,1.);
#9588 = DIRECTION('',(0.,0.,1.));
#9589 = ORIENTED_EDGE('',*,*,#9590,.T.);
#9590 = EDGE_CURVE('',#9583,#9591,#9593,.T.);
#9591 = VERTEX_POINT('',#9592);
#9592 = CARTESIAN_POINT('',(3.3,105.5,127.));
#9593 = LINE('',#9594,#9595);
#9594 = CARTESIAN_POINT('',(0.4,105.5,127.));
#9595 = VECTOR('',#9596,1.);
#9596 = DIRECTION('',(1.,0.,0.));
#9597 = ORIENTED_EDGE('',*,*,#9598,.T.);
#9598 = EDGE_CURVE('',#9591,#8053,#9599,.T.);
#9599 = LINE('',#9600,#9601);
#9600 = CARTESIAN_POINT('',(3.3,105.5,127.));
#9601 = VECTOR('',#9602,1.);
#9602 = DIRECTION('',(0.,0.,1.));
#9603 = PLANE('',#9604);
#9604 = AXIS2_PLACEMENT_3D('',#9605,#9606,#9607);
#9605 = CARTESIAN_POINT('',(3.403237018377,105.5,129.56273882517));
#9606 = DIRECTION('',(0.,1.,0.));
#9607 = DIRECTION('',(0.,-0.,1.));
#9608 = ADVANCED_FACE('',(#9609),#9658,.F.);
#9609 = FACE_BOUND('',#9610,.F.);
#9610 = EDGE_LOOP('',(#9611,#9612,#9620,#9628,#9636,#9644,#9652));
#9611 = ORIENTED_EDGE('',*,*,#8035,.F.);
#9612 = ORIENTED_EDGE('',*,*,#9613,.T.);
#9613 = EDGE_CURVE('',#8028,#9614,#9616,.T.);
#9614 = VERTEX_POINT('',#9615);
#9615 = CARTESIAN_POINT('',(180.9,105.5,115.));
#9616 = LINE('',#9617,#9618);
#9617 = CARTESIAN_POINT('',(180.3,105.5,138.));
#9618 = VECTOR('',#9619,1.);
#9619 = DIRECTION('',(2.607808458056E-02,0.,-0.999659908921));
#9620 = ORIENTED_EDGE('',*,*,#9621,.T.);
#9621 = EDGE_CURVE('',#9614,#9622,#9624,.T.);
#9622 = VERTEX_POINT('',#9623);
#9623 = CARTESIAN_POINT('',(182.7,105.5,115.));
#9624 = LINE('',#9625,#9626);
#9625 = CARTESIAN_POINT('',(180.9,105.5,115.));
#9626 = VECTOR('',#9627,1.);
#9627 = DIRECTION('',(1.,0.,0.));
#9628 = ORIENTED_EDGE('',*,*,#9629,.T.);
#9629 = EDGE_CURVE('',#9622,#9630,#9632,.T.);
#9630 = VERTEX_POINT('',#9631);
#9631 = CARTESIAN_POINT('',(185.6,105.5,121.));
#9632 = LINE('',#9633,#9634);
#9633 = CARTESIAN_POINT('',(182.7,105.5,115.));
#9634 = VECTOR('',#9635,1.);
#9635 = DIRECTION('',(0.43516866054,0.,0.900348952842));
#9636 = ORIENTED_EDGE('',*,*,#9637,.T.);
#9637 = EDGE_CURVE('',#9630,#9638,#9640,.T.);
#9638 = VERTEX_POINT('',#9639);
#9639 = CARTESIAN_POINT('',(185.6,105.5,127.));
#9640 = LINE('',#9641,#9642);
#9641 = CARTESIAN_POINT('',(185.6,105.5,121.));
#9642 = VECTOR('',#9643,1.);
#9643 = DIRECTION('',(0.,0.,1.));
#9644 = ORIENTED_EDGE('',*,*,#9645,.T.);
#9645 = EDGE_CURVE('',#9638,#9646,#9648,.T.);
#9646 = VERTEX_POINT('',#9647);
#9647 = CARTESIAN_POINT('',(182.7,105.5,127.));
#9648 = LINE('',#9649,#9650);
#9649 = CARTESIAN_POINT('',(185.6,105.5,127.));
#9650 = VECTOR('',#9651,1.);
#9651 = DIRECTION('',(-1.,0.,0.));
#9652 = ORIENTED_EDGE('',*,*,#9653,.T.);
#9653 = EDGE_CURVE('',#9646,#8036,#9654,.T.);
#9654 = LINE('',#9655,#9656);
#9655 = CARTESIAN_POINT('',(182.7,105.5,127.));
#9656 = VECTOR('',#9657,1.);
#9657 = DIRECTION('',(0.,0.,1.));
#9658 = PLANE('',#9659);
#9659 = AXIS2_PLACEMENT_3D('',#9660,#9661,#9662);
#9660 = CARTESIAN_POINT('',(182.59676298162,105.5,129.56273882517));
#9661 = DIRECTION('',(-0.,-1.,-0.));
#9662 = DIRECTION('',(0.,0.,-1.));
#9663 = ADVANCED_FACE('',(#9664),#9682,.T.);
#9664 = FACE_BOUND('',#9665,.T.);
#9665 = EDGE_LOOP('',(#9666,#9667,#9668,#9676));
#9666 = ORIENTED_EDGE('',*,*,#8027,.T.);
#9667 = ORIENTED_EDGE('',*,*,#9613,.T.);
#9668 = ORIENTED_EDGE('',*,*,#9669,.F.);
#9669 = EDGE_CURVE('',#9670,#9614,#9672,.T.);
#9670 = VERTEX_POINT('',#9671);
#9671 = CARTESIAN_POINT('',(180.9,94.5,115.));
#9672 = LINE('',#9673,#9674);
#9673 = CARTESIAN_POINT('',(180.9,94.5,115.));
#9674 = VECTOR('',#9675,1.);
#9675 = DIRECTION('',(0.,1.,0.));
#9676 = ORIENTED_EDGE('',*,*,#9677,.F.);
#9677 = EDGE_CURVE('',#8020,#9670,#9678,.T.);
#9678 = LINE('',#9679,#9680);
#9679 = CARTESIAN_POINT('',(180.3,94.5,138.));
#9680 = VECTOR('',#9681,1.);
#9681 = DIRECTION('',(2.607808458056E-02,0.,-0.999659908921));
#9682 = PLANE('',#9683);
#9683 = AXIS2_PLACEMENT_3D('',#9684,#9685,#9686);
#9684 = CARTESIAN_POINT('',(180.3,94.5,138.));
#9685 = DIRECTION('',(-0.999659908921,0.,-2.607808458056E-02));
#9686 = DIRECTION('',(2.607808458056E-02,0.,-0.999659908921));
#9687 = ADVANCED_FACE('',(#9688),#9730,.T.);
#9688 = FACE_BOUND('',#9689,.T.);
#9689 = EDGE_LOOP('',(#9690,#9691,#9692,#9700,#9708,#9716,#9724));
#9690 = ORIENTED_EDGE('',*,*,#8019,.F.);
#9691 = ORIENTED_EDGE('',*,*,#9677,.T.);
#9692 = ORIENTED_EDGE('',*,*,#9693,.T.);
#9693 = EDGE_CURVE('',#9670,#9694,#9696,.T.);
#9694 = VERTEX_POINT('',#9695);
#9695 = CARTESIAN_POINT('',(182.7,94.5,115.));
#9696 = LINE('',#9697,#9698);
#9697 = CARTESIAN_POINT('',(180.9,94.5,115.));
#9698 = VECTOR('',#9699,1.);
#9699 = DIRECTION('',(1.,0.,0.));
#9700 = ORIENTED_EDGE('',*,*,#9701,.T.);
#9701 = EDGE_CURVE('',#9694,#9702,#9704,.T.);
#9702 = VERTEX_POINT('',#9703);
#9703 = CARTESIAN_POINT('',(185.6,94.5,121.));
#9704 = LINE('',#9705,#9706);
#9705 = CARTESIAN_POINT('',(182.7,94.5,115.));
#9706 = VECTOR('',#9707,1.);
#9707 = DIRECTION('',(0.43516866054,0.,0.900348952842));
#9708 = ORIENTED_EDGE('',*,*,#9709,.T.);
#9709 = EDGE_CURVE('',#9702,#9710,#9712,.T.);
#9710 = VERTEX_POINT('',#9711);
#9711 = CARTESIAN_POINT('',(185.6,94.5,127.));
#9712 = LINE('',#9713,#9714);
#9713 = CARTESIAN_POINT('',(185.6,94.5,121.));
#9714 = VECTOR('',#9715,1.);
#9715 = DIRECTION('',(0.,0.,1.));
#9716 = ORIENTED_EDGE('',*,*,#9717,.T.);
#9717 = EDGE_CURVE('',#9710,#9718,#9720,.T.);
#9718 = VERTEX_POINT('',#9719);
#9719 = CARTESIAN_POINT('',(182.7,94.5,127.));
#9720 = LINE('',#9721,#9722);
#9721 = CARTESIAN_POINT('',(185.6,94.5,127.));
#9722 = VECTOR('',#9723,1.);
#9723 = DIRECTION('',(-1.,0.,0.));
#9724 = ORIENTED_EDGE('',*,*,#9725,.T.);
#9725 = EDGE_CURVE('',#9718,#8012,#9726,.T.);
#9726 = LINE('',#9727,#9728);
#9727 = CARTESIAN_POINT('',(182.7,94.5,127.));
#9728 = VECTOR('',#9729,1.);
#9729 = DIRECTION('',(0.,0.,1.));
#9730 = PLANE('',#9731);
#9731 = AXIS2_PLACEMENT_3D('',#9732,#9733,#9734);
#9732 = CARTESIAN_POINT('',(182.59676298162,94.5,129.56273882517));
#9733 = DIRECTION('',(-0.,-1.,-0.));
#9734 = DIRECTION('',(0.,0.,-1.));
#9735 = ADVANCED_FACE('',(#9736,#9742),#9776,.F.);
#9736 = FACE_BOUND('',#9737,.F.);
#9737 = EDGE_LOOP('',(#9738,#9739,#9740,#9741));
#9738 = ORIENTED_EDGE('',*,*,#8384,.F.);
#9739 = ORIENTED_EDGE('',*,*,#8093,.F.);
#9740 = ORIENTED_EDGE('',*,*,#8105,.T.);
#9741 = ORIENTED_EDGE('',*,*,#8431,.F.);
#9742 = FACE_BOUND('',#9743,.F.);
#9743 = EDGE_LOOP('',(#9744,#9754,#9762,#9770));
#9744 = ORIENTED_EDGE('',*,*,#9745,.F.);
#9745 = EDGE_CURVE('',#9746,#9748,#9750,.T.);
#9746 = VERTEX_POINT('',#9747);
#9747 = CARTESIAN_POINT('',(172.2,5.1,138.));
#9748 = VERTEX_POINT('',#9749);
#9749 = CARTESIAN_POINT('',(181.4,5.1,138.));
#9750 = LINE('',#9751,#9752);
#9751 = CARTESIAN_POINT('',(172.2,5.1,138.));
#9752 = VECTOR('',#9753,1.);
#9753 = DIRECTION('',(1.,0.,-0.));
#9754 = ORIENTED_EDGE('',*,*,#9755,.T.);
#9755 = EDGE_CURVE('',#9746,#9756,#9758,.T.);
#9756 = VERTEX_POINT('',#9757);
#9757 = CARTESIAN_POINT('',(172.2,12.9,138.));
#9758 = LINE('',#9759,#9760);
#9759 = CARTESIAN_POINT('',(172.2,5.1,138.));
#9760 = VECTOR('',#9761,1.);
#9761 = DIRECTION('',(-0.,1.,0.));
#9762 = ORIENTED_EDGE('',*,*,#9763,.T.);
#9763 = EDGE_CURVE('',#9756,#9764,#9766,.T.);
#9764 = VERTEX_POINT('',#9765);
#9765 = CARTESIAN_POINT('',(181.4,12.9,138.));
#9766 = LINE('',#9767,#9768);
#9767 = CARTESIAN_POINT('',(172.2,12.9,138.));
#9768 = VECTOR('',#9769,1.);
#9769 = DIRECTION('',(1.,0.,-0.));
#9770 = ORIENTED_EDGE('',*,*,#9771,.F.);
#9771 = EDGE_CURVE('',#9748,#9764,#9772,.T.);
#9772 = LINE('',#9773,#9774);
#9773 = CARTESIAN_POINT('',(181.4,5.1,138.));
#9774 = VECTOR('',#9775,1.);
#9775 = DIRECTION('',(-0.,1.,0.));
#9776 = PLANE('',#9777);
#9777 = AXIS2_PLACEMENT_3D('',#9778,#9779,#9780);
#9778 = CARTESIAN_POINT('',(170.,3.5,138.));
#9779 = DIRECTION('',(0.,0.,1.));
#9780 = DIRECTION('',(1.,0.,-0.));
#9781 = ADVANCED_FACE('',(#9782),#9829,.F.);
#9782 = FACE_BOUND('',#9783,.F.);
#9783 = EDGE_LOOP('',(#9784,#9785,#9786,#9787,#9788,#9789,#9797,#9805,
    #9813,#9821,#9827,#9828));
#9784 = ORIENTED_EDGE('',*,*,#8153,.T.);
#9785 = ORIENTED_EDGE('',*,*,#8145,.T.);
#9786 = ORIENTED_EDGE('',*,*,#8137,.F.);
#9787 = ORIENTED_EDGE('',*,*,#8129,.F.);
#9788 = ORIENTED_EDGE('',*,*,#8525,.T.);
#9789 = ORIENTED_EDGE('',*,*,#9790,.T.);
#9790 = EDGE_CURVE('',#8526,#9791,#9793,.T.);
#9791 = VERTEX_POINT('',#9792);
#9792 = CARTESIAN_POINT('',(30.,62.,138.));
#9793 = LINE('',#9794,#9795);
#9794 = CARTESIAN_POINT('',(25.,62.,138.));
#9795 = VECTOR('',#9796,1.);
#9796 = DIRECTION('',(-1.,-0.,0.));
#9797 = ORIENTED_EDGE('',*,*,#9798,.T.);
#9798 = EDGE_CURVE('',#9791,#9799,#9801,.T.);
#9799 = VERTEX_POINT('',#9800);
#9800 = CARTESIAN_POINT('',(30.,140.,138.));
#9801 = LINE('',#9802,#9803);
#9802 = CARTESIAN_POINT('',(30.,58.,138.));
#9803 = VECTOR('',#9804,1.);
#9804 = DIRECTION('',(-0.,1.,0.));
#9805 = ORIENTED_EDGE('',*,*,#9806,.F.);
#9806 = EDGE_CURVE('',#9807,#9799,#9809,.T.);
#9807 = VERTEX_POINT('',#9808);
#9808 = CARTESIAN_POINT('',(156.,140.,138.));
#9809 = LINE('',#9810,#9811);
#9810 = CARTESIAN_POINT('',(25.,140.,138.));
#9811 = VECTOR('',#9812,1.);
#9812 = DIRECTION('',(-1.,-0.,0.));
#9813 = ORIENTED_EDGE('',*,*,#9814,.F.);
#9814 = EDGE_CURVE('',#9815,#9807,#9817,.T.);
#9815 = VERTEX_POINT('',#9816);
#9816 = CARTESIAN_POINT('',(156.,62.,138.));
#9817 = LINE('',#9818,#9819);
#9818 = CARTESIAN_POINT('',(156.,58.,138.));
#9819 = VECTOR('',#9820,1.);
#9820 = DIRECTION('',(-0.,1.,0.));
#9821 = ORIENTED_EDGE('',*,*,#9822,.T.);
#9822 = EDGE_CURVE('',#9815,#8550,#9823,.T.);
#9823 = LINE('',#9824,#9825);
#9824 = CARTESIAN_POINT('',(25.,62.,138.));
#9825 = VECTOR('',#9826,1.);
#9826 = DIRECTION('',(-1.,-0.,0.));
#9827 = ORIENTED_EDGE('',*,*,#8549,.F.);
#9828 = ORIENTED_EDGE('',*,*,#8113,.F.);
#9829 = PLANE('',#9830);
#9830 = AXIS2_PLACEMENT_3D('',#9831,#9832,#9833);
#9831 = CARTESIAN_POINT('',(20.,54.,138.));
#9832 = DIRECTION('',(0.,0.,1.));
#9833 = DIRECTION('',(1.,0.,-0.));
#9834 = ADVANCED_FACE('',(#9835),#9846,.F.);
#9835 = FACE_BOUND('',#9836,.F.);
#9836 = EDGE_LOOP('',(#9837,#9838,#9839,#9845));
#9837 = ORIENTED_EDGE('',*,*,#8122,.F.);
#9838 = ORIENTED_EDGE('',*,*,#8628,.T.);
#9839 = ORIENTED_EDGE('',*,*,#9840,.T.);
#9840 = EDGE_CURVE('',#8629,#8574,#9841,.T.);
#9841 = LINE('',#9842,#9843);
#9842 = CARTESIAN_POINT('',(25.,62.,138.));
#9843 = VECTOR('',#9844,1.);
#9844 = DIRECTION('',(-1.,-0.,0.));
#9845 = ORIENTED_EDGE('',*,*,#8573,.F.);
#9846 = PLANE('',#9847);
#9847 = AXIS2_PLACEMENT_3D('',#9848,#9849,#9850);
#9848 = CARTESIAN_POINT('',(20.,54.,138.));
#9849 = DIRECTION('',(0.,0.,1.));
#9850 = DIRECTION('',(1.,0.,-0.));
#9851 = ADVANCED_FACE('',(#9852),#9863,.T.);
#9852 = FACE_BOUND('',#9853,.T.);
#9853 = EDGE_LOOP('',(#9854,#9860,#9861,#9862));
#9854 = ORIENTED_EDGE('',*,*,#9855,.T.);
#9855 = EDGE_CURVE('',#9718,#9646,#9856,.T.);
#9856 = LINE('',#9857,#9858);
#9857 = CARTESIAN_POINT('',(182.7,94.5,127.));
#9858 = VECTOR('',#9859,1.);
#9859 = DIRECTION('',(0.,1.,0.));
#9860 = ORIENTED_EDGE('',*,*,#9653,.T.);
#9861 = ORIENTED_EDGE('',*,*,#8170,.F.);
#9862 = ORIENTED_EDGE('',*,*,#9725,.F.);
#9863 = PLANE('',#9864);
#9864 = AXIS2_PLACEMENT_3D('',#9865,#9866,#9867);
#9865 = CARTESIAN_POINT('',(182.7,94.5,127.));
#9866 = DIRECTION('',(1.,0.,0.));
#9867 = DIRECTION('',(0.,0.,1.));
#9868 = ADVANCED_FACE('',(#9869),#9880,.F.);
#9869 = FACE_BOUND('',#9870,.F.);
#9870 = EDGE_LOOP('',(#9871,#9877,#9878,#9879));
#9871 = ORIENTED_EDGE('',*,*,#9872,.T.);
#9872 = EDGE_CURVE('',#9519,#9591,#9873,.T.);
#9873 = LINE('',#9874,#9875);
#9874 = CARTESIAN_POINT('',(3.3,94.5,127.));
#9875 = VECTOR('',#9876,1.);
#9876 = DIRECTION('',(0.,1.,0.));
#9877 = ORIENTED_EDGE('',*,*,#9598,.T.);
#9878 = ORIENTED_EDGE('',*,*,#8186,.F.);
#9879 = ORIENTED_EDGE('',*,*,#9526,.F.);
#9880 = PLANE('',#9881);
#9881 = AXIS2_PLACEMENT_3D('',#9882,#9883,#9884);
#9882 = CARTESIAN_POINT('',(3.3,94.5,127.));
#9883 = DIRECTION('',(1.,0.,0.));
#9884 = DIRECTION('',(0.,0.,1.));
#9885 = ADVANCED_FACE('',(#9886),#9892,.F.);
#9886 = FACE_BOUND('',#9887,.F.);
#9887 = EDGE_LOOP('',(#9888,#9889,#9890,#9891));
#9888 = ORIENTED_EDGE('',*,*,#8298,.F.);
#9889 = ORIENTED_EDGE('',*,*,#8331,.F.);
#9890 = ORIENTED_EDGE('',*,*,#8348,.T.);
#9891 = ORIENTED_EDGE('',*,*,#8509,.F.);
#9892 = PLANE('',#9893);
#9893 = AXIS2_PLACEMENT_3D('',#9894,#9895,#9896);
#9894 = CARTESIAN_POINT('',(134.,56.,140.));
#9895 = DIRECTION('',(-0.,1.,0.));
#9896 = DIRECTION('',(0.,0.,1.));
#9897 = ADVANCED_FACE('',(#9898),#9909,.T.);
#9898 = FACE_BOUND('',#9899,.T.);
#9899 = EDGE_LOOP('',(#9900,#9906,#9907,#9908));
#9900 = ORIENTED_EDGE('',*,*,#9901,.F.);
#9901 = EDGE_CURVE('',#9815,#8486,#9902,.T.);
#9902 = LINE('',#9903,#9904);
#9903 = CARTESIAN_POINT('',(156.,62.,137.));
#9904 = VECTOR('',#9905,1.);
#9905 = DIRECTION('',(0.,0.,1.));
#9906 = ORIENTED_EDGE('',*,*,#9822,.T.);
#9907 = ORIENTED_EDGE('',*,*,#8557,.T.);
#9908 = ORIENTED_EDGE('',*,*,#8493,.F.);
#9909 = PLANE('',#9910);
#9910 = AXIS2_PLACEMENT_3D('',#9911,#9912,#9913);
#9911 = CARTESIAN_POINT('',(30.,62.,137.));
#9912 = DIRECTION('',(-0.,1.,0.));
#9913 = DIRECTION('',(0.,0.,1.));
#9914 = ADVANCED_FACE('',(#9915),#9926,.F.);
#9915 = FACE_BOUND('',#9916,.F.);
#9916 = EDGE_LOOP('',(#9917,#9918,#9919,#9925));
#9917 = ORIENTED_EDGE('',*,*,#9901,.F.);
#9918 = ORIENTED_EDGE('',*,*,#9814,.T.);
#9919 = ORIENTED_EDGE('',*,*,#9920,.T.);
#9920 = EDGE_CURVE('',#9807,#8478,#9921,.T.);
#9921 = LINE('',#9922,#9923);
#9922 = CARTESIAN_POINT('',(156.,140.,137.));
#9923 = VECTOR('',#9924,1.);
#9924 = DIRECTION('',(0.,0.,1.));
#9925 = ORIENTED_EDGE('',*,*,#8485,.F.);
#9926 = PLANE('',#9927);
#9927 = AXIS2_PLACEMENT_3D('',#9928,#9929,#9930);
#9928 = CARTESIAN_POINT('',(156.,62.,137.));
#9929 = DIRECTION('',(1.,0.,-0.));
#9930 = DIRECTION('',(0.,0.,1.));
#9931 = ADVANCED_FACE('',(#9932),#9943,.F.);
#9932 = FACE_BOUND('',#9933,.F.);
#9933 = EDGE_LOOP('',(#9934,#9935,#9936,#9942));
#9934 = ORIENTED_EDGE('',*,*,#9920,.F.);
#9935 = ORIENTED_EDGE('',*,*,#9806,.T.);
#9936 = ORIENTED_EDGE('',*,*,#9937,.T.);
#9937 = EDGE_CURVE('',#9799,#8470,#9938,.T.);
#9938 = LINE('',#9939,#9940);
#9939 = CARTESIAN_POINT('',(30.,140.,137.));
#9940 = VECTOR('',#9941,1.);
#9941 = DIRECTION('',(0.,0.,1.));
#9942 = ORIENTED_EDGE('',*,*,#8477,.F.);
#9943 = PLANE('',#9944);
#9944 = AXIS2_PLACEMENT_3D('',#9945,#9946,#9947);
#9945 = CARTESIAN_POINT('',(30.,140.,137.));
#9946 = DIRECTION('',(-0.,1.,0.));
#9947 = DIRECTION('',(0.,0.,1.));
#9948 = ADVANCED_FACE('',(#9949),#9960,.T.);
#9949 = FACE_BOUND('',#9950,.T.);
#9950 = EDGE_LOOP('',(#9951,#9957,#9958,#9959));
#9951 = ORIENTED_EDGE('',*,*,#9952,.F.);
#9952 = EDGE_CURVE('',#9791,#8462,#9953,.T.);
#9953 = LINE('',#9954,#9955);
#9954 = CARTESIAN_POINT('',(30.,62.,137.));
#9955 = VECTOR('',#9956,1.);
#9956 = DIRECTION('',(0.,0.,1.));
#9957 = ORIENTED_EDGE('',*,*,#9798,.T.);
#9958 = ORIENTED_EDGE('',*,*,#9937,.T.);
#9959 = ORIENTED_EDGE('',*,*,#8469,.F.);
#9960 = PLANE('',#9961);
#9961 = AXIS2_PLACEMENT_3D('',#9962,#9963,#9964);
#9962 = CARTESIAN_POINT('',(30.,62.,137.));
#9963 = DIRECTION('',(1.,0.,-0.));
#9964 = DIRECTION('',(0.,0.,1.));
#9965 = ADVANCED_FACE('',(#9966),#9972,.T.);
#9966 = FACE_BOUND('',#9967,.T.);
#9967 = EDGE_LOOP('',(#9968,#9969,#9970,#9971));
#9968 = ORIENTED_EDGE('',*,*,#8533,.F.);
#9969 = ORIENTED_EDGE('',*,*,#9790,.T.);
#9970 = ORIENTED_EDGE('',*,*,#9952,.T.);
#9971 = ORIENTED_EDGE('',*,*,#8461,.F.);
#9972 = PLANE('',#9973);
#9973 = AXIS2_PLACEMENT_3D('',#9974,#9975,#9976);
#9974 = CARTESIAN_POINT('',(30.,62.,137.));
#9975 = DIRECTION('',(-0.,1.,0.));
#9976 = DIRECTION('',(0.,0.,1.));
#9977 = ADVANCED_FACE('',(#9978),#9984,.T.);
#9978 = FACE_BOUND('',#9979,.T.);
#9979 = EDGE_LOOP('',(#9980,#9981,#9982,#9983));
#9980 = ORIENTED_EDGE('',*,*,#8636,.F.);
#9981 = ORIENTED_EDGE('',*,*,#9840,.T.);
#9982 = ORIENTED_EDGE('',*,*,#8581,.T.);
#9983 = ORIENTED_EDGE('',*,*,#8612,.F.);
#9984 = PLANE('',#9985);
#9985 = AXIS2_PLACEMENT_3D('',#9986,#9987,#9988);
#9986 = CARTESIAN_POINT('',(30.,62.,137.));
#9987 = DIRECTION('',(-0.,1.,0.));
#9988 = DIRECTION('',(0.,0.,1.));
#9989 = ADVANCED_FACE('',(#9990),#9996,.T.);
#9990 = FACE_BOUND('',#9991,.T.);
#9991 = EDGE_LOOP('',(#9992,#9993,#9994,#9995));
#9992 = ORIENTED_EDGE('',*,*,#8692,.F.);
#9993 = ORIENTED_EDGE('',*,*,#8660,.T.);
#9994 = ORIENTED_EDGE('',*,*,#8716,.T.);
#9995 = ORIENTED_EDGE('',*,*,#8732,.F.);
#9996 = PLANE('',#9997);
#9997 = AXIS2_PLACEMENT_3D('',#9998,#9999,#10000);
#9998 = CARTESIAN_POINT('',(55.,55.5,142.));
#9999 = DIRECTION('',(-0.,1.,0.));
#10000 = DIRECTION('',(0.,0.,1.));
#10001 = ADVANCED_FACE('',(#10002),#10016,.T.);
#10002 = FACE_BOUND('',#10003,.T.);
#10003 = EDGE_LOOP('',(#10004,#10005,#10011,#10012,#10013,#10014,#10015)
  );
#10004 = ORIENTED_EDGE('',*,*,#8844,.F.);
#10005 = ORIENTED_EDGE('',*,*,#10006,.T.);
#10006 = EDGE_CURVE('',#8837,#8749,#10007,.T.);
#10007 = LINE('',#10008,#10009);
#10008 = CARTESIAN_POINT('',(46.6,55.,184.6));
#10009 = VECTOR('',#10010,1.);
#10010 = DIRECTION('',(0.,0.,1.));
#10011 = ORIENTED_EDGE('',*,*,#8756,.T.);
#10012 = ORIENTED_EDGE('',*,*,#8788,.T.);
#10013 = ORIENTED_EDGE('',*,*,#8811,.F.);
#10014 = ORIENTED_EDGE('',*,*,#8876,.F.);
#10015 = ORIENTED_EDGE('',*,*,#9246,.F.);
#10016 = PLANE('',#10017);
#10017 = AXIS2_PLACEMENT_3D('',#10018,#10019,#10020);
#10018 = CARTESIAN_POINT('',(46.6,55.,184.6));
#10019 = DIRECTION('',(-0.,1.,0.));
#10020 = DIRECTION('',(0.,0.,1.));
#10021 = ADVANCED_FACE('',(#10022),#10034,.T.);
#10022 = FACE_BOUND('',#10023,.T.);
#10023 = EDGE_LOOP('',(#10024,#10025,#10026,#10027,#10028));
#10024 = ORIENTED_EDGE('',*,*,#9136,.F.);
#10025 = ORIENTED_EDGE('',*,*,#9280,.T.);
#10026 = ORIENTED_EDGE('',*,*,#9312,.T.);
#10027 = ORIENTED_EDGE('',*,*,#8826,.T.);
#10028 = ORIENTED_EDGE('',*,*,#10029,.T.);
#10029 = EDGE_CURVE('',#8829,#9139,#10030,.T.);
#10030 = LINE('',#10031,#10032);
#10031 = CARTESIAN_POINT('',(65.,63.,182.1));
#10032 = VECTOR('',#10033,1.);
#10033 = DIRECTION('',(-0.,0.,-1.));
#10034 = PLANE('',#10035);
#10035 = AXIS2_PLACEMENT_3D('',#10036,#10037,#10038);
#10036 = CARTESIAN_POINT('',(45.2,63.,182.2));
#10037 = DIRECTION('',(-0.,1.,0.));
#10038 = DIRECTION('',(0.,0.,1.));
#10039 = ADVANCED_FACE('',(#10040),#10051,.T.);
#10040 = FACE_BOUND('',#10041,.T.);
#10041 = EDGE_LOOP('',(#10042,#10048,#10049,#10050));
#10042 = ORIENTED_EDGE('',*,*,#10043,.F.);
#10043 = EDGE_CURVE('',#9194,#8925,#10044,.T.);
#10044 = LINE('',#10045,#10046);
#10045 = CARTESIAN_POINT('',(65.,57.5,182.));
#10046 = VECTOR('',#10047,1.);
#10047 = DIRECTION('',(0.,0.,1.));
#10048 = ORIENTED_EDGE('',*,*,#9201,.T.);
#10049 = ORIENTED_EDGE('',*,*,#10029,.F.);
#10050 = ORIENTED_EDGE('',*,*,#8932,.F.);
#10051 = PLANE('',#10052);
#10052 = AXIS2_PLACEMENT_3D('',#10053,#10054,#10055);
#10053 = CARTESIAN_POINT('',(65.,57.5,182.));
#10054 = DIRECTION('',(1.,0.,-0.));
#10055 = DIRECTION('',(0.,0.,1.));
#10056 = ADVANCED_FACE('',(#10057),#10068,.T.);
#10057 = FACE_BOUND('',#10058,.T.);
#10058 = EDGE_LOOP('',(#10059,#10065,#10066,#10067));
#10059 = ORIENTED_EDGE('',*,*,#10060,.F.);
#10060 = EDGE_CURVE('',#9186,#8917,#10061,.T.);
#10061 = LINE('',#10062,#10063);
#10062 = CARTESIAN_POINT('',(121.,57.5,182.));
#10063 = VECTOR('',#10064,1.);
#10064 = DIRECTION('',(0.,0.,1.));
#10065 = ORIENTED_EDGE('',*,*,#9193,.T.);
#10066 = ORIENTED_EDGE('',*,*,#10043,.T.);
#10067 = ORIENTED_EDGE('',*,*,#8924,.F.);
#10068 = PLANE('',#10069);
#10069 = AXIS2_PLACEMENT_3D('',#10070,#10071,#10072);
#10070 = CARTESIAN_POINT('',(65.,57.5,182.));
#10071 = DIRECTION('',(-0.,1.,0.));
#10072 = DIRECTION('',(0.,0.,1.));
#10073 = ADVANCED_FACE('',(#10074),#10085,.F.);
#10074 = FACE_BOUND('',#10075,.F.);
#10075 = EDGE_LOOP('',(#10076,#10077,#10078,#10084));
#10076 = ORIENTED_EDGE('',*,*,#10060,.F.);
#10077 = ORIENTED_EDGE('',*,*,#9185,.T.);
#10078 = ORIENTED_EDGE('',*,*,#10079,.F.);
#10079 = EDGE_CURVE('',#8909,#9178,#10080,.T.);
#10080 = LINE('',#10081,#10082);
#10081 = CARTESIAN_POINT('',(121.,63.,182.1));
#10082 = VECTOR('',#10083,1.);
#10083 = DIRECTION('',(-0.,0.,-1.));
#10084 = ORIENTED_EDGE('',*,*,#8916,.F.);
#10085 = PLANE('',#10086);
#10086 = AXIS2_PLACEMENT_3D('',#10087,#10088,#10089);
#10087 = CARTESIAN_POINT('',(121.,57.5,182.));
#10088 = DIRECTION('',(1.,0.,-0.));
#10089 = DIRECTION('',(0.,0.,1.));
#10090 = ADVANCED_FACE('',(#10091),#10098,.T.);
#10091 = FACE_BOUND('',#10092,.T.);
#10092 = EDGE_LOOP('',(#10093,#10094,#10095,#10096,#10097));
#10093 = ORIENTED_EDGE('',*,*,#9177,.F.);
#10094 = ORIENTED_EDGE('',*,*,#10079,.F.);
#10095 = ORIENTED_EDGE('',*,*,#8908,.T.);
#10096 = ORIENTED_EDGE('',*,*,#9098,.T.);
#10097 = ORIENTED_EDGE('',*,*,#9121,.F.);
#10098 = PLANE('',#10099);
#10099 = AXIS2_PLACEMENT_3D('',#10100,#10101,#10102);
#10100 = CARTESIAN_POINT('',(45.2,63.,182.2));
#10101 = DIRECTION('',(-0.,1.,0.));
#10102 = DIRECTION('',(0.,0.,1.));
#10103 = ADVANCED_FACE('',(#10104),#10121,.F.);
#10104 = FACE_BOUND('',#10105,.F.);
#10105 = EDGE_LOOP('',(#10106,#10112,#10113,#10114,#10120));
#10106 = ORIENTED_EDGE('',*,*,#10107,.F.);
#10107 = EDGE_CURVE('',#8893,#8996,#10108,.T.);
#10108 = LINE('',#10109,#10110);
#10109 = CARTESIAN_POINT('',(139.4,55.,184.6));
#10110 = VECTOR('',#10111,1.);
#10111 = DIRECTION('',(0.,0.,1.));
#10112 = ORIENTED_EDGE('',*,*,#8900,.T.);
#10113 = ORIENTED_EDGE('',*,*,#9092,.T.);
#10114 = ORIENTED_EDGE('',*,*,#10115,.T.);
#10115 = EDGE_CURVE('',#9085,#9029,#10116,.T.);
#10116 = LINE('',#10117,#10118);
#10117 = CARTESIAN_POINT('',(139.4,64.5,184.6));
#10118 = VECTOR('',#10119,1.);
#10119 = DIRECTION('',(0.,0.,1.));
#10120 = ORIENTED_EDGE('',*,*,#9036,.F.);
#10121 = PLANE('',#10122);
#10122 = AXIS2_PLACEMENT_3D('',#10123,#10124,#10125);
#10123 = CARTESIAN_POINT('',(139.4,54.,184.6));
#10124 = DIRECTION('',(1.,0.,-0.));
#10125 = DIRECTION('',(0.,0.,1.));
#10126 = ADVANCED_FACE('',(#10127),#10134,.T.);
#10127 = FACE_BOUND('',#10128,.T.);
#10128 = EDGE_LOOP('',(#10129,#10130,#10131,#10132,#10133));
#10129 = ORIENTED_EDGE('',*,*,#8892,.F.);
#10130 = ORIENTED_EDGE('',*,*,#8948,.T.);
#10131 = ORIENTED_EDGE('',*,*,#8980,.T.);
#10132 = ORIENTED_EDGE('',*,*,#9003,.F.);
#10133 = ORIENTED_EDGE('',*,*,#10107,.F.);
#10134 = PLANE('',#10135);
#10135 = AXIS2_PLACEMENT_3D('',#10136,#10137,#10138);
#10136 = CARTESIAN_POINT('',(124.,55.,184.6));
#10137 = DIRECTION('',(-0.,1.,0.));
#10138 = DIRECTION('',(0.,0.,1.));
#10139 = ADVANCED_FACE('',(#10140),#10146,.F.);
#10140 = FACE_BOUND('',#10141,.F.);
#10141 = EDGE_LOOP('',(#10142,#10143,#10144,#10145));
#10142 = ORIENTED_EDGE('',*,*,#9217,.F.);
#10143 = ORIENTED_EDGE('',*,*,#9161,.T.);
#10144 = ORIENTED_EDGE('',*,*,#9262,.T.);
#10145 = ORIENTED_EDGE('',*,*,#8860,.F.);
#10146 = PLANE('',#10147);
#10147 = AXIS2_PLACEMENT_3D('',#10148,#10149,#10150);
#10148 = CARTESIAN_POINT('',(47.,58.,182.));
#10149 = DIRECTION('',(-0.,1.,0.));
#10150 = DIRECTION('',(0.,0.,1.));
#10151 = ADVANCED_FACE('',(#10152),#10164,.T.);
#10152 = FACE_BOUND('',#10153,.T.);
#10153 = EDGE_LOOP('',(#10154,#10155,#10156,#10157,#10163));
#10154 = ORIENTED_EDGE('',*,*,#10006,.F.);
#10155 = ORIENTED_EDGE('',*,*,#8836,.T.);
#10156 = ORIENTED_EDGE('',*,*,#9318,.T.);
#10157 = ORIENTED_EDGE('',*,*,#10158,.T.);
#10158 = EDGE_CURVE('',#9319,#9368,#10159,.T.);
#10159 = LINE('',#10160,#10161);
#10160 = CARTESIAN_POINT('',(46.6,64.5,184.6));
#10161 = VECTOR('',#10162,1.);
#10162 = DIRECTION('',(0.,0.,1.));
#10163 = ORIENTED_EDGE('',*,*,#9367,.F.);
#10164 = PLANE('',#10165);
#10165 = AXIS2_PLACEMENT_3D('',#10166,#10167,#10168);
#10166 = CARTESIAN_POINT('',(46.6,54.,184.6));
#10167 = DIRECTION('',(1.,0.,-0.));
#10168 = DIRECTION('',(0.,0.,1.));
#10169 = ADVANCED_FACE('',(#10170),#10176,.T.);
#10170 = FACE_BOUND('',#10171,.T.);
#10171 = EDGE_LOOP('',(#10172,#10173,#10174,#10175));
#10172 = ORIENTED_EDGE('',*,*,#9084,.F.);
#10173 = ORIENTED_EDGE('',*,*,#10115,.T.);
#10174 = ORIENTED_EDGE('',*,*,#9028,.T.);
#10175 = ORIENTED_EDGE('',*,*,#9059,.F.);
#10176 = PLANE('',#10177);
#10177 = AXIS2_PLACEMENT_3D('',#10178,#10179,#10180);
#10178 = CARTESIAN_POINT('',(139.4,64.5,184.6));
#10179 = DIRECTION('',(-0.,1.,0.));
#10180 = DIRECTION('',(0.,0.,1.));
#10181 = ADVANCED_FACE('',(#10182),#10188,.T.);
#10182 = FACE_BOUND('',#10183,.T.);
#10183 = EDGE_LOOP('',(#10184,#10185,#10186,#10187));
#10184 = ORIENTED_EDGE('',*,*,#9326,.F.);
#10185 = ORIENTED_EDGE('',*,*,#9342,.T.);
#10186 = ORIENTED_EDGE('',*,*,#9375,.T.);
#10187 = ORIENTED_EDGE('',*,*,#10158,.F.);
#10188 = PLANE('',#10189);
#10189 = AXIS2_PLACEMENT_3D('',#10190,#10191,#10192);
#10190 = CARTESIAN_POINT('',(43.8,64.5,184.6));
#10191 = DIRECTION('',(-0.,1.,0.));
#10192 = DIRECTION('',(0.,0.,1.));
#10193 = ADVANCED_FACE('',(#10194),#10200,.T.);
#10194 = FACE_BOUND('',#10195,.T.);
#10195 = EDGE_LOOP('',(#10196,#10197,#10198,#10199));
#10196 = ORIENTED_EDGE('',*,*,#9430,.F.);
#10197 = ORIENTED_EDGE('',*,*,#9398,.T.);
#10198 = ORIENTED_EDGE('',*,*,#9454,.T.);
#10199 = ORIENTED_EDGE('',*,*,#9470,.F.);
#10200 = PLANE('',#10201);
#10201 = AXIS2_PLACEMENT_3D('',#10202,#10203,#10204);
#10202 = CARTESIAN_POINT('',(100.5,55.5,142.));
#10203 = DIRECTION('',(-0.,1.,0.));
#10204 = DIRECTION('',(0.,0.,1.));
#10205 = ADVANCED_FACE('',(#10206),#10217,.F.);
#10206 = FACE_BOUND('',#10207,.F.);
#10207 = EDGE_LOOP('',(#10208,#10214,#10215,#10216));
#10208 = ORIENTED_EDGE('',*,*,#10209,.T.);
#10209 = EDGE_CURVE('',#9511,#9583,#10210,.T.);
#10210 = LINE('',#10211,#10212);
#10211 = CARTESIAN_POINT('',(0.4,94.5,127.));
#10212 = VECTOR('',#10213,1.);
#10213 = DIRECTION('',(0.,1.,0.));
#10214 = ORIENTED_EDGE('',*,*,#9590,.T.);
#10215 = ORIENTED_EDGE('',*,*,#9872,.F.);
#10216 = ORIENTED_EDGE('',*,*,#9518,.F.);
#10217 = PLANE('',#10218);
#10218 = AXIS2_PLACEMENT_3D('',#10219,#10220,#10221);
#10219 = CARTESIAN_POINT('',(0.4,94.5,127.));
#10220 = DIRECTION('',(0.,0.,-1.));
#10221 = DIRECTION('',(1.,0.,0.));
#10222 = ADVANCED_FACE('',(#10223,#10234,#10268,#10302),#10336,.F.);
#10223 = FACE_BOUND('',#10224,.F.);
#10224 = EDGE_LOOP('',(#10225,#10231,#10232,#10233));
#10225 = ORIENTED_EDGE('',*,*,#10226,.T.);
#10226 = EDGE_CURVE('',#9503,#9575,#10227,.T.);
#10227 = LINE('',#10228,#10229);
#10228 = CARTESIAN_POINT('',(0.4,94.5,121.));
#10229 = VECTOR('',#10230,1.);
#10230 = DIRECTION('',(0.,1.,0.));
#10231 = ORIENTED_EDGE('',*,*,#9582,.T.);
#10232 = ORIENTED_EDGE('',*,*,#10209,.F.);
#10233 = ORIENTED_EDGE('',*,*,#9510,.F.);
#10234 = FACE_BOUND('',#10235,.F.);
#10235 = EDGE_LOOP('',(#10236,#10246,#10254,#10262));
#10236 = ORIENTED_EDGE('',*,*,#10237,.F.);
#10237 = EDGE_CURVE('',#10238,#10240,#10242,.T.);
#10238 = VERTEX_POINT('',#10239);
#10239 = CARTESIAN_POINT('',(0.4,95.5,122.1));
#10240 = VERTEX_POINT('',#10241);
#10241 = CARTESIAN_POINT('',(0.4,104.5,122.1));
#10242 = LINE('',#10243,#10244);
#10243 = CARTESIAN_POINT('',(0.4,95.5,122.1));
#10244 = VECTOR('',#10245,1.);
#10245 = DIRECTION('',(-0.,1.,0.));
#10246 = ORIENTED_EDGE('',*,*,#10247,.T.);
#10247 = EDGE_CURVE('',#10238,#10248,#10250,.T.);
#10248 = VERTEX_POINT('',#10249);
#10249 = CARTESIAN_POINT('',(0.4,95.5,122.9));
#10250 = LINE('',#10251,#10252);
#10251 = CARTESIAN_POINT('',(0.4,95.5,122.1));
#10252 = VECTOR('',#10253,1.);
#10253 = DIRECTION('',(0.,0.,1.));
#10254 = ORIENTED_EDGE('',*,*,#10255,.T.);
#10255 = EDGE_CURVE('',#10248,#10256,#10258,.T.);
#10256 = VERTEX_POINT('',#10257);
#10257 = CARTESIAN_POINT('',(0.4,104.5,122.9));
#10258 = LINE('',#10259,#10260);
#10259 = CARTESIAN_POINT('',(0.4,95.5,122.9));
#10260 = VECTOR('',#10261,1.);
#10261 = DIRECTION('',(-0.,1.,0.));
#10262 = ORIENTED_EDGE('',*,*,#10263,.F.);
#10263 = EDGE_CURVE('',#10240,#10256,#10264,.T.);
#10264 = LINE('',#10265,#10266);
#10265 = CARTESIAN_POINT('',(0.4,104.5,122.1));
#10266 = VECTOR('',#10267,1.);
#10267 = DIRECTION('',(0.,0.,1.));
#10268 = FACE_BOUND('',#10269,.F.);
#10269 = EDGE_LOOP('',(#10270,#10280,#10288,#10296));
#10270 = ORIENTED_EDGE('',*,*,#10271,.F.);
#10271 = EDGE_CURVE('',#10272,#10274,#10276,.T.);
#10272 = VERTEX_POINT('',#10273);
#10273 = CARTESIAN_POINT('',(0.4,95.5,123.6));
#10274 = VERTEX_POINT('',#10275);
#10275 = CARTESIAN_POINT('',(0.4,104.5,123.6));
#10276 = LINE('',#10277,#10278);
#10277 = CARTESIAN_POINT('',(0.4,95.5,123.6));
#10278 = VECTOR('',#10279,1.);
#10279 = DIRECTION('',(-0.,1.,0.));
#10280 = ORIENTED_EDGE('',*,*,#10281,.T.);
#10281 = EDGE_CURVE('',#10272,#10282,#10284,.T.);
#10282 = VERTEX_POINT('',#10283);
#10283 = CARTESIAN_POINT('',(0.4,95.5,124.4));
#10284 = LINE('',#10285,#10286);
#10285 = CARTESIAN_POINT('',(0.4,95.5,123.6));
#10286 = VECTOR('',#10287,1.);
#10287 = DIRECTION('',(0.,0.,1.));
#10288 = ORIENTED_EDGE('',*,*,#10289,.T.);
#10289 = EDGE_CURVE('',#10282,#10290,#10292,.T.);
#10290 = VERTEX_POINT('',#10291);
#10291 = CARTESIAN_POINT('',(0.4,104.5,124.4));
#10292 = LINE('',#10293,#10294);
#10293 = CARTESIAN_POINT('',(0.4,95.5,124.4));
#10294 = VECTOR('',#10295,1.);
#10295 = DIRECTION('',(-0.,1.,0.));
#10296 = ORIENTED_EDGE('',*,*,#10297,.F.);
#10297 = EDGE_CURVE('',#10274,#10290,#10298,.T.);
#10298 = LINE('',#10299,#10300);
#10299 = CARTESIAN_POINT('',(0.4,104.5,123.6));
#10300 = VECTOR('',#10301,1.);
#10301 = DIRECTION('',(0.,0.,1.));
#10302 = FACE_BOUND('',#10303,.F.);
#10303 = EDGE_LOOP('',(#10304,#10314,#10322,#10330));
#10304 = ORIENTED_EDGE('',*,*,#10305,.F.);
#10305 = EDGE_CURVE('',#10306,#10308,#10310,.T.);
#10306 = VERTEX_POINT('',#10307);
#10307 = CARTESIAN_POINT('',(0.4,95.5,125.1));
#10308 = VERTEX_POINT('',#10309);
#10309 = CARTESIAN_POINT('',(0.4,104.5,125.1));
#10310 = LINE('',#10311,#10312);
#10311 = CARTESIAN_POINT('',(0.4,95.5,125.1));
#10312 = VECTOR('',#10313,1.);
#10313 = DIRECTION('',(-0.,1.,0.));
#10314 = ORIENTED_EDGE('',*,*,#10315,.T.);
#10315 = EDGE_CURVE('',#10306,#10316,#10318,.T.);
#10316 = VERTEX_POINT('',#10317);
#10317 = CARTESIAN_POINT('',(0.4,95.5,125.9));
#10318 = LINE('',#10319,#10320);
#10319 = CARTESIAN_POINT('',(0.4,95.5,125.1));
#10320 = VECTOR('',#10321,1.);
#10321 = DIRECTION('',(0.,0.,1.));
#10322 = ORIENTED_EDGE('',*,*,#10323,.T.);
#10323 = EDGE_CURVE('',#10316,#10324,#10326,.T.);
#10324 = VERTEX_POINT('',#10325);
#10325 = CARTESIAN_POINT('',(0.4,104.5,125.9));
#10326 = LINE('',#10327,#10328);
#10327 = CARTESIAN_POINT('',(0.4,95.5,125.9));
#10328 = VECTOR('',#10329,1.);
#10329 = DIRECTION('',(-0.,1.,0.));
#10330 = ORIENTED_EDGE('',*,*,#10331,.F.);
#10331 = EDGE_CURVE('',#10308,#10324,#10332,.T.);
#10332 = LINE('',#10333,#10334);
#10333 = CARTESIAN_POINT('',(0.4,104.5,125.1));
#10334 = VECTOR('',#10335,1.);
#10335 = DIRECTION('',(0.,0.,1.));
#10336 = PLANE('',#10337);
#10337 = AXIS2_PLACEMENT_3D('',#10338,#10339,#10340);
#10338 = CARTESIAN_POINT('',(0.4,94.5,121.));
#10339 = DIRECTION('',(1.,0.,0.));
#10340 = DIRECTION('',(0.,0.,1.));
#10341 = ADVANCED_FACE('',(#10342),#10353,.F.);
#10342 = FACE_BOUND('',#10343,.F.);
#10343 = EDGE_LOOP('',(#10344,#10350,#10351,#10352));
#10344 = ORIENTED_EDGE('',*,*,#10345,.T.);
#10345 = EDGE_CURVE('',#9495,#9567,#10346,.T.);
#10346 = LINE('',#10347,#10348);
#10347 = CARTESIAN_POINT('',(3.3,94.5,115.));
#10348 = VECTOR('',#10349,1.);
#10349 = DIRECTION('',(0.,1.,0.));
#10350 = ORIENTED_EDGE('',*,*,#9574,.T.);
#10351 = ORIENTED_EDGE('',*,*,#10226,.F.);
#10352 = ORIENTED_EDGE('',*,*,#9502,.F.);
#10353 = PLANE('',#10354);
#10354 = AXIS2_PLACEMENT_3D('',#10355,#10356,#10357);
#10355 = CARTESIAN_POINT('',(3.3,94.5,115.));
#10356 = DIRECTION('',(0.900348952842,-0.,0.43516866054));
#10357 = DIRECTION('',(-0.43516866054,0.,0.900348952842));
#10358 = ADVANCED_FACE('',(#10359),#10365,.F.);
#10359 = FACE_BOUND('',#10360,.F.);
#10360 = EDGE_LOOP('',(#10361,#10362,#10363,#10364));
#10361 = ORIENTED_EDGE('',*,*,#9549,.T.);
#10362 = ORIENTED_EDGE('',*,*,#9566,.T.);
#10363 = ORIENTED_EDGE('',*,*,#10345,.F.);
#10364 = ORIENTED_EDGE('',*,*,#9494,.F.);
#10365 = PLANE('',#10366);
#10366 = AXIS2_PLACEMENT_3D('',#10367,#10368,#10369);
#10367 = CARTESIAN_POINT('',(5.1,94.5,115.));
#10368 = DIRECTION('',(0.,-0.,1.));
#10369 = DIRECTION('',(-1.,0.,0.));
#10370 = ADVANCED_FACE('',(#10371),#10382,.T.);
#10371 = FACE_BOUND('',#10372,.T.);
#10372 = EDGE_LOOP('',(#10373,#10379,#10380,#10381));
#10373 = ORIENTED_EDGE('',*,*,#10374,.T.);
#10374 = EDGE_CURVE('',#9710,#9638,#10375,.T.);
#10375 = LINE('',#10376,#10377);
#10376 = CARTESIAN_POINT('',(185.6,94.5,127.));
#10377 = VECTOR('',#10378,1.);
#10378 = DIRECTION('',(0.,1.,0.));
#10379 = ORIENTED_EDGE('',*,*,#9645,.T.);
#10380 = ORIENTED_EDGE('',*,*,#9855,.F.);
#10381 = ORIENTED_EDGE('',*,*,#9717,.F.);
#10382 = PLANE('',#10383);
#10383 = AXIS2_PLACEMENT_3D('',#10384,#10385,#10386);
#10384 = CARTESIAN_POINT('',(185.6,94.5,127.));
#10385 = DIRECTION('',(0.,-0.,1.));
#10386 = DIRECTION('',(-1.,0.,0.));
#10387 = ADVANCED_FACE('',(#10388,#10399,#10433,#10467),#10501,.T.);
#10388 = FACE_BOUND('',#10389,.T.);
#10389 = EDGE_LOOP('',(#10390,#10396,#10397,#10398));
#10390 = ORIENTED_EDGE('',*,*,#10391,.T.);
#10391 = EDGE_CURVE('',#9702,#9630,#10392,.T.);
#10392 = LINE('',#10393,#10394);
#10393 = CARTESIAN_POINT('',(185.6,94.5,121.));
#10394 = VECTOR('',#10395,1.);
#10395 = DIRECTION('',(0.,1.,0.));
#10396 = ORIENTED_EDGE('',*,*,#9637,.T.);
#10397 = ORIENTED_EDGE('',*,*,#10374,.F.);
#10398 = ORIENTED_EDGE('',*,*,#9709,.F.);
#10399 = FACE_BOUND('',#10400,.T.);
#10400 = EDGE_LOOP('',(#10401,#10411,#10419,#10427));
#10401 = ORIENTED_EDGE('',*,*,#10402,.F.);
#10402 = EDGE_CURVE('',#10403,#10405,#10407,.T.);
#10403 = VERTEX_POINT('',#10404);
#10404 = CARTESIAN_POINT('',(185.6,95.5,122.1));
#10405 = VERTEX_POINT('',#10406);
#10406 = CARTESIAN_POINT('',(185.6,104.5,122.1));
#10407 = LINE('',#10408,#10409);
#10408 = CARTESIAN_POINT('',(185.6,95.5,122.1));
#10409 = VECTOR('',#10410,1.);
#10410 = DIRECTION('',(-0.,1.,0.));
#10411 = ORIENTED_EDGE('',*,*,#10412,.T.);
#10412 = EDGE_CURVE('',#10403,#10413,#10415,.T.);
#10413 = VERTEX_POINT('',#10414);
#10414 = CARTESIAN_POINT('',(185.6,95.5,122.9));
#10415 = LINE('',#10416,#10417);
#10416 = CARTESIAN_POINT('',(185.6,95.5,122.1));
#10417 = VECTOR('',#10418,1.);
#10418 = DIRECTION('',(0.,0.,1.));
#10419 = ORIENTED_EDGE('',*,*,#10420,.T.);
#10420 = EDGE_CURVE('',#10413,#10421,#10423,.T.);
#10421 = VERTEX_POINT('',#10422);
#10422 = CARTESIAN_POINT('',(185.6,104.5,122.9));
#10423 = LINE('',#10424,#10425);
#10424 = CARTESIAN_POINT('',(185.6,95.5,122.9));
#10425 = VECTOR('',#10426,1.);
#10426 = DIRECTION('',(-0.,1.,0.));
#10427 = ORIENTED_EDGE('',*,*,#10428,.F.);
#10428 = EDGE_CURVE('',#10405,#10421,#10429,.T.);
#10429 = LINE('',#10430,#10431);
#10430 = CARTESIAN_POINT('',(185.6,104.5,122.1));
#10431 = VECTOR('',#10432,1.);
#10432 = DIRECTION('',(0.,0.,1.));
#10433 = FACE_BOUND('',#10434,.T.);
#10434 = EDGE_LOOP('',(#10435,#10445,#10453,#10461));
#10435 = ORIENTED_EDGE('',*,*,#10436,.F.);
#10436 = EDGE_CURVE('',#10437,#10439,#10441,.T.);
#10437 = VERTEX_POINT('',#10438);
#10438 = CARTESIAN_POINT('',(185.6,95.5,123.6));
#10439 = VERTEX_POINT('',#10440);
#10440 = CARTESIAN_POINT('',(185.6,104.5,123.6));
#10441 = LINE('',#10442,#10443);
#10442 = CARTESIAN_POINT('',(185.6,95.5,123.6));
#10443 = VECTOR('',#10444,1.);
#10444 = DIRECTION('',(-0.,1.,0.));
#10445 = ORIENTED_EDGE('',*,*,#10446,.T.);
#10446 = EDGE_CURVE('',#10437,#10447,#10449,.T.);
#10447 = VERTEX_POINT('',#10448);
#10448 = CARTESIAN_POINT('',(185.6,95.5,124.4));
#10449 = LINE('',#10450,#10451);
#10450 = CARTESIAN_POINT('',(185.6,95.5,123.6));
#10451 = VECTOR('',#10452,1.);
#10452 = DIRECTION('',(0.,0.,1.));
#10453 = ORIENTED_EDGE('',*,*,#10454,.T.);
#10454 = EDGE_CURVE('',#10447,#10455,#10457,.T.);
#10455 = VERTEX_POINT('',#10456);
#10456 = CARTESIAN_POINT('',(185.6,104.5,124.4));
#10457 = LINE('',#10458,#10459);
#10458 = CARTESIAN_POINT('',(185.6,95.5,124.4));
#10459 = VECTOR('',#10460,1.);
#10460 = DIRECTION('',(-0.,1.,0.));
#10461 = ORIENTED_EDGE('',*,*,#10462,.F.);
#10462 = EDGE_CURVE('',#10439,#10455,#10463,.T.);
#10463 = LINE('',#10464,#10465);
#10464 = CARTESIAN_POINT('',(185.6,104.5,123.6));
#10465 = VECTOR('',#10466,1.);
#10466 = DIRECTION('',(0.,0.,1.));
#10467 = FACE_BOUND('',#10468,.T.);
#10468 = EDGE_LOOP('',(#10469,#10479,#10487,#10495));
#10469 = ORIENTED_EDGE('',*,*,#10470,.F.);
#10470 = EDGE_CURVE('',#10471,#10473,#10475,.T.);
#10471 = VERTEX_POINT('',#10472);
#10472 = CARTESIAN_POINT('',(185.6,95.5,125.1));
#10473 = VERTEX_POINT('',#10474);
#10474 = CARTESIAN_POINT('',(185.6,104.5,125.1));
#10475 = LINE('',#10476,#10477);
#10476 = CARTESIAN_POINT('',(185.6,95.5,125.1));
#10477 = VECTOR('',#10478,1.);
#10478 = DIRECTION('',(-0.,1.,0.));
#10479 = ORIENTED_EDGE('',*,*,#10480,.T.);
#10480 = EDGE_CURVE('',#10471,#10481,#10483,.T.);
#10481 = VERTEX_POINT('',#10482);
#10482 = CARTESIAN_POINT('',(185.6,95.5,125.9));
#10483 = LINE('',#10484,#10485);
#10484 = CARTESIAN_POINT('',(185.6,95.5,125.1));
#10485 = VECTOR('',#10486,1.);
#10486 = DIRECTION('',(0.,0.,1.));
#10487 = ORIENTED_EDGE('',*,*,#10488,.T.);
#10488 = EDGE_CURVE('',#10481,#10489,#10491,.T.);
#10489 = VERTEX_POINT('',#10490);
#10490 = CARTESIAN_POINT('',(185.6,104.5,125.9));
#10491 = LINE('',#10492,#10493);
#10492 = CARTESIAN_POINT('',(185.6,95.5,125.9));
#10493 = VECTOR('',#10494,1.);
#10494 = DIRECTION('',(-0.,1.,0.));
#10495 = ORIENTED_EDGE('',*,*,#10496,.F.);
#10496 = EDGE_CURVE('',#10473,#10489,#10497,.T.);
#10497 = LINE('',#10498,#10499);
#10498 = CARTESIAN_POINT('',(185.6,104.5,125.1));
#10499 = VECTOR('',#10500,1.);
#10500 = DIRECTION('',(0.,0.,1.));
#10501 = PLANE('',#10502);
#10502 = AXIS2_PLACEMENT_3D('',#10503,#10504,#10505);
#10503 = CARTESIAN_POINT('',(185.6,94.5,121.));
#10504 = DIRECTION('',(1.,0.,0.));
#10505 = DIRECTION('',(0.,0.,1.));
#10506 = ADVANCED_FACE('',(#10507),#10518,.T.);
#10507 = FACE_BOUND('',#10508,.T.);
#10508 = EDGE_LOOP('',(#10509,#10515,#10516,#10517));
#10509 = ORIENTED_EDGE('',*,*,#10510,.T.);
#10510 = EDGE_CURVE('',#9694,#9622,#10511,.T.);
#10511 = LINE('',#10512,#10513);
#10512 = CARTESIAN_POINT('',(182.7,94.5,115.));
#10513 = VECTOR('',#10514,1.);
#10514 = DIRECTION('',(0.,1.,0.));
#10515 = ORIENTED_EDGE('',*,*,#9629,.T.);
#10516 = ORIENTED_EDGE('',*,*,#10391,.F.);
#10517 = ORIENTED_EDGE('',*,*,#9701,.F.);
#10518 = PLANE('',#10519);
#10519 = AXIS2_PLACEMENT_3D('',#10520,#10521,#10522);
#10520 = CARTESIAN_POINT('',(182.7,94.5,115.));
#10521 = DIRECTION('',(0.900348952842,0.,-0.43516866054));
#10522 = DIRECTION('',(0.43516866054,0.,0.900348952842));
#10523 = ADVANCED_FACE('',(#10524),#10530,.T.);
#10524 = FACE_BOUND('',#10525,.T.);
#10525 = EDGE_LOOP('',(#10526,#10527,#10528,#10529));
#10526 = ORIENTED_EDGE('',*,*,#9669,.T.);
#10527 = ORIENTED_EDGE('',*,*,#9621,.T.);
#10528 = ORIENTED_EDGE('',*,*,#10510,.F.);
#10529 = ORIENTED_EDGE('',*,*,#9693,.F.);
#10530 = PLANE('',#10531);
#10531 = AXIS2_PLACEMENT_3D('',#10532,#10533,#10534);
#10532 = CARTESIAN_POINT('',(180.9,94.5,115.));
#10533 = DIRECTION('',(0.,0.,-1.));
#10534 = DIRECTION('',(1.,0.,0.));
#10535 = ADVANCED_FACE('',(#10536),#10561,.F.);
#10536 = FACE_BOUND('',#10537,.F.);
#10537 = EDGE_LOOP('',(#10538,#10548,#10554,#10555));
#10538 = ORIENTED_EDGE('',*,*,#10539,.F.);
#10539 = EDGE_CURVE('',#10540,#10542,#10544,.T.);
#10540 = VERTEX_POINT('',#10541);
#10541 = CARTESIAN_POINT('',(172.2,5.1,130.));
#10542 = VERTEX_POINT('',#10543);
#10543 = CARTESIAN_POINT('',(181.4,5.1,130.));
#10544 = LINE('',#10545,#10546);
#10545 = CARTESIAN_POINT('',(172.2,5.1,130.));
#10546 = VECTOR('',#10547,1.);
#10547 = DIRECTION('',(1.,0.,-0.));
#10548 = ORIENTED_EDGE('',*,*,#10549,.T.);
#10549 = EDGE_CURVE('',#10540,#9746,#10550,.T.);
#10550 = LINE('',#10551,#10552);
#10551 = CARTESIAN_POINT('',(172.2,5.1,130.));
#10552 = VECTOR('',#10553,1.);
#10553 = DIRECTION('',(0.,0.,1.));
#10554 = ORIENTED_EDGE('',*,*,#9745,.T.);
#10555 = ORIENTED_EDGE('',*,*,#10556,.F.);
#10556 = EDGE_CURVE('',#10542,#9748,#10557,.T.);
#10557 = LINE('',#10558,#10559);
#10558 = CARTESIAN_POINT('',(181.4,5.1,130.));
#10559 = VECTOR('',#10560,1.);
#10560 = DIRECTION('',(0.,0.,1.));
#10561 = PLANE('',#10562);
#10562 = AXIS2_PLACEMENT_3D('',#10563,#10564,#10565);
#10563 = CARTESIAN_POINT('',(172.2,5.1,130.));
#10564 = DIRECTION('',(-0.,1.,0.));
#10565 = DIRECTION('',(0.,0.,1.));
#10566 = ADVANCED_FACE('',(#10567),#10585,.T.);
#10567 = FACE_BOUND('',#10568,.T.);
#10568 = EDGE_LOOP('',(#10569,#10570,#10578,#10584));
#10569 = ORIENTED_EDGE('',*,*,#10556,.F.);
#10570 = ORIENTED_EDGE('',*,*,#10571,.T.);
#10571 = EDGE_CURVE('',#10542,#10572,#10574,.T.);
#10572 = VERTEX_POINT('',#10573);
#10573 = CARTESIAN_POINT('',(181.4,12.9,130.));
#10574 = LINE('',#10575,#10576);
#10575 = CARTESIAN_POINT('',(181.4,5.1,130.));
#10576 = VECTOR('',#10577,1.);
#10577 = DIRECTION('',(-0.,1.,0.));
#10578 = ORIENTED_EDGE('',*,*,#10579,.T.);
#10579 = EDGE_CURVE('',#10572,#9764,#10580,.T.);
#10580 = LINE('',#10581,#10582);
#10581 = CARTESIAN_POINT('',(181.4,12.9,130.));
#10582 = VECTOR('',#10583,1.);
#10583 = DIRECTION('',(0.,0.,1.));
#10584 = ORIENTED_EDGE('',*,*,#9771,.F.);
#10585 = PLANE('',#10586);
#10586 = AXIS2_PLACEMENT_3D('',#10587,#10588,#10589);
#10587 = CARTESIAN_POINT('',(181.4,5.1,130.));
#10588 = DIRECTION('',(1.,0.,-0.));
#10589 = DIRECTION('',(0.,0.,1.));
#10590 = ADVANCED_FACE('',(#10591),#10609,.T.);
#10591 = FACE_BOUND('',#10592,.T.);
#10592 = EDGE_LOOP('',(#10593,#10601,#10607,#10608));
#10593 = ORIENTED_EDGE('',*,*,#10594,.F.);
#10594 = EDGE_CURVE('',#10595,#10572,#10597,.T.);
#10595 = VERTEX_POINT('',#10596);
#10596 = CARTESIAN_POINT('',(172.2,12.9,130.));
#10597 = LINE('',#10598,#10599);
#10598 = CARTESIAN_POINT('',(172.2,12.9,130.));
#10599 = VECTOR('',#10600,1.);
#10600 = DIRECTION('',(1.,0.,-0.));
#10601 = ORIENTED_EDGE('',*,*,#10602,.T.);
#10602 = EDGE_CURVE('',#10595,#9756,#10603,.T.);
#10603 = LINE('',#10604,#10605);
#10604 = CARTESIAN_POINT('',(172.2,12.9,130.));
#10605 = VECTOR('',#10606,1.);
#10606 = DIRECTION('',(0.,0.,1.));
#10607 = ORIENTED_EDGE('',*,*,#9763,.T.);
#10608 = ORIENTED_EDGE('',*,*,#10579,.F.);
#10609 = PLANE('',#10610);
#10610 = AXIS2_PLACEMENT_3D('',#10611,#10612,#10613);
#10611 = CARTESIAN_POINT('',(172.2,12.9,130.));
#10612 = DIRECTION('',(-0.,1.,0.));
#10613 = DIRECTION('',(0.,0.,1.));
#10614 = ADVANCED_FACE('',(#10615),#10626,.F.);
#10615 = FACE_BOUND('',#10616,.F.);
#10616 = EDGE_LOOP('',(#10617,#10618,#10624,#10625));
#10617 = ORIENTED_EDGE('',*,*,#10549,.F.);
#10618 = ORIENTED_EDGE('',*,*,#10619,.T.);
#10619 = EDGE_CURVE('',#10540,#10595,#10620,.T.);
#10620 = LINE('',#10621,#10622);
#10621 = CARTESIAN_POINT('',(172.2,5.1,130.));
#10622 = VECTOR('',#10623,1.);
#10623 = DIRECTION('',(-0.,1.,0.));
#10624 = ORIENTED_EDGE('',*,*,#10602,.T.);
#10625 = ORIENTED_EDGE('',*,*,#9755,.F.);
#10626 = PLANE('',#10627);
#10627 = AXIS2_PLACEMENT_3D('',#10628,#10629,#10630);
#10628 = CARTESIAN_POINT('',(172.2,5.1,130.));
#10629 = DIRECTION('',(1.,0.,-0.));
#10630 = DIRECTION('',(0.,0.,1.));
#10631 = ADVANCED_FACE('',(#10632),#10657,.F.);
#10632 = FACE_BOUND('',#10633,.F.);
#10633 = EDGE_LOOP('',(#10634,#10644,#10650,#10651));
#10634 = ORIENTED_EDGE('',*,*,#10635,.F.);
#10635 = EDGE_CURVE('',#10636,#10638,#10640,.T.);
#10636 = VERTEX_POINT('',#10637);
#10637 = CARTESIAN_POINT('',(0.,95.5,122.1));
#10638 = VERTEX_POINT('',#10639);
#10639 = CARTESIAN_POINT('',(0.,104.5,122.1));
#10640 = LINE('',#10641,#10642);
#10641 = CARTESIAN_POINT('',(0.,95.5,122.1));
#10642 = VECTOR('',#10643,1.);
#10643 = DIRECTION('',(-0.,1.,0.));
#10644 = ORIENTED_EDGE('',*,*,#10645,.T.);
#10645 = EDGE_CURVE('',#10636,#10238,#10646,.T.);
#10646 = LINE('',#10647,#10648);
#10647 = CARTESIAN_POINT('',(0.,95.5,122.1));
#10648 = VECTOR('',#10649,1.);
#10649 = DIRECTION('',(1.,0.,-0.));
#10650 = ORIENTED_EDGE('',*,*,#10237,.T.);
#10651 = ORIENTED_EDGE('',*,*,#10652,.F.);
#10652 = EDGE_CURVE('',#10638,#10240,#10653,.T.);
#10653 = LINE('',#10654,#10655);
#10654 = CARTESIAN_POINT('',(0.,104.5,122.1));
#10655 = VECTOR('',#10656,1.);
#10656 = DIRECTION('',(1.,0.,-0.));
#10657 = PLANE('',#10658);
#10658 = AXIS2_PLACEMENT_3D('',#10659,#10660,#10661);
#10659 = CARTESIAN_POINT('',(0.,95.5,122.1));
#10660 = DIRECTION('',(0.,0.,1.));
#10661 = DIRECTION('',(1.,0.,-0.));
#10662 = ADVANCED_FACE('',(#10663),#10681,.F.);
#10663 = FACE_BOUND('',#10664,.F.);
#10664 = EDGE_LOOP('',(#10665,#10666,#10674,#10680));
#10665 = ORIENTED_EDGE('',*,*,#10645,.F.);
#10666 = ORIENTED_EDGE('',*,*,#10667,.T.);
#10667 = EDGE_CURVE('',#10636,#10668,#10670,.T.);
#10668 = VERTEX_POINT('',#10669);
#10669 = CARTESIAN_POINT('',(0.,95.5,122.9));
#10670 = LINE('',#10671,#10672);
#10671 = CARTESIAN_POINT('',(0.,95.5,122.1));
#10672 = VECTOR('',#10673,1.);
#10673 = DIRECTION('',(0.,0.,1.));
#10674 = ORIENTED_EDGE('',*,*,#10675,.T.);
#10675 = EDGE_CURVE('',#10668,#10248,#10676,.T.);
#10676 = LINE('',#10677,#10678);
#10677 = CARTESIAN_POINT('',(0.,95.5,122.9));
#10678 = VECTOR('',#10679,1.);
#10679 = DIRECTION('',(1.,0.,-0.));
#10680 = ORIENTED_EDGE('',*,*,#10247,.F.);
#10681 = PLANE('',#10682);
#10682 = AXIS2_PLACEMENT_3D('',#10683,#10684,#10685);
#10683 = CARTESIAN_POINT('',(0.,95.5,122.1));
#10684 = DIRECTION('',(-0.,1.,0.));
#10685 = DIRECTION('',(0.,0.,1.));
#10686 = ADVANCED_FACE('',(#10687),#10705,.T.);
#10687 = FACE_BOUND('',#10688,.T.);
#10688 = EDGE_LOOP('',(#10689,#10690,#10698,#10704));
#10689 = ORIENTED_EDGE('',*,*,#10652,.F.);
#10690 = ORIENTED_EDGE('',*,*,#10691,.T.);
#10691 = EDGE_CURVE('',#10638,#10692,#10694,.T.);
#10692 = VERTEX_POINT('',#10693);
#10693 = CARTESIAN_POINT('',(0.,104.5,122.9));
#10694 = LINE('',#10695,#10696);
#10695 = CARTESIAN_POINT('',(0.,104.5,122.1));
#10696 = VECTOR('',#10697,1.);
#10697 = DIRECTION('',(0.,0.,1.));
#10698 = ORIENTED_EDGE('',*,*,#10699,.T.);
#10699 = EDGE_CURVE('',#10692,#10256,#10700,.T.);
#10700 = LINE('',#10701,#10702);
#10701 = CARTESIAN_POINT('',(0.,104.5,122.9));
#10702 = VECTOR('',#10703,1.);
#10703 = DIRECTION('',(1.,0.,-0.));
#10704 = ORIENTED_EDGE('',*,*,#10263,.F.);
#10705 = PLANE('',#10706);
#10706 = AXIS2_PLACEMENT_3D('',#10707,#10708,#10709);
#10707 = CARTESIAN_POINT('',(0.,104.5,122.1));
#10708 = DIRECTION('',(-0.,1.,0.));
#10709 = DIRECTION('',(0.,0.,1.));
#10710 = ADVANCED_FACE('',(#10711),#10722,.T.);
#10711 = FACE_BOUND('',#10712,.T.);
#10712 = EDGE_LOOP('',(#10713,#10719,#10720,#10721));
#10713 = ORIENTED_EDGE('',*,*,#10714,.F.);
#10714 = EDGE_CURVE('',#10668,#10692,#10715,.T.);
#10715 = LINE('',#10716,#10717);
#10716 = CARTESIAN_POINT('',(0.,95.5,122.9));
#10717 = VECTOR('',#10718,1.);
#10718 = DIRECTION('',(-0.,1.,0.));
#10719 = ORIENTED_EDGE('',*,*,#10675,.T.);
#10720 = ORIENTED_EDGE('',*,*,#10255,.T.);
#10721 = ORIENTED_EDGE('',*,*,#10699,.F.);
#10722 = PLANE('',#10723);
#10723 = AXIS2_PLACEMENT_3D('',#10724,#10725,#10726);
#10724 = CARTESIAN_POINT('',(0.,95.5,122.9));
#10725 = DIRECTION('',(0.,0.,1.));
#10726 = DIRECTION('',(1.,0.,-0.));
#10727 = ADVANCED_FACE('',(#10728),#10753,.F.);
#10728 = FACE_BOUND('',#10729,.F.);
#10729 = EDGE_LOOP('',(#10730,#10740,#10746,#10747));
#10730 = ORIENTED_EDGE('',*,*,#10731,.F.);
#10731 = EDGE_CURVE('',#10732,#10734,#10736,.T.);
#10732 = VERTEX_POINT('',#10733);
#10733 = CARTESIAN_POINT('',(0.,95.5,123.6));
#10734 = VERTEX_POINT('',#10735);
#10735 = CARTESIAN_POINT('',(0.,104.5,123.6));
#10736 = LINE('',#10737,#10738);
#10737 = CARTESIAN_POINT('',(0.,95.5,123.6));
#10738 = VECTOR('',#10739,1.);
#10739 = DIRECTION('',(-0.,1.,0.));
#10740 = ORIENTED_EDGE('',*,*,#10741,.T.);
#10741 = EDGE_CURVE('',#10732,#10272,#10742,.T.);
#10742 = LINE('',#10743,#10744);
#10743 = CARTESIAN_POINT('',(0.,95.5,123.6));
#10744 = VECTOR('',#10745,1.);
#10745 = DIRECTION('',(1.,0.,-0.));
#10746 = ORIENTED_EDGE('',*,*,#10271,.T.);
#10747 = ORIENTED_EDGE('',*,*,#10748,.F.);
#10748 = EDGE_CURVE('',#10734,#10274,#10749,.T.);
#10749 = LINE('',#10750,#10751);
#10750 = CARTESIAN_POINT('',(0.,104.5,123.6));
#10751 = VECTOR('',#10752,1.);
#10752 = DIRECTION('',(1.,0.,-0.));
#10753 = PLANE('',#10754);
#10754 = AXIS2_PLACEMENT_3D('',#10755,#10756,#10757);
#10755 = CARTESIAN_POINT('',(0.,95.5,123.6));
#10756 = DIRECTION('',(0.,0.,1.));
#10757 = DIRECTION('',(1.,0.,-0.));
#10758 = ADVANCED_FACE('',(#10759),#10777,.F.);
#10759 = FACE_BOUND('',#10760,.F.);
#10760 = EDGE_LOOP('',(#10761,#10762,#10770,#10776));
#10761 = ORIENTED_EDGE('',*,*,#10741,.F.);
#10762 = ORIENTED_EDGE('',*,*,#10763,.T.);
#10763 = EDGE_CURVE('',#10732,#10764,#10766,.T.);
#10764 = VERTEX_POINT('',#10765);
#10765 = CARTESIAN_POINT('',(0.,95.5,124.4));
#10766 = LINE('',#10767,#10768);
#10767 = CARTESIAN_POINT('',(0.,95.5,123.6));
#10768 = VECTOR('',#10769,1.);
#10769 = DIRECTION('',(0.,0.,1.));
#10770 = ORIENTED_EDGE('',*,*,#10771,.T.);
#10771 = EDGE_CURVE('',#10764,#10282,#10772,.T.);
#10772 = LINE('',#10773,#10774);
#10773 = CARTESIAN_POINT('',(0.,95.5,124.4));
#10774 = VECTOR('',#10775,1.);
#10775 = DIRECTION('',(1.,0.,-0.));
#10776 = ORIENTED_EDGE('',*,*,#10281,.F.);
#10777 = PLANE('',#10778);
#10778 = AXIS2_PLACEMENT_3D('',#10779,#10780,#10781);
#10779 = CARTESIAN_POINT('',(0.,95.5,123.6));
#10780 = DIRECTION('',(-0.,1.,0.));
#10781 = DIRECTION('',(0.,0.,1.));
#10782 = ADVANCED_FACE('',(#10783),#10801,.T.);
#10783 = FACE_BOUND('',#10784,.T.);
#10784 = EDGE_LOOP('',(#10785,#10786,#10794,#10800));
#10785 = ORIENTED_EDGE('',*,*,#10748,.F.);
#10786 = ORIENTED_EDGE('',*,*,#10787,.T.);
#10787 = EDGE_CURVE('',#10734,#10788,#10790,.T.);
#10788 = VERTEX_POINT('',#10789);
#10789 = CARTESIAN_POINT('',(0.,104.5,124.4));
#10790 = LINE('',#10791,#10792);
#10791 = CARTESIAN_POINT('',(0.,104.5,123.6));
#10792 = VECTOR('',#10793,1.);
#10793 = DIRECTION('',(0.,0.,1.));
#10794 = ORIENTED_EDGE('',*,*,#10795,.T.);
#10795 = EDGE_CURVE('',#10788,#10290,#10796,.T.);
#10796 = LINE('',#10797,#10798);
#10797 = CARTESIAN_POINT('',(0.,104.5,124.4));
#10798 = VECTOR('',#10799,1.);
#10799 = DIRECTION('',(1.,0.,-0.));
#10800 = ORIENTED_EDGE('',*,*,#10297,.F.);
#10801 = PLANE('',#10802);
#10802 = AXIS2_PLACEMENT_3D('',#10803,#10804,#10805);
#10803 = CARTESIAN_POINT('',(0.,104.5,123.6));
#10804 = DIRECTION('',(-0.,1.,0.));
#10805 = DIRECTION('',(0.,0.,1.));
#10806 = ADVANCED_FACE('',(#10807),#10818,.T.);
#10807 = FACE_BOUND('',#10808,.T.);
#10808 = EDGE_LOOP('',(#10809,#10815,#10816,#10817));
#10809 = ORIENTED_EDGE('',*,*,#10810,.F.);
#10810 = EDGE_CURVE('',#10764,#10788,#10811,.T.);
#10811 = LINE('',#10812,#10813);
#10812 = CARTESIAN_POINT('',(0.,95.5,124.4));
#10813 = VECTOR('',#10814,1.);
#10814 = DIRECTION('',(-0.,1.,0.));
#10815 = ORIENTED_EDGE('',*,*,#10771,.T.);
#10816 = ORIENTED_EDGE('',*,*,#10289,.T.);
#10817 = ORIENTED_EDGE('',*,*,#10795,.F.);
#10818 = PLANE('',#10819);
#10819 = AXIS2_PLACEMENT_3D('',#10820,#10821,#10822);
#10820 = CARTESIAN_POINT('',(0.,95.5,124.4));
#10821 = DIRECTION('',(0.,0.,1.));
#10822 = DIRECTION('',(1.,0.,-0.));
#10823 = ADVANCED_FACE('',(#10824),#10849,.F.);
#10824 = FACE_BOUND('',#10825,.F.);
#10825 = EDGE_LOOP('',(#10826,#10836,#10842,#10843));
#10826 = ORIENTED_EDGE('',*,*,#10827,.F.);
#10827 = EDGE_CURVE('',#10828,#10830,#10832,.T.);
#10828 = VERTEX_POINT('',#10829);
#10829 = CARTESIAN_POINT('',(0.,95.5,125.1));
#10830 = VERTEX_POINT('',#10831);
#10831 = CARTESIAN_POINT('',(0.,104.5,125.1));
#10832 = LINE('',#10833,#10834);
#10833 = CARTESIAN_POINT('',(0.,95.5,125.1));
#10834 = VECTOR('',#10835,1.);
#10835 = DIRECTION('',(-0.,1.,0.));
#10836 = ORIENTED_EDGE('',*,*,#10837,.T.);
#10837 = EDGE_CURVE('',#10828,#10306,#10838,.T.);
#10838 = LINE('',#10839,#10840);
#10839 = CARTESIAN_POINT('',(0.,95.5,125.1));
#10840 = VECTOR('',#10841,1.);
#10841 = DIRECTION('',(1.,0.,-0.));
#10842 = ORIENTED_EDGE('',*,*,#10305,.T.);
#10843 = ORIENTED_EDGE('',*,*,#10844,.F.);
#10844 = EDGE_CURVE('',#10830,#10308,#10845,.T.);
#10845 = LINE('',#10846,#10847);
#10846 = CARTESIAN_POINT('',(0.,104.5,125.1));
#10847 = VECTOR('',#10848,1.);
#10848 = DIRECTION('',(1.,0.,-0.));
#10849 = PLANE('',#10850);
#10850 = AXIS2_PLACEMENT_3D('',#10851,#10852,#10853);
#10851 = CARTESIAN_POINT('',(0.,95.5,125.1));
#10852 = DIRECTION('',(0.,0.,1.));
#10853 = DIRECTION('',(1.,0.,-0.));
#10854 = ADVANCED_FACE('',(#10855),#10873,.T.);
#10855 = FACE_BOUND('',#10856,.T.);
#10856 = EDGE_LOOP('',(#10857,#10858,#10866,#10872));
#10857 = ORIENTED_EDGE('',*,*,#10844,.F.);
#10858 = ORIENTED_EDGE('',*,*,#10859,.T.);
#10859 = EDGE_CURVE('',#10830,#10860,#10862,.T.);
#10860 = VERTEX_POINT('',#10861);
#10861 = CARTESIAN_POINT('',(0.,104.5,125.9));
#10862 = LINE('',#10863,#10864);
#10863 = CARTESIAN_POINT('',(0.,104.5,125.1));
#10864 = VECTOR('',#10865,1.);
#10865 = DIRECTION('',(0.,0.,1.));
#10866 = ORIENTED_EDGE('',*,*,#10867,.T.);
#10867 = EDGE_CURVE('',#10860,#10324,#10868,.T.);
#10868 = LINE('',#10869,#10870);
#10869 = CARTESIAN_POINT('',(0.,104.5,125.9));
#10870 = VECTOR('',#10871,1.);
#10871 = DIRECTION('',(1.,0.,-0.));
#10872 = ORIENTED_EDGE('',*,*,#10331,.F.);
#10873 = PLANE('',#10874);
#10874 = AXIS2_PLACEMENT_3D('',#10875,#10876,#10877);
#10875 = CARTESIAN_POINT('',(0.,104.5,125.1));
#10876 = DIRECTION('',(-0.,1.,0.));
#10877 = DIRECTION('',(0.,0.,1.));
#10878 = ADVANCED_FACE('',(#10879),#10897,.T.);
#10879 = FACE_BOUND('',#10880,.T.);
#10880 = EDGE_LOOP('',(#10881,#10889,#10895,#10896));
#10881 = ORIENTED_EDGE('',*,*,#10882,.F.);
#10882 = EDGE_CURVE('',#10883,#10860,#10885,.T.);
#10883 = VERTEX_POINT('',#10884);
#10884 = CARTESIAN_POINT('',(0.,95.5,125.9));
#10885 = LINE('',#10886,#10887);
#10886 = CARTESIAN_POINT('',(0.,95.5,125.9));
#10887 = VECTOR('',#10888,1.);
#10888 = DIRECTION('',(-0.,1.,0.));
#10889 = ORIENTED_EDGE('',*,*,#10890,.T.);
#10890 = EDGE_CURVE('',#10883,#10316,#10891,.T.);
#10891 = LINE('',#10892,#10893);
#10892 = CARTESIAN_POINT('',(0.,95.5,125.9));
#10893 = VECTOR('',#10894,1.);
#10894 = DIRECTION('',(1.,0.,-0.));
#10895 = ORIENTED_EDGE('',*,*,#10323,.T.);
#10896 = ORIENTED_EDGE('',*,*,#10867,.F.);
#10897 = PLANE('',#10898);
#10898 = AXIS2_PLACEMENT_3D('',#10899,#10900,#10901);
#10899 = CARTESIAN_POINT('',(0.,95.5,125.9));
#10900 = DIRECTION('',(0.,0.,1.));
#10901 = DIRECTION('',(1.,0.,-0.));
#10902 = ADVANCED_FACE('',(#10903),#10914,.F.);
#10903 = FACE_BOUND('',#10904,.F.);
#10904 = EDGE_LOOP('',(#10905,#10906,#10912,#10913));
#10905 = ORIENTED_EDGE('',*,*,#10837,.F.);
#10906 = ORIENTED_EDGE('',*,*,#10907,.T.);
#10907 = EDGE_CURVE('',#10828,#10883,#10908,.T.);
#10908 = LINE('',#10909,#10910);
#10909 = CARTESIAN_POINT('',(0.,95.5,125.1));
#10910 = VECTOR('',#10911,1.);
#10911 = DIRECTION('',(0.,0.,1.));
#10912 = ORIENTED_EDGE('',*,*,#10890,.T.);
#10913 = ORIENTED_EDGE('',*,*,#10315,.F.);
#10914 = PLANE('',#10915);
#10915 = AXIS2_PLACEMENT_3D('',#10916,#10917,#10918);
#10916 = CARTESIAN_POINT('',(0.,95.5,125.1));
#10917 = DIRECTION('',(-0.,1.,0.));
#10918 = DIRECTION('',(0.,0.,1.));
#10919 = ADVANCED_FACE('',(#10920),#10945,.F.);
#10920 = FACE_BOUND('',#10921,.F.);
#10921 = EDGE_LOOP('',(#10922,#10923,#10931,#10939));
#10922 = ORIENTED_EDGE('',*,*,#10402,.F.);
#10923 = ORIENTED_EDGE('',*,*,#10924,.T.);
#10924 = EDGE_CURVE('',#10403,#10925,#10927,.T.);
#10925 = VERTEX_POINT('',#10926);
#10926 = CARTESIAN_POINT('',(186.,95.5,122.1));
#10927 = LINE('',#10928,#10929);
#10928 = CARTESIAN_POINT('',(185.6,95.5,122.1));
#10929 = VECTOR('',#10930,1.);
#10930 = DIRECTION('',(1.,0.,-0.));
#10931 = ORIENTED_EDGE('',*,*,#10932,.T.);
#10932 = EDGE_CURVE('',#10925,#10933,#10935,.T.);
#10933 = VERTEX_POINT('',#10934);
#10934 = CARTESIAN_POINT('',(186.,104.5,122.1));
#10935 = LINE('',#10936,#10937);
#10936 = CARTESIAN_POINT('',(186.,95.5,122.1));
#10937 = VECTOR('',#10938,1.);
#10938 = DIRECTION('',(-0.,1.,0.));
#10939 = ORIENTED_EDGE('',*,*,#10940,.F.);
#10940 = EDGE_CURVE('',#10405,#10933,#10941,.T.);
#10941 = LINE('',#10942,#10943);
#10942 = CARTESIAN_POINT('',(185.6,104.5,122.1));
#10943 = VECTOR('',#10944,1.);
#10944 = DIRECTION('',(1.,0.,-0.));
#10945 = PLANE('',#10946);
#10946 = AXIS2_PLACEMENT_3D('',#10947,#10948,#10949);
#10947 = CARTESIAN_POINT('',(185.6,95.5,122.1));
#10948 = DIRECTION('',(0.,0.,1.));
#10949 = DIRECTION('',(1.,0.,-0.));
#10950 = ADVANCED_FACE('',(#10951),#10969,.F.);
#10951 = FACE_BOUND('',#10952,.F.);
#10952 = EDGE_LOOP('',(#10953,#10954,#10955,#10963));
#10953 = ORIENTED_EDGE('',*,*,#10924,.F.);
#10954 = ORIENTED_EDGE('',*,*,#10412,.T.);
#10955 = ORIENTED_EDGE('',*,*,#10956,.T.);
#10956 = EDGE_CURVE('',#10413,#10957,#10959,.T.);
#10957 = VERTEX_POINT('',#10958);
#10958 = CARTESIAN_POINT('',(186.,95.5,122.9));
#10959 = LINE('',#10960,#10961);
#10960 = CARTESIAN_POINT('',(185.6,95.5,122.9));
#10961 = VECTOR('',#10962,1.);
#10962 = DIRECTION('',(1.,0.,-0.));
#10963 = ORIENTED_EDGE('',*,*,#10964,.F.);
#10964 = EDGE_CURVE('',#10925,#10957,#10965,.T.);
#10965 = LINE('',#10966,#10967);
#10966 = CARTESIAN_POINT('',(186.,95.5,122.1));
#10967 = VECTOR('',#10968,1.);
#10968 = DIRECTION('',(0.,0.,1.));
#10969 = PLANE('',#10970);
#10970 = AXIS2_PLACEMENT_3D('',#10971,#10972,#10973);
#10971 = CARTESIAN_POINT('',(185.6,95.5,122.1));
#10972 = DIRECTION('',(-0.,1.,0.));
#10973 = DIRECTION('',(0.,0.,1.));
#10974 = ADVANCED_FACE('',(#10975),#10993,.T.);
#10975 = FACE_BOUND('',#10976,.T.);
#10976 = EDGE_LOOP('',(#10977,#10978,#10979,#10987));
#10977 = ORIENTED_EDGE('',*,*,#10940,.F.);
#10978 = ORIENTED_EDGE('',*,*,#10428,.T.);
#10979 = ORIENTED_EDGE('',*,*,#10980,.T.);
#10980 = EDGE_CURVE('',#10421,#10981,#10983,.T.);
#10981 = VERTEX_POINT('',#10982);
#10982 = CARTESIAN_POINT('',(186.,104.5,122.9));
#10983 = LINE('',#10984,#10985);
#10984 = CARTESIAN_POINT('',(185.6,104.5,122.9));
#10985 = VECTOR('',#10986,1.);
#10986 = DIRECTION('',(1.,0.,-0.));
#10987 = ORIENTED_EDGE('',*,*,#10988,.F.);
#10988 = EDGE_CURVE('',#10933,#10981,#10989,.T.);
#10989 = LINE('',#10990,#10991);
#10990 = CARTESIAN_POINT('',(186.,104.5,122.1));
#10991 = VECTOR('',#10992,1.);
#10992 = DIRECTION('',(0.,0.,1.));
#10993 = PLANE('',#10994);
#10994 = AXIS2_PLACEMENT_3D('',#10995,#10996,#10997);
#10995 = CARTESIAN_POINT('',(185.6,104.5,122.1));
#10996 = DIRECTION('',(-0.,1.,0.));
#10997 = DIRECTION('',(0.,0.,1.));
#10998 = ADVANCED_FACE('',(#10999),#11010,.T.);
#10999 = FACE_BOUND('',#11000,.T.);
#11000 = EDGE_LOOP('',(#11001,#11002,#11003,#11009));
#11001 = ORIENTED_EDGE('',*,*,#10420,.F.);
#11002 = ORIENTED_EDGE('',*,*,#10956,.T.);
#11003 = ORIENTED_EDGE('',*,*,#11004,.T.);
#11004 = EDGE_CURVE('',#10957,#10981,#11005,.T.);
#11005 = LINE('',#11006,#11007);
#11006 = CARTESIAN_POINT('',(186.,95.5,122.9));
#11007 = VECTOR('',#11008,1.);
#11008 = DIRECTION('',(-0.,1.,0.));
#11009 = ORIENTED_EDGE('',*,*,#10980,.F.);
#11010 = PLANE('',#11011);
#11011 = AXIS2_PLACEMENT_3D('',#11012,#11013,#11014);
#11012 = CARTESIAN_POINT('',(185.6,95.5,122.9));
#11013 = DIRECTION('',(0.,0.,1.));
#11014 = DIRECTION('',(1.,0.,-0.));
#11015 = ADVANCED_FACE('',(#11016),#11041,.F.);
#11016 = FACE_BOUND('',#11017,.F.);
#11017 = EDGE_LOOP('',(#11018,#11019,#11027,#11035));
#11018 = ORIENTED_EDGE('',*,*,#10436,.F.);
#11019 = ORIENTED_EDGE('',*,*,#11020,.T.);
#11020 = EDGE_CURVE('',#10437,#11021,#11023,.T.);
#11021 = VERTEX_POINT('',#11022);
#11022 = CARTESIAN_POINT('',(186.,95.5,123.6));
#11023 = LINE('',#11024,#11025);
#11024 = CARTESIAN_POINT('',(185.6,95.5,123.6));
#11025 = VECTOR('',#11026,1.);
#11026 = DIRECTION('',(1.,0.,-0.));
#11027 = ORIENTED_EDGE('',*,*,#11028,.T.);
#11028 = EDGE_CURVE('',#11021,#11029,#11031,.T.);
#11029 = VERTEX_POINT('',#11030);
#11030 = CARTESIAN_POINT('',(186.,104.5,123.6));
#11031 = LINE('',#11032,#11033);
#11032 = CARTESIAN_POINT('',(186.,95.5,123.6));
#11033 = VECTOR('',#11034,1.);
#11034 = DIRECTION('',(-0.,1.,0.));
#11035 = ORIENTED_EDGE('',*,*,#11036,.F.);
#11036 = EDGE_CURVE('',#10439,#11029,#11037,.T.);
#11037 = LINE('',#11038,#11039);
#11038 = CARTESIAN_POINT('',(185.6,104.5,123.6));
#11039 = VECTOR('',#11040,1.);
#11040 = DIRECTION('',(1.,0.,-0.));
#11041 = PLANE('',#11042);
#11042 = AXIS2_PLACEMENT_3D('',#11043,#11044,#11045);
#11043 = CARTESIAN_POINT('',(185.6,95.5,123.6));
#11044 = DIRECTION('',(0.,0.,1.));
#11045 = DIRECTION('',(1.,0.,-0.));
#11046 = ADVANCED_FACE('',(#11047),#11065,.F.);
#11047 = FACE_BOUND('',#11048,.F.);
#11048 = EDGE_LOOP('',(#11049,#11050,#11051,#11059));
#11049 = ORIENTED_EDGE('',*,*,#11020,.F.);
#11050 = ORIENTED_EDGE('',*,*,#10446,.T.);
#11051 = ORIENTED_EDGE('',*,*,#11052,.T.);
#11052 = EDGE_CURVE('',#10447,#11053,#11055,.T.);
#11053 = VERTEX_POINT('',#11054);
#11054 = CARTESIAN_POINT('',(186.,95.5,124.4));
#11055 = LINE('',#11056,#11057);
#11056 = CARTESIAN_POINT('',(185.6,95.5,124.4));
#11057 = VECTOR('',#11058,1.);
#11058 = DIRECTION('',(1.,0.,-0.));
#11059 = ORIENTED_EDGE('',*,*,#11060,.F.);
#11060 = EDGE_CURVE('',#11021,#11053,#11061,.T.);
#11061 = LINE('',#11062,#11063);
#11062 = CARTESIAN_POINT('',(186.,95.5,123.6));
#11063 = VECTOR('',#11064,1.);
#11064 = DIRECTION('',(0.,0.,1.));
#11065 = PLANE('',#11066);
#11066 = AXIS2_PLACEMENT_3D('',#11067,#11068,#11069);
#11067 = CARTESIAN_POINT('',(185.6,95.5,123.6));
#11068 = DIRECTION('',(-0.,1.,0.));
#11069 = DIRECTION('',(0.,0.,1.));
#11070 = ADVANCED_FACE('',(#11071),#11089,.T.);
#11071 = FACE_BOUND('',#11072,.T.);
#11072 = EDGE_LOOP('',(#11073,#11074,#11075,#11083));
#11073 = ORIENTED_EDGE('',*,*,#11036,.F.);
#11074 = ORIENTED_EDGE('',*,*,#10462,.T.);
#11075 = ORIENTED_EDGE('',*,*,#11076,.T.);
#11076 = EDGE_CURVE('',#10455,#11077,#11079,.T.);
#11077 = VERTEX_POINT('',#11078);
#11078 = CARTESIAN_POINT('',(186.,104.5,124.4));
#11079 = LINE('',#11080,#11081);
#11080 = CARTESIAN_POINT('',(185.6,104.5,124.4));
#11081 = VECTOR('',#11082,1.);
#11082 = DIRECTION('',(1.,0.,-0.));
#11083 = ORIENTED_EDGE('',*,*,#11084,.F.);
#11084 = EDGE_CURVE('',#11029,#11077,#11085,.T.);
#11085 = LINE('',#11086,#11087);
#11086 = CARTESIAN_POINT('',(186.,104.5,123.6));
#11087 = VECTOR('',#11088,1.);
#11088 = DIRECTION('',(0.,0.,1.));
#11089 = PLANE('',#11090);
#11090 = AXIS2_PLACEMENT_3D('',#11091,#11092,#11093);
#11091 = CARTESIAN_POINT('',(185.6,104.5,123.6));
#11092 = DIRECTION('',(-0.,1.,0.));
#11093 = DIRECTION('',(0.,0.,1.));
#11094 = ADVANCED_FACE('',(#11095),#11106,.T.);
#11095 = FACE_BOUND('',#11096,.T.);
#11096 = EDGE_LOOP('',(#11097,#11098,#11099,#11105));
#11097 = ORIENTED_EDGE('',*,*,#10454,.F.);
#11098 = ORIENTED_EDGE('',*,*,#11052,.T.);
#11099 = ORIENTED_EDGE('',*,*,#11100,.T.);
#11100 = EDGE_CURVE('',#11053,#11077,#11101,.T.);
#11101 = LINE('',#11102,#11103);
#11102 = CARTESIAN_POINT('',(186.,95.5,124.4));
#11103 = VECTOR('',#11104,1.);
#11104 = DIRECTION('',(-0.,1.,0.));
#11105 = ORIENTED_EDGE('',*,*,#11076,.F.);
#11106 = PLANE('',#11107);
#11107 = AXIS2_PLACEMENT_3D('',#11108,#11109,#11110);
#11108 = CARTESIAN_POINT('',(185.6,95.5,124.4));
#11109 = DIRECTION('',(0.,0.,1.));
#11110 = DIRECTION('',(1.,0.,-0.));
#11111 = ADVANCED_FACE('',(#11112),#11137,.F.);
#11112 = FACE_BOUND('',#11113,.F.);
#11113 = EDGE_LOOP('',(#11114,#11115,#11123,#11131));
#11114 = ORIENTED_EDGE('',*,*,#10470,.F.);
#11115 = ORIENTED_EDGE('',*,*,#11116,.T.);
#11116 = EDGE_CURVE('',#10471,#11117,#11119,.T.);
#11117 = VERTEX_POINT('',#11118);
#11118 = CARTESIAN_POINT('',(186.,95.5,125.1));
#11119 = LINE('',#11120,#11121);
#11120 = CARTESIAN_POINT('',(185.6,95.5,125.1));
#11121 = VECTOR('',#11122,1.);
#11122 = DIRECTION('',(1.,0.,-0.));
#11123 = ORIENTED_EDGE('',*,*,#11124,.T.);
#11124 = EDGE_CURVE('',#11117,#11125,#11127,.T.);
#11125 = VERTEX_POINT('',#11126);
#11126 = CARTESIAN_POINT('',(186.,104.5,125.1));
#11127 = LINE('',#11128,#11129);
#11128 = CARTESIAN_POINT('',(186.,95.5,125.1));
#11129 = VECTOR('',#11130,1.);
#11130 = DIRECTION('',(-0.,1.,0.));
#11131 = ORIENTED_EDGE('',*,*,#11132,.F.);
#11132 = EDGE_CURVE('',#10473,#11125,#11133,.T.);
#11133 = LINE('',#11134,#11135);
#11134 = CARTESIAN_POINT('',(185.6,104.5,125.1));
#11135 = VECTOR('',#11136,1.);
#11136 = DIRECTION('',(1.,0.,-0.));
#11137 = PLANE('',#11138);
#11138 = AXIS2_PLACEMENT_3D('',#11139,#11140,#11141);
#11139 = CARTESIAN_POINT('',(185.6,95.5,125.1));
#11140 = DIRECTION('',(0.,0.,1.));
#11141 = DIRECTION('',(1.,0.,-0.));
#11142 = ADVANCED_FACE('',(#11143),#11161,.T.);
#11143 = FACE_BOUND('',#11144,.T.);
#11144 = EDGE_LOOP('',(#11145,#11146,#11147,#11155));
#11145 = ORIENTED_EDGE('',*,*,#11132,.F.);
#11146 = ORIENTED_EDGE('',*,*,#10496,.T.);
#11147 = ORIENTED_EDGE('',*,*,#11148,.T.);
#11148 = EDGE_CURVE('',#10489,#11149,#11151,.T.);
#11149 = VERTEX_POINT('',#11150);
#11150 = CARTESIAN_POINT('',(186.,104.5,125.9));
#11151 = LINE('',#11152,#11153);
#11152 = CARTESIAN_POINT('',(185.6,104.5,125.9));
#11153 = VECTOR('',#11154,1.);
#11154 = DIRECTION('',(1.,0.,-0.));
#11155 = ORIENTED_EDGE('',*,*,#11156,.F.);
#11156 = EDGE_CURVE('',#11125,#11149,#11157,.T.);
#11157 = LINE('',#11158,#11159);
#11158 = CARTESIAN_POINT('',(186.,104.5,125.1));
#11159 = VECTOR('',#11160,1.);
#11160 = DIRECTION('',(0.,0.,1.));
#11161 = PLANE('',#11162);
#11162 = AXIS2_PLACEMENT_3D('',#11163,#11164,#11165);
#11163 = CARTESIAN_POINT('',(185.6,104.5,125.1));
#11164 = DIRECTION('',(-0.,1.,0.));
#11165 = DIRECTION('',(0.,0.,1.));
#11166 = ADVANCED_FACE('',(#11167),#11185,.T.);
#11167 = FACE_BOUND('',#11168,.T.);
#11168 = EDGE_LOOP('',(#11169,#11170,#11178,#11184));
#11169 = ORIENTED_EDGE('',*,*,#10488,.F.);
#11170 = ORIENTED_EDGE('',*,*,#11171,.T.);
#11171 = EDGE_CURVE('',#10481,#11172,#11174,.T.);
#11172 = VERTEX_POINT('',#11173);
#11173 = CARTESIAN_POINT('',(186.,95.5,125.9));
#11174 = LINE('',#11175,#11176);
#11175 = CARTESIAN_POINT('',(185.6,95.5,125.9));
#11176 = VECTOR('',#11177,1.);
#11177 = DIRECTION('',(1.,0.,-0.));
#11178 = ORIENTED_EDGE('',*,*,#11179,.T.);
#11179 = EDGE_CURVE('',#11172,#11149,#11180,.T.);
#11180 = LINE('',#11181,#11182);
#11181 = CARTESIAN_POINT('',(186.,95.5,125.9));
#11182 = VECTOR('',#11183,1.);
#11183 = DIRECTION('',(-0.,1.,0.));
#11184 = ORIENTED_EDGE('',*,*,#11148,.F.);
#11185 = PLANE('',#11186);
#11186 = AXIS2_PLACEMENT_3D('',#11187,#11188,#11189);
#11187 = CARTESIAN_POINT('',(185.6,95.5,125.9));
#11188 = DIRECTION('',(0.,0.,1.));
#11189 = DIRECTION('',(1.,0.,-0.));
#11190 = ADVANCED_FACE('',(#11191),#11202,.F.);
#11191 = FACE_BOUND('',#11192,.F.);
#11192 = EDGE_LOOP('',(#11193,#11194,#11195,#11196));
#11193 = ORIENTED_EDGE('',*,*,#11116,.F.);
#11194 = ORIENTED_EDGE('',*,*,#10480,.T.);
#11195 = ORIENTED_EDGE('',*,*,#11171,.T.);
#11196 = ORIENTED_EDGE('',*,*,#11197,.F.);
#11197 = EDGE_CURVE('',#11117,#11172,#11198,.T.);
#11198 = LINE('',#11199,#11200);
#11199 = CARTESIAN_POINT('',(186.,95.5,125.1));
#11200 = VECTOR('',#11201,1.);
#11201 = DIRECTION('',(0.,0.,1.));
#11202 = PLANE('',#11203);
#11203 = AXIS2_PLACEMENT_3D('',#11204,#11205,#11206);
#11204 = CARTESIAN_POINT('',(185.6,95.5,125.1));
#11205 = DIRECTION('',(-0.,1.,0.));
#11206 = DIRECTION('',(0.,0.,1.));
#11207 = ADVANCED_FACE('',(#11208),#11214,.F.);
#11208 = FACE_BOUND('',#11209,.F.);
#11209 = EDGE_LOOP('',(#11210,#11211,#11212,#11213));
#11210 = ORIENTED_EDGE('',*,*,#10619,.F.);
#11211 = ORIENTED_EDGE('',*,*,#10539,.T.);
#11212 = ORIENTED_EDGE('',*,*,#10571,.T.);
#11213 = ORIENTED_EDGE('',*,*,#10594,.F.);
#11214 = PLANE('',#11215);
#11215 = AXIS2_PLACEMENT_3D('',#11216,#11217,#11218);
#11216 = CARTESIAN_POINT('',(172.2,5.1,130.));
#11217 = DIRECTION('',(0.,0.,1.));
#11218 = DIRECTION('',(1.,0.,-0.));
#11219 = ADVANCED_FACE('',(#11220),#11226,.F.);
#11220 = FACE_BOUND('',#11221,.F.);
#11221 = EDGE_LOOP('',(#11222,#11223,#11224,#11225));
#11222 = ORIENTED_EDGE('',*,*,#10667,.F.);
#11223 = ORIENTED_EDGE('',*,*,#10635,.T.);
#11224 = ORIENTED_EDGE('',*,*,#10691,.T.);
#11225 = ORIENTED_EDGE('',*,*,#10714,.F.);
#11226 = PLANE('',#11227);
#11227 = AXIS2_PLACEMENT_3D('',#11228,#11229,#11230);
#11228 = CARTESIAN_POINT('',(0.,95.5,122.1));
#11229 = DIRECTION('',(1.,0.,-0.));
#11230 = DIRECTION('',(0.,0.,1.));
#11231 = ADVANCED_FACE('',(#11232),#11238,.F.);
#11232 = FACE_BOUND('',#11233,.F.);
#11233 = EDGE_LOOP('',(#11234,#11235,#11236,#11237));
#11234 = ORIENTED_EDGE('',*,*,#10763,.F.);
#11235 = ORIENTED_EDGE('',*,*,#10731,.T.);
#11236 = ORIENTED_EDGE('',*,*,#10787,.T.);
#11237 = ORIENTED_EDGE('',*,*,#10810,.F.);
#11238 = PLANE('',#11239);
#11239 = AXIS2_PLACEMENT_3D('',#11240,#11241,#11242);
#11240 = CARTESIAN_POINT('',(0.,95.5,123.6));
#11241 = DIRECTION('',(1.,0.,-0.));
#11242 = DIRECTION('',(0.,0.,1.));
#11243 = ADVANCED_FACE('',(#11244),#11250,.F.);
#11244 = FACE_BOUND('',#11245,.F.);
#11245 = EDGE_LOOP('',(#11246,#11247,#11248,#11249));
#11246 = ORIENTED_EDGE('',*,*,#10907,.F.);
#11247 = ORIENTED_EDGE('',*,*,#10827,.T.);
#11248 = ORIENTED_EDGE('',*,*,#10859,.T.);
#11249 = ORIENTED_EDGE('',*,*,#10882,.F.);
#11250 = PLANE('',#11251);
#11251 = AXIS2_PLACEMENT_3D('',#11252,#11253,#11254);
#11252 = CARTESIAN_POINT('',(0.,95.5,125.1));
#11253 = DIRECTION('',(1.,0.,-0.));
#11254 = DIRECTION('',(0.,0.,1.));
#11255 = ADVANCED_FACE('',(#11256),#11262,.T.);
#11256 = FACE_BOUND('',#11257,.T.);
#11257 = EDGE_LOOP('',(#11258,#11259,#11260,#11261));
#11258 = ORIENTED_EDGE('',*,*,#10964,.F.);
#11259 = ORIENTED_EDGE('',*,*,#10932,.T.);
#11260 = ORIENTED_EDGE('',*,*,#10988,.T.);
#11261 = ORIENTED_EDGE('',*,*,#11004,.F.);
#11262 = PLANE('',#11263);
#11263 = AXIS2_PLACEMENT_3D('',#11264,#11265,#11266);
#11264 = CARTESIAN_POINT('',(186.,95.5,122.1));
#11265 = DIRECTION('',(1.,0.,-0.));
#11266 = DIRECTION('',(0.,0.,1.));
#11267 = ADVANCED_FACE('',(#11268),#11274,.T.);
#11268 = FACE_BOUND('',#11269,.T.);
#11269 = EDGE_LOOP('',(#11270,#11271,#11272,#11273));
#11270 = ORIENTED_EDGE('',*,*,#11060,.F.);
#11271 = ORIENTED_EDGE('',*,*,#11028,.T.);
#11272 = ORIENTED_EDGE('',*,*,#11084,.T.);
#11273 = ORIENTED_EDGE('',*,*,#11100,.F.);
#11274 = PLANE('',#11275);
#11275 = AXIS2_PLACEMENT_3D('',#11276,#11277,#11278);
#11276 = CARTESIAN_POINT('',(186.,95.5,123.6));
#11277 = DIRECTION('',(1.,0.,-0.));
#11278 = DIRECTION('',(0.,0.,1.));
#11279 = ADVANCED_FACE('',(#11280),#11286,.T.);
#11280 = FACE_BOUND('',#11281,.T.);
#11281 = EDGE_LOOP('',(#11282,#11283,#11284,#11285));
#11282 = ORIENTED_EDGE('',*,*,#11197,.F.);
#11283 = ORIENTED_EDGE('',*,*,#11124,.T.);
#11284 = ORIENTED_EDGE('',*,*,#11156,.T.);
#11285 = ORIENTED_EDGE('',*,*,#11179,.F.);
#11286 = PLANE('',#11287);
#11287 = AXIS2_PLACEMENT_3D('',#11288,#11289,#11290);
#11288 = CARTESIAN_POINT('',(186.,95.5,125.1));
#11289 = DIRECTION('',(1.,0.,-0.));
#11290 = DIRECTION('',(0.,0.,1.));
#11291 = ( GEOMETRIC_REPRESENTATION_CONTEXT(3) 
GLOBAL_UNCERTAINTY_ASSIGNED_CONTEXT((#11295)) 
GLOBAL_UNIT_ASSIGNED_CONTEXT((#11292,#11293,#11294)) 
REPRESENTATION_CONTEXT('Context #1',
  '3D Context with UNIT and UNCERTAINTY') );
#11292 = ( LENGTH_UNIT() NAMED_UNIT(*) SI_UNIT(.MILLI.,.METRE.) );
#11293 = ( NAMED_UNIT(*) PLANE_ANGLE_UNIT() SI_UNIT($,.RADIAN.) );
#11294 = ( NAMED_UNIT(*) SI_UNIT($,.STERADIAN.) SOLID_ANGLE_UNIT() );
#11295 = UNCERTAINTY_MEASURE_WITH_UNIT(LENGTH_MEASURE(1.E-07),#11292,
  'distance_accuracy_value','confusion accuracy');
#11296 = PRODUCT_RELATED_PRODUCT_CATEGORY('part',$,(#7));
ENDSEC;
END-ISO-10303-21;
